Barcode,Topic 1,Topic 2to5,Topic 6to8
AAACAAGTATCTCCCA-1,0.128002,0.268067,0.60393
AAACAATCTACTAGCA-1,0.000403,0.579654,0.419943
AAACACCAATAACTGC-1,0.000041,0.28626,0.713698
AAACAGAGCGACTCCT-1,0.000127,0.209569,0.790304
AAACAGCTTTCAGAAG-1,0.004438,0.641292,0.35427
AAACAGGGTCTATATT-1,0.000035,0.37746,0.622505
AAACAGTGTTCCTGGG-1,0.007534,0.347432,0.645034
AAACATGGTGAGAGGA-1,0.007297,0.23564,0.757064
AAACATTTCCCGGATT-1,0.081537,0.000632,0.917831
AAACCACTACACAGAT-1,0.019556,0.853359,0.127085
AAACCCGAACGAAATC-1,0.001368,0.064606,0.934026
AAACCGGAAATGTTAA-1,0.00489,0.615671,0.37944
AAACCGGGTAGGTACC-1,0.000057,0.622452,0.377491
AAACCGTTCGTCCAGG-1,0.057569,0.30067,0.64176
AAACCTCATGAAGTTG-1,0.008645,0.685714,0.305642
AAACGAAGAACATACC-1,0.162244,0.000912,0.836844
AAACGAAGATGGAGTA-1,0.000451,0.580684,0.418865
AAACGACAGTCTTGCC-1,0.013128,0.429324,0.557548
AAACGAGACGGTTGAT-1,0.023876,0.91747,0.058653
AAACGCCCGAGATCGG-1,0.000064,0.6216,0.378335
AAACGCTGGGCACGAC-1,0.280845,0.00098,0.718174
AAACGGGCGTACGGGT-1,0.300594,0.001057,0.698349
AAACGGGTTGGTATCC-1,0.002198,0.008788,0.989014
AAACGGTTGCGAACTG-1,0.235984,0.009158,0.754858
AAACGTGTTCGCCCTA-1,0.034155,0.518995,0.44685
AAACTAACGTGGCGAC-1,0.034408,0.227817,0.737775
AAACTCGTGATATAAG-1,0.000083,0.781371,0.218546
AAACTGCTGGCTCCAA-1,0.005925,0.265264,0.72881
AAACTTGCAAACGTAT-1,0.000055,0.159135,0.84081
AAAGAATGTGGACTAA-1,0.124685,0.077139,0.798175
AAAGACATGAAGTTTA-1,0.042397,0.212961,0.744642
AAAGACCCAAGTCGCG-1,0.000577,0.002308,0.997115
AAAGACTGGGCGCTTT-1,0.000157,0.683141,0.316702
AAAGCTTGCCTACATA-1,0.000065,0.383342,0.616593
AAAGGCCCTATAATAC-1,0.278805,0.116257,0.604938
AAAGGCTACGGACCAT-1,0.026713,0.000625,0.972663
AAAGGCTCTCGCGCCG-1,0.000061,0.479051,0.520888
AAAGGGATGTAGCAAG-1,0.000529,0.163116,0.836356
AAAGGGCAGCTTGAAT-1,0.000882,0.269165,0.729953
AAAGGTAAGCTGTACC-1,0.000121,0.228899,0.77098
AAAGGTCAACGACATG-1,0.000134,0.344444,0.655421
AAAGTAGCATTGCTCA-1,0.000061,0.224285,0.775655
AAAGTCACTGATGTAA-1,0.000852,0.463768,0.53538
AAAGTCGACCCTCAGT-1,0.00482,0.954709,0.040471
AAAGTGCCATCAATTA-1,0.331156,0.041278,0.627567
AAAGTGTGATTTATCT-1,0.006736,0.969439,0.023825
AAAGTTGACTCCCGTA-1,0.000144,0.734444,0.265412
AAATAACCATACGGGA-1,0.000065,0.74208,0.257855
AAATAAGGTAGTGCCC-1,0.06572,0.457673,0.476607
AAATACCTATAAGCAT-1,0.005697,0.213364,0.780939
AAATAGCTTAGACTTT-1,0.00003,0.979597,0.020374
AAATAGGGTGCTATTG-1,0.00341,0.470372,0.526217
AAATCACTCCTAAACG-1,0.006543,0.884487,0.108969
AAATCGCGGAAGGAGT-1,0.000031,0.581055,0.418914
AAATCGTGTACCACAA-1,0.020554,0.028307,0.951139
AAATCTAGCCCTGCTA-1,0.027413,0.194128,0.778459
AAATCTGCCCGCGTCC-1,0.0094,0.175337,0.815262
AAATGATTCGATCAGC-1,0.000075,0.764198,0.235727
AAATGCTCGTTACGTT-1,0.003479,0.136792,0.859729
AAATGGCATGTCTTGT-1,0.000305,0.515174,0.484521
AAATGGCCCGTGCCCT-1,0.000016,0.865785,0.134199
AAATGGTCAATGTGCC-1,0.006789,0.001098,0.992113
AAATGTATCTTATCCC-1,0.036939,0.532502,0.43056
AAATGTGGGTGCTCCT-1,0.001052,0.004208,0.994739
AAATTAACGGGTAGCT-1,0.024425,0.227725,0.74785
AAATTAATAAGCGCGA-1,0.004587,0.655598,0.339815
AAATTACACGACTCTG-1,0.000191,0.408103,0.591706
AAATTACCTATCGATG-1,0.000228,0.404693,0.595079
AAATTCCAGGTCCAAA-1,0.000021,0.969669,0.030311
AAATTGATAGTCCTTT-1,0.018512,0.501079,0.480409
AAATTGCGGCGGTTCT-1,0.005442,0.021775,0.972782
AAATTGGTGAGAAGCA-1,0.000059,0.692983,0.306958
AAATTTACCGAAATCC-1,0.000111,0.406057,0.593831
AAATTTGCGGGTGTGG-1,0.00002,0.826066,0.173914
AACAACTGGTAGTTGC-1,0.000154,0.533941,0.465906
AACAATACATTGTCGA-1,0.01547,0.017759,0.96677
AACAATTACTCTACGC-1,0.000191,0.611069,0.388739
AACACACGCTCGCCGC-1,0.003825,0.501175,0.495
AACACGACTGTACTGA-1,0.019322,0.458767,0.52191
AACACGAGACGCGGCC-1,0.000031,0.778598,0.221371
AACACGCGGCCGCGAA-1,0.003794,0.015176,0.98103
AACAGCTGTGTGGCAA-1,0.056597,0.275621,0.667782
AACAGGAAATCGAATA-1,0.144473,0.382568,0.472959
AACAGGATGGGCCGCG-1,0.000201,0.38565,0.614149
AACAGGTAGTATGGAT-1,0.000101,0.076618,0.923281
AACATATCAACTGGTG-1,0.000179,0.40601,0.593811
AACATCGATACGTCTA-1,0.024109,0.87519,0.100701
AACATTGAAGTTGATC-1,0.12144,0.002305,0.876255
AACATTGGTCAGCCGT-1,0.004816,0.019263,0.975921
AACATTGTGACTCGAG-1,0.424953,0.021215,0.553833
AACCAAGACTTCTCTG-1,0.000078,0.679448,0.320474
AACCAGTATCACTCTT-1,0.000161,0.207177,0.792661
AACCATGGGATCGCTA-1,0.001716,0.372874,0.62541
AACCCAGAGACGGAGA-1,0.003478,0.013913,0.982609
AACCCATCCCATGATC-1,0.000036,0.662548,0.337416
AACCCGACAACCCGTG-1,0.231533,0.000726,0.767741
AACCCGAGCAGAATCG-1,0.003239,0.822512,0.17425
AACCCGATAGGGCTTC-1,0.003115,0.762037,0.234848
AACCCTACTGTCAATA-1,0.000046,0.87924,0.120714
AACCCTGGTGGAACCA-1,0.000146,0.550954,0.4489
AACCGAGCTTGGTCAT-1,0.111008,0.441533,0.447459
AACCGCTAAGGGATGC-1,0.0114,0.44462,0.54398
AACCGTTGTGTTTGCT-1,0.19781,0.176078,0.626112
AACCTAAAGCCGTCCG-1,0.000272,0.078327,0.921401
AACCTCGCTTTAGCCC-1,0.179449,0.039872,0.780679
AACCTGTCACGGAATT-1,0.000103,0.447815,0.552082
AACCTTTAAATACGGT-1,0.007434,0.339449,0.653117
AACCTTTACGACGTCT-1,0.002271,0.784021,0.213708
AACGAAAGTCGTCCCA-1,0.003302,0.411894,0.584804
AACGACCTCCTAGCCG-1,0.180153,0.001259,0.818588
AACGATAATGCCGTAG-1,0.000055,0.288425,0.71152
AACGATAGAAGGGCCG-1,0.002277,0.009107,0.988616
AACGATATGTCAACTG-1,0.000059,0.904362,0.095579
AACGCATGATCTGGGT-1,0.000223,0.019364,0.980413
AACGCGAACGGCAACA-1,0.004317,0.017268,0.978415
AACGCGGTCTCCAGCC-1,0.000446,0.001783,0.997772
AACGCTGTTGCTGAAA-1,0.023439,0.874234,0.102326
AACGGACGTACGTATA-1,0.000046,0.427836,0.572118
AACGGCCATCTCCGGT-1,0.003609,0.387271,0.60912
AACGTACTGTGGGTAC-1,0.028272,0.510515,0.461213
AACGTCAGACTAGTGG-1,0.000636,0.357011,0.642353
AACGTGATGAAGGACA-1,0.000177,0.000707,0.999116
AACGTGCGAAAGTCTC-1,0.0258,0.530611,0.443589
AACGTTATCAGCACCT-1,0.003212,0.480148,0.51664
AACTACCCGTTTGTCA-1,0.165769,0.46237,0.371861
AACTAGCGTATCGCAC-1,0.000381,0.180234,0.819385
AACTAGGCTTGGGTGT-1,0.062598,0.044105,0.893297
AACTCAAGTTAATTGC-1,0.000056,0.66548,0.334464
AACTCCAGAGCGTGTT-1,0.025639,0.357085,0.617275
AACTCCTAATCCCATG-1,0.000054,0.80472,0.195226
AACTCGATAAACACGT-1,0.003794,0.015181,0.981025
AACTCGATGGCGCAGT-1,0.003295,0.01318,0.983524
AACTCTCAATAGAGCG-1,0.031093,0.756408,0.2125
AACTCTCAGTGTGCTC-1,0.000075,0.059467,0.940457
AACTGAGGTCAGCGTC-1,0.000073,0.87248,0.127447
AACTGAGTTATACTGA-1,0.001027,0.871099,0.127874
AACTGATATTAGGCCT-1,0.00054,0.250814,0.748646
AACTGGGTCCCGACGT-1,0.145793,0.168242,0.685965
AACTGGGTTCGAGCCG-1,0.037979,0.035932,0.926089
AACTGGTGTGGGCCTT-1,0.043702,0.729452,0.226846
AACTTCTGCGTCTATC-1,0.002363,0.009453,0.988185
AACTTGCCCGTATGCA-1,0.00018,0.872154,0.127666
AACTTGCGTTCTCGCG-1,0.511479,0.007825,0.480696
AACTTTACGGGAGCTT-1,0.000151,0.458482,0.541367
AACTTTAGCTGCTGAG-1,0.028334,0.003578,0.968089
AACTTTCTCGATCATG-1,0.131091,0.231547,0.637362
AAGAAATCACCAGATT-1,0.147745,0.540155,0.312101
AAGAAGGATCAGTTAG-1,0.002982,0.011926,0.985092
AAGACATACGTGGTTT-1,0.375881,0.106191,0.517928
AAGACCAAATAACTCA-1,0.000082,0.209156,0.790762
AAGACCCAACTGAACA-1,0.058052,0.070296,0.871652
AAGACTAACCCGTTGT-1,0.003295,0.013179,0.983526
AAGACTCACGCCCACT-1,0.000081,0.623781,0.376138
AAGACTGCAAGCTACT-1,0.000063,0.651133,0.348804
AAGAGATGAATCGGTA-1,0.000649,0.106142,0.893209
AAGAGCTCTTTATCGG-1,0.000758,0.306197,0.693044
AAGAGGATGTACGCGA-1,0.000067,0.732402,0.267531
AAGAGGCATGGATCGC-1,0.000122,0.424028,0.575851
AAGAGGCCCTTTGGAA-1,0.000313,0.494298,0.505388
AAGATGGCACCGGACC-1,0.000095,0.020439,0.979466
AAGATTGGCGGAACGT-1,0.000106,0.705864,0.294029
AAGCACCCTGCGTATC-1,0.000086,0.416128,0.583786
AAGCATACTCTCCTGA-1,0.010703,0.248695,0.740602
AAGCCACTTGCAGGTA-1,0.007052,0.432556,0.560392
AAGCCGAAGCGGTTTA-1,0.000058,0.402478,0.597463
AAGCCGCCGTGAAATC-1,0.431659,0.131048,0.437293
AAGCCGCTTTACCTTG-1,0.00009,0.597585,0.402325
AAGCCGGAGAGCAGGA-1,0.175713,0.104509,0.719778
AAGCGGAGTGCGCGCA-1,0.000088,0.631696,0.368216
AAGCGGCGTCATGGGT-1,0.052741,0.448178,0.499082
AAGCGTCCCTCATCGA-1,0.000065,0.458519,0.541416
AAGCTAGATCGAGTAA-1,0.02162,0.182771,0.795609
AAGCTCGTGCCAAGTC-1,0.016945,0.866113,0.116942
AAGCTCTTTCATGGTG-1,0.037331,0.632291,0.330378
AAGGAGAACTTATAAG-1,0.042408,0.416168,0.541424
AAGGAGCGGTTGGTGC-1,0.000152,0.655208,0.34464
AAGGATCGATCGCTTG-1,0.015127,0.859344,0.125529
AAGGATGAGGGACCTC-1,0.000141,0.563485,0.436374
AAGGCAGGCTGTCTCC-1,0.01235,0.163267,0.824383
AAGGCGCGTAAAGCTT-1,0.000792,0.440565,0.558643
AAGGCTGTGCTCATCG-1,0.020673,0.806427,0.172899
AAGGGAACGACTGGCT-1,0.049185,0.033099,0.917716
AAGGGACAGATTCTGT-1,0.01301,0.367496,0.619493
AAGGGACTATGCATTC-1,0.064012,0.144999,0.790988
AAGGGTTTGATTTCAG-1,0.035913,0.570195,0.393893
AAGGTATCCTAATATA-1,0.052182,0.004541,0.943277
AAGGTGATAAACCAGC-1,0.000025,0.871634,0.128341
AAGTAGAAGACCGGGT-1,0.09292,0.003853,0.903227
AAGTAGTGACGCGAGG-1,0.000186,0.756012,0.243802
AAGTCAATTGTCGTCA-1,0.000095,0.252329,0.747575
AAGTCTAGTAGCTGCC-1,0.000058,0.923743,0.076199
AAGTCTTCTGTGGCCT-1,0.022608,0.902691,0.074701
AAGTGACGACCGAATT-1,0.01478,0.751278,0.233942
AAGTGAGTCGGGTTTA-1,0.071606,0.018629,0.909765
AAGTGCAAAGGTAGAC-1,0.000109,0.762678,0.237213
AAGTGCCTTGACTGTA-1,0.007373,0.70816,0.284467
AAGTGCGTTAGAATCT-1,0.000027,0.76054,0.239433
AAGTGCTTCTCTATTG-1,0.092609,0.320709,0.586682
AAGTGTTTGGAGACGG-1,0.025797,0.202636,0.771567
AAGTTCACTCCAAGCT-1,0.039949,0.095016,0.865035
AAGTTCAGTCTGCGTA-1,0.000133,0.593054,0.406813
AAGTTCGGCCAACAGG-1,0.000074,0.167947,0.831979
AAGTTGTGATGTTATA-1,0.980651,0.019202,0.000148
AAGTTTACTAATGGCA-1,0.000346,0.584217,0.415437
AAGTTTATGGGCCCAA-1,0.256037,0.000653,0.74331
AATAACAACGCTCGGC-1,0.00156,0.866339,0.132101
AATAACACTAGAACAA-1,0.000036,0.225105,0.774859
AATAAGTCCTCGAGAC-1,0.000237,0.151772,0.847992
AATAATCTTCGTATCG-1,0.026611,0.316253,0.657136
AATACAATGTTTCAGG-1,0.003579,0.014312,0.98211
AATACCGGAGGGCTGT-1,0.316088,0.000769,0.683143
AATAGAACAGAGTGGC-1,0.000048,0.542889,0.457063
AATAGAATCTGTTTCA-1,0.002188,0.429964,0.567848
AATAGCAAGCCTCCTG-1,0.000114,0.353595,0.64629
AATAGCTACCGCGTGC-1,0.000172,0.240724,0.759104
AATAGTCCGTCCCGAC-1,0.037143,0.192593,0.770264
AATAGTCGCGAGTCGG-1,0.001764,0.007055,0.991181
AATATCAAGGTCGGAT-1,0.001669,0.006679,0.991652
AATATCCTAGCAAACT-1,0.013046,0.553465,0.433488
AATATCGAATCAATGC-1,0.00009,0.02553,0.97438
AATATCGAGGGTTCTC-1,0.000172,0.541238,0.45859
AATATTGGAGTATTGA-1,0.00004,0.996735,0.003225
AATCAGACTGCAGGAC-1,0.007828,0.031298,0.960873
AATCAGGTTTCATTTA-1,0.078533,0.00094,0.920527
AATCATGTAAAGACTC-1,0.27951,0.456785,0.263705
AATCCAAGGGCCTGAG-1,0.003055,0.012215,0.98473
AATCCATGCAAGGGTG-1,0.004818,0.019263,0.97592
AATCGCCTCAGCGCCA-1,0.000099,0.520448,0.479453
AATCGCGCAGAGGACT-1,0.002397,0.743263,0.254341
AATCGGGACACTACGA-1,0.000426,0.001704,0.997871
AATCGGTATAGCCCTC-1,0.293222,0.000543,0.706235
AATCTAGGTTTACTTG-1,0.000025,0.86125,0.138725
AATCTATGCCGGAGCC-1,0.000208,0.430902,0.56889
AATCTCTACTGTGGTT-1,0.000065,0.845799,0.154136
AATCTGCGTTGGGACG-1,0.000189,0.357901,0.64191
AATCTGGCTTTCTAGT-1,0.000064,0.545924,0.454011
AATCTGGGTAGACCCT-1,0.009455,0.472555,0.51799
AATGACAGCAATGTCT-1,0.001524,0.295165,0.703311
AATGACGTAGGATGTC-1,0.000064,0.736992,0.262944
AATGACTGTCAGCCGG-1,0.25402,0.642205,0.103775
AATGAGTTCGCATATG-1,0.006958,0.027825,0.965217
AATGATGATACGCTAT-1,0.000155,0.719619,0.280226
AATGATGCGACTCCTG-1,0.083575,0.767726,0.1487
AATGCAACCGGGTACC-1,0.00017,0.284607,0.715222
AATGCACCAAGCAATG-1,0.000074,0.788138,0.211788
AATGGCCGCCAATGCG-1,0.002396,0.718205,0.279398
AATGGTCCACCGTTCA-1,0.000333,0.001332,0.998335
AATGGTTCTCACAAGC-1,0.00404,0.349457,0.646503
AATGTGCCCGAGGTGT-1,0.010546,0.792601,0.196852
AATGTGCTAATCTGAG-1,0.281246,0.085691,0.633063
AATGTTGTCGTGAGAC-1,0.549909,0.088921,0.36117
AATTAAAGGTCGGCGT-1,0.000043,0.808058,0.191899
AATTAACGGATTTCCA-1,0.017471,0.251549,0.730979
AATTACGAGACCCATC-1,0.000081,0.291068,0.70885
AATTACTCGTACGCTC-1,0.94845,0.029457,0.022093
AATTAGCGCTGCAGCG-1,0.000777,0.743899,0.255324
AATTCATAAGGGATCT-1,0.000187,0.704583,0.29523
AATTCATTGTCATGCA-1,0.15207,0.072514,0.775416
AATTCCAACTTGGTGA-1,0.003794,0.015179,0.981027
AATTCCAAGCATGTAC-1,0.639656,0.343253,0.017091
AATTCTAGAGTTAGGC-1,0.019112,0.759234,0.221654
AATTGAACGCTCTGGT-1,0.000035,0.774743,0.225222
AATTGCAGCAATCGAC-1,0.13449,0.341519,0.523991
AATTGCGTGGATTACA-1,0.758737,0.017591,0.223671
AATTGTGGTTGCCAAA-1,0.432217,0.224712,0.343071
AATTTGGGACATAGTA-1,0.000109,0.618294,0.381596
AATTTGGTTCCAAAGA-1,0.000152,0.386404,0.613443
ACAAACCATGCGTCCT-1,0.085864,0.224215,0.689922
ACAAACCGACAAGGCG-1,0.446286,0.088888,0.464826
ACAAAGAAGGTAGGCC-1,0.01163,0.507277,0.481093
ACAAAGCATGACCTAG-1,0.125242,0.00067,0.874088
ACAAATCGCACCGAAT-1,0.016425,0.533262,0.450313
ACAAATGGTAGTGTTT-1,0.000028,0.843001,0.156971
ACAAATTCAGATCTGA-1,0.000147,0.355651,0.644201
ACAACAGCATGAGCTA-1,0.000255,0.00102,0.998725
ACAACGGTCCCTGCGA-1,0.001815,0.205298,0.792888
ACAAGCAGTGCCTAGC-1,0.000367,0.001469,0.998164
ACAAGCTATATGGAAG-1,0.042727,0.724428,0.232844
ACAAGGAAATCCGCCC-1,0.006805,0.694448,0.298747
ACAAGGACAAGAGGTT-1,0.000179,0.368891,0.63093
ACAAGGATGCTTTAGG-1,0.228074,0.047332,0.724594
ACAAGGCCTACCAGCC-1,0.003042,0.34125,0.655708
ACAAGGGCAGGCTCTG-1,0.01167,0.495371,0.492959
ACAATAGTCGTACGTT-1,0.000076,0.909644,0.090281
ACAATCCATTTAAACC-1,0.062446,0.760579,0.176975
ACAATCGATCTTTATA-1,0.06223,0.002609,0.935161
ACAATGAATACGGAGA-1,0.001646,0.767337,0.231017
ACAATGATTCTTCTAC-1,0.0598,0.379703,0.560497
ACAATTGTGTCTCTTT-1,0.000077,0.411813,0.58811
ACAATTTAGGAGGCTC-1,0.000104,0.863784,0.136112
ACAATTTGAGCAGTGG-1,0.06264,0.637337,0.300023
ACAATTTGGCCATATT-1,0.019181,0.526276,0.454543
ACACAAAGACGGGTGG-1,0.000394,0.001575,0.998031
ACACAAATATTCCTAG-1,0.000052,0.604411,0.395537
ACACACCAGGACCAGT-1,0.000023,0.964713,0.035264
ACACACTTTCTACACG-1,0.001361,0.005445,0.993194
ACACATGATCAAATCT-1,0.017703,0.205121,0.777176
ACACATTGACGCAACA-1,0.005965,0.023855,0.97018
ACACATTTCCGTAGAC-1,0.046717,0.003916,0.949367
ACACCACATAATTAGC-1,0.000076,0.55264,0.447284
ACACCCAGCATGCAGC-1,0.125577,0.051684,0.822739
ACACCCGAGAAATCCG-1,0.279415,0.003384,0.717201
ACACCCGTAAATCTGT-1,0.000023,0.71684,0.283137
ACACCGAGCGCTCTTT-1,0.007367,0.02947,0.963163
ACACCGGTCTGACCGC-1,0.327427,0.03396,0.638614
ACACCTTAAGTAGGGC-1,0.000361,0.025222,0.974417
ACACCTTACTACTTGC-1,0.00011,0.132622,0.867268
ACACGAGACTCCTTCT-1,0.000122,0.725024,0.274854
ACACGGCACTATGCAT-1,0.00033,0.567852,0.431817
ACACGGGAACTTAGGG-1,0.017997,0.586424,0.395579
ACACGTAGGCCACAAG-1,0.105056,0.743145,0.151799
ACACTCCAATGTCACT-1,0.534341,0.158938,0.306721
ACACTGATCAAGGTGT-1,0.006964,0.387552,0.605484
ACACTGGGACAGTCGT-1,0.004197,0.635295,0.360508
ACAGAACTGAGAACAA-1,0.004104,0.919048,0.076848
ACAGATTAGGTTAGTG-1,0.109667,0.37781,0.512523
ACAGCATAGAGCCAGT-1,0.00101,0.004039,0.994951
ACAGCGACATTCTCAT-1,0.000045,0.905389,0.094565
ACAGCGCACCCGCAGC-1,0.000254,0.001016,0.99873
ACAGGAGGCGCAGCCG-1,0.003054,0.262745,0.734201
ACAGGCACGGATCCTT-1,0.449645,0.001268,0.549087
ACAGGCTTGCCCGACT-1,0.738205,0.111229,0.150566
ACAGGTGGAGGTGAGG-1,0.006637,0.274705,0.718659
ACAGGTGTGTTGTTGC-1,0.020249,0.978228,0.001523
ACAGTAATACAACTTG-1,0.010335,0.515602,0.474063
ACAGTATACCGTGGGA-1,0.000073,0.691738,0.30819
ACAGTGCAGCGCATTT-1,0.000072,0.895558,0.10437
ACATAAGTCGTGGTGA-1,0.001813,0.457072,0.541115
ACATAATAAGGCGGTG-1,0.18355,0.194562,0.621888
ACATCAGCTGGGACGC-1,0.000413,0.001653,0.997934
ACATCCCGGCCATACG-1,0.013891,0.593404,0.392705
ACATCCTGGTAACTGT-1,0.000125,0.074102,0.925773
ACATCGATCGTTTACC-1,0.000083,0.722707,0.27721
ACATCGGTCAGCCGCG-1,0.000103,0.428493,0.571403
ACATCGTATGCAATGG-1,0.00008,0.289236,0.710684
ACATCGTTAACCTAGT-1,0.041311,0.238717,0.719972
ACATCTCAACGCGTAA-1,0.005545,0.193841,0.800615
ACATGGCGCCAAAGTA-1,0.000073,0.611017,0.388911
ACATGGCTCAATTTAG-1,0.006591,0.026363,0.967046
ACATTAGTTTATATCC-1,0.000117,0.239951,0.759932
ACATTCGCGCGGAATA-1,0.035643,0.401806,0.562552
ACCAAACACCCAGCGA-1,0.000122,0.120114,0.879763
ACCAAACTAGAAATCC-1,0.049272,0.198322,0.752406
ACCAACACCACACACT-1,0.000104,0.64375,0.356145
ACCAACGCTTATTTAT-1,0.000108,0.363448,0.636444
ACCAAGAACGCGTGTC-1,0.001815,0.007259,0.990926
ACCAAGTCATCGGCAG-1,0.270516,0.001022,0.728462
ACCAATATGCAAGTTA-1,0.000025,0.98456,0.015415
ACCACAACTCAGAACA-1,0.000121,0.402175,0.597704
ACCACAAGTTTCTATC-1,0.000095,0.671842,0.328063
ACCACCAATGTAACAA-1,0.000037,0.608176,0.391787
ACCACCCTCTCTTCTA-1,0.000023,0.986538,0.013439
ACCACGTGCAGCTATA-1,0.000042,0.909743,0.090216
ACCACTGTTCAAGAAG-1,0.121826,0.798982,0.079192
ACCAGACCATAACAAC-1,0.00005,0.741192,0.258757
ACCAGCCCGGTCTTTG-1,0.122894,0.353999,0.523107
ACCAGGAGTGTGATCT-1,0.00084,0.003362,0.995798
ACCAGTGCCCGGTCAA-1,0.026863,0.445338,0.527799
ACCAGTGCGGGAGACG-1,0.00004,0.769657,0.230302
ACCATATCCGCAATAA-1,0.015083,0.312557,0.672359
ACCATCCGCCAACTAG-1,0.01625,0.396753,0.586998
ACCATCGTATATGGTA-1,0.000067,0.880611,0.119321
ACCATTAAGGGTGTCA-1,0.558402,0.414764,0.026834
ACCCAACGCCCGTGGC-1,0.016515,0.301291,0.682194
ACCCACCTACATGCTC-1,0.000511,0.446653,0.552836
ACCCATCTTGAGGGTA-1,0.011153,0.986233,0.002614
ACCCATTTGTCCCTCT-1,0.000189,0.15937,0.840441
ACCCGAGCGAAATTAC-1,0.065161,0.00357,0.931269
ACCCGATTGGTTCCGA-1,0.095807,0.000943,0.90325
ACCCGGAAACTCCCAG-1,0.035457,0.262806,0.701737
ACCCGGAGCACCACAA-1,0.141829,0.434525,0.423646
ACCCGGATGACGCATC-1,0.000094,0.462679,0.537227
ACCCGGTTACACTTCC-1,0.0001,0.485318,0.514583
ACCCGTAGCAGAGAAT-1,0.004114,0.753952,0.241934
ACCCGTAGTCTAGTTG-1,0.593941,0.001004,0.405055
ACCCGTGTCATCAGTA-1,0.082142,0.091619,0.826238
ACCCTATAGGACTGAG-1,0.823489,0.01927,0.157242
ACCCTATGCCATATCG-1,0.000021,0.991888,0.008091
ACCCTCCCGTCAGGGC-1,0.386352,0.001659,0.611989
ACCCTCCCTTGCTATT-1,0.008523,0.429283,0.562195
ACCCTGGTAACGCCCT-1,0.005223,0.753825,0.240951
ACCCTTCATCTGCGAA-1,0.000684,0.002737,0.996578
ACCCTTGCCTGGGTCG-1,0.000074,0.657732,0.342194
ACCCTTTAGTTCTCCA-1,0.00021,0.376038,0.623752
ACCGAAAGGGCCCTGC-1,0.000395,0.00158,0.998025
ACCGAAGAGTCTGGTT-1,0.000034,0.778331,0.221635
ACCGACACATCTCCCA-1,0.407105,0.025496,0.567399
ACCGACTGAGTCCCAC-1,0.000088,0.823368,0.176543
ACCGAGTCTCCTTATT-1,0.146376,0.000888,0.852736
ACCGATAGGCATAACC-1,0.015617,0.2186,0.765783
ACCGATGGTAGCATCG-1,0.068886,0.435764,0.495349
ACCGCAATAACTGCCT-1,0.002454,0.437906,0.55964
ACCGCGGTGGAAGTCG-1,0.020937,0.357197,0.621866
ACCGCTAGTCATTGGT-1,0.016118,0.560569,0.423313
ACCGGGCCTTTGTTGA-1,0.000115,0.032615,0.96727
ACCGGTCAGGTACACC-1,0.00642,0.538376,0.455204
ACCGGTCTGAGTACGG-1,0.000164,0.377858,0.621978
ACCGTCCACTGGGCCC-1,0.185307,0.325991,0.488703
ACCGTGACCACGTGGG-1,0.039578,0.000574,0.959847
ACCGTTCCCGCTCTGA-1,0.014037,0.087892,0.898071
ACCTAAGTACCTTTCA-1,0.000056,0.71405,0.285894
ACCTAATCGACTTCCT-1,0.000293,0.316004,0.683703
ACCTACAGTATGTGGT-1,0.000146,0.232534,0.76732
ACCTACTATAAATCTA-1,0.09629,0.000687,0.903022
ACCTCCGCCCTCGCTG-1,0.10041,0.248862,0.650728
ACCTCCGTTATTCACC-1,0.01038,0.638235,0.351385
ACCTCGAACTTATGCT-1,0.372671,0.136891,0.490438
ACCTGCGTGTCATGTT-1,0.00684,0.776983,0.216178
ACGAAATGGGCGGCAC-1,0.000436,0.491312,0.508251
ACGACCCATGAGTTGC-1,0.088393,0.074653,0.836954
ACGACTCTAGGGCCGA-1,0.287178,0.001339,0.711483
ACGACTGGTCATACTC-1,0.436623,0.000747,0.562631
ACGAGAACCCATCACG-1,0.237404,0.006035,0.756562
ACGAGATATTTGCTTA-1,0.000234,0.21394,0.785826
ACGAGGATACCACTCT-1,0.000062,0.324212,0.675726
ACGAGGTTTACAACGT-1,0.000029,0.767451,0.23252
ACGAGTACGGATGCCC-1,0.031191,0.132241,0.836567
ACGAGTCGCCGGCGTT-1,0.00737,0.029466,0.963165
ACGATACATAGAACTA-1,0.00018,0.508716,0.491104
ACGATACCTATCCTGA-1,0.000067,0.767132,0.2328
ACGATCATACATAGAG-1,0.000515,0.208963,0.790522
ACGATCATCTTGTAAA-1,0.03152,0.892196,0.076284
ACGATGCATATGTTAT-1,0.019893,0.940743,0.039365
ACGATGGATCCGATGC-1,0.000151,0.426036,0.573813
ACGCAAACTAATAGAT-1,0.283013,0.028944,0.688043
ACGCAATCACTACAGC-1,0.072322,0.520209,0.407469
ACGCATAAATGACATG-1,0.000074,0.555255,0.444671
ACGCATACGTTTACTA-1,0.018017,0.857019,0.124963
ACGCATTCGTGAGTAC-1,0.000103,0.80804,0.191857
ACGCCAGATGATTTCT-1,0.194609,0.328249,0.477142
ACGCCAGTGCGTTTGC-1,0.189311,0.57133,0.239359
ACGCCCAGCTGTCGAT-1,0.210609,0.172065,0.617326
ACGCCGCTAGACGACC-1,0.000061,0.532203,0.467736
ACGCGAAGTCAGACGA-1,0.000057,0.516689,0.483254
ACGCGCTACACAGGGT-1,0.000083,0.405827,0.594091
ACGCGGGCCAAGGACA-1,0.000124,0.23757,0.762307
ACGCGTTTCTTAAGAG-1,0.000673,0.215612,0.783715
ACGCTAGTATCAGTGC-1,0.000037,0.947665,0.052299
ACGCTAGTGATACACT-1,0.000286,0.430352,0.569362
ACGCTGTGAGGCGTAG-1,0.194855,0.604652,0.200492
ACGCTTAGTGTCTCTC-1,0.000064,0.774778,0.225158
ACGGAATTTAGCAAAT-1,0.002088,0.00835,0.989562
ACGGACGCAGCGACAA-1,0.000039,0.021556,0.978405
ACGGACTCTCAAAGCG-1,0.090371,0.020581,0.889048
ACGGAGCGCAAATTAC-1,0.042801,0.281396,0.675804
ACGGATGGTGCGGATA-1,0.025993,0.851012,0.122995
ACGGCACTTGCTTGGG-1,0.000089,0.183216,0.816696
ACGGCCAACATGGACT-1,0.006004,0.447127,0.54687
ACGGCGACGATGGGAA-1,0.000026,0.929349,0.070625
ACGGCGGGTTGCCCTG-1,0.593414,0.002947,0.40364
ACGGCTGGATGTAGAA-1,0.030674,0.000302,0.969024
ACGGGAGTGTCGGCCC-1,0.000354,0.880405,0.11924
ACGGGCGTATGCGACA-1,0.000198,0.000793,0.999009
ACGGGTCATGTGACTT-1,0.005694,0.022767,0.97154
ACGGGTTGTGACCTGT-1,0.01211,0.83608,0.15181
ACGGTACAGTTCAATG-1,0.000149,0.000597,0.999254
ACGGTCACCGAGAACA-1,0.010941,0.20732,0.781739
ACGTACAGATTTCTCT-1,0.02985,0.32168,0.64847
ACGTACTTTGGCACGG-1,0.000046,0.718538,0.281416
ACGTAGATTGCTGATG-1,0.00008,0.849771,0.150149
ACGTAGGAGAGTCGCT-1,0.035506,0.000452,0.964043
ACGTATTACTCCGATC-1,0.000063,0.903538,0.096399
ACGTCCTAAACGAGAT-1,0.000348,0.414977,0.584675
ACGTCGGGCAACTCGG-1,0.10888,0.049195,0.841925
ACGTCTCGTTCCGGGA-1,0.000109,0.128358,0.871532
ACGTGACAAAGTAAGT-1,0.000031,0.450491,0.549478
ACGTGCGCCTCGTGCA-1,0.001647,0.006591,0.991761
ACGTGGTCGAATGTGC-1,0.100217,0.001518,0.898265
ACGTTAATGTCGAAGA-1,0.000033,0.980042,0.019925
ACGTTAGATTTGCCCG-1,0.000096,0.598844,0.40106
ACGTTATTGGTCACTC-1,0.242423,0.018552,0.739025
ACGTTCACTATGCCGC-1,0.002209,0.852009,0.145782
ACGTTCCGCGCTCCGT-1,0.084496,0.159147,0.756357
ACGTTCGCAATCAATT-1,0.007975,0.403719,0.588306
ACGTTCGTTCAGGAAA-1,0.000098,0.000393,0.999509
ACGTTTAGTTGTGATC-1,0.002318,0.009275,0.988407
ACTAAGGACGCACACC-1,0.000079,0.165275,0.834646
ACTAATACGTCAGGCG-1,0.000121,0.167322,0.832558
ACTACAAAGAGAGGTG-1,0.01415,0.713999,0.271851
ACTACATCCCGACAAG-1,0.152246,0.086119,0.761635
ACTACCAGCTCTCTGG-1,0.000542,0.002168,0.99729
ACTACCATCCGAGGGC-1,0.00025,0.830556,0.169194
ACTACGCGTTAGAATT-1,0.049699,0.114795,0.835506
ACTAGTTGCGATCGTC-1,0.000021,0.99111,0.008869
ACTATATGCTGTGTTC-1,0.000139,0.634354,0.365507
ACTATCCAGGGCATGG-1,0.000081,0.621231,0.378688
ACTATCGCCGGCTAAA-1,0.001715,0.006861,0.991424
ACTATCTGCCCGCGTA-1,0.030135,0.243178,0.726686
ACTATGTCCAGCTGCC-1,0.230171,0.050936,0.718893
ACTATTCGTCCGTGGT-1,0.046783,0.497293,0.455924
ACTATTTCCGGGCCCA-1,0.000115,0.332135,0.66775
ACTCAACGAATGTATT-1,0.002556,0.514326,0.483118
ACTCAAGTGCAAGGCT-1,0.074199,0.047827,0.877974
ACTCAATAAAGGCACG-1,0.000189,0.196306,0.803506
ACTCAGACCTGCTTCT-1,0.003212,0.012843,0.983945
ACTCATGGCAGCCTTC-1,0.314645,0.000576,0.684779
ACTCCAATATCATCAT-1,0.095173,0.111649,0.793179
ACTCCCATTCCTAAAG-1,0.003083,0.965378,0.031539
ACTCCCGAATTCGTTT-1,0.000133,0.655991,0.343877
ACTCCCGTAGACTAGG-1,0.051546,0.518432,0.430022
ACTCCCTAATGCTAAA-1,0.005524,0.938838,0.055637
ACTCCCTAGAATAGTA-1,0.003962,0.333737,0.662301
ACTCCGGCCGACCACT-1,0.258199,0.001136,0.740665
ACTCGATGTATTTCAT-1,0.006954,0.027828,0.965218
ACTCGCCGTTCGATAA-1,0.727112,0.233574,0.039314
ACTCGCGATCTGACGC-1,0.000045,0.678166,0.321789
ACTCGTAACCCGTCCT-1,0.000852,0.321608,0.67754
ACTCGTCAGTAATCCC-1,0.000197,0.000786,0.999017
ACTCTAAACCTGGGAT-1,0.210411,0.382034,0.407555
ACTCTCTGACTTAGGT-1,0.002898,0.893806,0.103296
ACTCTCTTATACACGA-1,0.000188,0.270209,0.729603
ACTCTGACCTAATAGA-1,0.182874,0.00073,0.816396
ACTCTTCAGCTCCCGC-1,0.000081,0.433303,0.566616
ACTCTTGTATAGTAAC-1,0.167198,0.712349,0.120453
ACTGAAACGCCGTTAG-1,0.022403,0.56277,0.414827
ACTGAATGGCGAAAGT-1,0.184684,0.202819,0.612497
ACTGATTTAGTGATTC-1,0.000264,0.522941,0.476794
ACTGCCCGCCATTCTC-1,0.070698,0.001077,0.928225
ACTGCCGTCGTAACTC-1,0.001181,0.004725,0.994094
ACTGCGGACACACCGT-1,0.040344,0.309286,0.650371
ACTGCTCGGAAGGATG-1,0.00006,0.402301,0.597638
ACTGGCGAACCTGCGT-1,0.052126,0.268922,0.678952
ACTGGGATGCCAGTGC-1,0.01595,0.217437,0.766613
ACTGTACGATACACAT-1,0.027914,0.330167,0.641918
ACTGTAGCACTTTGGA-1,0.115069,0.022932,0.861999
ACTGTATACGCGAGCA-1,0.005447,0.021773,0.97278
ACTGTCCAGGATTATA-1,0.000164,0.036547,0.963289
ACTGTCTTCTTTAGAA-1,0.000187,0.104442,0.895371
ACTGTGCTAGTAGATC-1,0.003055,0.012216,0.984729
ACTGTTTAGTGTAGGC-1,0.163812,0.323281,0.512907
ACTTACCGGGCGCGCA-1,0.013957,0.417443,0.5686
ACTTACGCATCCACGC-1,0.000065,0.365987,0.633948
ACTTAGTACGACAAGA-1,0.00404,0.196627,0.799333
ACTTATACTTACCCGG-1,0.006821,0.927193,0.065986
ACTTATTAGGATCGGT-1,0.000093,0.661943,0.337964
ACTTATTTATGTGCCA-1,0.030698,0.794361,0.174941
ACTTCAGGCTGATCCC-1,0.000116,0.030362,0.969523
ACTTCCAGTGGAAGCT-1,0.000023,0.917155,0.082822
ACTTCCATGCGGGACA-1,0.083921,0.120074,0.796006
ACTTCCTGTCGTGCGA-1,0.000062,0.687018,0.31292
ACTTCGCCATACGCAC-1,0.00021,0.410293,0.589497
ACTTCGCTAGCGAGTG-1,0.000088,0.427489,0.572424
ACTTGACTCCCTCTTT-1,0.000097,0.42258,0.577323
ACTTGCCATATTGTAC-1,0.161347,0.076042,0.762611
ACTTGCTCTATCTACC-1,0.08881,0.001423,0.909767
ACTTGGGACCCGGTGG-1,0.048081,0.224173,0.727746
ACTTGTAGTCCCTTCA-1,0.000032,0.954993,0.044975
ACTTGTGGATGGAACG-1,0.004897,0.820434,0.174669
ACTTTACCCTCATGAA-1,0.040951,0.822658,0.136391
ACTTTATACACCACTT-1,0.062648,0.239212,0.69814
ACTTTCCTATAGCTTC-1,0.000099,0.881403,0.118498
ACTTTGACTGCATCCT-1,0.000026,0.987351,0.012623
ACTTTGGTCGTGCTCC-1,0.000083,0.023767,0.97615
ACTTTGTCGACGCACT-1,0.002957,0.886679,0.110365
AGAAATTATGACTCGC-1,0.00203,0.320205,0.677765
AGAACCCAGCGTGACA-1,0.000043,0.469937,0.53002
AGAACCCTCAATTGGG-1,0.051923,0.086397,0.86168
AGAACGTGGTACATTC-1,0.030411,0.796263,0.173326
AGAAGAGCGCCGTTCC-1,0.002236,0.008945,0.98882
AGAAGGTACACTTCAC-1,0.000046,0.399664,0.60029
AGAAGGTTGCCGAATT-1,0.002852,0.082642,0.914505
AGAAGGTTGTAGGTCG-1,0.123854,0.001265,0.874882
AGAAGTGATTCGTGAT-1,0.016058,0.924523,0.059419
AGAATAAATCTTCAGG-1,0.000051,0.578383,0.421565
AGAATGCGGGTTCGGA-1,0.000076,0.767216,0.232708
AGAATTATGGATTCGA-1,0.002403,0.997466,0.000131
AGAATTGTTTGACATA-1,0.006958,0.027822,0.965219
AGACAGCTCAGAATCC-1,0.003911,0.015651,0.980438
AGACAGGCATCTCAGC-1,0.000033,0.765031,0.234936
AGACATAGATCCTTCC-1,0.001035,0.004139,0.994826
AGACCAAACCACACCT-1,0.074663,0.556058,0.36928
AGACCATGGGATACAA-1,0.000608,0.592011,0.407381
AGACCCACCGCTGATC-1,0.000058,0.725599,0.274343
AGACCCGCCCTCCTCG-1,0.000438,0.001751,0.997811
AGACCGCTCCGCGGTT-1,0.037835,0.288258,0.673908
AGACCGGGAAACCCTG-1,0.000033,0.997747,0.002219
AGACGAAGTGCCGGTC-1,0.000069,0.53602,0.463912
AGACGACGATGCCGCT-1,0.000048,0.427431,0.572521
AGACGCCCACTTCGCC-1,0.000117,0.252247,0.747636
AGACGGGATTGGTATA-1,0.000287,0.001149,0.998564
AGACGGGCCGATTTAA-1,0.000144,0.293613,0.706242
AGACTAGCCTTCCAGA-1,0.000283,0.001133,0.998583
AGACTGTTACCGGGTC-1,0.083264,0.001101,0.915635
AGAGAAACACCAGAAA-1,0.255647,0.000365,0.743988
AGAGAACCGTCTAGGA-1,0.000135,0.594136,0.405729
AGAGAAGGAGTACAAT-1,0.000224,0.757809,0.241967
AGAGATCTCTAAAGCG-1,0.004492,0.548076,0.447432
AGAGCAGTTATGAGAC-1,0.000139,0.80944,0.190421
AGAGCCGCCGAGATTT-1,0.004634,0.97391,0.021455
AGAGCGCTTGTAACGG-1,0.010234,0.826672,0.163094
AGAGCGGGCTAATCAT-1,0.000557,0.04303,0.956413
AGAGCGTACAAGCTCG-1,0.001585,0.00634,0.992075
AGAGCTACGAAAGCAT-1,0.005961,0.023843,0.970196
AGAGGCTTCGGAAACC-1,0.00171,0.954396,0.043894
AGAGGGACAATTGTCC-1,0.008776,0.618777,0.372447
AGAGGTATCTCGGTCC-1,0.000331,0.630074,0.369595
AGAGTAAACTTCACTA-1,0.037695,0.439826,0.522479
AGAGTATAGTGTTACG-1,0.000137,0.447804,0.552059
AGAGTGAACAGACACC-1,0.000015,0.974341,0.025644
AGAGTTAGAGACCGAT-1,0.065796,0.511119,0.423085
AGAGTTGCAGGCCTCC-1,0.000066,0.830292,0.169642
AGATAACTTCAGGGCC-1,0.00014,0.035833,0.964028
AGATACCAATAGAACC-1,0.307997,0.003865,0.688138
AGATACCAGCACTTCA-1,0.000091,0.699119,0.30079
AGATACCGGTGTTCAC-1,0.017591,0.948424,0.033985
AGATACGACTTCATAT-1,0.003054,0.552656,0.44429
AGATACTCAAGATCGA-1,0.000076,0.581572,0.418352
AGATATAATACGACTA-1,0.439358,0.073666,0.486976
AGATCGTGCATAAGAT-1,0.000243,0.065561,0.934196
AGATCTCAGGTGTGAT-1,0.000327,0.004578,0.995095
AGATGACTCGCCCACG-1,0.000596,0.168733,0.830671
AGATGAGGGTTGCGAT-1,0.070158,0.467376,0.462466
AGATGATGGAGTCTGG-1,0.015195,0.395379,0.589426
AGATGCAAGACGTGCA-1,0.000067,0.305039,0.694895
AGATGCATCCTGTGTC-1,0.000061,0.081131,0.918808
AGATGCTATAACGAGC-1,0.010434,0.041715,0.947852
AGATTATAGGACGTTT-1,0.036312,0.416265,0.547423
AGATTCAAGCGGGTCG-1,0.10822,0.33815,0.55363
AGATTCACAACCGATA-1,0.001132,0.375861,0.623007
AGCAAAGGCCGCTAGT-1,0.000116,0.204913,0.794971
AGCAACATATCTTATT-1,0.003677,0.939544,0.056779
AGCAACCGAAAGTAAT-1,0.000024,0.308399,0.691576
AGCACACGTTTAGACT-1,0.364784,0.000442,0.634774
AGCACCAGTACTCACG-1,0.000331,0.278828,0.720841
AGCACTACCGGCCTGT-1,0.000342,0.012548,0.98711
AGCACTACCTCACCAG-1,0.000084,0.145802,0.854114
AGCACTTAAGGACGCC-1,0.012844,0.183597,0.803559
AGCAGAAGGAGAAAGA-1,0.197784,0.230257,0.571958
AGCAGCCAGATGAATA-1,0.075513,0.153063,0.771424
AGCATATCAATATGCT-1,0.009194,0.362554,0.628252
AGCATCATTTCGAAAG-1,0.006582,0.338476,0.654942
AGCATCGTCGATAATT-1,0.00013,0.999479,0.000391
AGCATTACGAGGCAAG-1,0.679519,0.035323,0.285158
AGCCAAGCTTTGTGTC-1,0.344301,0.14672,0.508979
AGCCACAGGTTACCCG-1,0.37942,0.00167,0.618911
AGCCACTCCCGTGCTT-1,0.000193,0.585722,0.414086
AGCCATATAGTATGTG-1,0.007639,0.510146,0.482215
AGCCCATACATGTAAG-1,0.005148,0.190009,0.804843
AGCCCGCAACAAGCAG-1,0.524036,0.000521,0.475443
AGCCCGGCATTAGAGG-1,0.211043,0.281958,0.506999
AGCCCGGTAGCCTGTA-1,0.048669,0.000499,0.950832
AGCCCTAAGCGAAGTT-1,0.000305,0.416041,0.583655
AGCCCTCCCTGGTGGC-1,0.343305,0.000694,0.656002
AGCCCTGTCGCACCGT-1,0.134706,0.530311,0.334982
AGCCCTTCTAATCCGA-1,0.000161,0.675412,0.324428
AGCCCTTGGACATCCC-1,0.000081,0.408501,0.591418
AGCCGCAAATTCAAAT-1,0.091785,0.806802,0.101413
AGCCGCTTGATTAGCG-1,0.003915,0.015648,0.980437
AGCCGTGGCTAAATGT-1,0.000029,0.877937,0.122034
AGCCTAATACCCACGT-1,0.02204,0.33962,0.638339
AGCCTTAAAGCGGAAG-1,0.002363,0.009448,0.988189
AGCCTTGTCACTGATA-1,0.000025,0.99966,0.000316
AGCGACAGGAACGGTC-1,0.000069,0.089662,0.910269
AGCGACATCCCATTCA-1,0.001216,0.488673,0.510111
AGCGACCAACGATATT-1,0.000072,0.805086,0.194841
AGCGAGACGTGAAGGC-1,0.175508,0.000722,0.82377
AGCGATGCGCCTAATA-1,0.364422,0.083466,0.552112
AGCGCATAATGAATCG-1,0.057689,0.297377,0.644934
AGCGCGGGTGCCAATG-1,0.000239,0.636219,0.363542
AGCGCTAGAGCGATGT-1,0.000021,0.936101,0.063878
AGCGCTTATGGGCAAG-1,0.016274,0.559965,0.423761
AGCGGACACTTCGTAG-1,0.15799,0.000566,0.841444
AGCGGCGGTTAGCGGT-1,0.005039,0.192541,0.80242
AGCGGGAAGGGTCCAT-1,0.20394,0.038501,0.757558
AGCGGGTCTGACACTC-1,0.573253,0.177639,0.249108
AGCGGTTGAGATGTAC-1,0.000221,0.000885,0.998894
AGCGGTTGCCGCTCTG-1,0.028855,0.12506,0.846086
AGCGTACGAGAGCTAG-1,0.352219,0.633865,0.013916
AGCGTAGCGCTAGACC-1,0.166066,0.318249,0.515684
AGCGTCTGAACCCGCA-1,0.00404,0.016159,0.979801
AGCGTGGTATTCTACT-1,0.000058,0.638744,0.361198
AGCGTTCCGATTTAAA-1,0.000134,0.000537,0.999329
AGCTAACAAGCAATGT-1,0.085033,0.0003,0.914667
AGCTAGAAGCAGAAGT-1,0.135072,0.197766,0.667161
AGCTATTTAATCCAAC-1,0.073511,0.217167,0.709322
AGCTCCATATATGTTC-1,0.000039,0.840119,0.159841
AGCTCCTTCGCACATC-1,0.000117,0.322303,0.67758
AGCTCGTTGATGGAAA-1,0.000051,0.751842,0.248107
AGCTCTAGACGTTCCA-1,0.000076,0.59515,0.404773
AGCTCTTCCCAGTGCA-1,0.06398,0.216827,0.719193
AGCTCTTCGTAACCTT-1,0.063512,0.615226,0.321261
AGCTCTTTACTCAGTT-1,0.000133,0.350641,0.649227
AGCTGAAGTAAACCAA-1,0.00024,0.176318,0.823442
AGCTGCATTTGAGGTG-1,0.052178,0.798613,0.149209
AGCTGCTGTGCCGAAT-1,0.00007,0.910933,0.088997
AGCTGTAACCTCAATC-1,0.000049,0.763226,0.236725
AGCTTATAGAGACCTG-1,0.217609,0.003339,0.779052
AGCTTCAATACTTTGA-1,0.021767,0.191412,0.78682
AGCTTCTTCTCGAGCA-1,0.302192,0.000994,0.696814
AGCTTGATCAGGGTAG-1,0.029114,0.285241,0.685645
AGCTTGATCTTAACTT-1,0.044708,0.652935,0.302357
AGGAAAGCCTCTGATG-1,0.005216,0.020872,0.973912
AGGAACGAACGACTTC-1,0.087419,0.153062,0.759519
AGGAAGCTGTCCGCCG-1,0.042391,0.076651,0.880958
AGGACAGTCGAATCCC-1,0.000098,0.047174,0.952728
AGGACATCGCACGTCG-1,0.00964,0.03853,0.95183
AGGACATCGGCACACT-1,0.677686,0.068725,0.253589
AGGACGACCCATTAGA-1,0.000099,0.50471,0.49519
AGGACGCTCGATGTTG-1,0.031048,0.935602,0.03335
AGGACTTATAGGAGAA-1,0.118633,0.646663,0.234704
AGGAGACATCCACAGT-1,0.181538,0.505138,0.313324
AGGAGAGTCTGGCTAC-1,0.022271,0.456164,0.521564
AGGAGGCCTTCGCGCG-1,0.016105,0.150732,0.833164
AGGATAAAGTCGGGAT-1,0.004011,0.411426,0.584563
AGGATATAGGGATTTA-1,0.000127,0.032161,0.967712
AGGATATCCGACTGCA-1,0.121237,0.001026,0.877737
AGGATCACGCGATCTG-1,0.000048,0.089337,0.910615
AGGATTGCTTACGACA-1,0.008495,0.89768,0.093825
AGGCAATACGGAGGAC-1,0.243996,0.018544,0.73746
AGGCACGTGACTGTCC-1,0.00002,0.989641,0.01034
AGGCAGATGCGTAAAC-1,0.080132,0.364015,0.555853
AGGCAGGGAGCGTACT-1,0.00645,0.000661,0.992889
AGGCATTGTCGTAGGG-1,0.000075,0.500869,0.499056
AGGCCACATTGGTTAC-1,0.000069,0.503345,0.496586
AGGCCACCCGTTATGA-1,0.000476,0.183429,0.816095
AGGCCCAGTGACTGGT-1,0.004817,0.019261,0.975922
AGGCCCATTGTACAGG-1,0.001509,0.006035,0.992456
AGGCCCTAGAACGCCA-1,0.006822,0.822505,0.170673
AGGCCTATCATACCAA-1,0.000093,0.312515,0.687392
AGGCCTGAGAATCTCG-1,0.027507,0.000809,0.971684
AGGCGATAACTGGCGT-1,0.009799,0.580397,0.409804
AGGCGGTTTGTCCCGC-1,0.000066,0.399277,0.600657
AGGCGTCTATGGACGG-1,0.000156,0.601397,0.398447
AGGCTATGGTTAGCTT-1,0.030828,0.483025,0.486147
AGGCTTCCCGAAGAAG-1,0.003156,0.348396,0.648448
AGGCTTGCTAGACACC-1,0.002197,0.008787,0.989017
AGGGAAACGAGGTACT-1,0.083567,0.496122,0.420311
AGGGACAGCACGGCGG-1,0.324686,0.002946,0.672368
AGGGACCGGCTGCGTT-1,0.010221,0.637576,0.352204
AGGGACTCTACGCGAC-1,0.000102,0.000406,0.999492
AGGGAGACATACTTCG-1,0.014007,0.50589,0.480103
AGGGCAGCGGCGTGGT-1,0.000259,0.00773,0.992012
AGGGCCCTAATGTTCT-1,0.346846,0.159588,0.493566
AGGGCGAGCAGCTGAT-1,0.045247,0.470804,0.483949
AGGGCGTGATCGGCTA-1,0.007368,0.029461,0.963171
AGGGCTGCAGTTACAG-1,0.004313,0.24062,0.755068
AGGGTCAGAGCACTCG-1,0.850022,0.000643,0.149335
AGGGTCAGTAACCCTA-1,0.000075,0.944668,0.055258
AGGGTCGATGCGAACT-1,0.255772,0.569359,0.174869
AGGGTCTGGACGCAGT-1,0.30033,0.039569,0.660101
AGGGTGCCGTTCTTTA-1,0.864147,0.000494,0.135359
AGGGTGCTCTCGAGGG-1,0.000099,0.833366,0.166535
AGGGTGGATAGTGCAT-1,0.000169,0.323074,0.676757
AGGGTGTGCTACACGC-1,0.004798,0.441997,0.553204
AGGGTTCAGACGGTCC-1,0.212141,0.000956,0.786903
AGGGTTCCCTTTGGTT-1,0.072697,0.677955,0.249348
AGGGTTTAGTTCGGGA-1,0.029285,0.001089,0.969626
AGGTAACCTCCTATTC-1,0.005692,0.022769,0.971539
AGGTACGATATTGCCA-1,0.014161,0.36762,0.618219
AGGTAGATCGAGATAT-1,0.145609,0.056461,0.79793
AGGTAGGTACAAAGCT-1,0.086924,0.106164,0.806913
AGGTATAATTGATAGT-1,0.001947,0.860748,0.137305
AGGTATGCGGACATTA-1,0.015221,0.049801,0.934978
AGGTCAGGTGAGAGTG-1,0.00006,0.433711,0.566229
AGGTCGCCACTTCGGT-1,0.284257,0.014733,0.70101
AGGTCGCCTCCCAACA-1,0.075749,0.112027,0.812225
AGGTCGCGGAGTTACT-1,0.000332,0.001329,0.998339
AGGTGCACGTCCACAT-1,0.203316,0.001022,0.795662
AGGTGGTGACCTTCGC-1,0.293153,0.105503,0.601344
AGGTGTATCGCCATGA-1,0.000156,0.254279,0.745566
AGGTGTTGCCGACCAC-1,0.999608,0.000224,0.000168
AGGTTACACCATGCCG-1,0.009012,0.920405,0.070582
AGGTTCTCCTTTCCGG-1,0.032401,0.148412,0.819187
AGGTTGAGGCACGCTT-1,0.027713,0.296571,0.675715
AGGTTTCACACACCTT-1,0.030216,0.549583,0.420201
AGTAACGTTCATCCTG-1,0.066629,0.134261,0.79911
AGTAACTATAGCAGCC-1,0.078988,0.000388,0.920625
AGTAATGTCTTGCCGC-1,0.002363,0.009451,0.988186
AGTAATTTGCAAGCGT-1,0.057199,0.000684,0.942117
AGTACAGAAGCTTATA-1,0.064761,0.535731,0.399508
AGTACATCATTTATCA-1,0.007873,0.925485,0.066641
AGTACCTTCGAGTGCT-1,0.000257,0.097229,0.902515
AGTACGGCCCGTATCG-1,0.017751,0.554636,0.427613
AGTACGGGCACCTGGC-1,0.000302,0.845391,0.154308
AGTACGTGGCCTGTCT-1,0.000088,0.652145,0.347767
AGTACTCTTATGCCCA-1,0.000099,0.559866,0.440035
AGTAGAAGGCGCCTCA-1,0.262709,0.129358,0.607934
AGTAGCGTGAACGAAC-1,0.035253,0.269449,0.695298
AGTAGCTAGACGCCGA-1,0.042588,0.729107,0.228305
AGTAGGAAGGAAGTTG-1,0.01062,0.96749,0.02189
AGTAGGTAACATACAT-1,0.170586,0.009632,0.819782
AGTATAATACTAGGCA-1,0.000986,0.003944,0.99507
AGTATCCATAATAACG-1,0.006957,0.506485,0.486558
AGTATGCTGGAGACCA-1,0.000133,0.234006,0.76586
AGTCAAATGATGTGAT-1,0.197981,0.001105,0.800914
AGTCAACACCACCATC-1,0.000031,0.89155,0.108419
AGTCAAGATGACACTT-1,0.023449,0.077528,0.899024
AGTCACTAGCTCTCGA-1,0.033392,0.782706,0.183901
AGTCACTCCGCCTCAT-1,0.326698,0.010432,0.662869
AGTCAGCCACCGCCTG-1,0.006263,0.025034,0.968703
AGTCCAGCGGGTACGT-1,0.006261,0.555262,0.438477
AGTCCATTGGCTGATG-1,0.000103,0.223628,0.776269
AGTCCCGCCTTTAATT-1,0.00033,0.304008,0.695661
AGTCCCTCGCAGAAAG-1,0.038457,0.71586,0.245683
AGTCGAAACGATTCAG-1,0.275596,0.00044,0.723964
AGTCGACGGTCTCAAG-1,0.000042,0.840586,0.159371
AGTCGGCCCAAACGAC-1,0.000363,0.225485,0.774152
AGTCGGCTCAACTTTA-1,0.000727,0.266655,0.732618
AGTCGGTTGCGTGAGA-1,0.000135,0.029716,0.970148
AGTCGTCGACCACCAA-1,0.000072,0.396212,0.603716
AGTCGTGGGCATTACG-1,0.000044,0.807699,0.192257
AGTCTAAAGTATACTC-1,0.000096,0.584899,0.415005
AGTCTCACAAGACTAC-1,0.000109,0.487937,0.511955
AGTCTGGACATCCTTG-1,0.00482,0.019262,0.975917
AGTCTTCTCCTCAAAT-1,0.000204,0.488337,0.511459
AGTCTTTAAAGTGTCC-1,0.285486,0.001964,0.712549
AGTGAACAAACTTCTC-1,0.000062,0.513255,0.486684
AGTGAAGATGGTGTCC-1,0.00006,0.84455,0.15539
AGTGACCTACTTTACG-1,0.017786,0.500815,0.481398
AGTGACTGTGACACAA-1,0.49946,0.000517,0.500023
AGTGAGACTTCCAGTA-1,0.006917,0.780855,0.212228
AGTGAGCCTCGCCGCC-1,0.000326,0.001304,0.99837
AGTGAGGGTTTCTGAC-1,0.023171,0.554622,0.422208
AGTGAGTCGAATTAAC-1,0.748752,0.153171,0.098077
AGTGATAACCTGCGCG-1,0.007108,0.611236,0.381656
AGTGATATGAGTAGTT-1,0.00974,0.214792,0.775469
AGTGATTCAAGCAGGA-1,0.000376,0.001504,0.99812
AGTGCACGCTTAAGAA-1,0.017273,0.505603,0.477124
AGTGCGTAGCTCGTAA-1,0.087827,0.223908,0.688265
AGTGCTAAACACAGCA-1,0.148775,0.021921,0.829304
AGTGCTTGCACGAATA-1,0.009188,0.99073,0.000081
AGTGGCGGCAATTTGA-1,0.000245,0.572566,0.427189
AGTGGCGTCTGAAGGT-1,0.088411,0.000768,0.91082
AGTGGCTCCGTCGGCC-1,0.00003,0.977053,0.022918
AGTGGGAGTATACACG-1,0.005216,0.02087,0.973913
AGTGGTGTTACCCGTG-1,0.012979,0.190849,0.796172
AGTGGTTGCGTATAGG-1,0.02258,0.659194,0.318226
AGTGTATTGCGCATTG-1,0.285346,0.387455,0.327199
AGTGTGCTAAGATCGC-1,0.484283,0.029461,0.486256
AGTGTGGTCTATTGTG-1,0.00216,0.008637,0.989204
AGTTAAACACTTGCGA-1,0.000075,0.349755,0.65017
AGTTAAGCGGTCCCGG-1,0.032627,0.78978,0.177593
AGTTAAGTCAACCGCT-1,0.000065,0.380313,0.619622
AGTTACCCTTAAGACT-1,0.001898,0.00759,0.990512
AGTTACCGCACATGGT-1,0.002086,0.008348,0.989565
AGTTACTCTATCGTGG-1,0.000268,0.417746,0.581986
AGTTATTGAAAGGTAA-1,0.031299,0.341098,0.627603
AGTTCACCGGTTGGAC-1,0.001815,0.516754,0.481431
AGTTCCTACAGAATTA-1,0.020558,0.209268,0.770174
AGTTCCTATTTATGTT-1,0.000086,0.757142,0.242772
AGTTCTGCGTTGTATC-1,0.242105,0.012519,0.745376
AGTTGACATCGGCTGG-1,0.986714,0.007592,0.005694
AGTTGACGGTCCTTGC-1,0.578127,0.036953,0.384919
AGTTGCGGTCCTCAAC-1,0.711684,0.019922,0.268394
AGTTGCTGACTGATAT-1,0.006959,0.027813,0.965228
AGTTGGCAAGGCTAGA-1,0.558468,0.116746,0.324786
AGTTTATGTAAAGACA-1,0.021193,0.650217,0.32859
AGTTTCGCAGGTCGGA-1,0.001291,0.005164,0.993546
AGTTTGCACCTGCCTC-1,0.000078,0.562197,0.437726
AGTTTGGCACGGGTTG-1,0.000053,0.688639,0.311308
AGTTTGGCCAGACCTA-1,0.000089,0.521853,0.478058
ATAAACCATTGGACGG-1,0.334115,0.003478,0.662407
ATAAACGGACCCGTAA-1,0.005173,0.24368,0.751146
ATAAACGTTGCACCAC-1,0.000037,0.456834,0.543129
ATAAAGGCTCGGTCGT-1,0.000162,0.005447,0.994391
ATAAAGGTCAAGTACG-1,0.000136,0.379763,0.620101
ATAAATATTAGCAGCT-1,0.07295,0.489148,0.437902
ATAACGCCGGAGGGTC-1,0.078561,0.483866,0.437573
ATAACGGAGTCCAACG-1,0.000094,0.69601,0.303896
ATAACGTTACCTCCAC-1,0.000067,0.820395,0.179539
ATAAGCAAACACCGAG-1,0.172143,0.642824,0.185034
ATAAGGTGGAGAACAT-1,0.016429,0.332302,0.651269
ATAAGTACCCGATTGT-1,0.000129,0.57704,0.422831
ATAAGTAGGATTCAGA-1,0.039188,0.455226,0.505586
ATAAGTAGGGCGACTC-1,0.000092,0.248518,0.751389
ATAAGTTACCGCGACG-1,0.007355,0.123397,0.869248
ATAATACCGTTAGCCG-1,0.003297,0.013183,0.98352
ATAATAGCTGTTGAAT-1,0.058991,0.116166,0.824843
ATAATAGTGTAGGGAC-1,0.002505,0.010017,0.987478
ATAATCTTGGAGAACC-1,0.080825,0.000613,0.918561
ATAATTAGCTAAGTAG-1,0.956941,0.042852,0.000208
ATACAGCGTCCACTGA-1,0.051692,0.395619,0.552689
ATACAGGCCCTCCAAT-1,0.009242,0.530758,0.46
ATACCACGGGCAACTT-1,0.031071,0.000699,0.96823
ATACCAGCAAATTGCT-1,0.136489,0.086713,0.776797
ATACCAGGCTAATAGA-1,0.000535,0.397531,0.601934
ATACCAGGTGAGCGAT-1,0.004378,0.004245,0.991377
ATACCCTGGCTCAAAT-1,0.008349,0.033383,0.958267
ATACCGTCATCCATAA-1,0.000079,0.661126,0.338795
ATACCTAACCAAGAAA-1,0.000034,0.603281,0.396684
ATACGAAGGCTTTCCA-1,0.000023,0.994151,0.005827
ATACGACAGATGGGTA-1,0.000104,0.593604,0.406292
ATACGCCGGCGAAACC-1,0.012074,0.188671,0.799255
ATACGGAACGTCGTTT-1,0.000026,0.864671,0.135302
ATACGGGTTTCGATTG-1,0.000372,0.588972,0.410656
ATACGGTGAAGATGCA-1,0.000097,0.57315,0.426753
ATACGTACTTAGCCAC-1,0.000126,0.407961,0.591913
ATACGTCCACTCCTGT-1,0.024767,0.949438,0.025795
ATACGTTATGCACGGA-1,0.159095,0.001008,0.839898
ATACTACCCGTACCAC-1,0.053097,0.43142,0.515483
ATACTAGCATGACCCT-1,0.000673,0.43074,0.568587
ATACTCTCGCCACTCT-1,0.391446,0.010436,0.598118
ATACTGCCTTACACCG-1,0.15591,0.413301,0.430789
ATACTTGTTCTCGAGC-1,0.04009,0.54818,0.41173
ATAGACAACGGGACCT-1,0.000199,0.416136,0.583666
ATAGACGAAGAGAAAG-1,0.016424,0.026916,0.95666
ATAGAGTACTGGGACA-1,0.145165,0.1941,0.660735
ATAGAGTTATCAACTT-1,0.044524,0.451322,0.504154
ATAGATTTGCAGTCGG-1,0.03376,0.071833,0.894406
ATAGCAACTAGGGAAG-1,0.100625,0.108689,0.790686
ATAGCCTCAGTACCCA-1,0.002846,0.011385,0.985769
ATAGCTGCTCTTGTTA-1,0.402257,0.253202,0.344541
ATAGGAATCTAAGCTT-1,0.004047,0.681358,0.314594
ATAGGCGGCTATAGAA-1,0.000061,0.407415,0.592524
ATAGGCTAGCTTCGCA-1,0.000318,0.27963,0.720052
ATAGGGATATCCTTGA-1,0.000195,0.692197,0.307608
ATAGGTTGGGCAGATG-1,0.000075,0.993018,0.006907
ATAGTCTTTGACGTGC-1,0.000466,0.528175,0.471359
ATAGTGAAGCGTTCTC-1,0.000116,0.446687,0.553197
ATAGTTCCACCCACTC-1,0.027395,0.488044,0.48456
ATATAAAGCGCTCGTG-1,0.06672,0.420153,0.513128
ATATAAATGTAGCTGC-1,0.000084,0.552249,0.447667
ATATAACACGGGCGCA-1,0.696093,0.000885,0.303022
ATATACATGTATGGTA-1,0.014133,0.674197,0.31167
ATATACGCTCGTGACG-1,0.048226,0.07862,0.873154
ATATCAACCTACAGAG-1,0.000045,0.645106,0.354849
ATATCAATTCCAGCCT-1,0.000037,0.777324,0.222639
ATATCGGTAGGGAGAT-1,0.000049,0.909451,0.0905
ATATCGTGCCAGACCC-1,0.000183,0.234956,0.764861
ATATCGTTCCTCGAAC-1,0.000352,0.767123,0.232525
ATATCTCCCTCGTTAA-1,0.028598,0.46684,0.504562
ATATCTTAGGGCCTTC-1,0.000244,0.124357,0.875399
ATATGGGATAGCAACT-1,0.014923,0.604695,0.380382
ATATGTCTAGAGCGTG-1,0.037399,0.23551,0.727091
ATATGTCTCCCTAGCC-1,0.004563,0.202379,0.793058
ATATGTGCACAAACCA-1,0.000046,0.677586,0.322368
ATATTATCCCGTATTT-1,0.002912,0.433181,0.563907
ATATTCAGTTAAACCT-1,0.005207,0.007546,0.987246
ATATTCCACATAGTGA-1,0.000075,0.587085,0.41284
ATATTCCCACAGGTCA-1,0.000901,0.003604,0.995496
ATATTGCTGTCAAAGT-1,0.003577,0.464243,0.53218
ATATTGGAGAGGCCTT-1,0.137971,0.45877,0.403259
ATATTTAACCCTCAAG-1,0.000047,0.862072,0.137881
ATCAAACACTGTTCCA-1,0.000052,0.37363,0.626318
ATCAAACGAAGGTTTG-1,0.000047,0.747795,0.252159
ATCAAGATCCCAGGAC-1,0.009917,0.786828,0.203255
ATCAATCTGGGCTGCA-1,0.000047,0.975642,0.024311
ATCAATGCCGTGGCTG-1,0.000047,0.303649,0.696305
ATCACATTAGAATATC-1,0.005531,0.682831,0.311638
ATCACGTGCTAATTAA-1,0.000299,0.111375,0.888326
ATCACTTCATCCTCGC-1,0.000712,0.401062,0.598227
ATCAGACGGCACGCCG-1,0.000115,0.00046,0.999425
ATCAGCCTCATGCTGC-1,0.000059,0.953939,0.046002
ATCAGCTCGTCCACTA-1,0.000075,0.089506,0.910419
ATCAGGTAGCTGACAG-1,0.008961,0.552986,0.438053
ATCAGGTCGCCATTGC-1,0.000133,0.47443,0.525438
ATCAGTAGGCAGGGAT-1,0.000123,0.776548,0.223328
ATCATAGATCGACGAG-1,0.047267,0.415368,0.537365
ATCATAGCCCTATGTA-1,0.311695,0.261386,0.42692
ATCATCCAATATTTGT-1,0.006778,0.61441,0.378813
ATCATCTGCCCAGTGT-1,0.026455,0.310018,0.663527
ATCATGGACTACCGAC-1,0.072694,0.033567,0.893739
ATCATTGTACCGCATT-1,0.074697,0.250252,0.675051
ATCCAACGCAGTCATA-1,0.000921,0.199173,0.799907
ATCCAATGGAGGGTCC-1,0.00871,0.531523,0.459768
ATCCAATGGTACCGAA-1,0.000343,0.7867,0.212957
ATCCACATCGACAGAA-1,0.00013,0.04547,0.9544
ATCCACGCTAAATGTT-1,0.000136,0.203415,0.796449
ATCCACTTTCAGACTA-1,0.000149,0.425558,0.574293
ATCCAGAGCAACAACC-1,0.031905,0.810706,0.157389
ATCCAGGATTCGTGAA-1,0.000041,0.99823,0.00173
ATCCCATCCACAGCGC-1,0.000116,0.000463,0.999422
ATCCCATTTCCGTGGG-1,0.184127,0.329784,0.486089
ATCCGGACCAGCCTGA-1,0.999665,0.000191,0.000143
ATCCTACCTAAGCTCT-1,0.000073,0.292874,0.707053
ATCCTGAATCGCTGCG-1,0.007072,0.000572,0.992356
ATCCTGCGTGGAATGG-1,0.000051,0.801455,0.198495
ATCCTGCTGCAGATAG-1,0.000764,0.133572,0.865664
ATCCTTCTGAAAGAAC-1,0.014545,0.084172,0.901283
ATCGACCCAATACAGA-1,0.000113,0.406655,0.593233
ATCGACTCTTTCCGTT-1,0.109538,0.002783,0.887679
ATCGCACGATTGTTCA-1,0.004174,0.016696,0.97913
ATCGCACGCCGGGAGA-1,0.035558,0.085167,0.879275
ATCGCCAGTCAACATT-1,0.000052,0.260396,0.739552
ATCGCTGCGTGCAGCA-1,0.000167,0.042787,0.957046
ATCGCTTTACGTCTCA-1,0.000046,0.796851,0.203103
ATCGGAGACAGACGGC-1,0.014777,0.280888,0.704335
ATCGGCAAGCAGTCCA-1,0.040981,0.196422,0.762596
ATCGGTTACCTAGTAA-1,0.036992,0.442646,0.520362
ATCGTATTCCGAGAAC-1,0.029182,0.451534,0.519285
ATCGTCCAATCGAGTC-1,0.474082,0.035762,0.490155
ATCGTGGAAAGTCTGG-1,0.152017,0.117411,0.730572
ATCGTTAGCTAGCGGA-1,0.062361,0.654828,0.282811
ATCGTTCACTTTCGCC-1,0.000116,0.850238,0.149646
ATCTAACGTCCCTATG-1,0.00522,0.020869,0.97391
ATCTAATATCCTACGG-1,0.005702,0.871507,0.122792
ATCTACCATCTGCTCC-1,0.023384,0.139721,0.836895
ATCTAGCTTGTGAGGG-1,0.458501,0.019498,0.522001
ATCTATCGATGATCAA-1,0.006955,0.027816,0.965228
ATCTCATAAACCTACC-1,0.000141,0.334773,0.665086
ATCTCCCACGGAATAT-1,0.01365,0.68403,0.302321
ATCTCCCTGCAATCTA-1,0.079071,0.186938,0.733991
ATCTCGTGAGCGAAAC-1,0.025167,0.268829,0.706004
ATCTGACATGGAAGGA-1,0.323768,0.000737,0.675496
ATCTGATAGTGTCTTA-1,0.002505,0.454084,0.543411
ATCTGCACCTCTGCGA-1,0.042774,0.33023,0.626996
ATCTGCTGTTATCGCC-1,0.398016,0.001126,0.600858
ATCTGGGCTGTTCTTG-1,0.453108,0.00088,0.546012
ATCTGGTTAAGACTGT-1,0.037302,0.322262,0.640436
ATCTGTAATTGTACCC-1,0.001815,0.391269,0.606916
ATCTTAGGGCATTAAT-1,0.131874,0.126137,0.741988
ATCTTATCGCACACCC-1,0.408896,0.001176,0.589928
ATCTTGACCTGCAACG-1,0.000357,0.001427,0.998216
ATCTTGACTTGTCCAA-1,0.032098,0.808663,0.15924
ATCTTTCGTATAACCA-1,0.003913,0.683495,0.312593
ATGAAGCCAAGGAGCC-1,0.001128,0.004512,0.99436
ATGAAGTGGACCCAGC-1,0.000236,0.613332,0.386432
ATGACGCCGGCTCTAA-1,0.001018,0.004072,0.99491
ATGACGCGTTCTATCC-1,0.00009,0.377266,0.622644
ATGACTATCAGCTGTG-1,0.097513,0.000904,0.901583
ATGACTATGCGACATT-1,0.000072,0.225251,0.774677
ATGAGGAGTGTTAATC-1,0.00062,0.254001,0.745379
ATGAGGGCAGCGGCTA-1,0.000077,0.280366,0.719557
ATGATCGGGAATAGAC-1,0.002363,0.00945,0.988188
ATGATGCAATGGTACA-1,0.000093,0.000371,0.999536
ATGCACCTTCCTTAAT-1,0.004639,0.269859,0.725502
ATGCACGCGCTGTTCA-1,0.013013,0.444266,0.542721
ATGCACTACCGCATTG-1,0.000478,0.141613,0.857909
ATGCATGATCCAGGAT-1,0.000196,0.586606,0.413198
ATGCATTCCGTGATGG-1,0.133186,0.004318,0.862496
ATGCCAATCGCTCTGC-1,0.015098,0.040927,0.943975
ATGCCATTTGCGACCA-1,0.000031,0.931339,0.06863
ATGCCGGTCTTGCATA-1,0.000134,0.789282,0.210584
ATGCCGGTTGATGGGA-1,0.018973,0.278024,0.703003
ATGCGACAATTGGTCC-1,0.000194,0.269826,0.729981
ATGCGACAGTCCCATT-1,0.000059,0.999763,0.000178
ATGCGAGTCCCACCAC-1,0.000073,0.281356,0.718571
ATGCTCAGTGTTGCAT-1,0.001473,0.005893,0.992633
ATGCTCTGGCGCGGTA-1,0.018313,0.199559,0.782128
ATGCTTAGGAGTTGAT-1,0.000087,0.471787,0.528127
ATGGAAATTTAAGGAG-1,0.002958,0.517711,0.479331
ATGGAACAGAATAAAC-1,0.000047,0.609481,0.390471
ATGGAACCTTTGCACA-1,0.000068,0.317255,0.682677
ATGGAGCAGGCCGTGA-1,0.000098,0.401898,0.598004
ATGGATCCGGCGTCCG-1,0.000464,0.216327,0.783209
ATGGATTGACCAAACG-1,0.00005,0.930461,0.069488
ATGGCAGCATTACGAT-1,0.336265,0.208658,0.455077
ATGGCAGCCGAGAAAC-1,0.00003,0.942853,0.057117
ATGGCGGAATAGTCGC-1,0.010663,0.022062,0.967275
ATGGCTGGAAATGGCC-1,0.000137,0.305314,0.694548
ATGGGAACGGAAGCGG-1,0.0002,0.119,0.8808
ATGGGACCTGCTGAAC-1,0.000178,0.00071,0.999112
ATGGGCCTCGGCCTCT-1,0.022081,0.724592,0.253327
ATGGGTGTATACCTCC-1,0.263484,0.172813,0.563703
ATGGTATTGGGAACCG-1,0.000048,0.36493,0.635022
ATGGTATTTACTGATT-1,0.110326,0.00074,0.888934
ATGGTCGCGTGGTTTC-1,0.057828,0.310881,0.631291
ATGGTGCTCAAAGCCA-1,0.000614,0.04802,0.951366
ATGGTTACGAAACATG-1,0.000035,0.855256,0.14471
ATGTAAGGCTGCTCTT-1,0.018506,0.743502,0.237992
ATGTACATGCGGTGAG-1,0.247174,0.054775,0.698051
ATGTACGATGACGTCG-1,0.544806,0.08776,0.367434
ATGTAGCGCGCGTAGG-1,0.350922,0.001659,0.647419
ATGTCATTTCCCATTG-1,0.435035,0.004959,0.560006
ATGTCTTGTTTGACTC-1,0.004307,0.568958,0.426735
ATGTGAAAGCCTAATG-1,0.000068,0.01716,0.982772
ATGTGCATCCGACGCA-1,0.000356,0.109188,0.890456
ATGTGGACATCTTGAT-1,0.099813,0.454467,0.44572
ATGTGTAGTTTAGTCA-1,0.068439,0.402949,0.528612
ATGTTACGAGCAATAC-1,0.002408,0.009632,0.98796
ATGTTCCTGCCCACCT-1,0.00358,0.014309,0.982111
ATGTTCGTCGACCCAC-1,0.0002,0.0008,0.999
ATGTTGATTAGAGACT-1,0.273466,0.000722,0.725812
ATGTTTCGGCCCGGAG-1,0.000122,0.344052,0.655826
ATGTTTGTAAGATCAT-1,0.0944,0.217136,0.688464
ATTAAACATGCGGACC-1,0.080089,0.264098,0.655814
ATTAACACCTGAGATA-1,0.065101,0.014793,0.920105
ATTAATACTACGCGGG-1,0.000501,0.131514,0.867985
ATTAATGAACCAGTCG-1,0.000193,0.409311,0.590496
ATTAATTCGGTCACTC-1,0.187702,0.006591,0.805707
ATTACAACTACCGGCC-1,0.033614,0.493072,0.473314
ATTACATGTCAGTCTT-1,0.009481,0.549669,0.44085
ATTACCACACTGCCTG-1,0.000069,0.836801,0.16313
ATTACGACTCCACAGT-1,0.000104,0.414122,0.585774
ATTACGCGCTGGCAGG-1,0.000147,0.169388,0.830465
ATTACGGGCTACGGTT-1,0.070874,0.000859,0.928267
ATTACTAGCCTCTTGC-1,0.004816,0.019264,0.97592
ATTACTTACTGGGCAT-1,0.017472,0.747492,0.235036
ATTAGATTCCTCAGCA-1,0.000111,0.903235,0.096654
ATTAGATTGATAGCGG-1,0.001764,0.610804,0.387431
ATTAGGCGATGCTTTC-1,0.000103,0.518211,0.481686
ATTATACTTTGCTCGT-1,0.000384,0.513783,0.485833
ATTATAGCTACTTTAC-1,0.005443,0.842988,0.151569
ATTATCGGAATGTACG-1,0.265393,0.001201,0.733406
ATTATCTCGACAGATC-1,0.001407,0.005626,0.992967
ATTATGAGACCCAATT-1,0.463527,0.305518,0.230955
ATTATGCCATAGGGAG-1,0.103372,0.384526,0.512102
ATTATGCTCAGTATTG-1,0.020368,0.784099,0.195533
ATTATTATGTCCGTCA-1,0.042686,0.247143,0.71017
ATTATTCAGAGTCACT-1,0.568188,0.168434,0.263377
ATTCAAAGTACCTGTT-1,0.006608,0.026356,0.967036
ATTCAACCATTTAAGG-1,0.000084,0.506903,0.493013
ATTCACTGATGTTGGA-1,0.01346,0.594101,0.39244
ATTCAGATGAATCCCT-1,0.008633,0.696996,0.294371
ATTCAGGACCTATTTC-1,0.061355,0.724662,0.213983
ATTCAGGATCGCCTCT-1,0.000281,0.231516,0.768203
ATTCAGTAGCAGGGTC-1,0.000808,0.628848,0.370344
ATTCATATACTGTCCA-1,0.000083,0.510573,0.489344
ATTCATCGTTGAGGCA-1,0.171714,0.00114,0.827146
ATTCCCACATAAACAA-1,0.000835,0.003339,0.995827
ATTCCCGAAGGTACAG-1,0.000331,0.334144,0.665525
ATTCCTAAGACGTGGA-1,0.000172,0.159142,0.840686
ATTCCTCCGCCAGTGC-1,0.000474,0.66019,0.339335
ATTCCTTCCAGGCGGT-1,0.466802,0.027828,0.50537
ATTCGACGCCGGGCCT-1,0.000117,0.556805,0.443078
ATTCGCAGAGGACACT-1,0.003481,0.920793,0.075727
ATTCGCGCCTTGAGAG-1,0.99351,0.006203,0.000288
ATTCGTGCTATCTCTT-1,0.041607,0.57336,0.385033
ATTCTCGTCTCTTTAG-1,0.001304,0.233992,0.764703
ATTCTGAGTATGAACT-1,0.000099,0.712986,0.286915
ATTCTTCGTACTTATG-1,0.000211,0.000845,0.998944
ATTGAAGATCTTAGTG-1,0.000088,0.913155,0.086757
ATTGACCGGCGATGAC-1,0.000164,0.460292,0.539544
ATTGACGTAACTCGGT-1,0.000258,0.490616,0.509127
ATTGATAGCAACGAGA-1,0.003795,0.015177,0.981028
ATTGATCACCACATTT-1,0.034693,0.201602,0.763705
ATTGATGAGTCCTAAC-1,0.021006,0.892591,0.086403
ATTGCCTATTAGACCG-1,0.410804,0.001361,0.587835
ATTGCGATCAGTAACT-1,0.006443,0.475229,0.518327
ATTGCTGCTCCTCCAT-1,0.003984,0.127158,0.868858
ATTGGATTACAGCGTA-1,0.000049,0.828432,0.171518
ATTGGGAATATCTTGG-1,0.141221,0.006262,0.852518
ATTGGGAGTTCTGTAA-1,0.000152,0.619256,0.380593
ATTGGTAGGATCCGCT-1,0.000688,0.002752,0.99656
ATTGGTTGTGCATTAC-1,0.032314,0.751812,0.215874
ATTGTACAACTCGGCT-1,0.004257,0.563585,0.432157
ATTGTCGCAATACCTT-1,0.56455,0.421773,0.013677
ATTGTCTGTTTCATGT-1,0.000168,0.367283,0.632549
ATTGTGACTTCGCTGC-1,0.000178,0.579769,0.420052
ATTGTTCAACGATCCG-1,0.000043,0.572984,0.426973
ATTTAACTCGTATTAC-1,0.002664,0.010654,0.986682
ATTTACAGTTTACTGG-1,0.00017,0.677666,0.322163
ATTTACTAAGTCCATT-1,0.000123,0.408182,0.591695
ATTTCATTATTTCGCG-1,0.024531,0.602137,0.373332
ATTTCCGGGTTCTGCG-1,0.000091,0.447735,0.552174
ATTTGCCTAGTTACGA-1,0.000519,0.002078,0.997402
ATTTGCGCGAGTAGCT-1,0.000111,0.426217,0.573672
ATTTGGAGATTGCGGT-1,0.00949,0.73564,0.25487
ATTTGTCTTGGGAGCT-1,0.111394,0.502743,0.385863
ATTTGTTCCAGGGCTC-1,0.068212,0.029808,0.90198
CAAACCAGGTCTGCAT-1,0.031823,0.747526,0.220651
CAAACCCTCCGGCGGG-1,0.090964,0.007056,0.901979
CAAACGAGTATCGCAG-1,0.000068,0.277043,0.722889
CAAACGGTCGCACTTT-1,0.000096,0.760186,0.239717
CAAACGTGGTCTTGCG-1,0.070119,0.017957,0.911924
CAAACTACGATAGAGA-1,0.000052,0.922688,0.07726
CAAACTATTGAGCTTC-1,0.02245,0.448588,0.528962
CAAACTCGCGACGCCG-1,0.000049,0.522724,0.477227
CAAAGATTATTGGGCC-1,0.000015,0.999939,0.000046
CAAAGGTCATCTGAAA-1,0.00145,0.445049,0.553501
CAAAGGTTAAATTCAG-1,0.018352,0.556574,0.425073
CAAAGTCAGGTTAGCT-1,0.006259,0.025041,0.9687
CAAATCTCTCACAAGG-1,0.005383,0.419738,0.57488
CAAATGCGGAGTGTTC-1,0.221646,0.303622,0.474733
CAAATGTCCTTCCGTG-1,0.001494,0.893239,0.105267
CAAATTGGATTATGCC-1,0.00039,0.048831,0.950779
CAAATTGTCAGCAAGC-1,0.000681,0.311836,0.687483
CAACACATCTCCTGCC-1,0.000066,0.547372,0.452562
CAACAGAATAACGCTA-1,0.004819,0.502595,0.492586
CAACAGTGCCAAACGG-1,0.000259,0.001472,0.998268
CAACATGGCCTGATAA-1,0.006262,0.02504,0.968698
CAACCAGTGGCCTACC-1,0.000081,0.561759,0.43816
CAACCGCACCTAGACA-1,0.434194,0.019261,0.546545
CAACCTACCGAGCAGT-1,0.145087,0.177443,0.67747
CAACCTGAACCTGCCA-1,0.034546,0.913724,0.05173
CAACGACCCGTTTACA-1,0.001347,0.28729,0.711364
CAACGGTTCTTGATAC-1,0.407081,0.031302,0.561616
CAACGTGGTGGAGTCT-1,0.000038,0.842775,0.157187
CAACTATATCGAATGC-1,0.087212,0.070202,0.842585
CAACTCCAACGTTTAG-1,0.000186,0.272452,0.727362
CAACTCCGTAACTTGC-1,0.000122,0.28786,0.712018
CAACTCCTTGATCCCG-1,0.003132,0.012525,0.984344
CAACTGAGGGTATGAC-1,0.010377,0.697195,0.292428
CAACTGCTCATCCGAT-1,0.077594,0.119056,0.80335
CAACTTGTAGTGGGCA-1,0.001647,0.006591,0.991762
CAAGAAACCCTAAACT-1,0.000447,0.849822,0.149731
CAAGACTCAGAAGCGC-1,0.000028,0.957731,0.042241
CAAGAGGGCGGAGTAC-1,0.000017,0.999933,0.00005
CAAGATATTATAACGT-1,0.000051,0.477765,0.522184
CAAGCAACGTCGGAGT-1,0.003969,0.452884,0.543147
CAAGCACCAAATGCCT-1,0.000507,0.232502,0.766992
CAAGCGGCACATAATT-1,0.000095,0.384028,0.615877
CAAGGATCGCATGTTC-1,0.000118,0.454824,0.545058
CAAGGGAGTGTATTTG-1,0.002665,0.010658,0.986677
CAAGGTCCTATAGGCT-1,0.047212,0.681858,0.270931
CAAGTAAGTGATAGAC-1,0.186508,0.023918,0.789574
CAAGTGAACTTTGGTT-1,0.000792,0.00317,0.996038
CAAGTGTGGTTGCAAA-1,0.034716,0.530661,0.434622
CAATAAACCTTGGCCC-1,0.004496,0.887814,0.107691
CAATACGAGAGTCTGA-1,0.010114,0.740426,0.24946
CAATACGCTCTGAGGC-1,0.00006,0.884872,0.115068
CAATATGTAGATTTAC-1,0.000193,0.549953,0.449855
CAATATTCTTGACCTA-1,0.000068,0.151193,0.848739
CAATATTGGACTAGTG-1,0.003296,0.013185,0.983519
CAATCCATTATCCGTT-1,0.000295,0.118928,0.880777
CAATCCCTATACCAGC-1,0.060878,0.277539,0.661583
CAATCCTGCCGTGGAG-1,0.005963,0.023846,0.970192
CAATGAGGTTCGACTA-1,0.000039,0.998742,0.001219
CAATGCGAGAAGTATC-1,0.001302,0.720337,0.27836
CAATGGAATCTACATA-1,0.025309,0.50951,0.465181
CAATGGATCTCTACCA-1,0.000086,0.844594,0.15532
CAATGGTCGGCCTGGG-1,0.000908,0.00363,0.995463
CAATGTGCCAACCCTT-1,0.00013,0.239225,0.760646
CAATTAAGGGTGATGA-1,0.00146,0.00098,0.99756
CAATTGGGCCGCACTC-1,0.000052,0.533436,0.466513
CAATTTCGTATAAGGG-1,0.000026,0.997737,0.002237
CAATTTGACCGGGAAG-1,0.265515,0.017885,0.7166
CACAAACCGCAGAACT-1,0.184034,0.000779,0.815187
CACAAGAAAGATATTA-1,0.000032,0.964247,0.035721
CACAAGCTAAGAAAGG-1,0.252337,0.16594,0.581724
CACAATGAGCTGCTAT-1,0.000082,0.351287,0.648631
CACACACGCTAACGAG-1,0.000056,0.489077,0.510868
CACACAGCTTGCGCTC-1,0.000091,0.293315,0.706594
CACACAGGGATAGATT-1,0.056015,0.504001,0.439984
CACACGCGCTGTCTTA-1,0.066444,0.554779,0.378777
CACACGTTTCAATGGG-1,0.000157,0.036834,0.963009
CACACTTGTATTGCGA-1,0.000134,0.627153,0.372712
CACAGAGACGAGGACG-1,0.144444,0.167842,0.687714
CACAGCACCCACGGCA-1,0.086139,0.424653,0.489208
CACAGCTAGGGAGTGA-1,0.001061,0.004245,0.994694
CACAGGGCCATATAGT-1,0.000037,0.991956,0.008007
CACAGGGCCGTTGTCA-1,0.294224,0.009991,0.695785
CACAGTCCCGCTTCGC-1,0.036257,0.306226,0.657517
CACAGTTCGCTTCCCA-1,0.000075,0.542022,0.457902
CACATAAGGCGACCGT-1,0.002664,0.010657,0.986678
CACATATTAGCAGGAT-1,0.000086,0.314216,0.685698
CACATCGTGCACGCGC-1,0.055189,0.00072,0.944091
CACATCTCACCGACGA-1,0.000032,0.973359,0.02661
CACATGATTCAGCAAC-1,0.009308,0.986541,0.004151
CACATGTTTGGACATG-1,0.005961,0.023859,0.97018
CACATTCTTTCGATGG-1,0.00029,0.232826,0.766884
CACATTTCTTGTCAGA-1,0.095584,0.228386,0.67603
CACCAATCATCCGTCT-1,0.000044,0.103545,0.89641
CACCACGCCACACAGA-1,0.00003,0.961695,0.038275
CACCAGTCAGCATGCA-1,0.000099,0.035165,0.964736
CACCATCGGAGGAGAC-1,0.312923,0.003317,0.68376
CACCATGATCGCAAAG-1,0.000044,0.966285,0.033671
CACCCAAATCTTATGT-1,0.028254,0.749046,0.2227
CACCCACACGTCACCC-1,0.003211,0.012844,0.983945
CACCCACGAGGCAATT-1,0.000145,0.803689,0.196166
CACCCGGTTTGTGACT-1,0.000058,0.587673,0.412269
CACCCTAACAAGATCT-1,0.00004,0.864832,0.135128
CACCCTTGGTGAGACC-1,0.000016,0.94942,0.050564
CACCCTTTCCTCGCTC-1,0.671941,0.004771,0.323288
CACCGATACACCGAGC-1,0.069317,0.164006,0.766677
CACCGATGATGGGTAC-1,0.11749,0.001491,0.881019
CACCGCCAGAAGGTTT-1,0.000241,0.079678,0.920081
CACCGCCGACCAGCGA-1,0.000305,0.23718,0.762514
CACCGCGTCCACTCTA-1,0.000186,0.494578,0.505236
CACCGGAGATATCTCC-1,0.000138,0.559662,0.440201
CACCGGGCATCACAAG-1,0.01447,0.001111,0.984419
CACCGGTAGAGACATT-1,0.489383,0.185228,0.325389
CACCGTATCCCATCCG-1,0.000043,0.8897,0.110256
CACCGTTAGGGATCAC-1,0.000038,0.669572,0.33039
CACCGTTGCGCGATAT-1,0.000046,0.753216,0.246738
CACCTAATAGAGTCGT-1,0.004317,0.017267,0.978416
CACCTAATCAGTTTAC-1,0.057406,0.467554,0.47504
CACCTCGATGGTGGAC-1,0.000552,0.002207,0.997242
CACCTCTACGAGTGTG-1,0.000094,0.677064,0.322842
CACCTTGCGAAACTCG-1,0.000205,0.36634,0.633455
CACCTTGGCGCCTTTG-1,0.058255,0.247789,0.693956
CACGAAAGTTAGTCCC-1,0.000152,0.448346,0.551503
CACGACCACAGACTTT-1,0.000137,0.631082,0.368781
CACGACGTAATAGTAA-1,0.000069,0.952824,0.047108
CACGACTAAAGTTCTG-1,0.001347,0.005385,0.993268
CACGAGCAAACCAGAC-1,0.047075,0.585838,0.367088
CACGCACAGCGCAGCT-1,0.048146,0.663789,0.288066
CACGCAGCGAGGCTTT-1,0.105622,0.255723,0.638656
CACGCGGAACTGTTGC-1,0.013277,0.569212,0.417511
CACGGACGTGGATGGC-1,0.020379,0.64404,0.335581
CACGGCGCGCCAAAGG-1,0.021715,0.902347,0.075939
CACGGGATTGAGGGTT-1,0.000089,0.63097,0.368941
CACGTCAATCAATGGA-1,0.165308,0.069627,0.765065
CACGTCGGCAACCTCT-1,0.000091,0.106288,0.89362
CACGTCGGGTTCTAGA-1,0.002608,0.010435,0.986957
CACGTCTATGATGTGG-1,0.000161,0.186789,0.81305
CACGTTCGTGCTCTAG-1,0.000068,0.855476,0.144457
CACGTTTCGTACACAC-1,0.000072,0.663613,0.336315
CACTAAAGTTGCCTAT-1,0.000113,0.618866,0.381021
CACTACGGGAGCTGCC-1,0.000028,0.928391,0.071581
CACTACTCAGTTCTGT-1,0.000156,0.580923,0.418922
CACTCAAGAGCTATGG-1,0.455361,0.334047,0.210592
CACTCAGCTCTTGAGG-1,0.000629,0.002517,0.996854
CACTCCTATGTAAGAT-1,0.011615,0.638545,0.34984
CACTCCTCTCGGTCGG-1,0.000224,0.440149,0.559627
CACTCGAGCTGAACAA-1,0.000025,0.894413,0.105562
CACTCGGTTAGGAGGA-1,0.040285,0.434331,0.525384
CACTCTCAAGCATCGA-1,0.175521,0.000805,0.823673
CACTCTTCTGCTAGCC-1,0.000083,0.304816,0.695101
CACTGACGATTGTGGA-1,0.816763,0.169381,0.013856
CACTGTCCAAGTGAGA-1,0.001527,0.688913,0.309559
CACTTAATCAGACGGA-1,0.249466,0.447923,0.302611
CACTTCGCCACAGGCT-1,0.287434,0.436832,0.275734
CACTTCGTCTTATCTC-1,0.007824,0.031308,0.960867
CAGAACTTAGCCCTCT-1,0.000089,0.368497,0.631415
CAGAATAACACACGGA-1,0.029016,0.283038,0.687946
CAGAATATTCGTTATC-1,0.029229,0.412023,0.558748
CAGACACCGATCGCTG-1,0.033428,0.204744,0.761828
CAGACCTGTAAGTGTT-1,0.054088,0.59681,0.349103
CAGACGAACCTGATAC-1,0.000039,0.801514,0.198447
CAGAGACGGTCACCCA-1,0.00002,0.995705,0.004276
CAGAGCATGAGCTTGC-1,0.000143,0.412766,0.587092
CAGAGCGATGGATGCT-1,0.562588,0.001008,0.436404
CAGAGGCGATGCATGA-1,0.022279,0.030602,0.947119
CAGAGTGATTTAACGT-1,0.000364,0.313537,0.686099
CAGATAATGGGCGGGT-1,0.99952,0.000275,0.000206
CAGATACTAACATAGT-1,0.000373,0.001491,0.998137
CAGATATGAAGATGAC-1,0.196036,0.027932,0.776032
CAGATCATTTAAAGTC-1,0.074428,0.440114,0.485458
CAGATCCTGGTTTGAA-1,0.000066,0.33767,0.662264
CAGATGTTTGTCCCAA-1,0.00527,0.738033,0.256697
CAGCAGCCCGTTCCTT-1,0.000234,0.170667,0.8291
CAGCAGTCCAGACTAT-1,0.000063,0.643409,0.356528
CAGCAGTCTGTGCTGC-1,0.08402,0.123133,0.792848
CAGCCCTCACAGGCAG-1,0.028027,0.209866,0.762107
CAGCCGGGCCCTCTAT-1,0.014529,0.345593,0.639879
CAGCCTCCTGCAGAGG-1,0.00018,0.470873,0.528947
CAGCCTCGATAGCGGT-1,0.0654,0.240075,0.694525
CAGCCTCTCCTCAAGA-1,0.13406,0.636496,0.229444
CAGCGATTCCCTTCAA-1,0.000068,0.028548,0.971384
CAGCGCCAACACGATA-1,0.023229,0.82179,0.154981
CAGCTCACTGAGACAT-1,0.000172,0.607405,0.392424
CAGCTCGACAAGTTAA-1,0.000128,0.827162,0.17271
CAGCTCGTGCTTGTGT-1,0.005443,0.021774,0.972783
CAGCTCTGGGCTCACT-1,0.039658,0.376646,0.583696
CAGCTGGCGTAACCGT-1,0.000037,0.833449,0.166514
CAGCTTAGTAGGTAGC-1,0.090268,0.314133,0.595599
CAGGAAGACTTTATAT-1,0.000175,0.271908,0.727917
CAGGACAGCTGCCCTT-1,0.000062,0.322868,0.67707
CAGGATATATCGTTGT-1,0.000031,0.996258,0.00371
CAGGCCAGTACCACCT-1,0.144945,0.552271,0.302784
CAGGCCGTTTGGGTGT-1,0.000051,0.93798,0.061969
CAGGCGCACGGTGGTC-1,0.000036,0.768985,0.230979
CAGGCGCCATGCTAGG-1,0.000652,0.956577,0.04277
CAGGGAGATAGGCCAG-1,0.043031,0.243825,0.713143
CAGGGCTAACGAAACC-1,0.002982,0.011927,0.985091
CAGGTTTAGTACTACA-1,0.157704,0.697825,0.144471
CAGTAACTATTTATTG-1,0.000214,0.672625,0.327161
CAGTAATCCCTCCCAG-1,0.003054,0.060934,0.936011
CAGTACATTCTCTAAA-1,0.000221,0.064605,0.935174
CAGTACCAGTTTACGT-1,0.000081,0.006081,0.993837
CAGTAGATGATGTCCG-1,0.218705,0.004724,0.776571
CAGTAGCCCACGCGGT-1,0.000231,0.354586,0.645184
CAGTAGCGAGGTAGTA-1,0.189959,0.011381,0.79866
CAGTCCAACGCCTTCT-1,0.007071,0.94251,0.050419
CAGTCGAGGATGCAAT-1,0.000111,0.879804,0.120085
CAGTCGGCCTAGATAT-1,0.000061,0.503524,0.496414
CAGTCTCTCGGCTAAT-1,0.658094,0.327456,0.014451
CAGTCTGTATACTGGG-1,0.000072,0.656235,0.343693
CAGTGAATAAATGACT-1,0.000125,0.412782,0.587093
CAGTGGTTGCACATGA-1,0.002723,0.010886,0.986392
CAGTGTCCGCAGAATG-1,0.006262,0.519781,0.473957
CAGTGTCGGCTGGCCC-1,0.007078,0.889823,0.103099
CAGTGTTAATCTCTCA-1,0.26679,0.00079,0.73242
CAGTTCAAATTGACAC-1,0.000112,0.351652,0.648236
CAGTTCCGCGGGTCGA-1,0.000552,0.002206,0.997243
CAGTTCGAGGACCCGA-1,0.405317,0.081352,0.513331
CATAACGGACAGTCGT-1,0.01403,0.285537,0.700433
CATAAGAAGCTTGGCT-1,0.000035,0.829547,0.170418
CATAAGCTCTCCGTCT-1,0.037672,0.506243,0.456084
CATAATGAGCGGGCGA-1,0.283069,0.008209,0.708722
CATACAAAGCCGAACC-1,0.00321,0.012839,0.98395
CATACACAAAGTCAGC-1,0.004973,0.926183,0.068844
CATACACGGTTCCCAC-1,0.098006,0.000778,0.901216
CATACCCGTACCCAGT-1,0.000065,0.88051,0.119424
CATACGAACTAGCTGG-1,0.954097,0.01454,0.031363
CATACGGCGTCTGGGC-1,0.000047,0.944413,0.055539
CATACGGGTGCATGAT-1,0.006263,0.025034,0.968704
CATACTATGTAATTGT-1,0.023703,0.31604,0.660258
CATACTTAGGCAATAC-1,0.027222,0.539211,0.433567
CATACTTCTTTCTCCG-1,0.442924,0.001052,0.556024
CATAGAGGAGATACTA-1,0.165335,0.09325,0.741415
CATAGCCGCCCGGGAT-1,0.000986,0.003944,0.99507
CATAGCGTTGCCCACC-1,0.000106,0.366408,0.633486
CATAGTACATTGAGAG-1,0.000111,0.999555,0.000334
CATAGTAGCATAGTAG-1,0.199486,0.00363,0.796884
CATAGTCAAATACATA-1,0.405687,0.118044,0.476268
CATAGTCCACAAGAAC-1,0.000074,0.065736,0.93419
CATAGTGGGCACGCCT-1,0.233938,0.138803,0.627259
CATATACTACTGATAA-1,0.000192,0.301084,0.698724
CATATAGGTACAGTCA-1,0.000068,0.450069,0.549863
CATATGTCAGGCTACG-1,0.027829,0.165141,0.807029
CATATTATTTGCCCTA-1,0.000374,0.187307,0.812319
CATCAAACTGGCGCCC-1,0.00008,0.697304,0.302615
CATCAACACCTACTAA-1,0.006955,0.02783,0.965215
CATCATCTACCCGGAC-1,0.063856,0.708901,0.227243
CATCATTACCCTGAGG-1,0.000036,0.999858,0.000107
CATCCAATATAGTTTG-1,0.320087,0.109136,0.570777
CATCCCGAGATTCATA-1,0.115389,0.00074,0.883871
CATCCGCAGGCCCGAA-1,0.006261,0.025041,0.968698
CATCCTCTCAAAGATC-1,0.024325,0.678472,0.297202
CATCGAATGGATCTCT-1,0.003385,0.610213,0.386403
CATCGCCCGCGGCCAA-1,0.004174,0.016701,0.979125
CATCGGACGGGTTAAT-1,0.00007,0.410857,0.589072
CATCGTCCGGTTACTA-1,0.002556,0.010224,0.98722
CATCTACCCGAGAACG-1,0.000074,0.870206,0.129721
CATCTAGTGAAGGGAA-1,0.09043,0.67332,0.236249
CATCTATCCCGTGTCT-1,0.048256,0.470046,0.481697
CATCTGCAGGATCATT-1,0.069097,0.330762,0.600141
CATCTTACACCACCTC-1,0.000144,0.415326,0.584529
CATGAACCGACATTTG-1,0.004319,0.01727,0.978411
CATGAACCTCTTATCA-1,0.000135,0.388954,0.610911
CATGACTTCGCTGAAT-1,0.000062,0.458459,0.541478
CATGAGATGCACTCTC-1,0.020336,0.525231,0.454432
CATGATCGCTTTGAGA-1,0.796127,0.203556,0.000317
CATGATGCACAATTCT-1,0.000104,0.818206,0.181691
CATGATGGAAGTTAGC-1,0.045272,0.624778,0.329951
CATGCACATGAGAGGC-1,0.000019,0.827824,0.172157
CATGCACGTGTTACTG-1,0.000133,0.523912,0.475954
CATGCATGGAGACCCT-1,0.000464,0.001855,0.997681
CATGCCAACTCGCAAA-1,0.005975,0.941295,0.05273
CATGCGACCAGTTTAA-1,0.000185,0.461602,0.538213
CATGCGTTAGACAGAA-1,0.031595,0.655264,0.313141
CATGCGTTGAGAGGAG-1,0.035439,0.811465,0.153096
CATGCTGGCTCCAATT-1,0.001606,0.006421,0.991973
CATGGAAATGGGACCA-1,0.01672,0.494913,0.488368
CATGGATTGTCTTCCG-1,0.022869,0.629301,0.347829
CATGGCAGGAAGATCG-1,0.175338,0.2501,0.574562
CATGGCTCCCTATGTC-1,0.000249,0.792269,0.207482
CATGGGTATGCCTTAT-1,0.000059,0.666464,0.333476
CATGGGTCGGGTGTGG-1,0.000246,0.319335,0.680419
CATGGTAAGTAGCGTT-1,0.090622,0.720831,0.188548
CATGGTATTAGTTTGT-1,0.044582,0.339925,0.615493
CATGGTCTAGATACCG-1,0.000203,0.14954,0.850257
CATGGTTTATTAATCA-1,0.326278,0.001082,0.672641
CATGTAAGAGACATTT-1,0.000078,0.722703,0.277219
CATGTAGGAGCGCCAA-1,0.000533,0.002131,0.997336
CATGTCTCATTTATGG-1,0.000075,0.603877,0.396048
CATTACATAGATTGTG-1,0.041946,0.85374,0.104313
CATTACGCAGGAAGGG-1,0.005603,0.080163,0.914233
CATTACGTCGGCCCGT-1,0.000338,0.804773,0.194889
CATTATAACAGGGTCC-1,0.000408,0.001632,0.99796
CATTATCCCATTAACG-1,0.355714,0.001024,0.643262
CATTATGCTTGTTGTG-1,0.000158,0.623513,0.376329
CATTCACTGACAGCTA-1,0.000222,0.225304,0.774473
CATTCAGGTCAGTGCG-1,0.006268,0.025041,0.968691
CATTCCCATTCCGTCG-1,0.000063,0.692484,0.307452
CATTCCCTAAGTACAA-1,0.00202,0.128763,0.869217
CATTCGTCGTAGCGGT-1,0.054424,0.002884,0.942691
CATTGATGAACACGCC-1,0.00012,0.487059,0.512821
CATTGCAAAGCATAAT-1,0.000068,0.758693,0.24124
CATTGCGAAATGGGCG-1,0.000061,0.506642,0.493297
CATTGCGGGTCAATTC-1,0.000094,0.800802,0.199103
CATTGTGTGCTAGATC-1,0.009636,0.038538,0.951826
CATTTAGCGGACCATG-1,0.000177,0.698859,0.300965
CATTTATCGTTCAAGA-1,0.000073,0.965068,0.034858
CATTTCTAGCAGACTA-1,0.007366,0.02946,0.963174
CATTTGAGTGGTACGT-1,0.000089,0.285661,0.71425
CCAAACAGAACCCTCG-1,0.000712,0.002846,0.996442
CCAAAGCAGTTGGTTG-1,0.003795,0.015181,0.981024
CCAAAGTCCCGCTAAC-1,0.002555,0.010219,0.987226
CCAAATAACAAGATTC-1,0.053404,0.175816,0.77078
CCAAATCAAAGGGCAA-1,0.002297,0.765645,0.232058
CCAACCTTATGTAACT-1,0.750469,0.001039,0.248492
CCAACGATGCACTGAT-1,0.000228,0.194072,0.8057
CCAACGCTTGCCAGGG-1,0.000093,0.772364,0.227543
CCAACTTGATAGATCC-1,0.062205,0.268944,0.668851
CCAAGAAAGTGGGCGA-1,0.011873,0.06652,0.921607
CCAAGACTTCTGCGAA-1,0.000447,0.648245,0.351308
CCAAGCGTAACTCGTA-1,0.000196,0.03531,0.964494
CCAAGGAACAGAGAGG-1,0.000778,0.381597,0.617625
CCAAGGTTGCCCTTTC-1,0.217563,0.085287,0.69715
CCAAGTTTCTACAGAT-1,0.206149,0.198873,0.594978
CCAATAGATTTCATCT-1,0.00018,0.256358,0.743462
CCAATAGTGCCGTCGA-1,0.000211,0.000845,0.998944
CCAATCGGTAGATCGA-1,0.000208,0.420975,0.578817
CCAATGTCACAGCAAG-1,0.007248,0.03612,0.956632
CCAATTACGGGTCGAG-1,0.00033,0.268479,0.731191
CCAATTGAATGTTAAT-1,0.000792,0.084723,0.914485
CCACAATGTACGTCTT-1,0.032854,0.553841,0.413305
CCACACTGAGATATTA-1,0.000087,0.509098,0.490815
CCACAGCTGAAATCAT-1,0.002362,0.27872,0.718918
CCACAGTACCCATCCT-1,0.031015,0.423845,0.54514
CCACATACTGCACCCA-1,0.003749,0.865802,0.13045
CCACATGGCTCTTTAT-1,0.0481,0.472553,0.479347
CCACCAACTTTACTGT-1,0.000096,0.443595,0.556309
CCACCCAAGGAAAGTG-1,0.021785,0.351365,0.62685
CCACCTGTATGGAATA-1,0.094257,0.102236,0.803506
CCACGAATTTAACCTC-1,0.000019,0.995858,0.004123
CCACGAGAAGAGAATC-1,0.000239,0.404289,0.595472
CCACGGAGCCATAAGA-1,0.004729,0.814096,0.181176
CCACGGCAGGTGTAGG-1,0.06031,0.828111,0.11158
CCACGGTGCCCGGTAG-1,0.000097,0.517475,0.482427
CCACGTAAATTAGACT-1,0.049359,0.468041,0.4826
CCACTAAACTGAATCG-1,0.006957,0.027822,0.965221
CCACTATCCGGGTCAC-1,0.000071,0.785363,0.214566
CCACTCAGATCCGCAA-1,0.003485,0.886128,0.110388
CCACTGGTGGCTGGTT-1,0.000163,0.61058,0.389256
CCACTGTTTGGATTAA-1,0.002278,0.438237,0.559485
CCAGAAACTGATGCGA-1,0.173902,0.135421,0.690677
CCAGAAAGCAACTCAT-1,0.000606,0.411216,0.588179
CCAGAGACAAAGCCGG-1,0.381281,0.002636,0.616083
CCAGATAGTTGAGTGA-1,0.000202,0.233215,0.766583
CCAGATGTAAATGGGT-1,0.008244,0.558344,0.433413
CCAGCCTGGACCAATA-1,0.000089,0.615718,0.384193
CCAGCGGGATCACCAG-1,0.003529,0.112356,0.884115
CCAGCTACGCCTCATA-1,0.646386,0.015647,0.337967
CCAGCTCGAACGCATT-1,0.191205,0.000616,0.808179
CCAGCTGATGGTACTT-1,0.025059,0.306673,0.668268
CCAGCTTCCGCCCGCA-1,0.069904,0.001956,0.928139
CCAGGCTGGCGTCTGA-1,0.059894,0.381295,0.558811
CCAGGGACGTGGCCTC-1,0.256746,0.013633,0.729622
CCAGTAGTCTGATCCA-1,0.052769,0.444307,0.502923
CCAGTCAAATCTCTTA-1,0.000078,0.6094,0.390522
CCAGTCCATTATTCGA-1,0.004637,0.01855,0.976813
CCAGTCTAGACGGCGC-1,0.000128,0.670431,0.329441
CCAGTCTTGTCATAGA-1,0.206828,0.12885,0.664322
CCAGTGAGCTCCTTGT-1,0.002087,0.679051,0.318862
CCAGTGTACAGACCGA-1,0.007671,0.874146,0.118183
CCATAAACAACCCGAC-1,0.000171,0.268245,0.731584
CCATAACCTGTGCAGT-1,0.006712,0.615787,0.377502
CCATACCTTTACTTGT-1,0.000147,0.553018,0.446835
CCATACTCGCCTCTCC-1,0.000225,0.513074,0.486701
CCATAGGTTGGCGTGG-1,0.00107,0.004281,0.994649
CCATAGTCAGTAACCC-1,0.00261,0.357066,0.640325
CCATATGGAAACTATA-1,0.064502,0.366889,0.568609
CCATATTGGATCATGA-1,0.416842,0.02385,0.559308
CCATCATAAGAACAGG-1,0.070424,0.458898,0.470679
CCATCCATACCAAGTC-1,0.002665,0.010654,0.986681
CCATCGCAGTTAAACT-1,0.013154,0.279938,0.706908
CCATCTCACCAGTGAA-1,0.000041,0.957871,0.042088
CCATCTTGTTCACAAT-1,0.142309,0.01858,0.839111
CCATGCCCTAGATTTC-1,0.000103,0.197263,0.802634
CCATGCCTGTTTAGTA-1,0.017086,0.978057,0.004857
CCATGCTCTGCAGGAA-1,0.001391,0.005565,0.993044
CCATGGCAAACGCTCA-1,0.000034,0.827626,0.17234
CCATGGCCCTTGTACC-1,0.000384,0.001536,0.998079
CCATGTTCATCTATAT-1,0.022847,0.000753,0.9764
CCATTAGCGATAATCC-1,0.014017,0.627465,0.358518
CCATTCCCTGCCCACA-1,0.000252,0.382118,0.61763
CCATTGTTTCCTCCAT-1,0.079951,0.54642,0.373629
CCATTTCTACCTATTA-1,0.000093,0.77479,0.225117
CCCAAACATGCTGCTC-1,0.118142,0.318287,0.563571
CCCAACATACGTCGCG-1,0.000044,0.63009,0.369867
CCCAACCACACTAACA-1,0.000212,0.567633,0.432155
CCCAAGAATGCACGGT-1,0.000156,0.163845,0.835999
CCCAAGACAGAGTATG-1,0.000455,0.001822,0.997723
CCCAAGTCATTACACT-1,0.129802,0.001423,0.868775
CCCAATTTCACAACTT-1,0.000047,0.90744,0.092513
CCCACTCCACGGTATC-1,0.005641,0.703394,0.290964
CCCAGAGGAGGGCGTA-1,0.000183,0.162851,0.836965
CCCAGGAAGAATTCGA-1,0.013323,0.427332,0.559346
CCCAGGTCTGAAGGCT-1,0.000082,0.485788,0.514131
CCCAGTAAACTTGGGA-1,0.013303,0.232642,0.754054
CCCAGTTAAGGCGCCG-1,0.000064,0.66598,0.333956
CCCATATAGGTCGATT-1,0.77428,0.029695,0.196025
CCCGAAGTTTCGCGAA-1,0.000087,0.000346,0.999567
CCCGACCATAGTCCGC-1,0.000148,0.836468,0.163383
CCCGAGTTTCTCCGTA-1,0.000048,0.798618,0.201335
CCCGATAGCCTCGCCT-1,0.000032,0.811638,0.18833
CCCGCAGCGCGAACTA-1,0.00005,0.440426,0.559524
CCCGCAGGGCCCAAAG-1,0.000231,0.021204,0.978565
CCCGCCATGCTCCCGT-1,0.004814,0.019262,0.975924
CCCGCGCAATGCACCC-1,0.004638,0.01855,0.976812
CCCGCTAGAGGGTTAA-1,0.000249,0.312022,0.687729
CCCGCTTGCCCTCGTC-1,0.002408,0.009631,0.987962
CCCGGCTAGGTGAGAA-1,0.008347,0.03338,0.958273
CCCGGGTCGTTCAGGG-1,0.377679,0.205366,0.416955
CCCGGTGGAAGAACCT-1,0.001509,0.006034,0.992457
CCCGGTGTATCGGAAT-1,0.000013,0.922904,0.077083
CCCGTAAGTCTAGGCC-1,0.000136,0.566127,0.433737
CCCGTAGCTGGGAAGA-1,0.002523,0.852266,0.145211
CCCGTCAGCGTCTGAC-1,0.000559,0.422038,0.577403
CCCGTGAGGGCGGTGA-1,0.000028,0.804639,0.195333
CCCGTGGGTTAATTGA-1,0.005218,0.020864,0.973918
CCCGTTTCGCAGATGT-1,0.000039,0.899381,0.10058
CCCTACTTGAACAATG-1,0.15035,0.000994,0.848657
CCCTAGGCAACAAGAG-1,0.009828,0.504086,0.486086
CCCTAGTGTCAGGTGT-1,0.003054,0.012218,0.984728
CCCTATGTAGAGCAGA-1,0.018017,0.128079,0.853904
CCCTCAAGCTCTTAGT-1,0.00117,0.446484,0.552346
CCCTCAGATCGAGAAC-1,0.000037,0.841405,0.158558
CCCTCATTCTGGAATT-1,0.003385,0.013535,0.983081
CCCTCCTCGCTCGTAT-1,0.000058,0.452526,0.547416
CCCTCGATAATACACA-1,0.000147,0.000589,0.999263
CCCTCGGGAGCCTTGT-1,0.074106,0.003528,0.922367
CCCTGAAATGAGTTGA-1,0.054946,0.379558,0.565496
CCCTGACTAACAAATT-1,0.021942,0.260069,0.717989
CCCTGATGTAACTCGT-1,0.004174,0.016697,0.97913
CCCTGCCCAATCCGCT-1,0.052335,0.11942,0.828246
CCCTGCGCTACGCATA-1,0.000214,0.273666,0.72612
CCCTGGCTGTTCCTTC-1,0.000035,0.73558,0.264385
CCCTGGTATGGGCGGC-1,0.000528,0.205424,0.794047
CCCTGTTGGCAAAGAC-1,0.003385,0.304303,0.692312
CCCTTCTCGTACGCGA-1,0.005443,0.02177,0.972787
CCCTTTAATGGAGTTC-1,0.138084,0.11782,0.744096
CCCTTTGACAGGTCTT-1,0.121594,0.428905,0.449501
CCGAAAGTGGTGAGCA-1,0.006959,0.027807,0.965234
CCGAACACTGGGCCTC-1,0.019965,0.110533,0.869501
CCGAACCTTCCCGGCC-1,0.000026,0.771782,0.228191
CCGAAGCATTGACCAA-1,0.047448,0.111178,0.841374
CCGAAGGGCGTACCGC-1,0.014279,0.837875,0.147846
CCGAAGTATATTGTTC-1,0.002555,0.010224,0.987221
CCGACAAACACATGAG-1,0.002556,0.01022,0.987224
CCGACAAAGGGAGTGC-1,0.000251,0.001006,0.998743
CCGACAATAGGCCGCC-1,0.000109,0.896676,0.103215
CCGACGGGCATGAGGT-1,0.001891,0.724266,0.273843
CCGACGTAAACACAAC-1,0.000058,0.814102,0.18584
CCGACTCGCATAGTCT-1,0.000269,0.461982,0.537749
CCGAGAAGTCGCATAA-1,0.000106,0.000426,0.999468
CCGAGCTGTGCTTGTC-1,0.03853,0.672187,0.289283
CCGAGGGATGTTAGGC-1,0.113407,0.002096,0.884497
CCGATATGACGTAAGG-1,0.052657,0.612216,0.335127
CCGATCTCAACCTTAT-1,0.000057,0.840212,0.159731
CCGATCTTAAGAGGCT-1,0.000089,0.417623,0.582289
CCGATTCGAGGGACCC-1,0.000176,0.45722,0.542604
CCGATTGGTCAATGAA-1,0.043334,0.468386,0.48828
CCGCACAAAGACCAAC-1,0.000055,0.758763,0.241182
CCGCACACGAACGTGT-1,0.000145,0.000579,0.999276
CCGCACGTGACCTCGG-1,0.000639,0.14901,0.850351
CCGCACTTGCAATGAC-1,0.202549,0.000566,0.796885
CCGCATGTGGTACGAT-1,0.001008,0.557726,0.441266
CCGCCACCACAATCCA-1,0.000466,0.001862,0.997672
CCGCCGGAACTTCTCG-1,0.000043,0.532826,0.467132
CCGCCGGTCAACACAC-1,0.171807,0.002879,0.825315
CCGCCGTTGAGGATAA-1,0.00828,0.61868,0.37304
CCGCCTGCGAATTGGT-1,0.040147,0.134396,0.825457
CCGCCTTGCGATGTCG-1,0.000043,0.963353,0.036603
CCGCGATTTGGTAGGT-1,0.000082,0.781993,0.217926
CCGCGGAATGCGTCAC-1,0.034352,0.296567,0.669081
CCGCGGGTACGAAGAA-1,0.000135,0.701323,0.298542
CCGCGTAGGTAAGGGC-1,0.000424,0.269512,0.730064
CCGCTATCAGCACCAG-1,0.000093,0.439044,0.560863
CCGCTCCAGGGCGATC-1,0.150364,0.000666,0.84897
CCGCTCCGGATAAGCT-1,0.001824,0.676371,0.321805
CCGCTCTTCCGAACTA-1,0.363556,0.006042,0.630401
CCGCTGGTGCCATTCA-1,0.000259,0.145793,0.853948
CCGCTTACCTCACTCT-1,0.000112,0.149184,0.850704
CCGCTTCGCGGTTAAC-1,0.002197,0.008786,0.989017
CCGCTTGCTGACATGG-1,0.038682,0.16984,0.791478
CCGGAAGTTATCAGTC-1,0.006577,0.494407,0.499016
CCGGAATGGTTTCAGT-1,0.001956,0.007827,0.990217
CCGGAGCGTACTTTCT-1,0.240371,0.299784,0.459845
CCGGAGGTCTTATGGT-1,0.000037,0.997624,0.002339
CCGGCACGACCGTTTC-1,0.000114,0.220936,0.77895
CCGGCCGCGAGCATAT-1,0.012619,0.675747,0.311634
CCGGCGCATATTGGAT-1,0.00107,0.284626,0.714303
CCGGCGTGAGACTCTG-1,0.00385,0.565073,0.431077
CCGGGACCCGCAGAGA-1,0.000895,0.261177,0.737928
CCGGGCGGTCTCGTCA-1,0.000223,0.220287,0.77949
CCGGGCTAAGAATTTC-1,0.037278,0.00026,0.962463
CCGGGCTGCTCCATAC-1,0.000108,0.253503,0.746388
CCGGGTTCGAGGTTAC-1,0.012954,0.4668,0.520246
CCGGTAATGGCTAGTC-1,0.000057,0.876928,0.123015
CCGGTGCGAGTGATAG-1,0.006261,0.025041,0.968698
CCGGTTTGTAATTGTG-1,0.000076,0.336143,0.663781
CCGTAAGTTGGTCCCA-1,0.000391,0.602174,0.397435
CCGTACCCAAGCGCCA-1,0.005443,0.021787,0.97277
CCGTAGGAAATCCCTG-1,0.073061,0.462508,0.464431
CCGTAGGGTTGTTTAC-1,0.031901,0.38005,0.588049
CCGTATCTCGTCGTAG-1,0.000101,0.413942,0.585957
CCGTATTAGCGCAGTT-1,0.000072,0.992085,0.007843
CCGTCAACCTCTGGCG-1,0.190097,0.006119,0.803784
CCGTGAGGCATTCATG-1,0.000068,0.595279,0.404654
CCGTGCCCATGACGGC-1,0.000745,0.897043,0.102212
CCGTGGAACGATCCAA-1,0.000139,0.345694,0.654167
CCGTGTTAAATTCCAT-1,0.000099,0.003509,0.996392
CCGTTACGTTAGAACA-1,0.000257,0.46271,0.537034
CCGTTCCGAATCTCGG-1,0.080939,0.60388,0.315181
CCTAAAGGCTGACGCT-1,0.000083,0.820111,0.179807
CCTAAATTAACGGTTC-1,0.015553,0.935494,0.048953
CCTAAATTGTATCCTA-1,0.013885,0.14093,0.845185
CCTAACCCAAACAAGT-1,0.020271,0.56991,0.409819
CCTAACTAAGGCTCTA-1,0.010897,0.636407,0.352696
CCTAAGTGTCTAACCG-1,0.003913,0.015651,0.980436
CCTACAAGTCCGGAAT-1,0.000175,0.166885,0.83294
CCTACATTCACAGACG-1,0.000026,0.899239,0.100735
CCTACGCGACCTTACA-1,0.02314,0.000799,0.976061
CCTACGGCTCAGTCGA-1,0.007366,0.029464,0.96317
CCTACTCAACACGATT-1,0.046885,0.156113,0.797001
CCTACTGCGGCGGCCA-1,0.000044,0.769776,0.23018
CCTACTGCTTACACTT-1,0.000202,0.059904,0.939894
CCTAGGCGTAGCGATC-1,0.024766,0.750897,0.224337
CCTAGGTAAAGGTAGC-1,0.015649,0.650008,0.334343
CCTAGTTAGTCGCATG-1,0.000285,0.442045,0.55767
CCTATAATGAGTGCCC-1,0.000089,0.436371,0.56354
CCTATACCGTCCTGTC-1,0.035343,0.398122,0.566536
CCTATATCGTGTCACG-1,0.013811,0.089856,0.896333
CCTATCTATATCGGAA-1,0.000141,0.856059,0.1438
CCTATGAAGTGGTGCC-1,0.000033,0.967782,0.032185
CCTATGGCTCCTAGTG-1,0.328104,0.431145,0.240751
CCTATGGGTTACCGTC-1,0.000198,0.386267,0.613535
CCTATGGTCAAAGCTG-1,0.326584,0.000859,0.672557
CCTATGTCCACTCCAC-1,0.182455,0.098702,0.718843
CCTCAACGATCGCTGT-1,0.000021,0.71718,0.282799
CCTCACCAATCTTGAC-1,0.005009,0.020034,0.974957
CCTCACCTGAGGGAGC-1,0.000221,0.533712,0.466067
CCTCACCTTAGCATCG-1,0.000233,0.649979,0.349788
CCTCACGTCAGCTAAT-1,0.002194,0.213487,0.784319
CCTCATGCAGCTACGA-1,0.00313,0.987477,0.009393
CCTCCCGACAATCCCT-1,0.000803,0.469788,0.529409
CCTCCGACAATTCAAG-1,0.05047,0.197953,0.751576
CCTCCTAGCTAGAGTC-1,0.592694,0.137031,0.270275
CCTCCTGAGCCCACAT-1,0.013436,0.821437,0.165127
CCTCCTGTTGTGTCGT-1,0.220544,0.152934,0.626522
CCTCGAAGTGGACGGG-1,0.000291,0.567413,0.432297
CCTCGACCCACTGCCT-1,0.051874,0.181846,0.766281
CCTCGCCAGCAAATTA-1,0.000356,0.001423,0.998221
CCTCGCGCGATATAGG-1,0.000335,0.338951,0.660714
CCTCGCGCTGTGCGAT-1,0.000107,0.000428,0.999465
CCTCGGACCGGGATAG-1,0.033004,0.576659,0.390338
CCTCGGATGCTACCTG-1,0.000067,0.957609,0.042325
CCTCGGTTTCCTTGCC-1,0.18164,0.000535,0.817825
CCTCGTTACGCCTGTT-1,0.016564,0.884568,0.098868
CCTCTAATCTGCCAAG-1,0.060979,0.201361,0.73766
CCTCTACAAGGATTGG-1,0.951061,0.000491,0.048449
CCTCTATCGATTAGCA-1,0.000043,0.750639,0.249318
CCTCTCTCCCATCTAG-1,0.129264,0.634393,0.236343
CCTCTGGCCTAGACGG-1,0.000759,0.325529,0.673712
CCTCTGTACTATTCTA-1,0.000057,0.759401,0.240543
CCTGAACGATATATTC-1,0.109972,0.62871,0.261317
CCTGAATATTTACATA-1,0.000499,0.001996,0.997506
CCTGACAAACTCGCGC-1,0.001216,0.004863,0.993921
CCTGACCACCGATGGT-1,0.000049,0.497295,0.502655
CCTGACGCAACCTTTA-1,0.034056,0.433906,0.532038
CCTGAGAATAAATGCA-1,0.000015,0.978752,0.021233
CCTGCCCGTTGTCTAG-1,0.000232,0.24703,0.752737
CCTGCGATAGAACTGT-1,0.007825,0.031314,0.960862
CCTGCGTTCTACGCTT-1,0.000182,0.360739,0.639078
CCTGCTATTTGAGAAG-1,0.084041,0.473855,0.442104
CCTGGAAACGTTCTGC-1,0.00006,0.710152,0.289788
CCTGGCTAGACCCGCC-1,0.002584,0.901113,0.096303
CCTGGTCGAATGTGGG-1,0.000109,0.103976,0.895915
CCTGTAAGACATGATA-1,0.016359,0.161742,0.821899
CCTGTACTCACGCCCA-1,0.015968,0.57647,0.407562
CCTGTCACCCGGGCTC-1,0.000109,0.675098,0.324793
CCTGTCCCTCACGTTA-1,0.001048,0.72698,0.271972
CCTGTCGCCCGTAAAT-1,0.004146,0.828754,0.1671
CCTGTCGTGTATGAAG-1,0.657593,0.002846,0.339561
CCTGTGAAACCGTAAC-1,0.007822,0.718014,0.274164
CCTGTGCATAGGAGAC-1,0.003914,0.015655,0.980431
CCTGTGCGGATTGTAA-1,0.150554,0.404091,0.445355
CCTGTTCAACCTCGGG-1,0.05054,0.254707,0.694753
CCTGTTTGAAGACACG-1,0.005492,0.382777,0.611731
CCTTCAGTTAAAGTGA-1,0.017842,0.0005,0.981658
CCTTCCGCAACGCTGC-1,0.053101,0.392653,0.554246
CCTTCGTATAGAATCC-1,0.209857,0.000876,0.789267
CCTTCTCAGCGTTCCT-1,0.002676,0.975162,0.022162
CCTTCTTGATCCAGTG-1,0.007026,0.001605,0.991368
CCTTGACCACTTTATT-1,0.016684,0.754717,0.228599
CCTTGTGAACGTGGTT-1,0.000036,0.44756,0.552404
CCTTTCAATGAAGAAA-1,0.048673,0.467676,0.483652
CCTTTGAATTATGGCT-1,0.000087,0.77776,0.222153
CGAAACATAGATGGCA-1,0.000153,0.40494,0.594907
CGAAACGCAATTCATG-1,0.000114,0.111436,0.88845
CGAACAGTATGGGCGT-1,0.000086,0.34114,0.658774
CGAACATAGTCAGAAA-1,0.00643,0.634681,0.35889
CGAACCCGCATGCGTC-1,0.007534,0.456889,0.535577
CGAACCTCTTTCCTAG-1,0.002095,0.699618,0.298287
CGAACGCCCAGTGCCG-1,0.016177,0.271926,0.711897
CGAACGGCCGGACAAC-1,0.00024,0.427682,0.572079
CGAAGACGGTGAGTGC-1,0.000131,0.501921,0.497948
CGAAGATCAGTTTCAT-1,0.00028,0.045825,0.953895
CGAAGCCACAGCATGG-1,0.379068,0.152624,0.468308
CGAAGCTATAAATTCA-1,0.00021,0.166284,0.833506
CGAAGGGTTTCAGATT-1,0.999638,0.000207,0.000155
CGAAGTTGCTCTGTGT-1,0.084384,0.359228,0.556388
CGAATCTGCTCGACGC-1,0.128771,0.000455,0.870774
CGAATGAAGTCATTGC-1,0.066438,0.000277,0.933284
CGAATGACGCATAATG-1,0.166843,0.103285,0.729873
CGAATGGTAGGTCGTC-1,0.000056,0.299086,0.700857
CGAATTACATGGTGTT-1,0.000197,0.31204,0.687763
CGAATTCCCGGTTCAA-1,0.898357,0.101454,0.00019
CGACAATTTGATCTAA-1,0.000068,0.278399,0.721532
CGACACCGCTTAAGGA-1,0.038977,0.629393,0.331631
CGACACGCTCCGACAG-1,0.080683,0.347995,0.571322
CGACACGGATGCCCAC-1,0.000084,0.709903,0.290014
CGACAGTTCGCGTTAT-1,0.081681,0.702156,0.216163
CGACATGCGATCTTCT-1,0.0004,0.001601,0.997999
CGACCCTTAACGCCGG-1,0.000041,0.279888,0.720071
CGACCTACTAGACAAT-1,0.000021,0.701057,0.298922
CGACGCATCCGTACCT-1,0.000031,0.752344,0.247625
CGACTCAGGATGTTAT-1,0.000266,0.571194,0.42854
CGACTCGGTACACGGT-1,0.000041,0.958169,0.04179
CGACTTTGTATAGCCT-1,0.033859,0.695672,0.270469
CGAGACCCTAGAGTGT-1,0.094542,0.371897,0.533561
CGAGACTACTGCTGCT-1,0.038647,0.536942,0.42441
CGAGAGATGTGAACCT-1,0.006979,0.043675,0.949346
CGAGAGCGCGTAGATA-1,0.000091,0.003033,0.996876
CGAGAGGGTAGCCGCG-1,0.002838,0.709511,0.287651
CGAGATGTTGCCTATA-1,0.354283,0.003684,0.642033
CGAGATTTCGCTCGGG-1,0.000036,0.973754,0.026209
CGAGCACTTCAAGTTT-1,0.002087,0.740057,0.257856
CGAGCCGAGCACTCGA-1,0.003131,0.012521,0.984349
CGAGCGTTGATCAGCC-1,0.003684,0.014729,0.981587
CGAGCTGGGCTTTAGG-1,0.000187,0.786358,0.213455
CGAGGAGCTTCCATAT-1,0.000324,0.19233,0.807346
CGAGGATCGGGAACGA-1,0.000058,0.85404,0.145903
CGAGGCCAGGCATTGG-1,0.258298,0.012519,0.729182
CGAGGCTAAATATGGC-1,0.000062,0.90976,0.090178
CGAGGGACTGCGGTCG-1,0.000076,0.893253,0.10667
CGAGGGTATCCAGGTG-1,0.556958,0.096386,0.346655
CGAGTACTAAAGAGGA-1,0.000144,0.691807,0.308049
CGAGTGAAGGTACCAG-1,0.000046,0.624358,0.375597
CGAGTGCTATAGTTCG-1,0.005217,0.020864,0.973919
CGAGTTCTGTCCCACC-1,0.010148,0.799021,0.19083
CGAGTTTATCGGACTG-1,0.00014,0.223477,0.776384
CGATAACCAATTTGAG-1,0.013963,0.419828,0.566209
CGATAATACTCAGGTT-1,0.053887,0.525235,0.420878
CGATACCTCGCGGACA-1,0.000053,0.914865,0.085082
CGATAGTCGTACTGCA-1,0.999071,0.000531,0.000398
CGATATTAGCCGCAGG-1,0.002236,0.008945,0.988819
CGATCATTAGAGGCAC-1,0.000021,0.99987,0.000109
CGATCCACCATTGTTG-1,0.000032,0.883526,0.116442
CGATCCGACCCAGTGC-1,0.000019,0.999923,0.000057
CGATCCTCGCAACATA-1,0.787316,0.000818,0.211866
CGATCGAGAAGCACCA-1,0.018713,0.692736,0.288551
CGATCTGTTGGAGGAC-1,0.009541,0.654017,0.336442
CGATGGACCCTACGCC-1,0.000611,0.002443,0.996946
CGATGTTGTTATCTAC-1,0.000042,0.74592,0.254038
CGATTAAATATCTCCT-1,0.038199,0.370428,0.591372
CGATTCGCCTGGCTGC-1,0.00008,0.652239,0.347681
CGCAAACACGAGTTAC-1,0.034172,0.00283,0.962998
CGCAATCGATCATTAG-1,0.062776,0.485757,0.451467
CGCAATTACTTTCGGT-1,0.128881,0.131307,0.739812
CGCAATTAGGGTAATA-1,0.000148,0.557141,0.442711
CGCAATTCTACAATAA-1,0.000567,0.137245,0.862188
CGCACATGTCCACTAC-1,0.000082,0.608662,0.391256
CGCACGTCTGTTTATG-1,0.04482,0.395644,0.559536
CGCACGTGCGCTATCA-1,0.094035,0.229936,0.676028
CGCAGAAACATTTGCG-1,0.113818,0.007475,0.878707
CGCAGATCTTCACCCG-1,0.025074,0.795821,0.179106
CGCAGGCGATCCAAAC-1,0.055666,0.490027,0.454307
CGCATCATGGCTTCAG-1,0.141504,0.001391,0.857105
CGCATCCATCAGCCAG-1,0.000201,0.272533,0.727267
CGCATGCCGAATGCGT-1,0.77753,0.000909,0.221561
CGCATGGTGCGATGCT-1,0.000095,0.336945,0.66296
CGCATTAGCTAATAGG-1,0.00028,0.559017,0.440704
CGCCAAGAAGCCGAGT-1,0.000062,0.817764,0.182174
CGCCAATTATTGCGTT-1,0.005215,0.020862,0.973924
CGCCACAGGTCGCGAT-1,0.000039,0.475464,0.524497
CGCCACCCGCATTAAC-1,0.205178,0.017889,0.776933
CGCCAGTAGTACCTTG-1,0.029872,0.281508,0.68862
CGCCATCCGATTATGA-1,0.000208,0.54203,0.457762
CGCCCAGCGTTTCACG-1,0.999438,0.000321,0.000241
CGCCCGCTTCCGTACA-1,0.000507,0.156484,0.843009
CGCCCTAATTGTTCAA-1,0.476932,0.199425,0.323643
CGCCCTTACATCCACC-1,0.000115,0.82121,0.178675
CGCCCTTGAAGGCTGA-1,0.003056,0.555518,0.441426
CGCCGACTATTCGCTA-1,0.069944,0.582534,0.347523
CGCCGCCCATGCCTGT-1,0.000048,0.960086,0.039866
CGCCGCGTTCTGAACG-1,0.000037,0.500622,0.499341
CGCCGGTGTCGCAGTA-1,0.01148,0.124378,0.864142
CGCCGTCTACCCATCG-1,0.000077,0.350908,0.649014
CGCCGTTCAGCATAGT-1,0.000043,0.93664,0.063317
CGCCTCCCTCCTCTAT-1,0.002885,0.797408,0.199707
CGCCTGGCCTACGTAA-1,0.000135,0.012429,0.987436
CGCCTTTAGCATGCTC-1,0.051555,0.138866,0.80958
CGCGAAGTGGCATACT-1,0.534293,0.128705,0.337002
CGCGACACTGCGCAGC-1,0.001528,0.006108,0.992365
CGCGACCGCGACAGAT-1,0.060718,0.288226,0.651055
CGCGAGAGGGACTTGT-1,0.053319,0.001,0.945682
CGCGAGTCTGCCGGGT-1,0.085584,0.513818,0.400598
CGCGCAAATGTCCAGA-1,0.000105,0.233337,0.766558
CGCGCAAGGAACTACA-1,0.004171,0.01669,0.979139
CGCGCATGTTTGATTG-1,0.000065,0.521122,0.478812
CGCGCCCGACTTAATA-1,0.000234,0.549314,0.450452
CGCGGCAGTATTACGG-1,0.004817,0.019259,0.975924
CGCGGCTCAACTTGAA-1,0.00006,0.433006,0.566934
CGCGGGAATTAGGCAG-1,0.000155,0.174438,0.825406
CGCGGGAATTCCTTTC-1,0.338317,0.414189,0.247495
CGCGGTAAGTCTAGCT-1,0.098243,0.873609,0.028149
CGCGGTCACAAACCAA-1,0.020373,0.089787,0.889839
CGCGTACATTCTGGAA-1,0.014498,0.207215,0.778286
CGCGTCATATTAAACC-1,0.000308,0.004901,0.994791
CGCGTGCTATCAACGA-1,0.001789,0.007156,0.991055
CGCGTGGGCCTGTGTT-1,0.251489,0.001473,0.747038
CGCGTTCATGAAATAC-1,0.000214,0.020097,0.979689
CGCTACCGCCCTATGA-1,0.157585,0.005163,0.837252
CGCTACGGGACATTTA-1,0.000092,0.488222,0.511686
CGCTAGAGACCGCTGC-1,0.000035,0.975504,0.02446
CGCTATACCGCCCACT-1,0.003795,0.015178,0.981027
CGCTATCGTGGCTTTA-1,0.000046,0.767125,0.232829
CGCTATTCAATGTATG-1,0.002913,0.011649,0.985438
CGCTATTCTTAGGCTC-1,0.014353,0.882289,0.103359
CGCTCGACATAATGAT-1,0.000557,0.560272,0.439172
CGCTCTCCGTAGATTA-1,0.044001,0.260104,0.695895
CGCTGAGGACGTCCAA-1,0.001456,0.005825,0.992719
CGCTGGTGACTACCCT-1,0.01415,0.168933,0.816917
CGCTGTGACGCCGCAC-1,0.000384,0.162142,0.837474
CGCTGTGTGGATGTTG-1,0.002397,0.070136,0.927467
CGCTTAGTATTGATAC-1,0.932482,0.067286,0.000232
CGCTTATTCCCGGTCG-1,0.000029,0.999884,0.000087
CGCTTCCACTGAAATC-1,0.004041,0.016158,0.979802
CGCTTCGGTCTAAGAC-1,0.858072,0.108384,0.033544
CGCTTGGACGGATAGA-1,0.119728,0.169242,0.71103
CGCTTTCATACCGGTG-1,0.002557,0.010223,0.98722
CGCTTTCCGCCAAGGT-1,0.008894,0.636455,0.354651
CGCTTTCTTGCATTCG-1,0.000188,0.488284,0.511528
CGGAAAGAATCAAACG-1,0.004818,0.083091,0.912091
CGGAAAGCAAATGTGC-1,0.330762,0.006861,0.662376
CGGAAATTTCACATCC-1,0.000165,0.161291,0.838544
CGGAACGTAAACATAG-1,0.000051,0.224344,0.775605
CGGACCTTTACGTCCC-1,0.021752,0.505305,0.472944
CGGACGTTACTTGAAG-1,0.010203,0.53692,0.452877
CGGAGCAATTTAATCG-1,0.000116,0.298884,0.701
CGGAGCATGGCGATCC-1,0.00006,0.831735,0.168205
CGGAGCTTATAACACC-1,0.000146,0.150953,0.848901
CGGAGTCCTAACCTGG-1,0.064104,0.001941,0.933954
CGGAGTTTGAGAGACA-1,0.000211,0.245855,0.753934
CGGATAAGCGGACATG-1,0.002123,0.361156,0.636722
CGGATCCTCAAGGACT-1,0.005412,0.137594,0.856994
CGGATGAATGCTGTGA-1,0.021729,0.184633,0.793638
CGGCAAACATCGTGCG-1,0.073928,0.362314,0.563758
CGGCAATAAGATCGCC-1,0.05922,0.679452,0.261328
CGGCACCGTTAGCGCC-1,0.000169,0.421749,0.578082
CGGCACTCAAGAAAGT-1,0.001128,0.645617,0.353255
CGGCAGGGTCGGGTTG-1,0.000216,0.094639,0.905146
CGGCCACGCACAAAGT-1,0.000146,0.012776,0.987078
CGGCCAGAGCGACCAT-1,0.25934,0.001,0.73966
CGGCCCAACCTGTAGT-1,0.000071,0.755064,0.244864
CGGCCCAGGTATATCC-1,0.000044,0.714485,0.285471
CGGCGCCATCAATCCC-1,0.026569,0.495934,0.477498
CGGCTCTAAAGCTGCA-1,0.000058,0.24396,0.755981
CGGCTCTTCGTCGAAC-1,0.000286,0.320807,0.678907
CGGCTGAAGGTTACGC-1,0.019913,0.75352,0.226567
CGGCTGCAAGATTAAG-1,0.048161,0.001133,0.950705
CGGCTTTGTATGATAA-1,0.103192,0.080047,0.81676
CGGGAACGCCCTGCAT-1,0.113279,0.520011,0.36671
CGGGAAGTACCGTGGC-1,0.280805,0.000596,0.718598
CGGGAATATAGTATAC-1,0.000049,0.492173,0.507779
CGGGAATTTATGTAAA-1,0.023785,0.426703,0.549512
CGGGAGCTTCAGTGTA-1,0.111574,0.657993,0.230433
CGGGAGTATACCGCCG-1,0.008946,0.035759,0.955295
CGGGATCAATGTAAGA-1,0.000331,0.477728,0.52194
CGGGCAGCTAAACCGC-1,0.000121,0.368947,0.630932
CGGGCCATAGCCGCAC-1,0.004639,0.018547,0.976815
CGGGCCTTCTTTGTAA-1,0.030561,0.597829,0.371609
CGGGCGATGGATCACG-1,0.119927,0.001123,0.87895
CGGGCTACTTAAATTG-1,0.000071,0.456372,0.543557
CGGGTGTACCCATTTA-1,0.025099,0.370807,0.604095
CGGGTTCGGCACGTAT-1,0.0903,0.088352,0.821348
CGGGTTGTAGCTTTGG-1,0.293471,0.045517,0.661012
CGGGTTTGTTAGGGCT-1,0.000041,0.841691,0.158268
CGGTAACAAGATACAT-1,0.112813,0.008078,0.879109
CGGTACGGCAAACCCA-1,0.000014,0.552136,0.447851
CGGTACTAGAATCAAA-1,0.0179,0.472056,0.510043
CGGTAGAGGTGCAGGT-1,0.000203,0.545718,0.454079
CGGTATAGGTATTAGC-1,0.00013,0.53674,0.46313
CGGTCAAGTGGGAACC-1,0.000092,0.540286,0.459623
CGGTCAGTCCATATTT-1,0.138867,0.173969,0.687165
CGGTCCATGAGACTCC-1,0.000067,0.684007,0.315926
CGGTCCGTCGCAAGCC-1,0.621709,0.001704,0.376588
CGGTCTATCAACCCGT-1,0.000163,0.713634,0.286202
CGGTGAAGACTAAAGT-1,0.000154,0.579676,0.42017
CGGTGCAGATAGAACG-1,0.000124,0.016238,0.983637
CGGTGCGCGTTGGTCC-1,0.000123,0.274362,0.725515
CGGTGGGCTCCAGCCT-1,0.019317,0.578138,0.402545
CGGTGTACTTGATCCC-1,0.004816,0.019262,0.975921
CGGTTATCCAACAGTG-1,0.000196,0.439547,0.560257
CGGTTCAAGTAGGTGT-1,0.088857,0.186553,0.72459
CGGTTCCGGCTTCTTG-1,0.005008,0.020028,0.974963
CGGTTGACCTGGCATA-1,0.025715,0.899322,0.074963
CGGTTGAGTATCCTTC-1,0.537193,0.001037,0.46177
CGGTTGGGCAGGGTCC-1,0.000036,0.889573,0.110391
CGGTTGGGTTCAAGTT-1,0.014757,0.635303,0.34994
CGGTTTATGAAGGAAC-1,0.000103,0.402303,0.597594
CGTAAACGCTTGAGTG-1,0.003131,0.012518,0.984351
CGTAAAGCAAGAAATC-1,0.018722,0.082134,0.899144
CGTAACGGAACGATCA-1,0.000035,0.699511,0.300454
CGTAACTTCGACACTT-1,0.277522,0.115732,0.606746
CGTAATAATTACGAGT-1,0.010432,0.041728,0.94784
CGTACCGAAAGTCTAG-1,0.002053,0.008212,0.989735
CGTACCTGATAGGCCT-1,0.000416,0.001664,0.99792
CGTAGCGAATTGTCAG-1,0.117559,0.318739,0.563703
CGTAGCGCCGACGTTG-1,0.000656,0.002622,0.996722
CGTATCTAGAACTAAG-1,0.87904,0.120834,0.000125
CGTATTAAGAGATCTA-1,0.011957,0.688527,0.299516
CGTATTGTTTCCTAAT-1,0.000094,0.651979,0.347927
CGTATTGTTTGGCGCC-1,0.04603,0.039122,0.914848
CGTCAAATGGTCGCAG-1,0.000047,0.863597,0.136357
CGTCAAGGCTATAAAT-1,0.00022,0.000882,0.998898
CGTCAATCTTTAACAT-1,0.004472,0.01789,0.977638
CGTCACGTCCATTGGT-1,0.000111,0.00266,0.99723
CGTCAGCTATTTACTC-1,0.005964,0.023842,0.970194
CGTCAGTGCGCACAAG-1,0.100468,0.004472,0.89506
CGTCAGTTTATCGTCT-1,0.000511,0.002066,0.997422
CGTCATACCATATCCA-1,0.005442,0.978221,0.016337
CGTCCAGATGGCTCCA-1,0.233822,0.003407,0.762771
CGTCCTCATCGCGTGC-1,0.208356,0.001518,0.790127
CGTCGCATGTGAGCCA-1,0.593405,0.071561,0.335035
CGTCGCGGCGGGATTT-1,0.366657,0.017884,0.615459
CGTCGCTTGGTTATAC-1,0.146452,0.188433,0.665114
CGTCGGATAGTGTTGA-1,0.00016,0.672118,0.327722
CGTCGGGTCTAAGCGC-1,0.000022,0.766165,0.233812
CGTCGTCCTTCGCGAA-1,0.000083,0.432962,0.566955
CGTCTCTCGCCGAGGC-1,0.174413,0.227849,0.597739
CGTCTGGAAGGGCCCG-1,0.227064,0.004681,0.768255
CGTCTTGAGTGTGACG-1,0.000046,0.792561,0.207393
CGTGAACTGACCCGAT-1,0.001964,0.460542,0.537495
CGTGAAGTTAATTCAC-1,0.02793,0.565694,0.406376
CGTGACATTGGGTCGT-1,0.000281,0.347097,0.652621
CGTGACCAGTCCTCTG-1,0.000189,0.000755,0.999056
CGTGCACACCACTGTA-1,0.416116,0.091261,0.492623
CGTGCAGACTGGGACA-1,0.019299,0.838173,0.142528
CGTGCATTGTCGACGC-1,0.000065,0.851527,0.148409
CGTGCCCGACATTTGT-1,0.000803,0.419314,0.579883
CGTGCCCTCCCGAAGA-1,0.000117,0.155396,0.844487
CGTGCTGGCCTAGTCG-1,0.003578,0.014308,0.982114
CGTGCTTCTACCTAAA-1,0.000097,0.007375,0.992528
CGTGGAAGCCTCGTAC-1,0.00002,0.998386,0.001594
CGTGGCCGAATATCTA-1,0.000111,0.148481,0.851408
CGTGGTACCCAAAGGC-1,0.998844,0.000661,0.000496
CGTGTATGGGAGCTGA-1,0.794021,0.004007,0.201973
CGTGTCCCATTCGCGA-1,0.000409,0.00183,0.99776
CGTGTCTCGTTACGAC-1,0.065853,0.106966,0.827181
CGTGTGTTAAACCCTG-1,0.02817,0.642122,0.329708
CGTTAAACTAGTTAGG-1,0.345666,0.528244,0.126091
CGTTAATGTCCCGACG-1,0.000049,0.77547,0.224481
CGTTAGCTCACAACTG-1,0.03009,0.204189,0.765722
CGTTATCATACTTCCA-1,0.000106,0.243646,0.756248
CGTTCAAGGAAACGGA-1,0.228656,0.00076,0.770584
CGTTCAGACCCGCGAA-1,0.274792,0.361992,0.363216
CGTTCATGGTGCGCGT-1,0.00006,0.586281,0.41366
CGTTCTTCGCACACCT-1,0.000206,0.196661,0.803133
CGTTGAATACCGCGCT-1,0.000052,0.486301,0.513647
CGTTGAGCGACCGTCG-1,0.01271,0.519822,0.467468
CGTTGAGTAATTGCGT-1,0.107593,0.455204,0.437203
CGTTGCCCGCGTGGGA-1,0.58108,0.00107,0.41785
CGTTGTAAACGTCAGG-1,0.371669,0.015643,0.612687
CGTTGTAAGATTGATT-1,0.032905,0.220204,0.746891
CGTTGTCGGCAATTGA-1,0.344786,0.024256,0.630958
CGTTGTTTCAATTCCC-1,0.059454,0.001941,0.938605
CGTTTAAGCGGAGCAC-1,0.001987,0.007949,0.990064
CGTTTACAAGGCAGCT-1,0.000123,0.669475,0.330402
CGTTTCACTTCGGGCG-1,0.000764,0.355247,0.643989
CGTTTCGCTCATTACA-1,0.000214,0.000855,0.998931
CGTTTGGTGTTGTGGG-1,0.008052,0.030528,0.96142
CGTTTGTGTAGAGGGT-1,0.022372,0.335537,0.642091
CTAAACGGGTGTAATC-1,0.002277,0.009108,0.988615
CTAAAGAATGCCTACT-1,0.002998,0.62084,0.376162
CTAAAGGGAAATAGGA-1,0.011676,0.416322,0.572002
CTAAAGTCCGAAGCTA-1,0.002981,0.011925,0.985094
CTAAATCCGGTGTACA-1,0.000687,0.000349,0.998964
CTAAATCCTATTCCGG-1,0.021695,0.347705,0.6306
CTAACAGCACAATAAC-1,0.027441,0.225493,0.747066
CTAACCGCGCGCCCGT-1,0.029898,0.964741,0.005361
CTAACGAAACTTGCTG-1,0.02354,0.426799,0.54966
CTAACTGATAATCGCC-1,0.009529,0.545427,0.445043
CTAACTGGTCCGGTTC-1,0.011655,0.349755,0.63859
CTAAGGGAATGATTGG-1,0.000079,0.368125,0.631796
CTAAGTACAGGGCTAC-1,0.000248,0.127859,0.871893
CTAATGCGCCCAACAA-1,0.003053,0.012214,0.984732
CTAATTATGAAGCGTA-1,0.00582,0.380526,0.613654
CTAATTCGCACGCGCT-1,0.000233,0.80054,0.199227
CTAATTCTCAGATATT-1,0.02427,0.604687,0.371043
CTAATTTCAACAACAC-1,0.560325,0.00659,0.433086
CTACAAGAAATAACCC-1,0.024149,0.627695,0.348156
CTACACTAGCTTGTTC-1,0.226448,0.005824,0.767728
CTACACTCGCAGATGG-1,0.000112,0.572881,0.427008
CTACATATCGCGGGAC-1,0.14873,0.000963,0.850307
CTACCCTAAGGTCATA-1,0.030972,0.386938,0.582089
CTACGAACTAGGTCGA-1,0.019444,0.421396,0.55916
CTACGACTAGCTATAA-1,0.002647,0.797723,0.19963
CTACGATCCTATCCTA-1,0.131487,0.00094,0.867573
CTACGCACGGAGTACC-1,0.000135,0.548315,0.45155
CTACGCCATTTCCGAT-1,0.000829,0.003317,0.995854
CTACGTGTTGCCACCA-1,0.004472,0.320404,0.675124
CTACTATCATAGGTTT-1,0.012757,0.489577,0.497665
CTACTATCTTTCAGAG-1,0.000199,0.672988,0.326814
CTACTCAAGGTATAGT-1,0.042017,0.075868,0.882115
CTACTCTAGGCCCGGC-1,0.007942,0.747847,0.244211
CTACTGCCACCTGACC-1,0.039546,0.601167,0.359287
CTAGACATATATGTAG-1,0.039738,0.342513,0.617749
CTAGACTGCATTTCGT-1,0.047387,0.7232,0.229413
CTAGATAAACTCCTCG-1,0.004039,0.016152,0.979809
CTAGATGTGAGTGTAA-1,0.027968,0.836265,0.135767
CTAGATTTACGACGGC-1,0.000082,0.707196,0.292722
CTAGCAACTAATTTAC-1,0.003579,0.01431,0.982111
CTAGCATAGTATAATG-1,0.029923,0.86754,0.102537
CTAGCCACAGGCGAGC-1,0.000077,0.388002,0.611921
CTAGCCGATGTTATGA-1,0.000199,0.413724,0.586077
CTAGCGCCAATCCTAC-1,0.00536,0.913716,0.080925
CTAGCTTAATGGTCCC-1,0.000058,0.547561,0.452381
CTAGGCGCCCTATCAG-1,0.000069,0.371729,0.628202
CTAGGCGGCAGAGAAT-1,0.003795,0.015181,0.981024
CTAGGGATAGGGACAA-1,0.108028,0.376123,0.515849
CTAGGTCTGAAGGAAT-1,0.000017,0.999932,0.000051
CTAGGTTCGGACGTGA-1,0.025339,0.239844,0.734817
CTAGTAGAAAGGGATT-1,0.10279,0.157999,0.739211
CTAGTATTCGGAATTA-1,0.076541,0.575967,0.347491
CTAGTCACGTCTTAAG-1,0.028484,0.45415,0.517365
CTAGTGAAGGACAGGA-1,0.000305,0.2605,0.739195
CTAGTTACAACCCGGT-1,0.038358,0.156881,0.804762
CTAGTTGGGCCCGGTA-1,0.026399,0.000907,0.972693
CTATAAGAGCCAATCG-1,0.000207,0.430404,0.569389
CTATAAGTAGGGTTTG-1,0.045089,0.207675,0.747236
CTATACTTAAAGCGAG-1,0.102693,0.197348,0.699958
CTATAGGCGTTGATGT-1,0.116162,0.001014,0.882824
CTATATCCAGCCTGGC-1,0.038797,0.000655,0.960548
CTATCGACGAAATACA-1,0.008087,0.614063,0.37785
CTATCGCGTAGAGAAC-1,0.000051,0.409297,0.590652
CTATCGGGTCTCAACA-1,0.00009,0.408616,0.591294
CTATGAACACCTTGCC-1,0.000023,0.77003,0.229947
CTATGCCCGAATGCAA-1,0.482316,0.061301,0.456382
CTATGGGAAGCGGAAT-1,0.000085,0.390903,0.609012
CTATGTCACTAGCCCA-1,0.004887,0.915919,0.079193
CTATGTCTATTGAAAC-1,0.000359,0.386504,0.613137
CTATGTGAGTCACGGC-1,0.011598,0.806405,0.181997
CTATTCATGTGTCCCA-1,0.04414,0.237235,0.718625
CTATTGTGTTTGGTCA-1,0.100647,0.021844,0.877509
CTATTTGCTTGGAGGA-1,0.000257,0.001026,0.998717
CTATTTGGTTACGGAT-1,0.000272,0.497429,0.502298
CTCAACTAACCCGGAT-1,0.16528,0.000462,0.834258
CTCAAGACATTAGCGC-1,0.059547,0.531712,0.408741
CTCACACGCAAGCCTA-1,0.000556,0.982388,0.017057
CTCACATTTACTAAAT-1,0.313405,0.049411,0.637184
CTCACCAGTACAAGTG-1,0.000283,0.355498,0.644219
CTCACCGATCCAAACT-1,0.016513,0.646298,0.33719
CTCACTGTGATACTTA-1,0.05789,0.000832,0.941278
CTCACTTGGCTGGTAA-1,0.050493,0.350158,0.599349
CTCAGAGCTAATGTCG-1,0.523231,0.271751,0.205018
CTCAGATTGTGATAAG-1,0.000058,0.772256,0.227686
CTCAGCAGACTGCCGA-1,0.051636,0.345212,0.603152
CTCAGGACTCACCTGT-1,0.007365,0.029457,0.963178
CTCAGTCACGACAAAT-1,0.027437,0.435082,0.537481
CTCATCACTTAGTGAT-1,0.00767,0.758429,0.233901
CTCATGGCTCACAATC-1,0.001108,0.004433,0.994459
CTCATGGTAATTTGCG-1,0.000068,0.382962,0.61697
CTCATTAACGTTGCCC-1,0.000107,0.546747,0.453146
CTCATTCGTGAACATC-1,0.000531,0.002123,0.997347
CTCATTGCTCTAACAA-1,0.00009,0.528059,0.471851
CTCATTTGATGGGCGG-1,0.000798,0.244946,0.754257
CTCCCAATGAGTCGCG-1,0.030972,0.309953,0.659075
CTCCCTCCTTTCGATC-1,0.011015,0.745393,0.243593
CTCCGAGTAAATCCGC-1,0.000047,0.463412,0.536542
CTCCGCCCACATGAGG-1,0.000026,0.999743,0.000231
CTCCGGCCTAATATGC-1,0.000472,0.951707,0.04782
CTCCGGCTTGTAGACA-1,0.015658,0.062597,0.921745
CTCCTAAGTTATGTCT-1,0.003794,0.015177,0.981029
CTCCTCCAGCTCACAC-1,0.412952,0.000874,0.586174
CTCCTGTTCAAGGCAG-1,0.203367,0.355216,0.441417
CTCCTTTACGCAAGTC-1,0.000268,0.013832,0.985901
CTCGAATGGAACGTAT-1,0.025959,0.817684,0.156357
CTCGAGACATACGATA-1,0.006692,0.330922,0.662386
CTCGAGATCCAAAGCA-1,0.002982,0.011928,0.98509
CTCGAGGCAAGTTTCA-1,0.003403,0.43438,0.562217
CTCGAGGTCGAACAGT-1,0.002279,0.731679,0.266042
CTCGATATTTGCGAGC-1,0.000218,0.727183,0.2726
CTCGCACCTATATAGT-1,0.000103,0.778688,0.221209
CTCGCATTGCATAGCC-1,0.599339,0.103929,0.296732
CTCGCCGAATGTAGGG-1,0.0001,0.019907,0.979993
CTCGCTAGGTAAGCGA-1,0.000083,0.513722,0.486195
CTCGGGATAACACCTA-1,0.052389,0.651136,0.296476
CTCGGGCATCGTCGGG-1,0.000572,0.002287,0.997141
CTCGGGTTCTCTGGCC-1,0.020932,0.000612,0.978456
CTCGGTACCACTGCTC-1,0.000038,0.984216,0.015746
CTCGGTCCGTAGCCTG-1,0.000673,0.391369,0.607958
CTCGTCGAGGGCTCAT-1,0.11053,0.024868,0.864602
CTCGTCTGTGCCTTCG-1,0.180491,0.001456,0.818053
CTCGTTACGGCTACCA-1,0.885801,0.057722,0.056476
CTCGTTTCTAATGTTT-1,0.000471,0.158542,0.840987
CTCTAATGCATTGATC-1,0.000191,0.197176,0.802633
CTCTACACTGGCGATT-1,0.014754,0.284547,0.700698
CTCTACATCCTGCGTG-1,0.000916,0.359968,0.639116
CTCTAGCCCTCGGAAA-1,0.572188,0.281159,0.146653
CTCTATTTGGCTGCAG-1,0.000072,0.486886,0.513042
CTCTCACAATCGATGA-1,0.000162,0.07051,0.929329
CTCTCGATGTGCGCCT-1,0.00039,0.353745,0.645864
CTCTCGCTGTACTATG-1,0.001026,0.004105,0.994868
CTCTCTAACTGCCTAG-1,0.00004,0.643883,0.356076
CTCTGCAGGCATTCTT-1,0.000027,0.529998,0.469975
CTCTGCGAAGCAAGCA-1,0.001957,0.007825,0.990218
CTCTGGACGCCTGGTG-1,0.000302,0.001207,0.998491
CTCTGTGCCTGCTATG-1,0.224316,0.003092,0.772592
CTCTGTTTGAGGATTC-1,0.000531,0.273931,0.725538
CTCTTCTATTGACTGG-1,0.000095,0.743112,0.256793
CTCTTCTGGAAGTTAG-1,0.421242,0.001066,0.577692
CTCTTGTCCCGCTTGG-1,0.000177,0.182161,0.817662
CTGAAACGGCCCTCAG-1,0.01144,0.719535,0.269024
CTGAAAGAGATCCGAC-1,0.000093,0.910725,0.089182
CTGAATCCGAGACCTC-1,0.000052,0.574146,0.425803
CTGAATTTATTGCCAG-1,0.117039,0.001325,0.881635
CTGACATAGAAATAGA-1,0.011456,0.302812,0.685733
CTGACTGCGCAGCTCG-1,0.04496,0.48807,0.46697
CTGAGAAAGTTCGGCG-1,0.044998,0.140172,0.814831
CTGAGCAAGTAACAAG-1,0.005446,0.021768,0.972786
CTGAGCGAGACTTATT-1,0.000106,0.679547,0.320347
CTGATAGTGTATCTCA-1,0.000396,0.001585,0.998019
CTGATCCCTTTATGCA-1,0.000089,0.426398,0.573513
CTGCAAATGGGCTCCA-1,0.000098,0.878467,0.121435
CTGCAAGCACGTTCCG-1,0.159628,0.226021,0.61435
CTGCACAACTACATAT-1,0.009724,0.687195,0.303081
CTGCACCTAGTCCACA-1,0.000094,0.862376,0.13753
CTGCACCTGGAACCGC-1,0.006955,0.02782,0.965225
CTGCACTCCAGTACAG-1,0.019343,0.23276,0.747896
CTGCAGAGAATCAGAG-1,0.295883,0.259472,0.444645
CTGCAGGTGCTCGGCC-1,0.011375,0.045517,0.943109
CTGCCAAGGTTGGAAG-1,0.000594,0.002374,0.997032
CTGCCATGCATCACAT-1,0.000111,0.486608,0.513281
CTGCCCACGAAGCGTT-1,0.000095,0.625596,0.374309
CTGCCTAGCCACCAAG-1,0.059635,0.209724,0.730641
CTGCCTCATATGCAAC-1,0.000031,0.94666,0.053309
CTGCCTTTAATACCTT-1,0.120705,0.065696,0.813599
CTGCCTTTCTAGTAAA-1,0.107585,0.198215,0.6942
CTGCGACCTCGCCGAA-1,0.052716,0.000368,0.946916
CTGCGATTTCGAGATT-1,0.000093,0.347262,0.652644
CTGCGGGTGAAATGTT-1,0.000255,0.691636,0.308109
CTGCGGTAGTCACGTG-1,0.000115,0.68065,0.319235
CTGCGTTACGATATAA-1,0.000206,0.492764,0.50703
CTGCTGAGGCCACGAA-1,0.000068,0.293653,0.706279
CTGCTGTCTAACGAGC-1,0.000052,0.710834,0.289114
CTGCTTGGCGATAGCT-1,0.000032,0.957529,0.042439
CTGCTTTATGTCCGCG-1,0.000186,0.444765,0.555048
CTGGAAATGGATGCTT-1,0.000111,0.513093,0.486796
CTGGAAGACACGGTGG-1,0.000069,0.276893,0.723038
CTGGACGCAGTCCGGC-1,0.000083,0.50058,0.499337
CTGGATTTACACTTGA-1,0.031363,0.066652,0.901986
CTGGCATCCGAATGAG-1,0.000041,0.710253,0.289706
CTGGCGACATAAGTCC-1,0.00019,0.602906,0.396904
CTGGCGCACAGGTCTG-1,0.011176,0.251154,0.73767
CTGGCGGGAATAAGTA-1,0.306985,0.011382,0.681633
CTGGCTCCTGCGGGAT-1,0.007826,0.03131,0.960865
CTGGCTGATTCATCCT-1,0.000085,0.404372,0.595543
CTGGCTGCTAACGTAA-1,0.008345,0.03339,0.958265
CTGGCTGGTTGTCAGT-1,0.014434,0.328441,0.657125
CTGGGATAAATAATGG-1,0.06584,0.459207,0.474954
CTGGGATACGCTACCC-1,0.000063,0.837312,0.162625
CTGGGATCGCCCAGAT-1,0.000591,0.002363,0.997046
CTGGGCACTAGTCGGA-1,0.0002,0.002658,0.997142
CTGGGCCTGCTATATC-1,0.000067,0.636513,0.36342
CTGGGCGGCCAAATGT-1,0.000166,0.272185,0.727649
CTGGGCTATCCTTTGG-1,0.000208,0.27234,0.727452
CTGGGTAGGCAGTTAA-1,0.000053,0.669456,0.330491
CTGGGTTGAGTTAAAG-1,0.000036,0.390565,0.609399
CTGGTAAAGACTTACA-1,0.000147,0.000586,0.999267
CTGGTAAAGTGTGGGC-1,0.004937,0.355239,0.639825
CTGGTAACACATAGAA-1,0.000037,0.667774,0.33219
CTGGTAACGAGCTCTT-1,0.010627,0.752443,0.23693
CTGGTCATTCCAATCC-1,0.002159,0.008637,0.989203
CTGGTCCTAACTTGGC-1,0.000403,0.003105,0.996493
CTGGTGAATGGGCCTA-1,0.559024,0.211144,0.229832
CTGGTTCAACGCATCA-1,0.260195,0.008076,0.731729
CTGGTTCGCGAGCTAC-1,0.00006,0.697128,0.302811
CTGGTTTCGAGCAAGA-1,0.004195,0.611397,0.384408
CTGTACTTCTTAGCAT-1,0.000083,0.810097,0.18982
CTGTAGCCATCTCACT-1,0.000065,0.789733,0.210203
CTGTAGTGAGGATCGA-1,0.102257,0.002105,0.895638
CTGTATGGTGTAGAAA-1,0.003211,0.012844,0.983945
CTGTCAAATGGCTCGG-1,0.02781,0.626744,0.345447
CTGTCACGCCAGGCGC-1,0.000117,0.366571,0.633312
CTGTCTGTGGCTGGCT-1,0.001693,0.006767,0.99154
CTGTGCAGGGTAGGTC-1,0.000086,0.272693,0.727221
CTGTGGTCGGGAGATA-1,0.021621,0.703959,0.27442
CTGTTACCCAATCTAG-1,0.000076,0.609178,0.390746
CTGTTCACTGCCTGTG-1,0.000773,0.003092,0.996135
CTGTTCATCTCACGGG-1,0.158251,0.012844,0.828904
CTGTTGGCTCTTCTGA-1,0.000629,0.002517,0.996854
CTGTTGTTCAGTCGTA-1,0.314262,0.161272,0.524466
CTTAAATAAGACCCAT-1,0.000348,0.418733,0.580919
CTTAACTTACAGTATA-1,0.273502,0.001486,0.725011
CTTAACTTCGAAGTAC-1,0.000639,0.002556,0.996806
CTTAAGCAGCGAGCCG-1,0.000948,0.540974,0.458077
CTTACACGGTATTCCA-1,0.000141,0.680558,0.319301
CTTACACTGGGAAATA-1,0.003683,0.205361,0.790956
CTTACTGACTCCTCTG-1,0.685822,0.001294,0.312883
CTTAGATGTTTCATCC-1,0.164311,0.000848,0.834841
CTTAGCCCGGATAGTG-1,0.026217,0.001527,0.972256
CTTAGCCTTCCACATG-1,0.000681,0.165283,0.834036
CTTAGGTATAGACCAG-1,0.032171,0.487153,0.480676
CTTAGGTCCCAATCGT-1,0.045597,0.566944,0.387459
CTTAGTAGGCCTACAG-1,0.000096,0.955847,0.044057
CTTAGTGTAGTAGCAT-1,0.227695,0.043268,0.729037
CTTAGTTGAGGAATCG-1,0.138311,0.000717,0.860972
CTTATAGATGGCTGTT-1,0.000166,0.067589,0.932245
CTTATGCGCTCAGGGC-1,0.000043,0.779418,0.220538
CTTATGTTGACTACCA-1,0.001763,0.007056,0.991181
CTTCAACTCCACTTGG-1,0.020952,0.618772,0.360275
CTTCACGCCCTGGTAC-1,0.011448,0.890361,0.098191
CTTCAGTGGTCGCCTA-1,0.000082,0.187902,0.812017
CTTCATAGCTCAAGAA-1,0.002319,0.009276,0.988405
CTTCATTGTCAGTGGA-1,0.022991,0.318815,0.658194
CTTCCGCTCCGTGAAG-1,0.049659,0.022333,0.928008
CTTCCTGCATATTTAC-1,0.000157,0.744375,0.255468
CTTCGATTGCGCAAGC-1,0.685239,0.001004,0.313757
CTTCGGCCAATTGTTT-1,0.000038,0.832358,0.167604
CTTCGTAGATAGGTGA-1,0.013849,0.856939,0.129213
CTTCGTGCCCGCATCG-1,0.082841,0.010888,0.906271
CTTCTATGTTGAAGTA-1,0.006736,0.068732,0.924531
CTTCTATTAATGCTAG-1,0.031307,0.542652,0.426041
CTTCTGGGCGTACCTA-1,0.352878,0.000992,0.64613
CTTCTTACGTCGTATA-1,0.001228,0.00491,0.993863
CTTGACCCGAAAGATA-1,0.000659,0.002636,0.996705
CTTGAGGTTATCCCGA-1,0.003794,0.349537,0.646669
CTTGAGTTAGGGTAAT-1,0.203531,0.58986,0.206609
CTTGATGACCATCCAG-1,0.261149,0.107527,0.631324
CTTGCAACCGCCTCCT-1,0.010828,0.9655,0.023672
CTTGCCCACCCACGCA-1,0.089447,0.763095,0.147458
CTTGCCCAGGCTCTAC-1,0.000108,0.1195,0.880392
CTTGGCCAAGCTGGGA-1,0.137962,0.104489,0.757549
CTTGTACTTGTTGACT-1,0.285372,0.201578,0.51305
CTTGTCAACATTCGAG-1,0.006956,0.020996,0.972048
CTTGTCGTACGTGTCA-1,0.002664,0.010659,0.986677
CTTGTGAGGACAGCGG-1,0.00432,0.017268,0.978412
CTTGTGAGTCTTTGAC-1,0.006955,0.027822,0.965223
CTTGTGCTCACCGATT-1,0.000153,0.839712,0.160135
CTTGTTGCTGAGTCAA-1,0.537246,0.31444,0.148314
CTTGTTTATGTAGCCA-1,0.005963,0.023856,0.970181
CTTTAACTTTCAAAGG-1,0.000364,0.001456,0.99818
CTTTAATATTGGTCGA-1,0.000147,0.342828,0.657025
CTTTACCGAATAGTAG-1,0.046824,0.189393,0.763783
CTTTAGGAACACTGTT-1,0.000052,0.887758,0.11219
CTTTAGTGCTATTATT-1,0.060806,0.138317,0.800876
CTTTCTGTGCGGGCTT-1,0.000093,0.230678,0.769229
CTTTGAAACATATTCC-1,0.0003,0.010082,0.989618
CTTTGACGTCGCTTCT-1,0.013866,0.891655,0.094479
CTTTGCATCGCTCTTG-1,0.000297,0.275938,0.723765
CTTTGCTGTCATGGAT-1,0.003434,0.851956,0.14461
CTTTGGCAGACAGAGT-1,0.000102,0.260064,0.739834
CTTTGGCGCTTTATAC-1,0.000344,0.001376,0.99828
CTTTGGCTTTAGTAAA-1,0.00018,0.140981,0.858839
CTTTGGGATTGTTGCA-1,0.107694,0.000919,0.891387
CTTTGTCGAATGCTCC-1,0.000662,0.694604,0.304734
GAAACAGATGACCACC-1,0.000032,0.84492,0.155047
GAAACAGCCATGCAGT-1,0.00054,0.002159,0.997301
GAAACATAGGAAACAG-1,0.04261,0.254749,0.70264
GAAACCATGGTGCGCT-1,0.204624,0.591721,0.203655
GAAACCGAATTACCTT-1,0.000043,0.537276,0.462681
GAAACTCGTGCGATGC-1,0.000552,0.002207,0.997242
GAAACTCTAATGAAGG-1,0.000309,0.397446,0.602245
GAAAGAACAGCGTTAT-1,0.00008,0.336788,0.663132
GAAAGCAGTGCACTTT-1,0.007496,0.18953,0.802974
GAAAGCCCTTTGGACC-1,0.036109,0.255109,0.708783
GAAAGTGACTAACTGC-1,0.190752,0.297749,0.511499
GAAATACCTGCTGGCT-1,0.000185,0.00673,0.993085
GAAATACTAAACGTTT-1,0.003386,0.013536,0.983078
GAAATATCACCATCAG-1,0.000153,0.151977,0.84787
GAAATATGCTTGAATG-1,0.020753,0.120011,0.859236
GAAATCGCGCGCAACT-1,0.000097,0.794044,0.205859
GAAATCTGACCAAGTT-1,0.000901,0.016174,0.982925
GAAATGGCGGTGTTAG-1,0.000047,0.804522,0.195431
GAAATGGGATGTAAAC-1,0.002556,0.272755,0.724689
GAAATTAGCACGGATA-1,0.028229,0.000774,0.970997
GAAATTCACATCGCTG-1,0.003384,0.013538,0.983078
GAAATTGTCTCTATAA-1,0.000051,0.576201,0.423748
GAACACACATCAACCA-1,0.00029,0.379961,0.619749
GAACAGATTACTAAAT-1,0.005019,0.634083,0.360899
GAACATTAGTATGTTA-1,0.000052,0.778562,0.221386
GAACCATCTGGGAGAC-1,0.000192,0.404302,0.595506
GAACCCTCTGTGTTCT-1,0.000119,0.232714,0.767166
GAACCTCGACCTACAC-1,0.054774,0.55041,0.394816
GAACCTTTAACGATCC-1,0.320086,0.000632,0.679282
GAACGACCGAATGATA-1,0.000275,0.572805,0.42692
GAACGATAAGTTAAAG-1,0.011741,0.191101,0.797158
GAACGCGGGTCACACG-1,0.018978,0.043153,0.93787
GAACGGTGTAAAGCAG-1,0.000076,0.60405,0.395874
GAACGTCTCATGGTCG-1,0.000164,0.304672,0.695164
GAACGTTAGGAAGACG-1,0.00021,0.325569,0.67422
GAACTGTGGAGAGACA-1,0.179615,0.000661,0.819725
GAACTTAGCGCCCGGT-1,0.100068,0.272439,0.627493
GAACTTGTGCACGGGA-1,0.016893,0.679993,0.303114
GAAGAAACGATATTGT-1,0.047765,0.359477,0.592758
GAAGAACGGTGCAGGT-1,0.005689,0.022755,0.971556
GAAGACTTCAATGCCG-1,0.000089,0.905458,0.094453
GAAGCCACTGATTATG-1,0.693329,0.220252,0.086419
GAAGCCGGGTAAGCTC-1,0.305205,0.231174,0.463621
GAAGCCTGCACATTCC-1,0.026376,0.000589,0.973035
GAAGCGTGAGGAATTT-1,0.000186,0.230296,0.769518
GAAGCTCGGACCCGTC-1,0.000044,0.527235,0.472721
GAAGCTCTTTGCTTAG-1,0.003795,0.015177,0.981029
GAAGCTTGCTGACCGC-1,0.000319,0.001278,0.998403
GAAGGACTAAATTGAA-1,0.002455,0.009817,0.987728
GAAGGAGTCGAGTGCG-1,0.541744,0.216956,0.2413
GAAGGCTACCATTGTT-1,0.058478,0.121711,0.819811
GAAGGGCATAACCATG-1,0.356219,0.016149,0.627632
GAAGTCAGTTGCACTA-1,0.000033,0.957964,0.042004
GAAGTCTCCCTAGCGA-1,0.000056,0.931019,0.068925
GAAGTGATTTATCGTG-1,0.000078,0.920702,0.07922
GAAGTGCTGGATAGCT-1,0.001376,0.005503,0.99312
GAAGTTTCCACTCAAT-1,0.013681,0.120582,0.865736
GAATAGACGCGACCCA-1,0.000075,0.181378,0.818546
GAATAGCATTTAGGGT-1,0.010744,0.386204,0.603052
GAATAGCCCTGCGGTC-1,0.00011,0.666577,0.333313
GAATAGTGCTCGATTA-1,0.000081,0.045291,0.954628
GAATATTCGGAGTCCC-1,0.150847,0.153385,0.695768
GAATCGACATGGTCAC-1,0.00107,0.004281,0.994649
GAATCGCCGGACACGG-1,0.004471,0.01789,0.977638
GAATCTATACTCGGAC-1,0.00031,0.00124,0.99845
GAATCTGAACATTCTC-1,0.000049,0.766842,0.23311
GAATGAAGGTCTTCAG-1,0.000031,0.958401,0.041568
GAATGCCGAAATGACC-1,0.003578,0.29063,0.705792
GAATGCGAATCGGTTC-1,0.199353,0.245977,0.55467
GAATGGGCTTATCGAC-1,0.000028,0.999888,0.000084
GAATGTATGGCAGGTC-1,0.000157,0.598297,0.401546
GAATGTGGTCCGGATT-1,0.048479,0.558536,0.392985
GAATGTTGGGTAATCT-1,0.000411,0.381747,0.617843
GAATTATAGTGAAAGG-1,0.000112,0.290609,0.70928
GAATTATGCAACCTAC-1,0.016036,0.92291,0.061054
GAATTCACCCGGGTGT-1,0.000021,0.853902,0.146078
GAATTTCTCGCTGCAG-1,0.000632,0.109407,0.88996
GACAAACATATGCAGG-1,0.007045,0.516545,0.47641
GACAACGACCATTGAA-1,0.015443,0.918909,0.065648
GACAACGCAGCTTACG-1,0.001473,0.208617,0.78991
GACAAGACGCCCGTGC-1,0.182189,0.264928,0.552883
GACAAGAGATGAGATT-1,0.016883,0.486915,0.496202
GACACAAGGGAAGAAA-1,0.000073,0.748222,0.251705
GACACAGCCGGGACTG-1,0.088837,0.068986,0.842177
GACACGAGTTAGAGGA-1,0.004039,0.016158,0.979804
GACACTGAGTTCAGTG-1,0.03342,0.315867,0.650714
GACACTGGAACCCGAT-1,0.004112,0.625879,0.370009
GACACTTCCAATTACC-1,0.282453,0.001193,0.716355
GACAGATTTCTGGCTC-1,0.005189,0.792711,0.202099
GACAGCCAGACCTGAC-1,0.010304,0.414945,0.574751
GACAGGCACACACTAT-1,0.000085,0.861387,0.138528
GACATACTGTCGCAGA-1,0.002982,0.011926,0.985092
GACATCCGTCGAACTG-1,0.86475,0.135079,0.000171
GACATCGATTTATAAC-1,0.005007,0.308149,0.686844
GACATTTCGCCCAGCC-1,0.376574,0.130233,0.493194
GACCAAACGTTGACTG-1,0.000845,0.714257,0.284898
GACCACACTTCCCTTT-1,0.000223,0.000891,0.998886
GACCAGAGCCCTGTAG-1,0.000088,0.688288,0.311624
GACCAGGTCATTCATA-1,0.000244,0.297608,0.702148
GACCCAATTATGATAC-1,0.031526,0.708004,0.26047
GACCCGTCGCCGGCTA-1,0.000835,0.136916,0.862249
GACCGACCGCTAATAT-1,0.128653,0.009106,0.862241
GACCGACGTGAAAGCA-1,0.000103,0.169455,0.830441
GACCGACTGAAGCGTC-1,0.07373,0.001026,0.925244
GACCGATTAAATATGT-1,0.211402,0.01471,0.773888
GACCGCGTCTGACGTG-1,0.13609,0.064646,0.799264
GACCGGTGATACTCTC-1,0.008794,0.735078,0.256129
GACCGTCAGGTCGTGA-1,0.168484,0.001196,0.83032
GACCGTGCTGACGGTG-1,0.000042,0.957944,0.042014
GACCGTTACATGCGAC-1,0.001763,0.77291,0.225327
GACCTGGTCTGGGCGT-1,0.001099,0.004393,0.994508
GACGACGATCCGCGTT-1,0.015199,0.287473,0.697328
GACGACTTTCCAAGAA-1,0.005006,0.020028,0.974966
GACGAGGCTAATAAAC-1,0.000039,0.530792,0.469169
GACGATATCACTGGGT-1,0.011673,0.614391,0.373936
GACGCCGTAAAGGCTA-1,0.000061,0.007305,0.992634
GACGCCTGTTGCAGGG-1,0.003912,0.260787,0.735302
GACGCTTGCTTCTAAA-1,0.000099,0.362646,0.637254
GACGGACCGCGTTCCT-1,0.040504,0.589116,0.37038
GACGGGATGTCTTATG-1,0.002236,0.586829,0.410935
GACGGGTTGGCCCGTA-1,0.170398,0.000893,0.828709
GACGGTCAATAGAAGC-1,0.000164,0.173844,0.825992
GACGGTCCTAGGGTGT-1,0.000104,0.043949,0.955947
GACGTGAGACTCCATG-1,0.262913,0.014311,0.722775
GACGTGTAGGGATTAT-1,0.001626,0.414695,0.583679
GACGTTCGTAAATACA-1,0.046956,0.176976,0.776068
GACGTTGCTCGGCGGC-1,0.029281,0.186241,0.784478
GACTAACACAGCACCT-1,0.000113,0.311213,0.688674
GACTAAGATCATGCAC-1,0.00062,0.00248,0.9969
GACTAAGTAGGCTCAC-1,0.000633,0.277226,0.722141
GACTACAAAGCGGTGG-1,0.000059,0.514761,0.48518
GACTACAATTGCTCGT-1,0.000106,0.770561,0.229334
GACTCACCCACGTGAG-1,0.000098,0.326051,0.673851
GACTCCCAGAATAAGG-1,0.008973,0.642348,0.348679
GACTCCTTCCAATTGA-1,0.000035,0.593589,0.406376
GACTCGCGGGAATGAC-1,0.000102,0.775695,0.224202
GACTCGGTCGGCGGAT-1,0.023625,0.00098,0.975395
GACTGATTGGTCACAA-1,0.000078,0.712156,0.287767
GACTGCAAATCGAGCT-1,0.004468,0.575737,0.419794
GACTGCACCAGCCCAG-1,0.000036,0.826883,0.173081
GACTGCGGCACGTGTA-1,0.000424,0.705516,0.29406
GACTGCTGGTGAGAAA-1,0.417675,0.038565,0.54376
GACTGGGCGCCGCAAC-1,0.000117,0.414154,0.585729
GAGAAACTGGATCCCA-1,0.999843,0.00009,0.000067
GAGAACGGTTCTGACT-1,0.703333,0.000771,0.295897
GAGAATCTCACGATCA-1,0.000229,0.103321,0.89645
GAGACCCTGCAACGCC-1,0.000065,0.925802,0.074133
GAGACTGATGGGTAGA-1,0.000174,0.104453,0.895373
GAGACTTCGCGACCGA-1,0.048997,0.17066,0.780343
GAGAGCGCAGTCCCTG-1,0.000304,0.436667,0.563029
GAGAGGCCTATGTGTA-1,0.999512,0.000318,0.00017
GAGAGGGCGCGAGGTT-1,0.000059,0.811734,0.188207
GAGAGGTGCATTCTGG-1,0.008272,0.197745,0.793982
GAGAGTCTCGGGAGAG-1,0.000085,0.037901,0.962014
GAGATCGATCTTACTC-1,0.163693,0.303459,0.532848
GAGATCTGCTTGGCAT-1,0.000296,0.001184,0.99852
GAGATCTGTCACTCCG-1,0.000181,0.881354,0.118465
GAGATCTTCCATGACA-1,0.000924,0.99651,0.002565
GAGATGACAATCCTTA-1,0.004888,0.563504,0.431608
GAGATGGCTTTAATCA-1,0.370184,0.018856,0.61096
GAGATGGGAGTCGACA-1,0.000058,0.161068,0.838874
GAGCACCTGTGTCCAG-1,0.008203,0.58602,0.405777
GAGCACGGCGCCTCTT-1,0.000118,0.000473,0.999409
GAGCATCAACAACTTG-1,0.178299,0.034693,0.787008
GAGCATCATCCCTGGG-1,0.002556,0.010223,0.987221
GAGCCACGGTAGTAGG-1,0.001439,0.005756,0.992805
GAGCCAGCTACCTGTG-1,0.000071,0.464448,0.535481
GAGCCGAGCGTTTATT-1,0.021461,0.173433,0.805106
GAGCGAGGGAGTACCG-1,0.124586,0.00468,0.870733
GAGCGCAAATACTCCG-1,0.007822,0.477527,0.514651
GAGCGCGCACGAGTAG-1,0.036935,0.779423,0.183642
GAGCGCTGTTAGGTAA-1,0.000074,0.058334,0.941591
GAGCGGAATGCGGTGT-1,0.35723,0.000633,0.642137
GAGCTAAGGGCATATC-1,0.000156,0.640303,0.359541
GAGCTCAACATGAGCG-1,0.050669,0.421864,0.527466
GAGCTCTCGGACCTAA-1,0.001509,0.006034,0.992457
GAGCTGTCGTCTCGGA-1,0.000191,0.186433,0.813376
GAGGAATATCTCTTTG-1,0.010222,0.806515,0.183263
GAGGAATGGAGAGGTT-1,0.000454,0.226289,0.773258
GAGGAGATCCTCATGC-1,0.385173,0.306415,0.308412
GAGGAGTAATTCCTAC-1,0.000829,0.003317,0.995854
GAGGATAAACAGTGCT-1,0.00004,0.762718,0.237242
GAGGCATTTGCAGCAG-1,0.000066,0.7821,0.217835
GAGGCCCGACTCCGCA-1,0.000051,0.700333,0.299615
GAGGCCTGTTGATACA-1,0.191697,0.091322,0.716981
GAGGCTATCAAAGTCG-1,0.00012,0.43396,0.56592
GAGGGAGTCAGATCGC-1,0.793214,0.04449,0.162296
GAGGGCATCGCGTATC-1,0.005965,0.976148,0.017888
GAGGGCCATAATATTA-1,0.026398,0.53011,0.443492
GAGGGCCGGCAGAGTC-1,0.000051,0.550483,0.449466
GAGGGCGCAGCTCTGC-1,0.000388,0.511175,0.488437
GAGGGTAGTAACAAAG-1,0.217583,0.000366,0.782052
GAGGTACATCCATCTT-1,0.119831,0.237251,0.642918
GAGGTACGCGTGTCCC-1,0.631985,0.000729,0.367286
GAGGTCCCAAAGATCT-1,0.005444,0.021763,0.972794
GAGGTCTTAGTGGGTC-1,0.000183,0.025822,0.973994
GAGTAAACCGGAAAGT-1,0.000056,0.428345,0.571599
GAGTAAATTAAGAACC-1,0.537316,0.216662,0.246023
GAGTAAGGCCACGGGA-1,0.000069,0.42419,0.575741
GAGTACGGGTATACAA-1,0.501654,0.006677,0.491669
GAGTAGATACTAGTTG-1,0.100427,0.005079,0.894494
GAGTATACCCTAATCA-1,0.000039,0.677954,0.322007
GAGTATCAAAGTTACA-1,0.074535,0.643519,0.281946
GAGTATGCCCGCCTTG-1,0.000061,0.417241,0.582698
GAGTATGCGCGTGCAT-1,0.11831,0.093562,0.788128
GAGTCAGACCAGAATC-1,0.024751,0.14237,0.832878
GAGTCCGCTTACCGGA-1,0.005273,0.613017,0.38171
GAGTCGACAGACCCTC-1,0.000835,0.003339,0.995827
GAGTCTTGTAAAGGAC-1,0.011878,0.55006,0.438062
GAGTGCACGGACAACA-1,0.000242,0.91031,0.089448
GAGTGTGCGGTACCCA-1,0.00008,0.065766,0.934155
GAGTTGATGGCAATTT-1,0.000019,0.811267,0.188714
GAGTTGTCACCAGTCT-1,0.256792,0.001271,0.741937
GATAAATCGGTGGATG-1,0.319993,0.008789,0.671218
GATAACTCGCACTGTG-1,0.024072,0.396706,0.579222
GATAAGGCAGATGCAA-1,0.003134,0.01252,0.984346
GATACCGTGTCGGAGT-1,0.012716,0.778482,0.208803
GATACGATGGGAGTCA-1,0.000063,0.4469,0.553037
GATAGAACCCGCTAGG-1,0.186067,0.006433,0.807501
GATAGCGTACCACGCG-1,0.002982,0.011926,0.985093
GATAGGATTAATTACA-1,0.000041,0.650142,0.349816
GATAGGTAACGTTGAC-1,0.000025,0.933667,0.066308
GATAGGTGTCCCGGGC-1,0.000052,0.459914,0.540034
GATAGTGCGAGTAAGT-1,0.173154,0.000477,0.82637
GATATCAAGCAGGAGC-1,0.000553,0.46479,0.534657
GATATCAGTATGTATC-1,0.533142,0.031299,0.435559
GATATCTCATGCAATA-1,0.001181,0.004725,0.994093
GATATGAGACACTAAC-1,0.147246,0.111726,0.741028
GATATGCGGTAGCCAA-1,0.002087,0.008348,0.989565
GATATGGATTACGCGG-1,0.000963,0.295897,0.70314
GATATTGAGATTGGCG-1,0.000052,0.988588,0.01136
GATATTTCCTACATGG-1,0.000146,0.875082,0.124772
GATCAACATAAAGGGA-1,0.06671,0.011124,0.922166
GATCATTCCAAACATT-1,0.000108,0.564516,0.435376
GATCCCTTTATACTGC-1,0.000342,0.238096,0.761561
GATCCGAATATAAGTG-1,0.000048,0.462647,0.537305
GATCCGGGAATTAACA-1,0.00882,0.67485,0.31633
GATCCTAAATCGGGAC-1,0.007729,0.879163,0.113108
GATCCTCGACACTGGC-1,0.013025,0.695621,0.291354
GATCCTCTTGCGCTTA-1,0.000149,0.601175,0.398676
GATCGACACTATCTGA-1,0.000111,0.851181,0.148708
GATCGCGGGCTCTCCA-1,0.000027,0.99989,0.000082
GATCGCTACCCGATTT-1,0.000077,0.488108,0.511815
GATCGCTATATCTCAG-1,0.117739,0.072991,0.809271
GATCGCTGTGGTGCGT-1,0.123561,0.066425,0.810014
GATCGGATAGAACCAT-1,0.003306,0.811637,0.185057
GATCGGCGATAAGTCG-1,0.075938,0.008637,0.915425
GATCGGTGGCCATAAC-1,0.000114,0.385104,0.614782
GATCGTGACTGATATC-1,0.061014,0.580045,0.358941
GATCTAACCGTATTCA-1,0.007007,0.626565,0.366429
GATCTCGACGCTGTGG-1,0.034987,0.595988,0.369025
GATCTGCTATCTAAGG-1,0.012517,0.09805,0.889432
GATCTTAGTGAACGTG-1,0.02451,0.302626,0.672864
GATCTTCATTGTCCTC-1,0.370064,0.026365,0.603571
GATCTTGGAGGGCATA-1,0.010407,0.773995,0.215598
GATCTTTGCAGGGTAT-1,0.000219,0.250274,0.749507
GATCTTTGCTCAAAGA-1,0.000091,0.389428,0.610482
GATGACAAGTAGGGCA-1,0.000037,0.744498,0.255465
GATGACGATGATCGCG-1,0.000196,0.449529,0.550274
GATGAGGAACCTTCGG-1,0.254612,0.001415,0.743973
GATGCCAGCAGAAGGC-1,0.442838,0.00759,0.549573
GATGCCTTCTGCGGCA-1,0.027929,0.641791,0.330279
GATGCGAATGGTATTA-1,0.001392,0.005565,0.993043
GATGCGTCCTGCATTC-1,0.000176,0.323356,0.676468
GATGCTACAAGCGCCT-1,0.001763,0.221295,0.776942
GATGCTACCTTCGATG-1,0.049263,0.000849,0.949888
GATGCTGTATTTCATC-1,0.000096,0.668743,0.331162
GATGGCGCACACATTA-1,0.001898,0.00759,0.990512
GATGGTGAAATAACCC-1,0.000057,0.69228,0.307663
GATGGTGCCCTAGGCA-1,0.000139,0.325707,0.674154
GATGTAACGAACCACC-1,0.000034,0.326831,0.673135
GATGTCCGGATCACAT-1,0.137789,0.362103,0.500109
GATGTCGGTCAACTGC-1,0.000216,0.66768,0.332104
GATGTGTTGTCACAAG-1,0.000212,0.185988,0.8138
GATGTTCAATCCACGA-1,0.004088,0.532841,0.463071
GATGTTTGTGCGAGAT-1,0.458584,0.006769,0.534647
GATTAACCGAAAGCCC-1,0.005443,0.685427,0.30913
GATTAATCCTGGCTCA-1,0.149964,0.00849,0.841546
GATTACTGAATTTGGG-1,0.00011,0.479685,0.520205
GATTCCCTTGTCGCAG-1,0.000123,0.785701,0.214176
GATTCCGCGTTTCCGT-1,0.000318,0.454628,0.545054
GATTCCTATACGGCGC-1,0.001181,0.556352,0.442467
GATTCGACGGTTCACG-1,0.000095,0.405163,0.594741
GATTCTGTTAATGAGT-1,0.01777,0.40925,0.57298
GATTGACACTCTGCTC-1,0.001456,0.005824,0.99272
GATTGCTCCAGTTGCA-1,0.025543,0.000695,0.973762
GATTTAGTGCGTACTG-1,0.034425,0.759839,0.205736
GCAAACCCTACATTAT-1,0.048536,0.345294,0.60617
GCAAACCTTGGCCATA-1,0.024823,0.413394,0.561784
GCAAACGTAAGCGACC-1,0.21788,0.00068,0.78144
GCAAACGTCGCCAGGT-1,0.003848,0.530094,0.466057
GCAAAGGGCGTTAGCC-1,0.246567,0.040141,0.713292
GCAAATATTACGCTTT-1,0.000157,0.351124,0.648719
GCAAATGAGGACACTT-1,0.000051,0.564517,0.435432
GCAACACACTAGAACT-1,0.00895,0.80458,0.18647
GCAACAGCAGTATGCG-1,0.000061,0.453976,0.545962
GCAACCACCAGACCGG-1,0.026989,0.481084,0.491927
GCAACCACGGCCGCGT-1,0.005235,0.563689,0.431076
GCAACCCAAGTTGTTT-1,0.000075,0.864561,0.135364
GCAACGGCTAGTTATG-1,0.047765,0.595183,0.357052
GCAAGAATTCCTTGGC-1,0.000089,0.000356,0.999554
GCAAGATGTGTTCGCG-1,0.000168,0.171936,0.827896
GCAAGCTGGAAACCGC-1,0.002539,0.59068,0.406782
GCAAGTGCACAGAGAA-1,0.000888,0.003552,0.99556
GCAAGTGTAAAGCATG-1,0.227847,0.00119,0.770963
GCAATTAGTCGCACCG-1,0.000069,0.680784,0.319146
GCACAAACCCTAGATG-1,0.356035,0.216754,0.427211
GCACAAACGAGGCGTG-1,0.006852,0.927355,0.065793
GCACAACCTCGGGCGT-1,0.000365,0.568027,0.431608
GCACAAGTGGATCATA-1,0.240219,0.01318,0.746601
GCACAAGTGTCGGAAG-1,0.000315,0.136116,0.863568
GCACACACTGGTAGCC-1,0.013483,0.848184,0.138333
GCACACAGCTATTACC-1,0.031683,0.653968,0.314349
GCACACGCCCATGGTC-1,0.023272,0.619308,0.35742
GCACAGCACGGGCCGA-1,0.000021,0.98536,0.014619
GCACCTTCCCGAAGGT-1,0.726471,0.05084,0.22269
GCACGCCGATTCCCGC-1,0.09069,0.437485,0.471825
GCACGCCTACTTAGAT-1,0.000029,0.906364,0.093607
GCACGTGGTTTACTTA-1,0.280664,0.00644,0.712896
GCACTAGTCGCGCTAT-1,0.006268,0.025028,0.968704
GCACTCCCACAGTCCC-1,0.242745,0.00506,0.752195
GCACTGTGCAAATGTA-1,0.002847,0.758611,0.238542
GCAGAAACGTAATCCA-1,0.066624,0.582072,0.351304
GCAGAAGGTAATCTCC-1,0.027893,0.525147,0.44696
GCAGACCCAGCACGTA-1,0.014226,0.712367,0.273407
GCAGATCCATAAGACT-1,0.000067,0.095228,0.904705
GCAGATCCTCGCAAAT-1,0.274886,0.227099,0.498015
GCAGATTAGGGATATC-1,0.034243,0.339473,0.626284
GCAGCACACAGCCCAG-1,0.052986,0.621272,0.325741
GCAGCCTATATCACAT-1,0.025763,0.820245,0.153993
GCAGCGGTGGGCATTA-1,0.005963,0.023841,0.970196
GCAGCTATGGACAGGT-1,0.00019,0.229036,0.770774
GCAGCTGTCAACGCAT-1,0.16304,0.115437,0.721524
GCAGGAACTTAGATCT-1,0.005469,0.46284,0.531691
GCAGGACTATAGAATA-1,0.000057,0.820359,0.179584
GCAGGTAGAGTATGGT-1,0.000582,0.16747,0.831948
GCAGTGCGGGCGGATG-1,0.000907,0.938596,0.060497
GCAGTGTGGCTATAGG-1,0.000127,0.478209,0.521664
GCAGTTCGATCCGAGC-1,0.000012,0.999951,0.000037
GCATAAATTGAACGCC-1,0.038199,0.761803,0.199998
GCATACGAGGTCTTTA-1,0.114645,0.675943,0.209412
GCATAGAGCACTCAGG-1,0.228158,0.543811,0.228031
GCATCCCTAACTTTGA-1,0.001565,0.685345,0.313089
GCATCGGCCGTGTAGG-1,0.000645,0.134893,0.864462
GCATGACACAAAGGAA-1,0.329066,0.045403,0.625531
GCATGAGGGACGCGGC-1,0.014468,0.183995,0.801537
GCATGCTAATAACGAT-1,0.186266,0.174629,0.639105
GCATGGGTACTGACGC-1,0.000604,0.763481,0.235915
GCATTCAAGGCAACGC-1,0.0001,0.873164,0.126736
GCATTCGAAATGAACA-1,0.000237,0.651675,0.348088
GCATTGACTTGCGGAA-1,0.000765,0.264409,0.734826
GCATTGTAATTCATAT-1,0.08716,0.169777,0.743063
GCATTTCCAAGGCTCC-1,0.056755,0.798202,0.145043
GCCAACCATTTCCGGA-1,0.011437,0.001164,0.987399
GCCAAGAATACTTCTG-1,0.001963,0.287515,0.710522
GCCAATAGGGCATCTC-1,0.000185,0.277116,0.722699
GCCACAATTTAAGGAC-1,0.000081,0.234279,0.76564
GCCACCCATTCCACTT-1,0.299033,0.568072,0.132895
GCCACTCAGAGCGCGA-1,0.154616,0.601133,0.244251
GCCACTCCTTACGGTA-1,0.043534,0.547371,0.409095
GCCAGGAAAGAACACT-1,0.047245,0.683984,0.268771
GCCAGGAGTAACCGAT-1,0.000245,0.358008,0.641747
GCCAGGCGTTCGCATG-1,0.056763,0.256563,0.686674
GCCAGGCTTAGTGGTA-1,0.004175,0.016697,0.979128
GCCATATTGCACACAG-1,0.000088,0.858374,0.141537
GCCATCGAGCTGCGTG-1,0.03338,0.086977,0.879643
GCCATCGATGCTGCAT-1,0.003616,0.643218,0.353166
GCCATTAGCCTCAAAC-1,0.000056,0.417209,0.582735
GCCCACCAAGGCTGTC-1,0.261406,0.027822,0.710772
GCCCACTGGTCCACAA-1,0.000051,0.676274,0.323675
GCCCAGATGCTGGAGA-1,0.000086,0.212946,0.786968
GCCCAGTTGGTATGCC-1,0.002912,0.011648,0.985439
GCCCATGGGTGCAATG-1,0.000147,0.203753,0.7961
GCCCGACTTCTTCCCG-1,0.032846,0.953521,0.013633
GCCCGAGAGTCTAAAT-1,0.085848,0.112933,0.801219
GCCCGATCTGTGGTCG-1,0.000035,0.716943,0.283022
GCCCGATGCCCAGTTC-1,0.000064,0.282247,0.717689
GCCCGCGCGTAAACGG-1,0.00208,0.579225,0.418694
GCCCGCGCGTTTGACA-1,0.004817,0.019267,0.975916
GCCCGTAATACCTTCT-1,0.024885,0.474788,0.500327
GCCCTAGCCGTCGCGA-1,0.006672,0.378516,0.614812
GCCCTGAGGATGGGCT-1,0.140454,0.001234,0.858312
GCCGAAATTCCTACGT-1,0.025236,0.08094,0.893824
GCCGACCCACGACTGC-1,0.043008,0.109228,0.847764
GCCGATTGGCCAAGCT-1,0.000079,0.65375,0.346171
GCCGCACTCCGTTTCA-1,0.038762,0.175475,0.785764
GCCGCATTAGTCCGGC-1,0.128686,0.297538,0.573776
GCCGCTAGATACGCAG-1,0.000231,0.409887,0.589881
GCCGCTTGTGAGAAAC-1,0.000062,0.264515,0.735423
GCCGGAAACACATCTT-1,0.0611,0.448136,0.490764
GCCGGGTTAGGGTCGC-1,0.000118,0.145038,0.854844
GCCGGTCGTATCTCTC-1,0.384984,0.001718,0.613297
GCCGGTTTGGGCGGAT-1,0.001491,0.243831,0.754678
GCCGTCGGTTTCGGGC-1,0.000034,0.33598,0.663986
GCCGTGGAAGAAATGT-1,0.027325,0.805682,0.166993
GCCTACGTTCTGTGCA-1,0.205884,0.001116,0.793001
GCCTAGCGATCTGACC-1,0.001346,0.058836,0.939817
GCCTATAGTGTCAGGG-1,0.000343,0.001372,0.998285
GCCTATCAGGTAAGAT-1,0.000128,0.021568,0.978304
GCCTATGCTGGGCCTT-1,0.024974,0.835186,0.13984
GCCTATTCCGATATAG-1,0.001869,0.603419,0.394712
GCCTATTTGCTACACA-1,0.000533,0.002131,0.997336
GCCTCATCTGGAAATA-1,0.000036,0.834392,0.165572
GCCTCCGACAATTCAC-1,0.000133,0.061632,0.938235
GCCTCTATACATAGCA-1,0.000038,0.914331,0.08563
GCCTGCTACACTGAGA-1,0.00011,0.552513,0.447377
GCCTGTCCCGGTGCAT-1,0.000037,0.153858,0.846105
GCCTTCAGCCCTACCG-1,0.001957,0.007828,0.990215
GCCTTGTATATGCAGT-1,0.410911,0.018544,0.570545
GCGAAACGATCGGGAG-1,0.011713,0.587079,0.401209
GCGAAACTTAACTGGA-1,0.004123,0.676172,0.319706
GCGAAGCCATACCCGT-1,0.000058,0.877781,0.122161
GCGACATGTAAACATC-1,0.00006,0.502764,0.497176
GCGACCCAACCATCTG-1,0.004371,0.373441,0.622189
GCGACGATAGTTGTAC-1,0.00006,0.775704,0.224236
GCGACGGTAGTCTCCT-1,0.082545,0.42598,0.491476
GCGAGAAACGGGAGTT-1,0.002783,0.011131,0.986087
GCGAGAGGCCATGTAA-1,0.000192,0.320581,0.679227
GCGAGAGTTGCGTCCA-1,0.000145,0.236083,0.763772
GCGAGCGCATGCTCCC-1,0.000077,0.38498,0.614943
GCGAGGCCCGAGCAGA-1,0.033577,0.67717,0.289254
GCGAGGGACTGCTAGA-1,0.004473,0.017888,0.977639
GCGAGTTCTGCAAAGA-1,0.000097,0.37005,0.629853
GCGATGTCTGTGCTTG-1,0.011174,0.002385,0.986441
GCGATTCTGGAAGCAG-1,0.153626,0.02832,0.818053
GCGATTGTTAACGTTA-1,0.033811,0.695122,0.271067
GCGCAAATATATTCAA-1,0.029614,0.355439,0.614947
GCGCAAGAGCGCGCTG-1,0.000076,0.71529,0.284634
GCGCATCCAGTCAGCA-1,0.020782,0.836235,0.142984
GCGCCGTTCCACGATA-1,0.005235,0.670464,0.324302
GCGCCTCCCACTCCGA-1,0.000087,0.123332,0.876582
GCGCGATGGGTCAAGT-1,0.35157,0.454032,0.194398
GCGCGGTCTAGTAACT-1,0.251427,0.000816,0.747757
GCGCGTCATTGGTACA-1,0.000024,0.964713,0.035262
GCGCGTTTAAATCGTA-1,0.005008,0.020037,0.974954
GCGCTAAGTATGCATG-1,0.024459,0.454491,0.52105
GCGCTAATTGAATAGA-1,0.007043,0.677427,0.31553
GCGCTATGCCGAGGCA-1,0.000067,0.401672,0.598261
GCGCTCGATCACCTGT-1,0.000075,0.450089,0.549836
GCGCTGATCCAGACTC-1,0.000152,0.770185,0.229663
GCGCTGCTTTGCATTT-1,0.014883,0.691887,0.293231
GCGCTGGCGGAAAGTC-1,0.007363,0.029464,0.963173
GCGCTTAAATAATTGG-1,0.000052,0.845999,0.153949
GCGGACCGCGTTGTGG-1,0.009715,0.002269,0.988016
GCGGAGAAACTTCGCA-1,0.000036,0.423792,0.576172
GCGGAGAGGGAGAACG-1,0.000053,0.329592,0.670355
GCGGCAAAGTATTGCC-1,0.00006,0.4446,0.55534
GCGGCTCTGACGTACC-1,0.000037,0.972684,0.027279
GCGGCTTTAGCAAGTT-1,0.003568,0.007325,0.989107
GCGGGAACCAGGCCCT-1,0.003477,0.013908,0.982615
GCGGGCATTACGATGC-1,0.000058,0.719251,0.280691
GCGGGCGAGCCTTACC-1,0.003337,0.053099,0.943564
GCGGTAACCCAAATGA-1,0.007825,0.031305,0.96087
GCGGTCCCGGTGAAGG-1,0.01335,0.63842,0.348231
GCGGTCCCTAGACGCA-1,0.002556,0.254027,0.743417
GCGGTCTTGCTTTCAC-1,0.000123,0.044489,0.955388
GCGGTGAACTGCGCTC-1,0.000102,0.681836,0.318062
GCGGTGCGGAGCATCG-1,0.317654,0.004174,0.678172
GCGGTTCCCTATCATG-1,0.005606,0.725722,0.268672
GCGTAAATGGCCATAA-1,0.019016,0.879255,0.10173
GCGTCCAGCTCGTGGC-1,0.001052,0.004209,0.994739
GCGTCCCTAAGACATA-1,0.412655,0.001063,0.586282
GCGTCGAAATGTCGGT-1,0.047253,0.46551,0.487237
GCGTCGCCAGGGTGAT-1,0.000128,0.201682,0.79819
GCGTCGTAACATGGTC-1,0.129039,0.337517,0.533444
GCGTCTAACCTCCTAA-1,0.000028,0.96048,0.039491
GCGTCTCTGCATTGGG-1,0.000062,0.892895,0.107043
GCGTGGTACTGGGTTA-1,0.000128,0.551499,0.448373
GCGTGTATGTCGTATT-1,0.000783,0.114198,0.885019
GCGTTATATTTGGAAC-1,0.000301,0.090099,0.9096
GCGTTCGGAGACCGGG-1,0.000142,0.621877,0.37798
GCGTTCTGACTAAGCG-1,0.039676,0.483719,0.476605
GCTAAACCTGAGGTGA-1,0.001869,0.022157,0.975973
GCTAACTGAAGTCTGA-1,0.027496,0.634105,0.338399
GCTAAGTAAAGGCGAT-1,0.000209,0.696515,0.303276
GCTAAGTAGTTTCTCT-1,0.000325,0.128628,0.871046
GCTAATACCGAATGCC-1,0.00167,0.292905,0.705426
GCTACAATCGAGGATA-1,0.129996,0.042773,0.82723
GCTACACTGTCCGAAC-1,0.005218,0.020869,0.973913
GCTACAGTACGGACCG-1,0.000044,0.943989,0.055967
GCTACGACTTATTGGG-1,0.051782,0.399298,0.54892
GCTACTATAGTAGAGT-1,0.042239,0.548143,0.409619
GCTACTCGGACGCAGA-1,0.023891,0.334621,0.641487
GCTAGACCGTCTACTG-1,0.000027,0.999892,0.000081
GCTAGAGTAGAGATGT-1,0.180196,0.464226,0.355577
GCTAGCACCTGGGCCA-1,0.019861,0.801532,0.178607
GCTAGCAGGGAGTGGG-1,0.051557,0.508809,0.439634
GCTAGCGATAGGTCTT-1,0.196735,0.130545,0.67272
GCTAGCTTGAATAGCT-1,0.01182,0.405045,0.583134
GCTAGGCACCACGGAG-1,0.005481,0.47621,0.518309
GCTAGTAGAGCTTGTA-1,0.00008,0.70866,0.29126
GCTAGTTTCATTGAGG-1,0.00358,0.01431,0.98211
GCTATACGTCTCGGAC-1,0.032266,0.186137,0.781597
GCTATCATACTCATGG-1,0.000135,0.424088,0.575777
GCTATCGCGGCGCAAC-1,0.004815,0.019254,0.975931
GCTATGCCAGCTTATG-1,0.008719,0.358221,0.63306
GCTCAACCTCTTAGAG-1,0.996034,0.002266,0.0017
GCTCAATCCGTTTATT-1,0.000091,0.532859,0.46705
GCTCAATGTAATACCG-1,0.241442,0.226576,0.531982
GCTCATTACTGCATGT-1,0.000109,0.783531,0.21636
GCTCATTGATCATATC-1,0.00005,0.169351,0.830599
GCTCCATGAGTGCAGA-1,0.030051,0.74936,0.220589
GCTCCATGCAAAGCAA-1,0.498213,0.000677,0.50111
GCTCCCAGTCGGTCCA-1,0.000103,0.387138,0.61276
GCTCCGCTCGCTTCAG-1,0.000078,0.538041,0.461881
GCTCCGGACGTTGATA-1,0.060781,0.120091,0.819128
GCTCCTGACATACTGG-1,0.000033,0.862554,0.137414
GCTCGACCGAACTGAA-1,0.000044,0.728766,0.27119
GCTCGCGGTTCCGCTC-1,0.140093,0.192472,0.667435
GCTCGCTCATGTCCAA-1,0.000026,0.999898,0.000077
GCTCGGAATTTAAAGC-1,0.043498,0.632566,0.323937
GCTCTAAACCCTGACG-1,0.133465,0.001318,0.865216
GCTCTATGTTACGTGC-1,0.000582,0.00233,0.997088
GCTCTCGGGTACCGAA-1,0.000048,0.792738,0.207213
GCTCTTTCCGCTAGTG-1,0.284794,0.001103,0.714103
GCTGAACTCTCCAGGG-1,0.000021,0.999915,0.000064
GCTGAAGGGTTCTTGG-1,0.000264,0.055314,0.944422
GCTGAATCTTCCAATC-1,0.100487,0.087057,0.812456
GCTGAGCAACGGTTCT-1,0.008353,0.033389,0.958258
GCTGAGGCGTGAGTAT-1,0.000055,0.891689,0.108256
GCTGCACGGTTTCTTA-1,0.000122,0.470899,0.528979
GCTGCGAAGAATTATT-1,0.007134,0.5877,0.405166
GCTGCGCCTCCCACGT-1,0.043141,0.670511,0.286348
GCTGCTAAGTAGTCGA-1,0.076387,0.198856,0.724757
GCTGCTACTGCGTAGC-1,0.278616,0.296679,0.424704
GCTGCTCTCCGGACAC-1,0.000168,0.340967,0.658865
GCTGGACCCAAAGTGG-1,0.000097,0.520763,0.47914
GCTGGCAGGTGCCGTG-1,0.000704,0.129193,0.870103
GCTGGCATATTCACCT-1,0.000246,0.474982,0.524773
GCTGGCGGCGCATGCT-1,0.009249,0.058025,0.932726
GCTGGGAGCGCGTCAA-1,0.005414,0.809104,0.185482
GCTGGGTCCGCTGTTA-1,0.005449,0.021778,0.972772
GCTGGTGACTCGTAGT-1,0.01092,0.764063,0.225016
GCTGGTTTAGGCCATA-1,0.036169,0.252344,0.711487
GCTGTATTACTGGCCC-1,0.000065,0.60448,0.395454
GCTGTCTGTGATCGAC-1,0.000184,0.376553,0.623263
GCTGTTGCTACCGAAC-1,0.023837,0.485133,0.49103
GCTTAATGTAACTAAC-1,0.008932,0.1524,0.838668
GCTTACGTAGTTAGTA-1,0.000046,0.919013,0.080941
GCTTAGGGAAGCGGTA-1,0.094416,0.608669,0.296915
GCTTATGAAGCAGGAA-1,0.000121,0.809242,0.190637
GCTTCAGTGGGATTAC-1,0.000173,0.157336,0.842491
GCTTCCAGCTTAGATT-1,0.003131,0.012523,0.984346
GCTTCCGTCCCTAGAC-1,0.000201,0.532645,0.467155
GCTTCGACGTTCAATC-1,0.258247,0.000898,0.740855
GCTTGATGATAATCAG-1,0.280558,0.011927,0.707515
GCTTGCAGCACAATTG-1,0.002774,0.731749,0.265477
GCTTGGATCGATTAGG-1,0.000124,0.78102,0.218856
GCTTTACACAACTGGG-1,0.163239,0.239116,0.597645
GCTTTCAGAGGAGGTG-1,0.000183,0.597075,0.402742
GCTTTCTATCTCAACT-1,0.025218,0.75409,0.220692
GCTTTGCTGCCGGGTA-1,0.111096,0.478971,0.409934
GGAAACCTTGTTGAAT-1,0.026835,0.000846,0.972319
GGAAACTAAATGGGCC-1,0.00611,0.583325,0.410565
GGAAAGGGAATTGAGC-1,0.006846,0.271143,0.722011
GGAAAGTGCCCATGCC-1,0.000294,0.199582,0.800124
GGAACCCGAACAAGAA-1,0.059052,0.177534,0.763415
GGAACCGTGTAAATTG-1,0.021791,0.507391,0.470818
GGAACCTTGACTCTGC-1,0.051641,0.192588,0.755772
GGAACGGCCTGCAGCC-1,0.001181,0.457114,0.541705
GGAACTTTGGCGATTA-1,0.046541,0.301372,0.652086
GGAAGATAAGACTGTA-1,0.025638,0.763689,0.210673
GGAAGCTCGCTTACAG-1,0.000978,0.003913,0.995109
GGAATAACCTCAAGAA-1,0.000239,0.422071,0.57769
GGAATGCGCTAGCGTG-1,0.000244,0.129492,0.870264
GGACAACCATGAAGCC-1,0.319038,0.000813,0.680149
GGACAAGTTGCAGTGA-1,0.001017,0.944993,0.05399
GGACACAAGTTTACAC-1,0.003883,0.455029,0.541088
GGACCAACAGGATAAC-1,0.034402,0.234175,0.731423
GGACCTACGGTAACGT-1,0.000241,0.043447,0.956312
GGACCTCTAGGCCGCC-1,0.00004,0.677096,0.322865
GGACGGCTTGCGCAAC-1,0.000067,0.859856,0.140078
GGACGGGCGACCAACC-1,0.48485,0.295419,0.219731
GGACGTCCATAGTTGG-1,0.041205,0.200297,0.758499
GGACTAAGTCAGGAGT-1,0.000212,0.685741,0.314046
GGACTCACAAATTAGG-1,0.004765,0.777278,0.217958
GGACTCGAAGCTTTCA-1,0.140016,0.073616,0.786368
GGACTCGACAGCGCAT-1,0.296901,0.000906,0.702193
GGACTCTTCCGGTTGA-1,0.190994,0.336009,0.472997
GGACTCTTTGACTAAG-1,0.119892,0.575255,0.304853
GGAGAAGTCATTGGCA-1,0.00117,0.004682,0.994148
GGAGACATTCACGGGC-1,0.006593,0.026358,0.967049
GGAGACCAATGTGCTT-1,0.012872,0.361592,0.625536
GGAGACCATCTACATA-1,0.033874,0.39887,0.567256
GGAGACGACACCTTTG-1,0.000099,0.003594,0.996307
GGAGCAACATTTCAAG-1,0.002033,0.829002,0.168965
GGAGCACCAAGAACTA-1,0.000078,0.677947,0.321975
GGAGCGAGGCCTACTT-1,0.190628,0.001133,0.808239
GGAGGAGTGTGTTTAT-1,0.008348,0.033382,0.95827
GGAGGATTGAAAGGAG-1,0.107185,0.106673,0.786142
GGAGGCCGAAGTCGTC-1,0.000047,0.839294,0.160659
GGAGGCGAAGAACCGC-1,0.044434,0.288314,0.667252
GGAGGGCTTGGTTGGC-1,0.000198,0.596513,0.403289
GGAGGGTCAAGTAAGA-1,0.000155,0.006416,0.993429
GGAGTACACATGAGCT-1,0.001988,0.00795,0.990062
GGAGTGCCGCCCTGGA-1,0.001669,0.006679,0.991652
GGAGTTGATTCTGTGT-1,0.705331,0.001733,0.292936
GGATACTCATGAATTG-1,0.570164,0.006183,0.423653
GGATCAAAGGACGAGG-1,0.000467,0.312087,0.687446
GGATCAGAGCCATCAG-1,0.001202,0.561433,0.437365
GGATCATCCCGTACGC-1,0.006371,0.88155,0.112079
GGATCCCTACCAGCTA-1,0.264027,0.313611,0.422363
GGATCCGGAATATACT-1,0.000046,0.999814,0.000139
GGATCTTACTGCCCTT-1,0.999401,0.000342,0.000257
GGATCTTGACTCAACC-1,0.000021,0.727587,0.272392
GGATGAAGATCGCTGA-1,0.000058,0.860306,0.139636
GGATGACGCGAGTTTA-1,0.027772,0.099657,0.872572
GGATGCTGGCGTTCCT-1,0.028038,0.80926,0.162703
GGATGGCTTGAAGTAT-1,0.552312,0.089617,0.35807
GGATGTCCTTACCGCA-1,0.000044,0.949504,0.050451
GGATTAAGCTAAGGTC-1,0.000339,0.001357,0.998303
GGATTAATCATGGACC-1,0.084441,0.000564,0.914994
GGATTCAGTACGGTGG-1,0.004816,0.019259,0.975925
GGATTCCGCTATACCC-1,0.000088,0.999648,0.000264
GGATTGCTGTGACTCC-1,0.000212,0.067294,0.932494
GGATTTCACTTCTATA-1,0.000107,0.817028,0.182865
GGCAAAGGCGCCAATA-1,0.000026,0.701805,0.298169
GGCAAATTACTTTACT-1,0.002771,0.918052,0.079177
GGCAAGCCAGGGATAG-1,0.050856,0.756207,0.192937
GGCAAGCCCATAGTGG-1,0.111739,0.001268,0.886993
GGCAAGGCGAAATAGC-1,0.000036,0.638199,0.361765
GGCAATAGTCAATGAG-1,0.000155,0.488648,0.511197
GGCACTCAGCCGACCC-1,0.000949,0.846477,0.152574
GGCACTCCACTGGGCA-1,0.000101,0.613347,0.386552
GGCACTGCGGTGGTTT-1,0.213356,0.124721,0.661923
GGCAGAGAGATCGGGA-1,0.000068,0.885967,0.113965
GGCAGCAAACCTATGC-1,0.031274,0.514791,0.453935
GGCAGCGGTAATCCTA-1,0.011135,0.687252,0.301613
GGCATACAGGTAGCGG-1,0.000298,0.001193,0.998509
GGCATATCGGTTCTGC-1,0.000242,0.422024,0.577734
GGCATCAACGAGCACG-1,0.309772,0.157495,0.532733
GGCATTGAACATCTCA-1,0.001191,0.516804,0.482005
GGCCACAAGCGATGGC-1,0.10533,0.002929,0.891741
GGCCACACGAAAGCCT-1,0.000696,0.087171,0.912133
GGCCCAATCTAGAGGG-1,0.012759,0.970225,0.017016
GGCCCAGCTGGTTTGC-1,0.131472,0.00099,0.867538
GGCCCAGTTATCAGCA-1,0.000147,0.484701,0.515152
GGCCCGGAGCATGTCT-1,0.000026,0.976176,0.023798
GGCCCGTATACCATGC-1,0.018934,0.419067,0.561999
GGCCCTCACCCACTTA-1,0.000144,0.418084,0.581772
GGCCGAGACTCTGGTG-1,0.058035,0.000969,0.940996
GGCCGCAGGAACCGCA-1,0.29816,0.105528,0.596311
GGCCGTTTGGGTTTCA-1,0.090201,0.029152,0.880647
GGCCTGCTCTGATGTT-1,0.026974,0.129083,0.843944
GGCCTGCTTCTCCCGA-1,0.000044,0.846833,0.153123
GGCCTTTGCAACTGGC-1,0.00009,0.415237,0.584673
GGCGAAATCTAACTTG-1,0.000068,0.26139,0.738542
GGCGAACCGTTCTGAT-1,0.001602,0.924906,0.073492
GGCGAGCGAAACGGCA-1,0.000012,0.88883,0.111158
GGCGCAGGACATCTTC-1,0.035046,0.634811,0.330143
GGCGCATGAATTGATG-1,0.005115,0.656402,0.338483
GGCGCGGAGATCTTTC-1,0.000094,0.494464,0.505442
GGCGCGTTCGAGTTTA-1,0.000083,0.371701,0.628216
GGCGCTCCTCATCAAT-1,0.002783,0.078801,0.918416
GGCGGAGTAATATTAG-1,0.025156,0.517683,0.45716
GGCGGGCTCTAAGAGT-1,0.000018,0.897257,0.102725
GGCGGTAGGATCATTG-1,0.000113,0.825138,0.174749
GGCGGTTTGCCGGTGC-1,0.704489,0.01431,0.281201
GGCGTACCCTATATAA-1,0.000526,0.002105,0.997369
GGCGTCCTATCCGCTG-1,0.024608,0.001664,0.973728
GGCTAAAGGGCGGGTC-1,0.000118,0.771633,0.228249
GGCTAATGATTGAAAT-1,0.022252,0.382176,0.595572
GGCTACTATACACTCC-1,0.407479,0.001234,0.591287
GGCTATTAAGTTGTAT-1,0.036857,0.274739,0.688404
GGCTCCTCCACCTGTT-1,0.004013,0.087254,0.908733
GGCTCGCGTTGAGGTA-1,0.000219,0.3917,0.608081
GGCTCGTGCCACCAGC-1,0.00464,0.018546,0.976815
GGCTCTGCTCCAACGC-1,0.110599,0.131134,0.758267
GGCTGAAATAGCAAAG-1,0.000043,0.58292,0.417037
GGCTGAGCATCGTAAG-1,0.000162,0.156166,0.843672
GGCTGGCAGCTTTATG-1,0.008949,0.035775,0.955276
GGCTGGCTAGCTTAAA-1,0.002159,0.008637,0.989204
GGCTTGGCTCTCACCT-1,0.168259,0.004072,0.827669
GGCTTTCAATAAGGGT-1,0.000099,0.017434,0.982468
GGGAAAGAATGCCAAC-1,0.125589,0.000256,0.874155
GGGAACCACCTGTTTC-1,0.242317,0.007366,0.750317
GGGAACGGGAGGTTAG-1,0.000094,0.792249,0.207657
GGGAACGGTTTCAGAT-1,0.125627,0.024895,0.849478
GGGAAGACGGTCTGTC-1,0.145333,0.001149,0.853518
GGGAAGGGCTTTCTCA-1,0.372029,0.000893,0.627078
GGGAATGAGCCCTCAC-1,0.000157,0.155097,0.844746
GGGAATTCTGTCCAGT-1,0.000432,0.540102,0.459467
GGGACAGAGTTACTCC-1,0.034254,0.49543,0.470316
GGGACCCGTATATCTT-1,0.042665,0.278403,0.678932
GGGACTGCATAGATAG-1,0.000551,0.732382,0.267067
GGGAGAACTCACAGTA-1,0.047206,0.182243,0.770551
GGGAGCGACCGTAGTG-1,0.135843,0.024663,0.839495
GGGAGGATGCCCGAAA-1,0.000085,0.140668,0.859246
GGGAGTAATGGCTGGC-1,0.002664,0.010655,0.986681
GGGAGTTAATGAGGCG-1,0.000051,0.999796,0.000153
GGGATACGGTAATAAT-1,0.001815,0.570599,0.427586
GGGATCCCAATACAAA-1,0.009331,0.760245,0.230424
GGGATGGTCGTAACCG-1,0.000086,0.001582,0.998332
GGGATTATCTCACAAC-1,0.005009,0.257439,0.737552
GGGATTTACCGCACCT-1,0.001437,0.578047,0.420516
GGGCAACCGCACGTGC-1,0.000015,0.82909,0.170895
GGGCACGAATTGGCCG-1,0.000106,0.392145,0.607749
GGGCACGTAGTACTGT-1,0.268515,0.000873,0.730612
GGGCACTATTGACCAT-1,0.074018,0.186385,0.739597
GGGCAGACGTCACTGC-1,0.009179,0.232334,0.758487
GGGCAGAGCAATCGTT-1,0.006576,0.078983,0.91444
GGGCAGTCAACGCCAA-1,0.002186,0.000502,0.997312
GGGCATGCATGTCGAG-1,0.000116,0.57807,0.421813
GGGCCATTCGTGCTGG-1,0.000283,0.169592,0.830126
GGGCCCGTCTTAAACA-1,0.000022,0.994362,0.005616
GGGCCCTACGAAAGGG-1,0.000073,0.526699,0.473228
GGGCCCTTATCTATAC-1,0.000172,0.590926,0.408903
GGGCCGGCCGAAGTAC-1,0.00009,0.397618,0.602292
GGGCCTAAATGGGCTA-1,0.008617,0.120009,0.871374
GGGCCTATACAACCGG-1,0.00005,0.692283,0.307667
GGGCCTATTTAAGTAT-1,0.000134,0.454096,0.545769
GGGCGAATTTCTCCAC-1,0.003794,0.320846,0.67536
GGGCGATATGTGTGAA-1,0.000304,0.371789,0.627907
GGGCGATCCATAGGCC-1,0.034087,0.084369,0.881544
GGGCGCAGCGTTACTC-1,0.005846,0.594439,0.399715
GGGCGGCAAATGAATT-1,0.000028,0.757899,0.242072
GGGCGGGTTCCCTACG-1,0.017044,0.463069,0.519887
GGGCGGTCCTATTGTC-1,0.002912,0.431201,0.565887
GGGCGTACATTTATAT-1,0.000467,0.095026,0.904507
GGGCGTCACCACGTAA-1,0.000031,0.967507,0.032461
GGGCGTCCACTGGCTC-1,0.000188,0.265195,0.734618
GGGCGTGGTTTCCCAG-1,0.000177,0.000707,0.999116
GGGCGTTTACATTCAT-1,0.279567,0.001329,0.719105
GGGCTACTATTTCGTG-1,0.00003,0.891312,0.108658
GGGCTCATCGAACCCA-1,0.000121,0.593351,0.406528
GGGCTGCCTAGGGCGA-1,0.016444,0.444207,0.539349
GGGCTGGTTAGTCGCG-1,0.000203,0.000812,0.998985
GGGTAATGCTGTGTTT-1,0.003054,0.012215,0.984731
GGGTACACTCTGGAGG-1,0.097612,0.020024,0.882364
GGGTACCCACGGTCCT-1,0.003683,0.014727,0.98159
GGGTACTTCATGAACT-1,0.000025,0.999899,0.000076
GGGTATGTATGCACTT-1,0.000469,0.541227,0.458304
GGGTATTCTAGCAAAC-1,0.000044,0.090994,0.908962
GGGTCACCGTGACGGT-1,0.000173,0.048862,0.950965
GGGTCACGTGCTTATG-1,0.00009,0.950063,0.049847
GGGTCACTGAGTAGTG-1,0.000072,0.684273,0.315656
GGGTCAGGAGCTAGAT-1,0.686659,0.23768,0.075662
GGGTCATGCGTACCAT-1,0.190116,0.006422,0.803461
GGGTCCTTGGAAGAAG-1,0.036023,0.43457,0.529407
GGGTCGTGGCAAGTGT-1,0.000281,0.001123,0.998596
GGGTCTATCGCTTTCC-1,0.135555,0.006112,0.858333
GGGTGACACCTTAACT-1,0.000138,0.846816,0.153046
GGGTGCATATGAAAGC-1,0.04969,0.705826,0.244484
GGGTGGTCCAGCCTGT-1,0.000244,0.319181,0.680575
GGGTGTTTCAGCTATG-1,0.000768,0.351543,0.647689
GGGTTAACATTTGAGT-1,0.018324,0.158143,0.823533
GGGTTCAGACGAACAA-1,0.002408,0.336569,0.661022
GGGTTTAGGATAGGAT-1,0.079043,0.370331,0.550626
GGGTTTCCGGCTTCCA-1,0.004175,0.041962,0.953863
GGTAAACTCTGCGCTG-1,0.999655,0.000197,0.000148
GGTAAATGTGCGTTAC-1,0.089208,0.00189,0.908902
GGTAACCGGCAAAGGT-1,0.006259,0.025041,0.968699
GGTAACCGGGAGGATA-1,0.000075,0.54235,0.457575
GGTAACTATGTATCTG-1,0.002504,0.756666,0.24083
GGTACAAACATGCTAT-1,0.011349,0.518981,0.46967
GGTACACCAGATTTAT-1,0.000205,0.163057,0.836739
GGTACATCTGGGACGA-1,0.019756,0.474037,0.506206
GGTACCATTAAGACGG-1,0.020149,0.102174,0.877677
GGTACGTTGCGGCCGG-1,0.959974,0.039781,0.000245
GGTACTAAGTGCTTTG-1,0.006275,0.154194,0.83953
GGTAGAAGACCGCCTG-1,0.001113,0.918557,0.080331
GGTAGACCGTTGGGCG-1,0.000067,0.000266,0.999667
GGTAGGCCAATATCAC-1,0.000015,0.813006,0.186979
GGTAGTGCTCGCACCA-1,0.000096,0.962464,0.03744
GGTATAGTGACACATA-1,0.000058,0.735393,0.264549
GGTATCAAGCATAGAA-1,0.005444,0.332323,0.662233
GGTATGAAAGAACTGA-1,0.034275,0.859707,0.106018
GGTATTGCCGAGTTTA-1,0.000286,0.001144,0.99857
GGTCAAGACTACTTCG-1,0.014824,0.758858,0.226318
GGTCACGTTAGATTCA-1,0.188175,0.005691,0.806134
GGTCAGTGGGTCCCAC-1,0.0104,0.357597,0.632003
GGTCATTGTAGTCATA-1,0.065647,0.464225,0.470128
GGTCCACGTCTATTTG-1,0.000067,0.280984,0.718948
GGTCCCATAACATAGA-1,0.000096,0.412288,0.587616
GGTCCTTCATACGACT-1,0.002363,0.273859,0.723777
GGTCGGATAAACGGCG-1,0.000249,0.551057,0.448694
GGTCGGCCAGGAGCTT-1,0.000133,0.409252,0.590615
GGTCGGTAATTAGACA-1,0.003684,0.014729,0.981587
GGTCGGTCGTCCACAG-1,0.06044,0.022962,0.916598
GGTCGTAAGCTCGCAC-1,0.017975,0.507233,0.474792
GGTCTCCAAGTAGTGC-1,0.000052,0.666919,0.333029
GGTCTCCGTCCAGGTT-1,0.037113,0.269056,0.693831
GGTCTCTGAATGGACT-1,0.000073,0.61448,0.385447
GGTCTGAGAATCTGGA-1,0.289925,0.471607,0.238468
GGTCTTGAGCGCTCTT-1,0.790591,0.208919,0.000489
GGTCTTGGTGTTAACT-1,0.220936,0.512075,0.266988
GGTGAAACCGGGAATG-1,0.000614,0.002455,0.996931
GGTGAACGGGCTAGCC-1,0.002505,0.010014,0.987481
GGTGAAGTACAGGGAT-1,0.000023,0.889254,0.110723
GGTGAGATGCAGATAA-1,0.261683,0.02003,0.718287
GGTGATAAGGAGCAGT-1,0.000091,0.455691,0.544219
GGTGATGAAGGAAGTG-1,0.030829,0.797347,0.171824
GGTGATTTCATCTTGT-1,0.004039,0.253242,0.742719
GGTGCAGAGCCTATCG-1,0.000183,0.131204,0.868613
GGTGCATAAATGATTA-1,0.203442,0.112151,0.684406
GGTGCGGATAAGTGGC-1,0.005218,0.020869,0.973913
GGTGCTGATCACAAAG-1,0.00101,0.004039,0.994951
GGTGCTGGTACACATT-1,0.00014,0.456558,0.543303
GGTGGACCACGTGTTA-1,0.000151,0.547968,0.451881
GGTGGACTGCTCTGGC-1,0.000078,0.535505,0.464417
GGTGGAGGTTGATACG-1,0.098016,0.124064,0.77792
GGTGTAAATCGATTGT-1,0.134849,0.000718,0.864434
GGTGTAGGTAAGTAAA-1,0.16474,0.000314,0.834946
GGTGTTCTGTTTCTAC-1,0.000115,0.544597,0.455287
GGTGTTGGGCGTCTTA-1,0.000051,0.687692,0.312257
GGTTACCACCCTCGGG-1,0.000113,0.036624,0.963263
GGTTACCCGACACTTT-1,0.029706,0.60671,0.363584
GGTTAGCTATATGTCT-1,0.024289,0.594245,0.381466
GGTTAGGCTTGGAGAA-1,0.00054,0.010211,0.989249
GGTTAGTTACGGCGCC-1,0.000393,0.025453,0.974154
GGTTCCACCCGCTTCT-1,0.000229,0.069692,0.930079
GGTTCCCTAGTGTCTC-1,0.039206,0.753007,0.207787
GGTTCGATGCTGAGTT-1,0.000207,0.273769,0.726024
GGTTCGGATTATACTA-1,0.002976,0.852622,0.144402
GGTTCTACTCGTCTGA-1,0.00011,0.165431,0.834459
GGTTGTGCTCTTGTCC-1,0.001988,0.261691,0.736322
GGTTGTGTAGCCTGGC-1,0.000274,0.003117,0.996609
GGTTTAATTACCATCG-1,0.25561,0.000641,0.743748
GGTTTAATTGAGCAGG-1,0.000165,0.366968,0.632866
GGTTTACAATCTCAAT-1,0.000086,0.795813,0.204101
GGTTTAGCCTTTCTTG-1,0.023427,0.625839,0.350734
GGTTTCAATCGGTCAG-1,0.000082,0.962574,0.037344
GGTTTGACAAGAAGCT-1,0.007283,0.599605,0.393112
GGTTTGAGTGCTGGAA-1,0.004175,0.016696,0.97913
GGTTTGCGAACACGTA-1,0.000085,0.657626,0.342289
GGTTTGTGACCTGAGG-1,0.0694,0.039196,0.891403
GTAACAACTGACCTTG-1,0.000071,0.643133,0.356796
GTAACATCAGCTCATC-1,0.000138,0.3084,0.691463
GTAACATCTAAGATAA-1,0.013557,0.329676,0.656767
GTAACTACGTAGACCT-1,0.036592,0.253278,0.71013
GTAACTGCCCAAGGAG-1,0.711114,0.001068,0.287818
GTAACTTGCGGCAGTC-1,0.000793,0.485226,0.513982
GTAAGCGGGCAGTCAG-1,0.129647,0.426212,0.444141
GTAAGGATTTGTCGGA-1,0.000329,0.001315,0.998357
GTAAGTAACAGTCTGG-1,0.000104,0.403559,0.596338
GTAAGTAGGGTATACC-1,0.000611,0.346555,0.652834
GTAAGTCCACACTCTA-1,0.000056,0.593721,0.406224
GTAATAAAGGGCTCCC-1,0.000126,0.108258,0.891616
GTAATCTGATTCTTCG-1,0.014377,0.182724,0.802899
GTACACTTACCTGAAG-1,0.000072,0.764255,0.235673
GTACAGAGGCAAGGGT-1,0.009761,0.477537,0.512702
GTACGACGGCGCTGCG-1,0.004815,0.019265,0.97592
GTACGAGATTGCGACA-1,0.001715,0.243002,0.755283
GTACGCTTCATTGCAC-1,0.000047,0.890252,0.1097
GTACGTCACGTATTAA-1,0.043841,0.71398,0.242179
GTACGTTTGCCCGTCA-1,0.000099,0.032853,0.967048
GTACTAAGATTTGGAG-1,0.00013,0.278155,0.721715
GTACTCCCTTATCGCT-1,0.008239,0.811127,0.180633
GTACTCCTGGGTATGC-1,0.088545,0.311741,0.599714
GTACTGAGGTCGTAAC-1,0.001265,0.290314,0.708421
GTACTGCATGAAGCGT-1,0.002783,0.158165,0.839053
GTACTGGAGTTAGACC-1,0.006509,0.001509,0.991982
GTACTTGGGCACTTCT-1,0.004174,0.016689,0.979137
GTAGAAACGGGTGGAG-1,0.000803,0.003211,0.995986
GTAGACAACCGATGAA-1,0.017561,0.496757,0.485682
GTAGACACGCCTGACT-1,0.181147,0.033466,0.785387
GTAGACGTCGTTACAT-1,0.006957,0.027825,0.965217
GTAGAGGGAGACAAGT-1,0.017005,0.22633,0.756665
GTAGCCAAACATGGGA-1,0.000072,0.119504,0.880424
GTAGCGCTGTTGTAGT-1,0.001079,0.004318,0.994603
GTAGCGGCTATACACT-1,0.019942,0.650546,0.329513
GTAGCTAGTAAGCGCG-1,0.000184,0.315652,0.684163
GTAGCTCCGGGAGGCT-1,0.549965,0.000708,0.449326
GTAGCTTCCTCTTGTT-1,0.000237,0.475862,0.523901
GTAGGTGATCCGTGTA-1,0.000322,0.46525,0.534428
GTAGTCGCGGGAATCA-1,0.000044,0.5793,0.420656
GTAGTCTACGATATTG-1,0.07102,0.151946,0.777034
GTAGTGAGCAACCTCA-1,0.338347,0.001255,0.660397
GTAGTTAGACAATATA-1,0.018675,0.436733,0.544592
GTAGTTCGAAGGCGAA-1,0.854442,0.089769,0.055788
GTAGTTTAAGCACACG-1,0.000038,0.364238,0.635724
GTATAATCTCCCGGAT-1,0.004817,0.019262,0.975922
GTATAGGACTCAGTAG-1,0.059932,0.007705,0.932362
GTATAGTGGCCCATGT-1,0.000166,0.254466,0.745368
GTATATGTTACGGCGG-1,0.010436,0.041732,0.947832
GTATCAAACGTTAGCT-1,0.011734,0.326336,0.66193
GTATCAAGGTACTTCC-1,0.003455,0.55833,0.438215
GTATCAGCTTGGGTTC-1,0.001957,0.186548,0.811495
GTATCCTTTGGTAACC-1,0.127515,0.001585,0.8709
GTATCGGGACGAGCTG-1,0.005963,0.02384,0.970196
GTATCTCAGTCTTGAC-1,0.000042,0.830229,0.169729
GTATCTCCCTAACTGT-1,0.230633,0.002287,0.76708
GTATCTCGGGCGCTTT-1,0.056663,0.596002,0.347335
GTATCTTGTTGCTCAC-1,0.000583,0.00233,0.997088
GTATCTTTCATAACCA-1,0.021644,0.123437,0.854919
GTATGAAATTTCACTC-1,0.000065,0.32922,0.670715
GTATGACGTGGGAAAC-1,0.360517,0.017266,0.622217
GTATGTGGGTCTAGTT-1,0.023697,0.892896,0.083407
GTATTAAGGCGTCTAA-1,0.002123,0.00849,0.989387
GTATTAGGGTTCGCGT-1,0.000224,0.30056,0.699216
GTATTCTGAGAAACGA-1,0.013982,0.71641,0.269608
GTATTCTTACCGTGCT-1,0.004318,0.017273,0.97841
GTATTTAATGGCATAA-1,0.000059,0.412215,0.587726
GTCAAAGAAGTGGTGT-1,0.01955,0.876237,0.104213
GTCAAAGTTTACATAG-1,0.00659,0.026345,0.967065
GTCAACCAGGCCTATA-1,0.651159,0.031139,0.317701
GTCAAGCGGACTCGGG-1,0.013925,0.353181,0.632894
GTCAATGCTATAATTT-1,0.000114,0.32339,0.676497
GTCAATTGTACTGAAG-1,0.00045,0.001802,0.997748
GTCACAAAGTTTCCAA-1,0.000372,0.001486,0.998142
GTCACCTGTCTATGTC-1,0.000112,0.515293,0.484595
GTCACTCTCCAAATCT-1,0.000813,0.235998,0.763189
GTCAGAATAGTCTATG-1,0.04724,0.671684,0.281076
GTCAGACAGCGTTGGA-1,0.291849,0.020034,0.688118
GTCAGTTGTGCTCGTT-1,0.000225,0.345599,0.654175
GTCAGTTTGGTAGTCG-1,0.000338,0.343468,0.656194
GTCATCTCCTACAGCT-1,0.001715,0.35915,0.639135
GTCATGCACCTCCGTT-1,0.000108,0.82995,0.169942
GTCATGCGCGAGGGCT-1,0.297946,0.000726,0.701328
GTCATGGACATGACTA-1,0.000289,0.302218,0.697492
GTCATTAGAGCGAACG-1,0.009277,0.516767,0.473956
GTCATTGCATTGACCC-1,0.047594,0.910729,0.041677
GTCCAATATTTAGCCT-1,0.635234,0.359091,0.005675
GTCCACGTCGCATTCG-1,0.182069,0.027121,0.79081
GTCCAGGCACGTGTGC-1,0.228212,0.000696,0.771092
GTCCATTACTGCTACG-1,0.000093,0.323028,0.676878
GTCCCAACGTAAAGTA-1,0.049932,0.227753,0.722315
GTCCCAATCATCCCGC-1,0.004875,0.613999,0.381126
GTCCCGCGACGTTATG-1,0.025966,0.65061,0.323424
GTCCGAGAGCAATCAT-1,0.000054,0.696313,0.303633
GTCCGGACCTGAAATT-1,0.000094,0.165467,0.834439
GTCCGGCTGAATTGCG-1,0.000075,0.86999,0.129935
GTCCGGGTTCACATTA-1,0.05864,0.000546,0.940815
GTCCTACAGGCGGCTC-1,0.308289,0.029458,0.662254
GTCCTACGAATAGTCT-1,0.000047,0.531208,0.468745
GTCCTACTCTACGGGC-1,0.000062,0.580453,0.419485
GTCCTATTGTTGTGGT-1,0.00032,0.329674,0.670006
GTCCTTCTACAACCCA-1,0.268884,0.008491,0.722626
GTCCTTCTAGTGGGTT-1,0.014726,0.001456,0.983818
GTCCTTTAATGACTTC-1,0.136037,0.052187,0.811776
GTCGAATTTGGGCGCT-1,0.15043,0.000714,0.848856
GTCGATAGGTGACTTT-1,0.000072,0.547462,0.452466
GTCGCCGTTGTGTGTT-1,0.018582,0.159342,0.822076
GTCGCGTAACCCGTTG-1,0.00014,0.29057,0.70929
GTCGGAAGGATACCAG-1,0.000106,0.679251,0.320642
GTCGGATATCTCAGAC-1,0.000185,0.254705,0.74511
GTCGGATGTAGCGCGC-1,0.000994,0.261462,0.737545
GTCGGGAACATGGTAG-1,0.000093,0.737332,0.262575
GTCGGGAAGCAGAAAC-1,0.005554,0.135439,0.859006
GTCGTACCATCTCGGG-1,0.050136,0.642251,0.307612
GTCGTACCTACGATTG-1,0.000114,0.546811,0.453075
GTCGTATTGGCGTACA-1,0.000205,0.396207,0.603588
GTCGTCAATTATAAGG-1,0.001361,0.005443,0.993196
GTCGTCTGGTTGGCTA-1,0.003056,0.460519,0.536425
GTCGTGTCTGGTCATC-1,0.000681,0.002722,0.996597
GTCGTTATTCGCTTAT-1,0.00012,0.215944,0.783936
GTCTAAGATGCCCAGC-1,0.02543,0.446095,0.528475
GTCTACTCAATTACAA-1,0.00013,0.000521,0.999349
GTCTAGTGAGCCGCTT-1,0.525398,0.211917,0.262686
GTCTATACACGCATGG-1,0.000016,0.762563,0.237422
GTCTATCTGAGTTTCT-1,0.000088,0.731759,0.268152
GTCTATTGCATGCTCG-1,0.354839,0.000829,0.644331
GTCTATTGGTTCCGGT-1,0.000061,0.506495,0.493444
GTCTCAAGGCCCGGCT-1,0.069205,0.019995,0.9108
GTCTCCGCCTCAATAC-1,0.000069,0.323179,0.676752
GTCTCCTGCCAGTATG-1,0.000053,0.515725,0.484222
GTCTCGACTAAGTTTG-1,0.000223,0.375048,0.624729
GTCTCGATCTGCTTTC-1,0.000608,0.413725,0.585667
GTCTCGCCAACACGCC-1,0.000177,0.428273,0.571549
GTCTGGGCGGTCGAGA-1,0.052194,0.919405,0.028401
GTCTGTAGGTTGAACA-1,0.009379,0.438186,0.552435
GTCTTAGTACAGCCGG-1,0.03042,0.86682,0.10276
GTCTTCCTCACCTAAG-1,0.00043,0.26187,0.7377
GTCTTGAGGAGCAGTG-1,0.000099,0.374837,0.625063
GTCTTGTAGCTATTCA-1,0.000358,0.001431,0.998211
GTGAAACGGCGCCACC-1,0.000084,0.614898,0.385018
GTGAAACGTGCTCCAC-1,0.003383,0.013537,0.98308
GTGAACTCCCATTCGA-1,0.015032,0.763654,0.221313
GTGAAGATTTCAAGTG-1,0.033914,0.001415,0.964671
GTGAAGCCGTATAGTC-1,0.010905,0.839179,0.149916
GTGAAGTCACGACTCG-1,0.00002,0.9129,0.08708
GTGACAGCTTCCCACT-1,0.628072,0.127816,0.244112
GTGACCGCACACTACG-1,0.000046,0.92681,0.073144
GTGACCTAAAGAATAA-1,0.000043,0.58582,0.414137
GTGACGAGGGTGACCC-1,0.055602,0.49069,0.453708
GTGACGCAGGTTTCAT-1,0.598977,0.001395,0.399628
GTGACTTCAGTAGTGC-1,0.03897,0.358233,0.602797
GTGAGATAACCTTATA-1,0.039091,0.000678,0.960231
GTGAGCGTGCTGCACT-1,0.000309,0.049192,0.950499
GTGAGGACACTTAAGG-1,0.018867,0.871232,0.109901
GTGAGGAGCGGTTGAG-1,0.000186,0.485149,0.514665
GTGAGTCGACTAATAG-1,0.268447,0.216212,0.515341
GTGAGTCTAAGACGGA-1,0.001527,0.006108,0.992365
GTGAGTGGTACAACGC-1,0.000065,0.050352,0.949583
GTGATCAAGCGTGCAC-1,0.595638,0.062413,0.341949
GTGATCACTAACGCCT-1,0.019094,0.00938,0.971526
GTGATCATAGATCTGC-1,0.000061,0.715574,0.284365
GTGATCCTTGTCATGA-1,0.106854,0.153128,0.740018
GTGATGCACAACATCT-1,0.000138,0.522132,0.477731
GTGATTCGCCGCTCAA-1,0.000097,0.319424,0.680479
GTGCAACAAATGTGGC-1,0.000557,0.223232,0.776211
GTGCACCAGCTTCAAC-1,0.999058,0.000538,0.000403
GTGCACGAAAGTGACT-1,0.009715,0.415961,0.574325
GTGCAGCGTAGAGTAG-1,0.000165,0.80501,0.194824
GTGCCATCACACGGTG-1,0.002027,0.366345,0.631628
GTGCCCGTTCGGATTC-1,0.082955,0.723537,0.193508
GTGCCGCTTCAAAGGT-1,0.044566,0.379542,0.575892
GTGCCTAGCTATGCTT-1,0.004817,0.01926,0.975922
GTGCCTCAGTGTACGG-1,0.210323,0.316145,0.473532
GTGCCTGAGACCAAAC-1,0.374155,0.000933,0.624912
GTGCGAAATCGAACAC-1,0.077584,0.392227,0.530189
GTGCGACAGGGAGTGT-1,0.012873,0.438193,0.548934
GTGCGCAGCTTGCTCC-1,0.117052,0.006261,0.876687
GTGCGGGACCATCGGC-1,0.001396,0.005565,0.993039
GTGCGGGTCTCCAAAT-1,0.000783,0.437205,0.562012
GTGCGTGTATATGAGC-1,0.003474,0.327321,0.669205
GTGCTCAAGTACTGTC-1,0.000217,0.00087,0.998913
GTGCTGCAGATAAGGA-1,0.003525,0.870774,0.125701
GTGCTTACATCAGCGC-1,0.000073,0.928625,0.071302
GTGGAACCTACATGCG-1,0.000487,0.207577,0.791936
GTGGACCAACCCGATT-1,0.000014,0.999943,0.000043
GTGGACGCATTTGTCC-1,0.014267,0.846675,0.139057
GTGGACGTGCTGAGAC-1,0.00404,0.016162,0.979798
GTGGAGCATGTCGGCC-1,0.000021,0.990421,0.009558
GTGGAGCGTTTACCGA-1,0.006252,0.75394,0.239809
GTGGAGTCGGCGGTTG-1,0.006182,0.346396,0.647422
GTGGCAAACAGCGGCA-1,0.000036,0.453742,0.546222
GTGGCCGGTTTCTCGG-1,0.137974,0.000929,0.861097
GTGGCCTAATATCATT-1,0.003001,0.723174,0.273825
GTGGCGGGCCGTAGCT-1,0.000188,0.700131,0.299681
GTGGCGGTCCCAGCGT-1,0.000181,0.054825,0.944994
GTGGCGTGCACCAGAG-1,0.000165,0.017183,0.982652
GTGGCTGTTTCTGTTC-1,0.00058,0.002319,0.997101
GTGGGAACAAACCGGG-1,0.096655,0.543177,0.360168
GTGGGAAGACTGAATC-1,0.003855,0.688357,0.307788
GTGGGCTTAGACACAC-1,0.000328,0.385865,0.613807
GTGGGTACTGAGCGTA-1,0.013573,0.528155,0.458272
GTGGGTCTTCTTTGCG-1,0.515545,0.023852,0.460603
GTGGTATAGTCTGCCG-1,0.067379,0.2341,0.69852
GTGGTCAGCGAAGTAT-1,0.000104,0.277151,0.722746
GTGGTGATGGTTTGTG-1,0.019905,0.417304,0.562791
GTGGTGGCCAAGTGAA-1,0.000046,0.534621,0.465332
GTGGTTACTTCTTTCG-1,0.035862,0.567506,0.396633
GTGGTTTCCGCCTTTC-1,0.014477,0.384576,0.600946
GTGTACCTTGGCTACG-1,0.000304,0.137314,0.862382
GTGTACGAACCGTTCC-1,0.000052,0.694398,0.30555
GTGTATATCAGCGGGC-1,0.000065,0.707588,0.292348
GTGTATGACTTTAAAG-1,0.000684,0.002737,0.996578
GTGTCAGTGTACGTGG-1,0.23553,0.001018,0.763453
GTGTCCGATAAGGCAT-1,0.005429,0.594538,0.400032
GTGTCGTATAGCGTTC-1,0.000121,0.647805,0.352074
GTGTCGTATTCACCTT-1,0.000029,0.99955,0.000421
GTGTGAATAACTTAGG-1,0.00023,0.361543,0.638227
GTGTGAGCCGAGGTGC-1,0.572231,0.006591,0.421178
GTGTGTCGACGTCGCT-1,0.399236,0.58824,0.012525
GTGTTACTATGCGTCC-1,0.000083,0.599635,0.400282
GTTAAAGTAGGACTGG-1,0.042903,0.291325,0.665773
GTTAACATCACTTAAA-1,0.002288,0.489101,0.508611
GTTAACTATGTTGTCA-1,0.000102,0.221541,0.778357
GTTAAGGGTGCGATGT-1,0.110774,0.016289,0.872937
GTTAAGTTAGAGTGGG-1,0.000175,0.285955,0.71387
GTTAATGTCTATCTTA-1,0.000623,0.002492,0.996885
GTTACAATTGGTGACG-1,0.019083,0.590549,0.390368
GTTACCAAGGCGTACG-1,0.441801,0.030592,0.527607
GTTACCTACAACTTGC-1,0.000046,0.663462,0.336492
GTTACGAAATCCACGC-1,0.17116,0.012215,0.816624
GTTACGGCCCGACTGC-1,0.00054,0.649176,0.350284
GTTACTTTGGGCCTAG-1,0.030356,0.450878,0.518766
GTTAGAGTGTGCCGCT-1,0.054146,0.158031,0.787822
GTTAGCCCATGACATC-1,0.00034,0.001361,0.998299
GTTAGCCGTAAATCAA-1,0.048315,0.449944,0.501741
GTTAGGCTACCCGTTT-1,0.197234,0.159959,0.642807
GTTATAATACGGTGAA-1,0.000014,0.979027,0.020959
GTTATATCAGGAGCCA-1,0.000269,0.001077,0.998653
GTTATATTATCTCCCT-1,0.000079,0.564035,0.435886
GTTATCAAGCTATCGA-1,0.158862,0.000916,0.840222
GTTATCACCTTCTGAA-1,0.000352,0.550349,0.449299
GTTATTAAATACGACC-1,0.000097,0.282796,0.717108
GTTATTAACGTGGGAG-1,0.003132,0.012521,0.984347
GTTCAAATCAGATGTC-1,0.000204,0.301006,0.698789
GTTCAATCTATGTCAA-1,0.000066,0.745499,0.254435
GTTCACAGGAGTCTAG-1,0.021604,0.20692,0.771476
GTTCAGTCGCCAAATG-1,0.104293,0.000548,0.895159
GTTCATCGTTTGGCTG-1,0.000072,0.781905,0.218022
GTTCCAAGACAGCGAC-1,0.003795,0.015172,0.981033
GTTCCAGTCTGACCAT-1,0.001291,0.005163,0.993545
GTTCCCGTAAACATAT-1,0.037875,0.546821,0.415303
GTTCCGTCCGCCTGCA-1,0.082695,0.049535,0.86777
GTTCGACAATTGTATA-1,0.073826,0.091454,0.834719
GTTCGCCATAAGTGCC-1,0.056642,0.4563,0.487058
GTTCGCTGAGACGTCT-1,0.001294,0.895464,0.103242
GTTCGGATCGGGAACA-1,0.004547,0.542504,0.452949
GTTCGGGCGTACCATT-1,0.000048,0.969284,0.030668
GTTCGGTGTGGATTTA-1,0.005447,0.021774,0.972779
GTTCGTCTAAAGAACT-1,0.000047,0.644368,0.355585
GTTCGTCTGGGTCCCT-1,0.000082,0.995513,0.004405
GTTCTTCCCTCGATGT-1,0.002276,0.009109,0.988615
GTTGAACCGGTTCCAT-1,0.000055,0.722339,0.277606
GTTGAGTCCCGCCGGT-1,0.000028,0.988173,0.011799
GTTGCACGGAGTTTCG-1,0.241748,0.004209,0.754042
GTTGCAGTCGACAACA-1,0.217463,0.000705,0.781833
GTTGCCCTAACGGGTG-1,0.015024,0.480361,0.504615
GTTGCGCTAACATTAC-1,0.000051,0.69215,0.307799
GTTGCGGACGGTCAGG-1,0.000065,0.502838,0.497097
GTTGGACCGCATCAGG-1,0.106402,0.679169,0.214429
GTTGGATTCAGTGGCT-1,0.00011,0.880475,0.119415
GTTGGATTGAGAACAC-1,0.086573,0.524212,0.389215
GTTGGATTTGCGTTGG-1,0.000154,0.415385,0.584462
GTTGGTCATGCTATCC-1,0.000184,0.237326,0.762491
GTTGTAGATTTATGAG-1,0.243962,0.1241,0.631938
GTTGTCGTGTTAGTTG-1,0.006259,0.025037,0.968704
GTTGTTACATTGCGCT-1,0.000154,0.403586,0.59626
GTTGTTGCAAGATGGC-1,0.221084,0.129616,0.649299
GTTTACGTTCCATCTG-1,0.138553,0.261986,0.599461
GTTTATGGGATTTAGA-1,0.002785,0.011129,0.986087
GTTTCAAACGAGTTGT-1,0.089947,0.277555,0.632498
GTTTCATATCGTCGCT-1,0.000154,0.414192,0.585654
GTTTCCTGGAGGGTGA-1,0.000202,0.225146,0.774652
GTTTCTAGAGGCGCGG-1,0.297769,0.00161,0.700621
GTTTCTGCAGTCTCCC-1,0.000031,0.999876,0.000093
GTTTCTTGTTAGAGCT-1,0.000162,0.231505,0.768334
GTTTGACCAAATCCTA-1,0.000106,0.453145,0.546749
GTTTGGCCCAAGTTAT-1,0.018353,0.111284,0.870363
GTTTGGCCGCTCAGCG-1,0.115698,0.224053,0.66025
GTTTGGCGTCAGGCAC-1,0.008314,0.806395,0.185291
GTTTGGGCTTGTGAGC-1,0.000061,0.320048,0.679891
GTTTGGGTTTCGCCCG-1,0.30643,0.001653,0.691917
GTTTGGTAGGGTCAAC-1,0.001524,0.309434,0.689042
GTTTGGTGATCGGTGC-1,0.666716,0.001368,0.331916
GTTTGTTAGCCAAGTA-1,0.001449,0.552392,0.446159
TAAACCCAGGAGGGCA-1,0.000035,0.748132,0.251833
TAAACGTCGTCAATGA-1,0.003683,0.277745,0.718572
TAAAGACAACCCTTTA-1,0.001709,0.507932,0.49036
TAAAGAGCCCGAAACC-1,0.098474,0.004472,0.897054
TAAAGCGTTAGGAGAA-1,0.17264,0.44192,0.38544
TAAAGCTGCAATAGGG-1,0.035346,0.021339,0.943315
TAAAGGAGAAACTAGT-1,0.025392,0.439026,0.535581
TAAAGTGCACGTCTCG-1,0.00004,0.843852,0.156108
TAAATCTTTACACCTC-1,0.050949,0.567058,0.381993
TAAATGAATCCGTTTC-1,0.00232,0.2456,0.75208
TAAATGCCGTCTCATG-1,0.009915,0.98537,0.004715
TAAATGGGCTACTGAG-1,0.309493,0.000798,0.68971
TAAATTTAGTAACACC-1,0.061813,0.310608,0.627579
TAACAAAGGGAGAAGC-1,0.156229,0.009104,0.834668
TAACAATATTTGTTGC-1,0.000737,0.002946,0.996317
TAACAGCGTTTGTGCT-1,0.216028,0.000459,0.783513
TAACAGGTTCCCTTAG-1,0.05438,0.476986,0.468634
TAACATACAATGTGGG-1,0.023741,0.835755,0.140504
TAACCGCCCGCAGTGC-1,0.001376,0.005504,0.99312
TAACCGTCCAGTTCAT-1,0.008942,0.035775,0.955284
TAACCTACCGTCCGAG-1,0.069425,0.459226,0.471348
TAACCTAGGGAGTCCA-1,0.03664,0.277985,0.685374
TAACGCTTTGAGAGCG-1,0.001391,0.005564,0.993045
TAACTATCGAAGGTCC-1,0.001565,0.239643,0.758792
TAACTATTACGCCAAA-1,0.000126,0.512881,0.486992
TAACTCATCCGCGCGG-1,0.00012,0.119595,0.880285
TAACTCCATGGAGGCT-1,0.001079,0.686552,0.312369
TAACTGAAATACGCCT-1,0.344211,0.294644,0.361145
TAAGAGGGACAGGGAC-1,0.104266,0.000253,0.895481
TAAGATTTAGCGGGAG-1,0.001815,0.007259,0.990926
TAAGCAGGCGACACGC-1,0.08456,0.001621,0.913819
TAAGCCCTTACGACCA-1,0.019923,0.442189,0.537887
TAAGCGCGAATCAAAT-1,0.423199,0.091351,0.48545
TAAGGAACTTGTGGGA-1,0.287149,0.023842,0.689009
TAAGGCAACATAAGAT-1,0.000045,0.891812,0.108143
TAAGGCATAACATCAA-1,0.013383,0.189083,0.797534
TAAGGCCCGTCACCCT-1,0.033396,0.040334,0.92627
TAAGGCTGAATCCCTC-1,0.000046,0.803367,0.196587
TAAGGGCCTGTCCGAT-1,0.035519,0.536983,0.427498
TAAGGGCTGGGAGAGG-1,0.217459,0.142592,0.63995
TAAGTAAATGTGCCGC-1,0.000109,0.316535,0.683356
TAAGTAACATCTTGAC-1,0.023122,0.188789,0.788089
TAAGTCGCCGAGTATC-1,0.000056,0.402352,0.597592
TAAGTCGGTGAGCTAG-1,0.438803,0.019624,0.541573
TAAGTGAATAGTCTAC-1,0.001027,0.609922,0.389051
TAAGTTGCGACGTAGG-1,0.00004,0.886868,0.113092
TAATAAACAAGGAGAT-1,0.000332,0.261392,0.738276
TAATACACAGTAGTAT-1,0.000703,0.103001,0.896295
TAATACTAGAACAGAC-1,0.18856,0.010187,0.801253
TAATAGAACAGAGTTA-1,0.000054,0.178737,0.82121
TAATAGCTAAATGATG-1,0.000062,0.535348,0.46459
TAATAGGTCACCAGAA-1,0.018493,0.052304,0.929203
TAATAGTGACGACCAG-1,0.000198,0.446159,0.553644
TAATATTGAAATTCGC-1,0.004038,0.016152,0.979811
TAATCAACCAAATGGG-1,0.005026,0.155987,0.838986
TAATCAGGAATGCTGC-1,0.000125,0.225305,0.77457
TAATCGATCCGTACGT-1,0.061716,0.637731,0.300554
TAATGAAAGACCCTTG-1,0.001361,0.005444,0.993195
TAATGTCGGTTCATGG-1,0.000033,0.426917,0.573051
TAATTACGTCAGTAGA-1,0.00028,0.099134,0.900586
TAATTAGATGGATATG-1,0.005691,0.02276,0.971548
TAATTAGGACATCCGT-1,0.00004,0.874826,0.125134
TAATTCCAATGCTTCA-1,0.999366,0.000362,0.000272
TAATTGCGCTGATTAC-1,0.032499,0.007323,0.960179
TAATTGGAATCGGGAA-1,0.00025,0.04802,0.951729
TAATTTCCGTCCAGTA-1,0.070454,0.81584,0.113706
TACAAATTGCGGAGGT-1,0.000199,0.123904,0.875897
TACAACGCACAACTCA-1,0.016088,0.743441,0.240471
TACAAGCTGTTCACTG-1,0.001035,0.004139,0.994826
TACAAGGGCTTCTTTA-1,0.619325,0.002131,0.378543
TACAAGTCTCGTGCAT-1,0.000194,0.55221,0.447596
TACACAGCCGTGGTGC-1,0.000049,0.566153,0.433798
TACACCGTCGTTAGTC-1,0.000208,0.40686,0.592932
TACACCTCTTCGAATC-1,0.364608,0.001278,0.634114
TACAGAAACGGTGGGC-1,0.0001,0.226708,0.773192
TACATAGGCATACACC-1,0.041338,0.156541,0.802121
TACATCCCTATCCCTG-1,0.000031,0.731205,0.268764
TACATCTTGTTTCTTG-1,0.004172,0.0167,0.979128
TACATGACCTTATCCG-1,0.00626,0.025045,0.968695
TACATGCCGGAATTGT-1,0.000062,0.684547,0.315391
TACATTTCTAACGTGC-1,0.000076,0.715409,0.284515
TACCAAATAGCCCAGA-1,0.071744,0.049772,0.878484
TACCAATAAAGTACCA-1,0.052389,0.443869,0.503742
TACCAGAAGTAGGTTC-1,0.00007,0.604885,0.395045
TACCAGCTAGGTTTAA-1,0.051878,0.00319,0.944932
TACCAGGAATCCCGTC-1,0.28085,0.000574,0.718575
TACCATGTATTGATTT-1,0.000065,0.576104,0.423832
TACCGAATAATTGTAA-1,0.409486,0.001018,0.589496
TACCGATCCAACACTT-1,0.003055,0.415133,0.581812
TACCGCGGACTTGCAG-1,0.000112,0.809054,0.190834
TACCGGCTCACTGCCC-1,0.005408,0.498231,0.496361
TACCGGTCGTTTCCAT-1,0.000197,0.000788,0.999015
TACCGTAGGTTAACTA-1,0.194078,0.282249,0.523673
TACCGTGCCTCGGACC-1,0.000066,0.458092,0.541842
TACCTACTCCCAGTAT-1,0.000061,0.340154,0.659785
TACCTATCCCTAGAGG-1,0.000032,0.952636,0.047332
TACCTCACGCTTGTAC-1,0.003794,0.015178,0.981028
TACCTCAGTTGTCTGT-1,0.000295,0.001181,0.998523
TACCTCCACACCAATG-1,0.716806,0.079466,0.203728
TACCTCTTTACCATCC-1,0.987848,0.011981,0.000171
TACCTGCTGCACTGTG-1,0.000588,0.237895,0.761517
TACCTTAAGATTTCCC-1,0.000064,0.532651,0.467285
TACGAACACGACTTCA-1,0.000153,0.280331,0.719516
TACGACGCTTGCTGCG-1,0.017388,0.736716,0.245896
TACGACTGCCTCTTAG-1,0.000137,0.00055,0.999313
TACGAGAACTTCACGT-1,0.028005,0.528356,0.443638
TACGATCCAAGCCACT-1,0.000192,0.122915,0.876893
TACGATGTTGATCATC-1,0.087712,0.335497,0.576791
TACGCAGTTCTTTCCT-1,0.008164,0.632752,0.359084
TACGCCATATTCTAAT-1,0.000032,0.99257,0.007397
TACGCCGAGGGTACCC-1,0.002401,0.52727,0.470329
TACGCCGCCTCAGAAG-1,0.000072,0.182394,0.817534
TACGCCTCCATTCCGA-1,0.045186,0.081145,0.873668
TACGCTATAGAAACCT-1,0.005464,0.806319,0.188217
TACGCTCCTAGAACTG-1,0.000309,0.597199,0.402492
TACGCTCGGTATTGGA-1,0.000293,0.251085,0.748622
TACGCTGATAGTTGTA-1,0.000058,0.767849,0.232094
TACGCTGCTGTGTTAA-1,0.237902,0.000606,0.761492
TACGGAAGCCAAACCA-1,0.282496,0.000418,0.717086
TACGGCATGGACGCTA-1,0.200119,0.196411,0.603469
TACGGGATGCTAGCAG-1,0.020208,0.355443,0.624349
TACGGGTAATAACATA-1,0.000104,0.009358,0.990538
TACGTAAAGCGGAGTG-1,0.209708,0.010943,0.779349
TACGTACTAGTGCTGA-1,0.00018,0.000721,0.999099
TACGTGCAAGGTTCCT-1,0.04262,0.727679,0.229701
TACGTGCACTATGCTG-1,0.303692,0.008944,0.687364
TACGTGGGCCCAGGGC-1,0.181249,0.000673,0.818078
TACGTTTACCGGCAAT-1,0.000175,0.311252,0.688573
TACTACGTGCAATGCG-1,0.029441,0.35958,0.610978
TACTATGGTTCCTCAG-1,0.042685,0.443587,0.513729
TACTCACAACGTAGTA-1,0.002982,0.279375,0.717643
TACTCCTCTAGTTGAC-1,0.09235,0.159273,0.748378
TACTCGGCACGCCGGG-1,0.032079,0.69116,0.276761
TACTCGTTTGAATCAA-1,0.000019,0.641159,0.358822
TACTCTCCGAACAAAT-1,0.000181,0.410032,0.589787
TACTCTTACTTTACTG-1,0.000079,0.623676,0.376244
TACTCTTTCGTCTTCA-1,0.000146,0.029832,0.970022
TACTGAACAGATTTAG-1,0.000052,0.593637,0.406311
TACTGAGGGAAGAAAG-1,0.038398,0.152985,0.808617
TACTGCAATCAATTAC-1,0.000151,0.586595,0.413254
TACTGGACAGCTCGGC-1,0.000258,0.282122,0.717619
TACTGTTTCTCTGGTA-1,0.000088,0.588911,0.411001
TACTTAAACATGTACA-1,0.999763,0.000136,0.000102
TACTTGTTAGTAGTCC-1,0.000098,0.851509,0.148394
TACTTTACTGAGCCGG-1,0.025478,0.742029,0.232493
TACTTTCCGCACGCCA-1,0.0228,0.061175,0.916025
TAGAAACACAATAGTG-1,0.191329,0.387947,0.420724
TAGAAACCACTAAGTA-1,0.000092,0.616871,0.383036
TAGAAAGGTGGCGCTA-1,0.000125,0.839327,0.160547
TAGAAATTCACGTATA-1,0.000059,0.634806,0.365135
TAGAACGCCAGTAACG-1,0.004471,0.4285,0.567029
TAGAATAGCCGATGAA-1,0.131163,0.052654,0.816183
TAGAATTAAGGGCAAC-1,0.034293,0.428839,0.536867
TAGACGAAACGCCAAT-1,0.287617,0.060977,0.651406
TAGACGCCCGTACCGG-1,0.067855,0.469746,0.4624
TAGACTACCTAGCGTT-1,0.000081,0.596601,0.403319
TAGACTCAGTTGGCCT-1,0.040087,0.042402,0.917511
TAGAGATCATGCAACT-1,0.082653,0.188436,0.728911
TAGAGCTACGAAGAAC-1,0.001018,0.33115,0.667832
TAGAGGGAGTTTATCT-1,0.000155,0.215671,0.784174
TAGAGGTTCTACTTGT-1,0.000155,0.2283,0.771545
TAGAGTCTAAGCGAAC-1,0.011356,0.585045,0.403599
TAGATATGGACTGGAA-1,0.012746,0.207899,0.779355
TAGATCCGAAGTCGCA-1,0.113336,0.222312,0.664352
TAGATGGTTCCTTACT-1,0.000096,0.850862,0.149042
TAGATTCAAAGTGCGG-1,0.186519,0.000516,0.812965
TAGATTCCTGGTTATT-1,0.000275,0.396883,0.602842
TAGCAACCTGTCACAA-1,0.196623,0.01113,0.792248
TAGCAGTAAATACGCG-1,0.000023,0.908778,0.091199
TAGCCAGAGGGTCCGG-1,0.002408,0.36649,0.631102
TAGCCATGATTGCCTA-1,0.044009,0.397276,0.558715
TAGCCATTTCAAAGTC-1,0.23617,0.378518,0.385312
TAGCCGGCGGTCAGCG-1,0.000307,0.537352,0.462341
TAGCGTCCCTCGATTG-1,0.000093,0.291491,0.708416
TAGCGTCCGGTGTGGT-1,0.000098,0.600434,0.399469
TAGCGTCGAATATTGA-1,0.000142,0.672058,0.3278
TAGCGTTGGGTCTTAC-1,0.000111,0.404794,0.595096
TAGCTAAGTCCGGGAG-1,0.00017,0.138013,0.861818
TAGCTAGAAGGCATGA-1,0.000037,0.57587,0.424093
TAGCTAGTGATGATGG-1,0.046238,0.000437,0.953325
TAGCTCACTGTGTTTG-1,0.352449,0.205827,0.441724
TAGCTCAGATCCTAGT-1,0.000127,0.613822,0.386051
TAGCTCGCCTGATAAC-1,0.000029,0.80863,0.191342
TAGCTGATGTGAAGCG-1,0.027511,0.770085,0.202404
TAGGAACAGCCTCCAG-1,0.000252,0.001011,0.998736
TAGGCATGTTACGCCA-1,0.022872,0.560179,0.416949
TAGGCCTATATAGTCT-1,0.914539,0.085316,0.000146
TAGGCGATGAGGTCTC-1,0.000127,0.489375,0.510498
TAGGCGGCTGCAAAGA-1,0.215172,0.333212,0.451615
TAGGCTAAAGTGGCAC-1,0.739521,0.174998,0.085481
TAGGGAGCTTGGGATG-1,0.106331,0.756086,0.137583
TAGGGTGTTTCAAGAG-1,0.00087,0.003478,0.995652
TAGGTCCAAGTAAGGA-1,0.000104,0.784446,0.215451
TAGGTCGCCGGAACTG-1,0.036527,0.633169,0.330303
TAGGTGACGATAACCT-1,0.000143,0.136671,0.863186
TAGGTGAGCCCTACTC-1,0.000254,0.401496,0.598249
TAGGTGCTCGCCTAGC-1,0.000093,0.434321,0.565586
TAGGTGTTCCACAGAT-1,0.112022,0.000687,0.887291
TAGGTTCGAGTTCGTC-1,0.000141,0.382639,0.617219
TAGGTTCTGCTGAGAA-1,0.000019,0.970464,0.029517
TAGTACCACAACTTTC-1,0.540783,0.151483,0.307734
TAGTACCTTAGTGGTC-1,0.003579,0.014312,0.982109
TAGTAGCTTATACCAG-1,0.002328,0.451086,0.546585
TAGTCCCGGAGACCAC-1,0.706981,0.001089,0.291931
TAGTCCGCAGAGAATG-1,0.000064,0.748181,0.251754
TAGTCCGTATGCATAA-1,0.002087,0.008349,0.989563
TAGTCCTGCACTAAGC-1,0.134949,0.000505,0.864546
TAGTCGATCACGGGTT-1,0.032096,0.789347,0.178558
TAGTCGGGATTCTTCG-1,0.008352,0.033392,0.958256
TAGTCTAACAACGAGA-1,0.01986,0.701588,0.278552
TAGTCTGCGGCACATT-1,0.000039,0.835496,0.164465
TAGTCTGTGACGTTGC-1,0.000295,0.709203,0.290502
TAGTCTTTCCGAATTG-1,0.009708,0.576802,0.41349
TAGTGAGAAGTGGTTG-1,0.001318,0.005273,0.993409
TAGTGCCCTCCAGAGT-1,0.000134,0.436705,0.563162
TAGTGCTTGAATCCTT-1,0.005445,0.021774,0.972781
TAGTGGAACTCATACA-1,0.00014,0.584647,0.415214
TAGTGTCAGAAACGGC-1,0.003478,0.013909,0.982613
TAGTTAAGATAGGATA-1,0.000208,0.135774,0.864018
TAGTTTATTCTTGCTT-1,0.001898,0.007589,0.990513
TAGTTTGATCGGTCGC-1,0.000306,0.035073,0.964621
TATAAATCCACAAGCT-1,0.001815,0.007259,0.990927
TATAAGTGAGGATAGC-1,0.001869,0.429621,0.56851
TATACACAGACGCCTT-1,0.000047,0.745753,0.2542
TATACACGCAAAGTAT-1,0.257791,0.009452,0.732757
TATACCGAGTGCCACA-1,0.000033,0.792139,0.207828
TATACGCGTCATCACT-1,0.565387,0.000629,0.433983
TATACTCATGCGGCAA-1,0.179376,0.419952,0.400673
TATAGATGGTCGCAGT-1,0.000033,0.999506,0.000461
TATAGCGCACGTTATC-1,0.000032,0.777027,0.222941
TATAGGGTACTCATGA-1,0.021112,0.125701,0.853187
TATAGTTAGGTGTACT-1,0.00014,0.380904,0.618955
TATATAGGGCTTTACG-1,0.035187,0.074394,0.890419
TATATATCGAGAAATG-1,0.000082,0.118518,0.8814
TATATCAAAGTGATCT-1,0.014345,0.766588,0.219068
TATATCATTGATCAGT-1,0.000222,0.541544,0.458234
TATATCCCTGGGAGGA-1,0.000091,0.577913,0.421996
TATATGCTGGGTTGCC-1,0.003795,0.320313,0.675892
TATATTACAAATGTCG-1,0.000133,0.142961,0.856906
TATATTCGCGTCGATA-1,0.000703,0.163412,0.835885
TATCAAAGGTCTGTAA-1,0.000768,0.003073,0.996159
TATCACAGCACGGGCA-1,0.000611,0.303613,0.695776
TATCACCATGTAAAGT-1,0.024332,0.579061,0.396607
TATCACCCAACCGACC-1,0.000214,0.549969,0.449817
TATCACTTCGAGTAAC-1,0.000163,0.416382,0.583455
TATCAGTGGCGTAGTC-1,0.01826,0.15072,0.831021
TATCCAATTGGTTATC-1,0.007671,0.524819,0.46751
TATCCATATCATGCGA-1,0.000528,0.861756,0.137716
TATCCATCTCGGTTAG-1,0.075882,0.240269,0.683849
TATCCGCACCGTCGGG-1,0.110495,0.145637,0.743868
TATCCTATCAACTGGT-1,0.113242,0.031697,0.855061
TATCCTGCATGGGAAT-1,0.001089,0.246202,0.752709
TATCGATCTATGCATA-1,0.000105,0.788213,0.211682
TATCGATGATTAAACG-1,0.001089,0.231636,0.767275
TATCTACAGAGGTAAT-1,0.0004,0.018687,0.980913
TATCTACCACAGCGGG-1,0.000102,0.325828,0.674069
TATCTAGCCTAAAGGA-1,0.000106,0.706321,0.293573
TATCTTGCAATACAAC-1,0.000383,0.828917,0.1707
TATGAAGAATTAAGGT-1,0.378895,0.001611,0.619494
TATGAAGACAGGTGCG-1,0.005683,0.455033,0.539284
TATGACCTTGCGCTGG-1,0.004959,0.807041,0.188
TATGATAAATCTAACG-1,0.029954,0.056784,0.913262
TATGATCCGGCACGCC-1,0.000293,0.128529,0.871179
TATGATCTTCTCTTTA-1,0.00008,0.89672,0.103201
TATGATTCTGCTTGGT-1,0.001842,0.007366,0.990792
TATGCTCCCTACTTAC-1,0.000214,0.796857,0.202928
TATGGAGTTTCTCGTT-1,0.101593,0.010654,0.887752
TATGGATGTGCTACGC-1,0.00031,0.097115,0.902575
TATGGCAGACTTTCGA-1,0.009635,0.038518,0.951847
TATGGCCCGGCCTCGC-1,0.08206,0.132621,0.785319
TATGGCTAGGCTAATT-1,0.000085,0.637759,0.362156
TATGGGACCGAGCAGG-1,0.048944,0.404237,0.546819
TATGGGTACGTATCGT-1,0.028241,0.001669,0.97009
TATGGTCTGAGTAACA-1,0.000098,0.463282,0.53662
TATGGTTAGTGGGAGA-1,0.037777,0.607034,0.355189
TATGTAAAGTGCTTAA-1,0.570712,0.000842,0.428446
TATGTAGAAACCCGGC-1,0.013892,0.000248,0.985859
TATGTCAAGACCGACT-1,0.110166,0.19042,0.699414
TATGTCTCATTGTGCC-1,0.000188,0.618604,0.381208
TATTAACACCAAAGCA-1,0.001106,0.626408,0.372486
TATTAACCTGACCGCG-1,0.009661,0.044638,0.945702
TATTACCATCCTGCTT-1,0.000023,0.999909,0.000068
TATTATGTTTGCCTGC-1,0.027011,0.55575,0.417238
TATTCAATTCTAATCC-1,0.00007,0.965559,0.034371
TATTCCACTCAGCTCG-1,0.00096,0.159697,0.839343
TATTCCGAGCTGTTAT-1,0.000107,0.236542,0.763351
TATTCCGGCAGTCCTA-1,0.000914,0.003656,0.99543
TATTCCTCCGCCCACT-1,0.000076,0.176566,0.823358
TATTCGTGCCAGAATA-1,0.000149,0.057547,0.942304
TATTGACATTTCTGCC-1,0.000076,0.812707,0.187218
TATTGCCGGGCTTGTA-1,0.884621,0.065843,0.049537
TATTTAGTCTAGATCG-1,0.001456,0.005824,0.992719
TATTTATACCGAGTAG-1,0.103986,0.524672,0.371342
TATTTGATTTGCACAG-1,0.003112,0.732507,0.264381
TATTTGTTACCCTTTA-1,0.00048,0.13974,0.85978
TCAAACAACCGCGTCG-1,0.000427,0.437431,0.562141
TCAAACAATTAGGACA-1,0.000068,0.644751,0.355181
TCAAACTTAGATTGTT-1,0.055291,0.00074,0.943969
TCAAAGAGCTATCTGT-1,0.008341,0.609804,0.381855
TCAAAGTCACGGCGTC-1,0.02348,0.00054,0.975979
TCAAATTGTTGTGCCG-1,0.224761,0.000817,0.774422
TCAAATTTGAGACTCA-1,0.002847,0.108941,0.888212
TCAACAAAGATAATTC-1,0.002319,0.436061,0.56162
TCAACACATTGGGTAA-1,0.002723,0.010889,0.986389
TCAACATAGCGCCCTA-1,0.019497,0.150271,0.830232
TCAACATCGACCGAGA-1,0.003201,0.855651,0.141148
TCAACCATGTTCGGGC-1,0.000141,0.545061,0.454799
TCAACGAGGAGACAAA-1,0.000015,0.997963,0.002021
TCAACGCAGGAAATAA-1,0.000029,0.705076,0.294895
TCAACGCGACCGGCAG-1,0.000043,0.824266,0.175691
TCAACTAACGTATAAC-1,0.037088,0.046832,0.91608
TCAACTGCAGAGTCAG-1,0.008827,0.886157,0.105017
TCAAGAAATACTAGCT-1,0.055314,0.379564,0.565122
TCAAGCGCGGACGGTA-1,0.00004,0.869222,0.130738
TCAAGCTGCCTTGAAA-1,0.000057,0.754806,0.245137
TCAAGGTTACTACACC-1,0.000092,0.265934,0.733974
TCAATACAATTGCTGC-1,0.095288,0.366216,0.538496
TCAATACGCCGTCATG-1,0.224051,0.34221,0.433739
TCAATATACAGGAGGC-1,0.407375,0.035987,0.556639
TCAATCCCGCGCCAAA-1,0.293351,0.082479,0.62417
TCACAAACCGAGGTAC-1,0.000179,0.01578,0.984041
TCACAGATCCTCAAAC-1,0.005691,0.022756,0.971552
TCACAGCAAACTCGAA-1,0.00452,0.246332,0.749148
TCACAGGAGAATAAGA-1,0.043767,0.112681,0.843552
TCACAGGGAATCGCAA-1,0.000061,0.277537,0.722402
TCACAGGTTATTGGGC-1,0.019418,0.695147,0.285435
TCACATCTTATCTGAT-1,0.001026,0.004105,0.994869
TCACCCTCTTAAGATT-1,0.000079,0.461635,0.538286
TCACCGCTCGGCACTC-1,0.000328,0.333446,0.666226
TCACGATGTCCGTGGA-1,0.000068,0.650479,0.349453
TCACGCATTGTAGATC-1,0.000547,0.002187,0.997266
TCACGGCCCAAGAGAG-1,0.224763,0.000569,0.774668
TCACGGTCATCGCACA-1,0.092032,0.265688,0.642279
TCACGTGCCCGATTCA-1,0.048645,0.615462,0.335894
TCACTACGACCAATGC-1,0.040663,0.557491,0.401845
TCACTATCCCTTCGGT-1,0.027902,0.000591,0.971506
TCACTATCGTGCAATC-1,0.002555,0.256979,0.740466
TCACTCGTGCAACGGC-1,0.045683,0.509815,0.444502
TCACTCTTCGTCTGTC-1,0.349879,0.019265,0.630856
TCAGAACCTCCACAGG-1,0.01641,0.430178,0.553412
TCAGAACGGCGGTAAT-1,0.000057,0.636399,0.363543
TCAGACGCTATAGAAG-1,0.013963,0.740885,0.245152
TCAGAGTGTGAGCATG-1,0.114364,0.000816,0.884821
TCAGATGGAGACGTAG-1,0.014605,0.366693,0.618702
TCAGCAAATGCATCTC-1,0.000256,0.384569,0.615175
TCAGCAGTAGGCCCTG-1,0.013354,0.000593,0.986053
TCAGCCAATCCGTAAA-1,0.171068,0.017291,0.81164
TCAGCTTGAGCTTTCG-1,0.076455,0.092136,0.831409
TCAGGGCGACTTCCTT-1,0.001669,0.006679,0.991652
TCAGGGCGCAAACTCG-1,0.119711,0.042502,0.837787
TCAGGGTGCACGAAAC-1,0.000085,0.53263,0.467285
TCAGGGTGTAACGTAA-1,0.00019,0.67487,0.324939
TCAGGTTCTTTGAGAA-1,0.00021,0.192675,0.807115
TCAGTACTGACCCGCG-1,0.00117,0.004682,0.994148
TCAGTAGGGACTATAA-1,0.018013,0.163564,0.818423
TCAGTGTATACGTCAT-1,0.000081,0.326787,0.673132
TCAGTTACGGAATGAT-1,0.000266,0.001066,0.998668
TCATAAGTCCAAGAAG-1,0.000205,0.214708,0.785088
TCATACTTACAGATCC-1,0.002912,0.011651,0.985437
TCATATGAGCTTTGTT-1,0.901767,0.090055,0.008178
TCATCACTCGAGCTCG-1,0.001815,0.374699,0.623486
TCATCCATCTGATCAC-1,0.065921,0.257165,0.676913
TCATCCCAGAGGGTGG-1,0.033619,0.00315,0.963231
TCATCCTCAGCTGCTT-1,0.357406,0.001546,0.641048
TCATCGACGACCGTCG-1,0.000429,0.001715,0.997856
TCATCGATGGTCCCAA-1,0.01775,0.575065,0.407185
TCATGCAGGTTCTCAT-1,0.000114,0.921784,0.078102
TCATTCGTATAATTTG-1,0.063252,0.438902,0.497846
TCATTTAAGTCTCCGA-1,0.000239,0.061018,0.938743
TCATTTAGAAGTGTGA-1,0.000103,0.655981,0.343915
TCCAACTCAGCTATCT-1,0.670336,0.001308,0.328356
TCCAACTTTAAATTCT-1,0.022407,0.683882,0.293711
TCCAAGCCTAGACACA-1,0.421844,0.001278,0.576878
TCCAATAAAGGCTACC-1,0.162213,0.002562,0.835225
TCCACAATGGTTTACG-1,0.000145,0.587305,0.41255
TCCACATCGTATATTG-1,0.049977,0.000986,0.949037
TCCACCAAGACATAGG-1,0.000959,0.436647,0.562394
TCCACCTCTAGCCTTT-1,0.122406,0.000828,0.876766
TCCACTTTATCTAGGT-1,0.007806,0.618536,0.373657
TCCAGAGCACCGGTTC-1,0.000075,0.631541,0.368384
TCCAGATGTACGCCAA-1,0.000221,0.000883,0.998896
TCCAGCGCTATAAGCG-1,0.000063,0.621719,0.378218
TCCAGGCAGGACGATC-1,0.039835,0.881264,0.078901
TCCAGGCGAGTACGGT-1,0.00013,0.876083,0.123787
TCCAGGGTATATACGA-1,0.131187,0.157733,0.71108
TCCATCAATACTAATC-1,0.195261,0.162118,0.642621
TCCATTAGTTGGATAG-1,0.003914,0.01565,0.980436
TCCATTCCCACTAGAG-1,0.000045,0.892737,0.107218
TCCATTGTGACCTCGT-1,0.000185,0.582353,0.417463
TCCCAAACAGACAACG-1,0.00004,0.893509,0.106451
TCCCAAAGACGAAGGA-1,0.034229,0.391451,0.57432
TCCCAAAGCCCTAAAT-1,0.000034,0.841131,0.158835
TCCCACGGAGGGAGCT-1,0.000476,0.270372,0.729152
TCCCACTCTCTTCCGG-1,0.137045,0.234184,0.628771
TCCCAGCACACGACAT-1,0.056721,0.637043,0.306236
TCCCAGCTTTAGTCTG-1,0.000395,0.00158,0.998025
TCCCAGGCTTAGCTAA-1,0.000043,0.844927,0.155031
TCCCGCCTATGTGCGT-1,0.005476,0.572374,0.42215
TCCCGCGTACTCCTGG-1,0.066967,0.829787,0.103246
TCCCGGGTGTGCTGCT-1,0.000295,0.100753,0.898951
TCCCGGTCAGGAATTT-1,0.183759,0.011381,0.80486
TCCCGTCAGTCCCGCA-1,0.000384,0.816806,0.18281
TCCCGTCGCGTCATAG-1,0.000085,0.432816,0.567099
TCCCGTGTGCAATTTG-1,0.000047,0.80322,0.196733
TCCCTAGATCAATAGG-1,0.045189,0.522365,0.432446
TCCCTCCGAAATCGTT-1,0.493714,0.005825,0.500461
TCCCTGGCGTATTAAC-1,0.000023,0.904436,0.095541
TCCCTGGCTCGCTGGA-1,0.000167,0.650584,0.34925
TCCCTTAGATTACTCG-1,0.000188,0.652477,0.347334
TCCCTTGTCTGAAACT-1,0.857181,0.142079,0.00074
TCCGAACGTTGCCGCT-1,0.00003,0.856216,0.143754
TCCGAACTTGGCTTAC-1,0.000165,0.630484,0.369351
TCCGAAGTAGTCACCA-1,0.023445,0.16897,0.807585
TCCGAATGGTCCTGAG-1,0.000078,0.627878,0.372044
TCCGACCGCTAATCAA-1,0.028475,0.26371,0.707815
TCCGAGAAGGCTAAGC-1,0.003212,0.012839,0.983949
TCCGATAATTGCCATA-1,0.000582,0.334707,0.664711
TCCGATGACTGAGCTC-1,0.000322,0.466515,0.533163
TCCGATGGTGCGACAT-1,0.000511,0.002045,0.997444
TCCGATTACATTGCCG-1,0.000213,0.338783,0.661004
TCCGCAGCCACCTAGC-1,0.006588,0.026367,0.967045
TCCGCCTGTCTACAAG-1,0.000089,0.590632,0.409278
TCCGCGGCAGCATCTG-1,0.000334,0.086623,0.913043
TCCGCGGCCCAATGAA-1,0.000117,0.948688,0.051195
TCCGCTGGGTCGATCG-1,0.083028,0.679189,0.237783
TCCGCTGTCATCCCGG-1,0.000026,0.993247,0.006727
TCCGCTTATCCCATTA-1,0.010279,0.482565,0.507156
TCCGGAGGAAGGGCTG-1,0.027044,0.289519,0.683437
TCCGGCCTAGCGTACA-1,0.00025,0.126566,0.873184
TCCGGCCTGCATCGAT-1,0.000148,0.504602,0.495249
TCCGGCTGTCGGGTCG-1,0.32524,0.15586,0.5189
TCCGGGCTTGACGGGA-1,0.447932,0.551823,0.000245
TCCGGTTCGTCCGGTC-1,0.000091,0.073141,0.926768
TCCGTAACCACAATCC-1,0.004317,0.017269,0.978414
TCCGTTAAGCTAATAT-1,0.000061,0.443215,0.556724
TCCGTTTAGCCTTGAA-1,0.000313,0.012182,0.987505
TCCTAAAGATTCAGAC-1,0.273465,0.001068,0.725467
TCCTAAATTGGGAAGC-1,0.000061,0.356115,0.643824
TCCTAACCGTCGGGCA-1,0.153649,0.000901,0.84545
TCCTACATCCACGGCC-1,0.005179,0.12793,0.866891
TCCTAGCAAAGAAGCT-1,0.000055,0.650639,0.349306
TCCTATCATAGGTAAC-1,0.000083,0.470307,0.52961
TCCTCCTAAGACATTC-1,0.000113,0.200073,0.799814
TCCTCGGGCTGGGCTT-1,0.000089,0.552224,0.447687
TCCTCTACGAGATGGC-1,0.00075,0.162173,0.837077
TCCTCTCCAGTTGTCC-1,0.018345,0.3505,0.631155
TCCTCTGGCCCATTAG-1,0.000116,0.435314,0.56457
TCCTGCCAACTGGAGA-1,0.000153,0.275824,0.724023
TCCTGCGTTGATACTC-1,0.000106,0.585706,0.414189
TCCTGGCGCTGCCTGG-1,0.000114,0.692648,0.307239
TCCTTACGACGGTCCG-1,0.000095,0.356633,0.643272
TCCTTCAATCCCTACG-1,0.000051,0.82368,0.176269
TCCTTCAGTGGTCGAA-1,0.000505,0.195668,0.803827
TCCTTGTCCTTTAATT-1,0.528613,0.000803,0.470584
TCCTTTAAATCCGCTT-1,0.000043,0.922814,0.077143
TCCTTTCTTACGCTTA-1,0.000099,0.899156,0.100745
TCGAAATTTAGGACCA-1,0.00406,0.579946,0.415995
TCGAAGAACCGAGCAC-1,0.000042,0.453793,0.546165
TCGAATATCCCGCAGG-1,0.030213,0.658457,0.311331
TCGACAACTGAACCCG-1,0.000303,0.90416,0.095537
TCGACATAGCGTAGCG-1,0.018225,0.554467,0.427308
TCGAGACCAACACCGT-1,0.000652,0.817916,0.181432
TCGAGCCAGGCAGGCC-1,0.000084,0.363765,0.636151
TCGAGGGCAACAGACG-1,0.000514,0.944606,0.054879
TCGAGTCTACGATTCG-1,0.025821,0.734315,0.239864
TCGATAGGCTAGTCGC-1,0.000972,0.003882,0.995146
TCGCAAAGATGCATTT-1,0.015361,0.442586,0.542054
TCGCACCAGGAGGCAG-1,0.010975,0.237528,0.751496
TCGCACTAACGTTTGT-1,0.095518,0.003737,0.900745
TCGCATAAAGGGCGCA-1,0.129104,0.0987,0.772197
TCGCATCCCTAAGTGT-1,0.001841,0.007365,0.990793
TCGCATTCAATGACTT-1,0.226713,0.015653,0.757634
TCGCCCAACTGACTCC-1,0.059051,0.170394,0.770555
TCGCCCACTGCGAGAG-1,0.000116,0.580175,0.419709
TCGCCGAAGTTGCGTC-1,0.000107,0.120963,0.878929
TCGCCGCACCGCGTGA-1,0.000065,0.57513,0.424805
TCGCCGGAGAGTCTTA-1,0.007827,0.031294,0.96088
TCGCCGGATGGGCAAG-1,0.000745,0.002981,0.996273
TCGCCGGTCGATCCGT-1,0.000652,0.409124,0.590224
TCGCCTCGACCTGTTG-1,0.012522,0.050094,0.937384
TCGCGCGTTTACATGA-1,0.110494,0.001281,0.888224
TCGCGTAGCAGTGTCC-1,0.001647,0.993409,0.004944
TCGCGTCCAGAAGGTC-1,0.139525,0.002982,0.857494
TCGCTAAACCGCTATC-1,0.000065,0.999739,0.000195
TCGCTACTGGCTTTGA-1,0.314364,0.101284,0.584351
TCGCTCGATATATTCC-1,0.000168,0.600134,0.399698
TCGCTCGGCACCAGCG-1,0.00015,0.714927,0.284923
TCGCTGCCAATGCTGT-1,0.319456,0.001216,0.679328
TCGCTGGGCGGATTGT-1,0.148744,0.399075,0.452181
TCGCTGTGCGTAAATC-1,0.006262,0.025042,0.968695
TCGCTTAATTACGAAG-1,0.013458,0.534212,0.45233
TCGCTTTAAACGTTTG-1,0.000163,0.310455,0.689383
TCGGAATGACCATCAA-1,0.000135,0.938697,0.061168
TCGGAATGCGCTCTGA-1,0.000357,0.484848,0.514796
TCGGACGCCCAGCCCA-1,0.457805,0.344509,0.197686
TCGGAGAGTATCGGGA-1,0.018907,0.330394,0.650699
TCGGAGTACATGAGTA-1,0.000652,0.002609,0.996739
TCGGAGTCCTGGTTGC-1,0.058971,0.356486,0.584543
TCGGCAGGGTTAAGGG-1,0.245353,0.001423,0.753224
TCGGCGAACCCAAACC-1,0.000017,0.904849,0.095134
TCGGCGGTATTAGATT-1,0.000058,0.621916,0.378025
TCGGCGTACTGCACAA-1,0.00002,0.878118,0.121861
TCGGCTAACTTCCCTT-1,0.000378,0.001513,0.998108
TCGGCTTGTATCGACG-1,0.000045,0.834073,0.165882
TCGGGAACGTGCCTAG-1,0.000128,0.217327,0.782545
TCGGGAGACAGCGTAC-1,0.00008,0.367688,0.632232
TCGGGATTCAAACATA-1,0.00003,0.940604,0.059366
TCGGGCACTTCTGGAT-1,0.11497,0.003552,0.881478
TCGGGCCGTCGTGGTA-1,0.027471,0.461265,0.511264
TCGGGTGAAACTGCTA-1,0.000956,0.003824,0.99522
TCGGTCCCGACAATAG-1,0.000039,0.602752,0.397209
TCGGTCCCTGACTCCA-1,0.000213,0.199392,0.800395
TCGGTGACCGCTCCGG-1,0.000273,0.001091,0.998636
TCGGTTAGCCATGTAG-1,0.000101,0.637226,0.362673
TCGTAACTCCCAAGAC-1,0.824069,0.137874,0.038057
TCGTAAGACGACATTG-1,0.00025,0.394953,0.604796
TCGTAAGCTCCGAGGA-1,0.000065,0.794178,0.205757
TCGTACCGACGTCAAG-1,0.319939,0.001082,0.678979
TCGTATAGTGCAATTA-1,0.2086,0.01022,0.78118
TCGTATCACCAAGCTA-1,0.011902,0.263254,0.724845
TCGTATTACCCATTGC-1,0.000093,0.776705,0.223201
TCGTATTTCGTCCGGA-1,0.000309,0.074674,0.925017
TCGTCAAGTACGCGCA-1,0.000055,0.506933,0.493012
TCGTCACACTGTTAGC-1,0.00144,0.005758,0.992802
TCGTCCGCTGGCGTCT-1,0.003685,0.501138,0.495178
TCGTCCGGGTACACTC-1,0.000062,0.627526,0.372413
TCGTCTTAGGCGTTAA-1,0.000086,0.04182,0.958094
TCGTGTACTATGGATG-1,0.000759,0.43962,0.559621
TCGTGTATTGGTCACG-1,0.000636,0.002543,0.996822
TCGTGTCACGCTGACA-1,0.126341,0.258064,0.615595
TCGTGTTCGACCACAA-1,0.00008,0.862442,0.137478
TCGTTAGGAGTCCCTA-1,0.000093,0.214641,0.785266
TCGTTCGTTATTATGT-1,0.000279,0.203571,0.79615
TCGTTGACAGGGTCCC-1,0.003468,0.414888,0.581643
TCGTTGCTATCCGGTC-1,0.017285,0.100922,0.881792
TCGTTGGCTCGTCAAT-1,0.233628,0.013537,0.752835
TCGTTTACGCGACCCT-1,0.104621,0.001495,0.893884
TCTAAAGAACAGTCTC-1,0.000024,0.794571,0.205405
TCTAACTGTATGTAAA-1,0.081609,0.461935,0.456455
TCTAATACTGCCTCAG-1,0.013085,0.285972,0.700943
TCTACACGTTCATGCA-1,0.000136,0.332196,0.667667
TCTACCCAATAGAGAG-1,0.000067,0.585802,0.414132
TCTACCGTCCACAAGC-1,0.119675,0.13876,0.741565
TCTACGGGCTCAGTTG-1,0.009532,0.609494,0.380974
TCTAGCAATCTCCGCC-1,0.000066,0.336718,0.663216
TCTAGCATCTTCGATG-1,0.059018,0.519802,0.42118
TCTAGCATGCCCAGAA-1,0.031163,0.00827,0.960567
TCTAGGTGGCGACGCT-1,0.156184,0.000864,0.842952
TCTAGTGATATCGTGG-1,0.000079,0.650956,0.348965
TCTAGTTATCAGAAGA-1,0.059544,0.725135,0.215321
TCTATAGGTGGGTAAT-1,0.814466,0.008234,0.177301
TCTATCATGCAGTTAC-1,0.005221,0.020862,0.973917
TCTATCGGTCGCAACA-1,0.000191,0.821077,0.178733
TCTATGCTATAACGAC-1,0.25574,0.004721,0.739539
TCTATTACGCTGGCGA-1,0.005217,0.020861,0.973922
TCTATTACTAGAGGAT-1,0.000099,0.510554,0.489347
TCTCAAATCAATCGGG-1,0.012062,0.408662,0.579277
TCTCATGAGATAGGGT-1,0.04453,0.438198,0.517272
TCTCCAACGTAGGTTA-1,0.000147,0.858497,0.141356
TCTCCACAAGTTGAAT-1,0.102402,0.25036,0.647239
TCTCCCTGGGCAGCGT-1,0.00005,0.638325,0.361625
TCTCGAACGAGGTCAC-1,0.000236,0.099667,0.900097
TCTCGACGTATCGCCG-1,0.000126,0.432837,0.567037
TCTCGAGGAGGTTCGC-1,0.019091,0.458442,0.522467
TCTCGGCTCCAGGACT-1,0.007369,0.029465,0.963167
TCTCGTGTTACGAGGA-1,0.024842,0.405682,0.569477
TCTCTAATAGCTGGTA-1,0.157171,0.003738,0.83909
TCTCTCGCCGCACATA-1,0.014759,0.80571,0.179531
TCTCTTACCGCGAACC-1,0.999175,0.000472,0.000354
TCTGAACCGGTCGGCT-1,0.002609,0.010432,0.986959
TCTGAACTCGTACCCG-1,0.011006,0.969583,0.019412
TCTGAAGCACGTGGTC-1,0.008592,0.506899,0.484509
TCTGAATTCCGTACAA-1,0.000078,0.617699,0.382223
TCTGACGGGCTAACCC-1,0.000114,0.345105,0.654781
TCTGACTGTAATGGTT-1,0.007366,0.029473,0.963161
TCTGAGCAATTGACTG-1,0.000105,0.235221,0.764674
TCTGATCGGGTGCTAG-1,0.000133,0.501711,0.498157
TCTGATGTATTCTGTC-1,0.000039,0.750108,0.249853
TCTGATTGGAAATGGA-1,0.000015,0.999939,0.000046
TCTGCACCATTAGTAA-1,0.011359,0.674899,0.313742
TCTGCAGATTCGAGTC-1,0.083434,0.211189,0.705377
TCTGCATACCTTGCTT-1,0.126648,0.211,0.662352
TCTGCCAGAAACTGCA-1,0.00006,0.686129,0.31381
TCTGCGAATCGTTCGC-1,0.00005,0.79636,0.20359
TCTGCGTCCGGTTTCT-1,0.009638,0.038519,0.951843
TCTGCTTAGAACAAGC-1,0.000577,0.592785,0.406638
TCTGGAGCGTAAGAGT-1,0.00003,0.893675,0.106295
TCTGGCCGTTCAAGTT-1,0.000073,0.550138,0.449789
TCTGGCGCAAGCCGGG-1,0.000077,0.971716,0.028207
TCTGGGAACCTTTGAA-1,0.000041,0.971746,0.028213
TCTGGGTAGCGCTCAT-1,0.000076,0.784032,0.215892
TCTGTCATACAAGAGC-1,0.003579,0.01431,0.982111
TCTGTGACTGACCGTT-1,0.004319,0.01727,0.978411
TCTGTGATGGAGGTTG-1,0.000141,0.685873,0.313985
TCTGTGCCATCATAGT-1,0.08327,0.002623,0.914107
TCTGTGGCTACATTTC-1,0.001061,0.004245,0.994694
TCTGTTACCCAGCATA-1,0.000088,0.301268,0.698644
TCTTAACTCGGATGTA-1,0.002456,0.85343,0.144115
TCTTACAGAGGTACCG-1,0.003794,0.01518,0.981026
TCTTACCGGAACTCGT-1,0.071673,0.564818,0.36351
TCTTACGGCATCCGAC-1,0.364012,0.007056,0.628932
TCTTACTTATGCCTCT-1,0.015415,0.914907,0.069678
TCTTAGAGCTCCAATT-1,0.000103,0.411429,0.588468
TCTTAGAGTGAACTCT-1,0.000675,0.173025,0.8263
TCTTCCCATGGGCACA-1,0.021696,0.377075,0.601229
TCTTCGAATAGACGTT-1,0.024419,0.592159,0.383422
TCTTCGATACCAATAA-1,0.000109,0.196491,0.8034
TCTTCGCGGTGAGAGG-1,0.029725,0.317987,0.652289
TCTTCTATAACCCGCC-1,0.000029,0.947088,0.052883
TCTTGATGCGTAGCGA-1,0.000108,0.469157,0.530735
TCTTGCTCCCGATACT-1,0.707481,0.272893,0.019626
TCTTGGTAACACCAAA-1,0.000673,0.002693,0.996634
TCTTGGTCAATGATAC-1,0.00009,0.236624,0.763286
TCTTTAAGACTATGAA-1,0.04255,0.339367,0.618083
TCTTTAGAGTCTAACA-1,0.019524,0.157292,0.823184
TCTTTAGCAGGCGAAC-1,0.000108,0.345774,0.654118
TCTTTCCTTCGAGATA-1,0.000172,0.51372,0.486108
TCTTTCGGCGGGACAC-1,0.005445,0.021768,0.972787
TCTTTCTCTTAAGGAG-1,0.079973,0.074881,0.845146
TGAAACTTATGCAAGC-1,0.000274,0.35665,0.643076
TGAAAGGACCTGACTC-1,0.000067,0.860228,0.139705
TGAACAAGCAGGGACT-1,0.191982,0.008813,0.799205
TGAACACCCGAAGCAG-1,0.005444,0.521541,0.473015
TGAACTGCTATGACTT-1,0.00005,0.892252,0.107698
TGAAGAGCGGTCCTAG-1,0.002363,0.009451,0.988186
TGAAGTAGCTTACGGA-1,0.197456,0.005629,0.796915
TGAATATGCTATAAAC-1,0.000131,0.357823,0.642046
TGAATGAGATACAGCA-1,0.01971,0.760778,0.219511
TGAATGAGTGTTTCCC-1,0.939187,0.000846,0.059967
TGAATGTCAGCCGGCC-1,0.00008,0.109763,0.890157
TGAATTTCACTTGCCT-1,0.000081,0.515825,0.484094
TGACAACGCATGTCGC-1,0.000052,0.527505,0.472443
TGACACTTCTCTTTGC-1,0.000117,0.615634,0.384249
TGACAGAAATCTTGCT-1,0.100409,0.540059,0.359532
TGACAGGACAAGTCCA-1,0.000063,0.403214,0.596723
TGACATATATGACGAT-1,0.087005,0.557352,0.355643
TGACATCGAGCGGACC-1,0.000102,0.558544,0.441353
TGACATGTAACGTGAC-1,0.161423,0.000636,0.837942
TGACCAAATCTTAAAC-1,0.209341,0.115588,0.675071
TGACCAGCTTCAAAGT-1,0.000055,0.896625,0.10332
TGACCCACGTTAGACA-1,0.000163,0.431382,0.568455
TGACCCAGCATTCCCG-1,0.000106,0.690013,0.309882
TGACGAATATTTCCCT-1,0.013255,0.267972,0.718772
TGACGATGCACTAGAA-1,0.010115,0.238564,0.751321
TGACTATAATCCTTTC-1,0.008787,0.287865,0.703348
TGACTCCGAATCATAC-1,0.122454,0.039266,0.83828
TGACTCTAACTGGTAA-1,0.925885,0.073983,0.000132
TGAGAATGCTTTACCG-1,0.001456,0.005825,0.992719
TGAGACGTACCTCTCA-1,0.000186,0.664945,0.334869
TGAGAGATTTACCACG-1,0.00004,0.99619,0.00377
TGAGATCAAATACTCA-1,0.000282,0.205931,0.793787
TGAGATTAGGCCCTAA-1,0.124165,0.474953,0.400881
TGAGCAGTCGTGAAGT-1,0.109997,0.00821,0.881792
TGAGCCATACAGTCTC-1,0.000094,0.767338,0.232568
TGAGCGGAAAGTGTTC-1,0.06186,0.479746,0.458394
TGAGCTCAACTGTATA-1,0.417462,0.406199,0.17634
TGAGCTTTAATGACGC-1,0.000272,0.27364,0.726088
TGAGGAGTGCCAGCTT-1,0.061289,0.036988,0.901723
TGAGGCATGTACTGTG-1,0.000054,0.756954,0.242992
TGAGGTGTGTGGCGGA-1,0.429905,0.001141,0.568954
TGAGGTTGATCCCAAG-1,0.000793,0.622981,0.376226
TGAGTAAATTAGCGTA-1,0.000065,0.323141,0.676794
TGAGTGCCTCTTAAAT-1,0.000089,0.11259,0.88732
TGAGTGGTCCGTGACG-1,0.000188,0.667577,0.332235
TGAGTTAAAGACATTC-1,0.000096,0.201601,0.798303
TGATACATTTAGCCGT-1,0.054964,0.381437,0.563599
TGATAGCGGGATTCTA-1,0.000986,0.003943,0.995071
TGATCACCACACTGAC-1,0.397499,0.172854,0.429646
TGATCAGGGAACTGCT-1,0.000077,0.723205,0.276719
TGATCCCAGCATTAGT-1,0.000188,0.296075,0.703738
TGATCGGTTTGACCCT-1,0.019503,0.481748,0.498749
TGATCTACGCTGATCT-1,0.000149,0.636219,0.363632
TGATCTATCACACTCT-1,0.007882,0.895301,0.096817
TGATCTCCGGCGCCAG-1,0.057007,0.216938,0.726055
TGATGCTCACGTAGTC-1,0.004163,0.675203,0.320634
TGATGGCTGTTTCTGA-1,0.000159,0.349085,0.650756
TGATGGGACTAAGTCA-1,0.005691,0.02277,0.971539
TGATGTCAATTAAGTG-1,0.072772,0.599159,0.328069
TGATTATGGCACGCAG-1,0.000217,0.185942,0.813841
TGATTCAGGTCCCGCG-1,0.000032,0.838651,0.161317
TGATTCGTCTATCACT-1,0.00033,0.001322,0.998348
TGATTCTGTCGCCGGT-1,0.000047,0.723319,0.276634
TGATTTATTAGCTGTG-1,0.013292,0.658693,0.328014
TGATTTCCTCCTGACG-1,0.002053,0.491417,0.50653
TGCAAAGTTCGTCTGT-1,0.047167,0.577485,0.375349
TGCAACCCATCTGCGG-1,0.000108,0.042604,0.957288
TGCAACTACTGGTTGA-1,0.000384,0.116843,0.882773
TGCAAGAATGACGTAA-1,0.000024,0.951007,0.048969
TGCAATCTAACACGGT-1,0.339786,0.000858,0.659356
TGCAATTTGGGCACGG-1,0.00023,0.253658,0.746113
TGCACAGTGAAGTTAT-1,0.018384,0.794003,0.187613
TGCACGAGTCGGCAGC-1,0.000537,0.002149,0.997313
TGCACTATGTGAGTGC-1,0.013915,0.05563,0.930455
TGCAGAACTATATCGT-1,0.014075,0.912394,0.073532
TGCAGAGTACCGAGCA-1,0.000034,0.911416,0.08855
TGCAGATCGTCCTAGG-1,0.000054,0.707814,0.292131
TGCAGCTACGTACTTC-1,0.000111,0.72111,0.278779
TGCAGGATCGGCAAAG-1,0.000144,0.371445,0.628411
TGCAGTGAGGCTCGGG-1,0.000111,0.368189,0.6317
TGCAGTGGTAGGGAAC-1,0.004758,0.000387,0.994855
TGCAGTTTCCTCCCAT-1,0.00014,0.419182,0.580678
TGCATATGTCTGTCAC-1,0.000097,0.95757,0.042333
TGCATCTCCGGATCTT-1,0.017445,0.924684,0.057871
TGCATGAGTAGATTCG-1,0.32931,0.017884,0.652806
TGCATGGATCGGATCT-1,0.087551,0.001556,0.910893
TGCATGGCAGTCTTGC-1,0.00016,0.500925,0.498915
TGCATGTGACCCATAG-1,0.599464,0.000666,0.39987
TGCATGTGGTAATCTA-1,0.000061,0.973241,0.026698
TGCCAAAGTCAGACTT-1,0.000089,0.16366,0.836251
TGCCAATGGGTACTCT-1,0.000109,0.008102,0.991789
TGCCACACTAGAGGAA-1,0.000083,0.376789,0.623128
TGCCACCTGGCGAAAC-1,0.000367,0.442857,0.556776
TGCCAGTACGTGGAGA-1,0.000051,0.533139,0.46681
TGCCATGGCTTATAAG-1,0.000135,0.491949,0.507916
TGCCATTACTAAAGAA-1,0.000109,0.74817,0.251721
TGCCCGATAGTTAGAA-1,0.210137,0.022104,0.767758
TGCCCGTACCGTTAAA-1,0.000093,0.000372,0.999534
TGCCGAAAGCGTATTC-1,0.000055,0.782287,0.217657
TGCCGATGTCATCAAT-1,0.958251,0.023854,0.017895
TGCCGGATGTACGAGC-1,0.056946,0.000534,0.94252
TGCCGTGGATCGTCCT-1,0.000077,0.565669,0.434254
TGCCGTGGGACCCAAT-1,0.040407,0.561376,0.398217
TGCCGTTCTTAATCGG-1,0.015347,0.933101,0.051552
TGCCTAAATTTAATAG-1,0.00138,0.290497,0.708123
TGCCTAATTGAAGATT-1,0.017426,0.54829,0.434284
TGCCTGACATCGGTCA-1,0.009628,0.038529,0.951843
TGCCTGATCAAACGAT-1,0.189442,0.204173,0.606385
TGCCTTGGCCAGGCAA-1,0.044073,0.543555,0.412373
TGCGAATATGGGATTT-1,0.026631,0.870054,0.103315
TGCGACACCCTAGTGC-1,0.016257,0.147181,0.836562
TGCGACGGCCGAACGT-1,0.003521,0.133612,0.862867
TGCGAGAAACGTTACG-1,0.010433,0.041741,0.947827
TGCGAGAATATTACCC-1,0.000082,0.000329,0.999588
TGCGAGATGGCGGCCA-1,0.023022,0.810293,0.166684
TGCGAGCCCTTCCGCG-1,0.000158,0.355391,0.644451
TGCGATGCTAATGGCT-1,0.073154,0.745186,0.18166
TGCGCAAAGCATTTGG-1,0.000131,0.421538,0.578332
TGCGCCGTTAATAACG-1,0.017379,0.565214,0.417406
TGCGCGATTAACGGAG-1,0.115064,0.002397,0.88254
TGCGGACTTGACTCCG-1,0.428125,0.068817,0.503057
TGCGGAGTAAAGGTGC-1,0.000295,0.148715,0.85099
TGCGGCATAGTTCAAC-1,0.001204,0.004815,0.993981
TGCGGGTATTGGGATC-1,0.000353,0.001411,0.998236
TGCGGTCTACGAGTAA-1,0.000922,0.001225,0.997853
TGCGGTGAAATTTCAT-1,0.000632,0.656826,0.342541
TGCGTAAGAACCTGAT-1,0.000061,0.727153,0.272786
TGCGTACGGCTAATTG-1,0.999035,0.000552,0.000414
TGCGTGATTGGGTGTC-1,0.007828,0.031311,0.960861
TGCGTTTGTTGACACT-1,0.11279,0.294024,0.593186
TGCTAAGTGTCTATTT-1,0.017641,0.563908,0.41845
TGCTATACAAACGGAC-1,0.000253,0.476059,0.523688
TGCTATGGCAAAGGGA-1,0.021096,0.452897,0.526007
TGCTCACACAACAACC-1,0.02892,0.635415,0.335665
TGCTCCACAGTTCTTA-1,0.103345,0.600701,0.295954
TGCTCGGCGAAACCCA-1,0.018741,0.000393,0.980866
TGCTCTGCCGGTTCAC-1,0.002153,0.943586,0.054261
TGCTCTTGAGAGTTTG-1,0.521278,0.132156,0.346566
TGCTGCGTCAGAGTTA-1,0.000084,0.528139,0.471777
TGCTGGTTGGACAATT-1,0.003054,0.012215,0.984731
TGCTGTTGAAGAACTC-1,0.00005,0.736211,0.263738
TGCTTAGAGAGAATGC-1,0.034584,0.15624,0.809177
TGCTTCCCAAGCAGTA-1,0.108376,0.270924,0.6207
TGCTTGAAACCATGCA-1,0.001927,0.242324,0.75575
TGGAAACGGAGTGAAC-1,0.154264,0.011384,0.834352
TGGAACCACTGACACA-1,0.066692,0.400623,0.532685
TGGAAGAAGGGAACGT-1,0.000059,0.730828,0.269114
TGGAAGACGAACACCA-1,0.001987,0.007949,0.990065
TGGAAGGATAAAGATG-1,0.000125,0.771794,0.228081
TGGAATATCCTTGACC-1,0.03971,0.541434,0.418856
TGGAATTAGACGCTTT-1,0.001002,0.211703,0.787295
TGGACACCGTTGCTTG-1,0.006592,0.026368,0.96704
TGGACCAATCTAAGAT-1,0.132675,0.115865,0.75146
TGGACCACGGCGTTGA-1,0.004472,0.017889,0.97764
TGGACGCAATCCAGCC-1,0.000067,0.340237,0.659695
TGGACGTAGGCGAATC-1,0.011377,0.045527,0.943095
TGGACTGTTCGCTCAA-1,0.050132,0.624978,0.32489
TGGAGAATAATCGTCC-1,0.000032,0.758196,0.241772
TGGAGCTAAAGTTCCC-1,0.000151,0.56597,0.433879
TGGAGGGAAACACCTC-1,0.068817,0.453022,0.478161
TGGAGTGATGCGATGA-1,0.147403,0.001456,0.85114
TGGATAGAGTAACAGA-1,0.004815,0.019265,0.97592
TGGCAAACTAAATTAC-1,0.005812,0.851424,0.142764
TGGCAACTCGCGCGCC-1,0.007391,0.535985,0.456624
TGGCAAGCACAAGTCG-1,0.855158,0.066284,0.078558
TGGCAATGGGACGGCG-1,0.000044,0.737697,0.262259
TGGCACGAGCTCGAGT-1,0.000134,0.362424,0.637442
TGGCAGATTACGATCA-1,0.000098,0.218501,0.781401
TGGCAGCAGTAATAGT-1,0.059846,0.712135,0.22802
TGGCATGAAGTTTGGG-1,0.000026,0.926886,0.073088
TGGCCAAACTGAAGTA-1,0.045949,0.197743,0.756308
TGGCCAATTTGGTACT-1,0.000035,0.616915,0.38305
TGGCCGTATATTGACC-1,0.000161,0.999356,0.000483
TGGCGACTGCTCCAAA-1,0.000054,0.720789,0.279157
TGGCGATCAAGTTATG-1,0.000045,0.535645,0.46431
TGGCGGTGTGCGATTG-1,0.001585,0.220095,0.77832
TGGCTACACTCTACCT-1,0.133919,0.000849,0.865232
TGGCTATGTGACATAC-1,0.075929,0.042442,0.881629
TGGCTCTTGTCGCGTA-1,0.000102,0.432155,0.567743
TGGCTTATGTATAATG-1,0.008936,0.690243,0.300821
TGGCTTGTACAAGCTT-1,0.000066,0.853126,0.146808
TGGCTTTGGGTAGACA-1,0.244838,0.007475,0.747687
TGGGAAATGCCTTTCC-1,0.001869,0.007477,0.990654
TGGGACCATTGGGAGT-1,0.009636,0.038528,0.951836
TGGGATGCACTCATTC-1,0.000158,0.702163,0.297679
TGGGCAATAGTTGGGT-1,0.000038,0.782336,0.217626
TGGGCACAAACAGAAC-1,0.000626,0.236989,0.762385
TGGGCACGTTCTATGG-1,0.000324,0.702137,0.297539
TGGGCAGGCCACCGCA-1,0.011036,0.498862,0.490101
TGGGCCACAAGAGCGC-1,0.000626,0.002505,0.996869
TGGGCCCATACTAATT-1,0.016898,0.233939,0.749163
TGGGCCTTGCCTGCAT-1,0.004175,0.016692,0.979134
TGGGCGATACAATAAG-1,0.12034,0.000772,0.878888
TGGGTAAGGTTCCCGC-1,0.000491,0.118419,0.88109
TGGGTGCACAAGCCAT-1,0.088681,0.00098,0.910338
TGGGTGGGATGTCATT-1,0.000205,0.388604,0.611191
TGGGTGTAATAGATTT-1,0.38808,0.109588,0.502332
TGGGTGTTAAGTAGAA-1,0.010586,0.424842,0.564572
TGGGTTCCCGGACGGA-1,0.203109,0.001704,0.795188
TGGGTTTCGGGCGTAC-1,0.00285,0.524874,0.472276
TGGTAAGCAGGATTGA-1,0.000151,0.130974,0.868875
TGGTACCGGCACAGCC-1,0.004174,0.016697,0.979129
TGGTAGAATATATGGG-1,0.000094,0.030178,0.969728
TGGTATCGCATCCCAA-1,0.000183,0.579183,0.420634
TGGTATCGGTCTGTAT-1,0.001407,0.005629,0.992964
TGGTCCCACGCTACGG-1,0.005723,0.627416,0.366861
TGGTCGATATACCTCT-1,0.000026,0.42031,0.579664
TGGTCGTGCAAGGCAA-1,0.000054,0.562327,0.437619
TGGTCGTTTGATAGAT-1,0.003535,0.848715,0.14775
TGGTCTAGCTTACATG-1,0.002277,0.009108,0.988615
TGGTCTGTTGGGCGTA-1,0.000165,0.284235,0.715601
TGGTGATCGTATTTGT-1,0.001099,0.004394,0.994507
TGGTGCCCTGCCTTAC-1,0.054791,0.295991,0.649218
TGGTGTGACAGACGAT-1,0.005964,0.248907,0.745129
TGGTTAACTTACATTT-1,0.000118,0.020208,0.979674
TGGTTAAGGGCGCTGG-1,0.000116,0.38363,0.616253
TGGTTATGCTTGCGGT-1,0.024639,0.002752,0.972609
TGGTTCAACGGGTAAT-1,0.046036,0.564812,0.389152
TGGTTCGTAGCAAAGG-1,0.425769,0.226066,0.348165
TGGTTGGAGGATCCTG-1,0.012378,0.151923,0.835699
TGGTTTAAACGTGGGT-1,0.000176,0.173832,0.825992
TGTAACTTGTCAACCT-1,0.001897,0.007589,0.990514
TGTAATGACCACAATA-1,0.023094,0.504981,0.471925
TGTAATGCCTTCGGAC-1,0.000174,0.355388,0.644438
TGTACCCGACCCTAAT-1,0.065707,0.234009,0.700284
TGTACCTACACGAGGG-1,0.033844,0.60293,0.363226
TGTACGAACAAATCCG-1,0.02476,0.939368,0.035872
TGTACGCTATCAGCTT-1,0.000349,0.153825,0.845826
TGTACTACTCTCACGG-1,0.000126,0.267777,0.732097
TGTACTGTGCCAAAGT-1,0.05445,0.001758,0.943793
TGTACTTCCGGGCATG-1,0.258202,0.001419,0.740379
TGTAGCCAATTCCGTT-1,0.004613,0.001111,0.994277
TGTAGCCATCCCATTC-1,0.03796,0.160446,0.801594
TGTAGGAGAAATTTCC-1,0.032617,0.100235,0.867147
TGTAGTGATCTATAAT-1,0.000159,0.45279,0.547051
TGTATAACAGATCCTG-1,0.000255,0.426501,0.573245
TGTATACGGATGATGA-1,0.000034,0.91574,0.084226
TGTATCAGACTGAAGC-1,0.000057,0.892113,0.10783
TGTATCCTTATTCCAT-1,0.002237,0.008942,0.988821
TGTATGGCGCAGACAG-1,0.000084,0.178148,0.821768
TGTATTTACCTAATGC-1,0.000478,0.001912,0.99761
TGTCATTTGTTGGGAA-1,0.000103,0.805654,0.194242
TGTCCACGGCTCAACT-1,0.625831,0.110809,0.26336
TGTCCCGACATAGCAC-1,0.027165,0.334793,0.638042
TGTCCGCAAACAATTC-1,0.026148,0.563528,0.410324
TGTCCGTGGCGCCTTT-1,0.000395,0.179104,0.820501
TGTCCTAAGTCACCGC-1,0.000457,0.241308,0.758235
TGTCGGCATGGTGGAA-1,0.007826,0.031307,0.960868
TGTCGTTATCACATAT-1,0.111433,0.02803,0.860537
TGTCTACAGTTTCTGT-1,0.001439,0.005758,0.992803
TGTGACTACGCCAGTC-1,0.000233,0.384393,0.615374
TGTGACTAGAGTTTGC-1,0.688658,0.001491,0.309851
TGTGAGACTAGCCCAA-1,0.020245,0.194262,0.785493
TGTGATTCCAGCGCTT-1,0.000319,0.173191,0.826491
TGTGCCAGAGGCAAAG-1,0.002815,0.597596,0.399588
TGTGCCGGTGCCGGAA-1,0.000034,0.788388,0.211578
TGTGCTTTACGTAAGA-1,0.038298,0.841253,0.120449
TGTGGACTATCTACGT-1,0.004821,0.579964,0.415215
TGTGGAGGAAGCTTAA-1,0.000596,0.002385,0.997018
TGTGGCAAAGCGTATG-1,0.000296,0.385819,0.613885
TGTGGCGGGCTTCTGG-1,0.44008,0.138039,0.421881
TGTGGCTCCCACCAAC-1,0.000048,0.556878,0.443074
TGTGGTAGGGTGCCTT-1,0.000602,0.690884,0.308514
TGTGTAGTAGCACGTG-1,0.000065,0.795135,0.204801
TGTGTCGAAGTCGAGG-1,0.017429,0.731483,0.251088
TGTGTCGCGAGTTGCA-1,0.001407,0.005629,0.992964
TGTGTGACCATGAATC-1,0.000046,0.30126,0.698693
TGTGTTCGTATCCAAG-1,0.000305,0.785943,0.213751
TGTTAACAAAGTGACT-1,0.08094,0.000965,0.918095
TGTTATTGTATGTGGC-1,0.012415,0.309566,0.678019
TGTTCATAAATGTGCT-1,0.000978,0.003912,0.99511
TGTTCCGCTTCCATGA-1,0.090565,0.208165,0.70127
TGTTCCGGCCTGAGCT-1,0.231427,0.000667,0.767906
TGTTCGTATTGCGGTG-1,0.000121,0.248093,0.751786
TGTTCTCATACTATAG-1,0.185557,0.001848,0.812595
TGTTCTCTACTCCCTA-1,0.000065,0.586998,0.412937
TGTTCTTCCATTGACT-1,0.000118,0.938281,0.0616
TGTTGATCACTGTTTA-1,0.000049,0.838719,0.161232
TGTTGCCGTCGTCCCA-1,0.005821,0.796213,0.197965
TGTTGTCAAGAAGTCT-1,0.000184,0.371261,0.628555
TGTTTAATACTTCATC-1,0.000204,0.424492,0.575304
TGTTTCGGTACTTCTC-1,0.001606,0.006421,0.991974
TGTTTCTGAAGCGTGC-1,0.056333,0.000686,0.942981
TGTTTGAGATCGTCAG-1,0.00017,0.132073,0.867757
TTAAACAGAGTCCCGC-1,0.005963,0.023848,0.970189
TTAAACCGGTAGCGAC-1,0.060489,0.239308,0.700203
TTAAACCTGGTTCCTT-1,0.000297,0.272656,0.727046
TTAAACTCGAATTCAT-1,0.000126,0.43373,0.566144
TTAAAGGCGATGCTCG-1,0.000792,0.395967,0.603241
TTAAAGTAAGTCGCCA-1,0.170787,0.050846,0.778367
TTAACACCTCGAACAT-1,0.000569,0.103058,0.896373
TTAACCAACCCTCCCT-1,0.001456,0.005824,0.99272
TTAACGAACAAGCAGT-1,0.009755,0.273239,0.717006
TTAACGTCGCAAGACC-1,0.000759,0.003035,0.996206
TTAACGTTAAAGCCTG-1,0.035077,0.720258,0.244664
TTAACTCACGCGTGGA-1,0.001739,0.006957,0.991304
TTAACTGATCGTTTGG-1,0.34802,0.001311,0.650669
TTAACTTCAGGTAGGA-1,0.000092,0.343769,0.656139
TTAAGACGAACGAACC-1,0.079898,0.290273,0.629829
TTAAGATACCCAGAGA-1,0.014594,0.557116,0.428289
TTAAGATAGGATTGAC-1,0.000608,0.80459,0.194802
TTAAGCCGACAACTTC-1,0.000264,0.21159,0.788147
TTAAGCGCCTGACCCA-1,0.000222,0.208169,0.791609
TTAAGGATACGGAGGT-1,0.002087,0.302518,0.695395
TTAAGGCCCGTACTTT-1,0.000164,0.025528,0.974307
TTAATCAGTACGTCAG-1,0.000111,0.999555,0.000334
TTAATGCGAGGTAACT-1,0.000063,0.835885,0.164052
TTAATGTAGACCAGGT-1,0.000131,0.655896,0.343974
TTAATGTGTTTGCAGG-1,0.011376,0.045518,0.943106
TTAATTGCTTTGGGTG-1,0.111409,0.000952,0.887638
TTAATTTCAGACGCGG-1,0.000426,0.912446,0.087128
TTACAACTACGCATCC-1,0.999325,0.000386,0.000289
TTACACGATCTGCGAC-1,0.00027,0.013254,0.986476
TTACAGACCTAAATGA-1,0.004144,0.754967,0.240889
TTACATCGTGGCCTGG-1,0.005693,0.022759,0.971548
TTACATGCCACAACTA-1,0.020418,0.589208,0.390374
TTACCATTGATTACCC-1,0.000396,0.001585,0.998019
TTACCCATTGCCGGGT-1,0.000245,0.249871,0.749884
TTACCCTAACAGTCCT-1,0.002053,0.008211,0.989736
TTACCCTAGGGATTGG-1,0.368583,0.124459,0.506957
TTACCGCCTTAGGGAA-1,0.003578,0.01431,0.982112
TTACGGATGGTTCGAG-1,0.014403,0.719576,0.266021
TTACGGTGTCACCGAG-1,0.001318,0.005272,0.99341
TTACGTAGCGCGTGCT-1,0.000158,0.307774,0.692069
TTACTAAAGGACTTTA-1,0.000065,0.084543,0.915392
TTACTATCGGCTTCTC-1,0.021184,0.360419,0.618397
TTACTCCGGCCGGGAA-1,0.00022,0.256681,0.743099
TTACTCTGGTACGTAC-1,0.00555,0.400391,0.594058
TTACTGGGATATTTCA-1,0.000083,0.21688,0.783037
TTACTGTCTAGAGCTC-1,0.000136,0.597681,0.402183
TTACTGTTTCTCTACG-1,0.000281,0.452781,0.546938
TTAGAAGAACATGACT-1,0.000042,0.701529,0.298429
TTAGAATAAGGGTCGG-1,0.03466,0.000647,0.964693
TTAGACACGATCGTTG-1,0.085609,0.002408,0.911982
TTAGACGAGTCACCTC-1,0.000047,0.785286,0.214667
TTAGAGGGATATACAG-1,0.023867,0.658547,0.317586
TTAGAGTTTAGAAGGA-1,0.000036,0.913398,0.086566
TTAGATAGGTCGATAC-1,0.072414,0.004958,0.922628
TTAGCAACATGGATGT-1,0.002506,0.010017,0.987477
TTAGCATCCCTCACGT-1,0.064462,0.731143,0.204395
TTAGCTAATACGATCT-1,0.000305,0.479721,0.519975
TTAGCTCTGTAATCCG-1,0.053719,0.586009,0.360272
TTAGCTGATTTGCCGT-1,0.035901,0.83022,0.133879
TTAGGATGGGAGGGTA-1,0.004585,0.698782,0.296633
TTAGGTCATAACCGAC-1,0.009992,0.623789,0.366219
TTAGGTGTGACTGGTC-1,0.006258,0.672828,0.320914
TTAGTAAACCTGCTCT-1,0.011214,0.51114,0.477646
TTAGTAGGGCGGCGGG-1,0.018205,0.540079,0.441717
TTAGTTATTCGTGGCA-1,0.000103,0.32911,0.670787
TTAGTTCAAGTGTTCG-1,0.015931,0.632438,0.351631
TTATAGATGCACATTA-1,0.000818,0.174482,0.824699
TTATAGGTAATTGTCT-1,0.000186,0.001191,0.998623
TTATAGTCCAAGGTGC-1,0.000063,0.971518,0.028418
TTATATACGCTGTCAC-1,0.000111,0.296062,0.703827
TTATATTTGGCAATCC-1,0.020496,0.001315,0.97819
TTATCATACTCGCAAA-1,0.003132,0.012524,0.984345
TTATCCAATCGAACTC-1,0.004171,0.016681,0.979148
TTATCCGGGATCTATA-1,0.018228,0.152984,0.828788
TTATCCTCAAGGAATA-1,0.000339,0.397042,0.602619
TTATCGCCTGCGAAGC-1,0.001002,0.332047,0.666951
TTATCTGACATTAGGA-1,0.000063,0.674397,0.32554
TTATCTGTATCATAAC-1,0.017325,0.467147,0.515528
TTATGAATGAAAGGGA-1,0.000061,0.740676,0.259263
TTATGACAAACTGGAT-1,0.00033,0.44544,0.55423
TTATGATCTTAACGAA-1,0.003446,0.693177,0.303376
TTATGCGTCCCGGTCC-1,0.002019,0.008075,0.989905
TTATGTTTGCGATAGA-1,0.001692,0.006769,0.991539
TTATTAGAGCGTGTTC-1,0.00013,0.0572,0.94267
TTATTAGGGAAGCATC-1,0.001149,0.35782,0.641032
TTATTATCTGGAAGGC-1,0.003093,0.694169,0.302738
TTATTTCATCCCAAAC-1,0.015656,0.062597,0.921747
TTCAAAGTCTCTAGCC-1,0.055361,0.720673,0.223965
TTCAACGACCCGACCG-1,0.000928,0.416492,0.58258
TTCAAGCCGAGCTGAG-1,0.000279,0.508344,0.491377
TTCAATACTCTGAATC-1,0.00003,0.999881,0.000089
TTCAATTAGCCATAAT-1,0.009439,0.401855,0.588706
TTCACGAAAGGATCAC-1,0.00002,0.986677,0.013303
TTCACGGTCGTCACGT-1,0.015889,0.685083,0.299028
TTCACTCGAGCACCTA-1,0.098551,0.249533,0.651916
TTCAGAGTAACCTGAC-1,0.00596,0.023836,0.970203
TTCAGCCCTGGTCCAC-1,0.006539,0.936951,0.05651
TTCAGCTGGCGTGCCC-1,0.037271,0.404712,0.558016
TTCAGGCGTCAAAGCC-1,0.007582,0.795441,0.196977
TTCAGTTCAAGAGGAG-1,0.035746,0.430002,0.534253
TTCAGTTTGTGGCAGC-1,0.101637,0.003273,0.89509
TTCATAGCCTTGTAAC-1,0.279626,0.017885,0.702489
TTCATAGGGTGTCCAT-1,0.52513,0.022757,0.452113
TTCATGGCGCAACAGG-1,0.000357,0.523053,0.47659
TTCCAATCAGAGCTAG-1,0.00014,0.671106,0.328754
TTCCAATCTGGCTATC-1,0.000076,0.59185,0.408074
TTCCACACAGATTTGA-1,0.00004,0.909455,0.090505
TTCCACATTTCTCGTC-1,0.000225,0.574051,0.425724
TTCCAGACGAGATTTA-1,0.019149,0.194764,0.786087
TTCCATCATGCGGTGA-1,0.011294,0.808098,0.180608
TTCCATCGACAGCGTG-1,0.000173,0.339004,0.660823
TTCCCGACGCTTCACT-1,0.000277,0.035814,0.963909
TTCCCGGCGCCAATAG-1,0.037165,0.417237,0.545597
TTCCGCAGAGAAATAT-1,0.067352,0.797014,0.135634
TTCCGCGTGAGGCGAT-1,0.006941,0.26495,0.728109
TTCCGGCCTTGAGGCT-1,0.006156,0.424599,0.569245
TTCCGGCTCGACTTCT-1,0.000189,0.359246,0.640565
TTCCGGTATCTGTGTC-1,0.000089,0.888368,0.111543
TTCCGGTTACCCACTT-1,0.031221,0.089594,0.879184
TTCCTCGAGGGTGTCT-1,0.001423,0.331732,0.666845
TTCCTCGGACTAACCA-1,0.000067,0.292737,0.707196
TTCCTCTGCCCGAATA-1,0.00006,0.925349,0.074591
TTCCTTTCTGTGTTGC-1,0.008943,0.035774,0.955282
TTCGAACGAAACATGC-1,0.010146,0.360438,0.629416
TTCGACAGAGCCCGTG-1,0.018826,0.177958,0.803216
TTCGACGGGAAGGGCG-1,0.015605,0.763926,0.22047
TTCGAGCCGGCGCTAC-1,0.00005,0.895295,0.104655
TTCGCACTCGCGTGCT-1,0.067378,0.173718,0.758904
TTCGCACTGTACGACA-1,0.250909,0.042727,0.706364
TTCGCATCCGGAAGCA-1,0.333545,0.013178,0.653277
TTCGCCGCTCGCGCTA-1,0.000047,0.789617,0.210336
TTCGCGCGCCATACGA-1,0.011256,0.034801,0.953943
TTCGCTAGGAAGTTGT-1,0.000098,0.743832,0.25607
TTCGCTATCTGACGTG-1,0.019154,0.843641,0.137205
TTCGGACTGATGCCTT-1,0.000122,0.594263,0.405615
TTCGGACTGGGCATGG-1,0.022802,0.27871,0.698488
TTCGGCAACCCGCTGA-1,0.000152,0.461687,0.538161
TTCGGCTAGAGATGGT-1,0.00313,0.012519,0.984352
TTCGGGACTAATCGCG-1,0.040377,0.651154,0.308469
TTCGGGCGCTAGTCTT-1,0.000122,0.124079,0.8758
TTCGGTACTGTAGAGG-1,0.410519,0.118855,0.470626
TTCGGTGGAGACGCCC-1,0.000059,0.687741,0.3122
TTCGTAATCCCAGCGG-1,0.000181,0.297063,0.702756
TTCGTACTCCAGAACG-1,0.000538,0.122376,0.877087
TTCGTGGGCTGGAAGC-1,0.000122,0.329311,0.670568
TTCGTTCAACGAAGTT-1,0.00012,0.747229,0.252651
TTCTAACCGAAGCTTA-1,0.000123,0.470646,0.529231
TTCTACCTCAATCGGT-1,0.139075,0.000574,0.86035
TTCTACCTTTATGTTG-1,0.120544,0.12928,0.750176
TTCTACTTGCGAGGGC-1,0.114297,0.012522,0.873181
TTCTAGAAAGTCTTAT-1,0.205714,0.000419,0.793867
TTCTAGGCCAATTGTG-1,0.601072,0.153674,0.245254
TTCTATGCCTTTCGCA-1,0.000086,0.60643,0.393484
TTCTCAATTGCTACAA-1,0.021771,0.709778,0.268451
TTCTCTTACAGGTGAT-1,0.000183,0.045363,0.954453
TTCTGACCGGGCTCAA-1,0.000084,0.285071,0.714845
TTCTGCCGCGCCTAGA-1,0.000061,0.653834,0.346104
TTCTGCGAGCGCCCTT-1,0.142138,0.002479,0.855382
TTCTGCGGGTTAGCGG-1,0.000076,0.74824,0.251683
TTCTGCTAGACTCCAA-1,0.010752,0.309367,0.679881
TTCTGTTTCCTGTCGC-1,0.002722,0.248173,0.749105
TTCTTAGTGAACGGTG-1,0.003297,0.013181,0.983522
TTCTTAGTGGCTCAGA-1,0.001527,0.006109,0.992364
TTCTTATCCGCTGGGT-1,0.075983,0.891234,0.032783
TTCTTCCCTTTGATAT-1,0.000137,0.510919,0.488943
TTCTTCGCAATAGAGC-1,0.000156,0.512976,0.486868
TTCTTGAGCCGCGCTA-1,0.000076,0.506219,0.493705
TTCTTGCTAGCATCTC-1,0.009867,0.001284,0.988849
TTCTTGGACGATCTGC-1,0.000098,0.268952,0.73095
TTCTTGGAGTAATGAG-1,0.000194,0.565598,0.434208
TTCTTGTAACCTAATG-1,0.002159,0.008633,0.989208
TTCTTGTGTCCATCAG-1,0.000385,0.001541,0.998073
TTCTTTGGTCGCGACG-1,0.162037,0.48996,0.348003
TTGAAACCCTCATTCC-1,0.300425,0.000767,0.698808
TTGAAAGGTGTAAAGG-1,0.00013,0.78781,0.21206
TTGAACGAATCCTTTG-1,0.003479,0.013916,0.982605
TTGAACGACGTGCTGA-1,0.178496,0.079022,0.742482
TTGAAGAATTCCCAGG-1,0.000113,0.720337,0.27955
TTGAAGGATGGGCGCC-1,0.150384,0.030204,0.819412
TTGAATATGGACTTTC-1,0.000225,0.840945,0.158829
TTGAATCGTTGTATAA-1,0.000031,0.634801,0.365168
TTGAATTCACGTGAGG-1,0.000036,0.967706,0.032257
TTGACAGGAGCTCCCG-1,0.000087,0.235516,0.764396
TTGACATGAACGTGGA-1,0.000027,0.921014,0.078959
TTGACCAGGAACAACT-1,0.369077,0.002828,0.628095
TTGACCATGTTCTCCG-1,0.000274,0.467474,0.532252
TTGACCGTGTTAATGA-1,0.000062,0.320419,0.679519
TTGACGATTCAGCACG-1,0.172829,0.003914,0.823257
TTGACGCTCCATGAGC-1,0.00009,0.266234,0.733676
TTGACTACCATATGGT-1,0.000096,0.534365,0.465539
TTGACTATTGTCCGGC-1,0.016276,0.276903,0.706821
TTGAGAAGTTTAGCAT-1,0.089133,0.268373,0.642494
TTGAGAGTACTGCTAA-1,0.000041,0.709165,0.290794
TTGAGCAGCCCACGGT-1,0.000109,0.105986,0.893905
TTGAGCGCCACGTGAT-1,0.020643,0.655666,0.323691
TTGAGGCATTTAACTC-1,0.000146,0.53421,0.465643
TTGAGGGTCGAACGCG-1,0.024722,0.521197,0.454081
TTGAGTCCCGCTGCTG-1,0.000034,0.971192,0.028774
TTGATAGTCAATACAT-1,0.150441,0.493239,0.35632
TTGATCTAACTTTGTC-1,0.00025,0.472522,0.527228
TTGATGCCGCTCGTCG-1,0.037486,0.138444,0.82407
TTGATGTGTAGTCCCG-1,0.183964,0.272245,0.54379
TTGATTAGCTGTTTCT-1,0.000136,0.248189,0.751675
TTGATTATGCAGATGA-1,0.000696,0.171557,0.827747
TTGCAAGAAGACTCCT-1,0.108838,0.00046,0.890702
TTGCACAATTCAGAAA-1,0.000073,0.125415,0.874512
TTGCACGGAGCAGCAC-1,0.002122,0.104648,0.89323
TTGCAGGTCATGAAGT-1,0.000151,0.319938,0.679911
TTGCATGCTGATCACG-1,0.000088,0.39566,0.604252
TTGCCAAGCAGAACCC-1,0.000028,0.812985,0.186988
TTGCCCTGATCACGGG-1,0.000231,0.249866,0.749903
TTGCCGCAGACCTACA-1,0.158478,0.07133,0.770192
TTGCCGCTTTCTAGTA-1,0.008671,0.01122,0.980109
TTGCCGGTGATCCCTC-1,0.185079,0.335992,0.478929
TTGCCTAATCCAAAGT-1,0.063979,0.000548,0.935473
TTGCCTTCTCGCCGGG-1,0.481962,0.001123,0.516915
TTGCGCTCTCTCGCTT-1,0.002456,0.173784,0.82376
TTGCGCTTGATCAATA-1,0.299732,0.001041,0.699227
TTGCGGCATCAGAAAG-1,0.000371,0.063854,0.935775
TTGCGGCGACTCATGC-1,0.000287,0.233528,0.766185
TTGCGTAGTTTGAGGA-1,0.001252,0.005009,0.993739
TTGCGTCGGCCAACCG-1,0.000068,0.263104,0.736828
TTGCGTGAACGCTTAG-1,0.102669,0.464712,0.432619
TTGCGTGTGTAGGCAT-1,0.52365,0.042873,0.433477
TTGCTAGCTACCAATC-1,0.371224,0.012523,0.616253
TTGCTCATAGTACGTG-1,0.861811,0.121135,0.017054
TTGCTCCCATACCGGA-1,0.003549,0.913132,0.083319
TTGCTGAAGGAACCAC-1,0.001988,0.236434,0.761579
TTGCTGATCATGTTCG-1,0.189812,0.567516,0.242673
TTGCTGCACCTATCCA-1,0.00464,0.018549,0.976811
TTGCTGGCCGGGCTTC-1,0.000084,0.810029,0.189887
TTGGAAGAATACAGTC-1,0.038257,0.001656,0.960087
TTGGACATGTGGCTTA-1,0.000131,0.320784,0.679085
TTGGACCATCTGGCAA-1,0.021449,0.715569,0.262981
TTGGACCTATAACAGT-1,0.019911,0.923536,0.056553
TTGGAGTCTCCCTTCT-1,0.187116,0.308255,0.504629
TTGGATATCGTCTACG-1,0.000102,0.078784,0.921115
TTGGATCGACTTCTGG-1,0.00117,0.004681,0.994149
TTGGATTGGGTACCAC-1,0.601203,0.001815,0.396982
TTGGCCATCTTGCGCT-1,0.005964,0.023839,0.970197
TTGGCCTAGAATTTCG-1,0.000118,0.818296,0.181586
TTGGCGATCCGAATAT-1,0.000084,0.645784,0.354132
TTGGCTCAATATGTGT-1,0.238079,0.275098,0.486823
TTGGCTCGCATGAGAC-1,0.002456,0.009822,0.987722
TTGGGAAGACGAGCCG-1,0.292483,0.000818,0.706699
TTGGGACACTGCCCGC-1,0.000163,0.748939,0.250898
TTGGGACGTAAGAGTT-1,0.063082,0.343482,0.593436
TTGGGCGGCGGTTGCC-1,0.000065,0.999741,0.000194
TTGGGTTTATTCAGCG-1,0.000075,0.72569,0.274235
TTGGTATGGCTTGTGT-1,0.029121,0.685198,0.285682
TTGGTCACACTCGTAA-1,0.000078,0.759341,0.240581
TTGGTGCGGTGTTGAA-1,0.000078,0.241169,0.758753
TTGGTTCGCTCAAAGG-1,0.000069,0.283529,0.716402
TTGGTTGCGGTGCGCG-1,0.000077,0.258488,0.741435
TTGTAACTTCATAGCG-1,0.000117,0.578985,0.420899
TTGTAAGGACCTAAGT-1,0.000071,0.496267,0.503662
TTGTAAGGCCAGTTGG-1,0.000155,0.803625,0.19622
TTGTAATCCGTACTCG-1,0.000124,0.552535,0.447341
TTGTACACCTCGAACA-1,0.000772,0.892231,0.106997
TTGTATCACACAGAAT-1,0.093702,0.001632,0.904666
TTGTCACCGCGGTATC-1,0.000053,0.421734,0.578213
TTGTCGTTCAGTTACC-1,0.001035,0.004139,0.994826
TTGTGAACCTAATCCG-1,0.03051,0.459314,0.510175
TTGTGAGGCATGACGC-1,0.000022,0.999913,0.000065
TTGTGATCTGTTCAGT-1,0.640232,0.002455,0.357313
TTGTGCAGCCACGTCA-1,0.052013,0.088308,0.859679
TTGTGCGGAAGCGGAT-1,0.016555,0.425645,0.5578
TTGTGGCCCTGACAGT-1,0.001527,0.259168,0.739304
TTGTGGTAGGAGGGAT-1,0.000046,0.775072,0.224881
TTGTGGTATAGGTATG-1,0.000052,0.87232,0.127628
TTGTGGTGGTACTAAG-1,0.032821,0.001048,0.966131
TTGTGTATGCCACCAA-1,0.214234,0.236946,0.548819
TTGTGTTTCCCGAAAG-1,0.004484,0.873524,0.121992
TTGTTAGCAAATTCGA-1,0.451285,0.00726,0.541455
TTGTTCAGTGTGCTAC-1,0.000262,0.268411,0.731327
TTGTTCTAGATACGCT-1,0.000535,0.759622,0.239843
TTGTTGTGTGTCAAGA-1,0.000262,0.226988,0.77275
TTGTTTCACATCCAGG-1,0.12065,0.180961,0.698389
TTGTTTCATTAGTCTA-1,0.000194,0.380118,0.619689
TTGTTTCCATACAACT-1,0.000119,0.20334,0.79654
TTGTTTGTATTACACG-1,0.16173,0.290331,0.547939
TTGTTTGTGTAAATTC-1,0.000994,0.003976,0.99503
