Barcode,Topic 1,Topic 2,Topic 3,Topic 4to5,Topic 6,Topic 7,Topic 8,Topic 9,Topic 10
AAACAATCTACTAGCA-1,0.001,0.622416,0.001,0.002001,0.001,0.001,0.001,0.369581,0.001
AAACACCAATAACTGC-1,0.062087,0.160939,0.013549,0.050494,0.568867,0.005714,0.009855,0.104275,0.02422
AAACAGAGCGACTCCT-1,0.006492,0.069167,0.312341,0.211498,0.046159,0.025225,0.049315,0.06699,0.212812
AAACAGCTTTCAGAAG-1,0.000019,0.000019,0.207309,0.066757,0.052172,0.255443,0.167442,0.06812,0.18272
AAACAGGGTCTATATT-1,0.003305,0.000671,0.387637,0.115904,0.085979,0.296277,0.030221,0.038667,0.041339
AAACAGTGTTCCTGGG-1,0.000007,0.000007,0.003449,0.543341,0.047899,0.043655,0.026419,0.299025,0.036197
AAACATGGTGAGAGGA-1,0.011213,0.083685,0.000039,0.000078,0.860367,0.023229,0.015263,0.004803,0.001322
AAACCACTACACAGAT-1,0.002317,0.030668,0.417146,0.130738,0.063545,0.099276,0.078987,0.067197,0.110126
AAACCGGGTAGGTACC-1,0.000014,0.042282,0.524524,0.30626,0.003884,0.01668,0.006988,0.037734,0.061635
AAACCGTTCGTCCAGG-1,0.000009,0.000009,0.080619,0.823803,0.00009,0.045525,0.000132,0.042234,0.00758
AAACCTAAGCAGCCGG-1,0.025265,0.01049,0.000068,0.000137,0.72782,0.000068,0.236016,0.000068,0.000068
AAACCTCATGAAGTTG-1,0.000016,0.037397,0.516587,0.275337,0.019187,0.02056,0.028687,0.025435,0.076792
AAACGAAGAACATACC-1,0.000429,0.299264,0.000429,0.000859,0.000429,0.55767,0.000429,0.136674,0.003816
AAACGAAGATGGAGTA-1,0.000059,0.000059,0.08416,0.07946,0.479062,0.000059,0.000757,0.224397,0.131985
AAACGACAGTCTTGCC-1,0.000016,0.027274,0.341012,0.054992,0.063704,0.346504,0.103516,0.02221,0.040773
AAACGAGACGGTTGAT-1,0.000019,0.000019,0.464257,0.377296,0.001532,0.096049,0.005164,0.050836,0.004827
AAACGCCCGAGATCGG-1,0.00001,0.010716,0.570553,0.139084,0.021036,0.077614,0.04563,0.096641,0.038716
AAACGGGCGTACGGGT-1,0.084433,0.03134,0.000145,0.00029,0.503472,0.000145,0.379885,0.000145,0.000145
AAACGGTTGCGAACTG-1,0.00008,0.011548,0.00008,0.00016,0.68097,0.017442,0.283957,0.005683,0.00008
AAACGTGTTCGCCCTA-1,0.000025,0.000025,0.121068,0.016156,0.061537,0.481702,0.237164,0.005985,0.076338
AAACTAACGTGGCGAC-1,0.000015,0.037894,0.435519,0.109129,0.033429,0.071723,0.078539,0.028667,0.205084
AAACTCGGTTCGCAAT-1,0.000112,0.020961,0.000112,0.000224,0.46974,0.088701,0.419928,0.000112,0.000112
AAACTCGTGATATAAG-1,0.000028,0.005048,0.122506,0.002194,0.01611,0.642285,0.189342,0.008968,0.01352
AAACTGCTGGCTCCAA-1,0.000015,0.000015,0.144239,0.596513,0.014492,0.091255,0.008052,0.124228,0.021191
AAACTTAATTGCACGC-1,0.000051,0.015735,0.000051,0.000102,0.961154,0.000051,0.022756,0.000051,0.000051
AAACTTGCAAACGTAT-1,0.01505,0.007039,0.390645,0.034467,0.028878,0.36084,0.085068,0.039965,0.03805
AAAGAATGACCTTAGA-1,0.006437,0.170777,0.022067,0.094955,0.679457,0.000028,0.000028,0.026224,0.000028
AAAGAATGTGGACTAA-1,0.00017,0.074704,0.00017,0.00034,0.579491,0.00017,0.344616,0.00017,0.00017
AAAGACATGAAGTTTA-1,0.00002,0.069317,0.185926,0.279599,0.114409,0.052269,0.066582,0.02471,0.207167
AAAGACCCAAGTCGCG-1,0.000045,0.84601,0.002144,0.051401,0.079785,0.000045,0.000045,0.004444,0.016081
AAAGACTGGGCGCTTT-1,0.000021,0.107455,0.130706,0.510914,0.114674,0.016401,0.021188,0.066951,0.031688
AAAGCTTGCCTACATA-1,0.00002,0.000163,0.104032,0.06617,0.129838,0.398093,0.139339,0.109087,0.053256
AAAGGCCCTATAATAC-1,0.000065,0.000065,0.060004,0.052113,0.603031,0.069285,0.102593,0.105997,0.006847
AAAGGCTACGGACCAT-1,0.131205,0.057336,0.121265,0.061897,0.367036,0.064321,0.014361,0.033353,0.149227
AAAGGCTCTCGCGCCG-1,0.006639,0.002749,0.021314,0.419382,0.078748,0.054789,0.015051,0.270026,0.131301
AAAGGGATGTAGCAAG-1,0.000025,0.068947,0.120142,0.41043,0.033982,0.050677,0.081357,0.064363,0.170075
AAAGGGCAGCTTGAAT-1,0.000045,0.17134,0.075592,0.014904,0.196731,0.024752,0.311075,0.001775,0.203784
AAAGGTAAGCTGTACC-1,0.000015,0.015009,0.486017,0.385233,0.019862,0.005146,0.016623,0.023759,0.048336
AAAGGTCAACGACATG-1,0.000008,0.00835,0.464165,0.496449,0.000008,0.005049,0.000375,0.014777,0.01082
AAAGTAGCATTGCTCA-1,0.000013,0.000013,0.418495,0.539048,0.000019,0.028491,0.000013,0.009986,0.003921
AAAGTCACTGATGTAA-1,0.000054,0.806637,0.000054,0.000108,0.085623,0.046315,0.049413,0.00366,0.008137
AAAGTCGACCCTCAGT-1,0.000019,0.015786,0.556312,0.099134,0.090442,0.056877,0.049203,0.016853,0.115375
AAAGTGTGATTTATCT-1,0.000112,0.000112,0.000112,0.000223,0.696435,0.116798,0.185344,0.000112,0.000754
AAAGTTGACTCCCGTA-1,0.014641,0.000069,0.000075,0.113016,0.588532,0.061957,0.0249,0.124024,0.072787
AAATAACCATACGGGA-1,0.000026,0.04547,0.178922,0.405898,0.045628,0.061727,0.124831,0.039656,0.097841
AAATAAGGTAGTGCCC-1,0.000028,0.000028,0.006161,0.042729,0.071109,0.444298,0.11432,0.068389,0.252937
AAATACCTATAAGCAT-1,0.00003,0.00003,0.044483,0.103015,0.045599,0.495463,0.147864,0.082069,0.081448
AAATAGCTTAGACTTT-1,0.000025,0.000025,0.118245,0.244385,0.13355,0.142111,0.091451,0.228011,0.042196
AAATAGGGTGCTATTG-1,0.000101,0.000101,0.000101,0.000202,0.873749,0.035508,0.090035,0.000101,0.000101
AAATCACTCCTAAACG-1,0.000005,0.011834,0.265165,0.081832,0.020779,0.493937,0.046172,0.053423,0.026853
AAATCCGATACACGCC-1,0.041247,0.04209,0.000082,0.000164,0.2678,0.000082,0.648372,0.000082,0.000082
AAATCGCGGAAGGAGT-1,0.000046,0.000046,0.03227,0.165811,0.407851,0.031926,0.014211,0.244307,0.103532
AAATCGTGTACCACAA-1,0.000015,0.000015,0.231107,0.615969,0.000547,0.109113,0.000907,0.038423,0.003904
AAATCTGCCCGCGTCC-1,0.000021,0.000021,0.03817,0.124188,0.278084,0.343742,0.044481,0.099338,0.071955
AAATGACTGATCAAAC-1,0.000013,0.001176,0.061675,0.484183,0.10113,0.135872,0.032029,0.129827,0.054094
AAATGATTCGATCAGC-1,0.004569,0.000027,0.075534,0.004163,0.045806,0.656377,0.167132,0.000869,0.045523
AAATGCTCGTTACGTT-1,0.000081,0.733736,0.073534,0.000162,0.077394,0.037166,0.059709,0.010915,0.007304
AAATGGCATGTCTTGT-1,0.000062,0.288173,0.116353,0.42609,0.073464,0.00289,0.009937,0.082968,0.000062
AAATGGCCCGTGCCCT-1,0.00002,0.025039,0.111257,0.117298,0.092405,0.460188,0.074174,0.034392,0.085227
AAATGGTCAATGTGCC-1,0.000051,0.045338,0.376716,0.066586,0.030105,0.101255,0.259866,0.031968,0.088114
AAATGTATCTTATCCC-1,0.000019,0.026412,0.187717,0.546428,0.038653,0.044255,0.017174,0.050055,0.089285
AAATGTGGGTGCTCCT-1,0.000568,0.608245,0.015747,0.090156,0.000568,0.000568,0.000568,0.000568,0.283009
AAATTAACGGGTAGCT-1,0.000024,0.018839,0.766355,0.184601,0.005526,0.000193,0.000029,0.010743,0.01369
AAATTAATAAGCGCGA-1,0.000019,0.027175,0.210398,0.139273,0.183874,0.041408,0.164791,0.053844,0.179217
AAATTACACGACTCTG-1,0.000054,0.065014,0.147876,0.107133,0.181063,0.088827,0.136224,0.003938,0.269871
AAATTACCTATCGATG-1,0.009216,0.058962,0.45057,0.299503,0.00325,0.064546,0.057548,0.045207,0.011197
AAATTCCAGGTCCAAA-1,0.000063,0.000063,0.000063,0.000126,0.895912,0.027002,0.05066,0.000063,0.026048
AAATTGATAGTCCTTT-1,0.000034,0.000034,0.030052,0.379891,0.10664,0.037135,0.090133,0.332238,0.023842
AAATTGCGGCGGTTCT-1,0.000813,0.815362,0.000813,0.001626,0.178132,0.000813,0.000813,0.000813,0.000813
AAATTGGTGAGAAGCA-1,0.00001,0.00001,0.550573,0.290605,0.0069,0.103555,0.006153,0.029819,0.012376
AAATTTACCGAAATCC-1,0.000041,0.130181,0.141439,0.151496,0.145962,0.235252,0.09268,0.01124,0.091708
AAATTTGCGGGTGTGG-1,0.000025,0.014615,0.341958,0.101266,0.045173,0.246231,0.109943,0.047805,0.092983
AACAACTGGTAGTTGC-1,0.000031,0.048779,0.156378,0.334725,0.137887,0.066648,0.081573,0.047127,0.126852
AACAATACATTGTCGA-1,0.000069,0.000069,0.072321,0.106926,0.63056,0.022304,0.001844,0.051884,0.114023
AACAATTACTCTACGC-1,0.000023,0.049685,0.101307,0.50457,0.063946,0.04201,0.016592,0.076568,0.1453
AACACGACTGTACTGA-1,0.000699,0.829984,0.000699,0.001399,0.0007,0.0007,0.0007,0.0007,0.16442
AACACGAGACGCGGCC-1,0.000009,0.000009,0.7321,0.2382,0.000009,0.018425,0.000082,0.007354,0.003813
AACACGCGGCCGCGAA-1,0.000141,0.998732,0.000141,0.000282,0.000141,0.000141,0.000141,0.000141,0.000141
AACAGCTGTGTGGCAA-1,0.000052,0.000052,0.000052,0.032285,0.393622,0.032274,0.023712,0.153098,0.364851
AACAGGAAATCGAATA-1,0.000025,0.134093,0.097102,0.609773,0.08497,0.005653,0.008407,0.020151,0.039826
AACAGGATGGGCCGCG-1,0.000015,0.046403,0.110785,0.797547,0.002533,0.005638,0.000314,0.011321,0.025444
AACATAGCGTGTATCG-1,0.00002,0.00002,0.005847,0.159787,0.184125,0.13225,0.141991,0.238307,0.137653
AACATATCAACTGGTG-1,0.000024,0.000024,0.294003,0.086871,0.047408,0.520139,0.034523,0.011645,0.005364
AACATCGATACGTCTA-1,0.000025,0.012858,0.293476,0.078886,0.041633,0.418292,0.041385,0.026596,0.086847
AACATTGAAGTTGATC-1,0.00006,0.01022,0.018031,0.0918,0.630206,0.073386,0.036032,0.026204,0.114061
AACATTGGTCAGCCGT-1,0.040338,0.754907,0.000437,0.202134,0.000437,0.000437,0.000437,0.000437,0.000437
AACCAAGACTTCTCTG-1,0.002058,0.013428,0.540609,0.29305,0.032828,0.065382,0.022067,0.011478,0.019099
AACCAGTATCACTCTT-1,0.000031,0.075637,0.130017,0.445986,0.031624,0.05314,0.082041,0.044409,0.137115
AACCATAGGGTTGAAC-1,0.000068,0.000068,0.036382,0.063667,0.773362,0.047714,0.051595,0.0127,0.014444
AACCATGGGATCGCTA-1,0.000053,0.952996,0.000053,0.04663,0.000053,0.000053,0.000053,0.000053,0.000053
AACCCAGAGACGGAGA-1,0.023622,0.527942,0.000101,0.000201,0.172457,0.016808,0.258667,0.000101,0.000101
AACCCATCCCATGATC-1,0.000025,0.000025,0.003054,0.494632,0.101239,0.01223,0.0009,0.340956,0.04694
AACCCGACAACCCGTG-1,0.008775,0.014197,0.057752,0.015815,0.804825,0.000819,0.064275,0.024037,0.009504
AACCCGATAGGGCTTC-1,0.00001,0.01161,0.284123,0.149083,0.043094,0.366986,0.067892,0.039828,0.037375
AACCCGCTGTATTCCA-1,0.000018,0.035206,0.020172,0.661238,0.053816,0.047272,0.04591,0.112893,0.023476
AACCCTACTGTCAATA-1,0.00463,0.009578,0.034002,0.669475,0.036873,0.048973,0.008825,0.16212,0.025524
AACCCTGGTGGAACCA-1,0.000219,0.27825,0.054612,0.139343,0.246215,0.000219,0.000219,0.099662,0.181262
AACCGAGCTTGGTCAT-1,0.000025,0.046532,0.311931,0.524089,0.000025,0.030272,0.028562,0.0275,0.031064
AACCGCTAAGGGATGC-1,0.000079,0.040837,0.028185,0.034232,0.688656,0.036648,0.148466,0.000373,0.022524
AACCGTTGTGTTTGCT-1,0.000447,0.417673,0.000447,0.000893,0.000447,0.000447,0.578755,0.000447,0.000447
AACCTAAAGCCGTCCG-1,0.00004,0.174073,0.105706,0.336573,0.159189,0.009081,0.017219,0.039453,0.158667
AACCTCGCTTTAGCCC-1,0.341889,0.00009,0.00009,0.013148,0.598129,0.00009,0.029864,0.016609,0.00009
AACCTGTCACGGAATT-1,0.000122,0.031753,0.086464,0.000244,0.722515,0.116684,0.010227,0.000122,0.031868
AACCTTTAAATACGGT-1,0.00006,0.00006,0.0011,0.204877,0.512893,0.079032,0.133908,0.003464,0.064606
AACCTTTACGACGTCT-1,0.000048,0.086831,0.214769,0.094758,0.027821,0.259376,0.188672,0.018268,0.109456
AACGAAAGTCGTCCCA-1,0.00005,0.00005,0.021775,0.231388,0.582107,0.00005,0.00005,0.118017,0.046513
AACGATAATGCCGTAG-1,0.008177,0.034436,0.002445,0.000141,0.346898,0.243121,0.349015,0.00007,0.015696
AACGATAGAAGGGCCG-1,0.003695,0.569778,0.084634,0.222461,0.000027,0.011455,0.00046,0.056313,0.051178
AACGATATGTCAACTG-1,0.00003,0.050346,0.342449,0.407139,0.00003,0.032554,0.064621,0.025101,0.07773
AACGCATGATCTGGGT-1,0.000029,0.005805,0.346499,0.079851,0.035724,0.291553,0.153147,0.015429,0.071963
AACGCGAACGGCAACA-1,0.00003,0.578972,0.010428,0.389743,0.00003,0.00003,0.00003,0.012095,0.008642
AACGCGACCTTGGGCG-1,0.000071,0.010475,0.000071,0.000142,0.434117,0.007465,0.536551,0.011037,0.000071
AACGCGGTCTCCAGCC-1,0.000043,0.048766,0.265971,0.310354,0.002207,0.020366,0.244514,0.035779,0.072
AACGGCCATCTCCGGT-1,0.000017,0.000017,0.369954,0.313273,0.012803,0.127363,0.016049,0.137392,0.023133
AACGTACTGTGGGTAC-1,0.005829,0.000038,0.177105,0.080938,0.010308,0.415455,0.191497,0.04116,0.07767
AACGTCAGACTAGTGG-1,0.00004,0.114772,0.090416,0.190933,0.141312,0.072081,0.078746,0.13527,0.17643
AACGTCATCCGGCTTG-1,0.000395,0.000015,0.094247,0.40769,0.058716,0.197341,0.024397,0.182118,0.03508
AACGTCGCTGCACTTC-1,0.032936,0.090403,0.000088,0.000176,0.876045,0.000088,0.000088,0.000088,0.000088
AACGTGATGAAGGACA-1,0.000053,0.111928,0.099488,0.251355,0.240646,0.102069,0.029035,0.038238,0.127188
AACGTGCGAAAGTCTC-1,0.002279,0.026487,0.281263,0.012013,0.028079,0.433469,0.155463,0.012343,0.048603
AACGTTATCAGCACCT-1,0.000055,0.248558,0.03053,0.158503,0.051718,0.025812,0.245203,0.017303,0.222318
AACTAGCGTATCGCAC-1,0.000588,0.677782,0.000588,0.048245,0.000588,0.000588,0.000588,0.270443,0.000588
AACTAGGCTTGGGTGT-1,0.000054,0.000054,0.007683,0.19713,0.238763,0.090966,0.004438,0.115161,0.345751
AACTCAAGTTAATTGC-1,0.00001,0.0052,0.33033,0.660223,0.00001,0.00001,0.00001,0.000857,0.003349
AACTCCTAATCCCATG-1,0.000055,0.226727,0.324265,0.121783,0.021212,0.154305,0.089927,0.016051,0.045676
AACTCGATAAACACGT-1,0.000855,0.992306,0.000855,0.00171,0.000855,0.000855,0.000855,0.000855,0.000855
AACTCGATGGCGCAGT-1,0.013315,0.870703,0.000058,0.098361,0.017334,0.000053,0.000053,0.00007,0.000053
AACTCTCAATAGAGCG-1,0.000013,0.000013,0.076891,0.801556,0.000014,0.019142,0.000477,0.089039,0.012854
AACTCTCAGTGTGCTC-1,0.000031,0.000031,0.049931,0.410486,0.111278,0.291684,0.031257,0.063162,0.042141
AACTGAGGTCAGCGTC-1,0.000032,0.026616,0.355363,0.072946,0.031493,0.272151,0.141088,0.023092,0.07722
AACTGATATTAGGCCT-1,0.006331,0.051794,0.322742,0.520746,0.024764,0.007312,0.007425,0.002179,0.056708
AACTGGGTCCCGACGT-1,0.000036,0.054487,0.11717,0.316251,0.010058,0.142905,0.193294,0.025922,0.139878
AACTGGGTTCGAGCCG-1,0.000045,0.144761,0.096468,0.265442,0.102028,0.031774,0.061018,0.005709,0.292755
AACTGGTGTGGGCCTT-1,0.000073,0.833459,0.098455,0.042902,0.000073,0.024023,0.00009,0.000852,0.000073
AACTTCTGCGTCTATC-1,0.010088,0.445096,0.043708,0.202089,0.283979,0.000111,0.000111,0.014706,0.000111
AACTTGCCCGTATGCA-1,0.000025,0.077211,0.265135,0.433689,0.073799,0.006199,0.01272,0.040429,0.090792
AACTTGCGTTCTCGCG-1,0.000036,0.497501,0.001648,0.491821,0.000036,0.000036,0.000036,0.008853,0.000036
AACTTTACGGGAGCTT-1,0.000015,0.131947,0.250739,0.577018,0.000015,0.001217,0.000015,0.014478,0.024558
AACTTTAGCTGCTGAG-1,0.00065,0.286165,0.00065,0.485869,0.00065,0.00065,0.00065,0.224069,0.00065
AACTTTCTCGATCATG-1,0.000027,0.016067,0.08378,0.291691,0.034326,0.341963,0.010602,0.095544,0.126002
AAGAAAGTTTGATGGG-1,0.000012,0.002873,0.089404,0.76601,0.010681,0.03574,0.001497,0.084813,0.00897
AAGAAATCACCAGATT-1,0.000013,0.000013,0.134885,0.41838,0.033689,0.192887,0.01301,0.14229,0.064834
AAGAAGGATCAGTTAG-1,0.000082,0.904049,0.000082,0.000164,0.089384,0.000082,0.005993,0.000082,0.000082
AAGACCAAATAACTCA-1,0.000069,0.035309,0.046194,0.012918,0.827262,0.03398,0.002736,0.024406,0.017126
AAGACCCAACTGAACA-1,0.000043,0.024956,0.05836,0.241885,0.590112,0.022555,0.000533,0.047786,0.013771
AAGACTAACCCGTTGT-1,0.00145,0.986953,0.00145,0.002899,0.00145,0.00145,0.00145,0.00145,0.00145
AAGACTCACGCCCACT-1,0.000019,0.051666,0.300547,0.328355,0.03204,0.019466,0.043405,0.039093,0.185409
AAGACTGCAAGCTACT-1,0.000035,0.038899,0.313409,0.01859,0.033747,0.402294,0.142901,0.018548,0.031576
AAGAGATGAATCGGTA-1,0.00003,0.0652,0.137542,0.200668,0.073733,0.110149,0.120062,0.072713,0.219902
AAGAGCTCTTTATCGG-1,0.000023,0.000023,0.642223,0.234029,0.001092,0.075475,0.004916,0.033389,0.008829
AAGAGGATGTACGCGA-1,0.000019,0.027931,0.649309,0.258758,0.005462,0.018701,0.003694,0.010808,0.025318
AAGAGGCATGGATCGC-1,0.000015,0.000015,0.358556,0.634998,0.000015,0.002893,0.000015,0.00348,0.000015
AAGATGGCACCGGACC-1,0.000043,0.000043,0.091776,0.320634,0.35557,0.051441,0.036849,0.105854,0.03779
AAGATTGGCGGAACGT-1,0.000025,0.02426,0.442499,0.03509,0.054705,0.199754,0.175969,0.028784,0.038915
AAGCATACTCTCCTGA-1,0.007918,0.000056,0.227509,0.076081,0.251041,0.078078,0.081637,0.103624,0.174057
AAGCCACTTGCAGGTA-1,0.000012,0.000012,0.373765,0.217525,0.037343,0.123205,0.055782,0.16612,0.026236
AAGCCGCCGTGAAATC-1,0.000038,0.028654,0.000038,0.016247,0.954703,0.000038,0.000051,0.000195,0.000038
AAGCCGCTTTACCTTG-1,0.000018,0.000018,0.118821,0.759519,0.003046,0.049032,0.004046,0.054281,0.01122
AAGCGCAGGGCTTTGA-1,0.000108,0.000108,0.000108,0.000217,0.256925,0.000108,0.742209,0.000108,0.000108
AAGCGGAGTGCGCGCA-1,0.000011,0.000011,0.310361,0.27483,0.007548,0.270028,0.037352,0.067171,0.032688
AAGCGGCGTCATGGGT-1,0.033885,0.16827,0.362572,0.358412,0.000027,0.009711,0.002295,0.022941,0.041886
AAGCGTCCCTCATCGA-1,0.009511,0.000032,0.018614,0.660315,0.04572,0.0427,0.00108,0.177508,0.04452
AAGCTAGATCGAGTAA-1,0.000021,0.000021,0.029933,0.500924,0.026146,0.155222,0.01444,0.206933,0.06636
AAGCTATGGATTGACC-1,0.000023,0.005423,0.112351,0.167253,0.043043,0.371718,0.121271,0.14176,0.037157
AAGCTCGTGCCAAGTC-1,0.000046,0.000046,0.345749,0.066171,0.055116,0.36492,0.026045,0.080079,0.061829
AAGGAGAACTTATAAG-1,0.000154,0.272825,0.009924,0.716325,0.000154,0.000154,0.000154,0.000154,0.000154
AAGGAGCGGTTGGTGC-1,0.00003,0.061366,0.194998,0.432239,0.002909,0.027137,0.01194,0.04549,0.223891
AAGGATCGATCGCTTG-1,0.000097,0.014423,0.105897,0.044576,0.776221,0.03616,0.004097,0.001048,0.017482
AAGGATGAGGGACCTC-1,0.000025,0.091596,0.425901,0.166468,0.000027,0.06309,0.091679,0.13995,0.021265
AAGGCGCGTAAAGCTT-1,0.00003,0.166245,0.10362,0.101758,0.225819,0.093016,0.041128,0.01505,0.253334
AAGGCTGTGCTCATCG-1,0.000035,0.034459,0.202765,0.462803,0.022555,0.043029,0.094451,0.029971,0.109931
AAGGGAACGACTGGCT-1,0.000072,0.035354,0.020021,0.089372,0.632627,0.065692,0.01044,0.115302,0.031121
AAGGGACAGATTCTGT-1,0.000043,0.018506,0.253639,0.011969,0.054673,0.441728,0.160906,0.021236,0.0373
AAGGGACTATGCATTC-1,0.000103,0.057364,0.000103,0.000206,0.773971,0.000103,0.16454,0.000103,0.003506
AAGGGTTTGATTTCAG-1,0.000115,0.050402,0.000115,0.000231,0.835362,0.043334,0.021157,0.049167,0.000115
AAGGTATCCTAATATA-1,0.000018,0.009843,0.551083,0.389464,0.000018,0.000018,0.048838,0.000018,0.000702
AAGGTGATAAACCAGC-1,0.000077,0.000077,0.002138,0.023155,0.552605,0.042493,0.046778,0.257569,0.07511
AAGTAGAAGACCGGGT-1,0.000047,0.173515,0.113063,0.024608,0.161249,0.059338,0.306125,0.051643,0.110411
AAGTAGTGACGCGAGG-1,0.00002,0.069901,0.154689,0.766749,0.00002,0.00002,0.00002,0.004402,0.004181
AAGTCTAGTAGCTGCC-1,0.000019,0.000019,0.064435,0.479502,0.039024,0.166052,0.018246,0.171997,0.060706
AAGTCTTCTGTGGCCT-1,0.000038,0.045306,0.550433,0.112552,0.119341,0.0063,0.012098,0.06123,0.092702
AAGTGACGACCGAATT-1,0.000025,0.011389,0.456298,0.119665,0.10665,0.026511,0.08022,0.188999,0.010243
AAGTGAGTCGGGTTTA-1,0.00007,0.00007,0.067412,0.417843,0.414385,0.003961,0.00007,0.091901,0.004287
AAGTGCAAAGGTAGAC-1,0.000032,0.056077,0.110185,0.434885,0.269809,0.010289,0.030262,0.024175,0.064286
AAGTGCGTTAGAATCT-1,0.000029,0.014182,0.152362,0.115412,0.089917,0.518065,0.041185,0.025992,0.042855
AAGTGCTTCTCTATTG-1,0.004474,0.000026,0.008953,0.245028,0.147945,0.054874,0.093061,0.298253,0.147386
AAGTGTTTGGAGACGG-1,0.000114,0.000114,0.000114,0.000228,0.536299,0.327222,0.132999,0.000114,0.002796
AAGTTCACTCCAAGCT-1,0.12518,0.020699,0.000247,0.000494,0.846272,0.000247,0.006366,0.000247,0.000247
AAGTTCAGTCTGCGTA-1,0.006012,0.029005,0.490206,0.131417,0.015655,0.040389,0.120944,0.062261,0.104111
AAGTTCGGCCAACAGG-1,0.000028,0.000028,0.287017,0.107491,0.075721,0.341337,0.132132,0.03348,0.022766
AAGTTGTGATGTTATA-1,0.33298,0.000455,0.000455,0.000909,0.460703,0.000455,0.203135,0.000455,0.000455
AAGTTTACTAATGGCA-1,0.000508,0.335319,0.101516,0.406998,0.000508,0.000508,0.000508,0.153628,0.000508
AAGTTTATGGGCCCAA-1,0.000043,0.000043,0.158659,0.123546,0.407158,0.022107,0.211949,0.045366,0.03113
AATAACAACGCTCGGC-1,0.000019,0.021423,0.445434,0.048406,0.024621,0.123824,0.153285,0.037672,0.145316
AATAACACTAGAACAA-1,0.000015,0.000015,0.064987,0.25697,0.062047,0.370092,0.016069,0.186334,0.04347
AATAACGTCGCGCCCA-1,0.000138,0.164158,0.000138,0.000276,0.794341,0.000138,0.040536,0.000138,0.000138
AATAAGTCCTCGAGAC-1,0.00034,0.417861,0.00034,0.00068,0.575473,0.00034,0.00034,0.00034,0.004285
AATACAATGTTTCAGG-1,0.013044,0.159567,0.176594,0.115296,0.186124,0.019425,0.095543,0.021323,0.213084
AATACCGGAGGGCTGT-1,0.000061,0.000061,0.005908,0.006545,0.710784,0.110334,0.116435,0.024742,0.025129
AATACCTGATGTGAAC-1,0.0001,0.0001,0.0001,0.000199,0.48447,0.017343,0.49749,0.0001,0.0001
AATAGAACAGAGTGGC-1,0.00001,0.00001,0.188584,0.725642,0.000437,0.033176,0.000962,0.044121,0.007059
AATAGAATCTGTTTCA-1,0.000101,0.020989,0.000101,0.022289,0.633663,0.185316,0.05055,0.040053,0.046937
AATAGCAAGCCTCCTG-1,0.00003,0.047838,0.529607,0.124794,0.129574,0.072755,0.034272,0.024118,0.037013
AATAGCTACCGCGTGC-1,0.005582,0.00727,0.481474,0.052532,0.009548,0.284909,0.067902,0.025126,0.065657
AATAGGCACGACCCTT-1,0.00002,0.00002,0.092409,0.188437,0.140472,0.261648,0.11147,0.126257,0.079266
AATAGTCCGTCCCGAC-1,0.000058,0.041724,0.131777,0.235433,0.20425,0.060953,0.064442,0.230865,0.030498
AATAGTCGCGAGTCGG-1,0.00004,0.170498,0.042435,0.150499,0.252953,0.063815,0.10155,0.06937,0.14884
AATATCAAGGTCGGAT-1,0.000066,0.833213,0.03912,0.006566,0.02861,0.082141,0.010154,0.000066,0.000066
AATATCCTAGCAAACT-1,0.000016,0.000016,0.274114,0.474936,0.050535,0.083133,0.015669,0.067204,0.034376
AATATCGAGGGTTCTC-1,0.007682,0.012096,0.381533,0.12059,0.095742,0.139172,0.166985,0.042481,0.033718
AATATTGGAGTATTGA-1,0.000039,0.033847,0.34637,0.039773,0.056353,0.0164,0.107503,0.102868,0.296848
AATCAGACTGCAGGAC-1,0.000637,0.804233,0.19067,0.001274,0.000637,0.000637,0.000637,0.000637,0.000637
AATCAGGTTTCATTTA-1,0.00004,0.00004,0.010487,0.352453,0.189133,0.144518,0.037633,0.104866,0.160828
AATCCAAGGGCCTGAG-1,0.000086,0.928345,0.000086,0.000172,0.000086,0.070968,0.000086,0.000086,0.000086
AATCCATGCAAGGGTG-1,0.000051,0.999541,0.000051,0.000102,0.000051,0.000051,0.000051,0.000051,0.000051
AATCCCGCTCAGAGCC-1,0.000021,0.000021,0.086766,0.34789,0.064579,0.236789,0.082258,0.143979,0.037697
AATCGAGGTCTCAAGG-1,0.003109,0.000015,0.022827,0.447163,0.079959,0.078598,0.014726,0.225609,0.127994
AATCGCCTCAGCGCCA-1,0.000026,0.000026,0.367477,0.480077,0.000026,0.107947,0.002408,0.03464,0.007373
AATCGGGACACTACGA-1,0.00073,0.19294,0.00073,0.801949,0.00073,0.00073,0.00073,0.00073,0.00073
AATCGTGAGCCGAGCA-1,0.006757,0.042478,0.000066,0.000132,0.546765,0.005635,0.398036,0.000066,0.000066
AATCTAGGTTTACTTG-1,0.003298,0.00002,0.117437,0.676999,0.009274,0.096239,0.011263,0.063278,0.022193
AATCTATGCCGGAGCC-1,0.00002,0.00002,0.24198,0.563976,0.000571,0.127474,0.006869,0.032345,0.026745
AATCTCTACTGTGGTT-1,0.000025,0.111026,0.516134,0.270626,0.004928,0.007449,0.00356,0.048001,0.038249
AATCTGCGTTGGGACG-1,0.000028,0.000028,0.263535,0.357432,0.016985,0.292591,0.022065,0.042714,0.004621
AATCTGGCTTTCTAGT-1,0.000047,0.000047,0.115082,0.031671,0.130941,0.44458,0.185818,0.024422,0.067394
AATCTGGGTAGACCCT-1,0.000016,0.062808,0.100037,0.775858,0.033004,0.000016,0.000151,0.011129,0.016982
AATGACAGCAATGTCT-1,0.000018,0.000018,0.450306,0.44969,0.001157,0.070537,0.004798,0.015386,0.008091
AATGACGTAGGATGTC-1,0.000019,0.009579,0.098228,0.799122,0.000022,0.021201,0.000943,0.063969,0.006916
AATGACTGTCAGCCGG-1,0.000033,0.066897,0.119459,0.310328,0.031752,0.083429,0.131539,0.034113,0.22245
AATGAGTTCGCATATG-1,0.000042,0.708374,0.000042,0.259035,0.000042,0.000042,0.000042,0.032338,0.000042
AATGATGATACGCTAT-1,0.000044,0.000044,0.420272,0.063644,0.003316,0.074031,0.388976,0.004171,0.045503
AATGATGCGACTCCTG-1,0.000044,0.000044,0.176062,0.026824,0.01543,0.556501,0.117176,0.089553,0.018366
AATGCAACCGGGTACC-1,0.00002,0.073735,0.266318,0.418517,0.006406,0.026132,0.062156,0.049494,0.097221
AATGCACCAAGCAATG-1,0.000019,0.000019,0.583898,0.351189,0.00081,0.008745,0.007517,0.013527,0.034276
AATGGCCGCCAATGCG-1,0.000006,0.002496,0.37065,0.567284,0.000006,0.024906,0.000442,0.03034,0.003871
AATGGTCCACCGTTCA-1,0.000025,0.0668,0.219082,0.345425,0.049788,0.098742,0.053615,0.08044,0.086083
AATGGTTCTCACAAGC-1,0.003022,0.246801,0.187917,0.169832,0.014436,0.000054,0.317236,0.060648,0.000054
AATGTATGGCACTGTA-1,0.00009,0.012066,0.00009,0.00018,0.746524,0.057623,0.183246,0.00009,0.00009
AATGTGCCCGAGGTGT-1,0.000031,0.000031,0.004165,0.491592,0.05708,0.089273,0.007338,0.241028,0.109461
AATGTGCTAATCTGAG-1,0.0001,0.025649,0.0001,0.000201,0.711396,0.019943,0.24241,0.0001,0.0001
AATGTTAAGACCCTGA-1,0.000014,0.000014,0.013648,0.373467,0.108416,0.099444,0.029044,0.340472,0.035481
AATTAAAGGTCGGCGT-1,0.00002,0.074761,0.418483,0.143808,0.009828,0.10235,0.043592,0.053685,0.153473
AATTAACGGATTTCCA-1,0.000104,0.008505,0.000104,0.000208,0.403963,0.025835,0.561074,0.000104,0.000104
AATTACGAGACCCATC-1,0.000127,0.036099,0.041526,0.083251,0.785352,0.000127,0.006681,0.046711,0.000127
AATTACTCGTACGCTC-1,0.000091,0.989962,0.000091,0.000182,0.000091,0.000091,0.009312,0.000091,0.000091
AATTAGCGCTGCAGCG-1,0.000026,0.043959,0.109431,0.365534,0.004778,0.10702,0.008521,0.304898,0.055834
AATTATACCCAGCAAG-1,0.000019,0.007458,0.004586,0.239443,0.109995,0.038066,0.086968,0.269271,0.244195
AATTCATAAGGGATCT-1,0.000016,0.000016,0.462674,0.536758,0.000016,0.000016,0.000016,0.000474,0.000016
AATTCATTGTCATGCA-1,0.000104,0.018839,0.000104,0.000222,0.960644,0.000104,0.009239,0.01064,0.000104
AATTCCAACTTGGTGA-1,0.021926,0.842489,0.030163,0.104193,0.000246,0.000246,0.000246,0.000246,0.000246
AATTCCAAGCATGTAC-1,0.000122,0.000122,0.000122,0.000245,0.722667,0.160869,0.115608,0.000122,0.000122
AATTCGATTCGAGGAT-1,0.019617,0.000131,0.000131,0.000263,0.748503,0.094062,0.13703,0.000131,0.000131
AATTCTAGAGTTAGGC-1,0.000032,0.000032,0.359979,0.305027,0.021438,0.08775,0.001836,0.212269,0.011638
AATTGAACGCTCTGGT-1,0.000053,0.000053,0.004186,0.057888,0.061825,0.393324,0.083393,0.361651,0.037628
AATTGCAGCAATCGAC-1,0.263144,0.000327,0.000327,0.000654,0.678919,0.000327,0.03176,0.000327,0.024216
AATTGCGTGGATTACA-1,0.000029,0.001193,0.0593,0.565952,0.181264,0.000029,0.001212,0.177961,0.013059
AATTTGGGACATAGTA-1,0.000058,0.075982,0.23649,0.053024,0.085416,0.118864,0.149218,0.036399,0.244549
AATTTGGTTCCAAAGA-1,0.00027,0.430039,0.00027,0.000539,0.103453,0.192329,0.049701,0.00027,0.223129
ACAAACCATGCGTCCT-1,0.000041,0.0439,0.042961,0.030739,0.730011,0.020037,0.0524,0.077044,0.002867
ACAAACCGACAAGGCG-1,0.000077,0.265136,0.073678,0.056797,0.293138,0.000077,0.139064,0.000077,0.171958
ACAAACTCCATCAGAG-1,0.000017,0.000017,0.047876,0.31593,0.170647,0.213281,0.04074,0.154322,0.05717
ACAAAGAAGGTAGGCC-1,0.000018,0.001224,0.196323,0.11,0.080337,0.286197,0.209654,0.057659,0.058589
ACAAAGCATGACCTAG-1,0.180533,0.000177,0.000177,0.001032,0.75824,0.000177,0.000177,0.059309,0.000177
ACAAATCGCACCGAAT-1,0.000064,0.008481,0.057889,0.143501,0.47141,0.101543,0.191671,0.018162,0.007281
ACAAATGGTAGTGTTT-1,0.00002,0.00002,0.048712,0.517895,0.041142,0.012254,0.006048,0.312049,0.061859
ACAAATTCAGATCTGA-1,0.000023,0.027854,0.206869,0.062885,0.060251,0.058746,0.137069,0.009538,0.436765
ACAACAGCATGAGCTA-1,0.000033,0.051834,0.34177,0.05056,0.02938,0.180816,0.144982,0.047006,0.153619
ACAACGGTCCCTGCGA-1,0.000042,0.224419,0.090844,0.10508,0.135663,0.013486,0.176162,0.004122,0.250183
ACAAGCAGTGCCTAGC-1,0.000033,0.078015,0.185197,0.112981,0.128476,0.079506,0.084231,0.015183,0.316378
ACAAGCTATATGGAAG-1,0.000015,0.014344,0.658549,0.182422,0.017223,0.020542,0.013742,0.023772,0.069392
ACAAGGAAATCCGCCC-1,0.019233,0.00827,0.090614,0.674881,0.065055,0.013017,0.008028,0.095203,0.025699
ACAAGGACAAGAGGTT-1,0.000091,0.140854,0.043996,0.760007,0.041158,0.000014,0.000014,0.008547,0.005318
ACAAGGATGCTTTAGG-1,0.381304,0.000109,0.004794,0.131826,0.478255,0.000109,0.000109,0.003385,0.000109
ACAAGGCCTACCAGCC-1,0.00002,0.061954,0.446722,0.222807,0.033246,0.05662,0.049275,0.072247,0.057111
ACAAGGGCAGGCTCTG-1,0.000027,0.000027,0.164747,0.266704,0.015832,0.240081,0.052402,0.138344,0.121836
ACAAGTAATTGTAAGG-1,0.000009,0.000009,0.102437,0.413002,0.032361,0.152787,0.04369,0.222181,0.033523
ACAATAGTCGTACGTT-1,0.000027,0.045693,0.344278,0.124069,0.148201,0.073433,0.045089,0.055917,0.163294
ACAATCCATTTAAACC-1,0.000025,0.054094,0.323581,0.248342,0.047538,0.041249,0.149175,0.023214,0.112782
ACAATCGATCTTTATA-1,0.000357,0.40926,0.000357,0.000715,0.587882,0.000357,0.000357,0.000357,0.000357
ACAATGAATACGGAGA-1,0.000019,0.000019,0.00204,0.513688,0.019704,0.016329,0.004163,0.3878,0.056236
ACAATGATTCTTCTAC-1,0.00003,0.031061,0.45683,0.094139,0.080656,0.113232,0.05209,0.034667,0.137296
ACAATTTAGGAGGCTC-1,0.008408,0.030393,0.34811,0.385077,0.017135,0.013566,0.017223,0.066352,0.113735
ACAATTTGAGCAGTGG-1,0.000026,0.009589,0.510588,0.243492,0.026987,0.014177,0.066017,0.091556,0.037567
ACACAAAGACGGGTGG-1,0.000031,0.059275,0.115067,0.30573,0.104107,0.052456,0.256245,0.030137,0.076953
ACACAAATATTCCTAG-1,0.000009,0.000117,0.358868,0.296453,0.007989,0.255285,0.018252,0.049793,0.013234
ACACACCAGGACCAGT-1,0.000073,0.000073,0.000073,0.050285,0.242041,0.041921,0.31631,0.197782,0.151442
ACACACTTTCTACACG-1,0.000109,0.37395,0.117339,0.082701,0.103268,0.234354,0.082967,0.000109,0.005204
ACACATGATCAAATCT-1,0.000051,0.043191,0.007803,0.000103,0.853621,0.02945,0.032757,0.02625,0.006774
ACACATTGACGCAACA-1,0.000095,0.999143,0.000095,0.000191,0.000095,0.000095,0.000095,0.000095,0.000095
ACACATTTCCGTAGAC-1,0.008671,0.010499,0.04699,0.503715,0.013214,0.019965,0.003977,0.360932,0.032036
ACACCACATAATTAGC-1,0.00002,0.00002,0.004247,0.602006,0.018972,0.028421,0.008936,0.294285,0.043092
ACACCCAGCATGCAGC-1,0.000032,0.055912,0.237505,0.328084,0.03392,0.044948,0.084663,0.091684,0.123253
ACACCCGAGAAATCCG-1,0.000037,0.310082,0.009567,0.148246,0.067709,0.044442,0.183499,0.02334,0.213079
ACACCGAGCGCTCTTT-1,0.000085,0.715229,0.000085,0.00017,0.212872,0.019252,0.042946,0.000085,0.009277
ACACCGGTCTGACCGC-1,0.000055,0.021515,0.000055,0.000109,0.792516,0.030418,0.133066,0.000055,0.022213
ACACCTTAAGTAGGGC-1,0.000059,0.143405,0.040026,0.172814,0.065178,0.028925,0.377546,0.008602,0.163445
ACACCTTACTACTTGC-1,0.000223,0.055812,0.173265,0.000447,0.658234,0.000223,0.000223,0.000223,0.111349
ACACGAGACTCCTTCT-1,0.004337,0.029736,0.537723,0.164234,0.019831,0.070142,0.031364,0.110527,0.032105
ACACGGCACTATGCAT-1,0.00047,0.496076,0.00047,0.245243,0.00047,0.00047,0.255863,0.00047,0.00047
ACACGGGAACTTAGGG-1,0.000041,0.029421,0.466879,0.133457,0.003918,0.056667,0.158872,0.027908,0.122839
ACACTCCAATGTCACT-1,0.000085,0.531761,0.000085,0.00017,0.239354,0.049379,0.178994,0.000085,0.000085
ACACTGATCAAGGTGT-1,0.000028,0.000028,0.092053,0.336974,0.00369,0.309633,0.017109,0.175032,0.065451
ACAGAACTGAGAACAA-1,0.000019,0.000838,0.121046,0.152657,0.101231,0.224466,0.090523,0.20956,0.099659
ACAGATTAGGTTAGTG-1,0.001334,0.602761,0.001334,0.387903,0.001334,0.001334,0.001334,0.001334,0.001334
ACAGCATAGAGCCAGT-1,0.000139,0.408805,0.000139,0.000278,0.32874,0.05041,0.158842,0.000139,0.052508
ACAGCGCACCCGCAGC-1,0.000179,0.196885,0.25525,0.126115,0.109958,0.15695,0.099782,0.053829,0.001051
ACAGGCACGGATCCTT-1,0.019969,0.000136,0.000136,0.000272,0.967292,0.000136,0.011787,0.000136,0.000136
ACAGGTGGAGGTGAGG-1,0.000029,0.000029,0.094604,0.211678,0.040854,0.469784,0.055946,0.072333,0.054743
ACAGGTGTGTTGTTGC-1,0.000016,0.048992,0.506009,0.345185,0.006247,0.007993,0.003406,0.027971,0.054181
ACAGTAATACAACTTG-1,0.00002,0.00002,0.266615,0.112634,0.025414,0.432966,0.126943,0.020002,0.015387
ACAGTATACCGTGGGA-1,0.000015,0.015982,0.215088,0.715309,0.000015,0.03314,0.000015,0.018609,0.001826
ACAGTGCAGCGCATTT-1,0.00365,0.027497,0.614335,0.248455,0.00511,0.02397,0.009586,0.045566,0.021831
ACATAAGTCGTGGTGA-1,0.000075,0.000075,0.000075,0.02839,0.827805,0.031612,0.003751,0.088429,0.019788
ACATAATAAGGCGGTG-1,0.000022,0.03958,0.202216,0.507754,0.015755,0.022678,0.021,0.047394,0.1436
ACATACAATCAAGCGG-1,0.000014,0.003135,0.002336,0.361957,0.122092,0.010678,0.011273,0.470227,0.018288
ACATCAGCTGGGACGC-1,0.046786,0.225639,0.197768,0.463346,0.01083,0.00546,0.009966,0.00977,0.030433
ACATCCCGGCCATACG-1,0.000031,0.000031,0.007142,0.644448,0.041753,0.037443,0.006834,0.123534,0.138784
ACATCCTGGTAACTGT-1,0.000172,0.000172,0.000172,0.000344,0.823142,0.052302,0.121251,0.002272,0.000172
ACATCGATCGTTTACC-1,0.000056,0.000056,0.215008,0.013176,0.017003,0.39814,0.021291,0.002192,0.333077
ACATCGCAATATTCGG-1,0.000022,0.000022,0.092046,0.27768,0.075335,0.365636,0.058956,0.073209,0.057094
ACATCGGTCAGCCGCG-1,0.000031,0.017118,0.540668,0.230124,0.008952,0.05348,0.050341,0.026192,0.073094
ACATCGTATGCAATGG-1,0.000039,0.000039,0.036662,0.330237,0.021796,0.288978,0.028085,0.227995,0.066167
ACATCGTTAACCTAGT-1,0.000231,0.150703,0.48696,0.00085,0.201616,0.000231,0.12112,0.000231,0.038058
ACATCTCAACGCGTAA-1,0.000179,0.502234,0.000179,0.192408,0.027289,0.195924,0.002139,0.07947,0.000179
ACATGCTTACGGCAGC-1,0.000025,0.000025,0.03313,0.241729,0.177208,0.217467,0.069667,0.161641,0.099108
ACATGGCGCCAAAGTA-1,0.000069,0.000069,0.006194,0.037667,0.649121,0.155759,0.043673,0.075657,0.031792
ACATGGCTCAATTTAG-1,0.000107,0.999038,0.000107,0.000214,0.000107,0.000107,0.000107,0.000107,0.000107
ACATTAGTTTATATCC-1,0.00004,0.00004,0.059623,0.339274,0.039252,0.356845,0.011179,0.163724,0.030023
ACATTCGCGCGGAATA-1,0.000013,0.024138,0.014099,0.509798,0.07202,0.067697,0.041122,0.242562,0.02855
ACATTTGAAACCTAAC-1,0.008829,0.002955,0.000125,0.000249,0.971932,0.000125,0.015536,0.000125,0.000125
ACCAAACACCCAGCGA-1,0.000013,0.030772,0.309753,0.102568,0.014126,0.346237,0.096395,0.048319,0.051817
ACCAAACTAGAAATCC-1,0.000205,0.53495,0.158344,0.00041,0.136578,0.130868,0.038235,0.000205,0.000205
ACCAACACCACACACT-1,0.020997,0.000021,0.385552,0.049498,0.049056,0.225932,0.126461,0.069498,0.072984
ACCAACCGCACTCCAC-1,0.157066,0.061094,0.000126,0.000252,0.723965,0.000126,0.057118,0.000126,0.000126
ACCAACGCTTATTTAT-1,0.000029,0.007497,0.07863,0.302767,0.023864,0.344082,0.044382,0.118814,0.079935
ACCAAGAACGCGTGTC-1,0.000028,0.339793,0.057716,0.371932,0.037702,0.026706,0.034563,0.074617,0.056943
ACCAATATGCAAGTTA-1,0.01546,0.073726,0.000153,0.033987,0.830536,0.000153,0.000153,0.000153,0.045679
ACCACAACTCAGAACA-1,0.000051,0.281855,0.136618,0.360812,0.185761,0.000051,0.010019,0.006138,0.018697
ACCACAAGTTTCTATC-1,0.000038,0.197309,0.25242,0.351196,0.022459,0.033956,0.036814,0.044128,0.061682
ACCACACGGTTGATGG-1,0.000014,0.000014,0.012222,0.656812,0.016007,0.010663,0.00195,0.266889,0.035427
ACCACCAATGTAACAA-1,0.000091,0.009352,0.200682,0.036732,0.733597,0.003835,0.000091,0.000091,0.015529
ACCACCCTCTCTTCTA-1,0.000031,0.000031,0.064839,0.10519,0.035543,0.517318,0.112223,0.12472,0.040105
ACCACGTGCAGCTATA-1,0.011026,0.00004,0.073473,0.449555,0.07642,0.105611,0.208036,0.043952,0.031888
ACCACTGTTCAAGAAG-1,0.000109,0.82389,0.000109,0.000218,0.146773,0.000109,0.028575,0.000109,0.000109
ACCAGACCATAACAAC-1,0.000013,0.004095,0.452841,0.257191,0.078646,0.044863,0.031029,0.013811,0.117511
ACCAGCCCGGTCTTTG-1,0.063481,0.337129,0.000325,0.00065,0.438303,0.066638,0.000325,0.000325,0.092825
ACCAGGAGTGTGATCT-1,0.000429,0.515988,0.000429,0.452076,0.000429,0.000429,0.000429,0.000429,0.02936
ACCAGTGCCCGGTCAA-1,0.000037,0.035092,0.345404,0.062346,0.119533,0.218033,0.117596,0.015837,0.086122
ACCAGTGCGGGAGACG-1,0.032507,0.064791,0.000161,0.253831,0.604274,0.000161,0.028541,0.015574,0.000161
ACCATATCCGCAATAA-1,0.030337,0.027344,0.53467,0.196543,0.00262,0.020328,0.031019,0.079864,0.077276
ACCATCCGCCAACTAG-1,0.000034,0.050926,0.352956,0.046232,0.0521,0.326723,0.07863,0.037,0.055398
ACCATCGTATATGGTA-1,0.000048,0.000048,0.305047,0.019881,0.05497,0.320989,0.208238,0.016133,0.074647
ACCATTAAGGGTGTCA-1,0.000122,0.483686,0.108036,0.152032,0.23676,0.000122,0.018429,0.000122,0.00069
ACCCAACGCCCGTGGC-1,0.000022,0.033464,0.44126,0.35746,0.000998,0.11503,0.007033,0.015047,0.029685
ACCCACCTACATGCTC-1,0.000046,0.170789,0.132313,0.140387,0.408465,0.001733,0.104649,0.009855,0.031764
ACCCATCTTGAGGGTA-1,0.000035,0.058166,0.544613,0.071084,0.025878,0.170098,0.057892,0.033666,0.038568
ACCCGAGCGAAATTAC-1,0.000091,0.000091,0.000091,0.132587,0.711798,0.01739,0.000091,0.13777,0.000091
ACCCGATTGGTTCCGA-1,0.000025,0.000025,0.000025,0.420924,0.068191,0.008163,0.077654,0.337427,0.087565
ACCCGGAAACTCCCAG-1,0.000073,0.024273,0.090072,0.118065,0.575979,0.043814,0.062942,0.076585,0.008197
ACCCGGATGACGCATC-1,0.013894,0.072984,0.052073,0.080552,0.066503,0.172577,0.057039,0.376768,0.10761
ACCCGGTTACACTTCC-1,0.000049,0.022343,0.184063,0.000098,0.02285,0.349839,0.329361,0.062726,0.028672
ACCCGTAGCAGAGAAT-1,0.000009,0.000009,0.046551,0.553801,0.026796,0.08542,0.011567,0.240729,0.035119
ACCCGTGTCATCAGTA-1,0.000062,0.000062,0.052986,0.201149,0.283928,0.022297,0.116792,0.077025,0.245699
ACCCTATAGGACTGAG-1,0.00009,0.987516,0.00009,0.00018,0.011766,0.00009,0.00009,0.00009,0.00009
ACCCTATGCCATATCG-1,0.000045,0.000045,0.017272,0.222432,0.079153,0.31878,0.008164,0.205816,0.148293
ACCCTCCCGTCAGGGC-1,0.048075,0.061576,0.00019,0.00038,0.601221,0.00019,0.287987,0.00019,0.00019
ACCCTCCCTTGCTATT-1,0.009552,0.012307,0.042154,0.185085,0.221763,0.00207,0.037338,0.412669,0.077063
ACCCTGGTAACGCCCT-1,0.000024,0.004478,0.369605,0.209399,0.001957,0.341421,0.018973,0.045809,0.008333
ACCCTTCATCTGCGAA-1,0.000116,0.182906,0.185256,0.459267,0.083563,0.000116,0.000116,0.076158,0.012503
ACCCTTGCCTGGGTCG-1,0.00002,0.015863,0.160047,0.096787,0.018009,0.577953,0.043261,0.053342,0.034718
ACCCTTTAGTTCTCCA-1,0.000228,0.266307,0.000228,0.000457,0.000228,0.000228,0.717539,0.000228,0.014556
ACCGAAAGGGCCCTGC-1,0.000042,0.618824,0.054583,0.205063,0.000042,0.002814,0.005754,0.035406,0.077474
ACCGAAGAGTCTGGTT-1,0.00004,0.000844,0.000409,0.204542,0.273404,0.005512,0.012771,0.296753,0.205724
ACCGACTGAGTCCCAC-1,0.000041,0.089792,0.442696,0.196307,0.004395,0.092554,0.060378,0.049637,0.064199
ACCGAGTCTCCTTATT-1,0.000054,0.000054,0.000777,0.033436,0.443598,0.220168,0.181897,0.10655,0.013467
ACCGATGGTAGCATCG-1,0.000025,0.012216,0.250675,0.437662,0.055649,0.125037,0.017555,0.074572,0.026609
ACCGCAATAACTGCCT-1,0.027247,0.113008,0.09148,0.161831,0.283446,0.035277,0.232421,0.05371,0.001581
ACCGCTAGTCATTGGT-1,0.000014,0.007951,0.166157,0.530852,0.071824,0.043364,0.033484,0.099815,0.046538
ACCGGTCAGGTACACC-1,0.000062,0.047145,0.059618,0.066913,0.728551,0.02647,0.002416,0.032525,0.036299
ACCGGTCTGAGTACGG-1,0.000015,0.011904,0.216024,0.710692,0.009637,0.007982,0.007388,0.012105,0.024253
ACCGTCCACTGGGCCC-1,0.000102,0.057786,0.000102,0.000204,0.791739,0.012543,0.105796,0.031238,0.00049
ACCGTGACCACGTGGG-1,0.000067,0.019858,0.025897,0.138353,0.553126,0.032143,0.07668,0.098245,0.055631
ACCGTTCCCGCTCTGA-1,0.001,0.63095,0.282161,0.080888,0.001,0.001,0.001,0.001,0.001
ACCTAAGTACCTTTCA-1,0.106256,0.000031,0.208131,0.158077,0.000538,0.454033,0.021616,0.035552,0.015765
ACCTAATCGACTTCCT-1,0.000039,0.015033,0.351536,0.194707,0.077734,0.074761,0.098283,0.060562,0.127346
ACCTACTATAAATCTA-1,0.000078,0.000078,0.000078,0.000155,0.858851,0.003001,0.137605,0.000078,0.000078
ACCTCAGCGAGGCGCA-1,0.000772,0.00002,0.023331,0.2653,0.2691,0.048151,0.023056,0.301034,0.069237
ACCTCCGTTATTCACC-1,0.000103,0.000103,0.176421,0.006431,0.282403,0.071774,0.43206,0.01038,0.020326
ACCTCGAACTTATGCT-1,0.000082,0.01624,0.016688,0.121683,0.814821,0.0066,0.005422,0.010394,0.00807
ACCTGCGTGTCATGTT-1,0.000016,0.000016,0.439529,0.397567,0.000016,0.114945,0.010283,0.024661,0.012968
ACGAAATGGGCGGCAC-1,0.000015,0.066109,0.122884,0.56601,0.008749,0.022416,0.015058,0.035113,0.163646
ACGACTCTAGGGCCGA-1,0.000106,0.056503,0.000106,0.000212,0.745952,0.000106,0.196804,0.000106,0.000106
ACGACTGGTCATACTC-1,0.00012,0.00012,0.00012,0.106447,0.792615,0.033891,0.00012,0.00746,0.059105
ACGAGAACCCATCACG-1,0.028991,0.747148,0.000082,0.000165,0.223285,0.000082,0.000082,0.000082,0.000082
ACGAGATATTTGCTTA-1,0.000105,0.051786,0.117685,0.264358,0.251712,0.050447,0.00113,0.000105,0.262673
ACGAGGATACCACTCT-1,0.0287,0.009216,0.188622,0.616653,0.004861,0.048163,0.005466,0.080245,0.018073
ACGAGGTTTACAACGT-1,0.000022,0.000022,0.000833,0.417698,0.022239,0.000022,0.000022,0.548484,0.010659
ACGAGTACGGATGCCC-1,0.000022,0.000022,0.248403,0.643336,0.000022,0.06162,0.017931,0.018931,0.009712
ACGAGTCGCCGGCGTT-1,0.000359,0.872039,0.000359,0.125451,0.000359,0.000359,0.000359,0.000359,0.000359
ACGATACATAGAACTA-1,0.00005,0.011609,0.184869,0.064052,0.017397,0.235548,0.314148,0.015498,0.156828
ACGATACCTATCCTGA-1,0.000037,0.071068,0.23314,0.393541,0.177321,0.003382,0.003726,0.011002,0.106782
ACGATCATACATAGAG-1,0.003403,0.055956,0.170189,0.765742,0.00002,0.00002,0.003826,0.00002,0.000824
ACGATCATCTTGTAAA-1,0.000053,0.000053,0.021447,0.052276,0.220555,0.351262,0.225409,0.098372,0.030574
ACGATGCATATGTTAT-1,0.002781,0.020436,0.545975,0.275835,0.004442,0.053904,0.010817,0.028973,0.056835
ACGATGGATCCGATGC-1,0.000292,0.291584,0.106899,0.000585,0.000292,0.012992,0.045317,0.000292,0.541745
ACGCAATCACTACAGC-1,0.000037,0.000037,0.225975,0.160215,0.037281,0.478114,0.05033,0.022424,0.025589
ACGCATAAATGACATG-1,0.000011,0.000175,0.518587,0.31069,0.006428,0.014163,0.027437,0.056209,0.066301
ACGCATTCGTGAGTAC-1,0.000068,0.035798,0.149025,0.178148,0.000068,0.039735,0.235532,0.001376,0.36025
ACGCCACTCGAAACAG-1,0.000011,0.000011,0.006549,0.736848,0.057322,0.023287,0.004464,0.148175,0.023333
ACGCCAGATGATTTCT-1,0.000037,0.09284,0.15054,0.603346,0.000037,0.014647,0.019804,0.026311,0.092438
ACGCCAGTGCGTTTGC-1,0.000151,0.083673,0.000151,0.000302,0.913798,0.000151,0.001473,0.000151,0.000151
ACGCCCAGCTGTCGAT-1,0.000308,0.587802,0.191093,0.040924,0.178643,0.000308,0.000308,0.000308,0.000308
ACGCCGCTAGACGACC-1,0.000037,0.022942,0.227187,0.15941,0.003857,0.184842,0.353737,0.019882,0.028106
ACGCGAAGTCAGACGA-1,0.000026,0.000026,0.123908,0.277935,0.006026,0.352948,0.09108,0.065325,0.082726
ACGCGCTACACAGGGT-1,0.000023,0.072169,0.583499,0.16768,0.030343,0.025338,0.021669,0.059418,0.03986
ACGCGGGCCAAGGACA-1,0.000032,0.040826,0.34489,0.104198,0.018896,0.203671,0.120845,0.017831,0.14881
ACGCGTTTCTTAAGAG-1,0.00155,0.060125,0.174011,0.304743,0.115095,0.067278,0.057289,0.043206,0.176703
ACGCTAGTATCAGTGC-1,0.000005,0.000005,0.256663,0.454995,0.002104,0.227708,0.003146,0.049199,0.006174
ACGCTAGTGATACACT-1,0.000043,0.054563,0.292193,0.11525,0.01806,0.207064,0.118322,0.183248,0.011257
ACGCTGTGAGGCGTAG-1,0.000032,0.000032,0.638344,0.106084,0.026636,0.017686,0.035266,0.049068,0.126853
ACGCTTAGTGTCTCTC-1,0.000081,0.466566,0.143528,0.325131,0.002515,0.000081,0.001867,0.020147,0.040085
ACGGAACACGAGTGCC-1,0.013464,0.156466,0.00006,0.000119,0.829652,0.00006,0.00006,0.00006,0.00006
ACGGAATTTAGCAAAT-1,0.062389,0.62829,0.084432,0.064156,0.128116,0.000059,0.011977,0.00434,0.016241
ACGGACGCAGCGACAA-1,0.000017,0.000908,0.035745,0.213409,0.223221,0.297281,0.113421,0.085529,0.03047
ACGGACTCTCAAAGCG-1,0.112122,0.000128,0.042363,0.000256,0.699,0.000128,0.02724,0.000128,0.118635
ACGGAGCGCAAATTAC-1,0.000018,0.017338,0.3195,0.208717,0.006435,0.159682,0.076698,0.095966,0.115646
ACGGCACTTGCTTGGG-1,0.000035,0.003802,0.019128,0.592568,0.063724,0.075175,0.055497,0.17247,0.017603
ACGGCCAACATGGACT-1,0.000018,0.000018,0.072981,0.490102,0.025885,0.173879,0.028508,0.153413,0.055196
ACGGCGACGATGGGAA-1,0.005736,0.000018,0.000048,0.756564,0.010446,0.003138,0.000018,0.216402,0.007631
ACGGCGGGTTGCCCTG-1,0.000893,0.991962,0.000893,0.001786,0.000893,0.000893,0.000893,0.000893,0.000893
ACGGCTGGATGTAGAA-1,0.000093,0.105038,0.086835,0.109539,0.676672,0.000093,0.000093,0.018888,0.002749
ACGGGAGTGTCGGCCC-1,0.000021,0.000021,0.467414,0.090251,0.013207,0.381732,0.008114,0.033287,0.005953
ACGGGCGTATGCGACA-1,0.00002,0.00002,0.092099,0.588038,0.008042,0.2213,0.010345,0.058779,0.021359
ACGGGTCATGTGACTT-1,0.000062,0.825351,0.002415,0.035223,0.122497,0.000064,0.006368,0.007957,0.000062
ACGGGTTGTGACCTGT-1,0.000043,0.00525,0.013383,0.309996,0.175036,0.305629,0.087128,0.03032,0.073215
ACGGTACAGTTCAATG-1,0.041614,0.000168,0.000168,0.000336,0.8621,0.000168,0.095109,0.000168,0.000168
ACGGTCACCGAGAACA-1,0.000013,0.000013,0.032887,0.537947,0.025777,0.098323,0.065041,0.194081,0.045919
ACGTACAGATTTCTCT-1,0.00073,0.688371,0.146677,0.00146,0.00073,0.00073,0.00073,0.15984,0.00073
ACGTACTTTGGCACGG-1,0.006859,0.000036,0.023501,0.380679,0.184445,0.095847,0.065256,0.189044,0.054334
ACGTAGATTGCTGATG-1,0.00005,0.07206,0.464103,0.303005,0.016489,0.038464,0.018225,0.035475,0.052129
ACGTAGGAGAGTCGCT-1,0.012522,0.288528,0.000073,0.016465,0.235169,0.08447,0.350081,0.000674,0.012017
ACGTATTACTCCGATC-1,0.000109,0.000109,0.000109,0.045421,0.394499,0.259478,0.083294,0.090273,0.126708
ACGTCGGGCAACTCGG-1,0.000018,0.000018,0.009388,0.275198,0.095839,0.136545,0.023036,0.411202,0.048758
ACGTCTCGTTCCGGGA-1,0.000021,0.011883,0.342202,0.121668,0.017121,0.412582,0.033748,0.041665,0.019111
ACGTGACAAAGTAAGT-1,0.000022,0.000022,0.071715,0.137291,0.157495,0.353938,0.067407,0.14482,0.06729
ACGTGCGCCTCGTGCA-1,0.000074,0.211163,0.064334,0.207678,0.062732,0.071183,0.138553,0.053549,0.190733
ACGTGGTCGAATGTGC-1,0.000149,0.349223,0.01921,0.000298,0.227938,0.072592,0.018978,0.125915,0.185698
ACGTTAATGTCGAAGA-1,0.00003,0.00378,0.223316,0.180115,0.023481,0.397245,0.047707,0.088729,0.035598
ACGTTAGATTTGCCCG-1,0.000059,0.002097,0.311658,0.051189,0.050145,0.110315,0.42804,0.012521,0.033977
ACGTTATTGGTCACTC-1,0.000097,0.629052,0.000097,0.000194,0.144057,0.118283,0.108017,0.000104,0.000097
ACGTTCACTATGCCGC-1,0.000028,0.000028,0.04493,0.223922,0.126424,0.19546,0.28628,0.085928,0.036999
ACGTTCCGCGCTCCGT-1,0.000099,0.776348,0.000099,0.000199,0.052972,0.103036,0.054181,0.000099,0.012965
ACGTTCGCAATCAATT-1,0.000047,0.008809,0.00361,0.018451,0.49276,0.285367,0.133112,0.038609,0.019235
ACGTTCGTTCAGGAAA-1,0.000051,0.012041,0.012484,0.209188,0.589108,0.031194,0.022224,0.10227,0.021441
ACGTTCTGTACAAGTC-1,0.150912,0.000249,0.000249,0.000499,0.847092,0.000249,0.000249,0.000249,0.000249
ACGTTGTCGTTGAAAG-1,0.00002,0.00002,0.019907,0.142891,0.143026,0.402031,0.141027,0.127768,0.023312
ACGTTTAGTTGTGATC-1,0.000064,0.112413,0.115427,0.62001,0.000064,0.000064,0.000064,0.148357,0.003539
ACTAAGGACGCACACC-1,0.00001,0.00001,0.48169,0.372262,0.000876,0.115026,0.00431,0.019481,0.006335
ACTAATACGTCAGGCG-1,0.001718,0.01271,0.136928,0.722723,0.000019,0.009241,0.011369,0.024559,0.080734
ACTACAAAGAGAGGTG-1,0.000017,0.000017,0.014132,0.194921,0.169122,0.144911,0.196999,0.222445,0.057436
ACTACATCCCGACAAG-1,0.000082,0.000082,0.104282,0.111568,0.684735,0.042163,0.014252,0.042755,0.000082
ACTACCAGCTCTCTGG-1,0.000061,0.16425,0.183492,0.092013,0.180278,0.078781,0.194904,0.000062,0.106158
ACTACCATCCGAGGGC-1,0.000025,0.003037,0.010956,0.23045,0.185371,0.271926,0.106112,0.097427,0.094697
ACTACGCGTTAGAATT-1,0.000082,0.000082,0.151645,0.003813,0.615551,0.116134,0.093226,0.019385,0.000082
ACTATATGCTGTGTTC-1,0.000032,0.018588,0.516628,0.247807,0.009623,0.069071,0.041551,0.051233,0.045468
ACTATCCAGGGCATGG-1,0.000057,0.036721,0.12786,0.117841,0.359036,0.109012,0.101084,0.042152,0.106237
ACTATCGCCGGCTAAA-1,0.000028,0.495508,0.002483,0.500404,0.000028,0.000028,0.000028,0.001457,0.000036
ACTATGTCCAGCTGCC-1,0.000089,0.000089,0.000831,0.059845,0.764663,0.153531,0.016028,0.000089,0.004836
ACTATTCGTCCGTGGT-1,0.00008,0.126883,0.162497,0.291689,0.074842,0.002273,0.104309,0.03214,0.205287
ACTATTTCCGGGCCCA-1,0.005289,0.000053,0.1013,0.264103,0.362007,0.055769,0.040521,0.093503,0.077456
ACTCAACGAATGTATT-1,0.077582,0.662467,0.000099,0.000198,0.026464,0.183023,0.049967,0.000099,0.000099
ACTCAAGTGCAAGGCT-1,0.387928,0.000137,0.000137,0.126134,0.485118,0.000137,0.000137,0.000137,0.000137
ACTCAATAAAGGCACG-1,0.014307,0.046994,0.315892,0.090212,0.020547,0.063548,0.306936,0.009621,0.131941
ACTCAGACCTGCTTCT-1,0.000091,0.976534,0.000091,0.000182,0.000091,0.000091,0.000091,0.022736,0.000091
ACTCATGGCAGCCTTC-1,0.000047,0.000047,0.024587,0.222349,0.261915,0.07696,0.025798,0.159984,0.228313
ACTCCAATATCATCAT-1,0.000161,0.031277,0.158796,0.008875,0.800247,0.000161,0.000161,0.000161,0.000161
ACTCCCATTCCTAAAG-1,0.000021,0.000021,0.173894,0.214997,0.054366,0.424053,0.03506,0.056059,0.041529
ACTCCCGAATTCGTTT-1,0.000038,0.000038,0.137851,0.161131,0.054999,0.222749,0.043393,0.100777,0.279023
ACTCCCGTAGACTAGG-1,0.00003,0.00003,0.020057,0.043305,0.076329,0.630856,0.090678,0.061568,0.077145
ACTCCCTAATGCTAAA-1,0.000099,0.000099,0.000099,0.000197,0.622646,0.006848,0.369816,0.000099,0.000099
ACTCCCTAGAATAGTA-1,0.000023,0.010273,0.071047,0.684655,0.008253,0.101745,0.001657,0.109785,0.012563
ACTCCGGCCGACCACT-1,0.000116,0.000116,0.000116,0.000233,0.81433,0.036409,0.138362,0.000116,0.010201
ACTCGATGTATTTCAT-1,0.000099,0.665248,0.000099,0.000199,0.005203,0.076995,0.251957,0.000099,0.000099
ACTCGTAACCCGTCCT-1,0.009176,0.010754,0.250483,0.233627,0.060966,0.311817,0.032577,0.047848,0.042752
ACTCGTCAGTAATCCC-1,0.000029,0.001869,0.388533,0.445541,0.000029,0.141425,0.002409,0.015144,0.005023
ACTCTAAACCTGGGAT-1,0.00234,0.047912,0.13169,0.573156,0.093302,0.010467,0.020155,0.048549,0.072431
ACTCTCTGACTTAGGT-1,0.000043,0.000043,0.083793,0.46987,0.018107,0.322811,0.035855,0.057603,0.011876
ACTCTCTTATACACGA-1,0.000109,0.112906,0.211607,0.075674,0.182665,0.054653,0.142934,0.000109,0.219344
ACTCTGACCTAATAGA-1,0.000176,0.000176,0.000176,0.000353,0.998412,0.000176,0.000176,0.000176,0.000176
ACTCTTGTATAGTAAC-1,0.000029,0.025957,0.686705,0.238666,0.008119,0.024317,0.00023,0.005109,0.010867
ACTGAATGGCGAAAGT-1,0.0149,0.006092,0.006717,0.488758,0.06719,0.097092,0.076789,0.195017,0.047445
ACTGATTTAGTGATTC-1,0.000158,0.239716,0.148523,0.257471,0.216005,0.000158,0.068153,0.01987,0.049946
ACTGCCCGCCATTCTC-1,0.000064,0.000064,0.000182,0.317347,0.407744,0.136645,0.023462,0.105232,0.00926
ACTGCCGTCGTAACTC-1,0.000036,0.047046,0.105902,0.821711,0.005698,0.000036,0.000036,0.00306,0.016476
ACTGCGGACACACCGT-1,0.000182,0.04066,0.019896,0.000363,0.805356,0.115211,0.004468,0.004134,0.009731
ACTGCTCGGAAGGATG-1,0.000027,0.000027,0.133408,0.217638,0.08431,0.24694,0.033045,0.230618,0.053987
ACTGGCGAACCTGCGT-1,0.000018,0.005175,0.21957,0.114534,0.015431,0.463435,0.051429,0.073828,0.056578
ACTGGGATGCCAGTGC-1,0.000031,0.000031,0.02959,0.308682,0.206622,0.16489,0.053402,0.212316,0.024435
ACTGTACGATACACAT-1,0.000055,0.064452,0.289737,0.025105,0.030483,0.184366,0.301253,0.011319,0.09323
ACTGTAGCACTTTGGA-1,0.000037,0.049757,0.145135,0.572449,0.088859,0.015591,0.06834,0.022965,0.036867
ACTGTATACGCGAGCA-1,0.02648,0.486616,0.097467,0.382291,0.003923,0.000043,0.000043,0.003075,0.000062
ACTGTCCAGGATTATA-1,0.015861,0.04482,0.49357,0.138157,0.025728,0.010057,0.233471,0.011643,0.026693
ACTGTCTTCTTTAGAA-1,0.000025,0.011871,0.651818,0.319571,0.000025,0.000025,0.000025,0.014654,0.001984
ACTGTGCTAGTAGATC-1,0.000069,0.999377,0.000069,0.000138,0.000069,0.000069,0.000069,0.000069,0.000069
ACTGTTTAGTGTAGGC-1,0.000671,0.351119,0.000671,0.001343,0.29502,0.000671,0.000671,0.349162,0.000671
ACTTACCGGGCGCGCA-1,0.000034,0.037412,0.332109,0.210186,0.071749,0.029574,0.035939,0.066502,0.216496
ACTTAGTACGACAAGA-1,0.000053,0.999519,0.000053,0.000107,0.000053,0.000053,0.000053,0.000053,0.000053
ACTTATACTTACCCGG-1,0.000043,0.000043,0.251757,0.161203,0.05993,0.241932,0.087706,0.128251,0.069135
ACTTATTAGGATCGGT-1,0.000019,0.026936,0.527751,0.427128,0.000019,0.002403,0.000019,0.007297,0.008427
ACTTATTTATGTGCCA-1,0.003187,0.003573,0.000142,0.000285,0.933609,0.012112,0.000142,0.003226,0.043724
ACTTCAGGCTGATCCC-1,0.00011,0.00011,0.108886,0.020505,0.503556,0.00011,0.013317,0.009215,0.344191
ACTTCCAGTGGAAGCT-1,0.000069,0.000069,0.109681,0.124365,0.334356,0.09392,0.00132,0.139308,0.196913
ACTTCCATGCGGGACA-1,0.999678,0.000036,0.000036,0.000072,0.000036,0.000036,0.000036,0.000036,0.000036
ACTTCCTGTCGTGCGA-1,0.000009,0.015471,0.380795,0.195606,0.007797,0.302641,0.028266,0.055566,0.013849
ACTTCGCCATACGCAC-1,0.000068,0.000068,0.419964,0.116715,0.075859,0.086209,0.252637,0.000085,0.048395
ACTTCGCTAGCGAGTG-1,0.000061,0.144771,0.134834,0.028871,0.647592,0.010315,0.020015,0.000496,0.013046
ACTTGACTCCCTCTTT-1,0.000033,0.010245,0.2962,0.560583,0.000033,0.099296,0.00073,0.019181,0.013699
ACTTGCCATATTGTAC-1,0.001471,0.001471,0.001471,0.002942,0.001471,0.001471,0.635281,0.352951,0.001471
ACTTGCTCTATCTACC-1,0.00003,0.00003,0.030562,0.382139,0.127959,0.091715,0.014378,0.303127,0.050059
ACTTGGGACCCGGTGG-1,0.000033,0.030588,0.231499,0.209483,0.08524,0.16675,0.084027,0.084092,0.108288
ACTTGGGCTTTCGCCA-1,0.004361,0.000011,0.155814,0.442734,0.014071,0.125017,0.014705,0.21583,0.027457
ACTTGTAGTCCCTTCA-1,0.000019,0.000019,0.662355,0.269466,0.000019,0.047378,0.0014,0.0144,0.004945
ACTTGTTACCGGATCA-1,0.000028,0.000028,0.024254,0.302759,0.130449,0.285634,0.045101,0.171163,0.040583
ACTTTACCCTCATGAA-1,0.000032,0.000032,0.045816,0.173824,0.085935,0.374791,0.133041,0.142417,0.044113
ACTTTATACACCACTT-1,0.000019,0.000019,0.046614,0.44752,0.049876,0.192877,0.061113,0.136077,0.065887
ACTTTCCTATAGCTTC-1,0.004664,0.000079,0.156645,0.187684,0.000079,0.101497,0.210318,0.003962,0.335073
ACTTTGACTGCATCCT-1,0.000039,0.107166,0.569187,0.084895,0.080543,0.01965,0.085171,0.002894,0.050455
ACTTTGGTCGTGCTCC-1,0.000161,0.000161,0.000161,0.072992,0.925879,0.000161,0.000161,0.000161,0.000161
AGAACACGGCGATGGT-1,0.000022,0.000651,0.070078,0.116228,0.162224,0.375213,0.140873,0.052467,0.082245
AGAACCCTCAATTGGG-1,0.000094,0.000094,0.009322,0.213493,0.765668,0.000094,0.000094,0.008875,0.002264
AGAACGTGGTACATTC-1,0.000033,0.096076,0.506999,0.163197,0.000033,0.035486,0.038654,0.082581,0.07694
AGAACTGTACTTTGTA-1,0.000062,0.000062,0.000062,0.000124,0.292809,0.228814,0.426137,0.032097,0.019832
AGAAGAGCGCCGTTCC-1,0.00024,0.00024,0.00024,0.752405,0.00024,0.241868,0.00024,0.00024,0.004288
AGAAGGTACACTTCAC-1,0.000023,0.000023,0.11564,0.464218,0.018203,0.178057,0.027398,0.121984,0.074453
AGAAGGTTGCCGAATT-1,0.000031,0.015933,0.379432,0.012307,0.060345,0.255201,0.111303,0.014775,0.150673
AGAAGGTTGTAGGTCG-1,0.000137,0.000137,0.000137,0.000273,0.390003,0.000137,0.608904,0.000137,0.000137
AGAAGTGATTCGTGAT-1,0.000037,0.043288,0.291919,0.025309,0.020469,0.448703,0.110888,0.027191,0.032196
AGAATAAATCTTCAGG-1,0.000025,0.020612,0.277806,0.01716,0.090125,0.190596,0.21471,0.015907,0.173059
AGAATACAGGCTATCC-1,0.000064,0.018064,0.000064,0.000127,0.670214,0.239826,0.063248,0.008329,0.000064
AGAATGCGGGTTCGGA-1,0.001897,0.021591,0.584242,0.223118,0.00548,0.038052,0.023423,0.042434,0.059763
AGAATTATGGATTCGA-1,0.000022,0.000022,0.215454,0.248674,0.050849,0.222786,0.178025,0.051961,0.032206
AGAATTGTTTGACATA-1,0.000041,0.394378,0.176964,0.416485,0.000041,0.000041,0.000041,0.004787,0.007221
AGACAGCTCAGAATCC-1,0.000051,0.378075,0.066242,0.021944,0.244275,0.071354,0.097679,0.028351,0.092029
AGACATAGATCCTTCC-1,0.00012,0.716403,0.11922,0.00024,0.00012,0.009235,0.051411,0.00012,0.103131
AGACCAAACCACACCT-1,0.000017,0.000017,0.140037,0.314214,0.144435,0.173077,0.028737,0.142788,0.056677
AGACCATGGGATACAA-1,0.000059,0.163828,0.101915,0.058231,0.186371,0.105171,0.214532,0.067683,0.10221
AGACCCACCGCTGATC-1,0.000023,0.000023,0.075217,0.666312,0.001597,0.142196,0.021165,0.066353,0.027113
AGACCCGCCCTCCTCG-1,0.000029,0.027161,0.230231,0.54311,0.020854,0.014734,0.018275,0.008058,0.137548
AGACCGGGAAACCCTG-1,0.000017,0.019346,0.354715,0.113319,0.080765,0.108176,0.043553,0.061575,0.218535
AGACGACGATGCCGCT-1,0.000021,0.000021,0.042854,0.524089,0.026996,0.257537,0.016422,0.099985,0.032074
AGACGGGATTGGTATA-1,0.011837,0.215764,0.114329,0.074901,0.243151,0.00069,0.154106,0.000095,0.185126
AGACGGGCCGATTTAA-1,0.000032,0.032686,0.244087,0.070354,0.030095,0.213909,0.113326,0.017542,0.27797
AGACTAGCCTTCCAGA-1,0.000026,0.016495,0.117858,0.734542,0.050545,0.008333,0.019981,0.024611,0.027609
AGACTGTTACCGGGTC-1,0.000153,0.000153,0.110223,0.216851,0.614889,0.000153,0.000153,0.057271,0.000153
AGAGAAACACCAGAAA-1,0.000031,0.010646,0.039465,0.238134,0.495296,0.029817,0.029074,0.141896,0.01564
AGAGAACCGTCTAGGA-1,0.000019,0.003812,0.523498,0.178125,0.03083,0.07591,0.075158,0.074435,0.038212
AGAGAAGGAGTACAAT-1,0.000026,0.000026,0.016887,0.37194,0.102118,0.033424,0.035823,0.409023,0.030733
AGAGATCTCTAAAGCG-1,0.000018,0.052261,0.424344,0.095237,0.069675,0.075606,0.08883,0.019356,0.174673
AGAGCAGTTATGAGAC-1,0.003039,0.082326,0.104832,0.639704,0.035052,0.008557,0.008671,0.07203,0.045789
AGAGCGCTTGTAACGG-1,0.00001,0.00001,0.111002,0.666141,0.000991,0.09529,0.002684,0.109304,0.014569
AGAGCGGGCTAATCAT-1,0.013249,0.18972,0.207929,0.267921,0.052619,0.025403,0.155424,0.004784,0.082951
AGAGCGTACAAGCTCG-1,0.000023,0.303059,0.11334,0.268308,0.021348,0.064656,0.046722,0.030819,0.151725
AGAGCTACGAAAGCAT-1,0.000021,0.357,0.005439,0.634586,0.000021,0.000021,0.000021,0.002868,0.000021
AGAGGGACAATTGTCC-1,0.000023,0.026654,0.258946,0.02113,0.017741,0.303808,0.256573,0.026422,0.088703
AGAGGTATCTCGGTCC-1,0.000681,0.286626,0.00068,0.09461,0.00068,0.00068,0.00068,0.614682,0.00068
AGAGTATAGTGTTACG-1,0.000041,0.000041,0.000072,0.290394,0.07267,0.157658,0.076344,0.297364,0.105417
AGAGTGAACAGACACC-1,0.000006,0.010084,0.086089,0.021432,0.007176,0.810489,0.032689,0.023229,0.008806
AGAGTTAGAGACCGAT-1,0.000013,0.018545,0.05105,0.904091,0.000013,0.000454,0.000013,0.01538,0.010441
AGAGTTGCAGGCCTCC-1,0.00001,0.00001,0.185056,0.661305,0.000606,0.07057,0.00218,0.067559,0.012703
AGATAACTTCAGGGCC-1,0.000024,0.009331,0.222778,0.369585,0.101909,0.057398,0.024165,0.072819,0.14199
AGATAATCACACCTAT-1,0.000018,0.000018,0.101353,0.319908,0.071938,0.306691,0.028936,0.151204,0.019934
AGATACCAGCACTTCA-1,0.000027,0.000027,0.318463,0.113976,0.006292,0.394173,0.105457,0.030766,0.030818
AGATACCGGTGTTCAC-1,0.000032,0.109971,0.479126,0.197204,0.036536,0.004645,0.012473,0.019232,0.140781
AGATACGACTTCATAT-1,0.005037,0.99447,0.000062,0.000123,0.000062,0.000062,0.000062,0.000062,0.000062
AGATACTCAAGATCGA-1,0.000034,0.005697,0.035433,0.380934,0.022312,0.151453,0.026509,0.224721,0.152909
AGATATAATACGACTA-1,0.02065,0.070773,0.000139,0.000279,0.502556,0.000139,0.405185,0.000139,0.000139
AGATCGTGCATAAGAT-1,0.000025,0.010815,0.507692,0.437967,0.000025,0.00292,0.009091,0.019707,0.011758
AGATCTCAGGTGTGAT-1,0.000054,0.155037,0.4093,0.051681,0.000054,0.05393,0.02966,0.12252,0.177763
AGATCTGGAGAGGATA-1,0.000021,0.006254,0.15175,0.138396,0.107888,0.239894,0.205265,0.100997,0.049536
AGATGACTCGCCCACG-1,0.007625,0.164227,0.09845,0.530809,0.025096,0.046852,0.013314,0.038722,0.074905
AGATGAGGGTTGCGAT-1,0.000043,0.002993,0.307437,0.027148,0.036972,0.179083,0.129511,0.031072,0.28574
AGATGATGGAGTCTGG-1,0.000045,0.000045,0.013763,0.137909,0.17188,0.44123,0.084967,0.117423,0.032738
AGATGCAAGACGTGCA-1,0.000047,0.019684,0.014468,0.261652,0.525591,0.01906,0.002456,0.129333,0.027709
AGATGCATCCTGTGTC-1,0.000025,0.000025,0.193283,0.41461,0.022771,0.23304,0.014495,0.068554,0.053198
AGATGCTATAACGAGC-1,0.000095,0.870112,0.000095,0.00019,0.110599,0.000095,0.018622,0.000095,0.000095
AGATTATAGGACGTTT-1,0.000055,0.033774,0.275756,0.198828,0.027301,0.082775,0.168591,0.058761,0.154159
AGATTCAAGCGGGTCG-1,0.000016,0.001637,0.474606,0.233575,0.017891,0.052378,0.041812,0.076181,0.101904
AGATTCACAACCGATA-1,0.000022,0.000022,0.013318,0.073914,0.109569,0.277058,0.049722,0.155159,0.321217
AGCAACATATCTTATT-1,0.000033,0.000033,0.038733,0.322062,0.007672,0.027791,0.013179,0.565097,0.025399
AGCAACCGAAAGTAAT-1,0.000015,0.000015,0.003307,0.372694,0.034267,0.040546,0.01168,0.486748,0.05073
AGCACACGTTTAGACT-1,0.00005,0.00005,0.00005,0.484913,0.343934,0.010011,0.048955,0.104082,0.007953
AGCACCAGTACTCACG-1,0.000047,0.050274,0.192422,0.420157,0.023462,0.114216,0.130208,0.038197,0.031016
AGCACTACCGGCCTGT-1,0.263478,0.014972,0.326368,0.391138,0.000019,0.000019,0.000019,0.003631,0.000357
AGCACTACCTCACCAG-1,0.000118,0.028709,0.036543,0.15933,0.326685,0.068398,0.241032,0.000125,0.139058
AGCACTTAAGGACGCC-1,0.000029,0.040093,0.162735,0.555805,0.035827,0.022168,0.020799,0.024976,0.137567
AGCAGAAGGAGAAAGA-1,0.000087,0.033497,0.000087,0.000174,0.826707,0.055058,0.084215,0.000087,0.000087
AGCAGCCAGATGAATA-1,0.000037,0.000037,0.032563,0.247052,0.19342,0.087152,0.042646,0.30737,0.089722
AGCAGTCGAAGCATGC-1,0.004299,0.000025,0.006245,0.101163,0.283655,0.080303,0.091201,0.253738,0.179372
AGCATCATTTCGAAAG-1,0.000019,0.000019,0.033253,0.197505,0.067181,0.325447,0.039946,0.256648,0.079983
AGCATCGTCGATAATT-1,0.000064,0.065754,0.140112,0.115797,0.093205,0.160184,0.116194,0.035644,0.273047
AGCCACAGGTTACCCG-1,0.174478,0.101666,0.000133,0.000266,0.638378,0.000133,0.084678,0.000133,0.000133
AGCCACTCCCGTGCTT-1,0.000055,0.01438,0.154241,0.4534,0.111956,0.000055,0.21633,0.007599,0.041982
AGCCATATAGTATGTG-1,0.000034,0.000034,0.000034,0.370807,0.07725,0.020561,0.316653,0.175773,0.038855
AGCCCATACATGTAAG-1,0.000024,0.020114,0.502203,0.152951,0.048462,0.034276,0.043599,0.122648,0.075723
AGCCCGCAACAAGCAG-1,0.000049,0.000049,0.000049,0.000098,0.30226,0.017057,0.68034,0.000049,0.000049
AGCCCGCACTACAATG-1,0.000101,0.168987,0.000101,0.000201,0.756528,0.000101,0.07378,0.000101,0.000101
AGCCCGGCATTAGAGG-1,0.000136,0.000136,0.000136,0.000273,0.501333,0.098297,0.399415,0.000136,0.000136
AGCCCGGTAGCCTGTA-1,0.000073,0.031189,0.000073,0.175804,0.426449,0.045744,0.039619,0.093707,0.187341
AGCCCTAAGCGAAGTT-1,0.000069,0.260697,0.285471,0.073637,0.155933,0.047602,0.14017,0.000069,0.036352
AGCCCTCCCTGGTGGC-1,0.000105,0.030656,0.04378,0.064247,0.419686,0.047241,0.230658,0.104162,0.059465
AGCCCTTCTAATCCGA-1,0.000026,0.018416,0.520896,0.165517,0.027121,0.057373,0.113591,0.020725,0.076333
AGCCGCAAATTCAAAT-1,0.000009,0.001682,0.551705,0.396974,0.000009,0.012154,0.003426,0.009006,0.025036
AGCCGCTTGATTAGCG-1,0.041943,0.78559,0.00014,0.00028,0.142071,0.00014,0.029557,0.00014,0.00014
AGCCGTGGCTAAATGT-1,0.003663,0.000019,0.100612,0.078385,0.06228,0.499344,0.138415,0.037085,0.080198
AGCCTAATACCCACGT-1,0.000023,0.000023,0.115603,0.379287,0.038844,0.301397,0.017141,0.072749,0.074931
AGCCTTAAAGCGGAAG-1,0.000033,0.372633,0.088521,0.291957,0.071281,0.038174,0.021872,0.04638,0.06915
AGCCTTGTCACTGATA-1,0.000033,0.028238,0.031413,0.131112,0.098063,0.322747,0.074249,0.186102,0.128043
AGCGACAGGAACGGTC-1,0.000021,0.000021,0.235151,0.116553,0.004592,0.522284,0.035712,0.036434,0.049233
AGCGACATCCCATTCA-1,0.009061,0.131017,0.018113,0.820095,0.005954,0.000029,0.000029,0.008442,0.007261
AGCGACCAACGATATT-1,0.000028,0.104521,0.073226,0.495981,0.024223,0.012859,0.149077,0.072536,0.067548
AGCGACTTTGAAGACA-1,0.000011,0.006178,0.120438,0.364568,0.049231,0.162438,0.029735,0.208161,0.05924
AGCGAGACGTGAAGGC-1,0.000031,0.00755,0.020633,0.266578,0.222674,0.086649,0.023839,0.302046,0.07
AGCGCATAATGAATCG-1,0.000023,0.000023,0.011229,0.375951,0.137396,0.033853,0.007826,0.397582,0.036117
AGCGCGGGTGCCAATG-1,0.000034,0.025335,0.429453,0.120054,0.023381,0.087906,0.209867,0.05171,0.05226
AGCGCTTATGGGCAAG-1,0.000035,0.067253,0.186592,0.282805,0.043379,0.227205,0.057716,0.035353,0.099663
AGCGGACACTTCGTAG-1,0.000156,0.086311,0.000156,0.000312,0.853357,0.000156,0.000156,0.000156,0.059239
AGCGGCGGTTAGCGGT-1,0.000023,0.000023,0.202726,0.249679,0.068221,0.22731,0.018253,0.142028,0.091736
AGCGGGAAGGGTCCAT-1,0.000095,0.619228,0.057749,0.279645,0.000095,0.000095,0.000095,0.025401,0.017596
AGCGGGTCTGACACTC-1,0.000122,0.065139,0.000122,0.000244,0.741007,0.011543,0.181579,0.000122,0.000122
AGCGGTTGAGATGTAC-1,0.000024,0.096671,0.087064,0.693496,0.032176,0.019254,0.005869,0.014438,0.051008
AGCGGTTGCCGCTCTG-1,0.000025,0.000025,0.599813,0.055653,0.000446,0.248266,0.048241,0.029191,0.018338
AGCGTACGAGAGCTAG-1,0.058513,0.712871,0.000078,0.000156,0.017183,0.197269,0.003606,0.00616,0.004164
AGCGTAGCGCTAGACC-1,0.027231,0.964686,0.00101,0.002021,0.00101,0.00101,0.00101,0.00101,0.00101
AGCGTCTGAACCCGCA-1,0.000138,0.588572,0.000138,0.000276,0.100746,0.000138,0.309714,0.000138,0.000138
AGCGTGGTATTCTACT-1,0.000048,0.000048,0.132304,0.204677,0.046975,0.417152,0.063109,0.012244,0.123443
AGCGTTCCGATTTAAA-1,0.000021,0.160207,0.111541,0.450926,0.089783,0.020571,0.051661,0.019637,0.095652
AGCTAACAAGCAATGT-1,0.000082,0.000082,0.000082,0.155169,0.669115,0.016241,0.115236,0.043911,0.000082
AGCTAAGCTCCGTCCG-1,0.00002,0.00002,0.060024,0.262099,0.113293,0.217413,0.090308,0.209206,0.047618
AGCTAAGTACGCAGGC-1,0.062295,0.000123,0.000123,0.000245,0.872419,0.000123,0.064428,0.000123,0.000123
AGCTACGAATGGTGGT-1,0.000081,0.000081,0.000081,0.000162,0.818377,0.000081,0.180976,0.000081,0.000081
AGCTAGAAGCAGAAGT-1,0.006348,0.021452,0.398353,0.310059,0.000023,0.014048,0.228266,0.011462,0.009989
AGCTATTTAATCCAAC-1,0.000062,0.101515,0.071821,0.109063,0.047269,0.084768,0.259458,0.020214,0.30583
AGCTCCTTCGCACATC-1,0.000202,0.052804,0.000202,0.000403,0.621604,0.000202,0.32418,0.000202,0.000202
AGCTCGTTGATGGAAA-1,0.000008,0.001961,0.289648,0.531278,0.002968,0.119075,0.001755,0.039666,0.013641
AGCTCTAGACGTTCCA-1,0.000023,0.025487,0.491341,0.434135,0.000023,0.038412,0.000023,0.005143,0.005411
AGCTCTTCCCAGTGCA-1,0.000053,0.041439,0.159472,0.15084,0.023925,0.278259,0.16452,0.027888,0.153605
AGCTCTTCGTAACCTT-1,0.000105,0.012143,0.062849,0.000211,0.659868,0.005227,0.011926,0.013698,0.233974
AGCTCTTTACTCAGTT-1,0.000048,0.014014,0.38815,0.029268,0.034071,0.178564,0.191355,0.036096,0.128433
AGCTGAAGTAAACCAA-1,0.000031,0.026073,0.377763,0.171987,0.101506,0.066877,0.162005,0.016,0.077756
AGCTGCATTTGAGGTG-1,0.000018,0.012949,0.499233,0.303384,0.008739,0.036383,0.029453,0.030535,0.079307
AGCTGCTGTGCCGAAT-1,0.000014,0.022821,0.656802,0.265383,0.003276,0.005697,0.001805,0.023911,0.020289
AGCTGTAACCTCAATC-1,0.000751,0.000021,0.029217,0.728648,0.017279,0.0543,0.010695,0.116488,0.042601
AGCTTATAGAGACCTG-1,0.000685,0.516221,0.000685,0.00137,0.478298,0.000685,0.000685,0.000685,0.000685
AGCTTCAATACTTTGA-1,0.000111,0.267759,0.232743,0.029714,0.465666,0.000111,0.000111,0.000111,0.003673
AGCTTCTTCTCGAGCA-1,0.023488,0.023463,0.000459,0.000918,0.949837,0.000459,0.000459,0.000459,0.000459
AGCTTGATCAGGGTAG-1,0.00006,0.005511,0.008813,0.33344,0.051555,0.130735,0.207722,0.262101,0.000065
AGCTTGATCTTAACTT-1,0.000018,0.040412,0.522173,0.400105,0.000878,0.002118,0.00125,0.006162,0.026883
AGGAAAGCCTCTGATG-1,0.000633,0.583154,0.000633,0.001266,0.411782,0.000633,0.000633,0.000633,0.000633
AGGACAGTCGAATCCC-1,0.000028,0.000028,0.188891,0.411926,0.034836,0.068963,0.010932,0.245185,0.039211
AGGACATCGCACGTCG-1,0.000101,0.417868,0.000101,0.000202,0.246345,0.000101,0.335081,0.000101,0.000101
AGGACGACCCATTAGA-1,0.000037,0.008088,0.454131,0.061222,0.016059,0.360397,0.038459,0.022651,0.038957
AGGACGCTCGATGTTG-1,0.005062,0.000025,0.537883,0.446871,0.000025,0.000818,0.000025,0.002015,0.007276
AGGACTTATAGGAGAA-1,0.000106,0.901049,0.000106,0.000211,0.000106,0.089221,0.00899,0.000106,0.000106
AGGAGACATCCACAGT-1,0.000022,0.000022,0.029578,0.53207,0.013479,0.208038,0.046565,0.141239,0.028989
AGGAGAGTCTGGCTAC-1,0.00133,0.000863,0.158107,0.494815,0.086521,0.038371,0.026976,0.13936,0.053658
AGGAGCGTTTATTATC-1,0.000184,0.083162,0.000184,0.000368,0.915367,0.000184,0.000184,0.000184,0.000184
AGGATAAAGTCGGGAT-1,0.000026,0.000026,0.036309,0.275947,0.14182,0.218338,0.086316,0.176388,0.064831
AGGATATAGGGATTTA-1,0.000273,0.099749,0.000273,0.000547,0.597864,0.137882,0.162865,0.000273,0.000273
AGGATATCCGACTGCA-1,0.000112,0.036509,0.000112,0.000224,0.962595,0.000112,0.000112,0.000112,0.000112
AGGATCACGCGATCTG-1,0.000025,0.008945,0.294494,0.131482,0.083248,0.196877,0.100622,0.114292,0.070014
AGGATTGCTTACGACA-1,0.000036,0.000036,0.006953,0.268213,0.186484,0.130467,0.08269,0.179458,0.145665
AGGCAGATGCGTAAAC-1,0.000024,0.079908,0.531577,0.049683,0.037996,0.08016,0.126049,0.020601,0.074004
AGGCAGGGAGCGTACT-1,0.052141,0.025982,0.063039,0.153708,0.554372,0.005007,0.000054,0.104825,0.04087
AGGCCACCCGTTATGA-1,0.000039,0.125179,0.128032,0.368283,0.062508,0.029822,0.077766,0.046194,0.162177
AGGCCCAGTGACTGGT-1,0.000119,0.99893,0.000119,0.000238,0.000119,0.000119,0.000119,0.000119,0.000119
AGGCCCATTGTACAGG-1,0.005922,0.398003,0.182813,0.009916,0.120952,0.056359,0.146782,0.01959,0.059663
AGGCCCTAGAACGCCA-1,0.000008,0.003226,0.352343,0.637882,0.000008,0.003457,0.000008,0.002939,0.000129
AGGCCTATCATACCAA-1,0.000018,0.000018,0.015959,0.21372,0.128762,0.14916,0.082799,0.376773,0.032791
AGGCCTGAGAATCTCG-1,0.379624,0.03979,0.0001,0.000199,0.272319,0.0001,0.30767,0.0001,0.0001
AGGCGGTTTGTCCCGC-1,0.000062,0.064946,0.000062,0.000124,0.829362,0.031795,0.022281,0.019619,0.031749
AGGCGTCTATGGACGG-1,0.000021,0.000021,0.379858,0.284445,0.009519,0.136381,0.022837,0.092954,0.073966
AGGCTATGGTTAGCTT-1,0.000057,0.093589,0.217645,0.044075,0.253586,0.168856,0.122059,0.000057,0.100076
AGGCTTAAGTTGCACA-1,0.016954,0.006932,0.10535,0.559739,0.016206,0.073346,0.009871,0.175413,0.036189
AGGCTTCCCGAAGAAG-1,0.000016,0.000016,0.159207,0.409211,0.005471,0.352843,0.015441,0.042014,0.015782
AGGCTTGCTAGACACC-1,0.000044,0.303157,0.109978,0.148727,0.086712,0.072855,0.079722,0.057348,0.141457
AGGGAAACGAGGTACT-1,0.000025,0.0879,0.154951,0.439784,0.017293,0.026402,0.082928,0.018468,0.17225
AGGGACAGCACGGCGG-1,0.001299,0.735942,0.001299,0.002598,0.253666,0.001299,0.001299,0.001299,0.001299
AGGGACCGGCTGCGTT-1,0.000034,0.007272,0.00072,0.44345,0.084272,0.030209,0.017645,0.365858,0.05054
AGGGACTCTACGCGAC-1,0.006427,0.000029,0.095892,0.542539,0.010587,0.092483,0.018048,0.14005,0.093945
AGGGAGACATACTTCG-1,0.000047,0.000047,0.003757,0.000094,0.111761,0.679075,0.19656,0.002908,0.005751
AGGGCAGCGGCGTGGT-1,0.000173,0.170317,0.035554,0.000347,0.000173,0.000173,0.000173,0.000173,0.792916
AGGGCGAGCAGCTGAT-1,0.000012,0.000012,0.718491,0.208262,0.000013,0.054514,0.000444,0.015433,0.002819
AGGGCGTGATCGGCTA-1,0.00007,0.440533,0.000244,0.000139,0.14132,0.23337,0.184079,0.00007,0.000177
AGGGCTGCAGTTACAG-1,0.000031,0.072187,0.375109,0.260969,0.027521,0.107067,0.034916,0.02869,0.093509
AGGGTCAGAGCACTCG-1,0.000068,0.000068,0.000068,0.000137,0.36201,0.036439,0.589939,0.000068,0.011202
AGGGTCAGTAACCCTA-1,0.000029,0.046242,0.415457,0.09898,0.028057,0.13151,0.067304,0.101315,0.111106
AGGGTCGATGCGAACT-1,0.00004,0.00004,0.026045,0.063062,0.027524,0.510795,0.205896,0.123174,0.043424
AGGGTGCCGTTCTTTA-1,0.000118,0.003384,0.000118,0.000236,0.614976,0.040253,0.340678,0.000118,0.000118
AGGGTGCTCTCGAGGG-1,0.000041,0.008579,0.15546,0.155574,0.082059,0.448349,0.029449,0.041568,0.078922
AGGGTGGATAGTGCAT-1,0.000024,0.093924,0.039961,0.682629,0.025785,0.009562,0.001374,0.037497,0.109244
AGGGTGTGCTACACGC-1,0.009898,0.006842,0.380628,0.241916,0.028522,0.149724,0.026946,0.042828,0.112695
AGGGTTCAGACGGTCC-1,0.009337,0.000038,0.002375,0.190319,0.178718,0.089216,0.165672,0.345926,0.018399
AGGGTTCCCTTTGGTT-1,0.000034,0.023888,0.299574,0.306803,0.001988,0.305856,0.014894,0.015866,0.031097
AGGGTTTAGTTCGGGA-1,0.00007,0.060485,0.132886,0.047843,0.00007,0.290655,0.105351,0.010422,0.352217
AGGTAACCTCCTATTC-1,0.000108,0.477481,0.161371,0.004534,0.000108,0.072578,0.058507,0.023695,0.201618
AGGTACGATATTGCCA-1,0.000163,0.080221,0.034749,0.069351,0.160504,0.190517,0.431435,0.000163,0.032897
AGGTAGATCGAGATAT-1,0.049447,0.007845,0.101746,0.269419,0.518385,0.000057,0.000057,0.037516,0.015527
AGGTAGGTACAAAGCT-1,0.000789,0.079279,0.412048,0.089369,0.101788,0.041612,0.05142,0.037306,0.186389
AGGTATAATTGATAGT-1,0.000024,0.000024,0.008071,0.303992,0.045342,0.103495,0.038875,0.445649,0.054529
AGGTCAGGTGAGAGTG-1,0.000017,0.006248,0.395511,0.145836,0.013412,0.339521,0.048981,0.027147,0.023326
AGGTCGCCACTTCGGT-1,0.084082,0.908508,0.000926,0.001852,0.000926,0.000926,0.000926,0.000926,0.000926
AGGTCGCGGAGTTACT-1,0.000041,0.000041,0.025588,0.000082,0.075207,0.665204,0.191798,0.000112,0.041926
AGGTGTATCGCCATGA-1,0.000016,0.000673,0.470986,0.528219,0.000016,0.000016,0.000016,0.000016,0.000041
AGGTTCTCCTTTCCGG-1,0.000092,0.000092,0.05243,0.041032,0.435841,0.169466,0.135658,0.036192,0.129198
AGGTTGAGGCACGCTT-1,0.010617,0.041002,0.300843,0.61822,0.00075,0.002047,0.00694,0.003003,0.016579
AGGTTTCACACACCTT-1,0.000043,0.017146,0.377819,0.262017,0.000043,0.303814,0.001384,0.029484,0.008251
AGTAACGTTCATCCTG-1,0.007118,0.059961,0.104847,0.695188,0.013454,0.00907,0.013134,0.02261,0.074618
AGTAAGGGACAGAATC-1,0.085212,0.012785,0.000033,0.000066,0.5743,0.181695,0.140774,0.004967,0.000168
AGTAATCTAAGGGTGG-1,0.000026,0.009236,0.005434,0.171932,0.227589,0.089802,0.100507,0.325856,0.069619
AGTAATGTCTTGCCGC-1,0.013303,0.158317,0.129541,0.148109,0.075714,0.157591,0.164435,0.064559,0.088431
AGTAATTTGCAAGCGT-1,0.000015,0.000015,0.10347,0.711802,0.008499,0.012163,0.000316,0.155231,0.008488
AGTACAGAAGCTTATA-1,0.000041,0.000041,0.023893,0.069966,0.501027,0.120429,0.128282,0.053504,0.102816
AGTACATCATTTATCA-1,0.000042,0.002776,0.035051,0.018912,0.022163,0.468701,0.312004,0.126063,0.01429
AGTACCTTCGAGTGCT-1,0.000033,0.029568,0.559674,0.148167,0.006197,0.023725,0.074846,0.038037,0.119753
AGTACGGCCCGTATCG-1,0.000032,0.038735,0.325142,0.010571,0.089061,0.131153,0.109929,0.015578,0.279799
AGTACGGGCACCTGGC-1,0.000054,0.038901,0.387885,0.01148,0.103386,0.05893,0.30459,0.00459,0.090184
AGTACGTGGCCTGTCT-1,0.000045,0.04086,0.041686,0.38811,0.12199,0.047295,0.1506,0.084155,0.125259
AGTAGAAGGCGCCTCA-1,0.000032,0.000032,0.001148,0.201032,0.163381,0.105213,0.242083,0.244567,0.042512
AGTAGCGTGAACGAAC-1,0.00031,0.179276,0.252464,0.101252,0.000851,0.00031,0.328167,0.00031,0.137061
AGTAGCTAGACGCCGA-1,0.005897,0.010067,0.449143,0.358303,0.004092,0.007919,0.011465,0.048202,0.104912
AGTAGGAAGGAAGTTG-1,0.000026,0.017224,0.561399,0.178943,0.029561,0.024345,0.072807,0.038479,0.077217
AGTAGGTAACATACAT-1,0.00004,0.563355,0.029458,0.3775,0.028058,0.00004,0.000049,0.001462,0.00004
AGTATAATACTAGGCA-1,0.012125,0.073186,0.032554,0.631365,0.015567,0.000022,0.164861,0.009092,0.061227
AGTATCCATAATAACG-1,0.018252,0.714049,0.259448,0.005165,0.000617,0.000617,0.000617,0.000617,0.000617
AGTATGCTGGAGACCA-1,0.000068,0.000068,0.01023,0.067743,0.414999,0.023019,0.013463,0.446807,0.023602
AGTATTTGGCACGACC-1,0.000062,0.000062,0.0172,0.355234,0.315256,0.01863,0.028348,0.131888,0.13332
AGTCAAATGATGTGAT-1,0.000074,0.119657,0.000074,0.000148,0.568103,0.152936,0.144391,0.009728,0.004889
AGTCAACACCACCATC-1,0.000025,0.008147,0.376038,0.317186,0.036511,0.051365,0.045965,0.027233,0.137531
AGTCAAGATGACACTT-1,0.000176,0.000176,0.000176,0.000352,0.558775,0.000176,0.439816,0.000176,0.000176
AGTCACTCCGCCTCAT-1,0.176394,0.72737,0.035695,0.047135,0.012891,0.000129,0.000129,0.000129,0.000129
AGTCAGCCACCGCCTG-1,0.000083,0.828835,0.014078,0.002321,0.074183,0.041901,0.038433,0.000083,0.000083
AGTCCAGCGGGTACGT-1,0.000981,0.870472,0.000981,0.001961,0.121682,0.000981,0.000981,0.000981,0.000981
AGTCCATTGGCTGATG-1,0.000136,0.02352,0.000136,0.00868,0.947365,0.011385,0.000136,0.008506,0.000136
AGTCCCGCCTTTAATT-1,0.000033,0.107585,0.31282,0.47691,0.000033,0.007308,0.062075,0.010694,0.022544
AGTCCCTCGCAGAAAG-1,0.000015,0.000015,0.04386,0.399985,0.046741,0.208706,0.0501,0.174147,0.076432
AGTCGAAACGATTCAG-1,0.000005,0.000005,0.003706,0.951096,0.000216,0.001148,0.000005,0.043153,0.000666
AGTCGACGGTCTCAAG-1,0.000031,0.000031,0.108555,0.104307,0.166351,0.412967,0.041382,0.015292,0.151084
AGTCGGCCCAAACGAC-1,0.001396,0.102275,0.05417,0.246454,0.084421,0.071202,0.212319,0.059316,0.168447
AGTCGGCTCAACTTTA-1,0.000022,0.004997,0.210482,0.092434,0.045675,0.415024,0.141965,0.038904,0.050497
AGTCGGTTGCGTGAGA-1,0.000169,0.028587,0.021746,0.171392,0.656308,0.000169,0.088908,0.00017,0.032551
AGTCGTATAAAGCAGA-1,0.000068,0.068194,0.000068,0.000137,0.651787,0.021117,0.258492,0.000068,0.000068
AGTCGTGGGCATTACG-1,0.00252,0.000026,0.132359,0.631263,0.119769,0.025531,0.000026,0.080356,0.00815
AGTCTAAAGTATACTC-1,0.000039,0.000039,0.016673,0.064491,0.115014,0.536006,0.122396,0.090645,0.054695
AGTCTCACAAGACTAC-1,0.000034,0.000034,0.070282,0.278023,0.078342,0.178692,0.031364,0.314466,0.048763
AGTCTGGACATCCTTG-1,0.000061,0.699575,0.025458,0.16622,0.000061,0.013582,0.000061,0.06263,0.032353
AGTCTTCTCCTCAAAT-1,0.000056,0.093629,0.0962,0.236525,0.016936,0.185363,0.224845,0.046615,0.099831
AGTCTTTAAAGTGTCC-1,0.004319,0.000119,0.000119,0.000237,0.567856,0.006786,0.420327,0.000119,0.000119
AGTGAAGATGGTGTCC-1,0.000037,0.000037,0.154567,0.234072,0.00187,0.393778,0.007647,0.116545,0.091448
AGTGACCTACTTTACG-1,0.00004,0.075396,0.171195,0.047989,0.049789,0.423297,0.111189,0.068788,0.052317
AGTGACTGTGACACAA-1,0.000071,0.011093,0.000071,0.000142,0.779494,0.101814,0.106194,0.000071,0.001051
AGTGAGACTTCCAGTA-1,0.000061,0.000061,0.118876,0.027817,0.070088,0.373163,0.273563,0.099089,0.037281
AGTGAGCCTCGCCGCC-1,0.000045,0.000045,0.164653,0.103261,0.012193,0.354311,0.25239,0.053122,0.05998
AGTGAGGGTTTCTGAC-1,0.000129,0.072019,0.284922,0.041991,0.063561,0.21289,0.181393,0.000129,0.142967
AGTGATATGAGTAGTT-1,0.000044,0.018976,0.157517,0.14377,0.010404,0.317858,0.326187,0.011941,0.013302
AGTGATTCAAGCAGGA-1,0.000051,0.000051,0.052721,0.000103,0.033983,0.616955,0.264445,0.000051,0.031639
AGTGCGTAGCTCGTAA-1,0.000024,0.017714,0.32637,0.439206,0.005492,0.096327,0.01283,0.062295,0.039742
AGTGCTAAACACAGCA-1,0.191155,0.000236,0.000236,0.000472,0.806957,0.000236,0.000236,0.000236,0.000236
AGTGCTTGCACGAATA-1,0.00003,0.00003,0.002829,0.627427,0.030698,0.040101,0.020525,0.160773,0.117588
AGTGGCCCGCAAATGG-1,0.000031,0.000031,0.00082,0.315176,0.172694,0.039685,0.166972,0.279914,0.024677
AGTGGCGGCAATTTGA-1,0.002492,0.021571,0.096973,0.000093,0.078828,0.498491,0.262971,0.009266,0.029314
AGTGGCGTCTGAAGGT-1,0.411601,0.062825,0.000073,0.000146,0.486125,0.031656,0.007428,0.000073,0.000073
AGTGGCTCCGTCGGCC-1,0.000027,0.015442,0.606418,0.146673,0.036128,0.021756,0.037533,0.066892,0.069132
AGTGGGAGTATACACG-1,0.001299,0.988308,0.001299,0.002598,0.001299,0.001299,0.001299,0.001299,0.001299
AGTGGTGTTACCCGTG-1,0.000043,0.000043,0.085589,0.027946,0.122968,0.531062,0.13482,0.018277,0.079253
AGTGGTTGCGTATAGG-1,0.000021,0.015789,0.660742,0.246404,0.021702,0.026183,0.003673,0.014561,0.010926
AGTGTATTGCGCATTG-1,0.000042,0.033993,0.654319,0.056106,0.004544,0.018433,0.160886,0.004968,0.06671
AGTGTGCTAAGATCGC-1,0.000055,0.999509,0.000055,0.000109,0.000055,0.000055,0.000055,0.000055,0.000055
AGTGTGGTCTATTGTG-1,0.00009,0.232488,0.148164,0.134224,0.304116,0.01072,0.033057,0.014303,0.122838
AGTTAAACACTTGCGA-1,0.000024,0.006642,0.301012,0.148463,0.016374,0.083021,0.037665,0.045421,0.361378
AGTTAAGCGGTCCCGG-1,0.000031,0.030143,0.230078,0.502226,0.012759,0.031106,0.02084,0.047726,0.125093
AGTTAAGTCAACCGCT-1,0.000017,0.000017,0.154998,0.660497,0.019658,0.089126,0.003729,0.045596,0.026362
AGTTACCCTTAAGACT-1,0.000045,0.112633,0.020433,0.008207,0.107061,0.173969,0.18252,0.003139,0.391993
AGTTACCGCACATGGT-1,0.000034,0.135019,0.10825,0.363744,0.089133,0.023285,0.025327,0.037531,0.217677
AGTTACTCTATCGTGG-1,0.000029,0.010581,0.155754,0.728734,0.000029,0.000908,0.001679,0.008233,0.094052
AGTTATTCAGACTGTG-1,0.000208,0.075001,0.000208,0.000417,0.776022,0.000208,0.147518,0.000208,0.000208
AGTTATTGAAAGGTAA-1,0.002777,0.222618,0.03718,0.190152,0.307315,0.000233,0.239261,0.000233,0.000233
AGTTCACCGGTTGGAC-1,0.000063,0.310299,0.09235,0.062297,0.439359,0.000724,0.009554,0.000063,0.08529
AGTTCCTACAGAATTA-1,0.000027,0.046589,0.34798,0.327685,0.046135,0.019225,0.031391,0.062716,0.118252
AGTTCCTATTTATGTT-1,0.000031,0.000031,0.423584,0.510276,0.000031,0.048057,0.000042,0.008524,0.009423
AGTTCTGCGTTGTATC-1,0.000078,0.999302,0.000078,0.000155,0.000078,0.000078,0.000078,0.000078,0.000078
AGTTGACATCGGCTGG-1,0.000076,0.966293,0.000076,0.000153,0.033097,0.000076,0.000076,0.000076,0.000076
AGTTGACGGTCCTTGC-1,0.00024,0.00024,0.00024,0.00048,0.62488,0.00024,0.373201,0.00024,0.00024
AGTTGCGGTCCTCAAC-1,0.000011,0.000011,0.00884,0.92687,0.000011,0.001269,0.000011,0.059588,0.003386
AGTTGCTGACTGATAT-1,0.000047,0.731819,0.031737,0.220984,0.000047,0.000047,0.000047,0.011587,0.003686
AGTTTATGTAAAGACA-1,0.000026,0.000026,0.028597,0.114585,0.076706,0.414438,0.156084,0.06539,0.144148
AGTTTCGCAGGTCGGA-1,0.000107,0.29735,0.334289,0.100092,0.009022,0.000107,0.106062,0.077981,0.07499
AGTTTGCACCTGCCTC-1,0.000301,0.031683,0.000301,0.124602,0.693003,0.000301,0.000301,0.149206,0.000301
AGTTTGGCCAGACCTA-1,0.000034,0.000034,0.055161,0.071604,0.019562,0.677873,0.080892,0.025476,0.069362
ATAAACCATTGGACGG-1,0.000335,0.858087,0.057964,0.081942,0.000335,0.000335,0.000335,0.000335,0.000335
ATAAACGGACCCGTAA-1,0.000011,0.000011,0.219568,0.727298,0.000011,0.017774,0.000011,0.032912,0.002405
ATAAAGGCTCGGTCGT-1,0.000028,0.026557,0.500314,0.209921,0.016871,0.097252,0.034358,0.03415,0.080548
ATAAAGGTCAAGTACG-1,0.000066,0.099961,0.040709,0.200006,0.246356,0.008365,0.05531,0.005463,0.343763
ATAAATATTAGCAGCT-1,0.00003,0.021234,0.357242,0.021138,0.087954,0.023501,0.176801,0.011755,0.300345
ATAACGCCGGAGGGTC-1,0.00002,0.028037,0.435024,0.295183,0.012578,0.115319,0.012017,0.058073,0.043751
ATAACGGAGTCCAACG-1,0.000028,0.065895,0.523729,0.336629,0.002102,0.003314,0.048238,0.008362,0.011703
ATAACGTTACCTCCAC-1,0.000027,0.010601,0.562771,0.247259,0.000027,0.020982,0.013158,0.064251,0.080925
ATAAGCAAACACCGAG-1,0.000008,0.000399,0.290437,0.241941,0.027307,0.248423,0.034121,0.12521,0.032154
ATAAGGTGGAGAACAT-1,0.004696,0.00002,0.031566,0.697612,0.003518,0.000221,0.00002,0.258221,0.004126
ATAAGTACCCGATTGT-1,0.000016,0.022402,0.302534,0.666171,0.000016,0.000016,0.000016,0.005451,0.003378
ATAAGTAGGATTCAGA-1,0.000028,0.047581,0.143099,0.33689,0.04342,0.256902,0.044062,0.062953,0.065065
ATAAGTAGGGCGACTC-1,0.000034,0.000034,0.021707,0.147131,0.107114,0.21893,0.134815,0.294931,0.075304
ATAAGTTACCGCGACG-1,0.000035,0.000035,0.138769,0.017166,0.017724,0.675084,0.124542,0.008361,0.018283
ATAATACCGTTAGCCG-1,0.000049,0.421597,0.051562,0.204687,0.023957,0.047891,0.009114,0.039901,0.201242
ATAATAGCTGTTGAAT-1,0.000017,0.000017,0.223747,0.546922,0.003526,0.118821,0.006255,0.072671,0.028024
ATAATAGTGTAGGGAC-1,0.000097,0.331853,0.203505,0.000195,0.176512,0.006973,0.163628,0.000097,0.117139
ATAATCTTGGAGAACC-1,0.167599,0.031386,0.076465,0.069039,0.530929,0.000117,0.000307,0.103558,0.0206
ATAATTAGCTAAGTAG-1,0.000126,0.000126,0.14148,0.074279,0.783483,0.000126,0.000126,0.000126,0.000126
ATACAGCGTCCACTGA-1,0.005671,0.000017,0.423856,0.370627,0.009618,0.113411,0.014994,0.0433,0.018506
ATACAGGCCCTCCAAT-1,0.000151,0.000151,0.000151,0.000302,0.823651,0.048242,0.12705,0.000151,0.000151
ATACCACGGGCAACTT-1,0.008754,0.012695,0.531605,0.219366,0.029674,0.051409,0.040528,0.053897,0.052073
ATACCAGCAAATTGCT-1,0.001099,0.349165,0.344251,0.002198,0.298889,0.001099,0.001099,0.001099,0.001099
ATACCAGGCTAATAGA-1,0.000093,0.513025,0.000093,0.000185,0.101472,0.027251,0.332277,0.000093,0.025512
ATACCCTCCCGGCCAA-1,0.000018,0.013714,0.143439,0.291251,0.14105,0.221213,0.063787,0.071628,0.0539
ATACCGTCATCCATAA-1,0.000028,0.023826,0.194019,0.091027,0.075566,0.318776,0.193294,0.03802,0.065443
ATACCTAACCAAGAAA-1,0.00007,0.008023,0.054455,0.00014,0.551656,0.188207,0.185201,0.012179,0.00007
ATACGACAGATGGGTA-1,0.000024,0.013717,0.227097,0.064511,0.085629,0.299039,0.241591,0.01113,0.05726
ATACGAGGTTTGTAAG-1,0.006095,0.000019,0.086915,0.43647,0.11185,0.120493,0.116878,0.090473,0.030807
ATACGCCGGCGAAACC-1,0.000027,0.000027,0.073841,0.016679,0.056128,0.634551,0.127789,0.051494,0.039466
ATACGGAACGTCGTTT-1,0.000026,0.000026,0.026297,0.36272,0.068804,0.110957,0.094467,0.239688,0.097015
ATACGGGTTTCGATTG-1,0.000088,0.06052,0.400143,0.097937,0.285369,0.099838,0.037143,0.004288,0.014674
ATACGGTGAAGATGCA-1,0.000016,0.005837,0.287755,0.57558,0.021347,0.007211,0.009764,0.057678,0.034813
ATACGTACTTAGCCAC-1,0.000141,0.018651,0.258694,0.00233,0.447731,0.026157,0.239099,0.000141,0.007055
ATACGTCCACTCCTGT-1,0.00854,0.000203,0.000203,0.000406,0.926833,0.006096,0.057314,0.000203,0.000203
ATACGTTATGCACGGA-1,0.344075,0.06266,0.042653,0.000222,0.203113,0.065037,0.267109,0.00019,0.01494
ATACTAGCATGACCCT-1,0.000071,0.117962,0.258395,0.228808,0.062319,0.039501,0.280855,0.005707,0.006382
ATACTCTCGCCACTCT-1,0.00015,0.735539,0.00015,0.0003,0.040098,0.00015,0.223312,0.00015,0.00015
ATACTGCCTTACACCG-1,0.504706,0.096997,0.000085,0.00017,0.322771,0.000085,0.075014,0.000085,0.000085
ATACTTGTTCTCGAGC-1,0.000022,0.097932,0.141915,0.699275,0.006048,0.002166,0.000022,0.017312,0.03531
ATAGACAACGGGACCT-1,0.000021,0.000021,0.550983,0.287988,0.000021,0.106784,0.004836,0.035317,0.014029
ATAGACGAAGAGAAAG-1,0.000025,0.059646,0.252369,0.192603,0.051899,0.096849,0.149326,0.024029,0.173253
ATAGAGTACTGGGACA-1,0.020595,0.199271,0.15557,0.32349,0.016409,0.142033,0.049954,0.023088,0.06959
ATAGAGTTATCAACTT-1,0.000044,0.009553,0.518476,0.11314,0.051234,0.144955,0.115111,0.019118,0.02837
ATAGATTTGCAGTCGG-1,0.00028,0.310129,0.355038,0.009589,0.098769,0.00028,0.00028,0.225353,0.00028
ATAGCCTCAGTACCCA-1,0.000096,0.497162,0.000096,0.000191,0.09221,0.033874,0.376179,0.000096,0.000096
ATAGCTGCTCTTGTTA-1,0.000078,0.762827,0.000078,0.000157,0.033371,0.14487,0.054682,0.000078,0.003856
ATAGGAATCTAAGCTT-1,0.000023,0.041398,0.389011,0.257137,0.016438,0.078572,0.046749,0.085219,0.085453
ATAGGCGGCTATAGAA-1,0.000018,0.045126,0.453841,0.134269,0.021491,0.156222,0.073075,0.083881,0.032075
ATAGGCTAGCTTCGCA-1,0.000039,0.010556,0.297751,0.106861,0.001112,0.442574,0.077627,0.039569,0.023912
ATAGGGATATCCTTGA-1,0.000026,0.056949,0.155565,0.702601,0.000026,0.000026,0.065437,0.004831,0.014539
ATAGGTTGGGCAGATG-1,0.000043,0.155519,0.352501,0.451146,0.000043,0.005734,0.000043,0.01239,0.022582
ATAGTCTTTGACGTGC-1,0.066786,0.928213,0.000625,0.00125,0.000625,0.000625,0.000625,0.000625,0.000625
ATAGTGAAGCGTTCTC-1,0.000021,0.031467,0.285172,0.613134,0.000021,0.029996,0.000021,0.025339,0.014827
ATAGTTCCACCCACTC-1,0.00005,0.00005,0.024704,0.317392,0.176027,0.077432,0.088118,0.193172,0.123055
ATATAAAGCGCTCGTG-1,0.000131,0.000131,0.000131,0.000261,0.772241,0.067695,0.15915,0.000131,0.000131
ATATAAATGTAGCTGC-1,0.000103,0.015557,0.134058,0.000206,0.650848,0.053747,0.140841,0.003992,0.000648
ATATAACACGGGCGCA-1,0.076807,0.000187,0.000187,0.000373,0.656277,0.059753,0.206043,0.000187,0.000187
ATATACATGTATGGTA-1,0.000041,0.000041,0.141952,0.033353,0.092645,0.476279,0.207948,0.001683,0.046057
ATATAGAGTATTGGTC-1,0.000123,0.162507,0.000123,0.000246,0.83651,0.000123,0.000123,0.000123,0.000123
ATATCAACCTACAGAG-1,0.00002,0.00002,0.030714,0.184164,0.068782,0.068035,0.146578,0.337407,0.16428
ATATCAATTCCAGCCT-1,0.000035,0.008402,0.02104,0.56424,0.13682,0.041034,0.087271,0.05298,0.088179
ATATCGGTAGGGAGAT-1,0.000065,0.04814,0.055354,0.101089,0.639706,0.010588,0.073434,0.016523,0.055101
ATATCGTGCCAGACCC-1,0.000246,0.236652,0.04335,0.000493,0.16031,0.000246,0.346629,0.000246,0.211827
ATATCTCCCTCGTTAA-1,0.000044,0.051717,0.351496,0.109253,0.003209,0.166153,0.157648,0.061293,0.099187
ATATCTTAGGGCCTTC-1,0.000032,0.009211,0.476859,0.439432,0.000234,0.003316,0.028711,0.008012,0.034193
ATATGGGATAGCAACT-1,0.000011,0.000011,0.004852,0.474718,0.020518,0.054606,0.056121,0.335196,0.053967
ATATGTCTAGAGCGTG-1,0.045165,0.000026,0.028805,0.270739,0.054569,0.088018,0.121424,0.319532,0.071723
ATATGTCTCCCTAGCC-1,0.000024,0.000024,0.065259,0.659411,0.000024,0.10054,0.01201,0.120659,0.042049
ATATGTGCACAAACCA-1,0.000014,0.006795,0.271953,0.083209,0.049539,0.267384,0.137823,0.098658,0.084625
ATATTATCCCGTATTT-1,0.000918,0.834319,0.000918,0.001835,0.15834,0.000918,0.000918,0.000918,0.000918
ATATTCAGTTAAACCT-1,0.00002,0.00878,0.47049,0.240197,0.00123,0.168878,0.014017,0.078945,0.017442
ATATTCCACATAGTGA-1,0.000097,0.000097,0.001979,0.038098,0.173492,0.330514,0.294021,0.026512,0.135188
ATATTCCCACAGGTCA-1,0.000142,0.425502,0.000142,0.000284,0.111178,0.026073,0.436396,0.000142,0.000142
ATATTGCTGTCAAAGT-1,0.000061,0.347763,0.137652,0.002387,0.036103,0.060782,0.116063,0.0126,0.28659
ATATTTAACCCTCAAG-1,0.000036,0.112379,0.268715,0.083635,0.030514,0.154092,0.128544,0.044241,0.177843
ATCAAACGAAGGTTTG-1,0.000016,0.023712,0.317949,0.259166,0.01898,0.282656,0.011484,0.060401,0.025636
ATCAAAGAGCCGTGGT-1,0.002203,0.000015,0.052479,0.409992,0.0195,0.141823,0.020222,0.33249,0.021276
ATCAAGATCCCAGGAC-1,0.000028,0.000028,0.005421,0.155512,0.085499,0.021691,0.247646,0.439105,0.045071
ATCAATCTGGGCTGCA-1,0.000023,0.036192,0.490993,0.412581,0.000023,0.00034,0.003069,0.016837,0.039944
ATCAATGCCGTGGCTG-1,0.025313,0.009651,0.010949,0.070099,0.833728,0.000086,0.000086,0.047324,0.002764
ATCACATTAGAATATC-1,0.000021,0.00909,0.462186,0.461084,0.000021,0.00751,0.007774,0.028831,0.023484
ATCACGTGCTAATTAA-1,0.000029,0.000029,0.158353,0.090245,0.033029,0.466996,0.124283,0.016934,0.110102
ATCACTTCATCCTCGC-1,0.000072,0.064382,0.091871,0.120988,0.028572,0.052622,0.458437,0.000072,0.182983
ATCAGAAGCTGGTTGC-1,0.00002,0.000255,0.139543,0.16254,0.067345,0.451929,0.044587,0.074274,0.059508
ATCAGACGGCACGCCG-1,0.000031,0.012734,0.236674,0.059774,0.042633,0.513135,0.107968,0.017108,0.009942
ATCAGCTCGTCCACTA-1,0.000032,0.000032,0.267845,0.267499,0.041112,0.266127,0.046774,0.067974,0.042606
ATCAGGTAGCTGACAG-1,0.000127,0.000127,0.063453,0.000254,0.766732,0.092947,0.015335,0.000127,0.060897
ATCAGGTCGCCATTGC-1,0.000024,0.036294,0.202245,0.629541,0.000024,0.008761,0.001751,0.061458,0.059901
ATCAGTAGGCAGGGAT-1,0.000045,0.126744,0.379924,0.233158,0.011162,0.018632,0.146188,0.034486,0.049661
ATCATAGATCGACGAG-1,0.000024,0.000024,0.029818,0.112367,0.080733,0.213745,0.090409,0.376439,0.096441
ATCATCCAATATTTGT-1,0.000054,0.027109,0.235115,0.057653,0.260936,0.130175,0.106177,0.021569,0.161212
ATCATCTGCCCAGTGT-1,0.015539,0.429486,0.041882,0.20811,0.112932,0.044982,0.042236,0.092548,0.012286
ATCATTGTACCGCATT-1,0.000068,0.258654,0.000068,0.000137,0.721724,0.003046,0.016166,0.000068,0.000068
ATCCAACGCAGTCATA-1,0.000032,0.144475,0.21247,0.28818,0.033845,0.018622,0.149602,0.041937,0.110836
ATCCAATGGAGGGTCC-1,0.000026,0.054528,0.376032,0.212245,0.014638,0.111724,0.050727,0.147894,0.032185
ATCCAATGGTACCGAA-1,0.000022,0.064386,0.405085,0.144537,0.087817,0.088589,0.064453,0.093011,0.0521
ATCCACATCGACAGAA-1,0.106593,0.000135,0.000135,0.01177,0.723994,0.086118,0.026661,0.041979,0.002616
ATCCACGCTAAATGTT-1,0.000042,0.087911,0.149804,0.365542,0.09672,0.002197,0.000555,0.034939,0.262289
ATCCACTTTCAGACTA-1,0.000016,0.016555,0.45567,0.40188,0.005101,0.037545,0.006552,0.051455,0.025224
ATCCAGAGCAACAACC-1,0.000015,0.000015,0.062425,0.636243,0.016104,0.121997,0.01268,0.102501,0.048019
ATCCAGGATTCGTGAA-1,0.000036,0.039889,0.532496,0.134256,0.030919,0.039582,0.099181,0.022979,0.100662
ATCCCATCCACAGCGC-1,0.120428,0.00974,0.000083,0.0194,0.785854,0.000083,0.064244,0.000083,0.000083
ATCCCATTTCCGTGGG-1,0.000016,0.000016,0.000057,0.554418,0.076622,0.006929,0.049551,0.297025,0.015368
ATCCTACCTAAGCTCT-1,0.000033,0.002153,0.292403,0.027065,0.009023,0.395433,0.035173,0.004742,0.233976
ATCCTGAATCGCTGCG-1,0.000019,0.023295,0.535668,0.347806,0.003288,0.00187,0.004776,0.036918,0.04636
ATCCTGCGTGGAATGG-1,0.000043,0.000043,0.173629,0.001592,0.044389,0.507536,0.230775,0.000824,0.041169
ATCCTGCTGCAGATAG-1,0.000048,0.999566,0.000048,0.000097,0.000048,0.000048,0.000048,0.000048,0.000048
ATCGACCCAATACAGA-1,0.000017,0.000017,0.536708,0.2494,0.003647,0.124945,0.016064,0.050945,0.018256
ATCGACTCTTTCCGTT-1,0.000056,0.041675,0.158296,0.33127,0.010542,0.005821,0.404769,0.005877,0.041695
ATCGCACGATTGTTCA-1,0.000037,0.584064,0.001467,0.41425,0.000037,0.000037,0.000037,0.000037,0.000037
ATCGCACGCCGGGAGA-1,0.000267,0.04165,0.257978,0.412363,0.00003,0.027799,0.227834,0.018991,0.013089
ATCGCTGCGTGCAGCA-1,0.000022,0.000022,0.540593,0.075181,0.024529,0.196806,0.057221,0.059213,0.046412
ATCGCTTTACGTCTCA-1,0.000155,0.044004,0.000155,0.04399,0.83315,0.062284,0.000155,0.01595,0.000155
ATCGGAGACAGACGGC-1,0.0001,0.0001,0.0001,0.000201,0.536205,0.283664,0.1117,0.06783,0.0001
ATCGGCAAGCAGTCCA-1,0.000022,0.00358,0.656599,0.313163,0.000022,0.001989,0.015797,0.003858,0.00497
ATCGGTTACCTAGTAA-1,0.00003,0.065479,0.27554,0.059649,0.022616,0.114444,0.075589,0.008898,0.377756
ATCGTATTCCGAGAAC-1,0.000011,0.041206,0.130156,0.772325,0.026735,0.000368,0.000326,0.012784,0.016089
ATCGTCCAATCGAGTC-1,0.000071,0.928058,0.000071,0.010618,0.000071,0.000071,0.030854,0.000071,0.030117
ATCGTGGAAAGTCTGG-1,0.000088,0.000088,0.00988,0.168846,0.803386,0.000088,0.000088,0.009805,0.007732
ATCGTTCACTTTCGCC-1,0.007593,0.013996,0.324401,0.284796,0.013003,0.120614,0.086754,0.019084,0.129759
ATCTAACGTCCCTATG-1,0.000111,0.977223,0.000111,0.000222,0.000111,0.000111,0.021891,0.000111,0.000111
ATCTAATATCCTACGG-1,0.000084,0.000084,0.023398,0.029606,0.60164,0.115369,0.019018,0.015164,0.195636
ATCTACCATCTGCTCC-1,0.000146,0.000146,0.018166,0.000292,0.897055,0.000146,0.083757,0.000146,0.000146
ATCTAGCTTGTGAGGG-1,0.02785,0.00015,0.00015,0.000299,0.392537,0.00015,0.578566,0.00015,0.00015
ATCTCATAAACCTACC-1,0.000015,0.025893,0.298739,0.590995,0.000191,0.012668,0.011145,0.018987,0.041367
ATCTCCCTGCAATCTA-1,0.006946,0.030364,0.110434,0.800283,0.000034,0.000034,0.000034,0.041469,0.010402
ATCTGACATGGAAGGA-1,0.000098,0.000098,0.012776,0.184767,0.539095,0.000098,0.000098,0.260271,0.002699
ATCTGATAGTGTCTTA-1,0.020511,0.788084,0.000084,0.000169,0.148776,0.000084,0.042122,0.000084,0.000084
ATCTGCACCTCTGCGA-1,0.000047,0.000047,0.079989,0.158269,0.129069,0.46088,0.065129,0.02213,0.084439
ATCTGCTGTTATCGCC-1,0.000143,0.009326,0.000143,0.000286,0.884827,0.000143,0.104846,0.000143,0.000143
ATCTGGTTAAGACTGT-1,0.000025,0.013714,0.382559,0.603576,0.000025,0.000025,0.000025,0.000025,0.000025
ATCTGTAATTGTACCC-1,0.000081,0.701621,0.019815,0.255531,0.000081,0.000081,0.000081,0.002204,0.020507
ATCTTAGGGCATTAAT-1,0.00003,0.00003,0.12923,0.295589,0.119237,0.047636,0.089344,0.290455,0.02845
ATCTTATCGCACACCC-1,0.00055,0.029395,0.00055,0.001099,0.941736,0.00055,0.025022,0.00055,0.00055
ATCTTGACCTGCAACG-1,0.000051,0.098288,0.144489,0.159273,0.120286,0.078734,0.291586,0.017428,0.089864
ATCTTGACTTGTCCAA-1,0.00004,0.00004,0.045588,0.025781,0.037508,0.356848,0.500361,0.00912,0.024713
ATCTTTCGTATAACCA-1,0.00003,0.000575,0.071329,0.042036,0.176193,0.264526,0.177823,0.167276,0.100213
ATGAAGCCAAGGAGCC-1,0.000032,0.114739,0.290114,0.162158,0.224174,0.025776,0.024814,0.07528,0.082912
ATGAAGTGGACCCAGC-1,0.000025,0.056803,0.206819,0.288371,0.126169,0.081538,0.069105,0.028891,0.142279
ATGACGCCGGCTCTAA-1,0.000057,0.503442,0.059899,0.007491,0.074543,0.147729,0.15372,0.005189,0.047931
ATGACGCGTTCTATCC-1,0.000037,0.020156,0.139279,0.179703,0.050212,0.359853,0.080465,0.059738,0.110557
ATGACTATCAGCTGTG-1,0.000153,0.000153,0.001033,0.229771,0.768275,0.000153,0.000153,0.000153,0.000153
ATGACTATGCGACATT-1,0.000137,0.028578,0.000137,0.000275,0.666087,0.057116,0.247394,0.000137,0.000137
ATGAGGAGTGTTAATC-1,0.000045,0.211864,0.058338,0.083501,0.072263,0.057713,0.300092,0.011371,0.204814
ATGATCGGGAATAGAC-1,0.000063,0.277519,0.016884,0.025835,0.324239,0.155629,0.096571,0.009094,0.094167
ATGATGCAATGGTACA-1,0.000029,0.001176,0.377749,0.019297,0.039619,0.458264,0.075191,0.021955,0.00672
ATGCACCTTCCTTAAT-1,0.000103,0.329128,0.052762,0.017996,0.1092,0.06124,0.361391,0.00509,0.063088
ATGCACGCGCTGTTCA-1,0.000056,0.03078,0.003412,0.050343,0.730574,0.05027,0.002192,0.086064,0.046309
ATGCACTACCGCATTG-1,0.040129,0.099433,0.104448,0.401142,0.141434,0.062642,0.077981,0.019607,0.053184
ATGCATGATCCAGGAT-1,0.00004,0.157688,0.308422,0.300678,0.00004,0.015945,0.153178,0.013932,0.050077
ATGCATTCCGTGATGG-1,0.000529,0.372703,0.000529,0.623592,0.000529,0.000529,0.000529,0.000529,0.000529
ATGCCAATCGCTCTGC-1,0.000027,0.029934,0.643823,0.160886,0.022294,0.02616,0.006813,0.01102,0.099044
ATGCCATTTGCGACCA-1,0.000068,0.000068,0.009712,0.149705,0.182559,0.297712,0.103791,0.20939,0.046994
ATGCCGGTCTTGCATA-1,0.00003,0.007064,0.485111,0.32552,0.000725,0.050818,0.039768,0.026371,0.064594
ATGCCGGTTGATGGGA-1,0.000029,0.03365,0.4088,0.195672,0.023792,0.1097,0.131968,0.031521,0.064867
ATGCGACAATTGGTCC-1,0.000025,0.026625,0.52478,0.136611,0.01483,0.046739,0.112785,0.045282,0.092323
ATGCGACAGTCCCATT-1,0.000028,0.059311,0.567158,0.253073,0.000164,0.038469,0.001544,0.073405,0.006848
ATGCTCAGTGTTGCAT-1,0.000093,0.382811,0.029994,0.092932,0.051677,0.002524,0.400291,0.02886,0.010816
ATGGAAATTTAAGGAG-1,0.000021,0.000021,0.056865,0.184408,0.171011,0.215212,0.091706,0.170052,0.110705
ATGGAACAGAATAAAC-1,0.000009,0.017139,0.475504,0.208672,0.03452,0.044444,0.037584,0.109407,0.07272
ATGGACTGCTTAGTTG-1,0.00003,0.00003,0.092465,0.318917,0.042038,0.242908,0.08492,0.146475,0.072217
ATGGAGCAGGCCGTGA-1,0.00003,0.116975,0.333582,0.131929,0.005128,0.075096,0.078005,0.020297,0.238957
ATGGATCCGGCGTCCG-1,0.000037,0.039751,0.260645,0.185603,0.038406,0.15814,0.090721,0.057789,0.168908
ATGGATTGACCAAACG-1,0.000037,0.039174,0.329218,0.233569,0.027277,0.133837,0.130571,0.039956,0.066361
ATGGCAGCATTACGAT-1,0.000065,0.000065,0.015264,0.08189,0.766243,0.006468,0.119601,0.000082,0.010322
ATGGCAGCCGAGAAAC-1,0.000011,0.021332,0.239778,0.490015,0.014572,0.039032,0.02044,0.017981,0.156837
ATGGCGGAATAGTCGC-1,0.000114,0.017768,0.000114,0.000228,0.774471,0.136633,0.070445,0.000114,0.000114
ATGGCTGGAAATGGCC-1,0.000045,0.04251,0.228308,0.114574,0.109005,0.120262,0.204089,0.038233,0.142973
ATGGGAACGGAAGCGG-1,0.000031,0.117641,0.057715,0.333107,0.038067,0.030513,0.096624,0.135616,0.190686
ATGGGACCTGCTGAAC-1,0.001469,0.000098,0.000098,0.244909,0.679417,0.015872,0.000222,0.057818,0.000098
ATGGGCCTCGGCCTCT-1,0.000109,0.141243,0.000109,0.027075,0.431355,0.164774,0.041758,0.153038,0.040538
ATGGGTGTATACCTCC-1,0.000142,0.029236,0.000142,0.000283,0.803756,0.000142,0.166016,0.000142,0.000142
ATGGTATTGGGAACCG-1,0.000035,0.000035,0.013754,0.366638,0.135445,0.081105,0.12249,0.265499,0.015
ATGGTATTTACTGATT-1,0.004354,0.000038,0.024164,0.514643,0.154285,0.04323,0.002336,0.20403,0.05292
ATGGTCGCGTGGTTTC-1,0.003,0.000055,0.017314,0.315269,0.05666,0.322238,0.172815,0.047478,0.065171
ATGGTGCTCAAAGCCA-1,0.017973,0.352939,0.044492,0.225638,0.061625,0.153869,0.000335,0.011641,0.131488
ATGGTTACGAAACATG-1,0.00001,0.001401,0.45529,0.365367,0.00933,0.083961,0.014536,0.049647,0.020458
ATGTAAGGCTGCTCTT-1,0.00006,0.00006,0.00006,0.012815,0.280805,0.246026,0.233266,0.041376,0.185531
ATGTACGATGACGTCG-1,0.000126,0.070616,0.000126,0.000252,0.462817,0.120539,0.345272,0.000126,0.000126
ATGTAGCGCGCGTAGG-1,0.000136,0.000136,0.000136,0.000272,0.420167,0.000136,0.578746,0.000136,0.000136
ATGTCATAATAAACGA-1,0.001154,0.000637,0.067992,0.522726,0.033965,0.090288,0.014101,0.177668,0.091469
ATGTCATTTCCCATTG-1,0.000133,0.40197,0.000133,0.000265,0.05836,0.008011,0.530863,0.000133,0.000133
ATGTCTTGTTTGACTC-1,0.000012,0.000012,0.017551,0.874359,0.005143,0.016731,0.000015,0.072996,0.01318
ATGTGAAAGCCTAATG-1,0.000016,0.000016,0.317527,0.043421,0.028659,0.462284,0.058895,0.023533,0.06565
ATGTGCATCCGACGCA-1,0.000048,0.083275,0.130208,0.275095,0.076301,0.075881,0.28276,0.014356,0.062077
ATGTGGACATCTTGAT-1,0.000027,0.000027,0.031756,0.733437,0.055768,0.064282,0.011788,0.091482,0.011434
ATGTGTAGTTTAGTCA-1,0.001087,0.623085,0.368217,0.002175,0.001087,0.001087,0.001087,0.001087,0.001087
ATGTTACGAGCAATAC-1,0.000075,0.882761,0.061327,0.0372,0.000075,0.000075,0.018334,0.000075,0.000075
ATGTTCCTGCCCACCT-1,0.000113,0.526301,0.000113,0.000227,0.051712,0.000113,0.421193,0.000113,0.000113
ATGTTCGTCGACCCAC-1,0.000028,0.059053,0.279282,0.269222,0.020499,0.042175,0.071359,0.065017,0.193366
ATGTTGATTAGAGACT-1,0.032155,0.251129,0.000113,0.000225,0.555975,0.000113,0.160066,0.000113,0.000113
ATGTTGTAGTCTGTTT-1,0.000129,0.000129,0.015436,0.02666,0.437781,0.07611,0.41584,0.005481,0.022434
ATGTTTCGGCCCGGAG-1,0.000128,0.000128,0.000128,0.000256,0.547815,0.149218,0.276704,0.017653,0.007969
ATGTTTGTAAGATCAT-1,0.000024,0.033347,0.284269,0.276954,0.03532,0.062946,0.180072,0.062941,0.064127
ATTAAACATGCGGACC-1,0.000015,0.000015,0.49244,0.397558,0.000015,0.086251,0.00016,0.020807,0.002738
ATTAACACCTGAGATA-1,0.000053,0.384913,0.063126,0.171884,0.190738,0.006015,0.001879,0.014192,0.1672
ATTAATACTACGCGGG-1,0.000733,0.065219,0.108324,0.584026,0.007733,0.01445,0.159573,0.025923,0.034018
ATTAATGAACCAGTCG-1,0.000041,0.017419,0.386703,0.070983,0.036727,0.044213,0.417761,0.006129,0.020024
ATTAATTCGGTCACTC-1,0.000216,0.321539,0.000216,0.000431,0.154666,0.052893,0.410651,0.047771,0.011617
ATTACAACTACCGGCC-1,0.000065,0.076528,0.101392,0.040309,0.15978,0.065197,0.318918,0.000065,0.237746
ATTACGACTCCACAGT-1,0.014953,0.008864,0.238413,0.081345,0.097793,0.404097,0.09352,0.033871,0.027144
ATTACGCGCTGGCAGG-1,0.00003,0.026721,0.493225,0.100685,0.112851,0.050122,0.078542,0.067816,0.070009
ATTACGGGCTACGGTT-1,0.000224,0.005422,0.022822,0.619,0.094403,0.013135,0.005155,0.212746,0.027094
ATTACTAGCCTCTTGC-1,0.00007,0.602927,0.017649,0.053726,0.00007,0.01427,0.205786,0.050887,0.054614
ATTACTTACTGGGCAT-1,0.000038,0.02327,0.472297,0.168868,0.008213,0.046473,0.19014,0.033691,0.05701
ATTAGATTCCTCAGCA-1,0.000051,0.007415,0.052874,0.016161,0.026911,0.486687,0.362102,0.002164,0.045635
ATTAGATTGATAGCGG-1,0.000057,0.254326,0.128348,0.209792,0.026513,0.007551,0.117177,0.014592,0.241642
ATTAGGCGATGCTTTC-1,0.000034,0.007178,0.395208,0.350331,0.000034,0.177941,0.02155,0.018839,0.028885
ATTATACTTTGCTCGT-1,0.000062,0.047996,0.267175,0.124788,0.042322,0.103803,0.114703,0.150408,0.148742
ATTATAGCTACTTTAC-1,0.000079,0.000079,0.024832,0.059674,0.488565,0.341101,0.046003,0.034603,0.005065
ATTATCGGAATGTACG-1,0.000094,0.000094,0.000094,0.000188,0.255684,0.087033,0.645674,0.001707,0.009432
ATTATCTCGACAGATC-1,0.000935,0.763178,0.000935,0.230278,0.000935,0.000935,0.000935,0.000935,0.000935
ATTATGAGACCCAATT-1,0.004953,0.000089,0.000089,0.069659,0.6016,0.073372,0.059675,0.167239,0.023324
ATTATGCCATAGGGAG-1,0.000048,0.135483,0.130241,0.457593,0.060104,0.032254,0.086451,0.028424,0.069402
ATTATGCTCAGTATTG-1,0.000025,0.014785,0.450626,0.137111,0.03708,0.244697,0.041627,0.040095,0.033952
ATTATTATGTCCGTCA-1,0.006845,0.005462,0.033491,0.483989,0.286126,0.000258,0.003096,0.111738,0.068995
ATTATTCAGAGTCACT-1,0.10038,0.076003,0.000339,0.000678,0.288776,0.000339,0.532807,0.000339,0.000339
ATTCAAAGTACCTGTT-1,0.000198,0.998217,0.000198,0.000396,0.000198,0.000198,0.000198,0.000198,0.000198
ATTCACTGATGTTGGA-1,0.000108,0.016021,0.000108,0.000216,0.787691,0.076539,0.01817,0.000108,0.101039
ATTCAGATGAATCCCT-1,0.000013,0.010012,0.510695,0.36659,0.003057,0.011612,0.00683,0.031571,0.05962
ATTCAGGACCTATTTC-1,0.000036,0.000036,0.54049,0.215495,0.000036,0.03507,0.101896,0.037433,0.069508
ATTCAGGATCGCCTCT-1,0.000036,0.155204,0.09738,0.37294,0.046928,0.028911,0.028439,0.016808,0.253353
ATTCAGTAGCAGGGTC-1,0.000058,0.084761,0.082787,0.203675,0.211456,0.095826,0.145038,0.107534,0.068866
ATTCATATACTGTCCA-1,0.000044,0.000044,0.102968,0.150121,0.046274,0.478999,0.019381,0.074281,0.127888
ATTCATCGTTGAGGCA-1,0.21939,0.031588,0.000265,0.000529,0.737783,0.000265,0.009651,0.000265,0.000265
ATTCCCACATAAACAA-1,0.000032,0.12772,0.083607,0.129585,0.197611,0.062845,0.281213,0.029198,0.088188
ATTCCCGAAGGTACAG-1,0.000093,0.031689,0.047655,0.090856,0.782579,0.013003,0.000093,0.029213,0.004819
ATTCCTAAGACGTGGA-1,0.000024,0.012547,0.559262,0.10051,0.020145,0.131073,0.099189,0.030359,0.046892
ATTCCTCCGCCAGTGC-1,0.000056,0.251768,0.127152,0.040989,0.152298,0.100062,0.155288,0.05265,0.119737
ATTCCTTCCAGGCGGT-1,0.000105,0.999052,0.000105,0.000211,0.000105,0.000105,0.000105,0.000105,0.000105
ATTCGACGCCGGGCCT-1,0.000025,0.106966,0.596863,0.186798,0.015078,0.014822,0.011081,0.034867,0.0335
ATTCGCAGAGGACACT-1,0.000011,0.000011,0.239754,0.578339,0.000011,0.135841,0.000496,0.040114,0.005422
ATTCGCGCCTTGAGAG-1,0.263627,0.000413,0.000413,0.000827,0.733066,0.000413,0.000413,0.000413,0.000413
ATTCGTGTACCCATTC-1,0.007872,0.003056,0.010342,0.721861,0.049643,0.001948,0.002634,0.171837,0.030806
ATTCGTTTATCGTATT-1,0.012766,0.015633,0.000159,0.000318,0.898609,0.000159,0.072037,0.000159,0.000159
ATTCTCGTCTCTTTAG-1,0.000053,0.522953,0.069678,0.395247,0.000053,0.000053,0.000053,0.011859,0.000053
ATTCTGAGTATGAACT-1,0.000322,0.21358,0.000322,0.001036,0.244961,0.484722,0.043046,0.000322,0.011691
ATTCTTCGTACTTATG-1,0.000048,0.065487,0.272531,0.360677,0.015129,0.052714,0.084976,0.026831,0.121607
ATTGAAGATCTTAGTG-1,0.000035,0.035118,0.290628,0.434183,0.011569,0.025856,0.072988,0.038055,0.091567
ATTGACCGGCGATGAC-1,0.000036,0.011251,0.044739,0.000071,0.067004,0.601045,0.203852,0.003266,0.068736
ATTGACGTAACTCGGT-1,0.047125,0.098937,0.000648,0.048961,0.132174,0.000359,0.353677,0.000359,0.31776
ATTGATAGCAACGAGA-1,0.000061,0.974563,0.000061,0.000123,0.024947,0.000061,0.000061,0.000061,0.000061
ATTGATCACCACATTT-1,0.000034,0.000034,0.04489,0.453487,0.123742,0.105717,0.013447,0.185935,0.072715
ATTGATGAGTCCTAAC-1,0.000049,0.000049,0.001386,0.037062,0.051703,0.703014,0.163656,0.027061,0.01602
ATTGCCTATTAGACCG-1,0.000137,0.000137,0.000137,0.04974,0.433432,0.000137,0.055636,0.000157,0.460486
ATTGCCTTTATGTTTG-1,0.040662,0.000155,0.000155,0.00031,0.851023,0.000155,0.107231,0.000155,0.000155
ATTGCTGCTCCTCCAT-1,0.000058,0.011983,0.196803,0.049861,0.107807,0.156885,0.31114,0.004966,0.160496
ATTGGGAATATCTTGG-1,0.012283,0.422327,0.053089,0.181988,0.060116,0.004376,0.028271,0.013486,0.224066
ATTGGGAGTTCTGTAA-1,0.000022,0.012997,0.464377,0.356705,0.010895,0.023493,0.013642,0.044344,0.073525
ATTGGTAGGATCCGCT-1,0.003797,0.134763,0.100867,0.453621,0.051178,0.027266,0.096454,0.043437,0.088616
ATTGGTTGTGCATTAC-1,0.000161,0.070674,0.000161,0.000321,0.697995,0.000161,0.230208,0.000161,0.000161
ATTGTACAACTCGGCT-1,0.000025,0.000025,0.058165,0.313108,0.01219,0.177344,0.038879,0.335297,0.064966
ATTGTCGCAATACCTT-1,0.002926,0.073759,0.206957,0.625743,0.01867,0.000613,0.012672,0.017794,0.040866
ATTGTCTGTTTCATGT-1,0.005513,0.000019,0.00678,0.453578,0.064263,0.023373,0.058558,0.313932,0.073985
ATTGTGACTTCGCTGC-1,0.000021,0.016478,0.545345,0.407104,0.009833,0.00193,0.002014,0.009154,0.008121
ATTTAACTCGTATTAC-1,0.058462,0.379601,0.029516,0.513196,0.000044,0.000044,0.000044,0.004523,0.014571
ATTTACAGTTTACTGG-1,0.000029,0.015761,0.154931,0.679317,0.000361,0.01325,0.028805,0.028185,0.079362
ATTTACTAAGTCCATT-1,0.000058,0.000058,0.000058,0.000116,0.153778,0.477566,0.354924,0.012448,0.000994
ATTTATACTGGTAAAG-1,0.000015,0.000015,0.011669,0.48916,0.016724,0.037267,0.008658,0.395646,0.040846
ATTTCATTATTTCGCG-1,0.000048,0.121419,0.150215,0.701282,0.000048,0.000048,0.000048,0.003368,0.023524
ATTTCCGGGTTCTGCG-1,0.000045,0.000045,0.076471,0.176161,0.052125,0.135622,0.068392,0.342986,0.148153
ATTTGCCTAGTTACGA-1,0.000302,0.698362,0.000302,0.123534,0.17629,0.000302,0.000302,0.000302,0.000302
ATTTGCGCGAGTAGCT-1,0.000025,0.000025,0.124673,0.659785,0.007004,0.060227,0.000025,0.142807,0.005429
ATTTGGAGATTGCGGT-1,0.01171,0.125847,0.105103,0.300621,0.376798,0.000243,0.000045,0.079587,0.000045
ATTTGTCTTGGGAGCT-1,0.000039,0.000039,0.054381,0.605205,0.006621,0.132204,0.000039,0.165478,0.035995
ATTTGTTCCAGGGCTC-1,0.000049,0.129655,0.254468,0.177811,0.051918,0.029284,0.09001,0.002735,0.26407
CAAACCAGGTCTGCAT-1,0.000011,0.024772,0.642897,0.143311,0.043274,0.041051,0.020844,0.038878,0.044961
CAAACCATAAGCGTAT-1,0.000004,0.000004,0.015598,0.724503,0.017023,0.025611,0.005208,0.173787,0.038261
CAAACCCTCCGGCGGG-1,0.008694,0.000053,0.000053,0.013453,0.565762,0.075164,0.284231,0.032451,0.020138
CAAACGAGTATCGCAG-1,0.003162,0.000023,0.382067,0.059377,0.076206,0.289141,0.125807,0.032313,0.031905
CAAACGGTCGCACTTT-1,0.000028,0.065868,0.151832,0.345975,0.0321,0.044139,0.023575,0.019687,0.316795
CAAACGTGGTCTTGCG-1,0.000061,0.22901,0.170667,0.519495,0.010338,0.000061,0.006016,0.035638,0.028715
CAAACTACGATAGAGA-1,0.000026,0.097815,0.117847,0.602916,0.056005,0.011388,0.015033,0.034316,0.064653
CAAACTATTGAGCTTC-1,0.000105,0.305456,0.01894,0.503181,0.000105,0.016632,0.000105,0.044071,0.111404
CAAAGATTATTGGGCC-1,0.000022,0.000595,0.01488,0.496537,0.072779,0.031903,0.012819,0.32745,0.043014
CAAAGGTTAAATTCAG-1,0.000008,0.035628,0.528724,0.227956,0.003538,0.137643,0.007239,0.040402,0.018863
CAAAGTCAGGTTAGCT-1,0.000081,0.999267,0.000081,0.000163,0.000081,0.000081,0.000081,0.000081,0.000081
CAAATCTCTCACAAGG-1,0.000012,0.001043,0.617872,0.278288,0.012481,0.054787,0.004331,0.020017,0.011169
CAAATGTCCTTCCGTG-1,0.000022,0.01515,0.306889,0.411602,0.008721,0.139356,0.036174,0.049527,0.032559
CAAATTGGATTATGCC-1,0.000031,0.000031,0.162945,0.055827,0.015977,0.49971,0.159976,0.040429,0.065073
CAAATTGTCAGCAAGC-1,0.020444,0.090635,0.020935,0.841497,0.000089,0.000089,0.000089,0.026134,0.000089
CAACACATCTCCTGCC-1,0.000059,0.000059,0.000059,0.035539,0.525417,0.168274,0.061126,0.105962,0.103506
CAACAGAATAACGCTA-1,0.000015,0.138411,0.227851,0.267728,0.046501,0.090489,0.041404,0.060167,0.127433
CAACAGTGCCAAACGG-1,0.000083,0.237413,0.010895,0.243656,0.507618,0.000083,0.000083,0.000083,0.000083
CAACATGGCCTGATAA-1,0.000725,0.909366,0.000725,0.00145,0.084835,0.000725,0.000725,0.000725,0.000725
CAACCGCACCTAGACA-1,0.000061,0.999447,0.000061,0.000123,0.000061,0.000061,0.000061,0.000061,0.000061
CAACCTGAACCTGCCA-1,0.000016,0.000016,0.036587,0.318996,0.023003,0.303339,0.060983,0.197143,0.059917
CAACGACCCGTTTACA-1,0.000048,0.175582,0.095415,0.096704,0.207504,0.075961,0.164052,0.026156,0.158578
CAACGAGCTTATTATG-1,0.006346,0.028335,0.152722,0.277099,0.22038,0.17262,0.042938,0.074349,0.025211
CAACGCGATGAGCCAA-1,0.000012,0.000012,0.023661,0.341347,0.105491,0.192954,0.105228,0.184359,0.046937
CAACGGTTCTTGATAC-1,0.000075,0.528029,0.000075,0.008515,0.158699,0.008307,0.219642,0.059301,0.017356
CAACTATATCGAATGC-1,0.000042,0.006967,0.210791,0.261668,0.048757,0.178,0.115452,0.077315,0.101007
CAACTCCAACGTTTAG-1,0.000142,0.283274,0.222161,0.195752,0.007011,0.004591,0.054585,0.182485,0.049998
CAACTCCGTAACTTGC-1,0.00002,0.020702,0.239546,0.092801,0.025242,0.300117,0.232553,0.040275,0.048743
CAACTCCTTGATCCCG-1,0.000071,0.377358,0.000071,0.000141,0.013339,0.012474,0.439125,0.000071,0.157351
CAACTGAGGGTATGAC-1,0.000017,0.014982,0.179648,0.014539,0.033158,0.473035,0.173117,0.052243,0.059259
CAACTGCTCATCCGAT-1,0.000058,0.034261,0.040758,0.231382,0.546569,0.015962,0.07486,0.030469,0.02568
CAACTTGTAGTGGGCA-1,0.000076,0.999317,0.000076,0.000152,0.000076,0.000076,0.000076,0.000076,0.000076
CAAGAAACCCTAAACT-1,0.000008,0.059758,0.344563,0.401448,0.012023,0.100333,0.009507,0.045247,0.027112
CAAGACTCAGAAGCGC-1,0.000056,0.030876,0.122411,0.005094,0.740727,0.055242,0.010637,0.019655,0.015303
CAAGAGGGCGGAGTAC-1,0.000031,0.000031,0.140094,0.329099,0.014688,0.258659,0.026992,0.160516,0.069891
CAAGATATTATAACGT-1,0.000063,0.004374,0.004568,0.053371,0.277512,0.114192,0.338158,0.180337,0.027424
CAAGCAACGTCGGAGT-1,0.000021,0.037939,0.222246,0.22018,0.059625,0.080704,0.120652,0.038678,0.219954
CAAGCACCAAATGCCT-1,0.00002,0.120812,0.085604,0.687141,0.025128,0.002844,0.001946,0.020281,0.056226
CAAGCGGCACATAATT-1,0.000097,0.003647,0.027118,0.017402,0.835308,0.069872,0.030406,0.000097,0.016052
CAAGGATCGCATGTTC-1,0.000044,0.007359,0.222145,0.100444,0.023586,0.563002,0.021915,0.037804,0.023701
CAAGGTCCTATAGGCT-1,0.000046,0.000046,0.000663,0.026163,0.043144,0.312534,0.136733,0.248649,0.232022
CAAGTAAGTGATAGAC-1,0.003372,0.000047,0.000047,0.129364,0.422817,0.106675,0.263228,0.024998,0.049452
CAAGTCGTTGAAATCT-1,0.000009,0.000547,0.02684,0.627828,0.017784,0.072456,0.017891,0.191147,0.045498
CAAGTGAACTTTGGTT-1,0.001021,0.920941,0.001021,0.002041,0.070893,0.001021,0.001021,0.001021,0.001021
CAAGTGTGGTTGCAAA-1,0.00003,0.00003,0.006466,0.48388,0.110816,0.07189,0.048141,0.238991,0.039755
CAATAAACCTTGGCCC-1,0.000034,0.025407,0.519607,0.152409,0.012651,0.00775,0.23735,0.012823,0.031969
CAATACGCTCTGAGGC-1,0.000019,0.013421,0.574562,0.299033,0.018222,0.008268,0.009522,0.045559,0.031394
CAATATGTAGATTTAC-1,0.0029,0.047413,0.505751,0.169086,0.008513,0.023068,0.030907,0.050709,0.161654
CAATATTCTTGACCTA-1,0.019762,0.000039,0.03193,0.318306,0.195424,0.137481,0.070732,0.173119,0.053207
CAATATTGGACTAGTG-1,0.000118,0.956168,0.000118,0.000237,0.042885,0.000118,0.000118,0.000118,0.000118
CAATCCATTATCCGTT-1,0.000021,0.098653,0.170575,0.501841,0.014721,0.02332,0.02862,0.058908,0.103341
CAATCCCTATACCAGC-1,0.000054,0.042275,0.198673,0.169122,0.164684,0.071719,0.176182,0.033064,0.144227
CAATCCTGCCGTGGAG-1,0.000114,0.74035,0.000114,0.000229,0.030619,0.007959,0.207329,0.013171,0.000114
CAATGACCCTTAATTT-1,0.000032,0.002517,0.000795,0.357341,0.038005,0.027943,0.190258,0.346592,0.036517
CAATGAGGTTCGACTA-1,0.000036,0.000036,0.013708,0.173472,0.060584,0.191302,0.006969,0.361112,0.192782
CAATGCGAGAAGTATC-1,0.000141,0.171407,0.000141,0.000283,0.741671,0.000141,0.085932,0.000141,0.000141
CAATGGAATCTACATA-1,0.000061,0.003587,0.117766,0.089276,0.175802,0.077179,0.190346,0.012272,0.333711
CAATGGATCTCTACCA-1,0.000037,0.002431,0.373804,0.034221,0.018347,0.161764,0.178817,0.091359,0.139221
CAATGGTCGGCCTGGG-1,0.00065,0.488871,0.00065,0.232502,0.00065,0.00065,0.00065,0.274729,0.00065
CAATGTGCCAACCCTT-1,0.000117,0.000123,0.02471,0.030308,0.843587,0.008679,0.077571,0.000117,0.014789
CAATTAAGGGTGATGA-1,0.00005,0.182621,0.272889,0.04086,0.017584,0.287742,0.065275,0.066568,0.066411
CAATTGGGCCGCACTC-1,0.001233,0.000027,0.000918,0.609095,0.027499,0.003773,0.00265,0.305335,0.04947
CAATTTCGTATAAGGG-1,0.004814,0.023063,0.404657,0.099863,0.046945,0.132273,0.162126,0.085652,0.040608
CAATTTGACCGGGAAG-1,0.000092,0.999171,0.000092,0.000184,0.000092,0.000092,0.000092,0.000092,0.000092
CACAAGAAAGATATTA-1,0.000018,0.012731,0.477064,0.235307,0.024476,0.059998,0.073659,0.022586,0.094162
CACAAGCTAAGAAAGG-1,0.000018,0.000018,0.000651,0.564633,0.100416,0.001928,0.000329,0.278853,0.053153
CACAATGAGCTGCTAT-1,0.000021,0.003742,0.432046,0.242773,0.019608,0.087081,0.079317,0.086351,0.049062
CACACAGGGATAGATT-1,0.000031,0.224932,0.023713,0.50006,0.039647,0.010805,0.062847,0.038341,0.099624
CACACGCGCTGTCTTA-1,0.000029,0.000029,0.369612,0.372387,0.010937,0.128417,0.01711,0.08553,0.01595
CACACGTTTCAATGGG-1,0.000041,0.074544,0.122944,0.337493,0.187431,0.003003,0.018666,0.012766,0.243111
CACACTTGTATTGCGA-1,0.000033,0.000033,0.175514,0.076736,0.052087,0.190532,0.203197,0.060604,0.241265
CACAGAGACGAGGACG-1,0.001063,0.024774,0.069465,0.116935,0.744371,0.002941,0.009022,0.023257,0.008171
CACAGCACCCACGGCA-1,0.000052,0.078467,0.487462,0.249116,0.000052,0.021016,0.01114,0.06129,0.091406
CACAGCTAGGGAGTGA-1,0.000024,0.074612,0.140144,0.629423,0.041386,0.015067,0.024593,0.01735,0.0574
CACAGGGCCGTTGTCA-1,0.022872,0.000155,0.159827,0.053401,0.582989,0.035691,0.023765,0.000155,0.121144
CACATATTAGCAGGAT-1,0.00006,0.00006,0.027967,0.150931,0.03777,0.448928,0.047608,0.16618,0.120495
CACATCGTGCACGCGC-1,0.000084,0.000084,0.000084,0.077315,0.726303,0.059271,0.000084,0.111725,0.025049
CACATCTCACCGACGA-1,0.000191,0.000191,0.042418,0.000382,0.737438,0.082942,0.136056,0.000191,0.000191
CACATGATTCAGCAAC-1,0.000034,0.01447,0.301516,0.017608,0.016145,0.303523,0.126393,0.016499,0.203814
CACATGTTTGGACATG-1,0.000105,0.999055,0.000105,0.00021,0.000105,0.000105,0.000105,0.000105,0.000105
CACATTCTTTCGATGG-1,0.001554,0.096632,0.229909,0.240912,0.004093,0.090265,0.111656,0.032827,0.192151
CACCAATCATCCGTCT-1,0.000027,0.001021,0.013693,0.513095,0.107714,0.032163,0.013654,0.254401,0.064231
CACCACGCCACACAGA-1,0.000031,0.045757,0.257706,0.014164,0.131971,0.136958,0.174591,0.010033,0.228791
CACCAGTCAGCATGCA-1,0.000069,0.048309,0.00495,0.156924,0.621669,0.107135,0.029503,0.01532,0.01612
CACCATCGGAGGAGAC-1,0.000099,0.355843,0.019163,0.221264,0.009071,0.002188,0.000099,0.000099,0.392175
CACCATGATCGCAAAG-1,0.000015,0.090412,0.441314,0.272073,0.022542,0.030328,0.023791,0.060863,0.058662
CACCCAAATCTTATGT-1,0.000021,0.000021,0.03241,0.655235,0.036165,0.023819,0.010659,0.204539,0.037132
CACCCACACGTCACCC-1,0.000078,0.288868,0.000078,0.020669,0.259867,0.061011,0.093433,0.000078,0.275919
CACCCACGAGGCAATT-1,0.000035,0.036319,0.491695,0.07836,0.013394,0.107414,0.178362,0.002175,0.092245
CACCCGGTTTGTGACT-1,0.000021,0.000021,0.104557,0.683636,0.025989,0.086992,0.005082,0.077199,0.016503
CACCCTAACAAGATCT-1,0.013283,0.047447,0.077593,0.000289,0.86081,0.000145,0.000145,0.000145,0.000145
CACCCTTGGTGAGACC-1,0.000019,0.010311,0.155309,0.481217,0.010296,0.148557,0.014054,0.10457,0.075668
CACCCTTTCCTCGCTC-1,0.000045,0.586104,0.011606,0.402019,0.000045,0.000045,0.000045,0.000045,0.000045
CACCGATACACCGAGC-1,0.000064,0.193118,0.185384,0.173321,0.079908,0.096128,0.019559,0.010798,0.241719
CACCGCCAGAAGGTTT-1,0.00005,0.069814,0.137131,0.335709,0.052361,0.025617,0.062885,0.123412,0.193021
CACCGCCGACCAGCGA-1,0.00122,0.344192,0.00122,0.00244,0.00122,0.00122,0.540656,0.00122,0.106613
CACCGCGTCCACTCTA-1,0.004048,0.035836,0.346755,0.064043,0.048483,0.076945,0.120038,0.120821,0.18303
CACCGGAGATATCTCC-1,0.000024,0.04687,0.076378,0.697415,0.014988,0.01101,0.009134,0.030344,0.113838
CACCGGGCATCACAAG-1,0.000102,0.012824,0.000102,0.000205,0.801352,0.008519,0.176692,0.000102,0.000102
CACCGGTAGAGACATT-1,0.000078,0.000078,0.022303,0.032571,0.751046,0.080588,0.060568,0.007769,0.044998
CACCGTTAGGGATCAC-1,0.011111,0.015483,0.066746,0.310918,0.050946,0.159351,0.057498,0.290228,0.03772
CACCGTTGCGCGATAT-1,0.000033,0.025223,0.236321,0.033072,0.012883,0.480784,0.101433,0.032493,0.077759
CACCTAATAGAGTCGT-1,0.00771,0.441516,0.000097,0.000195,0.014407,0.052485,0.483395,0.000097,0.000097
CACCTAATCAGTTTAC-1,0.000042,0.019462,0.223196,0.438798,0.003739,0.116698,0.098312,0.015683,0.084071
CACCTCGATGGTGGAC-1,0.000037,0.113325,0.327442,0.376885,0.083974,0.014388,0.015627,0.020107,0.048215
CACCTCTACGAGTGTG-1,0.000013,0.028626,0.554642,0.227468,0.000239,0.090485,0.004445,0.081384,0.012698
CACCTTGCGAAACTCG-1,0.000043,0.010356,0.411118,0.072531,0.018722,0.051983,0.281151,0.040995,0.1131
CACGAAAGTTAGTCCC-1,0.000036,0.040256,0.257328,0.109623,0.070579,0.074081,0.163153,0.018258,0.266685
CACGACCACAGACTTT-1,0.000016,0.095176,0.173175,0.649914,0.010259,0.002602,0.001781,0.028964,0.038114
CACGACGTAATAGTAA-1,0.00002,0.045079,0.328823,0.098713,0.0458,0.124129,0.148123,0.04807,0.161242
CACGACTAAAGTTCTG-1,0.00049,0.853762,0.00049,0.142806,0.00049,0.00049,0.00049,0.00049,0.00049
CACGAGCAAACCAGAC-1,0.000007,0.000007,0.011367,0.707665,0.037304,0.027619,0.080831,0.12516,0.010041
CACGCACAGCGCAGCT-1,0.000043,0.068836,0.280395,0.259557,0.011869,0.016629,0.18406,0.022094,0.156517
CACGCAGCGAGGCTTT-1,0.000032,0.04485,0.166451,0.470482,0.022536,0.032525,0.053185,0.129261,0.080678
CACGCGGAACTGTTGC-1,0.000097,0.000097,0.03727,0.023129,0.402268,0.345354,0.000685,0.170524,0.020574
CACGGACGTGGATGGC-1,0.000011,0.000011,0.382799,0.465435,0.008969,0.02072,0.001926,0.094543,0.025588
CACGGCGCGCCAAAGG-1,0.00001,0.015399,0.581094,0.380138,0.00001,0.000056,0.00001,0.017849,0.005433
CACGGGATTGAGGGTT-1,0.000018,0.037146,0.155696,0.589267,0.034484,0.0139,0.011677,0.034529,0.123283
CACGTCGGCAACCTCT-1,0.000045,0.000045,0.085764,0.000738,0.063707,0.654826,0.144071,0.010852,0.039954
CACGTCGGGTTCTAGA-1,0.0001,0.803875,0.046285,0.006604,0.100135,0.021891,0.020911,0.0001,0.0001
CACGTCTATGATGTGG-1,0.000038,0.179863,0.184385,0.322657,0.089775,0.009869,0.042828,0.02025,0.150335
CACGTTCGTGCTCTAG-1,0.000039,0.000039,0.265103,0.192921,0.000579,0.422164,0.047826,0.055854,0.015473
CACTAAAGTTGCCTAT-1,0.000035,0.014784,0.285763,0.022314,0.116032,0.19434,0.185374,0.003175,0.178184
CACTACTCAGTTCTGT-1,0.022467,0.388324,0.000513,0.001026,0.000513,0.084043,0.502088,0.000513,0.000513
CACTCAAGAGCTATGG-1,0.000036,0.004636,0.56339,0.134339,0.006778,0.091018,0.030255,0.099799,0.069748
CACTCAGCTCTTGAGG-1,0.00042,0.132035,0.655993,0.000841,0.20903,0.00042,0.00042,0.00042,0.00042
CACTCCTATGTAAGAT-1,0.000029,0.000029,0.005691,0.600201,0.028249,0.086833,0.016899,0.240194,0.021875
CACTCCTCTCGGTCGG-1,0.002878,0.006348,0.387715,0.211357,0.025875,0.062255,0.086697,0.022357,0.194517
CACTCGAGCTGAACAA-1,0.000019,0.032568,0.123539,0.686174,0.008199,0.017033,0.009756,0.084816,0.037896
CACTCGGTTAGGAGGA-1,0.00002,0.029978,0.229446,0.448195,0.012777,0.0343,0.03075,0.057886,0.156648
CACTCTCAAGCATCGA-1,0.000051,0.000051,0.010005,0.118149,0.145897,0.024537,0.518681,0.154066,0.028562
CACTGACGATTGTGGA-1,0.000093,0.033047,0.000093,0.010838,0.608369,0.022581,0.124356,0.20053,0.000093
CACTGTCCAAGTGAGA-1,0.021401,0.321785,0.130202,0.23335,0.096467,0.000045,0.017212,0.128903,0.050636
CACTTAATCAGACGGA-1,0.000036,0.028229,0.404834,0.129879,0.029708,0.101313,0.144541,0.076834,0.084626
CACTTCGCCACAGGCT-1,0.000075,0.482183,0.01834,0.000151,0.177224,0.070462,0.122557,0.008453,0.120556
CACTTCGTCTTATCTC-1,0.000099,0.832984,0.000099,0.000199,0.030742,0.045751,0.089927,0.000099,0.000099
CAGAACTTAGCCCTCT-1,0.03932,0.231978,0.000175,0.000351,0.727474,0.000175,0.000175,0.000175,0.000175
CAGACACCGATCGCTG-1,0.000028,0.010817,0.120919,0.139467,0.099498,0.397714,0.0435,0.120093,0.067964
CAGACCTGTAAGTGTT-1,0.000065,0.000065,0.177284,0.03098,0.171997,0.522881,0.030223,0.029028,0.037476
CAGACGAACCTGATAC-1,0.000024,0.000024,0.113287,0.40418,0.038213,0.233426,0.030191,0.111098,0.069556
CAGAGACGGTCACCCA-1,0.000034,0.000313,0.185792,0.210559,0.053609,0.269312,0.053106,0.166948,0.060328
CAGAGCATGAGCTTGC-1,0.000029,0.082586,0.329977,0.457975,0.000029,0.010143,0.019144,0.016434,0.083684
CAGAGGCGATGCATGA-1,0.000031,0.006273,0.033524,0.344731,0.082298,0.131546,0.046452,0.258589,0.096556
CAGAGTGATTTAACGT-1,0.00055,0.118538,0.286922,0.001099,0.00055,0.00055,0.297604,0.293639,0.00055
CAGATACTAACATAGT-1,0.000033,0.053532,0.133911,0.141409,0.133153,0.070874,0.158403,0.024589,0.284097
CAGATATGAAGATGAC-1,0.000043,0.000043,0.062974,0.47837,0.280277,0.003715,0.02125,0.067998,0.08533
CAGATCATTTAAAGTC-1,0.005801,0.000031,0.076248,0.021731,0.009142,0.65227,0.19309,0.025298,0.01639
CAGATCCTGGTTTGAA-1,0.000029,0.000029,0.038643,0.267293,0.061866,0.192952,0.098294,0.269918,0.070977
CAGATGTTTGTCCCAA-1,0.000039,0.015744,0.066154,0.151186,0.071469,0.194907,0.235776,0.049896,0.21483
CAGCAGCCCGTTCCTT-1,0.010499,0.062727,0.588692,0.337775,0.000034,0.000034,0.000034,0.000172,0.000034
CAGCAGTCTGTGCTGC-1,0.230063,0.036938,0.019553,0.072478,0.219629,0.024318,0.396778,0.000121,0.000121
CAGCCCTCACAGGCAG-1,0.000529,0.489737,0.412745,0.001058,0.093812,0.000529,0.000529,0.000529,0.000529
CAGCCGGGCCCTCTAT-1,0.000042,0.090477,0.183962,0.34223,0.216154,0.025535,0.001396,0.009268,0.130936
CAGCCTCCTGCAGAGG-1,0.000029,0.006761,0.496639,0.303648,0.000029,0.019752,0.005827,0.109436,0.057879
CAGCCTCTCCTCAAGA-1,0.000055,0.031475,0.347447,0.044693,0.111798,0.146317,0.254351,0.000581,0.063283
CAGCGATTCCCTTCAA-1,0.000034,0.000034,0.033664,0.292583,0.115939,0.288471,0.04389,0.140639,0.084746
CAGCGCCAACACGATA-1,0.000021,0.053564,0.447344,0.103999,0.073062,0.041281,0.098975,0.007218,0.174536
CAGCTCACTGAGACAT-1,0.000062,0.08156,0.583598,0.080004,0.04194,0.047743,0.155919,0.000062,0.009113
CAGCTCGACAAGTTAA-1,0.000034,0.007424,0.31563,0.185706,0.059143,0.277867,0.090438,0.048263,0.015495
CAGCTCGTGCTTGTGT-1,0.000056,0.627539,0.063065,0.226562,0.014237,0.01679,0.008757,0.02176,0.021235
CAGCTCTGGGCTCACT-1,0.000019,0.000019,0.035254,0.596184,0.122661,0.02697,0.032249,0.159289,0.027356
CAGCTGGCGTAACCGT-1,0.000021,0.007345,0.37836,0.113248,0.048564,0.252544,0.110925,0.04978,0.039212
CAGCTTAGTAGGTAGC-1,0.000024,0.040108,0.198194,0.543986,0.013602,0.039438,0.01631,0.042069,0.106267
CAGGAAGACTTTATAT-1,0.000052,0.093334,0.205833,0.254975,0.014577,0.144894,0.085097,0.043815,0.157424
CAGGATATATCGTTGT-1,0.000042,0.000042,0.193538,0.324562,0.000042,0.260303,0.000383,0.200187,0.020901
CAGGCAGTCTTACCAG-1,0.037119,0.005673,0.000098,0.000197,0.508255,0.000098,0.448364,0.000098,0.000098
CAGGCCAGTACCACCT-1,0.000029,0.000029,0.024836,0.276549,0.122057,0.201675,0.193728,0.133623,0.047473
CAGGCCGTTTGGGTGT-1,0.002603,0.001349,0.563287,0.155361,0.027513,0.052202,0.027556,0.017014,0.153115
CAGGCGCACGGTGGTC-1,0.000019,0.000019,0.000024,0.777667,0.005343,0.001888,0.000019,0.201735,0.013287
CAGGCGCCATGCTAGG-1,0.015476,0.025493,0.020499,0.568068,0.145465,0.024116,0.013203,0.16439,0.023288
CAGGGAGATAGGCCAG-1,0.000017,0.000017,0.119096,0.209171,0.143565,0.220389,0.032082,0.201687,0.073976
CAGGTTTAGTACTACA-1,0.000017,0.002816,0.389782,0.182463,0.017336,0.313991,0.029522,0.042299,0.021773
CAGTAACTATTTATTG-1,0.000021,0.019327,0.600445,0.353141,0.000021,0.001576,0.000139,0.020263,0.005068
CAGTAAGGGACGTCTC-1,0.000049,0.011302,0.018764,0.328401,0.524971,0.000049,0.005428,0.110989,0.000049
CAGTAATCCCTCCCAG-1,0.000093,0.406209,0.00512,0.000186,0.486372,0.012706,0.045947,0.000093,0.043273
CAGTACATTCTCTAAA-1,0.000015,0.01759,0.422896,0.354124,0.003182,0.033077,0.034013,0.08704,0.048064
CAGTACCAGTTTACGT-1,0.000034,0.004105,0.208193,0.166486,0.034272,0.305864,0.09255,0.121244,0.067253
CAGTAGATGATGTCCG-1,0.00019,0.184793,0.329858,0.484211,0.00019,0.00019,0.00019,0.00019,0.00019
CAGTAGCCCACGCGGT-1,0.003474,0.017812,0.403472,0.103619,0.004309,0.083102,0.211567,0.074215,0.09843
CAGTAGCGAGGTAGTA-1,0.001588,0.651488,0.001588,0.337398,0.001588,0.001588,0.001588,0.001588,0.001588
CAGTCCAACGCCTTCT-1,0.00001,0.00001,0.371697,0.594052,0.00001,0.025144,0.00001,0.007259,0.001807
CAGTCGAGGATGCAAT-1,0.000025,0.041045,0.316225,0.256994,0.022187,0.154358,0.041737,0.124394,0.043035
CAGTCGGCCTAGATAT-1,0.000021,0.000021,0.476473,0.347333,0.018597,0.132144,0.010266,0.005882,0.009264
CAGTCTCTCGGCTAAT-1,0.000114,0.998977,0.000114,0.000227,0.000114,0.000114,0.000114,0.000114,0.000114
CAGTCTGTATACTGGG-1,0.000024,0.02999,0.146876,0.72535,0.000024,0.038412,0.000024,0.057084,0.002217
CAGTGAATAAATGACT-1,0.000038,0.030845,0.436011,0.053058,0.026251,0.076507,0.362651,0.000038,0.014602
CAGTGGTTGCACATGA-1,0.00008,0.356923,0.00008,0.00016,0.379436,0.086131,0.177031,0.00008,0.00008
CAGTGTCCGCAGAATG-1,0.000086,0.827109,0.020217,0.000171,0.045363,0.09742,0.009463,0.000086,0.000086
CAGTGTTAATCTCTCA-1,0.000041,0.000041,0.103876,0.41529,0.369581,0.003898,0.000041,0.049962,0.05727
CAGTTCAAATTGACAC-1,0.000029,0.059571,0.142672,0.322811,0.035158,0.098716,0.066629,0.04366,0.230754
CAGTTCCGCGGGTCGA-1,0.000018,0.08223,0.037516,0.751885,0.060512,0.002969,0.006406,0.016328,0.042136
CAGTTCGAGGACCCGA-1,0.031551,0.000049,0.000049,0.002465,0.163291,0.039625,0.717314,0.043316,0.002341
CATAACGGACAGTCGT-1,0.00002,0.00002,0.283473,0.253563,0.033727,0.171186,0.03275,0.183774,0.041487
CATAAGAAGCTTGGCT-1,0.000144,0.040514,0.000144,0.000287,0.493772,0.000144,0.46471,0.000144,0.000144
CATAAGCTCTCCGTCT-1,0.009378,0.051404,0.414751,0.239661,0.012294,0.054468,0.026256,0.10202,0.089767
CATAATGAGCGGGCGA-1,0.000041,0.459213,0.06732,0.473222,0.000041,0.000041,0.000041,0.000041,0.000041
CATACAAAGCCGAACC-1,0.000083,0.678949,0.000083,0.000167,0.071583,0.0179,0.218757,0.012395,0.000083
CATACACAAAGTCAGC-1,0.000021,0.001697,0.009095,0.214263,0.270132,0.059431,0.033162,0.303224,0.108975
CATACACGGTTCCCAC-1,0.000113,0.000113,0.000113,0.063809,0.625206,0.000113,0.25056,0.033738,0.026234
CATACCCGTACCCAGT-1,0.00002,0.042082,0.500654,0.313088,0.009665,0.018926,0.032052,0.045737,0.037775
CATACGAACTAGCTGG-1,0.00008,0.024771,0.00008,0.00016,0.636894,0.028743,0.293923,0.00008,0.015268
CATACGGCGTCTGGGC-1,0.000033,0.009212,0.595167,0.180725,0.003204,0.135515,0.007847,0.056826,0.011472
CATACGGGTGCATGAT-1,0.000437,0.647209,0.000437,0.130777,0.000437,0.000437,0.000437,0.219392,0.000437
CATACTATGTAATTGT-1,0.000023,0.008195,0.490629,0.500923,0.000023,0.000023,0.000023,0.000069,0.000091
CATACTTAGGCAATAC-1,0.000115,0.062655,0.000115,0.053647,0.744519,0.099911,0.025873,0.005727,0.007439
CATACTTCTTTCTCCG-1,0.000085,0.000085,0.000085,0.000169,0.244013,0.033174,0.72222,0.000085,0.000085
CATAGAGGAGATACTA-1,0.000105,0.000105,0.000105,0.000211,0.98167,0.000105,0.017487,0.000105,0.000105
CATAGCCGCCCGGGAT-1,0.01615,0.138315,0.063419,0.246631,0.085594,0.015523,0.314686,0.006973,0.112709
CATAGCGTTGCCCACC-1,0.000031,0.000031,0.026602,0.456029,0.075897,0.199991,0.02697,0.123831,0.090616
CATAGGGACACTTGTG-1,0.000031,0.000031,0.025259,0.207458,0.165864,0.171524,0.274457,0.121024,0.03435
CATAGTACATTGAGAG-1,0.000056,0.02421,0.109855,0.297274,0.000964,0.043567,0.474915,0.015917,0.033241
CATAGTAGCATAGTAG-1,0.000086,0.303107,0.038392,0.000172,0.329445,0.159779,0.165524,0.000086,0.003408
CATAGTCAAATACATA-1,0.129934,0.000171,0.000171,0.000343,0.840006,0.000171,0.028861,0.000171,0.000171
CATAGTCCACAAGAAC-1,0.000014,0.005025,0.378454,0.360619,0.026383,0.121223,0.034588,0.038391,0.035302
CATATACTACTGATAA-1,0.000022,0.029987,0.626387,0.231053,0.015515,0.014729,0.030864,0.024501,0.026943
CATATAGGTACAGTCA-1,0.00004,0.012985,0.190508,0.039523,0.023074,0.254273,0.419527,0.024497,0.035574
CATATGTCAGGCTACG-1,0.000021,0.004904,0.261737,0.632832,0.010293,0.053798,0.000377,0.028797,0.007241
CATATTATTTGCCCTA-1,0.000167,0.202696,0.045313,0.287648,0.181086,0.001255,0.000167,0.101888,0.179781
CATCAAACTGGCGCCC-1,0.000009,0.002302,0.542806,0.343608,0.000646,0.064305,0.005409,0.034222,0.006692
CATCAACACCTACTAA-1,0.000078,0.747416,0.000078,0.000156,0.213993,0.001239,0.026558,0.010403,0.000078
CATCATCTACCCGGAC-1,0.000104,0.317238,0.006605,0.673717,0.000104,0.000104,0.000104,0.00192,0.000104
CATCCAATATAGTTTG-1,0.000073,0.006218,0.041272,0.109092,0.587761,0.073021,0.099372,0.043647,0.039545
CATCCGCAGGCCCGAA-1,0.000079,0.5229,0.176557,0.005395,0.054547,0.045664,0.047531,0.037256,0.11007
CATCGAATGGATCTCT-1,0.001053,0.788261,0.001053,0.002106,0.203315,0.001053,0.001053,0.001053,0.001053
CATCGCCCGCGGCCAA-1,0.000077,0.491731,0.000077,0.000155,0.233171,0.013907,0.237962,0.000077,0.022842
CATCGGACGGGTTAAT-1,0.000024,0.000024,0.608448,0.200601,0.003401,0.085478,0.00714,0.033969,0.060915
CATCGTCCGGTTACTA-1,0.000057,0.202669,0.03417,0.035572,0.277356,0.095919,0.256169,0.023127,0.074962
CATCTACCCGAGAACG-1,0.000021,0.026691,0.494514,0.062584,0.031397,0.165509,0.089757,0.043282,0.086246
CATCTATCCCGTGTCT-1,0.000045,0.01368,0.394562,0.018161,0.043268,0.101833,0.294427,0.005606,0.128417
CATCTGCAGGATCATT-1,0.000035,0.076107,0.114775,0.224466,0.095392,0.113808,0.094973,0.023138,0.257307
CATCTTACACCACCTC-1,0.000032,0.000032,0.054238,0.514553,0.074816,0.111485,0.010474,0.183738,0.050633
CATGAACCGACATTTG-1,0.004111,0.373531,0.000034,0.622174,0.00003,0.00003,0.00003,0.00003,0.00003
CATGAACCTCTTATCA-1,0.000228,0.447786,0.013739,0.172028,0.247543,0.053864,0.000228,0.000228,0.064354
CATGACTTCGCTGAAT-1,0.000104,0.000104,0.002503,0.123179,0.623006,0.009876,0.007543,0.070439,0.163245
CATGAGTCCATCACGG-1,0.000015,0.001421,0.021902,0.666615,0.050563,0.062975,0.059426,0.112269,0.024815
CATGATACGGTGAAAC-1,0.00001,0.00001,0.028436,0.441715,0.058514,0.122098,0.020612,0.258202,0.070402
CATGATGCACAATTCT-1,0.000038,0.081728,0.224804,0.432351,0.031996,0.027411,0.016283,0.068129,0.117259
CATGCACATGAGAGGC-1,0.001667,0.003759,0.072427,0.251214,0.262677,0.142005,0.057084,0.163543,0.045624
CATGCACGTGTTACTG-1,0.000039,0.069184,0.106957,0.26522,0.044603,0.074322,0.223361,0.073811,0.142502
CATGCATGGAGACCCT-1,0.000225,0.192672,0.000225,0.774971,0.000225,0.000225,0.000225,0.000225,0.031008
CATGCCAACTCGCAAA-1,0.000016,0.015121,0.474246,0.061743,0.026289,0.130215,0.05145,0.035002,0.205918
CATGCGACCAGTTTAA-1,0.000017,0.000017,0.357719,0.431035,0.000017,0.160097,0.009234,0.021733,0.020128
CATGCGTTAGACAGAA-1,0.025209,0.22446,0.21502,0.111611,0.06115,0.182914,0.15515,0.000055,0.02443
CATGCGTTGAGAGGAG-1,0.000016,0.000016,0.018976,0.558718,0.060731,0.020706,0.092059,0.221806,0.026972
CATGCTGGCTCCAATT-1,0.000112,0.58804,0.010093,0.000224,0.131455,0.197675,0.072177,0.000112,0.000112
CATGGAAATGGGACCA-1,0.000021,0.025182,0.373128,0.097348,0.049929,0.065931,0.179914,0.015206,0.193342
CATGGCAGGAAGATCG-1,0.000064,0.214638,0.030219,0.000129,0.150619,0.109403,0.424211,0.000064,0.070652
CATGGCTCCCTATGTC-1,0.000052,0.19781,0.107853,0.043962,0.091101,0.035452,0.304467,0.019351,0.199952
CATGGGTCGGGTGTGG-1,0.000058,0.034261,0.515354,0.225345,0.099142,0.015163,0.087717,0.000313,0.022647
CATGGTAAGTAGCGTT-1,0.000054,0.000054,0.142217,0.170674,0.056912,0.417383,0.034611,0.164412,0.013681
CATGGTATTAGTTTGT-1,0.000097,0.051194,0.000097,0.034397,0.885321,0.000097,0.000097,0.028601,0.000097
CATGGTCTAGATACCG-1,0.000034,0.076306,0.433283,0.231506,0.000749,0.052424,0.069787,0.03192,0.10399
CATGTAGGAGCGCCAA-1,0.000044,0.010878,0.355782,0.04572,0.023579,0.290551,0.042959,0.020479,0.210008
CATGTCTCATTTATGG-1,0.000133,0.000133,0.000133,0.000265,0.555227,0.121023,0.271124,0.000133,0.05183
CATGTGGGCTCATCAC-1,0.011257,0.011689,0.01054,0.340189,0.113917,0.070354,0.019706,0.221791,0.200557
CATTACATAGATTGTG-1,0.000029,0.000029,0.537206,0.314962,0.028871,0.049557,0.013102,0.031975,0.024268
CATTACGCAGGAAGGG-1,0.000158,0.085909,0.000158,0.000316,0.744606,0.000158,0.168379,0.000158,0.000158
CATTACGTCGGCCCGT-1,0.000035,0.033268,0.18379,0.618255,0.002379,0.020749,0.04715,0.055829,0.038544
CATTATAACAGGGTCC-1,0.000124,0.275756,0.002898,0.313783,0.255299,0.000124,0.000124,0.000535,0.151356
CATTATCCCATTAACG-1,0.000104,0.000104,0.000104,0.000207,0.484516,0.098208,0.199351,0.028829,0.188579
CATTATGCTTGTTGTG-1,0.000038,0.165499,0.173301,0.32454,0.04886,0.061545,0.04618,0.031861,0.148176
CATTCACTGACAGCTA-1,0.001137,0.437077,0.001137,0.127567,0.228499,0.001137,0.201173,0.001137,0.001137
CATTCAGGTCAGTGCG-1,0.00122,0.989021,0.00122,0.00244,0.00122,0.00122,0.00122,0.00122,0.00122
CATTCCCATTCCGTCG-1,0.000039,0.006044,0.066445,0.232128,0.210735,0.128765,0.113046,0.204621,0.038176
CATTCCCTAAGTACAA-1,0.000077,0.797965,0.000077,0.000153,0.197517,0.000077,0.003982,0.000077,0.000077
CATTGATGAACACGCC-1,0.00002,0.00002,0.486297,0.378541,0.034663,0.047091,0.004554,0.027838,0.020974
CATTGCAAAGCATAAT-1,0.000024,0.227399,0.14166,0.395575,0.047173,0.000587,0.003129,0.081644,0.102809
CATTGCGAAATGGGCG-1,0.000022,0.012324,0.471063,0.096698,0.032126,0.031205,0.058789,0.010001,0.287771
CATTGCGGGTCAATTC-1,0.000037,0.000037,0.074585,0.025596,0.026668,0.731015,0.082842,0.038632,0.020589
CATTGTGTGCTAGATC-1,0.014485,0.75338,0.000113,0.000226,0.222451,0.000113,0.009008,0.000113,0.000113
CATTTAGCGGACCATG-1,0.000055,0.039518,0.424642,0.091015,0.038509,0.111036,0.248776,0.025681,0.020768
CATTTATCGTTCAAGA-1,0.000083,0.347234,0.079703,0.56189,0.000083,0.000083,0.000083,0.010759,0.000083
CATTTCTAGCAGACTA-1,0.000087,0.846488,0.058418,0.000773,0.031542,0.048976,0.013543,0.000087,0.000087
CATTTGAGTGGTACGT-1,0.00006,0.015346,0.196029,0.1857,0.158181,0.140621,0.092961,0.159501,0.051601
CCAAACAGAACCCTCG-1,0.00003,0.113679,0.348119,0.108106,0.133085,0.019982,0.022006,0.044564,0.21043
CCAAAGCAGTTGGTTG-1,0.000077,0.945006,0.000077,0.000154,0.025377,0.000077,0.029078,0.000077,0.000077
CCAAAGTCCCGCTAAC-1,0.000725,0.849358,0.000725,0.145568,0.000725,0.000725,0.000725,0.000725,0.000725
CCAAATCAAAGGGCAA-1,0.000016,0.000016,0.031815,0.574848,0.1241,0.008354,0.024972,0.19764,0.038238
CCAACCTTATGTAACT-1,0.000056,0.000056,0.001461,0.002283,0.600415,0.041859,0.297118,0.02177,0.034983
CCAACGATGCACTGAT-1,0.00003,0.035423,0.216666,0.267419,0.025236,0.076413,0.137949,0.052609,0.188256
CCAACGCTTGCCAGGG-1,0.000019,0.012582,0.407204,0.487776,0.000019,0.001732,0.002075,0.006344,0.082249
CCAAGAAAGTGGGCGA-1,0.000023,0.000023,0.055754,0.157782,0.105579,0.449255,0.149837,0.032844,0.048904
CCAAGACTTCTGCGAA-1,0.000025,0.04917,0.192754,0.517872,0.00448,0.037418,0.035812,0.03495,0.127518
CCAAGCGTAACTCGTA-1,0.011408,0.037074,0.604614,0.197813,0.019884,0.01218,0.031921,0.064215,0.020891
CCAAGGAACAGAGAGG-1,0.000035,0.756566,0.055416,0.129787,0.000035,0.000035,0.000035,0.032742,0.025348
CCAAGTTTCTACAGAT-1,0.000048,0.483341,0.140894,0.334751,0.000048,0.000048,0.000048,0.021487,0.019333
CCAATAGATTTCATCT-1,0.012437,0.019209,0.343464,0.425532,0.005978,0.071186,0.030182,0.020552,0.071459
CCAATAGTGCCGTCGA-1,0.000031,0.026331,0.498874,0.264203,0.000855,0.004503,0.014753,0.098154,0.092296
CCAATCGGTAGATCGA-1,0.000045,0.045195,0.233735,0.215239,0.11567,0.139713,0.126242,0.059846,0.064314
CCAATGTCACAGCAAG-1,0.000022,0.041615,0.521149,0.206844,0.019088,0.043916,0.010722,0.024465,0.132179
CCAATTACGGGTCGAG-1,0.00103,0.087925,0.432136,0.014634,0.013426,0.044362,0.333753,0.000045,0.072689
CCAATTGAATGTTAAT-1,0.000038,0.30014,0.065809,0.199981,0.052884,0.047881,0.191582,0.042607,0.099077
CCACAATGTACGTCTT-1,0.000026,0.000026,0.624384,0.122702,0.003909,0.137094,0.044975,0.058949,0.007936
CCACACTGAGATATTA-1,0.000018,0.005265,0.491008,0.498433,0.000018,0.000094,0.000018,0.002517,0.002629
CCACAGCTGAAATCAT-1,0.108235,0.888554,0.002938,0.000078,0.000039,0.000039,0.000039,0.000039,0.000039
CCACAGTACCCATCCT-1,0.000201,0.000201,0.000201,0.000402,0.767571,0.000201,0.000201,0.000201,0.230822
CCACATGGCTCTTTAT-1,0.000022,0.000022,0.000022,0.871155,0.009559,0.000022,0.000022,0.115891,0.003283
CCACCAACTTTACTGT-1,0.000033,0.000033,0.124142,0.197337,0.147316,0.192443,0.070549,0.201829,0.066317
CCACCCAAGGAAAGTG-1,0.000022,0.000022,0.279354,0.278132,0.047168,0.252657,0.059658,0.047583,0.035404
CCACGAATTTAACCTC-1,0.000131,0.000131,0.020903,0.124956,0.808345,0.000723,0.0105,0.000131,0.03418
CCACGAGAAGAGAATC-1,0.000034,0.065096,0.097283,0.412126,0.090464,0.025857,0.018183,0.087149,0.203809
CCACGGAGCCATAAGA-1,0.000026,0.000465,0.220026,0.021478,0.090925,0.461101,0.145683,0.020352,0.039944
CCACGGCAGGTGTAGG-1,0.000015,0.000015,0.086557,0.680594,0.003341,0.008818,0.042457,0.167434,0.010769
CCACGGTGCCCGGTAG-1,0.00003,0.00003,0.015197,0.204109,0.066985,0.16437,0.101907,0.153007,0.294363
CCACGTAAATTAGACT-1,0.000079,0.029123,0.022916,0.000158,0.717645,0.012634,0.159774,0.057592,0.000079
CCACTAAACTGAATCG-1,0.000599,0.894956,0.000599,0.100851,0.000599,0.000599,0.000599,0.000599,0.000599
CCACTATCCGGGTCAC-1,0.000038,0.000038,0.003315,0.05304,0.143982,0.490006,0.165692,0.105515,0.038375
CCACTCAGATCCGCAA-1,0.000027,0.000027,0.002577,0.292955,0.165623,0.056373,0.078004,0.376182,0.028231
CCACTGGTGGCTGGTT-1,0.000024,0.043667,0.540626,0.312801,0.034258,0.002817,0.007712,0.009161,0.048935
CCACTTTCCTTCTAGG-1,0.000166,0.142113,0.000166,0.000332,0.837093,0.000166,0.019631,0.000166,0.000166
CCAGAAAGCAACTCAT-1,0.000018,0.000018,0.147616,0.205634,0.084413,0.286103,0.074839,0.121453,0.079906
CCAGAGACAAAGCCGG-1,0.000037,0.193313,0.083453,0.18715,0.19446,0.085297,0.187854,0.028158,0.040278
CCAGATAGTTGAGTGA-1,0.000034,0.060921,0.570622,0.134487,0.006417,0.044248,0.07508,0.082827,0.025364
CCAGATGTAAATGGGT-1,0.000015,0.000015,0.290459,0.449142,0.002604,0.178388,0.020514,0.046528,0.012334
CCAGCCTGGACCAATA-1,0.000025,0.045264,0.439423,0.132647,0.028853,0.066124,0.046935,0.204883,0.035847
CCAGCGGGATCACCAG-1,0.009195,0.38546,0.050013,0.067123,0.370357,0.061952,0.001295,0.025839,0.028766
CCAGCTACGCCTCATA-1,0.000053,0.549985,0.007334,0.436775,0.000053,0.000053,0.000053,0.00564,0.000053
CCAGCTCGAACGCATT-1,0.401892,0.034919,0.091601,0.037539,0.379006,0.012076,0.008641,0.012567,0.021759
CCAGCTGATGGTACTT-1,0.000025,0.029526,0.681455,0.103349,0.073075,0.029504,0.011066,0.049186,0.022815
CCAGCTTCCGCCCGCA-1,0.005407,0.048614,0.184324,0.575183,0.033621,0.026877,0.009664,0.066633,0.049678
CCAGGCGAGATGGTCT-1,0.000017,0.028307,0.11664,0.229572,0.068896,0.097118,0.096173,0.324979,0.038298
CCAGGGACGTGGCCTC-1,0.000046,0.123266,0.164037,0.093657,0.064508,0.105239,0.361606,0.007722,0.079918
CCAGTAGTCTGATCCA-1,0.000037,0.004282,0.459993,0.174865,0.006812,0.174293,0.051901,0.080333,0.047484
CCAGTCAAATCTCTTA-1,0.000027,0.000956,0.332102,0.032545,0.032199,0.17178,0.299215,0.02775,0.103424
CCAGTCCATTATTCGA-1,0.0001,0.87051,0.0001,0.000201,0.080336,0.041509,0.007042,0.0001,0.0001
CCAGTCTAGACGGCGC-1,0.000045,0.121202,0.342287,0.025984,0.005904,0.103198,0.361088,0.007817,0.032475
CCAGTGTACAGACCGA-1,0.00003,0.00003,0.018186,0.428455,0.231672,0.113068,0.02819,0.090045,0.090323
CCAGTTCGGTAACTCA-1,0.00004,0.00004,0.003148,0.102839,0.237584,0.203784,0.284584,0.159485,0.008496
CCATAAACAACCCGAC-1,0.000034,0.080858,0.023762,0.482948,0.069228,0.013482,0.044221,0.04949,0.235977
CCATAACCTGTGCAGT-1,0.000025,0.000025,0.049984,0.223811,0.063891,0.318175,0.088994,0.133442,0.121655
CCATACCTTTACTTGT-1,0.000033,0.000033,0.120307,0.3447,0.014932,0.275351,0.047472,0.144499,0.052673
CCATACTCGCCTCTCC-1,0.000026,0.041691,0.295692,0.271379,0.103222,0.021178,0.073037,0.050184,0.143592
CCATAGAGGCTGCCAG-1,0.000111,0.009453,0.000111,0.109463,0.686276,0.023265,0.000111,0.06471,0.106501
CCATAGGTTGGCGTGG-1,0.000058,0.081437,0.090877,0.198417,0.10696,0.098032,0.195372,0.041903,0.186944
CCATAGTCAGTAACCC-1,0.000042,0.925485,0.000042,0.074223,0.000042,0.000042,0.000042,0.000042,0.000042
CCATATTGGATCATGA-1,0.007683,0.99188,0.000055,0.000109,0.000055,0.000055,0.000055,0.000055,0.000055
CCATCATAAGAACAGG-1,0.000833,0.017333,0.503129,0.248961,0.038898,0.029415,0.028465,0.014329,0.118637
CCATCCATACCAAGTC-1,0.000086,0.907028,0.000086,0.000172,0.018396,0.073972,0.000086,0.000086,0.000086
CCATCGCAGTTAAACT-1,0.000023,0.000023,0.058897,0.399865,0.01367,0.25333,0.02301,0.174442,0.07674
CCATCTCACCAGTGAA-1,0.000037,0.000037,0.020123,0.157086,0.066937,0.371199,0.080281,0.127904,0.176395
CCATCTTGTTCACAAT-1,0.000105,0.999051,0.000105,0.000211,0.000105,0.000105,0.000105,0.000105,0.000105
CCATGCCTGTTTAGTA-1,0.000055,0.000055,0.380055,0.024574,0.08164,0.109307,0.337105,0.000939,0.066271
CCATGCTCTGCAGGAA-1,0.000063,0.129885,0.030152,0.064851,0.119071,0.031408,0.299476,0.077218,0.247876
CCATGGCAAACGCTCA-1,0.000011,0.000011,0.024568,0.224087,0.130722,0.288178,0.113728,0.1718,0.046894
CCATGGCCCTTGTACC-1,0.000029,0.050218,0.317046,0.257109,0.030106,0.097539,0.074617,0.032835,0.140502
CCATGTTCATCTATAT-1,0.000032,0.020263,0.000032,0.584159,0.065334,0.00076,0.011489,0.270814,0.047117
CCATTAGCGATAATCC-1,0.000019,0.044672,0.317337,0.527981,0.013963,0.011631,0.005578,0.017594,0.061225
CCATTCCCTGCCCACA-1,0.000034,0.01991,0.303243,0.30553,0.039852,0.033268,0.029608,0.039203,0.229353
CCATTGTTTCCTCCAT-1,0.000042,0.000042,0.013813,0.093774,0.154082,0.1911,0.087374,0.418933,0.040839
CCATTTCTACCTATTA-1,0.000129,0.000129,0.000129,0.000257,0.493248,0.199858,0.305993,0.000129,0.000129
CCCAAACATGCTGCTC-1,0.00004,0.015935,0.133598,0.075918,0.034095,0.25985,0.414732,0.025244,0.040588
CCCAACATACGTCGCG-1,0.000022,0.017787,0.438618,0.0803,0.050101,0.091304,0.08325,0.162441,0.076177
CCCAACCACACTAACA-1,0.000595,0.555757,0.000595,0.001191,0.000595,0.000595,0.000595,0.439479,0.000595
CCCAAGAATGCACGGT-1,0.003077,0.154585,0.19035,0.266805,0.206819,0.007831,0.038566,0.014251,0.117715
CCCAAGACAGAGTATG-1,0.000637,0.830664,0.000637,0.163772,0.000637,0.000637,0.000637,0.001741,0.000637
CCCAAGTCATTACACT-1,0.095358,0.000181,0.000181,0.000362,0.846957,0.000181,0.056416,0.000181,0.000181
CCCAATGAGATTTGCA-1,0.000082,0.000082,0.004984,0.187914,0.665263,0.068025,0.000461,0.056497,0.016691
CCCAATTTCACAACTT-1,0.000019,0.039297,0.517892,0.308571,0.014625,0.004989,0.004458,0.089006,0.021142
CCCACTCCACGGTATC-1,0.000045,0.000045,0.189935,0.150599,0.232122,0.313901,0.050321,0.022825,0.040206
CCCAGAGGAGGGCGTA-1,0.000021,0.01617,0.400849,0.276396,0.003738,0.214929,0.042497,0.024226,0.021174
CCCAGATTCCCGTGAC-1,0.00002,0.00002,0.023558,0.554617,0.061034,0.099192,0.081818,0.086881,0.092862
CCCAGGAAGAATTCGA-1,0.00396,0.000019,0.048842,0.293119,0.049402,0.129332,0.060301,0.299896,0.115129
CCCAGTAAACTTGGGA-1,0.000018,0.000018,0.038586,0.286298,0.098038,0.113879,0.025844,0.396846,0.040472
CCCAGTTAAGGCGCCG-1,0.000045,0.000045,0.035389,0.096224,0.093532,0.340752,0.315505,0.099752,0.018758
CCCGAAGTTTCGCGAA-1,0.000019,0.025771,0.615042,0.230229,0.007867,0.048186,0.022021,0.030932,0.019934
CCCGACCATAGTCCGC-1,0.000037,0.096097,0.238451,0.377346,0.022555,0.037151,0.074889,0.052618,0.100856
CCCGCAAATAATCATC-1,0.000005,0.002488,0.086749,0.410873,0.049724,0.125014,0.024408,0.239271,0.061468
CCCGCAGCGCGAACTA-1,0.000019,0.000019,0.052627,0.470037,0.026921,0.151762,0.068185,0.19601,0.034419
CCCGCAGGGCCCAAAG-1,0.000051,0.147583,0.098883,0.362062,0.148775,0.025497,0.062935,0.085959,0.068254
CCCGCCATGCTCCCGT-1,0.00007,0.370208,0.027994,0.003791,0.172343,0.097014,0.295741,0.00007,0.032768
CCCGCGCAATGCACCC-1,0.00008,0.679029,0.00008,0.000161,0.152512,0.141198,0.015934,0.00008,0.010925
CCCGCTAGAGGGTTAA-1,0.000033,0.226898,0.021227,0.363667,0.135638,0.008532,0.005607,0.040696,0.197702
CCCGCTTGCCCTCGTC-1,0.000355,0.439691,0.000355,0.294844,0.000355,0.000355,0.000355,0.060845,0.202847
CCCGGCACGTGTCAGG-1,0.215704,0.108762,0.021781,0.031765,0.514784,0.035123,0.016857,0.039142,0.016083
CCCGGCTAGGTGAGAA-1,0.02906,0.832567,0.000119,0.000238,0.137539,0.000119,0.000119,0.000119,0.000119
CCCGGGTCGTTCAGGG-1,0.000133,0.011222,0.000133,0.000266,0.475944,0.01038,0.501654,0.000133,0.000133
CCCGGTGGAAGAACCT-1,0.000026,0.100332,0.167433,0.313867,0.143617,0.03717,0.082265,0.025967,0.129323
CCCGGTGTATCGGAAT-1,0.000021,0.000021,0.024578,0.168801,0.125725,0.44357,0.029275,0.139786,0.068222
CCCGTAAGTCTAGGCC-1,0.000036,0.016981,0.484694,0.007902,0.114838,0.027761,0.137548,0.013842,0.196398
CCCGTAGCTGGGAAGA-1,0.000022,0.000022,0.001868,0.657975,0.010841,0.003255,0.00022,0.306378,0.019418
CCCGTCAGCGTCTGAC-1,0.000035,0.075947,0.119377,0.608394,0.000256,0.084716,0.020805,0.019126,0.071345
CCCGTGACAGTGCCTT-1,0.000013,0.000013,0.028994,0.361981,0.050734,0.128439,0.029485,0.313793,0.086547
CCCGTGAGGGCGGTGA-1,0.000027,0.007361,0.166116,0.006123,0.025762,0.638698,0.128492,0.004268,0.023154
CCCGTGGGTTAATTGA-1,0.000324,0.810909,0.000324,0.000647,0.186501,0.000324,0.000324,0.000324,0.000324
CCCTACCCACACCCAG-1,0.000024,0.000024,0.002951,0.344648,0.13155,0.056254,0.057859,0.290531,0.116158
CCCTACTTGAACAATG-1,0.000072,0.000072,0.005129,0.000143,0.688834,0.180644,0.062125,0.001196,0.061786
CCCTAGCTCTAAGGTC-1,0.000007,0.000007,0.128903,0.482727,0.016657,0.254365,0.017963,0.074007,0.025363
CCCTAGGCAACAAGAG-1,0.000011,0.000011,0.316726,0.436118,0.032824,0.124245,0.00932,0.063591,0.017156
CCCTAGTGTCAGGTGT-1,0.000107,0.861095,0.000107,0.000214,0.124757,0.000107,0.013398,0.000107,0.000107
CCCTATGTAGAGCAGA-1,0.000083,0.076869,0.000083,0.078016,0.844616,0.000083,0.000083,0.000083,0.000083
CCCTCAAGCTCTTAGT-1,0.009981,0.156864,0.00014,0.00028,0.362494,0.04546,0.244742,0.00014,0.179899
CCCTCAGATCGAGAAC-1,0.000022,0.000022,0.008643,0.567764,0.061735,0.030206,0.02163,0.262303,0.047675
CCCTCATCACAGAGTA-1,0.000032,0.000032,0.105996,0.158781,0.205816,0.256756,0.100363,0.128831,0.043394
CCCTCATTCTGGAATT-1,0.000084,0.663626,0.104188,0.000168,0.063298,0.051488,0.091366,0.000084,0.025697
CCCTCGATAATACACA-1,0.00002,0.003589,0.005285,0.32906,0.097851,0.006668,0.009525,0.493458,0.054544
CCCTCGGGAGCCTTGT-1,0.00122,0.326604,0.00122,0.00244,0.00122,0.00122,0.244522,0.00122,0.420335
CCCTGAAATGAGTTGA-1,0.000024,0.045901,0.105371,0.271659,0.030902,0.116226,0.093495,0.042722,0.2937
CCCTGACTAACAAATT-1,0.000016,0.033189,0.574899,0.157333,0.050585,0.020693,0.028722,0.072942,0.06162
CCCTGATGTAACTCGT-1,0.000102,0.738531,0.000102,0.000204,0.178343,0.063627,0.018887,0.000102,0.000102
CCCTGCCCAATCCGCT-1,0.000013,0.000013,0.361473,0.637811,0.000013,0.000013,0.000013,0.00059,0.000063
CCCTGCGCTACGCATA-1,0.007635,0.03671,0.51141,0.131404,0.035832,0.039447,0.099837,0.043704,0.094021
CCCTGGCTGTTCCTTC-1,0.000034,0.000034,0.358708,0.078216,0.133532,0.198416,0.091605,0.085896,0.053558
CCCTGGGAGGGATCCT-1,0.000015,0.000015,0.031926,0.511852,0.053283,0.104941,0.024312,0.231314,0.042343
CCCTGGTATGGGCGGC-1,0.000658,0.515868,0.298162,0.106243,0.076437,0.000658,0.000658,0.000658,0.000658
CCCTGTTGGCAAAGAC-1,0.000046,0.862197,0.029215,0.082573,0.002065,0.000046,0.000046,0.000046,0.023765
CCCTTTGACAGGTCTT-1,0.000053,0.019024,0.105662,0.016194,0.085777,0.606123,0.095404,0.009991,0.061772
CCGAAACACGACCTCT-1,0.000014,0.000014,0.289126,0.146672,0.11672,0.243341,0.060123,0.079804,0.064186
CCGAAAGTGGTGAGCA-1,0.000042,0.567298,0.056529,0.263046,0.000042,0.000042,0.012816,0.03066,0.069527
CCGAACACTGGGCCTC-1,0.00002,0.004215,0.440246,0.088024,0.030023,0.253953,0.077805,0.032777,0.072939
CCGAACCTTCCCGGCC-1,0.000031,0.000031,0.040852,0.119904,0.052567,0.30603,0.050344,0.359346,0.070895
CCGAAGCATTGACCAA-1,0.000099,0.032612,0.004581,0.163691,0.732224,0.000099,0.000099,0.066495,0.000099
CCGAAGGGCGTACCGC-1,0.00006,0.00006,0.00006,0.005698,0.482416,0.295897,0.089837,0.094445,0.031527
CCGAAGTATATTGTTC-1,0.000033,0.143461,0.089728,0.68148,0.031986,0.000033,0.000033,0.02715,0.026094
CCGACAAACACATGAG-1,0.000029,0.565551,0.008999,0.357275,0.029376,0.000962,0.002689,0.013986,0.021134
CCGACAAAGGGAGTGC-1,0.005147,0.047239,0.30303,0.634506,0.000014,0.000677,0.000014,0.001074,0.0083
CCGACGGGCATGAGGT-1,0.000028,0.000028,0.013463,0.717929,0.038458,0.105966,0.007927,0.08555,0.030652
CCGACGTAAACACAAC-1,0.003833,0.09154,0.259092,0.101917,0.056674,0.191993,0.13049,0.073057,0.091404
CCGACTCGCATAGTCT-1,0.004012,0.088976,0.249253,0.657456,0.00006,0.00006,0.00006,0.00006,0.00006
CCGAGCTGTGCTTGTC-1,0.000028,0.014647,0.340102,0.262684,0.014808,0.237092,0.024322,0.043759,0.062558
CCGAGGGATGTTAGGC-1,0.001516,0.986359,0.001516,0.003031,0.001516,0.001516,0.001516,0.001516,0.001516
CCGATCTCAACCTTAT-1,0.028389,0.000031,0.100979,0.319403,0.032469,0.284353,0.037988,0.147785,0.048602
CCGATCTTAAGAGGCT-1,0.000019,0.09442,0.468179,0.109896,0.04963,0.165159,0.050317,0.027453,0.034926
CCGATTCGAGGGACCC-1,0.000022,0.088107,0.447966,0.177469,0.013774,0.019438,0.019521,0.038056,0.195646
CCGATTGGTCAATGAA-1,0.000014,0.025989,0.646403,0.246308,0.015251,0.006428,0.001563,0.027488,0.030555
CCGCACAAAGACCAAC-1,0.000024,0.012061,0.2843,0.115718,0.018874,0.425011,0.077547,0.038397,0.028068
CCGCACGTGACCTCGG-1,0.000038,0.099158,0.148225,0.341184,0.087429,0.076272,0.062901,0.081388,0.103405
CCGCATGTGGTACGAT-1,0.000074,0.012581,0.066848,0.008284,0.504565,0.031766,0.321801,0.002531,0.05155
CCGCCACCACAATCCA-1,0.000637,0.754081,0.000637,0.001274,0.000637,0.000637,0.000637,0.240822,0.000637
CCGCCGGAACTTCTCG-1,0.000031,0.000031,0.044574,0.232679,0.107755,0.163053,0.084913,0.258206,0.108758
CCGCCGGTCAACACAC-1,0.000054,0.473436,0.141277,0.203216,0.032448,0.018491,0.034844,0.039548,0.056687
CCGCCTGCGAATTGGT-1,0.000034,0.060259,0.77707,0.0776,0.000334,0.017198,0.030991,0.034344,0.002168
CCGCCTTGCGATGTCG-1,0.000034,0.022291,0.410203,0.040455,0.077656,0.320504,0.080158,0.019084,0.029615
CCGCGATTTGGTAGGT-1,0.000024,0.028239,0.544172,0.265015,0.046879,0.024925,0.010036,0.045295,0.035414
CCGCGCAAGATACCCA-1,0.000065,0.00478,0.000065,0.00013,0.805986,0.090259,0.087917,0.009771,0.001028
CCGCGGAATGCGTCAC-1,0.000028,0.000961,0.216133,0.351515,0.061882,0.198558,0.033259,0.081889,0.055774
CCGCGGGTACGAAGAA-1,0.001939,0.027145,0.146595,0.591392,0.016843,0.068319,0.018503,0.022549,0.106716
CCGCGTAGGTAAGGGC-1,0.011545,0.058727,0.209384,0.334568,0.047571,0.037698,0.014178,0.010932,0.275398
CCGCTATCAGCACCAG-1,0.000039,0.000039,0.255483,0.161354,0.007066,0.493543,0.011673,0.030295,0.040508
CCGCTCCAGGGCGATC-1,0.000036,0.000036,0.006561,0.127698,0.175136,0.092355,0.450632,0.106694,0.040851
CCGCTCCGGATAAGCT-1,0.000016,0.001753,0.037155,0.48362,0.071493,0.127372,0.053422,0.129106,0.096061
CCGCTCTTCCGAACTA-1,0.189018,0.000282,0.166886,0.050289,0.587,0.000282,0.00568,0.000282,0.000282
CCGCTGGTGCCATTCA-1,0.000848,0.355196,0.000848,0.001695,0.000848,0.000848,0.638022,0.000848,0.000848
CCGCTTACCTCACTCT-1,0.000046,0.000046,0.221502,0.055607,0.071352,0.347522,0.093771,0.04689,0.163264
CCGCTTCGCGGTTAAC-1,0.00047,0.620761,0.00047,0.186486,0.174706,0.00047,0.00047,0.015699,0.00047
CCGCTTGCTGACATGG-1,0.000033,0.011763,0.117543,0.211161,0.071094,0.364078,0.071161,0.065258,0.08791
CCGGAAGTGCAATATG-1,0.000088,0.007733,0.000088,0.000176,0.605472,0.043466,0.342802,0.000088,0.000088
CCGGAATGGTTTCAGT-1,0.000059,0.180436,0.189758,0.112453,0.333153,0.016088,0.102188,0.028607,0.037259
CCGGAGCGTACTTTCT-1,0.000114,0.084412,0.116909,0.173355,0.427672,0.042674,0.000743,0.118451,0.03567
CCGGAGGTCTTATGGT-1,0.000032,0.000032,0.240524,0.007919,0.071963,0.518181,0.119782,0.001398,0.040168
CCGGCACGACCGTTTC-1,0.000044,0.000044,0.000546,0.083359,0.089333,0.361984,0.179732,0.261916,0.023042
CCGGCCGCGAGCATAT-1,0.000083,0.000083,0.011543,0.161796,0.597435,0.084223,0.019527,0.048048,0.077262
CCGGCGCATATTGGAT-1,0.000087,0.344465,0.06175,0.09702,0.134004,0.008867,0.108584,0.0536,0.191624
CCGGCGTGAGACTCTG-1,0.000021,0.000924,0.365985,0.255401,0.020109,0.259208,0.013808,0.066528,0.018015
CCGGGACCCGCAGAGA-1,0.000032,0.40407,0.048173,0.335929,0.006739,0.053405,0.009954,0.109134,0.032563
CCGGGCGGTCTCGTCA-1,0.000044,0.030486,0.330984,0.031762,0.029639,0.155052,0.118696,0.030502,0.272838
CCGGGCTAAGAATTTC-1,0.000021,0.000021,0.009503,0.352734,0.116401,0.082594,0.017658,0.381507,0.039562
CCGGGCTGCTCCATAC-1,0.000036,0.000036,0.300471,0.333439,0.038835,0.142564,0.015701,0.12634,0.042578
CCGGGTTCGAGGTTAC-1,0.000017,0.001095,0.516336,0.457724,0.000022,0.00171,0.001849,0.008216,0.013031
CCGGTAATGGCTAGTC-1,0.000101,0.000101,0.097742,0.000201,0.822141,0.000169,0.009662,0.069783,0.000101
CCGGTATCTGGCGACT-1,0.003593,0.000007,0.035406,0.714586,0.007074,0.023291,0.003586,0.173054,0.039403
CCGGTGCGAGTGATAG-1,0.001266,0.988604,0.001266,0.002532,0.001266,0.001266,0.001266,0.001266,0.001266
CCGGTTTGTAATTGTG-1,0.000027,0.021701,0.01482,0.652048,0.000191,0.009693,0.000188,0.229206,0.072126
CCGTAAGTTGGTCCCA-1,0.000057,0.054848,0.364873,0.007612,0.076388,0.425383,0.0314,0.000428,0.03901
CCGTACCCAAGCGCCA-1,0.003216,0.877016,0.001311,0.118175,0.000056,0.000056,0.000056,0.000056,0.000056
CCGTATCTCGTCGTAG-1,0.000035,0.000035,0.329577,0.176082,0.058792,0.285161,0.037195,0.093773,0.01935
CCGTATTAGCGCAGTT-1,0.000032,0.021246,0.322418,0.047957,0.009261,0.312428,0.150063,0.036444,0.100152
CCGTCAACCTCTGGCG-1,0.000026,0.000026,0.003594,0.499041,0.10022,0.030288,0.022063,0.309586,0.035155
CCGTGAGGCATTCATG-1,0.000165,0.000165,0.017387,0.085041,0.5799,0.079492,0.186353,0.000165,0.051331
CCGTGCCCATGACGGC-1,0.000063,0.67648,0.154377,0.096252,0.00307,0.002173,0.000063,0.060392,0.00713
CCGTGGAACGATCCAA-1,0.000012,0.003647,0.216878,0.542466,0.003773,0.086508,0.016382,0.11801,0.012323
CCGTGTTAAATTCCAT-1,0.000038,0.029181,0.107475,0.04958,0.071767,0.461403,0.172324,0.02234,0.085891
CCGTTACGTTAGAACA-1,0.000035,0.043394,0.452242,0.058935,0.006719,0.033858,0.266413,0.012585,0.125819
CCGTTCCGAATCTCGG-1,0.000025,0.01633,0.53369,0.042786,0.086281,0.095824,0.125336,0.028352,0.071376
CCGTTTCCTTTCCGTG-1,0.000034,0.000034,0.051708,0.293311,0.178698,0.265008,0.047132,0.073309,0.090767
CCTAAAGGCTGACGCT-1,0.000039,0.050948,0.103533,0.16632,0.09749,0.043695,0.061532,0.061797,0.414647
CCTAAATTAACGGTTC-1,0.000018,0.000018,0.363346,0.523531,0.000272,0.078604,0.001457,0.013585,0.01917
CCTAACCCAAACAAGT-1,0.000115,0.103725,0.003702,0.00023,0.629554,0.093472,0.168973,0.000115,0.000115
CCTAACTAAGGCTCTA-1,0.000035,0.003806,0.340717,0.077206,0.024694,0.036791,0.472174,0.016871,0.027706
CCTACAAGTCCGGAAT-1,0.000027,0.043707,0.473909,0.142915,0.034819,0.058363,0.115268,0.035792,0.095199
CCTACAGTTGAGGGAG-1,0.000009,0.004613,0.06232,0.639926,0.014355,0.036984,0.007282,0.171733,0.062777
CCTACATTCACAGACG-1,0.000019,0.000019,0.368611,0.434023,0.004207,0.147196,0.004863,0.034398,0.006664
CCTACGCGACCTTACA-1,0.000035,0.045851,0.079168,0.403126,0.16116,0.047133,0.070245,0.027489,0.165794
CCTACGGCTCAGTCGA-1,0.000025,0.258886,0.012353,0.728269,0.000025,0.000025,0.000025,0.000364,0.000025
CCTACTGCGGCGGCCA-1,0.000019,0.000019,0.13342,0.364686,0.107774,0.13844,0.006805,0.182548,0.066289
CCTACTGCTTACACTT-1,0.000035,0.020432,0.198595,0.396632,0.020603,0.033674,0.061663,0.033134,0.235232
CCTAGGCGTAGCGATC-1,0.000035,0.009793,0.179641,0.221093,0.022209,0.380012,0.078028,0.037945,0.071243
CCTAGGTAAAGGTAGC-1,0.000027,0.000027,0.066022,0.032286,0.100965,0.38224,0.355428,0.018979,0.044024
CCTAGTTAGTCGCATG-1,0.000194,0.201878,0.182215,0.179087,0.000194,0.000194,0.428169,0.002538,0.005531
CCTATAATGAGTGCCC-1,0.000209,0.068688,0.000209,0.000418,0.575694,0.000209,0.03349,0.000209,0.320876
CCTATACCGTCCTGTC-1,0.000045,0.013604,0.00995,0.171508,0.031961,0.512149,0.04175,0.166619,0.052414
CCTATATCGTGTCACG-1,0.000126,0.005902,0.000126,0.047439,0.847288,0.000126,0.000126,0.084193,0.014673
CCTATATTTGTCCTGG-1,0.038686,0.045619,0.053994,0.105326,0.571363,0.001313,0.000087,0.026796,0.156816
CCTATCTATATCGGAA-1,0.000048,0.122831,0.186278,0.283575,0.009589,0.092072,0.178787,0.014272,0.112549
CCTATGAAGTGGTGCC-1,0.000095,0.000095,0.129096,0.002937,0.508932,0.18559,0.075036,0.090885,0.007332
CCTATGGCTCCTAGTG-1,0.084944,0.000127,0.014436,0.215957,0.559406,0.000127,0.000127,0.016792,0.108083
CCTATGGGTTACCGTC-1,0.000036,0.024637,0.547151,0.282013,0.000036,0.030616,0.000041,0.008772,0.106698
CCTATGGTCAAAGCTG-1,0.000086,0.000086,0.000086,0.000172,0.479736,0.025179,0.494483,0.000086,0.000086
CCTATGTCCACTCCAC-1,0.249612,0.000235,0.000235,0.000471,0.748505,0.000235,0.000235,0.000235,0.000235
CCTATTATTCCGGCCG-1,0.000069,0.000069,0.035501,0.15712,0.656663,0.03321,0.059107,0.030617,0.027643
CCTCAACGATCGCTGT-1,0.000024,0.000024,0.021581,0.348916,0.10236,0.245997,0.087487,0.112606,0.081006
CCTCACCAATCTTGAC-1,0.000092,0.844703,0.000092,0.000184,0.053177,0.011998,0.08957,0.000092,0.000092
CCTCACCTGAGGGAGC-1,0.000027,0.053317,0.301526,0.415663,0.008192,0.106648,0.041075,0.055473,0.018081
CCTCACCTTAGCATCG-1,0.000046,0.056915,0.411461,0.173703,0.191723,0.10876,0.026228,0.015386,0.015778
CCTCATGCAGCTACGA-1,0.037266,0.677046,0.000122,0.000244,0.284834,0.000122,0.000122,0.000122,0.000122
CCTCCCGACAATCCCT-1,0.000781,0.770941,0.000781,0.223589,0.000781,0.000781,0.000781,0.000781,0.000781
CCTCCGACAATTCAAG-1,0.002614,0.072314,0.307201,0.397309,0.000894,0.067369,0.024763,0.028099,0.099438
CCTCCTAGCTAGAGTC-1,0.000033,0.01259,0.004346,0.620056,0.097952,0.005792,0.003434,0.205284,0.050513
CCTCCTGAGCCCACAT-1,0.000019,0.044619,0.562481,0.298497,0.00752,0.010448,0.011065,0.035785,0.029566
CCTCCTGTTGTGTCGT-1,0.095945,0.000453,0.000453,0.186377,0.711523,0.000453,0.000453,0.003892,0.000453
CCTCGAAGTGGACGGG-1,0.000078,0.077102,0.099798,0.049275,0.017341,0.03207,0.434346,0.042935,0.247055
CCTCGACCCACTGCCT-1,0.000214,0.256429,0.142572,0.000428,0.350159,0.19269,0.057079,0.000214,0.000214
CCTCGCCAGCAAATTA-1,0.000045,0.061414,0.161129,0.247615,0.110656,0.037318,0.223832,0.005823,0.152167
CCTCGCGCGATATAGG-1,0.000021,0.008466,0.627265,0.308505,0.000021,0.000021,0.053591,0.001211,0.000901
CCTCGCGCTGTGCGAT-1,0.000084,0.000084,0.129156,0.065152,0.333076,0.032507,0.010697,0.068636,0.360607
CCTCGGACCGGGATAG-1,0.000016,0.000016,0.324225,0.622753,0.000016,0.030064,0.000016,0.02078,0.002116
CCTCGGATGCTACCTG-1,0.000025,0.027035,0.323543,0.441699,0.004982,0.020389,0.053751,0.031715,0.096861
CCTCGGTTTCCTTGCC-1,0.000017,0.000017,0.001897,0.675641,0.001675,0.003275,0.027316,0.264817,0.025345
CCTCGTTACGCCTGTT-1,0.000018,0.029982,0.56596,0.325441,0.000018,0.005453,0.005521,0.024951,0.042655
CCTCTAATCTGCCAAG-1,0.00004,0.034234,0.333168,0.364006,0.014034,0.020354,0.067304,0.018807,0.148054
CCTCTACAAGGATTGG-1,0.00581,0.000103,0.007584,0.083601,0.726043,0.110031,0.005667,0.050116,0.011044
CCTCTATCGATTAGCA-1,0.000047,0.000047,0.08286,0.073797,0.114299,0.474305,0.138434,0.097193,0.019019
CCTCTCTCCCATCTAG-1,0.000058,0.026571,0.194553,0.032695,0.079306,0.14202,0.058588,0.006148,0.46006
CCTCTGGCCTAGACGG-1,0.000103,0.109996,0.009363,0.010904,0.26249,0.010847,0.051813,0.000103,0.544379
CCTCTGTACTATTCTA-1,0.00739,0.000036,0.049647,0.553339,0.016173,0.071411,0.005938,0.229444,0.066621
CCTGAACGATATATTC-1,0.000033,0.000033,0.231056,0.269892,0.021674,0.385484,0.026372,0.050064,0.015392
CCTGAATATTTACATA-1,0.000026,0.049322,0.14587,0.794273,0.000026,0.000026,0.000026,0.000808,0.009623
CCTGACAAACTCGCGC-1,0.000068,0.348163,0.067484,0.163767,0.280286,0.003009,0.020883,0.000883,0.115456
CCTGACCACCGATGGT-1,0.002049,0.000043,0.329366,0.255191,0.000043,0.301837,0.000931,0.068472,0.042068
CCTGACGCAACCTTTA-1,0.000032,0.236297,0.18915,0.27092,0.028323,0.008146,0.016826,0.11008,0.140227
CCTGAGAATAAATGCA-1,0.000012,0.000012,0.03575,0.624316,0.026021,0.017213,0.026638,0.244515,0.025523
CCTGATTCGCGAAGAA-1,0.000021,0.000021,0.015216,0.316297,0.194739,0.038287,0.046668,0.26903,0.119722
CCTGCCCGTTGTCTAG-1,0.000029,0.057192,0.578874,0.143176,0.016124,0.02062,0.097847,0.032909,0.053228
CCTGCGATAGAACTGT-1,0.000074,0.999331,0.000074,0.000149,0.000074,0.000074,0.000074,0.000074,0.000074
CCTGCGTTCTACGCTT-1,0.000024,0.032639,0.22649,0.565551,0.015604,0.008304,0.007587,0.026233,0.117567
CCTGCTACAACCATAC-1,0.000067,0.000067,0.000067,0.000133,0.836596,0.031516,0.131422,0.000067,0.000067
CCTGCTATTTGAGAAG-1,0.000049,0.066915,0.048139,0.217714,0.037418,0.074185,0.065228,0.065151,0.425201
CCTGGAAACGTTCTGC-1,0.000113,0.000113,0.000113,0.051747,0.425442,0.021633,0.467168,0.000113,0.033556
CCTGGCTAGACCCGCC-1,0.000036,0.043335,0.181187,0.310916,0.05997,0.053181,0.097968,0.038455,0.214953
CCTGGTCGAATGTGGG-1,0.000179,0.000179,0.119856,0.010624,0.868447,0.000179,0.000179,0.000179,0.000179
CCTGTAAGACATGATA-1,0.000022,0.015457,0.682616,0.204083,0.001453,0.056008,0.001895,0.021677,0.016788
CCTGTACTCACGCCCA-1,0.000035,0.036693,0.346,0.021455,0.068583,0.101222,0.109888,0.019145,0.29698
CCTGTCACCCGGGCTC-1,0.000048,0.015809,0.279296,0.018855,0.074682,0.110493,0.093267,0.002497,0.405053
CCTGTCCCTCACGTTA-1,0.000129,0.000129,0.000129,0.000259,0.673815,0.051814,0.017035,0.04978,0.20691
CCTGTCGCCCGTAAAT-1,0.000033,0.046465,0.406884,0.194442,0.005736,0.043043,0.085175,0.04324,0.174981
CCTGTCGTGTATGAAG-1,0.000073,0.000073,0.014808,0.347826,0.075076,0.37029,0.073968,0.061774,0.056113
CCTGTGAAACCGTAAC-1,0.000022,0.023751,0.424783,0.068275,0.121241,0.096999,0.152112,0.012557,0.100259
CCTGTGCATAGGAGAC-1,0.000308,0.416221,0.000308,0.581625,0.000308,0.000308,0.000308,0.000308,0.000308
CCTGTGCGGATTGTAA-1,0.000022,0.056922,0.126411,0.715021,0.010461,0.00209,0.005058,0.032903,0.051112
CCTGTTCAACCTCGGG-1,0.000024,0.000024,0.008231,0.125684,0.145585,0.217662,0.126808,0.328391,0.04759
CCTTAAGTACGCAATT-1,0.000028,0.016731,0.011072,0.354281,0.199587,0.016203,0.075648,0.312015,0.014433
CCTTCAGTTAAAGTGA-1,0.000059,0.000152,0.005334,0.319189,0.589719,0.000986,0.000059,0.049884,0.034617
CCTTCCGCAACGCTGC-1,0.000033,0.000033,0.041723,0.34412,0.224882,0.141424,0.036619,0.160641,0.050526
CCTTCGTATAGAATCC-1,0.00009,0.00009,0.00009,0.00018,0.375698,0.046089,0.577584,0.00009,0.00009
CCTTCTCAGCGTTCCT-1,0.000034,0.001896,0.464682,0.068049,0.057695,0.081362,0.044918,0.119043,0.162322
CCTTCTTGATCCAGTG-1,0.000056,0.033423,0.1203,0.35889,0.041636,0.052113,0.289986,0.006267,0.097328
CCTTGTGAACGTGGTT-1,0.000015,0.000015,0.005694,0.524134,0.079564,0.01317,0.048801,0.298485,0.030122
CCTTTAAGGGAGCACT-1,0.000061,0.000061,0.015208,0.134355,0.200116,0.029361,0.020582,0.227438,0.372818
CCTTTCAATGAAGAAA-1,0.00002,0.044265,0.368758,0.223438,0.023325,0.064318,0.114021,0.101193,0.060662
CCTTTGAATTATGGCT-1,0.000124,0.000124,0.000124,0.220626,0.750387,0.000124,0.000124,0.008941,0.019428
CGAAACATAGATGGCA-1,0.000136,0.068362,0.18327,0.000271,0.053416,0.361273,0.12886,0.000136,0.204276
CGAAACGCAATTCATG-1,0.000021,0.060709,0.396633,0.162371,0.022873,0.103617,0.065257,0.038373,0.150145
CGAACATAGTCAGAAA-1,0.000009,0.098232,0.348971,0.385413,0.007747,0.019769,0.012392,0.066916,0.060551
CGAACCCGCATGCGTC-1,0.00004,0.00004,0.048489,0.036183,0.013152,0.496476,0.326997,0.045645,0.032978
CGAACCTCTTTCCTAG-1,0.000029,0.000029,0.139802,0.243249,0.092136,0.14752,0.014551,0.307053,0.055631
CGAACGCCCAGTGCCG-1,0.000062,0.059564,0.054953,0.084291,0.091722,0.024552,0.316027,0.013705,0.355124
CGAACGGCCGGACAAC-1,0.000016,0.000016,0.2732,0.075445,0.050544,0.388825,0.076643,0.037293,0.098018
CGAAGACGGTGAGTGC-1,0.000028,0.148797,0.227378,0.150895,0.039487,0.115297,0.054908,0.01123,0.251979
CGAAGATCAGTTTCAT-1,0.019829,0.000021,0.01739,0.362226,0.017601,0.109171,0.015465,0.397171,0.061125
CGAAGCCACAGCATGG-1,0.000014,0.000014,0.040424,0.757883,0.020761,0.036156,0.001456,0.123684,0.019609
CGAAGCTATAAATTCA-1,0.000013,0.122506,0.508053,0.273254,0.00278,0.021902,0.007498,0.035039,0.028956
CGAAGGGTTTCAGATT-1,0.00009,0.00009,0.00009,0.00018,0.548456,0.204747,0.215863,0.015342,0.015143
CGAAGTTGCTCTGTGT-1,0.000032,0.035002,0.323882,0.366607,0.035193,0.045642,0.055595,0.059253,0.078794
CGAATCTGCTCGACGC-1,0.207489,0.053819,0.000072,0.322842,0.370197,0.000072,0.000072,0.033962,0.011474
CGAATGAAGTCATTGC-1,0.041646,0.035551,0.061732,0.227628,0.520328,0.000069,0.000069,0.050224,0.062754
CGAATGGTAGGTCGTC-1,0.000022,0.009569,0.023419,0.321679,0.141526,0.15556,0.072406,0.219596,0.056224
CGAATTACATGGTGTT-1,0.009961,0.100888,0.225402,0.183019,0.078221,0.119747,0.102661,0.023655,0.156445
CGACAATTTGATCTAA-1,0.000068,0.015056,0.011608,0.063082,0.466446,0.214555,0.127647,0.041611,0.059926
CGACACCGCTTAAGGA-1,0.000014,0.04471,0.618791,0.122634,0.007524,0.071125,0.01832,0.075192,0.041689
CGACACGCTCCGACAG-1,0.004153,0.02977,0.086772,0.239496,0.556046,0.017847,0.010148,0.055689,0.000078
CGACACGGATGCCCAC-1,0.000012,0.007394,0.128936,0.12836,0.043298,0.509889,0.056576,0.099478,0.026056
CGACAGTTCGCGTTAT-1,0.000028,0.013003,0.613636,0.224642,0.0064,0.02925,0.020396,0.026901,0.065744
CGACATGCGATCTTCT-1,0.000144,0.432032,0.000144,0.566958,0.000144,0.000144,0.000144,0.000144,0.000144
CGACCCTTAACGCCGG-1,0.000031,0.006978,0.211425,0.048172,0.174138,0.314958,0.187605,0.022948,0.033743
CGACCGTTGGTATTCG-1,0.000026,0.007974,0.069345,0.247191,0.094245,0.130458,0.364436,0.05659,0.029734
CGACCTACTAGACAAT-1,0.000011,0.024655,0.341174,0.364084,0.033679,0.123049,0.023537,0.049704,0.040105
CGACGCATCCGTACCT-1,0.000017,0.000149,0.168862,0.75211,0.009987,0.034292,0.000017,0.027158,0.007407
CGACTCAGGATGTTAT-1,0.000033,0.021301,0.627241,0.086279,0.000156,0.067106,0.135019,0.010941,0.051925
CGACTCGGTACACGGT-1,0.000019,0.001088,0.318001,0.218286,0.038708,0.34711,0.016847,0.026156,0.033786
CGACTTGCCGGGAAAT-1,0.000011,0.000033,0.103779,0.383511,0.090531,0.209071,0.026126,0.128634,0.058304
CGACTTTGTATAGCCT-1,0.000062,0.000062,0.000062,0.009201,0.164909,0.367884,0.278803,0.126374,0.052642
CGAGACCCTAGAGTGT-1,0.000023,0.000023,0.414817,0.476204,0.000023,0.086472,0.00247,0.01239,0.007576
CGAGACTACTGCTGCT-1,0.000138,0.03532,0.000138,0.000276,0.947928,0.000138,0.015784,0.000138,0.000138
CGAGAGATGTGAACCT-1,0.000019,0.000019,0.357541,0.642324,0.000019,0.000019,0.000019,0.000019,0.000019
CGAGAGCGCGTAGATA-1,0.000021,0.000021,0.272765,0.014734,0.131424,0.440209,0.088037,0.009939,0.042849
CGAGAGCTTTCACTAC-1,0.104601,0.000141,0.000141,0.000283,0.320445,0.000141,0.573964,0.000141,0.000141
CGAGCACTTCAAGTTT-1,0.00371,0.185831,0.088257,0.201948,0.250501,0.015847,0.048772,0.065559,0.139576
CGAGCCGAGCACTCGA-1,0.000081,0.707094,0.04536,0.000162,0.010145,0.02294,0.186873,0.00063,0.026714
CGAGCGTTGATCAGCC-1,0.000055,0.999502,0.000055,0.000111,0.000055,0.000055,0.000055,0.000055,0.000055
CGAGCTGGGCTTTAGG-1,0.007764,0.091149,0.234186,0.017318,0.044398,0.071963,0.267641,0.003068,0.262513
CGAGGAGCTTCCATAT-1,0.000051,0.000051,0.068194,0.048223,0.121198,0.611366,0.130058,0.019113,0.001746
CGAGGATCGGGAACGA-1,0.002917,0.000023,0.078888,0.325477,0.058687,0.229825,0.150021,0.091499,0.062665
CGAGGCCAGGCATTGG-1,0.006326,0.879987,0.000058,0.000117,0.113278,0.000058,0.000058,0.000058,0.000058
CGAGGCTAAATATGGC-1,0.000033,0.000033,0.559388,0.05467,0.036124,0.016111,0.022215,0.034238,0.277187
CGAGGGACTGCGGTCG-1,0.000024,0.001551,0.203683,0.253007,0.009977,0.429677,0.038516,0.025846,0.037719
CGAGGGTATCCAGGTG-1,0.000217,0.017735,0.000217,0.093596,0.88737,0.000217,0.000217,0.000217,0.000217
CGAGTACTAAAGAGGA-1,0.000015,0.000015,0.312137,0.308018,0.007886,0.176337,0.010423,0.140404,0.044765
CGAGTGAAGGTACCAG-1,0.000029,0.000821,0.070764,0.285602,0.074147,0.16279,0.013808,0.36941,0.022629
CGAGTGCTATAGTTCG-1,0.000058,0.927436,0.053338,0.018879,0.000058,0.000058,0.000058,0.000058,0.000058
CGAGTTCTGTCCCACC-1,0.015145,0.05087,0.296977,0.031525,0.006086,0.043611,0.184962,0.055759,0.315066
CGAGTTTATCGGACTG-1,0.000025,0.000025,0.063412,0.62818,0.00617,0.164568,0.005382,0.110931,0.021307
CGATAACCAATTTGAG-1,0.000011,0.001226,0.315131,0.371818,0.014244,0.197594,0.011765,0.068542,0.01967
CGATACCTCGCGGACA-1,0.000019,0.000019,0.50923,0.433804,0.000019,0.001988,0.000829,0.030515,0.023578
CGATAGCGATACAGTG-1,0.000083,0.000083,0.000083,0.078884,0.473798,0.045303,0.226978,0.130365,0.044422
CGATAGTCGTACTGCA-1,0.082966,0.000107,0.000107,0.000213,0.074205,0.000107,0.842081,0.000107,0.000107
CGATATTAGCCGCAGG-1,0.000102,0.93195,0.000102,0.000203,0.016795,0.000102,0.050544,0.000102,0.000102
CGATCATTAGAGGCAC-1,0.000018,0.004975,0.357753,0.124688,0.010969,0.334099,0.050524,0.066432,0.050541
CGATCCACCATTGTTG-1,0.000023,0.000023,0.001982,0.492574,0.020369,0.018178,0.211522,0.211816,0.043512
CGATCCGACCCAGTGC-1,0.00002,0.01538,0.54183,0.189677,0.072098,0.048444,0.030706,0.049156,0.052688
CGATCCTCGCAACATA-1,0.000052,0.042309,0.037084,0.035405,0.861108,0.000052,0.023083,0.000856,0.000052
CGATCGAGAAGCACCA-1,0.000017,0.000017,0.075199,0.29727,0.049658,0.153293,0.072408,0.294783,0.057354
CGATCTGTTGGAGGAC-1,0.000033,0.000033,0.372988,0.103085,0.028497,0.32527,0.06502,0.026804,0.078271
CGATGGACCCTACGCC-1,0.000026,0.014185,0.60101,0.229104,0.000026,0.004179,0.122243,0.022099,0.007128
CGATGTTGTTATCTAC-1,0.000059,0.000059,0.1253,0.300852,0.515771,0.007018,0.002593,0.035971,0.012377
CGATTAAATATCTCCT-1,0.023334,0.039139,0.091382,0.318198,0.402427,0.033344,0.011156,0.034713,0.046307
CGATTCGCCTGGCTGC-1,0.005609,0.000191,0.000191,0.000381,0.737786,0.139721,0.115741,0.000191,0.000191
CGATTTGTCATTAATG-1,0.000025,0.000025,0.034829,0.313139,0.203149,0.136565,0.098313,0.098815,0.115139
CGCAAACACGAGTTAC-1,0.000034,0.101121,0.107048,0.172342,0.122565,0.034305,0.081107,0.024495,0.356984
CGCAATCGATCATTAG-1,0.000025,0.160858,0.137148,0.214562,0.114904,0.075125,0.077271,0.023948,0.19616
CGCAATTACTTTCGGT-1,0.000047,0.106765,0.245475,0.356286,0.119936,0.007087,0.02071,0.077775,0.06592
CGCAATTAGGGTAATA-1,0.00004,0.152418,0.140724,0.178376,0.028288,0.108216,0.12453,0.017907,0.249501
CGCAATTCTACAATAA-1,0.000032,0.05964,0.168159,0.335754,0.16614,0.001698,0.202433,0.011282,0.054861
CGCACATGTCCACTAC-1,0.000027,0.021411,0.109688,0.507605,0.040945,0.18745,0.016111,0.079078,0.037685
CGCACGTCTGTTTATG-1,0.000075,0.049265,0.000075,0.234194,0.354405,0.097662,0.049602,0.182469,0.032252
CGCACGTGCGCTATCA-1,0.000034,0.000034,0.025245,0.379223,0.062335,0.064816,0.02885,0.38882,0.050645
CGCAGAAACATTTGCG-1,0.000197,0.553503,0.071859,0.000395,0.36708,0.000197,0.000197,0.006374,0.000197
CGCAGATCTTCACCCG-1,0.000035,0.000035,0.071783,0.291822,0.0387,0.341078,0.161421,0.072755,0.022368
CGCAGTTCTATCTTTC-1,0.000168,0.05937,0.000168,0.000336,0.91264,0.000168,0.026814,0.000168,0.000168
CGCATCATGGCTTCAG-1,0.000055,0.084508,0.108995,0.50686,0.030574,0.0202,0.090478,0.047272,0.111058
CGCATCCATCAGCCAG-1,0.000039,0.000039,0.136553,0.098105,0.141458,0.435593,0.079013,0.054436,0.054765
CGCATGCCGAATGCGT-1,0.033665,0.000134,0.000134,0.000267,0.742231,0.003908,0.219394,0.000134,0.000134
CGCATGGTGCGATGCT-1,0.000017,0.032729,0.546559,0.42037,0.000017,0.000256,0.000017,0.000017,0.000017
CGCATTAGCTAATAGG-1,0.000044,0.043096,0.340893,0.352308,0.00079,0.066103,0.079217,0.059261,0.058288
CGCCAAGAAGCCGAGT-1,0.000018,0.006574,0.491298,0.239885,0.006396,0.033924,0.019817,0.021268,0.180822
CGCCAATTATTGCGTT-1,0.001163,0.564024,0.001163,0.002326,0.426672,0.001163,0.001163,0.001163,0.001163
CGCCACAGGTCGCGAT-1,0.000028,0.000104,0.28639,0.192434,0.072928,0.210845,0.072854,0.073386,0.091031
CGCCACCCGCATTAAC-1,0.000083,0.999251,0.000083,0.000166,0.000083,0.000083,0.000083,0.000083,0.000083
CGCCAGTAGTACCTTG-1,0.000026,0.000026,0.041648,0.241966,0.395053,0.102266,0.028597,0.095909,0.094508
CGCCATCCGATTATGA-1,0.000061,0.028792,0.378135,0.035919,0.000061,0.028279,0.51401,0.000061,0.014682
CGCCCAGCACGCCTAG-1,0.000054,0.000359,0.00878,0.297993,0.508971,0.000054,0.000054,0.040985,0.14275
CGCCCAGCGTTTCACG-1,0.022244,0.000178,0.000178,0.000356,0.751339,0.000178,0.225171,0.000178,0.000178
CGCCCGCTTCCGTACA-1,0.000027,0.055584,0.164388,0.612193,0.000027,0.005416,0.129348,0.005467,0.02755
CGCCCTAATTGTTCAA-1,0.00003,0.00003,0.009977,0.479808,0.053425,0.000836,0.000314,0.42021,0.03537
CGCCCTTACATCCACC-1,0.000019,0.042592,0.200298,0.534148,0.009509,0.062639,0.012424,0.024016,0.114355
CGCCCTTGAAGGCTGA-1,0.000041,0.194458,0.121627,0.158361,0.123821,0.039377,0.207177,0.091086,0.064053
CGCCGACTATTCGCTA-1,0.000031,0.056202,0.546244,0.010494,0.070361,0.063543,0.170498,0.047891,0.034735
CGCCGCCCATGCCTGT-1,0.000021,0.000021,0.089856,0.767819,0.000022,0.032459,0.004604,0.087419,0.017777
CGCCGCGTTCTGAACG-1,0.002813,0.000012,0.103275,0.421493,0.016523,0.077649,0.17187,0.169812,0.036552
CGCCGGTGTCGCAGTA-1,0.000011,0.000011,0.077353,0.253595,0.012526,0.415361,0.033466,0.124867,0.082811
CGCCTCCCTCCTCTAT-1,0.000041,0.000041,0.227996,0.347951,0.023779,0.250115,0.023439,0.096908,0.029728
CGCCTGGCCTACGTAA-1,0.000026,0.015073,0.345566,0.051482,0.099234,0.079966,0.182804,0.040579,0.18527
CGCGAAGTGGCATACT-1,0.473203,0.00009,0.00009,0.00018,0.066032,0.000138,0.460085,0.00009,0.00009
CGCGACACTGCGCAGC-1,0.000036,0.194925,0.145073,0.364457,0.063426,0.016992,0.044387,0.040704,0.13
CGCGACCGCGACAGAT-1,0.220743,0.030652,0.000103,0.000206,0.653117,0.000103,0.09487,0.000103,0.000103
CGCGAGAGGGACTTGT-1,0.000021,0.008453,0.593787,0.10796,0.028906,0.019241,0.015969,0.151658,0.074005
CGCGAGTCTGCCGGGT-1,0.000019,0.005267,0.147839,0.306362,0.03913,0.32147,0.029637,0.126108,0.024168
CGCGCAAATGTCCAGA-1,0.000032,0.000032,0.001627,0.161696,0.182221,0.038373,0.029127,0.472931,0.11396
CGCGCAAGGAACTACA-1,0.000585,0.994735,0.000585,0.00117,0.000585,0.000585,0.000585,0.000585,0.000585
CGCGCATGTTTGATTG-1,0.000036,0.000036,0.124905,0.334279,0.000036,0.264138,0.017423,0.232702,0.026444
CGCGCCCGACTTAATA-1,0.000026,0.028343,0.217422,0.421169,0.004361,0.069824,0.095623,0.014959,0.148273
CGCGGCAGTATTACGG-1,0.000089,0.712921,0.123736,0.000179,0.031697,0.000089,0.019924,0.022265,0.089101
CGCGGCTCAACTTGAA-1,0.000077,0.071298,0.012121,0.034003,0.7016,0.000092,0.003088,0.02588,0.151841
CGCGGGAATTAGGCAG-1,0.000027,0.020001,0.573502,0.270118,0.000027,0.014078,0.024261,0.061738,0.036248
CGCGGGAATTCCTTTC-1,0.000044,0.026041,0.04877,0.189286,0.227828,0.007412,0.334347,0.122511,0.043761
CGCGGTAAGTCTAGCT-1,0.000048,0.000103,0.007141,0.021049,0.054491,0.320086,0.271157,0.122987,0.202938
CGCGGTCACAAACCAA-1,0.000016,0.023229,0.496824,0.083518,0.022842,0.166494,0.064765,0.087086,0.055225
CGCGTACATTCTGGAA-1,0.000009,0.000009,0.550812,0.415255,0.000009,0.028759,0.000009,0.004811,0.000329
CGCGTCATATTAAACC-1,0.000151,0.377558,0.189375,0.189148,0.243162,0.000151,0.000151,0.000151,0.000151
CGCGTGGGCCTGTGTT-1,0.000021,0.000887,0.01447,0.282798,0.161639,0.166,0.033951,0.321004,0.019231
CGCGTTCATGAAATAC-1,0.000021,0.049944,0.13431,0.58307,0.01053,0.018976,0.033281,0.052766,0.117102
CGCTACCGCCCTATGA-1,0.021236,0.691839,0.000559,0.200106,0.084024,0.000559,0.000559,0.000559,0.000559
CGCTACGGGACATTTA-1,0.00002,0.014075,0.466486,0.47659,0.00002,0.006225,0.003102,0.018901,0.014581
CGCTAGAGACCGCTGC-1,0.000037,0.000037,0.018779,0.540321,0.034517,0.071548,0.012361,0.196261,0.126139
CGCTATACCGCCCACT-1,0.000114,0.84523,0.000114,0.000229,0.135031,0.000114,0.018938,0.000114,0.000114
CGCTATCGTGGCTTTA-1,0.000009,0.000129,0.297574,0.247945,0.001507,0.405905,0.006828,0.03185,0.008253
CGCTATTCAATGTATG-1,0.000066,0.39632,0.198326,0.060817,0.07731,0.002406,0.113911,0.074297,0.076548
CGCTATTCTTAGGCTC-1,0.000048,0.037115,0.329575,0.038717,0.009189,0.264928,0.169473,0.034521,0.116436
CGCTCGACATAATGAT-1,0.000063,0.240035,0.033796,0.000126,0.149392,0.21463,0.123932,0.017366,0.220661
CGCTCTCCGTAGATTA-1,0.000034,0.015543,0.318166,0.426948,0.034547,0.007065,0.029576,0.017025,0.151095
CGCTGAGGACGTCCAA-1,0.0004,0.637321,0.0004,0.359878,0.0004,0.0004,0.0004,0.0004,0.0004
CGCTGTGACGCCGCAC-1,0.01996,0.097517,0.107691,0.237456,0.051305,0.170347,0.280183,0.015667,0.019873
CGCTGTGTGGATGTTG-1,0.000068,0.000068,0.000068,0.209293,0.350851,0.050715,0.10512,0.221227,0.062592
CGCTTAGTATTGATAC-1,0.000152,0.001614,0.000152,0.000305,0.516751,0.158891,0.282137,0.039846,0.000152
CGCTTATTCCCGGTCG-1,0.000031,0.029917,0.553292,0.277436,0.013877,0.076593,0.017836,0.012109,0.01891
CGCTTCCACTGAAATC-1,0.000059,0.33603,0.134265,0.13978,0.117753,0.067497,0.024568,0.029295,0.150753
CGCTTCGGTCTAAGAC-1,0.279371,0.000395,0.000395,0.000791,0.484368,0.000395,0.233493,0.000395,0.000395
CGCTTTCATACCGGTG-1,0.000093,0.456958,0.000093,0.000186,0.153402,0.091168,0.273745,0.000093,0.024262
CGCTTTCCGCCAAGGT-1,0.000043,0.000043,0.000043,0.165944,0.160632,0.220124,0.197545,0.197946,0.05768
CGCTTTCTTGCATTCG-1,0.000049,0.08215,0.232023,0.048481,0.073882,0.438868,0.035549,0.041673,0.047324
CGGAAAGAATCAAACG-1,0.000033,0.000033,0.028896,0.142995,0.253752,0.083273,0.109109,0.251912,0.129997
CGGAAAGCAAATGTGC-1,0.000038,0.425382,0.104236,0.09629,0.146798,0.020493,0.039051,0.070879,0.096832
CGGAAATTTCACATCC-1,0.000119,0.236248,0.002409,0.158192,0.427439,0.039555,0.001057,0.041632,0.093348
CGGAACGTAAACATAG-1,0.000024,0.002478,0.082296,0.007083,0.064577,0.553537,0.247125,0.018123,0.024757
CGGACCTCTGTAGTTA-1,0.000021,0.000021,0.033858,0.25994,0.055003,0.254544,0.035202,0.322554,0.038859
CGGACCTTTACGTCCC-1,0.000045,0.000045,0.000045,0.417553,0.274913,0.060255,0.144714,0.093941,0.008488
CGGACGTTACTTGAAG-1,0.000032,0.052314,0.150107,0.035405,0.10762,0.305632,0.218513,0.024476,0.105901
CGGAGCAATTTAATCG-1,0.000034,0.000034,0.037405,0.284091,0.090632,0.113549,0.058208,0.321741,0.094306
CGGAGCATGGCGATCC-1,0.000024,0.007454,0.654951,0.182756,0.000073,0.065959,0.00608,0.070344,0.012359
CGGAGCTTATAACACC-1,0.000042,0.095327,0.140027,0.09804,0.056384,0.033225,0.117812,0.144415,0.314728
CGGAGTCCTAACCTGG-1,0.000012,0.058499,0.189321,0.721702,0.000501,0.000012,0.00069,0.009106,0.020156
CGGAGTTTGAGAGACA-1,0.000024,0.112874,0.142284,0.377652,0.092489,0.053869,0.084314,0.066476,0.07002
CGGATAAGCGGACATG-1,0.000081,0.40676,0.009607,0.000162,0.254731,0.080533,0.224533,0.000081,0.023513
CGGATCCTCAAGGACT-1,0.252769,0.11403,0.000099,0.000198,0.427723,0.000099,0.204882,0.000099,0.000099
CGGATGAATGCTGTGA-1,0.000018,0.000018,0.026626,0.396054,0.11784,0.071823,0.072248,0.214955,0.100416
CGGATTCTGCCTTATG-1,0.000021,0.004815,0.231018,0.364789,0.085486,0.189231,0.026102,0.073927,0.024613
CGGCAAACATCGTGCG-1,0.000016,0.000016,0.021458,0.509259,0.0289,0.021722,0.004786,0.375313,0.038531
CGGCACCGTTAGCGCC-1,0.000025,0.042748,0.246259,0.588516,0.000025,0.008371,0.002649,0.041649,0.069757
CGGCACTCAAGAAAGT-1,0.014194,0.56841,0.106113,0.306914,0.001551,0.000047,0.000047,0.000047,0.002678
CGGCAGGGTCGGGTTG-1,0.000022,0.000022,0.229141,0.41481,0.001908,0.290032,0.010945,0.04926,0.00386
CGGCCACGCACAAAGT-1,0.001874,0.040087,0.544877,0.366192,0.000058,0.003599,0.002788,0.018712,0.021813
CGGCCAGAGCGACCAT-1,0.01713,0.07335,0.000072,0.02007,0.812356,0.000072,0.076805,0.000072,0.000072
CGGCCCAACCTGTAGT-1,0.000031,0.039886,0.093113,0.251551,0.395948,0.098916,0.039712,0.048526,0.032317
CGGCTCTTCGTCGAAC-1,0.000047,0.072883,0.127883,0.261765,0.03116,0.077907,0.051589,0.031748,0.345019
CGGCTGAAGGTTACGC-1,0.000019,0.059513,0.400273,0.144745,0.016652,0.184649,0.066495,0.07699,0.050665
CGGCTGCAAGATTAAG-1,0.000307,0.629981,0.000307,0.000614,0.000307,0.313064,0.000307,0.000307,0.054807
CGGCTTTGTATGATAA-1,0.000123,0.590162,0.000123,0.000245,0.105253,0.105142,0.198706,0.000123,0.000123
CGGGAACGCCCTGCAT-1,0.000029,0.000029,0.018753,0.49802,0.096369,0.124191,0.012788,0.192944,0.056878
CGGGAAGTACCGTGGC-1,0.000023,0.000023,0.080281,0.507009,0.18686,0.028815,0.00854,0.156668,0.03178
CGGGAATTTATGTAAA-1,0.000031,0.001432,0.14689,0.060437,0.016578,0.529734,0.205436,0.027091,0.012371
CGGGAGCTTCAGTGTA-1,0.000248,0.023338,0.000248,0.000496,0.974676,0.000248,0.000248,0.000248,0.000248
CGGGAGTATACCGCCG-1,0.000057,0.311987,0.263184,0.05379,0.186466,0.003914,0.110214,0.033838,0.036551
CGGGATCAATGTAAGA-1,0.000021,0.048083,0.132468,0.466621,0.024132,0.035215,0.107784,0.060037,0.125638
CGGGCAGCTAAACCGC-1,0.000025,0.086867,0.218888,0.324306,0.011575,0.081631,0.136327,0.045194,0.095187
CGGGCCATAGCCGCAC-1,0.000056,0.9118,0.000056,0.000113,0.086064,0.000056,0.00174,0.000056,0.000056
CGGGCCTTCTTTGTAA-1,0.000027,0.004757,0.456073,0.244813,0.011063,0.100059,0.078789,0.053623,0.050797
CGGGCGATGGATCACG-1,0.000072,0.000072,0.000072,0.000145,0.416278,0.008466,0.57475,0.000072,0.000072
CGGGCTACTTAAATTG-1,0.000013,0.00273,0.480961,0.176108,0.040099,0.19758,0.022852,0.052466,0.02719
CGGGTGTACCCATTTA-1,0.000025,0.000025,0.599429,0.325186,0.000025,0.060053,0.002775,0.011688,0.000795
CGGGTTCGGCACGTAT-1,0.000023,0.051052,0.624116,0.140753,0.006333,0.048538,0.014701,0.038851,0.075633
CGGGTTGTAGCTTTGG-1,0.001352,0.987834,0.001352,0.002703,0.001352,0.001352,0.001352,0.001352,0.001352
CGGTACGGCAAACCCA-1,0.000011,0.000011,0.090647,0.454971,0.050169,0.195826,0.026642,0.124668,0.057055
CGGTACTAGAATCAAA-1,0.000031,0.000031,0.044659,0.135017,0.009803,0.405555,0.193043,0.09003,0.121832
CGGTAGAGGTGCAGGT-1,0.000035,0.01325,0.587406,0.075843,0.015487,0.026576,0.18994,0.028442,0.063021
CGGTATAGGTATTAGC-1,0.001394,0.033853,0.229013,0.633248,0.008069,0.001528,0.004613,0.03813,0.050151
CGGTATGGGCACTCTG-1,0.00002,0.00002,0.00034,0.640927,0.016127,0.017179,0.002422,0.282463,0.040503
CGGTCAAGTGGGAACC-1,0.000034,0.0501,0.455728,0.014219,0.001455,0.048792,0.405107,0.007078,0.017486
CGGTCCATGAGACTCC-1,0.000026,0.000026,0.257742,0.137707,0.041706,0.456396,0.045255,0.029095,0.032049
CGGTCTATCAACCCGT-1,0.000028,0.016557,0.371401,0.442247,0.001435,0.02404,0.073407,0.004562,0.066323
CGGTGAAGACTAAAGT-1,0.00749,0.043992,0.210116,0.082772,0.117058,0.169575,0.148495,0.028484,0.192017
CGGTGCAGATAGAACG-1,0.000021,0.093397,0.368243,0.179255,0.013579,0.114389,0.070397,0.045083,0.115635
CGGTGCGCGTTGGTCC-1,0.00372,0.000024,0.224209,0.468849,0.005894,0.1818,0.007477,0.064533,0.043494
CGGTGGGCTCCAGCCT-1,0.004562,0.059962,0.452748,0.036098,0.079117,0.110757,0.107333,0.080421,0.069002
CGGTGTACTTGATCCC-1,0.156459,0.662288,0.051325,0.016995,0.000061,0.052068,0.055572,0.000061,0.00517
CGGTTATCCAACAGTG-1,0.000482,0.000049,0.117288,0.186098,0.174141,0.059076,0.343649,0.024087,0.09513
CGGTTCAAGTAGGTGT-1,0.000028,0.067597,0.340561,0.283381,0.000029,0.102541,0.117558,0.06142,0.026886
CGGTTCCGGCTTCTTG-1,0.000094,0.822328,0.000116,0.034619,0.009512,0.020073,0.032192,0.056651,0.024417
CGGTTGACCTGGCATA-1,0.000196,0.024197,0.478964,0.208631,0.013212,0.117587,0.084704,0.015476,0.057034
CGGTTGAGTATCCTTC-1,0.000152,0.017873,0.000152,0.000303,0.846707,0.009535,0.124974,0.000152,0.000152
CGGTTGGGCAGGGTCC-1,0.000029,0.000029,0.001516,0.16218,0.057144,0.101166,0.09103,0.346822,0.240083
CGGTTGGGTTCAAGTT-1,0.000037,0.064344,0.40745,0.12755,0.075328,0.071921,0.066478,0.003444,0.183447
CGGTTTACTGAACATT-1,0.000045,0.012497,0.001447,0.050413,0.199368,0.016715,0.021137,0.642184,0.056194
CGGTTTATGAAGGAAC-1,0.000022,0.031855,0.429353,0.215593,0.022073,0.049474,0.12286,0.023202,0.105569
CGTAAACGCTTGAGTG-1,0.000039,0.999652,0.000039,0.000077,0.000039,0.000039,0.000039,0.000039,0.000039
CGTAAAGCAAGAAATC-1,0.000014,0.000014,0.00165,0.474972,0.029481,0.001456,0.066179,0.418459,0.007774
CGTAAATAACAAAGGG-1,0.000012,0.000012,0.017011,0.191579,0.157414,0.279819,0.15225,0.135262,0.066639
CGTAACGGAACGATCA-1,0.000006,0.020834,0.199459,0.17373,0.002031,0.5183,0.021623,0.049372,0.014645
CGTAACTTCGACACTT-1,0.000083,0.045737,0.000083,0.000166,0.645823,0.14042,0.162639,0.001971,0.003077
CGTAATAATTACGAGT-1,0.000041,0.999629,0.000041,0.000082,0.000041,0.000041,0.000041,0.000041,0.000041
CGTACCGAAAGTCTAG-1,0.000047,0.648296,0.129631,0.185985,0.000047,0.005351,0.000047,0.004585,0.02601
CGTACCTGATAGGCCT-1,0.006316,0.032861,0.279748,0.327111,0.009358,0.019022,0.162484,0.044001,0.119098
CGTAGAGAGTAATTAT-1,0.000098,0.047805,0.000098,0.000195,0.632491,0.000099,0.319019,0.000098,0.000098
CGTAGCGAATTGTCAG-1,0.000101,0.089265,0.054037,0.646687,0.068963,0.011201,0.000101,0.03955,0.090094
CGTAGCGCCGACGTTG-1,0.000148,0.701447,0.000148,0.000295,0.187058,0.041869,0.068741,0.000148,0.000148
CGTATTAAGAGATCTA-1,0.000043,0.096842,0.272232,0.035883,0.031365,0.129081,0.269357,0.023439,0.141757
CGTATTGTTTCCTAAT-1,0.000026,0.000026,0.098938,0.177634,0.032575,0.318391,0.076837,0.261319,0.034253
CGTATTGTTTGGCGCC-1,0.00003,0.00003,0.00959,0.211788,0.094836,0.366472,0.051887,0.211185,0.054183
CGTCAAATGGTCGCAG-1,0.000016,0.000016,0.087447,0.183142,0.035378,0.396086,0.112131,0.095898,0.089885
CGTCAAGGCTATAAAT-1,0.000012,0.032158,0.191378,0.665191,0.015108,0.01616,0.005177,0.019884,0.054931
CGTCAATCTTTAACAT-1,0.000033,0.751888,0.010275,0.237638,0.000033,0.000033,0.000033,0.000033,0.000033
CGTCACGTCCATTGGT-1,0.000035,0.034994,0.097856,0.146854,0.027716,0.546796,0.050591,0.048176,0.046982
CGTCAGCTATTTACTC-1,0.000101,0.326722,0.026019,0.000202,0.006109,0.008136,0.57523,0.000101,0.057379
CGTCAGTGCGCACAAG-1,0.029131,0.507035,0.035178,0.036953,0.136628,0.018613,0.110867,0.046772,0.078823
CGTCAGTTTATCGTCT-1,0.001,0.601402,0.390595,0.002001,0.001,0.001,0.001,0.001,0.001
CGTCATACCATATCCA-1,0.0772,0.305788,0.032363,0.030056,0.317298,0.000058,0.145095,0.029805,0.062337
CGTCCAGATGGCTCCA-1,0.000099,0.999112,0.000099,0.000197,0.000099,0.000099,0.000099,0.000099,0.000099
CGTCGCATGTGAGCCA-1,0.027018,0.038169,0.000148,0.000296,0.354439,0.000148,0.579485,0.000148,0.000148
CGTCGCGGCGGGATTT-1,0.006044,0.734347,0.031054,0.060147,0.057038,0.000056,0.022841,0.013773,0.0747
CGTCGCTTGGTTATAC-1,0.00021,0.00021,0.068291,0.012785,0.917665,0.00021,0.00021,0.00021,0.00021
CGTCGGATAGTGTTGA-1,0.000044,0.000044,0.025071,0.190365,0.009039,0.587575,0.041592,0.118169,0.028101
CGTCGGGTCTAAGCGC-1,0.000025,0.000025,0.053406,0.369421,0.056039,0.185251,0.014811,0.284679,0.036342
CGTCGTCCTTCGCGAA-1,0.000186,0.000186,0.000186,0.000373,0.877367,0.000186,0.121143,0.000186,0.000186
CGTCTCTCGCCGAGGC-1,0.000279,0.000681,0.188775,0.124807,0.022154,0.500961,0.06809,0.055863,0.038391
CGTCTGGAAGGGCCCG-1,0.00006,0.244775,0.106464,0.129918,0.119136,0.037144,0.054364,0.076099,0.23204
CGTGAACTGACCCGAT-1,0.000014,0.000014,0.040455,0.613455,0.076247,0.131498,0.014167,0.104931,0.01922
CGTGAAGTTAATTCAC-1,0.00002,0.010913,0.380946,0.565318,0.00002,0.019517,0.00002,0.012638,0.010606
CGTGACATTGGGTCGT-1,0.000071,0.029114,0.0338,0.164833,0.082728,0.022522,0.184623,0.186899,0.29541
CGTGCACACCACTGTA-1,0.004136,0.000146,0.000146,0.000292,0.372136,0.036729,0.586122,0.000146,0.000146
CGTGCAGACTGGGACA-1,0.00006,0.020175,0.267155,0.020971,0.000861,0.527221,0.080021,0.014727,0.068807
CGTGCATTGTCGACGC-1,0.000049,0.046487,0.270786,0.001777,0.110095,0.020706,0.504098,0.000049,0.045954
CGTGCCCGACATTTGT-1,0.000135,0.094891,0.000135,0.876739,0.000135,0.000135,0.000135,0.013722,0.013972
CGTGCCCTCCCGAAGA-1,0.000019,0.000019,0.096809,0.783363,0.000019,0.060141,0.00012,0.051436,0.008072
CGTGCTGGCCTAGTCG-1,0.000114,0.788098,0.000114,0.000227,0.210992,0.000114,0.000114,0.000114,0.000114
CGTGCTTCTACCTAAA-1,0.00009,0.00009,0.00009,0.26238,0.715255,0.00009,0.00009,0.021825,0.00009
CGTGGTACCCAAAGGC-1,0.000066,0.007644,0.008317,0.000131,0.840006,0.061921,0.049714,0.014741,0.01746
CGTGTCCCATTCGCGA-1,0.000062,0.000062,0.266011,0.23165,0.138794,0.234513,0.043215,0.018759,0.066934
CGTGTCTCGTTACGAC-1,0.000092,0.000092,0.023803,0.316656,0.565125,0.015086,0.010606,0.000092,0.068448
CGTGTGTTAAACCCTG-1,0.000035,0.000035,0.012186,0.094209,0.155668,0.286267,0.172832,0.193527,0.08524
CGTTAATGTCCCGACG-1,0.331066,0.092245,0.000208,0.000417,0.505951,0.000208,0.069486,0.000208,0.000208
CGTTAGCTCACAACTG-1,0.000037,0.03905,0.166913,0.297184,0.134568,0.051233,0.155867,0.084675,0.070473
CGTTATCATACTTCCA-1,0.000037,0.001224,0.330264,0.061323,0.093186,0.3713,0.069326,0.047609,0.025731
CGTTCAAGGAAACGGA-1,0.003497,0.000024,0.00532,0.303353,0.103043,0.033265,0.23856,0.247237,0.065702
CGTTCAGACCCGCGAA-1,0.016748,0.000125,0.000125,0.00025,0.577473,0.161158,0.243871,0.000125,0.000125
CGTTCATGGTGCGCGT-1,0.000031,0.000031,0.277992,0.144678,0.02958,0.295977,0.087586,0.099562,0.064562
CGTTCTTCGCACACCT-1,0.000035,0.000035,0.340517,0.118443,0.019784,0.311402,0.104947,0.044548,0.060289
CGTTGAATACCGCGCT-1,0.000209,0.085069,0.000209,0.000418,0.665288,0.000209,0.04181,0.20658,0.000209
CGTTGAGCGACCGTCG-1,0.000039,0.007149,0.28812,0.16551,0.014692,0.354455,0.084036,0.061275,0.024724
CGTTGAGTAATTGCGT-1,0.000054,0.046304,0.210137,0.073532,0.008043,0.2036,0.294029,0.052164,0.112137
CGTTGCCCGCGTGGGA-1,0.000081,0.01521,0.062942,0.063781,0.649699,0.048629,0.109466,0.01408,0.036112
CGTTGTAAACGTCAGG-1,0.000553,0.154998,0.078425,0.58384,0.063353,0.002218,0.006247,0.019642,0.090722
CGTTGTAAGATTGATT-1,0.000037,0.000037,0.138748,0.157745,0.069525,0.370707,0.148681,0.076961,0.037559
CGTTGTCGGCAATTGA-1,0.000122,0.000122,0.000122,0.000243,0.731218,0.085009,0.182922,0.000122,0.000122
CGTTGTTTCAATTCCC-1,0.000034,0.067703,0.610234,0.130441,0.008389,0.003852,0.018797,0.074998,0.085551
CGTTTAAGCGGAGCAC-1,0.000145,0.423525,0.000145,0.008551,0.048164,0.021218,0.419278,0.018047,0.060926
CGTTTACAAGGCAGCT-1,0.000037,0.013452,0.089661,0.036672,0.044407,0.546523,0.162537,0.035796,0.070914
CGTTTCACTTCGGGCG-1,0.000058,0.046949,0.257659,0.003999,0.027932,0.166021,0.416316,0.023685,0.057381
CGTTTCGCTCATTACA-1,0.000045,0.040357,0.394109,0.263481,0.051989,0.109348,0.028585,0.01345,0.098636
CGTTTCGGTTATATGC-1,0.000848,0.000848,0.282779,0.001695,0.710439,0.000848,0.000848,0.000848,0.000848
CGTTTGTGTAGAGGGT-1,0.000044,0.007454,0.227145,0.31467,0.114433,0.208338,0.008533,0.039684,0.079699
CTAAACGGGTGTAATC-1,0.000736,0.631324,0.102689,0.001471,0.000736,0.000736,0.000736,0.000736,0.260838
CTAAAGAATGCCTACT-1,0.000018,0.024861,0.551975,0.289705,0.014774,0.014278,0.013468,0.020638,0.070284
CTAAAGGATGAGATAC-1,0.002331,0.000006,0.117036,0.483554,0.033086,0.120711,0.020206,0.164044,0.059027
CTAAAGGGAAATAGGA-1,0.00002,0.003419,0.3238,0.174963,0.0435,0.318062,0.036661,0.084109,0.015465
CTAAAGTCCGAAGCTA-1,0.000299,0.545838,0.033863,0.418508,0.000299,0.000299,0.000299,0.000299,0.000299
CTAAATCCGGTGTACA-1,0.000073,0.000073,0.000947,0.027248,0.641209,0.153728,0.01689,0.096528,0.063305
CTAAATCCTATTCCGG-1,0.000034,0.038682,0.348911,0.144739,0.057616,0.014553,0.187973,0.066818,0.140674
CTAACAGCACAATAAC-1,0.000061,0.015995,0.003252,0.215229,0.742291,0.000061,0.000061,0.021965,0.001084
CTAACCGCGCGCCCGT-1,0.000011,0.033261,0.438675,0.527193,0.000011,0.000311,0.000011,0.000274,0.000252
CTAACGAAACTTGCTG-1,0.000019,0.026974,0.358579,0.337799,0.005333,0.139956,0.038616,0.057872,0.034852
CTAACTGGTCCGGTTC-1,0.000027,0.000027,0.258953,0.168323,0.036612,0.448255,0.024234,0.048782,0.014785
CTAAGGGAATGATTGG-1,0.000027,0.000027,0.629804,0.166351,0.01468,0.099346,0.002529,0.070594,0.016642
CTAAGTACAGGGCTAC-1,0.00003,0.023572,0.274443,0.223982,0.034813,0.073453,0.106529,0.03961,0.223568
CTAATGCGCCCAACAA-1,0.128257,0.728057,0.000459,0.140932,0.000459,0.000459,0.000459,0.000459,0.000459
CTAATTATGAAGCGTA-1,0.000013,0.008271,0.446659,0.192864,0.038355,0.186408,0.038564,0.054184,0.034684
CTAATTCGCACGCGCT-1,0.000046,0.096114,0.076707,0.063464,0.167933,0.069286,0.177662,0.043328,0.305461
CTAATTCTCAGATATT-1,0.000055,0.000055,0.112336,0.331195,0.020474,0.434629,0.067767,0.018473,0.015016
CTAATTTCAACAACAC-1,0.000046,0.185757,0.028078,0.442604,0.256627,0.000046,0.012092,0.008873,0.065877
CTACAAGAAATAACCC-1,0.000021,0.003613,0.02192,0.411215,0.10665,0.034947,0.022908,0.307083,0.091643
CTACACTAGCTTGTTC-1,0.00087,0.296365,0.00087,0.697546,0.00087,0.00087,0.00087,0.00087,0.00087
CTACATATCGCGGGAC-1,0.000033,0.000033,0.010644,0.211899,0.182431,0.026171,0.002606,0.551148,0.015034
CTACCCTAAGGTCATA-1,0.000048,0.014565,0.218781,0.019824,0.094989,0.499629,0.08102,0.025792,0.045352
CTACGAACTAGGTCGA-1,0.000196,0.541076,0.005499,0.371094,0.08135,0.000196,0.000196,0.000196,0.000196
CTACGACTAGCTATAA-1,0.000018,0.094228,0.501514,0.354043,0.001995,0.001641,0.000097,0.027327,0.019136
CTACGATCCTATCCTA-1,0.00004,0.00004,0.00762,0.191307,0.179721,0.111862,0.034237,0.066314,0.408858
CTACGCACGGAGTACC-1,0.000033,0.068455,0.49239,0.301305,0.031848,0.011326,0.006953,0.025427,0.062265
CTACGCCATTTCCGAT-1,0.000075,0.215838,0.157512,0.38771,0.000075,0.068735,0.000075,0.034002,0.135977
CTACGTGTTGCCACCA-1,0.019695,0.765512,0.213588,0.000344,0.000172,0.000172,0.000172,0.000172,0.000172
CTACTATCATAGGTTT-1,0.000027,0.019427,0.137262,0.459724,0.000027,0.101709,0.022087,0.239295,0.020441
CTACTATCTTTCAGAG-1,0.000028,0.000028,0.450565,0.466162,0.000028,0.06046,0.000028,0.00993,0.012773
CTACTCAAGGTATAGT-1,0.000076,0.000076,0.00771,0.056926,0.791905,0.011365,0.068199,0.034845,0.028898
CTACTCTAGGCCCGGC-1,0.000023,0.025326,0.212638,0.673742,0.025468,0.010011,0.006247,0.012086,0.034458
CTACTGCCACCTGACC-1,0.000055,0.055577,0.409384,0.149497,0.000055,0.031139,0.211891,0.054203,0.0882
CTAGACATATATGTAG-1,0.000025,0.138161,0.384898,0.079195,0.013214,0.159047,0.069944,0.03361,0.121908
CTAGACTGCATTTCGT-1,0.000051,0.033588,0.375743,0.107937,0.086529,0.049693,0.125987,0.135949,0.084522
CTAGATAAACTCCTCG-1,0.000054,0.722298,0.024468,0.074841,0.049296,0.009876,0.000231,0.030076,0.08886
CTAGATGTGAGTGTAA-1,0.00002,0.002759,0.081203,0.726218,0.00002,0.072297,0.000113,0.093209,0.024159
CTAGATTTACGACGGC-1,0.00004,0.00004,0.292558,0.296698,0.002276,0.323944,0.009748,0.032644,0.042054
CTAGCATAGTATAATG-1,0.000037,0.053141,0.32187,0.098033,0.019067,0.236497,0.082104,0.007591,0.181659
CTAGCCCGGGAGACGA-1,0.000012,0.000012,0.060278,0.294855,0.033064,0.286824,0.115093,0.132562,0.0773
CTAGCCGATGTTATGA-1,0.006426,0.021768,0.483916,0.056054,0.000144,0.187738,0.161435,0.042502,0.040018
CTAGCGCCAATCCTAC-1,0.000016,0.011894,0.563897,0.238939,0.006599,0.023428,0.027483,0.057274,0.07047
CTAGGCGGCAGAGAAT-1,0.000465,0.316213,0.000465,0.68053,0.000465,0.000465,0.000465,0.000465,0.000465
CTAGGGATAGGGACAA-1,0.000011,0.000011,0.004972,0.657563,0.019924,0.001542,0.017838,0.289087,0.009051
CTAGGTCTGAAGGAAT-1,0.01035,0.00003,0.087602,0.056981,0.139557,0.217084,0.175549,0.221396,0.091452
CTAGGTTCGGACGTGA-1,0.000175,0.052093,0.000175,0.00035,0.812853,0.000175,0.13383,0.000175,0.000175
CTAGTAGAAAGGGATT-1,0.134632,0.000077,0.000077,0.000155,0.806691,0.007797,0.050416,0.000077,0.000077
CTAGTATTCGGAATTA-1,0.000056,0.060725,0.177321,0.378035,0.056663,0.024721,0.01963,0.067848,0.215002
CTAGTCACGTCTTAAG-1,0.000035,0.011203,0.499938,0.151589,0.002484,0.239756,0.073534,0.015867,0.005594
CTAGTGAAGGACAGGA-1,0.000035,0.072899,0.334911,0.276069,0.033895,0.042533,0.060486,0.063648,0.115524
CTAGTTACAACCCGGT-1,0.000027,0.000027,0.012269,0.382522,0.097268,0.102366,0.057417,0.215038,0.133066
CTAGTTGGGCCCGGTA-1,0.000033,0.058691,0.575772,0.269516,0.000033,0.01926,0.023943,0.007321,0.045432
CTATAAGAGCCAATCG-1,0.000018,0.00556,0.563184,0.229497,0.001062,0.171995,0.005696,0.021461,0.001527
CTATAAGTAGGGTTTG-1,0.000038,0.000038,0.225665,0.454654,0.039255,0.103137,0.00833,0.124709,0.044173
CTATACTTAAAGCGAG-1,0.000084,0.033866,0.005294,0.000169,0.836531,0.001241,0.019679,0.000084,0.103052
CTATAGGCGTTGATGT-1,0.017259,0.000127,0.030719,0.218821,0.626446,0.000127,0.084114,0.022261,0.000127
CTATATCCAGCCTGGC-1,0.008948,0.007827,0.001865,0.469952,0.043998,0.006548,0.030453,0.391479,0.038929
CTATCACAACGCTGGA-1,0.000021,0.007939,0.00957,0.273643,0.098766,0.169755,0.139176,0.271926,0.029204
CTATCGGGTCTCAACA-1,0.000021,0.007622,0.627089,0.204651,0.00589,0.094095,0.017027,0.022958,0.020646
CTATGAACACCTTGCC-1,0.000019,0.000019,0.001004,0.759615,0.038895,0.001639,0.019093,0.168237,0.011479
CTATGTCACTAGCCCA-1,0.000032,0.041168,0.435613,0.324629,0.000032,0.012579,0.00743,0.026799,0.15172
CTATGTCTATTGAAAC-1,0.000078,0.553507,0.121349,0.058734,0.175212,0.01445,0.025441,0.000078,0.051149
CTATGTGAGTCACGGC-1,0.000021,0.010557,0.406716,0.136137,0.023446,0.289214,0.038003,0.027463,0.068442
CTATTCATGTGTCCCA-1,0.000035,0.000035,0.067197,0.564566,0.025277,0.090548,0.017837,0.190038,0.044467
CTATTGTGTTTGGTCA-1,0.000025,0.033117,0.457973,0.507932,0.000025,0.000025,0.000025,0.000025,0.000852
CTATTTGCTTGGAGGA-1,0.000062,0.000062,0.000371,0.019038,0.260536,0.248992,0.268196,0.155222,0.047522
CTATTTGGTTACGGAT-1,0.000043,0.000043,0.292629,0.339802,0.002172,0.28277,0.010756,0.057161,0.014623
CTCAAACCACTGCCCG-1,0.000115,0.017137,0.022336,0.104316,0.842567,0.001715,0.000115,0.010826,0.000874
CTCAACTAACCCGGAT-1,0.134975,0.026897,0.000083,0.000165,0.689592,0.023753,0.124371,0.000083,0.000083
CTCAAGACATTAGCGC-1,0.000023,0.090798,0.336786,0.480287,0.000023,0.013412,0.009239,0.030964,0.038468
CTCACACGCAAGCCTA-1,0.000022,0.000022,0.094707,0.035601,0.076589,0.640139,0.072719,0.023568,0.056633
CTCACATTTACTAAAT-1,0.094561,0.076197,0.000103,0.069279,0.759446,0.000103,0.000103,0.000103,0.000103
CTCACCAGTACAAGTG-1,0.000027,0.033701,0.180024,0.487172,0.185728,0.000027,0.000027,0.016494,0.096801
CTCACCGATCCAAACT-1,0.000023,0.01807,0.443484,0.174621,0.21399,0.030268,0.037296,0.029582,0.052666
CTCACTGTGATACTTA-1,0.042724,0.010822,0.000162,0.000323,0.578842,0.000162,0.366641,0.000162,0.000162
CTCACTTGGCTGGTAA-1,0.000036,0.019293,0.457727,0.041406,0.204447,0.052999,0.135751,0.033764,0.054578
CTCAGAGCTAATGTCG-1,0.000026,0.000026,0.18509,0.326894,0.071069,0.041538,0.097699,0.236479,0.041179
CTCAGATTGTGATAAG-1,0.000032,0.000032,0.318898,0.063622,0.058425,0.222946,0.194214,0.032761,0.109072
CTCAGCAGACTGCCGA-1,0.000017,0.045545,0.536651,0.17723,0.018381,0.074873,0.022436,0.048529,0.07634
CTCAGGACTCACCTGT-1,0.000102,0.656276,0.111033,0.000203,0.119443,0.075193,0.023636,0.014012,0.000102
CTCAGTCACGACAAAT-1,0.006343,0.035539,0.547133,0.196496,0.011067,0.014975,0.094183,0.062035,0.032229
CTCATAAATGTGTATA-1,0.000099,0.000099,0.000099,0.000197,0.939977,0.000099,0.059234,0.000099,0.000099
CTCATCACTTAGTGAT-1,0.000059,0.009231,0.000059,0.109547,0.33905,0.208933,0.130055,0.151649,0.051417
CTCATGGCTCACAATC-1,0.000119,0.398738,0.000119,0.000237,0.155459,0.002417,0.271214,0.093174,0.078524
CTCATGGTAATTTGCG-1,0.000037,0.02025,0.274576,0.086229,0.019629,0.423238,0.03424,0.063113,0.078687
CTCATTAACGTTGCCC-1,0.000057,0.003063,0.13351,0.032467,0.632093,0.005347,0.070014,0.054221,0.069229
CTCATTCGTGAACATC-1,0.001906,0.049239,0.156645,0.360776,0.06658,0.098185,0.049775,0.049191,0.167702
CTCATTGCTCTAACAA-1,0.038438,0.000145,0.000145,0.00029,0.598315,0.000145,0.362233,0.000145,0.000145
CTCATTTGATGGGCGG-1,0.003254,0.068303,0.151444,0.407342,0.049569,0.039522,0.113143,0.066828,0.100595
CTCCCTCCTTTCGATC-1,0.000034,0.000034,0.054034,0.140931,0.075523,0.516254,0.037848,0.116297,0.059045
CTCCCTTGTATCAAGG-1,0.000031,0.000031,0.182421,0.189846,0.413145,0.073749,0.008564,0.066514,0.0657
CTCCGAGTAAATCCGC-1,0.000007,0.013859,0.296088,0.094304,0.001921,0.544574,0.017969,0.017749,0.01353
CTCCGCCCACATGAGG-1,0.000021,0.000021,0.726131,0.195913,0.000021,0.072585,0.000021,0.005177,0.00011
CTCCGGCCTAATATGC-1,0.002897,0.092886,0.204474,0.185363,0.013451,0.023914,0.083116,0.209903,0.183995
CTCCGGCTTGTAGACA-1,0.000063,0.999435,0.000063,0.000126,0.000063,0.000063,0.000063,0.000063,0.000063
CTCCTAAGTTATGTCT-1,0.000092,0.91423,0.000092,0.005867,0.079351,0.000092,0.000092,0.000092,0.000092
CTCCTAGTAATCGTGA-1,0.000022,0.008705,0.072241,0.222157,0.06171,0.147823,0.07734,0.319372,0.09063
CTCCTCCAGCTCACAC-1,0.007423,0.047349,0.000071,0.278675,0.563474,0.000071,0.000071,0.10023,0.002635
CTCCTTTACGCAAGTC-1,0.000022,0.000022,0.351543,0.268436,0.0138,0.251902,0.032385,0.071115,0.010776
CTCGAATGGAACGTAT-1,0.022352,0.030293,0.090823,0.844758,0.00001,0.00001,0.00001,0.005044,0.006699
CTCGAGACATACGATA-1,0.000025,0.000025,0.055362,0.12751,0.104567,0.070831,0.022784,0.469926,0.14897
CTCGAGATCCAAAGCA-1,0.00004,0.999638,0.00004,0.000081,0.00004,0.00004,0.00004,0.00004,0.00004
CTCGAGGCAAGTTTCA-1,0.006446,0.000034,0.016078,0.47918,0.103956,0.074766,0.073873,0.186881,0.058788
CTCGAGGTCGAACAGT-1,0.000034,0.059183,0.464024,0.367272,0.000034,0.00071,0.014941,0.016048,0.077754
CTCGATATTTGCGAGC-1,0.001547,0.023044,0.25902,0.145399,0.022359,0.119865,0.405579,0.013783,0.009403
CTCGCACCTATATAGT-1,0.000056,0.057619,0.255928,0.157918,0.004314,0.155131,0.18336,0.026857,0.158816
CTCGCATTGCATAGCC-1,0.000104,0.028452,0.002143,0.000209,0.808973,0.092511,0.000104,0.0674,0.000104
CTCGCTAGGTAAGCGA-1,0.00013,0.016444,0.042485,0.00026,0.768308,0.108795,0.063318,0.00013,0.00013
CTCGGGATAACACCTA-1,0.000042,0.000042,0.006132,0.029567,0.474387,0.108582,0.219827,0.107704,0.053717
CTCGGGTTCTCTGGCC-1,0.000147,0.000147,0.070171,0.038018,0.510207,0.000147,0.000147,0.171351,0.209665
CTCGGTACCACTGCTC-1,0.000036,0.00342,0.149504,0.312135,0.019499,0.283427,0.083146,0.101975,0.046858
CTCGGTCCGTAGCCTG-1,0.000075,0.260519,0.088848,0.068622,0.160703,0.06899,0.073747,0.000582,0.277913
CTCGGTTGTCGGCCCT-1,0.000023,0.000023,0.027421,0.70968,0.010306,0.001901,0.000023,0.23212,0.018502
CTCGTCGAGGGCTCAT-1,0.053166,0.035815,0.000079,0.000158,0.862201,0.009987,0.038437,0.000079,0.000079
CTCGTCTGTGCCTTCG-1,0.039929,0.008024,0.009403,0.248657,0.322777,0.000048,0.200625,0.170107,0.000431
CTCGTGGCACTGAAAG-1,0.000015,0.000015,0.041858,0.264534,0.173345,0.277178,0.072703,0.128912,0.041439
CTCGTTACGGCTACCA-1,0.000016,0.000016,0.001463,0.585442,0.03657,0.002752,0.029059,0.325748,0.018934
CTCGTTTCTAATGTTT-1,0.02109,0.018418,0.322087,0.217681,0.090599,0.136231,0.145852,0.017932,0.03011
CTCTAACACCGGCAGC-1,0.00001,0.00001,0.027572,0.410875,0.030441,0.087916,0.04511,0.321456,0.07661
CTCTAATGCATTGATC-1,0.000035,0.000035,0.203215,0.244237,0.021054,0.343493,0.141436,0.028188,0.018307
CTCTACACTGGCGATT-1,0.004122,0.032973,0.463838,0.32771,0.068435,0.006874,0.004328,0.017989,0.073731
CTCTACATCCTGCGTG-1,0.003972,0.000055,0.034162,0.125002,0.127585,0.28564,0.148921,0.118128,0.156536
CTCTAGCCCTCGGAAA-1,0.046194,0.101875,0.000122,0.000243,0.697031,0.000122,0.15417,0.000122,0.000122
CTCTATTTGGCTGCAG-1,0.000042,0.000042,0.068587,0.190876,0.003465,0.485633,0.09681,0.07774,0.076804
CTCTCACAATCGATGA-1,0.002142,0.028426,0.45855,0.139288,0.016152,0.031246,0.081841,0.105409,0.136947
CTCTCGATGTGCGCCT-1,0.000834,0.610604,0.000834,0.001667,0.000834,0.382728,0.000834,0.000834,0.000834
CTCTCGCTGTACTATG-1,0.000063,0.129162,0.159904,0.093246,0.269807,0.098779,0.106749,0.000063,0.142227
CTCTCTAACTGCCTAG-1,0.000039,0.000912,0.009618,0.340534,0.145922,0.034709,0.014924,0.381581,0.071762
CTCTGCAGGCATTCTT-1,0.000033,0.000033,0.033091,0.358542,0.19002,0.05227,0.033005,0.235561,0.097446
CTCTGCGAAGCAAGCA-1,0.000797,0.154655,0.075479,0.76783,0.000023,0.000023,0.000023,0.000269,0.000903
CTCTGGACGCCTGGTG-1,0.00004,0.110326,0.671729,0.120672,0.00004,0.014921,0.002795,0.018365,0.061111
CTCTGTCCATGCACCA-1,0.000026,0.196697,0.006363,0.351902,0.0866,0.041112,0.029596,0.23024,0.057464
CTCTGTGCCTGCTATG-1,0.000541,0.68621,0.000541,0.087111,0.223435,0.000541,0.000541,0.000541,0.000541
CTCTGTTTGAGGATTC-1,0.000061,0.206977,0.079397,0.465184,0.042357,0.012586,0.076304,0.029332,0.087802
CTCTTCTGGAAGTTAG-1,0.000136,0.000136,0.000136,0.115235,0.778293,0.000136,0.000136,0.029186,0.076607
CTCTTGTCCCGCTTGG-1,0.000041,0.006987,0.021105,0.542751,0.007224,0.051702,0.013316,0.298796,0.058078
CTGAAACGGCCCTCAG-1,0.000009,0.003777,0.385868,0.306713,0.018033,0.183579,0.032153,0.046104,0.023764
CTGAAAGAGATCCGAC-1,0.000034,0.098572,0.144787,0.243973,0.124299,0.120672,0.139274,0.039849,0.08854
CTGAATCCGAGACCTC-1,0.000025,0.000025,0.185123,0.473473,0.041412,0.084355,0.064956,0.098791,0.051839
CTGAATTTATTGCCAG-1,0.000034,0.01048,0.286501,0.034291,0.035605,0.211538,0.348282,0.03822,0.03505
CTGACTGCGCAGCTCG-1,0.000032,0.000032,0.067796,0.33097,0.014134,0.374357,0.011261,0.180703,0.020715
CTGAGCAAGTAACAAG-1,0.000066,0.926911,0.000066,0.000133,0.023492,0.022421,0.022542,0.004301,0.000066
CTGAGCGAGACTTATT-1,0.000083,0.023063,0.000083,0.005563,0.785101,0.017615,0.005143,0.000083,0.163264
CTGATAGTGTATCTCA-1,0.00421,0.066724,0.41995,0.247123,0.059071,0.084635,0.060779,0.013005,0.044503
CTGATCCCTTTATGCA-1,0.000028,0.000484,0.033654,0.663165,0.061294,0.085701,0.038647,0.079621,0.037407
CTGCACAACTACATAT-1,0.00257,0.000038,0.020025,0.181789,0.164017,0.161685,0.0409,0.29238,0.136595
CTGCACCTAGTCCACA-1,0.000042,0.000042,0.001779,0.00232,0.088321,0.435063,0.426188,0.027949,0.018296
CTGCACCTGGAACCGC-1,0.000064,0.644136,0.000064,0.000128,0.013584,0.154025,0.169495,0.018439,0.000064
CTGCACTCCAGTACAG-1,0.000067,0.0157,0.128746,0.133259,0.399606,0.069995,0.011931,0.240629,0.000067
CTGCAGGGTGACGCTC-1,0.000503,0.038821,0.000503,0.001005,0.957158,0.000503,0.000503,0.000503,0.000503
CTGCAGGTGCTCGGCC-1,0.000877,0.992103,0.000877,0.001755,0.000877,0.000877,0.000877,0.000877,0.000877
CTGCCAAGGTTGGAAG-1,0.000032,0.009037,0.105939,0.557552,0.000092,0.004928,0.265123,0.022631,0.034666
CTGCCATGCATCACAT-1,0.000047,0.004819,0.382717,0.002617,0.034885,0.343794,0.179978,0.00917,0.041972
CTGCCCACGAAGCGTT-1,0.000028,0.045187,0.288008,0.111363,0.112694,0.096301,0.158546,0.033794,0.154079
CTGCCTAGCCACCAAG-1,0.000115,0.238852,0.289495,0.002512,0.133139,0.048621,0.085225,0.201927,0.000115
CTGCCTCATATGCAAC-1,0.000078,0.012979,0.040635,0.000157,0.790825,0.135004,0.020164,0.000078,0.000078
CTGCCTTTAATACCTT-1,0.000162,0.027338,0.000162,0.000324,0.956597,0.000162,0.000162,0.000162,0.014932
CTGCCTTTCTAGTAAA-1,0.569731,0.008461,0.000106,0.000211,0.316799,0.000106,0.104375,0.000106,0.000106
CTGCGACCTCGCCGAA-1,0.007025,0.00004,0.001296,0.042493,0.278419,0.163258,0.283514,0.137297,0.086658
CTGCGATTTCGAGATT-1,0.000053,0.000053,0.000053,0.147556,0.192732,0.022745,0.501199,0.084951,0.050657
CTGCGGGTGAAATGTT-1,0.00002,0.029973,0.326812,0.256673,0.035345,0.067062,0.058893,0.07205,0.153171
CTGCGGTAGTCACGTG-1,0.000025,0.145037,0.063905,0.782945,0.000025,0.000025,0.000025,0.003825,0.004186
CTGCGTTACGATATAA-1,0.000023,0.015298,0.385174,0.51731,0.000023,0.021099,0.008945,0.017324,0.034802
CTGCTCTGACGGCAAA-1,0.000018,0.000018,0.032288,0.365894,0.066545,0.217269,0.074065,0.135795,0.108108
CTGCTGAGGCCACGAA-1,0.000026,0.000026,0.10483,0.018407,0.043634,0.736975,0.056958,0.01443,0.024714
CTGCTTGGCGATAGCT-1,0.000118,0.000118,0.022264,0.000236,0.683496,0.174191,0.073053,0.013533,0.032992
CTGCTTTATGTCCGCG-1,0.014473,0.000038,0.152832,0.00336,0.026568,0.663225,0.084092,0.033839,0.021573
CTGGAAATGGATGCTT-1,0.000057,0.067313,0.116956,0.011714,0.037937,0.241865,0.407118,0.018318,0.098723
CTGGAAGACACGGTGG-1,0.000136,0.025469,0.000136,0.000272,0.856657,0.008215,0.108844,0.000136,0.000136
CTGGACGCAGTCCGGC-1,0.000013,0.000013,0.018209,0.859332,0.004131,0.031817,0.001783,0.06891,0.015793
CTGGATTTACACTTGA-1,0.000017,0.000017,0.130115,0.845547,0.000017,0.004415,0.000017,0.01977,0.000085
CTGGCATCCGAATGAG-1,0.000038,0.000038,0.189666,0.12241,0.007677,0.505868,0.139553,0.01068,0.02407
CTGGCGACATAAGTCC-1,0.000024,0.021795,0.1275,0.822847,0.000024,0.000024,0.000024,0.005887,0.021878
CTGGCGATTTACATGT-1,0.000116,0.04068,0.000116,0.000233,0.895278,0.000116,0.063228,0.000116,0.000116
CTGGCGCACAGGTCTG-1,0.000029,0.000029,0.404897,0.35099,0.000029,0.157603,0.017693,0.05604,0.012691
CTGGCGGGAATAAGTA-1,0.000043,0.457731,0.003177,0.000085,0.206882,0.055299,0.271251,0.000043,0.005491
CTGGCTCCTGCGGGAT-1,0.019102,0.766581,0.000137,0.000275,0.072014,0.000137,0.141479,0.000137,0.000137
CTGGCTGATTCATCCT-1,0.000156,0.000156,0.000156,0.107915,0.384206,0.000156,0.061501,0.000156,0.4456
CTGGCTGCTAACGTAA-1,0.001695,0.984742,0.001695,0.003391,0.001695,0.001695,0.001695,0.001695,0.001695
CTGGCTGGTTGTCAGT-1,0.000039,0.000039,0.03889,0.543229,0.063991,0.127872,0.024371,0.14758,0.053987
CTGGGATAAATAATGG-1,0.000022,0.000022,0.084631,0.480055,0.038833,0.252377,0.045094,0.049219,0.049748
CTGGGATACGCTACCC-1,0.000172,0.000172,0.128596,0.000344,0.744342,0.025346,0.081967,0.000172,0.018888
CTGGGATCGCCCAGAT-1,0.000417,0.349751,0.058192,0.195024,0.242435,0.000417,0.009099,0.000417,0.144248
CTGGGCACTAGTCGGA-1,0.000015,0.131119,0.082381,0.707753,0.001191,0.007484,0.00618,0.031717,0.032159
CTGGGCCTGCTATATC-1,0.00002,0.111607,0.535279,0.281936,0.00002,0.019198,0.001591,0.041115,0.009236
CTGGGCGGCCAAATGT-1,0.000112,0.494795,0.071735,0.372294,0.006874,0.000112,0.000112,0.013567,0.040399
CTGGGCTACTGGAGAG-1,0.000106,0.040964,0.000106,0.000211,0.853709,0.000106,0.104588,0.000106,0.000106
CTGGGCTATCCTTTGG-1,0.000026,0.011766,0.514368,0.1646,0.020419,0.016979,0.078099,0.04741,0.146333
CTGGGTAGGCAGTTAA-1,0.000782,0.000033,0.19702,0.190536,0.006738,0.220118,0.155984,0.110042,0.118746
CTGGGTTGAGTTAAAG-1,0.000019,0.000019,0.028815,0.294793,0.088206,0.278474,0.015283,0.194464,0.099927
CTGGTAAAGACTTACA-1,0.000323,0.043287,0.000116,0.000231,0.955581,0.000116,0.000116,0.000116,0.000116
CTGGTAACACATAGAA-1,0.00197,0.002465,0.042513,0.466839,0.027444,0.078551,0.026091,0.286735,0.067392
CTGGTCATTCCAATCC-1,0.000082,0.200067,0.000082,0.000165,0.001275,0.008689,0.612476,0.000082,0.177082
CTGGTCCTAACTTGGC-1,0.000439,0.707746,0.000439,0.000877,0.000439,0.000439,0.288744,0.000439,0.000439
CTGGTGAATGGGCCTA-1,0.000058,0.024297,0.014095,0.026465,0.662724,0.049311,0.083581,0.072415,0.067054
CTGGTTCAACGCATCA-1,0.000053,0.999521,0.000053,0.000106,0.000053,0.000053,0.000053,0.000053,0.000053
CTGGTTTCGAGCAAGA-1,0.000092,0.000092,0.052155,0.081723,0.458341,0.22626,0.086691,0.036989,0.057657
CTGTACTTCTTAGCAT-1,0.000017,0.002007,0.352043,0.644394,0.000017,0.000017,0.000017,0.001444,0.000047
CTGTAGCCATCTCACT-1,0.000038,0.00004,0.01692,0.426031,0.044576,0.182546,0.041065,0.265075,0.023708
CTGTAGTGAGGATCGA-1,0.006748,0.000042,0.000043,0.106883,0.177782,0.024473,0.269889,0.372869,0.041272
CTGTATGGTGTAGAAA-1,0.001433,0.340927,0.044269,0.010539,0.162364,0.02207,0.377621,0.00409,0.036687
CTGTCAAATGGCTCGG-1,0.000049,0.027683,0.33049,0.061594,0.007213,0.060869,0.495713,0.000049,0.01634
CTGTCACGCCAGGCGC-1,0.000046,0.028964,0.253035,0.121509,0.036355,0.0319,0.353799,0.019055,0.155338
CTGTCCTGCGCACTAC-1,0.000014,0.024667,0.149496,0.75555,0.000014,0.020316,0.000014,0.04654,0.00339
CTGTCTGTGGCTGGCT-1,0.000981,0.991174,0.000981,0.001961,0.000981,0.000981,0.000981,0.000981,0.000981
CTGTGCAGGGTAGGTC-1,0.000023,0.000023,0.377644,0.366904,0.002965,0.14044,0.010462,0.07819,0.023349
CTGTTACCCAATCTAG-1,0.000028,0.000028,0.174844,0.391295,0.006565,0.248564,0.00803,0.138346,0.0323
CTGTTCACTGCCTGTG-1,0.000046,0.113811,0.118739,0.435306,0.000046,0.056458,0.107943,0.034132,0.133518
CTGTTCATCTCACGGG-1,0.000065,0.320754,0.228153,0.152985,0.084475,0.001439,0.20687,0.000065,0.005193
CTGTTGGCTCTTCTGA-1,0.000054,0.587427,0.021466,0.204714,0.001764,0.028818,0.000054,0.133379,0.022325
CTGTTGTTCAGTCGTA-1,0.004477,0.000099,0.086296,0.049602,0.315832,0.159465,0.039386,0.067674,0.27717
CTTAAATAAGACCCAT-1,0.000018,0.058508,0.088811,0.576969,0.106486,0.008878,0.041855,0.01946,0.099016
CTTAACTTCGAAGTAC-1,0.00027,0.394824,0.492013,0.020386,0.067515,0.024183,0.00027,0.00027,0.00027
CTTAAGCAGCGAGCCG-1,0.00003,0.005201,0.018907,0.192799,0.078269,0.400912,0.091838,0.095655,0.116389
CTTAATCGACTTAGTA-1,0.000023,0.000023,0.03558,0.381627,0.094422,0.171011,0.031072,0.253706,0.032536
CTTACACGGTATTCCA-1,0.000029,0.058382,0.544033,0.239774,0.00096,0.005525,0.007763,0.089749,0.053785
CTTACACTGGGAAATA-1,0.01186,0.461672,0.002891,0.000107,0.215738,0.102761,0.147115,0.000054,0.057802
CTTACATAGATTTCTT-1,0.000041,0.000041,0.000304,0.333247,0.201667,0.175272,0.074668,0.159258,0.055502
CTTAGATGTTTCATCC-1,0.000032,0.000032,0.006303,0.487778,0.108037,0.144546,0.031035,0.162206,0.060032
CTTAGCCCGGATAGTG-1,0.000024,0.045386,0.068298,0.695094,0.091752,0.007161,0.002768,0.027255,0.062262
CTTAGCCTTCCACATG-1,0.000052,0.145446,0.301561,0.2022,0.008784,0.143063,0.066842,0.023571,0.108482
CTTAGGTATAGACCAG-1,0.0481,0.026553,0.000107,0.000214,0.794898,0.107532,0.007283,0.015207,0.000107
CTTAGGTCCCAATCGT-1,0.000023,0.000023,0.050331,0.286837,0.034405,0.171531,0.027798,0.199267,0.229786
CTTAGTAGGCCTACAG-1,0.000029,0.000029,0.015774,0.357231,0.011702,0.521609,0.011794,0.066131,0.015703
CTTAGTGTAGTAGCAT-1,0.541471,0.099472,0.012645,0.000124,0.28635,0.000062,0.000062,0.02042,0.039394
CTTAGTTGAGGAATCG-1,0.00011,0.00011,0.012027,0.001278,0.509292,0.290154,0.142162,0.01465,0.030216
CTTATGCGCTCAGGGC-1,0.000035,0.019022,0.309635,0.052042,0.034881,0.179922,0.291237,0.022698,0.090527
CTTATGTTGACTACCA-1,0.000193,0.699507,0.000193,0.000386,0.000193,0.000193,0.298948,0.000193,0.000193
CTTCACGCCCTGGTAC-1,0.000024,0.000024,0.108435,0.505029,0.058111,0.069653,0.013499,0.211446,0.033779
CTTCAGTGGTCGCCTA-1,0.000022,0.000022,0.021625,0.664603,0.021614,0.045114,0.002942,0.159891,0.084166
CTTCAGTTGGACAACG-1,0.012231,0.015663,0.045344,0.178316,0.249675,0.000033,0.021672,0.458019,0.019047
CTTCATAGCTCAAGAA-1,0.000061,0.275298,0.000061,0.000122,0.046714,0.029449,0.643215,0.000061,0.005018
CTTCATCACCAGGGCT-1,0.00001,0.00001,0.014666,0.651763,0.023871,0.07832,0.006741,0.17067,0.05395
CTTCATTGTCAGTGGA-1,0.000027,0.034889,0.487297,0.469108,0.000027,0.000027,0.000027,0.005454,0.003146
CTTCCGCTCCGTGAAG-1,0.000025,0.000025,0.003153,0.65003,0.029314,0.004031,0.000025,0.269142,0.044256
CTTCCTGCATATTTAC-1,0.000023,0.009075,0.642406,0.203318,0.084224,0.002641,0.007485,0.02704,0.023789
CTTCGATTGCGCAAGC-1,0.000718,0.012546,0.000123,0.000245,0.91864,0.000123,0.067361,0.000123,0.000123
CTTCGTAGATAGGTGA-1,0.000023,0.000025,0.465952,0.525005,0.000023,0.000023,0.000023,0.003495,0.005432
CTTCTATGTTGAAGTA-1,0.000025,0.000025,0.544379,0.40583,0.000025,0.029689,0.000979,0.010976,0.008073
CTTCTATTAATGCTAG-1,0.000033,0.000033,0.168817,0.389619,0.04798,0.227279,0.015356,0.125677,0.025207
CTTCTGGGCGTACCTA-1,0.000084,0.07218,0.000084,0.003964,0.563437,0.061144,0.294679,0.004345,0.000084
CTTCTTACGTCGTATA-1,0.000065,0.394844,0.021901,0.204969,0.000065,0.046341,0.000986,0.018247,0.31258
CTTGACCCGAAAGATA-1,0.000118,0.268745,0.00675,0.000236,0.132768,0.23445,0.22198,0.000118,0.134836
CTTGAGGTTATCCCGA-1,0.000086,0.752507,0.000086,0.047552,0.06696,0.000086,0.000086,0.132549,0.000086
CTTGAGTTAGGGTAAT-1,0.000033,0.000033,0.000847,0.713681,0.005805,0.014459,0.002385,0.16686,0.095897
CTTGATGACCATCCAG-1,0.000199,0.000199,0.000199,0.000398,0.778642,0.000199,0.219767,0.000199,0.000199
CTTGCAACCGCCTCCT-1,0.000038,0.000038,0.402819,0.043063,0.026528,0.140768,0.311617,0.018971,0.056159
CTTGCCCACCCACGCA-1,0.011522,0.096196,0.000215,0.000429,0.890779,0.000215,0.000215,0.000215,0.000215
CTTGCCCAGGCTCTAC-1,0.000029,0.000029,0.244291,0.220786,0.002761,0.484775,0.006064,0.040364,0.000901
CTTGGCCAAGCTGGGA-1,0.02773,0.019534,0.046488,0.142583,0.697695,0.00355,0.000105,0.037502,0.024814
CTTGTACTTGTTGACT-1,0.00008,0.12853,0.044399,0.06439,0.209308,0.113107,0.393966,0.010413,0.035807
CTTGTCAACATTCGAG-1,0.000021,0.000021,0.019209,0.587894,0.031381,0.04826,0.008975,0.253336,0.050903
CTTGTGAGGACAGCGG-1,0.002326,0.379279,0.002326,0.004653,0.002326,0.002326,0.602111,0.002326,0.002326
CTTGTGAGTCTTTGAC-1,0.000511,0.998797,0.000087,0.000173,0.000087,0.000087,0.000087,0.000087,0.000087
CTTGTGCTCACCGATT-1,0.000031,0.007025,0.422811,0.405551,0.000031,0.00712,0.134428,0.014895,0.008109
CTTGTTGCTGAGTCAA-1,0.000025,0.000025,0.242943,0.428391,0.001743,0.178548,0.021004,0.101438,0.025883
CTTGTTTATGTAGCCA-1,0.000066,0.696451,0.043426,0.255278,0.000066,0.000066,0.000066,0.004374,0.000206
CTTTAACTTTCAAAGG-1,0.000029,0.126753,0.163522,0.558944,0.026044,0.010851,0.045235,0.023041,0.045581
CTTTAATATTGGTCGA-1,0.000065,0.000065,0.012734,0.056708,0.251915,0.39093,0.048602,0.139501,0.09948
CTTTACCGAATAGTAG-1,0.000098,0.013378,0.000098,0.000195,0.523746,0.270546,0.191745,0.000098,0.000098
CTTTAGGAACACTGTT-1,0.000059,0.000059,0.002192,0.081663,0.029315,0.316992,0.273216,0.072473,0.22403
CTTTAGTGCTATTATT-1,0.000034,0.004006,0.482759,0.414173,0.000034,0.0398,0.00271,0.051019,0.005464
CTTTATCCGACGCATG-1,0.000015,0.000015,0.098179,0.501662,0.067909,0.174343,0.033164,0.081389,0.043323
CTTTCTGTGCGGGCTT-1,0.000079,0.000079,0.015873,0.124036,0.18086,0.257457,0.184719,0.095988,0.140908
CTTTGAAACATATTCC-1,0.000014,0.0244,0.150097,0.707978,0.004886,0.014154,0.009714,0.024781,0.063975
CTTTGACGTCGCTTCT-1,0.000031,0.052877,0.244448,0.036603,0.052251,0.461896,0.031771,0.018027,0.102097
CTTTGGCAGACAGAGT-1,0.000022,0.060773,0.523081,0.101005,0.031617,0.131032,0.033958,0.045202,0.07331
CTTTGGCGCTTTATAC-1,0.000033,0.056475,0.207232,0.329158,0.027358,0.061705,0.029673,0.146345,0.142022
CTTTGGCTTTAGTAAA-1,0.00002,0.040888,0.179462,0.512443,0.003809,0.027359,0.01802,0.053513,0.164484
CTTTGGGATTGTTGCA-1,0.000094,0.003194,0.011662,0.299761,0.563436,0.000094,0.000094,0.105534,0.016132
CTTTGTCGAATGCTCC-1,0.003678,0.124305,0.021503,0.476709,0.272484,0.008364,0.000064,0.05507,0.037823
GAAACAGATGACCACC-1,0.000013,0.001696,0.076695,0.792904,0.003256,0.001138,0.000013,0.12027,0.004016
GAAACAGCCATGCAGT-1,0.001129,0.286394,0.10273,0.216703,0.207631,0.024729,0.042809,0.020655,0.09722
GAAACATAGGAAACAG-1,0.02384,0.052614,0.002234,0.000091,0.791226,0.090514,0.030278,0.0048,0.004404
GAAACCATGGTGCGCT-1,0.002012,0.008595,0.157562,0.127987,0.032363,0.488477,0.082308,0.089766,0.010929
GAAACCGAATTACCTT-1,0.003594,0.013319,0.383157,0.019126,0.036471,0.425856,0.084078,0.011855,0.022543
GAAACCTATACAAATG-1,0.000045,0.005336,0.008047,0.245549,0.525298,0.013121,0.007731,0.126733,0.068139
GAAACTCGTGCGATGC-1,0.000018,0.032373,0.073533,0.663719,0.043977,0.027619,0.010131,0.018755,0.129876
GAAACTCTAATGAAGG-1,0.000036,0.086763,0.054127,0.524656,0.126474,0.02756,0.085971,0.043138,0.051275
GAAAGAACAGCGTTAT-1,0.000034,0.016774,0.020732,0.056255,0.092383,0.363881,0.356001,0.035856,0.058083
GAAAGCAGTGCACTTT-1,0.006664,0.000018,0.026108,0.257607,0.051744,0.052208,0.018621,0.522845,0.064185
GAAAGCCCTTTGGACC-1,0.000023,0.086507,0.33012,0.221214,0.034543,0.03862,0.093796,0.030205,0.164972
GAAAGTGACTAACTGC-1,0.002674,0.094329,0.175084,0.303941,0.098264,0.033304,0.059455,0.087671,0.145277
GAAATACCTGCTGGCT-1,0.000061,0.134795,0.049113,0.363591,0.198111,0.021377,0.043569,0.066117,0.123266
GAAATACTAAACGTTT-1,0.010453,0.404402,0.076395,0.038899,0.340019,0.038776,0.084185,0.000053,0.006818
GAAATATCACCATCAG-1,0.002672,0.033011,0.305524,0.1962,0.026252,0.052617,0.12812,0.042637,0.212967
GAAATATGCTTGAATG-1,0.000016,0.063094,0.391606,0.137426,0.013838,0.091811,0.038984,0.060745,0.202479
GAAATCGCGCGCAACT-1,0.051934,0.144057,0.143097,0.341333,0.018826,0.084929,0.094756,0.021601,0.099468
GAAATCTGACCAAGTT-1,0.000242,0.832291,0.000242,0.000484,0.000242,0.165771,0.000242,0.000242,0.000242
GAAATGGCGGTGTTAG-1,0.000018,0.064105,0.498711,0.313366,0.000018,0.033851,0.017508,0.004789,0.067634
GAAATGGGATGTAAAC-1,0.018998,0.902189,0.000041,0.000082,0.078524,0.000041,0.000041,0.000041,0.000041
GAAATTAGCACGGATA-1,0.00003,0.077201,0.405107,0.151296,0.116829,0.041155,0.088825,0.044987,0.07457
GAAATTCACATCGCTG-1,0.00006,0.662351,0.083016,0.004871,0.002136,0.056449,0.125001,0.000102,0.066014
GAAATTGTCTCTATAA-1,0.000032,0.000032,0.147652,0.000173,0.064274,0.472984,0.29174,0.003054,0.020057
GAACAACTGGGATGAA-1,0.00006,0.015828,0.00006,0.00012,0.713176,0.027338,0.243296,0.00006,0.00006
GAACACACATCAACCA-1,0.006167,0.087522,0.115632,0.19843,0.088686,0.031594,0.127909,0.031337,0.312722
GAACAGATTACTAAAT-1,0.000121,0.000121,0.000121,0.000242,0.701862,0.118122,0.179168,0.000121,0.000121
GAACATTAGTATGTTA-1,0.000011,0.00039,0.368644,0.412638,0.000011,0.149046,0.007532,0.049146,0.012582
GAACCATCTGGGAGAC-1,0.000412,0.546671,0.000412,0.450448,0.000412,0.000412,0.000412,0.000412,0.000412
GAACCCTCTGTGTTCT-1,0.000161,0.000161,0.030744,0.000321,0.909461,0.000161,0.05096,0.007872,0.000161
GAACCTCGACCTACAC-1,0.00002,0.019245,0.568699,0.23941,0.050398,0.024419,0.025722,0.025008,0.047078
GAACCTTTAACGATCC-1,0.068419,0.048611,0.000099,0.000198,0.710445,0.064781,0.107249,0.000099,0.000099
GAACGACCGAATGATA-1,0.000034,0.081545,0.111631,0.249691,0.117457,0.078675,0.046076,0.044916,0.269975
GAACGATAAGTTAAAG-1,0.000017,0.000017,0.003919,0.534171,0.049636,0.023455,0.011327,0.327875,0.049585
GAACGGTGTAAAGCAG-1,0.00001,0.014778,0.519882,0.240675,0.011568,0.064228,0.047416,0.044132,0.05731
GAACGTCTCATGGTCG-1,0.000027,0.002545,0.355948,0.20101,0.003762,0.334526,0.01788,0.046963,0.037338
GAACGTTAGGAAGACG-1,0.003317,0.029978,0.353973,0.292777,0.039108,0.039059,0.051114,0.044353,0.146321
GAACTGTGGAGAGACA-1,0.083586,0.014761,0.000071,0.000142,0.450423,0.000071,0.450805,0.000071,0.000071
GAACTTAGCGCCCGGT-1,0.001206,0.009284,0.279427,0.34277,0.026461,0.076518,0.058341,0.029307,0.176686
GAACTTGTGCACGGGA-1,0.000011,0.000011,0.133165,0.658453,0.019627,0.101794,0.01541,0.053286,0.018242
GAAGAAACGATATTGT-1,0.000037,0.014817,0.037569,0.162883,0.350917,0.025856,0.030777,0.288449,0.088695
GAAGAACGGTGCAGGT-1,0.000048,0.768805,0.032336,0.000096,0.093898,0.086439,0.016138,0.000048,0.002192
GAAGACTTCAATGCCG-1,0.000293,0.250574,0.208771,0.200843,0.325262,0.000293,0.000293,0.000293,0.013377
GAAGCCACTGATTATG-1,0.000134,0.000134,0.000134,0.000267,0.475776,0.071356,0.451933,0.000134,0.000134
GAAGCCGGGTAAGCTC-1,0.000032,0.15647,0.277132,0.108339,0.024161,0.022778,0.059475,0.011853,0.33976
GAAGCGTGAGGAATTT-1,0.008146,0.064968,0.265169,0.600362,0.000023,0.002853,0.000539,0.049204,0.008734
GAAGCTCGGACCCGTC-1,0.000014,0.000014,0.009016,0.777378,0.006547,0.016131,0.000499,0.173485,0.016917
GAAGCTCTTTGCTTAG-1,0.000091,0.516473,0.08873,0.25497,0.103005,0.000091,0.036458,0.000091,0.000091
GAAGCTTGCTGACCGC-1,0.000026,0.057938,0.121458,0.557424,0.069322,0.016425,0.040587,0.07044,0.066381
GAAGGACTAAATTGAA-1,0.00042,0.996217,0.00042,0.000841,0.00042,0.00042,0.00042,0.00042,0.00042
GAAGGAGTCGAGTGCG-1,0.000109,0.076104,0.000109,0.000219,0.585615,0.000109,0.323947,0.000109,0.013678
GAAGGCTACCATTGTT-1,0.000039,0.000039,0.074456,0.093547,0.054099,0.503825,0.153055,0.109692,0.011248
GAAGGGCATAACCATG-1,0.000076,0.999313,0.000076,0.000153,0.000076,0.000076,0.000076,0.000076,0.000076
GAAGGGTCATTAAGAC-1,0.00002,0.00002,0.002243,0.268201,0.078129,0.140272,0.039719,0.432819,0.038578
GAAGTCAGTTGCACTA-1,0.000021,0.000021,0.025758,0.91342,0.000021,0.005571,0.000021,0.051993,0.003172
GAAGTCTCCCTAGCGA-1,0.000042,0.000042,0.095965,0.257216,0.103122,0.458312,0.024157,0.05358,0.007564
GAAGTGATTTATCGTG-1,0.000021,0.028067,0.388525,0.575123,0.000021,0.000021,0.000021,0.004406,0.003796
GAAGTGCTGGATAGCT-1,0.000037,0.128511,0.158725,0.610449,0.011868,0.000037,0.007036,0.0375,0.045836
GAAGTTTCCACTCAAT-1,0.000049,0.062222,0.321532,0.137588,0.05428,0.075024,0.065075,0.002813,0.281417
GAATAGACGCGACCCA-1,0.000032,0.000032,0.014468,0.356616,0.180551,0.038841,0.050954,0.132189,0.226318
GAATAGCCCTGCGGTC-1,0.000012,0.000012,0.554977,0.43995,0.000012,0.002045,0.000012,0.002701,0.000277
GAATAGTGCTCGATTA-1,0.000082,0.072593,0.025532,0.072132,0.308936,0.274755,0.125877,0.025311,0.094783
GAATATTCGGAGTCCC-1,0.016038,0.068904,0.358706,0.476109,0.000033,0.000033,0.000033,0.049215,0.030928
GAATCGACATGGTCAC-1,0.000048,0.125207,0.109637,0.038711,0.061234,0.105121,0.324283,0.020556,0.215203
GAATCGCCGGACACGG-1,0.00007,0.999374,0.00007,0.000139,0.00007,0.00007,0.00007,0.00007,0.00007
GAATCTATACTCGGAC-1,0.000184,0.274256,0.000184,0.16349,0.2846,0.02069,0.256228,0.000184,0.000184
GAATCTGAACATTCTC-1,0.000017,0.004839,0.379311,0.45963,0.001523,0.064676,0.003888,0.07051,0.015606
GAATGAAGGTCTTCAG-1,0.000013,0.004622,0.504597,0.347793,0.000013,0.081544,0.001611,0.053104,0.006702
GAATGCCGAAATGACC-1,0.000039,0.165606,0.061858,0.409586,0.056501,0.017581,0.002844,0.092701,0.193285
GAATGCGAATCGGTTC-1,0.000118,0.000118,0.083243,0.060718,0.75187,0.028864,0.074832,0.000118,0.000118
GAATGGGCTTATCGAC-1,0.000025,0.032418,0.444373,0.383887,0.023345,0.008124,0.006577,0.082326,0.018925
GAATGTATGGCAGGTC-1,0.016813,0.06801,0.096566,0.756612,0.006888,0.003735,0.014675,0.012993,0.023709
GAATGTGGTCCGGATT-1,0.000021,0.000021,0.041091,0.862786,0.000021,0.020083,0.000021,0.067652,0.008305
GAATGTTGGGTAATCT-1,0.000029,0.020714,0.271774,0.568259,0.000029,0.027879,0.034012,0.030604,0.0467
GAATTATAGTGAAAGG-1,0.013592,0.106667,0.367332,0.136572,0.020215,0.081429,0.113314,0.040746,0.120131
GAATTATGCAACCTAC-1,0.000011,0.007401,0.196924,0.393995,0.013653,0.274671,0.022431,0.064819,0.026094
GAATTCACCCGGGTGT-1,0.000023,0.000023,0.206162,0.191788,0.043766,0.391523,0.073076,0.068719,0.024919
GAATTTCTCGCTGCAG-1,0.000055,0.082552,0.223136,0.358768,0.151572,0.000055,0.036155,0.029249,0.11846
GACAAACATATGCAGG-1,0.000144,0.023672,0.042957,0.000287,0.814514,0.094459,0.000144,0.02368,0.000144
GACAACGACCATTGAA-1,0.003887,0.06309,0.426647,0.10623,0.04637,0.038984,0.204008,0.035398,0.075386
GACAACGCAGCTTACG-1,0.00345,0.074226,0.260444,0.322672,0.102918,0.016678,0.071029,0.048777,0.099806
GACACAAGGGAAGAAA-1,0.000016,0.036541,0.598075,0.302308,0.007671,0.003068,0.001377,0.030798,0.020145
GACACAGCCGGGACTG-1,0.000091,0.070087,0.000091,0.000182,0.799075,0.000091,0.130203,0.000091,0.000091
GACACCCAAAGACGCG-1,0.000016,0.000016,0.027268,0.233877,0.091682,0.183203,0.218646,0.213158,0.032135
GACACGAGTTAGAGGA-1,0.000047,0.427506,0.06712,0.094673,0.099955,0.031687,0.021068,0.030685,0.227259
GACACTGAGTTCAGTG-1,0.106074,0.009474,0.246211,0.002074,0.018991,0.533547,0.070544,0.003012,0.010071
GACACTTCCAATTACC-1,0.055193,0.000194,0.000194,0.000388,0.943256,0.000194,0.000194,0.000194,0.000194
GACAGAGGTCTTCAGT-1,0.000946,0.000824,0.046947,0.590959,0.008083,0.098677,0.00876,0.192973,0.051832
GACAGATTTCTGGCTC-1,0.000031,0.000031,0.284918,0.044883,0.047873,0.336198,0.206047,0.01891,0.061109
GACAGCCAGACCTGAC-1,0.000023,0.000023,0.030332,0.585795,0.025865,0.056652,0.011417,0.193129,0.096763
GACAGGCACACACTAT-1,0.000026,0.071366,0.51031,0.145169,0.062639,0.039651,0.078834,0.037433,0.054572
GACAGGTAATCCGTGT-1,0.000211,0.092538,0.000211,0.000422,0.801148,0.000211,0.104836,0.000211,0.000211
GACATACTGTCGCAGA-1,0.000117,0.397565,0.079635,0.033038,0.32548,0.027135,0.070239,0.000117,0.066675
GACATCCGTCGAACTG-1,0.00013,0.00013,0.00013,0.000259,0.474089,0.028999,0.496004,0.00013,0.00013
GACATCGATTTATAAC-1,0.00002,0.00002,0.051324,0.377584,0.081299,0.160131,0.021289,0.248612,0.059721
GACATTTCGCCCAGCC-1,0.000019,0.000019,0.03044,0.741937,0.025372,0.017703,0.005286,0.163161,0.016064
GACCACACTTCCCTTT-1,0.000081,0.000081,0.000081,0.000161,0.435917,0.039223,0.512134,0.000809,0.011513
GACCAGAGCCCTGTAG-1,0.000031,0.086417,0.127674,0.447099,0.025393,0.134602,0.008185,0.073278,0.097322
GACCAGGTCATTCATA-1,0.000154,0.298446,0.115,0.525858,0.000154,0.000154,0.000154,0.019093,0.040987
GACCCAATTATGATAC-1,0.000023,0.000023,0.037331,0.189165,0.020202,0.097342,0.118624,0.506033,0.031258
GACCCGTCGCCGGCTA-1,0.000369,0.811794,0.000369,0.048695,0.000369,0.137296,0.000369,0.000369,0.000369
GACCGACGTGAAAGCA-1,0.000072,0.024342,0.062661,0.004926,0.733032,0.059556,0.048698,0.065447,0.001266
GACCGACTGAAGCGTC-1,0.030523,0.044673,0.194423,0.119468,0.0981,0.153201,0.158777,0.068,0.132835
GACCGATTAAATATGT-1,0.000016,0.026341,0.023333,0.430187,0.128576,0.056079,0.015588,0.266775,0.053106
GACCGGTGATACTCTC-1,0.000031,0.000031,0.054558,0.149767,0.145507,0.397237,0.149009,0.03503,0.06883
GACCGTCAGGTCGTGA-1,0.000033,0.019786,0.175559,0.516552,0.041689,0.057121,0.067207,0.046758,0.075295
GACCGTGCTGACGGTG-1,0.000025,0.024491,0.496961,0.185246,0.006546,0.114112,0.03096,0.061818,0.079842
GACCGTTACATGCGAC-1,0.006632,0.006962,0.578545,0.088512,0.04689,0.057923,0.070607,0.044002,0.099926
GACCTGGTCTGGGCGT-1,0.000051,0.466751,0.000051,0.532891,0.000051,0.000051,0.000051,0.000051,0.000051
GACCTTCCACGTCTAC-1,0.029157,0.038359,0.000131,0.000262,0.39527,0.000131,0.536429,0.000131,0.000131
GACGACGATCCGCGTT-1,0.00005,0.00005,0.000364,0.093498,0.051258,0.184893,0.54376,0.034185,0.091944
GACGATATCACTGGGT-1,0.000024,0.019383,0.012829,0.654553,0.046553,0.01168,0.097624,0.135018,0.022335
GACGCATACCCGTCGG-1,0.000076,0.035543,0.000076,0.000152,0.78248,0.149978,0.031543,0.000076,0.000076
GACGCCGTAAAGGCTA-1,0.000013,0.000013,0.03057,0.758871,0.010167,0.021067,0.001242,0.162404,0.015655
GACGCCTGTTGCAGGG-1,0.008817,0.936652,0.000074,0.000149,0.054011,0.000074,0.000074,0.000074,0.000074
GACGCTTGCTTCTAAA-1,0.000031,0.023545,0.296205,0.030983,0.106932,0.072541,0.06461,0.029433,0.37572
GACGGACCGCGTTCCT-1,0.000752,0.503154,0.000752,0.001504,0.257741,0.000752,0.000752,0.000752,0.23384
GACGGGCATCGAATTT-1,0.000112,0.054064,0.000112,0.000225,0.858065,0.000112,0.087085,0.000112,0.000112
GACGGGTTGGCCCGTA-1,0.00006,0.009117,0.065687,0.149632,0.569155,0.067633,0.036126,0.065012,0.037579
GACGGTCAATAGAAGC-1,0.005386,0.000021,0.24704,0.153699,0.024457,0.332785,0.066345,0.128038,0.042229
GACGTGAGACTCCATG-1,0.000069,0.99938,0.000069,0.000138,0.000069,0.000069,0.000069,0.000069,0.000069
GACGTGTAGGGATTAT-1,0.000112,0.046869,0.0083,0.477396,0.000112,0.058471,0.000112,0.083466,0.325162
GACGTTCGTAAATACA-1,0.000023,0.000023,0.096926,0.168294,0.033711,0.384544,0.081775,0.161275,0.073428
GACGTTGCTCGGCGGC-1,0.000012,0.000012,0.023267,0.542756,0.021507,0.081365,0.034587,0.257542,0.038951
GACTAACACAGCACCT-1,0.004232,0.020799,0.023352,0.933659,0.000013,0.000013,0.000013,0.005117,0.012801
GACTAAGATCATGCAC-1,0.004054,0.064075,0.294444,0.075747,0.144068,0.118266,0.155495,0.038394,0.105458
GACTAAGTAGGCTCAC-1,0.000043,0.118621,0.10911,0.214418,0.014794,0.137984,0.112895,0.021851,0.270284
GACTACAAAGCGGTGG-1,0.000011,0.002121,0.217032,0.607266,0.006102,0.03299,0.005695,0.100112,0.028671
GACTACAATTGCTCGT-1,0.000117,0.272457,0.149779,0.376159,0.074805,0.007405,0.011358,0.043137,0.064784
GACTAGGCCGTTAGGT-1,0.000128,0.000128,0.000128,0.000257,0.869972,0.003042,0.126088,0.000128,0.000128
GACTCACCCACGTGAG-1,0.000058,0.011976,0.119581,0.187423,0.490437,0.029338,0.079814,0.054689,0.026683
GACTCCCAGAATAAGG-1,0.00002,0.00002,0.27915,0.198215,0.016798,0.387017,0.051492,0.027563,0.039725
GACTCCTTCCAATTGA-1,0.002639,0.000031,0.012622,0.587412,0.16448,0.008454,0.009258,0.191205,0.0239
GACTCGCGGGAATGAC-1,0.00004,0.020171,0.130441,0.152428,0.041498,0.459924,0.084688,0.091797,0.019012
GACTCGGTCGGCGGAT-1,0.000015,0.000015,0.650345,0.347949,0.000015,0.000015,0.000015,0.001615,0.000015
GACTCTAGAGTTCCAA-1,0.000018,0.000018,0.013373,0.566062,0.009263,0.06408,0.054628,0.22736,0.065198
GACTGATTGGTCACAA-1,0.000021,0.000021,0.351593,0.376942,0.012074,0.035894,0.061849,0.055063,0.106544
GACTGCACCAGCCCAG-1,0.00004,0.00004,0.014718,0.226198,0.046449,0.20624,0.02892,0.381962,0.095434
GACTGCGGCACGTGTA-1,0.00005,0.072334,0.255473,0.116238,0.150164,0.065209,0.212449,0.051845,0.076238
GACTGCTGGTGAGAAA-1,0.000049,0.000049,0.000049,0.000098,0.637856,0.062226,0.190633,0.081092,0.027947
GACTGGGCGCCGCAAC-1,0.000023,0.041719,0.060714,0.362737,0.117104,0.032683,0.088771,0.022675,0.273574
GACTTCAACGCATCAA-1,0.014917,0.016798,0.00005,0.000101,0.515798,0.220437,0.200927,0.023339,0.007633
GACTTTCGAGCGGTTC-1,0.006914,0.000009,0.103236,0.494712,0.026023,0.150007,0.017946,0.133914,0.06724
GAGAATCTCACGATCA-1,0.000033,0.058412,0.264718,0.162685,0.178813,0.067988,0.0532,0.022286,0.191865
GAGACCCTGCAACGCC-1,0.000021,0.023312,0.436918,0.258658,0.057675,0.043635,0.047651,0.039934,0.092196
GAGACTGATGGGTAGA-1,0.000039,0.059515,0.252596,0.611016,0.006483,0.019686,0.008505,0.00302,0.039141
GAGACTTCGCGACCGA-1,0.000021,0.003756,0.111945,0.480502,0.001734,0.027889,0.005631,0.333424,0.035098
GAGAGCGCAGTCCCTG-1,0.002842,0.079295,0.128842,0.305257,0.035733,0.088706,0.067423,0.10362,0.188282
GAGAGGGCGCGAGGTT-1,0.000016,0.021245,0.506605,0.326005,0.013374,0.012827,0.031877,0.021716,0.066335
GAGAGGTGCATTCTGG-1,0.000031,0.066947,0.301773,0.050861,0.026143,0.321558,0.120725,0.066201,0.045761
GAGAGTCTCGGGAGAG-1,0.000014,0.000014,0.026823,0.366482,0.051747,0.032396,0.084216,0.363152,0.075156
GAGATCGATCTTACTC-1,0.005185,0.000018,0.008394,0.555608,0.07986,0.007527,0.012227,0.273449,0.057732
GAGATCTGCTTGGCAT-1,0.000051,0.025978,0.192574,0.073055,0.009306,0.053451,0.30204,0.005513,0.338031
GAGATCTGTCACTCCG-1,0.000045,0.064298,0.435234,0.193825,0.068951,0.048927,0.119024,0.016023,0.053672
GAGATCTTCCATGACA-1,0.000046,0.000046,0.083988,0.318469,0.031063,0.241507,0.084535,0.093077,0.147271
GAGATGACAATCCTTA-1,0.000017,0.000017,0.025731,0.573712,0.025322,0.093938,0.019282,0.19031,0.071671
GAGATGGCTTTAATCA-1,0.000066,0.000066,0.000066,0.000133,0.438946,0.329286,0.231303,0.000066,0.000066
GAGATGGGAGTCGACA-1,0.002522,0.001132,0.00577,0.011464,0.13266,0.235943,0.388858,0.197658,0.023994
GAGCATCAACAACTTG-1,0.000099,0.006498,0.000099,0.000197,0.815396,0.023796,0.153719,0.000099,0.000099
GAGCATCATCCCTGGG-1,0.000084,0.889163,0.000084,0.000168,0.024571,0.000084,0.078265,0.000084,0.007496
GAGCCACGGTAGTAGG-1,0.000088,0.95115,0.000088,0.000175,0.027317,0.020919,0.000088,0.000088,0.000088
GAGCCGAGCGTTTATT-1,0.000033,0.034522,0.619891,0.019313,0.017825,0.15829,0.106945,0.005405,0.037775
GAGCGAGGGAGTACCG-1,0.000057,0.284391,0.160471,0.071017,0.07425,0.030412,0.237308,0.011406,0.130687
GAGCGCTGTTAGGTAA-1,0.000075,0.000097,0.039172,0.116813,0.819242,0.000075,0.000075,0.021328,0.003122
GAGCGGAATGCGGTGT-1,0.000039,0.000039,0.027488,0.202128,0.241013,0.000039,0.406608,0.120135,0.002511
GAGCTAAGGGCATATC-1,0.000019,0.070831,0.458293,0.456653,0.000019,0.001355,0.002749,0.007134,0.002947
GAGCTCAACATGAGCG-1,0.003654,0.000016,0.001644,0.636976,0.049175,0.035272,0.006518,0.231712,0.035033
GAGCTCTCGGACCTAA-1,0.000069,0.500854,0.14195,0.118035,0.130829,0.007048,0.051769,0.003258,0.046189
GAGCTGTCGTCTCGGA-1,0.002876,0.010389,0.410132,0.200651,0.034147,0.150571,0.086923,0.051408,0.052902
GAGGAATATCTCTTTG-1,0.000022,0.009475,0.023271,0.324294,0.055929,0.019374,0.081899,0.455803,0.029933
GAGGAATGGAGAGGTT-1,0.000031,0.40129,0.07558,0.370898,0.016286,0.017586,0.027118,0.02546,0.06575
GAGGAGATCCTCATGC-1,0.000054,0.999512,0.000054,0.000108,0.000054,0.000054,0.000054,0.000054,0.000054
GAGGAGTAATTCCTAC-1,0.000709,0.915564,0.000709,0.001419,0.000709,0.000709,0.07876,0.000709,0.000709
GAGGATAAACAGTGCT-1,0.000129,0.029905,0.106233,0.086467,0.742824,0.011802,0.000129,0.000129,0.022381
GAGGCATTTGCAGCAG-1,0.000024,0.000024,0.284689,0.090251,0.079237,0.421538,0.051442,0.032268,0.040526
GAGGCCCGACTCCGCA-1,0.000028,0.000028,0.05271,0.117948,0.100494,0.243291,0.021602,0.42025,0.043648
GAGGCTATCAAAGTCG-1,0.000029,0.039452,0.243651,0.123872,0.03696,0.037821,0.204502,0.057868,0.255846
GAGGGAGTCAGATCGC-1,0.000076,0.047036,0.061772,0.000153,0.525017,0.189129,0.153504,0.008603,0.014709
GAGGGCATCGCGTATC-1,0.00007,0.949077,0.00007,0.00014,0.040651,0.009784,0.00007,0.00007,0.00007
GAGGGCCATAATATTA-1,0.00001,0.00001,0.07916,0.749204,0.000044,0.093849,0.002297,0.063343,0.012084
GAGGGCCGGCAGAGTC-1,0.000007,0.006797,0.189812,0.40511,0.006254,0.309848,0.012548,0.051829,0.017796
GAGGGCGCAGCTCTGC-1,0.000019,0.005016,0.725474,0.266798,0.000019,0.001693,0.000944,0.000019,0.000019
GAGGGTAGTAACAAAG-1,0.075251,0.032156,0.073082,0.070185,0.737137,0.000076,0.008572,0.001374,0.002169
GAGGTACATCCATCTT-1,0.000142,0.281885,0.074962,0.162385,0.062348,0.036382,0.339214,0.000142,0.04254
GAGGTACGCGTGTCCC-1,0.000087,0.000087,0.000087,0.000174,0.453875,0.025551,0.519965,0.000087,0.000087
GAGGTCCCAAAGATCT-1,0.000049,0.498029,0.030607,0.028402,0.183495,0.070671,0.081881,0.001675,0.105191
GAGGTCCGTTCGCTGT-1,0.000019,0.000019,0.124335,0.436125,0.089228,0.129041,0.119461,0.073756,0.028015
GAGGTCTTAGTGGGTC-1,0.000031,0.062262,0.071424,0.279087,0.118536,0.049723,0.041568,0.009104,0.368264
GAGTAAGGCCACGGGA-1,0.000021,0.000021,0.217802,0.310465,0.135526,0.168884,0.026983,0.093963,0.046335
GAGTACGGGTATACAA-1,0.00748,0.63255,0.003047,0.0001,0.045489,0.067904,0.173637,0.00005,0.069744
GAGTAGATACTAGTTG-1,0.004322,0.035485,0.000148,0.000295,0.95158,0.007728,0.000148,0.000148,0.000148
GAGTATACCCTAATCA-1,0.000027,0.006893,0.001891,0.328732,0.183143,0.07426,0.041495,0.234855,0.128704
GAGTATGCCCGCCTTG-1,0.000033,0.000033,0.113715,0.206481,0.055338,0.374598,0.10389,0.075653,0.070259
GAGTATGCGCGTGCAT-1,0.036334,0.01895,0.027133,0.000187,0.88851,0.012618,0.016081,0.000093,0.000093
GAGTCAGACCAGAATC-1,0.000011,0.000011,0.007721,0.753679,0.020306,0.017485,0.002842,0.164479,0.033465
GAGTCCACCAGGTTTA-1,0.007221,0.00009,0.019895,0.68483,0.016752,0.022769,0.003799,0.195999,0.048645
GAGTCCGCTTACCGGA-1,0.00183,0.002238,0.469488,0.273499,0.00003,0.196263,0.003042,0.042349,0.011261
GAGTCGACAGACCCTC-1,0.000042,0.35828,0.139586,0.126825,0.074613,0.073165,0.046147,0.023546,0.157796
GAGTCTTGTAAAGGAC-1,0.000022,0.003141,0.305627,0.108264,0.059494,0.370556,0.050012,0.040163,0.062722
GAGTGCACGGACAACA-1,0.000009,0.000009,0.197111,0.498814,0.01525,0.109942,0.012371,0.140873,0.025621
GAGTGTCAACCAGAAA-1,0.099553,0.001962,0.000077,0.000153,0.888344,0.000077,0.009682,0.000077,0.000077
GAGTGTGCGGTACCCA-1,0.000051,0.000051,0.02924,0.336771,0.159918,0.119474,0.042004,0.099021,0.213471
GAGTTCTGTGGGTGCT-1,0.000115,0.01498,0.015973,0.061212,0.88862,0.008324,0.000115,0.010545,0.000115
GAGTTGATGGCAATTT-1,0.007158,0.000015,0.353084,0.425224,0.012045,0.089957,0.009331,0.092911,0.010274
GAGTTGTCACCAGTCT-1,0.000021,0.000021,0.001517,0.714585,0.041941,0.001052,0.000021,0.229272,0.011569
GATAAATCGGTGGATG-1,0.000035,0.37665,0.00105,0.37312,0.042726,0.004976,0.015356,0.10161,0.084476
GATAACTCGCACTGTG-1,0.000038,0.000038,0.034799,0.038563,0.112252,0.37795,0.224636,0.029464,0.182261
GATAAGGCAGATGCAA-1,0.000051,0.958725,0.000051,0.000101,0.040869,0.000051,0.000051,0.000051,0.000051
GATACGATGGGAGTCA-1,0.000045,0.015917,0.198125,0.05401,0.020956,0.442228,0.144945,0.027377,0.096397
GATAGAACCCGCTAGG-1,0.00002,0.008421,0.001186,0.428693,0.126443,0.022389,0.094027,0.254482,0.064338
GATAGATAGTACAGTC-1,0.000077,0.013422,0.006801,0.005269,0.359994,0.043894,0.569132,0.001334,0.000077
GATAGCGTACCACGCG-1,0.000093,0.903864,0.000093,0.095484,0.000093,0.000093,0.000093,0.000093,0.000093
GATAGGTAACGTTGAC-1,0.000022,0.000022,0.136037,0.269802,0.002607,0.255504,0.018328,0.298076,0.019604
GATAGTGCGAGTAAGT-1,0.000055,0.023693,0.020466,0.12124,0.381928,0.075295,0.277669,0.063775,0.035879
GATATCAAGCAGGAGC-1,0.004069,0.000014,0.004811,0.714754,0.00769,0.007702,0.000123,0.236731,0.024107
GATATCAGTATGTATC-1,0.000053,0.999523,0.000053,0.000106,0.000053,0.000053,0.000053,0.000053,0.000053
GATATCTCATGCAATA-1,0.000109,0.288418,0.091351,0.243066,0.054605,0.000109,0.102343,0.165835,0.054164
GATATGAGACACTAAC-1,0.000024,0.000024,0.185866,0.251666,0.015354,0.377234,0.050444,0.065346,0.054042
GATATGCGGTAGCCAA-1,0.000301,0.148548,0.332199,0.000603,0.01228,0.505165,0.000301,0.000301,0.000301
GATATGGATTACGCGG-1,0.000022,0.099199,0.192629,0.428635,0.074357,0.026474,0.040049,0.060265,0.078369
GATATTGAGATTGGCG-1,0.000036,0.000036,0.074699,0.347534,0.029116,0.217262,0.060488,0.196141,0.074689
GATATTTCCTACATGG-1,0.000034,0.000034,0.412607,0.395849,0.037388,0.018195,0.05589,0.009862,0.070141
GATCAACATAAAGGGA-1,0.000055,0.008098,0.015028,0.254158,0.71208,0.000055,0.000055,0.007308,0.003165
GATCATTCCAAACATT-1,0.000024,0.029306,0.229153,0.442844,0.003825,0.056643,0.056781,0.067626,0.113797
GATCCAACCTTTAAAC-1,0.000013,0.000013,0.047434,0.06476,0.138313,0.549308,0.089983,0.048794,0.061381
GATCCCTTTATACTGC-1,0.000038,0.122214,0.093298,0.722111,0.000038,0.000038,0.000038,0.019015,0.043209
GATCCGGGAATTAACA-1,0.000034,0.015185,0.130972,0.0986,0.065364,0.469291,0.087434,0.019974,0.113145
GATCCTAAATCGGGAC-1,0.000027,0.025748,0.509764,0.128149,0.002494,0.276118,0.029798,0.012229,0.015673
GATCCTCGACACTGGC-1,0.002595,0.000015,0.596545,0.362224,0.000015,0.03205,0.000015,0.005465,0.001074
GATCCTCTTGCGCTTA-1,0.000088,0.271929,0.139575,0.052861,0.000088,0.049845,0.027025,0.070545,0.388045
GATCGACACTATCTGA-1,0.007684,0.007381,0.317645,0.296522,0.000475,0.041443,0.103043,0.039749,0.186058
GATCGCGGGCTCTCCA-1,0.000042,0.016686,0.30394,0.092975,0.14184,0.055929,0.070115,0.014826,0.303648
GATCGCTATATCTCAG-1,0.000154,0.000154,0.000154,0.191601,0.807321,0.000154,0.000154,0.000154,0.000154
GATCGCTGTGGTGCGT-1,0.000026,0.000026,0.018535,0.225204,0.107946,0.257074,0.101647,0.245551,0.043992
GATCGGATAGAACCAT-1,0.000014,0.035859,0.5063,0.279654,0.007069,0.016965,0.015117,0.060485,0.078536
GATCGGCGATAAGTCG-1,0.000039,0.332202,0.024037,0.18734,0.168048,0.027377,0.131218,0.030222,0.099517
GATCGGTGGCCATAAC-1,0.000029,0.049434,0.560677,0.101734,0.068193,0.071329,0.056495,0.060601,0.031509
GATCGTGACTGATATC-1,0.000034,0.001997,0.454197,0.166937,0.015921,0.208897,0.058299,0.079052,0.014666
GATCTAACCGTATTCA-1,0.00003,0.001542,0.064591,0.32097,0.088883,0.412877,0.012886,0.057937,0.040283
GATCTGCTATCTAAGG-1,0.109167,0.000141,0.000141,0.331833,0.409646,0.000141,0.105922,0.001245,0.041763
GATCTTAGTGAACGTG-1,0.000005,0.000005,0.223141,0.320967,0.000123,0.41605,0.00457,0.026507,0.008633
GATCTTCATTGTCCTC-1,0.000067,0.755196,0.072066,0.122616,0.002061,0.013372,0.016216,0.018339,0.000067
GATCTTGGAGGGCATA-1,0.00002,0.009875,0.113185,0.41272,0.022126,0.279423,0.030701,0.084894,0.047057
GATCTTTGCAGGGTAT-1,0.000065,0.093044,0.182078,0.013622,0.018534,0.163183,0.433525,0.002488,0.093461
GATCTTTGCTCAAAGA-1,0.000012,0.024379,0.400141,0.088426,0.019819,0.306995,0.0693,0.035957,0.05497
GATGACAAGTAGGGCA-1,0.000015,0.000015,0.001848,0.72603,0.008688,0.001347,0.000015,0.25463,0.007413
GATGACGATGATCGCG-1,0.009605,0.000019,0.545299,0.237867,0.002842,0.171439,0.008492,0.016075,0.008363
GATGAGGAACCTTCGG-1,0.077356,0.000089,0.000089,0.000178,0.330547,0.015073,0.57649,0.000089,0.000089
GATGCCAGCAGAAGGC-1,0.000036,0.170652,0.141013,0.280939,0.151739,0.015415,0.05276,0.026547,0.160898
GATGCCTTCTGCGGCA-1,0.000071,0.000071,0.049452,0.28116,0.39605,0.040479,0.0432,0.054729,0.134788
GATGCGAATGGTATTA-1,0.000028,0.133427,0.055035,0.226605,0.378442,0.006519,0.03151,0.005025,0.16341
GATGCGTCCTGCATTC-1,0.00003,0.054721,0.561894,0.325521,0.00003,0.003736,0.001986,0.044021,0.008063
GATGCTACAAGCGCCT-1,0.003469,0.278956,0.185078,0.106676,0.148782,0.150824,0.046837,0.008879,0.070499
GATGCTACCTTCGATG-1,0.000033,0.005416,0.000883,0.32191,0.152149,0.035533,0.083844,0.296419,0.103812
GATGCTGTATTTCATC-1,0.000061,0.015777,0.081931,0.12658,0.014807,0.580551,0.062849,0.084509,0.032936
GATGGCGCACACATTA-1,0.000068,0.581067,0.000068,0.000136,0.164317,0.086786,0.166978,0.000068,0.000513
GATGGTGAAATAACCC-1,0.000011,0.03751,0.300503,0.149949,0.025599,0.234304,0.153759,0.028188,0.070178
GATGGTGCCCTAGGCA-1,0.000054,0.290797,0.230587,0.376152,0.018231,0.000054,0.000054,0.065967,0.018104
GATGTAACGAACCACC-1,0.000011,0.000011,0.150646,0.618781,0.017474,0.100655,0.008723,0.075713,0.027987
GATGTCCGGATCACAT-1,0.000082,0.999265,0.000082,0.000163,0.000082,0.000082,0.000082,0.000082,0.000082
GATGTCGGTCAACTGC-1,0.000082,0.253841,0.003112,0.431192,0.061388,0.000082,0.000082,0.084308,0.165915
GATGTGTTGTCACAAG-1,0.000107,0.131833,0.168893,0.384381,0.136708,0.011591,0.081428,0.000107,0.08495
GATGTTCAATCCACGA-1,0.000021,0.026851,0.478906,0.383521,0.002771,0.011061,0.004532,0.055251,0.037087
GATGTTTGTGCGAGAT-1,0.000063,0.300517,0.147342,0.199626,0.134754,0.026672,0.168864,0.0152,0.006962
GATTAATCCTGGCTCA-1,0.001493,0.526347,0.001493,0.002986,0.461709,0.001493,0.001493,0.001493,0.001493
GATTACTGAATTTGGG-1,0.000027,0.018839,0.675416,0.261817,0.000027,0.000185,0.000209,0.036127,0.007355
GATTAGAAACAAGCGT-1,0.000014,0.000014,0.040981,0.230408,0.083654,0.20608,0.156311,0.173439,0.109101
GATTATCTTGCATTAT-1,0.000019,0.016747,0.014059,0.5679,0.020914,0.026652,0.012274,0.309455,0.031979
GATTCCCTTGTCGCAG-1,0.00004,0.039561,0.38899,0.369585,0.087336,0.018069,0.059394,0.003552,0.033472
GATTCCGCGTTTCCGT-1,0.011804,0.107441,0.081452,0.257041,0.001177,0.063206,0.226243,0.021627,0.23001
GATTCCTATACGGCGC-1,0.005099,0.046253,0.173808,0.54981,0.045081,0.005764,0.048197,0.046227,0.079761
GATTCGACGGTTCACG-1,0.00003,0.013984,0.204656,0.636889,0.00003,0.035971,0.00003,0.104529,0.003882
GATTCTGTTAATGAGT-1,0.000027,0.000027,0.029003,0.454907,0.080547,0.195686,0.010378,0.185127,0.0443
GATTGACACTCTGCTC-1,0.001,0.317379,0.001,0.585983,0.090636,0.001,0.001,0.001,0.001
GATTGCTCCAGTTGCA-1,0.000169,0.000169,0.000169,0.000338,0.998461,0.000169,0.000169,0.000188,0.000169
GATTGGGAAAGGTTGT-1,0.007628,0.000107,0.000107,0.000214,0.697375,0.000107,0.29425,0.000107,0.000107
GATTTAGTGCGTACTG-1,0.000017,0.000017,0.134465,0.19064,0.062228,0.482199,0.061832,0.046636,0.021966
GATTTGCGCTAACACC-1,0.000018,0.000018,0.069649,0.311333,0.090783,0.212722,0.071267,0.175689,0.068521
GCAAACCCTACATTAT-1,0.00005,0.00005,0.00005,0.110328,0.210525,0.238035,0.106868,0.188741,0.145353
GCAAACCTTGGCCATA-1,0.000079,0.009461,0.000079,0.000157,0.621142,0.065689,0.301637,0.001678,0.000079
GCAAACGTAAGCGACC-1,0.001083,0.059525,0.028813,0.580222,0.110982,0.024216,0.003462,0.148338,0.043359
GCAAAGGGCGTTAGCC-1,0.000044,0.000449,0.098718,0.321432,0.507091,0.004543,0.012823,0.034827,0.020073
GCAAATATTACGCTTT-1,0.000039,0.05936,0.326544,0.053017,0.027788,0.123322,0.287588,0.058204,0.06414
GCAAATGAGGACACTT-1,0.000021,0.05398,0.347652,0.122721,0.051201,0.148556,0.061967,0.067529,0.146373
GCAACACACTAGAACT-1,0.000008,0.000008,0.449089,0.462961,0.000762,0.05609,0.000814,0.025122,0.005146
GCAACCACCAGACCGG-1,0.000026,0.045346,0.450208,0.179102,0.053145,0.104924,0.038042,0.043117,0.086089
GCAACCACGGCCGCGT-1,0.000016,0.101989,0.496345,0.249781,0.009651,0.02879,0.007681,0.066861,0.038886
GCAAGAATTCCTTGGC-1,0.000011,0.002879,0.444561,0.532326,0.000011,0.004796,0.000011,0.014422,0.000982
GCAAGATGTGTTCGCG-1,0.001268,0.088822,0.341678,0.208966,0.054797,0.081271,0.059104,0.049363,0.114732
GCAAGCTGGAAACCGC-1,0.000011,0.000011,0.005538,0.593794,0.050325,0.027559,0.004168,0.259027,0.059567
GCAAGTGCACAGAGAA-1,0.000014,0.055486,0.082983,0.724681,0.01632,0.008132,0.035512,0.032078,0.044795
GCAAGTGTAAAGCATG-1,0.000053,0.02027,0.023962,0.029254,0.629913,0.040264,0.224965,0.023139,0.008179
GCAATTAGTCGCACCG-1,0.000059,0.009041,0.009163,0.011385,0.549704,0.188234,0.194197,0.025518,0.012698
GCACAAACCCTAGATG-1,0.00004,0.006626,0.04333,0.075469,0.736366,0.058238,0.031077,0.041872,0.006981
GCACAACCTCGGGCGT-1,0.000044,0.006476,0.010169,0.100787,0.594912,0.024398,0.02595,0.156593,0.080671
GCACAAGTGGATCATA-1,0.000055,0.523741,0.066705,0.290573,0.058347,0.000055,0.023796,0.014433,0.022295
GCACAAGTGTCGGAAG-1,0.000553,0.510701,0.000553,0.186978,0.000553,0.002267,0.297291,0.000553,0.000553
GCACACAGCTATTACC-1,0.000036,0.000036,0.000036,0.397444,0.153645,0.029682,0.057441,0.248119,0.113563
GCACACGCCCATGGTC-1,0.000035,0.033449,0.269797,0.043654,0.063619,0.113803,0.300028,0.015183,0.160432
GCACAGCACGGGCCGA-1,0.000016,0.000016,0.052353,0.330347,0.057572,0.068456,0.101755,0.301683,0.087803
GCACCTAGGCGAGTCC-1,0.000075,0.277317,0.000075,0.000151,0.693547,0.000075,0.028609,0.000075,0.000075
GCACGCCGATTCCCGC-1,0.005044,0.00002,0.011636,0.405873,0.099404,0.022061,0.016761,0.426862,0.012339
GCACGCCTACTTAGAT-1,0.014672,0.000046,0.025909,0.269672,0.193386,0.180611,0.056956,0.10311,0.15564
GCACGTGGTTTACTTA-1,0.145708,0.000518,0.053159,0.001037,0.244428,0.000518,0.553596,0.000518,0.000518
GCACTAGTCGCGCTAT-1,0.000096,0.396406,0.000096,0.000193,0.059016,0.033576,0.475742,0.000096,0.034778
GCACTGCCTACCTTTA-1,0.021858,0.021471,0.000115,0.000231,0.340992,0.000115,0.614986,0.000115,0.000115
GCACTGTGCAAATGTA-1,0.000043,0.768308,0.071009,0.133159,0.000043,0.000754,0.000043,0.017924,0.008717
GCAGAAACGTAATCCA-1,0.000009,0.008758,0.411538,0.175062,0.025129,0.212883,0.036799,0.093554,0.036267
GCAGACCCAGCACGTA-1,0.00008,0.00008,0.029864,0.020352,0.428659,0.38761,0.04121,0.004359,0.087785
GCAGATCCATAAGACT-1,0.000046,0.084974,0.042399,0.166712,0.599826,0.000046,0.005465,0.100486,0.000046
GCAGATCCTCGCAAAT-1,0.000033,0.188209,0.200167,0.050232,0.226551,0.063159,0.108725,0.037511,0.125413
GCAGATTAGGGATATC-1,0.003517,0.040166,0.355743,0.411101,0.005795,0.005774,0.014608,0.063961,0.099336
GCAGCACACAGCCCAG-1,0.000027,0.012639,0.510625,0.214215,0.068565,0.021501,0.046823,0.059439,0.066166
GCAGCCTATATCACAT-1,0.000098,0.000098,0.000098,0.088645,0.417328,0.093989,0.295392,0.058665,0.045687
GCAGCGGTGGGCATTA-1,0.000065,0.757761,0.050384,0.174834,0.000065,0.000065,0.000065,0.004792,0.011971
GCAGCTATGGACAGGT-1,0.000018,0.016699,0.61586,0.188937,0.011802,0.036602,0.036146,0.058868,0.035067
GCAGCTGTCAACGCAT-1,0.000032,0.000032,0.110867,0.304294,0.378294,0.000032,0.013031,0.185615,0.007804
GCAGGAACTTAGATCT-1,0.000029,0.000029,0.041983,0.165575,0.121436,0.355902,0.078476,0.142212,0.094358
GCAGGACTATAGAATA-1,0.000031,0.014045,0.211562,0.197711,0.119665,0.090812,0.178349,0.053137,0.134688
GCAGGTAGAGTATGGT-1,0.000045,0.155804,0.303905,0.03932,0.022404,0.06911,0.288249,0.069824,0.051339
GCAGTGTGGCTATAGG-1,0.524013,0.068646,0.024056,0.027621,0.315662,0.001596,0.020476,0.012742,0.005188
GCATAAATTGAACGCC-1,0.000007,0.000076,0.221539,0.369466,0.011347,0.225046,0.020636,0.12687,0.025012
GCATACGAGGTCTTTA-1,0.000028,0.0391,0.518964,0.07126,0.01766,0.14294,0.045319,0.02223,0.142499
GCATAGAGCACTCAGG-1,0.000029,0.043095,0.494784,0.188974,0.01139,0.043391,0.026148,0.100579,0.091609
GCATCCCTAACTTTGA-1,0.000062,0.42188,0.07524,0.270774,0.027443,0.000062,0.048507,0.069223,0.086809
GCATGAGGGACGCGGC-1,0.000046,0.000046,0.057819,0.000092,0.096797,0.566922,0.25173,0.002681,0.023866
GCATGCTAATAACGAT-1,0.094717,0.094972,0.000142,0.000285,0.729797,0.000142,0.079661,0.000142,0.000142
GCATGGGTACTGACGC-1,0.000037,0.068579,0.439068,0.15946,0.143693,0.066149,0.030697,0.035055,0.057262
GCATTCAAGGCAACGC-1,0.000017,0.000017,0.160691,0.604508,0.001443,0.119413,0.002805,0.095161,0.015945
GCATTCGAAATGAACA-1,0.000021,0.090957,0.120275,0.484399,0.166474,0.016883,0.028987,0.023215,0.068789
GCATTGACTTGCGGAA-1,0.000027,0.000027,0.109002,0.061846,0.114536,0.517646,0.092798,0.0395,0.064619
GCATTGTAATTCATAT-1,0.000022,0.044398,0.396735,0.291208,0.016723,0.027583,0.011089,0.121181,0.091059
GCATTTCCAAGGCTCC-1,0.00004,0.007933,0.135602,0.219495,0.108458,0.046372,0.069804,0.169776,0.24252
GCCAACCATTTCCGGA-1,0.000037,0.043043,0.161555,0.072648,0.140112,0.445678,0.092164,0.019503,0.02526
GCCAAGAATACTTCTG-1,0.000024,0.004698,0.184122,0.110406,0.121109,0.438053,0.090903,0.008958,0.041727
GCCAATAGGGCATCTC-1,0.00004,0.042444,0.086513,0.004252,0.01332,0.554822,0.244122,0.005189,0.049298
GCCACAATTTAAGGAC-1,0.002974,0.001781,0.244734,0.416524,0.013717,0.157447,0.014545,0.122368,0.025911
GCCACCCATTCCACTT-1,0.000625,0.994374,0.000625,0.00125,0.000625,0.000625,0.000625,0.000625,0.000625
GCCACCTTATTCGCGA-1,0.000018,0.002609,0.096825,0.496926,0.048112,0.243669,0.010343,0.078322,0.023177
GCCAGGAAAGAACACT-1,0.000014,0.002486,0.027396,0.40099,0.084865,0.021697,0.084683,0.341464,0.036406
GCCAGGAGTAACCGAT-1,0.000044,0.009591,0.326189,0.145267,0.015172,0.084127,0.365762,0.02474,0.029107
GCCAGGCGTTCGCATG-1,0.000029,0.02297,0.122968,0.619909,0.011471,0.016013,0.022768,0.043846,0.140026
GCCAGGCTTAGTGGTA-1,0.000084,0.999245,0.000084,0.000168,0.000084,0.000084,0.000084,0.000084,0.000084
GCCATATTGCACACAG-1,0.000044,0.069386,0.376073,0.009008,0.054721,0.148071,0.314653,0.001669,0.026375
GCCATCGAGCTGCGTG-1,0.00003,0.00003,0.05953,0.112466,0.056244,0.601038,0.06882,0.069259,0.032583
GCCATCGATGCTGCAT-1,0.000033,0.000033,0.010164,0.151636,0.071554,0.49773,0.135504,0.051997,0.081349
GCCATTAGCCTCAAAC-1,0.00002,0.00002,0.099021,0.475701,0.039867,0.022309,0.014181,0.314312,0.034569
GCCCACCAAGGCTGTC-1,0.000069,0.971897,0.00531,0.02238,0.000069,0.000069,0.000069,0.000069,0.000069
GCCCACTGGTCCACAA-1,0.000013,0.000013,0.156043,0.118594,0.026928,0.506426,0.119075,0.038128,0.034782
GCCCAGCGACACAAAG-1,0.000008,0.000737,0.277768,0.501806,0.023622,0.10899,0.008046,0.066063,0.01296
GCCCAGTTGGTATGCC-1,0.000033,0.192259,0.117116,0.669877,0.000033,0.000033,0.000033,0.002498,0.018119
GCCCATGGGTGCAATG-1,0.000022,0.106851,0.100875,0.613649,0.025451,0.005046,0.00957,0.065459,0.073078
GCCCGACTTCTTCCCG-1,0.000023,0.001783,0.270956,0.535465,0.009768,0.121127,0.008819,0.037763,0.014297
GCCCGAGAGTCTAAAT-1,0.000083,0.000083,0.069954,0.122931,0.790059,0.000083,0.000083,0.004685,0.012038
GCCCGATCTGTGGTCG-1,0.000019,0.000019,0.006113,0.704503,0.006015,0.005763,0.000019,0.254307,0.023242
GCCCGATGCCCAGTTC-1,0.000027,0.009247,0.098276,0.294826,0.29191,0.177818,0.038936,0.073401,0.015559
GCCCGCGCGTAAACGG-1,0.002442,0.000012,0.185961,0.484647,0.023306,0.211168,0.011881,0.058674,0.02191
GCCCGCGCGTTTGACA-1,0.00007,0.350072,0.032267,0.019388,0.162048,0.18817,0.187157,0.00007,0.060759
GCCCGTAATACCTTCT-1,0.000053,0.000053,0.482225,0.025955,0.007144,0.156006,0.150318,0.017161,0.161086
GCCCGTTCACACAATT-1,0.000014,0.000014,0.081363,0.318117,0.043982,0.199121,0.044656,0.214731,0.098002
GCCCTAAGTGCAGGAT-1,0.002589,0.015287,0.049151,0.438287,0.04741,0.045722,0.040007,0.321643,0.039904
GCCCTAGCCGTCGCGA-1,0.000029,0.000029,0.143795,0.218172,0.106754,0.10763,0.020398,0.302471,0.100723
GCCCTGAGGATGGGCT-1,0.000081,0.038001,0.000081,0.000162,0.233763,0.000081,0.72767,0.000081,0.000081
GCCGAAATTCCTACGT-1,0.000022,0.040176,0.48891,0.42686,0.000022,0.00723,0.007801,0.013299,0.01568
GCCGACCCACGACTGC-1,0.02366,0.035005,0.019118,0.333878,0.537127,0.000115,0.000115,0.050867,0.000115
GCCGATTGGCCAAGCT-1,0.000047,0.063746,0.142782,0.009107,0.019854,0.628849,0.106057,0.009169,0.020388
GCCGCATTAGTCCGGC-1,0.00004,0.065431,0.216162,0.075486,0.075446,0.133362,0.184115,0.043623,0.206334
GCCGCTAGATACGCAG-1,0.000028,0.074108,0.104713,0.459636,0.092988,0.045357,0.02286,0.047535,0.152775
GCCGCTTGTGAGAAAC-1,0.000012,0.037319,0.800113,0.099962,0.00299,0.01711,0.002171,0.034089,0.006235
GCCGGAAACACATCTT-1,0.000394,0.735434,0.000394,0.000788,0.084252,0.000394,0.000394,0.072846,0.105104
GCCGGGTTAGGGTCGC-1,0.014118,0.017149,0.418576,0.086504,0.046277,0.303085,0.036273,0.041021,0.036997
GCCGGTCGTATCTCTC-1,0.000023,0.000023,0.00164,0.495575,0.010061,0.002173,0.163216,0.315691,0.011598
GCCGTCGGTTTCGGGC-1,0.000017,0.000017,0.009197,0.431837,0.03329,0.014044,0.09487,0.328981,0.087745
GCCGTGGAAGAAATGT-1,0.000123,0.000123,0.012109,0.000247,0.598759,0.026484,0.328876,0.031834,0.001445
GCCTACGTTCTGTGCA-1,0.000107,0.01076,0.000107,0.000214,0.749225,0.000107,0.239268,0.000107,0.000107
GCCTAGCGATCTGACC-1,0.000061,0.226867,0.055788,0.207034,0.249604,0.01031,0.172575,0.008581,0.06918
GCCTATAGTGTCAGGG-1,0.00004,0.00004,0.303066,0.145653,0.032463,0.398217,0.040075,0.039098,0.041349
GCCTATGCTGGGCCTT-1,0.000029,0.037741,0.306385,0.150586,0.014151,0.368669,0.067687,0.033848,0.020904
GCCTATTCCGATATAG-1,0.00003,0.114497,0.116737,0.672001,0.032049,0.00003,0.00003,0.033813,0.030814
GCCTATTTGCTACACA-1,0.000057,0.405684,0.127137,0.333059,0.004884,0.027103,0.001396,0.03285,0.067829
GCCTCAGGTACCGGTC-1,0.000016,0.001386,0.203983,0.344332,0.011657,0.151283,0.066941,0.186632,0.033771
GCCTCATCTGGAAATA-1,0.000031,0.000031,0.009534,0.255306,0.200175,0.115636,0.077398,0.201824,0.140065
GCCTCTATACATAGCA-1,0.00014,0.00014,0.00014,0.000281,0.566429,0.155331,0.277256,0.00014,0.00014
GCCTGCTACACTGAGA-1,0.000032,0.029174,0.288184,0.060901,0.068975,0.169423,0.150735,0.020105,0.21247
GCCTGTCCCGGTGCAT-1,0.00004,0.00004,0.010385,0.16882,0.13705,0.280708,0.149092,0.221936,0.031929
GCCTTCAGCCCTACCG-1,0.000054,0.505623,0.12035,0.028051,0.040867,0.143357,0.064209,0.008929,0.088561
GCCTTGTATATGCAGT-1,0.003348,0.96774,0.013521,0.014115,0.000058,0.000058,0.000058,0.001044,0.000058
GCCTTTGTCAGTGGAC-1,0.000094,0.047717,0.000094,0.000187,0.924686,0.000094,0.014367,0.000094,0.012667
GCGAAACTTAACTGGA-1,0.000021,0.000021,0.029499,0.560302,0.027706,0.146561,0.018929,0.143336,0.073625
GCGAAGAATCTGACGG-1,0.081968,0.00107,0.000058,0.000117,0.448867,0.000058,0.467744,0.000058,0.000058
GCGAAGCCATACCCGT-1,0.000053,0.027036,0.457699,0.016921,0.0326,0.139076,0.170267,0.06892,0.087428
GCGAATGGACTAGCGA-1,0.007298,0.000025,0.00594,0.282496,0.018019,0.144533,0.032766,0.463975,0.044947
GCGACATGTAAACATC-1,0.000024,0.000024,0.014113,0.086553,0.143545,0.206781,0.188011,0.22621,0.134739
GCGACCCAACCATCTG-1,0.002192,0.000042,0.050694,0.395777,0.400566,0.023486,0.001171,0.118577,0.007495
GCGACGATAGTTGTAC-1,0.053977,0.023557,0.305431,0.162224,0.08464,0.044777,0.181313,0.104017,0.040065
GCGACGGTAGTCTCCT-1,0.000028,0.000028,0.002097,0.534064,0.061275,0.023219,0.007089,0.308171,0.064028
GCGAGAAACGGGAGTT-1,0.000041,0.949279,0.004387,0.03817,0.001175,0.000041,0.000041,0.006826,0.000041
GCGAGAGGCCATGTAA-1,0.000033,0.001922,0.383037,0.222231,0.000033,0.089013,0.159398,0.074571,0.06976
GCGAGAGTTGCGTCCA-1,0.000019,0.001386,0.351888,0.481865,0.007479,0.049462,0.00454,0.08179,0.021571
GCGAGCGCATGCTCCC-1,0.000055,0.021643,0.084442,0.017605,0.432389,0.178967,0.226818,0.035246,0.002834
GCGAGGCCCGAGCAGA-1,0.000011,0.000011,0.395457,0.592435,0.000011,0.001115,0.000011,0.003201,0.007749
GCGAGTTCTGCAAAGA-1,0.00003,0.027966,0.435579,0.076351,0.010452,0.093996,0.219978,0.022492,0.113156
GCGATGTCTGTGCTTG-1,0.000402,0.312891,0.362815,0.000803,0.294574,0.000402,0.027309,0.000402,0.000402
GCGATTCTGGAAGCAG-1,0.000123,0.35978,0.016692,0.604749,0.000123,0.000123,0.000123,0.018164,0.000123
GCGATTGTTAACGTTA-1,0.000036,0.000036,0.311903,0.063711,0.027355,0.453199,0.043681,0.076481,0.023598
GCGCAAATATATTCAA-1,0.000034,0.000034,0.034613,0.338562,0.295211,0.013197,0.01081,0.240752,0.066788
GCGCAAGAGCGCGCTG-1,0.00006,0.00006,0.00006,0.037076,0.284522,0.350791,0.093139,0.008159,0.226131
GCGCATCCAGTCAGCA-1,0.000035,0.091556,0.321623,0.117287,0.000035,0.185009,0.009926,0.233021,0.041507
GCGCCGTTCCACGATA-1,0.000027,0.000027,0.286738,0.18698,0.014854,0.354991,0.01481,0.098363,0.04321
GCGCGATGGGTCAAGT-1,0.000299,0.146325,0.000299,0.851579,0.000299,0.000299,0.000299,0.000299,0.000299
GCGCGGTCTAGTAACT-1,0.000083,0.000083,0.07927,0.000166,0.543808,0.055051,0.319695,0.000948,0.000895
GCGCTAAGTATGCATG-1,0.000031,0.075268,0.056637,0.702283,0.09686,0.002575,0.001268,0.035144,0.029934
GCGCTAATTGAATAGA-1,0.000026,0.076983,0.412585,0.121012,0.048027,0.208331,0.048232,0.060767,0.024038
GCGCTATGCCGAGGCA-1,0.000017,0.000017,0.402111,0.584705,0.000017,0.007647,0.000017,0.005453,0.000017
GCGCTGATCCAGACTC-1,0.000026,0.02412,0.232785,0.503785,0.008831,0.049427,0.037312,0.056696,0.087019
GCGCTGCTTTGCATTT-1,0.000023,0.003479,0.352588,0.62564,0.000023,0.004364,0.000023,0.013837,0.000023
GCGCTGGCGGAAAGTC-1,0.000637,0.994266,0.000637,0.001274,0.000637,0.000637,0.000637,0.000637,0.000637
GCGGACCGCGTTGTGG-1,0.000035,0.000035,0.223938,0.147432,0.035817,0.357038,0.031571,0.194616,0.009517
GCGGAGAAACTTCGCA-1,0.000013,0.005867,0.0252,0.702058,0.028798,0.068367,0.006074,0.118929,0.044693
GCGGAGAGGGAGAACG-1,0.000037,0.000037,0.015386,0.052769,0.052266,0.590468,0.07746,0.123538,0.088039
GCGGATTACTTGTTCT-1,0.000127,0.495636,0.000127,0.000255,0.503346,0.000127,0.000127,0.000127,0.000127
GCGGCAAAGTATTGCC-1,0.000064,0.040938,0.003663,0.272233,0.555612,0.031644,0.009177,0.070104,0.016565
GCGGCTCTGACGTACC-1,0.000036,0.042051,0.500647,0.112819,0.1215,0.056985,0.048068,0.027473,0.090422
GCGGCTTTAGCAAGTT-1,0.000081,0.000081,0.000081,0.000161,0.335547,0.120961,0.514197,0.013261,0.015632
GCGGGAACCAGGCCCT-1,0.000048,0.392429,0.064813,0.169291,0.069725,0.005201,0.100255,0.014679,0.183559
GCGGGCAGACGGGTGA-1,0.019893,0.00002,0.020451,0.248365,0.124474,0.146039,0.044076,0.329599,0.067084
GCGGGCATTACGATGC-1,0.000042,0.024239,0.034871,0.040594,0.126255,0.397123,0.242879,0.080409,0.053588
GCGGGCGAGCCTTACC-1,0.000025,0.000025,0.029867,0.444433,0.052042,0.114142,0.028696,0.286487,0.044282
GCGGTAACCCAAATGA-1,0.000037,0.999664,0.000037,0.000075,0.000037,0.000037,0.000037,0.000037,0.000037
GCGGTCCCGGTGAAGG-1,0.003106,0.000021,0.291302,0.075565,0.049278,0.292774,0.206871,0.04384,0.037243
GCGGTCCCTAGACGCA-1,0.000131,0.525146,0.000131,0.000263,0.375232,0.038763,0.060072,0.000131,0.000131
GCGGTCTTGCTTTCAC-1,0.006045,0.00007,0.00007,0.000141,0.4021,0.509396,0.04438,0.00007,0.037728
GCGGTGAACTGCGCTC-1,0.000023,0.027507,0.503329,0.208049,0.007081,0.0276,0.085944,0.015924,0.124544
GCGGTGCGGAGCATCG-1,0.000066,0.163087,0.014495,0.63345,0.000066,0.000066,0.000066,0.156456,0.032247
GCGGTTCCCTATCATG-1,0.02557,0.000041,0.165003,0.048222,0.007424,0.487541,0.201347,0.034599,0.030254
GCGTAAATGGCCATAA-1,0.000018,0.000018,0.045301,0.566924,0.018986,0.080121,0.003563,0.251296,0.033774
GCGTCCAGCTCGTGGC-1,0.001316,0.699958,0.001316,0.290829,0.001316,0.001316,0.001316,0.001316,0.001316
GCGTCCCTAAGACATA-1,0.000144,0.000144,0.014519,0.210122,0.751026,0.000913,0.000144,0.000144,0.022846
GCGTCGAAATGTCGGT-1,0.000052,0.092062,0.026688,0.000104,0.072136,0.170346,0.555202,0.000052,0.083357
GCGTCGCCAGGGTGAT-1,0.000054,0.000054,0.049219,0.427923,0.176294,0.141664,0.003518,0.195161,0.006112
GCGTCGTAACATGGTC-1,0.000027,0.000027,0.037875,0.477803,0.02873,0.088153,0.038354,0.28799,0.041042
GCGTCTAACCTCCTAA-1,0.01547,0.057769,0.047075,0.046866,0.644496,0.013671,0.095151,0.009917,0.069586
GCGTCTCTGCATTGGG-1,0.000027,0.000027,0.557295,0.424988,0.000027,0.00462,0.001529,0.001902,0.009585
GCGTGGTACTGGGTTA-1,0.000027,0.000027,0.486239,0.224262,0.034753,0.088621,0.058492,0.086931,0.020648
GCGTGTATGTCGTATT-1,0.00072,0.778471,0.00072,0.216491,0.00072,0.00072,0.00072,0.00072,0.00072
GCGTTATATTTGGAAC-1,0.000022,0.027625,0.225638,0.562749,0.011681,0.039289,0.021422,0.037152,0.074422
GCGTTCGGAGACCGGG-1,0.000019,0.03248,0.378303,0.428843,0.002808,0.015876,0.099415,0.015956,0.026302
GCTAAACCTGAGGTGA-1,0.000044,0.21534,0.086577,0.260436,0.231617,0.018886,0.030449,0.070946,0.085706
GCTAAGCCCAGTATGC-1,0.026541,0.048583,0.000081,0.000161,0.437845,0.001821,0.484808,0.000081,0.000081
GCTAAGTAAAGGCGAT-1,0.00508,0.095319,0.108859,0.39706,0.214708,0.007235,0.025343,0.042765,0.103632
GCTAAGTAGTTTCTCT-1,0.000034,0.000034,0.612942,0.311006,0.000034,0.066379,0.006094,0.003062,0.000416
GCTAATACCGAATGCC-1,0.000036,0.162835,0.023865,0.267585,0.027323,0.024061,0.121286,0.089168,0.283841
GCTACAGTACGGACCG-1,0.000029,0.018857,0.407701,0.09864,0.090903,0.078869,0.116592,0.042018,0.146391
GCTACGACTTATTGGG-1,0.000028,0.000028,0.297289,0.409554,0.014724,0.186503,0.015995,0.06189,0.013989
GCTACTCGGACGCAGA-1,0.000029,0.004322,0.009013,0.040868,0.150744,0.40434,0.273183,0.04879,0.068709
GCTAGCAACGCACCTA-1,0.00003,0.00003,0.000967,0.217443,0.339532,0.085005,0.057604,0.182571,0.116818
GCTAGCAGGGAGTGGG-1,0.000033,0.048243,0.563447,0.045311,0.078111,0.126197,0.096117,0.004566,0.037973
GCTAGCGATAGGTCTT-1,0.000136,0.000136,0.000136,0.000272,0.949937,0.018363,0.030747,0.000136,0.000136
GCTAGCTTGAATAGCT-1,0.000029,0.000029,0.052881,0.394579,0.051646,0.347937,0.017621,0.10575,0.029527
GCTAGGCACCACGGAG-1,0.060695,0.035607,0.165225,0.000409,0.683089,0.000205,0.054361,0.000205,0.000205
GCTAGTAGAGCTTGTA-1,0.000031,0.025048,0.501331,0.264051,0.000031,0.141239,0.020176,0.02262,0.025473
GCTAGTTTCATTGAGG-1,0.000056,0.999498,0.000056,0.000112,0.000056,0.000056,0.000056,0.000056,0.000056
GCTATAAGGGCCAGGA-1,0.003283,0.032597,0.000052,0.000103,0.759775,0.000052,0.204035,0.000052,0.000052
GCTATCATACTCATGG-1,0.000172,0.000172,0.000172,0.000345,0.200577,0.094177,0.704039,0.000172,0.000172
GCTATCGCGGCGCAAC-1,0.005392,0.344439,0.01264,0.000169,0.336241,0.038734,0.239434,0.000085,0.022866
GCTATGCCAGCTTATG-1,0.000027,0.000027,0.398177,0.163028,0.04088,0.294855,0.01439,0.065617,0.022999
GCTCAACCTCTTAGAG-1,0.000051,0.923837,0.000051,0.000101,0.028119,0.000051,0.001321,0.04642,0.000051
GCTCAATCCGTTTATT-1,0.000022,0.000022,0.061892,0.737749,0.001803,0.019673,0.00035,0.175977,0.002512
GCTCAATGTAATACCG-1,0.203354,0.005148,0.099146,0.204773,0.466379,0.000073,0.000073,0.017907,0.003147
GCTCATTACTGCATGT-1,0.00002,0.083158,0.105976,0.779509,0.00002,0.00002,0.00002,0.016158,0.015119
GCTCATTGATCATATC-1,0.000033,0.000033,0.017963,0.316199,0.08904,0.200094,0.11181,0.220854,0.043973
GCTCCATGCAAAGCAA-1,0.000036,0.000036,0.000036,0.007453,0.362396,0.180721,0.385312,0.056544,0.007465
GCTCCGGACGTTGATA-1,0.000022,0.017747,0.494573,0.132542,0.036483,0.05074,0.074687,0.053176,0.14003
GCTCCTGACATACTGG-1,0.003203,0.000025,0.003793,0.616556,0.015832,0.040802,0.007132,0.278741,0.033917
GCTCGACCGAACTGAA-1,0.008129,0.027371,0.640273,0.161339,0.012639,0.050785,0.030296,0.032197,0.036971
GCTCGCGGTTCCGCTC-1,0.000029,0.153814,0.068611,0.445414,0.048626,0.035331,0.017357,0.086059,0.14476
GCTCGCTCATGTCCAA-1,0.000086,0.000086,0.000086,0.00853,0.47972,0.267668,0.002766,0.082171,0.158886
GCTCGGAATTTAAAGC-1,0.054568,0.039298,0.249804,0.002062,0.186017,0.124793,0.258897,0.000057,0.084505
GCTCTAAACCCTGACG-1,0.000033,0.072993,0.088143,0.3798,0.00506,0.002726,0.124056,0.038592,0.288597
GCTCTATGTTACGTGC-1,0.000029,0.046755,0.123652,0.608289,0.032638,0.016102,0.09127,0.024364,0.056901
GCTCTCGGGTACCGAA-1,0.000025,0.022102,0.375423,0.435201,0.000025,0.007101,0.08292,0.010923,0.066279
GCTGAAGGGTTCTTGG-1,0.000009,0.000009,0.097622,0.885857,0.000009,0.003147,0.000009,0.012299,0.001038
GCTGAATCTTCCAATC-1,0.000065,0.034891,0.000065,0.052641,0.660498,0.059688,0.131799,0.014232,0.046121
GCTGAGCAACGGTTCT-1,0.000057,0.721794,0.040938,0.086265,0.000057,0.035426,0.047436,0.044279,0.023748
GCTGAGGCGTGAGTAT-1,0.000041,0.000041,0.330216,0.156445,0.021086,0.275639,0.060008,0.114426,0.042098
GCTGCACGGTTTCTTA-1,0.000031,0.012303,0.589101,0.231293,0.001526,0.10241,0.007699,0.040793,0.014844
GCTGCGAAGAATTATT-1,0.000015,0.000015,0.011086,0.419997,0.073428,0.081256,0.154816,0.219762,0.039624
GCTGCGCCTCCCACGT-1,0.000063,0.213062,0.048158,0.244193,0.265523,0.022567,0.066494,0.02798,0.11196
GCTGCTAAGTAGTCGA-1,0.01225,0.000037,0.010376,0.383941,0.000054,0.002265,0.000037,0.566398,0.024642
GCTGCTACTGCGTAGC-1,0.000066,0.000066,0.039076,0.009247,0.075549,0.063057,0.476624,0.332312,0.004002
GCTGCTCTCCGGACAC-1,0.00006,0.026789,0.221903,0.26577,0.01486,0.114685,0.129055,0.090346,0.136532
GCTGGACCCAAAGTGG-1,0.000024,0.028747,0.369769,0.029291,0.116554,0.177858,0.173674,0.007729,0.096355
GCTGGCAGGTGCCGTG-1,0.00002,0.03864,0.152921,0.344782,0.042016,0.048215,0.044878,0.014681,0.313848
GCTGGCATATTCACCT-1,0.000042,0.044221,0.199618,0.159413,0.018337,0.03815,0.111543,0.169997,0.258679
GCTGGCGGCGCATGCT-1,0.000034,0.000034,0.023653,0.401128,0.167165,0.033528,0.03131,0.291966,0.051184
GCTGGGAGCGCGTCAA-1,0.00083,0.013689,0.073417,0.728905,0.012291,0.055754,0.058968,0.048412,0.007734
GCTGGGTCCGCTGTTA-1,0.000371,0.653433,0.00037,0.209843,0.134501,0.00037,0.00037,0.00037,0.00037
GCTGGTGACTCGTAGT-1,0.000026,0.03263,0.284995,0.107691,0.053037,0.11198,0.095711,0.041764,0.272167
GCTGGTTTAGGCCATA-1,0.00011,0.051176,0.00011,0.000219,0.896198,0.00011,0.040734,0.006097,0.005247
GCTGTATTACTGGCCC-1,0.000042,0.020335,0.279927,0.072182,0.007525,0.368468,0.204887,0.018137,0.028498
GCTGTCTGTGATCGAC-1,0.000051,0.122891,0.240029,0.166816,0.086722,0.037823,0.155316,0.026946,0.163406
GCTGTTGCTACCGAAC-1,0.000044,0.000044,0.015063,0.095208,0.170649,0.421888,0.13778,0.096831,0.062494
GCTTAATGTAACTAAC-1,0.000025,0.000025,0.102234,0.279775,0.014175,0.271583,0.061124,0.181309,0.089749
GCTTACGTAGTTAGTA-1,0.000098,0.000098,0.151787,0.000197,0.737872,0.068104,0.024927,0.000098,0.016818
GCTTAGGGAAGCGGTA-1,0.000012,0.01298,0.313506,0.521098,0.012869,0.061103,0.005263,0.056709,0.016459
GCTTATGAAGCAGGAA-1,0.000042,0.000042,0.154805,0.024154,0.054477,0.261071,0.406023,0.003254,0.096134
GCTTCAGTGGGATTAC-1,0.000035,0.037395,0.386596,0.294249,0.073503,0.048973,0.014405,0.079961,0.064883
GCTTCCAGCTTAGATT-1,0.00006,0.897541,0.007351,0.09475,0.00006,0.00006,0.00006,0.00006,0.00006
GCTTCCATGTAACCGC-1,0.000132,0.000132,0.000132,0.000263,0.625956,0.000132,0.372991,0.000132,0.000132
GCTTCCCGTAAGCTCC-1,0.000048,0.006212,0.005775,0.042534,0.183592,0.080517,0.47997,0.193141,0.008211
GCTTCCGTCCCTAGAC-1,0.003744,0.048896,0.58127,0.212434,0.000047,0.048353,0.009759,0.048456,0.04704
GCTTCGACGTTCAATC-1,0.000023,0.000023,0.000745,0.606637,0.05387,0.020992,0.010077,0.269269,0.038364
GCTTGATGATAATCAG-1,0.000056,0.276057,0.072109,0.043157,0.140626,0.247284,0.1853,0.003869,0.031542
GCTTGCAGCACAATTG-1,0.003577,0.025973,0.341101,0.120086,0.008439,0.305537,0.107248,0.062767,0.025271
GCTTGGATCGATTAGG-1,0.00002,0.00002,0.187204,0.669936,0.00002,0.095594,0.00002,0.038741,0.008447
GCTTTATTAAGTTACC-1,0.020151,0.001718,0.052463,0.504559,0.092035,0.04739,0.008729,0.152838,0.120118
GCTTTCAGAGGAGGTG-1,0.000038,0.000038,0.173629,0.182344,0.008602,0.298088,0.107112,0.097439,0.132711
GCTTTCTATCTCAACT-1,0.00002,0.100169,0.491915,0.145534,0.010804,0.157097,0.029164,0.034692,0.030605
GGAAACAGAGCTTGGG-1,0.000018,0.000018,0.098639,0.170738,0.101763,0.290557,0.140241,0.055177,0.142849
GGAAACCTTGTTGAAT-1,0.005279,0.008898,0.519258,0.07195,0.01213,0.211716,0.074118,0.048977,0.047675
GGAAAGGGAATTGAGC-1,0.12042,0.014563,0.003429,0.289485,0.289297,0.053479,0.042404,0.109977,0.076947
GGAAAGTCTTGATTGT-1,0.000015,0.000015,0.035699,0.343352,0.043621,0.137381,0.164504,0.228006,0.047407
GGAAAGTGCCCATGCC-1,0.000049,0.04449,0.19729,0.064601,0.025713,0.147222,0.475742,0.028393,0.016499
GGAACCCGAACAAGAA-1,0.000024,0.204597,0.077426,0.258264,0.060692,0.035542,0.28019,0.029457,0.053809
GGAACCGTGTAAATTG-1,0.00002,0.005585,0.178306,0.242435,0.022636,0.234675,0.036937,0.223727,0.055679
GGAACCTTGACTCTGC-1,0.028844,0.046224,0.00005,0.037818,0.685295,0.029352,0.080805,0.032581,0.05903
GGAACGGCCTGCAGCC-1,0.000018,0.188562,0.103491,0.518608,0.020243,0.005262,0.023955,0.020816,0.119046
GGAACTCGTGAATACG-1,0.000011,0.010391,0.06851,0.432742,0.031767,0.275201,0.023952,0.075751,0.081674
GGAAGATAAGACTGTA-1,0.005649,0.004266,0.326166,0.177339,0.016367,0.323131,0.050845,0.058791,0.037446
GGAAGCTCGCTTACAG-1,0.000092,0.102053,0.186262,0.100167,0.062651,0.211251,0.180332,0.052631,0.104559
GGAAGGACACCGTATA-1,0.000032,0.000032,0.000088,0.071383,0.212632,0.101975,0.288633,0.269574,0.055651
GGAATAACCTCAAGAA-1,0.000662,0.470636,0.173529,0.001325,0.351198,0.000662,0.000662,0.000662,0.000662
GGAATGCGCTAGCGTG-1,0.000032,0.044229,0.285626,0.025255,0.047984,0.361947,0.109552,0.034252,0.091122
GGACAACCATGAAGCC-1,0.038304,0.101916,0.000214,0.000428,0.858281,0.000214,0.000214,0.000214,0.000214
GGACAAGCCATGATCG-1,0.000082,0.0266,0.000082,0.000164,0.643564,0.227578,0.07987,0.000082,0.021977
GGACAAGTTGCAGTGA-1,0.000016,0.09536,0.38541,0.47357,0.000016,0.009711,0.002609,0.006501,0.026808
GGACACCTCGGTGTTG-1,0.000028,0.000028,0.011145,0.280383,0.036319,0.101149,0.020484,0.489658,0.060806
GGACCAACAGGATAAC-1,0.000018,0.00115,0.014521,0.458834,0.070592,0.077762,0.067105,0.251477,0.05854
GGACCTACGGTAACGT-1,0.000019,0.013391,0.346014,0.264945,0.027364,0.114946,0.077483,0.026946,0.128893
GGACCTCTAGGCCGCC-1,0.000054,0.000054,0.00981,0.413877,0.170131,0.058442,0.086751,0.166467,0.094413
GGACGGCTTGCGCAAC-1,0.000024,0.044019,0.251477,0.139678,0.059633,0.129778,0.061176,0.024427,0.289788
GGACGTCCATAGTTGG-1,0.000019,0.032934,0.456029,0.372261,0.000822,0.072457,0.00544,0.042717,0.017322
GGACTAAGTCAGGAGT-1,0.000017,0.038718,0.099193,0.599316,0.029511,0.015677,0.018341,0.05244,0.146786
GGACTCGACAGCGCAT-1,0.000065,0.000065,0.026274,0.153993,0.257479,0.000065,0.47309,0.088903,0.000065
GGACTCGTGAGTGGTC-1,0.000107,0.014376,0.014927,0.000215,0.663355,0.034347,0.272457,0.000107,0.000107
GGACTCTTTGACTAAG-1,0.000052,0.000052,0.000052,0.077043,0.548247,0.089092,0.202177,0.036595,0.04669
GGAGAAGTCATTGGCA-1,0.000055,0.098203,0.100439,0.000964,0.301213,0.083827,0.157732,0.000055,0.257513
GGAGACATTCACGGGC-1,0.001021,0.990814,0.001021,0.002041,0.001021,0.001021,0.001021,0.001021,0.001021
GGAGACCAATGTGCTT-1,0.000024,0.000024,0.192544,0.327658,0.029097,0.261523,0.051203,0.073728,0.064198
GGAGACCATCTACATA-1,0.000027,0.000027,0.108489,0.355324,0.113679,0.234115,0.04861,0.07123,0.068499
GGAGACGACACCTTTG-1,0.000038,0.018434,0.204732,0.218838,0.012111,0.460965,0.011006,0.052915,0.020961
GGAGCACCAAGAACTA-1,0.000016,0.032392,0.559584,0.218609,0.000162,0.006636,0.091124,0.020265,0.071212
GGAGCGAGGCCTACTT-1,0.000159,0.000159,0.000159,0.000318,0.606746,0.00016,0.391983,0.000159,0.000159
GGAGGATTGAAAGGAG-1,0.00025,0.231373,0.332117,0.0005,0.336828,0.00025,0.098182,0.00025,0.00025
GGAGGCGAAGAACCGC-1,0.000013,0.03362,0.232264,0.392097,0.020634,0.028689,0.040479,0.033893,0.218311
GGAGGGCTTGGTTGGC-1,0.000027,0.01876,0.519076,0.166816,0.018453,0.237824,0.012466,0.015734,0.010845
GGAGTACACATGAGCT-1,0.000111,0.824743,0.000111,0.000222,0.018418,0.000111,0.156062,0.000111,0.000111
GGAGTGCCGCCCTGGA-1,0.006433,0.129872,0.042377,0.099287,0.285401,0.052533,0.186844,0.021023,0.176231
GGATACTCATGAATTG-1,0.000048,0.432807,0.038798,0.50045,0.000048,0.000048,0.000048,0.006616,0.021138
GGATCAAAGGACGAGG-1,0.00011,0.557325,0.023471,0.028634,0.032624,0.134642,0.052037,0.149595,0.021563
GGATCAGAGCCATCAG-1,0.000028,0.031831,0.304045,0.042729,0.032167,0.473092,0.046353,0.014329,0.055426
GGATCATCCCGTACGC-1,0.000017,0.000017,0.453415,0.546288,0.000017,0.000017,0.000017,0.000017,0.000197
GGATCCCTACCAGCTA-1,0.000079,0.89079,0.000079,0.000158,0.061093,0.02405,0.023594,0.000079,0.000079
GGATCCGGAATATACT-1,0.000023,0.036912,0.369086,0.419497,0.000023,0.09264,0.007879,0.049027,0.024913
GGATCTACCGTTCGTC-1,0.000021,0.006899,0.101458,0.413968,0.059796,0.209087,0.041067,0.107723,0.05998
GGATCTTACTGCCCTT-1,0.00011,0.024675,0.066664,0.00022,0.844505,0.011608,0.051998,0.00011,0.00011
GGATCTTGACTCAACC-1,0.00003,0.00003,0.078421,0.085829,0.036442,0.469239,0.153843,0.129631,0.046535
GGATGAAGATCGCTGA-1,0.000059,0.000059,0.001771,0.232884,0.046408,0.185181,0.012211,0.257928,0.2635
GGATGACGCGAGTTTA-1,0.00004,0.127925,0.267947,0.039673,0.044456,0.162423,0.055773,0.012989,0.288774
GGATGCTGGCGTTCCT-1,0.000026,0.047722,0.527591,0.202188,0.044089,0.046311,0.025172,0.024434,0.082467
GGATGGCTTGAAGTAT-1,0.022335,0.031254,0.000195,0.000389,0.945049,0.000195,0.000195,0.000195,0.000195
GGATGTCCTTACCGCA-1,0.000032,0.035814,0.224378,0.213754,0.119436,0.273449,0.022137,0.06326,0.047739
GGATTAAGCTAAGGTC-1,0.006001,0.094522,0.062259,0.539955,0.002574,0.001875,0.002128,0.111325,0.179361
GGATTAATCATGGACC-1,0.01507,0.014151,0.001644,0.13126,0.24453,0.039587,0.226256,0.306104,0.021398
GGATTCAGTACGGTGG-1,0.024035,0.547592,0.092297,0.176809,0.055925,0.043823,0.003421,0.033063,0.023033
GGATTCCGCTATACCC-1,0.000027,0.007607,0.247536,0.702808,0.000027,0.003383,0.014551,0.012053,0.012008
GGATTGAAGTAGCCTC-1,0.000101,0.045583,0.000101,0.000202,0.797075,0.131012,0.025724,0.000101,0.000101
GGATTGCTGTGACTCC-1,0.999627,0.000041,0.000041,0.000083,0.000041,0.000041,0.000041,0.000041,0.000041
GGATTTCACTTCTATA-1,0.00006,0.00006,0.264734,0.043663,0.030984,0.469935,0.149279,0.018115,0.023171
GGCAAAGGCGCCAATA-1,0.000012,0.000012,0.030332,0.710945,0.048105,0.072719,0.005979,0.115625,0.016271
GGCAAATTACTTTACT-1,0.000024,0.044454,0.367913,0.08499,0.019093,0.276892,0.129095,0.027727,0.049812
GGCAAGCCAGGGATAG-1,0.000012,0.019703,0.343321,0.287966,0.022228,0.203809,0.057278,0.042705,0.022977
GGCAAGCCCATAGTGG-1,0.00007,0.192626,0.028533,0.000206,0.30925,0.023388,0.436618,0.009239,0.00007
GGCAAGGCGAAATAGC-1,0.000024,0.009392,0.15636,0.233365,0.050074,0.316127,0.05679,0.135863,0.042005
GGCAATAGTCAATGAG-1,0.000028,0.014065,0.47763,0.208927,0.017042,0.036875,0.10333,0.047365,0.094739
GGCACTCCACTGGGCA-1,0.00002,0.001202,0.615557,0.381514,0.00002,0.00002,0.00002,0.001294,0.000353
GGCAGAGAGATCGGGA-1,0.000016,0.107038,0.482975,0.065636,0.058314,0.131546,0.04467,0.024399,0.085406
GGCAGCGGTAATCCTA-1,0.000047,0.034854,0.343918,0.006429,0.181379,0.316225,0.0586,0.000047,0.0585
GGCATACAGGTAGCGG-1,0.004723,0.106865,0.382908,0.422671,0.003209,0.020539,0.01519,0.020706,0.023189
GGCATATCGGTTCTGC-1,0.00002,0.014654,0.130299,0.842257,0.00002,0.00002,0.00002,0.00468,0.008031
GGCATCAACGAGCACG-1,0.000862,0.492658,0.000862,0.001725,0.273166,0.000862,0.000862,0.000862,0.22814
GGCATTCCCTCCCTCG-1,0.000119,0.036953,0.000119,0.000237,0.934486,0.003851,0.023999,0.000119,0.000119
GGCATTGAACATCTCA-1,0.040344,0.000413,0.013771,0.380176,0.134445,0.091674,0.04395,0.213225,0.082003
GGCCAATTGTATAGAC-1,0.021077,0.013256,0.000092,0.000184,0.434443,0.069394,0.461372,0.000092,0.000092
GGCCACAAGCGATGGC-1,0.000862,0.992239,0.000862,0.001725,0.000862,0.000862,0.000862,0.000862,0.000862
GGCCACACGAAAGCCT-1,0.000034,0.115943,0.156903,0.073681,0.159841,0.038623,0.177335,0.017993,0.259646
GGCCCAATCTAGAGGG-1,0.000018,0.017114,0.358068,0.069698,0.075783,0.221624,0.136588,0.042397,0.07871
GGCCCAGCTGGTTTGC-1,0.000062,0.000062,0.000062,0.006727,0.190001,0.028992,0.749667,0.024366,0.000062
GGCCCAGTTATCAGCA-1,0.000021,0.035876,0.648849,0.248428,0.002167,0.042209,0.004255,0.013813,0.004382
GGCCCGGAGCATGTCT-1,0.000095,0.028847,0.133725,0.009174,0.727697,0.04737,0.029101,0.023897,0.000095
GGCCCGTATACCATGC-1,0.000025,0.003365,0.068467,0.3498,0.03578,0.22863,0.077315,0.157651,0.078967
GGCCCTCACCCACTTA-1,0.000018,0.053575,0.548227,0.351952,0.006818,0.004722,0.000777,0.015674,0.018237
GGCCGAGACTCTGGTG-1,0.000102,0.000102,0.000102,0.278774,0.64654,0.021425,0.001542,0.028545,0.022871
GGCCGGCGTCTGCTAT-1,0.013402,0.047905,0.000119,0.000237,0.466122,0.000119,0.471859,0.000119,0.000119
GGCCGTTTGGGTTTCA-1,0.000057,0.007642,0.04382,0.102502,0.519503,0.045409,0.017893,0.063141,0.200032
GGCCTGCTCTGATGTT-1,0.000034,0.000034,0.002979,0.476149,0.085108,0.021792,0.139049,0.20804,0.066816
GGCCTTTGCAACTGGC-1,0.000024,0.04603,0.544803,0.141537,0.064907,0.033483,0.075028,0.050251,0.043939
GGCGAAATCTAACTTG-1,0.000037,0.000037,0.045022,0.26716,0.068924,0.230515,0.174156,0.095305,0.118845
GGCGAACCGTTCTGAT-1,0.000012,0.000012,0.235524,0.377725,0.003178,0.283681,0.005121,0.086267,0.008479
GGCGAGCGAAACGGCA-1,0.00002,0.00546,0.076073,0.132787,0.125159,0.355764,0.097684,0.092338,0.114715
GGCGCACAGTTTACCT-1,0.0213,0.000052,0.010227,0.005735,0.372306,0.21927,0.12566,0.201922,0.04353
GGCGCAGGACATCTTC-1,0.000014,0.038893,0.340671,0.618981,0.000014,0.000014,0.000014,0.000014,0.001385
GGCGCATGAATTGATG-1,0.000029,0.012562,0.348137,0.155578,0.059811,0.349039,0.020097,0.045764,0.008983
GGCGCGGAGATCTTTC-1,0.267959,0.033617,0.000152,0.000303,0.69606,0.000152,0.001455,0.000152,0.000152
GGCGCGTTCGAGTTTA-1,0.000019,0.000019,0.11389,0.816557,0.000019,0.031829,0.000019,0.032532,0.005115
GGCGCTCCTCATCAAT-1,0.000034,0.354804,0.001684,0.641968,0.000034,0.000034,0.000034,0.001372,0.000034
GGCGCTTCATTCCCTG-1,0.000134,0.02843,0.000134,0.000267,0.317095,0.000134,0.65354,0.000134,0.000134
GGCGGAGTAATATTAG-1,0.000045,0.074352,0.210251,0.203426,0.026618,0.139245,0.175134,0.013141,0.157788
GGCGGTAGGATCATTG-1,0.02154,0.05774,0.566514,0.239534,0.00064,0.00758,0.015381,0.019933,0.071138
GGCGGTTTGCCGGTGC-1,0.000041,0.413946,0.190585,0.347572,0.015942,0.000041,0.000041,0.019199,0.012632
GGCGTACCCTATATAA-1,0.00037,0.697738,0.00037,0.152234,0.147805,0.00037,0.00037,0.00037,0.00037
GGCGTAGGGAAAGCTG-1,0.027265,0.014657,0.000072,0.000145,0.491423,0.000491,0.465802,0.000072,0.000072
GGCGTCCTATCCGCTG-1,0.000027,0.045552,0.23905,0.306429,0.031506,0.04469,0.019557,0.020975,0.292214
GGCTAAAGGGCGGGTC-1,0.000038,0.000038,0.419061,0.057319,0.010225,0.18203,0.232469,0.030142,0.068678
GGCTAATGATTGAAAT-1,0.000017,0.024355,0.483387,0.148084,0.010126,0.089514,0.101647,0.039019,0.103851
GGCTACTATACACTCC-1,0.000124,0.000124,0.000124,0.02357,0.787168,0.000124,0.019982,0.157718,0.011066
GGCTATTAAGTTGTAT-1,0.000044,0.024918,0.35552,0.381208,0.047579,0.003385,0.028623,0.003619,0.155104
GGCTCCTCCACCTGTT-1,0.000062,0.000062,0.010982,0.170144,0.45826,0.029583,0.000748,0.298183,0.031976
GGCTCGCGTTGAGGTA-1,0.00004,0.00004,0.163746,0.043629,0.092093,0.409832,0.130789,0.030452,0.12938
GGCTCGTGCCACCAGC-1,0.000058,0.40774,0.021056,0.000115,0.036726,0.021533,0.426742,0.000434,0.085597
GGCTCTGCTCCAACGC-1,0.000059,0.061931,0.290839,0.024458,0.025484,0.233387,0.238866,0.057832,0.067143
GGCTGAAATAGCAAAG-1,0.00003,0.00003,0.003955,0.164076,0.060038,0.293401,0.145481,0.232943,0.100047
GGCTGAGCATCGTAAG-1,0.000038,0.028445,0.328039,0.125325,0.058305,0.034217,0.143495,0.016164,0.265973
GGCTGGCAATCCCACG-1,0.000018,0.000018,0.008953,0.224408,0.156482,0.04346,0.036049,0.47954,0.051073
GGCTGGCAGCTTTATG-1,0.001515,0.585666,0.001516,0.003031,0.001516,0.001516,0.402209,0.001516,0.001516
GGCTGGCTAGCTTAAA-1,0.00007,0.693285,0.00007,0.000141,0.117592,0.011664,0.165061,0.00007,0.012046
GGCTGTCCTACTGCGG-1,0.000016,0.000016,0.082291,0.309254,0.025385,0.214192,0.074223,0.18918,0.105443
GGCTTCTCGTGGGTGG-1,0.000019,0.000019,0.007708,0.343581,0.101274,0.139356,0.038444,0.193859,0.175739
GGCTTGGCTCTCACCT-1,0.000024,0.126851,0.025119,0.615062,0.134216,0.008383,0.005881,0.02559,0.058874
GGGAACGGGAGGTTAG-1,0.000044,0.025657,0.393342,0.022191,0.092578,0.112621,0.073698,0.040076,0.239793
GGGAACGGTTTCAGAT-1,0.000126,0.021378,0.000126,0.000253,0.808326,0.000126,0.000126,0.012131,0.157407
GGGAAGACGGTCTGTC-1,0.026092,0.00014,0.00014,0.000281,0.708812,0.00014,0.264114,0.00014,0.00014
GGGAAGGGCTTTCTCA-1,0.183617,0.068661,0.000097,0.000194,0.657734,0.000097,0.089404,0.000097,0.000097
GGGAATGAGCCCTCAC-1,0.000027,0.000027,0.387866,0.239927,0.025011,0.18142,0.049145,0.068185,0.048392
GGGAATTCTGTCCAGT-1,0.008413,0.059703,0.261249,0.323254,0.028191,0.014242,0.023532,0.05897,0.222445
GGGACAGAGTTACTCC-1,0.000027,0.000027,0.000237,0.447944,0.043077,0.008459,0.004354,0.475372,0.020502
GGGACCCGTATATCTT-1,0.003063,0.000058,0.063409,0.407122,0.174176,0.052603,0.144016,0.139977,0.015576
GGGACTGCATAGATAG-1,0.000029,0.075142,0.641047,0.234881,0.000029,0.000775,0.000029,0.023337,0.02473
GGGAGAACTCACAGTA-1,0.000014,0.015048,0.36815,0.615822,0.000014,0.000014,0.000014,0.00057,0.000354
GGGAGCGACCGTAGTG-1,0.000141,0.018401,0.000141,0.000282,0.745136,0.000141,0.235477,0.000141,0.000141
GGGAGGATGCCCGAAA-1,0.000023,0.134318,0.421328,0.206662,0.038992,0.063974,0.034613,0.053018,0.047072
GGGAGTAATGGCTGGC-1,0.000095,0.542969,0.035252,0.2638,0.157505,0.000095,0.000095,0.000095,0.000095
GGGAGTTAATGAGGCG-1,0.000041,0.031905,0.424828,0.121572,0.028553,0.197742,0.069615,0.032348,0.093395
GGGATACGGTAATAAT-1,0.000053,0.155945,0.168967,0.010852,0.297007,0.059139,0.105659,0.037134,0.165244
GGGATATTGATCGCCA-1,0.00001,0.00001,0.166064,0.73671,0.001365,0.017291,0.022194,0.051101,0.005257
GGGATCCCAATACAAA-1,0.000007,0.004243,0.577272,0.283389,0.001389,0.081785,0.009482,0.034353,0.00808
GGGATGGACCCGCGTC-1,0.000052,0.041127,0.021295,0.08734,0.660242,0.05436,0.02942,0.084455,0.02171
GGGATGGTCGTAACCG-1,0.000023,0.014765,0.306379,0.088256,0.01817,0.391797,0.107249,0.049753,0.023608
GGGATTATCTCACAAC-1,0.000565,0.994914,0.000565,0.00113,0.000565,0.000565,0.000565,0.000565,0.000565
GGGATTTACCGCACCT-1,0.000053,0.000053,0.001073,0.310289,0.152095,0.096695,0.023321,0.342319,0.074102
GGGCAACCGCACGTGC-1,0.000012,0.000012,0.004595,0.756498,0.001362,0.007161,0.000012,0.216745,0.013603
GGGCACGAATTGGCCG-1,0.010518,0.017389,0.241353,0.405316,0.025907,0.030064,0.021191,0.06613,0.182133
GGGCACGTAGTACTGT-1,0.000042,0.000042,0.008204,0.559664,0.054772,0.000042,0.323589,0.025752,0.027895
GGGCACTATTGACCAT-1,0.000181,0.048549,0.043554,0.265615,0.634157,0.007034,0.000181,0.000181,0.000547
GGGCAGACGTCACTGC-1,0.000027,0.000027,0.265704,0.135651,0.10343,0.356995,0.068936,0.058539,0.010691
GGGCAGAGCAATCGTT-1,0.000068,0.000068,0.141532,0.080908,0.580481,0.042223,0.0794,0.049096,0.026225
GGGCAGGATTTCTGTG-1,0.000077,0.000596,0.027542,0.058649,0.639674,0.093671,0.069853,0.090813,0.019126
GGGCAGTCAACGCCAA-1,0.000077,0.013043,0.000077,0.000153,0.27634,0.000077,0.710081,0.000077,0.000077
GGGCATGCATGTCGAG-1,0.007876,0.000025,0.003916,0.246589,0.054138,0.044691,0.171499,0.440839,0.030428
GGGCCATTCGTGCTGG-1,0.000025,0.029372,0.00984,0.493384,0.094011,0.045112,0.013135,0.284248,0.030873
GGGCCCGTCTTAAACA-1,0.000025,0.011201,0.343349,0.0362,0.0762,0.247524,0.240308,0.013518,0.031675
GGGCCCTACGAAAGGG-1,0.000018,0.024387,0.55066,0.051574,0.044141,0.107931,0.123801,0.023764,0.073725
GGGCCCTTATCTATAC-1,0.000037,0.042793,0.344572,0.140986,0.080941,0.0777,0.081548,0.071909,0.159515
GGGCCGGCCGAAGTAC-1,0.000014,0.000014,0.452217,0.514702,0.000014,0.030759,0.000014,0.002254,0.000014
GGGCCTAAATGGGCTA-1,0.000018,0.003261,0.362464,0.066118,0.098146,0.402571,0.025363,0.019901,0.022157
GGGCCTATACAACCGG-1,0.00001,0.019474,0.480224,0.343178,0.006472,0.045281,0.018231,0.064173,0.022957
GGGCCTATTTAAGTAT-1,0.000032,0.104645,0.222107,0.043674,0.025155,0.161047,0.265337,0.026658,0.151344
GGGCGAATTTCTCCAC-1,0.000083,0.432051,0.033166,0.007416,0.169092,0.064161,0.080539,0.016386,0.197107
GGGCGATATGTGTGAA-1,0.088858,0.1239,0.106542,0.094925,0.037411,0.136205,0.341899,0.004788,0.065473
GGGCGATCCATAGGCC-1,0.000032,0.000032,0.001803,0.218328,0.201165,0.261083,0.014134,0.088371,0.215051
GGGCGCAGCGTTACTC-1,0.000122,0.000122,0.063892,0.020272,0.858522,0.055467,0.00136,0.000122,0.000122
GGGCGGCAAATGAATT-1,0.000023,0.000023,0.202636,0.205088,0.008574,0.309803,0.051355,0.113177,0.10932
GGGCGGGTTCCCTACG-1,0.000023,0.000023,0.490123,0.416349,0.000372,0.040029,0.007283,0.028594,0.017205
GGGCGGTCCTATTGTC-1,0.000123,0.614926,0.000123,0.000247,0.231864,0.054097,0.098373,0.000123,0.000123
GGGCGTACATTTATAT-1,0.000044,0.032965,0.156224,0.285422,0.007478,0.039643,0.223634,0.03118,0.22341
GGGCGTCACCACGTAA-1,0.000043,0.000043,0.194032,0.060365,0.040285,0.332594,0.321798,0.030631,0.02021
GGGCGTCCACTGGCTC-1,0.000024,0.031953,0.21631,0.555157,0.082037,0.012951,0.019015,0.034902,0.047651
GGGCGTGGTTTCCCAG-1,0.909931,0.000054,0.000054,0.000108,0.000054,0.084218,0.005474,0.000054,0.000054
GGGCGTTTACATTCAT-1,0.000127,0.000127,0.000127,0.000255,0.667563,0.248225,0.009869,0.029357,0.044349
GGGCTACTATTTCGTG-1,0.000061,0.008631,0.165513,0.14086,0.090477,0.312751,0.232364,0.027555,0.021788
GGGCTATGATCGATGG-1,0.00042,0.000037,0.03341,0.468979,0.250222,0.002905,0.010714,0.222919,0.010393
GGGCTCATCGAACCCA-1,0.000023,0.038508,0.402803,0.136988,0.003934,0.099125,0.208104,0.023811,0.086703
GGGCTGCCTAGGGCGA-1,0.000028,0.013055,0.506209,0.126668,0.011606,0.088949,0.145917,0.060432,0.047136
GGGCTGGTTAGTCGCG-1,0.000033,0.086854,0.339105,0.148732,0.012157,0.187199,0.057849,0.067551,0.100521
GGGTAATGCTGTGTTT-1,0.124191,0.875291,0.000065,0.000129,0.000065,0.000065,0.000065,0.000065,0.000065
GGGTACACTCTGGAGG-1,0.001516,0.986359,0.001516,0.003031,0.001516,0.001516,0.001516,0.001516,0.001516
GGGTACCCACGGTCCT-1,0.000042,0.522911,0.004774,0.46761,0.000042,0.000042,0.000042,0.000042,0.004494
GGGTACTTCATGAACT-1,0.000027,0.013416,0.557676,0.162204,0.026463,0.012646,0.052371,0.009336,0.165859
GGGTATGTATGCACTT-1,0.000047,0.096385,0.173025,0.185029,0.103184,0.044193,0.033738,0.042875,0.321525
GGGTATTCTAGCAAAC-1,0.000025,0.007732,0.02158,0.328335,0.06397,0.053789,0.039363,0.370918,0.114289
GGGTCACCGTGACGGT-1,0.000035,0.000035,0.406044,0.247094,0.060114,0.064408,0.079982,0.050176,0.092112
GGGTCACGTGCTTATG-1,0.000017,0.095926,0.356384,0.465076,0.002611,0.010051,0.011591,0.024761,0.033584
GGGTCACTGAGTAGTG-1,0.000011,0.000011,0.31891,0.226228,0.006164,0.326009,0.031948,0.062944,0.027776
GGGTCAGGAGCTAGAT-1,0.00011,0.012199,0.00011,0.00022,0.592666,0.030547,0.363929,0.00011,0.00011
GGGTCATGCGTACCAT-1,0.00006,0.28515,0.246524,0.000119,0.063001,0.084921,0.185877,0.00006,0.134288
GGGTCCTTGGAAGAAG-1,0.000017,0.000017,0.028174,0.325887,0.086581,0.285388,0.06806,0.167341,0.038536
GGGTCGTGGCAAGTGT-1,0.000041,0.000041,0.239404,0.04133,0.043231,0.546642,0.077403,0.024326,0.027582
GGGTGACACCTTAACT-1,0.000041,0.000041,0.160997,0.116784,0.043171,0.620088,0.018558,0.01902,0.021302
GGGTGCATATGAAAGC-1,0.000033,0.000033,0.008404,0.089919,0.174586,0.334621,0.201611,0.137132,0.053661
GGGTGGTCCAGCCTGT-1,0.000981,0.000981,0.000981,0.001961,0.433621,0.000981,0.558534,0.000981,0.000981
GGGTGTTTCAGCTATG-1,0.000058,0.204024,0.26486,0.339055,0.066885,0.021547,0.040431,0.023576,0.039564
GGGTTAACATTTGAGT-1,0.000044,0.000044,0.03044,0.371786,0.190204,0.165284,0.103718,0.076191,0.062289
GGGTTCAGACGAACAA-1,0.000057,0.332192,0.148061,0.230825,0.282211,0.000057,0.000057,0.000066,0.006473
GGTAAATGTGCGTTAC-1,0.008792,0.1955,0.180716,0.260318,0.003444,0.046515,0.027731,0.005432,0.271552
GGTAACCGGCAAAGGT-1,0.000741,0.993331,0.000741,0.001482,0.000741,0.000741,0.000741,0.000741,0.000741
GGTAACCGGGAGGATA-1,0.000025,0.000025,0.01528,0.455283,0.163532,0.071209,0.035628,0.192058,0.06696
GGTAACTATGTATCTG-1,0.000106,0.778807,0.000106,0.000211,0.129298,0.08793,0.00333,0.000106,0.000106
GGTACAAACATGCTAT-1,0.000019,0.042854,0.4304,0.130334,0.025146,0.083734,0.042344,0.090529,0.154639
GGTACACCAGATTTAT-1,0.003432,0.000028,0.052239,0.398213,0.070322,0.272399,0.008276,0.143024,0.052066
GGTACATCTGGGACGA-1,0.000023,0.044467,0.538524,0.120808,0.056394,0.046432,0.118611,0.005829,0.06891
GGTACCATTAAGACGG-1,0.000033,0.012601,0.103932,0.048648,0.039583,0.513457,0.166958,0.064709,0.05008
GGTAGAAGACCGCCTG-1,0.000061,0.000061,0.000061,0.009874,0.403398,0.200868,0.20054,0.130818,0.054317
GGTAGACCGTTGGGCG-1,0.000019,0.000019,0.254367,0.416708,0.068307,0.077647,0.023951,0.124349,0.034633
GGTAGGCCAATATCAC-1,0.000022,0.002883,0.024746,0.159553,0.097096,0.254901,0.1616,0.269888,0.02931
GGTAGTGCTCGCACCA-1,0.000042,0.000042,0.517171,0.017273,0.000042,0.271473,0.072787,0.003297,0.117873
GGTATAGTGACACATA-1,0.000041,0.020776,0.091291,0.159738,0.181679,0.181805,0.179275,0.11658,0.068813
GGTATCAAGCATAGAA-1,0.000205,0.830668,0.000205,0.117535,0.05057,0.000205,0.000205,0.000205,0.000205
GGTATGAAAGAACTGA-1,0.000016,0.067375,0.464775,0.103574,0.147711,0.034434,0.05084,0.049512,0.081763
GGTATTGCCGAGTTTA-1,0.00004,0.011922,0.497631,0.275447,0.024013,0.059936,0.019091,0.01101,0.100909
GGTCACGTTAGATTCA-1,0.000096,0.999139,0.000096,0.000191,0.000096,0.000096,0.000096,0.000096,0.000096
GGTCAGTGGGTCCCAC-1,0.000036,0.004966,0.063473,0.195225,0.002783,0.378151,0.19823,0.042387,0.114748
GGTCATTGTAGTCATA-1,0.00002,0.00002,0.397115,0.141442,0.021157,0.303223,0.029864,0.084909,0.022249
GGTCCACGTCTATTTG-1,0.000041,0.000041,0.09872,0.196561,0.201089,0.253074,0.068688,0.0721,0.109687
GGTCCCATAACATAGA-1,0.000017,0.02341,0.292428,0.304307,0.032581,0.050852,0.040343,0.040706,0.215358
GGTCCTTCATACGACT-1,0.000127,0.765233,0.000127,0.000254,0.130507,0.063167,0.04033,0.000127,0.000127
GGTCGGATAAACGGCG-1,0.000033,0.033337,0.206578,0.032734,0.074038,0.249847,0.186614,0.035896,0.180922
GGTCGGCCAGGAGCTT-1,0.000027,0.027393,0.34622,0.034191,0.020511,0.407342,0.126555,0.0183,0.01946
GGTCGGTAATTAGACA-1,0.002477,0.822873,0.038574,0.130139,0.000045,0.000045,0.000045,0.005759,0.000045
GGTCGGTCGTCCACAG-1,0.00003,0.00003,0.02269,0.363104,0.096544,0.116335,0.026529,0.352636,0.022101
GGTCGTAAGCTCGCAC-1,0.000018,0.016469,0.222713,0.513819,0.018543,0.118476,0.018661,0.054261,0.03704
GGTCTCCGTCCAGGTT-1,0.000503,0.000503,0.155381,0.001005,0.407235,0.000503,0.433865,0.000503,0.000503
GGTCTCTGAATGGACT-1,0.000021,0.000021,0.171046,0.572825,0.000021,0.158753,0.007872,0.079515,0.009925
GGTCTGAGAATCTGGA-1,0.000025,0.022248,0.550928,0.246996,0.016716,0.038554,0.020588,0.069452,0.034494
GGTCTTGAGCGCTCTT-1,0.000132,0.05638,0.000132,0.000264,0.847984,0.009855,0.084988,0.000132,0.000132
GGTCTTGGTGTTAACT-1,0.001042,0.990623,0.001042,0.002084,0.001042,0.001042,0.001042,0.001042,0.001042
GGTGAAACCGGGAATG-1,0.073213,0.678365,0.035511,0.004029,0.142334,0.005198,0.032188,0.020377,0.008784
GGTGAACGGGCTAGCC-1,0.042386,0.954061,0.000054,0.000109,0.003173,0.000054,0.000054,0.000054,0.000054
GGTGAAGTACAGGGAT-1,0.000028,0.000352,0.189134,0.052727,0.049459,0.429834,0.211819,0.026328,0.04032
GGTGAGATGCAGATAA-1,0.000074,0.661478,0.000074,0.000148,0.128183,0.074103,0.135791,0.000074,0.000074
GGTGATAAGGAGCAGT-1,0.000031,0.000031,0.193309,0.198874,0.003133,0.554397,0.010353,0.024928,0.014945
GGTGATGAAGGAAGTG-1,0.000018,0.060492,0.214575,0.414133,0.048204,0.040381,0.011924,0.014216,0.196058
GGTGATTTCATCTTGT-1,0.000065,0.636264,0.000065,0.331242,0.000065,0.000065,0.000065,0.032106,0.000065
GGTGCAGAGCCTATCG-1,0.000025,0.052756,0.59413,0.284634,0.002174,0.008066,0.024235,0.013627,0.020352
GGTGCATAAATGATTA-1,0.000054,0.01361,0.000054,0.000108,0.942402,0.000054,0.043612,0.000054,0.000054
GGTGCGGATAAGTGGC-1,0.000065,0.46578,0.027542,0.056236,0.162195,0.096583,0.049773,0.090405,0.051419
GGTGCTGATCACAAAG-1,0.002075,0.067131,0.181469,0.210523,0.163311,0.102591,0.113281,0.012132,0.147486
GGTGCTGGTACACATT-1,0.00003,0.0515,0.425105,0.231419,0.004736,0.061571,0.014152,0.069345,0.14214
GGTGGACCACGTGTTA-1,0.012761,0.08883,0.395297,0.222877,0.006965,0.015507,0.013183,0.156208,0.088371
GGTGGGATTAGGTCCC-1,0.000023,0.000023,0.069169,0.287533,0.072742,0.244829,0.113781,0.180116,0.031784
GGTGTAAATCGATTGT-1,0.000077,0.000077,0.000077,0.000155,0.380516,0.019402,0.599539,0.000077,0.000077
GGTGTAGGTAAGTAAA-1,0.000035,0.000035,0.002887,0.066763,0.246401,0.325998,0.221405,0.111257,0.025219
GGTGTTCTGTTTCTAC-1,0.00004,0.171469,0.080194,0.55513,0.072468,0.005647,0.012,0.023381,0.079672
GGTTACCACCCTCGGG-1,0.000023,0.000023,0.335797,0.500383,0.000306,0.134826,0.006051,0.012868,0.009723
GGTTACCCGACACTTT-1,0.000123,0.039022,0.000123,0.000247,0.85715,0.010018,0.078027,0.003113,0.012177
GGTTACCGCTCCCTAC-1,0.000021,0.00693,0.09182,0.410373,0.051642,0.074144,0.049478,0.282475,0.033116
GGTTAGCTATATGTCT-1,0.000099,0.023749,0.100542,0.0757,0.441955,0.091637,0.167384,0.063197,0.035737
GGTTAGGCTTGGAGAA-1,0.061927,0.110927,0.177141,0.190178,0.082404,0.056079,0.046601,0.027188,0.247555
GGTTAGGGATGCTAAT-1,0.000017,0.003663,0.099976,0.352292,0.070752,0.235669,0.052122,0.092397,0.093112
GGTTAGTTACGGCGCC-1,0.000026,0.171005,0.078652,0.450254,0.068838,0.029183,0.027114,0.030458,0.144471
GGTTCCACCCGCTTCT-1,0.00003,0.125425,0.103793,0.479302,0.156911,0.021447,0.029577,0.006547,0.076967
GGTTCCCTAGTGTCTC-1,0.000016,0.015528,0.3822,0.254166,0.013673,0.225111,0.018639,0.065175,0.025494
GGTTCCGTACGACTAA-1,0.000016,0.00168,0.100694,0.302592,0.089415,0.203694,0.0624,0.146019,0.093491
GGTTCGATGCTGAGTT-1,0.000025,0.009798,0.49011,0.058047,0.035604,0.118153,0.092233,0.046705,0.149325
GGTTCGCATTTGCCGT-1,0.000168,0.000168,0.000168,0.000335,0.216643,0.000168,0.782016,0.000168,0.000168
GGTTCGGATTATACTA-1,0.000035,0.010643,0.559637,0.112569,0.103844,0.055266,0.062733,0.037117,0.058156
GGTTCTACTCGTCTGA-1,0.000123,0.000123,0.003472,0.106999,0.569006,0.125204,0.193096,0.001854,0.000123
GGTTGTGCTCTTGTCC-1,0.000051,0.219081,0.033024,0.053302,0.124997,0.132436,0.102622,0.017444,0.317044
GGTTGTGTAGCCTGGC-1,0.000031,0.022236,0.317305,0.257538,0.032777,0.064261,0.035677,0.060011,0.210163
GGTTTAATTACCATCG-1,0.000108,0.000108,0.024598,0.335462,0.554155,0.000108,0.000108,0.085243,0.000108
GGTTTAATTGAGCAGG-1,0.031094,0.000035,0.081089,0.153835,0.02436,0.435583,0.073503,0.143792,0.056706
GGTTTACAATCTCAAT-1,0.000033,0.027824,0.221776,0.585416,0.000033,0.002374,0.100475,0.01308,0.048988
GGTTTCAATCGGTCAG-1,0.000025,0.003047,0.320427,0.645779,0.000439,0.027175,0.000025,0.002447,0.000637
GGTTTGACAAGAAGCT-1,0.000028,0.025208,0.361452,0.105786,0.117669,0.082066,0.17571,0.094135,0.037946
GGTTTGAGTGCTGGAA-1,0.000089,0.941107,0.008358,0.000177,0.040862,0.009142,0.000089,0.000089,0.000089
GGTTTGCGAACACGTA-1,0.001847,0.00001,0.3109,0.472438,0.029427,0.080667,0.007999,0.077032,0.01968
GTAACAACTGACCTTG-1,0.000013,0.116294,0.348483,0.142571,0.010941,0.239851,0.032471,0.078141,0.031235
GTAACAGGTTAACGGC-1,0.012333,0.000008,0.061356,0.519439,0.01679,0.076832,0.017998,0.251365,0.043878
GTAACATCAGCTCATC-1,0.005387,0.006825,0.522131,0.213631,0.087384,0.021981,0.015575,0.082852,0.044233
GTAACTACGTAGACCT-1,0.000019,0.024315,0.023668,0.308806,0.12939,0.192425,0.062452,0.126989,0.131935
GTAACTGCCCAAGGAG-1,0.000068,0.016289,0.000068,0.000136,0.854417,0.094979,0.002792,0.031184,0.000068
GTAACTTGCGGCAGTC-1,0.024599,0.728938,0.062807,0.14914,0.034095,0.000105,0.000105,0.000105,0.000105
GTAAGCGGGCAGTCAG-1,0.00003,0.038114,0.163495,0.454139,0.00003,0.010398,0.260409,0.019908,0.053477
GTAAGGATTTGTCGGA-1,0.000282,0.399536,0.278289,0.077628,0.000282,0.000282,0.000282,0.048726,0.194693
GTAAGTAACAGTCTGG-1,0.000035,0.021582,0.067025,0.157158,0.032816,0.415846,0.181703,0.062782,0.061053
GTAAGTAGGGTATACC-1,0.000024,0.149847,0.073987,0.489728,0.023082,0.017259,0.072676,0.073739,0.099658
GTAATAAAGGGCTCCC-1,0.000033,0.000033,0.086322,0.037926,0.151946,0.455039,0.113577,0.118576,0.036547
GTAATCTGATTCTTCG-1,0.000034,0.000034,0.140398,0.246093,0.030528,0.440699,0.047144,0.069322,0.025749
GTACACTTACCTGAAG-1,0.000031,0.089215,0.202125,0.331877,0.000618,0.084754,0.016293,0.177818,0.097268
GTACAGAGGCAAGGGT-1,0.000028,0.000028,0.155407,0.30159,0.006917,0.260039,0.013932,0.211734,0.050323
GTACGACGGCGCTGCG-1,0.000104,0.598915,0.000104,0.225002,0.163241,0.000104,0.000104,0.01232,0.000104
GTACGAGATTGCGACA-1,0.00004,0.170563,0.137141,0.456905,0.008554,0.03383,0.056188,0.013576,0.123203
GTACGCTTCATTGCAC-1,0.000052,0.000052,0.024178,0.194291,0.015205,0.577526,0.094483,0.080631,0.013582
GTACGTCACGTATTAA-1,0.000039,0.016547,0.232511,0.033749,0.061242,0.252005,0.169444,0.012608,0.221854
GTACGTTTGCCCGTCA-1,0.000029,0.000029,0.076363,0.659724,0.001948,0.140932,0.002644,0.089838,0.028493
GTACTAAGATTTGGAG-1,0.000047,0.099164,0.245118,0.274745,0.019494,0.03108,0.043548,0.085276,0.201528
GTACTACGGCCTCGTT-1,0.00003,0.00003,0.012894,0.207751,0.065855,0.115774,0.028051,0.465689,0.103927
GTACTCCCTTATCGCT-1,0.000035,0.023074,0.523637,0.111883,0.071687,0.045307,0.056844,0.017507,0.150027
GTACTCCTGGGTATGC-1,0.000034,0.009121,0.208107,0.094091,0.012435,0.558702,0.058316,0.036209,0.022984
GTACTGAGGTCGTAAC-1,0.000069,0.751291,0.000069,0.000138,0.014338,0.109166,0.065661,0.051614,0.007655
GTACTGCATGAAGCGT-1,0.005806,0.993766,0.000054,0.000107,0.000054,0.000054,0.000054,0.000054,0.000054
GTACTGGAGTTAGACC-1,0.000049,0.019987,0.336663,0.177974,0.042937,0.140068,0.22496,0.035732,0.021631
GTACTTGGGCACTTCT-1,0.000077,0.999303,0.000077,0.000155,0.000077,0.000077,0.000077,0.000077,0.000077
GTAGAAACGGGTGGAG-1,0.000031,0.152743,0.107224,0.140655,0.310498,0.040668,0.084893,0.027126,0.136162
GTAGACAACCGATGAA-1,0.000389,0.489759,0.000389,0.000778,0.000389,0.000389,0.039188,0.468329,0.000389
GTAGACACGCCTGACT-1,0.07306,0.000125,0.000125,0.00025,0.775872,0.000125,0.150191,0.000125,0.000125
GTAGACGTCGTTACAT-1,0.000108,0.557149,0.000108,0.000217,0.294528,0.000108,0.147563,0.000108,0.000108
GTAGAGGGAGACAAGT-1,0.000025,0.02248,0.086668,0.165422,0.06844,0.443926,0.060605,0.122495,0.02994
GTAGCCAAACATGGGA-1,0.000018,0.000018,0.098612,0.325082,0.066446,0.039466,0.025164,0.364517,0.080678
GTAGCGCTGTTGTAGT-1,0.000131,0.593702,0.055837,0.025829,0.000131,0.14121,0.000586,0.004522,0.178051
GTAGCGGCTATACACT-1,0.000026,0.000026,0.453024,0.540558,0.000026,0.002561,0.000026,0.003726,0.000026
GTAGCTAGTAAGCGCG-1,0.000113,0.364764,0.008427,0.066239,0.175113,0.000113,0.063929,0.099226,0.222075
GTAGCTCCGGGAGGCT-1,0.000074,0.005514,0.000074,0.000148,0.610506,0.110354,0.272981,0.000276,0.000074
GTAGCTTCCTCTTGTT-1,0.003802,0.038099,0.174719,0.163344,0.13923,0.366807,0.073108,0.013248,0.027642
GTAGGTGATCCGTGTA-1,0.000032,0.012656,0.218046,0.445337,0.000032,0.043,0.028528,0.018757,0.233614
GTAGTCGCGGGAATCA-1,0.00003,0.00003,0.012035,0.318725,0.147343,0.051038,0.044674,0.317224,0.108902
GTAGTCTACGATATTG-1,0.100169,0.054548,0.004488,0.129816,0.500614,0.013196,0.04821,0.000175,0.148785
GTAGTTAGACAATATA-1,0.00001,0.00001,0.333319,0.147671,0.050893,0.354683,0.050216,0.032988,0.030211
GTAGTTCGAAGGCGAA-1,0.000069,0.047084,0.04872,0.03552,0.852239,0.005347,0.010786,0.000166,0.000069
GTAGTTTAAGCACACG-1,0.000032,0.000032,0.046281,0.18352,0.224039,0.084991,0.041127,0.287143,0.132836
GTATAATCTCCCGGAT-1,0.000076,0.701344,0.000076,0.000152,0.298047,0.000076,0.000076,0.000076,0.000076
GTATAGGACTCAGTAG-1,0.00004,0.081583,0.214663,0.329716,0.062331,0.040768,0.009378,0.153388,0.108133
GTATAGTGGCCCATGT-1,0.000033,0.117037,0.171806,0.342549,0.072844,0.012621,0.030206,0.049874,0.203031
GTATATGTTACGGCGG-1,0.000057,0.873606,0.000057,0.125996,0.000057,0.000057,0.000057,0.000057,0.000057
GTATCAAGGTACTTCC-1,0.000027,0.000027,0.000027,0.507227,0.117972,0.004842,0.033327,0.263781,0.07277
GTATCAGCTTGGGTTC-1,0.000094,0.318441,0.000094,0.000187,0.431032,0.015663,0.233026,0.000094,0.001371
GTATCCTTTGGTAACC-1,0.177957,0.007831,0.000182,0.000363,0.78532,0.000182,0.027803,0.000182,0.000182
GTATCGGGACGAGCTG-1,0.000559,0.99497,0.000559,0.001118,0.000559,0.000559,0.000559,0.000559,0.000559
GTATCTCAGTCTTGAC-1,0.000048,0.000048,0.032727,0.240488,0.357077,0.00989,0.029433,0.305732,0.024559
GTATCTCGGGCGCTTT-1,0.000015,0.001641,0.018305,0.852539,0.002125,0.004815,0.000015,0.117287,0.003258
GTATCTTTCATAACCA-1,0.000026,0.000026,0.276113,0.078813,0.029997,0.37256,0.037104,0.112355,0.093005
GTATGAAATTTCACTC-1,0.00002,0.005576,0.113814,0.432861,0.045089,0.174022,0.022797,0.150836,0.054985
GTATGACGTGGGAAAC-1,0.00003,0.391035,0.057669,0.55044,0.00003,0.00003,0.00003,0.000602,0.000135
GTATGTGGGTCTAGTT-1,0.000026,0.000026,0.029443,0.815411,0.008612,0.044733,0.002759,0.090709,0.008281
GTATTAAGGCGTCTAA-1,0.000089,0.253323,0.104052,0.000178,0.508102,0.065052,0.048064,0.000089,0.021051
GTATTAGGGTTCGCGT-1,0.000033,0.138304,0.332698,0.107773,0.120611,0.124958,0.051464,0.033912,0.090246
GTATTCTGAGAAACGA-1,0.00002,0.038703,0.170214,0.296225,0.023597,0.312404,0.027643,0.108402,0.022792
GTATTCTTACCGTGCT-1,0.000063,0.958623,0.000063,0.024083,0.000063,0.000063,0.000063,0.016915,0.000063
GTCAAAGAAGTGGTGT-1,0.00002,0.015065,0.019318,0.325796,0.128657,0.055574,0.015045,0.382778,0.057746
GTCAAAGTTTACATAG-1,0.000127,0.965089,0.000127,0.000254,0.033897,0.000127,0.000127,0.000127,0.000127
GTCAACCAGGCCTATA-1,0.068645,0.054567,0.000208,0.000415,0.349867,0.000208,0.525676,0.000208,0.000208
GTCAAGCGGACTCGGG-1,0.000025,0.000025,0.336181,0.483549,0.000025,0.153329,0.001851,0.01791,0.007103
GTCAATGCTATAATTT-1,0.000013,0.000013,0.194175,0.704238,0.000013,0.060329,0.000013,0.030586,0.01062
GTCAATTGTACTGAAG-1,0.000104,0.816364,0.000104,0.032069,0.000104,0.05203,0.099019,0.000104,0.000104
GTCACAAAGTTTCCAA-1,0.000394,0.458018,0.183778,0.281738,0.000394,0.000394,0.074497,0.000394,0.000394
GTCACCTGTCTATGTC-1,0.000018,0.028111,0.087293,0.813074,0.01619,0.012947,0.006478,0.009138,0.026751
GTCACTCATGAGCGAT-1,0.000023,0.000023,0.002237,0.376745,0.094886,0.072773,0.017596,0.286773,0.148944
GTCACTCTCCAAATCT-1,0.000037,0.284915,0.140068,0.212189,0.090255,0.019229,0.0919,0.04837,0.113038
GTCAGAATAGTCTATG-1,0.000027,0.039753,0.131304,0.563183,0.039913,0.019983,0.038851,0.044033,0.122954
GTCAGACAGCGTTGGA-1,0.000083,0.999254,0.000083,0.000166,0.000083,0.000083,0.000083,0.000083,0.000083
GTCAGTTGTGCTCGTT-1,0.00031,0.445845,0.082366,0.000619,0.00031,0.07853,0.163214,0.228497,0.00031
GTCAGTTTGGTAGTCG-1,0.000036,0.058846,0.181801,0.403391,0.031581,0.028231,0.062036,0.04294,0.191139
GTCATCCCAAACTCAC-1,0.000014,0.004543,0.079676,0.328165,0.105469,0.235411,0.047314,0.078905,0.120504
GTCATCTCCTACAGCT-1,0.000071,0.999359,0.000071,0.000142,0.000071,0.000071,0.000071,0.000071,0.000071
GTCATGCACCTCCGTT-1,0.000078,0.072103,0.322546,0.089639,0.166245,0.043344,0.056055,0.066193,0.183798
GTCATGCGCGAGGGCT-1,0.220167,0.000182,0.000182,0.000364,0.459477,0.000182,0.31908,0.000182,0.000182
GTCATGGACATGACTA-1,0.000044,0.116779,0.211288,0.035665,0.000152,0.16167,0.264354,0.001804,0.208243
GTCATTAGAGCGAACG-1,0.000034,0.023796,0.382774,0.089978,0.003052,0.407419,0.027899,0.035552,0.029496
GTCATTGCATTGACCC-1,0.000018,0.041102,0.179755,0.596849,0.025953,0.013569,0.003641,0.022976,0.116138
GTCCAATATTTAGCCT-1,0.000089,0.322908,0.000089,0.000179,0.48264,0.132891,0.002953,0.058161,0.000089
GTCCAGGCACGTGTGC-1,0.010604,0.000017,0.007222,0.64856,0.023583,0.002221,0.082108,0.215557,0.010129
GTCCATTACTGCTACG-1,0.000238,0.000238,0.1841,0.002995,0.810034,0.000238,0.000238,0.000238,0.00168
GTCCCAACGTAAAGTA-1,0.000045,0.023249,0.252741,0.00009,0.005,0.26242,0.3502,0.009927,0.096328
GTCCCAATCATCCCGC-1,0.000021,0.000021,0.543422,0.047034,0.031293,0.323764,0.02471,0.012583,0.017151
GTCCCGCGACGTTATG-1,0.165779,0.063013,0.000184,0.000368,0.764698,0.000184,0.005406,0.000184,0.000184
GTCCGAGAGCAATCAT-1,0.006371,0.035721,0.40066,0.216775,0.014442,0.012774,0.013025,0.043131,0.2571
GTCCGGCTGAATTGCG-1,0.003864,0.119459,0.111525,0.538561,0.093273,0.003118,0.027962,0.060848,0.04139
GTCCGGGTTCACATTA-1,0.031794,0.000082,0.000082,0.000164,0.087366,0.000082,0.880266,0.000082,0.000082
GTCCGTTAGAGGGCCT-1,0.000017,0.000017,0.011191,0.317007,0.045972,0.079772,0.020332,0.471932,0.053759
GTCCTACAGGCGGCTC-1,0.000377,0.627991,0.031663,0.000153,0.203884,0.072449,0.063331,0.000076,0.000076
GTCCTACTCTACGGGC-1,0.000026,0.000026,0.010569,0.418411,0.095323,0.231792,0.021869,0.108188,0.113797
GTCCTAGGATACCTTA-1,0.000065,0.000601,0.027776,0.278531,0.617767,0.008482,0.000065,0.054866,0.011848
GTCCTATTGTTGTGGT-1,0.006474,0.027747,0.108516,0.192949,0.10003,0.022506,0.043164,0.009792,0.488821
GTCCTTCTACAACCCA-1,0.000029,0.124105,0.113638,0.437877,0.120027,0.012865,0.022316,0.051571,0.117572
GTCCTTCTAGTGGGTT-1,0.000107,0.088121,0.023899,0.033419,0.092819,0.002693,0.240024,0.009656,0.509262
GTCCTTTAATGACTTC-1,0.001562,0.085504,0.182921,0.642841,0.000193,0.004823,0.002765,0.051139,0.028251
GTCGAATTTGGGCGCT-1,0.000027,0.000027,0.00492,0.65023,0.077276,0.0413,0.014017,0.167086,0.045117
GTCGCCGTTGTGTGTT-1,0.000032,0.000335,0.021863,0.564021,0.009344,0.021649,0.039581,0.306077,0.037098
GTCGCGTAACCCGTTG-1,0.000054,0.000054,0.178772,0.165348,0.00334,0.252836,0.118623,0.055116,0.225858
GTCGGAAGGATACCAG-1,0.000019,0.022863,0.578816,0.177169,0.039453,0.038416,0.043093,0.042601,0.057571
GTCGGATATCTCAGAC-1,0.000016,0.002536,0.305031,0.685848,0.000016,0.000254,0.000016,0.000516,0.005767
GTCGGATGTAGCGCGC-1,0.000025,0.04668,0.108902,0.533635,0.046037,0.043788,0.020353,0.031537,0.169042
GTCGGGAACATGGTAG-1,0.000016,0.021771,0.411204,0.32848,0.010557,0.031545,0.036451,0.074798,0.085178
GTCGGGAAGCAGAAAC-1,0.000114,0.000114,0.091018,0.000229,0.673249,0.106764,0.112803,0.000114,0.015594
GTCGTACCATCTCGGG-1,0.000046,0.000046,0.300615,0.151908,0.003505,0.325786,0.036386,0.121102,0.060607
GTCGTACCTACGATTG-1,0.004522,0.093743,0.336061,0.02226,0.050355,0.170047,0.259462,0.011063,0.052488
GTCGTATTGGCGTACA-1,0.021045,0.046801,0.401934,0.154065,0.072246,0.008707,0.096293,0.014946,0.183962
GTCGTCAATTATAAGG-1,0.050264,0.693297,0.058621,0.070384,0.063435,0.000057,0.052269,0.000057,0.011616
GTCGTCTGGTTGGCTA-1,0.000052,0.000052,0.000052,0.046847,0.426324,0.187877,0.139412,0.140587,0.058797
GTCGTGTCTGGTCATC-1,0.000142,0.000142,0.000142,0.000283,0.023597,0.480067,0.349753,0.000142,0.145733
GTCGTTATTCGCTTAT-1,0.00005,0.067554,0.008835,0.257891,0.014817,0.249472,0.194966,0.16493,0.041485
GTCTAAGATGCCCAGC-1,0.000012,0.015488,0.344001,0.170059,0.014105,0.338725,0.039891,0.045576,0.032144
GTCTACTCAATTACAA-1,0.000026,0.000316,0.553698,0.078541,0.089012,0.070181,0.06428,0.052491,0.091455
GTCTAGTGAGCCGCTT-1,0.018223,0.05413,0.000282,0.000564,0.451904,0.000282,0.474053,0.000282,0.000282
GTCTATACACGCATGG-1,0.000034,0.005283,0.025938,0.207871,0.069495,0.211465,0.235832,0.201912,0.042171
GTCTATCTGAGTTTCT-1,0.000028,0.011364,0.525485,0.3927,0.001418,0.011879,0.001193,0.028437,0.027495
GTCTATTGCATGCTCG-1,0.263126,0.036249,0.00031,0.000619,0.698457,0.00031,0.00031,0.00031,0.00031
GTCTATTGGTTCCGGT-1,0.000272,0.017279,0.000272,0.000544,0.739652,0.000272,0.241167,0.000272,0.000272
GTCTCCCGAGTCCCGT-1,0.014999,0.362415,0.000187,0.000375,0.322577,0.000187,0.298884,0.000187,0.000187
GTCTCCGCCTCAATAC-1,0.000017,0.000017,0.001516,0.429135,0.112441,0.048171,0.047503,0.319782,0.041417
GTCTCCTGCCAGTATG-1,0.000061,0.000061,0.009512,0.10766,0.859094,0.001804,0.000061,0.021688,0.000061
GTCTCGACTAAGTTTG-1,0.000019,0.000019,0.404055,0.308377,0.000019,0.213833,0.00308,0.059271,0.011328
GTCTCGATCTGCTTTC-1,0.024272,0.058059,0.236927,0.255765,0.078383,0.064511,0.096954,0.138295,0.046833
GTCTCGCCAACACGCC-1,0.000236,0.320771,0.002658,0.411843,0.251273,0.000236,0.000236,0.012511,0.000236
GTCTGCCGACTCGACG-1,0.000044,0.000044,0.000044,0.126869,0.184831,0.026743,0.038164,0.324224,0.299039
GTCTGGGCGGTCGAGA-1,0.000027,0.003532,0.302,0.08597,0.048057,0.363462,0.098298,0.078506,0.020148
GTCTGTAGGTTGAACA-1,0.000014,0.000014,0.060925,0.391452,0.049597,0.147651,0.087773,0.190149,0.072424
GTCTTACCACGCCAAG-1,0.000273,0.195642,0.000273,0.000545,0.722138,0.000273,0.080312,0.000273,0.000273
GTCTTAGTACAGCCGG-1,0.008701,0.116071,0.171409,0.34731,0.199445,0.008733,0.051443,0.010069,0.086819
GTCTTCCTCACCTAAG-1,0.008067,0.084369,0.247054,0.341709,0.039281,0.063624,0.052191,0.012975,0.150729
GTCTTGAGGAGCAGTG-1,0.000143,0.054576,0.000143,0.006673,0.620505,0.000143,0.021621,0.032128,0.26407
GTGAAACGGCGCCACC-1,0.000024,0.042591,0.417553,0.028668,0.019869,0.091447,0.29119,0.04615,0.062509
GTGAAACGTGCTCCAC-1,0.164786,0.643929,0.028179,0.084854,0.008533,0.004124,0.01216,0.037227,0.016208
GTGAACTCCCATTCGA-1,0.000021,0.00456,0.054743,0.271792,0.032036,0.326009,0.017706,0.263722,0.029409
GTGAAGATTTCAAGTG-1,0.002042,0.000033,0.394979,0.411227,0.009546,0.021806,0.092024,0.022832,0.04551
GTGAAGCCGTATAGTC-1,0.01597,0.038715,0.246895,0.113988,0.042885,0.386404,0.093518,0.024106,0.037521
GTGAAGTCACGACTCG-1,0.000044,0.000044,0.017116,0.000088,0.11996,0.778227,0.083323,0.000044,0.001154
GTGACAGCTTCCCACT-1,0.025817,0.000177,0.000177,0.000354,0.722134,0.000177,0.25081,0.000177,0.000177
GTGACCGCACACTACG-1,0.00005,0.00005,0.033263,0.159719,0.060822,0.38498,0.141777,0.170108,0.04923
GTGACCTAAAGAATAA-1,0.000029,0.033157,0.047212,0.155098,0.33474,0.110711,0.164605,0.145721,0.008729
GTGACGAGGGTGACCC-1,0.000026,0.000026,0.019647,0.428573,0.114377,0.079722,0.074988,0.231251,0.051389
GTGACGCAGGTTTCAT-1,0.001033,0.000179,0.000179,0.000357,0.724233,0.091858,0.181805,0.000179,0.000179
GTGACTTCAGTAGTGC-1,0.000024,0.000024,0.569045,0.34424,0.000024,0.043862,0.002384,0.036515,0.003882
GTGAGATAACCTTATA-1,0.000022,0.000022,0.000026,0.606973,0.063475,0.000057,0.070436,0.247837,0.011152
GTGAGCGTGCTGCACT-1,0.005969,0.006445,0.373055,0.215403,0.007773,0.052741,0.020446,0.029653,0.288515
GTGAGGACACTTAAGG-1,0.000032,0.000032,0.097343,0.353292,0.025937,0.340089,0.02694,0.127274,0.029062
GTGAGGAGCGGTTGAG-1,0.00004,0.020001,0.227072,0.515891,0.09591,0.037516,0.03008,0.027267,0.046223
GTGAGTCTAAGACGGA-1,0.000028,0.078096,0.136786,0.238353,0.167542,0.051253,0.11077,0.035014,0.182157
GTGAGTGGTACAACGC-1,0.00002,0.004433,0.087354,0.405439,0.011278,0.160487,0.033566,0.250558,0.046864
GTGATCAAGCGTGCAC-1,0.000077,0.031125,0.03481,0.000154,0.764543,0.022046,0.138475,0.004566,0.004203
GTGATCATAGATCTGC-1,0.000026,0.000473,0.3784,0.480312,0.000026,0.115932,0.000026,0.020409,0.004396
GTGATCCTTGTCATGA-1,0.257093,0.049396,0.000102,0.000203,0.421499,0.000102,0.271403,0.000102,0.000102
GTGATGCACAACATCT-1,0.00004,0.00004,0.248165,0.183957,0.070978,0.052072,0.148939,0.08339,0.212418
GTGATTCGCCGCTCAA-1,0.040392,0.000032,0.272052,0.228652,0.019538,0.280916,0.041641,0.083392,0.033386
GTGCAACAAATGTGGC-1,0.000041,0.222003,0.194974,0.078494,0.20396,0.022402,0.053774,0.012295,0.212056
GTGCACCAGCTTCAAC-1,0.000099,0.006468,0.000099,0.000198,0.649912,0.241017,0.102008,0.000099,0.000099
GTGCACGAAAGTGACT-1,0.000019,0.079546,0.05946,0.794568,0.009464,0.003072,0.006448,0.022555,0.024868
GTGCCAAACGTTTCGA-1,0.004832,0.029232,0.042759,0.518955,0.233907,0.048728,0.006048,0.087123,0.028416
GTGCCATCACACGGTG-1,0.000032,0.068468,0.500151,0.081344,0.014321,0.06575,0.02653,0.173314,0.070089
GTGCCCGTTCGGATTC-1,0.000046,0.000046,0.167233,0.178573,0.0474,0.264873,0.139603,0.081277,0.120947
GTGCCGCTTCAAAGGT-1,0.000019,0.01718,0.367622,0.123278,0.01556,0.431238,0.018575,0.018649,0.007879
GTGCCTAGCTATGCTT-1,0.000122,0.736759,0.000122,0.000243,0.218861,0.000122,0.043529,0.000122,0.000122
GTGCCTCAGTGTACGG-1,0.000044,0.030449,0.298119,0.199601,0.099541,0.064238,0.10281,0.060522,0.144677
GTGCCTGAGACCAAAC-1,0.008269,0.000081,0.000081,0.000161,0.990966,0.000081,0.000201,0.000081,0.000081
GTGCGAAATCGAACAC-1,0.000021,0.000021,0.347703,0.158144,0.007847,0.306202,0.040449,0.069656,0.069956
GTGCGACAGGGAGTGT-1,0.004818,0.011877,0.017751,0.361409,0.153882,0.094658,0.053956,0.227923,0.073726
GTGCGCAGCTTGCTCC-1,0.000735,0.99338,0.000736,0.001471,0.000736,0.000736,0.000736,0.000735,0.000735
GTGCGGGACCATCGGC-1,0.014416,0.985072,0.000064,0.000128,0.000064,0.000064,0.000064,0.000064,0.000064
GTGCGGGTCTCCAAAT-1,0.000035,0.109027,0.089114,0.298397,0.128438,0.044175,0.083636,0.02386,0.223317
GTGCGTGTATATGAGC-1,0.000027,0.000027,0.527976,0.188087,0.025138,0.133752,0.021372,0.097087,0.006533
GTGCTATCCAGCTGGA-1,0.065219,0.004711,0.069756,0.350032,0.057303,0.102804,0.068513,0.181717,0.099944
GTGCTCAAGTACTGTC-1,0.000037,0.023406,0.549457,0.176014,0.014991,0.055921,0.03379,0.093464,0.05292
GTGCTGCAGATAAGGA-1,0.000016,0.04088,0.530771,0.156095,0.038428,0.031568,0.027519,0.016663,0.15806
GTGCTGTTAGAACATA-1,0.000009,0.000009,0.03354,0.482633,0.037712,0.099957,0.017085,0.242841,0.086212
GTGGAACCTACATGCG-1,0.000041,0.266307,0.132147,0.361942,0.000825,0.073453,0.047082,0.036516,0.081687
GTGGACCAACCCGATT-1,0.000012,0.000547,0.584789,0.380189,0.000012,0.028,0.000012,0.005677,0.000763
GTGGACGCATTTGTCC-1,0.000093,0.000093,0.023858,0.207823,0.494277,0.098821,0.04376,0.121044,0.010231
GTGGACGTGCTGAGAC-1,0.000042,0.309009,0.066425,0.447343,0.052968,0.003207,0.08322,0.01796,0.019825
GTGGAGCGTTTACCGA-1,0.000059,0.000059,0.011378,0.090133,0.682956,0.007253,0.03047,0.141509,0.036185
GTGGAGTCGGCGGTTG-1,0.000033,0.019511,0.052521,0.246383,0.200418,0.214428,0.116582,0.100043,0.050082
GTGGCAAACAGCGGCA-1,0.000018,0.000018,0.189241,0.113771,0.068153,0.403252,0.085779,0.087299,0.052469
GTGGCCGGTTTCTCGG-1,0.000022,0.000022,0.085513,0.454792,0.141166,0.013007,0.00399,0.220591,0.080897
GTGGCCTAATATCATT-1,0.000024,0.019636,0.68721,0.128995,0.002311,0.062847,0.017354,0.018261,0.063363
GTGGCGGGCCGTAGCT-1,0.000329,0.423357,0.016535,0.000658,0.28078,0.263508,0.014175,0.000329,0.000329
GTGGCGGTCCCAGCGT-1,0.000017,0.05162,0.444036,0.486419,0.000682,0.00065,0.000017,0.0073,0.009259
GTGGCGTGCACCAGAG-1,0.000014,0.025519,0.19432,0.769472,0.000014,0.001481,0.000014,0.004372,0.004795
GTGGCTGTTTCTGTTC-1,0.104747,0.147442,0.000139,0.000278,0.684997,0.009233,0.052886,0.000139,0.000139
GTGGGAACAAACCGGG-1,0.000556,0.00001,0.003334,0.472191,0.07165,0.030841,0.144992,0.236488,0.039937
GTGGGAAGACTGAATC-1,0.000023,0.006741,0.286325,0.146736,0.079885,0.186582,0.072417,0.170313,0.050978
GTGGGCTTAGACACAC-1,0.000024,0.057254,0.168482,0.579558,0.023601,0.019167,0.006111,0.029528,0.116274
GTGGGTACTGAGCGTA-1,0.00003,0.00003,0.173348,0.069066,0.060851,0.325335,0.15273,0.058863,0.159746
GTGGTATAGTCTGCCG-1,0.00276,0.000029,0.061199,0.409834,0.025647,0.021259,0.036787,0.396905,0.04558
GTGGTCAGCGAAGTAT-1,0.000033,0.069398,0.155998,0.316444,0.1028,0.027295,0.03159,0.020609,0.275833
GTGGTGGCCAAGTGAA-1,0.000045,0.000045,0.014771,0.096348,0.092647,0.596727,0.099501,0.054491,0.045424
GTGGTTACTTCTTTCG-1,0.00006,0.00006,0.001427,0.021403,0.084182,0.51845,0.191904,0.04078,0.141735
GTGGTTTCCGCCTTTC-1,0.000036,0.059674,0.371292,0.365626,0.072541,0.062707,0.004811,0.045009,0.018304
GTGTACCTTGGCTACG-1,0.004739,0.020328,0.406018,0.074463,0.000058,0.063107,0.381796,0.001113,0.048379
GTGTATATCAGCGGGC-1,0.000441,0.000441,0.000441,0.120259,0.323365,0.09877,0.455403,0.000441,0.000441
GTGTATGACTTTAAAG-1,0.016068,0.826777,0.000103,0.000206,0.156436,0.000103,0.000103,0.000103,0.000103
GTGTCAGTGTACGTGG-1,0.000084,0.000084,0.000084,0.091252,0.681173,0.02133,0.090553,0.058996,0.056445
GTGTCCGATAAGGCAT-1,0.000036,0.009079,0.246078,0.247643,0.098139,0.088168,0.080742,0.046938,0.183176
GTGTCGTATAGCGTTC-1,0.01581,0.00018,0.042635,0.00036,0.374116,0.260909,0.28104,0.02477,0.00018
GTGTCGTATTCACCTT-1,0.000029,0.022985,0.239161,0.032046,0.080559,0.431078,0.144553,0.00793,0.041659
GTGTGAATAACTTAGG-1,0.000018,0.011573,0.308164,0.523049,0.000019,0.071574,0.004047,0.072567,0.008991
GTGTGTCGACGTCGCT-1,0.000111,0.806452,0.000111,0.000221,0.0646,0.001633,0.126652,0.000111,0.000111
GTGTTACTATGCGTCC-1,0.000049,0.01356,0.319695,0.188659,0.005318,0.274216,0.04454,0.050318,0.103644
GTTAAAGTAGGACTGG-1,0.000068,0.016346,0.007789,0.037875,0.350504,0.07395,0.110079,0.32348,0.079909
GTTAACATCACTTAAA-1,0.000093,0.000093,0.078555,0.046885,0.588116,0.041821,0.177514,0.043279,0.023644
GTTAAGTTAGAGTGGG-1,0.000134,0.041646,0.038533,0.000268,0.918498,0.000519,0.000134,0.000134,0.000134
GTTAATGTCTATCTTA-1,0.000036,0.047557,0.14343,0.302147,0.027356,0.133994,0.046718,0.056138,0.242624
GTTACAATTGGTGACG-1,0.000031,0.035682,0.442417,0.134248,0.158377,0.037677,0.093495,0.032066,0.066007
GTTACCTACAACTTGC-1,0.000026,0.000026,0.127472,0.150793,0.068581,0.208825,0.049816,0.318386,0.076074
GTTACGAAATCCACGC-1,0.00145,0.986952,0.00145,0.002899,0.00145,0.00145,0.00145,0.00145,0.00145
GTTACGGCCCGACTGC-1,0.001124,0.874698,0.11631,0.002248,0.001124,0.001124,0.001124,0.001124,0.001124
GTTACTTTGGGCCTAG-1,0.000054,0.018314,0.052232,0.001717,0.044556,0.484207,0.34456,0.000224,0.054136
GTTAGAGTGTGCCGCT-1,0.000205,0.403903,0.224493,0.239085,0.131494,0.000205,0.000205,0.000205,0.000205
GTTAGCCCATGACATC-1,0.013052,0.000166,0.000166,0.000332,0.570061,0.000166,0.415726,0.000166,0.000166
GTTAGCCGTAAATCAA-1,0.000027,0.000027,0.007918,0.03472,0.096262,0.513507,0.157754,0.090892,0.098892
GTTAGGCTACCCGTTT-1,0.000046,0.000046,0.087753,0.316889,0.084902,0.145865,0.07281,0.227451,0.064239
GTTATATCAGGAGCCA-1,0.000048,0.001384,0.061041,0.029295,0.055609,0.56811,0.235422,0.010771,0.03832
GTTATATTATCTCCCT-1,0.000041,0.000041,0.197842,0.074526,0.054176,0.599933,0.013809,0.039497,0.020135
GTTATCAAGCTATCGA-1,0.000198,0.125773,0.000198,0.000397,0.861957,0.000198,0.010881,0.000198,0.000198
GTTATCACCTTCTGAA-1,0.00101,0.684335,0.00101,0.002021,0.307582,0.00101,0.00101,0.00101,0.00101
GTTATTAAATACGACC-1,0.000056,0.196572,0.097757,0.227477,0.122989,0.028542,0.067902,0.049979,0.208726
GTTATTAACGTGGGAG-1,0.000047,0.271796,0.081381,0.14042,0.166362,0.018303,0.041681,0.02268,0.25733
GTTCAAATCAGATGTC-1,0.000029,0.252374,0.091467,0.339266,0.135132,0.028904,0.018114,0.019215,0.1155
GTTCAATCTATGTCAA-1,0.000045,0.082117,0.103159,0.541863,0.000045,0.033238,0.012079,0.054518,0.172937
GTTCACAGGAGTCTAG-1,0.005948,0.105347,0.22428,0.153572,0.02471,0.071524,0.135563,0.007221,0.271834
GTTCAGTCGCCAAATG-1,0.006118,0.001827,0.007553,0.244017,0.134916,0.022656,0.25395,0.303289,0.025674
GTTCATCGTTTGGCTG-1,0.000023,0.000023,0.024496,0.807634,0.006873,0.057703,0.00947,0.083116,0.010663
GTTCCAAGACAGCGAC-1,0.000827,0.87201,0.000827,0.001653,0.000827,0.000827,0.121377,0.000827,0.000827
GTTCCAGTCTGACCAT-1,0.000029,0.155433,0.028039,0.763893,0.000029,0.000029,0.000029,0.014431,0.038088
GTTCCGTCCGCCTGCA-1,0.000026,0.000026,0.003291,0.31803,0.017989,0.022697,0.383742,0.245782,0.008416
GTTCGACAATTGTATA-1,0.001182,0.000576,0.009848,0.654239,0.073585,0.00382,0.009922,0.222932,0.023897
GTTCGCCATAAGTGCC-1,0.000024,0.034874,0.449981,0.221265,0.038434,0.03593,0.0127,0.119653,0.087138
GTTCGGGCGTACCATT-1,0.00004,0.00004,0.021062,0.032369,0.020417,0.194172,0.558874,0.140005,0.033022
GTTCGGTGTGGATTTA-1,0.001613,0.985479,0.001613,0.003227,0.001613,0.001613,0.001613,0.001613,0.001613
GTTCGTCTGGGTCCCT-1,0.025967,0.016767,0.186081,0.552153,0.021378,0.090236,0.01076,0.084911,0.011747
GTTCTTCCCTCGATGT-1,0.000036,0.222847,0.091389,0.499168,0.042022,0.000036,0.019762,0.037717,0.087024
GTTCTTGTAACTCAAT-1,0.000028,0.000028,0.013833,0.257338,0.158362,0.302934,0.031169,0.190531,0.045776
GTTGAACCGGTTCCAT-1,0.000034,0.001527,0.456065,0.012817,0.034403,0.301839,0.100571,0.012976,0.079768
GTTGAGTCCCGCCGGT-1,0.000107,0.000107,0.000107,0.000214,0.382423,0.054057,0.54658,0.016297,0.000107
GTTGCACGGAGTTTCG-1,0.000037,0.080563,0.146427,0.399704,0.17017,0.035458,0.080979,0.044147,0.042515
GTTGCCCTAACGGGTG-1,0.000018,0.002981,0.161299,0.291425,0.173016,0.103538,0.03404,0.155468,0.078214
GTTGGACCGCATCAGG-1,0.000031,0.007978,0.14422,0.045422,0.008374,0.560742,0.161693,0.031127,0.040413
GTTGGATTCAGTGGCT-1,0.000056,0.020186,0.232924,0.079755,0.017138,0.097645,0.307504,0.031969,0.212823
GTTGGATTGAGAACAC-1,0.000032,0.000032,0.365195,0.193582,0.021156,0.351316,0.034373,0.018348,0.015966
GTTGGATTTGCGTTGG-1,0.00005,0.043948,0.464034,0.225215,0.126576,0.018534,0.01698,0.083908,0.020755
GTTGGTCATGCTATCC-1,0.000077,0.000077,0.028346,0.1818,0.198784,0.147259,0.211132,0.116152,0.116373
GTTGTAGATTTATGAG-1,0.000042,0.000042,0.000042,0.06414,0.193004,0.200372,0.301633,0.191248,0.049477
GTTGTCGTGTTAGTTG-1,0.078767,0.393262,0.000129,0.000257,0.085924,0.195047,0.246356,0.000129,0.000129
GTTGTTACATTGCGCT-1,0.000031,0.000637,0.469984,0.088282,0.025448,0.264916,0.035754,0.068108,0.046841
GTTTACGTTCCATCTG-1,0.004764,0.00003,0.177364,0.50391,0.036221,0.154664,0.009451,0.103024,0.010572
GTTTATGGGATTTAGA-1,0.000053,0.311822,0.091733,0.118583,0.305509,0.001868,0.048964,0.072822,0.048647
GTTTCATATCGTCGCT-1,0.000046,0.105005,0.506936,0.040174,0.04607,0.052455,0.047125,0.011656,0.190535
GTTTCCTGGAGGGTGA-1,0.00003,0.083345,0.072314,0.717534,0.002875,0.01622,0.00003,0.025955,0.081695
GTTTCTAGAGGCGCGG-1,0.000084,0.062107,0.000084,0.000169,0.937218,0.000084,0.000084,0.000084,0.000084
GTTTCTGCAGTCTCCC-1,0.000043,0.000043,0.256365,0.342933,0.002636,0.244773,0.01465,0.114522,0.024034
GTTTCTTGTTAGAGCT-1,0.000032,0.000032,0.117304,0.563237,0.053262,0.136346,0.004488,0.087393,0.037907
GTTTGACCAAATCCTA-1,0.009488,0.016829,0.262518,0.092795,0.114169,0.127546,0.21632,0.013866,0.14647
GTTTGGCCCAAGTTAT-1,0.000031,0.000031,0.377883,0.401459,0.000031,0.104527,0.006782,0.101334,0.007921
GTTTGGCCGCTCAGCG-1,0.000031,0.540311,0.005539,0.453961,0.000031,0.000031,0.000031,0.000031,0.000031
GTTTGGCGTCAGGCAC-1,0.00002,0.003679,0.366532,0.060418,0.017406,0.21387,0.098149,0.106566,0.133359
GTTTGGGCTTGTGAGC-1,0.000035,0.000035,0.092234,0.365585,0.054322,0.104048,0.011445,0.203775,0.16852
GTTTGGGTTTCGCCCG-1,0.238836,0.022191,0.000144,0.000287,0.304527,0.000144,0.433584,0.000144,0.000144
GTTTGGTAGGGTCAAC-1,0.000021,0.000021,0.020523,0.658164,0.000885,0.024181,0.000173,0.269933,0.026099
GTTTGGTGATCGGTGC-1,0.000091,0.029527,0.020207,0.178686,0.520132,0.04122,0.195356,0.01469,0.000091
GTTTGTTAGCCAAGTA-1,0.000029,0.000029,0.028096,0.415335,0.067355,0.086657,0.019055,0.346331,0.037112
TAAACCCAGGAGGGCA-1,0.000012,0.000012,0.034322,0.817669,0.002602,0.03029,0.000012,0.108181,0.0069
TAAACGTCGTCAATGA-1,0.000049,0.67899,0.009788,0.043081,0.075082,0.022143,0.053303,0.021909,0.095656
TAAAGAGCCCGAAACC-1,0.03036,0.642727,0.004066,0.003752,0.04391,0.015618,0.017234,0.040689,0.201645
TAAAGCGTTAGGAGAA-1,0.007978,0.025492,0.152665,0.001156,0.042683,0.304456,0.229736,0.004699,0.231135
TAAAGCTGCAATAGGG-1,0.000026,0.000026,0.449874,0.096153,0.011544,0.034623,0.357422,0.005665,0.044666
TAAAGGAGAAACTAGT-1,0.000079,0.272072,0.06584,0.151244,0.290623,0.000079,0.032301,0.09396,0.093802
TAAAGTGCACGTCTCG-1,0.000014,0.000014,0.014823,0.397342,0.118518,0.042803,0.059126,0.342815,0.024545
TAAATCTTTACACCTC-1,0.000018,0.000018,0.104387,0.52714,0.018733,0.143692,0.030715,0.158332,0.016964
TAAATGAATCCGTTTC-1,0.000026,0.12573,0.099342,0.321003,0.243655,0.003365,0.017656,0.009312,0.179911
TAAATGCCGTCTCATG-1,0.000026,0.034429,0.274854,0.303969,0.020585,0.023361,0.030776,0.012449,0.299552
TAAATTGTGGGTAAAG-1,0.00002,0.00002,0.01259,0.149518,0.067874,0.170401,0.132642,0.30816,0.158775
TAAATTTAGTAACACC-1,0.000011,0.000011,0.003512,0.696155,0.005461,0.012687,0.046465,0.213372,0.022327
TAACAAAGGGAGAAGC-1,0.000051,0.279323,0.000051,0.000102,0.247118,0.000389,0.468611,0.000051,0.004303
TAACAATATTTGTTGC-1,0.000024,0.043423,0.177866,0.390435,0.127931,0.045876,0.065984,0.046374,0.102087
TAACAGCGTTTGTGCT-1,0.024833,0.071305,0.173989,0.169048,0.493741,0.00011,0.00011,0.033689,0.033175
TAACAGGTTCCCTTAG-1,0.000025,0.000025,0.007574,0.262057,0.138138,0.077281,0.059728,0.418475,0.036696
TAACATACAATGTGGG-1,0.000021,0.038822,0.258398,0.161311,0.026898,0.281992,0.026246,0.179517,0.026794
TAACATACACGCGATC-1,0.00003,0.00003,0.048797,0.454558,0.076576,0.043557,0.013465,0.245455,0.117533
TAACCGCCCGCAGTGC-1,0.008842,0.667232,0.066376,0.04898,0.128393,0.000077,0.044103,0.000077,0.035921
TAACCTACCGTCCGAG-1,0.000046,0.000046,0.068987,0.099935,0.060513,0.632343,0.052308,0.026297,0.059526
TAACGCTTTGAGAGCG-1,0.00007,0.166088,0.148985,0.193105,0.201368,0.007044,0.159416,0.00007,0.123856
TAACTATCGAAGGTCC-1,0.009691,0.171956,0.125455,0.39119,0.069125,0.041256,0.086921,0.039457,0.064949
TAACTATTACGCCAAA-1,0.000028,0.005806,0.072016,0.147635,0.0992,0.461956,0.110942,0.06787,0.034546
TAACTCATCCGCGCGG-1,0.000038,0.002717,0.120016,0.000076,0.067236,0.459508,0.339777,0.000038,0.010594
TAACTCCATGGAGGCT-1,0.000076,0.499333,0.000076,0.000153,0.021873,0.022029,0.456307,0.000076,0.000076
TAACTGAAATACGCCT-1,0.000021,0.000021,0.017827,0.142825,0.248956,0.20985,0.11588,0.154504,0.110115
TAAGAGGGACAGGGAC-1,0.000093,0.064563,0.067831,0.016872,0.753212,0.04015,0.052163,0.000093,0.005023
TAAGATTTAGCGGGAG-1,0.000676,0.993917,0.000676,0.001352,0.000676,0.000676,0.000676,0.000676,0.000676
TAAGCAGGCGACACGC-1,0.000025,0.063889,0.35307,0.078127,0.058771,0.062932,0.229777,0.04369,0.109719
TAAGCCCTTACGACCA-1,0.000018,0.013875,0.473173,0.443366,0.000704,0.007775,0.001895,0.020515,0.038678
TAAGCGCGAATCAAAT-1,0.000056,0.046282,0.000056,0.000112,0.883564,0.005103,0.064715,0.000056,0.000056
TAAGGAACTTGTGGGA-1,0.000061,0.515316,0.000061,0.000122,0.091728,0.010689,0.381901,0.000061,0.000061
TAAGGCAACATAAGAT-1,0.000019,0.048372,0.232279,0.5796,0.003591,0.024316,0.020817,0.031667,0.05934
TAAGGCATAACATCAA-1,0.00002,0.009019,0.006033,0.539034,0.098398,0.025262,0.012138,0.276478,0.033618
TAAGGCCCGTCACCCT-1,0.182942,0.065361,0.000131,0.000804,0.435336,0.000131,0.283435,0.031728,0.000131
TAAGGCTGAATCCCTC-1,0.000158,0.072934,0.000158,0.000317,0.9258,0.000158,0.000158,0.000158,0.000158
TAAGGGCTGGGAGAGG-1,0.011545,0.03354,0.495173,0.221229,0.092845,0.017588,0.014569,0.030627,0.082884
TAAGTAAATGTGCCGC-1,0.002589,0.050641,0.194251,0.531833,0.03927,0.012987,0.01831,0.029241,0.120878
TAAGTAACATCTTGAC-1,0.000027,0.013534,0.330046,0.188549,0.016963,0.249681,0.10629,0.03475,0.060159
TAAGTCGCCGAGTATC-1,0.000031,0.000031,0.049695,0.387496,0.16753,0.21735,0.047511,0.038185,0.092172
TAAGTGAATAGTCTAC-1,0.015358,0.008886,0.042916,0.404077,0.128776,0.010175,0.10375,0.262353,0.023708
TAATAAACAAGGAGAT-1,0.000018,0.012586,0.288242,0.546102,0.000995,0.074478,0.009899,0.012504,0.055177
TAATACACAGTAGTAT-1,0.000024,0.042027,0.180548,0.657171,0.000024,0.014183,0.021139,0.011992,0.072895
TAATACTAGAACAGAC-1,0.000082,0.000082,0.004665,0.000164,0.533593,0.070528,0.377369,0.000082,0.013434
TAATAGAACAGAGTTA-1,0.007258,0.003912,0.186204,0.146217,0.060426,0.37438,0.083885,0.092998,0.044719
TAATAGCTAAATGATG-1,0.000017,0.000017,0.09645,0.231945,0.067684,0.175289,0.055481,0.26841,0.104706
TAATAGGTCACCAGAA-1,0.000077,0.001955,0.000966,0.169452,0.743287,0.008564,0.000077,0.043917,0.031706
TAATAGTGACGACCAG-1,0.000056,0.032169,0.307712,0.128736,0.005972,0.036909,0.294674,0.003996,0.189776
TAATATTGAAATTCGC-1,0.000051,0.438209,0.02391,0.005148,0.29327,0.132813,0.080632,0.013605,0.012362
TAATCAGGAATGCTGC-1,0.000014,0.084927,0.436548,0.32226,0.005003,0.044678,0.019184,0.018175,0.06921
TAATCGATCCGTACGT-1,0.000051,0.02951,0.262618,0.006297,0.056789,0.298364,0.271522,0.016305,0.058544
TAATGAAAGACCCTTG-1,0.00002,0.1488,0.0966,0.338149,0.13018,0.013786,0.027244,0.104815,0.140406
TAATGTCGGTTCATGG-1,0.000024,0.007985,0.012866,0.125568,0.115,0.335725,0.253331,0.069106,0.080394
TAATTAGATGGATATG-1,0.019981,0.780343,0.000073,0.051242,0.099181,0.000073,0.000073,0.048962,0.000073
TAATTAGGACATCCGT-1,0.014408,0.000199,0.047287,0.000399,0.749543,0.020227,0.000199,0.16754,0.000199
TAATTGCGCTGATTAC-1,0.000028,0.000028,0.008481,0.166601,0.125568,0.14322,0.116643,0.244723,0.194708
TAATTGGAATCGGGAA-1,0.000019,0.043159,0.568958,0.123775,0.006467,0.065938,0.111958,0.021282,0.058443
TAATTTCCGTCCAGTA-1,0.000038,0.016579,0.39235,0.061542,0.049578,0.21818,0.176546,0.016255,0.068933
TACAAATTGCGGAGGT-1,0.000087,0.163225,0.166576,0.134524,0.260991,0.008258,0.128749,0.063406,0.074184
TACAACAGCGCATACA-1,0.000086,0.084549,0.000086,0.000172,0.800092,0.005881,0.108961,0.000086,0.000086
TACAACGCACAACTCA-1,0.000016,0.048536,0.437918,0.213477,0.007526,0.077665,0.021821,0.112785,0.080256
TACAAGGGCTTCTTTA-1,0.011484,0.00016,0.00016,0.000321,0.83698,0.00016,0.150413,0.00016,0.00016
TACAAGTCTCGTGCAT-1,0.000039,0.054164,0.114131,0.195471,0.083551,0.103474,0.128316,0.02826,0.292594
TACACAGCCGTGGTGC-1,0.000042,0.000042,0.000042,0.049395,0.120558,0.2165,0.509228,0.088625,0.015567
TACACCGTCGTTAGTC-1,0.000038,0.000038,0.01236,0.228593,0.050372,0.488097,0.01315,0.159475,0.047878
TACACCTCTTCGAATC-1,0.000111,0.000111,0.000111,0.000222,0.960511,0.000111,0.038601,0.000111,0.000111
TACAGAAACGGTGGGC-1,0.962671,0.001531,0.003271,0.00007,0.000035,0.032316,0.000035,0.000035,0.000035
TACATAGGCATACACC-1,0.000037,0.031211,0.376903,0.122286,0.013175,0.257717,0.059555,0.058707,0.080409
TACATCCCTATCCCTG-1,0.000029,0.042569,0.359427,0.165305,0.051028,0.125372,0.029585,0.0812,0.145486
TACATCTTGTTTCTTG-1,0.000068,0.83635,0.044134,0.09154,0.000068,0.018958,0.000068,0.008748,0.000068
TACATGACCTTATCCG-1,0.029563,0.362799,0.157332,0.322446,0.055732,0.002044,0.006866,0.027847,0.035372
TACATTTCTAACGTGC-1,0.000032,0.032469,0.432517,0.20731,0.01099,0.052694,0.061687,0.137496,0.064805
TACCAGAAGTAGGTTC-1,0.006536,0.00296,0.208794,0.163459,0.034442,0.213833,0.024502,0.339302,0.00617
TACCAGCTAGGTTTAA-1,0.001064,0.001064,0.001064,0.002128,0.615772,0.001064,0.051148,0.001064,0.325631
TACCAGGAATCCCGTC-1,0.000055,0.000256,0.00006,0.039661,0.488536,0.093408,0.225152,0.094783,0.058089
TACCGAATAATTGTAA-1,0.000143,0.063105,0.000143,0.000285,0.438444,0.000143,0.497453,0.000143,0.000143
TACCGCGGACTTGCAG-1,0.000045,0.000045,0.042327,0.125829,0.057584,0.579837,0.074644,0.100119,0.019569
TACCGGCTCACTGCCC-1,0.000035,0.031597,0.064447,0.182103,0.017461,0.56889,0.069451,0.029279,0.036737
TACCGGTCGTTTCCAT-1,0.000041,0.010485,0.331393,0.046184,0.002529,0.402405,0.138861,0.048449,0.019654
TACCGTGCCTCGGACC-1,0.001557,0.000037,0.031317,0.15353,0.033919,0.187593,0.096075,0.40411,0.091863
TACCTACTCCCAGTAT-1,0.000098,0.035351,0.027159,0.088185,0.613715,0.05927,0.122874,0.01838,0.034968
TACCTATCCCTAGAGG-1,0.000023,0.031844,0.476382,0.241177,0.005593,0.057036,0.026999,0.046003,0.114943
TACCTCACGCTTGTAC-1,0.002116,0.581908,0.016543,0.177422,0.047386,0.000087,0.000087,0.00419,0.170262
TACCTCAGTTGTCTGT-1,0.000072,0.027444,0.063151,0.139621,0.762102,0.000072,0.001073,0.006394,0.000072
TACCTCCACACCAATG-1,0.000105,0.106824,0.000105,0.00021,0.732837,0.121838,0.037872,0.000105,0.000105
TACCTGCTGCACTGTG-1,0.00004,0.059852,0.104646,0.35029,0.029278,0.149961,0.119989,0.037407,0.148537
TACCTTAAGATTTCCC-1,0.002574,0.021424,0.163329,0.059137,0.041705,0.581785,0.065802,0.019071,0.045172
TACGAACACGACTTCA-1,0.000043,0.064742,0.191752,0.18037,0.057109,0.230399,0.16435,0.020711,0.090523
TACGACGCTTGCTGCG-1,0.000035,0.000035,0.253692,0.063739,0.019455,0.550927,0.035159,0.050127,0.026831
TACGACTGCCTCTTAG-1,0.00002,0.00002,0.226284,0.722641,0.00002,0.017594,0.00002,0.030409,0.00299
TACGAGAACTTCACGT-1,0.000018,0.047161,0.549312,0.392043,0.000018,0.000018,0.000018,0.00255,0.008863
TACGATCCAAGCCACT-1,0.000013,0.003298,0.506489,0.453481,0.000013,0.003064,0.001404,0.007121,0.025119
TACGATGTTGATCATC-1,0.00006,0.027892,0.155588,0.034417,0.059218,0.078666,0.373743,0.005905,0.264511
TACGCAGTTCTTTCCT-1,0.000034,0.010023,0.649795,0.082247,0.021008,0.083387,0.084935,0.048061,0.020511
TACGCCATATTCTAAT-1,0.000034,0.073787,0.487853,0.11091,0.000034,0.183356,0.054953,0.051027,0.038047
TACGCCGAGGGTACCC-1,0.000021,0.000021,0.017218,0.695365,0.012318,0.074303,0.014255,0.117071,0.069427
TACGCCTCCATTCCGA-1,0.000054,0.000054,0.007988,0.43084,0.136827,0.018516,0.032059,0.332865,0.040797
TACGCTATAGAAACCT-1,0.000017,0.000017,0.045027,0.266186,0.020517,0.084789,0.012936,0.531776,0.038735
TACGCTCCTAGAACTG-1,0.000011,0.000011,0.07439,0.567321,0.037064,0.081456,0.059446,0.141929,0.038371
TACGCTGATAGTTGTA-1,0.000029,0.000029,0.027589,0.088421,0.122477,0.528463,0.057309,0.159198,0.016486
TACGCTGCACGGTCGT-1,0.097224,0.000614,0.000614,0.001227,0.897866,0.000614,0.000614,0.000614,0.000614
TACGCTGCTGTGTTAA-1,0.000032,0.000032,0.008103,0.356793,0.04645,0.010833,0.001274,0.503243,0.073239
TACGGAAGCCAAACCA-1,0.00004,0.00004,0.060244,0.219994,0.299688,0.003688,0.369988,0.030325,0.015993
TACGGGATGCTAGCAG-1,0.009059,0.060936,0.406476,0.166833,0.057154,0.074219,0.147023,0.028893,0.049407
TACGGGTAATAACATA-1,0.000055,0.000055,0.000055,0.00011,0.478211,0.161296,0.301531,0.001534,0.057153
TACGTACTAGTGCTGA-1,0.000099,0.000099,0.07615,0.257899,0.586382,0.000099,0.000099,0.029499,0.049674
TACGTGCAAGGTTCCT-1,0.055118,0.11802,0.070935,0.000174,0.755405,0.000087,0.000087,0.000087,0.000087
TACGTGCACTATGCTG-1,0.000097,0.228415,0.000097,0.000194,0.160602,0.073996,0.536406,0.000097,0.000097
TACGTGGGCCCAGGGC-1,0.000074,0.000074,0.05932,0.003808,0.711267,0.064941,0.133235,0.00476,0.022519
TACGTTTACCGGCAAT-1,0.000042,0.052778,0.388689,0.041893,0.010078,0.107896,0.102919,0.042691,0.253013
TACTACGTGCAATGCG-1,0.00007,0.00007,0.00007,0.00014,0.406087,0.07624,0.503853,0.00007,0.013402
TACTATGGTTCCTCAG-1,0.000026,0.002541,0.000419,0.757616,0.012445,0.000026,0.000026,0.201659,0.02524
TACTCACAACGTAGTA-1,0.001111,0.989995,0.001111,0.002224,0.001112,0.001112,0.001112,0.001112,0.001111
TACTCCTCTAGTTGAC-1,0.000128,0.000128,0.019151,0.017036,0.801944,0.08168,0.072383,0.007423,0.000128
TACTCGGCACGCCGGG-1,0.000034,0.032266,0.39912,0.062784,0.101136,0.20221,0.091586,0.047981,0.062882
TACTCGTTTGAATCAA-1,0.000055,0.000055,0.000055,0.006299,0.405044,0.233546,0.283663,0.030229,0.041055
TACTCTCCGAACAAAT-1,0.000051,0.064689,0.231836,0.099033,0.044789,0.021667,0.461478,0.003408,0.073049
TACTCTTTCGTCTTCA-1,0.000062,0.017527,0.000062,0.046633,0.237176,0.080054,0.010193,0.301855,0.306438
TACTGAACAGATTTAG-1,0.005427,0.012973,0.035379,0.103999,0.174633,0.042408,0.049441,0.397925,0.177815
TACTGAGGGAAGAAAG-1,0.000056,0.03548,0.044146,0.06677,0.755284,0.049221,0.023343,0.01353,0.012171
TACTGCAATCAATTAC-1,0.000035,0.000035,0.409346,0.069792,0.087903,0.229415,0.128801,0.02256,0.052112
TACTGCATGATTAAAT-1,0.000009,0.002198,0.191358,0.284182,0.082046,0.207767,0.046577,0.123757,0.062106
TACTGGACAGCTCGGC-1,0.000032,0.015341,0.32706,0.31904,0.020483,0.049124,0.065894,0.018158,0.184869
TACTTAAACATGTACA-1,0.097224,0.024484,0.000413,0.000827,0.875399,0.000413,0.000413,0.000413,0.000413
TACTTGTTAGTAGTCC-1,0.000038,0.000038,0.239873,0.330215,0.000953,0.181989,0.038182,0.19484,0.013873
TACTTTACTGAGCCGG-1,0.000042,0.000042,0.08167,0.020097,0.098606,0.52076,0.221733,0.037387,0.019662
TACTTTCCGCACGCCA-1,0.000025,0.006515,0.271848,0.206528,0.004118,0.37278,0.055329,0.046821,0.036037
TAGAAACACAATAGTG-1,0.044394,0.729687,0.133992,0.000432,0.090631,0.000216,0.000216,0.000216,0.000216
TAGAAACCACTAAGTA-1,0.000059,0.285151,0.045425,0.329141,0.011319,0.006475,0.032761,0.143,0.146669
TAGAAAGGTGGCGCTA-1,0.000036,0.031954,0.319693,0.007325,0.092753,0.341909,0.135133,0.018771,0.052427
TAGAAATTCACGTATA-1,0.000016,0.017387,0.421679,0.313125,0.029992,0.0308,0.02844,0.041962,0.116599
TAGAACGCCAGTAACG-1,0.000827,0.810933,0.000827,0.001653,0.182453,0.000827,0.000827,0.000827,0.000827
TAGAATTAAGGGCAAC-1,0.000097,0.087046,0.031165,0.477039,0.005741,0.000097,0.000097,0.000097,0.39862
TAGACGAAACGCCAAT-1,0.043974,0.042719,0.000134,0.000269,0.218471,0.000134,0.69403,0.000134,0.000134
TAGACGCCCGTACCGG-1,0.000034,0.068302,0.265815,0.164486,0.018286,0.350083,0.054978,0.046546,0.03147
TAGACTACCTAGCGTT-1,0.000038,0.000038,0.001243,0.142255,0.158252,0.101896,0.031933,0.522115,0.042228
TAGACTCAGTTGGCCT-1,0.000037,0.00035,0.032436,0.429415,0.240177,0.072091,0.005875,0.127206,0.092413
TAGAGATCATGCAACT-1,0.00002,0.004371,0.473977,0.236165,0.009199,0.060722,0.053712,0.101677,0.060157
TAGAGCTACGAAGAAC-1,0.049966,0.339872,0.020882,0.000123,0.127893,0.053598,0.325244,0.00108,0.081342
TAGAGGGAGTTTATCT-1,0.000022,0.000022,0.000052,0.757219,0.000214,0.000022,0.012579,0.221472,0.008397
TAGAGTCTAAGCGAAC-1,0.000041,0.049698,0.06439,0.045995,0.1038,0.143502,0.252775,0.014235,0.325563
TAGAGTGTTCCGGGTA-1,0.000109,0.037009,0.000109,0.000218,0.347837,0.048648,0.565852,0.000109,0.000109
TAGATATGGACTGGAA-1,0.000038,0.0152,0.162016,0.112292,0.019761,0.517771,0.105107,0.033334,0.03448
TAGATCCGAAGTCGCA-1,0.000518,0.03304,0.000518,0.564886,0.386831,0.000518,0.000518,0.002372,0.010798
TAGATTCAAAGTGCGG-1,0.000026,0.003556,0.005362,0.20008,0.18336,0.021224,0.20245,0.376214,0.007727
TAGATTCCTGGTTATT-1,0.000028,0.070375,0.356808,0.295832,0.046321,0.029548,0.039533,0.091557,0.069998
TAGCAACCTGTCACAA-1,0.00005,0.435732,0.045085,0.085546,0.202954,0.03094,0.078635,0.103566,0.01749
TAGCAGATACTTAGGG-1,0.000111,0.000111,0.000111,0.000222,0.498485,0.089435,0.411303,0.000111,0.000111
TAGCAGTAAATACGCG-1,0.000008,0.007843,0.499156,0.365722,0.002369,0.077365,0.004323,0.031223,0.01199
TAGCAGTATGACTAAA-1,0.048419,0.077409,0.000199,0.000399,0.872777,0.000199,0.000199,0.000199,0.000199
TAGCCAGAGGGTCCGG-1,0.000057,0.999489,0.000057,0.000114,0.000057,0.000057,0.000057,0.000057,0.000057
TAGCCATGATTGCCTA-1,0.000043,0.000043,0.004527,0.0143,0.271341,0.368344,0.234775,0.075255,0.031371
TAGCCATTTCAAAGTC-1,0.000048,0.000048,0.011394,0.356441,0.247394,0.122054,0.037517,0.12092,0.104183
TAGCCGGCGGTCAGCG-1,0.000035,0.000035,0.371046,0.101744,0.069533,0.318514,0.073355,0.025132,0.040605
TAGCGTCCGGTGTGGT-1,0.000123,0.000123,0.000123,0.001543,0.628259,0.107427,0.198031,0.023415,0.040958
TAGCGTCGAATATTGA-1,0.000035,0.07356,0.473325,0.097071,0.031562,0.079468,0.06094,0.015461,0.168578
TAGCGTTGGGTCTTAC-1,0.000032,0.058249,0.474228,0.402209,0.00003,0.035082,0.00003,0.028247,0.001894
TAGCTAAGTCCGGGAG-1,0.000043,0.151153,0.199686,0.371924,0.01672,0.072182,0.054028,0.020508,0.113755
TAGCTAGAAGGCATGA-1,0.000046,0.005304,0.021333,0.083227,0.03711,0.585666,0.091059,0.012283,0.163973
TAGCTAGTGATGATGG-1,0.000072,0.005737,0.068465,0.1789,0.611306,0.037717,0.001634,0.082872,0.013296
TAGCTCAGATCCTAGT-1,0.000016,0.007053,0.407608,0.384579,0.086806,0.018629,0.011977,0.061355,0.021976
TAGCTCGCCTGATAAC-1,0.00002,0.00002,0.21321,0.229433,0.020833,0.235955,0.079396,0.163339,0.057793
TAGCTGATGTGAAGCG-1,0.00003,0.017995,0.377273,0.050042,0.056814,0.14214,0.125007,0.108262,0.122438
TAGGAACAGCCTCCAG-1,0.000078,0.240679,0.082627,0.152009,0.095534,0.04511,0.20711,0.033295,0.143557
TAGGATCTTAACCGCA-1,0.004245,0.000013,0.040081,0.429068,0.101642,0.105189,0.035856,0.221476,0.06243
TAGGCATGTTACGCCA-1,0.000058,0.000058,0.320009,0.051155,0.016043,0.056255,0.406588,0.136809,0.013024
TAGGCGATGAGGTCTC-1,0.00002,0.00002,0.00653,0.760485,0.002616,0.009097,0.00002,0.20132,0.019892
TAGGCGGCTGCAAAGA-1,0.000043,0.003837,0.000043,0.000087,0.84689,0.073922,0.058371,0.008802,0.008004
TAGGCTAAAGTGGCAC-1,0.166974,0.029307,0.000198,0.000396,0.717691,0.000198,0.084839,0.000198,0.000198
TAGGGAGCTTGGGATG-1,0.000044,0.000044,0.123362,0.08302,0.024797,0.20033,0.29667,0.202728,0.069004
TAGGGTGTTTCAAGAG-1,0.000042,0.051601,0.02317,0.434496,0.07491,0.007506,0.11014,0.006565,0.291569
TAGGTCCAAGTAAGGA-1,0.000021,0.056923,0.184743,0.313189,0.013283,0.078723,0.088556,0.039711,0.224851
TAGGTCGCCGGAACTG-1,0.000017,0.000017,0.142657,0.456546,0.032719,0.067569,0.034367,0.226783,0.039326
TAGGTGACGATAACCT-1,0.346096,0.040189,0.027028,0.095103,0.423757,0.000665,0.056671,0.010404,0.000087
TAGGTGAGCCCTACTC-1,0.000035,0.049769,0.146979,0.309625,0.03995,0.069178,0.053206,0.030709,0.300549
TAGGTGCTCGCCTAGC-1,0.000054,0.000054,0.063382,0.193461,0.216804,0.235617,0.034017,0.045695,0.210915
TAGGTTCGAGTTCGTC-1,0.000037,0.067552,0.57051,0.107714,0.00983,0.091491,0.043256,0.047608,0.062001
TAGGTTCTGCTGAGAA-1,0.000029,0.016112,0.005391,0.397028,0.105812,0.027131,0.098139,0.25701,0.093349
TAGTACCACAACTTTC-1,0.169403,0.101391,0.005016,0.000122,0.540863,0.053402,0.045326,0.020677,0.063801
TAGTACCTTAGTGGTC-1,0.000037,0.383334,0.11177,0.349596,0.004473,0.012392,0.00241,0.021824,0.114164
TAGTAGCTTATACCAG-1,0.000085,0.046912,0.07312,0.110752,0.635423,0.006275,0.005109,0.078013,0.044311
TAGTAGTTGCCGGACA-1,0.003004,0.000012,0.034503,0.640796,0.023656,0.082889,0.009876,0.17649,0.028774
TAGTCCCGGAGACCAC-1,0.000089,0.114008,0.114488,0.226031,0.500633,0.000089,0.000089,0.041368,0.003206
TAGTCCGCAGAGAATG-1,0.000026,0.011309,0.50997,0.082196,0.04145,0.070996,0.047297,0.056727,0.180029
TAGTCCGTATGCATAA-1,0.000062,0.759101,0.008597,0.036912,0.190948,0.000062,0.000062,0.000711,0.003546
TAGTCCTGCACTAAGC-1,0.000034,0.000034,0.000208,0.20265,0.090146,0.118909,0.058135,0.365206,0.164678
TAGTCGGGATTCTTCG-1,0.02089,0.921586,0.000122,0.000245,0.056668,0.000122,0.000122,0.000122,0.000122
TAGTCTAACAACGAGA-1,0.000026,0.028927,0.419428,0.044543,0.075521,0.154077,0.080884,0.022492,0.174103
TAGTCTGCGGCACATT-1,0.000021,0.000021,0.000863,0.796963,0.000648,0.005868,0.066852,0.12592,0.002843
TAGTCTGTGACGTTGC-1,0.00481,0.000019,0.516065,0.459952,0.000019,0.01216,0.002806,0.004134,0.000036
TAGTGAGAAGTGGTTG-1,0.000827,0.99256,0.000827,0.001653,0.000827,0.000827,0.000827,0.000827,0.000827
TAGTGCCCTCCAGAGT-1,0.000042,0.056079,0.35725,0.050313,0.021628,0.085305,0.308854,0.013824,0.106706
TAGTGCTTGAATCCTT-1,0.000099,0.99911,0.000099,0.000198,0.000099,0.000099,0.000099,0.000099,0.000099
TAGTGGAACTCATACA-1,0.000059,0.350664,0.036458,0.527886,0.000059,0.025327,0.000059,0.039666,0.019821
TAGTGTCAGAAACGGC-1,0.000053,0.311238,0.088109,0.085351,0.264889,0.010618,0.157327,0.024472,0.057943
TAGTTAAGATAGGATA-1,0.000042,0.158339,0.068976,0.566274,0.026365,0.000693,0.014731,0.029216,0.135364
TAGTTTATTCTTGCTT-1,0.000125,0.292439,0.113377,0.018987,0.006582,0.294813,0.104685,0.002672,0.166321
TAGTTTGATCGGTCGC-1,0.008743,0.000016,0.035114,0.689673,0.039792,0.013227,0.007033,0.167574,0.038828
TATAAATCCACAAGCT-1,0.000048,0.248423,0.0395,0.148961,0.210917,0.047893,0.127606,0.006916,0.169737
TATAAGTGAGGATAGC-1,0.000044,0.188623,0.077247,0.370177,0.169861,0.023547,0.0755,0.019583,0.075418
TATACACAGACGCCTT-1,0.00003,0.00003,0.099196,0.284218,0.057351,0.2522,0.030025,0.244328,0.032623
TATACACGCAAAGTAT-1,0.000058,0.553931,0.042303,0.028034,0.143461,0.066918,0.082855,0.06067,0.021769
TATACTCATGCGGCAA-1,0.000062,0.320218,0.012284,0.016317,0.056302,0.03533,0.336601,0.000062,0.222824
TATAGATGGTCGCAGT-1,0.006082,0.00008,0.123633,0.025274,0.339059,0.006491,0.034379,0.427096,0.037906
TATAGCGCACGTTATC-1,0.000023,0.000023,0.265036,0.466527,0.008754,0.08134,0.004074,0.161273,0.012949
TATAGCTATTATCTCT-1,0.000021,0.000021,0.255526,0.229234,0.014757,0.187702,0.172667,0.12967,0.010401
TATAGGGTACTCATGA-1,0.000034,0.040466,0.475809,0.12007,0.043353,0.012421,0.086225,0.03975,0.181874
TATAGTTAGGTGTACT-1,0.000034,0.000034,0.024105,0.173536,0.094736,0.199815,0.112189,0.280534,0.115016
TATATAGGGCTTTACG-1,0.034857,0.032978,0.000108,0.248519,0.665436,0.000108,0.000108,0.000561,0.017326
TATATATCGAGAAATG-1,0.000088,0.000088,0.000088,0.056613,0.757537,0.032126,0.068221,0.028721,0.056518
TATATCAAAGTGATCT-1,0.000022,0.007451,0.018569,0.540752,0.049673,0.052866,0.103732,0.152891,0.074045
TATATCATTGATCAGT-1,0.000037,0.034705,0.177095,0.138964,0.111906,0.031144,0.152223,0.020088,0.333839
TATATCCCTGGGAGGA-1,0.00004,0.00004,0.015853,0.234441,0.062344,0.389301,0.063237,0.119833,0.114911
TATATGCTGGGTTGCC-1,0.00012,0.384195,0.033561,0.059183,0.00012,0.179351,0.206436,0.00012,0.136915
TATATTACAAATGTCG-1,0.00002,0.042119,0.474345,0.083648,0.032442,0.085307,0.123304,0.047951,0.110864
TATATTCGCGTCGATA-1,0.001852,0.645557,0.001852,0.003705,0.001852,0.339624,0.001852,0.001852,0.001852
TATCAAAGGTCTGTAA-1,0.000029,0.068812,0.147886,0.321394,0.072252,0.053761,0.202633,0.024696,0.108538
TATCACAGCACGGGCA-1,0.000397,0.637822,0.000397,0.173143,0.000397,0.000397,0.000397,0.000397,0.186653
TATCACCATGTAAAGT-1,0.00004,0.000889,0.141919,0.332853,0.078964,0.12831,0.15235,0.010902,0.153772
TATCACCCAACCGACC-1,0.000022,0.013249,0.397894,0.289713,0.002363,0.167772,0.078202,0.039804,0.010981
TATCACTTCGAGTAAC-1,0.000034,0.111872,0.288469,0.068179,0.030668,0.210047,0.25312,0.020765,0.016845
TATCAGTGGCGTAGTC-1,0.000028,0.000028,0.039578,0.598123,0.05976,0.032831,0.013745,0.222783,0.033125
TATCCAATTGGTTATC-1,0.020649,0.052814,0.000193,0.000386,0.472628,0.000193,0.452751,0.000193,0.000193
TATCCATATCATGCGA-1,0.004213,0.183652,0.112895,0.017208,0.108929,0.056804,0.420912,0.006499,0.088888
TATCCATCTCGGTTAG-1,0.173487,0.104845,0.099109,0.003397,0.591411,0.001599,0.0001,0.0001,0.025952
TATCCCTCGATCTGCA-1,0.000011,0.000011,0.001409,0.843677,0.00083,0.003904,0.000011,0.138795,0.011353
TATCCGCACCGTCGGG-1,0.000046,0.006548,0.030744,0.287037,0.572762,0.000046,0.019103,0.07635,0.007364
TATCCTATCAACTGGT-1,0.000078,0.000078,0.016761,0.020804,0.548364,0.075045,0.314688,0.014041,0.01014
TATCCTGCATGGGAAT-1,0.000065,0.399183,0.003326,0.267741,0.000065,0.000065,0.001166,0.052559,0.275831
TATCGATCTATGCATA-1,0.000061,0.050754,0.144112,0.000123,0.017169,0.078779,0.546806,0.000061,0.162134
TATCGATGATTAAACG-1,0.000031,0.127519,0.161217,0.318591,0.024137,0.020873,0.100632,0.043615,0.203385
TATCTACAGAGGTAAT-1,0.00003,0.043729,0.214713,0.493898,0.104992,0.043447,0.036209,0.026823,0.036159
TATCTACCACAGCGGG-1,0.000044,0.019372,0.349677,0.030826,0.023497,0.440136,0.123026,0.01,0.003421
TATCTAGCCTAAAGGA-1,0.00002,0.048975,0.401007,0.16985,0.034229,0.048612,0.080587,0.083744,0.132975
TATCTGAGCCGATATT-1,0.000083,0.022431,0.000083,0.000165,0.976908,0.000083,0.000083,0.000083,0.000083
TATCTTGCAATACAAC-1,0.000015,0.000015,0.008301,0.583034,0.026263,0.006663,0.002417,0.318871,0.054421
TATGAAGAATTAAGGT-1,0.119683,0.017008,0.000279,0.000559,0.755912,0.000279,0.10572,0.000279,0.000279
TATGAAGACAGGTGCG-1,0.000019,0.135868,0.149095,0.493579,0.077686,0.018765,0.019799,0.023094,0.082095
TATGACCTTGCGCTGG-1,0.00002,0.00002,0.262721,0.325431,0.048909,0.174871,0.012701,0.117045,0.058283
TATGATAAATCTAACG-1,0.002729,0.089466,0.042339,0.412898,0.224952,0.019089,0.02741,0.062269,0.118848
TATGATCCGGCACGCC-1,0.000037,0.000037,0.029363,0.029619,0.034524,0.598104,0.266196,0.010217,0.031902
TATGATTCTGCTTGGT-1,0.000909,0.991816,0.000909,0.001819,0.000909,0.000909,0.000909,0.000909,0.000909
TATGCTCCCTACTTAC-1,0.00002,0.013373,0.048771,0.932861,0.00002,0.00002,0.00002,0.001482,0.003432
TATGGAGTTTCTCGTT-1,0.000885,0.992033,0.000885,0.00177,0.000885,0.000885,0.000885,0.000885,0.000885
TATGGATGTGCTACGC-1,0.000037,0.071486,0.29549,0.207221,0.045306,0.028851,0.141892,0.138326,0.071391
TATGGCCCGGCCTCGC-1,0.000033,0.075102,0.030663,0.38066,0.095797,0.001647,0.006167,0.012106,0.397825
TATGGCTAGGCTAATT-1,0.000043,0.000043,0.001707,0.334872,0.151513,0.145813,0.103939,0.234162,0.027909
TATGGGACCGAGCAGG-1,0.000042,0.016148,0.286772,0.129366,0.056061,0.117521,0.235577,0.017729,0.140785
TATGGGTACGTATCGT-1,0.000045,0.100587,0.422848,0.182733,0.00199,0.022404,0.038562,0.063704,0.167128
TATGGTCTGAGTAACA-1,0.000023,0.029621,0.616641,0.230835,0.000778,0.019974,0.012681,0.038396,0.051053
TATGGTTAGTGGGAGA-1,0.000122,0.000773,0.000122,0.000243,0.751105,0.034101,0.192097,0.00049,0.020948
TATGTAAAGTGCTTAA-1,0.000063,0.019866,0.000063,0.092486,0.772153,0.046985,0.043496,0.010488,0.014399
TATGTAGAAACCCGGC-1,0.010807,0.042505,0.139725,0.096654,0.676219,0.007814,0.00007,0.026135,0.00007
TATGTCAAGACCGACT-1,0.000037,0.006231,0.382735,0.170838,0.048936,0.041094,0.236432,0.018284,0.095414
TATGTCTCATTGTGCC-1,0.000041,0.006386,0.62519,0.054468,0.01734,0.234966,0.046203,0.007902,0.007504
TATTAACACCAAAGCA-1,0.000022,0.000022,0.060844,0.346055,0.104438,0.099631,0.0508,0.291113,0.047076
TATTAACCTGACCGCG-1,0.000052,0.025301,0.000442,0.264281,0.177038,0.181095,0.016711,0.141812,0.193269
TATTACCATCCTGCTT-1,0.000059,0.000059,0.000059,0.057966,0.094788,0.394752,0.124721,0.087684,0.239911
TATTATGTTTGCCTGC-1,0.000052,0.022363,0.007299,0.430298,0.324547,0.055175,0.026547,0.089991,0.043728
TATTCAATTCTAATCC-1,0.000059,0.000059,0.369881,0.033618,0.02313,0.408889,0.035774,0.01345,0.115138
TATTCCACTCAGCTCG-1,0.00004,0.004083,0.168242,0.230627,0.03632,0.3533,0.045618,0.057754,0.104016
TATTCCGGCAGTCCTA-1,0.001334,0.721608,0.001334,0.269056,0.001334,0.001334,0.001334,0.001334,0.001334
TATTCCTCCGCCCACT-1,0.00002,0.00002,0.541324,0.357654,0.00002,0.075853,0.000185,0.018464,0.006462
TATTCGTGCCAGAATA-1,0.000034,0.040986,0.578435,0.155938,0.007397,0.088911,0.059054,0.019134,0.05011
TATTGACATTTCTGCC-1,0.000152,0.021898,0.000152,0.018682,0.704976,0.110586,0.031084,0.079245,0.033225
TATTTAGTCTAGATCG-1,0.00008,0.171233,0.048746,0.095272,0.028011,0.132634,0.117707,0.028528,0.377789
TATTTATACCGAGTAG-1,0.000034,0.034892,0.043792,0.742134,0.040016,0.000037,0.027389,0.071754,0.039952
TATTTGTTACCCTTTA-1,0.000055,0.494906,0.099337,0.055017,0.006001,0.195602,0.057403,0.002419,0.08926
TCAAACAACCGCGTCG-1,0.000023,0.050784,0.318165,0.286667,0.00478,0.035416,0.145855,0.061164,0.097146
TCAAACAATTAGGACA-1,0.000014,0.028786,0.400973,0.097379,0.053947,0.139452,0.09761,0.082104,0.099735
TCAAACTTAGATTGTT-1,0.00004,0.027289,0.384147,0.096153,0.065241,0.097468,0.153102,0.019683,0.156877
TCAAAGAGCTATCTGT-1,0.000022,0.000022,0.155657,0.306767,0.057528,0.216608,0.085833,0.129091,0.048472
TCAAAGTCACGGCGTC-1,0.000022,0.013088,0.012934,0.36449,0.082614,0.025966,0.023367,0.423354,0.054165
TCAAATTGTTGTGCCG-1,0.000097,0.000097,0.000097,0.000193,0.793803,0.02416,0.181361,0.000097,0.000097
TCAACAAAGATAATTC-1,0.000024,0.000024,0.027138,0.163836,0.113339,0.331504,0.200114,0.102944,0.061075
TCAACACATTGGGTAA-1,0.000089,0.593022,0.000089,0.000178,0.207836,0.029017,0.128123,0.000089,0.041558
TCAACATAGCGCCCTA-1,0.000041,0.009207,0.022484,0.184583,0.338928,0.080275,0.030072,0.074622,0.259786
TCAACATCGACCGAGA-1,0.000018,0.016378,0.440446,0.193137,0.037519,0.080897,0.036678,0.074769,0.120158
TCAACCATGTTCGGGC-1,0.000041,0.095004,0.204589,0.226073,0.003243,0.102402,0.063609,0.022524,0.282515
TCAACGAGGAGACAAA-1,0.006596,0.011254,0.414647,0.10933,0.009105,0.310511,0.036044,0.055682,0.046831
TCAACGCAGGAAATAA-1,0.003411,0.001467,0.430653,0.17904,0.030191,0.257293,0.033613,0.048934,0.015399
TCAACGCGACCGGCAG-1,0.000017,0.049388,0.539428,0.236393,0.024158,0.014578,0.016556,0.04155,0.077932
TCAACTAACGTATAAC-1,0.000014,0.035932,0.180831,0.450308,0.017081,0.019544,0.019053,0.03553,0.241707
TCAAGAAATACTAGCT-1,0.000033,0.000033,0.001046,0.031824,0.159014,0.25561,0.214471,0.234969,0.103
TCAAGCTGCCTTGAAA-1,0.000049,0.000049,0.007483,0.102395,0.476655,0.038367,0.263281,0.051127,0.060594
TCAATACAATTGCTGC-1,0.006774,0.04329,0.211837,0.216548,0.122861,0.10326,0.080595,0.036328,0.178507
TCAATACGCCGTCATG-1,0.302356,0.076778,0.000111,0.128825,0.38154,0.000111,0.110058,0.000111,0.000111
TCAATCCGGGAAGTTT-1,0.005841,0.000132,0.000132,0.000265,0.993101,0.000132,0.000132,0.000132,0.000132
TCACAGATCCTCAAAC-1,0.000063,0.919725,0.000063,0.000126,0.07977,0.000063,0.000063,0.000063,0.000063
TCACAGCAAACTCGAA-1,0.02326,0.000023,0.10558,0.407001,0.107795,0.164159,0.022173,0.114481,0.055528
TCACAGGAGAATAAGA-1,0.000019,0.000019,0.037878,0.528169,0.063967,0.079631,0.016195,0.21897,0.055151
TCACAGGGAATCGCAA-1,0.000023,0.000023,0.021214,0.560171,0.02404,0.027273,0.001545,0.348904,0.016806
TCACAGGTTATTGGGC-1,0.000021,0.055397,0.184106,0.665829,0.000021,0.003819,0.000021,0.050163,0.040624
TCACATCTTATCTGAT-1,0.000023,0.110574,0.13941,0.748954,0.000023,0.000023,0.000023,0.000023,0.000946
TCACCCTCTTAAGATT-1,0.000063,0.011629,0.419654,0.204735,0.071292,0.152906,0.00493,0.122644,0.012147
TCACCGCTCGGCACTC-1,0.000022,0.000022,0.683936,0.261412,0.000234,0.028895,0.001321,0.02204,0.002119
TCACGATGTCCGTGGA-1,0.000035,0.000796,0.134399,0.318881,0.028201,0.299717,0.058228,0.121025,0.038718
TCACGATTAATACGTT-1,0.000806,0.001,0.222832,0.569674,0.027664,0.086389,0.009066,0.063229,0.019342
TCACGCATTGTAGATC-1,0.00005,0.122523,0.461913,0.078558,0.028414,0.030572,0.014447,0.06312,0.200403
TCACGGCCCAAGAGAG-1,0.000016,0.000016,0.002387,0.670098,0.0565,0.001479,0.002576,0.252306,0.014621
TCACGGTCATCGCACA-1,0.000038,0.152327,0.078595,0.118619,0.078213,0.082652,0.230423,0.108829,0.150305
TCACGTGCCCGATTCA-1,0.000028,0.078865,0.478345,0.264921,0.006115,0.055474,0.014748,0.051693,0.049811
TCACTACGACCAATGC-1,0.000029,0.051772,0.31274,0.442383,0.016267,0.044773,0.035662,0.0351,0.061274
TCACTATCCCTTCGGT-1,0.000145,0.160506,0.000145,0.00029,0.838333,0.000145,0.000145,0.000145,0.000145
TCACTATCGTGCAATC-1,0.000841,0.992435,0.000841,0.001681,0.000841,0.000841,0.000841,0.000841,0.000841
TCACTCGTGCAACGGC-1,0.000028,0.032906,0.221484,0.551131,0.000028,0.088002,0.0275,0.015117,0.063804
TCACTCTTCGTCTGTC-1,0.000054,0.633515,0.041539,0.279738,0.000054,0.007843,0.001012,0.025315,0.01093
TCAGAACCTCCACAGG-1,0.000033,0.000033,0.004505,0.000066,0.07214,0.432479,0.478268,0.00702,0.005454
TCAGAACGGCGGTAAT-1,0.000017,0.000017,0.000534,0.347555,0.105288,0.015192,0.004522,0.469762,0.057113
TCAGACGCTATAGAAG-1,0.000026,0.000026,0.04382,0.566367,0.013806,0.233147,0.006585,0.090464,0.045759
TCAGAGCATGTCAACG-1,0.000019,0.001458,0.174317,0.196138,0.060025,0.416915,0.034329,0.093098,0.0237
TCAGAGGACGCGTTAG-1,0.000031,0.000031,0.001069,0.137848,0.24805,0.165161,0.107995,0.311944,0.027872
TCAGATGGAGACGTAG-1,0.000017,0.000058,0.313157,0.265089,0.012848,0.312196,0.030033,0.036196,0.030405
TCAGCAAATGCATCTC-1,0.007048,0.03587,0.603887,0.264035,0.000028,0.00322,0.000739,0.050878,0.034295
TCAGCAGTAGGCCCTG-1,0.000064,0.036573,0.018931,0.055748,0.604414,0.009637,0.152705,0.108923,0.013006
TCAGCGCACGCCGTTT-1,0.002629,0.000029,0.033629,0.387655,0.100884,0.220368,0.069618,0.141114,0.044075
TCAGCTTGAGCTTTCG-1,0.000152,0.000152,0.000152,0.000304,0.865723,0.133063,0.000152,0.000152,0.000152
TCAGGGCGACTTCCTT-1,0.000042,0.102912,0.152007,0.170318,0.069068,0.078126,0.059842,0.016625,0.35106
TCAGGGCGCAAACTCG-1,0.006878,0.089612,0.155719,0.69033,0.00135,0.000018,0.000018,0.006209,0.049864
TCAGGGTGCACGAAAC-1,0.000031,0.077869,0.271575,0.202373,0.030252,0.054297,0.057608,0.04782,0.258175
TCAGGGTGTAACGTAA-1,0.000041,0.05061,0.522679,0.140957,0.020693,0.020129,0.029216,0.053535,0.162139
TCAGGTTCTTTGAGAA-1,0.000041,0.043188,0.119815,0.344951,0.027946,0.157577,0.141273,0.084833,0.080376
TCAGTACTGACCCGCG-1,0.000047,0.061481,0.221902,0.252694,0.15453,0.063485,0.044941,0.059099,0.14182
TCAGTAGGGACTATAA-1,0.000041,0.008582,0.351237,0.064522,0.021508,0.432155,0.033996,0.012095,0.075865
TCAGTGTATACGTCAT-1,0.000053,0.000053,0.019458,0.235143,0.197831,0.038638,0.047927,0.392255,0.068642
TCAGTTACGGAATGAT-1,0.000357,0.339511,0.000357,0.000714,0.023435,0.000357,0.000357,0.634554,0.000357
TCATACTTACAGATCC-1,0.00008,0.283853,0.132962,0.117113,0.241251,0.004718,0.130751,0.003665,0.085606
TCATATGAGCTTTGTT-1,0.042788,0.00994,0.136533,0.000512,0.809204,0.000256,0.000256,0.000256,0.000256
TCATCACTCGAGCTCG-1,0.000071,0.337754,0.094316,0.326157,0.000071,0.000071,0.000071,0.022574,0.218918
TCATCCATCTGATCAC-1,0.000033,0.000033,0.025683,0.104976,0.141738,0.493544,0.136536,0.035087,0.062369
TCATCCCAGAGGGTGG-1,0.00012,0.15258,0.020386,0.40721,0.403829,0.00012,0.00012,0.00012,0.015516
TCATCCTCAGCTGCTT-1,0.225201,0.132357,0.000105,0.00021,0.636565,0.000105,0.005246,0.000105,0.000105
TCATCGACGACCGTCG-1,0.000108,0.012481,0.000108,0.000216,0.666365,0.161517,0.158988,0.000108,0.000108
TCATCGATGGTCCCAA-1,0.000035,0.000035,0.000067,0.443294,0.06842,0.05883,0.006287,0.362385,0.060647
TCATGAAGCGCTGCAT-1,0.057565,0.035423,0.098,0.194212,0.07303,0.266753,0.074482,0.094195,0.106341
TCATGCAGGTTCTCAT-1,0.000043,0.08012,0.657311,0.090236,0.03194,0.023059,0.040382,0.011655,0.065255
TCATGGAGGCCTTTGT-1,0.000402,0.185197,0.000402,0.000803,0.811589,0.000402,0.000402,0.000402,0.000402
TCATTCGTATAATTTG-1,0.000038,0.036903,0.2503,0.017287,0.197952,0.289037,0.107116,0.01999,0.081376
TCATTTAAGTCTCCGA-1,0.000026,0.000026,0.507994,0.283322,0.022178,0.051712,0.007148,0.098929,0.028666
TCCAACTCAGCTATCT-1,0.026327,0.000123,0.000123,0.000247,0.000123,0.000123,0.972686,0.000123,0.000123
TCCAACTTTAAATTCT-1,0.000025,0.049606,0.519713,0.138794,0.015945,0.101521,0.023473,0.0611,0.089823
TCCAAGCCTAGACACA-1,0.000111,0.019956,0.000111,0.000223,0.836454,0.000111,0.14281,0.000111,0.000111
TCCAATGCGTCGCCGC-1,0.000061,0.014362,0.031277,0.004851,0.493391,0.07966,0.298357,0.035291,0.04275
TCCACAATGGTTTACG-1,0.000037,0.045132,0.327673,0.143545,0.045691,0.026393,0.032671,0.01982,0.359036
TCCACATCGTATATTG-1,0.023433,0.000101,0.000101,0.000202,0.133142,0.000101,0.839502,0.003316,0.000101
TCCACCAAGACATAGG-1,0.018731,0.086306,0.000146,0.000291,0.746425,0.000146,0.147665,0.000146,0.000146
TCCACCTCTAGCCTTT-1,0.000102,0.000102,0.000102,0.217861,0.658681,0.018006,0.011144,0.069656,0.024346
TCCACTTTATCTAGGT-1,0.000055,0.030184,0.602259,0.023814,0.028554,0.252943,0.044051,0.010181,0.00796
TCCAGAGCACCGGTTC-1,0.00003,0.00003,0.34539,0.323147,0.020822,0.207069,0.026459,0.06015,0.016902
TCCAGATGTACGCCAA-1,0.000013,0.000013,0.213117,0.665308,0.000013,0.069725,0.000878,0.042705,0.008228
TCCAGGCAGGACGATC-1,0.000017,0.000017,0.008029,0.423328,0.053173,0.052825,0.06564,0.320077,0.076894
TCCAGGCGAGTACGGT-1,0.000029,0.023034,0.263298,0.702875,0.000029,0.000029,0.000029,0.004272,0.006404
TCCATCAATACTAATC-1,0.000078,0.000078,0.000078,0.000155,0.919132,0.023959,0.056365,0.000078,0.000078
TCCATTAGTTGGATAG-1,0.016891,0.936616,0.000128,0.000255,0.045599,0.000128,0.000128,0.000128,0.000128
TCCATTCCCACTAGAG-1,0.000019,0.000019,0.160057,0.232436,0.006685,0.453625,0.040607,0.082345,0.024207
TCCATTGTGACCTCGT-1,0.000233,0.157982,0.000233,0.000466,0.095493,0.000233,0.122769,0.000233,0.622357
TCCCAAACAGACAACG-1,0.000018,0.010484,0.265957,0.10895,0.040066,0.42853,0.063709,0.034717,0.04757
TCCCAAACATCCTCTA-1,0.000019,0.000996,0.047652,0.23493,0.134497,0.15317,0.193868,0.110311,0.124557
TCCCAAAGACGAAGGA-1,0.000022,0.069253,0.233388,0.383437,0.042589,0.036382,0.076892,0.012523,0.145514
TCCCAATATCGACGAC-1,0.021109,0.012755,0.04767,0.195396,0.354342,0.01476,0.012638,0.212576,0.128755
TCCCACGGAGGGAGCT-1,0.000164,0.220058,0.054077,0.229839,0.178399,0.000164,0.289621,0.000567,0.027113
TCCCACTCTCTTCCGG-1,0.000036,0.000036,0.08201,0.068269,0.074384,0.445088,0.096885,0.200287,0.033004
TCCCAGCTTTAGTCTG-1,0.000051,0.035409,0.269231,0.141583,0.007614,0.071972,0.079328,0.12338,0.271432
TCCCAGGCTTAGCTAA-1,0.000028,0.048509,0.344044,0.386807,0.038673,0.04291,0.053599,0.029439,0.055992
TCCCGCCTATGTGCGT-1,0.000098,0.000098,0.000098,0.032315,0.592811,0.02637,0.330129,0.017982,0.000098
TCCCGCGTACTCCTGG-1,0.005252,0.049253,0.334822,0.091924,0.00005,0.024161,0.317245,0.01095,0.166342
TCCCGGGTGTGCTGCT-1,0.000039,0.058961,0.240765,0.27884,0.287801,0.031079,0.048658,0.015443,0.038414
TCCCGGTCAGGAATTT-1,0.000082,0.999263,0.000082,0.000164,0.000082,0.000082,0.000082,0.000082,0.000082
TCCCGTCAGTCCCGCA-1,0.000033,0.082536,0.248688,0.456704,0.000033,0.014882,0.078927,0.052017,0.066179
TCCCGTCGCGTCATAG-1,0.000045,0.011391,0.119822,0.237715,0.318957,0.131955,0.085248,0.048398,0.046469
TCCCGTGTGCAATTTG-1,0.000025,0.000025,0.036602,0.738807,0.000025,0.082891,0.000025,0.131553,0.010048
TCCCTAGATCAATAGG-1,0.000017,0.000017,0.116892,0.646682,0.000106,0.071986,0.002777,0.127634,0.03389
TCCCTGGCGTATTAAC-1,0.000058,0.000058,0.013129,0.207065,0.566075,0.036542,0.006937,0.160935,0.0092
TCCCTGGCTCGCTGGA-1,0.000026,0.031216,0.21575,0.690081,0.000026,0.005333,0.000571,0.005729,0.051267
TCCCTTAGATTACTCG-1,0.000038,0.03631,0.344832,0.497536,0.001138,0.036302,0.020403,0.009517,0.053924
TCCGAACTTGGCTTAC-1,0.004463,0.035302,0.139264,0.700072,0.025728,0.000252,0.002271,0.021944,0.070704
TCCGAAGTAGTCACCA-1,0.010414,0.018773,0.585604,0.167119,0.016678,0.040623,0.062361,0.038895,0.059532
TCCGAATGGTCCTGAG-1,0.000041,0.000041,0.091691,0.075252,0.077649,0.356964,0.119966,0.195998,0.082399
TCCGACCGCTAATCAA-1,0.004217,0.000013,0.000968,0.701813,0.025567,0.004027,0.045245,0.186141,0.032009
TCCGAGAAGGCTAAGC-1,0.000059,0.999468,0.000059,0.000118,0.000059,0.000059,0.000059,0.000059,0.000059
TCCGATAATTGCCATA-1,0.000048,0.074315,0.153568,0.071426,0.186441,0.046286,0.168045,0.005616,0.294255
TCCGATGACTGAGCTC-1,0.000036,0.016236,0.423464,0.301112,0.018505,0.043317,0.115533,0.013637,0.068158
TCCGATGGTGCGACAT-1,0.000029,0.087015,0.225112,0.476698,0.000029,0.005461,0.1008,0.06191,0.042947
TCCGATTACATTGCCG-1,0.000036,0.043629,0.276925,0.249717,0.018527,0.086849,0.071186,0.038989,0.214142
TCCGCAGCCACCTAGC-1,0.000091,0.880769,0.000091,0.000183,0.1185,0.000091,0.000091,0.000091,0.000091
TCCGCCTGTCTACAAG-1,0.036484,0.000164,0.000164,0.000327,0.544139,0.14263,0.275764,0.000164,0.000164
TCCGCGGCAGCATCTG-1,0.000035,0.022825,0.26645,0.198471,0.009122,0.398444,0.034256,0.050279,0.020118
TCCGCTGGGTCGATCG-1,0.000016,0.000016,0.041323,0.90652,0.000016,0.002555,0.000016,0.042838,0.0067
TCCGCTGTCATCCCGG-1,0.000023,0.000023,0.000056,0.922869,0.000023,0.000023,0.000023,0.071158,0.005802
TCCGCTTATCCCATTA-1,0.000036,0.000036,0.081547,0.234391,0.035114,0.23356,0.038313,0.268546,0.108456
TCCGGAGGAAGGGCTG-1,0.003373,0.032537,0.527937,0.125979,0.012527,0.033109,0.044312,0.087364,0.132862
TCCGGCCTAGCGTACA-1,0.000044,0.005514,0.378039,0.173384,0.052801,0.289832,0.031078,0.051162,0.018147
TCCGGCCTGCATCGAT-1,0.000057,0.133484,0.184333,0.361105,0.17184,0.000057,0.016089,0.002557,0.130479
TCCGGGCCACTAACGG-1,0.000045,0.000045,0.000045,0.00009,0.440014,0.181011,0.181479,0.096551,0.10072
TCCGGGCTTGACGGGA-1,0.196838,0.000212,0.000212,0.000424,0.596391,0.000212,0.205287,0.000212,0.000212
TCCGGTTCGTCCGGTC-1,0.000041,0.000041,0.109179,0.17266,0.068372,0.360169,0.233861,0.026539,0.029139
TCCGTAACCACAATCC-1,0.000031,0.255853,0.154753,0.420329,0.050925,0.000031,0.025646,0.01657,0.075863
TCCGTTTAGCCTTGAA-1,0.000049,0.003293,0.299247,0.087371,0.03183,0.435445,0.119834,0.006697,0.016234
TCCTAAAGATTCAGAC-1,0.000107,0.000107,0.000107,0.000213,0.74194,0.008642,0.246158,0.000107,0.002621
TCCTAAATTGGGAAGC-1,0.000085,0.0209,0.000085,0.00017,0.67895,0.00954,0.290099,0.000085,0.000085
TCCTAACCGTCGGGCA-1,0.006976,0.010496,0.006592,0.327324,0.522108,0.000072,0.000072,0.07634,0.050021
TCCTACATCCACGGCC-1,0.000057,0.000057,0.000057,0.129898,0.103678,0.123173,0.07526,0.56471,0.00311
TCCTAGCAAAGAAGCT-1,0.003589,0.001389,0.668972,0.238351,0.000266,0.011183,0.001857,0.062403,0.011989
TCCTCCTAAGACATTC-1,0.000024,0.000024,0.257546,0.187234,0.05428,0.382716,0.021213,0.027896,0.069066
TCCTCGGGCTGGGCTT-1,0.000049,0.000049,0.235111,0.159209,0.070418,0.412538,0.043093,0.044218,0.035313
TCCTCTACGAGATGGC-1,0.000029,0.162979,0.109685,0.536187,0.016165,0.013697,0.037611,0.07124,0.052407
TCCTCTCCAGTTGTCC-1,0.004218,0.151568,0.093937,0.681725,0.048738,0.000019,0.000019,0.012206,0.007569
TCCTCTGGCCCATTAG-1,0.000036,0.17818,0.070727,0.690221,0.002994,0.008196,0.000036,0.017042,0.032568
TCCTGCAGCCGCCAAT-1,0.000007,0.000007,0.043636,0.639663,0.018336,0.037911,0.006008,0.235469,0.018964
TCCTGCCAACTGGAGA-1,0.000045,0.044439,0.121151,0.263258,0.030916,0.038249,0.052864,0.061859,0.387218
TCCTGCGTTGATACTC-1,0.00004,0.082261,0.335058,0.008322,0.118919,0.0697,0.28795,0.010288,0.087461
TCCTGGCGCTGCCTGG-1,0.000046,0.007988,0.388303,0.020988,0.04581,0.09025,0.335464,0.021499,0.089652
TCCTTCAATCCCTACG-1,0.000029,0.011956,0.422577,0.215747,0.080692,0.080388,0.033632,0.041505,0.113474
TCCTTCAGTGGTCGAA-1,0.000072,0.096186,0.084531,0.118978,0.191114,0.023306,0.240623,0.157643,0.087547
TCCTTGTCCTTTAATT-1,0.000119,0.000119,0.000119,0.000238,0.251952,0.270639,0.40359,0.000119,0.073105
TCCTTTCTTACGCTTA-1,0.015872,0.03024,0.382027,0.138689,0.044596,0.084161,0.088859,0.142313,0.073243
TCGAAATTTAGGACCA-1,0.000027,0.026204,0.178536,0.341183,0.056824,0.047042,0.046943,0.094957,0.208284
TCGAATATCCCGCAGG-1,0.000062,0.000062,0.026886,0.387785,0.367018,0.026684,0.015232,0.101949,0.074322
TCGAATCGCAGGGTAG-1,0.017364,0.000017,0.099769,0.246004,0.098067,0.187578,0.136428,0.161578,0.053196
TCGACAACTGAACCCG-1,0.000027,0.000027,0.01277,0.205699,0.129058,0.030329,0.009745,0.455009,0.157336
TCGACATAGCGTAGCG-1,0.000027,0.000027,0.041191,0.561557,0.089086,0.054243,0.095785,0.112993,0.045089
TCGAGACCAACACCGT-1,0.000024,0.01004,0.485656,0.178619,0.024961,0.023907,0.076327,0.040344,0.160121
TCGAGCCAGGCAGGCC-1,0.004877,0.000031,0.056109,0.507765,0.013912,0.024793,0.011693,0.347329,0.033492
TCGAGTCTACGATTCG-1,0.000037,0.000037,0.01353,0.227095,0.13681,0.011426,0.015735,0.442346,0.152984
TCGATAGGCTAGTCGC-1,0.00007,0.871572,0.095477,0.019208,0.00007,0.00007,0.00007,0.00007,0.013392
TCGATGTTACGGCCGT-1,0.000022,0.000022,0.034091,0.116805,0.118207,0.53252,0.069113,0.054544,0.074675
TCGATTTACGAAACGA-1,0.005976,0.002368,0.098286,0.455718,0.096362,0.096039,0.032683,0.171586,0.040982
TCGCAAAGATGCATTT-1,0.000031,0.014668,0.073848,0.205834,0.075634,0.274389,0.156638,0.176234,0.022725
TCGCACCAGGAGGCAG-1,0.000073,0.000073,0.025161,0.085528,0.116085,0.172955,0.53179,0.062437,0.005898
TCGCACTAACGTTTGT-1,0.025776,0.875603,0.000085,0.013553,0.000085,0.000085,0.000085,0.081218,0.00351
TCGCATCCCTAAGTGT-1,0.000114,0.633394,0.000114,0.000228,0.038379,0.058044,0.2695,0.000114,0.000114
TCGCATTCAATGACTT-1,0.000065,0.858974,0.000065,0.099326,0.000065,0.000065,0.000065,0.041309,0.000065
TCGCCACCCGGATTAC-1,0.000017,0.000017,0.078088,0.656001,0.035334,0.051453,0.034016,0.108877,0.036196
TCGCCCAACTGACTCC-1,0.000017,0.025109,0.50096,0.457696,0.000017,0.000017,0.000017,0.011989,0.00418
TCGCCCACTGCGAGAG-1,0.000025,0.060821,0.37785,0.169687,0.238035,0.038152,0.028138,0.01873,0.068562
TCGCCGAAGTTGCGTC-1,0.000044,0.02866,0.238274,0.070602,0.048292,0.500723,0.03591,0.031547,0.045948
TCGCCGACATATTCGC-1,0.032876,0.072639,0.000119,0.000237,0.411587,0.000119,0.482186,0.000119,0.000119
TCGCCGCACCGCGTGA-1,0.000026,0.000026,0.32848,0.140872,0.021938,0.260184,0.054429,0.176427,0.017618
TCGCCGGATGGGCAAG-1,0.000031,0.075959,0.151927,0.154722,0.191645,0.094007,0.153885,0.024449,0.153376
TCGCCGGTCGATCCGT-1,0.000036,0.092743,0.11486,0.401178,0.056806,0.04981,0.147581,0.027945,0.109041
TCGCCTCCTTCGGCTC-1,0.000033,0.011723,0.09537,0.126925,0.17838,0.020421,0.108051,0.389399,0.069698
TCGCCTCGACCTGTTG-1,0.0004,0.996399,0.0004,0.0008,0.0004,0.0004,0.0004,0.0004,0.0004
TCGCGCGTTTACATGA-1,0.000027,0.002173,0.032873,0.24043,0.133941,0.050373,0.021431,0.206406,0.312346
TCGCGTCCAGAAGGTC-1,0.000032,0.041578,0.183748,0.292826,0.199196,0.041013,0.064304,0.032518,0.144785
TCGCTAAACCGCTATC-1,0.003329,0.065564,0.584759,0.044601,0.031564,0.040733,0.168239,0.007844,0.053368
TCGCTACTGGCTTTGA-1,0.077798,0.000178,0.000178,0.000356,0.764226,0.051719,0.105189,0.000178,0.000178
TCGCTCGATATATTCC-1,0.000073,0.121503,0.322168,0.014105,0.024056,0.145857,0.309714,0.046257,0.016267
TCGCTCGGCACCAGCG-1,0.000021,0.000021,0.376953,0.460101,0.000021,0.10985,0.003611,0.046659,0.002763
TCGCTGCCAATGCTGT-1,0.00013,0.00013,0.00013,0.00026,0.411933,0.02894,0.558216,0.00013,0.00013
TCGCTGGGCGGATTGT-1,0.000069,0.042791,0.4529,0.076352,0.054343,0.070203,0.162418,0.009562,0.131363
TCGCTGTGCGTAAATC-1,0.000077,0.400436,0.000077,0.000154,0.145732,0.007767,0.428269,0.000077,0.017411
TCGCTTAATTACGAAG-1,0.000024,0.006463,0.368482,0.071539,0.027741,0.338507,0.078452,0.047741,0.061051
TCGCTTTAAACGTTTG-1,0.000021,0.012813,0.620327,0.317195,0.000021,0.001143,0.01612,0.019114,0.013244
TCGGAATGACCATCAA-1,0.000166,0.345008,0.000166,0.000332,0.000356,0.000166,0.000166,0.000166,0.653472
TCGGAATGCGCTCTGA-1,0.004871,0.116685,0.182922,0.422106,0.033561,0.063002,0.041824,0.015346,0.119684
TCGGACGCCCAGCCCA-1,0.000042,0.060605,0.538403,0.216763,0.002868,0.094258,0.025939,0.04487,0.016251
TCGGAGAGTATCGGGA-1,0.000022,0.017835,0.344313,0.116973,0.028993,0.273049,0.095838,0.036699,0.086278
TCGGAGTACATGAGTA-1,0.000592,0.035899,0.519005,0.191913,0.005167,0.070804,0.011958,0.081324,0.083338
TCGGAGTCCTGGTTGC-1,0.000018,0.001103,0.493682,0.166679,0.088009,0.119492,0.020758,0.081046,0.029212
TCGGATCTGGATGACC-1,0.000033,0.111599,0.004623,0.326127,0.029373,0.003575,0.003109,0.475895,0.045666
TCGGCGGTATTAGATT-1,0.00001,0.00001,0.136887,0.293056,0.008657,0.465222,0.01937,0.054412,0.022375
TCGGCGTACTGCACAA-1,0.00003,0.00003,0.122473,0.039806,0.095422,0.53527,0.131648,0.03485,0.040472
TCGGCTAACTTCCCTT-1,0.000284,0.456541,0.005553,0.315834,0.127602,0.000284,0.002464,0.000284,0.091154
TCGGGAACGTGCCTAG-1,0.000021,0.008626,0.085569,0.34428,0.066329,0.242583,0.036306,0.164899,0.051387
TCGGGAGACAGCGTAC-1,0.000199,0.05454,0.104217,0.000399,0.729741,0.083863,0.000199,0.000199,0.026643
TCGGGATTCAAACATA-1,0.000015,0.052642,0.476376,0.367881,0.007474,0.026534,0.010333,0.020528,0.038217
TCGGGCACTTCTGGAT-1,0.00021,0.366774,0.00021,0.631758,0.00021,0.00021,0.00021,0.00021,0.00021
TCGGGCCGTCGTGGTA-1,0.000039,0.000039,0.033594,0.555797,0.020445,0.082748,0.007613,0.258132,0.041594
TCGGGTGAAACTGCTA-1,0.000078,0.678228,0.000078,0.000155,0.028631,0.070742,0.221934,0.000078,0.000078
TCGGTCCCGACAATAG-1,0.000031,0.000031,0.006431,0.322415,0.259303,0.130155,0.016767,0.215896,0.04897
TCGGTCCCTGACTCCA-1,0.000098,0.074853,0.236859,0.093722,0.380496,0.02592,0.011697,0.000098,0.176256
TCGGTGACCGCTCCGG-1,0.000031,0.061593,0.40851,0.115207,0.024233,0.118334,0.134379,0.059901,0.077811
TCGGTTAGCCATGTAG-1,0.000031,0.066511,0.087316,0.502832,0.051581,0.039366,0.022201,0.053391,0.176768
TCGTAAGACGACATTG-1,0.000023,0.00956,0.371985,0.618318,0.000023,0.000023,0.000023,0.000023,0.000023
TCGTAAGCTCCGAGGA-1,0.000031,0.009304,0.543035,0.066029,0.036187,0.095341,0.163272,0.039033,0.047769
TCGTACCGACGTCAAG-1,0.001686,0.044724,0.005981,0.000204,0.877821,0.000102,0.045499,0.023881,0.000102
TCGTATAGTGCAATTA-1,0.000251,0.576647,0.000251,0.014742,0.039614,0.000251,0.201478,0.000251,0.166514
TCGTATCACCAAGCTA-1,0.000014,0.005529,0.498009,0.460537,0.000329,0.003435,0.001462,0.018216,0.01247
TCGTATTACCCATTGC-1,0.000026,0.001264,0.579574,0.361916,0.000026,0.025462,0.003979,0.003745,0.024008
TCGTATTTCGTCCGGA-1,0.000162,0.249089,0.048343,0.000324,0.028692,0.000162,0.449614,0.044554,0.17906
TCGTCAAGTACGCGCA-1,0.000017,0.000017,0.002115,0.832335,0.001838,0.006018,0.000017,0.147925,0.009717
TCGTCACACTGTTAGC-1,0.000025,0.066517,0.030454,0.653068,0.031251,0.004181,0.055632,0.042997,0.115875
TCGTCCGCTGGCGTCT-1,0.000058,0.183439,0.134567,0.039982,0.084275,0.099023,0.389478,0.000313,0.068866
TCGTCCGGGTACACTC-1,0.000017,0.03553,0.367208,0.209957,0.076911,0.166126,0.040246,0.04758,0.056425
TCGTCTTAGGCGTTAA-1,0.000167,0.022862,0.061499,0.000333,0.823472,0.000167,0.091167,0.000167,0.000167
TCGTGTACTATGGATG-1,0.000402,0.000402,0.021373,0.456438,0.000402,0.499001,0.02118,0.000402,0.000402
TCGTGTCACGCTGACA-1,0.000081,0.026978,0.382986,0.105209,0.058628,0.219417,0.14173,0.018984,0.045987
TCGTTAGGAGTCCCTA-1,0.000033,0.000033,0.052903,0.267206,0.124053,0.302455,0.07134,0.067071,0.114906
TCGTTCGTTATTATGT-1,0.000524,0.139971,0.000524,0.856363,0.000524,0.000524,0.000524,0.000524,0.000524
TCGTTGACAGGGTCCC-1,0.005586,0.024682,0.281584,0.26503,0.028299,0.050135,0.025552,0.016481,0.302651
TCGTTGCTATCCGGTC-1,0.00003,0.00003,0.105431,0.56602,0.001102,0.173981,0.020224,0.12059,0.012593
TCGTTGGCTCGTCAAT-1,0.000098,0.788972,0.181416,0.000196,0.000098,0.017118,0.006682,0.000098,0.005323
TCGTTTACGCGACCCT-1,0.000156,0.000156,0.000156,0.000311,0.927575,0.000156,0.07118,0.000156,0.000156
TCTAAAGAACAGTCTC-1,0.000023,0.000023,0.046511,0.064231,0.118517,0.267018,0.1314,0.203958,0.16832
TCTAACCTAGCCTGCG-1,0.036689,0.14758,0.000255,0.00051,0.627822,0.000255,0.186379,0.000255,0.000255
TCTAACTGTATGTAAA-1,0.003077,0.166115,0.072929,0.374507,0.053538,0.025046,0.047204,0.047529,0.210056
TCTAATACTGCCTCAG-1,0.000053,0.000053,0.000089,0.414192,0.307397,0.045614,0.013097,0.106181,0.113324
TCTACACGTTCATGCA-1,0.000037,0.074371,0.218992,0.333611,0.050639,0.040393,0.069743,0.063576,0.148639
TCTACCCGCATCATTT-1,0.000307,0.055246,0.000307,0.000614,0.855677,0.000307,0.086929,0.000307,0.000307
TCTACCGTCCACAAGC-1,0.00004,0.070537,0.334497,0.375526,0.031337,0.01398,0.096142,0.035888,0.042053
TCTACGCACGATCTCC-1,0.000022,0.000022,0.055042,0.600606,0.020919,0.122508,0.045732,0.13309,0.022059
TCTACGGGCTCAGTTG-1,0.000011,0.000011,0.50576,0.440544,0.000011,0.045725,0.000011,0.007915,0.000011
TCTAGCAATCTCCGCC-1,0.00003,0.00003,0.350795,0.110348,0.010294,0.340311,0.065179,0.08358,0.039434
TCTAGCATCTTCGATG-1,0.000074,0.204886,0.073788,0.028596,0.148725,0.007501,0.503304,0.000271,0.032855
TCTAGCATGCCCAGAA-1,0.000019,0.000019,0.143744,0.538939,0.027064,0.132325,0.012627,0.115938,0.029325
TCTAGGTGGCGACGCT-1,0.000024,0.011085,0.462785,0.335143,0.000226,0.126032,0.006459,0.045036,0.013209
TCTAGTGATATCGTGG-1,0.000191,0.039658,0.000191,0.000383,0.957253,0.000191,0.000191,0.000191,0.001751
TCTAGTTATCAGAAGA-1,0.000038,0.052665,0.439808,0.07357,0.045882,0.09315,0.197223,0.009742,0.087921
TCTATAGGTGGGTAAT-1,0.031018,0.000575,0.000575,0.00115,0.358673,0.000575,0.606285,0.000575,0.000575
TCTATCATGCAGTTAC-1,0.000076,0.306371,0.061054,0.007731,0.206549,0.095083,0.243118,0.000076,0.079941
TCTATCCGATTGCACA-1,0.000037,0.000037,0.001089,0.348653,0.139983,0.028766,0.038479,0.397065,0.045892
TCTATCGGTCGCAACA-1,0.000027,0.03647,0.172279,0.642504,0.000027,0.011743,0.048704,0.012532,0.075714
TCTATGCTATAACGAC-1,0.25914,0.000122,0.000122,0.000244,0.349608,0.000122,0.390399,0.000122,0.000122
TCTATTACGCTGGCGA-1,0.000085,0.861025,0.000085,0.003493,0.134095,0.000085,0.000085,0.00096,0.000085
TCTATTACTAGAGGAT-1,0.000022,0.030944,0.37039,0.451884,0.002414,0.013824,0.01209,0.066172,0.052261
TCTCAAATCAATCGGG-1,0.000072,0.000072,0.000072,0.000143,0.744569,0.045781,0.209149,0.000072,0.000072
TCTCATGAGATAGGGT-1,0.000121,0.0591,0.034104,0.006836,0.666218,0.197208,0.03617,0.000121,0.000121
TCTCCAACGTAGGTTA-1,0.000045,0.023527,0.252091,0.172485,0.057375,0.056243,0.360772,0.03374,0.043722
TCTCCCTGGGCAGCGT-1,0.00016,0.00016,0.00016,0.000319,0.440558,0.00016,0.558166,0.00016,0.00016
TCTCGAACGAGGTCAC-1,0.000046,0.037596,0.202842,0.150798,0.070769,0.156365,0.274933,0.04128,0.065372
TCTCGGCTCCAGGACT-1,0.000102,0.904648,0.000102,0.000204,0.094535,0.000102,0.000102,0.000102,0.000102
TCTCGTGTTACGAGGA-1,0.000039,0.014145,0.326675,0.032916,0.070207,0.361507,0.095787,0.052924,0.0458
TCTCTAATAGCTGGTA-1,0.000028,0.067603,0.076216,0.667478,0.020544,0.027956,0.034026,0.056446,0.049704
TCTCTTACCGCGAACC-1,0.000087,0.000087,0.008754,0.000175,0.599736,0.11632,0.240688,0.001328,0.032824
TCTGAACCGGTCGGCT-1,0.000065,0.190099,0.05043,0.00013,0.243365,0.034047,0.460206,0.000065,0.021593
TCTGAACTCGTACCCG-1,0.022117,0.122242,0.000146,0.000292,0.854621,0.000146,0.000146,0.000146,0.000146
TCTGAATTCCGTACAA-1,0.000025,0.009418,0.156263,0.366016,0.051773,0.081536,0.098718,0.192429,0.043823
TCTGACGGGCTAACCC-1,0.000028,0.000028,0.02604,0.172221,0.074294,0.392233,0.086347,0.146419,0.10239
TCTGACTGTAATGGTT-1,0.000308,0.99723,0.000308,0.000616,0.000308,0.000308,0.000308,0.000308,0.000308
TCTGATCGGGTGCTAG-1,0.000124,0.000124,0.039076,0.000249,0.772928,0.13475,0.034869,0.017755,0.000124
TCTGATGTATTCTGTC-1,0.000126,0.000126,0.000126,0.000251,0.677182,0.038747,0.283192,0.000126,0.000126
TCTGATTGGAAATGGA-1,0.000132,0.036522,0.08967,0.000265,0.845023,0.000132,0.000132,0.000132,0.027991
TCTGCACCATTAGTAA-1,0.000021,0.000021,0.014902,0.486636,0.067118,0.059074,0.022745,0.281268,0.068215
TCTGCAGATTCGAGTC-1,0.000031,0.106333,0.130892,0.180683,0.031603,0.0932,0.092626,0.023947,0.340685
TCTGCCAGAAACTGCA-1,0.000031,0.000031,0.101808,0.210226,0.010396,0.398205,0.130405,0.0365,0.112397
TCTGCGAATCGTTCGC-1,0.000013,0.000013,0.287597,0.493499,0.00202,0.144431,0.003669,0.041227,0.027531
TCTGCGTCCGGTTTCT-1,0.00006,0.413133,0.014224,0.545139,0.00006,0.00006,0.00006,0.02404,0.003222
TCTGGCCGTTCAAGTT-1,0.000163,0.000163,0.101731,0.092518,0.804772,0.000163,0.000163,0.000163,0.000163
TCTGGCGCAAGCCGGG-1,0.000022,0.215796,0.298904,0.16783,0.023576,0.061162,0.055302,0.025522,0.151886
TCTGGGAACCTTTGAA-1,0.000032,0.000032,0.026932,0.22433,0.087265,0.167412,0.087177,0.343249,0.063571
TCTGGGTAGCGCTCAT-1,0.000024,0.016284,0.445712,0.528699,0.000024,0.000862,0.000024,0.0024,0.005971
TCTGTCATACAAGAGC-1,0.016865,0.982563,0.000072,0.000143,0.000071,0.000072,0.000071,0.000072,0.000071
TCTGTGACTGACCGTT-1,0.00115,0.989652,0.00115,0.0023,0.00115,0.00115,0.00115,0.00115,0.00115
TCTGTGATGGAGGTTG-1,0.000019,0.023606,0.552446,0.211168,0.009425,0.04035,0.046885,0.060596,0.055504
TCTGTGCCATCATAGT-1,0.000061,0.000061,0.287478,0.031201,0.050776,0.306633,0.086793,0.034048,0.202948
TCTGTGGCTACATTTC-1,0.000265,0.758321,0.000265,0.218614,0.021473,0.000265,0.000265,0.000265,0.000265
TCTGTTACCCAGCATA-1,0.000033,0.018514,0.172154,0.188436,0.020814,0.446497,0.058523,0.074476,0.020553
TCTGTTTAGATTGTTC-1,0.000043,0.000043,0.023331,0.085033,0.169087,0.432641,0.181285,0.054789,0.053749
TCTTAACTCGGATGTA-1,0.000075,0.712439,0.009348,0.258121,0.000075,0.000075,0.000075,0.019716,0.000075
TCTTACAGAGGTACCG-1,0.176226,0.239566,0.226125,0.005218,0.034122,0.111487,0.078371,0.002326,0.12656
TCTTACCGGAACTCGT-1,0.000044,0.039319,0.339315,0.186994,0.023147,0.006741,0.313095,0.016111,0.075233
TCTTACGGCATCCGAC-1,0.000036,0.095248,0.133351,0.207788,0.04154,0.016163,0.299078,0.03433,0.172468
TCTTACTTATGCCTCT-1,0.000159,0.000159,0.000159,0.000317,0.930038,0.000159,0.068693,0.000159,0.000159
TCTTAGAGCTCCAATT-1,0.000139,0.000139,0.192433,0.000279,0.647924,0.09168,0.012083,0.041196,0.014127
TCTTAGAGTGAACTCT-1,0.000142,0.000142,0.046791,0.000285,0.720591,0.222528,0.009235,0.000142,0.000142
TCTTCCCATGGGCACA-1,0.000042,0.000042,0.187995,0.17055,0.101718,0.342135,0.015705,0.066153,0.11566
TCTTCGAATAGACGTT-1,0.000042,0.014591,0.350331,0.194682,0.045219,0.217884,0.133744,0.012482,0.031025
TCTTCGATACCAATAA-1,0.00002,0.022968,0.451312,0.44859,0.000094,0.007892,0.003782,0.009924,0.055419
TCTTGATGCGTAGCGA-1,0.00003,0.032146,0.575873,0.21877,0.009022,0.022041,0.043799,0.043356,0.054964
TCTTGCTCCCGATACT-1,0.00009,0.030087,0.044505,0.111794,0.369575,0.000146,0.356045,0.087668,0.00009
TCTTGGTAACACCAAA-1,0.000027,0.035486,0.091324,0.500614,0.006839,0.019953,0.217411,0.012,0.116346
TCTTGGTCAATGATAC-1,0.00002,0.00002,0.059604,0.324321,0.099575,0.219436,0.100395,0.098975,0.097653
TCTTTAAGACTATGAA-1,0.000043,0.000043,0.105311,0.243406,0.162909,0.298466,0.091477,0.064141,0.034205
TCTTTAGCAGGCGAAC-1,0.0001,0.0001,0.0001,0.031493,0.536574,0.376507,0.02929,0.009191,0.016643
TCTTTCATCCGTCCTT-1,0.000079,0.000079,0.009074,0.253719,0.338734,0.058052,0.015609,0.164165,0.160488
TCTTTCGGCGGGACAC-1,0.000562,0.994942,0.000562,0.001124,0.000562,0.000562,0.000562,0.000562,0.000562
TCTTTCTCTTAAGGAG-1,0.000177,0.170051,0.000177,0.143673,0.3877,0.012457,0.00135,0.185831,0.098585
TGAAACTTATGCAAGC-1,0.000109,0.129021,0.000109,0.870216,0.000109,0.000109,0.000109,0.000109,0.000109
TGAAAGGACCTGACTC-1,0.000027,0.000027,0.261266,0.137553,0.057344,0.414574,0.075021,0.048009,0.006179
TGAACAAGCAGGGACT-1,0.000063,0.073857,0.000063,0.000125,0.651647,0.103422,0.15268,0.000181,0.017963
TGAACCTGAATGTGAG-1,0.000017,0.003617,0.327569,0.384288,0.06392,0.144644,0.021504,0.040303,0.014138
TGAACTGCTATGACTT-1,0.000037,0.057191,0.349753,0.080988,0.07855,0.019936,0.154118,0.015748,0.243679
TGAAGAGCGGTCCTAG-1,0.00006,0.787322,0.00006,0.020552,0.120455,0.016214,0.00006,0.055218,0.00006
TGAAGTAGCTTACGGA-1,0.000095,0.416477,0.000095,0.00019,0.235856,0.061267,0.209578,0.000095,0.076346
TGAATACCGACGCGTA-1,0.000056,0.018052,0.092884,0.01444,0.645327,0.039608,0.152072,0.011151,0.026409
TGAATATGCTATAAAC-1,0.001288,0.010031,0.387541,0.364889,0.01033,0.056656,0.020203,0.125311,0.023752
TGAATGAGATACAGCA-1,0.000009,0.000009,0.208199,0.556449,0.004812,0.15209,0.002384,0.055688,0.020359
TGAATGAGTGTTTCCC-1,0.000141,0.034501,0.000141,0.000281,0.762377,0.058065,0.138346,0.000141,0.006007
TGAATTTCACTTGCCT-1,0.000029,0.017109,0.322957,0.071573,0.035986,0.187874,0.162064,0.036489,0.165919
TGACAACTTAAAGGTG-1,0.000011,0.000011,0.081979,0.194715,0.122937,0.350992,0.081858,0.102827,0.064671
TGACACTTCTCTTTGC-1,0.000041,0.034217,0.39686,0.033739,0.019262,0.172633,0.101462,0.04245,0.199337
TGACAGAAATCTTGCT-1,0.000013,0.000013,0.133184,0.36755,0.088241,0.133702,0.039779,0.144729,0.092788
TGACAGGACAAGTCCA-1,0.00002,0.00002,0.06463,0.64323,0.055717,0.047257,0.006436,0.152714,0.029975
TGACATATATGACGAT-1,0.000023,0.041064,0.505499,0.291559,0.054789,0.029172,0.016516,0.0266,0.034777
TGACATCGAGCGGACC-1,0.000024,0.000024,0.018214,0.577049,0.015193,0.17043,0.030385,0.155247,0.033433
TGACATGTAACGTGAC-1,0.000086,0.01098,0.000086,0.000925,0.306768,0.051711,0.622907,0.006452,0.000086
TGACCAAATCTTAAAC-1,0.000108,0.000108,0.000108,0.000216,0.533627,0.008874,0.456743,0.000108,0.000108
TGACCAGCTTCAAAGT-1,0.000023,0.119406,0.250609,0.516923,0.003368,0.038644,0.001363,0.010291,0.059373
TGACCCACGTTAGACA-1,0.000029,0.029223,0.388069,0.487037,0.000029,0.008246,0.00235,0.025849,0.059167
TGACCCAGCATTCCCG-1,0.000018,0.050117,0.505156,0.294938,0.035645,0.012328,0.014484,0.029341,0.057973
TGACGAATATTTCCCT-1,0.000028,0.012328,0.45463,0.09071,0.02026,0.224218,0.048624,0.115633,0.03357
TGACGATGCACTAGAA-1,0.000017,0.003606,0.02816,0.713644,0.037923,0.026259,0.008183,0.142694,0.039513
TGACTATAATCCTTTC-1,0.000038,0.000038,0.082444,0.277692,0.022933,0.416543,0.117553,0.065806,0.016953
TGACTCCGAATCATAC-1,0.14866,0.08664,0.00596,0.010801,0.575582,0.000412,0.008678,0.000074,0.163193
TGAGAATGCTTTACCG-1,0.000075,0.210741,0.00376,0.00885,0.210789,0.11316,0.321137,0.093181,0.038307
TGAGACGTACCTCTCA-1,0.000024,0.004416,0.628155,0.233591,0.048071,0.009157,0.008435,0.017296,0.050856
TGAGAGATTTACCACG-1,0.000057,0.019833,0.08704,0.345769,0.085206,0.089683,0.295312,0.036296,0.040804
TGAGATCAAATACTCA-1,0.000214,0.362092,0.000214,0.636409,0.000214,0.000214,0.000214,0.000214,0.000214
TGAGATTAGGCCCTAA-1,0.000052,0.024224,0.130561,0.007207,0.055883,0.123475,0.58418,0.000052,0.074366
TGAGCAGTCGTGAAGT-1,0.000111,0.999004,0.000111,0.000221,0.000111,0.000111,0.000111,0.000111,0.000111
TGAGCCATACAGTCTC-1,0.000032,0.031704,0.507459,0.162039,0.001801,0.171754,0.043156,0.072646,0.009409
TGAGCGGAAAGTGTTC-1,0.000059,0.000059,0.097156,0.276683,0.358002,0.065805,0.050622,0.047256,0.104359
TGAGCTTTAATGACGC-1,0.003547,0.018527,0.37369,0.603828,0.00002,0.00002,0.00002,0.000329,0.00002
TGAGGCATGTACTGTG-1,0.000046,0.000046,0.015837,0.156853,0.162202,0.066178,0.048886,0.499499,0.050453
TGAGGTGTGTGGCGGA-1,0.000028,0.000028,0.003035,0.435687,0.14386,0.050173,0.132966,0.199738,0.034485
TGAGTAAATTAGCGTA-1,0.000034,0.008368,0.186789,0.210113,0.013894,0.481766,0.013542,0.061763,0.02373
TGAGTGCCTCTTAAAT-1,0.000022,0.003118,0.480474,0.362769,0.007258,0.075093,0.001149,0.044163,0.025955
TGAGTGGTCCGTGACG-1,0.000019,0.000019,0.476129,0.523051,0.000019,0.000704,0.000019,0.000019,0.000019
TGAGTGTAACAACGGG-1,0.000055,0.047576,0.000055,0.000111,0.884932,0.000055,0.067104,0.000055,0.000055
TGATACATTTAGCCGT-1,0.000035,0.000035,0.01338,0.428981,0.027303,0.061028,0.007507,0.445707,0.016024
TGATAGCGGGATTCTA-1,0.002277,0.058628,0.058755,0.736937,0.063673,0.008485,0.005541,0.02862,0.037085
TGATCACCACACTGAC-1,0.000063,0.000063,0.000063,0.000126,0.16556,0.169025,0.595892,0.0399,0.029307
TGATCAGGGAACTGCT-1,0.000031,0.036682,0.288278,0.172059,0.031942,0.075291,0.187877,0.096638,0.111202
TGATCCCAGCATTAGT-1,0.000042,0.000042,0.188393,0.071791,0.052598,0.47735,0.176058,0.021806,0.01192
TGATCGGTTTGACCCT-1,0.000051,0.108288,0.059815,0.453562,0.07784,0.06621,0.067371,0.007485,0.159377
TGATCTACGCTGATCT-1,0.000033,0.023168,0.66993,0.173703,0.012103,0.045159,0.03467,0.004783,0.036449
TGATCTATCACACTCT-1,0.006571,0.031518,0.000184,0.000368,0.586687,0.016188,0.358115,0.000184,0.000184
TGATCTCCGGCGCCAG-1,0.000041,0.070949,0.229952,0.206948,0.006981,0.086652,0.159049,0.061653,0.177776
TGATGCTCACGTAGTC-1,0.000009,0.000009,0.508027,0.462988,0.000009,0.018779,0.000009,0.009153,0.001017
TGATGGCTGTTTCTGA-1,0.039101,0.032815,0.011296,0.136377,0.09072,0.156714,0.414602,0.056401,0.061975
TGATGGGACTAAGTCA-1,0.000575,0.994826,0.000575,0.00115,0.000575,0.000575,0.000575,0.000575,0.000575
TGATTATGGCACGCAG-1,0.000026,0.000026,0.520877,0.196757,0.06341,0.065814,0.037064,0.050811,0.065215
TGATTCAGGTCCCGCG-1,0.000028,0.000028,0.201364,0.254533,0.077579,0.239314,0.039998,0.12103,0.066125
TGATTCGTCTATCACT-1,0.000051,0.031557,0.120309,0.285312,0.077198,0.035943,0.015846,0.041003,0.392781
TGATTCTGTCGCCGGT-1,0.000041,0.006546,0.283077,0.137449,0.021751,0.435126,0.044107,0.039296,0.032608
TGATTTATTAGCTGTG-1,0.000043,0.023875,0.29031,0.16233,0.000043,0.07223,0.035866,0.044325,0.370976
TGATTTCCTCCTGACG-1,0.000057,0.750572,0.092575,0.135204,0.011303,0.000057,0.000057,0.007063,0.003111
TGCAAACGTACTAGTT-1,0.000007,0.000587,0.109403,0.494036,0.026356,0.116734,0.01554,0.185055,0.052283
TGCAAAGTTCGTCTGT-1,0.000017,0.000017,0.000118,0.411427,0.094807,0.012544,0.024994,0.3706,0.085477
TGCAACTACTGGTTGA-1,0.03496,0.050745,0.000091,0.000181,0.898655,0.000091,0.015097,0.000091,0.000091
TGCAAGAATGACGTAA-1,0.016202,0.038381,0.228605,0.007962,0.025859,0.144416,0.23377,0.004139,0.300667
TGCAATCTAACACGGT-1,0.398569,0.010026,0.000092,0.000185,0.423348,0.000092,0.167504,0.000092,0.000092
TGCAATTTGGGCACGG-1,0.000033,0.02771,0.418016,0.130055,0.021487,0.178352,0.035969,0.12771,0.060669
TGCACAGTGAAGTTAT-1,0.000054,0.049807,0.258426,0.006042,0.04589,0.027946,0.254585,0.013174,0.344076
TGCACGAGTCGGCAGC-1,0.000841,0.445276,0.136186,0.001681,0.000841,0.000841,0.000841,0.412654,0.000841
TGCACTATGTGAGTGC-1,0.000081,0.542899,0.025978,0.053734,0.089574,0.027567,0.054914,0.185171,0.020083
TGCAGAACTATATCGT-1,0.000013,0.043012,0.51084,0.40924,0.000013,0.001598,0.000295,0.015716,0.019273
TGCAGAGTACCGAGCA-1,0.000015,0.011647,0.547988,0.421551,0.000015,0.000652,0.000015,0.009841,0.008274
TGCAGATCGTCCTAGG-1,0.000013,0.028886,0.621343,0.343011,0.000013,0.000013,0.000013,0.004577,0.002129
TGCAGCTACGTACTTC-1,0.00003,0.05946,0.375229,0.190698,0.075632,0.057841,0.057166,0.054711,0.129233
TGCAGGATCGGCAAAG-1,0.00261,0.016265,0.347693,0.604298,0.000016,0.000125,0.004786,0.0097,0.014507
TGCAGTGAGGCTCGGG-1,0.00001,0.00001,0.30706,0.684837,0.00001,0.003817,0.00001,0.004234,0.000011
TGCAGTGGTAGGGAAC-1,0.005015,0.002205,0.008039,0.547133,0.098593,0.014232,0.005811,0.250223,0.068749
TGCAGTTTCCTCCCAT-1,0.018741,0.000059,0.021226,0.451482,0.359122,0.060129,0.018219,0.051337,0.019685
TGCATATGTCTGTCAC-1,0.000039,0.000039,0.246754,0.368961,0.053592,0.238627,0.03359,0.022224,0.036174
TGCATCTCCGGATCTT-1,0.000022,0.016792,0.342404,0.060424,0.077382,0.294557,0.141657,0.044942,0.02182
TGCATGGATCGGATCT-1,0.000047,0.140042,0.137565,0.303378,0.0182,0.040995,0.284574,0.010034,0.065165
TGCATGGCAGTCTTGC-1,0.000024,0.025123,0.314159,0.229872,0.031324,0.010598,0.055691,0.032178,0.301031
TGCATGTGACCCATAG-1,0.012709,0.003718,0.010301,0.141346,0.358662,0.020215,0.391381,0.059934,0.001734
TGCATGTGGTAATCTA-1,0.000042,0.056551,0.392077,0.010004,0.02832,0.120238,0.17348,0.052091,0.167198
TGCCAAAGTCAGACTT-1,0.000013,0.014393,0.641346,0.321728,0.000013,0.014565,0.000013,0.007382,0.000547
TGCCAATGGGTACTCT-1,0.001652,0.00003,0.067212,0.398023,0.021955,0.189281,0.038273,0.21236,0.071214
TGCCACACTAGAGGAA-1,0.000026,0.021419,0.31153,0.053583,0.075995,0.303391,0.092306,0.015309,0.12644
TGCCACCTGGCGAAAC-1,0.000029,0.047799,0.137625,0.510145,0.054527,0.019048,0.103583,0.055158,0.072087
TGCCAGTACGTGGAGA-1,0.000036,0.015694,0.052801,0.271825,0.100438,0.297917,0.049342,0.139899,0.072047
TGCCATGGCTTATAAG-1,0.000021,0.068118,0.162301,0.721807,0.012802,0.005073,0.005072,0.005051,0.019755
TGCCATTACTAAAGAA-1,0.003224,0.032623,0.36019,0.012373,0.105744,0.107303,0.370081,0.000046,0.008416
TGCCCGATAGTTAGAA-1,0.00002,0.00002,0.00002,0.390669,0.185937,0.036539,0.014323,0.321395,0.051075
TGCCCGTACCGTTAAA-1,0.000024,0.007801,0.146955,0.458538,0.012071,0.163292,0.02586,0.112642,0.072817
TGCCGAAAGCGTATTC-1,0.000085,0.000085,0.042213,0.00017,0.616674,0.25491,0.061446,0.000649,0.023766
TGCCGGATGTACGAGC-1,0.000108,0.020483,0.000108,0.153189,0.685754,0.029197,0.022717,0.022888,0.065558
TGCCGTGGATCGTCCT-1,0.000087,0.021357,0.141703,0.087374,0.388432,0.004946,0.284597,0.068324,0.00318
TGCCGTGGGACCCAAT-1,0.000019,0.000019,0.000348,0.287894,0.210095,0.039503,0.115573,0.272232,0.074317
TGCCGTTCTTAATCGG-1,0.000086,0.000086,0.037174,0.033674,0.423745,0.137994,0.229238,0.016879,0.121123
TGCCTGACATCGGTCA-1,0.000066,0.936977,0.000066,0.000133,0.012219,0.000066,0.012556,0.033591,0.004326
TGCCTGATCAAACGAT-1,0.000017,0.019264,0.222652,0.649869,0.005339,0.022029,0.012903,0.008978,0.05895
TGCCTTGGCCAGGCAA-1,0.000093,0.007073,0.002987,0.004812,0.659173,0.240803,0.071523,0.006813,0.006724
TGCGAATATGGGATTT-1,0.000026,0.000026,0.426309,0.307152,0.002458,0.157552,0.014221,0.052678,0.039578
TGCGACACCCTAGTGC-1,0.000038,0.019189,0.202972,0.050292,0.009817,0.583257,0.036421,0.025134,0.07288
TGCGACGGCCGAACGT-1,0.0048,0.023,0.028454,0.224256,0.678154,0.000066,0.000066,0.041139,0.000066
TGCGAGAAACGTTACG-1,0.000253,0.62977,0.000253,0.368458,0.000253,0.000253,0.000253,0.000253,0.000253
TGCGAGAATATTACCC-1,0.000019,0.005401,0.268682,0.399259,0.010561,0.218857,0.043925,0.022466,0.03083
TGCGAGATGGCGGCCA-1,0.000024,0.012538,0.387442,0.051376,0.033747,0.127159,0.208445,0.038703,0.140566
TGCGAGCCCTTCCGCG-1,0.000041,0.040446,0.558509,0.171062,0.02373,0.033276,0.124784,0.008896,0.039256
TGCGATGCTAATGGCT-1,0.000042,0.204452,0.012413,0.651353,0.062312,0.000042,0.000042,0.046432,0.022913
TGCGCAAAGCATTTGG-1,0.002436,0.01588,0.682116,0.154247,0.025487,0.027762,0.011615,0.015781,0.064677
TGCGCGATTAACGGAG-1,0.000041,0.050068,0.122927,0.118396,0.038251,0.049651,0.094421,0.014001,0.512245
TGCGGACTTGACTCCG-1,0.000074,0.02405,0.000074,0.155332,0.265131,0.000074,0.479173,0.07548,0.000611
TGCGGAGTAAAGGTGC-1,0.000015,0.027478,0.095124,0.875327,0.000015,0.000015,0.000015,0.001569,0.000442
TGCGGCATAGTTCAAC-1,0.000039,0.378328,0.000212,0.621227,0.000039,0.000039,0.000039,0.000039,0.000039
TGCGGGTATTGGGATC-1,0.000192,0.216797,0.000192,0.363461,0.26949,0.000192,0.06218,0.045796,0.041702
TGCGGTCTACGAGTAA-1,0.000016,0.08073,0.271524,0.445589,0.029215,0.02669,0.016121,0.042763,0.087354
TGCGGTGAAATTTCAT-1,0.000115,0.352841,0.00073,0.645736,0.000115,0.000115,0.000115,0.000115,0.000115
TGCGTAAGAACCTGAT-1,0.000035,0.02742,0.377871,0.026529,0.041426,0.400181,0.084462,0.006909,0.035167
TGCGTCATGACTGAGC-1,0.000016,0.000016,0.038281,0.80274,0.000458,0.024876,0.000778,0.127242,0.005593
TGCGTGATTGGGTGTC-1,0.000076,0.99932,0.000076,0.000151,0.000076,0.000076,0.000076,0.000076,0.000076
TGCGTTTGTTGACACT-1,0.000059,0.000059,0.253321,0.151319,0.047729,0.074748,0.184826,0.096881,0.191058
TGCTATACAAACGGAC-1,0.000166,0.23831,0.369097,0.292117,0.000166,0.000166,0.000166,0.000166,0.099644
TGCTATGGCAAAGGGA-1,0.000022,0.015939,0.028795,0.389301,0.089173,0.02033,0.107717,0.302446,0.046276
TGCTCAAAGGATGCAC-1,0.000006,0.001759,0.144019,0.729746,0.001785,0.051725,0.00237,0.056467,0.012122
TGCTCACACAACAACC-1,0.00001,0.026885,0.564659,0.327376,0.008451,0.014449,0.015043,0.011689,0.031439
TGCTCCACAGTTCTTA-1,0.000156,0.000156,0.000156,0.000311,0.591436,0.082657,0.305975,0.000156,0.018999
TGCTCGGCGAAACCCA-1,0.000055,0.000055,0.00055,0.021017,0.364876,0.041119,0.073304,0.032134,0.46689
TGCTCGGTGGGTCACC-1,0.000132,0.245258,0.000132,0.000264,0.368946,0.139609,0.245395,0.000132,0.000132
TGCTCTGCCGGTTCAC-1,0.000044,0.090255,0.074748,0.170293,0.282795,0.112337,0.040632,0.159158,0.069738
TGCTCTTGAGAGTTTG-1,0.000186,0.000186,0.000186,0.000371,0.645434,0.019599,0.333668,0.000186,0.000186
TGCTGCGTCAGAGTTA-1,0.000019,0.048436,0.214354,0.130647,0.046159,0.382118,0.059766,0.030983,0.087517
TGCTGGTTGGACAATT-1,0.000074,0.304148,0.070688,0.000148,0.494178,0.033773,0.044042,0.000074,0.052875
TGCTGTTGAAGAACTC-1,0.00003,0.025958,0.311923,0.137825,0.040394,0.183499,0.215922,0.052763,0.031685
TGCTTAGAGAGAATGC-1,0.154693,0.049456,0.016066,0.28396,0.410632,0.000094,0.000094,0.084911,0.000094
TGCTTCCCAAGCAGTA-1,0.220871,0.006121,0.003174,0.000197,0.526723,0.024293,0.193214,0.000098,0.025308
TGCTTGAAACCATGCA-1,0.029175,0.93398,0.036356,0.00014,0.00007,0.00007,0.00007,0.00007,0.00007
TGGAAACGGAGTGAAC-1,0.000148,0.755097,0.000148,0.243864,0.000148,0.000148,0.000148,0.000148,0.000148
TGGAACCACTGACACA-1,0.000026,0.01425,0.161193,0.029452,0.030646,0.462339,0.164678,0.090137,0.047279
TGGAAGAAGGGAACGT-1,0.00003,0.095826,0.386712,0.070378,0.090959,0.058827,0.104358,0.021839,0.171071
TGGAAGACGAACACCA-1,0.01145,0.316591,0.022351,0.00012,0.316379,0.017233,0.15791,0.00006,0.157908
TGGAAGGATAAAGATG-1,0.000022,0.059769,0.49715,0.233405,0.003552,0.018275,0.129833,0.046172,0.011822
TGGAATATCCTTGACC-1,0.002895,0.028354,0.324661,0.13104,0.001116,0.29008,0.110144,0.024734,0.086977
TGGAATTAGACGCTTT-1,0.000028,0.176007,0.20269,0.160558,0.094764,0.045719,0.042668,0.032809,0.244756
TGGACACCGTTGCTTG-1,0.00104,0.579514,0.051786,0.000168,0.049164,0.020039,0.279622,0.000084,0.018582
TGGACCAATCTAAGAT-1,0.200178,0.000083,0.006965,0.042017,0.708804,0.000083,0.005424,0.020393,0.016052
TGGACCACGGCGTTGA-1,0.000075,0.999321,0.000075,0.000151,0.000075,0.000075,0.000076,0.000075,0.000075
TGGACGCAATCCAGCC-1,0.000044,0.003009,0.000044,0.268029,0.410912,0.052002,0.091888,0.142414,0.031658
TGGACGTAGGCGAATC-1,0.000086,0.999222,0.000086,0.000173,0.000086,0.000086,0.000086,0.000086,0.000086
TGGACTGTTCGCTCAA-1,0.000034,0.004104,0.566761,0.144076,0.013154,0.204357,0.007974,0.043946,0.015595
TGGAGAATAATCGTCC-1,0.000008,0.000008,0.004234,0.561177,0.026403,0.025213,0.021035,0.338204,0.023719
TGGAGCTAAAGTTCCC-1,0.000503,0.472856,0.000503,0.001005,0.000503,0.000503,0.386038,0.137587,0.000503
TGGAGGGAAACACCTC-1,0.00002,0.00002,0.081665,0.125973,0.055346,0.516765,0.147795,0.058338,0.014078
TGGAGTGATGCGATGA-1,0.021979,0.18476,0.310179,0.311061,0.018731,0.013908,0.048188,0.030426,0.060768
TGGATAGAGTAACAGA-1,0.000058,0.999475,0.000058,0.000117,0.000058,0.000058,0.000058,0.000058,0.000058
TGGATGGCATCTTGGA-1,0.000018,0.000018,0.112263,0.20458,0.121109,0.243545,0.043491,0.18654,0.088437
TGGCAAACTAAATTAC-1,0.000041,0.000041,0.059551,0.24882,0.20784,0.114678,0.126467,0.1476,0.094961
TGGCAACTCGCGCGCC-1,0.000034,0.055864,0.545941,0.140096,0.0073,0.009192,0.100027,0.048399,0.093146
TGGCAAGCACAAGTCG-1,0.021715,0.045371,0.000102,0.000204,0.552612,0.198692,0.177753,0.003449,0.000102
TGGCACGAGCTCGAGT-1,0.000027,0.068503,0.292197,0.200248,0.021474,0.153187,0.082361,0.03673,0.145273
TGGCAGATTACGATCA-1,0.000032,0.044631,0.342364,0.251207,0.001957,0.301053,0.005482,0.041392,0.011882
TGGCAGCAGTAATAGT-1,0.000017,0.000017,0.510946,0.487865,0.000017,0.001087,0.000017,0.000017,0.000017
TGGCATGAAGTTTGGG-1,0.000033,0.000033,0.017812,0.406011,0.077577,0.004681,0.017929,0.432765,0.043159
TGGCCAAACTGAAGTA-1,0.000045,0.027612,0.415059,0.12554,0.054377,0.096588,0.177744,0.027674,0.075361
TGGCCAATTTGGTACT-1,0.000042,0.000042,0.113705,0.061657,0.133223,0.336402,0.08007,0.139448,0.13541
TGGCCGTATATTGACC-1,0.000022,0.096482,0.050383,0.762245,0.000022,0.004853,0.001951,0.024957,0.059086
TGGCGACTGCTCCAAA-1,0.000026,0.000026,0.024802,0.446673,0.02339,0.19895,0.026307,0.259786,0.020041
TGGCGATCAAGTTATG-1,0.000027,0.000027,0.181975,0.494746,0.045975,0.074173,0.041947,0.132779,0.028351
TGGCGGTGTGCGATTG-1,0.000128,0.728384,0.000128,0.069242,0.110296,0.070562,0.000128,0.021002,0.000128
TGGCTACACTCTACCT-1,0.28018,0.097378,0.06664,0.000572,0.529844,0.000286,0.024529,0.000286,0.000286
TGGCTATGTGACATAC-1,0.999583,0.000046,0.000046,0.000093,0.000046,0.000046,0.000046,0.000046,0.000046
TGGCTCTTGTCGCGTA-1,0.000035,0.033833,0.472419,0.06059,0.027807,0.052967,0.221246,0.107927,0.023177
TGGCTTATGTATAATG-1,0.000014,0.000014,0.000367,0.86629,0.00155,0.000014,0.000014,0.12834,0.003398
TGGCTTGTACAAGCTT-1,0.00002,0.013644,0.337724,0.130124,0.019723,0.284102,0.064846,0.077509,0.072307
TGGCTTTGGGTAGACA-1,0.00005,0.182559,0.048056,0.159055,0.072874,0.009318,0.24117,0.007501,0.279418
TGGGAAATGCCTTTCC-1,0.000033,0.395793,0.100711,0.11413,0.080429,0.033754,0.09504,0.030874,0.149236
TGGGACCATTGGGAGT-1,0.000827,0.550312,0.000827,0.001653,0.000827,0.000827,0.000827,0.000827,0.443074
TGGGATGCACTCATTC-1,0.000045,0.025888,0.242911,0.288173,0.042194,0.066506,0.191309,0.042044,0.10093
TGGGCACAAACAGAAC-1,0.000039,0.993581,0.000039,0.006146,0.000039,0.000039,0.000039,0.000039,0.000039
TGGGCACGTTCTATGG-1,0.000076,0.082028,0.161338,0.139322,0.229367,0.01091,0.264652,0.000076,0.112231
TGGGCCACAAGAGCGC-1,0.001308,0.007257,0.094665,0.849792,0.000018,0.003291,0.000018,0.022213,0.021438
TGGGCCCATACTAATT-1,0.000073,0.056566,0.124216,0.141413,0.335018,0.026891,0.239664,0.045102,0.031057
TGGGCCTTGCCTGCAT-1,0.000122,0.921957,0.000122,0.000244,0.031493,0.000122,0.045695,0.000122,0.000122
TGGGCGATACAATAAG-1,0.000062,0.000062,0.000062,0.000123,0.571654,0.190367,0.222637,0.000791,0.014243
TGGGTAAGGTTCCCGC-1,0.000051,0.103321,0.150122,0.483851,0.094548,0.002918,0.010178,0.105615,0.049396
TGGGTGCACAAGCCAT-1,0.000097,0.000097,0.000097,0.000195,0.583829,0.000097,0.415392,0.000097,0.000097
TGGGTGGGATGTCATT-1,0.000027,0.090521,0.558,0.218786,0.003212,0.022749,0.039592,0.01746,0.049653
TGGGTGTTAAGTAGAA-1,0.000023,0.000023,0.000023,0.475056,0.076035,0.087022,0.048334,0.278707,0.034777
TGGGTTCCCGGACGGA-1,0.00004,0.59197,0.039854,0.073673,0.015714,0.169431,0.033164,0.029635,0.046518
TGGGTTTCGGGCGTAC-1,0.004183,0.001942,0.121579,0.6615,0.067794,0.013636,0.007412,0.097939,0.024015
TGGTAAGCAGGATTGA-1,0.000017,0.021841,0.542089,0.390973,0.002035,0.002185,0.000199,0.02047,0.020191
TGGTATCGCATCCCAA-1,0.001163,0.533475,0.001163,0.002326,0.45722,0.001163,0.001163,0.001163,0.001163
TGGTATCGGTCTGTAT-1,0.00101,0.990906,0.00101,0.002021,0.00101,0.00101,0.00101,0.00101,0.00101
TGGTCCCACGCTACGG-1,0.000094,0.000094,0.000094,0.000188,0.277805,0.110852,0.592101,0.017992,0.000779
TGGTCGATATACCTCT-1,0.001569,0.008921,0.012203,0.369646,0.088198,0.059286,0.22816,0.198402,0.033616
TGGTCGGGTACAGGGC-1,0.000018,0.002479,0.350522,0.283644,0.045295,0.112726,0.086224,0.069888,0.049204
TGGTCGTGCAAGGCAA-1,0.000018,0.007015,0.64624,0.054314,0.059727,0.14765,0.04577,0.020377,0.018889
TGGTCGTTTGATAGAT-1,0.000021,0.043889,0.407095,0.169999,0.043026,0.0648,0.059445,0.137703,0.074021
TGGTCTAGCTTACATG-1,0.000077,0.165648,0.105597,0.037153,0.182037,0.001099,0.000296,0.003603,0.50449
TGGTCTGTTGGGCGTA-1,0.000044,0.055818,0.393372,0.08693,0.005114,0.117647,0.235388,0.044083,0.061605
TGGTGATCGTATTTGT-1,0.000042,0.185896,0.159518,0.22914,0.072762,0.049969,0.203386,0.006631,0.092656
TGGTGCCCTGCCTTAC-1,0.000025,0.000025,0.007642,0.44063,0.077073,0.098809,0.077883,0.248736,0.049179
TGGTTAACTTACATTT-1,0.000138,0.032471,0.019929,0.084628,0.853752,0.003142,0.000138,0.005665,0.000138
TGGTTAAGGGCGCTGG-1,0.000033,0.000033,0.0706,0.082995,0.030726,0.506017,0.184001,0.029734,0.095862
TGGTTATGCTTGCGGT-1,0.000032,0.069094,0.220877,0.212656,0.280046,0.015124,0.034153,0.026113,0.141904
TGGTTCAACGGGTAAT-1,0.000023,0.007105,0.024182,0.428052,0.044339,0.040595,0.022575,0.336955,0.096174
TGGTTCGTAGCAAAGG-1,0.000028,0.176293,0.167711,0.503906,0.009931,0.032336,0.026153,0.027513,0.05613
TGGTTGGAGGATCCTG-1,0.000025,0.161499,0.121919,0.688969,0.000025,0.001178,0.000109,0.009115,0.01716
TGGTTTAAACGTGGGT-1,0.000022,0.000022,0.223487,0.082766,0.028871,0.562681,0.019284,0.022501,0.060367
TGTAACTTGTCAACCT-1,0.002174,0.980429,0.002175,0.004349,0.002175,0.002175,0.002175,0.002175,0.002175
TGTAAGACTGATAAGA-1,0.000306,0.00146,0.002825,0.431201,0.152855,0.027264,0.010256,0.32277,0.051064
TGTAATGACCACAATA-1,0.000026,0.049406,0.458487,0.080185,0.025487,0.058476,0.178255,0.007334,0.142343
TGTAATGCCTTCGGAC-1,0.000022,0.056255,0.414692,0.251641,0.042609,0.049531,0.034501,0.091319,0.059431
TGTACCCGACCCTAAT-1,0.000028,0.000028,0.012009,0.440927,0.191683,0.006872,0.007903,0.171998,0.168553
TGTACGAACAAATCCG-1,0.000014,0.030446,0.392462,0.46348,0.010547,0.009341,0.004541,0.057542,0.031626
TGTACGCTATCAGCTT-1,0.000034,0.110757,0.094891,0.605511,0.048758,0.004851,0.014489,0.056372,0.064338
TGTACTACTCTCACGG-1,0.004004,0.008524,0.21108,0.095529,0.124837,0.415003,0.069111,0.05943,0.012481
TGTACTATCGCTCGTT-1,0.000024,0.002232,0.009557,0.343785,0.052786,0.06402,0.050896,0.397188,0.079512
TGTACTGTGCCAAAGT-1,0.000079,0.599708,0.221374,0.173007,0.000079,0.000079,0.000079,0.005516,0.000079
TGTAGCCAATTCCGTT-1,0.000086,0.000086,0.000086,0.000173,0.305342,0.279813,0.410823,0.003503,0.000086
TGTAGGAGAAATTTCC-1,0.000049,0.055007,0.104671,0.099842,0.149467,0.356249,0.142264,0.054921,0.037529
TGTAGTGATCTATAAT-1,0.000055,0.088741,0.120378,0.007057,0.051952,0.21324,0.339177,0.015178,0.164222
TGTATAACAGATCCTG-1,0.000047,0.02957,0.503061,0.016896,0.033885,0.155983,0.142407,0.040729,0.077423
TGTATACGGATGATGA-1,0.000027,0.012647,0.039611,0.104116,0.057774,0.181061,0.171748,0.386827,0.046189
TGTATCAGACTGAAGC-1,0.00002,0.018263,0.516703,0.366925,0.006876,0.01864,0.009684,0.030068,0.032823
TGTATCCTTATTCCAT-1,0.000051,0.258728,0.037138,0.508198,0.000051,0.000051,0.000051,0.189139,0.006592
TGTATGGCGCAGACAG-1,0.000062,0.062901,0.000631,0.294653,0.181348,0.15475,0.066539,0.05367,0.185446
TGTATTTACCTAATGC-1,0.000064,0.020188,0.223246,0.013483,0.099478,0.236322,0.05744,0.000064,0.349715
TGTCATTTGTTGGGAA-1,0.013995,0.000799,0.516486,0.312629,0.000104,0.130134,0.000019,0.024113,0.001722
TGTCCACGGCTCAACT-1,0.116941,0.086523,0.000246,0.000492,0.698867,0.000246,0.096194,0.000246,0.000246
TGTCCCGACATAGCAC-1,0.000129,0.511918,0.019288,0.000257,0.026056,0.180084,0.262011,0.000129,0.000129
TGTCCGCAAACAATTC-1,0.000018,0.000018,0.008839,0.264688,0.082077,0.114363,0.169402,0.313722,0.046874
TGTCCGTGGCGCCTTT-1,0.000032,0.079916,0.231754,0.274947,0.087604,0.057447,0.048484,0.02182,0.197995
TGTCCTAAGTCACCGC-1,0.000038,0.265564,0.356796,0.207181,0.000038,0.046066,0.013701,0.02089,0.089726
TGTCGGCATGGTGGAA-1,0.00007,0.917861,0.00007,0.000141,0.081577,0.00007,0.00007,0.00007,0.00007
TGTCGTGGGTATAGGC-1,0.032491,0.015748,0.023204,0.815864,0.021724,0.006809,0.000396,0.079246,0.004517
TGTCGTTATCACATAT-1,0.094493,0.043456,0.001952,0.042352,0.713543,0.000119,0.000119,0.09996,0.004007
TGTCTACAGTTTCTGT-1,0.000093,0.690692,0.000093,0.000186,0.088865,0.151629,0.068254,0.000093,0.000093
TGTGACTACGCCAGTC-1,0.000036,0.028808,0.340182,0.425693,0.000036,0.006749,0.156364,0.004012,0.038121
TGTGAGACTAGCCCAA-1,0.000095,0.10487,0.00881,0.015435,0.391475,0.067286,0.267831,0.09258,0.051619
TGTGATTCCAGCGCTT-1,0.000035,0.401318,0.13612,0.271379,0.005678,0.035583,0.024284,0.078277,0.047327
TGTGCCAGAGGCAAAG-1,0.000012,0.000012,0.006205,0.539068,0.082396,0.04684,0.00888,0.25794,0.058646
TGTGCTTTACGTAAGA-1,0.000036,0.046888,0.354307,0.009378,0.100625,0.124248,0.183164,0.0054,0.175952
TGTGGAGGAAGCTTAA-1,0.000298,0.544447,0.000298,0.102918,0.206211,0.000298,0.000298,0.097777,0.047456
TGTGGCAAAGCGTATG-1,0.000031,0.022997,0.25479,0.040296,0.029199,0.411511,0.147843,0.055528,0.037805
TGTGGCGGGCTTCTGG-1,0.324406,0.041465,0.014754,0.000201,0.373549,0.011209,0.234214,0.000101,0.000101
TGTGGTTGCTAAAGCT-1,0.015381,0.011494,0.047793,0.189251,0.717053,0.000083,0.000083,0.018778,0.000083
TGTGTCGAAGTCGAGG-1,0.000031,0.000031,0.180832,0.045509,0.09253,0.279434,0.201569,0.023172,0.176892
TGTGTCGCGAGTTGCA-1,0.000054,0.122981,0.138163,0.219998,0.033638,0.102126,0.274481,0.016091,0.092468
TGTGTGACCATGAATC-1,0.000037,0.000037,0.09729,0.04051,0.107433,0.521756,0.12573,0.016846,0.090361
TGTGTTCGTATCCAAG-1,0.000027,0.022446,0.195892,0.475867,0.016159,0.08963,0.026882,0.019606,0.153491
TGTTATTGTATGTGGC-1,0.005984,0.00005,0.009079,0.449073,0.041326,0.120244,0.048234,0.131747,0.194264
TGTTCATAAATGTGCT-1,0.000019,0.08259,0.064799,0.356088,0.269794,0.018409,0.006016,0.008005,0.194278
TGTTCCGCTTCCATGA-1,0.000047,0.000047,0.444084,0.150298,0.115908,0.092457,0.1538,0.006548,0.036811
TGTTCCGGCCTGAGCT-1,0.030262,0.000083,0.000083,0.000166,0.035525,0.012607,0.888656,0.032536,0.000083
TGTTCGTATTGCGGTG-1,0.000031,0.004572,0.079501,0.558377,0.015423,0.19925,0.007218,0.12406,0.01157
TGTTCTCTACTCCCTA-1,0.000016,0.000016,0.352201,0.234977,0.006992,0.355902,0.018646,0.013032,0.018218
TGTTCTTCCATTGACT-1,0.000052,0.048034,0.273833,0.28637,0.010917,0.066741,0.011299,0.017666,0.285089
TGTTGATCACTGTTTA-1,0.000022,0.007821,0.394237,0.044115,0.023529,0.27474,0.157654,0.042217,0.055667
TGTTGTCAAGAAGTCT-1,0.000055,0.016686,0.314621,0.026706,0.03957,0.125833,0.301879,0.000055,0.174595
TGTTTAATACTTCATC-1,0.000117,0.299904,0.062914,0.263091,0.258815,0.000117,0.090349,0.000117,0.024575
TGTTTCGGTACTTCTC-1,0.000093,0.142049,0.13153,0.126752,0.199856,0.023748,0.162776,0.180704,0.032494
TGTTTCTGAAGCGTGC-1,0.000149,0.054632,0.000149,0.020569,0.71335,0.031926,0.178929,0.000149,0.000149
TTAAACAGAGTCCCGC-1,0.000034,0.893555,0.0008,0.105441,0.000034,0.000034,0.000034,0.000034,0.000034
TTAAACCGGTAGCGAC-1,0.000061,0.602146,0.001804,0.004287,0.18843,0.070068,0.108242,0.023432,0.001529
TTAAACCTGGTTCCTT-1,0.000015,0.096222,0.020213,0.697472,0.167254,0.000348,0.000015,0.008392,0.010069
TTAAACTCGAATTCAT-1,0.000032,0.001741,0.250294,0.14359,0.022861,0.255531,0.14659,0.165325,0.014037
TTAAAGGCGATGCTCG-1,0.000012,0.000012,0.021652,0.711089,0.013844,0.035735,0.087298,0.109685,0.020672
TTAACACCTCGAACAT-1,0.000027,0.082446,0.048515,0.30238,0.165268,0.012438,0.055717,0.070625,0.262585
TTAACCAACCCTCCCT-1,0.000045,0.196725,0.068323,0.082128,0.239096,0.022668,0.047497,0.025068,0.31845
TTAACGAACAAGCAGT-1,0.000016,0.000016,0.50078,0.25564,0.032793,0.106444,0.022549,0.043378,0.038384
TTAACGTCGCAAGACC-1,0.000081,0.750666,0.035375,0.000161,0.145401,0.001889,0.059016,0.00733,0.000081
TTAACGTTAAAGCCTG-1,0.00002,0.038047,0.445885,0.052053,0.081602,0.110626,0.118507,0.054123,0.099137
TTAACTCACGCGTGGA-1,0.000036,0.27353,0.12772,0.076847,0.129143,0.077207,0.102005,0.010932,0.202582
TTAACTTCAGGTAGGA-1,0.000033,0.005263,0.362467,0.123226,0.044636,0.218413,0.113923,0.084204,0.047837
TTAAGACGAACGAACC-1,0.005817,0.017817,0.258014,0.28392,0.17433,0.004551,0.016925,0.068377,0.170249
TTAAGATACCCAGAGA-1,0.000018,0.000018,0.032627,0.23795,0.194686,0.167787,0.169777,0.164955,0.032181
TTAAGATAGGATTGAC-1,0.000204,0.073582,0.000204,0.000408,0.924785,0.000204,0.000204,0.000204,0.000204
TTAAGCCGACAACTTC-1,0.000031,0.061172,0.048201,0.824376,0.010889,0.000031,0.000031,0.011558,0.043711
TTAAGCGCCTGACCCA-1,0.003295,0.044958,0.249838,0.35342,0.0369,0.064724,0.035346,0.0313,0.18022
TTAAGGATACGGAGGT-1,0.000044,0.285266,0.007312,0.707155,0.000044,0.000044,0.000044,0.000044,0.000044
TTAAGGCCCGTACTTT-1,0.000088,0.098617,0.02749,0.07914,0.789232,0.005165,0.000088,0.000089,0.000092
TTAAGTATTGTTATCC-1,0.116671,0.000209,0.000209,0.000419,0.825209,0.000209,0.056656,0.000209,0.000209
TTAATCAGTACGTCAG-1,0.00005,0.048479,0.100876,0.317889,0.107676,0.019392,0.157519,0.052553,0.195567
TTAATGCGAGGTAACT-1,0.000105,0.704473,0.097335,0.117853,0.000113,0.043676,0.031879,0.00098,0.003586
TTAATGTAGACCAGGT-1,0.00004,0.014868,0.568556,0.122995,0.011552,0.044781,0.056505,0.018347,0.162355
TTAATGTGTTTGCAGG-1,0.000088,0.999208,0.000088,0.000176,0.000088,0.000088,0.000088,0.000088,0.000088
TTAATTGCTTTGGGTG-1,0.116733,0.000183,0.000183,0.000365,0.728506,0.034837,0.058544,0.060468,0.000183
TTAATTTCAGACGCGG-1,0.006749,0.056822,0.107127,0.246219,0.118401,0.024836,0.189975,0.105536,0.144335
TTACAACTACGCATCC-1,0.000053,0.104779,0.200094,0.137678,0.09537,0.045971,0.206192,0.01282,0.197044
TTACAGACCTAAATGA-1,0.000036,0.087496,0.287046,0.03464,0.007148,0.344672,0.235434,0.003491,0.000036
TTACATCGTGGCCTGG-1,0.000078,0.307434,0.026721,0.010607,0.055036,0.033152,0.535764,0.000078,0.03113
TTACATGCCACAACTA-1,0.000096,0.032024,0.000096,0.000193,0.909962,0.005856,0.00505,0.03079,0.015932
TTACCATTGATTACCC-1,0.000054,0.056052,0.401182,0.057529,0.09142,0.103721,0.145728,0.0274,0.116914
TTACCCATTGCCGGGT-1,0.00003,0.006166,0.262473,0.540219,0.071852,0.033792,0.02052,0.035187,0.029759
TTACCCTAACAGTCCT-1,0.000052,0.212196,0.078458,0.191739,0.22498,0.053838,0.083071,0.068548,0.087117
TTACCGCCTTAGGGAA-1,0.011804,0.883532,0.001949,0.063536,0.000062,0.03422,0.000062,0.004773,0.000062
TTACGGATGGTTCGAG-1,0.00003,0.00003,0.129223,0.502047,0.006542,0.185165,0.040668,0.126728,0.009567
TTACGGTGTCACCGAG-1,0.272107,0.325598,0.276025,0.071854,0.000075,0.024338,0.010359,0.01957,0.000075
TTACGTAGCGCGTGCT-1,0.000018,0.033455,0.260153,0.408039,0.01314,0.022428,0.032935,0.05309,0.176742
TTACTAAAGGACTTTA-1,0.000041,0.005245,0.020888,0.115607,0.054971,0.152217,0.424607,0.178565,0.047859
TTACTATCGGCTTCTC-1,0.006442,0.065306,0.326854,0.084264,0.036281,0.15816,0.227497,0.018785,0.07641
TTACTCCGGCCGGGAA-1,0.000039,0.028615,0.415614,0.020928,0.008859,0.282962,0.202621,0.025237,0.015124
TTACTCTGGTACGTAC-1,0.000019,0.004493,0.529617,0.439519,0.000019,0.007037,0.000019,0.015391,0.003887
TTACTGGGATATTTCA-1,0.000028,0.000028,0.439882,0.241466,0.004593,0.223329,0.011391,0.065606,0.013679
TTACTGTCTAGAGCTC-1,0.009503,0.000044,0.0878,0.003003,0.015788,0.60823,0.260955,0.000888,0.013789
TTACTGTTTCTCTACG-1,0.000281,0.522287,0.000281,0.000562,0.223844,0.000281,0.251902,0.000281,0.000281
TTAGAAGAACATGACT-1,0.00002,0.00002,0.05075,0.214585,0.091753,0.145155,0.043942,0.390467,0.063307
TTAGAATAAGGGTCGG-1,0.000059,0.000059,0.055113,0.048809,0.638001,0.05222,0.02039,0.176829,0.00852
TTAGACACGATCGTTG-1,0.000038,0.030884,0.163481,0.352297,0.018661,0.125627,0.046698,0.028153,0.234161
TTAGACGAGTCACCTC-1,0.000032,0.000032,0.012111,0.613763,0.012857,0.017109,0.006138,0.316897,0.021061
TTAGAGGGATATACAG-1,0.000017,0.000017,0.288575,0.339679,0.031048,0.162036,0.023065,0.0848,0.070763
TTAGAGTATTGTCGAG-1,0.000015,0.000015,0.040727,0.718117,0.007783,0.058181,0.00627,0.147039,0.021853
TTAGAGTTTAGAAGGA-1,0.000039,0.000039,0.010832,0.613258,0.034596,0.016994,0.000039,0.284027,0.040175
TTAGATAGGTCGATAC-1,0.000054,0.953846,0.028603,0.017227,0.000054,0.000054,0.000054,0.000054,0.000054
TTAGCAACATGGATGT-1,0.000098,0.258648,0.000098,0.000196,0.380411,0.08267,0.253946,0.000098,0.023835
TTAGCATCCCTCACGT-1,0.000013,0.03649,0.017056,0.932903,0.000013,0.001332,0.000013,0.011815,0.000364
TTAGCCATAGGGCTCG-1,0.000021,0.003578,0.173894,0.516928,0.054146,0.120444,0.01616,0.092559,0.022271
TTAGCGAATAGATAGG-1,0.000364,0.002489,0.017075,0.44781,0.072191,0.042675,0.014148,0.316774,0.086473
TTAGCTAATACGATCT-1,0.011248,0.100503,0.503777,0.156189,0.003538,0.084755,0.113724,0.011953,0.014313
TTAGCTCTGTAATCCG-1,0.000016,0.006005,0.166942,0.714856,0.002017,0.006569,0.005112,0.032829,0.065653
TTAGCTGATTTGCCGT-1,0.000024,0.000024,0.039438,0.854958,0.000355,0.067033,0.000024,0.027962,0.01018
TTAGGTCATAACCGAC-1,0.000038,0.000038,0.002723,0.433485,0.112629,0.02138,0.004334,0.325031,0.100341
TTAGTAAACCTGCTCT-1,0.273054,0.000243,0.000243,0.000486,0.718112,0.007134,0.000243,0.000243,0.000243
TTAGTAGGGCGGCGGG-1,0.000033,0.045052,0.34651,0.376238,0.000033,0.0214,0.018027,0.102294,0.090412
TTAGTTATTCGTGGCA-1,0.000196,0.000196,0.000196,0.000392,0.529798,0.217471,0.251361,0.000196,0.000196
TTAGTTCAAGTGTTCG-1,0.000036,0.000036,0.426199,0.139327,0.007509,0.252425,0.102147,0.024713,0.047607
TTATAGATGCACATTA-1,0.001299,0.988308,0.001299,0.002598,0.001299,0.001299,0.001299,0.001299,0.001299
TTATAGGTAATTGTCT-1,0.056081,0.041842,0.000223,0.000446,0.900518,0.000223,0.000223,0.000223,0.000223
TTATAGTCCAAGGTGC-1,0.000027,0.096374,0.29982,0.131778,0.058839,0.120854,0.116388,0.057786,0.118135
TTATATACGCTGTCAC-1,0.000052,0.020471,0.189333,0.113602,0.000052,0.451544,0.172613,0.04932,0.003012
TTATATTTGGCAATCC-1,0.000043,0.034355,0.339555,0.323887,0.008025,0.030487,0.13115,0.034388,0.098109
TTATCCAATCGAACTC-1,0.000054,0.999514,0.000054,0.000108,0.000054,0.000054,0.000054,0.000054,0.000054
TTATCCGGGATCTATA-1,0.000193,0.029339,0.000193,0.000385,0.462337,0.265003,0.242165,0.000193,0.000193
TTATCCTCAAGGAATA-1,0.002639,0.005599,0.122753,0.283807,0.091401,0.187852,0.062273,0.11888,0.124795
TTATCGCCTGCGAAGC-1,0.000047,0.076783,0.063792,0.017202,0.259952,0.124995,0.088927,0.092033,0.276269
TTATCTGACATTAGGA-1,0.000051,0.000051,0.124389,0.00254,0.005524,0.299792,0.521807,0.01009,0.035755
TTATCTGTATCATAAC-1,0.000032,0.033712,0.183921,0.654967,0.021041,0.028541,0.0225,0.024742,0.030543
TTATGAATGAAAGGGA-1,0.000027,0.002167,0.360911,0.035369,0.06615,0.435246,0.056955,0.00763,0.035545
TTATGACAAACTGGAT-1,0.000056,0.121107,0.04013,0.06057,0.122755,0.067346,0.373744,0.017407,0.196884
TTATGATCTTAACGAA-1,0.00003,0.073095,0.221721,0.200603,0.007785,0.268253,0.057534,0.100356,0.070623
TTATGCGTCCCGGTCC-1,0.000104,0.940277,0.000104,0.056734,0.000104,0.000104,0.000104,0.002365,0.000104
TTATGTTTGCGATAGA-1,0.000039,0.145745,0.119543,0.190699,0.128982,0.085606,0.079889,0.068088,0.181409
TTATTAGAGCGTGTTC-1,0.000055,0.000055,0.086613,0.179078,0.104203,0.456038,0.076866,0.071287,0.025804
TTATTAGGGAAGCATC-1,0.000087,0.452633,0.076465,0.090908,0.270389,0.066003,0.039638,0.000087,0.00379
TTCAAAGTCTCTAGCC-1,0.000029,0.015727,0.507433,0.285584,0.011701,0.117763,0.023166,0.020766,0.017831
TTCAACGACCCGACCG-1,0.000066,0.153351,0.025987,0.000132,0.381753,0.181294,0.182141,0.002878,0.072398
TTCAAGCCGAGCTGAG-1,0.000105,0.130119,0.063661,0.237777,0.191158,0.030436,0.230136,0.026456,0.090151
TTCAATACTCTGAATC-1,0.000023,0.000023,0.359012,0.46987,0.016038,0.050419,0.004212,0.089425,0.010977
TTCAATTAGCCATAAT-1,0.000216,0.209119,0.548726,0.123263,0.002797,0.115233,0.000216,0.000216,0.000216
TTCACGAAAGGATCAC-1,0.00002,0.054545,0.52415,0.229155,0.006234,0.058889,0.024071,0.039113,0.063822
TTCACGGTCGTCACGT-1,0.003359,0.000026,0.003295,0.531575,0.039489,0.012179,0.003077,0.356521,0.05048
TTCACTCGAGCACCTA-1,0.000114,0.035919,0.000114,0.002741,0.401761,0.388598,0.162995,0.000673,0.007086
TTCACTTCCTAGAACG-1,0.000108,0.040115,0.000108,0.000217,0.519803,0.012249,0.427183,0.000108,0.000108
TTCAGAGTAACCTGAC-1,0.00007,0.999373,0.00007,0.000139,0.00007,0.00007,0.00007,0.00007,0.00007
TTCAGCCCTGGTCCAC-1,0.000042,0.000042,0.008109,0.377112,0.085686,0.030462,0.018151,0.409546,0.07085
TTCAGGCGTCAAAGCC-1,0.000021,0.038758,0.374084,0.099505,0.212537,0.05134,0.07571,0.039451,0.108595
TTCAGTTCAAGAGGAG-1,0.000011,0.000011,0.010888,0.871736,0.003559,0.00241,0.027088,0.078113,0.006184
TTCAGTTTGTGGCAGC-1,0.000027,0.035501,0.169667,0.3862,0.176969,0.028115,0.076868,0.043699,0.082955
TTCATAGCCTTGTAAC-1,0.000123,0.775029,0.000123,0.000246,0.081002,0.000123,0.143107,0.000123,0.000123
TTCATAGGGTGTCCAT-1,0.06612,0.554142,0.005717,0.022028,0.152122,0.007563,0.044966,0.009751,0.137591
TTCATGGCGCAACAGG-1,0.000032,0.026301,0.180191,0.289028,0.067663,0.034297,0.061165,0.030266,0.311055
TTCCAATCAGAGCTAG-1,0.002616,0.000035,0.413417,0.286609,0.000035,0.004982,0.24236,0.040425,0.009521
TTCCAATCTGGCTATC-1,0.000071,0.000071,0.032983,0.018277,0.101354,0.731948,0.098652,0.008132,0.008513
TTCCACACAGATTTGA-1,0.000038,0.000038,0.247196,0.244136,0.041066,0.276479,0.095995,0.037766,0.057286
TTCCACATTTCTCGTC-1,0.0001,0.621797,0.101974,0.156737,0.050047,0.002791,0.000206,0.0001,0.066249
TTCCAGACGAGATTTA-1,0.051593,0.065751,0.046819,0.017226,0.656647,0.093751,0.040069,0.000257,0.027886
TTCCAGTGGGTTTCGT-1,0.000025,0.000025,0.019744,0.243081,0.0897,0.177718,0.10501,0.328239,0.036459
TTCCATCATGCGGTGA-1,0.000037,0.003543,0.458716,0.365883,0.000037,0.049153,0.040779,0.010659,0.071193
TTCCCAAAGTACTGAT-1,0.000175,0.08062,0.000175,0.00035,0.917981,0.000175,0.000175,0.000175,0.000175
TTCCCGACGCTTCACT-1,0.000036,0.108055,0.143466,0.332877,0.050823,0.004533,0.019481,0.020989,0.319739
TTCCCGGCGCCAATAG-1,0.000024,0.008394,0.34418,0.01826,0.064914,0.435766,0.109162,0.002811,0.016489
TTCCGCAGAGAAATAT-1,0.000017,0.000017,0.650524,0.306344,0.000017,0.012482,0.027531,0.00305,0.000017
TTCCGCGTGAGGCGAT-1,0.000035,0.000035,0.173642,0.403835,0.013358,0.259098,0.017944,0.106285,0.025768
TTCCGGCCTTGAGGCT-1,0.000032,0.000032,0.025009,0.483707,0.057121,0.180566,0.024353,0.126618,0.102562
TTCCGGCTCGACTTCT-1,0.000026,0.002473,0.713272,0.092332,0.026967,0.06347,0.030683,0.03246,0.038317
TTCCGGTTACCCACTT-1,0.000051,0.000051,0.012648,0.551185,0.085,0.054212,0.008126,0.138898,0.149828
TTCCTCGAGGGTGTCT-1,0.00008,0.109638,0.182421,0.017746,0.31444,0.016661,0.241447,0.000083,0.117484
TTCCTCGGACTAACCA-1,0.010134,0.002826,0.000102,0.000204,0.957411,0.000662,0.028457,0.000102,0.000102
TTCCTCTGCCCGAATA-1,0.000035,0.089238,0.34029,0.018184,0.076508,0.15598,0.084854,0.028647,0.206264
TTCCTTTCTGTGTTGC-1,0.000097,0.980894,0.000097,0.000195,0.008355,0.000097,0.010069,0.000097,0.000097
TTCGAACGAAACATGC-1,0.000008,0.000008,0.016801,0.607375,0.043494,0.028429,0.025541,0.251026,0.027319
TTCGACAGAGCCCGTG-1,0.000042,0.000042,0.012157,0.451606,0.044027,0.168169,0.125368,0.186074,0.012516
TTCGACGGGAAGGGCG-1,0.011088,0.032944,0.302942,0.424697,0.000038,0.012503,0.07491,0.01206,0.128818
TTCGAGCCGGCGCTAC-1,0.000022,0.01409,0.276223,0.081896,0.072715,0.356003,0.091273,0.036539,0.071239
TTCGCACTCGCGTGCT-1,0.000029,0.059736,0.168273,0.677344,0.007739,0.002045,0.035661,0.019578,0.029594
TTCGCACTGTACGACA-1,0.000105,0.000105,0.264276,0.142966,0.50114,0.000105,0.000882,0.089656,0.000764
TTCGCATCCGGAAGCA-1,0.000063,0.84358,0.000063,0.000126,0.155917,0.000063,0.000063,0.000063,0.000063
TTCGCCGCTCGCGCTA-1,0.000036,0.000036,0.003231,0.481122,0.115844,0.008226,0.011132,0.271143,0.109231
TTCGCGCGCCATACGA-1,0.000052,0.035402,0.060202,0.141078,0.370273,0.035523,0.055371,0.15864,0.14346
TTCGCTATCTGACGTG-1,0.000027,0.012131,0.45752,0.386033,0.000027,0.03585,0.038632,0.05035,0.019431
TTCGGACTGATGCCTT-1,0.008651,0.027323,0.204358,0.171562,0.08937,0.041492,0.073604,0.027725,0.355916
TTCGGACTGGGCATGG-1,0.015749,0.004687,0.004319,0.556482,0.05715,0.001509,0.00003,0.340075,0.02
TTCGGCAACCCGCTGA-1,0.000029,0.043548,0.374044,0.511254,0.000029,0.002124,0.000029,0.016289,0.052652
TTCGGCTAGAGATGGT-1,0.00005,0.506242,0.076354,0.347238,0.008996,0.00005,0.00005,0.058129,0.002891
TTCGGGACTAATCGCG-1,0.000045,0.047929,0.175214,0.055088,0.010964,0.353172,0.335776,0.002093,0.01972
TTCGGGCGCTAGTCTT-1,0.000042,0.000042,0.034061,0.33077,0.117581,0.142577,0.015813,0.274141,0.084974
TTCGGTACTGTAGAGG-1,0.000125,0.000125,0.000125,0.000249,0.841014,0.115883,0.042231,0.000125,0.000125
TTCGTAATCCCAGCGG-1,0.000048,0.16679,0.170092,0.332586,0.109556,0.021646,0.04816,0.104981,0.04614
TTCGTACTCCAGAACG-1,0.00002,0.027726,0.156325,0.676366,0.052759,0.008976,0.007647,0.021879,0.048303
TTCGTGCATGTTATAG-1,0.000016,0.009417,0.054721,0.575725,0.020446,0.068297,0.019936,0.212354,0.039088
TTCGTGGGCTGGAAGC-1,0.000025,0.037529,0.391487,0.065699,0.030023,0.14155,0.132043,0.056282,0.145363
TTCGTTCAACGAAGTT-1,0.000033,0.063286,0.215638,0.054646,0.009823,0.420214,0.209436,0.009422,0.017502
TTCTAACCGAAGCTTA-1,0.02781,0.090623,0.136078,0.069259,0.032014,0.430351,0.111578,0.027166,0.075122
TTCTACCTCAATCGGT-1,0.000022,0.054022,0.012608,0.655802,0.00564,0.00324,0.001994,0.220638,0.046036
TTCTACCTTTATGTTG-1,0.000094,0.125312,0.043874,0.249059,0.173251,0.005183,0.032716,0.020782,0.349729
TTCTACTTGCGAGGGC-1,0.000038,0.342603,0.105415,0.321441,0.031898,0.021043,0.097879,0.027817,0.051866
TTCTAGAAAGTCTTAT-1,0.000058,0.025477,0.04861,0.080112,0.596988,0.080198,0.075902,0.067993,0.024662
TTCTAGGCCAATTGTG-1,0.000023,0.098269,0.018813,0.876957,0.000023,0.000023,0.000023,0.00438,0.001487
TTCTATGCCTTTCGCA-1,0.000025,0.000025,0.001079,0.643993,0.005025,0.029655,0.005207,0.220153,0.09484
TTCTATTAAACGCAGC-1,0.000097,0.000097,0.000097,0.000193,0.599415,0.000097,0.379568,0.000097,0.02034
TTCTCAATTGCTACAA-1,0.001199,0.000016,0.066367,0.631848,0.045399,0.080631,0.030722,0.120519,0.023299
TTCTCTTACAGGTGAT-1,0.000163,0.000163,0.000163,0.215108,0.703102,0.000163,0.000163,0.080811,0.000163
TTCTGACCGGGCTCAA-1,0.000162,0.000162,0.077038,0.000324,0.849865,0.071963,0.000162,0.000162,0.000162
TTCTGCCGCGCCTAGA-1,0.000023,0.000023,0.116561,0.67797,0.000036,0.074372,0.001664,0.12386,0.005491
TTCTGCGAGCGCCCTT-1,0.009842,0.027476,0.337297,0.449267,0.016201,0.028027,0.020124,0.019509,0.092258
TTCTGCGGGTTAGCGG-1,0.000056,0.000056,0.02921,0.051752,0.06986,0.562415,0.2193,0.036225,0.031128
TTCTGCTAGACTCCAA-1,0.000037,0.000037,0.139089,0.175976,0.031739,0.470244,0.051677,0.015631,0.115568
TTCTGTTTCCTGTCGC-1,0.000079,0.435308,0.016448,0.000158,0.049151,0.049856,0.253126,0.078425,0.117449
TTCTTAGTGAACGGTG-1,0.000093,0.576876,0.000093,0.000185,0.113218,0.000093,0.309258,0.000093,0.000093
TTCTTAGTGGCTCAGA-1,0.000062,0.127665,0.051946,0.24523,0.140964,0.096416,0.220184,0.011555,0.105979
TTCTTCCCTTTGATAT-1,0.000084,0.272723,0.107773,0.560127,0.000084,0.000084,0.000084,0.017967,0.041075
TTCTTCGCAATAGAGC-1,0.00007,0.134936,0.021028,0.205943,0.31891,0.02577,0.058265,0.023387,0.211692
TTCTTGAGCCGCGCTA-1,0.00004,0.00004,0.192201,0.166941,0.019124,0.512441,0.027762,0.038882,0.042569
TTCTTGCTAGCATCTC-1,0.00015,0.025744,0.164186,0.0003,0.776934,0.000157,0.032228,0.00015,0.00015
TTCTTGGACGATCTGC-1,0.000035,0.004347,0.087641,0.308128,0.078181,0.205919,0.019098,0.124469,0.172181
TTCTTGGAGTAATGAG-1,0.00005,0.072506,0.392576,0.181513,0.00005,0.016551,0.062763,0.028229,0.245763
TTCTTGTAACCTAATG-1,0.000037,0.184621,0.338348,0.414904,0.00648,0.000037,0.002482,0.034008,0.019084
TTCTTGTGTCCATCAG-1,0.000031,0.051782,0.331073,0.293477,0.029744,0.038148,0.092172,0.008219,0.155354
TTCTTTGGTCGCGACG-1,0.000046,0.000046,0.195276,0.008625,0.04547,0.395418,0.341136,0.00553,0.008452
TTGAAAGGTGTAAAGG-1,0.000021,0.043906,0.583609,0.225902,0.020315,0.030202,0.0232,0.047196,0.02565
TTGAACGAATCCTTTG-1,0.000065,0.53775,0.098626,0.000129,0.109128,0.012838,0.211191,0.000065,0.030209
TTGAACGACGTGCTGA-1,0.175231,0.067306,0.00021,0.058544,0.67776,0.00021,0.02032,0.00021,0.00021
TTGAAGAATTCCCAGG-1,0.008908,0.06831,0.334695,0.154705,0.076046,0.056673,0.046447,0.052015,0.2022
TTGAAGGATGGGCGCC-1,0.046041,0.045305,0.000095,0.060322,0.831453,0.004267,0.000095,0.012328,0.000095
TTGAATATGGACTTTC-1,0.000035,0.000035,0.562972,0.345239,0.000035,0.081378,0.000035,0.00896,0.00131
TTGAATCGTTGTATAA-1,0.000026,0.008646,0.185297,0.138728,0.045899,0.428296,0.095882,0.055836,0.041391
TTGAATTCACGTGAGG-1,0.000042,0.000042,0.074081,0.183223,0.053473,0.251701,0.073181,0.251028,0.113229
TTGACATGAACGTGGA-1,0.000016,0.075464,0.490492,0.312458,0.014128,0.044468,0.004322,0.03883,0.019822
TTGACCAGGAACAACT-1,0.024341,0.023783,0.000068,0.000136,0.508512,0.012691,0.430332,0.000068,0.000068
TTGACCATGTTCTCCG-1,0.000048,0.008482,0.645134,0.153748,0.000048,0.013657,0.159758,0.008198,0.010926
TTGACCGTGTTAATGA-1,0.000031,0.006268,0.114509,0.048236,0.064273,0.642782,0.073265,0.014441,0.036195
TTGACGATTCAGCACG-1,0.005105,0.906038,0.000057,0.088513,0.000057,0.000057,0.000057,0.000057,0.000057
TTGACGCTCCATGAGC-1,0.000111,0.000111,0.001112,0.128845,0.26601,0.183766,0.229439,0.039962,0.150644
TTGACTACCATATGGT-1,0.000039,0.018657,0.311408,0.102512,0.056525,0.430303,0.053932,0.015567,0.011058
TTGAGAGTACTGCTAA-1,0.004662,0.002373,0.421372,0.193349,0.027496,0.246206,0.044089,0.035666,0.024787
TTGAGCGCCACGTGAT-1,0.000171,0.043479,0.23549,0.000341,0.719837,0.000171,0.000171,0.000171,0.000171
TTGAGGCATTTAACTC-1,0.000038,0.083242,0.146321,0.443501,0.108679,0.056266,0.031423,0.061443,0.069087
TTGAGGGTCGAACGCG-1,0.000022,0.04823,0.227267,0.088887,0.004845,0.330086,0.180463,0.097494,0.022707
TTGATAGTCAATACAT-1,0.000034,0.000034,0.038523,0.113882,0.051013,0.502292,0.109099,0.067874,0.117249
TTGATCTAACTTTGTC-1,0.00004,0.041662,0.137573,0.692158,0.00004,0.00004,0.002736,0.014935,0.110815
TTGATGCCGCTCGTCG-1,0.005374,0.006656,0.028994,0.670063,0.013911,0.004543,0.000658,0.245514,0.024286
TTGATGTGTAGTCCCG-1,0.000045,0.116793,0.304843,0.09163,0.004329,0.08665,0.075955,0.03805,0.281706
TTGATTAGCTGTTTCT-1,0.000039,0.020458,0.307586,0.243979,0.011642,0.280683,0.01599,0.096389,0.023234
TTGATTATGCAGATGA-1,0.000044,0.1129,0.094812,0.245537,0.075457,0.021825,0.131685,0.087912,0.229827
TTGCAAGAAGACTCCT-1,0.00824,0.000068,0.000068,0.000137,0.525759,0.06765,0.375695,0.006655,0.015727
TTGCACAATTCAGAAA-1,0.000018,0.028881,0.395124,0.26957,0.011584,0.170391,0.021635,0.075049,0.027748
TTGCACGGAGCAGCAC-1,0.000039,0.068886,0.228211,0.544701,0.091683,0.002822,0.013606,0.015009,0.035044
TTGCAGGTCATGAAGT-1,0.000015,0.012043,0.30645,0.550153,0.002811,0.008168,0.005943,0.022795,0.091623
TTGCATGCTGATCACG-1,0.000029,0.078798,0.558781,0.312954,0.000029,0.000671,0.003096,0.018549,0.027093
TTGCCATAGCCCGCTC-1,0.000031,0.000031,0.106442,0.669258,0.004326,0.030154,0.002505,0.14931,0.037943
TTGCCCTGATCACGGG-1,0.000031,0.129742,0.485838,0.0624,0.041735,0.017076,0.036005,0.149017,0.078157
TTGCCGCAGACCTACA-1,0.146615,0.001369,0.000076,0.148189,0.685855,0.000076,0.000076,0.013095,0.00465
TTGCCGCTTTCTAGTA-1,0.085313,0.088808,0.104634,0.000329,0.250009,0.000164,0.470415,0.000164,0.000164
TTGCCGGTGATCCCTC-1,0.000049,0.007687,0.157926,0.14448,0.054074,0.108585,0.102043,0.031137,0.394019
TTGCCTAATCCAAAGT-1,0.00002,0.00002,0.007829,0.388417,0.067646,0.063908,0.030926,0.341969,0.099265
TTGCGCACAACCACGT-1,0.059759,0.086584,0.000045,0.00009,0.797316,0.000692,0.055424,0.000045,0.000045
TTGCGCTCTCTCGCTT-1,0.000078,0.132121,0.040791,0.320531,0.271692,0.122499,0.048366,0.016607,0.047314
TTGCGCTTGATCAATA-1,0.069575,0.080299,0.000239,0.000479,0.594738,0.000239,0.253952,0.000239,0.000239
TTGCGGAAAGCTGCCC-1,0.000013,0.0124,0.064863,0.413369,0.033791,0.148281,0.040643,0.219269,0.067372
TTGCGGCATCAGAAAG-1,0.000019,0.000019,0.062572,0.245343,0.022827,0.459148,0.053335,0.106119,0.050619
TTGCGGCGACTCATGC-1,0.000518,0.636631,0.188327,0.171932,0.000518,0.000518,0.000518,0.000518,0.000518
TTGCGTAGTTTGAGGA-1,0.000039,0.215385,0.011589,0.427055,0.068765,0.009579,0.18466,0.072039,0.010889
TTGCGTCGGCCAACCG-1,0.00002,0.00002,0.125938,0.387823,0.007846,0.326252,0.050697,0.06341,0.037994
TTGCGTGAACGCTTAG-1,0.000056,0.059752,0.269094,0.020824,0.035596,0.106065,0.217381,0.067751,0.223482
TTGCGTGTGTAGGCAT-1,0.000251,0.046933,0.000251,0.000503,0.790674,0.160634,0.000251,0.000251,0.000251
TTGCTAGCTACCAATC-1,0.000841,0.750772,0.242503,0.001681,0.000841,0.000841,0.000841,0.000841,0.000841
TTGCTCCCATACCGGA-1,0.000028,0.027133,0.253981,0.557695,0.002357,0.012431,0.038895,0.016488,0.090992
TTGCTGAAGGAACCAC-1,0.011607,0.124731,0.354456,0.268399,0.077543,0.013443,0.029281,0.06831,0.052231
TTGCTGATCATGTTCG-1,0.000076,0.275519,0.237529,0.009445,0.000076,0.192869,0.197531,0.057509,0.029447
TTGCTGCACCTATCCA-1,0.000072,0.352385,0.082013,0.017156,0.279509,0.032647,0.110861,0.035262,0.090095
TTGCTGGCCGGGCTTC-1,0.000188,0.270137,0.13889,0.000376,0.288685,0.007891,0.07152,0.000188,0.222126
TTGGAAGAATACAGTC-1,0.000031,0.000031,0.118526,0.061067,0.084362,0.615292,0.065359,0.022118,0.033213
TTGGACATGTGGCTTA-1,0.000046,0.041563,0.422818,0.007326,0.020133,0.157753,0.163922,0.045953,0.140485
TTGGAGTCTCCCTTCT-1,0.000089,0.853443,0.000089,0.145934,0.000089,0.000089,0.000089,0.000089,0.000089
TTGGATATCGTCTACG-1,0.000033,0.000494,0.360113,0.236893,0.006046,0.178054,0.017507,0.161579,0.039281
TTGGATCGACTTCTGG-1,0.001177,0.470813,0.184989,0.002354,0.001177,0.001177,0.33596,0.001177,0.001177
TTGGATTGGGTACCAC-1,0.000026,0.091919,0.016981,0.684311,0.037755,0.006619,0.02269,0.081759,0.05794
TTGGCCAAATTGTATC-1,0.000022,0.000022,0.006512,0.297698,0.135215,0.166408,0.047518,0.304891,0.041714
TTGGCCATCTTGCGCT-1,0.000056,0.913954,0.013565,0.072145,0.000056,0.000056,0.000056,0.000056,0.000056
TTGGCCTAGAATTTCG-1,0.000062,0.041097,0.094495,0.267348,0.04096,0.076607,0.225074,0.073724,0.180632
TTGGCGATCCGAATAT-1,0.000131,0.016468,0.108565,0.000261,0.763162,0.000131,0.000131,0.042223,0.068929
TTGGCTCGCATGAGAC-1,0.000047,0.294795,0.046322,0.186782,0.021985,0.132267,0.153059,0.032923,0.131819
TTGGGAAGACGAGCCG-1,0.009271,0.000065,0.04657,0.179592,0.447437,0.038865,0.243498,0.000246,0.034456
TTGGGACACTGCCCGC-1,0.000031,0.023604,0.388949,0.520368,0.024493,0.000031,0.004088,0.00618,0.032256
TTGGGCGGCGGTTGCC-1,0.000041,0.009975,0.662304,0.194211,0.000041,0.008143,0.000118,0.01618,0.108987
TTGGGTTTATTCAGCG-1,0.000016,0.000016,0.115489,0.59594,0.001192,0.170474,0.004431,0.102245,0.010196
TTGGTATGGCTTGTGT-1,0.000081,0.000081,0.035866,0.196819,0.362893,0.029821,0.341324,0.032432,0.000683
TTGGTCACACTCGTAA-1,0.000038,0.000038,0.160099,0.032982,0.018783,0.534875,0.170836,0.05818,0.024169
TTGGTGCGGTGTTGAA-1,0.000006,0.000006,0.423905,0.575573,0.000006,0.00016,0.000006,0.00033,0.000006
TTGGTTGCGGTGCGCG-1,0.000025,0.000025,0.095617,0.331971,0.042635,0.306772,0.041252,0.113924,0.06778
TTGTAACTTCATAGCG-1,0.000012,0.004964,0.487004,0.489052,0.000012,0.000814,0.000012,0.003165,0.014965
TTGTAAGGACCTAAGT-1,0.007876,0.033106,0.290247,0.138478,0.060889,0.172198,0.214123,0.047752,0.035331
TTGTAAGGCCAGTTGG-1,0.000034,0.000034,0.692351,0.196416,0.000034,0.023259,0.03198,0.011565,0.044329
TTGTAATCCGTACTCG-1,0.000058,0.022589,0.277205,0.06276,0.084469,0.294411,0.169533,0.024077,0.064897
TTGTACACCTCGAACA-1,0.000026,0.000026,0.022177,0.027404,0.195255,0.589579,0.087991,0.015403,0.06214
TTGTATCACACAGAAT-1,0.000075,0.118492,0.11819,0.287402,0.00338,0.068979,0.140748,0.087946,0.174787
TTGTCACCGCGGTATC-1,0.06623,0.021909,0.023883,0.198142,0.11173,0.102763,0.069445,0.26131,0.144589
TTGTCGTTCAGTTACC-1,0.000041,0.05928,0.247167,0.509125,0.005183,0.034864,0.048966,0.024385,0.07099
TTGTCTCGGCAAGATG-1,0.000025,0.013959,0.047186,0.16062,0.105668,0.148732,0.107642,0.39459,0.021578
TTGTGAGGCATGACGC-1,0.000025,0.069362,0.353246,0.361049,0.010053,0.080681,0.030113,0.051178,0.044293
TTGTGCGGAAGCGGAT-1,0.000136,0.078172,0.000136,0.124384,0.589014,0.138599,0.000136,0.045977,0.023445
TTGTGGAGACAGCCGG-1,0.000019,0.000019,0.086083,0.329702,0.048283,0.097601,0.035156,0.351511,0.051628
TTGTGGCCCTGACAGT-1,0.000056,0.215434,0.092619,0.275555,0.100525,0.024402,0.084438,0.048233,0.158739
TTGTGGTAGGAGGGAT-1,0.00149,0.066965,0.060004,0.067244,0.064266,0.451655,0.210038,0.040299,0.038041
TTGTGGTATAGGTATG-1,0.000019,0.011218,0.021061,0.84008,0.007795,0.007047,0.000019,0.09784,0.014922
TTGTGGTGGTACTAAG-1,0.170274,0.063845,0.000116,0.000232,0.584977,0.069057,0.111266,0.000116,0.000116
TTGTGTATGCCACCAA-1,0.000046,0.054318,0.163961,0.58446,0.109297,0.002492,0.007638,0.042957,0.034831
TTGTGTTTCCCGAAAG-1,0.000033,0.000033,0.058918,0.353427,0.109032,0.181204,0.027376,0.217661,0.052317
TTGTTAGCAAATTCGA-1,0.000047,0.299183,0.039395,0.014515,0.083241,0.100877,0.36478,0.048272,0.04969
TTGTTCAGTGTGCTAC-1,0.000029,0.042645,0.209903,0.705642,0.000029,0.000606,0.02385,0.013131,0.004165
TTGTTCTAGATACGCT-1,0.000057,0.282526,0.04855,0.379648,0.076167,0.005165,0.018409,0.04887,0.140609
TTGTTGGCAATGACTG-1,0.000019,0.000019,0.118227,0.664299,0.043206,0.049482,0.002891,0.101116,0.020741
TTGTTGTGTGTCAAGA-1,0.011438,0.013717,0.489852,0.069885,0.000628,0.100457,0.176984,0.021319,0.11572
TTGTTTCACATCCAGG-1,0.000045,0.002834,0.000858,0.302853,0.198731,0.09521,0.012707,0.327299,0.059463
TTGTTTCATTAGTCTA-1,0.000101,0.000101,0.021782,0.033273,0.773249,0.000101,0.000101,0.053328,0.117965
TTGTTTCCATACAACT-1,0.000025,0.018186,0.338071,0.234074,0.004891,0.06724,0.009263,0.204331,0.123921
TTGTTTGTATTACACG-1,0.000014,0.000014,0.016592,0.714884,0.015668,0.002563,0.012295,0.227421,0.010549
TTGTTTGTGTAAATTC-1,0.000094,0.842224,0.024583,0.000187,0.024279,0.101491,0.000094,0.000094,0.006955
