Barcode,Topic 1,Topic 2,Topic 3to5,Topic 6,Topic 7to8,Topic 9to10
AAACAATCTACTAGCA-1,0.001,0.622416,0.003001,0.001,0.002001,0.370582
AAACACCAATAACTGC-1,0.062087,0.160939,0.064043,0.568867,0.015569,0.128495
AAACAGAGCGACTCCT-1,0.006492,0.069167,0.523839,0.046159,0.07454,0.279802
AAACAGCTTTCAGAAG-1,0.000019,0.000019,0.274065,0.052172,0.422885,0.25084
AAACAGGGTCTATATT-1,0.003305,0.000671,0.503541,0.085979,0.326498,0.080006
AAACAGTGTTCCTGGG-1,0.000007,0.000007,0.546789,0.047899,0.070074,0.335222
AAACATGGTGAGAGGA-1,0.011213,0.083685,0.000117,0.860367,0.038492,0.006125
AAACCACTACACAGAT-1,0.002317,0.030668,0.547884,0.063545,0.178263,0.177323
AAACCGGGTAGGTACC-1,0.000014,0.042282,0.830784,0.003884,0.023668,0.099369
AAACCGTTCGTCCAGG-1,0.000009,0.000009,0.904421,0.00009,0.045656,0.049814
AAACCTAAGCAGCCGG-1,0.025265,0.01049,0.000205,0.72782,0.236084,0.000137
AAACCTCATGAAGTTG-1,0.000016,0.037397,0.791924,0.019187,0.049248,0.102228
AAACGAAGAACATACC-1,0.000429,0.299264,0.001288,0.000429,0.558099,0.14049
AAACGAAGATGGAGTA-1,0.000059,0.000059,0.16362,0.479062,0.000816,0.356383
AAACGACAGTCTTGCC-1,0.000016,0.027274,0.396004,0.063704,0.45002,0.062983
AAACGAGACGGTTGAT-1,0.000019,0.000019,0.841553,0.001532,0.101212,0.055664
AAACGCCCGAGATCGG-1,0.00001,0.010716,0.709637,0.021036,0.123244,0.135357
AAACGGGCGTACGGGT-1,0.084433,0.03134,0.000434,0.503472,0.38003,0.00029
AAACGGTTGCGAACTG-1,0.00008,0.011548,0.00024,0.68097,0.301399,0.005763
AAACGTGTTCGCCCTA-1,0.000025,0.000025,0.137225,0.061537,0.718866,0.082323
AAACTAACGTGGCGAC-1,0.000015,0.037894,0.544649,0.033429,0.150262,0.233751
AAACTCGGTTCGCAAT-1,0.000112,0.020961,0.000335,0.46974,0.508629,0.000224
AAACTCGTGATATAAG-1,0.000028,0.005048,0.1247,0.01611,0.831627,0.022488
AAACTGCTGGCTCCAA-1,0.000015,0.000015,0.740752,0.014492,0.099307,0.145418
AAACTTAATTGCACGC-1,0.000051,0.015735,0.000152,0.961154,0.022806,0.000102
AAACTTGCAAACGTAT-1,0.01505,0.007039,0.425111,0.028878,0.445907,0.078015
AAAGAATGACCTTAGA-1,0.006437,0.170777,0.117022,0.679457,0.000055,0.026252
AAAGAATGTGGACTAA-1,0.00017,0.074704,0.000509,0.579491,0.344786,0.00034
AAAGACATGAAGTTTA-1,0.00002,0.069317,0.465525,0.114409,0.118852,0.231877
AAAGACCCAAGTCGCG-1,0.000045,0.84601,0.053544,0.079785,0.00009,0.020525
AAAGACTGGGCGCTTT-1,0.000021,0.107455,0.641621,0.114674,0.037589,0.098639
AAAGCTTGCCTACATA-1,0.00002,0.000163,0.170203,0.129838,0.537432,0.162344
AAAGGCCCTATAATAC-1,0.000065,0.000065,0.112117,0.603031,0.171878,0.112844
AAAGGCTACGGACCAT-1,0.131205,0.057336,0.183161,0.367036,0.078682,0.18258
AAAGGCTCTCGCGCCG-1,0.006639,0.002749,0.440696,0.078748,0.069841,0.401327
AAAGGGATGTAGCAAG-1,0.000025,0.068947,0.530573,0.033982,0.132034,0.234439
AAAGGGCAGCTTGAAT-1,0.000045,0.17134,0.090496,0.196731,0.335828,0.205559
AAAGGTAAGCTGTACC-1,0.000015,0.015009,0.87125,0.019862,0.021769,0.072095
AAAGGTCAACGACATG-1,0.000008,0.00835,0.960614,0.000008,0.005424,0.025597
AAAGTAGCATTGCTCA-1,0.000013,0.000013,0.957543,0.000019,0.028504,0.013907
AAAGTCACTGATGTAA-1,0.000054,0.806637,0.000161,0.085623,0.095728,0.011797
AAAGTCGACCCTCAGT-1,0.000019,0.015786,0.655446,0.090442,0.10608,0.132228
AAAGTGTGATTTATCT-1,0.000112,0.000112,0.000335,0.696435,0.302142,0.000865
AAAGTTGACTCCCGTA-1,0.014641,0.000069,0.11309,0.588532,0.086857,0.196811
AAATAACCATACGGGA-1,0.000026,0.04547,0.584821,0.045628,0.186558,0.137497
AAATAAGGTAGTGCCC-1,0.000028,0.000028,0.048891,0.071109,0.558617,0.321326
AAATACCTATAAGCAT-1,0.00003,0.00003,0.147498,0.045599,0.643327,0.163517
AAATAGCTTAGACTTT-1,0.000025,0.000025,0.36263,0.13355,0.233562,0.270207
AAATAGGGTGCTATTG-1,0.000101,0.000101,0.000303,0.873749,0.125543,0.000202
AAATCACTCCTAAACG-1,0.000005,0.011834,0.346997,0.020779,0.540109,0.080276
AAATCCGATACACGCC-1,0.041247,0.04209,0.000246,0.2678,0.648454,0.000164
AAATCGCGGAAGGAGT-1,0.000046,0.000046,0.19808,0.407851,0.046137,0.347839
AAATCGTGTACCACAA-1,0.000015,0.000015,0.847076,0.000547,0.11002,0.042327
AAATCTGCCCGCGTCC-1,0.000021,0.000021,0.162358,0.278084,0.388223,0.171294
AAATGACTGATCAAAC-1,0.000013,0.001176,0.545858,0.10113,0.167901,0.183921
AAATGATTCGATCAGC-1,0.004569,0.000027,0.079697,0.045806,0.823509,0.046392
AAATGCTCGTTACGTT-1,0.000081,0.733736,0.073696,0.077394,0.096874,0.018219
AAATGGCATGTCTTGT-1,0.000062,0.288173,0.542444,0.073464,0.012827,0.08303
AAATGGCCCGTGCCCT-1,0.00002,0.025039,0.228555,0.092405,0.534363,0.119619
AAATGGTCAATGTGCC-1,0.000051,0.045338,0.443302,0.030105,0.361121,0.120083
AAATGTATCTTATCCC-1,0.000019,0.026412,0.734146,0.038653,0.061429,0.139341
AAATGTGGGTGCTCCT-1,0.000568,0.608245,0.105904,0.000568,0.001137,0.283577
AAATTAACGGGTAGCT-1,0.000024,0.018839,0.950955,0.005526,0.000222,0.024433
AAATTAATAAGCGCGA-1,0.000019,0.027175,0.349672,0.183874,0.206199,0.233061
AAATTACACGACTCTG-1,0.000054,0.065014,0.25501,0.181063,0.225051,0.273808
AAATTACCTATCGATG-1,0.009216,0.058962,0.750074,0.00325,0.122093,0.056404
AAATTCCAGGTCCAAA-1,0.000063,0.000063,0.000189,0.895912,0.077662,0.026111
AAATTGATAGTCCTTT-1,0.000034,0.000034,0.409942,0.10664,0.127269,0.356081
AAATTGCGGCGGTTCT-1,0.000813,0.815362,0.00244,0.178132,0.001626,0.001626
AAATTGGTGAGAAGCA-1,0.00001,0.00001,0.841178,0.0069,0.109708,0.042194
AAATTTACCGAAATCC-1,0.000041,0.130181,0.292935,0.145962,0.327932,0.102949
AAATTTGCGGGTGTGG-1,0.000025,0.014615,0.443224,0.045173,0.356175,0.140788
AACAACTGGTAGTTGC-1,0.000031,0.048779,0.491103,0.137887,0.148221,0.173979
AACAATACATTGTCGA-1,0.000069,0.000069,0.179247,0.63056,0.024148,0.165907
AACAATTACTCTACGC-1,0.000023,0.049685,0.605877,0.063946,0.058601,0.221868
AACACGACTGTACTGA-1,0.000699,0.829984,0.002099,0.0007,0.001399,0.16512
AACACGAGACGCGGCC-1,0.000009,0.000009,0.9703,0.000009,0.018507,0.011167
AACACGCGGCCGCGAA-1,0.000141,0.998732,0.000423,0.000141,0.000282,0.000282
AACAGCTGTGTGGCAA-1,0.000052,0.000052,0.032338,0.393622,0.055987,0.517949
AACAGGAAATCGAATA-1,0.000025,0.134093,0.706875,0.08497,0.01406,0.059977
AACAGGATGGGCCGCG-1,0.000015,0.046403,0.908332,0.002533,0.005952,0.036765
AACATAGCGTGTATCG-1,0.00002,0.00002,0.165634,0.184125,0.274241,0.37596
AACATATCAACTGGTG-1,0.000024,0.000024,0.380873,0.047408,0.554662,0.017009
AACATCGATACGTCTA-1,0.000025,0.012858,0.372362,0.041633,0.459677,0.113444
AACATTGAAGTTGATC-1,0.00006,0.01022,0.109831,0.630206,0.109418,0.140265
AACATTGGTCAGCCGT-1,0.040338,0.754907,0.202571,0.000437,0.000874,0.000874
AACCAAGACTTCTCTG-1,0.002058,0.013428,0.833659,0.032828,0.087449,0.030577
AACCAGTATCACTCTT-1,0.000031,0.075637,0.576003,0.031624,0.135181,0.181524
AACCATAGGGTTGAAC-1,0.000068,0.000068,0.100049,0.773362,0.099309,0.027144
AACCATGGGATCGCTA-1,0.000053,0.952996,0.046684,0.000053,0.000107,0.000107
AACCCAGAGACGGAGA-1,0.023622,0.527942,0.000302,0.172457,0.275475,0.000201
AACCCATCCCATGATC-1,0.000025,0.000025,0.497685,0.101239,0.01313,0.387896
AACCCGACAACCCGTG-1,0.008775,0.014197,0.073568,0.804825,0.065094,0.033541
AACCCGATAGGGCTTC-1,0.00001,0.01161,0.433206,0.043094,0.434877,0.077202
AACCCGCTGTATTCCA-1,0.000018,0.035206,0.681409,0.053816,0.093182,0.136369
AACCCTACTGTCAATA-1,0.00463,0.009578,0.703478,0.036873,0.057798,0.187644
AACCCTGGTGGAACCA-1,0.000219,0.27825,0.193955,0.246215,0.000438,0.280924
AACCGAGCTTGGTCAT-1,0.000025,0.046532,0.83602,0.000025,0.058834,0.058564
AACCGCTAAGGGATGC-1,0.000079,0.040837,0.062417,0.688656,0.185114,0.022897
AACCGTTGTGTTTGCT-1,0.000447,0.417673,0.00134,0.000447,0.579201,0.000893
AACCTAAAGCCGTCCG-1,0.00004,0.174073,0.442279,0.159189,0.0263,0.19812
AACCTCGCTTTAGCCC-1,0.341889,0.00009,0.013238,0.598129,0.029955,0.016699
AACCTGTCACGGAATT-1,0.000122,0.031753,0.086708,0.722515,0.126912,0.03199
AACCTTTAAATACGGT-1,0.00006,0.00006,0.205978,0.512893,0.21294,0.068069
AACCTTTACGACGTCT-1,0.000048,0.086831,0.309527,0.027821,0.448049,0.127724
AACGAAAGTCGTCCCA-1,0.00005,0.00005,0.253163,0.582107,0.0001,0.16453
AACGATAATGCCGTAG-1,0.008177,0.034436,0.002586,0.346898,0.592136,0.015767
AACGATAGAAGGGCCG-1,0.003695,0.569778,0.307095,0.000027,0.011915,0.107491
AACGATATGTCAACTG-1,0.00003,0.050346,0.749589,0.00003,0.097174,0.10283
AACGCATGATCTGGGT-1,0.000029,0.005805,0.42635,0.035724,0.4447,0.087392
AACGCGAACGGCAACA-1,0.00003,0.578972,0.400171,0.00003,0.00006,0.020736
AACGCGACCTTGGGCG-1,0.000071,0.010475,0.000213,0.434117,0.544015,0.011109
AACGCGGTCTCCAGCC-1,0.000043,0.048766,0.576325,0.002207,0.264881,0.107779
AACGGCCATCTCCGGT-1,0.000017,0.000017,0.683227,0.012803,0.143412,0.160525
AACGTACTGTGGGTAC-1,0.005829,0.000038,0.258043,0.010308,0.606952,0.11883
AACGTCAGACTAGTGG-1,0.00004,0.114772,0.281349,0.141312,0.150827,0.3117
AACGTCATCCGGCTTG-1,0.000395,0.000015,0.501937,0.058716,0.221738,0.217198
AACGTCGCTGCACTTC-1,0.032936,0.090403,0.000264,0.876045,0.000176,0.000176
AACGTGATGAAGGACA-1,0.000053,0.111928,0.350843,0.240646,0.131103,0.165426
AACGTGCGAAAGTCTC-1,0.002279,0.026487,0.293277,0.028079,0.588932,0.060946
AACGTTATCAGCACCT-1,0.000055,0.248558,0.189033,0.051718,0.271014,0.239621
AACTAGCGTATCGCAC-1,0.000588,0.677782,0.048833,0.000588,0.001177,0.271032
AACTAGGCTTGGGTGT-1,0.000054,0.000054,0.204813,0.238763,0.095404,0.460912
AACTCAAGTTAATTGC-1,0.00001,0.0052,0.990553,0.00001,0.00002,0.004206
AACTCCTAATCCCATG-1,0.000055,0.226727,0.446048,0.021212,0.244232,0.061727
AACTCGATAAACACGT-1,0.000855,0.992306,0.002565,0.000855,0.00171,0.00171
AACTCGATGGCGCAGT-1,0.013315,0.870703,0.098419,0.017334,0.000107,0.000123
AACTCTCAATAGAGCG-1,0.000013,0.000013,0.878447,0.000014,0.019619,0.101893
AACTCTCAGTGTGCTC-1,0.000031,0.000031,0.460417,0.111278,0.322941,0.105303
AACTGAGGTCAGCGTC-1,0.000032,0.026616,0.428309,0.031493,0.413239,0.100312
AACTGATATTAGGCCT-1,0.006331,0.051794,0.843489,0.024764,0.014736,0.058887
AACTGGGTCCCGACGT-1,0.000036,0.054487,0.433421,0.010058,0.336199,0.1658
AACTGGGTTCGAGCCG-1,0.000045,0.144761,0.361909,0.102028,0.092792,0.298465
AACTGGTGTGGGCCTT-1,0.000073,0.833459,0.141357,0.000073,0.024113,0.000925
AACTTCTGCGTCTATC-1,0.010088,0.445096,0.245797,0.283979,0.000223,0.014817
AACTTGCCCGTATGCA-1,0.000025,0.077211,0.698824,0.073799,0.018919,0.131221
AACTTGCGTTCTCGCG-1,0.000036,0.497501,0.493469,0.000036,0.000071,0.008888
AACTTTACGGGAGCTT-1,0.000015,0.131947,0.827757,0.000015,0.001231,0.039036
AACTTTAGCTGCTGAG-1,0.00065,0.286165,0.486518,0.00065,0.001299,0.224719
AACTTTCTCGATCATG-1,0.000027,0.016067,0.37547,0.034326,0.352565,0.221545
AAGAAAGTTTGATGGG-1,0.000012,0.002873,0.855415,0.010681,0.037237,0.093783
AAGAAATCACCAGATT-1,0.000013,0.000013,0.553265,0.033689,0.205897,0.207123
AAGAAGGATCAGTTAG-1,0.000082,0.904049,0.000246,0.089384,0.006075,0.000164
AAGACCAAATAACTCA-1,0.000069,0.035309,0.059112,0.827262,0.036715,0.041532
AAGACCCAACTGAACA-1,0.000043,0.024956,0.300244,0.590112,0.023087,0.061557
AAGACTAACCCGTTGT-1,0.00145,0.986953,0.004349,0.00145,0.002899,0.002899
AAGACTCACGCCCACT-1,0.000019,0.051666,0.628902,0.03204,0.062871,0.224502
AAGACTGCAAGCTACT-1,0.000035,0.038899,0.332,0.033747,0.545196,0.050124
AAGAGATGAATCGGTA-1,0.00003,0.0652,0.338211,0.073733,0.230211,0.292616
AAGAGCTCTTTATCGG-1,0.000023,0.000023,0.876252,0.001092,0.080391,0.042218
AAGAGGATGTACGCGA-1,0.000019,0.027931,0.908067,0.005462,0.022395,0.036126
AAGAGGCATGGATCGC-1,0.000015,0.000015,0.993554,0.000015,0.002908,0.003494
AAGATGGCACCGGACC-1,0.000043,0.000043,0.41241,0.35557,0.08829,0.143644
AAGATTGGCGGAACGT-1,0.000025,0.02426,0.477589,0.054705,0.375723,0.067699
AAGCATACTCTCCTGA-1,0.007918,0.000056,0.30359,0.251041,0.159714,0.277681
AAGCCACTTGCAGGTA-1,0.000012,0.000012,0.59129,0.037343,0.178987,0.192356
AAGCCGCCGTGAAATC-1,0.000038,0.028654,0.016284,0.954703,0.000089,0.000233
AAGCCGCTTTACCTTG-1,0.000018,0.000018,0.878341,0.003046,0.053077,0.0655
AAGCGCAGGGCTTTGA-1,0.000108,0.000108,0.000325,0.256925,0.742317,0.000217
AAGCGGAGTGCGCGCA-1,0.000011,0.000011,0.58519,0.007548,0.30738,0.099859
AAGCGGCGTCATGGGT-1,0.033885,0.16827,0.720984,0.000027,0.012006,0.064828
AAGCGTCCCTCATCGA-1,0.009511,0.000032,0.678929,0.04572,0.04378,0.222028
AAGCTAGATCGAGTAA-1,0.000021,0.000021,0.530858,0.026146,0.169661,0.273293
AAGCTATGGATTGACC-1,0.000023,0.005423,0.279605,0.043043,0.492989,0.178917
AAGCTCGTGCCAAGTC-1,0.000046,0.000046,0.411919,0.055116,0.390965,0.141908
AAGGAGAACTTATAAG-1,0.000154,0.272825,0.726249,0.000154,0.000309,0.000309
AAGGAGCGGTTGGTGC-1,0.00003,0.061366,0.627237,0.002909,0.039077,0.269381
AAGGATCGATCGCTTG-1,0.000097,0.014423,0.150473,0.776221,0.040257,0.01853
AAGGATGAGGGACCTC-1,0.000025,0.091596,0.592369,0.000027,0.154769,0.161215
AAGGCGCGTAAAGCTT-1,0.00003,0.166245,0.205378,0.225819,0.134144,0.268384
AAGGCTGTGCTCATCG-1,0.000035,0.034459,0.665568,0.022555,0.13748,0.139903
AAGGGAACGACTGGCT-1,0.000072,0.035354,0.109392,0.632627,0.076131,0.146424
AAGGGACAGATTCTGT-1,0.000043,0.018506,0.265608,0.054673,0.602634,0.058537
AAGGGACTATGCATTC-1,0.000103,0.057364,0.00031,0.773971,0.164643,0.003609
AAGGGTTTGATTTCAG-1,0.000115,0.050402,0.000346,0.835362,0.064492,0.049283
AAGGTATCCTAATATA-1,0.000018,0.009843,0.940547,0.000018,0.048855,0.000719
AAGGTGATAAACCAGC-1,0.000077,0.000077,0.025293,0.552605,0.089271,0.332679
AAGTAGAAGACCGGGT-1,0.000047,0.173515,0.137672,0.161249,0.365463,0.162054
AAGTAGTGACGCGAGG-1,0.00002,0.069901,0.921438,0.00002,0.000039,0.008583
AAGTCTAGTAGCTGCC-1,0.000019,0.000019,0.543937,0.039024,0.184298,0.232703
AAGTCTTCTGTGGCCT-1,0.000038,0.045306,0.662984,0.119341,0.018398,0.153932
AAGTGACGACCGAATT-1,0.000025,0.011389,0.575963,0.10665,0.106731,0.199242
AAGTGAGTCGGGTTTA-1,0.00007,0.00007,0.485255,0.414385,0.004032,0.096188
AAGTGCAAAGGTAGAC-1,0.000032,0.056077,0.54507,0.269809,0.040551,0.088461
AAGTGCGTTAGAATCT-1,0.000029,0.014182,0.267775,0.089917,0.55925,0.068847
AAGTGCTTCTCTATTG-1,0.004474,0.000026,0.25398,0.147945,0.147935,0.445639
AAGTGTTTGGAGACGG-1,0.000114,0.000114,0.000341,0.536299,0.460221,0.00291
AAGTTCACTCCAAGCT-1,0.12518,0.020699,0.000741,0.846272,0.006613,0.000494
AAGTTCAGTCTGCGTA-1,0.006012,0.029005,0.621623,0.015655,0.161333,0.166372
AAGTTCGGCCAACAGG-1,0.000028,0.000028,0.394507,0.075721,0.473469,0.056246
AAGTTGTGATGTTATA-1,0.33298,0.000455,0.001364,0.460703,0.203589,0.000909
AAGTTTACTAATGGCA-1,0.000508,0.335319,0.508514,0.000508,0.001016,0.154136
AAGTTTATGGGCCCAA-1,0.000043,0.000043,0.282205,0.407158,0.234057,0.076495
AATAACAACGCTCGGC-1,0.000019,0.021423,0.49384,0.024621,0.277109,0.182988
AATAACACTAGAACAA-1,0.000015,0.000015,0.321957,0.062047,0.386161,0.229804
AATAACGTCGCGCCCA-1,0.000138,0.164158,0.000414,0.794341,0.040673,0.000276
AATAAGTCCTCGAGAC-1,0.00034,0.417861,0.001021,0.575473,0.00068,0.004625
AATACAATGTTTCAGG-1,0.013044,0.159567,0.291891,0.186124,0.114968,0.234407
AATACCGGAGGGCTGT-1,0.000061,0.000061,0.012453,0.710784,0.22677,0.049871
AATACCTGATGTGAAC-1,0.0001,0.0001,0.000299,0.48447,0.514833,0.000199
AATAGAACAGAGTGGC-1,0.00001,0.00001,0.914225,0.000437,0.034137,0.05118
AATAGAATCTGTTTCA-1,0.000101,0.020989,0.02239,0.633663,0.235866,0.086991
AATAGCAAGCCTCCTG-1,0.00003,0.047838,0.654401,0.129574,0.107027,0.061131
AATAGCTACCGCGTGC-1,0.005582,0.00727,0.534006,0.009548,0.352811,0.090783
AATAGGCACGACCCTT-1,0.00002,0.00002,0.280846,0.140472,0.373118,0.205524
AATAGTCCGTCCCGAC-1,0.000058,0.041724,0.36721,0.20425,0.125395,0.261363
AATAGTCGCGAGTCGG-1,0.00004,0.170498,0.192934,0.252953,0.165365,0.21821
AATATCAAGGTCGGAT-1,0.000066,0.833213,0.045686,0.02861,0.092295,0.000131
AATATCCTAGCAAACT-1,0.000016,0.000016,0.749051,0.050535,0.098802,0.10158
AATATCGAGGGTTCTC-1,0.007682,0.012096,0.502123,0.095742,0.306157,0.0762
AATATTGGAGTATTGA-1,0.000039,0.033847,0.386142,0.056353,0.123903,0.399716
AATCAGACTGCAGGAC-1,0.000637,0.804233,0.191944,0.000637,0.001274,0.001274
AATCAGGTTTCATTTA-1,0.00004,0.00004,0.36294,0.189133,0.182152,0.265695
AATCCAAGGGCCTGAG-1,0.000086,0.928345,0.000258,0.000086,0.071054,0.000172
AATCCATGCAAGGGTG-1,0.000051,0.999541,0.000153,0.000051,0.000102,0.000102
AATCCCGCTCAGAGCC-1,0.000021,0.000021,0.434657,0.064579,0.319047,0.181676
AATCGAGGTCTCAAGG-1,0.003109,0.000015,0.46999,0.079959,0.093323,0.353603
AATCGCCTCAGCGCCA-1,0.000026,0.000026,0.847554,0.000026,0.110356,0.042012
AATCGGGACACTACGA-1,0.00073,0.19294,0.802679,0.00073,0.00146,0.00146
AATCGTGAGCCGAGCA-1,0.006757,0.042478,0.000198,0.546765,0.403671,0.000132
AATCTAGGTTTACTTG-1,0.003298,0.00002,0.794436,0.009274,0.107501,0.085471
AATCTATGCCGGAGCC-1,0.00002,0.00002,0.805955,0.000571,0.134343,0.05909
AATCTCTACTGTGGTT-1,0.000025,0.111026,0.786761,0.004928,0.011009,0.08625
AATCTGCGTTGGGACG-1,0.000028,0.000028,0.620967,0.016985,0.314656,0.047335
AATCTGGCTTTCTAGT-1,0.000047,0.000047,0.146752,0.130941,0.630398,0.091816
AATCTGGGTAGACCCT-1,0.000016,0.062808,0.875894,0.033004,0.000167,0.028111
AATGACAGCAATGTCT-1,0.000018,0.000018,0.899997,0.001157,0.075335,0.023477
AATGACGTAGGATGTC-1,0.000019,0.009579,0.89735,0.000022,0.022144,0.070885
AATGACTGTCAGCCGG-1,0.000033,0.066897,0.429787,0.031752,0.214968,0.256563
AATGAGTTCGCATATG-1,0.000042,0.708374,0.259077,0.000042,0.000085,0.03238
AATGATGATACGCTAT-1,0.000044,0.000044,0.483916,0.003316,0.463006,0.049674
AATGATGCGACTCCTG-1,0.000044,0.000044,0.202886,0.01543,0.673676,0.107919
AATGCAACCGGGTACC-1,0.00002,0.073735,0.684835,0.006406,0.088288,0.146715
AATGCACCAAGCAATG-1,0.000019,0.000019,0.935087,0.00081,0.016262,0.047803
AATGGCCGCCAATGCG-1,0.000006,0.002496,0.937934,0.000006,0.025348,0.034211
AATGGTCCACCGTTCA-1,0.000025,0.0668,0.564507,0.049788,0.152357,0.166522
AATGGTTCTCACAAGC-1,0.003022,0.246801,0.357749,0.014436,0.31729,0.060702
AATGTATGGCACTGTA-1,0.00009,0.012066,0.000271,0.746524,0.240868,0.00018
AATGTGCCCGAGGTGT-1,0.000031,0.000031,0.495757,0.05708,0.096611,0.350489
AATGTGCTAATCTGAG-1,0.0001,0.025649,0.000301,0.711396,0.262354,0.000201
AATGTTAAGACCCTGA-1,0.000014,0.000014,0.387116,0.108416,0.128487,0.375953
AATTAAAGGTCGGCGT-1,0.00002,0.074761,0.562291,0.009828,0.145942,0.207159
AATTAACGGATTTCCA-1,0.000104,0.008505,0.000312,0.403963,0.586909,0.000208
AATTACGAGACCCATC-1,0.000127,0.036099,0.124777,0.785352,0.006808,0.046838
AATTACTCGTACGCTC-1,0.000091,0.989962,0.000272,0.000091,0.009403,0.000182
AATTAGCGCTGCAGCG-1,0.000026,0.043959,0.474965,0.004778,0.115541,0.360732
AATTATACCCAGCAAG-1,0.000019,0.007458,0.244028,0.109995,0.125034,0.513466
AATTCATAAGGGATCT-1,0.000016,0.000016,0.999432,0.000016,0.000032,0.00049
AATTCATTGTCATGCA-1,0.000104,0.018839,0.000326,0.960644,0.009343,0.010744
AATTCCAACTTGGTGA-1,0.021926,0.842489,0.134356,0.000246,0.000492,0.000492
AATTCCAAGCATGTAC-1,0.000122,0.000122,0.000367,0.722667,0.276477,0.000245
AATTCGATTCGAGGAT-1,0.019617,0.000131,0.000394,0.748503,0.231092,0.000263
AATTCTAGAGTTAGGC-1,0.000032,0.000032,0.665007,0.021438,0.089585,0.223907
AATTGAACGCTCTGGT-1,0.000053,0.000053,0.062074,0.061825,0.476717,0.399279
AATTGCAGCAATCGAC-1,0.263144,0.000327,0.000981,0.678919,0.032087,0.024543
AATTGCGTGGATTACA-1,0.000029,0.001193,0.625252,0.181264,0.001241,0.191021
AATTTGGGACATAGTA-1,0.000058,0.075982,0.289514,0.085416,0.268082,0.280948
AATTTGGTTCCAAAGA-1,0.00027,0.430039,0.000809,0.103453,0.24203,0.223399
ACAAACCATGCGTCCT-1,0.000041,0.0439,0.0737,0.730011,0.072437,0.079911
ACAAACCGACAAGGCG-1,0.000077,0.265136,0.130474,0.293138,0.139141,0.172034
ACAAACTCCATCAGAG-1,0.000017,0.000017,0.363807,0.170647,0.254021,0.211492
ACAAAGAAGGTAGGCC-1,0.000018,0.001224,0.306323,0.080337,0.495851,0.116248
ACAAAGCATGACCTAG-1,0.180533,0.000177,0.001209,0.75824,0.000354,0.059487
ACAAATCGCACCGAAT-1,0.000064,0.008481,0.201389,0.47141,0.293214,0.025443
ACAAATGGTAGTGTTT-1,0.00002,0.00002,0.566606,0.041142,0.018302,0.373908
ACAAATTCAGATCTGA-1,0.000023,0.027854,0.269754,0.060251,0.195815,0.446304
ACAACAGCATGAGCTA-1,0.000033,0.051834,0.39233,0.02938,0.325797,0.200625
ACAACGGTCCCTGCGA-1,0.000042,0.224419,0.195924,0.135663,0.189648,0.254305
ACAAGCAGTGCCTAGC-1,0.000033,0.078015,0.298178,0.128476,0.163738,0.331561
ACAAGCTATATGGAAG-1,0.000015,0.014344,0.840971,0.017223,0.034283,0.093164
ACAAGGAAATCCGCCC-1,0.019233,0.00827,0.765495,0.065055,0.021045,0.120902
ACAAGGACAAGAGGTT-1,0.000091,0.140854,0.804003,0.041158,0.000028,0.013866
ACAAGGATGCTTTAGG-1,0.381304,0.000109,0.136619,0.478255,0.000218,0.003494
ACAAGGCCTACCAGCC-1,0.00002,0.061954,0.669528,0.033246,0.105894,0.129358
ACAAGGGCAGGCTCTG-1,0.000027,0.000027,0.43145,0.015832,0.292483,0.26018
ACAAGTAATTGTAAGG-1,0.000009,0.000009,0.515439,0.032361,0.196478,0.255704
ACAATAGTCGTACGTT-1,0.000027,0.045693,0.468346,0.148201,0.118522,0.219211
ACAATCCATTTAAACC-1,0.000025,0.054094,0.571922,0.047538,0.190424,0.135996
ACAATCGATCTTTATA-1,0.000357,0.40926,0.001072,0.587882,0.000715,0.000715
ACAATGAATACGGAGA-1,0.000019,0.000019,0.515729,0.019704,0.020492,0.444037
ACAATGATTCTTCTAC-1,0.00003,0.031061,0.550968,0.080656,0.165322,0.171963
ACAATTTAGGAGGCTC-1,0.008408,0.030393,0.733187,0.017135,0.030789,0.180087
ACAATTTGAGCAGTGG-1,0.000026,0.009589,0.75408,0.026987,0.080194,0.129123
ACACAAAGACGGGTGG-1,0.000031,0.059275,0.420797,0.104107,0.308701,0.10709
ACACAAATATTCCTAG-1,0.000009,0.000117,0.655321,0.007989,0.273537,0.063027
ACACACCAGGACCAGT-1,0.000073,0.000073,0.050358,0.242041,0.358232,0.349224
ACACACTTTCTACACG-1,0.000109,0.37395,0.20004,0.103268,0.317321,0.005313
ACACATGATCAAATCT-1,0.000051,0.043191,0.007906,0.853621,0.062207,0.033023
ACACATTGACGCAACA-1,0.000095,0.999143,0.000286,0.000095,0.000191,0.000191
ACACATTTCCGTAGAC-1,0.008671,0.010499,0.550705,0.013214,0.023942,0.392969
ACACCACATAATTAGC-1,0.00002,0.00002,0.606254,0.018972,0.037357,0.337377
ACACCCAGCATGCAGC-1,0.000032,0.055912,0.565588,0.03392,0.129611,0.214937
ACACCCGAGAAATCCG-1,0.000037,0.310082,0.157813,0.067709,0.227941,0.236419
ACACCGAGCGCTCTTT-1,0.000085,0.715229,0.000255,0.212872,0.062198,0.009362
ACACCGGTCTGACCGC-1,0.000055,0.021515,0.000164,0.792516,0.163484,0.022267
ACACCTTAAGTAGGGC-1,0.000059,0.143405,0.212841,0.065178,0.406471,0.172047
ACACCTTACTACTTGC-1,0.000223,0.055812,0.173712,0.658234,0.000447,0.111572
ACACGAGACTCCTTCT-1,0.004337,0.029736,0.701957,0.019831,0.101506,0.142632
ACACGGCACTATGCAT-1,0.00047,0.496076,0.245713,0.00047,0.256332,0.000939
ACACGGGAACTTAGGG-1,0.000041,0.029421,0.600336,0.003918,0.215539,0.150747
ACACTCCAATGTCACT-1,0.000085,0.531761,0.000256,0.239354,0.228374,0.00017
ACACTGATCAAGGTGT-1,0.000028,0.000028,0.429027,0.00369,0.326743,0.240484
ACAGAACTGAGAACAA-1,0.000019,0.000838,0.273702,0.101231,0.314989,0.30922
ACAGATTAGGTTAGTG-1,0.001334,0.602761,0.389237,0.001334,0.002667,0.002667
ACAGCATAGAGCCAGT-1,0.000139,0.408805,0.000417,0.32874,0.209252,0.052647
ACAGCGCACCCGCAGC-1,0.000179,0.196885,0.381365,0.109958,0.256733,0.054881
ACAGGCACGGATCCTT-1,0.019969,0.000136,0.000408,0.967292,0.011923,0.000272
ACAGGTGGAGGTGAGG-1,0.000029,0.000029,0.306282,0.040854,0.525729,0.127076
ACAGGTGTGTTGTTGC-1,0.000016,0.048992,0.851195,0.006247,0.011399,0.082152
ACAGTAATACAACTTG-1,0.00002,0.00002,0.379249,0.025414,0.559909,0.035389
ACAGTATACCGTGGGA-1,0.000015,0.015982,0.930397,0.000015,0.033156,0.020434
ACAGTGCAGCGCATTT-1,0.00365,0.027497,0.86279,0.00511,0.033556,0.067396
ACATAAGTCGTGGTGA-1,0.000075,0.000075,0.028465,0.827805,0.035362,0.108218
ACATAATAAGGCGGTG-1,0.000022,0.03958,0.709971,0.015755,0.043678,0.190995
ACATACAATCAAGCGG-1,0.000014,0.003135,0.364293,0.122092,0.021951,0.488515
ACATCAGCTGGGACGC-1,0.046786,0.225639,0.661114,0.01083,0.015426,0.040204
ACATCCCGGCCATACG-1,0.000031,0.000031,0.65159,0.041753,0.044277,0.262318
ACATCCTGGTAACTGT-1,0.000172,0.000172,0.000517,0.823142,0.173553,0.002445
ACATCGATCGTTTACC-1,0.000056,0.000056,0.228184,0.017003,0.419432,0.33527
ACATCGCAATATTCGG-1,0.000022,0.000022,0.369726,0.075335,0.424592,0.130303
ACATCGGTCAGCCGCG-1,0.000031,0.017118,0.770792,0.008952,0.103821,0.099286
ACATCGTATGCAATGG-1,0.000039,0.000039,0.3669,0.021796,0.317062,0.294163
ACATCGTTAACCTAGT-1,0.000231,0.150703,0.48781,0.201616,0.121351,0.038289
ACATCTCAACGCGTAA-1,0.000179,0.502234,0.192586,0.027289,0.198063,0.079648
ACATGCTTACGGCAGC-1,0.000025,0.000025,0.274859,0.177208,0.287134,0.260749
ACATGGCGCCAAAGTA-1,0.000069,0.000069,0.043861,0.649121,0.199432,0.107448
ACATGGCTCAATTTAG-1,0.000107,0.999038,0.000321,0.000107,0.000214,0.000214
ACATTAGTTTATATCC-1,0.00004,0.00004,0.398897,0.039252,0.368024,0.193748
ACATTCGCGCGGAATA-1,0.000013,0.024138,0.523897,0.07202,0.10882,0.271113
ACATTTGAAACCTAAC-1,0.008829,0.002955,0.000374,0.971932,0.015661,0.000249
ACCAAACACCCAGCGA-1,0.000013,0.030772,0.412321,0.014126,0.442632,0.100136
ACCAAACTAGAAATCC-1,0.000205,0.53495,0.158754,0.136578,0.169102,0.00041
ACCAACACCACACACT-1,0.020997,0.000021,0.435051,0.049056,0.352394,0.142482
ACCAACCGCACTCCAC-1,0.157066,0.061094,0.000378,0.723965,0.057244,0.000252
ACCAACGCTTATTTAT-1,0.000029,0.007497,0.381397,0.023864,0.388464,0.198749
ACCAAGAACGCGTGTC-1,0.000028,0.339793,0.429647,0.037702,0.061269,0.131561
ACCAATATGCAAGTTA-1,0.01546,0.073726,0.03414,0.830536,0.000306,0.045832
ACCACAACTCAGAACA-1,0.000051,0.281855,0.49743,0.185761,0.010069,0.024834
ACCACAAGTTTCTATC-1,0.000038,0.197309,0.603615,0.022459,0.070769,0.10581
ACCACACGGTTGATGG-1,0.000014,0.000014,0.669035,0.016007,0.012613,0.302316
ACCACCAATGTAACAA-1,0.000091,0.009352,0.237414,0.733597,0.003926,0.01562
ACCACCCTCTCTTCTA-1,0.000031,0.000031,0.170028,0.035543,0.629542,0.164825
ACCACGTGCAGCTATA-1,0.011026,0.00004,0.523029,0.07642,0.313646,0.07584
ACCACTGTTCAAGAAG-1,0.000109,0.82389,0.000327,0.146773,0.028684,0.000218
ACCAGACCATAACAAC-1,0.000013,0.004095,0.710032,0.078646,0.075893,0.131322
ACCAGCCCGGTCTTTG-1,0.063481,0.337129,0.000974,0.438303,0.066963,0.09315
ACCAGGAGTGTGATCT-1,0.000429,0.515988,0.452505,0.000429,0.000859,0.02979
ACCAGTGCCCGGTCAA-1,0.000037,0.035092,0.407749,0.119533,0.33563,0.101959
ACCAGTGCGGGAGACG-1,0.032507,0.064791,0.253992,0.604274,0.028702,0.015734
ACCATATCCGCAATAA-1,0.030337,0.027344,0.731213,0.00262,0.051346,0.157139
ACCATCCGCCAACTAG-1,0.000034,0.050926,0.399188,0.0521,0.405354,0.092398
ACCATCGTATATGGTA-1,0.000048,0.000048,0.324928,0.05497,0.529227,0.090779
ACCATTAAGGGTGTCA-1,0.000122,0.483686,0.260068,0.23676,0.018551,0.000813
ACCCAACGCCCGTGGC-1,0.000022,0.033464,0.798721,0.000998,0.122063,0.044732
ACCCACCTACATGCTC-1,0.000046,0.170789,0.2727,0.408465,0.106382,0.041619
ACCCATCTTGAGGGTA-1,0.000035,0.058166,0.615697,0.025878,0.22799,0.072234
ACCCGAGCGAAATTAC-1,0.000091,0.000091,0.132678,0.711798,0.017481,0.137861
ACCCGATTGGTTCCGA-1,0.000025,0.000025,0.42095,0.068191,0.085817,0.424992
ACCCGGAAACTCCCAG-1,0.000073,0.024273,0.208137,0.575979,0.106756,0.084783
ACCCGGATGACGCATC-1,0.013894,0.072984,0.132625,0.066503,0.229616,0.484378
ACCCGGTTACACTTCC-1,0.000049,0.022343,0.184161,0.02285,0.679199,0.091398
ACCCGTAGCAGAGAAT-1,0.000009,0.000009,0.600352,0.026796,0.096987,0.275848
ACCCGTGTCATCAGTA-1,0.000062,0.000062,0.254135,0.283928,0.139089,0.322723
ACCCTATAGGACTGAG-1,0.00009,0.987516,0.000269,0.011766,0.00018,0.00018
ACCCTATGCCATATCG-1,0.000045,0.000045,0.239704,0.079153,0.326944,0.35411
ACCCTCCCGTCAGGGC-1,0.048075,0.061576,0.00057,0.601221,0.288177,0.00038
ACCCTCCCTTGCTATT-1,0.009552,0.012307,0.227239,0.221763,0.039408,0.489732
ACCCTGGTAACGCCCT-1,0.000024,0.004478,0.579004,0.001957,0.360394,0.054143
ACCCTTCATCTGCGAA-1,0.000116,0.182906,0.644523,0.083563,0.000231,0.08866
ACCCTTGCCTGGGTCG-1,0.00002,0.015863,0.256835,0.018009,0.621214,0.088059
ACCCTTTAGTTCTCCA-1,0.000228,0.266307,0.000685,0.000228,0.717767,0.014784
ACCGAAAGGGCCCTGC-1,0.000042,0.618824,0.259646,0.000042,0.008567,0.112879
ACCGAAGAGTCTGGTT-1,0.00004,0.000844,0.204951,0.273404,0.018283,0.502478
ACCGACTGAGTCCCAC-1,0.000041,0.089792,0.639003,0.004395,0.152932,0.113836
ACCGAGTCTCCTTATT-1,0.000054,0.000054,0.034212,0.443598,0.402065,0.120017
ACCGATGGTAGCATCG-1,0.000025,0.012216,0.688337,0.055649,0.142592,0.101181
ACCGCAATAACTGCCT-1,0.027247,0.113008,0.25331,0.283446,0.267697,0.055291
ACCGCTAGTCATTGGT-1,0.000014,0.007951,0.69701,0.071824,0.076848,0.146353
ACCGGTCAGGTACACC-1,0.000062,0.047145,0.126532,0.728551,0.028885,0.068825
ACCGGTCTGAGTACGG-1,0.000015,0.011904,0.926716,0.009637,0.01537,0.036358
ACCGTCCACTGGGCCC-1,0.000102,0.057786,0.000306,0.791739,0.118339,0.031728
ACCGTGACCACGTGGG-1,0.000067,0.019858,0.16425,0.553126,0.108823,0.153876
ACCGTTCCCGCTCTGA-1,0.001,0.63095,0.363049,0.001,0.002001,0.002001
ACCTAAGTACCTTTCA-1,0.106256,0.000031,0.366209,0.000538,0.475649,0.051317
ACCTAATCGACTTCCT-1,0.000039,0.015033,0.546243,0.077734,0.173044,0.187908
ACCTACTATAAATCTA-1,0.000078,0.000078,0.000233,0.858851,0.140605,0.000155
ACCTCAGCGAGGCGCA-1,0.000772,0.00002,0.288631,0.2691,0.071207,0.370271
ACCTCCGTTATTCACC-1,0.000103,0.000103,0.182852,0.282403,0.503834,0.030706
ACCTCGAACTTATGCT-1,0.000082,0.01624,0.138371,0.814821,0.012022,0.018463
ACCTGCGTGTCATGTT-1,0.000016,0.000016,0.837096,0.000016,0.125228,0.037629
ACGAAATGGGCGGCAC-1,0.000015,0.066109,0.688894,0.008749,0.037474,0.198758
ACGACTCTAGGGCCGA-1,0.000106,0.056503,0.000318,0.745952,0.19691,0.000212
ACGACTGGTCATACTC-1,0.00012,0.00012,0.106568,0.792615,0.034012,0.066565
ACGAGAACCCATCACG-1,0.028991,0.747148,0.000247,0.223285,0.000165,0.000165
ACGAGATATTTGCTTA-1,0.000105,0.051786,0.382043,0.251712,0.051577,0.262778
ACGAGGATACCACTCT-1,0.0287,0.009216,0.805275,0.004861,0.05363,0.098318
ACGAGGTTTACAACGT-1,0.000022,0.000022,0.418531,0.022239,0.000044,0.559143
ACGAGTACGGATGCCC-1,0.000022,0.000022,0.891739,0.000022,0.079551,0.028643
ACGAGTCGCCGGCGTT-1,0.000359,0.872039,0.12581,0.000359,0.000717,0.000717
ACGATACATAGAACTA-1,0.00005,0.011609,0.248921,0.017397,0.549696,0.172326
ACGATACCTATCCTGA-1,0.000037,0.071068,0.626681,0.177321,0.007108,0.117784
ACGATCATACATAGAG-1,0.003403,0.055956,0.935931,0.00002,0.003846,0.000844
ACGATCATCTTGTAAA-1,0.000053,0.000053,0.073723,0.220555,0.576671,0.128946
ACGATGCATATGTTAT-1,0.002781,0.020436,0.821811,0.004442,0.064722,0.085808
ACGATGGATCCGATGC-1,0.000292,0.291584,0.107484,0.000292,0.05831,0.542037
ACGCAATCACTACAGC-1,0.000037,0.000037,0.38619,0.037281,0.528444,0.048013
ACGCATAAATGACATG-1,0.000011,0.000175,0.829277,0.006428,0.0416,0.12251
ACGCATTCGTGAGTAC-1,0.000068,0.035798,0.327173,0.000068,0.275267,0.361626
ACGCCACTCGAAACAG-1,0.000011,0.000011,0.743397,0.057322,0.027751,0.171508
ACGCCAGATGATTTCT-1,0.000037,0.09284,0.753886,0.000037,0.034451,0.118749
ACGCCAGTGCGTTTGC-1,0.000151,0.083673,0.000453,0.913798,0.001624,0.000302
ACGCCCAGCTGTCGAT-1,0.000308,0.587802,0.232017,0.178643,0.000616,0.000616
ACGCCGCTAGACGACC-1,0.000037,0.022942,0.386597,0.003857,0.538579,0.047988
ACGCGAAGTCAGACGA-1,0.000026,0.000026,0.401843,0.006026,0.444028,0.148051
ACGCGCTACACAGGGT-1,0.000023,0.072169,0.751179,0.030343,0.047007,0.099278
ACGCGGGCCAAGGACA-1,0.000032,0.040826,0.449088,0.018896,0.324516,0.166641
ACGCGTTTCTTAAGAG-1,0.00155,0.060125,0.478754,0.115095,0.124568,0.219909
ACGCTAGTATCAGTGC-1,0.000005,0.000005,0.711658,0.002104,0.230854,0.055374
ACGCTAGTGATACACT-1,0.000043,0.054563,0.407443,0.01806,0.325386,0.194505
ACGCTGTGAGGCGTAG-1,0.000032,0.000032,0.744428,0.026636,0.052951,0.175921
ACGCTTAGTGTCTCTC-1,0.000081,0.466566,0.468658,0.002515,0.001948,0.060231
ACGGAACACGAGTGCC-1,0.013464,0.156466,0.000179,0.829652,0.000119,0.000119
ACGGAATTTAGCAAAT-1,0.062389,0.62829,0.148588,0.128116,0.012036,0.020581
ACGGACGCAGCGACAA-1,0.000017,0.000908,0.249154,0.223221,0.410702,0.115998
ACGGACTCTCAAAGCG-1,0.112122,0.000128,0.042619,0.699,0.027368,0.118763
ACGGAGCGCAAATTAC-1,0.000018,0.017338,0.528217,0.006435,0.23638,0.211612
ACGGCACTTGCTTGGG-1,0.000035,0.003802,0.611696,0.063724,0.130671,0.190073
ACGGCCAACATGGACT-1,0.000018,0.000018,0.563083,0.025885,0.202387,0.20861
ACGGCGACGATGGGAA-1,0.005736,0.000018,0.756612,0.010446,0.003156,0.224033
ACGGCGGGTTGCCCTG-1,0.000893,0.991962,0.002679,0.000893,0.001786,0.001786
ACGGCTGGATGTAGAA-1,0.000093,0.105038,0.196374,0.676672,0.000186,0.021637
ACGGGAGTGTCGGCCC-1,0.000021,0.000021,0.557665,0.013207,0.389846,0.03924
ACGGGCGTATGCGACA-1,0.00002,0.00002,0.680137,0.008042,0.231644,0.080138
ACGGGTCATGTGACTT-1,0.000062,0.825351,0.037638,0.122497,0.006433,0.008019
ACGGGTTGTGACCTGT-1,0.000043,0.00525,0.323379,0.175036,0.392757,0.103536
ACGGTACAGTTCAATG-1,0.041614,0.000168,0.000504,0.8621,0.095277,0.000336
ACGGTCACCGAGAACA-1,0.000013,0.000013,0.570834,0.025777,0.163363,0.24
ACGTACAGATTTCTCT-1,0.00073,0.688371,0.148137,0.00073,0.00146,0.160571
ACGTACTTTGGCACGG-1,0.006859,0.000036,0.40418,0.184445,0.161103,0.243378
ACGTAGATTGCTGATG-1,0.00005,0.07206,0.767108,0.016489,0.05669,0.087604
ACGTAGGAGAGTCGCT-1,0.012522,0.288528,0.016539,0.235169,0.434551,0.012691
ACGTATTACTCCGATC-1,0.000109,0.000109,0.04553,0.394499,0.342772,0.216981
ACGTCGGGCAACTCGG-1,0.000018,0.000018,0.284586,0.095839,0.15958,0.45996
ACGTCTCGTTCCGGGA-1,0.000021,0.011883,0.46387,0.017121,0.44633,0.060775
ACGTGACAAAGTAAGT-1,0.000022,0.000022,0.209006,0.157495,0.421345,0.21211
ACGTGCGCCTCGTGCA-1,0.000074,0.211163,0.272012,0.062732,0.209736,0.244282
ACGTGGTCGAATGTGC-1,0.000149,0.349223,0.019509,0.227938,0.09157,0.311613
ACGTTAATGTCGAAGA-1,0.00003,0.00378,0.403431,0.023481,0.444951,0.124328
ACGTTAGATTTGCCCG-1,0.000059,0.002097,0.362847,0.050145,0.538354,0.046498
ACGTTATTGGTCACTC-1,0.000097,0.629052,0.000292,0.144057,0.226301,0.000201
ACGTTCACTATGCCGC-1,0.000028,0.000028,0.268852,0.126424,0.48174,0.122928
ACGTTCCGCGCTCCGT-1,0.000099,0.776348,0.000298,0.052972,0.157217,0.013065
ACGTTCGCAATCAATT-1,0.000047,0.008809,0.022061,0.49276,0.418479,0.057844
ACGTTCGTTCAGGAAA-1,0.000051,0.012041,0.221672,0.589108,0.053418,0.12371
ACGTTCTGTACAAGTC-1,0.150912,0.000249,0.000748,0.847092,0.000499,0.000499
ACGTTGTCGTTGAAAG-1,0.00002,0.00002,0.162798,0.143026,0.543057,0.15108
ACGTTTAGTTGTGATC-1,0.000064,0.112413,0.735437,0.000064,0.000128,0.151895
ACTAAGGACGCACACC-1,0.00001,0.00001,0.853952,0.000876,0.119335,0.025816
ACTAATACGTCAGGCG-1,0.001718,0.01271,0.859651,0.000019,0.02061,0.105292
ACTACAAAGAGAGGTG-1,0.000017,0.000017,0.209053,0.169122,0.341909,0.279881
ACTACATCCCGACAAG-1,0.000082,0.000082,0.215849,0.684735,0.056415,0.042837
ACTACCAGCTCTCTGG-1,0.000061,0.16425,0.275506,0.180278,0.273685,0.10622
ACTACCATCCGAGGGC-1,0.000025,0.003037,0.241405,0.185371,0.378037,0.192125
ACTACGCGTTAGAATT-1,0.000082,0.000082,0.155458,0.615551,0.20936,0.019467
ACTATATGCTGTGTTC-1,0.000032,0.018588,0.764435,0.009623,0.110622,0.0967
ACTATCCAGGGCATGG-1,0.000057,0.036721,0.245701,0.359036,0.210096,0.148389
ACTATCGCCGGCTAAA-1,0.000028,0.495508,0.502887,0.000028,0.000056,0.001493
ACTATGTCCAGCTGCC-1,0.000089,0.000089,0.060677,0.764663,0.169559,0.004924
ACTATTCGTCCGTGGT-1,0.00008,0.126883,0.454187,0.074842,0.106581,0.237427
ACTATTTCCGGGCCCA-1,0.005289,0.000053,0.365403,0.362007,0.096289,0.170959
ACTCAACGAATGTATT-1,0.077582,0.662467,0.000298,0.026464,0.23299,0.000198
ACTCAAGTGCAAGGCT-1,0.387928,0.000137,0.12627,0.485118,0.000273,0.000273
ACTCAATAAAGGCACG-1,0.014307,0.046994,0.406104,0.020547,0.370485,0.141562
ACTCAGACCTGCTTCT-1,0.000091,0.976534,0.000274,0.000091,0.000182,0.022827
ACTCATGGCAGCCTTC-1,0.000047,0.000047,0.246936,0.261915,0.102758,0.388297
ACTCCAATATCATCAT-1,0.000161,0.031277,0.16767,0.800247,0.000322,0.000322
ACTCCCATTCCTAAAG-1,0.000021,0.000021,0.388891,0.054366,0.459113,0.097588
ACTCCCGAATTCGTTT-1,0.000038,0.000038,0.298982,0.054999,0.266142,0.3798
ACTCCCGTAGACTAGG-1,0.00003,0.00003,0.063362,0.076329,0.721535,0.138714
ACTCCCTAATGCTAAA-1,0.000099,0.000099,0.000296,0.622646,0.376664,0.000197
ACTCCCTAGAATAGTA-1,0.000023,0.010273,0.755702,0.008253,0.103402,0.122347
ACTCCGGCCGACCACT-1,0.000116,0.000116,0.000349,0.81433,0.174772,0.010317
ACTCGATGTATTTCAT-1,0.000099,0.665248,0.000298,0.005203,0.328953,0.000199
ACTCGTAACCCGTCCT-1,0.009176,0.010754,0.484109,0.060966,0.344393,0.090601
ACTCGTCAGTAATCCC-1,0.000029,0.001869,0.834073,0.000029,0.143834,0.020167
ACTCTAAACCTGGGAT-1,0.00234,0.047912,0.704846,0.093302,0.030621,0.12098
ACTCTCTGACTTAGGT-1,0.000043,0.000043,0.553663,0.018107,0.358666,0.069479
ACTCTCTTATACACGA-1,0.000109,0.112906,0.28728,0.182665,0.197587,0.219453
ACTCTGACCTAATAGA-1,0.000176,0.000176,0.000529,0.998412,0.000353,0.000353
ACTCTTGTATAGTAAC-1,0.000029,0.025957,0.925372,0.008119,0.024547,0.015976
ACTGAATGGCGAAAGT-1,0.0149,0.006092,0.495475,0.06719,0.173881,0.242462
ACTGATTTAGTGATTC-1,0.000158,0.239716,0.405994,0.216005,0.068311,0.069816
ACTGCCCGCCATTCTC-1,0.000064,0.000064,0.317528,0.407744,0.160107,0.114492
ACTGCCGTCGTAACTC-1,0.000036,0.047046,0.927613,0.005698,0.000072,0.019536
ACTGCGGACACACCGT-1,0.000182,0.04066,0.020259,0.805356,0.119679,0.013865
ACTGCTCGGAAGGATG-1,0.000027,0.000027,0.351046,0.08431,0.279985,0.284606
ACTGGCGAACCTGCGT-1,0.000018,0.005175,0.334105,0.015431,0.514865,0.130406
ACTGGGATGCCAGTGC-1,0.000031,0.000031,0.338273,0.206622,0.218292,0.236751
ACTGTACGATACACAT-1,0.000055,0.064452,0.314842,0.030483,0.485618,0.104549
ACTGTAGCACTTTGGA-1,0.000037,0.049757,0.717584,0.088859,0.083931,0.059832
ACTGTATACGCGAGCA-1,0.02648,0.486616,0.479758,0.003923,0.000086,0.003137
ACTGTCCAGGATTATA-1,0.015861,0.04482,0.631727,0.025728,0.243528,0.038336
ACTGTCTTCTTTAGAA-1,0.000025,0.011871,0.971389,0.000025,0.000051,0.016638
ACTGTGCTAGTAGATC-1,0.000069,0.999377,0.000208,0.000069,0.000138,0.000138
ACTGTTTAGTGTAGGC-1,0.000671,0.351119,0.002014,0.29502,0.001343,0.349834
ACTTACCGGGCGCGCA-1,0.000034,0.037412,0.542294,0.071749,0.065513,0.282998
ACTTAGTACGACAAGA-1,0.000053,0.999519,0.00016,0.000053,0.000107,0.000107
ACTTATACTTACCCGG-1,0.000043,0.000043,0.41296,0.05993,0.329638,0.197386
ACTTATTAGGATCGGT-1,0.000019,0.026936,0.95488,0.000019,0.002422,0.015725
ACTTATTTATGTGCCA-1,0.003187,0.003573,0.000427,0.933609,0.012254,0.046949
ACTTCAGGCTGATCCC-1,0.00011,0.00011,0.129391,0.503556,0.013427,0.353406
ACTTCCAGTGGAAGCT-1,0.000069,0.000069,0.234046,0.334356,0.09524,0.33622
ACTTCCATGCGGGACA-1,0.999678,0.000036,0.000107,0.000036,0.000072,0.000072
ACTTCCTGTCGTGCGA-1,0.000009,0.015471,0.576401,0.007797,0.330907,0.069414
ACTTCGCCATACGCAC-1,0.000068,0.000068,0.53668,0.075859,0.338845,0.048479
ACTTCGCTAGCGAGTG-1,0.000061,0.144771,0.163705,0.647592,0.030329,0.013542
ACTTGACTCCCTCTTT-1,0.000033,0.010245,0.856783,0.000033,0.100026,0.032881
ACTTGCCATATTGTAC-1,0.001471,0.001471,0.004413,0.001471,0.636752,0.354422
ACTTGCTCTATCTACC-1,0.00003,0.00003,0.412702,0.127959,0.106093,0.353186
ACTTGGGACCCGGTGG-1,0.000033,0.030588,0.440982,0.08524,0.250777,0.19238
ACTTGGGCTTTCGCCA-1,0.004361,0.000011,0.598548,0.014071,0.139722,0.243287
ACTTGTAGTCCCTTCA-1,0.000019,0.000019,0.93182,0.000019,0.048778,0.019345
ACTTGTTACCGGATCA-1,0.000028,0.000028,0.327013,0.130449,0.330735,0.211746
ACTTTACCCTCATGAA-1,0.000032,0.000032,0.21964,0.085935,0.507832,0.18653
ACTTTATACACCACTT-1,0.000019,0.000019,0.494134,0.049876,0.253989,0.201964
ACTTTCCTATAGCTTC-1,0.004664,0.000079,0.344329,0.000079,0.311815,0.339035
ACTTTGACTGCATCCT-1,0.000039,0.107166,0.654082,0.080543,0.104821,0.053349
ACTTTGGTCGTGCTCC-1,0.000161,0.000161,0.073153,0.925879,0.000323,0.000323
AGAACACGGCGATGGT-1,0.000022,0.000651,0.186305,0.162224,0.516086,0.134712
AGAACCCTCAATTGGG-1,0.000094,0.000094,0.222816,0.765668,0.000189,0.011139
AGAACGTGGTACATTC-1,0.000033,0.096076,0.670196,0.000033,0.074141,0.159521
AGAACTGTACTTTGTA-1,0.000062,0.000062,0.000187,0.292809,0.654951,0.051929
AGAAGAGCGCCGTTCC-1,0.00024,0.00024,0.752645,0.00024,0.242108,0.004528
AGAAGGTACACTTCAC-1,0.000023,0.000023,0.579858,0.018203,0.205455,0.196437
AGAAGGTTGCCGAATT-1,0.000031,0.015933,0.391739,0.060345,0.366503,0.165449
AGAAGGTTGTAGGTCG-1,0.000137,0.000137,0.00041,0.390003,0.609041,0.000273
AGAAGTGATTCGTGAT-1,0.000037,0.043288,0.317229,0.020469,0.559591,0.059387
AGAATAAATCTTCAGG-1,0.000025,0.020612,0.294966,0.090125,0.405305,0.188966
AGAATACAGGCTATCC-1,0.000064,0.018064,0.000191,0.670214,0.303075,0.008393
AGAATGCGGGTTCGGA-1,0.001897,0.021591,0.807359,0.00548,0.061475,0.102196
AGAATTATGGATTCGA-1,0.000022,0.000022,0.464128,0.050849,0.400811,0.084167
AGAATTGTTTGACATA-1,0.000041,0.394378,0.593449,0.000041,0.000082,0.012008
AGACAGCTCAGAATCC-1,0.000051,0.378075,0.088186,0.244275,0.169033,0.12038
AGACATAGATCCTTCC-1,0.00012,0.716403,0.119461,0.00012,0.060645,0.103251
AGACCAAACCACACCT-1,0.000017,0.000017,0.454251,0.144435,0.201815,0.199465
AGACCATGGGATACAA-1,0.000059,0.163828,0.160145,0.186371,0.319703,0.169893
AGACCCACCGCTGATC-1,0.000023,0.000023,0.741529,0.001597,0.163362,0.093466
AGACCCGCCCTCCTCG-1,0.000029,0.027161,0.773342,0.020854,0.033009,0.145606
AGACCGGGAAACCCTG-1,0.000017,0.019346,0.468034,0.080765,0.151728,0.28011
AGACGACGATGCCGCT-1,0.000021,0.000021,0.566943,0.026996,0.273959,0.132059
AGACGGGATTGGTATA-1,0.011837,0.215764,0.189231,0.243151,0.154796,0.185221
AGACGGGCCGATTTAA-1,0.000032,0.032686,0.314441,0.030095,0.327234,0.295512
AGACTAGCCTTCCAGA-1,0.000026,0.016495,0.8524,0.050545,0.028314,0.05222
AGACTGTTACCGGGTC-1,0.000153,0.000153,0.327074,0.614889,0.000306,0.057424
AGAGAAACACCAGAAA-1,0.000031,0.010646,0.2776,0.495296,0.058891,0.157536
AGAGAACCGTCTAGGA-1,0.000019,0.003812,0.701623,0.03083,0.151068,0.112647
AGAGAAGGAGTACAAT-1,0.000026,0.000026,0.388827,0.102118,0.069247,0.439756
AGAGATCTCTAAAGCG-1,0.000018,0.052261,0.519581,0.069675,0.164436,0.194029
AGAGCAGTTATGAGAC-1,0.003039,0.082326,0.744536,0.035052,0.017228,0.117819
AGAGCGCTTGTAACGG-1,0.00001,0.00001,0.777143,0.000991,0.097974,0.123872
AGAGCGGGCTAATCAT-1,0.013249,0.18972,0.47585,0.052619,0.180827,0.087735
AGAGCGTACAAGCTCG-1,0.000023,0.303059,0.381648,0.021348,0.111378,0.182544
AGAGCTACGAAAGCAT-1,0.000021,0.357,0.640026,0.000021,0.000042,0.00289
AGAGGGACAATTGTCC-1,0.000023,0.026654,0.280076,0.017741,0.560381,0.115125
AGAGGTATCTCGGTCC-1,0.000681,0.286626,0.09529,0.00068,0.001361,0.615362
AGAGTATAGTGTTACG-1,0.000041,0.000041,0.290467,0.07267,0.234002,0.40278
AGAGTGAACAGACACC-1,0.000006,0.010084,0.107521,0.007176,0.843179,0.032035
AGAGTTAGAGACCGAT-1,0.000013,0.018545,0.955141,0.000013,0.000467,0.025821
AGAGTTGCAGGCCTCC-1,0.00001,0.00001,0.846361,0.000606,0.07275,0.080262
AGATAACTTCAGGGCC-1,0.000024,0.009331,0.592363,0.101909,0.081563,0.21481
AGATAATCACACCTAT-1,0.000018,0.000018,0.421261,0.071938,0.335627,0.171137
AGATACCAGCACTTCA-1,0.000027,0.000027,0.432439,0.006292,0.49963,0.061584
AGATACCGGTGTTCAC-1,0.000032,0.109971,0.67633,0.036536,0.017118,0.160013
AGATACGACTTCATAT-1,0.005037,0.99447,0.000185,0.000062,0.000123,0.000123
AGATACTCAAGATCGA-1,0.000034,0.005697,0.416367,0.022312,0.177961,0.377629
AGATATAATACGACTA-1,0.02065,0.070773,0.000418,0.502556,0.405324,0.000279
AGATCGTGCATAAGAT-1,0.000025,0.010815,0.945659,0.000025,0.01201,0.031466
AGATCTCAGGTGTGAT-1,0.000054,0.155037,0.460981,0.000054,0.08359,0.300283
AGATCTGGAGAGGATA-1,0.000021,0.006254,0.290146,0.107888,0.445159,0.150533
AGATGACTCGCCCACG-1,0.007625,0.164227,0.629259,0.025096,0.060166,0.113627
AGATGAGGGTTGCGAT-1,0.000043,0.002993,0.334585,0.036972,0.308594,0.316812
AGATGATGGAGTCTGG-1,0.000045,0.000045,0.151673,0.17188,0.526197,0.150161
AGATGCAAGACGTGCA-1,0.000047,0.019684,0.27612,0.525591,0.021516,0.157042
AGATGCATCCTGTGTC-1,0.000025,0.000025,0.607893,0.022771,0.247535,0.121752
AGATGCTATAACGAGC-1,0.000095,0.870112,0.000286,0.110599,0.018717,0.00019
AGATTATAGGACGTTT-1,0.000055,0.033774,0.474584,0.027301,0.251365,0.21292
AGATTCAAGCGGGTCG-1,0.000016,0.001637,0.708181,0.017891,0.09419,0.178085
AGATTCACAACCGATA-1,0.000022,0.000022,0.087232,0.109569,0.32678,0.476376
AGCAACATATCTTATT-1,0.000033,0.000033,0.360795,0.007672,0.04097,0.590496
AGCAACCGAAAGTAAT-1,0.000015,0.000015,0.376001,0.034267,0.052226,0.537477
AGCACACGTTTAGACT-1,0.00005,0.00005,0.484964,0.343934,0.058966,0.112036
AGCACCAGTACTCACG-1,0.000047,0.050274,0.612579,0.023462,0.244424,0.069214
AGCACTACCGGCCTGT-1,0.263478,0.014972,0.717506,0.000019,0.000037,0.003988
AGCACTACCTCACCAG-1,0.000118,0.028709,0.195873,0.326685,0.309431,0.139183
AGCACTTAAGGACGCC-1,0.000029,0.040093,0.71854,0.035827,0.042967,0.162543
AGCAGAAGGAGAAAGA-1,0.000087,0.033497,0.000261,0.826707,0.139273,0.000174
AGCAGCCAGATGAATA-1,0.000037,0.000037,0.279615,0.19342,0.129798,0.397092
AGCAGTCGAAGCATGC-1,0.004299,0.000025,0.107408,0.283655,0.171503,0.43311
AGCATCATTTCGAAAG-1,0.000019,0.000019,0.230758,0.067181,0.365393,0.33663
AGCATCGTCGATAATT-1,0.000064,0.065754,0.255908,0.093205,0.276378,0.308691
AGCCACAGGTTACCCG-1,0.174478,0.101666,0.0004,0.638378,0.084812,0.000266
AGCCACTCCCGTGCTT-1,0.000055,0.01438,0.607642,0.111956,0.216386,0.049581
AGCCATATAGTATGTG-1,0.000034,0.000034,0.370841,0.07725,0.337214,0.214628
AGCCCATACATGTAAG-1,0.000024,0.020114,0.655155,0.048462,0.077875,0.198371
AGCCCGCAACAAGCAG-1,0.000049,0.000049,0.000147,0.30226,0.697397,0.000098
AGCCCGCACTACAATG-1,0.000101,0.168987,0.000302,0.756528,0.073881,0.000201
AGCCCGGCATTAGAGG-1,0.000136,0.000136,0.000409,0.501333,0.497712,0.000273
AGCCCGGTAGCCTGTA-1,0.000073,0.031189,0.175878,0.426449,0.085363,0.281048
AGCCCTAAGCGAAGTT-1,0.000069,0.260697,0.359108,0.155933,0.187772,0.036421
AGCCCTCCCTGGTGGC-1,0.000105,0.030656,0.108027,0.419686,0.2779,0.163627
AGCCCTTCTAATCCGA-1,0.000026,0.018416,0.686414,0.027121,0.170964,0.097059
AGCCGCAAATTCAAAT-1,0.000009,0.001682,0.948679,0.000009,0.01558,0.034042
AGCCGCTTGATTAGCG-1,0.041943,0.78559,0.00042,0.142071,0.029696,0.00028
AGCCGTGGCTAAATGT-1,0.003663,0.000019,0.178997,0.06228,0.637759,0.117283
AGCCTAATACCCACGT-1,0.000023,0.000023,0.49489,0.038844,0.318538,0.14768
AGCCTTAAAGCGGAAG-1,0.000033,0.372633,0.380477,0.071281,0.060046,0.11553
AGCCTTGTCACTGATA-1,0.000033,0.028238,0.162526,0.098063,0.396996,0.314145
AGCGACAGGAACGGTC-1,0.000021,0.000021,0.351704,0.004592,0.557996,0.085667
AGCGACATCCCATTCA-1,0.009061,0.131017,0.838208,0.005954,0.000058,0.015703
AGCGACCAACGATATT-1,0.000028,0.104521,0.569208,0.024223,0.161936,0.140084
AGCGACTTTGAAGACA-1,0.000011,0.006178,0.485006,0.049231,0.192173,0.267402
AGCGAGACGTGAAGGC-1,0.000031,0.00755,0.287211,0.222674,0.110488,0.372046
AGCGCATAATGAATCG-1,0.000023,0.000023,0.38718,0.137396,0.041679,0.433699
AGCGCGGGTGCCAATG-1,0.000034,0.025335,0.549507,0.023381,0.297773,0.103971
AGCGCTTATGGGCAAG-1,0.000035,0.067253,0.469397,0.043379,0.284921,0.135015
AGCGGACACTTCGTAG-1,0.000156,0.086311,0.000468,0.853357,0.000312,0.059395
AGCGGCGGTTAGCGGT-1,0.000023,0.000023,0.452405,0.068221,0.245563,0.233765
AGCGGGAAGGGTCCAT-1,0.000095,0.619228,0.337394,0.000095,0.00019,0.042997
AGCGGGTCTGACACTC-1,0.000122,0.065139,0.000366,0.741007,0.193122,0.000244
AGCGGTTGAGATGTAC-1,0.000024,0.096671,0.78056,0.032176,0.025123,0.065446
AGCGGTTGCCGCTCTG-1,0.000025,0.000025,0.655467,0.000446,0.296507,0.047529
AGCGTACGAGAGCTAG-1,0.058513,0.712871,0.000234,0.017183,0.200875,0.010324
AGCGTAGCGCTAGACC-1,0.027231,0.964686,0.003031,0.00101,0.002021,0.002021
AGCGTCTGAACCCGCA-1,0.000138,0.588572,0.000414,0.100746,0.309853,0.000276
AGCGTGGTATTCTACT-1,0.000048,0.000048,0.336981,0.046975,0.48026,0.135687
AGCGTTCCGATTTAAA-1,0.000021,0.160207,0.562467,0.089783,0.072232,0.115289
AGCTAACAAGCAATGT-1,0.000082,0.000082,0.155251,0.669115,0.131477,0.043993
AGCTAAGCTCCGTCCG-1,0.00002,0.00002,0.322123,0.113293,0.307721,0.256824
AGCTAAGTACGCAGGC-1,0.062295,0.000123,0.000368,0.872419,0.064551,0.000245
AGCTACGAATGGTGGT-1,0.000081,0.000081,0.000243,0.818377,0.181057,0.000162
AGCTAGAAGCAGAAGT-1,0.006348,0.021452,0.708412,0.000023,0.242314,0.021452
AGCTATTTAATCCAAC-1,0.000062,0.101515,0.180884,0.047269,0.344225,0.326044
AGCTCCTTCGCACATC-1,0.000202,0.052804,0.000605,0.621604,0.324382,0.000403
AGCTCGTTGATGGAAA-1,0.000008,0.001961,0.820926,0.002968,0.12083,0.053307
AGCTCTAGACGTTCCA-1,0.000023,0.025487,0.925477,0.000023,0.038436,0.010554
AGCTCTTCCCAGTGCA-1,0.000053,0.041439,0.310312,0.023925,0.442779,0.181492
AGCTCTTCGTAACCTT-1,0.000105,0.012143,0.063059,0.659868,0.017153,0.247672
AGCTCTTTACTCAGTT-1,0.000048,0.014014,0.417418,0.034071,0.369919,0.16453
AGCTGAAGTAAACCAA-1,0.000031,0.026073,0.54975,0.101506,0.228882,0.093756
AGCTGCATTTGAGGTG-1,0.000018,0.012949,0.802616,0.008739,0.065836,0.109842
AGCTGCTGTGCCGAAT-1,0.000014,0.022821,0.922185,0.003276,0.007502,0.044201
AGCTGTAACCTCAATC-1,0.000751,0.000021,0.757865,0.017279,0.064994,0.15909
AGCTTATAGAGACCTG-1,0.000685,0.516221,0.002055,0.478298,0.00137,0.00137
AGCTTCAATACTTTGA-1,0.000111,0.267759,0.262457,0.465666,0.000223,0.003784
AGCTTCTTCTCGAGCA-1,0.023488,0.023463,0.001377,0.949837,0.000918,0.000918
AGCTTGATCAGGGTAG-1,0.00006,0.005511,0.342252,0.051555,0.338457,0.262166
AGCTTGATCTTAACTT-1,0.000018,0.040412,0.922279,0.000878,0.003369,0.033045
AGGAAAGCCTCTGATG-1,0.000633,0.583154,0.001899,0.411782,0.001266,0.001266
AGGACAGTCGAATCCC-1,0.000028,0.000028,0.600817,0.034836,0.079894,0.284397
AGGACATCGCACGTCG-1,0.000101,0.417868,0.000303,0.246345,0.335182,0.000202
AGGACGACCCATTAGA-1,0.000037,0.008088,0.515353,0.016059,0.398855,0.061608
AGGACGCTCGATGTTG-1,0.005062,0.000025,0.984755,0.000025,0.000842,0.009292
AGGACTTATAGGAGAA-1,0.000106,0.901049,0.000317,0.000106,0.098211,0.000211
AGGAGACATCCACAGT-1,0.000022,0.000022,0.561648,0.013479,0.254603,0.170228
AGGAGAGTCTGGCTAC-1,0.00133,0.000863,0.652922,0.086521,0.065347,0.193018
AGGAGCGTTTATTATC-1,0.000184,0.083162,0.000552,0.915367,0.000368,0.000368
AGGATAAAGTCGGGAT-1,0.000026,0.000026,0.312256,0.14182,0.304654,0.241219
AGGATATAGGGATTTA-1,0.000273,0.099749,0.00082,0.597864,0.300747,0.000547
AGGATATCCGACTGCA-1,0.000112,0.036509,0.000336,0.962595,0.000224,0.000224
AGGATCACGCGATCTG-1,0.000025,0.008945,0.425977,0.083248,0.297499,0.184306
AGGATTGCTTACGACA-1,0.000036,0.000036,0.275166,0.186484,0.213157,0.325122
AGGCAGATGCGTAAAC-1,0.000024,0.079908,0.581259,0.037996,0.206209,0.094604
AGGCAGGGAGCGTACT-1,0.052141,0.025982,0.216747,0.554372,0.005061,0.145696
AGGCCACCCGTTATGA-1,0.000039,0.125179,0.496315,0.062508,0.107588,0.208371
AGGCCCAGTGACTGGT-1,0.000119,0.99893,0.000357,0.000119,0.000238,0.000238
AGGCCCATTGTACAGG-1,0.005922,0.398003,0.192729,0.120952,0.20314,0.079253
AGGCCCTAGAACGCCA-1,0.000008,0.003226,0.990225,0.000008,0.003465,0.003068
AGGCCTATCATACCAA-1,0.000018,0.000018,0.229679,0.128762,0.231959,0.409563
AGGCCTGAGAATCTCG-1,0.379624,0.03979,0.000299,0.272319,0.30777,0.000199
AGGCGGTTTGTCCCGC-1,0.000062,0.064946,0.000186,0.829362,0.054076,0.051368
AGGCGTCTATGGACGG-1,0.000021,0.000021,0.664302,0.009519,0.159218,0.16692
AGGCTATGGTTAGCTT-1,0.000057,0.093589,0.26172,0.253586,0.290914,0.100133
AGGCTTAAGTTGCACA-1,0.016954,0.006932,0.665089,0.016206,0.083217,0.211602
AGGCTTCCCGAAGAAG-1,0.000016,0.000016,0.568418,0.005471,0.368283,0.057796
AGGCTTGCTAGACACC-1,0.000044,0.303157,0.258705,0.086712,0.152577,0.198805
AGGGAAACGAGGTACT-1,0.000025,0.0879,0.594734,0.017293,0.10933,0.190718
AGGGACAGCACGGCGG-1,0.001299,0.735942,0.003897,0.253666,0.002598,0.002598
AGGGACCGGCTGCGTT-1,0.000034,0.007272,0.444169,0.084272,0.047854,0.416398
AGGGACTCTACGCGAC-1,0.006427,0.000029,0.63843,0.010587,0.110531,0.233995
AGGGAGACATACTTCG-1,0.000047,0.000047,0.003851,0.111761,0.875635,0.008659
AGGGCAGCGGCGTGGT-1,0.000173,0.170317,0.035901,0.000173,0.000347,0.793089
AGGGCGAGCAGCTGAT-1,0.000012,0.000012,0.926752,0.000013,0.054958,0.018253
AGGGCGTGATCGGCTA-1,0.00007,0.440533,0.000383,0.14132,0.417449,0.000246
AGGGCTGCAGTTACAG-1,0.000031,0.072187,0.636078,0.027521,0.141983,0.122199
AGGGTCAGAGCACTCG-1,0.000068,0.000068,0.000205,0.36201,0.626378,0.01127
AGGGTCAGTAACCCTA-1,0.000029,0.046242,0.514437,0.028057,0.198814,0.212421
AGGGTCGATGCGAACT-1,0.00004,0.00004,0.089107,0.027524,0.716691,0.166599
AGGGTGCCGTTCTTTA-1,0.000118,0.003384,0.000354,0.614976,0.380932,0.000236
AGGGTGCTCTCGAGGG-1,0.000041,0.008579,0.311034,0.082059,0.477798,0.12049
AGGGTGGATAGTGCAT-1,0.000024,0.093924,0.722589,0.025785,0.010936,0.146742
AGGGTGTGCTACACGC-1,0.009898,0.006842,0.622544,0.028522,0.17667,0.155523
AGGGTTCAGACGGTCC-1,0.009337,0.000038,0.192694,0.178718,0.254888,0.364325
AGGGTTCCCTTTGGTT-1,0.000034,0.023888,0.606377,0.001988,0.32075,0.046963
AGGGTTTAGTTCGGGA-1,0.00007,0.060485,0.180729,0.00007,0.396005,0.36264
AGGTAACCTCCTATTC-1,0.000108,0.477481,0.165905,0.000108,0.131085,0.225314
AGGTACGATATTGCCA-1,0.000163,0.080221,0.1041,0.160504,0.621953,0.03306
AGGTAGATCGAGATAT-1,0.049447,0.007845,0.371165,0.518385,0.000115,0.053043
AGGTAGGTACAAAGCT-1,0.000789,0.079279,0.501417,0.101788,0.093032,0.223695
AGGTATAATTGATAGT-1,0.000024,0.000024,0.312063,0.045342,0.142369,0.500178
AGGTCAGGTGAGAGTG-1,0.000017,0.006248,0.541347,0.013412,0.388502,0.050473
AGGTCGCCACTTCGGT-1,0.084082,0.908508,0.002779,0.000926,0.001852,0.001852
AGGTCGCGGAGTTACT-1,0.000041,0.000041,0.02567,0.075207,0.857003,0.042038
AGGTGTATCGCCATGA-1,0.000016,0.000673,0.999205,0.000016,0.000032,0.000057
AGGTTCTCCTTTCCGG-1,0.000092,0.000092,0.093462,0.435841,0.305124,0.16539
AGGTTGAGGCACGCTT-1,0.010617,0.041002,0.919063,0.00075,0.008987,0.019582
AGGTTTCACACACCTT-1,0.000043,0.017146,0.639836,0.000043,0.305198,0.037735
AGTAACGTTCATCCTG-1,0.007118,0.059961,0.800035,0.013454,0.022203,0.097228
AGTAAGGGACAGAATC-1,0.085212,0.012785,0.000099,0.5743,0.322469,0.005135
AGTAATCTAAGGGTGG-1,0.000026,0.009236,0.177366,0.227589,0.190308,0.395474
AGTAATGTCTTGCCGC-1,0.013303,0.158317,0.27765,0.075714,0.322026,0.15299
AGTAATTTGCAAGCGT-1,0.000015,0.000015,0.815272,0.008499,0.012479,0.163719
AGTACAGAAGCTTATA-1,0.000041,0.000041,0.093859,0.501027,0.248711,0.15632
AGTACATCATTTATCA-1,0.000042,0.002776,0.053962,0.022163,0.780705,0.140353
AGTACCTTCGAGTGCT-1,0.000033,0.029568,0.707841,0.006197,0.098571,0.15779
AGTACGGCCCGTATCG-1,0.000032,0.038735,0.335713,0.089061,0.241082,0.295377
AGTACGGGCACCTGGC-1,0.000054,0.038901,0.399365,0.103386,0.36352,0.094775
AGTACGTGGCCTGTCT-1,0.000045,0.04086,0.429796,0.12199,0.197895,0.209414
AGTAGAAGGCGCCTCA-1,0.000032,0.000032,0.20218,0.163381,0.347296,0.287079
AGTAGCGTGAACGAAC-1,0.00031,0.179276,0.353716,0.000851,0.328476,0.137371
AGTAGCTAGACGCCGA-1,0.005897,0.010067,0.807446,0.004092,0.019384,0.153115
AGTAGGAAGGAAGTTG-1,0.000026,0.017224,0.740342,0.029561,0.097152,0.115696
AGTAGGTAACATACAT-1,0.00004,0.563355,0.406957,0.028058,0.000089,0.001502
AGTATAATACTAGGCA-1,0.012125,0.073186,0.66392,0.015567,0.164883,0.07032
AGTATCCATAATAACG-1,0.018252,0.714049,0.264612,0.000617,0.001235,0.001235
AGTATGCTGGAGACCA-1,0.000068,0.000068,0.077974,0.414999,0.036482,0.470409
AGTATTTGGCACGACC-1,0.000062,0.000062,0.372434,0.315256,0.046978,0.265208
AGTCAAATGATGTGAT-1,0.000074,0.119657,0.000222,0.568103,0.297327,0.014617
AGTCAACACCACCATC-1,0.000025,0.008147,0.693224,0.036511,0.09733,0.164764
AGTCAAGATGACACTT-1,0.000176,0.000176,0.000528,0.558775,0.439992,0.000352
AGTCACTCCGCCTCAT-1,0.176394,0.72737,0.082829,0.012891,0.000258,0.000258
AGTCAGCCACCGCCTG-1,0.000083,0.828835,0.016399,0.074183,0.080334,0.000165
AGTCCAGCGGGTACGT-1,0.000981,0.870472,0.002942,0.121682,0.001961,0.001961
AGTCCATTGGCTGATG-1,0.000136,0.02352,0.008817,0.947365,0.011521,0.008642
AGTCCCGCCTTTAATT-1,0.000033,0.107585,0.789729,0.000033,0.069383,0.033238
AGTCCCTCGCAGAAAG-1,0.000015,0.000015,0.443845,0.046741,0.258805,0.250579
AGTCGAAACGATTCAG-1,0.000005,0.000005,0.954802,0.000216,0.001153,0.043819
AGTCGACGGTCTCAAG-1,0.000031,0.000031,0.212863,0.166351,0.454349,0.166376
AGTCGGCCCAAACGAC-1,0.001396,0.102275,0.300624,0.084421,0.283521,0.227764
AGTCGGCTCAACTTTA-1,0.000022,0.004997,0.302916,0.045675,0.556989,0.089401
AGTCGGTTGCGTGAGA-1,0.000169,0.028587,0.193138,0.656308,0.089077,0.032721
AGTCGTATAAAGCAGA-1,0.000068,0.068194,0.000205,0.651787,0.279609,0.000137
AGTCGTGGGCATTACG-1,0.00252,0.000026,0.763622,0.119769,0.025557,0.088506
AGTCTAAAGTATACTC-1,0.000039,0.000039,0.081164,0.115014,0.658402,0.145341
AGTCTCACAAGACTAC-1,0.000034,0.000034,0.348306,0.078342,0.210057,0.363228
AGTCTGGACATCCTTG-1,0.000061,0.699575,0.191678,0.000061,0.013643,0.094984
AGTCTTCTCCTCAAAT-1,0.000056,0.093629,0.332725,0.016936,0.410208,0.146446
AGTCTTTAAAGTGTCC-1,0.004319,0.000119,0.000356,0.567856,0.427113,0.000237
AGTGAAGATGGTGTCC-1,0.000037,0.000037,0.388639,0.00187,0.401425,0.207992
AGTGACCTACTTTACG-1,0.00004,0.075396,0.219184,0.049789,0.534486,0.121105
AGTGACTGTGACACAA-1,0.000071,0.011093,0.000212,0.779494,0.208008,0.001122
AGTGAGACTTCCAGTA-1,0.000061,0.000061,0.146693,0.070088,0.646726,0.136371
AGTGAGCCTCGCCGCC-1,0.000045,0.000045,0.267915,0.012193,0.6067,0.113103
AGTGAGGGTTTCTGAC-1,0.000129,0.072019,0.326913,0.063561,0.394283,0.143096
AGTGATATGAGTAGTT-1,0.000044,0.018976,0.301288,0.010404,0.644045,0.025243
AGTGATTCAAGCAGGA-1,0.000051,0.000051,0.052824,0.033983,0.8814,0.03169
AGTGCGTAGCTCGTAA-1,0.000024,0.017714,0.765575,0.005492,0.109158,0.102037
AGTGCTAAACACAGCA-1,0.191155,0.000236,0.000708,0.806957,0.000472,0.000472
AGTGCTTGCACGAATA-1,0.00003,0.00003,0.630256,0.030698,0.060626,0.27836
AGTGGCCCGCAAATGG-1,0.000031,0.000031,0.315996,0.172694,0.206657,0.304591
AGTGGCGGCAATTTGA-1,0.002492,0.021571,0.097066,0.078828,0.761462,0.03858
AGTGGCGTCTGAAGGT-1,0.411601,0.062825,0.000219,0.486125,0.039084,0.000146
AGTGGCTCCGTCGGCC-1,0.000027,0.015442,0.753091,0.036128,0.059289,0.136024
AGTGGGAGTATACACG-1,0.001299,0.988308,0.003897,0.001299,0.002598,0.002598
AGTGGTGTTACCCGTG-1,0.000043,0.000043,0.113535,0.122968,0.665882,0.09753
AGTGGTTGCGTATAGG-1,0.000021,0.015789,0.907146,0.021702,0.029856,0.025487
AGTGTATTGCGCATTG-1,0.000042,0.033993,0.710424,0.004544,0.179319,0.071678
AGTGTGCTAAGATCGC-1,0.000055,0.999509,0.000164,0.000055,0.000109,0.000109
AGTGTGGTCTATTGTG-1,0.00009,0.232488,0.282388,0.304116,0.043777,0.137141
AGTTAAACACTTGCGA-1,0.000024,0.006642,0.449475,0.016374,0.120686,0.406799
AGTTAAGCGGTCCCGG-1,0.000031,0.030143,0.732304,0.012759,0.051946,0.172818
AGTTAAGTCAACCGCT-1,0.000017,0.000017,0.815495,0.019658,0.092854,0.071958
AGTTACCCTTAAGACT-1,0.000045,0.112633,0.028639,0.107061,0.356489,0.395132
AGTTACCGCACATGGT-1,0.000034,0.135019,0.471994,0.089133,0.048612,0.255208
AGTTACTCTATCGTGG-1,0.000029,0.010581,0.884488,0.000029,0.002587,0.102285
AGTTATTCAGACTGTG-1,0.000208,0.075001,0.000625,0.776022,0.147727,0.000417
AGTTATTGAAAGGTAA-1,0.002777,0.222618,0.227331,0.307315,0.239493,0.000465
AGTTCACCGGTTGGAC-1,0.000063,0.310299,0.154647,0.439359,0.010278,0.085354
AGTTCCTACAGAATTA-1,0.000027,0.046589,0.675665,0.046135,0.050617,0.180968
AGTTCCTATTTATGTT-1,0.000031,0.000031,0.93386,0.000031,0.048099,0.017947
AGTTCTGCGTTGTATC-1,0.000078,0.999302,0.000233,0.000078,0.000155,0.000155
AGTTGACATCGGCTGG-1,0.000076,0.966293,0.000229,0.033097,0.000153,0.000153
AGTTGACGGTCCTTGC-1,0.00024,0.00024,0.00072,0.62488,0.373441,0.00048
AGTTGCGGTCCTCAAC-1,0.000011,0.000011,0.93571,0.000011,0.001281,0.062975
AGTTGCTGACTGATAT-1,0.000047,0.731819,0.25272,0.000047,0.000094,0.015273
AGTTTATGTAAAGACA-1,0.000026,0.000026,0.143181,0.076706,0.570522,0.209538
AGTTTCGCAGGTCGGA-1,0.000107,0.29735,0.434381,0.009022,0.106169,0.152971
AGTTTGCACCTGCCTC-1,0.000301,0.031683,0.124903,0.693003,0.000603,0.149507
AGTTTGGCCAGACCTA-1,0.000034,0.000034,0.126766,0.019562,0.758765,0.094838
ATAAACCATTGGACGG-1,0.000335,0.858087,0.139906,0.000335,0.000669,0.000669
ATAAACGGACCCGTAA-1,0.000011,0.000011,0.946866,0.000011,0.017785,0.035317
ATAAAGGCTCGGTCGT-1,0.000028,0.026557,0.710236,0.016871,0.13161,0.114699
ATAAAGGTCAAGTACG-1,0.000066,0.099961,0.240716,0.246356,0.063675,0.349227
ATAAATATTAGCAGCT-1,0.00003,0.021234,0.37838,0.087954,0.200302,0.3121
ATAACGCCGGAGGGTC-1,0.00002,0.028037,0.730206,0.012578,0.127336,0.101823
ATAACGGAGTCCAACG-1,0.000028,0.065895,0.860358,0.002102,0.051552,0.020065
ATAACGTTACCTCCAC-1,0.000027,0.010601,0.81003,0.000027,0.034139,0.145175
ATAAGCAAACACCGAG-1,0.000008,0.000399,0.532378,0.027307,0.282545,0.157363
ATAAGGTGGAGAACAT-1,0.004696,0.00002,0.729178,0.003518,0.000241,0.262347
ATAAGTACCCGATTGT-1,0.000016,0.022402,0.968705,0.000016,0.000032,0.008829
ATAAGTAGGATTCAGA-1,0.000028,0.047581,0.479989,0.04342,0.300964,0.128018
ATAAGTAGGGCGACTC-1,0.000034,0.000034,0.168837,0.107114,0.353746,0.370235
ATAAGTTACCGCGACG-1,0.000035,0.000035,0.155936,0.017724,0.799626,0.026644
ATAATACCGTTAGCCG-1,0.000049,0.421597,0.256249,0.023957,0.057005,0.241144
ATAATAGCTGTTGAAT-1,0.000017,0.000017,0.770669,0.003526,0.125076,0.100695
ATAATAGTGTAGGGAC-1,0.000097,0.331853,0.2037,0.176512,0.170601,0.117237
ATAATCTTGGAGAACC-1,0.167599,0.031386,0.145504,0.530929,0.000423,0.124159
ATAATTAGCTAAGTAG-1,0.000126,0.000126,0.215759,0.783483,0.000253,0.000253
ATACAGCGTCCACTGA-1,0.005671,0.000017,0.794483,0.009618,0.128405,0.061806
ATACAGGCCCTCCAAT-1,0.000151,0.000151,0.000453,0.823651,0.175293,0.000302
ATACCACGGGCAACTT-1,0.008754,0.012695,0.750971,0.029674,0.091936,0.10597
ATACCAGCAAATTGCT-1,0.001099,0.349165,0.34645,0.298889,0.002198,0.002198
ATACCAGGCTAATAGA-1,0.000093,0.513025,0.000278,0.101472,0.359528,0.025605
ATACCCTCCCGGCCAA-1,0.000018,0.013714,0.43469,0.14105,0.285,0.125528
ATACCGTCATCCATAA-1,0.000028,0.023826,0.285046,0.075566,0.51207,0.103463
ATACCTAACCAAGAAA-1,0.00007,0.008023,0.054595,0.551656,0.373407,0.012249
ATACGACAGATGGGTA-1,0.000024,0.013717,0.291608,0.085629,0.540631,0.068391
ATACGAGGTTTGTAAG-1,0.006095,0.000019,0.523386,0.11185,0.237371,0.12128
ATACGCCGGCGAAACC-1,0.000027,0.000027,0.090519,0.056128,0.76234,0.09096
ATACGGAACGTCGTTT-1,0.000026,0.000026,0.389017,0.068804,0.205424,0.336703
ATACGGGTTTCGATTG-1,0.000088,0.06052,0.49808,0.285369,0.136981,0.018962
ATACGGTGAAGATGCA-1,0.000016,0.005837,0.863335,0.021347,0.016975,0.092491
ATACGTACTTAGCCAC-1,0.000141,0.018651,0.261025,0.447731,0.265256,0.007196
ATACGTCCACTCCTGT-1,0.00854,0.000203,0.000609,0.926833,0.063409,0.000406
ATACGTTATGCACGGA-1,0.344075,0.06266,0.042875,0.203113,0.332146,0.015131
ATACTAGCATGACCCT-1,0.000071,0.117962,0.487203,0.062319,0.320356,0.012089
ATACTCTCGCCACTCT-1,0.00015,0.735539,0.000451,0.040098,0.223462,0.0003
ATACTGCCTTACACCG-1,0.504706,0.096997,0.000256,0.322771,0.075099,0.00017
ATACTTGTTCTCGAGC-1,0.000022,0.097932,0.84119,0.006048,0.002188,0.052621
ATAGACAACGGGACCT-1,0.000021,0.000021,0.838971,0.000021,0.111619,0.049346
ATAGACGAAGAGAAAG-1,0.000025,0.059646,0.444973,0.051899,0.246175,0.197283
ATAGAGTACTGGGACA-1,0.020595,0.199271,0.479059,0.016409,0.191987,0.092678
ATAGAGTTATCAACTT-1,0.000044,0.009553,0.631617,0.051234,0.260066,0.047487
ATAGATTTGCAGTCGG-1,0.00028,0.310129,0.364628,0.098769,0.00056,0.225633
ATAGCCTCAGTACCCA-1,0.000096,0.497162,0.000287,0.09221,0.410053,0.000191
ATAGCTGCTCTTGTTA-1,0.000078,0.762827,0.000235,0.033371,0.199553,0.003935
ATAGGAATCTAAGCTT-1,0.000023,0.041398,0.646148,0.016438,0.125321,0.170671
ATAGGCGGCTATAGAA-1,0.000018,0.045126,0.588111,0.021491,0.229297,0.115956
ATAGGCTAGCTTCGCA-1,0.000039,0.010556,0.404612,0.001112,0.520201,0.063481
ATAGGGATATCCTTGA-1,0.000026,0.056949,0.858166,0.000026,0.065463,0.01937
ATAGGTTGGGCAGATG-1,0.000043,0.155519,0.803647,0.000043,0.005777,0.034972
ATAGTCTTTGACGTGC-1,0.066786,0.928213,0.001876,0.000625,0.00125,0.00125
ATAGTGAAGCGTTCTC-1,0.000021,0.031467,0.898307,0.000021,0.030017,0.040167
ATAGTTCCACCCACTC-1,0.00005,0.00005,0.342096,0.176027,0.16555,0.316227
ATATAAAGCGCTCGTG-1,0.000131,0.000131,0.000392,0.772241,0.226845,0.000261
ATATAAATGTAGCTGC-1,0.000103,0.015557,0.134264,0.650848,0.194588,0.00464
ATATAACACGGGCGCA-1,0.076807,0.000187,0.00056,0.656277,0.265796,0.000373
ATATACATGTATGGTA-1,0.000041,0.000041,0.175306,0.092645,0.684227,0.04774
ATATAGAGTATTGGTC-1,0.000123,0.162507,0.000369,0.83651,0.000246,0.000246
ATATCAACCTACAGAG-1,0.00002,0.00002,0.214878,0.068782,0.214613,0.501687
ATATCAATTCCAGCCT-1,0.000035,0.008402,0.585279,0.13682,0.128305,0.141159
ATATCGGTAGGGAGAT-1,0.000065,0.04814,0.156443,0.639706,0.084023,0.071624
ATATCGTGCCAGACCC-1,0.000246,0.236652,0.043843,0.16031,0.346875,0.212074
ATATCTCCCTCGTTAA-1,0.000044,0.051717,0.460749,0.003209,0.323801,0.16048
ATATCTTAGGGCCTTC-1,0.000032,0.009211,0.916291,0.000234,0.032027,0.042205
ATATGGGATAGCAACT-1,0.000011,0.000011,0.479571,0.020518,0.110727,0.389163
ATATGTCTAGAGCGTG-1,0.045165,0.000026,0.299543,0.054569,0.209441,0.391255
ATATGTCTCCCTAGCC-1,0.000024,0.000024,0.72467,0.000024,0.11255,0.162708
ATATGTGCACAAACCA-1,0.000014,0.006795,0.355162,0.049539,0.405207,0.183283
ATATTATCCCGTATTT-1,0.000918,0.834319,0.002753,0.15834,0.001835,0.001835
ATATTCAGTTAAACCT-1,0.00002,0.00878,0.710687,0.00123,0.182895,0.096387
ATATTCCACATAGTGA-1,0.000097,0.000097,0.040077,0.173492,0.624535,0.1617
ATATTCCCACAGGTCA-1,0.000142,0.425502,0.000426,0.111178,0.462468,0.000284
ATATTGCTGTCAAAGT-1,0.000061,0.347763,0.140038,0.036103,0.176845,0.299189
ATATTTAACCCTCAAG-1,0.000036,0.112379,0.352351,0.030514,0.282636,0.222085
ATCAAACGAAGGTTTG-1,0.000016,0.023712,0.577115,0.01898,0.29414,0.086036
ATCAAAGAGCCGTGGT-1,0.002203,0.000015,0.462471,0.0195,0.162045,0.353766
ATCAAGATCCCAGGAC-1,0.000028,0.000028,0.160932,0.085499,0.269336,0.484176
ATCAATCTGGGCTGCA-1,0.000023,0.036192,0.903574,0.000023,0.003409,0.056781
ATCAATGCCGTGGCTG-1,0.025313,0.009651,0.081048,0.833728,0.000173,0.050088
ATCACATTAGAATATC-1,0.000021,0.00909,0.92327,0.000021,0.015284,0.052315
ATCACGTGCTAATTAA-1,0.000029,0.000029,0.248598,0.033029,0.591279,0.127036
ATCACTTCATCCTCGC-1,0.000072,0.064382,0.21286,0.028572,0.511059,0.183055
ATCAGAAGCTGGTTGC-1,0.00002,0.000255,0.302083,0.067345,0.496515,0.133782
ATCAGACGGCACGCCG-1,0.000031,0.012734,0.296448,0.042633,0.621103,0.02705
ATCAGCTCGTCCACTA-1,0.000032,0.000032,0.535344,0.041112,0.3129,0.110579
ATCAGGTAGCTGACAG-1,0.000127,0.000127,0.063707,0.766732,0.108282,0.061024
ATCAGGTCGCCATTGC-1,0.000024,0.036294,0.831786,0.000024,0.010513,0.12136
ATCAGTAGGCAGGGAT-1,0.000045,0.126744,0.613082,0.011162,0.16482,0.084147
ATCATAGATCGACGAG-1,0.000024,0.000024,0.142185,0.080733,0.304154,0.47288
ATCATCCAATATTTGT-1,0.000054,0.027109,0.292768,0.260936,0.236352,0.182782
ATCATCTGCCCAGTGT-1,0.015539,0.429486,0.249992,0.112932,0.087218,0.104834
ATCATTGTACCGCATT-1,0.000068,0.258654,0.000205,0.721724,0.019212,0.000137
ATCCAACGCAGTCATA-1,0.000032,0.144475,0.50065,0.033845,0.168224,0.152774
ATCCAATGGAGGGTCC-1,0.000026,0.054528,0.588277,0.014638,0.162451,0.18008
ATCCAATGGTACCGAA-1,0.000022,0.064386,0.549622,0.087817,0.153043,0.14511
ATCCACATCGACAGAA-1,0.106593,0.000135,0.011905,0.723994,0.112779,0.044595
ATCCACGCTAAATGTT-1,0.000042,0.087911,0.515346,0.09672,0.002752,0.297228
ATCCACTTTCAGACTA-1,0.000016,0.016555,0.857551,0.005101,0.044097,0.07668
ATCCAGAGCAACAACC-1,0.000015,0.000015,0.698668,0.016104,0.134677,0.15052
ATCCAGGATTCGTGAA-1,0.000036,0.039889,0.666752,0.030919,0.138763,0.123641
ATCCCATCCACAGCGC-1,0.120428,0.00974,0.019483,0.785854,0.064328,0.000167
ATCCCATTTCCGTGGG-1,0.000016,0.000016,0.554474,0.076622,0.05648,0.312393
ATCCTACCTAAGCTCT-1,0.000033,0.002153,0.319468,0.009023,0.430606,0.238718
ATCCTGAATCGCTGCG-1,0.000019,0.023295,0.883474,0.003288,0.006646,0.083278
ATCCTGCGTGGAATGG-1,0.000043,0.000043,0.175221,0.044389,0.738311,0.041993
ATCCTGCTGCAGATAG-1,0.000048,0.999566,0.000145,0.000048,0.000097,0.000097
ATCGACCCAATACAGA-1,0.000017,0.000017,0.786109,0.003647,0.141008,0.069202
ATCGACTCTTTCCGTT-1,0.000056,0.041675,0.489566,0.010542,0.41059,0.047572
ATCGCACGATTGTTCA-1,0.000037,0.584064,0.415716,0.000037,0.000073,0.000073
ATCGCACGCCGGGAGA-1,0.000267,0.04165,0.670341,0.00003,0.255633,0.03208
ATCGCTGCGTGCAGCA-1,0.000022,0.000022,0.615775,0.024529,0.254027,0.105625
ATCGCTTTACGTCTCA-1,0.000155,0.044004,0.044145,0.83315,0.062439,0.016105
ATCGGAGACAGACGGC-1,0.0001,0.0001,0.000301,0.536205,0.395364,0.06793
ATCGGCAAGCAGTCCA-1,0.000022,0.00358,0.969762,0.000022,0.017785,0.008828
ATCGGTTACCTAGTAA-1,0.00003,0.065479,0.335189,0.022616,0.190033,0.386653
ATCGTATTCCGAGAAC-1,0.000011,0.041206,0.902482,0.026735,0.000693,0.028872
ATCGTCCAATCGAGTC-1,0.000071,0.928058,0.010689,0.000071,0.030925,0.030188
ATCGTGGAAAGTCTGG-1,0.000088,0.000088,0.178726,0.803386,0.000176,0.017536
ATCGTTCACTTTCGCC-1,0.007593,0.013996,0.609197,0.013003,0.207368,0.148844
ATCTAACGTCCCTATG-1,0.000111,0.977223,0.000332,0.000111,0.022002,0.000222
ATCTAATATCCTACGG-1,0.000084,0.000084,0.053005,0.60164,0.134387,0.2108
ATCTACCATCTGCTCC-1,0.000146,0.000146,0.018458,0.897055,0.083903,0.000292
ATCTAGCTTGTGAGGG-1,0.02785,0.00015,0.000449,0.392537,0.578716,0.000299
ATCTCATAAACCTACC-1,0.000015,0.025893,0.889734,0.000191,0.023813,0.060354
ATCTCCCTGCAATCTA-1,0.006946,0.030364,0.910717,0.000034,0.000069,0.05187
ATCTGACATGGAAGGA-1,0.000098,0.000098,0.197543,0.539095,0.000196,0.262969
ATCTGATAGTGTCTTA-1,0.020511,0.788084,0.000253,0.148776,0.042207,0.000169
ATCTGCACCTCTGCGA-1,0.000047,0.000047,0.238258,0.129069,0.526008,0.10657
ATCTGCTGTTATCGCC-1,0.000143,0.009326,0.000429,0.884827,0.104989,0.000286
ATCTGGTTAAGACTGT-1,0.000025,0.013714,0.986135,0.000025,0.00005,0.00005
ATCTGTAATTGTACCC-1,0.000081,0.701621,0.275345,0.000081,0.000161,0.022711
ATCTTAGGGCATTAAT-1,0.00003,0.00003,0.424819,0.119237,0.13698,0.318904
ATCTTATCGCACACCC-1,0.00055,0.029395,0.001649,0.941736,0.025571,0.001099
ATCTTGACCTGCAACG-1,0.000051,0.098288,0.303762,0.120286,0.37032,0.107292
ATCTTGACTTGTCCAA-1,0.00004,0.00004,0.071369,0.037508,0.857209,0.033833
ATCTTTCGTATAACCA-1,0.00003,0.000575,0.113364,0.176193,0.442349,0.267489
ATGAAGCCAAGGAGCC-1,0.000032,0.114739,0.452273,0.224174,0.05059,0.158192
ATGAAGTGGACCCAGC-1,0.000025,0.056803,0.49519,0.126169,0.150643,0.17117
ATGACGCCGGCTCTAA-1,0.000057,0.503442,0.067389,0.074543,0.301449,0.053121
ATGACGCGTTCTATCC-1,0.000037,0.020156,0.318982,0.050212,0.440318,0.170295
ATGACTATCAGCTGTG-1,0.000153,0.000153,0.230805,0.768275,0.000307,0.000307
ATGACTATGCGACATT-1,0.000137,0.028578,0.000412,0.666087,0.304511,0.000275
ATGAGGAGTGTTAATC-1,0.000045,0.211864,0.141838,0.072263,0.357805,0.216184
ATGATCGGGAATAGAC-1,0.000063,0.277519,0.042719,0.324239,0.252199,0.10326
ATGATGCAATGGTACA-1,0.000029,0.001176,0.397046,0.039619,0.533456,0.028675
ATGCACCTTCCTTAAT-1,0.000103,0.329128,0.070758,0.1092,0.422632,0.068178
ATGCACGCGCTGTTCA-1,0.000056,0.03078,0.053755,0.730574,0.052462,0.132373
ATGCACTACCGCATTG-1,0.040129,0.099433,0.50559,0.141434,0.140623,0.072791
ATGCATGATCCAGGAT-1,0.00004,0.157688,0.6091,0.00004,0.169123,0.064009
ATGCATTCCGTGATGG-1,0.000529,0.372703,0.624121,0.000529,0.001058,0.001059
ATGCCAATCGCTCTGC-1,0.000027,0.029934,0.804709,0.022294,0.032973,0.110064
ATGCCATTTGCGACCA-1,0.000068,0.000068,0.159417,0.182559,0.401503,0.256384
ATGCCGGTCTTGCATA-1,0.00003,0.007064,0.81063,0.000725,0.090586,0.090964
ATGCCGGTTGATGGGA-1,0.000029,0.03365,0.604473,0.023792,0.241668,0.096389
ATGCGACAATTGGTCC-1,0.000025,0.026625,0.661391,0.01483,0.159525,0.137605
ATGCGACAGTCCCATT-1,0.000028,0.059311,0.820231,0.000164,0.040013,0.080253
ATGCTCAGTGTTGCAT-1,0.000093,0.382811,0.122926,0.051677,0.402815,0.039676
ATGGAAATTTAAGGAG-1,0.000021,0.000021,0.241273,0.171011,0.306918,0.280756
ATGGAACAGAATAAAC-1,0.000009,0.017139,0.684176,0.03452,0.082028,0.182128
ATGGACTGCTTAGTTG-1,0.00003,0.00003,0.411382,0.042038,0.327828,0.218692
ATGGAGCAGGCCGTGA-1,0.00003,0.116975,0.465511,0.005128,0.153101,0.259255
ATGGATCCGGCGTCCG-1,0.000037,0.039751,0.446248,0.038406,0.248861,0.226697
ATGGATTGACCAAACG-1,0.000037,0.039174,0.562787,0.027277,0.264409,0.106317
ATGGCAGCATTACGAT-1,0.000065,0.000065,0.097154,0.766243,0.126069,0.010404
ATGGCAGCCGAGAAAC-1,0.000011,0.021332,0.729793,0.014572,0.059472,0.174819
ATGGCGGAATAGTCGC-1,0.000114,0.017768,0.000341,0.774471,0.207078,0.000228
ATGGCTGGAAATGGCC-1,0.000045,0.04251,0.342882,0.109005,0.324351,0.181207
ATGGGAACGGAAGCGG-1,0.000031,0.117641,0.390822,0.038067,0.127137,0.326303
ATGGGACCTGCTGAAC-1,0.001469,0.000098,0.245007,0.679417,0.016094,0.057916
ATGGGCCTCGGCCTCT-1,0.000109,0.141243,0.027185,0.431355,0.206532,0.193576
ATGGGTGTATACCTCC-1,0.000142,0.029236,0.000425,0.803756,0.166157,0.000283
ATGGTATTGGGAACCG-1,0.000035,0.000035,0.380392,0.135445,0.203595,0.280498
ATGGTATTTACTGATT-1,0.004354,0.000038,0.538807,0.154285,0.045566,0.25695
ATGGTCGCGTGGTTTC-1,0.003,0.000055,0.332583,0.05666,0.495053,0.112649
ATGGTGCTCAAAGCCA-1,0.017973,0.352939,0.27013,0.061625,0.154203,0.143129
ATGGTTACGAAACATG-1,0.00001,0.001401,0.820657,0.00933,0.098497,0.070105
ATGTAAGGCTGCTCTT-1,0.00006,0.00006,0.012875,0.280805,0.479292,0.226907
ATGTACGATGACGTCG-1,0.000126,0.070616,0.000378,0.462817,0.46581,0.000252
ATGTAGCGCGCGTAGG-1,0.000136,0.000136,0.000408,0.420167,0.578882,0.000272
ATGTCATAATAAACGA-1,0.001154,0.000637,0.590718,0.033965,0.104389,0.269137
ATGTCATTTCCCATTG-1,0.000133,0.40197,0.000398,0.05836,0.538874,0.000265
ATGTCTTGTTTGACTC-1,0.000012,0.000012,0.89191,0.005143,0.016746,0.086176
ATGTGAAAGCCTAATG-1,0.000016,0.000016,0.360947,0.028659,0.521179,0.089183
ATGTGCATCCGACGCA-1,0.000048,0.083275,0.405303,0.076301,0.358641,0.076433
ATGTGGACATCTTGAT-1,0.000027,0.000027,0.765193,0.055768,0.07607,0.102916
ATGTGTAGTTTAGTCA-1,0.001087,0.623085,0.370391,0.001087,0.002175,0.002175
ATGTTACGAGCAATAC-1,0.000075,0.882761,0.098527,0.000075,0.01841,0.000151
ATGTTCCTGCCCACCT-1,0.000113,0.526301,0.00034,0.051712,0.421306,0.000227
ATGTTCGTCGACCCAC-1,0.000028,0.059053,0.548504,0.020499,0.113533,0.258383
ATGTTGATTAGAGACT-1,0.032155,0.251129,0.000338,0.555975,0.160178,0.000225
ATGTTGTAGTCTGTTT-1,0.000129,0.000129,0.042096,0.437781,0.49195,0.027916
ATGTTTCGGCCCGGAG-1,0.000128,0.000128,0.000385,0.547815,0.425922,0.025622
ATGTTTGTAAGATCAT-1,0.000024,0.033347,0.561224,0.03532,0.243017,0.127068
ATTAAACATGCGGACC-1,0.000015,0.000015,0.889998,0.000015,0.08641,0.023545
ATTAACACCTGAGATA-1,0.000053,0.384913,0.23501,0.190738,0.007895,0.181392
ATTAATACTACGCGGG-1,0.000733,0.065219,0.69235,0.007733,0.174023,0.059941
ATTAATGAACCAGTCG-1,0.000041,0.017419,0.457686,0.036727,0.461974,0.026153
ATTAATTCGGTCACTC-1,0.000216,0.321539,0.000647,0.154666,0.463544,0.059388
ATTACAACTACCGGCC-1,0.000065,0.076528,0.141701,0.15978,0.384116,0.23781
ATTACGACTCCACAGT-1,0.014953,0.008864,0.319758,0.097793,0.497618,0.061015
ATTACGCGCTGGCAGG-1,0.00003,0.026721,0.593909,0.112851,0.128664,0.137825
ATTACGGGCTACGGTT-1,0.000224,0.005422,0.641821,0.094403,0.01829,0.239839
ATTACTAGCCTCTTGC-1,0.00007,0.602927,0.071375,0.00007,0.220056,0.105501
ATTACTTACTGGGCAT-1,0.000038,0.02327,0.641165,0.008213,0.236613,0.090702
ATTAGATTCCTCAGCA-1,0.000051,0.007415,0.069035,0.026911,0.848789,0.047799
ATTAGATTGATAGCGG-1,0.000057,0.254326,0.338141,0.026513,0.124729,0.256234
ATTAGGCGATGCTTTC-1,0.000034,0.007178,0.745538,0.000034,0.199491,0.047724
ATTATACTTTGCTCGT-1,0.000062,0.047996,0.391964,0.042322,0.218505,0.299151
ATTATAGCTACTTTAC-1,0.000079,0.000079,0.084506,0.488565,0.387104,0.039668
ATTATCGGAATGTACG-1,0.000094,0.000094,0.000282,0.255684,0.732707,0.011139
ATTATCTCGACAGATC-1,0.000935,0.763178,0.231213,0.000935,0.00187,0.00187
ATTATGAGACCCAATT-1,0.004953,0.000089,0.069748,0.6016,0.133047,0.190563
ATTATGCCATAGGGAG-1,0.000048,0.135483,0.587834,0.060104,0.118704,0.097827
ATTATGCTCAGTATTG-1,0.000025,0.014785,0.587738,0.03708,0.286324,0.074047
ATTATTATGTCCGTCA-1,0.006845,0.005462,0.51748,0.286126,0.003354,0.180733
ATTATTCAGAGTCACT-1,0.10038,0.076003,0.001017,0.288776,0.533146,0.000678
ATTCAAAGTACCTGTT-1,0.000198,0.998217,0.000594,0.000198,0.000396,0.000396
ATTCACTGATGTTGGA-1,0.000108,0.016021,0.000324,0.787691,0.094709,0.101147
ATTCAGATGAATCCCT-1,0.000013,0.010012,0.877285,0.003057,0.018442,0.09119
ATTCAGGACCTATTTC-1,0.000036,0.000036,0.755985,0.000036,0.136966,0.10694
ATTCAGGATCGCCTCT-1,0.000036,0.155204,0.47032,0.046928,0.057351,0.270161
ATTCAGTAGCAGGGTC-1,0.000058,0.084761,0.286462,0.211456,0.240864,0.1764
ATTCATATACTGTCCA-1,0.000044,0.000044,0.253089,0.046274,0.49838,0.202168
ATTCATCGTTGAGGCA-1,0.21939,0.031588,0.000794,0.737783,0.009916,0.000529
ATTCCCACATAAACAA-1,0.000032,0.12772,0.213192,0.197611,0.344058,0.117386
ATTCCCGAAGGTACAG-1,0.000093,0.031689,0.138512,0.782579,0.013096,0.034032
ATTCCTAAGACGTGGA-1,0.000024,0.012547,0.659772,0.020145,0.230262,0.077251
ATTCCTCCGCCAGTGC-1,0.000056,0.251768,0.168141,0.152298,0.25535,0.172387
ATTCCTTCCAGGCGGT-1,0.000105,0.999052,0.000316,0.000105,0.000211,0.000211
ATTCGACGCCGGGCCT-1,0.000025,0.106966,0.783661,0.015078,0.025903,0.068367
ATTCGCAGAGGACACT-1,0.000011,0.000011,0.818094,0.000011,0.136337,0.045537
ATTCGCGCCTTGAGAG-1,0.263627,0.000413,0.00124,0.733066,0.000827,0.000827
ATTCGTGTACCCATTC-1,0.007872,0.003056,0.732203,0.049643,0.004582,0.202643
ATTCGTTTATCGTATT-1,0.012766,0.015633,0.000477,0.898609,0.072196,0.000318
ATTCTCGTCTCTTTAG-1,0.000053,0.522953,0.464925,0.000053,0.000105,0.011912
ATTCTGAGTATGAACT-1,0.000322,0.21358,0.001357,0.244961,0.527768,0.012012
ATTCTTCGTACTTATG-1,0.000048,0.065487,0.633208,0.015129,0.13769,0.148438
ATTGAAGATCTTAGTG-1,0.000035,0.035118,0.724811,0.011569,0.098844,0.129622
ATTGACCGGCGATGAC-1,0.000036,0.011251,0.04481,0.067004,0.804897,0.072002
ATTGACGTAACTCGGT-1,0.047125,0.098937,0.049609,0.132174,0.354036,0.318119
ATTGATAGCAACGAGA-1,0.000061,0.974563,0.000184,0.024947,0.000123,0.000123
ATTGATCACCACATTT-1,0.000034,0.000034,0.498376,0.123742,0.119164,0.258649
ATTGATGAGTCCTAAC-1,0.000049,0.000049,0.038447,0.051703,0.866669,0.043081
ATTGCCTATTAGACCG-1,0.000137,0.000137,0.049877,0.433432,0.055774,0.460642
ATTGCCTTTATGTTTG-1,0.040662,0.000155,0.000465,0.851023,0.107386,0.00031
ATTGCTGCTCCTCCAT-1,0.000058,0.011983,0.246664,0.107807,0.468025,0.165462
ATTGGGAATATCTTGG-1,0.012283,0.422327,0.235077,0.060116,0.032647,0.237551
ATTGGGAGTTCTGTAA-1,0.000022,0.012997,0.821082,0.010895,0.037135,0.117869
ATTGGTAGGATCCGCT-1,0.003797,0.134763,0.554489,0.051178,0.12372,0.132053
ATTGGTTGTGCATTAC-1,0.000161,0.070674,0.000482,0.697995,0.230368,0.000321
ATTGTACAACTCGGCT-1,0.000025,0.000025,0.371273,0.01219,0.216224,0.400262
ATTGTCGCAATACCTT-1,0.002926,0.073759,0.8327,0.01867,0.013285,0.05866
ATTGTCTGTTTCATGT-1,0.005513,0.000019,0.460357,0.064263,0.081931,0.387916
ATTGTGACTTCGCTGC-1,0.000021,0.016478,0.952449,0.009833,0.003944,0.017275
ATTTAACTCGTATTAC-1,0.058462,0.379601,0.542712,0.000044,0.000088,0.019094
ATTTACAGTTTACTGG-1,0.000029,0.015761,0.834248,0.000361,0.042055,0.107546
ATTTACTAAGTCCATT-1,0.000058,0.000058,0.000174,0.153778,0.832491,0.013441
ATTTATACTGGTAAAG-1,0.000015,0.000015,0.500828,0.016724,0.045925,0.436492
ATTTCATTATTTCGCG-1,0.000048,0.121419,0.851497,0.000048,0.000096,0.026892
ATTTCCGGGTTCTGCG-1,0.000045,0.000045,0.252632,0.052125,0.204014,0.491139
ATTTGCCTAGTTACGA-1,0.000302,0.698362,0.123836,0.17629,0.000604,0.000604
ATTTGCGCGAGTAGCT-1,0.000025,0.000025,0.784458,0.007004,0.060252,0.148236
ATTTGGAGATTGCGGT-1,0.01171,0.125847,0.405724,0.376798,0.000288,0.079632
ATTTGTCTTGGGAGCT-1,0.000039,0.000039,0.659586,0.006621,0.132243,0.201473
ATTTGTTCCAGGGCTC-1,0.000049,0.129655,0.432279,0.051918,0.119294,0.266805
CAAACCAGGTCTGCAT-1,0.000011,0.024772,0.786207,0.043274,0.061895,0.08384
CAAACCATAAGCGTAT-1,0.000004,0.000004,0.740101,0.017023,0.030819,0.212048
CAAACCCTCCGGCGGG-1,0.008694,0.000053,0.013507,0.565762,0.359395,0.052589
CAAACGAGTATCGCAG-1,0.003162,0.000023,0.441444,0.076206,0.414947,0.064218
CAAACGGTCGCACTTT-1,0.000028,0.065868,0.497807,0.0321,0.067714,0.336482
CAAACGTGGTCTTGCG-1,0.000061,0.22901,0.690162,0.010338,0.006077,0.064353
CAAACTACGATAGAGA-1,0.000026,0.097815,0.720764,0.056005,0.026421,0.098969
CAAACTATTGAGCTTC-1,0.000105,0.305456,0.522121,0.000105,0.016738,0.155475
CAAAGATTATTGGGCC-1,0.000022,0.000595,0.511417,0.072779,0.044722,0.370464
CAAAGGTTAAATTCAG-1,0.000008,0.035628,0.756679,0.003538,0.144883,0.059265
CAAAGTCAGGTTAGCT-1,0.000081,0.999267,0.000244,0.000081,0.000163,0.000163
CAAATCTCTCACAAGG-1,0.000012,0.001043,0.896159,0.012481,0.059118,0.031186
CAAATGTCCTTCCGTG-1,0.000022,0.01515,0.71849,0.008721,0.17553,0.082087
CAAATTGGATTATGCC-1,0.000031,0.000031,0.218773,0.015977,0.659686,0.105502
CAAATTGTCAGCAAGC-1,0.020444,0.090635,0.862432,0.000089,0.000178,0.026223
CAACACATCTCCTGCC-1,0.000059,0.000059,0.035597,0.525417,0.2294,0.209468
CAACAGAATAACGCTA-1,0.000015,0.138411,0.495579,0.046501,0.131893,0.1876
CAACAGTGCCAAACGG-1,0.000083,0.237413,0.254551,0.507618,0.000167,0.000167
CAACATGGCCTGATAA-1,0.000725,0.909366,0.002174,0.084835,0.00145,0.00145
CAACCGCACCTAGACA-1,0.000061,0.999447,0.000184,0.000061,0.000123,0.000123
CAACCTGAACCTGCCA-1,0.000016,0.000016,0.355583,0.023003,0.364322,0.25706
CAACGACCCGTTTACA-1,0.000048,0.175582,0.192119,0.207504,0.240013,0.184734
CAACGAGCTTATTATG-1,0.006346,0.028335,0.429821,0.22038,0.215558,0.09956
CAACGCGATGAGCCAA-1,0.000012,0.000012,0.365007,0.105491,0.298182,0.231297
CAACGGTTCTTGATAC-1,0.000075,0.528029,0.00859,0.158699,0.227949,0.076657
CAACTATATCGAATGC-1,0.000042,0.006967,0.472459,0.048757,0.293453,0.178321
CAACTCCAACGTTTAG-1,0.000142,0.283274,0.417913,0.007011,0.059176,0.232483
CAACTCCGTAACTTGC-1,0.00002,0.020702,0.332348,0.025242,0.53267,0.089018
CAACTCCTTGATCCCG-1,0.000071,0.377358,0.000212,0.013339,0.451599,0.157422
CAACTGAGGGTATGAC-1,0.000017,0.014982,0.194187,0.033158,0.646152,0.111502
CAACTGCTCATCCGAT-1,0.000058,0.034261,0.272141,0.546569,0.090822,0.056149
CAACTTGTAGTGGGCA-1,0.000076,0.999317,0.000228,0.000076,0.000152,0.000152
CAAGAAACCCTAAACT-1,0.000008,0.059758,0.74601,0.012023,0.109841,0.07236
CAAGACTCAGAAGCGC-1,0.000056,0.030876,0.127505,0.740727,0.065878,0.034958
CAAGAGGGCGGAGTAC-1,0.000031,0.000031,0.469193,0.014688,0.28565,0.230407
CAAGATATTATAACGT-1,0.000063,0.004374,0.057939,0.277512,0.45235,0.207761
CAAGCAACGTCGGAGT-1,0.000021,0.037939,0.442426,0.059625,0.201357,0.258632
CAAGCACCAAATGCCT-1,0.00002,0.120812,0.772745,0.025128,0.004789,0.076506
CAAGCGGCACATAATT-1,0.000097,0.003647,0.04452,0.835308,0.100278,0.01615
CAAGGATCGCATGTTC-1,0.000044,0.007359,0.322589,0.023586,0.584917,0.061505
CAAGGTCCTATAGGCT-1,0.000046,0.000046,0.026825,0.043144,0.449267,0.48067
CAAGTAAGTGATAGAC-1,0.003372,0.000047,0.129411,0.422817,0.369902,0.074451
CAAGTCGTTGAAATCT-1,0.000009,0.000547,0.654668,0.017784,0.090347,0.236645
CAAGTGAACTTTGGTT-1,0.001021,0.920941,0.003062,0.070893,0.002041,0.002041
CAAGTGTGGTTGCAAA-1,0.00003,0.00003,0.490346,0.110816,0.120031,0.278745
CAATAAACCTTGGCCC-1,0.000034,0.025407,0.672016,0.012651,0.2451,0.044792
CAATACGCTCTGAGGC-1,0.000019,0.013421,0.873595,0.018222,0.01779,0.076953
CAATATGTAGATTTAC-1,0.0029,0.047413,0.674837,0.008513,0.053975,0.212363
CAATATTCTTGACCTA-1,0.019762,0.000039,0.350236,0.195424,0.208213,0.226326
CAATATTGGACTAGTG-1,0.000118,0.956168,0.000355,0.042885,0.000237,0.000237
CAATCCATTATCCGTT-1,0.000021,0.098653,0.672416,0.014721,0.051939,0.162249
CAATCCCTATACCAGC-1,0.000054,0.042275,0.367794,0.164684,0.247901,0.177291
CAATCCTGCCGTGGAG-1,0.000114,0.74035,0.000343,0.030619,0.215288,0.013286
CAATGACCCTTAATTT-1,0.000032,0.002517,0.358136,0.038005,0.218201,0.383109
CAATGAGGTTCGACTA-1,0.000036,0.000036,0.18718,0.060584,0.198271,0.553893
CAATGCGAGAAGTATC-1,0.000141,0.171407,0.000424,0.741671,0.086074,0.000283
CAATGGAATCTACATA-1,0.000061,0.003587,0.207042,0.175802,0.267525,0.345983
CAATGGATCTCTACCA-1,0.000037,0.002431,0.408025,0.018347,0.340581,0.23058
CAATGGTCGGCCTGGG-1,0.00065,0.488871,0.233152,0.00065,0.001299,0.275379
CAATGTGCCAACCCTT-1,0.000117,0.000123,0.055018,0.843587,0.08625,0.014905
CAATTAAGGGTGATGA-1,0.00005,0.182621,0.313749,0.017584,0.353018,0.132979
CAATTGGGCCGCACTC-1,0.001233,0.000027,0.610012,0.027499,0.006423,0.354805
CAATTTCGTATAAGGG-1,0.004814,0.023063,0.50452,0.046945,0.294398,0.12626
CAATTTGACCGGGAAG-1,0.000092,0.999171,0.000276,0.000092,0.000184,0.000184
CACAAGAAAGATATTA-1,0.000018,0.012731,0.71237,0.024476,0.133658,0.116748
CACAAGCTAAGAAAGG-1,0.000018,0.000018,0.565284,0.100416,0.002256,0.332007
CACAATGAGCTGCTAT-1,0.000021,0.003742,0.674819,0.019608,0.166397,0.135413
CACACAGGGATAGATT-1,0.000031,0.224932,0.523773,0.039647,0.073652,0.137965
CACACGCGCTGTCTTA-1,0.000029,0.000029,0.741999,0.010937,0.145527,0.101479
CACACGTTTCAATGGG-1,0.000041,0.074544,0.460438,0.187431,0.021669,0.255877
CACACTTGTATTGCGA-1,0.000033,0.000033,0.252249,0.052087,0.393729,0.301869
CACAGAGACGAGGACG-1,0.001063,0.024774,0.186401,0.744371,0.011963,0.031428
CACAGCACCCACGGCA-1,0.000052,0.078467,0.736578,0.000052,0.032156,0.152696
CACAGCTAGGGAGTGA-1,0.000024,0.074612,0.769567,0.041386,0.03966,0.07475
CACAGGGCCGTTGTCA-1,0.022872,0.000155,0.213228,0.582989,0.059456,0.1213
CACATATTAGCAGGAT-1,0.00006,0.00006,0.178899,0.03777,0.496536,0.286676
CACATCGTGCACGCGC-1,0.000084,0.000084,0.077399,0.726303,0.059356,0.136774
CACATCTCACCGACGA-1,0.000191,0.000191,0.0428,0.737438,0.218998,0.000382
CACATGATTCAGCAAC-1,0.000034,0.01447,0.319124,0.016145,0.429916,0.220312
CACATGTTTGGACATG-1,0.000105,0.999055,0.000315,0.000105,0.00021,0.00021
CACATTCTTTCGATGG-1,0.001554,0.096632,0.470822,0.004093,0.201921,0.224978
CACCAATCATCCGTCT-1,0.000027,0.001021,0.526788,0.107714,0.045817,0.318632
CACCACGCCACACAGA-1,0.000031,0.045757,0.271869,0.131971,0.311549,0.238824
CACCAGTCAGCATGCA-1,0.000069,0.048309,0.161874,0.621669,0.136638,0.03144
CACCATCGGAGGAGAC-1,0.000099,0.355843,0.240427,0.009071,0.002286,0.392274
CACCATGATCGCAAAG-1,0.000015,0.090412,0.713387,0.022542,0.054119,0.119525
CACCCAAATCTTATGT-1,0.000021,0.000021,0.687645,0.036165,0.034478,0.241671
CACCCACACGTCACCC-1,0.000078,0.288868,0.020747,0.259867,0.154444,0.275997
CACCCACGAGGCAATT-1,0.000035,0.036319,0.570055,0.013394,0.285776,0.094421
CACCCGGTTTGTGACT-1,0.000021,0.000021,0.788193,0.025989,0.092074,0.093702
CACCCTAACAAGATCT-1,0.013283,0.047447,0.077883,0.86081,0.000289,0.000289
CACCCTTGGTGAGACC-1,0.000019,0.010311,0.636526,0.010296,0.162611,0.180238
CACCCTTTCCTCGCTC-1,0.000045,0.586104,0.413625,0.000045,0.00009,0.00009
CACCGATACACCGAGC-1,0.000064,0.193118,0.358705,0.079908,0.115686,0.252517
CACCGCCAGAAGGTTT-1,0.00005,0.069814,0.472839,0.052361,0.088502,0.316433
CACCGCCGACCAGCGA-1,0.00122,0.344192,0.00366,0.00122,0.541875,0.107833
CACCGCGTCCACTCTA-1,0.004048,0.035836,0.410798,0.048483,0.196983,0.303851
CACCGGAGATATCTCC-1,0.000024,0.04687,0.773793,0.014988,0.020144,0.144181
CACCGGGCATCACAAG-1,0.000102,0.012824,0.000307,0.801352,0.18521,0.000205
CACCGGTAGAGACATT-1,0.000078,0.000078,0.054874,0.751046,0.141156,0.052768
CACCGTTAGGGATCAC-1,0.011111,0.015483,0.377664,0.050946,0.216849,0.327948
CACCGTTGCGCGATAT-1,0.000033,0.025223,0.269393,0.012883,0.582217,0.110252
CACCTAATAGAGTCGT-1,0.00771,0.441516,0.000292,0.014407,0.53588,0.000195
CACCTAATCAGTTTAC-1,0.000042,0.019462,0.661994,0.003739,0.21501,0.099753
CACCTCGATGGTGGAC-1,0.000037,0.113325,0.704328,0.083974,0.030015,0.068322
CACCTCTACGAGTGTG-1,0.000013,0.028626,0.78211,0.000239,0.09493,0.094083
CACCTTGCGAAACTCG-1,0.000043,0.010356,0.48365,0.018722,0.333134,0.154095
CACGAAAGTTAGTCCC-1,0.000036,0.040256,0.366951,0.070579,0.237234,0.284943
CACGACCACAGACTTT-1,0.000016,0.095176,0.823088,0.010259,0.004383,0.067078
CACGACGTAATAGTAA-1,0.00002,0.045079,0.427536,0.0458,0.272253,0.209312
CACGACTAAAGTTCTG-1,0.00049,0.853762,0.143296,0.00049,0.000981,0.000981
CACGAGCAAACCAGAC-1,0.000007,0.000007,0.719032,0.037304,0.10845,0.135201
CACGCACAGCGCAGCT-1,0.000043,0.068836,0.539952,0.011869,0.200688,0.178611
CACGCAGCGAGGCTTT-1,0.000032,0.04485,0.636933,0.022536,0.08571,0.209939
CACGCGGAACTGTTGC-1,0.000097,0.000097,0.0604,0.402268,0.346039,0.191098
CACGGACGTGGATGGC-1,0.000011,0.000011,0.848233,0.008969,0.022645,0.120131
CACGGCGCGCCAAAGG-1,0.00001,0.015399,0.961232,0.00001,0.000066,0.023282
CACGGGATTGAGGGTT-1,0.000018,0.037146,0.744963,0.034484,0.025577,0.157812
CACGTCGGCAACCTCT-1,0.000045,0.000045,0.086501,0.063707,0.798896,0.050806
CACGTCGGGTTCTAGA-1,0.0001,0.803875,0.052889,0.100135,0.042802,0.0002
CACGTCTATGATGTGG-1,0.000038,0.179863,0.507042,0.089775,0.052697,0.170585
CACGTTCGTGCTCTAG-1,0.000039,0.000039,0.458025,0.000579,0.469991,0.071327
CACTAAAGTTGCCTAT-1,0.000035,0.014784,0.308077,0.116032,0.379714,0.181358
CACTACTCAGTTCTGT-1,0.022467,0.388324,0.001539,0.000513,0.586131,0.001026
CACTCAAGAGCTATGG-1,0.000036,0.004636,0.697729,0.006778,0.121274,0.169548
CACTCAGCTCTTGAGG-1,0.00042,0.132035,0.656834,0.20903,0.000841,0.000841
CACTCCTATGTAAGAT-1,0.000029,0.000029,0.605892,0.028249,0.103732,0.26207
CACTCCTCTCGGTCGG-1,0.002878,0.006348,0.599072,0.025875,0.148952,0.216874
CACTCGAGCTGAACAA-1,0.000019,0.032568,0.809713,0.008199,0.026789,0.122712
CACTCGGTTAGGAGGA-1,0.00002,0.029978,0.677641,0.012777,0.06505,0.214534
CACTCTCAAGCATCGA-1,0.000051,0.000051,0.128154,0.145897,0.543219,0.182629
CACTGACGATTGTGGA-1,0.000093,0.033047,0.010931,0.608369,0.146937,0.200623
CACTGTCCAAGTGAGA-1,0.021401,0.321785,0.363551,0.096467,0.017256,0.179539
CACTTAATCAGACGGA-1,0.000036,0.028229,0.534712,0.029708,0.245854,0.16146
CACTTCGCCACAGGCT-1,0.000075,0.482183,0.018491,0.177224,0.193019,0.129008
CACTTCGTCTTATCTC-1,0.000099,0.832984,0.000298,0.030742,0.135678,0.000199
CAGAACTTAGCCCTCT-1,0.03932,0.231978,0.000526,0.727474,0.000351,0.000351
CAGACACCGATCGCTG-1,0.000028,0.010817,0.260386,0.099498,0.441214,0.188056
CAGACCTGTAAGTGTT-1,0.000065,0.000065,0.208264,0.171997,0.553105,0.066504
CAGACGAACCTGATAC-1,0.000024,0.000024,0.517468,0.038213,0.263617,0.180654
CAGAGACGGTCACCCA-1,0.000034,0.000313,0.396351,0.053609,0.322418,0.227276
CAGAGCATGAGCTTGC-1,0.000029,0.082586,0.787952,0.000029,0.029287,0.100117
CAGAGGCGATGCATGA-1,0.000031,0.006273,0.378255,0.082298,0.177998,0.355144
CAGAGTGATTTAACGT-1,0.00055,0.118538,0.288022,0.00055,0.298153,0.294188
CAGATACTAACATAGT-1,0.000033,0.053532,0.275319,0.133153,0.229277,0.308686
CAGATATGAAGATGAC-1,0.000043,0.000043,0.541344,0.280277,0.024965,0.153328
CAGATCATTTAAAGTC-1,0.005801,0.000031,0.097978,0.009142,0.845359,0.041688
CAGATCCTGGTTTGAA-1,0.000029,0.000029,0.305936,0.061866,0.291245,0.340895
CAGATGTTTGTCCCAA-1,0.000039,0.015744,0.21734,0.071469,0.430682,0.264726
CAGCAGCCCGTTCCTT-1,0.010499,0.062727,0.926467,0.000034,0.000067,0.000206
CAGCAGTCTGTGCTGC-1,0.230063,0.036938,0.092031,0.219629,0.421096,0.000243
CAGCCCTCACAGGCAG-1,0.000529,0.489737,0.413804,0.093812,0.001059,0.001059
CAGCCGGGCCCTCTAT-1,0.000042,0.090477,0.526193,0.216154,0.026931,0.140203
CAGCCTCCTGCAGAGG-1,0.000029,0.006761,0.800287,0.000029,0.025579,0.167315
CAGCCTCTCCTCAAGA-1,0.000055,0.031475,0.39214,0.111798,0.400668,0.063865
CAGCGATTCCCTTCAA-1,0.000034,0.000034,0.326248,0.115939,0.332361,0.225385
CAGCGCCAACACGATA-1,0.000021,0.053564,0.551343,0.073062,0.140256,0.181754
CAGCTCACTGAGACAT-1,0.000062,0.08156,0.663602,0.04194,0.203662,0.009175
CAGCTCGACAAGTTAA-1,0.000034,0.007424,0.501336,0.059143,0.368305,0.063758
CAGCTCGTGCTTGTGT-1,0.000056,0.627539,0.289627,0.014237,0.025547,0.042996
CAGCTCTGGGCTCACT-1,0.000019,0.000019,0.631438,0.122661,0.059219,0.186645
CAGCTGGCGTAACCGT-1,0.000021,0.007345,0.491608,0.048564,0.363469,0.088992
CAGCTTAGTAGGTAGC-1,0.000024,0.040108,0.74218,0.013602,0.055749,0.148337
CAGGAAGACTTTATAT-1,0.000052,0.093334,0.460808,0.014577,0.229991,0.201238
CAGGATATATCGTTGT-1,0.000042,0.000042,0.5181,0.000042,0.260686,0.221088
CAGGCAGTCTTACCAG-1,0.037119,0.005673,0.000295,0.508255,0.448462,0.000197
CAGGCCAGTACCACCT-1,0.000029,0.000029,0.301385,0.122057,0.395404,0.181096
CAGGCCGTTTGGGTGT-1,0.002603,0.001349,0.718648,0.027513,0.079758,0.17013
CAGGCGCACGGTGGTC-1,0.000019,0.000019,0.777691,0.005343,0.001907,0.215022
CAGGCGCCATGCTAGG-1,0.015476,0.025493,0.588567,0.145465,0.037319,0.187678
CAGGGAGATAGGCCAG-1,0.000017,0.000017,0.328266,0.143565,0.252471,0.275664
CAGGTTTAGTACTACA-1,0.000017,0.002816,0.572246,0.017336,0.343513,0.064073
CAGTAACTATTTATTG-1,0.000021,0.019327,0.953586,0.000021,0.001715,0.025331
CAGTAAGGGACGTCTC-1,0.000049,0.011302,0.347164,0.524971,0.005477,0.111037
CAGTAATCCCTCCCAG-1,0.000093,0.406209,0.005306,0.486372,0.058653,0.043366
CAGTACATTCTCTAAA-1,0.000015,0.01759,0.77702,0.003182,0.067089,0.135104
CAGTACCAGTTTACGT-1,0.000034,0.004105,0.374679,0.034272,0.398414,0.188497
CAGTAGATGATGTCCG-1,0.00019,0.184793,0.814068,0.00019,0.00038,0.00038
CAGTAGCCCACGCGGT-1,0.003474,0.017812,0.507092,0.004309,0.294668,0.172645
CAGTAGCGAGGTAGTA-1,0.001588,0.651488,0.338985,0.001588,0.003176,0.003176
CAGTCCAACGCCTTCT-1,0.00001,0.00001,0.965749,0.00001,0.025155,0.009066
CAGTCGAGGATGCAAT-1,0.000025,0.041045,0.573219,0.022187,0.196095,0.16743
CAGTCGGCCTAGATAT-1,0.000021,0.000021,0.823806,0.018597,0.14241,0.015146
CAGTCTCTCGGCTAAT-1,0.000114,0.998977,0.000341,0.000114,0.000227,0.000227
CAGTCTGTATACTGGG-1,0.000024,0.02999,0.872226,0.000024,0.038436,0.059301
CAGTGAATAAATGACT-1,0.000038,0.030845,0.489069,0.026251,0.439158,0.01464
CAGTGGTTGCACATGA-1,0.00008,0.356923,0.000239,0.379436,0.263161,0.00016
CAGTGTCCGCAGAATG-1,0.000086,0.827109,0.020388,0.045363,0.106884,0.000171
CAGTGTTAATCTCTCA-1,0.000041,0.000041,0.519166,0.369581,0.003939,0.107232
CAGTTCAAATTGACAC-1,0.000029,0.059571,0.465483,0.035158,0.165345,0.274414
CAGTTCCGCGGGTCGA-1,0.000018,0.08223,0.789401,0.060512,0.009376,0.058464
CAGTTCGAGGACCCGA-1,0.031551,0.000049,0.002514,0.163291,0.756939,0.045656
CATAACGGACAGTCGT-1,0.00002,0.00002,0.537036,0.033727,0.203936,0.225261
CATAAGAAGCTTGGCT-1,0.000144,0.040514,0.000431,0.493772,0.464853,0.000287
CATAAGCTCTCCGTCT-1,0.009378,0.051404,0.654412,0.012294,0.080724,0.191788
CATAATGAGCGGGCGA-1,0.000041,0.459213,0.540542,0.000041,0.000082,0.000082
CATACAAAGCCGAACC-1,0.000083,0.678949,0.00025,0.071583,0.236657,0.012478
CATACACAAAGTCAGC-1,0.000021,0.001697,0.223358,0.270132,0.092593,0.412199
CATACACGGTTCCCAC-1,0.000113,0.000113,0.063922,0.625206,0.250673,0.059973
CATACCCGTACCCAGT-1,0.00002,0.042082,0.813742,0.009665,0.050978,0.083512
CATACGAACTAGCTGG-1,0.00008,0.024771,0.00024,0.636894,0.322666,0.015348
CATACGGCGTCTGGGC-1,0.000033,0.009212,0.775892,0.003204,0.143362,0.068297
CATACGGGTGCATGAT-1,0.000437,0.647209,0.131214,0.000437,0.000874,0.219829
CATACTATGTAATTGT-1,0.000023,0.008195,0.991552,0.000023,0.000046,0.00016
CATACTTAGGCAATAC-1,0.000115,0.062655,0.053762,0.744519,0.125784,0.013166
CATACTTCTTTCTCCG-1,0.000085,0.000085,0.000254,0.244013,0.755395,0.000169
CATAGAGGAGATACTA-1,0.000105,0.000105,0.000316,0.98167,0.017592,0.000211
CATAGCCGCCCGGGAT-1,0.01615,0.138315,0.31005,0.085594,0.330209,0.119681
CATAGCGTTGCCCACC-1,0.000031,0.000031,0.482632,0.075897,0.226961,0.214447
CATAGGGACACTTGTG-1,0.000031,0.000031,0.232718,0.165864,0.445982,0.155374
CATAGTACATTGAGAG-1,0.000056,0.02421,0.407129,0.000964,0.518482,0.049158
CATAGTAGCATAGTAG-1,0.000086,0.303107,0.038564,0.329445,0.325303,0.003495
CATAGTCAAATACATA-1,0.129934,0.000171,0.000514,0.840006,0.029032,0.000343
CATAGTCCACAAGAAC-1,0.000014,0.005025,0.739074,0.026383,0.155811,0.073694
CATATACTACTGATAA-1,0.000022,0.029987,0.85744,0.015515,0.045593,0.051444
CATATAGGTACAGTCA-1,0.00004,0.012985,0.23003,0.023074,0.6738,0.060071
CATATGTCAGGCTACG-1,0.000021,0.004904,0.894569,0.010293,0.054175,0.036038
CATATTATTTGCCCTA-1,0.000167,0.202696,0.33296,0.181086,0.001422,0.281669
CATCAAACTGGCGCCC-1,0.000009,0.002302,0.886414,0.000646,0.069714,0.040914
CATCAACACCTACTAA-1,0.000078,0.747416,0.000235,0.213993,0.027797,0.010481
CATCATCTACCCGGAC-1,0.000104,0.317238,0.680322,0.000104,0.000208,0.002024
CATCCAATATAGTTTG-1,0.000073,0.006218,0.150363,0.587761,0.172394,0.083191
CATCCGCAGGCCCGAA-1,0.000079,0.5229,0.181952,0.054547,0.093195,0.147326
CATCGAATGGATCTCT-1,0.001053,0.788261,0.003159,0.203315,0.002106,0.002106
CATCGCCCGCGGCCAA-1,0.000077,0.491731,0.000232,0.233171,0.251869,0.022919
CATCGGACGGGTTAAT-1,0.000024,0.000024,0.809049,0.003401,0.092617,0.094885
CATCGTCCGGTTACTA-1,0.000057,0.202669,0.069742,0.277356,0.352088,0.098088
CATCTACCCGAGAACG-1,0.000021,0.026691,0.557098,0.031397,0.255266,0.129528
CATCTATCCCGTGTCT-1,0.000045,0.01368,0.412723,0.043268,0.39626,0.134022
CATCTGCAGGATCATT-1,0.000035,0.076107,0.33924,0.095392,0.208781,0.280445
CATCTTACACCACCTC-1,0.000032,0.000032,0.568791,0.074816,0.121959,0.234371
CATGAACCGACATTTG-1,0.004111,0.373531,0.622207,0.00003,0.00006,0.00006
CATGAACCTCTTATCA-1,0.000228,0.447786,0.185767,0.247543,0.054093,0.064582
CATGACTTCGCTGAAT-1,0.000104,0.000104,0.125682,0.623006,0.017419,0.233684
CATGAGTCCATCACGG-1,0.000015,0.001421,0.688517,0.050563,0.122401,0.137084
CATGATACGGTGAAAC-1,0.00001,0.00001,0.470151,0.058514,0.14271,0.328604
CATGATGCACAATTCT-1,0.000038,0.081728,0.657155,0.031996,0.043694,0.185388
CATGCACATGAGAGGC-1,0.001667,0.003759,0.323641,0.262677,0.19909,0.209166
CATGCACGTGTTACTG-1,0.000039,0.069184,0.372177,0.044603,0.297683,0.216313
CATGCATGGAGACCCT-1,0.000225,0.192672,0.775196,0.000225,0.00045,0.031233
CATGCCAACTCGCAAA-1,0.000016,0.015121,0.535989,0.026289,0.181665,0.240919
CATGCGACCAGTTTAA-1,0.000017,0.000017,0.788755,0.000017,0.169332,0.041861
CATGCGTTAGACAGAA-1,0.025209,0.22446,0.326632,0.06115,0.338064,0.024485
CATGCGTTGAGAGGAG-1,0.000016,0.000016,0.577695,0.060731,0.112765,0.248777
CATGCTGGCTCCAATT-1,0.000112,0.58804,0.010317,0.131455,0.269852,0.000224
CATGGAAATGGGACCA-1,0.000021,0.025182,0.470476,0.049929,0.245845,0.208548
CATGGCAGGAAGATCG-1,0.000064,0.214638,0.030348,0.150619,0.533614,0.070717
CATGGCTCCCTATGTC-1,0.000052,0.19781,0.151815,0.091101,0.339918,0.219303
CATGGGTCGGGTGTGG-1,0.000058,0.034261,0.740699,0.099142,0.10288,0.022961
CATGGTAAGTAGCGTT-1,0.000054,0.000054,0.312891,0.056912,0.451994,0.178094
CATGGTATTAGTTTGT-1,0.000097,0.051194,0.034494,0.885321,0.000195,0.028699
CATGGTCTAGATACCG-1,0.000034,0.076306,0.664789,0.000749,0.122212,0.135911
CATGTAGGAGCGCCAA-1,0.000044,0.010878,0.401502,0.023579,0.333511,0.230487
CATGTCTCATTTATGG-1,0.000133,0.000133,0.000398,0.555227,0.392147,0.051963
CATGTGGGCTCATCAC-1,0.011257,0.011689,0.350729,0.113917,0.09006,0.422348
CATTACATAGATTGTG-1,0.000029,0.000029,0.852167,0.028871,0.062658,0.056244
CATTACGCAGGAAGGG-1,0.000158,0.085909,0.000474,0.744606,0.168537,0.000316
CATTACGTCGGCCCGT-1,0.000035,0.033268,0.802045,0.002379,0.067899,0.094374
CATTATAACAGGGTCC-1,0.000124,0.275756,0.316681,0.255299,0.000249,0.151891
CATTATCCCATTAACG-1,0.000104,0.000104,0.000311,0.484516,0.297559,0.217408
CATTATGCTTGTTGTG-1,0.000038,0.165499,0.497841,0.04886,0.107725,0.180037
CATTCACTGACAGCTA-1,0.001137,0.437077,0.128704,0.228499,0.20231,0.002273
CATTCAGGTCAGTGCG-1,0.00122,0.989021,0.00366,0.00122,0.00244,0.00244
CATTCCCATTCCGTCG-1,0.000039,0.006044,0.298573,0.210735,0.241812,0.242797
CATTCCCTAAGTACAA-1,0.000077,0.797965,0.00023,0.197517,0.004058,0.000153
CATTGATGAACACGCC-1,0.00002,0.00002,0.864839,0.034663,0.051645,0.048812
CATTGCAAAGCATAAT-1,0.000024,0.227399,0.537236,0.047173,0.003716,0.184453
CATTGCGAAATGGGCG-1,0.000022,0.012324,0.567761,0.032126,0.089995,0.297772
CATTGCGGGTCAATTC-1,0.000037,0.000037,0.10018,0.026668,0.813856,0.059221
CATTGTGTGCTAGATC-1,0.014485,0.75338,0.000338,0.222451,0.009121,0.000226
CATTTAGCGGACCATG-1,0.000055,0.039518,0.515657,0.038509,0.359812,0.046449
CATTTATCGTTCAAGA-1,0.000083,0.347234,0.641593,0.000083,0.000166,0.010841
CATTTCTAGCAGACTA-1,0.000087,0.846488,0.059191,0.031542,0.062519,0.000174
CATTTGAGTGGTACGT-1,0.00006,0.015346,0.381729,0.158181,0.233582,0.211102
CCAAACAGAACCCTCG-1,0.00003,0.113679,0.456225,0.133085,0.041988,0.254994
CCAAAGCAGTTGGTTG-1,0.000077,0.945006,0.000231,0.025377,0.029155,0.000154
CCAAAGTCCCGCTAAC-1,0.000725,0.849358,0.146293,0.000725,0.00145,0.00145
CCAAATCAAAGGGCAA-1,0.000016,0.000016,0.606663,0.1241,0.033326,0.235879
CCAACCTTATGTAACT-1,0.000056,0.000056,0.003743,0.600415,0.338977,0.056753
CCAACGATGCACTGAT-1,0.00003,0.035423,0.484085,0.025236,0.214362,0.240864
CCAACGCTTGCCAGGG-1,0.000019,0.012582,0.89498,0.000019,0.003807,0.088594
CCAAGAAAGTGGGCGA-1,0.000023,0.000023,0.213535,0.105579,0.599091,0.081748
CCAAGACTTCTGCGAA-1,0.000025,0.04917,0.710626,0.00448,0.07323,0.162468
CCAAGCGTAACTCGTA-1,0.011408,0.037074,0.802427,0.019884,0.0441,0.085106
CCAAGGAACAGAGAGG-1,0.000035,0.756566,0.185203,0.000035,0.000071,0.05809
CCAAGTTTCTACAGAT-1,0.000048,0.483341,0.475645,0.000048,0.000097,0.040821
CCAATAGATTTCATCT-1,0.012437,0.019209,0.768996,0.005978,0.101368,0.092011
CCAATAGTGCCGTCGA-1,0.000031,0.026331,0.763077,0.000855,0.019256,0.190451
CCAATCGGTAGATCGA-1,0.000045,0.045195,0.448974,0.11567,0.265955,0.12416
CCAATGTCACAGCAAG-1,0.000022,0.041615,0.727993,0.019088,0.054639,0.156644
CCAATTACGGGTCGAG-1,0.00103,0.087925,0.446769,0.013426,0.378115,0.072734
CCAATTGAATGTTAAT-1,0.000038,0.30014,0.26579,0.052884,0.239464,0.141684
CCACAATGTACGTCTT-1,0.000026,0.000026,0.747085,0.003909,0.182069,0.066885
CCACACTGAGATATTA-1,0.000018,0.005265,0.989442,0.000018,0.000112,0.005146
CCACAGCTGAAATCAT-1,0.108235,0.888554,0.003016,0.000039,0.000078,0.000078
CCACAGTACCCATCCT-1,0.000201,0.000201,0.000603,0.767571,0.000402,0.231023
CCACATGGCTCTTTAT-1,0.000022,0.000022,0.871178,0.009559,0.000045,0.119174
CCACCAACTTTACTGT-1,0.000033,0.000033,0.32148,0.147316,0.262992,0.268146
CCACCCAAGGAAAGTG-1,0.000022,0.000022,0.557485,0.047168,0.312315,0.082987
CCACGAATTTAACCTC-1,0.000131,0.000131,0.145859,0.808345,0.011223,0.034311
CCACGAGAAGAGAATC-1,0.000034,0.065096,0.509408,0.090464,0.04404,0.290957
CCACGGAGCCATAAGA-1,0.000026,0.000465,0.241504,0.090925,0.606784,0.060296
CCACGGCAGGTGTAGG-1,0.000015,0.000015,0.767151,0.003341,0.051274,0.178204
CCACGGTGCCCGGTAG-1,0.00003,0.00003,0.219307,0.066985,0.266277,0.44737
CCACGTAAATTAGACT-1,0.000079,0.029123,0.023074,0.717645,0.172409,0.057671
CCACTAAACTGAATCG-1,0.000599,0.894956,0.10145,0.000599,0.001198,0.001198
CCACTATCCGGGTCAC-1,0.000038,0.000038,0.056355,0.143982,0.655698,0.14389
CCACTCAGATCCGCAA-1,0.000027,0.000027,0.295532,0.165623,0.134378,0.404413
CCACTGGTGGCTGGTT-1,0.000024,0.043667,0.853426,0.034258,0.010528,0.058096
CCACTTTCCTTCTAGG-1,0.000166,0.142113,0.000498,0.837093,0.019797,0.000332
CCAGAAAGCAACTCAT-1,0.000018,0.000018,0.35325,0.084413,0.360942,0.201359
CCAGAGACAAAGCCGG-1,0.000037,0.193313,0.270603,0.19446,0.273151,0.068436
CCAGATAGTTGAGTGA-1,0.000034,0.060921,0.705109,0.006417,0.119328,0.10819
CCAGATGTAAATGGGT-1,0.000015,0.000015,0.739601,0.002604,0.198902,0.058863
CCAGCCTGGACCAATA-1,0.000025,0.045264,0.572069,0.028853,0.113059,0.24073
CCAGCGGGATCACCAG-1,0.009195,0.38546,0.117135,0.370357,0.063247,0.054605
CCAGCTACGCCTCATA-1,0.000053,0.549985,0.444109,0.000053,0.000106,0.005693
CCAGCTCGAACGCATT-1,0.401892,0.034919,0.12914,0.379006,0.020717,0.034326
CCAGCTGATGGTACTT-1,0.000025,0.029526,0.784803,0.073075,0.04057,0.072001
CCAGCTTCCGCCCGCA-1,0.005407,0.048614,0.759507,0.033621,0.036541,0.116311
CCAGGCGAGATGGTCT-1,0.000017,0.028307,0.346212,0.068896,0.193291,0.363277
CCAGGGACGTGGCCTC-1,0.000046,0.123266,0.257694,0.064508,0.466845,0.087641
CCAGTAGTCTGATCCA-1,0.000037,0.004282,0.634858,0.006812,0.226194,0.127817
CCAGTCAAATCTCTTA-1,0.000027,0.000956,0.364648,0.032199,0.470995,0.131175
CCAGTCCATTATTCGA-1,0.0001,0.87051,0.000301,0.080336,0.048552,0.000201
CCAGTCTAGACGGCGC-1,0.000045,0.121202,0.368271,0.005904,0.464286,0.040292
CCAGTGTACAGACCGA-1,0.00003,0.00003,0.446641,0.231672,0.141259,0.180368
CCAGTTCGGTAACTCA-1,0.00004,0.00004,0.105987,0.237584,0.488368,0.167981
CCATAAACAACCCGAC-1,0.000034,0.080858,0.506711,0.069228,0.057703,0.285467
CCATAACCTGTGCAGT-1,0.000025,0.000025,0.273795,0.063891,0.407169,0.255097
CCATACCTTTACTTGT-1,0.000033,0.000033,0.465007,0.014932,0.322823,0.197172
CCATACTCGCCTCTCC-1,0.000026,0.041691,0.567071,0.103222,0.094214,0.193776
CCATAGAGGCTGCCAG-1,0.000111,0.009453,0.109573,0.686276,0.023376,0.171211
CCATAGGTTGGCGTGG-1,0.000058,0.081437,0.289294,0.10696,0.293404,0.228847
CCATAGTCAGTAACCC-1,0.000042,0.925485,0.074265,0.000042,0.000083,0.000083
CCATATTGGATCATGA-1,0.007683,0.99188,0.000164,0.000055,0.000109,0.000109
CCATCATAAGAACAGG-1,0.000833,0.017333,0.75209,0.038898,0.05788,0.132965
CCATCCATACCAAGTC-1,0.000086,0.907028,0.000259,0.018396,0.074059,0.000172
CCATCGCAGTTAAACT-1,0.000023,0.000023,0.458762,0.01367,0.27634,0.251182
CCATCTCACCAGTGAA-1,0.000037,0.000037,0.177209,0.066937,0.45148,0.3043
CCATCTTGTTCACAAT-1,0.000105,0.999051,0.000316,0.000105,0.000211,0.000211
CCATGCCTGTTTAGTA-1,0.000055,0.000055,0.404629,0.08164,0.446412,0.067209
CCATGCTCTGCAGGAA-1,0.000063,0.129885,0.095003,0.119071,0.330884,0.325094
CCATGGCAAACGCTCA-1,0.000011,0.000011,0.248655,0.130722,0.401907,0.218694
CCATGGCCCTTGTACC-1,0.000029,0.050218,0.574155,0.030106,0.172156,0.173337
CCATGTTCATCTATAT-1,0.000032,0.020263,0.584191,0.065334,0.012248,0.317931
CCATTAGCGATAATCC-1,0.000019,0.044672,0.845318,0.013963,0.01721,0.078819
CCATTCCCTGCCCACA-1,0.000034,0.01991,0.608772,0.039852,0.062875,0.268556
CCATTGTTTCCTCCAT-1,0.000042,0.000042,0.107588,0.154082,0.278474,0.459772
CCATTTCTACCTATTA-1,0.000129,0.000129,0.000386,0.493248,0.505851,0.000257
CCCAAACATGCTGCTC-1,0.00004,0.015935,0.209516,0.034095,0.674581,0.065832
CCCAACATACGTCGCG-1,0.000022,0.017787,0.518918,0.050101,0.174554,0.238617
CCCAACCACACTAACA-1,0.000595,0.555757,0.001786,0.000595,0.001191,0.440075
CCCAAGAATGCACGGT-1,0.003077,0.154585,0.457155,0.206819,0.046397,0.131967
CCCAAGACAGAGTATG-1,0.000637,0.830664,0.164409,0.000637,0.001274,0.002378
CCCAAGTCATTACACT-1,0.095358,0.000181,0.000544,0.846957,0.056597,0.000362
CCCAATGAGATTTGCA-1,0.000082,0.000082,0.192898,0.665263,0.068486,0.073189
CCCAATTTCACAACTT-1,0.000019,0.039297,0.826464,0.014625,0.009447,0.110149
CCCACTCCACGGTATC-1,0.000045,0.000045,0.340534,0.232122,0.364223,0.06303
CCCAGAGGAGGGCGTA-1,0.000021,0.01617,0.677246,0.003738,0.257426,0.0454
CCCAGATTCCCGTGAC-1,0.00002,0.00002,0.578175,0.061034,0.18101,0.179742
CCCAGGAAGAATTCGA-1,0.00396,0.000019,0.341961,0.049402,0.189633,0.415026
CCCAGTAAACTTGGGA-1,0.000018,0.000018,0.324884,0.098038,0.139723,0.437318
CCCAGTTAAGGCGCCG-1,0.000045,0.000045,0.131613,0.093532,0.656257,0.118509
CCCGAAGTTTCGCGAA-1,0.000019,0.025771,0.845271,0.007867,0.070207,0.050865
CCCGACCATAGTCCGC-1,0.000037,0.096097,0.615797,0.022555,0.11204,0.153474
CCCGCAAATAATCATC-1,0.000005,0.002488,0.497622,0.049724,0.149422,0.300739
CCCGCAGCGCGAACTA-1,0.000019,0.000019,0.522664,0.026921,0.219947,0.230429
CCCGCAGGGCCCAAAG-1,0.000051,0.147583,0.460946,0.148775,0.088433,0.154213
CCCGCCATGCTCCCGT-1,0.00007,0.370208,0.031785,0.172343,0.392755,0.032838
CCCGCGCAATGCACCC-1,0.00008,0.679029,0.000241,0.152512,0.157132,0.011006
CCCGCTAGAGGGTTAA-1,0.000033,0.226898,0.384894,0.135638,0.014139,0.238398
CCCGCTTGCCCTCGTC-1,0.000355,0.439691,0.295199,0.000355,0.000709,0.263691
CCCGGCACGTGTCAGG-1,0.215704,0.108762,0.053545,0.514784,0.05198,0.055224
CCCGGCTAGGTGAGAA-1,0.02906,0.832567,0.000358,0.137539,0.000238,0.000238
CCCGGGTCGTTCAGGG-1,0.000133,0.011222,0.0004,0.475944,0.512034,0.000266
CCCGGTGGAAGAACCT-1,0.000026,0.100332,0.481301,0.143617,0.119435,0.15529
CCCGGTGTATCGGAAT-1,0.000021,0.000021,0.193378,0.125725,0.472846,0.208009
CCCGTAAGTCTAGGCC-1,0.000036,0.016981,0.492596,0.114838,0.165309,0.21024
CCCGTAGCTGGGAAGA-1,0.000022,0.000022,0.659843,0.010841,0.003475,0.325797
CCCGTCAGCGTCTGAC-1,0.000035,0.075947,0.727771,0.000256,0.10552,0.090471
CCCGTGACAGTGCCTT-1,0.000013,0.000013,0.390975,0.050734,0.157924,0.40034
CCCGTGAGGGCGGTGA-1,0.000027,0.007361,0.172238,0.025762,0.76719,0.027422
CCCGTGGGTTAATTGA-1,0.000324,0.810909,0.000971,0.186501,0.000647,0.000647
CCCTACCCACACCCAG-1,0.000024,0.000024,0.347599,0.13155,0.114113,0.406689
CCCTACTTGAACAATG-1,0.000072,0.000072,0.005272,0.688834,0.242768,0.062982
CCCTAGCTCTAAGGTC-1,0.000007,0.000007,0.61163,0.016657,0.272328,0.09937
CCCTAGGCAACAAGAG-1,0.000011,0.000011,0.752843,0.032824,0.133565,0.080746
CCCTAGTGTCAGGTGT-1,0.000107,0.861095,0.000321,0.124757,0.013506,0.000214
CCCTATGTAGAGCAGA-1,0.000083,0.076869,0.078099,0.844616,0.000166,0.000166
CCCTCAAGCTCTTAGT-1,0.009981,0.156864,0.00042,0.362494,0.290202,0.180039
CCCTCAGATCGAGAAC-1,0.000022,0.000022,0.576407,0.061735,0.051835,0.309978
CCCTCATCACAGAGTA-1,0.000032,0.000032,0.264777,0.205816,0.357118,0.172225
CCCTCATTCTGGAATT-1,0.000084,0.663626,0.104357,0.063298,0.142854,0.025782
CCCTCGATAATACACA-1,0.00002,0.003589,0.334345,0.097851,0.016192,0.548002
CCCTCGGGAGCCTTGT-1,0.00122,0.326604,0.00366,0.00122,0.245742,0.421555
CCCTGAAATGAGTTGA-1,0.000024,0.045901,0.377031,0.030902,0.209721,0.336421
CCCTGACTAACAAATT-1,0.000016,0.033189,0.732232,0.050585,0.049416,0.134562
CCCTGATGTAACTCGT-1,0.000102,0.738531,0.000306,0.178343,0.082514,0.000204
CCCTGCCCAATCCGCT-1,0.000013,0.000013,0.999284,0.000013,0.000025,0.000653
CCCTGCGCTACGCATA-1,0.007635,0.03671,0.642813,0.035832,0.139284,0.137726
CCCTGGCTGTTCCTTC-1,0.000034,0.000034,0.436925,0.133532,0.290021,0.139454
CCCTGGGAGGGATCCT-1,0.000015,0.000015,0.543778,0.053283,0.129253,0.273657
CCCTGGTATGGGCGGC-1,0.000658,0.515868,0.404405,0.076437,0.001316,0.001316
CCCTGTTGGCAAAGAC-1,0.000046,0.862197,0.111788,0.002065,0.000092,0.023811
CCCTTTGACAGGTCTT-1,0.000053,0.019024,0.121856,0.085777,0.701527,0.071763
CCGAAACACGACCTCT-1,0.000014,0.000014,0.435798,0.11672,0.303464,0.14399
CCGAAAGTGGTGAGCA-1,0.000042,0.567298,0.319574,0.000042,0.012858,0.100187
CCGAACACTGGGCCTC-1,0.00002,0.004215,0.52827,0.030023,0.331758,0.105715
CCGAACCTTCCCGGCC-1,0.000031,0.000031,0.160756,0.052567,0.356374,0.430241
CCGAAGCATTGACCAA-1,0.000099,0.032612,0.168272,0.732224,0.000199,0.066594
CCGAAGGGCGTACCGC-1,0.00006,0.00006,0.005758,0.482416,0.385734,0.125972
CCGAAGTATATTGTTC-1,0.000033,0.143461,0.771208,0.031986,0.000067,0.053244
CCGACAAACACATGAG-1,0.000029,0.565551,0.366274,0.029376,0.003651,0.03512
CCGACAAAGGGAGTGC-1,0.005147,0.047239,0.937536,0.000014,0.00069,0.009374
CCGACGGGCATGAGGT-1,0.000028,0.000028,0.731391,0.038458,0.113892,0.116202
CCGACGTAAACACAAC-1,0.003833,0.09154,0.361009,0.056674,0.322482,0.164461
CCGACTCGCATAGTCT-1,0.004012,0.088976,0.906709,0.00006,0.000121,0.000121
CCGAGCTGTGCTTGTC-1,0.000028,0.014647,0.602786,0.014808,0.261414,0.106317
CCGAGGGATGTTAGGC-1,0.001516,0.986359,0.004547,0.001516,0.003031,0.003031
CCGATCTCAACCTTAT-1,0.028389,0.000031,0.420382,0.032469,0.322342,0.196387
CCGATCTTAAGAGGCT-1,0.000019,0.09442,0.578075,0.04963,0.215476,0.062379
CCGATTCGAGGGACCC-1,0.000022,0.088107,0.625435,0.013774,0.038959,0.233702
CCGATTGGTCAATGAA-1,0.000014,0.025989,0.892711,0.015251,0.007991,0.058044
CCGCACAAAGACCAAC-1,0.000024,0.012061,0.400018,0.018874,0.502558,0.066465
CCGCACGTGACCTCGG-1,0.000038,0.099158,0.489408,0.087429,0.139174,0.184793
CCGCATGTGGTACGAT-1,0.000074,0.012581,0.075132,0.504565,0.353568,0.054081
CCGCCACCACAATCCA-1,0.000637,0.754081,0.001911,0.000637,0.001274,0.241459
CCGCCGGAACTTCTCG-1,0.000031,0.000031,0.277253,0.107755,0.247966,0.366964
CCGCCGGTCAACACAC-1,0.000054,0.473436,0.344492,0.032448,0.053335,0.096235
CCGCCTGCGAATTGGT-1,0.000034,0.060259,0.85467,0.000334,0.048189,0.036513
CCGCCTTGCGATGTCG-1,0.000034,0.022291,0.450658,0.077656,0.400663,0.048699
CCGCGATTTGGTAGGT-1,0.000024,0.028239,0.809187,0.046879,0.034961,0.080709
CCGCGCAAGATACCCA-1,0.000065,0.00478,0.000194,0.805986,0.178176,0.010799
CCGCGGAATGCGTCAC-1,0.000028,0.000961,0.567648,0.061882,0.231817,0.137664
CCGCGGGTACGAAGAA-1,0.001939,0.027145,0.737986,0.016843,0.086822,0.129265
CCGCGTAGGTAAGGGC-1,0.011545,0.058727,0.543952,0.047571,0.051877,0.286329
CCGCTATCAGCACCAG-1,0.000039,0.000039,0.416837,0.007066,0.505216,0.070803
CCGCTCCAGGGCGATC-1,0.000036,0.000036,0.134259,0.175136,0.542987,0.147545
CCGCTCCGGATAAGCT-1,0.000016,0.001753,0.520775,0.071493,0.180795,0.225167
CCGCTCTTCCGAACTA-1,0.189018,0.000282,0.217175,0.587,0.005962,0.000564
CCGCTGGTGCCATTCA-1,0.000848,0.355196,0.002543,0.000848,0.63887,0.001695
CCGCTTACCTCACTCT-1,0.000046,0.000046,0.277109,0.071352,0.441293,0.210154
CCGCTTCGCGGTTAAC-1,0.00047,0.620761,0.186955,0.174706,0.000939,0.016169
CCGCTTGCTGACATGG-1,0.000033,0.011763,0.328704,0.071094,0.435239,0.153167
CCGGAAGTGCAATATG-1,0.000088,0.007733,0.000264,0.605472,0.386268,0.000176
CCGGAATGGTTTCAGT-1,0.000059,0.180436,0.302211,0.333153,0.118276,0.065866
CCGGAGCGTACTTTCT-1,0.000114,0.084412,0.290264,0.427672,0.043417,0.154121
CCGGAGGTCTTATGGT-1,0.000032,0.000032,0.248443,0.071963,0.637963,0.041566
CCGGCACGACCGTTTC-1,0.000044,0.000044,0.083905,0.089333,0.541715,0.284958
CCGGCCGCGAGCATAT-1,0.000083,0.000083,0.173339,0.597435,0.10375,0.12531
CCGGCGCATATTGGAT-1,0.000087,0.344465,0.158769,0.134004,0.11745,0.245224
CCGGCGTGAGACTCTG-1,0.000021,0.000924,0.621387,0.020109,0.273016,0.084544
CCGGGACCCGCAGAGA-1,0.000032,0.40407,0.384102,0.006739,0.063359,0.141697
CCGGGCGGTCTCGTCA-1,0.000044,0.030486,0.362746,0.029639,0.273747,0.303339
CCGGGCTAAGAATTTC-1,0.000021,0.000021,0.362237,0.116401,0.100252,0.421069
CCGGGCTGCTCCATAC-1,0.000036,0.000036,0.63391,0.038835,0.158265,0.168918
CCGGGTTCGAGGTTAC-1,0.000017,0.001095,0.97406,0.000022,0.003559,0.021248
CCGGTAATGGCTAGTC-1,0.000101,0.000101,0.097943,0.822141,0.009831,0.069884
CCGGTATCTGGCGACT-1,0.003593,0.000007,0.749992,0.007074,0.026877,0.212457
CCGGTGCGAGTGATAG-1,0.001266,0.988604,0.003798,0.001266,0.002532,0.002532
CCGGTTTGTAATTGTG-1,0.000027,0.021701,0.666868,0.000191,0.009882,0.301332
CCGTAAGTTGGTCCCA-1,0.000057,0.054848,0.372485,0.076388,0.456784,0.039438
CCGTACCCAAGCGCCA-1,0.003216,0.877016,0.119486,0.000056,0.000113,0.000113
CCGTATCTCGTCGTAG-1,0.000035,0.000035,0.505659,0.058792,0.322356,0.113123
CCGTATTAGCGCAGTT-1,0.000032,0.021246,0.370375,0.009261,0.462491,0.136596
CCGTCAACCTCTGGCG-1,0.000026,0.000026,0.502635,0.10022,0.052351,0.344741
CCGTGAGGCATTCATG-1,0.000165,0.000165,0.102427,0.5799,0.265845,0.051497
CCGTGCCCATGACGGC-1,0.000063,0.67648,0.250629,0.00307,0.002236,0.067521
CCGTGGAACGATCCAA-1,0.000012,0.003647,0.759344,0.003773,0.10289,0.130333
CCGTGTTAAATTCCAT-1,0.000038,0.029181,0.157055,0.071767,0.633727,0.108231
CCGTTACGTTAGAACA-1,0.000035,0.043394,0.511177,0.006719,0.300271,0.138404
CCGTTCCGAATCTCGG-1,0.000025,0.01633,0.576477,0.086281,0.22116,0.099728
CCGTTTCCTTTCCGTG-1,0.000034,0.000034,0.345019,0.178698,0.31214,0.164076
CCTAAAGGCTGACGCT-1,0.000039,0.050948,0.269852,0.09749,0.105227,0.476444
CCTAAATTAACGGTTC-1,0.000018,0.000018,0.886877,0.000272,0.08006,0.032754
CCTAACCCAAACAAGT-1,0.000115,0.103725,0.003932,0.629554,0.262444,0.00023
CCTAACTAAGGCTCTA-1,0.000035,0.003806,0.417922,0.024694,0.508965,0.044577
CCTACAAGTCCGGAAT-1,0.000027,0.043707,0.616825,0.034819,0.173631,0.130991
CCTACAGTTGAGGGAG-1,0.000009,0.004613,0.702247,0.014355,0.044266,0.23451
CCTACATTCACAGACG-1,0.000019,0.000019,0.802634,0.004207,0.152059,0.041063
CCTACGCGACCTTACA-1,0.000035,0.045851,0.482293,0.16116,0.117378,0.193283
CCTACGGCTCAGTCGA-1,0.000025,0.258886,0.740622,0.000025,0.000051,0.00039
CCTACTGCGGCGGCCA-1,0.000019,0.000019,0.498106,0.107774,0.145245,0.248837
CCTACTGCTTACACTT-1,0.000035,0.020432,0.595227,0.020603,0.095337,0.268366
CCTAGGCGTAGCGATC-1,0.000035,0.009793,0.400734,0.022209,0.45804,0.109188
CCTAGGTAAAGGTAGC-1,0.000027,0.000027,0.098308,0.100965,0.737669,0.063003
CCTAGTTAGTCGCATG-1,0.000194,0.201878,0.361302,0.000194,0.428363,0.008069
CCTATAATGAGTGCCC-1,0.000209,0.068688,0.000626,0.575694,0.033698,0.321085
CCTATACCGTCCTGTC-1,0.000045,0.013604,0.181459,0.031961,0.553899,0.219033
CCTATATCGTGTCACG-1,0.000126,0.005902,0.047565,0.847288,0.000253,0.098865
CCTATATTTGTCCTGG-1,0.038686,0.045619,0.15932,0.571363,0.0014,0.183612
CCTATCTATATCGGAA-1,0.000048,0.122831,0.469853,0.009589,0.270859,0.126821
CCTATGAAGTGGTGCC-1,0.000095,0.000095,0.132034,0.508932,0.260627,0.098217
CCTATGGCTCCTAGTG-1,0.084944,0.000127,0.230394,0.559406,0.000254,0.124875
CCTATGGGTTACCGTC-1,0.000036,0.024637,0.829163,0.000036,0.030657,0.115471
CCTATGGTCAAAGCTG-1,0.000086,0.000086,0.000258,0.479736,0.519662,0.000172
CCTATGTCCACTCCAC-1,0.249612,0.000235,0.000706,0.748505,0.000471,0.000471
CCTATTATTCCGGCCG-1,0.000069,0.000069,0.192621,0.656663,0.092317,0.05826
CCTCAACGATCGCTGT-1,0.000024,0.000024,0.370497,0.10236,0.333484,0.193612
CCTCACCAATCTTGAC-1,0.000092,0.844703,0.000276,0.053177,0.101568,0.000184
CCTCACCTGAGGGAGC-1,0.000027,0.053317,0.717189,0.008192,0.147723,0.073554
CCTCACCTTAGCATCG-1,0.000046,0.056915,0.585165,0.191723,0.134988,0.031164
CCTCATGCAGCTACGA-1,0.037266,0.677046,0.000366,0.284834,0.000244,0.000244
CCTCCCGACAATCCCT-1,0.000781,0.770941,0.22437,0.000781,0.001563,0.001563
CCTCCGACAATTCAAG-1,0.002614,0.072314,0.70451,0.000894,0.092132,0.127537
CCTCCTAGCTAGAGTC-1,0.000033,0.01259,0.624402,0.097952,0.009226,0.255797
CCTCCTGAGCCCACAT-1,0.000019,0.044619,0.860978,0.00752,0.021513,0.065352
CCTCCTGTTGTGTCGT-1,0.095945,0.000453,0.186829,0.711523,0.000905,0.004345
CCTCGAAGTGGACGGG-1,0.000078,0.077102,0.149072,0.017341,0.466416,0.28999
CCTCGACCCACTGCCT-1,0.000214,0.256429,0.143,0.350159,0.249769,0.000428
CCTCGCCAGCAAATTA-1,0.000045,0.061414,0.408744,0.110656,0.26115,0.15799
CCTCGCGCGATATAGG-1,0.000021,0.008466,0.93577,0.000021,0.053611,0.002112
CCTCGCGCTGTGCGAT-1,0.000084,0.000084,0.194308,0.333076,0.043205,0.429243
CCTCGGACCGGGATAG-1,0.000016,0.000016,0.946978,0.000016,0.03008,0.022896
CCTCGGATGCTACCTG-1,0.000025,0.027035,0.765242,0.004982,0.07414,0.128576
CCTCGGTTTCCTTGCC-1,0.000017,0.000017,0.677538,0.001675,0.030591,0.290161
CCTCGTTACGCCTGTT-1,0.000018,0.029982,0.891401,0.000018,0.010974,0.067606
CCTCTAATCTGCCAAG-1,0.00004,0.034234,0.697174,0.014034,0.087658,0.166861
CCTCTACAAGGATTGG-1,0.00581,0.000103,0.091185,0.726043,0.115699,0.06116
CCTCTATCGATTAGCA-1,0.000047,0.000047,0.156657,0.114299,0.612739,0.116212
CCTCTCTCCCATCTAG-1,0.000058,0.026571,0.227248,0.079306,0.200608,0.466208
CCTCTGGCCTAGACGG-1,0.000103,0.109996,0.020268,0.26249,0.06266,0.544482
CCTCTGTACTATTCTA-1,0.00739,0.000036,0.602986,0.016173,0.077349,0.296065
CCTGAACGATATATTC-1,0.000033,0.000033,0.500949,0.021674,0.411856,0.065456
CCTGAATATTTACATA-1,0.000026,0.049322,0.940144,0.000026,0.000052,0.010431
CCTGACAAACTCGCGC-1,0.000068,0.348163,0.23125,0.280286,0.023892,0.11634
CCTGACCACCGATGGT-1,0.002049,0.000043,0.584557,0.000043,0.302768,0.11054
CCTGACGCAACCTTTA-1,0.000032,0.236297,0.460069,0.028323,0.024971,0.250307
CCTGAGAATAAATGCA-1,0.000012,0.000012,0.660066,0.026021,0.043851,0.270038
CCTGATTCGCGAAGAA-1,0.000021,0.000021,0.331513,0.194739,0.084955,0.388751
CCTGCCCGTTGTCTAG-1,0.000029,0.057192,0.72205,0.016124,0.118467,0.086138
CCTGCGATAGAACTGT-1,0.000074,0.999331,0.000223,0.000074,0.000149,0.000149
CCTGCGTTCTACGCTT-1,0.000024,0.032639,0.792041,0.015604,0.015891,0.143801
CCTGCTACAACCATAC-1,0.000067,0.000067,0.0002,0.836596,0.162937,0.000133
CCTGCTATTTGAGAAG-1,0.000049,0.066915,0.265853,0.037418,0.139413,0.490352
CCTGGAAACGTTCTGC-1,0.000113,0.000113,0.051861,0.425442,0.488801,0.033669
CCTGGCTAGACCCGCC-1,0.000036,0.043335,0.492103,0.05997,0.151149,0.253407
CCTGGTCGAATGTGGG-1,0.000179,0.000179,0.13048,0.868447,0.000358,0.000358
CCTGTAAGACATGATA-1,0.000022,0.015457,0.886699,0.001453,0.057903,0.038465
CCTGTACTCACGCCCA-1,0.000035,0.036693,0.367455,0.068583,0.21111,0.316124
CCTGTCACCCGGGCTC-1,0.000048,0.015809,0.298151,0.074682,0.203761,0.40755
CCTGTCCCTCACGTTA-1,0.000129,0.000129,0.000388,0.673815,0.068848,0.25669
CCTGTCGCCCGTAAAT-1,0.000033,0.046465,0.601326,0.005736,0.128218,0.218221
CCTGTCGTGTATGAAG-1,0.000073,0.000073,0.362634,0.075076,0.444258,0.117887
CCTGTGAAACCGTAAC-1,0.000022,0.023751,0.493058,0.121241,0.249112,0.112816
CCTGTGCATAGGAGAC-1,0.000308,0.416221,0.581933,0.000308,0.000616,0.000616
CCTGTGCGGATTGTAA-1,0.000022,0.056922,0.841432,0.010461,0.007148,0.084016
CCTGTTCAACCTCGGG-1,0.000024,0.000024,0.133915,0.145585,0.34447,0.375982
CCTTAAGTACGCAATT-1,0.000028,0.016731,0.365353,0.199587,0.091851,0.326448
CCTTCAGTTAAAGTGA-1,0.000059,0.000152,0.324523,0.589719,0.001045,0.084501
CCTTCCGCAACGCTGC-1,0.000033,0.000033,0.385843,0.224882,0.178043,0.211166
CCTTCGTATAGAATCC-1,0.00009,0.00009,0.00027,0.375698,0.623673,0.00018
CCTTCTCAGCGTTCCT-1,0.000034,0.001896,0.532731,0.057695,0.12628,0.281365
CCTTCTTGATCCAGTG-1,0.000056,0.033423,0.47919,0.041636,0.342099,0.103595
CCTTGTGAACGTGGTT-1,0.000015,0.000015,0.529828,0.079564,0.061971,0.328607
CCTTTAAGGGAGCACT-1,0.000061,0.000061,0.149563,0.200116,0.049942,0.600256
CCTTTCAATGAAGAAA-1,0.00002,0.044265,0.592196,0.023325,0.178339,0.161855
CCTTTGAATTATGGCT-1,0.000124,0.000124,0.220749,0.750387,0.000247,0.028369
CGAAACATAGATGGCA-1,0.000136,0.068362,0.183541,0.053416,0.490133,0.204412
CGAAACGCAATTCATG-1,0.000021,0.060709,0.559004,0.022873,0.168874,0.188519
CGAACATAGTCAGAAA-1,0.000009,0.098232,0.734384,0.007747,0.032161,0.127467
CGAACCCGCATGCGTC-1,0.00004,0.00004,0.084673,0.013152,0.823473,0.078622
CGAACCTCTTTCCTAG-1,0.000029,0.000029,0.383051,0.092136,0.162071,0.362684
CGAACGCCCAGTGCCG-1,0.000062,0.059564,0.139243,0.091722,0.34058,0.368828
CGAACGGCCGGACAAC-1,0.000016,0.000016,0.348645,0.050544,0.465467,0.135311
CGAAGACGGTGAGTGC-1,0.000028,0.148797,0.378273,0.039487,0.170205,0.263209
CGAAGATCAGTTTCAT-1,0.019829,0.000021,0.379616,0.017601,0.124637,0.458296
CGAAGCCACAGCATGG-1,0.000014,0.000014,0.798307,0.020761,0.037612,0.143293
CGAAGCTATAAATTCA-1,0.000013,0.122506,0.781307,0.00278,0.0294,0.063995
CGAAGGGTTTCAGATT-1,0.00009,0.00009,0.000269,0.548456,0.42061,0.030485
CGAAGTTGCTCTGTGT-1,0.000032,0.035002,0.69049,0.035193,0.101236,0.138047
CGAATCTGCTCGACGC-1,0.207489,0.053819,0.322914,0.370197,0.000145,0.045436
CGAATGAAGTCATTGC-1,0.041646,0.035551,0.289359,0.520328,0.000137,0.112978
CGAATGGTAGGTCGTC-1,0.000022,0.009569,0.345099,0.141526,0.227966,0.275819
CGAATTACATGGTGTT-1,0.009961,0.100888,0.408421,0.078221,0.222409,0.180101
CGACAATTTGATCTAA-1,0.000068,0.015056,0.074691,0.466446,0.342202,0.101538
CGACACCGCTTAAGGA-1,0.000014,0.04471,0.741425,0.007524,0.089445,0.116881
CGACACGCTCCGACAG-1,0.004153,0.02977,0.326268,0.556046,0.027995,0.055767
CGACACGGATGCCCAC-1,0.000012,0.007394,0.257296,0.043298,0.566465,0.125535
CGACAGTTCGCGTTAT-1,0.000028,0.013003,0.838277,0.0064,0.049646,0.092645
CGACATGCGATCTTCT-1,0.000144,0.432032,0.567102,0.000144,0.000289,0.000289
CGACCCTTAACGCCGG-1,0.000031,0.006978,0.259597,0.174138,0.502564,0.056691
CGACCGTTGGTATTCG-1,0.000026,0.007974,0.316536,0.094245,0.494894,0.086325
CGACCTACTAGACAAT-1,0.000011,0.024655,0.705259,0.033679,0.146586,0.089809
CGACGCATCCGTACCT-1,0.000017,0.000149,0.920972,0.009987,0.034309,0.034566
CGACTCAGGATGTTAT-1,0.000033,0.021301,0.713519,0.000156,0.202125,0.062866
CGACTCGGTACACGGT-1,0.000019,0.001088,0.536286,0.038708,0.363958,0.059941
CGACTTGCCGGGAAAT-1,0.000011,0.000033,0.48729,0.090531,0.235197,0.186939
CGACTTTGTATAGCCT-1,0.000062,0.000062,0.009264,0.164909,0.646687,0.179016
CGAGACCCTAGAGTGT-1,0.000023,0.000023,0.891022,0.000023,0.088942,0.019967
CGAGACTACTGCTGCT-1,0.000138,0.03532,0.000414,0.947928,0.015922,0.000276
CGAGAGATGTGAACCT-1,0.000019,0.000019,0.999865,0.000019,0.000039,0.000039
CGAGAGCGCGTAGATA-1,0.000021,0.000021,0.287499,0.131424,0.528246,0.052789
CGAGAGCTTTCACTAC-1,0.104601,0.000141,0.000424,0.320445,0.574106,0.000283
CGAGCACTTCAAGTTT-1,0.00371,0.185831,0.290205,0.250501,0.064619,0.205135
CGAGCCGAGCACTCGA-1,0.000081,0.707094,0.045522,0.010145,0.209813,0.027344
CGAGCGTTGATCAGCC-1,0.000055,0.999502,0.000166,0.000055,0.000111,0.000111
CGAGCTGGGCTTTAGG-1,0.007764,0.091149,0.251504,0.044398,0.339604,0.265581
CGAGGAGCTTCCATAT-1,0.000051,0.000051,0.116417,0.121198,0.741425,0.020859
CGAGGATCGGGAACGA-1,0.002917,0.000023,0.404364,0.058687,0.379846,0.154164
CGAGGCCAGGCATTGG-1,0.006326,0.879987,0.000175,0.113278,0.000117,0.000117
CGAGGCTAAATATGGC-1,0.000033,0.000033,0.614058,0.036124,0.038326,0.311426
CGAGGGACTGCGGTCG-1,0.000024,0.001551,0.456689,0.009977,0.468192,0.063565
CGAGGGTATCCAGGTG-1,0.000217,0.017735,0.093812,0.88737,0.000433,0.000433
CGAGTACTAAAGAGGA-1,0.000015,0.000015,0.620155,0.007886,0.18676,0.185168
CGAGTGAAGGTACCAG-1,0.000029,0.000821,0.356366,0.074147,0.176598,0.39204
CGAGTGCTATAGTTCG-1,0.000058,0.927436,0.072217,0.000058,0.000116,0.000116
CGAGTTCTGTCCCACC-1,0.015145,0.05087,0.328501,0.006086,0.228573,0.370825
CGAGTTTATCGGACTG-1,0.000025,0.000025,0.691591,0.00617,0.169949,0.132238
CGATAACCAATTTGAG-1,0.000011,0.001226,0.686949,0.014244,0.209359,0.088212
CGATACCTCGCGGACA-1,0.000019,0.000019,0.943034,0.000019,0.002817,0.054093
CGATAGCGATACAGTG-1,0.000083,0.000083,0.078967,0.473798,0.272281,0.174788
CGATAGTCGTACTGCA-1,0.082966,0.000107,0.00032,0.074205,0.842188,0.000214
CGATATTAGCCGCAGG-1,0.000102,0.93195,0.000305,0.016795,0.050645,0.000203
CGATCATTAGAGGCAC-1,0.000018,0.004975,0.482442,0.010969,0.384623,0.116974
CGATCCACCATTGTTG-1,0.000023,0.000023,0.494556,0.020369,0.2297,0.255328
CGATCCGACCCAGTGC-1,0.00002,0.01538,0.731507,0.072098,0.07915,0.101844
CGATCCTCGCAACATA-1,0.000052,0.042309,0.072488,0.861108,0.023135,0.000908
CGATCGAGAAGCACCA-1,0.000017,0.000017,0.372469,0.049658,0.2257,0.352137
CGATCTGTTGGAGGAC-1,0.000033,0.000033,0.476073,0.028497,0.39029,0.105075
CGATGGACCCTACGCC-1,0.000026,0.014185,0.830114,0.000026,0.126422,0.029227
CGATGTTGTTATCTAC-1,0.000059,0.000059,0.426152,0.515771,0.009611,0.048348
CGATTAAATATCTCCT-1,0.023334,0.039139,0.409579,0.402427,0.0445,0.08102
CGATTCGCCTGGCTGC-1,0.005609,0.000191,0.000572,0.737786,0.255462,0.000381
CGATTTGTCATTAATG-1,0.000025,0.000025,0.347968,0.203149,0.234878,0.213955
CGCAAACACGAGTTAC-1,0.000034,0.101121,0.27939,0.122565,0.115412,0.381479
CGCAATCGATCATTAG-1,0.000025,0.160858,0.35171,0.114904,0.152396,0.220108
CGCAATTACTTTCGGT-1,0.000047,0.106765,0.601761,0.119936,0.027797,0.143694
CGCAATTAGGGTAATA-1,0.00004,0.152418,0.3191,0.028288,0.232746,0.267408
CGCAATTCTACAATAA-1,0.000032,0.05964,0.503913,0.16614,0.204132,0.066143
CGCACATGTCCACTAC-1,0.000027,0.021411,0.617293,0.040945,0.203561,0.116763
CGCACGTCTGTTTATG-1,0.000075,0.049265,0.23427,0.354405,0.147263,0.214721
CGCACGTGCGCTATCA-1,0.000034,0.000034,0.404467,0.062335,0.093666,0.439465
CGCAGAAACATTTGCG-1,0.000197,0.553503,0.072254,0.36708,0.000395,0.006571
CGCAGATCTTCACCCG-1,0.000035,0.000035,0.363606,0.0387,0.5025,0.095124
CGCAGTTCTATCTTTC-1,0.000168,0.05937,0.000504,0.91264,0.026982,0.000336
CGCATCATGGCTTCAG-1,0.000055,0.084508,0.615856,0.030574,0.110678,0.15833
CGCATCCATCAGCCAG-1,0.000039,0.000039,0.234658,0.141458,0.514606,0.109201
CGCATGCCGAATGCGT-1,0.033665,0.000134,0.000401,0.742231,0.223303,0.000267
CGCATGGTGCGATGCT-1,0.000017,0.032729,0.96693,0.000017,0.000273,0.000034
CGCATTAGCTAATAGG-1,0.000044,0.043096,0.693201,0.00079,0.14532,0.117549
CGCCAAGAAGCCGAGT-1,0.000018,0.006574,0.731183,0.006396,0.053741,0.20209
CGCCAATTATTGCGTT-1,0.001163,0.564024,0.003489,0.426672,0.002326,0.002326
CGCCACAGGTCGCGAT-1,0.000028,0.000104,0.478824,0.072928,0.283699,0.164417
CGCCACCCGCATTAAC-1,0.000083,0.999251,0.00025,0.000083,0.000166,0.000166
CGCCAGTAGTACCTTG-1,0.000026,0.000026,0.283614,0.395053,0.130863,0.190417
CGCCATCCGATTATGA-1,0.000061,0.028792,0.414054,0.000061,0.542289,0.014743
CGCCCAGCACGCCTAG-1,0.000054,0.000359,0.306772,0.508971,0.000109,0.183735
CGCCCAGCGTTTCACG-1,0.022244,0.000178,0.000534,0.751339,0.225349,0.000356
CGCCCGCTTCCGTACA-1,0.000027,0.055584,0.776581,0.000027,0.134764,0.033017
CGCCCTAATTGTTCAA-1,0.00003,0.00003,0.489785,0.053425,0.00115,0.45558
CGCCCTTACATCCACC-1,0.000019,0.042592,0.734446,0.009509,0.075063,0.138371
CGCCCTTGAAGGCTGA-1,0.000041,0.194458,0.279987,0.123821,0.246554,0.155139
CGCCGACTATTCGCTA-1,0.000031,0.056202,0.556738,0.070361,0.234042,0.082626
CGCCGCCCATGCCTGT-1,0.000021,0.000021,0.857675,0.000022,0.037064,0.105196
CGCCGCGTTCTGAACG-1,0.002813,0.000012,0.524768,0.016523,0.249519,0.206364
CGCCGGTGTCGCAGTA-1,0.000011,0.000011,0.330948,0.012526,0.448826,0.207678
CGCCTCCCTCCTCTAT-1,0.000041,0.000041,0.575948,0.023779,0.273554,0.126636
CGCCTGGCCTACGTAA-1,0.000026,0.015073,0.397048,0.099234,0.26277,0.225849
CGCGAAGTGGCATACT-1,0.473203,0.00009,0.000271,0.066032,0.460224,0.00018
CGCGACACTGCGCAGC-1,0.000036,0.194925,0.50953,0.063426,0.061379,0.170704
CGCGACCGCGACAGAT-1,0.220743,0.030652,0.000309,0.653117,0.094973,0.000206
CGCGAGAGGGACTTGT-1,0.000021,0.008453,0.701747,0.028906,0.03521,0.225663
CGCGAGTCTGCCGGGT-1,0.000019,0.005267,0.454201,0.03913,0.351107,0.150276
CGCGCAAATGTCCAGA-1,0.000032,0.000032,0.163324,0.182221,0.0675,0.586891
CGCGCAAGGAACTACA-1,0.000585,0.994735,0.001755,0.000585,0.00117,0.00117
CGCGCATGTTTGATTG-1,0.000036,0.000036,0.459184,0.000036,0.281561,0.259146
CGCGCCCGACTTAATA-1,0.000026,0.028343,0.638591,0.004361,0.165447,0.163232
CGCGGCAGTATTACGG-1,0.000089,0.712921,0.123915,0.031697,0.020013,0.111365
CGCGGCTCAACTTGAA-1,0.000077,0.071298,0.046124,0.7016,0.00318,0.177721
CGCGGGAATTAGGCAG-1,0.000027,0.020001,0.84362,0.000027,0.038339,0.097985
CGCGGGAATTCCTTTC-1,0.000044,0.026041,0.238056,0.227828,0.341759,0.166272
CGCGGTAAGTCTAGCT-1,0.000048,0.000103,0.02819,0.054491,0.591243,0.325924
CGCGGTCACAAACCAA-1,0.000016,0.023229,0.580342,0.022842,0.23126,0.142311
CGCGTACATTCTGGAA-1,0.000009,0.000009,0.966066,0.000009,0.028767,0.00514
CGCGTCATATTAAACC-1,0.000151,0.377558,0.378523,0.243162,0.000303,0.000303
CGCGTGGGCCTGTGTT-1,0.000021,0.000887,0.297268,0.161639,0.199951,0.340235
CGCGTTCATGAAATAC-1,0.000021,0.049944,0.71738,0.01053,0.052258,0.169868
CGCTACCGCCCTATGA-1,0.021236,0.691839,0.200665,0.084024,0.001118,0.001118
CGCTACGGGACATTTA-1,0.00002,0.014075,0.943076,0.00002,0.009327,0.033483
CGCTAGAGACCGCTGC-1,0.000037,0.000037,0.5591,0.034517,0.083909,0.3224
CGCTATACCGCCCACT-1,0.000114,0.84523,0.000343,0.135031,0.019052,0.000229
CGCTATCGTGGCTTTA-1,0.000009,0.000129,0.545518,0.001507,0.412734,0.040103
CGCTATTCAATGTATG-1,0.000066,0.39632,0.259142,0.07731,0.116317,0.150845
CGCTATTCTTAGGCTC-1,0.000048,0.037115,0.368291,0.009189,0.434401,0.150957
CGCTCGACATAATGAT-1,0.000063,0.240035,0.033922,0.149392,0.338562,0.238027
CGCTCTCCGTAGATTA-1,0.000034,0.015543,0.745114,0.034547,0.036641,0.168121
CGCTGAGGACGTCCAA-1,0.0004,0.637321,0.360278,0.0004,0.0008,0.0008
CGCTGTGACGCCGCAC-1,0.01996,0.097517,0.345147,0.051305,0.450531,0.03554
CGCTGTGTGGATGTTG-1,0.000068,0.000068,0.209361,0.350851,0.155835,0.283818
CGCTTAGTATTGATAC-1,0.000152,0.001614,0.000457,0.516751,0.441029,0.039998
CGCTTATTCCCGGTCG-1,0.000031,0.029917,0.830728,0.013877,0.094429,0.031019
CGCTTCCACTGAAATC-1,0.000059,0.33603,0.274045,0.117753,0.092065,0.180048
CGCTTCGGTCTAAGAC-1,0.279371,0.000395,0.001186,0.484368,0.233889,0.000791
CGCTTTCATACCGGTG-1,0.000093,0.456958,0.000279,0.153402,0.364913,0.024355
CGCTTTCCGCCAAGGT-1,0.000043,0.000043,0.165986,0.160632,0.417669,0.255626
CGCTTTCTTGCATTCG-1,0.000049,0.08215,0.280504,0.073882,0.474418,0.088998
CGGAAAGAATCAAACG-1,0.000033,0.000033,0.171891,0.253752,0.192382,0.38191
CGGAAAGCAAATGTGC-1,0.000038,0.425382,0.200526,0.146798,0.059545,0.167711
CGGAAATTTCACATCC-1,0.000119,0.236248,0.160601,0.427439,0.040613,0.134981
CGGAACGTAAACATAG-1,0.000024,0.002478,0.089379,0.064577,0.800662,0.04288
CGGACCTCTGTAGTTA-1,0.000021,0.000021,0.293797,0.055003,0.289746,0.361413
CGGACCTTTACGTCCC-1,0.000045,0.000045,0.417598,0.274913,0.20497,0.102429
CGGACGTTACTTGAAG-1,0.000032,0.052314,0.185512,0.10762,0.524144,0.130377
CGGAGCAATTTAATCG-1,0.000034,0.000034,0.321496,0.090632,0.171756,0.416047
CGGAGCATGGCGATCC-1,0.000024,0.007454,0.837707,0.000073,0.072039,0.082703
CGGAGCTTATAACACC-1,0.000042,0.095327,0.238066,0.056384,0.151037,0.459143
CGGAGTCCTAACCTGG-1,0.000012,0.058499,0.911023,0.000501,0.000702,0.029262
CGGAGTTTGAGAGACA-1,0.000024,0.112874,0.519936,0.092489,0.138183,0.136495
CGGATAAGCGGACATG-1,0.000081,0.40676,0.009769,0.254731,0.305066,0.023594
CGGATCCTCAAGGACT-1,0.252769,0.11403,0.000298,0.427723,0.204982,0.000198
CGGATGAATGCTGTGA-1,0.000018,0.000018,0.422681,0.11784,0.144071,0.315372
CGGATTCTGCCTTATG-1,0.000021,0.004815,0.595807,0.085486,0.215332,0.09854
CGGCAAACATCGTGCG-1,0.000016,0.000016,0.530716,0.0289,0.026508,0.413844
CGGCACCGTTAGCGCC-1,0.000025,0.042748,0.834775,0.000025,0.01102,0.111406
CGGCACTCAAGAAAGT-1,0.014194,0.56841,0.413027,0.001551,0.000094,0.002725
CGGCAGGGTCGGGTTG-1,0.000022,0.000022,0.643951,0.001908,0.300977,0.05312
CGGCCACGCACAAAGT-1,0.001874,0.040087,0.911069,0.000058,0.006387,0.040525
CGGCCAGAGCGACCAT-1,0.01713,0.07335,0.020142,0.812356,0.076877,0.000144
CGGCCCAACCTGTAGT-1,0.000031,0.039886,0.344663,0.395948,0.138627,0.080844
CGGCTCTTCGTCGAAC-1,0.000047,0.072883,0.389648,0.03116,0.129495,0.376767
CGGCTGAAGGTTACGC-1,0.000019,0.059513,0.545018,0.016652,0.251144,0.127655
CGGCTGCAAGATTAAG-1,0.000307,0.629981,0.000921,0.000307,0.313371,0.055114
CGGCTTTGTATGATAA-1,0.000123,0.590162,0.000368,0.105253,0.303848,0.000245
CGGGAACGCCCTGCAT-1,0.000029,0.000029,0.516773,0.096369,0.136979,0.249821
CGGGAAGTACCGTGGC-1,0.000023,0.000023,0.587291,0.18686,0.037354,0.188448
CGGGAATTTATGTAAA-1,0.000031,0.001432,0.207327,0.016578,0.73517,0.039462
CGGGAGCTTCAGTGTA-1,0.000248,0.023338,0.000745,0.974676,0.000496,0.000496
CGGGAGTATACCGCCG-1,0.000057,0.311987,0.316974,0.186466,0.114128,0.070389
CGGGATCAATGTAAGA-1,0.000021,0.048083,0.599089,0.024132,0.142999,0.185675
CGGGCAGCTAAACCGC-1,0.000025,0.086867,0.543194,0.011575,0.217958,0.140381
CGGGCCATAGCCGCAC-1,0.000056,0.9118,0.000169,0.086064,0.001797,0.000113
CGGGCCTTCTTTGTAA-1,0.000027,0.004757,0.700886,0.011063,0.178847,0.10442
CGGGCGATGGATCACG-1,0.000072,0.000072,0.000217,0.416278,0.583216,0.000145
CGGGCTACTTAAATTG-1,0.000013,0.00273,0.65707,0.040099,0.220432,0.079656
CGGGTGTACCCATTTA-1,0.000025,0.000025,0.924615,0.000025,0.062829,0.012482
CGGGTTCGGCACGTAT-1,0.000023,0.051052,0.764869,0.006333,0.063239,0.114484
CGGGTTGTAGCTTTGG-1,0.001352,0.987834,0.004055,0.001352,0.002703,0.002703
CGGTACGGCAAACCCA-1,0.000011,0.000011,0.545617,0.050169,0.222468,0.181723
CGGTACTAGAATCAAA-1,0.000031,0.000031,0.179676,0.009803,0.598599,0.211861
CGGTAGAGGTGCAGGT-1,0.000035,0.01325,0.663249,0.015487,0.216516,0.091463
CGGTATAGGTATTAGC-1,0.001394,0.033853,0.862261,0.008069,0.006141,0.088281
CGGTATGGGCACTCTG-1,0.00002,0.00002,0.641267,0.016127,0.019601,0.322965
CGGTCAAGTGGGAACC-1,0.000034,0.0501,0.469947,0.001455,0.453899,0.024564
CGGTCCATGAGACTCC-1,0.000026,0.000026,0.395448,0.041706,0.50165,0.061143
CGGTCTATCAACCCGT-1,0.000028,0.016557,0.813648,0.001435,0.097446,0.070885
CGGTGAAGACTAAAGT-1,0.00749,0.043992,0.292888,0.117058,0.31807,0.220502
CGGTGCAGATAGAACG-1,0.000021,0.093397,0.547498,0.013579,0.184786,0.160718
CGGTGCGCGTTGGTCC-1,0.00372,0.000024,0.693059,0.005894,0.189277,0.108027
CGGTGGGCTCCAGCCT-1,0.004562,0.059962,0.488845,0.079117,0.21809,0.149424
CGGTGTACTTGATCCC-1,0.156459,0.662288,0.06832,0.000061,0.10764,0.005232
CGGTTATCCAACAGTG-1,0.000482,0.000049,0.303386,0.174141,0.402725,0.119216
CGGTTCAAGTAGGTGT-1,0.000028,0.067597,0.623942,0.000029,0.220098,0.088305
CGGTTCCGGCTTCTTG-1,0.000094,0.822328,0.034734,0.009512,0.052265,0.081068
CGGTTGACCTGGCATA-1,0.000196,0.024197,0.687595,0.013212,0.202291,0.07251
CGGTTGAGTATCCTTC-1,0.000152,0.017873,0.000455,0.846707,0.13451,0.000303
CGGTTGGGCAGGGTCC-1,0.000029,0.000029,0.163696,0.057144,0.192196,0.586906
CGGTTGGGTTCAAGTT-1,0.000037,0.064344,0.535,0.075328,0.138399,0.186891
CGGTTTACTGAACATT-1,0.000045,0.012497,0.051859,0.199368,0.037852,0.698379
CGGTTTATGAAGGAAC-1,0.000022,0.031855,0.644946,0.022073,0.172333,0.128771
CGTAAACGCTTGAGTG-1,0.000039,0.999652,0.000116,0.000039,0.000077,0.000077
CGTAAAGCAAGAAATC-1,0.000014,0.000014,0.476623,0.029481,0.067635,0.426234
CGTAAATAACAAAGGG-1,0.000012,0.000012,0.20859,0.157414,0.43207,0.201902
CGTAACGGAACGATCA-1,0.000006,0.020834,0.373189,0.002031,0.539923,0.064017
CGTAACTTCGACACTT-1,0.000083,0.045737,0.000249,0.645823,0.303059,0.005048
CGTAATAATTACGAGT-1,0.000041,0.999629,0.000124,0.000041,0.000082,0.000082
CGTACCGAAAGTCTAG-1,0.000047,0.648296,0.315616,0.000047,0.005398,0.030595
CGTACCTGATAGGCCT-1,0.006316,0.032861,0.606859,0.009358,0.181507,0.163099
CGTAGAGAGTAATTAT-1,0.000098,0.047805,0.000293,0.632491,0.319118,0.000195
CGTAGCGAATTGTCAG-1,0.000101,0.089265,0.700724,0.068963,0.011303,0.129644
CGTAGCGCCGACGTTG-1,0.000148,0.701447,0.000443,0.187058,0.11061,0.000295
CGTATTAAGAGATCTA-1,0.000043,0.096842,0.308115,0.031365,0.398438,0.165196
CGTATTGTTTCCTAAT-1,0.000026,0.000026,0.276573,0.032575,0.395228,0.295572
CGTATTGTTTGGCGCC-1,0.00003,0.00003,0.221378,0.094836,0.418359,0.265367
CGTCAAATGGTCGCAG-1,0.000016,0.000016,0.270589,0.035378,0.508217,0.185783
CGTCAAGGCTATAAAT-1,0.000012,0.032158,0.856569,0.015108,0.021337,0.074815
CGTCAATCTTTAACAT-1,0.000033,0.751888,0.247913,0.000033,0.000066,0.000066
CGTCACGTCCATTGGT-1,0.000035,0.034994,0.244711,0.027716,0.597386,0.095157
CGTCAGCTATTTACTC-1,0.000101,0.326722,0.026221,0.006109,0.583366,0.05748
CGTCAGTGCGCACAAG-1,0.029131,0.507035,0.072131,0.136628,0.12948,0.125595
CGTCAGTTTATCGTCT-1,0.001,0.601402,0.392596,0.001,0.002001,0.002001
CGTCATACCATATCCA-1,0.0772,0.305788,0.062419,0.317298,0.145153,0.092142
CGTCCAGATGGCTCCA-1,0.000099,0.999112,0.000296,0.000099,0.000197,0.000197
CGTCGCATGTGAGCCA-1,0.027018,0.038169,0.000445,0.354439,0.579633,0.000296
CGTCGCGGCGGGATTT-1,0.006044,0.734347,0.091201,0.057038,0.022897,0.088473
CGTCGCTTGGTTATAC-1,0.00021,0.00021,0.081077,0.917665,0.000419,0.000419
CGTCGGATAGTGTTGA-1,0.000044,0.000044,0.215436,0.009039,0.629166,0.14627
CGTCGGGTCTAAGCGC-1,0.000025,0.000025,0.422827,0.056039,0.200062,0.321021
CGTCGTCCTTCGCGAA-1,0.000186,0.000186,0.000559,0.877367,0.121329,0.000373
CGTCTCTCGCCGAGGC-1,0.000279,0.000681,0.313582,0.022154,0.569051,0.094254
CGTCTGGAAGGGCCCG-1,0.00006,0.244775,0.236382,0.119136,0.091508,0.308138
CGTGAACTGACCCGAT-1,0.000014,0.000014,0.65391,0.076247,0.145665,0.12415
CGTGAAGTTAATTCAC-1,0.00002,0.010913,0.946265,0.00002,0.019537,0.023245
CGTGACATTGGGTCGT-1,0.000071,0.029114,0.198634,0.082728,0.207144,0.482309
CGTGCACACCACTGTA-1,0.004136,0.000146,0.000439,0.372136,0.62285,0.000292
CGTGCAGACTGGGACA-1,0.00006,0.020175,0.288126,0.000861,0.607243,0.083534
CGTGCATTGTCGACGC-1,0.000049,0.046487,0.272563,0.110095,0.524803,0.046003
CGTGCCCGACATTTGT-1,0.000135,0.094891,0.876874,0.000135,0.00027,0.027694
CGTGCCCTCCCGAAGA-1,0.000019,0.000019,0.880172,0.000019,0.060261,0.059508
CGTGCTGGCCTAGTCG-1,0.000114,0.788098,0.000341,0.210992,0.000228,0.000227
CGTGCTTCTACCTAAA-1,0.00009,0.00009,0.26247,0.715255,0.00018,0.021915
CGTGGTACCCAAAGGC-1,0.000066,0.007644,0.008448,0.840006,0.111635,0.032201
CGTGTCCCATTCGCGA-1,0.000062,0.000062,0.497661,0.138794,0.277728,0.085693
CGTGTCTCGTTACGAC-1,0.000092,0.000092,0.340458,0.565125,0.025692,0.06854
CGTGTGTTAAACCCTG-1,0.000035,0.000035,0.106394,0.155668,0.459099,0.278768
CGTTAATGTCCCGACG-1,0.331066,0.092245,0.000625,0.505951,0.069695,0.000417
CGTTAGCTCACAACTG-1,0.000037,0.03905,0.464097,0.134568,0.207101,0.155147
CGTTATCATACTTCCA-1,0.000037,0.001224,0.391587,0.093186,0.440627,0.07334
CGTTCAAGGAAACGGA-1,0.003497,0.000024,0.308672,0.103043,0.271825,0.312939
CGTTCAGACCCGCGAA-1,0.016748,0.000125,0.000375,0.577473,0.405029,0.00025
CGTTCATGGTGCGCGT-1,0.000031,0.000031,0.42267,0.02958,0.383563,0.164125
CGTTCTTCGCACACCT-1,0.000035,0.000035,0.45896,0.019784,0.416349,0.104837
CGTTGAATACCGCGCT-1,0.000209,0.085069,0.000626,0.665288,0.042019,0.206789
CGTTGAGCGACCGTCG-1,0.000039,0.007149,0.45363,0.014692,0.438491,0.085999
CGTTGAGTAATTGCGT-1,0.000054,0.046304,0.283669,0.008043,0.497629,0.1643
CGTTGCCCGCGTGGGA-1,0.000081,0.01521,0.126723,0.649699,0.158095,0.050192
CGTTGTAAACGTCAGG-1,0.000553,0.154998,0.662265,0.063353,0.008466,0.110364
CGTTGTAAGATTGATT-1,0.000037,0.000037,0.296493,0.069525,0.519388,0.11452
CGTTGTCGGCAATTGA-1,0.000122,0.000122,0.000365,0.731218,0.267931,0.000243
CGTTGTTTCAATTCCC-1,0.000034,0.067703,0.740675,0.008389,0.022649,0.16055
CGTTTAAGCGGAGCAC-1,0.000145,0.423525,0.008696,0.048164,0.440497,0.078973
CGTTTACAAGGCAGCT-1,0.000037,0.013452,0.126333,0.044407,0.70906,0.10671
CGTTTCACTTCGGGCG-1,0.000058,0.046949,0.261658,0.027932,0.582337,0.081065
CGTTTCGCTCATTACA-1,0.000045,0.040357,0.65759,0.051989,0.137933,0.112086
CGTTTCGGTTATATGC-1,0.000848,0.000848,0.284474,0.710439,0.001695,0.001695
CGTTTGTGTAGAGGGT-1,0.000044,0.007454,0.541815,0.114433,0.216871,0.119383
CTAAACGGGTGTAATC-1,0.000736,0.631324,0.10416,0.000736,0.001471,0.261574
CTAAAGAATGCCTACT-1,0.000018,0.024861,0.841679,0.014774,0.027746,0.090921
CTAAAGGATGAGATAC-1,0.002331,0.000006,0.60059,0.033086,0.140917,0.223071
CTAAAGGGAAATAGGA-1,0.00002,0.003419,0.498763,0.0435,0.354723,0.099574
CTAAAGTCCGAAGCTA-1,0.000299,0.545838,0.452371,0.000299,0.000597,0.000597
CTAAATCCGGTGTACA-1,0.000073,0.000073,0.028195,0.641209,0.170618,0.159833
CTAAATCCTATTCCGG-1,0.000034,0.038682,0.49365,0.057616,0.202526,0.207492
CTAACAGCACAATAAC-1,0.000061,0.015995,0.218481,0.742291,0.000123,0.023048
CTAACCGCGCGCCCGT-1,0.000011,0.033261,0.965868,0.000011,0.000322,0.000527
CTAACGAAACTTGCTG-1,0.000019,0.026974,0.696378,0.005333,0.178572,0.092724
CTAACTGGTCCGGTTC-1,0.000027,0.000027,0.427276,0.036612,0.47249,0.063568
CTAAGGGAATGATTGG-1,0.000027,0.000027,0.796154,0.01468,0.101875,0.087236
CTAAGTACAGGGCTAC-1,0.00003,0.023572,0.498425,0.034813,0.179982,0.263178
CTAATGCGCCCAACAA-1,0.128257,0.728057,0.141391,0.000459,0.000918,0.000918
CTAATTATGAAGCGTA-1,0.000013,0.008271,0.639522,0.038355,0.224972,0.088868
CTAATTCGCACGCGCT-1,0.000046,0.096114,0.140171,0.167933,0.246948,0.348789
CTAATTCTCAGATATT-1,0.000055,0.000055,0.443531,0.020474,0.502396,0.033489
CTAATTTCAACAACAC-1,0.000046,0.185757,0.470682,0.256627,0.012139,0.074749
CTACAAGAAATAACCC-1,0.000021,0.003613,0.433135,0.10665,0.057856,0.398726
CTACACTAGCTTGTTC-1,0.00087,0.296365,0.698416,0.00087,0.00174,0.00174
CTACATATCGCGGGAC-1,0.000033,0.000033,0.222543,0.182431,0.028778,0.566182
CTACCCTAAGGTCATA-1,0.000048,0.014565,0.238605,0.094989,0.580649,0.071144
CTACGAACTAGGTCGA-1,0.000196,0.541076,0.376594,0.08135,0.000392,0.000392
CTACGACTAGCTATAA-1,0.000018,0.094228,0.855557,0.001995,0.001738,0.046463
CTACGATCCTATCCTA-1,0.00004,0.00004,0.198927,0.179721,0.146099,0.475172
CTACGCACGGAGTACC-1,0.000033,0.068455,0.793695,0.031848,0.018278,0.087691
CTACGCCATTTCCGAT-1,0.000075,0.215838,0.545223,0.000075,0.06881,0.169979
CTACGTGTTGCCACCA-1,0.019695,0.765512,0.213932,0.000172,0.000344,0.000344
CTACTATCATAGGTTT-1,0.000027,0.019427,0.596986,0.000027,0.123796,0.259736
CTACTATCTTTCAGAG-1,0.000028,0.000028,0.916727,0.000028,0.060488,0.022702
CTACTCAAGGTATAGT-1,0.000076,0.000076,0.064636,0.791905,0.079564,0.063743
CTACTCTAGGCCCGGC-1,0.000023,0.025326,0.88638,0.025468,0.016259,0.046544
CTACTGCCACCTGACC-1,0.000055,0.055577,0.558881,0.000055,0.24303,0.142403
CTAGACATATATGTAG-1,0.000025,0.138161,0.464092,0.013214,0.228991,0.155518
CTAGACTGCATTTCGT-1,0.000051,0.033588,0.483681,0.086529,0.175679,0.220471
CTAGATAAACTCCTCG-1,0.000054,0.722298,0.099309,0.049296,0.010107,0.118936
CTAGATGTGAGTGTAA-1,0.00002,0.002759,0.807422,0.00002,0.072411,0.117369
CTAGATTTACGACGGC-1,0.00004,0.00004,0.589256,0.002276,0.333692,0.074698
CTAGCATAGTATAATG-1,0.000037,0.053141,0.419903,0.019067,0.318601,0.18925
CTAGCCCGGGAGACGA-1,0.000012,0.000012,0.355133,0.033064,0.401917,0.209862
CTAGCCGATGTTATGA-1,0.006426,0.021768,0.539969,0.000144,0.349173,0.08252
CTAGCGCCAATCCTAC-1,0.000016,0.011894,0.802836,0.006599,0.050911,0.127744
CTAGGCGGCAGAGAAT-1,0.000465,0.316213,0.680995,0.000465,0.00093,0.000931
CTAGGGATAGGGACAA-1,0.000011,0.000011,0.662536,0.019924,0.019381,0.298138
CTAGGTCTGAAGGAAT-1,0.01035,0.00003,0.144583,0.139557,0.392632,0.312847
CTAGGTTCGGACGTGA-1,0.000175,0.052093,0.000525,0.812853,0.134004,0.00035
CTAGTAGAAAGGGATT-1,0.134632,0.000077,0.000232,0.806691,0.058212,0.000155
CTAGTATTCGGAATTA-1,0.000056,0.060725,0.555356,0.056663,0.044351,0.28285
CTAGTCACGTCTTAAG-1,0.000035,0.011203,0.651527,0.002484,0.31329,0.021461
CTAGTGAAGGACAGGA-1,0.000035,0.072899,0.61098,0.033895,0.103018,0.179173
CTAGTTACAACCCGGT-1,0.000027,0.000027,0.394791,0.097268,0.159783,0.348104
CTAGTTGGGCCCGGTA-1,0.000033,0.058691,0.845288,0.000033,0.043203,0.052753
CTATAAGAGCCAATCG-1,0.000018,0.00556,0.79268,0.001062,0.177691,0.022988
CTATAAGTAGGGTTTG-1,0.000038,0.000038,0.680319,0.039255,0.111467,0.168882
CTATACTTAAAGCGAG-1,0.000084,0.033866,0.005463,0.836531,0.020919,0.103136
CTATAGGCGTTGATGT-1,0.017259,0.000127,0.24954,0.626446,0.08424,0.022388
CTATATCCAGCCTGGC-1,0.008948,0.007827,0.471817,0.043998,0.037001,0.430408
CTATCACAACGCTGGA-1,0.000021,0.007939,0.283213,0.098766,0.308931,0.30113
CTATCGGGTCTCAACA-1,0.000021,0.007622,0.83174,0.00589,0.111123,0.043604
CTATGAACACCTTGCC-1,0.000019,0.000019,0.760619,0.038895,0.020732,0.179715
CTATGTCACTAGCCCA-1,0.000032,0.041168,0.760241,0.000032,0.020008,0.178518
CTATGTCTATTGAAAC-1,0.000078,0.553507,0.180083,0.175212,0.039892,0.051227
CTATGTGAGTCACGGC-1,0.000021,0.010557,0.542853,0.023446,0.327217,0.095905
CTATTCATGTGTCCCA-1,0.000035,0.000035,0.631763,0.025277,0.108385,0.234504
CTATTGTGTTTGGTCA-1,0.000025,0.033117,0.965905,0.000025,0.00005,0.000878
CTATTTGCTTGGAGGA-1,0.000062,0.000062,0.019409,0.260536,0.517188,0.202743
CTATTTGGTTACGGAT-1,0.000043,0.000043,0.632431,0.002172,0.293527,0.071784
CTCAAACCACTGCCCG-1,0.000115,0.017137,0.126651,0.842567,0.00183,0.0117
CTCAACTAACCCGGAT-1,0.134975,0.026897,0.000248,0.689592,0.148123,0.000165
CTCAAGACATTAGCGC-1,0.000023,0.090798,0.817074,0.000023,0.022651,0.069432
CTCACACGCAAGCCTA-1,0.000022,0.000022,0.130309,0.076589,0.712858,0.080201
CTCACATTTACTAAAT-1,0.094561,0.076197,0.069382,0.759446,0.000207,0.000207
CTCACCAGTACAAGTG-1,0.000027,0.033701,0.667196,0.185728,0.000053,0.113295
CTCACCGATCCAAACT-1,0.000023,0.01807,0.618105,0.21399,0.067564,0.082248
CTCACTGTGATACTTA-1,0.042724,0.010822,0.000485,0.578842,0.366803,0.000323
CTCACTTGGCTGGTAA-1,0.000036,0.019293,0.499132,0.204447,0.18875,0.088342
CTCAGAGCTAATGTCG-1,0.000026,0.000026,0.511984,0.071069,0.139237,0.277658
CTCAGATTGTGATAAG-1,0.000032,0.000032,0.38252,0.058425,0.417159,0.141832
CTCAGCAGACTGCCGA-1,0.000017,0.045545,0.71388,0.018381,0.097309,0.124868
CTCAGGACTCACCTGT-1,0.000102,0.656276,0.111236,0.119443,0.098829,0.014114
CTCAGTCACGACAAAT-1,0.006343,0.035539,0.743629,0.011067,0.109157,0.094264
CTCATAAATGTGTATA-1,0.000099,0.000099,0.000296,0.939977,0.059332,0.000197
CTCATCACTTAGTGAT-1,0.000059,0.009231,0.109606,0.33905,0.338988,0.203066
CTCATGGCTCACAATC-1,0.000119,0.398738,0.000356,0.155459,0.273631,0.171698
CTCATGGTAATTTGCG-1,0.000037,0.02025,0.360805,0.019629,0.457479,0.1418
CTCATTAACGTTGCCC-1,0.000057,0.003063,0.165977,0.632093,0.075361,0.12345
CTCATTCGTGAACATC-1,0.001906,0.049239,0.517421,0.06658,0.14796,0.216893
CTCATTGCTCTAACAA-1,0.038438,0.000145,0.000434,0.598315,0.362378,0.00029
CTCATTTGATGGGCGG-1,0.003254,0.068303,0.558786,0.049569,0.152665,0.167423
CTCCCTCCTTTCGATC-1,0.000034,0.000034,0.194965,0.075523,0.554102,0.175342
CTCCCTTGTATCAAGG-1,0.000031,0.000031,0.372267,0.413145,0.082313,0.132214
CTCCGAGTAAATCCGC-1,0.000007,0.013859,0.390392,0.001921,0.562543,0.031278
CTCCGCCCACATGAGG-1,0.000021,0.000021,0.922044,0.000021,0.072606,0.005287
CTCCGGCCTAATATGC-1,0.002897,0.092886,0.389837,0.013451,0.10703,0.393899
CTCCGGCTTGTAGACA-1,0.000063,0.999435,0.000188,0.000063,0.000126,0.000126
CTCCTAAGTTATGTCT-1,0.000092,0.91423,0.005959,0.079351,0.000184,0.000184
CTCCTAGTAATCGTGA-1,0.000022,0.008705,0.294398,0.06171,0.225163,0.410002
CTCCTCCAGCTCACAC-1,0.007423,0.047349,0.278746,0.563474,0.000142,0.102865
CTCCTTTACGCAAGTC-1,0.000022,0.000022,0.619978,0.0138,0.284286,0.081891
CTCGAATGGAACGTAT-1,0.022352,0.030293,0.93558,0.00001,0.000021,0.011743
CTCGAGACATACGATA-1,0.000025,0.000025,0.182872,0.104567,0.093615,0.618896
CTCGAGATCCAAAGCA-1,0.00004,0.999638,0.000121,0.00004,0.000081,0.000081
CTCGAGGCAAGTTTCA-1,0.006446,0.000034,0.495257,0.103956,0.148639,0.245669
CTCGAGGTCGAACAGT-1,0.000034,0.059183,0.831296,0.000034,0.015651,0.093801
CTCGATATTTGCGAGC-1,0.001547,0.023044,0.40442,0.022359,0.525444,0.023186
CTCGCACCTATATAGT-1,0.000056,0.057619,0.413846,0.004314,0.338491,0.185673
CTCGCATTGCATAGCC-1,0.000104,0.028452,0.002352,0.808973,0.092615,0.067504
CTCGCTAGGTAAGCGA-1,0.00013,0.016444,0.042746,0.768308,0.172113,0.00026
CTCGGGATAACACCTA-1,0.000042,0.000042,0.035699,0.474387,0.328409,0.161421
CTCGGGTTCTCTGGCC-1,0.000147,0.000147,0.10819,0.510207,0.000293,0.381016
CTCGGTACCACTGCTC-1,0.000036,0.00342,0.461639,0.019499,0.366574,0.148833
CTCGGTCCGTAGCCTG-1,0.000075,0.260519,0.15747,0.160703,0.142737,0.278496
CTCGGTTGTCGGCCCT-1,0.000023,0.000023,0.737101,0.010306,0.001924,0.250622
CTCGTCGAGGGCTCAT-1,0.053166,0.035815,0.000237,0.862201,0.048423,0.000158
CTCGTCTGTGCCTTCG-1,0.039929,0.008024,0.25806,0.322777,0.200672,0.170538
CTCGTGGCACTGAAAG-1,0.000015,0.000015,0.306392,0.173345,0.349881,0.170351
CTCGTTACGGCTACCA-1,0.000016,0.000016,0.586905,0.03657,0.031811,0.344682
CTCGTTTCTAATGTTT-1,0.02109,0.018418,0.539768,0.090599,0.282083,0.048042
CTCTAACACCGGCAGC-1,0.00001,0.00001,0.438447,0.030441,0.133026,0.398066
CTCTAATGCATTGATC-1,0.000035,0.000035,0.447452,0.021054,0.48493,0.046494
CTCTACACTGGCGATT-1,0.004122,0.032973,0.791548,0.068435,0.011202,0.09172
CTCTACATCCTGCGTG-1,0.003972,0.000055,0.159164,0.127585,0.43456,0.274664
CTCTAGCCCTCGGAAA-1,0.046194,0.101875,0.000365,0.697031,0.154292,0.000243
CTCTATTTGGCTGCAG-1,0.000042,0.000042,0.259463,0.003465,0.582443,0.154545
CTCTCACAATCGATGA-1,0.002142,0.028426,0.597838,0.016152,0.113087,0.242356
CTCTCGATGTGCGCCT-1,0.000834,0.610604,0.002501,0.000834,0.383561,0.001667
CTCTCGCTGTACTATG-1,0.000063,0.129162,0.25315,0.269807,0.205527,0.14229
CTCTCTAACTGCCTAG-1,0.000039,0.000912,0.350151,0.145922,0.049634,0.453343
CTCTGCAGGCATTCTT-1,0.000033,0.000033,0.391633,0.19002,0.085275,0.333007
CTCTGCGAAGCAAGCA-1,0.000797,0.154655,0.843309,0.000023,0.000045,0.001173
CTCTGGACGCCTGGTG-1,0.00004,0.110326,0.792401,0.00004,0.017716,0.079477
CTCTGTCCATGCACCA-1,0.000026,0.196697,0.358265,0.0866,0.070708,0.287704
CTCTGTGCCTGCTATG-1,0.000541,0.68621,0.087652,0.223435,0.001081,0.001081
CTCTGTTTGAGGATTC-1,0.000061,0.206977,0.544581,0.042357,0.088889,0.117134
CTCTTCTGGAAGTTAG-1,0.000136,0.000136,0.11537,0.778293,0.000272,0.105793
CTCTTGTCCCGCTTGG-1,0.000041,0.006987,0.563856,0.007224,0.065018,0.356874
CTGAAACGGCCCTCAG-1,0.000009,0.003777,0.69258,0.018033,0.215732,0.069868
CTGAAAGAGATCCGAC-1,0.000034,0.098572,0.38876,0.124299,0.259946,0.128389
CTGAATCCGAGACCTC-1,0.000025,0.000025,0.658596,0.041412,0.149311,0.15063
CTGAATTTATTGCCAG-1,0.000034,0.01048,0.320792,0.035605,0.55982,0.07327
CTGACTGCGCAGCTCG-1,0.000032,0.000032,0.398766,0.014134,0.385618,0.201418
CTGAGCAAGTAACAAG-1,0.000066,0.926911,0.000199,0.023492,0.044963,0.004368
CTGAGCGAGACTTATT-1,0.000083,0.023063,0.005646,0.785101,0.022759,0.163348
CTGATAGTGTATCTCA-1,0.00421,0.066724,0.667074,0.059071,0.145414,0.057508
CTGATCCCTTTATGCA-1,0.000028,0.000484,0.696818,0.061294,0.124348,0.117028
CTGCACAACTACATAT-1,0.00257,0.000038,0.201814,0.164017,0.202585,0.428976
CTGCACCTAGTCCACA-1,0.000042,0.000042,0.004099,0.088321,0.861251,0.046245
CTGCACCTGGAACCGC-1,0.000064,0.644136,0.000193,0.013584,0.323519,0.018504
CTGCACTCCAGTACAG-1,0.000067,0.0157,0.262005,0.399606,0.081925,0.240696
CTGCAGGGTGACGCTC-1,0.000503,0.038821,0.001508,0.957158,0.001005,0.001005
CTGCAGGTGCTCGGCC-1,0.000877,0.992103,0.002632,0.000877,0.001755,0.001755
CTGCCAAGGTTGGAAG-1,0.000032,0.009037,0.663491,0.000092,0.270051,0.057297
CTGCCATGCATCACAT-1,0.000047,0.004819,0.385335,0.034885,0.523772,0.051142
CTGCCCACGAAGCGTT-1,0.000028,0.045187,0.399371,0.112694,0.254847,0.187873
CTGCCTAGCCACCAAG-1,0.000115,0.238852,0.292007,0.133139,0.133846,0.202042
CTGCCTCATATGCAAC-1,0.000078,0.012979,0.040792,0.790825,0.155168,0.000157
CTGCCTTTAATACCTT-1,0.000162,0.027338,0.000486,0.956597,0.000324,0.015094
CTGCCTTTCTAGTAAA-1,0.569731,0.008461,0.000317,0.316799,0.104481,0.000211
CTGCGACCTCGCCGAA-1,0.007025,0.00004,0.043789,0.278419,0.446772,0.223955
CTGCGATTTCGAGATT-1,0.000053,0.000053,0.147609,0.192732,0.523944,0.135608
CTGCGGGTGAAATGTT-1,0.00002,0.029973,0.583485,0.035345,0.125955,0.225221
CTGCGGTAGTCACGTG-1,0.000025,0.145037,0.84685,0.000025,0.000051,0.008011
CTGCGTTACGATATAA-1,0.000023,0.015298,0.902485,0.000023,0.030044,0.052126
CTGCTCTGACGGCAAA-1,0.000018,0.000018,0.398182,0.066545,0.291334,0.243902
CTGCTGAGGCCACGAA-1,0.000026,0.000026,0.123237,0.043634,0.793933,0.039144
CTGCTTGGCGATAGCT-1,0.000118,0.000118,0.0225,0.683496,0.247243,0.046525
CTGCTTTATGTCCGCG-1,0.014473,0.000038,0.156192,0.026568,0.747317,0.055412
CTGGAAATGGATGCTT-1,0.000057,0.067313,0.12867,0.037937,0.648983,0.117041
CTGGAAGACACGGTGG-1,0.000136,0.025469,0.000408,0.856657,0.117059,0.000272
CTGGACGCAGTCCGGC-1,0.000013,0.000013,0.877541,0.004131,0.033599,0.084702
CTGGATTTACACTTGA-1,0.000017,0.000017,0.975662,0.000017,0.004432,0.019855
CTGGCATCCGAATGAG-1,0.000038,0.000038,0.312075,0.007677,0.645421,0.03475
CTGGCGACATAAGTCC-1,0.000024,0.021795,0.950347,0.000024,0.000047,0.027764
CTGGCGATTTACATGT-1,0.000116,0.04068,0.000349,0.895278,0.063345,0.000233
CTGGCGCACAGGTCTG-1,0.000029,0.000029,0.755887,0.000029,0.175296,0.068731
CTGGCGGGAATAAGTA-1,0.000043,0.457731,0.003262,0.206882,0.32655,0.005533
CTGGCTCCTGCGGGAT-1,0.019102,0.766581,0.000412,0.072014,0.141616,0.000275
CTGGCTGATTCATCCT-1,0.000156,0.000156,0.10807,0.384206,0.061657,0.445756
CTGGCTGCTAACGTAA-1,0.001695,0.984742,0.005086,0.001695,0.003391,0.003391
CTGGCTGGTTGTCAGT-1,0.000039,0.000039,0.58212,0.063991,0.152243,0.201567
CTGGGATAAATAATGG-1,0.000022,0.000022,0.564686,0.038833,0.297471,0.098967
CTGGGATACGCTACCC-1,0.000172,0.000172,0.12894,0.744342,0.107313,0.01906
CTGGGATCGCCCAGAT-1,0.000417,0.349751,0.253216,0.242435,0.009516,0.144665
CTGGGCACTAGTCGGA-1,0.000015,0.131119,0.790134,0.001191,0.013665,0.063876
CTGGGCCTGCTATATC-1,0.00002,0.111607,0.817214,0.00002,0.020789,0.05035
CTGGGCGGCCAAATGT-1,0.000112,0.494795,0.444029,0.006874,0.000224,0.053966
CTGGGCTACTGGAGAG-1,0.000106,0.040964,0.000317,0.853709,0.104694,0.000211
CTGGGCTATCCTTTGG-1,0.000026,0.011766,0.678968,0.020419,0.095077,0.193744
CTGGGTAGGCAGTTAA-1,0.000782,0.000033,0.387556,0.006738,0.376103,0.228788
CTGGGTTGAGTTAAAG-1,0.000019,0.000019,0.323608,0.088206,0.293757,0.294391
CTGGTAAAGACTTACA-1,0.000323,0.043287,0.000347,0.955581,0.000231,0.000231
CTGGTAACACATAGAA-1,0.00197,0.002465,0.509351,0.027444,0.104642,0.354127
CTGGTCATTCCAATCC-1,0.000082,0.200067,0.000247,0.001275,0.621164,0.177165
CTGGTCCTAACTTGGC-1,0.000439,0.707746,0.001316,0.000439,0.289182,0.000877
CTGGTGAATGGGCCTA-1,0.000058,0.024297,0.04056,0.662724,0.132892,0.139469
CTGGTTCAACGCATCA-1,0.000053,0.999521,0.00016,0.000053,0.000106,0.000106
CTGGTTTCGAGCAAGA-1,0.000092,0.000092,0.133878,0.458341,0.312952,0.094646
CTGTACTTCTTAGCAT-1,0.000017,0.002007,0.996436,0.000017,0.000033,0.001491
CTGTAGCCATCTCACT-1,0.000038,0.00004,0.442951,0.044576,0.223611,0.288783
CTGTAGTGAGGATCGA-1,0.006748,0.000042,0.106926,0.177782,0.294362,0.414141
CTGTATGGTGTAGAAA-1,0.001433,0.340927,0.054809,0.162364,0.399691,0.040777
CTGTCAAATGGCTCGG-1,0.000049,0.027683,0.392084,0.007213,0.556582,0.01639
CTGTCACGCCAGGCGC-1,0.000046,0.028964,0.374544,0.036355,0.385699,0.174393
CTGTCCTGCGCACTAC-1,0.000014,0.024667,0.905046,0.000014,0.020329,0.049931
CTGTCTGTGGCTGGCT-1,0.000981,0.991174,0.002942,0.000981,0.001961,0.001961
CTGTGCAGGGTAGGTC-1,0.000023,0.000023,0.744548,0.002965,0.150902,0.101539
CTGTTACCCAATCTAG-1,0.000028,0.000028,0.566139,0.006565,0.256594,0.170646
CTGTTCACTGCCTGTG-1,0.000046,0.113811,0.554045,0.000046,0.164401,0.167651
CTGTTCATCTCACGGG-1,0.000065,0.320754,0.381138,0.084475,0.208309,0.005259
CTGTTGGCTCTTCTGA-1,0.000054,0.587427,0.226179,0.001764,0.028872,0.155704
CTGTTGTTCAGTCGTA-1,0.004477,0.000099,0.135897,0.315832,0.198851,0.344844
CTTAAATAAGACCCAT-1,0.000018,0.058508,0.66578,0.106486,0.050733,0.118476
CTTAACTTCGAAGTAC-1,0.00027,0.394824,0.512399,0.067515,0.024453,0.000539
CTTAAGCAGCGAGCCG-1,0.00003,0.005201,0.211706,0.078269,0.49275,0.212044
CTTAATCGACTTAGTA-1,0.000023,0.000023,0.417206,0.094422,0.202083,0.286243
CTTACACGGTATTCCA-1,0.000029,0.058382,0.783807,0.00096,0.013287,0.143534
CTTACACTGGGAAATA-1,0.01186,0.461672,0.002999,0.215738,0.249876,0.057856
CTTACATAGATTTCTT-1,0.000041,0.000041,0.333551,0.201667,0.24994,0.21476
CTTAGATGTTTCATCC-1,0.000032,0.000032,0.494081,0.108037,0.175581,0.222237
CTTAGCCCGGATAGTG-1,0.000024,0.045386,0.763392,0.091752,0.009929,0.089517
CTTAGCCTTCCACATG-1,0.000052,0.145446,0.503761,0.008784,0.209905,0.132053
CTTAGGTATAGACCAG-1,0.0481,0.026553,0.000321,0.794898,0.114814,0.015313
CTTAGGTCCCAATCGT-1,0.000023,0.000023,0.337168,0.034405,0.199329,0.429053
CTTAGTAGGCCTACAG-1,0.000029,0.000029,0.373005,0.011702,0.533402,0.081833
CTTAGTGTAGTAGCAT-1,0.541471,0.099472,0.012769,0.28635,0.000124,0.059814
CTTAGTTGAGGAATCG-1,0.00011,0.00011,0.013305,0.509292,0.432317,0.044865
CTTATGCGCTCAGGGC-1,0.000035,0.019022,0.361677,0.034881,0.47116,0.113225
CTTATGTTGACTACCA-1,0.000193,0.699507,0.000579,0.000193,0.299141,0.000386
CTTCACGCCCTGGTAC-1,0.000024,0.000024,0.613464,0.058111,0.083152,0.245224
CTTCAGTGGTCGCCTA-1,0.000022,0.000022,0.686228,0.021614,0.048056,0.244057
CTTCAGTTGGACAACG-1,0.012231,0.015663,0.22366,0.249675,0.021705,0.477066
CTTCATAGCTCAAGAA-1,0.000061,0.275298,0.000183,0.046714,0.672664,0.005079
CTTCATCACCAGGGCT-1,0.00001,0.00001,0.666429,0.023871,0.085061,0.22462
CTTCATTGTCAGTGGA-1,0.000027,0.034889,0.956404,0.000027,0.000053,0.0086
CTTCCGCTCCGTGAAG-1,0.000025,0.000025,0.653182,0.029314,0.004056,0.313398
CTTCCTGCATATTTAC-1,0.000023,0.009075,0.845724,0.084224,0.010125,0.050828
CTTCGATTGCGCAAGC-1,0.000718,0.012546,0.000368,0.91864,0.067483,0.000245
CTTCGTAGATAGGTGA-1,0.000023,0.000025,0.990957,0.000023,0.000046,0.008926
CTTCTATGTTGAAGTA-1,0.000025,0.000025,0.950208,0.000025,0.030668,0.01905
CTTCTATTAATGCTAG-1,0.000033,0.000033,0.558436,0.04798,0.242635,0.150884
CTTCTGGGCGTACCTA-1,0.000084,0.07218,0.004048,0.563437,0.355822,0.004428
CTTCTTACGTCGTATA-1,0.000065,0.394844,0.226871,0.000065,0.047328,0.330827
CTTGACCCGAAAGATA-1,0.000118,0.268745,0.006986,0.132768,0.45643,0.134953
CTTGAGGTTATCCCGA-1,0.000086,0.752507,0.047639,0.06696,0.000173,0.132635
CTTGAGTTAGGGTAAT-1,0.000033,0.000033,0.714528,0.005805,0.016845,0.262757
CTTGATGACCATCCAG-1,0.000199,0.000199,0.000597,0.778642,0.219965,0.000398
CTTGCAACCGCCTCCT-1,0.000038,0.000038,0.445882,0.026528,0.452385,0.075129
CTTGCCCACCCACGCA-1,0.011522,0.096196,0.000644,0.890779,0.000429,0.000429
CTTGCCCAGGCTCTAC-1,0.000029,0.000029,0.465077,0.002761,0.490839,0.041264
CTTGGCCAAGCTGGGA-1,0.02773,0.019534,0.189071,0.697695,0.003655,0.062315
CTTGTACTTGTTGACT-1,0.00008,0.12853,0.108789,0.209308,0.507073,0.046221
CTTGTCAACATTCGAG-1,0.000021,0.000021,0.607104,0.031381,0.057235,0.304239
CTTGTGAGGACAGCGG-1,0.002326,0.379279,0.006979,0.002326,0.604438,0.004653
CTTGTGAGTCTTTGAC-1,0.000511,0.998797,0.00026,0.000087,0.000173,0.000173
CTTGTGCTCACCGATT-1,0.000031,0.007025,0.828361,0.000031,0.141548,0.023005
CTTGTTGCTGAGTCAA-1,0.000025,0.000025,0.671334,0.001743,0.199552,0.12732
CTTGTTTATGTAGCCA-1,0.000066,0.696451,0.298704,0.000066,0.000132,0.00458
CTTTAACTTTCAAAGG-1,0.000029,0.126753,0.722465,0.026044,0.056086,0.068622
CTTTAATATTGGTCGA-1,0.000065,0.000065,0.069442,0.251915,0.439532,0.238981
CTTTACCGAATAGTAG-1,0.000098,0.013378,0.000293,0.523746,0.46229,0.000195
CTTTAGGAACACTGTT-1,0.000059,0.000059,0.083855,0.029315,0.590209,0.296503
CTTTAGTGCTATTATT-1,0.000034,0.004006,0.896932,0.000034,0.04251,0.056483
CTTTATCCGACGCATG-1,0.000015,0.000015,0.599841,0.067909,0.207507,0.124712
CTTTCTGTGCGGGCTT-1,0.000079,0.000079,0.139909,0.18086,0.442177,0.236897
CTTTGAAACATATTCC-1,0.000014,0.0244,0.858075,0.004886,0.023868,0.088756
CTTTGACGTCGCTTCT-1,0.000031,0.052877,0.28105,0.052251,0.493667,0.120124
CTTTGGCAGACAGAGT-1,0.000022,0.060773,0.624086,0.031617,0.16499,0.118512
CTTTGGCGCTTTATAC-1,0.000033,0.056475,0.53639,0.027358,0.091377,0.288367
CTTTGGCTTTAGTAAA-1,0.00002,0.040888,0.691905,0.003809,0.04538,0.217997
CTTTGGGATTGTTGCA-1,0.000094,0.003194,0.311423,0.563436,0.000187,0.121666
CTTTGTCGAATGCTCC-1,0.003678,0.124305,0.498212,0.272484,0.008428,0.092892
GAAACAGATGACCACC-1,0.000013,0.001696,0.869599,0.003256,0.00115,0.124286
GAAACAGCCATGCAGT-1,0.001129,0.286394,0.319433,0.207631,0.067538,0.117875
GAAACATAGGAAACAG-1,0.02384,0.052614,0.002324,0.791226,0.120792,0.009204
GAAACCATGGTGCGCT-1,0.002012,0.008595,0.285549,0.032363,0.570786,0.100695
GAAACCGAATTACCTT-1,0.003594,0.013319,0.402283,0.036471,0.509934,0.034399
GAAACCTATACAAATG-1,0.000045,0.005336,0.253596,0.525298,0.020852,0.194872
GAAACTCGTGCGATGC-1,0.000018,0.032373,0.737251,0.043977,0.03775,0.148632
GAAACTCTAATGAAGG-1,0.000036,0.086763,0.578783,0.126474,0.113531,0.094413
GAAAGAACAGCGTTAT-1,0.000034,0.016774,0.076987,0.092383,0.719882,0.093939
GAAAGCAGTGCACTTT-1,0.006664,0.000018,0.283715,0.051744,0.070829,0.58703
GAAAGCCCTTTGGACC-1,0.000023,0.086507,0.551335,0.034543,0.132416,0.195177
GAAAGTGACTAACTGC-1,0.002674,0.094329,0.479025,0.098264,0.092759,0.232949
GAAATACCTGCTGGCT-1,0.000061,0.134795,0.412705,0.198111,0.064945,0.189383
GAAATACTAAACGTTT-1,0.010453,0.404402,0.115293,0.340019,0.122961,0.006871
GAAATATCACCATCAG-1,0.002672,0.033011,0.501724,0.026252,0.180736,0.255605
GAAATATGCTTGAATG-1,0.000016,0.063094,0.529032,0.013838,0.130795,0.263224
GAAATCGCGCGCAACT-1,0.051934,0.144057,0.48443,0.018826,0.179685,0.121068
GAAATCTGACCAAGTT-1,0.000242,0.832291,0.000727,0.000242,0.166013,0.000484
GAAATGGCGGTGTTAG-1,0.000018,0.064105,0.812077,0.000018,0.051359,0.072423
GAAATGGGATGTAAAC-1,0.018998,0.902189,0.000124,0.078524,0.000082,0.000082
GAAATTAGCACGGATA-1,0.00003,0.077201,0.556403,0.116829,0.129981,0.119557
GAAATTCACATCGCTG-1,0.00006,0.662351,0.087887,0.002136,0.18145,0.066116
GAAATTGTCTCTATAA-1,0.000032,0.000032,0.147825,0.064274,0.764724,0.023112
GAACAACTGGGATGAA-1,0.00006,0.015828,0.000181,0.713176,0.270634,0.00012
GAACACACATCAACCA-1,0.006167,0.087522,0.314063,0.088686,0.159502,0.344059
GAACAGATTACTAAAT-1,0.000121,0.000121,0.000363,0.701862,0.297291,0.000242
GAACATTAGTATGTTA-1,0.000011,0.00039,0.781282,0.000011,0.156578,0.061728
GAACCATCTGGGAGAC-1,0.000412,0.546671,0.450859,0.000412,0.000823,0.000823
GAACCCTCTGTGTTCT-1,0.000161,0.000161,0.031065,0.909461,0.05112,0.008032
GAACCTCGACCTACAC-1,0.00002,0.019245,0.808109,0.050398,0.050141,0.072086
GAACCTTTAACGATCC-1,0.068419,0.048611,0.000297,0.710445,0.17203,0.000198
GAACGACCGAATGATA-1,0.000034,0.081545,0.361322,0.117457,0.124751,0.314891
GAACGATAAGTTAAAG-1,0.000017,0.000017,0.538089,0.049636,0.034781,0.37746
GAACGGTGTAAAGCAG-1,0.00001,0.014778,0.760558,0.011568,0.111644,0.101442
GAACGTCTCATGGTCG-1,0.000027,0.002545,0.556958,0.003762,0.352406,0.084302
GAACGTTAGGAAGACG-1,0.003317,0.029978,0.646749,0.039108,0.090173,0.190675
GAACTGTGGAGAGACA-1,0.083586,0.014761,0.000213,0.450423,0.450876,0.000142
GAACTTAGCGCCCGGT-1,0.001206,0.009284,0.622197,0.026461,0.134859,0.205993
GAACTTGTGCACGGGA-1,0.000011,0.000011,0.791618,0.019627,0.117204,0.071529
GAAGAAACGATATTGT-1,0.000037,0.014817,0.200452,0.350917,0.056633,0.377144
GAAGAACGGTGCAGGT-1,0.000048,0.768805,0.032432,0.093898,0.102577,0.00224
GAAGACTTCAATGCCG-1,0.000293,0.250574,0.409614,0.325262,0.000587,0.01367
GAAGCCACTGATTATG-1,0.000134,0.000134,0.000401,0.475776,0.523289,0.000267
GAAGCCGGGTAAGCTC-1,0.000032,0.15647,0.385471,0.024161,0.082253,0.351613
GAAGCGTGAGGAATTT-1,0.008146,0.064968,0.865532,0.000023,0.003392,0.057938
GAAGCTCGGACCCGTC-1,0.000014,0.000014,0.786394,0.006547,0.016629,0.190402
GAAGCTCTTTGCTTAG-1,0.000091,0.516473,0.3437,0.103005,0.036549,0.000182
GAAGCTTGCTGACCGC-1,0.000026,0.057938,0.678881,0.069322,0.057013,0.13682
GAAGGACTAAATTGAA-1,0.00042,0.996217,0.001261,0.00042,0.000841,0.000841
GAAGGAGTCGAGTGCG-1,0.000109,0.076104,0.000328,0.585615,0.324056,0.013787
GAAGGCTACCATTGTT-1,0.000039,0.000039,0.168003,0.054099,0.65688,0.120941
GAAGGGCATAACCATG-1,0.000076,0.999313,0.000229,0.000076,0.000153,0.000153
GAAGGGTCATTAAGAC-1,0.00002,0.00002,0.270444,0.078129,0.17999,0.471397
GAAGTCAGTTGCACTA-1,0.000021,0.000021,0.939178,0.000021,0.005592,0.055166
GAAGTCTCCCTAGCGA-1,0.000042,0.000042,0.353182,0.103122,0.482469,0.061145
GAAGTGATTTATCGTG-1,0.000021,0.028067,0.963649,0.000021,0.000042,0.008201
GAAGTGCTGGATAGCT-1,0.000037,0.128511,0.769174,0.011868,0.007073,0.083336
GAAGTTTCCACTCAAT-1,0.000049,0.062222,0.45912,0.05428,0.140099,0.28423
GAATAGACGCGACCCA-1,0.000032,0.000032,0.371084,0.180551,0.089795,0.358506
GAATAGCCCTGCGGTC-1,0.000012,0.000012,0.994927,0.000012,0.002057,0.002978
GAATAGTGCTCGATTA-1,0.000082,0.072593,0.097664,0.308936,0.400632,0.120093
GAATATTCGGAGTCCC-1,0.016038,0.068904,0.834816,0.000033,0.000066,0.080143
GAATCGACATGGTCAC-1,0.000048,0.125207,0.148348,0.061234,0.429404,0.235758
GAATCGCCGGACACGG-1,0.00007,0.999374,0.000209,0.00007,0.000139,0.000139
GAATCTATACTCGGAC-1,0.000184,0.274256,0.163674,0.2846,0.276918,0.000368
GAATCTGAACATTCTC-1,0.000017,0.004839,0.838942,0.001523,0.068564,0.086115
GAATGAAGGTCTTCAG-1,0.000013,0.004622,0.85239,0.000013,0.083155,0.059807
GAATGCCGAAATGACC-1,0.000039,0.165606,0.471444,0.056501,0.020425,0.285986
GAATGCGAATCGGTTC-1,0.000118,0.000118,0.143962,0.75187,0.103696,0.000236
GAATGGGCTTATCGAC-1,0.000025,0.032418,0.82826,0.023345,0.014701,0.101251
GAATGTATGGCAGGTC-1,0.016813,0.06801,0.853177,0.006888,0.01841,0.036702
GAATGTGGTCCGGATT-1,0.000021,0.000021,0.903877,0.000021,0.020104,0.075958
GAATGTTGGGTAATCT-1,0.000029,0.020714,0.840033,0.000029,0.061891,0.077304
GAATTATAGTGAAAGG-1,0.013592,0.106667,0.503904,0.020215,0.194744,0.160878
GAATTATGCAACCTAC-1,0.000011,0.007401,0.59092,0.013653,0.297102,0.090914
GAATTCACCCGGGTGT-1,0.000023,0.000023,0.39795,0.043766,0.4646,0.093638
GAATTTCTCGCTGCAG-1,0.000055,0.082552,0.581904,0.151572,0.03621,0.147709
GACAAACATATGCAGG-1,0.000144,0.023672,0.043244,0.814514,0.094602,0.023824
GACAACGACCATTGAA-1,0.003887,0.06309,0.532877,0.04637,0.242992,0.110784
GACAACGCAGCTTACG-1,0.00345,0.074226,0.583116,0.102918,0.087707,0.148583
GACACAAGGGAAGAAA-1,0.000016,0.036541,0.900383,0.007671,0.004445,0.050943
GACACAGCCGGGACTG-1,0.000091,0.070087,0.000272,0.799075,0.130294,0.000182
GACACCCAAAGACGCG-1,0.000016,0.000016,0.261145,0.091682,0.401849,0.245292
GACACGAGTTAGAGGA-1,0.000047,0.427506,0.161794,0.099955,0.052755,0.257944
GACACTGAGTTCAGTG-1,0.106074,0.009474,0.248285,0.018991,0.604091,0.013084
GACACTTCCAATTACC-1,0.055193,0.000194,0.000582,0.943256,0.000388,0.000388
GACAGAGGTCTTCAGT-1,0.000946,0.000824,0.637906,0.008083,0.107436,0.244805
GACAGATTTCTGGCTC-1,0.000031,0.000031,0.329801,0.047873,0.542245,0.080019
GACAGCCAGACCTGAC-1,0.000023,0.000023,0.616127,0.025865,0.068069,0.289893
GACAGGCACACACTAT-1,0.000026,0.071366,0.655479,0.062639,0.118484,0.092006
GACAGGTAATCCGTGT-1,0.000211,0.092538,0.000633,0.801148,0.105047,0.000422
GACATACTGTCGCAGA-1,0.000117,0.397565,0.112672,0.32548,0.097374,0.066792
GACATCCGTCGAACTG-1,0.00013,0.00013,0.000389,0.474089,0.525004,0.000259
GACATCGATTTATAAC-1,0.00002,0.00002,0.428908,0.081299,0.18142,0.308333
GACATTTCGCCCAGCC-1,0.000019,0.000019,0.772377,0.025372,0.022988,0.179225
GACCACACTTCCCTTT-1,0.000081,0.000081,0.000242,0.435917,0.551357,0.012323
GACCAGAGCCCTGTAG-1,0.000031,0.086417,0.574772,0.025393,0.142787,0.1706
GACCAGGTCATTCATA-1,0.000154,0.298446,0.640858,0.000154,0.000308,0.06008
GACCCAATTATGATAC-1,0.000023,0.000023,0.226495,0.020202,0.215965,0.537291
GACCCGTCGCCGGCTA-1,0.000369,0.811794,0.049064,0.000369,0.137666,0.000738
GACCGACGTGAAAGCA-1,0.000072,0.024342,0.067587,0.733032,0.108254,0.066713
GACCGACTGAAGCGTC-1,0.030523,0.044673,0.313891,0.0981,0.311978,0.200835
GACCGATTAAATATGT-1,0.000016,0.026341,0.45352,0.128576,0.071666,0.31988
GACCGGTGATACTCTC-1,0.000031,0.000031,0.204325,0.145507,0.546246,0.103861
GACCGTCAGGTCGTGA-1,0.000033,0.019786,0.692111,0.041689,0.124328,0.122052
GACCGTGCTGACGGTG-1,0.000025,0.024491,0.682207,0.006546,0.145072,0.14166
GACCGTTACATGCGAC-1,0.006632,0.006962,0.667057,0.04689,0.12853,0.143928
GACCTGGTCTGGGCGT-1,0.000051,0.466751,0.532942,0.000051,0.000102,0.000102
GACCTTCCACGTCTAC-1,0.029157,0.038359,0.000392,0.39527,0.53656,0.000262
GACGACGATCCGCGTT-1,0.00005,0.00005,0.093861,0.051258,0.728653,0.126128
GACGATATCACTGGGT-1,0.000024,0.019383,0.667381,0.046553,0.109304,0.157353
GACGCATACCCGTCGG-1,0.000076,0.035543,0.000228,0.78248,0.18152,0.000152
GACGCCGTAAAGGCTA-1,0.000013,0.000013,0.789441,0.010167,0.022308,0.178059
GACGCCTGTTGCAGGG-1,0.008817,0.936652,0.000223,0.054011,0.000149,0.000149
GACGCTTGCTTCTAAA-1,0.000031,0.023545,0.327188,0.106932,0.137151,0.405153
GACGGACCGCGTTCCT-1,0.000752,0.503154,0.002256,0.257741,0.001504,0.234592
GACGGGCATCGAATTT-1,0.000112,0.054064,0.000337,0.858065,0.087197,0.000225
GACGGGTTGGCCCGTA-1,0.00006,0.009117,0.215319,0.569155,0.103758,0.102591
GACGGTCAATAGAAGC-1,0.005386,0.000021,0.400739,0.024457,0.399129,0.170267
GACGTGAGACTCCATG-1,0.000069,0.99938,0.000207,0.000069,0.000138,0.000138
GACGTGTAGGGATTAT-1,0.000112,0.046869,0.485696,0.000112,0.058583,0.408629
GACGTTCGTAAATACA-1,0.000023,0.000023,0.26522,0.033711,0.46632,0.234703
GACGTTGCTCGGCGGC-1,0.000012,0.000012,0.566023,0.021507,0.115953,0.296494
GACTAACACAGCACCT-1,0.004232,0.020799,0.957011,0.000013,0.000027,0.017918
GACTAAGATCATGCAC-1,0.004054,0.064075,0.370191,0.144068,0.273761,0.143851
GACTAAGTAGGCTCAC-1,0.000043,0.118621,0.323529,0.014794,0.250879,0.292135
GACTACAAAGCGGTGG-1,0.000011,0.002121,0.824298,0.006102,0.038685,0.128783
GACTACAATTGCTCGT-1,0.000117,0.272457,0.525937,0.074805,0.018763,0.107921
GACTAGGCCGTTAGGT-1,0.000128,0.000128,0.000385,0.869972,0.12913,0.000257
GACTCACCCACGTGAG-1,0.000058,0.011976,0.307004,0.490437,0.109152,0.081372
GACTCCCAGAATAAGG-1,0.00002,0.00002,0.477365,0.016798,0.438509,0.067288
GACTCCTTCCAATTGA-1,0.002639,0.000031,0.600033,0.16448,0.017712,0.215106
GACTCGCGGGAATGAC-1,0.00004,0.020171,0.282869,0.041498,0.544612,0.11081
GACTCGGTCGGCGGAT-1,0.000015,0.000015,0.998295,0.000015,0.00003,0.00163
GACTCTAGAGTTCCAA-1,0.000018,0.000018,0.579435,0.009263,0.118708,0.292557
GACTGATTGGTCACAA-1,0.000021,0.000021,0.728535,0.012074,0.097744,0.161606
GACTGCACCAGCCCAG-1,0.00004,0.00004,0.240916,0.046449,0.23516,0.477396
GACTGCGGCACGTGTA-1,0.00005,0.072334,0.371711,0.150164,0.277658,0.128083
GACTGCTGGTGAGAAA-1,0.000049,0.000049,0.000148,0.637856,0.252859,0.10904
GACTGGGCGCCGCAAC-1,0.000023,0.041719,0.423451,0.117104,0.121454,0.296249
GACTTCAACGCATCAA-1,0.014917,0.016798,0.000151,0.515798,0.421364,0.030972
GACTTTCGAGCGGTTC-1,0.006914,0.000009,0.597949,0.026023,0.167952,0.201154
GAGAATCTCACGATCA-1,0.000033,0.058412,0.427402,0.178813,0.121188,0.214151
GAGACCCTGCAACGCC-1,0.000021,0.023312,0.695576,0.057675,0.091286,0.132131
GAGACTGATGGGTAGA-1,0.000039,0.059515,0.863612,0.006483,0.028191,0.042161
GAGACTTCGCGACCGA-1,0.000021,0.003756,0.592447,0.001734,0.03352,0.368522
GAGAGCGCAGTCCCTG-1,0.002842,0.079295,0.434099,0.035733,0.156129,0.291902
GAGAGGGCGCGAGGTT-1,0.000016,0.021245,0.832609,0.013374,0.044705,0.088051
GAGAGGTGCATTCTGG-1,0.000031,0.066947,0.352635,0.026143,0.442283,0.111961
GAGAGTCTCGGGAGAG-1,0.000014,0.000014,0.393304,0.051747,0.116613,0.438308
GAGATCGATCTTACTC-1,0.005185,0.000018,0.564002,0.07986,0.019754,0.33118
GAGATCTGCTTGGCAT-1,0.000051,0.025978,0.265629,0.009306,0.355491,0.343544
GAGATCTGTCACTCCG-1,0.000045,0.064298,0.629059,0.068951,0.167951,0.069696
GAGATCTTCCATGACA-1,0.000046,0.000046,0.402456,0.031063,0.326042,0.240347
GAGATGACAATCCTTA-1,0.000017,0.000017,0.599443,0.025322,0.11322,0.261982
GAGATGGCTTTAATCA-1,0.000066,0.000066,0.000199,0.438946,0.560589,0.000133
GAGATGGGAGTCGACA-1,0.002522,0.001132,0.017234,0.13266,0.624801,0.221652
GAGCATCAACAACTTG-1,0.000099,0.006498,0.000296,0.815396,0.177515,0.000197
GAGCATCATCCCTGGG-1,0.000084,0.889163,0.000252,0.024571,0.078349,0.00758
GAGCCACGGTAGTAGG-1,0.000088,0.95115,0.000263,0.027317,0.021007,0.000175
GAGCCGAGCGTTTATT-1,0.000033,0.034522,0.639205,0.017825,0.265235,0.04318
GAGCGAGGGAGTACCG-1,0.000057,0.284391,0.231488,0.07425,0.267721,0.142093
GAGCGCTGTTAGGTAA-1,0.000075,0.000097,0.155985,0.819242,0.00015,0.02445
GAGCGGAATGCGGTGT-1,0.000039,0.000039,0.229616,0.241013,0.406647,0.122646
GAGCTAAGGGCATATC-1,0.000019,0.070831,0.914946,0.000019,0.004104,0.010081
GAGCTCAACATGAGCG-1,0.003654,0.000016,0.63862,0.049175,0.04179,0.266745
GAGCTCTCGGACCTAA-1,0.000069,0.500854,0.259984,0.130829,0.058816,0.049447
GAGCTGTCGTCTCGGA-1,0.002876,0.010389,0.610783,0.034147,0.237494,0.10431
GAGGAATATCTCTTTG-1,0.000022,0.009475,0.347565,0.055929,0.101273,0.485736
GAGGAATGGAGAGGTT-1,0.000031,0.40129,0.446478,0.016286,0.044705,0.09121
GAGGAGATCCTCATGC-1,0.000054,0.999512,0.000163,0.000054,0.000108,0.000108
GAGGAGTAATTCCTAC-1,0.000709,0.915564,0.002128,0.000709,0.07947,0.001419
GAGGATAAACAGTGCT-1,0.000129,0.029905,0.1927,0.742824,0.011931,0.02251
GAGGCATTTGCAGCAG-1,0.000024,0.000024,0.374941,0.079237,0.47298,0.072794
GAGGCCCGACTCCGCA-1,0.000028,0.000028,0.170658,0.100494,0.264893,0.463898
GAGGCTATCAAAGTCG-1,0.000029,0.039452,0.367522,0.03696,0.242323,0.313713
GAGGGAGTCAGATCGC-1,0.000076,0.047036,0.061925,0.525017,0.342633,0.023312
GAGGGCATCGCGTATC-1,0.00007,0.949077,0.000209,0.040651,0.009854,0.00014
GAGGGCCATAATATTA-1,0.00001,0.00001,0.828364,0.000044,0.096146,0.075427
GAGGGCCGGCAGAGTC-1,0.000007,0.006797,0.594922,0.006254,0.322395,0.069625
GAGGGCGCAGCTCTGC-1,0.000019,0.005016,0.992273,0.000019,0.002637,0.000037
GAGGGTAGTAACAAAG-1,0.075251,0.032156,0.143267,0.737137,0.008648,0.003542
GAGGTACATCCATCTT-1,0.000142,0.281885,0.237347,0.062348,0.375596,0.042682
GAGGTACGCGTGTCCC-1,0.000087,0.000087,0.000261,0.453875,0.545516,0.000174
GAGGTCCCAAAGATCT-1,0.000049,0.498029,0.05901,0.183495,0.152552,0.106866
GAGGTCCGTTCGCTGT-1,0.000019,0.000019,0.56046,0.089228,0.248502,0.101771
GAGGTCTTAGTGGGTC-1,0.000031,0.062262,0.350512,0.118536,0.091291,0.377368
GAGTAAGGCCACGGGA-1,0.000021,0.000021,0.528267,0.135526,0.195867,0.140298
GAGTACGGGTATACAA-1,0.00748,0.63255,0.003147,0.045489,0.241541,0.069793
GAGTAGATACTAGTTG-1,0.004322,0.035485,0.000443,0.95158,0.007876,0.000295
GAGTATACCCTAATCA-1,0.000027,0.006893,0.330623,0.183143,0.115755,0.363559
GAGTATGCCCGCCTTG-1,0.000033,0.000033,0.320196,0.055338,0.478488,0.145912
GAGTATGCGCGTGCAT-1,0.036334,0.01895,0.02732,0.88851,0.028699,0.000187
GAGTCAGACCAGAATC-1,0.000011,0.000011,0.7614,0.020306,0.020327,0.197944
GAGTCCACCAGGTTTA-1,0.007221,0.00009,0.704725,0.016752,0.026568,0.244643
GAGTCCGCTTACCGGA-1,0.00183,0.002238,0.742987,0.00003,0.199305,0.05361
GAGTCGACAGACCCTC-1,0.000042,0.35828,0.266411,0.074613,0.119312,0.181342
GAGTCTTGTAAAGGAC-1,0.000022,0.003141,0.413891,0.059494,0.420568,0.102885
GAGTGCACGGACAACA-1,0.000009,0.000009,0.695925,0.01525,0.122313,0.166494
GAGTGTCAACCAGAAA-1,0.099553,0.001962,0.00023,0.888344,0.009759,0.000153
GAGTGTGCGGTACCCA-1,0.000051,0.000051,0.366011,0.159918,0.161478,0.312492
GAGTTCTGTGGGTGCT-1,0.000115,0.01498,0.077185,0.88862,0.00844,0.01066
GAGTTGATGGCAATTT-1,0.007158,0.000015,0.778309,0.012045,0.099288,0.103185
GAGTTGTCACCAGTCT-1,0.000021,0.000021,0.716102,0.041941,0.001074,0.240841
GATAAATCGGTGGATG-1,0.000035,0.37665,0.37417,0.042726,0.020332,0.186086
GATAACTCGCACTGTG-1,0.000038,0.000038,0.073362,0.112252,0.602585,0.211725
GATAAGGCAGATGCAA-1,0.000051,0.958725,0.000152,0.040869,0.000101,0.000101
GATACGATGGGAGTCA-1,0.000045,0.015917,0.252135,0.020956,0.587173,0.123774
GATAGAACCCGCTAGG-1,0.00002,0.008421,0.42988,0.126443,0.116416,0.31882
GATAGATAGTACAGTC-1,0.000077,0.013422,0.012069,0.359994,0.613026,0.001412
GATAGCGTACCACGCG-1,0.000093,0.903864,0.095577,0.000093,0.000186,0.000186
GATAGGTAACGTTGAC-1,0.000022,0.000022,0.405838,0.002607,0.273831,0.317679
GATAGTGCGAGTAAGT-1,0.000055,0.023693,0.141706,0.381928,0.352965,0.099653
GATATCAAGCAGGAGC-1,0.004069,0.000014,0.719565,0.00769,0.007825,0.260837
GATATCAGTATGTATC-1,0.000053,0.999523,0.000159,0.000053,0.000106,0.000106
GATATCTCATGCAATA-1,0.000109,0.288418,0.334417,0.054605,0.102452,0.219999
GATATGAGACACTAAC-1,0.000024,0.000024,0.437531,0.015354,0.427678,0.119388
GATATGCGGTAGCCAA-1,0.000301,0.148548,0.332802,0.01228,0.505466,0.000603
GATATGGATTACGCGG-1,0.000022,0.099199,0.621264,0.074357,0.066524,0.138634
GATATTGAGATTGGCG-1,0.000036,0.000036,0.422232,0.029116,0.27775,0.27083
GATATTTCCTACATGG-1,0.000034,0.000034,0.808456,0.037388,0.074085,0.080003
GATCAACATAAAGGGA-1,0.000055,0.008098,0.269186,0.71208,0.000109,0.010472
GATCATTCCAAACATT-1,0.000024,0.029306,0.671997,0.003825,0.113424,0.181424
GATCCAACCTTTAAAC-1,0.000013,0.000013,0.112194,0.138313,0.639291,0.110176
GATCCCTTTATACTGC-1,0.000038,0.122214,0.815409,0.000038,0.000076,0.062224
GATCCGGGAATTAACA-1,0.000034,0.015185,0.229571,0.065364,0.556725,0.13312
GATCCTAAATCGGGAC-1,0.000027,0.025748,0.637913,0.002494,0.305916,0.027902
GATCCTCGACACTGGC-1,0.002595,0.000015,0.958769,0.000015,0.032066,0.006539
GATCCTCTTGCGCTTA-1,0.000088,0.271929,0.192436,0.000088,0.07687,0.45859
GATCGACACTATCTGA-1,0.007684,0.007381,0.614167,0.000475,0.144486,0.225807
GATCGCGGGCTCTCCA-1,0.000042,0.016686,0.396915,0.14184,0.126044,0.318473
GATCGCTATATCTCAG-1,0.000154,0.000154,0.191755,0.807321,0.000308,0.000308
GATCGCTGTGGTGCGT-1,0.000026,0.000026,0.243739,0.107946,0.358721,0.289542
GATCGGATAGAACCAT-1,0.000014,0.035859,0.785955,0.007069,0.032082,0.139022
GATCGGCGATAAGTCG-1,0.000039,0.332202,0.211377,0.168048,0.158594,0.129739
GATCGGTGGCCATAAC-1,0.000029,0.049434,0.66241,0.068193,0.127824,0.09211
GATCGTGACTGATATC-1,0.000034,0.001997,0.621134,0.015921,0.267196,0.093717
GATCTAACCGTATTCA-1,0.00003,0.001542,0.385561,0.088883,0.425763,0.098221
GATCTGCTATCTAAGG-1,0.109167,0.000141,0.331975,0.409646,0.106063,0.043008
GATCTTAGTGAACGTG-1,0.000005,0.000005,0.544108,0.000123,0.420619,0.03514
GATCTTCATTGTCCTC-1,0.000067,0.755196,0.194683,0.002061,0.029588,0.018406
GATCTTGGAGGGCATA-1,0.00002,0.009875,0.525905,0.022126,0.310123,0.13195
GATCTTTGCAGGGTAT-1,0.000065,0.093044,0.1957,0.018534,0.596708,0.095949
GATCTTTGCTCAAAGA-1,0.000012,0.024379,0.488567,0.019819,0.376296,0.090927
GATGACAAGTAGGGCA-1,0.000015,0.000015,0.727878,0.008688,0.001362,0.262042
GATGACGATGATCGCG-1,0.009605,0.000019,0.783166,0.002842,0.179931,0.024438
GATGAGGAACCTTCGG-1,0.077356,0.000089,0.000267,0.330547,0.591562,0.000178
GATGCCAGCAGAAGGC-1,0.000036,0.170652,0.421953,0.151739,0.068175,0.187445
GATGCCTTCTGCGGCA-1,0.000071,0.000071,0.330613,0.39605,0.083679,0.189516
GATGCGAATGGTATTA-1,0.000028,0.133427,0.28164,0.378442,0.038029,0.168435
GATGCGTCCTGCATTC-1,0.00003,0.054721,0.887414,0.00003,0.005722,0.052084
GATGCTACAAGCGCCT-1,0.003469,0.278956,0.291754,0.148782,0.197661,0.079379
GATGCTACCTTCGATG-1,0.000033,0.005416,0.322793,0.152149,0.119377,0.400231
GATGCTGTATTTCATC-1,0.000061,0.015777,0.208511,0.014807,0.6434,0.117445
GATGGCGCACACATTA-1,0.000068,0.581067,0.000203,0.164317,0.253764,0.000581
GATGGTGAAATAACCC-1,0.000011,0.03751,0.450453,0.025599,0.388062,0.098366
GATGGTGCCCTAGGCA-1,0.000054,0.290797,0.606739,0.018231,0.000108,0.084071
GATGTAACGAACCACC-1,0.000011,0.000011,0.769427,0.017474,0.109377,0.1037
GATGTCCGGATCACAT-1,0.000082,0.999265,0.000245,0.000082,0.000163,0.000163
GATGTCGGTCAACTGC-1,0.000082,0.253841,0.434303,0.061388,0.000164,0.250223
GATGTGTTGTCACAAG-1,0.000107,0.131833,0.553274,0.136708,0.09302,0.085058
GATGTTCAATCCACGA-1,0.000021,0.026851,0.862427,0.002771,0.015593,0.092338
GATGTTTGTGCGAGAT-1,0.000063,0.300517,0.346968,0.134754,0.195536,0.022162
GATTAATCCTGGCTCA-1,0.001493,0.526347,0.004479,0.461709,0.002986,0.002986
GATTACTGAATTTGGG-1,0.000027,0.018839,0.937233,0.000027,0.000393,0.043482
GATTAGAAACAAGCGT-1,0.000014,0.000014,0.271389,0.083654,0.362391,0.28254
GATTATCTTGCATTAT-1,0.000019,0.016747,0.58196,0.020914,0.038926,0.341434
GATTCCCTTGTCGCAG-1,0.00004,0.039561,0.758575,0.087336,0.077463,0.037024
GATTCCGCGTTTCCGT-1,0.011804,0.107441,0.338492,0.001177,0.289449,0.251637
GATTCCTATACGGCGC-1,0.005099,0.046253,0.723618,0.045081,0.053962,0.125987
GATTCGACGGTTCACG-1,0.00003,0.013984,0.841545,0.00003,0.036001,0.108411
GATTCTGTTAATGAGT-1,0.000027,0.000027,0.48391,0.080547,0.206063,0.229427
GATTGACACTCTGCTC-1,0.001,0.317379,0.586983,0.090636,0.002001,0.002001
GATTGCTCCAGTTGCA-1,0.000169,0.000169,0.000507,0.998461,0.000338,0.000357
GATTGGGAAAGGTTGT-1,0.007628,0.000107,0.00032,0.697375,0.294356,0.000214
GATTTAGTGCGTACTG-1,0.000017,0.000017,0.325105,0.062228,0.544031,0.068603
GATTTGCGCTAACACC-1,0.000018,0.000018,0.380982,0.090783,0.28399,0.24421
GCAAACCCTACATTAT-1,0.00005,0.00005,0.110378,0.210525,0.344904,0.334094
GCAAACCTTGGCCATA-1,0.000079,0.009461,0.000236,0.621142,0.367325,0.001757
GCAAACGTAAGCGACC-1,0.001083,0.059525,0.609035,0.110982,0.027678,0.191697
GCAAAGGGCGTTAGCC-1,0.000044,0.000449,0.42015,0.507091,0.017366,0.0549
GCAAATATTACGCTTT-1,0.000039,0.05936,0.379561,0.027788,0.41091,0.122343
GCAAATGAGGACACTT-1,0.000021,0.05398,0.470373,0.051201,0.210523,0.213902
GCAACACACTAGAACT-1,0.000008,0.000008,0.91205,0.000762,0.056904,0.030268
GCAACCACCAGACCGG-1,0.000026,0.045346,0.62931,0.053145,0.142967,0.129206
GCAACCACGGCCGCGT-1,0.000016,0.101989,0.746126,0.009651,0.03647,0.105747
GCAAGAATTCCTTGGC-1,0.000011,0.002879,0.976887,0.000011,0.004807,0.015405
GCAAGATGTGTTCGCG-1,0.001268,0.088822,0.550644,0.054797,0.140375,0.164095
GCAAGCTGGAAACCGC-1,0.000011,0.000011,0.599332,0.050325,0.031727,0.318594
GCAAGTGCACAGAGAA-1,0.000014,0.055486,0.807664,0.01632,0.043644,0.076873
GCAAGTGTAAAGCATG-1,0.000053,0.02027,0.053216,0.629913,0.26523,0.031318
GCAATTAGTCGCACCG-1,0.000059,0.009041,0.020549,0.549704,0.382432,0.038216
GCACAAACCCTAGATG-1,0.00004,0.006626,0.118799,0.736366,0.089315,0.048853
GCACAACCTCGGGCGT-1,0.000044,0.006476,0.110956,0.594912,0.050348,0.237264
GCACAAGTGGATCATA-1,0.000055,0.523741,0.357277,0.058347,0.023852,0.036727
GCACAAGTGTCGGAAG-1,0.000553,0.510701,0.187531,0.000553,0.299558,0.001105
GCACACAGCTATTACC-1,0.000036,0.000036,0.39748,0.153645,0.087123,0.361682
GCACACGCCCATGGTC-1,0.000035,0.033449,0.313451,0.063619,0.413831,0.175615
GCACAGCACGGGCCGA-1,0.000016,0.000016,0.382699,0.057572,0.170211,0.389486
GCACCTAGGCGAGTCC-1,0.000075,0.277317,0.000226,0.693547,0.028684,0.000151
GCACGCCGATTCCCGC-1,0.005044,0.00002,0.417509,0.099404,0.038822,0.439201
GCACGCCTACTTAGAT-1,0.014672,0.000046,0.29558,0.193386,0.237567,0.258749
GCACGTGGTTTACTTA-1,0.145708,0.000518,0.054196,0.244428,0.554114,0.001037
GCACTAGTCGCGCTAT-1,0.000096,0.396406,0.000289,0.059016,0.509318,0.034874
GCACTGCCTACCTTTA-1,0.021858,0.021471,0.000346,0.340992,0.615101,0.000231
GCACTGTGCAAATGTA-1,0.000043,0.768308,0.204168,0.000043,0.000797,0.02664
GCAGAAACGTAATCCA-1,0.000009,0.008758,0.5866,0.025129,0.249682,0.129821
GCAGACCCAGCACGTA-1,0.00008,0.00008,0.050217,0.428659,0.428819,0.092145
GCAGATCCATAAGACT-1,0.000046,0.084974,0.209112,0.599826,0.005511,0.100532
GCAGATCCTCGCAAAT-1,0.000033,0.188209,0.250399,0.226551,0.171884,0.162924
GCAGATTAGGGATATC-1,0.003517,0.040166,0.766845,0.005795,0.020381,0.163297
GCAGCACACAGCCCAG-1,0.000027,0.012639,0.72484,0.068565,0.068324,0.125606
GCAGCCTATATCACAT-1,0.000098,0.000098,0.088743,0.417328,0.389381,0.104353
GCAGCGGTGGGCATTA-1,0.000065,0.757761,0.225218,0.000065,0.000129,0.016763
GCAGCTATGGACAGGT-1,0.000018,0.016699,0.804797,0.011802,0.072748,0.093935
GCAGCTGTCAACGCAT-1,0.000032,0.000032,0.415161,0.378294,0.013063,0.193418
GCAGGAACTTAGATCT-1,0.000029,0.000029,0.207558,0.121436,0.434378,0.23657
GCAGGACTATAGAATA-1,0.000031,0.014045,0.409273,0.119665,0.269161,0.187825
GCAGGTAGAGTATGGT-1,0.000045,0.155804,0.343225,0.022404,0.357359,0.121163
GCAGTGTGGCTATAGG-1,0.524013,0.068646,0.051678,0.315662,0.022071,0.01793
GCATAAATTGAACGCC-1,0.000007,0.000076,0.591006,0.011347,0.245682,0.151882
GCATACGAGGTCTTTA-1,0.000028,0.0391,0.590224,0.01766,0.188259,0.164729
GCATAGAGCACTCAGG-1,0.000029,0.043095,0.683758,0.01139,0.069539,0.192188
GCATCCCTAACTTTGA-1,0.000062,0.42188,0.346014,0.027443,0.048569,0.156033
GCATGAGGGACGCGGC-1,0.000046,0.000046,0.057911,0.096797,0.818653,0.026547
GCATGCTAATAACGAT-1,0.094717,0.094972,0.000427,0.729797,0.079803,0.000285
GCATGGGTACTGACGC-1,0.000037,0.068579,0.598528,0.143693,0.096846,0.092317
GCATTCAAGGCAACGC-1,0.000017,0.000017,0.765199,0.001443,0.122218,0.111106
GCATTCGAAATGAACA-1,0.000021,0.090957,0.604674,0.166474,0.04587,0.092004
GCATTGACTTGCGGAA-1,0.000027,0.000027,0.170848,0.114536,0.610443,0.104119
GCATTGTAATTCATAT-1,0.000022,0.044398,0.687943,0.016723,0.038672,0.21224
GCATTTCCAAGGCTCC-1,0.00004,0.007933,0.355097,0.108458,0.116176,0.412296
GCCAACCATTTCCGGA-1,0.000037,0.043043,0.234203,0.140112,0.537842,0.044763
GCCAAGAATACTTCTG-1,0.000024,0.004698,0.294528,0.121109,0.528956,0.050685
GCCAATAGGGCATCTC-1,0.00004,0.042444,0.090765,0.01332,0.798944,0.054486
GCCACAATTTAAGGAC-1,0.002974,0.001781,0.661257,0.013717,0.171992,0.148279
GCCACCCATTCCACTT-1,0.000625,0.994374,0.001875,0.000625,0.00125,0.00125
GCCACCTTATTCGCGA-1,0.000018,0.002609,0.593751,0.048112,0.254012,0.101498
GCCAGGAAAGAACACT-1,0.000014,0.002486,0.428386,0.084865,0.10638,0.377869
GCCAGGAGTAACCGAT-1,0.000044,0.009591,0.471456,0.015172,0.449889,0.053847
GCCAGGCGTTCGCATG-1,0.000029,0.02297,0.742877,0.011471,0.038781,0.183872
GCCAGGCTTAGTGGTA-1,0.000084,0.999245,0.000252,0.000084,0.000168,0.000168
GCCATATTGCACACAG-1,0.000044,0.069386,0.385081,0.054721,0.462724,0.028044
GCCATCGAGCTGCGTG-1,0.00003,0.00003,0.171996,0.056244,0.669858,0.101841
GCCATCGATGCTGCAT-1,0.000033,0.000033,0.1618,0.071554,0.633234,0.133346
GCCATTAGCCTCAAAC-1,0.00002,0.00002,0.574722,0.039867,0.036491,0.348881
GCCCACCAAGGCTGTC-1,0.000069,0.971897,0.027691,0.000069,0.000137,0.000137
GCCCACTGGTCCACAA-1,0.000013,0.000013,0.274637,0.026928,0.625501,0.07291
GCCCAGCGACACAAAG-1,0.000008,0.000737,0.779574,0.023622,0.117036,0.079023
GCCCAGTTGGTATGCC-1,0.000033,0.192259,0.786993,0.000033,0.000065,0.020617
GCCCATGGGTGCAATG-1,0.000022,0.106851,0.714524,0.025451,0.014616,0.138537
GCCCGACTTCTTCCCG-1,0.000023,0.001783,0.806421,0.009768,0.129946,0.05206
GCCCGAGAGTCTAAAT-1,0.000083,0.000083,0.192885,0.790059,0.000166,0.016723
GCCCGATCTGTGGTCG-1,0.000019,0.000019,0.710616,0.006015,0.005782,0.277549
GCCCGATGCCCAGTTC-1,0.000027,0.009247,0.393101,0.29191,0.216754,0.08896
GCCCGCGCGTAAACGG-1,0.002442,0.000012,0.670608,0.023306,0.223048,0.080584
GCCCGCGCGTTTGACA-1,0.00007,0.350072,0.051655,0.162048,0.375327,0.060829
GCCCGTAATACCTTCT-1,0.000053,0.000053,0.508179,0.007144,0.306324,0.178247
GCCCGTTCACACAATT-1,0.000014,0.000014,0.39948,0.043982,0.243777,0.312733
GCCCTAAGTGCAGGAT-1,0.002589,0.015287,0.487438,0.04741,0.085729,0.361547
GCCCTAGCCGTCGCGA-1,0.000029,0.000029,0.361966,0.106754,0.128028,0.403194
GCCCTGAGGATGGGCT-1,0.000081,0.038001,0.000243,0.233763,0.727751,0.000162
GCCGAAATTCCTACGT-1,0.000022,0.040176,0.91577,0.000022,0.015031,0.028978
GCCGACCCACGACTGC-1,0.02366,0.035005,0.352996,0.537127,0.000229,0.050982
GCCGATTGGCCAAGCT-1,0.000047,0.063746,0.15189,0.019854,0.734906,0.029557
GCCGCATTAGTCCGGC-1,0.00004,0.065431,0.291649,0.075446,0.317478,0.249957
GCCGCTAGATACGCAG-1,0.000028,0.074108,0.564349,0.092988,0.068217,0.20031
GCCGCTTGTGAGAAAC-1,0.000012,0.037319,0.900075,0.00299,0.019281,0.040324
GCCGGAAACACATCTT-1,0.000394,0.735434,0.001181,0.084252,0.000788,0.177951
GCCGGGTTAGGGTCGC-1,0.014118,0.017149,0.50508,0.046277,0.339359,0.078017
GCCGGTCGTATCTCTC-1,0.000023,0.000023,0.497215,0.010061,0.165389,0.327289
GCCGTCGGTTTCGGGC-1,0.000017,0.000017,0.441034,0.03329,0.108914,0.416726
GCCGTGGAAGAAATGT-1,0.000123,0.000123,0.012356,0.598759,0.355359,0.033279
GCCTACGTTCTGTGCA-1,0.000107,0.01076,0.00032,0.749225,0.239374,0.000214
GCCTAGCGATCTGACC-1,0.000061,0.226867,0.262823,0.249604,0.182885,0.077761
GCCTATAGTGTCAGGG-1,0.00004,0.00004,0.448719,0.032463,0.438292,0.080446
GCCTATGCTGGGCCTT-1,0.000029,0.037741,0.456972,0.014151,0.436356,0.054752
GCCTATTCCGATATAG-1,0.00003,0.114497,0.788738,0.032049,0.000059,0.064627
GCCTATTTGCTACACA-1,0.000057,0.405684,0.460196,0.004884,0.028499,0.10068
GCCTCAGGTACCGGTC-1,0.000016,0.001386,0.548316,0.011657,0.218223,0.220402
GCCTCATCTGGAAATA-1,0.000031,0.000031,0.26484,0.200175,0.193034,0.341889
GCCTCTATACATAGCA-1,0.00014,0.00014,0.000421,0.566429,0.432587,0.000281
GCCTGCTACACTGAGA-1,0.000032,0.029174,0.349085,0.068975,0.320159,0.232575
GCCTGTCCCGGTGCAT-1,0.00004,0.00004,0.179206,0.13705,0.4298,0.253865
GCCTTCAGCCCTACCG-1,0.000054,0.505623,0.148401,0.040867,0.207565,0.09749
GCCTTGTATATGCAGT-1,0.003348,0.96774,0.027636,0.000058,0.000116,0.001102
GCCTTTGTCAGTGGAC-1,0.000094,0.047717,0.000281,0.924686,0.014461,0.012761
GCGAAACTTAACTGGA-1,0.000021,0.000021,0.589801,0.027706,0.16549,0.216961
GCGAAGAATCTGACGG-1,0.081968,0.00107,0.000175,0.448867,0.467803,0.000117
GCGAAGCCATACCCGT-1,0.000053,0.027036,0.47462,0.0326,0.309343,0.156348
GCGAATGGACTAGCGA-1,0.007298,0.000025,0.288436,0.018019,0.177299,0.508922
GCGACATGTAAACATC-1,0.000024,0.000024,0.100666,0.143545,0.394792,0.360949
GCGACCCAACCATCTG-1,0.002192,0.000042,0.446472,0.400566,0.024657,0.126072
GCGACGATAGTTGTAC-1,0.053977,0.023557,0.467655,0.08464,0.22609,0.144081
GCGACGGTAGTCTCCT-1,0.000028,0.000028,0.536161,0.061275,0.030308,0.3722
GCGAGAAACGGGAGTT-1,0.000041,0.949279,0.042556,0.001175,0.000081,0.006867
GCGAGAGGCCATGTAA-1,0.000033,0.001922,0.605269,0.000033,0.248412,0.144331
GCGAGAGTTGCGTCCA-1,0.000019,0.001386,0.833753,0.007479,0.054002,0.103361
GCGAGCGCATGCTCCC-1,0.000055,0.021643,0.102047,0.432389,0.405785,0.038081
GCGAGGCCCGAGCAGA-1,0.000011,0.000011,0.987891,0.000011,0.001126,0.01095
GCGAGTTCTGCAAAGA-1,0.00003,0.027966,0.51193,0.010452,0.313974,0.135648
GCGATGTCTGTGCTTG-1,0.000402,0.312891,0.363619,0.294574,0.027711,0.000803
GCGATTCTGGAAGCAG-1,0.000123,0.35978,0.621442,0.000123,0.000246,0.018287
GCGATTGTTAACGTTA-1,0.000036,0.000036,0.375614,0.027355,0.49688,0.100079
GCGCAAATATATTCAA-1,0.000034,0.000034,0.373175,0.295211,0.024007,0.30754
GCGCAAGAGCGCGCTG-1,0.00006,0.00006,0.037137,0.284522,0.44393,0.23429
GCGCATCCAGTCAGCA-1,0.000035,0.091556,0.438911,0.000035,0.194935,0.274528
GCGCCGTTCCACGATA-1,0.000027,0.000027,0.473718,0.014854,0.369801,0.141572
GCGCGATGGGTCAAGT-1,0.000299,0.146325,0.851879,0.000299,0.000599,0.000599
GCGCGGTCTAGTAACT-1,0.000083,0.000083,0.079436,0.543808,0.374746,0.001843
GCGCTAAGTATGCATG-1,0.000031,0.075268,0.75892,0.09686,0.003843,0.065078
GCGCTAATTGAATAGA-1,0.000026,0.076983,0.533596,0.048027,0.256563,0.084805
GCGCTATGCCGAGGCA-1,0.000017,0.000017,0.986816,0.000017,0.007664,0.00547
GCGCTGATCCAGACTC-1,0.000026,0.02412,0.736569,0.008831,0.086739,0.143715
GCGCTGCTTTGCATTT-1,0.000023,0.003479,0.978228,0.000023,0.004387,0.01386
GCGCTGGCGGAAAGTC-1,0.000637,0.994266,0.001911,0.000637,0.001274,0.001274
GCGGACCGCGTTGTGG-1,0.000035,0.000035,0.371371,0.035817,0.388609,0.204134
GCGGAGAAACTTCGCA-1,0.000013,0.005867,0.727258,0.028798,0.074442,0.163623
GCGGAGAGGGAGAACG-1,0.000037,0.000037,0.068155,0.052266,0.667929,0.211577
GCGGATTACTTGTTCT-1,0.000127,0.495636,0.000382,0.503346,0.000255,0.000255
GCGGCAAAGTATTGCC-1,0.000064,0.040938,0.275896,0.555612,0.040821,0.08667
GCGGCTCTGACGTACC-1,0.000036,0.042051,0.613465,0.1215,0.105053,0.117895
GCGGCTTTAGCAAGTT-1,0.000081,0.000081,0.000242,0.335547,0.635158,0.028893
GCGGGAACCAGGCCCT-1,0.000048,0.392429,0.234104,0.069725,0.105456,0.198238
GCGGGCAGACGGGTGA-1,0.019893,0.00002,0.268816,0.124474,0.190115,0.396683
GCGGGCATTACGATGC-1,0.000042,0.024239,0.075465,0.126255,0.640002,0.133998
GCGGGCGAGCCTTACC-1,0.000025,0.000025,0.4743,0.052042,0.142838,0.330769
GCGGTAACCCAAATGA-1,0.000037,0.999664,0.000112,0.000037,0.000075,0.000075
GCGGTCCCGGTGAAGG-1,0.003106,0.000021,0.366867,0.049278,0.499645,0.081082
GCGGTCCCTAGACGCA-1,0.000131,0.525146,0.000394,0.375232,0.098835,0.000263
GCGGTCTTGCTTTCAC-1,0.006045,0.00007,0.000211,0.4021,0.553776,0.037799
GCGGTGAACTGCGCTC-1,0.000023,0.027507,0.711378,0.007081,0.113544,0.140467
GCGGTGCGGAGCATCG-1,0.000066,0.163087,0.647945,0.000066,0.000133,0.188703
GCGGTTCCCTATCATG-1,0.02557,0.000041,0.213225,0.007424,0.688888,0.064852
GCGTAAATGGCCATAA-1,0.000018,0.000018,0.612226,0.018986,0.083684,0.28507
GCGTCCAGCTCGTGGC-1,0.001316,0.699958,0.292145,0.001316,0.002632,0.002632
GCGTCCCTAAGACATA-1,0.000144,0.000144,0.224641,0.751026,0.001056,0.02299
GCGTCGAAATGTCGGT-1,0.000052,0.092062,0.026793,0.072136,0.725548,0.083409
GCGTCGCCAGGGTGAT-1,0.000054,0.000054,0.477141,0.176294,0.145183,0.201273
GCGTCGTAACATGGTC-1,0.000027,0.000027,0.515678,0.02873,0.126507,0.329031
GCGTCTAACCTCCTAA-1,0.01547,0.057769,0.093941,0.644496,0.108822,0.079503
GCGTCTCTGCATTGGG-1,0.000027,0.000027,0.982283,0.000027,0.006149,0.011486
GCGTGGTACTGGGTTA-1,0.000027,0.000027,0.710501,0.034753,0.147113,0.107579
GCGTGTATGTCGTATT-1,0.00072,0.778471,0.217211,0.00072,0.001439,0.001439
GCGTTATATTTGGAAC-1,0.000022,0.027625,0.788387,0.011681,0.060711,0.111574
GCGTTCGGAGACCGGG-1,0.000019,0.03248,0.807145,0.002808,0.115291,0.042258
GCTAAACCTGAGGTGA-1,0.000044,0.21534,0.347013,0.231617,0.049335,0.156652
GCTAAGCCCAGTATGC-1,0.026541,0.048583,0.000242,0.437845,0.486629,0.000161
GCTAAGTAAAGGCGAT-1,0.00508,0.095319,0.505918,0.214708,0.032578,0.146397
GCTAAGTAGTTTCTCT-1,0.000034,0.000034,0.923948,0.000034,0.072472,0.003478
GCTAATACCGAATGCC-1,0.000036,0.162835,0.29145,0.027323,0.145347,0.373009
GCTACAGTACGGACCG-1,0.000029,0.018857,0.506341,0.090903,0.195461,0.188409
GCTACGACTTATTGGG-1,0.000028,0.000028,0.706843,0.014724,0.202498,0.075879
GCTACTCGGACGCAGA-1,0.000029,0.004322,0.049881,0.150744,0.677523,0.1175
GCTAGCAACGCACCTA-1,0.00003,0.00003,0.21841,0.339532,0.142608,0.299389
GCTAGCAGGGAGTGGG-1,0.000033,0.048243,0.608758,0.078111,0.222315,0.042539
GCTAGCGATAGGTCTT-1,0.000136,0.000136,0.000408,0.949937,0.04911,0.000272
GCTAGCTTGAATAGCT-1,0.000029,0.000029,0.44746,0.051646,0.365558,0.135277
GCTAGGCACCACGGAG-1,0.060695,0.035607,0.165634,0.683089,0.054566,0.000409
GCTAGTAGAGCTTGTA-1,0.000031,0.025048,0.765382,0.000031,0.161415,0.048093
GCTAGTTTCATTGAGG-1,0.000056,0.999498,0.000167,0.000056,0.000112,0.000112
GCTATAAGGGCCAGGA-1,0.003283,0.032597,0.000155,0.759775,0.204087,0.000103
GCTATCATACTCATGG-1,0.000172,0.000172,0.000517,0.200577,0.798216,0.000345
GCTATCGCGGCGCAAC-1,0.005392,0.344439,0.012809,0.336241,0.278168,0.022951
GCTATGCCAGCTTATG-1,0.000027,0.000027,0.561205,0.04088,0.309245,0.088616
GCTCAACCTCTTAGAG-1,0.000051,0.923837,0.000152,0.028119,0.001371,0.04647
GCTCAATCCGTTTATT-1,0.000022,0.000022,0.799642,0.001803,0.020022,0.178489
GCTCAATGTAATACCG-1,0.203354,0.005148,0.30392,0.466379,0.000146,0.021054
GCTCATTACTGCATGT-1,0.00002,0.083158,0.885485,0.00002,0.000041,0.031276
GCTCATTGATCATATC-1,0.000033,0.000033,0.334162,0.08904,0.311904,0.264827
GCTCCATGCAAAGCAA-1,0.000036,0.000036,0.007489,0.362396,0.566033,0.064009
GCTCCGGACGTTGATA-1,0.000022,0.017747,0.627115,0.036483,0.125427,0.193206
GCTCCTGACATACTGG-1,0.003203,0.000025,0.620349,0.015832,0.047934,0.312658
GCTCGACCGAACTGAA-1,0.008129,0.027371,0.801612,0.012639,0.081081,0.069168
GCTCGCGGTTCCGCTC-1,0.000029,0.153814,0.514025,0.048626,0.052688,0.230819
GCTCGCTCATGTCCAA-1,0.000086,0.000086,0.008616,0.47972,0.270434,0.241057
GCTCGGAATTTAAAGC-1,0.054568,0.039298,0.251866,0.186017,0.38369,0.084561
GCTCTAAACCCTGACG-1,0.000033,0.072993,0.467943,0.00506,0.126781,0.327189
GCTCTATGTTACGTGC-1,0.000029,0.046755,0.73194,0.032638,0.107372,0.081265
GCTCTCGGGTACCGAA-1,0.000025,0.022102,0.810624,0.000025,0.090021,0.077202
GCTGAAGGGTTCTTGG-1,0.000009,0.000009,0.98348,0.000009,0.003156,0.013337
GCTGAATCTTCCAATC-1,0.000065,0.034891,0.052706,0.660498,0.191487,0.060353
GCTGAGCAACGGTTCT-1,0.000057,0.721794,0.127203,0.000057,0.082861,0.068028
GCTGAGGCGTGAGTAT-1,0.000041,0.000041,0.486661,0.021086,0.335648,0.156524
GCTGCACGGTTTCTTA-1,0.000031,0.012303,0.820394,0.001526,0.110109,0.055636
GCTGCGAAGAATTATT-1,0.000015,0.000015,0.431083,0.073428,0.236072,0.259386
GCTGCGCCTCCCACGT-1,0.000063,0.213062,0.292351,0.265523,0.089061,0.13994
GCTGCTAAGTAGTCGA-1,0.01225,0.000037,0.394317,0.000054,0.002302,0.59104
GCTGCTACTGCGTAGC-1,0.000066,0.000066,0.048323,0.075549,0.539681,0.336314
GCTGCTCTCCGGACAC-1,0.00006,0.026789,0.487674,0.01486,0.243739,0.226878
GCTGGACCCAAAGTGG-1,0.000024,0.028747,0.39906,0.116554,0.351532,0.104083
GCTGGCAGGTGCCGTG-1,0.00002,0.03864,0.497703,0.042016,0.093093,0.328528
GCTGGCATATTCACCT-1,0.000042,0.044221,0.359031,0.018337,0.149692,0.428676
GCTGGCGGCGCATGCT-1,0.000034,0.000034,0.424781,0.167165,0.064838,0.34315
GCTGGGAGCGCGTCAA-1,0.00083,0.013689,0.802322,0.012291,0.114722,0.056146
GCTGGGTCCGCTGTTA-1,0.000371,0.653433,0.210213,0.134501,0.000741,0.000741
GCTGGTGACTCGTAGT-1,0.000026,0.03263,0.392686,0.053037,0.207691,0.313931
GCTGGTTTAGGCCATA-1,0.00011,0.051176,0.000329,0.896198,0.040843,0.011344
GCTGTATTACTGGCCC-1,0.000042,0.020335,0.352109,0.007525,0.573354,0.046635
GCTGTCTGTGATCGAC-1,0.000051,0.122891,0.406844,0.086722,0.193139,0.190352
GCTGTTGCTACCGAAC-1,0.000044,0.000044,0.110271,0.170649,0.559668,0.159325
GCTTAATGTAACTAAC-1,0.000025,0.000025,0.382008,0.014175,0.332708,0.271058
GCTTACGTAGTTAGTA-1,0.000098,0.000098,0.151984,0.737872,0.093031,0.016917
GCTTAGGGAAGCGGTA-1,0.000012,0.01298,0.834604,0.012869,0.066366,0.073168
GCTTATGAAGCAGGAA-1,0.000042,0.000042,0.178958,0.054477,0.667094,0.099388
GCTTCAGTGGGATTAC-1,0.000035,0.037395,0.680845,0.073503,0.063378,0.144844
GCTTCCAGCTTAGATT-1,0.00006,0.897541,0.102102,0.00006,0.000119,0.000119
GCTTCCATGTAACCGC-1,0.000132,0.000132,0.000395,0.625956,0.373123,0.000263
GCTTCCCGTAAGCTCC-1,0.000048,0.006212,0.048309,0.183592,0.560486,0.201352
GCTTCCGTCCCTAGAC-1,0.003744,0.048896,0.793703,0.000047,0.058113,0.095496
GCTTCGACGTTCAATC-1,0.000023,0.000023,0.607383,0.05387,0.031069,0.307633
GCTTGATGATAATCAG-1,0.000056,0.276057,0.115266,0.140626,0.432584,0.035411
GCTTGCAGCACAATTG-1,0.003577,0.025973,0.461188,0.008439,0.412785,0.088038
GCTTGGATCGATTAGG-1,0.00002,0.00002,0.85714,0.00002,0.095614,0.047188
GCTTTATTAAGTTACC-1,0.020151,0.001718,0.557022,0.092035,0.056118,0.272956
GCTTTCAGAGGAGGTG-1,0.000038,0.000038,0.355973,0.008602,0.4052,0.23015
GCTTTCTATCTCAACT-1,0.00002,0.100169,0.637449,0.010804,0.186261,0.065297
GGAAACAGAGCTTGGG-1,0.000018,0.000018,0.269377,0.101763,0.430798,0.198026
GGAAACCTTGTTGAAT-1,0.005279,0.008898,0.591207,0.01213,0.285834,0.096652
GGAAAGGGAATTGAGC-1,0.12042,0.014563,0.292913,0.289297,0.095883,0.186924
GGAAAGTCTTGATTGT-1,0.000015,0.000015,0.379051,0.043621,0.301885,0.275413
GGAAAGTGCCCATGCC-1,0.000049,0.04449,0.261891,0.025713,0.622964,0.044893
GGAACCCGAACAAGAA-1,0.000024,0.204597,0.335689,0.060692,0.315732,0.083267
GGAACCGTGTAAATTG-1,0.00002,0.005585,0.420741,0.022636,0.271612,0.279406
GGAACCTTGACTCTGC-1,0.028844,0.046224,0.037869,0.685295,0.110157,0.091611
GGAACGGCCTGCAGCC-1,0.000018,0.188562,0.622099,0.020243,0.029217,0.139862
GGAACTCGTGAATACG-1,0.000011,0.010391,0.501252,0.031767,0.299153,0.157426
GGAAGATAAGACTGTA-1,0.005649,0.004266,0.503505,0.016367,0.373977,0.096236
GGAAGCTCGCTTACAG-1,0.000092,0.102053,0.286429,0.062651,0.391584,0.15719
GGAAGGACACCGTATA-1,0.000032,0.000032,0.071471,0.212632,0.390608,0.325225
GGAATAACCTCAAGAA-1,0.000662,0.470636,0.174854,0.351198,0.001325,0.001325
GGAATGCGCTAGCGTG-1,0.000032,0.044229,0.310881,0.047984,0.471499,0.125374
GGACAACCATGAAGCC-1,0.038304,0.101916,0.000643,0.858281,0.000428,0.000428
GGACAAGCCATGATCG-1,0.000082,0.0266,0.000246,0.643564,0.307448,0.022059
GGACAAGTTGCAGTGA-1,0.000016,0.09536,0.85898,0.000016,0.01232,0.033309
GGACACCTCGGTGTTG-1,0.000028,0.000028,0.291528,0.036319,0.121634,0.550464
GGACCAACAGGATAAC-1,0.000018,0.00115,0.473355,0.070592,0.144867,0.310017
GGACCTACGGTAACGT-1,0.000019,0.013391,0.610959,0.027364,0.192428,0.155839
GGACCTCTAGGCCGCC-1,0.000054,0.000054,0.423687,0.170131,0.145193,0.260879
GGACGGCTTGCGCAAC-1,0.000024,0.044019,0.391155,0.059633,0.190954,0.314215
GGACGTCCATAGTTGG-1,0.000019,0.032934,0.82829,0.000822,0.077897,0.060039
GGACTAAGTCAGGAGT-1,0.000017,0.038718,0.698509,0.029511,0.034018,0.199226
GGACTCGACAGCGCAT-1,0.000065,0.000065,0.180267,0.257479,0.473155,0.088968
GGACTCGTGAGTGGTC-1,0.000107,0.014376,0.015142,0.663355,0.306804,0.000215
GGACTCTTTGACTAAG-1,0.000052,0.000052,0.077095,0.548247,0.29127,0.083285
GGAGAAGTCATTGGCA-1,0.000055,0.098203,0.101402,0.301213,0.241559,0.257568
GGAGACATTCACGGGC-1,0.001021,0.990814,0.003062,0.001021,0.002041,0.002041
GGAGACCAATGTGCTT-1,0.000024,0.000024,0.520201,0.029097,0.312726,0.137927
GGAGACCATCTACATA-1,0.000027,0.000027,0.463814,0.113679,0.282725,0.139728
GGAGACGACACCTTTG-1,0.000038,0.018434,0.42357,0.012111,0.471971,0.073876
GGAGCACCAAGAACTA-1,0.000016,0.032392,0.778193,0.000162,0.09776,0.091477
GGAGCGAGGCCTACTT-1,0.000159,0.000159,0.000476,0.606746,0.392142,0.000318
GGAGGATTGAAAGGAG-1,0.00025,0.231373,0.332617,0.336828,0.098432,0.0005
GGAGGCGAAGAACCGC-1,0.000013,0.03362,0.624361,0.020634,0.069168,0.252204
GGAGGGCTTGGTTGGC-1,0.000027,0.01876,0.685891,0.018453,0.25029,0.026579
GGAGTACACATGAGCT-1,0.000111,0.824743,0.000333,0.018418,0.156173,0.000222
GGAGTGCCGCCCTGGA-1,0.006433,0.129872,0.141664,0.285401,0.239376,0.197254
GGATACTCATGAATTG-1,0.000048,0.432807,0.539247,0.000048,0.000096,0.027754
GGATCAAAGGACGAGG-1,0.00011,0.557325,0.052105,0.032624,0.186679,0.171158
GGATCAGAGCCATCAG-1,0.000028,0.031831,0.346773,0.032167,0.519445,0.069755
GGATCATCCCGTACGC-1,0.000017,0.000017,0.999703,0.000017,0.000033,0.000214
GGATCCCTACCAGCTA-1,0.000079,0.89079,0.000237,0.061093,0.047644,0.000158
GGATCCGGAATATACT-1,0.000023,0.036912,0.788583,0.000023,0.100519,0.07394
GGATCTACCGTTCGTC-1,0.000021,0.006899,0.515427,0.059796,0.250154,0.167703
GGATCTTACTGCCCTT-1,0.00011,0.024675,0.066884,0.844505,0.063605,0.00022
GGATCTTGACTCAACC-1,0.00003,0.00003,0.16425,0.036442,0.623082,0.176166
GGATGAAGATCGCTGA-1,0.000059,0.000059,0.234654,0.046408,0.197392,0.521427
GGATGACGCGAGTTTA-1,0.00004,0.127925,0.30762,0.044456,0.218196,0.301763
GGATGCTGGCGTTCCT-1,0.000026,0.047722,0.729779,0.044089,0.071483,0.106901
GGATGGCTTGAAGTAT-1,0.022335,0.031254,0.000584,0.945049,0.000389,0.000389
GGATGTCCTTACCGCA-1,0.000032,0.035814,0.438132,0.119436,0.295586,0.110999
GGATTAAGCTAAGGTC-1,0.006001,0.094522,0.602215,0.002574,0.004003,0.290686
GGATTAATCATGGACC-1,0.01507,0.014151,0.132904,0.24453,0.265843,0.327501
GGATTCAGTACGGTGG-1,0.024035,0.547592,0.269107,0.055925,0.047244,0.056096
GGATTCCGCTATACCC-1,0.000027,0.007607,0.950344,0.000027,0.017934,0.024061
GGATTGAAGTAGCCTC-1,0.000101,0.045583,0.000303,0.797075,0.156735,0.000202
GGATTGCTGTGACTCC-1,0.999627,0.000041,0.000124,0.000041,0.000083,0.000083
GGATTTCACTTCTATA-1,0.00006,0.00006,0.308396,0.030984,0.619214,0.041286
GGCAAAGGCGCCAATA-1,0.000012,0.000012,0.741277,0.048105,0.078698,0.131896
GGCAAATTACTTTACT-1,0.000024,0.044454,0.452903,0.019093,0.405987,0.077539
GGCAAGCCAGGGATAG-1,0.000012,0.019703,0.631287,0.022228,0.261087,0.065683
GGCAAGCCCATAGTGG-1,0.00007,0.192626,0.028739,0.30925,0.460006,0.009309
GGCAAGGCGAAATAGC-1,0.000024,0.009392,0.389725,0.050074,0.372917,0.177868
GGCAATAGTCAATGAG-1,0.000028,0.014065,0.686556,0.017042,0.140205,0.142104
GGCACTCCACTGGGCA-1,0.00002,0.001202,0.997071,0.00002,0.000039,0.001647
GGCAGAGAGATCGGGA-1,0.000016,0.107038,0.548611,0.058314,0.176216,0.109805
GGCAGCGGTAATCCTA-1,0.000047,0.034854,0.350348,0.181379,0.374825,0.058547
GGCATACAGGTAGCGG-1,0.004723,0.106865,0.805579,0.003209,0.035729,0.043895
GGCATATCGGTTCTGC-1,0.00002,0.014654,0.972556,0.00002,0.000039,0.012711
GGCATCAACGAGCACG-1,0.000862,0.492658,0.002587,0.273166,0.001725,0.229002
GGCATTCCCTCCCTCG-1,0.000119,0.036953,0.000356,0.934486,0.027849,0.000237
GGCATTGAACATCTCA-1,0.040344,0.000413,0.393946,0.134445,0.135624,0.295228
GGCCAATTGTATAGAC-1,0.021077,0.013256,0.000276,0.434443,0.530765,0.000184
GGCCACAAGCGATGGC-1,0.000862,0.992239,0.002587,0.000862,0.001725,0.001725
GGCCACACGAAAGCCT-1,0.000034,0.115943,0.230584,0.159841,0.215958,0.277639
GGCCCAATCTAGAGGG-1,0.000018,0.017114,0.427766,0.075783,0.358212,0.121107
GGCCCAGCTGGTTTGC-1,0.000062,0.000062,0.006788,0.190001,0.778659,0.024428
GGCCCAGTTATCAGCA-1,0.000021,0.035876,0.897277,0.002167,0.046464,0.018195
GGCCCGGAGCATGTCT-1,0.000095,0.028847,0.142899,0.727697,0.076472,0.023991
GGCCCGTATACCATGC-1,0.000025,0.003365,0.418267,0.03578,0.305945,0.236618
GGCCCTCACCCACTTA-1,0.000018,0.053575,0.900179,0.006818,0.005499,0.033911
GGCCGAGACTCTGGTG-1,0.000102,0.000102,0.278875,0.64654,0.022966,0.051416
GGCCGGCGTCTGCTAT-1,0.013402,0.047905,0.000356,0.466122,0.471978,0.000237
GGCCGTTTGGGTTTCA-1,0.000057,0.007642,0.146323,0.519503,0.063302,0.263173
GGCCTGCTCTGATGTT-1,0.000034,0.000034,0.479128,0.085108,0.160842,0.274856
GGCCTTTGCAACTGGC-1,0.000024,0.04603,0.686339,0.064907,0.10851,0.09419
GGCGAAATCTAACTTG-1,0.000037,0.000037,0.312182,0.068924,0.404671,0.21415
GGCGAACCGTTCTGAT-1,0.000012,0.000012,0.613249,0.003178,0.288802,0.094746
GGCGAGCGAAACGGCA-1,0.00002,0.00546,0.20886,0.125159,0.453448,0.207053
GGCGCACAGTTTACCT-1,0.0213,0.000052,0.015961,0.372306,0.34493,0.245452
GGCGCAGGACATCTTC-1,0.000014,0.038893,0.959652,0.000014,0.000028,0.001399
GGCGCATGAATTGATG-1,0.000029,0.012562,0.503715,0.059811,0.369137,0.054746
GGCGCGGAGATCTTTC-1,0.267959,0.033617,0.000455,0.69606,0.001607,0.000303
GGCGCGTTCGAGTTTA-1,0.000019,0.000019,0.930448,0.000019,0.031848,0.037647
GGCGCTCCTCATCAAT-1,0.000034,0.354804,0.643652,0.000034,0.000068,0.001407
GGCGCTTCATTCCCTG-1,0.000134,0.02843,0.000401,0.317095,0.653673,0.000267
GGCGGAGTAATATTAG-1,0.000045,0.074352,0.413677,0.026618,0.31438,0.170929
GGCGGTAGGATCATTG-1,0.02154,0.05774,0.806048,0.00064,0.022961,0.091071
GGCGGTTTGCCGGTGC-1,0.000041,0.413946,0.538157,0.015942,0.000083,0.031831
GGCGTACCCTATATAA-1,0.00037,0.697738,0.152605,0.147805,0.000741,0.000741
GGCGTAGGGAAAGCTG-1,0.027265,0.014657,0.000217,0.491423,0.466293,0.000145
GGCGTCCTATCCGCTG-1,0.000027,0.045552,0.545479,0.031506,0.064247,0.313189
GGCTAAAGGGCGGGTC-1,0.000038,0.000038,0.47638,0.010225,0.414499,0.09882
GGCTAATGATTGAAAT-1,0.000017,0.024355,0.631471,0.010126,0.19116,0.14287
GGCTACTATACACTCC-1,0.000124,0.000124,0.023694,0.787168,0.020106,0.168784
GGCTATTAAGTTGTAT-1,0.000044,0.024918,0.736728,0.047579,0.032008,0.158723
GGCTCCTCCACCTGTT-1,0.000062,0.000062,0.181126,0.45826,0.030331,0.330159
GGCTCGCGTTGAGGTA-1,0.00004,0.00004,0.207374,0.092093,0.540621,0.159832
GGCTCGTGCCACCAGC-1,0.000058,0.40774,0.021172,0.036726,0.448274,0.086031
GGCTCTGCTCCAACGC-1,0.000059,0.061931,0.315297,0.025484,0.472253,0.124975
GGCTGAAATAGCAAAG-1,0.00003,0.00003,0.168031,0.060038,0.438881,0.332989
GGCTGAGCATCGTAAG-1,0.000038,0.028445,0.453364,0.058305,0.177712,0.282136
GGCTGGCAATCCCACG-1,0.000018,0.000018,0.233361,0.156482,0.079509,0.530613
GGCTGGCAGCTTTATG-1,0.001515,0.585666,0.004547,0.001516,0.403725,0.003031
GGCTGGCTAGCTTAAA-1,0.00007,0.693285,0.000211,0.117592,0.176725,0.012117
GGCTGTCCTACTGCGG-1,0.000016,0.000016,0.391545,0.025385,0.288415,0.294623
GGCTTCTCGTGGGTGG-1,0.000019,0.000019,0.351289,0.101274,0.1778,0.369599
GGCTTGGCTCTCACCT-1,0.000024,0.126851,0.640182,0.134216,0.014265,0.084464
GGGAACGGGAGGTTAG-1,0.000044,0.025657,0.415533,0.092578,0.186319,0.279869
GGGAACGGTTTCAGAT-1,0.000126,0.021378,0.000379,0.808326,0.000253,0.169538
GGGAAGACGGTCTGTC-1,0.026092,0.00014,0.000421,0.708812,0.264254,0.000281
GGGAAGGGCTTTCTCA-1,0.183617,0.068661,0.000292,0.657734,0.089502,0.000194
GGGAATGAGCCCTCAC-1,0.000027,0.000027,0.627793,0.025011,0.230565,0.116577
GGGAATTCTGTCCAGT-1,0.008413,0.059703,0.584504,0.028191,0.037774,0.281415
GGGACAGAGTTACTCC-1,0.000027,0.000027,0.448182,0.043077,0.012812,0.495874
GGGACCCGTATATCTT-1,0.003063,0.000058,0.470531,0.174176,0.196619,0.155553
GGGACTGCATAGATAG-1,0.000029,0.075142,0.875928,0.000029,0.000804,0.048067
GGGAGAACTCACAGTA-1,0.000014,0.015048,0.983972,0.000014,0.000028,0.000924
GGGAGCGACCGTAGTG-1,0.000141,0.018401,0.000423,0.745136,0.235618,0.000282
GGGAGGATGCCCGAAA-1,0.000023,0.134318,0.62799,0.038992,0.098587,0.10009
GGGAGTAATGGCTGGC-1,0.000095,0.542969,0.299052,0.157505,0.000189,0.000189
GGGAGTTAATGAGGCG-1,0.000041,0.031905,0.5464,0.028553,0.267357,0.125744
GGGATACGGTAATAAT-1,0.000053,0.155945,0.179819,0.297007,0.164799,0.202378
GGGATATTGATCGCCA-1,0.00001,0.00001,0.902774,0.001365,0.039485,0.056358
GGGATCCCAATACAAA-1,0.000007,0.004243,0.860661,0.001389,0.091267,0.042433
GGGATGGACCCGCGTC-1,0.000052,0.041127,0.108635,0.660242,0.08378,0.106164
GGGATGGTCGTAACCG-1,0.000023,0.014765,0.394635,0.01817,0.499047,0.073361
GGGATTATCTCACAAC-1,0.000565,0.994914,0.001695,0.000565,0.00113,0.00113
GGGATTTACCGCACCT-1,0.000053,0.000053,0.311362,0.152095,0.120015,0.416422
GGGCAACCGCACGTGC-1,0.000012,0.000012,0.761093,0.001362,0.007173,0.230348
GGGCACGAATTGGCCG-1,0.010518,0.017389,0.646669,0.025907,0.051255,0.248263
GGGCACGTAGTACTGT-1,0.000042,0.000042,0.567868,0.054772,0.323631,0.053646
GGGCACTATTGACCAT-1,0.000181,0.048549,0.309169,0.634157,0.007215,0.000728
GGGCAGACGTCACTGC-1,0.000027,0.000027,0.401355,0.10343,0.425931,0.06923
GGGCAGAGCAATCGTT-1,0.000068,0.000068,0.22244,0.580481,0.121623,0.075321
GGGCAGGATTTCTGTG-1,0.000077,0.000596,0.08619,0.639674,0.163523,0.109939
GGGCAGTCAACGCCAA-1,0.000077,0.013043,0.00023,0.27634,0.710157,0.000153
GGGCATGCATGTCGAG-1,0.007876,0.000025,0.250505,0.054138,0.21619,0.471266
GGGCCATTCGTGCTGG-1,0.000025,0.029372,0.503224,0.094011,0.058247,0.315121
GGGCCCGTCTTAAACA-1,0.000025,0.011201,0.379549,0.0762,0.487832,0.045193
GGGCCCTACGAAAGGG-1,0.000018,0.024387,0.602233,0.044141,0.231733,0.097489
GGGCCCTTATCTATAC-1,0.000037,0.042793,0.485559,0.080941,0.159247,0.231424
GGGCCGGCCGAAGTAC-1,0.000014,0.000014,0.966919,0.000014,0.030772,0.002268
GGGCCTAAATGGGCTA-1,0.000018,0.003261,0.428582,0.098146,0.427934,0.042059
GGGCCTATACAACCGG-1,0.00001,0.019474,0.823402,0.006472,0.063512,0.087131
GGGCCTATTTAAGTAT-1,0.000032,0.104645,0.265781,0.025155,0.426384,0.178002
GGGCGAATTTCTCCAC-1,0.000083,0.432051,0.040582,0.169092,0.144699,0.213493
GGGCGATATGTGTGAA-1,0.088858,0.1239,0.201466,0.037411,0.478104,0.070261
GGGCGATCCATAGGCC-1,0.000032,0.000032,0.220131,0.201165,0.275218,0.303422
GGGCGCAGCGTTACTC-1,0.000122,0.000122,0.084164,0.858522,0.056827,0.000243
GGGCGGCAAATGAATT-1,0.000023,0.000023,0.407725,0.008574,0.361158,0.222497
GGGCGGGTTCCCTACG-1,0.000023,0.000023,0.906472,0.000372,0.047313,0.045799
GGGCGGTCCTATTGTC-1,0.000123,0.614926,0.00037,0.231864,0.15247,0.000247
GGGCGTACATTTATAT-1,0.000044,0.032965,0.441646,0.007478,0.263277,0.25459
GGGCGTCACCACGTAA-1,0.000043,0.000043,0.254397,0.040285,0.654392,0.050841
GGGCGTCCACTGGCTC-1,0.000024,0.031953,0.771467,0.082037,0.031966,0.082553
GGGCGTGGTTTCCCAG-1,0.909931,0.000054,0.000161,0.000054,0.089692,0.000108
GGGCGTTTACATTCAT-1,0.000127,0.000127,0.000382,0.667563,0.258095,0.073705
GGGCTACTATTTCGTG-1,0.000061,0.008631,0.306373,0.090477,0.545115,0.049342
GGGCTATGATCGATGG-1,0.00042,0.000037,0.50239,0.250222,0.013619,0.233312
GGGCTCATCGAACCCA-1,0.000023,0.038508,0.539791,0.003934,0.307229,0.110514
GGGCTGCCTAGGGCGA-1,0.000028,0.013055,0.632877,0.011606,0.234866,0.107568
GGGCTGGTTAGTCGCG-1,0.000033,0.086854,0.487837,0.012157,0.245048,0.168072
GGGTAATGCTGTGTTT-1,0.124191,0.875291,0.000194,0.000065,0.000129,0.000129
GGGTACACTCTGGAGG-1,0.001516,0.986359,0.004547,0.001516,0.003031,0.003031
GGGTACCCACGGTCCT-1,0.000042,0.522911,0.472383,0.000042,0.000084,0.004536
GGGTACTTCATGAACT-1,0.000027,0.013416,0.719881,0.026463,0.065018,0.175196
GGGTATGTATGCACTT-1,0.000047,0.096385,0.358054,0.103184,0.077931,0.364399
GGGTATTCTAGCAAAC-1,0.000025,0.007732,0.349915,0.06397,0.093152,0.485207
GGGTCACCGTGACGGT-1,0.000035,0.000035,0.653138,0.060114,0.144391,0.142288
GGGTCACGTGCTTATG-1,0.000017,0.095926,0.82146,0.002611,0.021642,0.058344
GGGTCACTGAGTAGTG-1,0.000011,0.000011,0.545138,0.006164,0.357957,0.09072
GGGTCAGGAGCTAGAT-1,0.00011,0.012199,0.000329,0.592666,0.394476,0.00022
GGGTCATGCGTACCAT-1,0.00006,0.28515,0.246643,0.063001,0.270799,0.134347
GGGTCCTTGGAAGAAG-1,0.000017,0.000017,0.354061,0.086581,0.353448,0.205877
GGGTCGTGGCAAGTGT-1,0.000041,0.000041,0.280734,0.043231,0.624046,0.051908
GGGTGACACCTTAACT-1,0.000041,0.000041,0.277781,0.043171,0.638645,0.040321
GGGTGCATATGAAAGC-1,0.000033,0.000033,0.098324,0.174586,0.536232,0.190793
GGGTGGTCCAGCCTGT-1,0.000981,0.000981,0.002942,0.433621,0.559515,0.001961
GGGTGTTTCAGCTATG-1,0.000058,0.204024,0.603915,0.066885,0.061978,0.06314
GGGTTAACATTTGAGT-1,0.000044,0.000044,0.402226,0.190204,0.269002,0.13848
GGGTTCAGACGAACAA-1,0.000057,0.332192,0.378886,0.282211,0.000114,0.006539
GGTAAATGTGCGTTAC-1,0.008792,0.1955,0.441034,0.003444,0.074246,0.276984
GGTAACCGGCAAAGGT-1,0.000741,0.993331,0.002223,0.000741,0.001482,0.001482
GGTAACCGGGAGGATA-1,0.000025,0.000025,0.470563,0.163532,0.106837,0.259017
GGTAACTATGTATCTG-1,0.000106,0.778807,0.000317,0.129298,0.09126,0.000211
GGTACAAACATGCTAT-1,0.000019,0.042854,0.560734,0.025146,0.126078,0.245169
GGTACACCAGATTTAT-1,0.003432,0.000028,0.450452,0.070322,0.280676,0.19509
GGTACATCTGGGACGA-1,0.000023,0.044467,0.659332,0.056394,0.165044,0.074739
GGTACCATTAAGACGG-1,0.000033,0.012601,0.15258,0.039583,0.680415,0.114788
GGTAGAAGACCGCCTG-1,0.000061,0.000061,0.009935,0.403398,0.401408,0.185135
GGTAGACCGTTGGGCG-1,0.000019,0.000019,0.671075,0.068307,0.101599,0.158982
GGTAGGCCAATATCAC-1,0.000022,0.002883,0.184299,0.097096,0.416501,0.299198
GGTAGTGCTCGCACCA-1,0.000042,0.000042,0.534444,0.000042,0.34426,0.12117
GGTATAGTGACACATA-1,0.000041,0.020776,0.251029,0.181679,0.361081,0.185393
GGTATCAAGCATAGAA-1,0.000205,0.830668,0.117739,0.05057,0.000409,0.000409
GGTATGAAAGAACTGA-1,0.000016,0.067375,0.568349,0.147711,0.085274,0.131274
GGTATTGCCGAGTTTA-1,0.00004,0.011922,0.773079,0.024013,0.079028,0.11192
GGTCACGTTAGATTCA-1,0.000096,0.999139,0.000287,0.000096,0.000191,0.000191
GGTCAGTGGGTCCCAC-1,0.000036,0.004966,0.258699,0.002783,0.57638,0.157136
GGTCATTGTAGTCATA-1,0.00002,0.00002,0.538557,0.021157,0.333087,0.107159
GGTCCACGTCTATTTG-1,0.000041,0.000041,0.295281,0.201089,0.321762,0.181787
GGTCCCATAACATAGA-1,0.000017,0.02341,0.596734,0.032581,0.091194,0.256063
GGTCCTTCATACGACT-1,0.000127,0.765233,0.000381,0.130507,0.103498,0.000254
GGTCGGATAAACGGCG-1,0.000033,0.033337,0.239312,0.074038,0.436461,0.216818
GGTCGGCCAGGAGCTT-1,0.000027,0.027393,0.380411,0.020511,0.533897,0.03776
GGTCGGTAATTAGACA-1,0.002477,0.822873,0.168713,0.000045,0.000089,0.005803
GGTCGGTCGTCCACAG-1,0.00003,0.00003,0.385794,0.096544,0.142864,0.374738
GGTCGTAAGCTCGCAC-1,0.000018,0.016469,0.736532,0.018543,0.137137,0.0913
GGTCTCCGTCCAGGTT-1,0.000503,0.000503,0.156386,0.407235,0.434368,0.001005
GGTCTCTGAATGGACT-1,0.000021,0.000021,0.743871,0.000021,0.166625,0.08944
GGTCTGAGAATCTGGA-1,0.000025,0.022248,0.797924,0.016716,0.059142,0.103946
GGTCTTGAGCGCTCTT-1,0.000132,0.05638,0.000396,0.847984,0.094843,0.000264
GGTCTTGGTGTTAACT-1,0.001042,0.990623,0.003126,0.001042,0.002084,0.002084
GGTGAAACCGGGAATG-1,0.073213,0.678365,0.03954,0.142334,0.037386,0.029161
GGTGAACGGGCTAGCC-1,0.042386,0.954061,0.000163,0.003173,0.000109,0.000109
GGTGAAGTACAGGGAT-1,0.000028,0.000352,0.241861,0.049459,0.641653,0.066647
GGTGAGATGCAGATAA-1,0.000074,0.661478,0.000222,0.128183,0.209894,0.000148
GGTGATAAGGAGCAGT-1,0.000031,0.000031,0.392183,0.003133,0.564749,0.039872
GGTGATGAAGGAAGTG-1,0.000018,0.060492,0.628707,0.048204,0.052305,0.210274
GGTGATTTCATCTTGT-1,0.000065,0.636264,0.331307,0.000065,0.000129,0.032171
GGTGCAGAGCCTATCG-1,0.000025,0.052756,0.878764,0.002174,0.032302,0.03398
GGTGCATAAATGATTA-1,0.000054,0.01361,0.000161,0.942402,0.043666,0.000108
GGTGCGGATAAGTGGC-1,0.000065,0.46578,0.083778,0.162195,0.146356,0.141825
GGTGCTGATCACAAAG-1,0.002075,0.067131,0.391993,0.163311,0.215873,0.159619
GGTGCTGGTACACATT-1,0.00003,0.0515,0.656524,0.004736,0.075724,0.211485
GGTGGACCACGTGTTA-1,0.012761,0.08883,0.618173,0.006965,0.028691,0.244579
GGTGGGATTAGGTCCC-1,0.000023,0.000023,0.356702,0.072742,0.35861,0.211899
GGTGTAAATCGATTGT-1,0.000077,0.000077,0.000232,0.380516,0.618941,0.000155
GGTGTAGGTAAGTAAA-1,0.000035,0.000035,0.069651,0.246401,0.547403,0.136476
GGTGTTCTGTTTCTAC-1,0.00004,0.171469,0.635324,0.072468,0.017646,0.103053
GGTTACCACCCTCGGG-1,0.000023,0.000023,0.83618,0.000306,0.140877,0.02259
GGTTACCCGACACTTT-1,0.000123,0.039022,0.00037,0.85715,0.088045,0.01529
GGTTACCGCTCCCTAC-1,0.000021,0.00693,0.502193,0.051642,0.123623,0.315592
GGTTAGCTATATGTCT-1,0.000099,0.023749,0.176242,0.441955,0.259021,0.098934
GGTTAGGCTTGGAGAA-1,0.061927,0.110927,0.367318,0.082404,0.10268,0.274743
GGTTAGGGATGCTAAT-1,0.000017,0.003663,0.452268,0.070752,0.287791,0.185509
GGTTAGTTACGGCGCC-1,0.000026,0.171005,0.528905,0.068838,0.056297,0.174929
GGTTCCACCCGCTTCT-1,0.00003,0.125425,0.583095,0.156911,0.051024,0.083514
GGTTCCCTAGTGTCTC-1,0.000016,0.015528,0.636366,0.013673,0.24375,0.090668
GGTTCCGTACGACTAA-1,0.000016,0.00168,0.403286,0.089415,0.266093,0.23951
GGTTCGATGCTGAGTT-1,0.000025,0.009798,0.548158,0.035604,0.210386,0.19603
GGTTCGCATTTGCCGT-1,0.000168,0.000168,0.000503,0.216643,0.782184,0.000335
GGTTCGGATTATACTA-1,0.000035,0.010643,0.672206,0.103844,0.117999,0.095273
GGTTCTACTCGTCTGA-1,0.000123,0.000123,0.110471,0.569006,0.3183,0.001978
GGTTGTGCTCTTGTCC-1,0.000051,0.219081,0.086325,0.124997,0.235058,0.334488
GGTTGTGTAGCCTGGC-1,0.000031,0.022236,0.574844,0.032777,0.099938,0.270174
GGTTTAATTACCATCG-1,0.000108,0.000108,0.360059,0.554155,0.000217,0.085352
GGTTTAATTGAGCAGG-1,0.031094,0.000035,0.234925,0.02436,0.509087,0.200499
GGTTTACAATCTCAAT-1,0.000033,0.027824,0.807192,0.000033,0.10285,0.062068
GGTTTCAATCGGTCAG-1,0.000025,0.003047,0.966206,0.000439,0.0272,0.003084
GGTTTGACAAGAAGCT-1,0.000028,0.025208,0.467237,0.117669,0.257777,0.132081
GGTTTGAGTGCTGGAA-1,0.000089,0.941107,0.008535,0.040862,0.00923,0.000177
GGTTTGCGAACACGTA-1,0.001847,0.00001,0.783338,0.029427,0.088666,0.096712
GTAACAACTGACCTTG-1,0.000013,0.116294,0.491054,0.010941,0.272322,0.109376
GTAACAGGTTAACGGC-1,0.012333,0.000008,0.580795,0.01679,0.09483,0.295243
GTAACATCAGCTCATC-1,0.005387,0.006825,0.735762,0.087384,0.037556,0.127086
GTAACTACGTAGACCT-1,0.000019,0.024315,0.332474,0.12939,0.254877,0.258924
GTAACTGCCCAAGGAG-1,0.000068,0.016289,0.000204,0.854417,0.097771,0.031252
GTAACTTGCGGCAGTC-1,0.024599,0.728938,0.211947,0.034095,0.00021,0.00021
GTAAGCGGGCAGTCAG-1,0.00003,0.038114,0.617634,0.00003,0.270807,0.073385
GTAAGGATTTGTCGGA-1,0.000282,0.399536,0.355917,0.000282,0.000564,0.24342
GTAAGTAACAGTCTGG-1,0.000035,0.021582,0.224183,0.032816,0.597549,0.123834
GTAAGTAGGGTATACC-1,0.000024,0.149847,0.563715,0.023082,0.089935,0.173397
GTAATAAAGGGCTCCC-1,0.000033,0.000033,0.124248,0.151946,0.568616,0.155123
GTAATCTGATTCTTCG-1,0.000034,0.000034,0.386491,0.030528,0.487842,0.095071
GTACACTTACCTGAAG-1,0.000031,0.089215,0.534002,0.000618,0.101047,0.275087
GTACAGAGGCAAGGGT-1,0.000028,0.000028,0.456998,0.006917,0.273972,0.262057
GTACGACGGCGCTGCG-1,0.000104,0.598915,0.225107,0.163241,0.000208,0.012424
GTACGAGATTGCGACA-1,0.00004,0.170563,0.594046,0.008554,0.090018,0.136779
GTACGCTTCATTGCAC-1,0.000052,0.000052,0.218469,0.015205,0.67201,0.094213
GTACGTCACGTATTAA-1,0.000039,0.016547,0.26626,0.061242,0.42145,0.234463
GTACGTTTGCCCGTCA-1,0.000029,0.000029,0.736087,0.001948,0.143576,0.118331
GTACTAAGATTTGGAG-1,0.000047,0.099164,0.519863,0.019494,0.074629,0.286804
GTACTACGGCCTCGTT-1,0.00003,0.00003,0.220645,0.065855,0.143825,0.569616
GTACTCCCTTATCGCT-1,0.000035,0.023074,0.635519,0.071687,0.10215,0.167534
GTACTCCTGGGTATGC-1,0.000034,0.009121,0.302199,0.012435,0.617018,0.059193
GTACTGAGGTCGTAAC-1,0.000069,0.751291,0.000207,0.014338,0.174827,0.059268
GTACTGCATGAAGCGT-1,0.005806,0.993766,0.000161,0.000054,0.000107,0.000107
GTACTGGAGTTAGACC-1,0.000049,0.019987,0.514637,0.042937,0.365028,0.057362
GTACTTGGGCACTTCT-1,0.000077,0.999303,0.000232,0.000077,0.000155,0.000155
GTAGAAACGGGTGGAG-1,0.000031,0.152743,0.247879,0.310498,0.125562,0.163288
GTAGACAACCGATGAA-1,0.000389,0.489759,0.001168,0.000389,0.039577,0.468718
GTAGACACGCCTGACT-1,0.07306,0.000125,0.000376,0.775872,0.150317,0.00025
GTAGACGTCGTTACAT-1,0.000108,0.557149,0.000325,0.294528,0.147672,0.000217
GTAGAGGGAGACAAGT-1,0.000025,0.02248,0.25209,0.06844,0.504531,0.152434
GTAGCCAAACATGGGA-1,0.000018,0.000018,0.423693,0.066446,0.06463,0.445195
GTAGCGCTGTTGTAGT-1,0.000131,0.593702,0.081667,0.000131,0.141796,0.182573
GTAGCGGCTATACACT-1,0.000026,0.000026,0.993582,0.000026,0.002587,0.003752
GTAGCTAGTAAGCGCG-1,0.000113,0.364764,0.074667,0.175113,0.064042,0.321302
GTAGCTCCGGGAGGCT-1,0.000074,0.005514,0.000221,0.610506,0.383335,0.00035
GTAGCTTCCTCTTGTT-1,0.003802,0.038099,0.338063,0.13923,0.439915,0.04089
GTAGGTGATCCGTGTA-1,0.000032,0.012656,0.663383,0.000032,0.071528,0.25237
GTAGTCGCGGGAATCA-1,0.00003,0.00003,0.33076,0.147343,0.095712,0.426126
GTAGTCTACGATATTG-1,0.100169,0.054548,0.134304,0.500614,0.061406,0.148959
GTAGTTAGACAATATA-1,0.00001,0.00001,0.48099,0.050893,0.404899,0.063199
GTAGTTCGAAGGCGAA-1,0.000069,0.047084,0.08424,0.852239,0.016133,0.000236
GTAGTTTAAGCACACG-1,0.000032,0.000032,0.229801,0.224039,0.126118,0.419979
GTATAATCTCCCGGAT-1,0.000076,0.701344,0.000228,0.298047,0.000152,0.000152
GTATAGGACTCAGTAG-1,0.00004,0.081583,0.544379,0.062331,0.050146,0.261521
GTATAGTGGCCCATGT-1,0.000033,0.117037,0.514355,0.072844,0.042827,0.252905
GTATATGTTACGGCGG-1,0.000057,0.873606,0.126053,0.000057,0.000114,0.000114
GTATCAAGGTACTTCC-1,0.000027,0.000027,0.507254,0.117972,0.038168,0.336551
GTATCAGCTTGGGTTC-1,0.000094,0.318441,0.000281,0.431032,0.248688,0.001465
GTATCCTTTGGTAACC-1,0.177957,0.007831,0.000545,0.78532,0.027985,0.000363
GTATCGGGACGAGCTG-1,0.000559,0.99497,0.001676,0.000559,0.001118,0.001118
GTATCTCAGTCTTGAC-1,0.000048,0.000048,0.273214,0.357077,0.039323,0.330291
GTATCTCGGGCGCTTT-1,0.000015,0.001641,0.870843,0.002125,0.00483,0.120545
GTATCTTTCATAACCA-1,0.000026,0.000026,0.354926,0.029997,0.409664,0.20536
GTATGAAATTTCACTC-1,0.00002,0.005576,0.546675,0.045089,0.196819,0.205821
GTATGACGTGGGAAAC-1,0.00003,0.391035,0.608109,0.00003,0.00006,0.000736
GTATGTGGGTCTAGTT-1,0.000026,0.000026,0.844854,0.008612,0.047491,0.09899
GTATTAAGGCGTCTAA-1,0.000089,0.253323,0.104229,0.508102,0.113117,0.02114
GTATTAGGGTTCGCGT-1,0.000033,0.138304,0.440472,0.120611,0.176422,0.124158
GTATTCTGAGAAACGA-1,0.00002,0.038703,0.46644,0.023597,0.340047,0.131194
GTATTCTTACCGTGCT-1,0.000063,0.958623,0.024147,0.000063,0.000126,0.016978
GTCAAAGAAGTGGTGT-1,0.00002,0.015065,0.345115,0.128657,0.070619,0.440524
GTCAAAGTTTACATAG-1,0.000127,0.965089,0.00038,0.033897,0.000254,0.000254
GTCAACCAGGCCTATA-1,0.068645,0.054567,0.000623,0.349867,0.525883,0.000415
GTCAAGCGGACTCGGG-1,0.000025,0.000025,0.819731,0.000025,0.15518,0.025012
GTCAATGCTATAATTT-1,0.000013,0.000013,0.898413,0.000013,0.060342,0.041206
GTCAATTGTACTGAAG-1,0.000104,0.816364,0.032173,0.000104,0.151048,0.000207
GTCACAAAGTTTCCAA-1,0.000394,0.458018,0.465515,0.000394,0.074891,0.000788
GTCACCTGTCTATGTC-1,0.000018,0.028111,0.900368,0.01619,0.019425,0.035889
GTCACTCATGAGCGAT-1,0.000023,0.000023,0.378982,0.094886,0.090369,0.435717
GTCACTCTCCAAATCT-1,0.000037,0.284915,0.352257,0.090255,0.111129,0.161408
GTCAGAATAGTCTATG-1,0.000027,0.039753,0.694486,0.039913,0.058834,0.166987
GTCAGACAGCGTTGGA-1,0.000083,0.999254,0.000249,0.000083,0.000166,0.000166
GTCAGTTGTGCTCGTT-1,0.00031,0.445845,0.082985,0.00031,0.241743,0.228807
GTCAGTTTGGTAGTCG-1,0.000036,0.058846,0.585192,0.031581,0.090267,0.234079
GTCATCCCAAACTCAC-1,0.000014,0.004543,0.407841,0.105469,0.282725,0.199408
GTCATCTCCTACAGCT-1,0.000071,0.999359,0.000214,0.000071,0.000142,0.000142
GTCATGCACCTCCGTT-1,0.000078,0.072103,0.412185,0.166245,0.099399,0.24999
GTCATGCGCGAGGGCT-1,0.220167,0.000182,0.000547,0.459477,0.319262,0.000364
GTCATGGACATGACTA-1,0.000044,0.116779,0.246953,0.000152,0.426024,0.210047
GTCATTAGAGCGAACG-1,0.000034,0.023796,0.472752,0.003052,0.435318,0.065048
GTCATTGCATTGACCC-1,0.000018,0.041102,0.776604,0.025953,0.01721,0.139113
GTCCAATATTTAGCCT-1,0.000089,0.322908,0.000268,0.48264,0.135844,0.05825
GTCCAGGCACGTGTGC-1,0.010604,0.000017,0.655782,0.023583,0.084329,0.225685
GTCCATTACTGCTACG-1,0.000238,0.000238,0.187095,0.810034,0.000476,0.001918
GTCCCAACGTAAAGTA-1,0.000045,0.023249,0.252831,0.005,0.612621,0.106255
GTCCCAATCATCCCGC-1,0.000021,0.000021,0.590456,0.031293,0.348474,0.029735
GTCCCGCGACGTTATG-1,0.165779,0.063013,0.000552,0.764698,0.00559,0.000368
GTCCGAGAGCAATCAT-1,0.006371,0.035721,0.617435,0.014442,0.0258,0.300232
GTCCGGCTGAATTGCG-1,0.003864,0.119459,0.650086,0.093273,0.031081,0.102237
GTCCGGGTTCACATTA-1,0.031794,0.000082,0.000246,0.087366,0.880348,0.000164
GTCCGTTAGAGGGCCT-1,0.000017,0.000017,0.328198,0.045972,0.100104,0.525691
GTCCTACAGGCGGCTC-1,0.000377,0.627991,0.031815,0.203884,0.13578,0.000153
GTCCTACTCTACGGGC-1,0.000026,0.000026,0.42898,0.095323,0.253661,0.221985
GTCCTAGGATACCTTA-1,0.000065,0.000601,0.306306,0.617767,0.008547,0.066714
GTCCTATTGTTGTGGT-1,0.006474,0.027747,0.301465,0.10003,0.065671,0.498613
GTCCTTCTACAACCCA-1,0.000029,0.124105,0.551515,0.120027,0.035181,0.169143
GTCCTTCTAGTGGGTT-1,0.000107,0.088121,0.057317,0.092819,0.242717,0.518918
GTCCTTTAATGACTTC-1,0.001562,0.085504,0.825762,0.000193,0.007589,0.07939
GTCGAATTTGGGCGCT-1,0.000027,0.000027,0.65515,0.077276,0.055317,0.212203
GTCGCCGTTGTGTGTT-1,0.000032,0.000335,0.585884,0.009344,0.06123,0.343175
GTCGCGTAACCCGTTG-1,0.000054,0.000054,0.34412,0.00334,0.371458,0.280975
GTCGGAAGGATACCAG-1,0.000019,0.022863,0.755985,0.039453,0.081508,0.100171
GTCGGATATCTCAGAC-1,0.000016,0.002536,0.990879,0.000016,0.00027,0.006283
GTCGGATGTAGCGCGC-1,0.000025,0.04668,0.642537,0.046037,0.064141,0.20058
GTCGGGAACATGGTAG-1,0.000016,0.021771,0.739684,0.010557,0.067996,0.159976
GTCGGGAAGCAGAAAC-1,0.000114,0.000114,0.091247,0.673249,0.219567,0.015708
GTCGTACCATCTCGGG-1,0.000046,0.000046,0.452522,0.003505,0.362172,0.181708
GTCGTACCTACGATTG-1,0.004522,0.093743,0.358321,0.050355,0.429509,0.063551
GTCGTATTGGCGTACA-1,0.021045,0.046801,0.555999,0.072246,0.105,0.198909
GTCGTCAATTATAAGG-1,0.050264,0.693297,0.129005,0.063435,0.052327,0.011673
GTCGTCTGGTTGGCTA-1,0.000052,0.000052,0.046899,0.426324,0.327289,0.199384
GTCGTGTCTGGTCATC-1,0.000142,0.000142,0.000425,0.023597,0.82982,0.145874
GTCGTTATTCGCTTAT-1,0.00005,0.067554,0.266725,0.014817,0.444437,0.206415
GTCTAAGATGCCCAGC-1,0.000012,0.015488,0.51406,0.014105,0.378616,0.07772
GTCTACTCAATTACAA-1,0.000026,0.000316,0.632239,0.089012,0.134461,0.143945
GTCTAGTGAGCCGCTT-1,0.018223,0.05413,0.000845,0.451904,0.474335,0.000564
GTCTATACACGCATGG-1,0.000034,0.005283,0.233809,0.069495,0.447297,0.244082
GTCTATCTGAGTTTCT-1,0.000028,0.011364,0.918184,0.001418,0.013073,0.055932
GTCTATTGCATGCTCG-1,0.263126,0.036249,0.000929,0.698457,0.000619,0.000619
GTCTATTGGTTCCGGT-1,0.000272,0.017279,0.000815,0.739652,0.241439,0.000544
GTCTCCCGAGTCCCGT-1,0.014999,0.362415,0.000562,0.322577,0.299071,0.000375
GTCTCCGCCTCAATAC-1,0.000017,0.000017,0.430652,0.112441,0.095674,0.361199
GTCTCCTGCCAGTATG-1,0.000061,0.000061,0.117172,0.859094,0.001864,0.021749
GTCTCGACTAAGTTTG-1,0.000019,0.000019,0.712432,0.000019,0.216914,0.070599
GTCTCGATCTGCTTTC-1,0.024272,0.058059,0.492692,0.078383,0.161465,0.185129
GTCTCGCCAACACGCC-1,0.000236,0.320771,0.414502,0.251273,0.000472,0.012747
GTCTGCCGACTCGACG-1,0.000044,0.000044,0.126912,0.184831,0.064907,0.623263
GTCTGGGCGGTCGAGA-1,0.000027,0.003532,0.38797,0.048057,0.46176,0.098654
GTCTGTAGGTTGAACA-1,0.000014,0.000014,0.452377,0.049597,0.235424,0.262573
GTCTTACCACGCCAAG-1,0.000273,0.195642,0.000818,0.722138,0.080584,0.000545
GTCTTAGTACAGCCGG-1,0.008701,0.116071,0.518719,0.199445,0.060176,0.096888
GTCTTCCTCACCTAAG-1,0.008067,0.084369,0.588763,0.039281,0.115816,0.163704
GTCTTGAGGAGCAGTG-1,0.000143,0.054576,0.006816,0.620505,0.021764,0.296197
GTGAAACGGCGCCACC-1,0.000024,0.042591,0.446221,0.019869,0.382637,0.108658
GTGAAACGTGCTCCAC-1,0.164786,0.643929,0.113033,0.008533,0.016284,0.053435
GTGAACTCCCATTCGA-1,0.000021,0.00456,0.326536,0.032036,0.343715,0.293132
GTGAAGATTTCAAGTG-1,0.002042,0.000033,0.806207,0.009546,0.113831,0.068342
GTGAAGCCGTATAGTC-1,0.01597,0.038715,0.360883,0.042885,0.479921,0.061626
GTGAAGTCACGACTCG-1,0.000044,0.000044,0.017204,0.11996,0.861549,0.001198
GTGACAGCTTCCCACT-1,0.025817,0.000177,0.000531,0.722134,0.250987,0.000354
GTGACCGCACACTACG-1,0.00005,0.00005,0.192982,0.060822,0.526757,0.219338
GTGACCTAAAGAATAA-1,0.000029,0.033157,0.20231,0.33474,0.275316,0.154449
GTGACGAGGGTGACCC-1,0.000026,0.000026,0.448221,0.114377,0.15471,0.28264
GTGACGCAGGTTTCAT-1,0.001033,0.000179,0.000536,0.724233,0.273662,0.000357
GTGACTTCAGTAGTGC-1,0.000024,0.000024,0.913285,0.000024,0.046246,0.040396
GTGAGATAACCTTATA-1,0.000022,0.000022,0.606999,0.063475,0.070493,0.258989
GTGAGCGTGCTGCACT-1,0.005969,0.006445,0.588458,0.007773,0.073187,0.318168
GTGAGGACACTTAAGG-1,0.000032,0.000032,0.450636,0.025937,0.367029,0.156335
GTGAGGAGCGGTTGAG-1,0.00004,0.020001,0.742963,0.09591,0.067596,0.07349
GTGAGTCTAAGACGGA-1,0.000028,0.078096,0.375139,0.167542,0.162023,0.217171
GTGAGTGGTACAACGC-1,0.00002,0.004433,0.492793,0.011278,0.194053,0.297422
GTGATCAAGCGTGCAC-1,0.000077,0.031125,0.034964,0.764543,0.16052,0.008769
GTGATCATAGATCTGC-1,0.000026,0.000473,0.858712,0.000026,0.115958,0.024805
GTGATCCTTGTCATGA-1,0.257093,0.049396,0.000305,0.421499,0.271504,0.000203
GTGATGCACAACATCT-1,0.00004,0.00004,0.432122,0.070978,0.201011,0.295808
GTGATTCGCCGCTCAA-1,0.040392,0.000032,0.500704,0.019538,0.322556,0.116778
GTGCAACAAATGTGGC-1,0.000041,0.222003,0.273468,0.20396,0.076176,0.224352
GTGCACCAGCTTCAAC-1,0.000099,0.006468,0.000297,0.649912,0.343025,0.000198
GTGCACGAAAGTGACT-1,0.000019,0.079546,0.854028,0.009464,0.00952,0.047423
GTGCCAAACGTTTCGA-1,0.004832,0.029232,0.561714,0.233907,0.054776,0.115539
GTGCCATCACACGGTG-1,0.000032,0.068468,0.581495,0.014321,0.09228,0.243403
GTGCCCGTTCGGATTC-1,0.000046,0.000046,0.345807,0.0474,0.404476,0.202224
GTGCCGCTTCAAAGGT-1,0.000019,0.01718,0.4909,0.01556,0.449813,0.026528
GTGCCTAGCTATGCTT-1,0.000122,0.736759,0.000365,0.218861,0.043651,0.000243
GTGCCTCAGTGTACGG-1,0.000044,0.030449,0.49772,0.099541,0.167048,0.205199
GTGCCTGAGACCAAAC-1,0.008269,0.000081,0.000242,0.990966,0.000282,0.000161
GTGCGAAATCGAACAC-1,0.000021,0.000021,0.505847,0.007847,0.346651,0.139612
GTGCGACAGGGAGTGT-1,0.004818,0.011877,0.379161,0.153882,0.148613,0.301649
GTGCGCAGCTTGCTCC-1,0.000735,0.99338,0.002207,0.000736,0.001471,0.001471
GTGCGGGACCATCGGC-1,0.014416,0.985072,0.000192,0.000064,0.000128,0.000128
GTGCGGGTCTCCAAAT-1,0.000035,0.109027,0.387511,0.128438,0.127811,0.247176
GTGCGTGTATATGAGC-1,0.000027,0.000027,0.716064,0.025138,0.155124,0.10362
GTGCTATCCAGCTGGA-1,0.065219,0.004711,0.419788,0.057303,0.171317,0.281662
GTGCTCAAGTACTGTC-1,0.000037,0.023406,0.72547,0.014991,0.08971,0.146384
GTGCTGCAGATAAGGA-1,0.000016,0.04088,0.686866,0.038428,0.059088,0.174722
GTGCTGTTAGAACATA-1,0.000009,0.000009,0.516173,0.037712,0.117043,0.329054
GTGGAACCTACATGCG-1,0.000041,0.266307,0.494089,0.000825,0.120535,0.118203
GTGGACCAACCCGATT-1,0.000012,0.000547,0.964978,0.000012,0.028011,0.00644
GTGGACGCATTTGTCC-1,0.000093,0.000093,0.231682,0.494277,0.14258,0.131275
GTGGACGTGCTGAGAC-1,0.000042,0.309009,0.513768,0.052968,0.086427,0.037785
GTGGAGCGTTTACCGA-1,0.000059,0.000059,0.101511,0.682956,0.037723,0.177694
GTGGAGTCGGCGGTTG-1,0.000033,0.019511,0.298904,0.200418,0.33101,0.150125
GTGGCAAACAGCGGCA-1,0.000018,0.000018,0.303012,0.068153,0.489031,0.139768
GTGGCCGGTTTCTCGG-1,0.000022,0.000022,0.540305,0.141166,0.016997,0.301488
GTGGCCTAATATCATT-1,0.000024,0.019636,0.816205,0.002311,0.080201,0.081624
GTGGCGGGCCGTAGCT-1,0.000329,0.423357,0.017193,0.28078,0.277683,0.000658
GTGGCGGTCCCAGCGT-1,0.000017,0.05162,0.930455,0.000682,0.000667,0.01656
GTGGCGTGCACCAGAG-1,0.000014,0.025519,0.963793,0.000014,0.001494,0.009167
GTGGCTGTTTCTGTTC-1,0.104747,0.147442,0.000417,0.684997,0.062119,0.000278
GTGGGAACAAACCGGG-1,0.000556,0.00001,0.475525,0.07165,0.175834,0.276425
GTGGGAAGACTGAATC-1,0.000023,0.006741,0.433061,0.079885,0.258999,0.221291
GTGGGCTTAGACACAC-1,0.000024,0.057254,0.748041,0.023601,0.025278,0.145802
GTGGGTACTGAGCGTA-1,0.00003,0.00003,0.242414,0.060851,0.478065,0.218609
GTGGTATAGTCTGCCG-1,0.00276,0.000029,0.471033,0.025647,0.058046,0.442485
GTGGTCAGCGAAGTAT-1,0.000033,0.069398,0.472442,0.1028,0.058884,0.296442
GTGGTGGCCAAGTGAA-1,0.000045,0.000045,0.111119,0.092647,0.696228,0.099915
GTGGTTACTTCTTTCG-1,0.00006,0.00006,0.02283,0.084182,0.710354,0.182515
GTGGTTTCCGCCTTTC-1,0.000036,0.059674,0.736918,0.072541,0.067518,0.063313
GTGTACCTTGGCTACG-1,0.004739,0.020328,0.480481,0.000058,0.444903,0.049492
GTGTATATCAGCGGGC-1,0.000441,0.000441,0.120699,0.323365,0.554173,0.000881
GTGTATGACTTTAAAG-1,0.016068,0.826777,0.000308,0.156436,0.000206,0.000206
GTGTCAGTGTACGTGG-1,0.000084,0.000084,0.091336,0.681173,0.111882,0.115441
GTGTCCGATAAGGCAT-1,0.000036,0.009079,0.493722,0.098139,0.16891,0.230115
GTGTCGTATAGCGTTC-1,0.01581,0.00018,0.042995,0.374116,0.541948,0.02495
GTGTCGTATTCACCTT-1,0.000029,0.022985,0.271207,0.080559,0.575631,0.049589
GTGTGAATAACTTAGG-1,0.000018,0.011573,0.831212,0.000019,0.07562,0.081558
GTGTGTCGACGTCGCT-1,0.000111,0.806452,0.000332,0.0646,0.128285,0.000221
GTGTTACTATGCGTCC-1,0.000049,0.01356,0.508354,0.005318,0.318756,0.153963
GTTAAAGTAGGACTGG-1,0.000068,0.016346,0.045664,0.350504,0.184029,0.403389
GTTAACATCACTTAAA-1,0.000093,0.000093,0.12544,0.588116,0.219336,0.066922
GTTAAGTTAGAGTGGG-1,0.000134,0.041646,0.038801,0.918498,0.000653,0.000268
GTTAATGTCTATCTTA-1,0.000036,0.047557,0.445576,0.027356,0.180713,0.298762
GTTACAATTGGTGACG-1,0.000031,0.035682,0.576665,0.158377,0.131172,0.098074
GTTACCTACAACTTGC-1,0.000026,0.000026,0.278265,0.068581,0.258642,0.39446
GTTACGAAATCCACGC-1,0.00145,0.986952,0.004349,0.00145,0.0029,0.002899
GTTACGGCCCGACTGC-1,0.001124,0.874698,0.118558,0.001124,0.002248,0.002248
GTTACTTTGGGCCTAG-1,0.000054,0.018314,0.053949,0.044556,0.828767,0.05436
GTTAGAGTGTGCCGCT-1,0.000205,0.403903,0.463578,0.131494,0.00041,0.00041
GTTAGCCCATGACATC-1,0.013052,0.000166,0.000498,0.570061,0.415892,0.000332
GTTAGCCGTAAATCAA-1,0.000027,0.000027,0.042637,0.096262,0.671261,0.189784
GTTAGGCTACCCGTTT-1,0.000046,0.000046,0.404642,0.084902,0.218675,0.29169
GTTATATCAGGAGCCA-1,0.000048,0.001384,0.090335,0.055609,0.803532,0.049091
GTTATATTATCTCCCT-1,0.000041,0.000041,0.272368,0.054176,0.613742,0.059632
GTTATCAAGCTATCGA-1,0.000198,0.125773,0.000595,0.861957,0.011079,0.000397
GTTATCACCTTCTGAA-1,0.00101,0.684335,0.003031,0.307582,0.002021,0.002021
GTTATTAAATACGACC-1,0.000056,0.196572,0.325235,0.122989,0.096444,0.258705
GTTATTAACGTGGGAG-1,0.000047,0.271796,0.221801,0.166362,0.059983,0.28001
GTTCAAATCAGATGTC-1,0.000029,0.252374,0.430732,0.135132,0.047018,0.134715
GTTCAATCTATGTCAA-1,0.000045,0.082117,0.645022,0.000045,0.045317,0.227455
GTTCACAGGAGTCTAG-1,0.005948,0.105347,0.377853,0.02471,0.207087,0.279056
GTTCAGTCGCCAAATG-1,0.006118,0.001827,0.251571,0.134916,0.276606,0.328963
GTTCATCGTTTGGCTG-1,0.000023,0.000023,0.83213,0.006873,0.067172,0.093779
GTTCCAAGACAGCGAC-1,0.000827,0.87201,0.00248,0.000827,0.122204,0.001653
GTTCCAGTCTGACCAT-1,0.000029,0.155433,0.791933,0.000029,0.000058,0.052518
GTTCCGTCCGCCTGCA-1,0.000026,0.000026,0.321321,0.017989,0.406439,0.254199
GTTCGACAATTGTATA-1,0.001182,0.000576,0.664087,0.073585,0.013742,0.246829
GTTCGCCATAAGTGCC-1,0.000024,0.034874,0.671246,0.038434,0.04863,0.206791
GTTCGGGCGTACCATT-1,0.00004,0.00004,0.053431,0.020417,0.753047,0.173027
GTTCGGTGTGGATTTA-1,0.001613,0.985479,0.00484,0.001613,0.003227,0.003227
GTTCGTCTGGGTCCCT-1,0.025967,0.016767,0.738233,0.021378,0.100997,0.096658
GTTCTTCCCTCGATGT-1,0.000036,0.222847,0.590557,0.042022,0.019797,0.124741
GTTCTTGTAACTCAAT-1,0.000028,0.000028,0.271171,0.158362,0.334103,0.236307
GTTGAACCGGTTCCAT-1,0.000034,0.001527,0.468882,0.034403,0.402411,0.092744
GTTGAGTCCCGCCGGT-1,0.000107,0.000107,0.000322,0.382423,0.600636,0.016404
GTTGCACGGAGTTTCG-1,0.000037,0.080563,0.546132,0.17017,0.116436,0.086662
GTTGCCCTAACGGGTG-1,0.000018,0.002981,0.452724,0.173016,0.137578,0.233682
GTTGGACCGCATCAGG-1,0.000031,0.007978,0.189642,0.008374,0.722435,0.07154
GTTGGATTCAGTGGCT-1,0.000056,0.020186,0.312679,0.017138,0.405149,0.244792
GTTGGATTGAGAACAC-1,0.000032,0.000032,0.558777,0.021156,0.385689,0.034314
GTTGGATTTGCGTTGG-1,0.00005,0.043948,0.689249,0.126576,0.035514,0.104662
GTTGGTCATGCTATCC-1,0.000077,0.000077,0.210146,0.198784,0.35839,0.232525
GTTGTAGATTTATGAG-1,0.000042,0.000042,0.064182,0.193004,0.502005,0.240725
GTTGTCGTGTTAGTTG-1,0.078767,0.393262,0.000386,0.085924,0.441403,0.000257
GTTGTTACATTGCGCT-1,0.000031,0.000637,0.558266,0.025448,0.30067,0.114949
GTTTACGTTCCATCTG-1,0.004764,0.00003,0.681273,0.036221,0.164116,0.113596
GTTTATGGGATTTAGA-1,0.000053,0.311822,0.210316,0.305509,0.050832,0.121469
GTTTCATATCGTCGCT-1,0.000046,0.105005,0.547109,0.04607,0.09958,0.20219
GTTTCCTGGAGGGTGA-1,0.00003,0.083345,0.789849,0.002875,0.01625,0.10765
GTTTCTAGAGGCGCGG-1,0.000084,0.062107,0.000253,0.937218,0.000169,0.000169
GTTTCTGCAGTCTCCC-1,0.000043,0.000043,0.599298,0.002636,0.259423,0.138556
GTTTCTTGTTAGAGCT-1,0.000032,0.000032,0.680541,0.053262,0.140834,0.1253
GTTTGACCAAATCCTA-1,0.009488,0.016829,0.355313,0.114169,0.343866,0.160336
GTTTGGCCCAAGTTAT-1,0.000031,0.000031,0.779343,0.000031,0.111309,0.109255
GTTTGGCCGCTCAGCG-1,0.000031,0.540311,0.4595,0.000031,0.000063,0.000063
GTTTGGCGTCAGGCAC-1,0.00002,0.003679,0.42695,0.017406,0.31202,0.239925
GTTTGGGCTTGTGAGC-1,0.000035,0.000035,0.457819,0.054322,0.115493,0.372295
GTTTGGGTTTCGCCCG-1,0.238836,0.022191,0.000431,0.304527,0.433728,0.000287
GTTTGGTAGGGTCAAC-1,0.000021,0.000021,0.678688,0.000885,0.024354,0.296032
GTTTGGTGATCGGTGC-1,0.000091,0.029527,0.198893,0.520132,0.236577,0.014781
GTTTGTTAGCCAAGTA-1,0.000029,0.000029,0.443432,0.067355,0.105712,0.383443
TAAACCCAGGAGGGCA-1,0.000012,0.000012,0.851991,0.002602,0.030302,0.115081
TAAACGTCGTCAATGA-1,0.000049,0.67899,0.052869,0.075082,0.075445,0.117565
TAAAGAGCCCGAAACC-1,0.03036,0.642727,0.007817,0.04391,0.032852,0.242334
TAAAGCGTTAGGAGAA-1,0.007978,0.025492,0.15382,0.042683,0.534193,0.235835
TAAAGCTGCAATAGGG-1,0.000026,0.000026,0.546028,0.011544,0.392045,0.050331
TAAAGGAGAAACTAGT-1,0.000079,0.272072,0.217084,0.290623,0.032381,0.187762
TAAAGTGCACGTCTCG-1,0.000014,0.000014,0.412165,0.118518,0.101929,0.36736
TAAATCTTTACACCTC-1,0.000018,0.000018,0.631527,0.018733,0.174408,0.175296
TAAATGAATCCGTTTC-1,0.000026,0.12573,0.420345,0.243655,0.021021,0.189223
TAAATGCCGTCTCATG-1,0.000026,0.034429,0.578823,0.020585,0.054137,0.312001
TAAATTGTGGGTAAAG-1,0.00002,0.00002,0.162107,0.067874,0.303043,0.466935
TAAATTTAGTAACACC-1,0.000011,0.000011,0.699666,0.005461,0.059152,0.235699
TAACAAAGGGAGAAGC-1,0.000051,0.279323,0.000153,0.247118,0.469,0.004354
TAACAATATTTGTTGC-1,0.000024,0.043423,0.568302,0.127931,0.111861,0.14846
TAACAGCGTTTGTGCT-1,0.024833,0.071305,0.343037,0.493741,0.00022,0.066864
TAACAGGTTCCCTTAG-1,0.000025,0.000025,0.269631,0.138138,0.13701,0.455171
TAACATACAATGTGGG-1,0.000021,0.038822,0.419709,0.026898,0.308238,0.206311
TAACATACACGCGATC-1,0.00003,0.00003,0.503355,0.076576,0.057022,0.362988
TAACCGCCCGCAGTGC-1,0.008842,0.667232,0.115356,0.128393,0.04418,0.035998
TAACCTACCGTCCGAG-1,0.000046,0.000046,0.168922,0.060513,0.684651,0.085824
TAACGCTTTGAGAGCG-1,0.00007,0.166088,0.342089,0.201368,0.16646,0.123925
TAACTATCGAAGGTCC-1,0.009691,0.171956,0.516645,0.069125,0.128177,0.104406
TAACTATTACGCCAAA-1,0.000028,0.005806,0.219651,0.0992,0.572899,0.102416
TAACTCATCCGCGCGG-1,0.000038,0.002717,0.120092,0.067236,0.799285,0.010632
TAACTCCATGGAGGCT-1,0.000076,0.499333,0.000229,0.021873,0.478336,0.000153
TAACTGAAATACGCCT-1,0.000021,0.000021,0.160653,0.248956,0.325731,0.264619
TAAGAGGGACAGGGAC-1,0.000093,0.064563,0.084702,0.753212,0.092314,0.005116
TAAGATTTAGCGGGAG-1,0.000676,0.993917,0.002028,0.000676,0.001352,0.001352
TAAGCAGGCGACACGC-1,0.000025,0.063889,0.431197,0.058771,0.292709,0.15341
TAAGCCCTTACGACCA-1,0.000018,0.013875,0.916539,0.000704,0.00967,0.059193
TAAGCGCGAATCAAAT-1,0.000056,0.046282,0.000168,0.883564,0.069818,0.000112
TAAGGAACTTGTGGGA-1,0.000061,0.515316,0.000183,0.091728,0.39259,0.000122
TAAGGCAACATAAGAT-1,0.000019,0.048372,0.811879,0.003591,0.045132,0.091007
TAAGGCATAACATCAA-1,0.00002,0.009019,0.545067,0.098398,0.0374,0.310096
TAAGGCCCGTCACCCT-1,0.182942,0.065361,0.000935,0.435336,0.283567,0.031859
TAAGGCTGAATCCCTC-1,0.000158,0.072934,0.000475,0.9258,0.000317,0.000317
TAAGGGCTGGGAGAGG-1,0.011545,0.03354,0.716402,0.092845,0.032157,0.113511
TAAGTAAATGTGCCGC-1,0.002589,0.050641,0.726083,0.03927,0.031297,0.150119
TAAGTAACATCTTGAC-1,0.000027,0.013534,0.518595,0.016963,0.355971,0.094909
TAAGTCGCCGAGTATC-1,0.000031,0.000031,0.437191,0.16753,0.264861,0.130357
TAAGTGAATAGTCTAC-1,0.015358,0.008886,0.446994,0.128776,0.113925,0.286061
TAATAAACAAGGAGAT-1,0.000018,0.012586,0.834344,0.000995,0.084377,0.067681
TAATACACAGTAGTAT-1,0.000024,0.042027,0.837719,0.000024,0.035321,0.084887
TAATACTAGAACAGAC-1,0.000082,0.000082,0.00483,0.533593,0.447897,0.013516
TAATAGAACAGAGTTA-1,0.007258,0.003912,0.332422,0.060426,0.458265,0.137717
TAATAGCTAAATGATG-1,0.000017,0.000017,0.328395,0.067684,0.230771,0.373117
TAATAGGTCACCAGAA-1,0.000077,0.001955,0.170418,0.743287,0.008641,0.075623
TAATAGTGACGACCAG-1,0.000056,0.032169,0.436448,0.005972,0.331582,0.193772
TAATATTGAAATTCGC-1,0.000051,0.438209,0.029057,0.29327,0.213445,0.025967
TAATCAGGAATGCTGC-1,0.000014,0.084927,0.758808,0.005003,0.063862,0.087385
TAATCGATCCGTACGT-1,0.000051,0.02951,0.268915,0.056789,0.569886,0.074849
TAATGAAAGACCCTTG-1,0.00002,0.1488,0.434749,0.13018,0.04103,0.245221
TAATGTCGGTTCATGG-1,0.000024,0.007985,0.138434,0.115,0.589056,0.1495
TAATTAGATGGATATG-1,0.019981,0.780343,0.051315,0.099181,0.000145,0.049035
TAATTAGGACATCCGT-1,0.014408,0.000199,0.047685,0.749543,0.020426,0.167739
TAATTGCGCTGATTAC-1,0.000028,0.000028,0.175083,0.125568,0.259863,0.43943
TAATTGGAATCGGGAA-1,0.000019,0.043159,0.692733,0.006467,0.177896,0.079725
TAATTTCCGTCCAGTA-1,0.000038,0.016579,0.453892,0.049578,0.394725,0.085188
TACAAATTGCGGAGGT-1,0.000087,0.163225,0.3011,0.260991,0.137006,0.13759
TACAACAGCGCATACA-1,0.000086,0.084549,0.000259,0.800092,0.114841,0.000172
TACAACGCACAACTCA-1,0.000016,0.048536,0.651396,0.007526,0.099486,0.193041
TACAAGGGCTTCTTTA-1,0.011484,0.00016,0.000481,0.83698,0.150573,0.000321
TACAAGTCTCGTGCAT-1,0.000039,0.054164,0.309602,0.083551,0.23179,0.320853
TACACAGCCGTGGTGC-1,0.000042,0.000042,0.049437,0.120558,0.725729,0.104192
TACACCGTCGTTAGTC-1,0.000038,0.000038,0.240953,0.050372,0.501247,0.207353
TACACCTCTTCGAATC-1,0.000111,0.000111,0.000333,0.960511,0.038712,0.000222
TACAGAAACGGTGGGC-1,0.962671,0.001531,0.003341,0.000035,0.032352,0.00007
TACATAGGCATACACC-1,0.000037,0.031211,0.499189,0.013175,0.317272,0.139116
TACATCCCTATCCCTG-1,0.000029,0.042569,0.524732,0.051028,0.154957,0.226686
TACATCTTGTTTCTTG-1,0.000068,0.83635,0.135674,0.000068,0.019025,0.008816
TACATGACCTTATCCG-1,0.029563,0.362799,0.479778,0.055732,0.00891,0.063218
TACATTTCTAACGTGC-1,0.000032,0.032469,0.639827,0.01099,0.114381,0.202301
TACCAGAAGTAGGTTC-1,0.006536,0.00296,0.372253,0.034442,0.238335,0.345473
TACCAGCTAGGTTTAA-1,0.001064,0.001064,0.003192,0.615772,0.052212,0.326695
TACCAGGAATCCCGTC-1,0.000055,0.000256,0.039721,0.488536,0.31856,0.152872
TACCGAATAATTGTAA-1,0.000143,0.063105,0.000428,0.438444,0.497595,0.000285
TACCGCGGACTTGCAG-1,0.000045,0.000045,0.168156,0.057584,0.654481,0.119688
TACCGGCTCACTGCCC-1,0.000035,0.031597,0.24655,0.017461,0.638341,0.066016
TACCGGTCGTTTCCAT-1,0.000041,0.010485,0.377577,0.002529,0.541266,0.068102
TACCGTGCCTCGGACC-1,0.001557,0.000037,0.184847,0.033919,0.283667,0.495973
TACCTACTCCCAGTAT-1,0.000098,0.035351,0.115344,0.613715,0.182144,0.053348
TACCTATCCCTAGAGG-1,0.000023,0.031844,0.717559,0.005593,0.084035,0.160946
TACCTCACGCTTGTAC-1,0.002116,0.581908,0.193964,0.047386,0.000175,0.174451
TACCTCAGTTGTCTGT-1,0.000072,0.027444,0.202773,0.762102,0.001144,0.006466
TACCTCCACACCAATG-1,0.000105,0.106824,0.000315,0.732837,0.159709,0.00021
TACCTGCTGCACTGTG-1,0.00004,0.059852,0.454935,0.029278,0.26995,0.185944
TACCTTAAGATTTCCC-1,0.002574,0.021424,0.222467,0.041705,0.647587,0.064243
TACGAACACGACTTCA-1,0.000043,0.064742,0.372123,0.057109,0.394749,0.111235
TACGACGCTTGCTGCG-1,0.000035,0.000035,0.317431,0.019455,0.586086,0.076957
TACGACTGCCTCTTAG-1,0.00002,0.00002,0.948926,0.00002,0.017614,0.033399
TACGAGAACTTCACGT-1,0.000018,0.047161,0.941355,0.000018,0.000036,0.011413
TACGATCCAAGCCACT-1,0.000013,0.003298,0.959969,0.000013,0.004468,0.03224
TACGATGTTGATCATC-1,0.00006,0.027892,0.190005,0.059218,0.452409,0.270417
TACGCAGTTCTTTCCT-1,0.000034,0.010023,0.732041,0.021008,0.168322,0.068572
TACGCCATATTCTAAT-1,0.000034,0.073787,0.598764,0.000034,0.238308,0.089074
TACGCCGAGGGTACCC-1,0.000021,0.000021,0.712584,0.012318,0.088558,0.186498
TACGCCTCCATTCCGA-1,0.000054,0.000054,0.438828,0.136827,0.050575,0.373662
TACGCTATAGAAACCT-1,0.000017,0.000017,0.311213,0.020517,0.097725,0.570512
TACGCTCCTAGAACTG-1,0.000011,0.000011,0.641712,0.037064,0.140902,0.1803
TACGCTGATAGTTGTA-1,0.000029,0.000029,0.116009,0.122477,0.585771,0.175683
TACGCTGCACGGTCGT-1,0.097224,0.000614,0.001841,0.897866,0.001227,0.001227
TACGCTGCTGTGTTAA-1,0.000032,0.000032,0.364896,0.04645,0.012107,0.576482
TACGGAAGCCAAACCA-1,0.00004,0.00004,0.280238,0.299688,0.373676,0.046318
TACGGGATGCTAGCAG-1,0.009059,0.060936,0.573308,0.057154,0.221243,0.0783
TACGGGTAATAACATA-1,0.000055,0.000055,0.000166,0.478211,0.462827,0.058687
TACGTACTAGTGCTGA-1,0.000099,0.000099,0.334049,0.586382,0.000198,0.079173
TACGTGCAAGGTTCCT-1,0.055118,0.11802,0.071109,0.755405,0.000174,0.000174
TACGTGCACTATGCTG-1,0.000097,0.228415,0.000291,0.160602,0.610402,0.000194
TACGTGGGCCCAGGGC-1,0.000074,0.000074,0.063128,0.711267,0.198176,0.02728
TACGTTTACCGGCAAT-1,0.000042,0.052778,0.430582,0.010078,0.210815,0.295704
TACTACGTGCAATGCG-1,0.00007,0.00007,0.00021,0.406087,0.580093,0.013472
TACTATGGTTCCTCAG-1,0.000026,0.002541,0.758035,0.012445,0.000053,0.226899
TACTCACAACGTAGTA-1,0.001111,0.989995,0.003335,0.001112,0.002223,0.002223
TACTCCTCTAGTTGAC-1,0.000128,0.000128,0.036187,0.801944,0.154063,0.00755
TACTCGGCACGCCGGG-1,0.000034,0.032266,0.461904,0.101136,0.293796,0.110863
TACTCGTTTGAATCAA-1,0.000055,0.000055,0.006354,0.405044,0.517209,0.071283
TACTCTCCGAACAAAT-1,0.000051,0.064689,0.330869,0.044789,0.483145,0.076457
TACTCTTTCGTCTTCA-1,0.000062,0.017527,0.046695,0.237176,0.090247,0.608293
TACTGAACAGATTTAG-1,0.005427,0.012973,0.139378,0.174633,0.091849,0.57574
TACTGAGGGAAGAAAG-1,0.000056,0.03548,0.110916,0.755284,0.072563,0.025701
TACTGCAATCAATTAC-1,0.000035,0.000035,0.479138,0.087903,0.358216,0.074672
TACTGCATGATTAAAT-1,0.000009,0.002198,0.47554,0.082046,0.254344,0.185863
TACTGGACAGCTCGGC-1,0.000032,0.015341,0.6461,0.020483,0.115018,0.203027
TACTTAAACATGTACA-1,0.097224,0.024484,0.00124,0.875399,0.000827,0.000827
TACTTGTTAGTAGTCC-1,0.000038,0.000038,0.570088,0.000953,0.22017,0.208713
TACTTTACTGAGCCGG-1,0.000042,0.000042,0.101767,0.098606,0.742493,0.057049
TACTTTCCGCACGCCA-1,0.000025,0.006515,0.478376,0.004118,0.428109,0.082858
TAGAAACACAATAGTG-1,0.044394,0.729687,0.134424,0.090631,0.000432,0.000432
TAGAAACCACTAAGTA-1,0.000059,0.285151,0.374566,0.011319,0.039236,0.289669
TAGAAAGGTGGCGCTA-1,0.000036,0.031954,0.327018,0.092753,0.477043,0.071197
TAGAAATTCACGTATA-1,0.000016,0.017387,0.734803,0.029992,0.05924,0.158561
TAGAACGCCAGTAACG-1,0.000827,0.810933,0.00248,0.182453,0.001653,0.001653
TAGAATTAAGGGCAAC-1,0.000097,0.087046,0.508204,0.005741,0.000195,0.398718
TAGACGAAACGCCAAT-1,0.043974,0.042719,0.000403,0.218471,0.694164,0.000269
TAGACGCCCGTACCGG-1,0.000034,0.068302,0.430301,0.018286,0.40506,0.078017
TAGACTACCTAGCGTT-1,0.000038,0.000038,0.143499,0.158252,0.13383,0.564343
TAGACTCAGTTGGCCT-1,0.000037,0.00035,0.461852,0.240177,0.077966,0.219619
TAGAGATCATGCAACT-1,0.00002,0.004371,0.710141,0.009199,0.114435,0.161834
TAGAGCTACGAAGAAC-1,0.049966,0.339872,0.021005,0.127893,0.378843,0.082422
TAGAGGGAGTTTATCT-1,0.000022,0.000022,0.757271,0.000214,0.012601,0.229869
TAGAGTCTAAGCGAAC-1,0.000041,0.049698,0.110385,0.1038,0.396277,0.339798
TAGAGTGTTCCGGGTA-1,0.000109,0.037009,0.000327,0.347837,0.6145,0.000218
TAGATATGGACTGGAA-1,0.000038,0.0152,0.274308,0.019761,0.622878,0.067814
TAGATCCGAAGTCGCA-1,0.000518,0.03304,0.565404,0.386831,0.001037,0.01317
TAGATTCAAAGTGCGG-1,0.000026,0.003556,0.205442,0.18336,0.223674,0.383941
TAGATTCCTGGTTATT-1,0.000028,0.070375,0.65264,0.046321,0.069081,0.161555
TAGCAACCTGTCACAA-1,0.00005,0.435732,0.130632,0.202954,0.109575,0.121056
TAGCAGATACTTAGGG-1,0.000111,0.000111,0.000333,0.498485,0.500738,0.000222
TAGCAGTAAATACGCG-1,0.000008,0.007843,0.864879,0.002369,0.081688,0.043213
TAGCAGTATGACTAAA-1,0.048419,0.077409,0.000598,0.872777,0.000399,0.000399
TAGCCAGAGGGTCCGG-1,0.000057,0.999489,0.00017,0.000057,0.000114,0.000114
TAGCCATGATTGCCTA-1,0.000043,0.000043,0.018827,0.271341,0.60312,0.106626
TAGCCATTTCAAAGTC-1,0.000048,0.000048,0.367836,0.247394,0.159571,0.225103
TAGCCGGCGGTCAGCG-1,0.000035,0.000035,0.472791,0.069533,0.391869,0.065737
TAGCGTCCGGTGTGGT-1,0.000123,0.000123,0.001666,0.628259,0.305458,0.064372
TAGCGTCGAATATTGA-1,0.000035,0.07356,0.570396,0.031562,0.140409,0.184039
TAGCGTTGGGTCTTAC-1,0.000032,0.058249,0.876436,0.00003,0.035112,0.030141
TAGCTAAGTCCGGGAG-1,0.000043,0.151153,0.57161,0.01672,0.12621,0.134264
TAGCTAGAAGGCATGA-1,0.000046,0.005304,0.10456,0.03711,0.676725,0.176255
TAGCTAGTGATGATGG-1,0.000072,0.005737,0.247365,0.611306,0.039351,0.096168
TAGCTCAGATCCTAGT-1,0.000016,0.007053,0.792187,0.086806,0.030606,0.083332
TAGCTCGCCTGATAAC-1,0.00002,0.00002,0.442643,0.020833,0.315351,0.221132
TAGCTGATGTGAAGCG-1,0.00003,0.017995,0.427315,0.056814,0.267147,0.2307
TAGGAACAGCCTCCAG-1,0.000078,0.240679,0.234636,0.095534,0.25222,0.176852
TAGGATCTTAACCGCA-1,0.004245,0.000013,0.469149,0.101642,0.141045,0.283906
TAGGCATGTTACGCCA-1,0.000058,0.000058,0.371164,0.016043,0.462843,0.149833
TAGGCGATGAGGTCTC-1,0.00002,0.00002,0.767015,0.002616,0.009117,0.221212
TAGGCGGCTGCAAAGA-1,0.000043,0.003837,0.00013,0.84689,0.132293,0.016807
TAGGCTAAAGTGGCAC-1,0.166974,0.029307,0.000594,0.717691,0.085038,0.000396
TAGGGAGCTTGGGATG-1,0.000044,0.000044,0.206382,0.024797,0.497,0.271733
TAGGGTGTTTCAAGAG-1,0.000042,0.051601,0.457666,0.07491,0.117647,0.298134
TAGGTCCAAGTAAGGA-1,0.000021,0.056923,0.497931,0.013283,0.167279,0.264562
TAGGTCGCCGGAACTG-1,0.000017,0.000017,0.599202,0.032719,0.101936,0.266109
TAGGTGACGATAACCT-1,0.346096,0.040189,0.122132,0.423757,0.057336,0.01049
TAGGTGAGCCCTACTC-1,0.000035,0.049769,0.456604,0.03995,0.122384,0.331258
TAGGTGCTCGCCTAGC-1,0.000054,0.000054,0.256842,0.216804,0.269635,0.25661
TAGGTTCGAGTTCGTC-1,0.000037,0.067552,0.678224,0.00983,0.134747,0.109609
TAGGTTCTGCTGAGAA-1,0.000029,0.016112,0.402419,0.105812,0.125269,0.350359
TAGTACCACAACTTTC-1,0.169403,0.101391,0.005138,0.540863,0.098728,0.084478
TAGTACCTTAGTGGTC-1,0.000037,0.383334,0.461366,0.004473,0.014802,0.135988
TAGTAGCTTATACCAG-1,0.000085,0.046912,0.183871,0.635423,0.011384,0.122324
TAGTAGTTGCCGGACA-1,0.003004,0.000012,0.675298,0.023656,0.092766,0.205265
TAGTCCCGGAGACCAC-1,0.000089,0.114008,0.340519,0.500633,0.000178,0.044574
TAGTCCGCAGAGAATG-1,0.000026,0.011309,0.592166,0.04145,0.118293,0.236756
TAGTCCGTATGCATAA-1,0.000062,0.759101,0.045509,0.190948,0.000123,0.004257
TAGTCCTGCACTAAGC-1,0.000034,0.000034,0.202858,0.090146,0.177044,0.529884
TAGTCGGGATTCTTCG-1,0.02089,0.921586,0.000367,0.056668,0.000245,0.000245
TAGTCTAACAACGAGA-1,0.000026,0.028927,0.463971,0.075521,0.234961,0.196595
TAGTCTGCGGCACATT-1,0.000021,0.000021,0.797826,0.000648,0.072721,0.128763
TAGTCTGTGACGTTGC-1,0.00481,0.000019,0.976016,0.000019,0.014966,0.00417
TAGTGAGAAGTGGTTG-1,0.000827,0.99256,0.00248,0.000827,0.001653,0.001653
TAGTGCCCTCCAGAGT-1,0.000042,0.056079,0.407563,0.021628,0.394158,0.12053
TAGTGCTTGAATCCTT-1,0.000099,0.99911,0.000297,0.000099,0.000198,0.000198
TAGTGGAACTCATACA-1,0.000059,0.350664,0.564344,0.000059,0.025386,0.059487
TAGTGTCAGAAACGGC-1,0.000053,0.311238,0.173461,0.264889,0.167945,0.082415
TAGTTAAGATAGGATA-1,0.000042,0.158339,0.63525,0.026365,0.015424,0.16458
TAGTTTATTCTTGCTT-1,0.000125,0.292439,0.132364,0.006582,0.399497,0.168993
TAGTTTGATCGGTCGC-1,0.008743,0.000016,0.724788,0.039792,0.020261,0.206401
TATAAATCCACAAGCT-1,0.000048,0.248423,0.188461,0.210917,0.175499,0.176652
TATAAGTGAGGATAGC-1,0.000044,0.188623,0.447424,0.169861,0.099047,0.095001
TATACACAGACGCCTT-1,0.00003,0.00003,0.383414,0.057351,0.282224,0.276951
TATACACGCAAAGTAT-1,0.000058,0.553931,0.070337,0.143461,0.149773,0.08244
TATACTCATGCGGCAA-1,0.000062,0.320218,0.028601,0.056302,0.371931,0.222886
TATAGATGGTCGCAGT-1,0.006082,0.00008,0.148907,0.339059,0.04087,0.465002
TATAGCGCACGTTATC-1,0.000023,0.000023,0.731564,0.008754,0.085414,0.174222
TATAGCTATTATCTCT-1,0.000021,0.000021,0.48476,0.014757,0.360369,0.140071
TATAGGGTACTCATGA-1,0.000034,0.040466,0.595878,0.043353,0.098645,0.221624
TATAGTTAGGTGTACT-1,0.000034,0.000034,0.197641,0.094736,0.312004,0.39555
TATATAGGGCTTTACG-1,0.034857,0.032978,0.248627,0.665436,0.000215,0.017886
TATATATCGAGAAATG-1,0.000088,0.000088,0.056701,0.757537,0.100347,0.08524
TATATCAAAGTGATCT-1,0.000022,0.007451,0.55932,0.049673,0.156598,0.226936
TATATCATTGATCAGT-1,0.000037,0.034705,0.316059,0.111906,0.183366,0.353926
TATATCCCTGGGAGGA-1,0.00004,0.00004,0.250294,0.062344,0.452538,0.234744
TATATGCTGGGTTGCC-1,0.00012,0.384195,0.092744,0.00012,0.385787,0.137034
TATATTACAAATGTCG-1,0.00002,0.042119,0.557993,0.032442,0.208611,0.158815
TATATTCGCGTCGATA-1,0.001852,0.645557,0.005557,0.001852,0.341477,0.003705
TATCAAAGGTCTGTAA-1,0.000029,0.068812,0.46928,0.072252,0.256394,0.133234
TATCACAGCACGGGCA-1,0.000397,0.637822,0.17354,0.000397,0.000794,0.18705
TATCACCATGTAAAGT-1,0.00004,0.000889,0.474773,0.078964,0.28066,0.164675
TATCACCCAACCGACC-1,0.000022,0.013249,0.687607,0.002363,0.245975,0.050785
TATCACTTCGAGTAAC-1,0.000034,0.111872,0.356648,0.030668,0.463167,0.03761
TATCAGTGGCGTAGTC-1,0.000028,0.000028,0.637701,0.05976,0.046575,0.255908
TATCCAATTGGTTATC-1,0.020649,0.052814,0.000579,0.472628,0.452944,0.000386
TATCCATATCATGCGA-1,0.004213,0.183652,0.130103,0.108929,0.477716,0.095387
TATCCATCTCGGTTAG-1,0.173487,0.104845,0.102506,0.591411,0.001698,0.026052
TATCCCTCGATCTGCA-1,0.000011,0.000011,0.845086,0.00083,0.003914,0.150148
TATCCGCACCGTCGGG-1,0.000046,0.006548,0.317781,0.572762,0.019149,0.083714
TATCCTATCAACTGGT-1,0.000078,0.000078,0.037565,0.548364,0.389733,0.024182
TATCCTGCATGGGAAT-1,0.000065,0.399183,0.271066,0.000065,0.001231,0.32839
TATCGATCTATGCATA-1,0.000061,0.050754,0.144235,0.017169,0.625585,0.162196
TATCGATGATTAAACG-1,0.000031,0.127519,0.479808,0.024137,0.121505,0.247
TATCTACAGAGGTAAT-1,0.00003,0.043729,0.708611,0.104992,0.079656,0.062983
TATCTACCACAGCGGG-1,0.000044,0.019372,0.380504,0.023497,0.563162,0.013421
TATCTAGCCTAAAGGA-1,0.00002,0.048975,0.570857,0.034229,0.129199,0.216719
TATCTGAGCCGATATT-1,0.000083,0.022431,0.000248,0.976908,0.000165,0.000165
TATCTTGCAATACAAC-1,0.000015,0.000015,0.591335,0.026263,0.00908,0.373292
TATGAAGAATTAAGGT-1,0.119683,0.017008,0.000838,0.755912,0.106,0.000559
TATGAAGACAGGTGCG-1,0.000019,0.135868,0.642674,0.077686,0.038564,0.105189
TATGACCTTGCGCTGG-1,0.00002,0.00002,0.588152,0.048909,0.187572,0.175328
TATGATAAATCTAACG-1,0.002729,0.089466,0.455236,0.224952,0.0465,0.181117
TATGATCCGGCACGCC-1,0.000037,0.000037,0.058982,0.034524,0.8643,0.042119
TATGATTCTGCTTGGT-1,0.000909,0.991816,0.002728,0.000909,0.001819,0.001819
TATGCTCCCTACTTAC-1,0.00002,0.013373,0.981632,0.00002,0.000041,0.004914
TATGGAGTTTCTCGTT-1,0.000885,0.992033,0.002656,0.000885,0.00177,0.00177
TATGGATGTGCTACGC-1,0.000037,0.071486,0.502711,0.045306,0.170742,0.209716
TATGGCCCGGCCTCGC-1,0.000033,0.075102,0.411323,0.095797,0.007814,0.409931
TATGGCTAGGCTAATT-1,0.000043,0.000043,0.336579,0.151513,0.249751,0.262071
TATGGGACCGAGCAGG-1,0.000042,0.016148,0.416137,0.056061,0.353098,0.158514
TATGGGTACGTATCGT-1,0.000045,0.100587,0.605581,0.00199,0.060965,0.230832
TATGGTCTGAGTAACA-1,0.000023,0.029621,0.847476,0.000778,0.032655,0.089448
TATGGTTAGTGGGAGA-1,0.000122,0.000773,0.000365,0.751105,0.226198,0.021438
TATGTAAAGTGCTTAA-1,0.000063,0.019866,0.09255,0.772153,0.090481,0.024887
TATGTAGAAACCCGGC-1,0.010807,0.042505,0.236379,0.676219,0.007884,0.026206
TATGTCAAGACCGACT-1,0.000037,0.006231,0.553573,0.048936,0.277525,0.113698
TATGTCTCATTGTGCC-1,0.000041,0.006386,0.679658,0.01734,0.281169,0.015406
TATTAACACCAAAGCA-1,0.000022,0.000022,0.406899,0.104438,0.150431,0.338189
TATTAACCTGACCGCG-1,0.000052,0.025301,0.264723,0.177038,0.197806,0.335081
TATTACCATCCTGCTT-1,0.000059,0.000059,0.058025,0.094788,0.519473,0.327596
TATTATGTTTGCCTGC-1,0.000052,0.022363,0.437597,0.324547,0.081723,0.133719
TATTCAATTCTAATCC-1,0.000059,0.000059,0.403499,0.02313,0.444663,0.128589
TATTCCACTCAGCTCG-1,0.00004,0.004083,0.398868,0.03632,0.398918,0.16177
TATTCCGGCAGTCCTA-1,0.001334,0.721608,0.27039,0.001334,0.002667,0.002667
TATTCCTCCGCCCACT-1,0.00002,0.00002,0.898977,0.00002,0.076038,0.024926
TATTCGTGCCAGAATA-1,0.000034,0.040986,0.734373,0.007397,0.147965,0.069244
TATTGACATTTCTGCC-1,0.000152,0.021898,0.018834,0.704976,0.14167,0.112471
TATTTAGTCTAGATCG-1,0.00008,0.171233,0.144018,0.028011,0.250341,0.406316
TATTTATACCGAGTAG-1,0.000034,0.034892,0.785925,0.040016,0.027426,0.111706
TATTTGTTACCCTTTA-1,0.000055,0.494906,0.154353,0.006001,0.253005,0.091679
TCAAACAACCGCGTCG-1,0.000023,0.050784,0.604832,0.00478,0.18127,0.15831
TCAAACAATTAGGACA-1,0.000014,0.028786,0.498353,0.053947,0.237061,0.181839
TCAAACTTAGATTGTT-1,0.00004,0.027289,0.4803,0.065241,0.25057,0.17656
TCAAAGAGCTATCTGT-1,0.000022,0.000022,0.462424,0.057528,0.302441,0.177564
TCAAAGTCACGGCGTC-1,0.000022,0.013088,0.377425,0.082614,0.049333,0.477519
TCAAATTGTTGTGCCG-1,0.000097,0.000097,0.00029,0.793803,0.205521,0.000193
TCAACAAAGATAATTC-1,0.000024,0.000024,0.190974,0.113339,0.531619,0.16402
TCAACACATTGGGTAA-1,0.000089,0.593022,0.000266,0.207836,0.15714,0.041647
TCAACATAGCGCCCTA-1,0.000041,0.009207,0.207068,0.338928,0.110347,0.334408
TCAACATCGACCGAGA-1,0.000018,0.016378,0.633584,0.037519,0.117575,0.194927
TCAACCATGTTCGGGC-1,0.000041,0.095004,0.430662,0.003243,0.16601,0.30504
TCAACGAGGAGACAAA-1,0.006596,0.011254,0.523978,0.009105,0.346554,0.102513
TCAACGCAGGAAATAA-1,0.003411,0.001467,0.609693,0.030191,0.290906,0.064333
TCAACGCGACCGGCAG-1,0.000017,0.049388,0.775821,0.024158,0.031134,0.119482
TCAACTAACGTATAAC-1,0.000014,0.035932,0.63114,0.017081,0.038598,0.277236
TCAAGAAATACTAGCT-1,0.000033,0.000033,0.03287,0.159014,0.470081,0.337969
TCAAGCTGCCTTGAAA-1,0.000049,0.000049,0.109878,0.476655,0.301648,0.111721
TCAATACAATTGCTGC-1,0.006774,0.04329,0.428385,0.122861,0.183854,0.214836
TCAATACGCCGTCATG-1,0.302356,0.076778,0.128936,0.38154,0.110169,0.000222
TCAATCCGGGAAGTTT-1,0.005841,0.000132,0.000397,0.993101,0.000265,0.000265
TCACAGATCCTCAAAC-1,0.000063,0.919725,0.000189,0.07977,0.000126,0.000126
TCACAGCAAACTCGAA-1,0.02326,0.000023,0.512581,0.107795,0.186332,0.170009
TCACAGGAGAATAAGA-1,0.000019,0.000019,0.566047,0.063967,0.095826,0.274122
TCACAGGGAATCGCAA-1,0.000023,0.000023,0.581385,0.02404,0.028818,0.36571
TCACAGGTTATTGGGC-1,0.000021,0.055397,0.849935,0.000021,0.00384,0.090787
TCACATCTTATCTGAT-1,0.000023,0.110574,0.888364,0.000023,0.000046,0.000969
TCACCCTCTTAAGATT-1,0.000063,0.011629,0.624389,0.071292,0.157835,0.134791
TCACCGCTCGGCACTC-1,0.000022,0.000022,0.945348,0.000234,0.030216,0.024159
TCACGATGTCCGTGGA-1,0.000035,0.000796,0.45328,0.028201,0.357945,0.159743
TCACGATTAATACGTT-1,0.000806,0.001,0.792505,0.027664,0.095455,0.08257
TCACGCATTGTAGATC-1,0.00005,0.122523,0.540471,0.028414,0.045019,0.263523
TCACGGCCCAAGAGAG-1,0.000016,0.000016,0.672485,0.0565,0.004056,0.266927
TCACGGTCATCGCACA-1,0.000038,0.152327,0.197214,0.078213,0.313075,0.259133
TCACGTGCCCGATTCA-1,0.000028,0.078865,0.743266,0.006115,0.070222,0.101504
TCACTACGACCAATGC-1,0.000029,0.051772,0.755123,0.016267,0.080435,0.096374
TCACTATCCCTTCGGT-1,0.000145,0.160506,0.000436,0.838333,0.00029,0.00029
TCACTATCGTGCAATC-1,0.000841,0.992435,0.002522,0.000841,0.001681,0.001681
TCACTCGTGCAACGGC-1,0.000028,0.032906,0.772615,0.000028,0.115502,0.078921
TCACTCTTCGTCTGTC-1,0.000054,0.633515,0.321276,0.000054,0.008855,0.036245
TCAGAACCTCCACAGG-1,0.000033,0.000033,0.004571,0.07214,0.910748,0.012474
TCAGAACGGCGGTAAT-1,0.000017,0.000017,0.348088,0.105288,0.019714,0.526875
TCAGACGCTATAGAAG-1,0.000026,0.000026,0.610187,0.013806,0.239731,0.136223
TCAGAGCATGTCAACG-1,0.000019,0.001458,0.370455,0.060025,0.451244,0.116798
TCAGAGGACGCGTTAG-1,0.000031,0.000031,0.138917,0.24805,0.273156,0.339815
TCAGATGGAGACGTAG-1,0.000017,0.000058,0.578247,0.012848,0.342229,0.066601
TCAGCAAATGCATCTC-1,0.007048,0.03587,0.867922,0.000028,0.003959,0.085173
TCAGCAGTAGGCCCTG-1,0.000064,0.036573,0.074678,0.604414,0.162342,0.121929
TCAGCGCACGCCGTTT-1,0.002629,0.000029,0.421283,0.100884,0.289985,0.185189
TCAGCTTGAGCTTTCG-1,0.000152,0.000152,0.000455,0.865723,0.133214,0.000304
TCAGGGCGACTTCCTT-1,0.000042,0.102912,0.322325,0.069068,0.137968,0.367685
TCAGGGCGCAAACTCG-1,0.006878,0.089612,0.846049,0.00135,0.000037,0.056073
TCAGGGTGCACGAAAC-1,0.000031,0.077869,0.473949,0.030252,0.111904,0.305995
TCAGGGTGTAACGTAA-1,0.000041,0.05061,0.663637,0.020693,0.049345,0.215674
TCAGGTTCTTTGAGAA-1,0.000041,0.043188,0.464766,0.027946,0.29885,0.165209
TCAGTACTGACCCGCG-1,0.000047,0.061481,0.474597,0.15453,0.108426,0.200919
TCAGTAGGGACTATAA-1,0.000041,0.008582,0.415759,0.021508,0.46615,0.087961
TCAGTGTATACGTCAT-1,0.000053,0.000053,0.254601,0.197831,0.086565,0.460898
TCAGTTACGGAATGAT-1,0.000357,0.339511,0.001072,0.023435,0.000714,0.634911
TCATACTTACAGATCC-1,0.00008,0.283853,0.250075,0.241251,0.135469,0.089272
TCATATGAGCTTTGTT-1,0.042788,0.00994,0.137045,0.809204,0.000512,0.000512
TCATCACTCGAGCTCG-1,0.000071,0.337754,0.420472,0.000071,0.000141,0.241491
TCATCCATCTGATCAC-1,0.000033,0.000033,0.130658,0.141738,0.63008,0.097456
TCATCCCAGAGGGTGG-1,0.00012,0.15258,0.427596,0.403829,0.000239,0.015636
TCATCCTCAGCTGCTT-1,0.225201,0.132357,0.000315,0.636565,0.005351,0.00021
TCATCGACGACCGTCG-1,0.000108,0.012481,0.000324,0.666365,0.320505,0.000216
TCATCGATGGTCCCAA-1,0.000035,0.000035,0.443361,0.06842,0.065117,0.423032
TCATGAAGCGCTGCAT-1,0.057565,0.035423,0.292212,0.07303,0.341235,0.200536
TCATGCAGGTTCTCAT-1,0.000043,0.08012,0.747547,0.03194,0.06344,0.076909
TCATGGAGGCCTTTGT-1,0.000402,0.185197,0.001205,0.811589,0.000803,0.000803
TCATTCGTATAATTTG-1,0.000038,0.036903,0.267588,0.197952,0.396153,0.101366
TCATTTAAGTCTCCGA-1,0.000026,0.000026,0.791317,0.022178,0.05886,0.127595
TCCAACTCAGCTATCT-1,0.026327,0.000123,0.00037,0.000123,0.972809,0.000247
TCCAACTTTAAATTCT-1,0.000025,0.049606,0.658507,0.015945,0.124994,0.150923
TCCAAGCCTAGACACA-1,0.000111,0.019956,0.000334,0.836454,0.142921,0.000223
TCCAATGCGTCGCCGC-1,0.000061,0.014362,0.036128,0.493391,0.378017,0.078041
TCCACAATGGTTTACG-1,0.000037,0.045132,0.471219,0.045691,0.059064,0.378856
TCCACATCGTATATTG-1,0.023433,0.000101,0.000304,0.133142,0.839603,0.003418
TCCACCAAGACATAGG-1,0.018731,0.086306,0.000437,0.746425,0.147811,0.000291
TCCACCTCTAGCCTTT-1,0.000102,0.000102,0.217963,0.658681,0.029151,0.094002
TCCACTTTATCTAGGT-1,0.000055,0.030184,0.626073,0.028554,0.296994,0.018141
TCCAGAGCACCGGTTC-1,0.00003,0.00003,0.668537,0.020822,0.233528,0.077053
TCCAGATGTACGCCAA-1,0.000013,0.000013,0.878425,0.000013,0.070603,0.050933
TCCAGGCAGGACGATC-1,0.000017,0.000017,0.431358,0.053173,0.118465,0.396971
TCCAGGCGAGTACGGT-1,0.000029,0.023034,0.966172,0.000029,0.000059,0.010676
TCCATCAATACTAATC-1,0.000078,0.000078,0.000233,0.919132,0.080325,0.000155
TCCATTAGTTGGATAG-1,0.016891,0.936616,0.000383,0.045599,0.000256,0.000255
TCCATTCCCACTAGAG-1,0.000019,0.000019,0.392494,0.006685,0.494232,0.106552
TCCATTGTGACCTCGT-1,0.000233,0.157982,0.0007,0.095493,0.123002,0.62259
TCCCAAACAGACAACG-1,0.000018,0.010484,0.374907,0.040066,0.492239,0.082287
TCCCAAACATCCTCTA-1,0.000019,0.000996,0.282582,0.134497,0.347038,0.234868
TCCCAAAGACGAAGGA-1,0.000022,0.069253,0.616825,0.042589,0.113274,0.158037
TCCCAATATCGACGAC-1,0.021109,0.012755,0.243065,0.354342,0.027398,0.341331
TCCCACGGAGGGAGCT-1,0.000164,0.220058,0.283915,0.178399,0.289785,0.02768
TCCCACTCTCTTCCGG-1,0.000036,0.000036,0.150279,0.074384,0.541974,0.233291
TCCCAGCTTTAGTCTG-1,0.000051,0.035409,0.410814,0.007614,0.1513,0.394811
TCCCAGGCTTAGCTAA-1,0.000028,0.048509,0.730851,0.038673,0.096509,0.08543
TCCCGCCTATGTGCGT-1,0.000098,0.000098,0.032413,0.592811,0.356499,0.01808
TCCCGCGTACTCCTGG-1,0.005252,0.049253,0.426746,0.00005,0.341406,0.177292
TCCCGGGTGTGCTGCT-1,0.000039,0.058961,0.519606,0.287801,0.079737,0.053857
TCCCGGTCAGGAATTT-1,0.000082,0.999263,0.000246,0.000082,0.000164,0.000164
TCCCGTCAGTCCCGCA-1,0.000033,0.082536,0.705392,0.000033,0.09381,0.118196
TCCCGTCGCGTCATAG-1,0.000045,0.011391,0.357537,0.318957,0.217202,0.094868
TCCCGTGTGCAATTTG-1,0.000025,0.000025,0.775409,0.000025,0.082916,0.1416
TCCCTAGATCAATAGG-1,0.000017,0.000017,0.763574,0.000106,0.074763,0.161523
TCCCTGGCGTATTAAC-1,0.000058,0.000058,0.220194,0.566075,0.043479,0.170135
TCCCTGGCTCGCTGGA-1,0.000026,0.031216,0.905831,0.000026,0.005904,0.056996
TCCCTTAGATTACTCG-1,0.000038,0.03631,0.842368,0.001138,0.056705,0.063441
TCCGAACTTGGCTTAC-1,0.004463,0.035302,0.839336,0.025728,0.002523,0.092648
TCCGAAGTAGTCACCA-1,0.010414,0.018773,0.752724,0.016678,0.102984,0.098427
TCCGAATGGTCCTGAG-1,0.000041,0.000041,0.166943,0.077649,0.47693,0.278397
TCCGACCGCTAATCAA-1,0.004217,0.000013,0.702781,0.025567,0.049272,0.21815
TCCGAGAAGGCTAAGC-1,0.000059,0.999468,0.000177,0.000059,0.000118,0.000118
TCCGATAATTGCCATA-1,0.000048,0.074315,0.224994,0.186441,0.214331,0.299871
TCCGATGACTGAGCTC-1,0.000036,0.016236,0.724577,0.018505,0.15885,0.081795
TCCGATGGTGCGACAT-1,0.000029,0.087015,0.70181,0.000029,0.106261,0.104857
TCCGATTACATTGCCG-1,0.000036,0.043629,0.526641,0.018527,0.158035,0.253131
TCCGCAGCCACCTAGC-1,0.000091,0.880769,0.000274,0.1185,0.000183,0.000183
TCCGCCTGTCTACAAG-1,0.036484,0.000164,0.000491,0.544139,0.418394,0.000327
TCCGCGGCAGCATCTG-1,0.000035,0.022825,0.464921,0.009122,0.4327,0.070398
TCCGCTGGGTCGATCG-1,0.000016,0.000016,0.947843,0.000016,0.002571,0.049537
TCCGCTGTCATCCCGG-1,0.000023,0.000023,0.922925,0.000023,0.000046,0.076961
TCCGCTTATCCCATTA-1,0.000036,0.000036,0.315938,0.035114,0.271874,0.377002
TCCGGAGGAAGGGCTG-1,0.003373,0.032537,0.653916,0.012527,0.077421,0.220226
TCCGGCCTAGCGTACA-1,0.000044,0.005514,0.551423,0.052801,0.32091,0.069309
TCCGGCCTGCATCGAT-1,0.000057,0.133484,0.545438,0.17184,0.016146,0.133036
TCCGGGCCACTAACGG-1,0.000045,0.000045,0.000135,0.440014,0.36249,0.197271
TCCGGGCTTGACGGGA-1,0.196838,0.000212,0.000636,0.596391,0.205499,0.000424
TCCGGTTCGTCCGGTC-1,0.000041,0.000041,0.281839,0.068372,0.59403,0.055677
TCCGTAACCACAATCC-1,0.000031,0.255853,0.575082,0.050925,0.025676,0.092434
TCCGTTTAGCCTTGAA-1,0.000049,0.003293,0.386618,0.03183,0.555279,0.022931
TCCTAAAGATTCAGAC-1,0.000107,0.000107,0.00032,0.74194,0.2548,0.002727
TCCTAAATTGGGAAGC-1,0.000085,0.0209,0.000256,0.67895,0.299639,0.00017
TCCTAACCGTCGGGCA-1,0.006976,0.010496,0.333916,0.522108,0.000144,0.126361
TCCTACATCCACGGCC-1,0.000057,0.000057,0.129955,0.103678,0.198434,0.567819
TCCTAGCAAAGAAGCT-1,0.003589,0.001389,0.907323,0.000266,0.01304,0.074392
TCCTCCTAAGACATTC-1,0.000024,0.000024,0.44478,0.05428,0.403929,0.096962
TCCTCGGGCTGGGCTT-1,0.000049,0.000049,0.39432,0.070418,0.455632,0.079531
TCCTCTACGAGATGGC-1,0.000029,0.162979,0.645872,0.016165,0.051308,0.123647
TCCTCTCCAGTTGTCC-1,0.004218,0.151568,0.775663,0.048738,0.000039,0.019775
TCCTCTGGCCCATTAG-1,0.000036,0.17818,0.760949,0.002994,0.008232,0.049611
TCCTGCAGCCGCCAAT-1,0.000007,0.000007,0.683299,0.018336,0.043919,0.254432
TCCTGCCAACTGGAGA-1,0.000045,0.044439,0.384409,0.030916,0.091113,0.449077
TCCTGCGTTGATACTC-1,0.00004,0.082261,0.343381,0.118919,0.35765,0.097749
TCCTGGCGCTGCCTGG-1,0.000046,0.007988,0.409291,0.04581,0.425714,0.11115
TCCTTCAATCCCTACG-1,0.000029,0.011956,0.638324,0.080692,0.11402,0.15498
TCCTTCAGTGGTCGAA-1,0.000072,0.096186,0.203509,0.191114,0.263929,0.24519
TCCTTGTCCTTTAATT-1,0.000119,0.000119,0.000357,0.251952,0.674229,0.073224
TCCTTTCTTACGCTTA-1,0.015872,0.03024,0.520716,0.044596,0.173019,0.215557
TCGAAATTTAGGACCA-1,0.000027,0.026204,0.519719,0.056824,0.093985,0.303241
TCGAATATCCCGCAGG-1,0.000062,0.000062,0.414671,0.367018,0.041916,0.176271
TCGAATCGCAGGGTAG-1,0.017364,0.000017,0.345773,0.098067,0.324005,0.214773
TCGACAACTGAACCCG-1,0.000027,0.000027,0.218469,0.129058,0.040073,0.612346
TCGACATAGCGTAGCG-1,0.000027,0.000027,0.602748,0.089086,0.150029,0.158083
TCGAGACCAACACCGT-1,0.000024,0.01004,0.664276,0.024961,0.100235,0.200465
TCGAGCCAGGCAGGCC-1,0.004877,0.000031,0.563874,0.013912,0.036486,0.380821
TCGAGTCTACGATTCG-1,0.000037,0.000037,0.240625,0.13681,0.027162,0.59533
TCGATAGGCTAGTCGC-1,0.00007,0.871572,0.114685,0.00007,0.00014,0.013462
TCGATGTTACGGCCGT-1,0.000022,0.000022,0.150896,0.118207,0.601633,0.12922
TCGATTTACGAAACGA-1,0.005976,0.002368,0.554005,0.096362,0.128722,0.212568
TCGCAAAGATGCATTT-1,0.000031,0.014668,0.279682,0.075634,0.431027,0.198959
TCGCACCAGGAGGCAG-1,0.000073,0.000073,0.110689,0.116085,0.704745,0.068335
TCGCACTAACGTTTGT-1,0.025776,0.875603,0.013638,0.000085,0.00017,0.084728
TCGCATCCCTAAGTGT-1,0.000114,0.633394,0.000341,0.038379,0.327544,0.000228
TCGCATTCAATGACTT-1,0.000065,0.858974,0.099391,0.000065,0.00013,0.041374
TCGCCACCCGGATTAC-1,0.000017,0.000017,0.734089,0.035334,0.08547,0.145073
TCGCCCAACTGACTCC-1,0.000017,0.025109,0.958656,0.000017,0.000033,0.016169
TCGCCCACTGCGAGAG-1,0.000025,0.060821,0.547537,0.238035,0.06629,0.087291
TCGCCGAAGTTGCGTC-1,0.000044,0.02866,0.308876,0.048292,0.536633,0.077495
TCGCCGACATATTCGC-1,0.032876,0.072639,0.000356,0.411587,0.482305,0.000237
TCGCCGCACCGCGTGA-1,0.000026,0.000026,0.469353,0.021938,0.314612,0.194045
TCGCCGGATGGGCAAG-1,0.000031,0.075959,0.306649,0.191645,0.247892,0.177825
TCGCCGGTCGATCCGT-1,0.000036,0.092743,0.516038,0.056806,0.197391,0.136986
TCGCCTCCTTCGGCTC-1,0.000033,0.011723,0.222295,0.17838,0.128473,0.459097
TCGCCTCGACCTGTTG-1,0.0004,0.996399,0.0012,0.0004,0.0008,0.0008
TCGCGCGTTTACATGA-1,0.000027,0.002173,0.273304,0.133941,0.071804,0.518752
TCGCGTCCAGAAGGTC-1,0.000032,0.041578,0.476575,0.199196,0.105317,0.177303
TCGCTAAACCGCTATC-1,0.003329,0.065564,0.629359,0.031564,0.208972,0.061212
TCGCTACTGGCTTTGA-1,0.077798,0.000178,0.000534,0.764226,0.156908,0.000356
TCGCTCGATATATTCC-1,0.000073,0.121503,0.336273,0.024056,0.455572,0.062524
TCGCTCGGCACCAGCG-1,0.000021,0.000021,0.837055,0.000021,0.113461,0.049422
TCGCTGCCAATGCTGT-1,0.00013,0.00013,0.00039,0.411933,0.587157,0.00026
TCGCTGGGCGGATTGT-1,0.000069,0.042791,0.529252,0.054343,0.23262,0.140925
TCGCTGTGCGTAAATC-1,0.000077,0.400436,0.000231,0.145732,0.436036,0.017488
TCGCTTAATTACGAAG-1,0.000024,0.006463,0.440022,0.027741,0.416959,0.108791
TCGCTTTAAACGTTTG-1,0.000021,0.012813,0.937522,0.000021,0.017263,0.032358
TCGGAATGACCATCAA-1,0.000166,0.345008,0.000498,0.000356,0.000332,0.653638
TCGGAATGCGCTCTGA-1,0.004871,0.116685,0.605028,0.033561,0.104825,0.13503
TCGGACGCCCAGCCCA-1,0.000042,0.060605,0.755167,0.002868,0.120197,0.061121
TCGGAGAGTATCGGGA-1,0.000022,0.017835,0.461286,0.028993,0.368887,0.122978
TCGGAGTACATGAGTA-1,0.000592,0.035899,0.710917,0.005167,0.082762,0.164663
TCGGAGTCCTGGTTGC-1,0.000018,0.001103,0.660361,0.088009,0.14025,0.110258
TCGGATCTGGATGACC-1,0.000033,0.111599,0.33075,0.029373,0.006684,0.521562
TCGGCGGTATTAGATT-1,0.00001,0.00001,0.429944,0.008657,0.484592,0.076787
TCGGCGTACTGCACAA-1,0.00003,0.00003,0.162279,0.095422,0.666918,0.075322
TCGGCTAACTTCCCTT-1,0.000284,0.456541,0.321386,0.127602,0.002748,0.091438
TCGGGAACGTGCCTAG-1,0.000021,0.008626,0.429849,0.066329,0.278889,0.216286
TCGGGAGACAGCGTAC-1,0.000199,0.05454,0.104616,0.729741,0.084062,0.026842
TCGGGATTCAAACATA-1,0.000015,0.052642,0.844257,0.007474,0.036867,0.058745
TCGGGCACTTCTGGAT-1,0.00021,0.366774,0.631967,0.00021,0.000419,0.000419
TCGGGCCGTCGTGGTA-1,0.000039,0.000039,0.589391,0.020445,0.090361,0.299725
TCGGGTGAAACTGCTA-1,0.000078,0.678228,0.000233,0.028631,0.292675,0.000155
TCGGTCCCGACAATAG-1,0.000031,0.000031,0.328846,0.259303,0.146922,0.264866
TCGGTCCCTGACTCCA-1,0.000098,0.074853,0.330581,0.380496,0.037617,0.176355
TCGGTGACCGCTCCGG-1,0.000031,0.061593,0.523718,0.024233,0.252713,0.137713
TCGGTTAGCCATGTAG-1,0.000031,0.066511,0.590149,0.051581,0.061568,0.23016
TCGTAAGACGACATTG-1,0.000023,0.00956,0.990303,0.000023,0.000046,0.000046
TCGTAAGCTCCGAGGA-1,0.000031,0.009304,0.609064,0.036187,0.258612,0.086802
TCGTACCGACGTCAAG-1,0.001686,0.044724,0.006185,0.877821,0.045601,0.023982
TCGTATAGTGCAATTA-1,0.000251,0.576647,0.014993,0.039614,0.201729,0.166765
TCGTATCACCAAGCTA-1,0.000014,0.005529,0.958546,0.000329,0.004897,0.030686
TCGTATTACCCATTGC-1,0.000026,0.001264,0.94149,0.000026,0.029441,0.027752
TCGTATTTCGTCCGGA-1,0.000162,0.249089,0.048667,0.028692,0.449776,0.223614
TCGTCAAGTACGCGCA-1,0.000017,0.000017,0.834449,0.001838,0.006036,0.157642
TCGTCACACTGTTAGC-1,0.000025,0.066517,0.683522,0.031251,0.059813,0.158871
TCGTCCGCTGGCGTCT-1,0.000058,0.183439,0.174548,0.084275,0.488501,0.069179
TCGTCCGGGTACACTC-1,0.000017,0.03553,0.577165,0.076911,0.206372,0.104005
TCGTCTTAGGCGTTAA-1,0.000167,0.022862,0.061832,0.823472,0.091334,0.000333
TCGTGTACTATGGATG-1,0.000402,0.000402,0.47781,0.000402,0.520181,0.000803
TCGTGTCACGCTGACA-1,0.000081,0.026978,0.488195,0.058628,0.361147,0.064971
TCGTTAGGAGTCCCTA-1,0.000033,0.000033,0.320108,0.124053,0.373795,0.181977
TCGTTCGTTATTATGT-1,0.000524,0.139971,0.856887,0.000524,0.001047,0.001047
TCGTTGACAGGGTCCC-1,0.005586,0.024682,0.546614,0.028299,0.075687,0.319132
TCGTTGCTATCCGGTC-1,0.00003,0.00003,0.671451,0.001102,0.194205,0.133183
TCGTTGGCTCGTCAAT-1,0.000098,0.788972,0.181611,0.000098,0.023801,0.00542
TCGTTTACGCGACCCT-1,0.000156,0.000156,0.000467,0.927575,0.071336,0.000311
TCTAAAGAACAGTCTC-1,0.000023,0.000023,0.110742,0.118517,0.398418,0.372278
TCTAACCTAGCCTGCG-1,0.036689,0.14758,0.000765,0.627822,0.186634,0.00051
TCTAACTGTATGTAAA-1,0.003077,0.166115,0.447436,0.053538,0.072249,0.257585
TCTAATACTGCCTCAG-1,0.000053,0.000053,0.414282,0.307397,0.058711,0.219505
TCTACACGTTCATGCA-1,0.000037,0.074371,0.552603,0.050639,0.110136,0.212215
TCTACCCGCATCATTT-1,0.000307,0.055246,0.000921,0.855677,0.087236,0.000614
TCTACCGTCCACAAGC-1,0.00004,0.070537,0.710023,0.031337,0.110122,0.07794
TCTACGCACGATCTCC-1,0.000022,0.000022,0.655648,0.020919,0.168239,0.155149
TCTACGGGCTCAGTTG-1,0.000011,0.000011,0.946304,0.000011,0.045736,0.007926
TCTAGCAATCTCCGCC-1,0.00003,0.00003,0.461142,0.010294,0.40549,0.123014
TCTAGCATCTTCGATG-1,0.000074,0.204886,0.102383,0.148725,0.510805,0.033126
TCTAGCATGCCCAGAA-1,0.000019,0.000019,0.682683,0.027064,0.144952,0.145263
TCTAGGTGGCGACGCT-1,0.000024,0.011085,0.797928,0.000226,0.132492,0.058245
TCTAGTGATATCGTGG-1,0.000191,0.039658,0.000574,0.957253,0.000383,0.001942
TCTAGTTATCAGAAGA-1,0.000038,0.052665,0.513378,0.045882,0.290373,0.097663
TCTATAGGTGGGTAAT-1,0.031018,0.000575,0.001725,0.358673,0.60686,0.00115
TCTATCATGCAGTTAC-1,0.000076,0.306371,0.068785,0.206549,0.338201,0.080018
TCTATCCGATTGCACA-1,0.000037,0.000037,0.349742,0.139983,0.067245,0.442957
TCTATCGGTCGCAACA-1,0.000027,0.03647,0.814783,0.000027,0.060447,0.088246
TCTATGCTATAACGAC-1,0.25914,0.000122,0.000365,0.349608,0.390521,0.000244
TCTATTACGCTGGCGA-1,0.000085,0.861025,0.003579,0.134095,0.000171,0.001046
TCTATTACTAGAGGAT-1,0.000022,0.030944,0.822273,0.002414,0.025914,0.118433
TCTCAAATCAATCGGG-1,0.000072,0.000072,0.000215,0.744569,0.25493,0.000143
TCTCATGAGATAGGGT-1,0.000121,0.0591,0.04094,0.666218,0.233377,0.000243
TCTCCAACGTAGGTTA-1,0.000045,0.023527,0.424576,0.057375,0.417016,0.077462
TCTCCCTGGGCAGCGT-1,0.00016,0.00016,0.000479,0.440558,0.558325,0.000319
TCTCGAACGAGGTCAC-1,0.000046,0.037596,0.35364,0.070769,0.431298,0.106651
TCTCGGCTCCAGGACT-1,0.000102,0.904648,0.000306,0.094535,0.000204,0.000204
TCTCGTGTTACGAGGA-1,0.000039,0.014145,0.359591,0.070207,0.457294,0.098724
TCTCTAATAGCTGGTA-1,0.000028,0.067603,0.743694,0.020544,0.061982,0.106149
TCTCTTACCGCGAACC-1,0.000087,0.000087,0.008928,0.599736,0.357009,0.034152
TCTGAACCGGTCGGCT-1,0.000065,0.190099,0.050559,0.243365,0.494254,0.021658
TCTGAACTCGTACCCG-1,0.022117,0.122242,0.000437,0.854621,0.000292,0.000292
TCTGAATTCCGTACAA-1,0.000025,0.009418,0.522279,0.051773,0.180253,0.236252
TCTGACGGGCTAACCC-1,0.000028,0.000028,0.198261,0.074294,0.47858,0.248809
TCTGACTGTAATGGTT-1,0.000308,0.99723,0.000923,0.000308,0.000616,0.000616
TCTGATCGGGTGCTAG-1,0.000124,0.000124,0.039325,0.772928,0.169619,0.01788
TCTGATGTATTCTGTC-1,0.000126,0.000126,0.000377,0.677182,0.321939,0.000251
TCTGATTGGAAATGGA-1,0.000132,0.036522,0.089935,0.845023,0.000265,0.028124
TCTGCACCATTAGTAA-1,0.000021,0.000021,0.501538,0.067118,0.081819,0.349483
TCTGCAGATTCGAGTC-1,0.000031,0.106333,0.311575,0.031603,0.185826,0.364632
TCTGCCAGAAACTGCA-1,0.000031,0.000031,0.312035,0.010396,0.52861,0.148898
TCTGCGAATCGTTCGC-1,0.000013,0.000013,0.781096,0.00202,0.1481,0.068757
TCTGCGTCCGGTTTCT-1,0.00006,0.413133,0.559363,0.00006,0.000121,0.027262
TCTGGCCGTTCAAGTT-1,0.000163,0.000163,0.194249,0.804772,0.000326,0.000326
TCTGGCGCAAGCCGGG-1,0.000022,0.215796,0.466734,0.023576,0.116464,0.177408
TCTGGGAACCTTTGAA-1,0.000032,0.000032,0.251261,0.087265,0.25459,0.40682
TCTGGGTAGCGCTCAT-1,0.000024,0.016284,0.974411,0.000024,0.000886,0.008371
TCTGTCATACAAGAGC-1,0.016865,0.982563,0.000215,0.000071,0.000143,0.000143
TCTGTGACTGACCGTT-1,0.00115,0.989652,0.003449,0.00115,0.0023,0.002299
TCTGTGATGGAGGTTG-1,0.000019,0.023606,0.763614,0.009425,0.087235,0.1161
TCTGTGCCATCATAGT-1,0.000061,0.000061,0.318679,0.050776,0.393426,0.236996
TCTGTGGCTACATTTC-1,0.000265,0.758321,0.218879,0.021473,0.000531,0.000531
TCTGTTACCCAGCATA-1,0.000033,0.018514,0.36059,0.020814,0.50502,0.095029
TCTGTTTAGATTGTTC-1,0.000043,0.000043,0.108363,0.169087,0.613926,0.108538
TCTTAACTCGGATGTA-1,0.000075,0.712439,0.267469,0.000075,0.000151,0.019791
TCTTACAGAGGTACCG-1,0.176226,0.239566,0.231343,0.034122,0.189857,0.128886
TCTTACCGGAACTCGT-1,0.000044,0.039319,0.526309,0.023147,0.319836,0.091344
TCTTACGGCATCCGAC-1,0.000036,0.095248,0.341139,0.04154,0.315241,0.206797
TCTTACTTATGCCTCT-1,0.000159,0.000159,0.000476,0.930038,0.068852,0.000317
TCTTAGAGCTCCAATT-1,0.000139,0.000139,0.192712,0.647924,0.103762,0.055323
TCTTAGAGTGAACTCT-1,0.000142,0.000142,0.047076,0.720591,0.231763,0.000285
TCTTCCCATGGGCACA-1,0.000042,0.000042,0.358545,0.101718,0.35784,0.181813
TCTTCGAATAGACGTT-1,0.000042,0.014591,0.545012,0.045219,0.351629,0.043507
TCTTCGATACCAATAA-1,0.00002,0.022968,0.899902,0.000094,0.011673,0.065342
TCTTGATGCGTAGCGA-1,0.00003,0.032146,0.794643,0.009022,0.06584,0.09832
TCTTGCTCCCGATACT-1,0.00009,0.030087,0.156299,0.369575,0.356191,0.087758
TCTTGGTAACACCAAA-1,0.000027,0.035486,0.591938,0.006839,0.237364,0.128346
TCTTGGTCAATGATAC-1,0.00002,0.00002,0.383926,0.099575,0.319831,0.196628
TCTTTAAGACTATGAA-1,0.000043,0.000043,0.348717,0.162909,0.389943,0.098346
TCTTTAGCAGGCGAAC-1,0.0001,0.0001,0.031593,0.536574,0.405797,0.025834
TCTTTCATCCGTCCTT-1,0.000079,0.000079,0.262793,0.338734,0.073661,0.324653
TCTTTCGGCGGGACAC-1,0.000562,0.994942,0.001686,0.000562,0.001124,0.001124
TCTTTCTCTTAAGGAG-1,0.000177,0.170051,0.14385,0.3877,0.013807,0.284416
TGAAACTTATGCAAGC-1,0.000109,0.129021,0.870325,0.000109,0.000218,0.000218
TGAAAGGACCTGACTC-1,0.000027,0.000027,0.398819,0.057344,0.489595,0.054188
TGAACAAGCAGGGACT-1,0.000063,0.073857,0.000188,0.651647,0.256101,0.018144
TGAACCTGAATGTGAG-1,0.000017,0.003617,0.711857,0.06392,0.166148,0.054441
TGAACTGCTATGACTT-1,0.000037,0.057191,0.430741,0.07855,0.174054,0.259427
TGAAGAGCGGTCCTAG-1,0.00006,0.787322,0.020612,0.120455,0.016274,0.055278
TGAAGTAGCTTACGGA-1,0.000095,0.416477,0.000285,0.235856,0.270845,0.076442
TGAATACCGACGCGTA-1,0.000056,0.018052,0.107324,0.645327,0.191681,0.03756
TGAATATGCTATAAAC-1,0.001288,0.010031,0.752429,0.01033,0.076859,0.149063
TGAATGAGATACAGCA-1,0.000009,0.000009,0.764649,0.004812,0.154474,0.076047
TGAATGAGTGTTTCCC-1,0.000141,0.034501,0.000422,0.762377,0.196411,0.006148
TGAATTTCACTTGCCT-1,0.000029,0.017109,0.39453,0.035986,0.349938,0.202408
TGACAACTTAAAGGTG-1,0.000011,0.000011,0.276694,0.122937,0.43285,0.167498
TGACACTTCTCTTTGC-1,0.000041,0.034217,0.430598,0.019262,0.274095,0.241787
TGACAGAAATCTTGCT-1,0.000013,0.000013,0.500734,0.088241,0.173482,0.237516
TGACAGGACAAGTCCA-1,0.00002,0.00002,0.707861,0.055717,0.053693,0.18269
TGACATATATGACGAT-1,0.000023,0.041064,0.797058,0.054789,0.045689,0.061377
TGACATCGAGCGGACC-1,0.000024,0.000024,0.595263,0.015193,0.200815,0.18868
TGACATGTAACGTGAC-1,0.000086,0.01098,0.001011,0.306768,0.674618,0.006538
TGACCAAATCTTAAAC-1,0.000108,0.000108,0.000324,0.533627,0.465617,0.000216
TGACCAGCTTCAAAGT-1,0.000023,0.119406,0.767532,0.003368,0.040007,0.069664
TGACCCACGTTAGACA-1,0.000029,0.029223,0.875107,0.000029,0.010597,0.085017
TGACCCAGCATTCCCG-1,0.000018,0.050117,0.800094,0.035645,0.026812,0.087314
TGACGAATATTTCCCT-1,0.000028,0.012328,0.54534,0.02026,0.272842,0.149202
TGACGATGCACTAGAA-1,0.000017,0.003606,0.741805,0.037923,0.034442,0.182208
TGACTATAATCCTTTC-1,0.000038,0.000038,0.360137,0.022933,0.534095,0.08276
TGACTCCGAATCATAC-1,0.14866,0.08664,0.016761,0.575582,0.00909,0.163267
TGAGAATGCTTTACCG-1,0.000075,0.210741,0.01261,0.210789,0.434298,0.131487
TGAGACGTACCTCTCA-1,0.000024,0.004416,0.861745,0.048071,0.017592,0.068152
TGAGAGATTTACCACG-1,0.000057,0.019833,0.432809,0.085206,0.384996,0.0771
TGAGATCAAATACTCA-1,0.000214,0.362092,0.636623,0.000214,0.000428,0.000428
TGAGATTAGGCCCTAA-1,0.000052,0.024224,0.137768,0.055883,0.707656,0.074417
TGAGCAGTCGTGAAGT-1,0.000111,0.999004,0.000332,0.000111,0.000221,0.000221
TGAGCCATACAGTCTC-1,0.000032,0.031704,0.669498,0.001801,0.21491,0.082055
TGAGCGGAAAGTGTTC-1,0.000059,0.000059,0.373839,0.358002,0.116427,0.151615
TGAGCTTTAATGACGC-1,0.003547,0.018527,0.977518,0.00002,0.00004,0.000349
TGAGGCATGTACTGTG-1,0.000046,0.000046,0.17269,0.162202,0.115064,0.549952
TGAGGTGTGTGGCGGA-1,0.000028,0.000028,0.438722,0.14386,0.183138,0.234223
TGAGTAAATTAGCGTA-1,0.000034,0.008368,0.396903,0.013894,0.495308,0.085493
TGAGTGCCTCTTAAAT-1,0.000022,0.003118,0.843243,0.007258,0.076242,0.070118
TGAGTGGTCCGTGACG-1,0.000019,0.000019,0.99918,0.000019,0.000723,0.000039
TGAGTGTAACAACGGG-1,0.000055,0.047576,0.000166,0.884932,0.067159,0.000111
TGATACATTTAGCCGT-1,0.000035,0.000035,0.442361,0.027303,0.068534,0.461731
TGATAGCGGGATTCTA-1,0.002277,0.058628,0.795692,0.063673,0.014026,0.065705
TGATCACCACACTGAC-1,0.000063,0.000063,0.000189,0.16556,0.764918,0.069207
TGATCAGGGAACTGCT-1,0.000031,0.036682,0.460338,0.031942,0.263168,0.20784
TGATCCCAGCATTAGT-1,0.000042,0.000042,0.260185,0.052598,0.653407,0.033726
TGATCGGTTTGACCCT-1,0.000051,0.108288,0.513377,0.07784,0.133581,0.166862
TGATCTACGCTGATCT-1,0.000033,0.023168,0.843634,0.012103,0.079829,0.041232
TGATCTATCACACTCT-1,0.006571,0.031518,0.000553,0.586687,0.374303,0.000368
TGATCTCCGGCGCCAG-1,0.000041,0.070949,0.4369,0.006981,0.2457,0.239429
TGATGCTCACGTAGTC-1,0.000009,0.000009,0.971014,0.000009,0.018788,0.01017
TGATGGCTGTTTCTGA-1,0.039101,0.032815,0.147673,0.09072,0.571315,0.118375
TGATGGGACTAAGTCA-1,0.000575,0.994826,0.001725,0.000575,0.00115,0.00115
TGATTATGGCACGCAG-1,0.000026,0.000026,0.717633,0.06341,0.102878,0.116026
TGATTCAGGTCCCGCG-1,0.000028,0.000028,0.455898,0.077579,0.279312,0.187155
TGATTCGTCTATCACT-1,0.000051,0.031557,0.405622,0.077198,0.051789,0.433784
TGATTCTGTCGCCGGT-1,0.000041,0.006546,0.420525,0.021751,0.479233,0.071904
TGATTTATTAGCTGTG-1,0.000043,0.023875,0.45264,0.000043,0.108097,0.415301
TGATTTCCTCCTGACG-1,0.000057,0.750572,0.227779,0.011303,0.000115,0.010174
TGCAAACGTACTAGTT-1,0.000007,0.000587,0.603439,0.026356,0.132273,0.237338
TGCAAAGTTCGTCTGT-1,0.000017,0.000017,0.411545,0.094807,0.037538,0.456077
TGCAACTACTGGTTGA-1,0.03496,0.050745,0.000272,0.898655,0.015188,0.000181
TGCAAGAATGACGTAA-1,0.016202,0.038381,0.236567,0.025859,0.378186,0.304806
TGCAATCTAACACGGT-1,0.398569,0.010026,0.000277,0.423348,0.167596,0.000185
TGCAATTTGGGCACGG-1,0.000033,0.02771,0.548071,0.021487,0.21432,0.188379
TGCACAGTGAAGTTAT-1,0.000054,0.049807,0.264467,0.04589,0.282531,0.35725
TGCACGAGTCGGCAGC-1,0.000841,0.445276,0.137867,0.000841,0.001681,0.413495
TGCACTATGTGAGTGC-1,0.000081,0.542899,0.079712,0.089574,0.082481,0.205253
TGCAGAACTATATCGT-1,0.000013,0.043012,0.92008,0.000013,0.001893,0.034989
TGCAGAGTACCGAGCA-1,0.000015,0.011647,0.969539,0.000015,0.000668,0.018115
TGCAGATCGTCCTAGG-1,0.000013,0.028886,0.964354,0.000013,0.000027,0.006706
TGCAGCTACGTACTTC-1,0.00003,0.05946,0.565927,0.075632,0.115007,0.183944
TGCAGGATCGGCAAAG-1,0.00261,0.016265,0.951991,0.000016,0.00491,0.024207
TGCAGTGAGGCTCGGG-1,0.00001,0.00001,0.991897,0.00001,0.003827,0.004245
TGCAGTGGTAGGGAAC-1,0.005015,0.002205,0.555172,0.098593,0.020043,0.318971
TGCAGTTTCCTCCCAT-1,0.018741,0.000059,0.472708,0.359122,0.078348,0.071022
TGCATATGTCTGTCAC-1,0.000039,0.000039,0.615715,0.053592,0.272217,0.058397
TGCATCTCCGGATCTT-1,0.000022,0.016792,0.402828,0.077382,0.436214,0.066761
TGCATGGATCGGATCT-1,0.000047,0.140042,0.440943,0.0182,0.325569,0.075199
TGCATGGCAGTCTTGC-1,0.000024,0.025123,0.544031,0.031324,0.066289,0.333209
TGCATGTGACCCATAG-1,0.012709,0.003718,0.151647,0.358662,0.411596,0.061667
TGCATGTGGTAATCTA-1,0.000042,0.056551,0.40208,0.02832,0.293718,0.219288
TGCCAAAGTCAGACTT-1,0.000013,0.014393,0.963074,0.000013,0.014578,0.007929
TGCCAATGGGTACTCT-1,0.001652,0.00003,0.465235,0.021955,0.227554,0.283573
TGCCACACTAGAGGAA-1,0.000026,0.021419,0.365114,0.075995,0.395696,0.14175
TGCCACCTGGCGAAAC-1,0.000029,0.047799,0.64777,0.054527,0.12263,0.127245
TGCCAGTACGTGGAGA-1,0.000036,0.015694,0.324625,0.100438,0.347259,0.211946
TGCCATGGCTTATAAG-1,0.000021,0.068118,0.884109,0.012802,0.010145,0.024806
TGCCATTACTAAAGAA-1,0.003224,0.032623,0.372563,0.105744,0.477384,0.008462
TGCCCGATAGTTAGAA-1,0.00002,0.00002,0.39069,0.185937,0.050862,0.37247
TGCCCGTACCGTTAAA-1,0.000024,0.007801,0.605493,0.012071,0.189152,0.18546
TGCCGAAAGCGTATTC-1,0.000085,0.000085,0.042384,0.616674,0.316357,0.024415
TGCCGGATGTACGAGC-1,0.000108,0.020483,0.153297,0.685754,0.051914,0.088445
TGCCGTGGATCGTCCT-1,0.000087,0.021357,0.229077,0.388432,0.289543,0.071504
TGCCGTGGGACCCAAT-1,0.000019,0.000019,0.288242,0.210095,0.155077,0.346549
TGCCGTTCTTAATCGG-1,0.000086,0.000086,0.070848,0.423745,0.367233,0.138002
TGCCTGACATCGGTCA-1,0.000066,0.936977,0.000199,0.012219,0.012622,0.037917
TGCCTGATCAAACGAT-1,0.000017,0.019264,0.872521,0.005339,0.034932,0.067927
TGCCTTGGCCAGGCAA-1,0.000093,0.007073,0.007799,0.659173,0.312326,0.013537
TGCGAATATGGGATTT-1,0.000026,0.000026,0.733461,0.002458,0.171773,0.092256
TGCGACACCCTAGTGC-1,0.000038,0.019189,0.253263,0.009817,0.619678,0.098014
TGCGACGGCCGAACGT-1,0.0048,0.023,0.25271,0.678154,0.000131,0.041205
TGCGAGAAACGTTACG-1,0.000253,0.62977,0.368711,0.000253,0.000506,0.000506
TGCGAGAATATTACCC-1,0.000019,0.005401,0.667941,0.010561,0.262782,0.053297
TGCGAGATGGCGGCCA-1,0.000024,0.012538,0.438818,0.033747,0.335603,0.179269
TGCGAGCCCTTCCGCG-1,0.000041,0.040446,0.729571,0.02373,0.15806,0.048152
TGCGATGCTAATGGCT-1,0.000042,0.204452,0.663766,0.062312,0.000084,0.069345
TGCGCAAAGCATTTGG-1,0.002436,0.01588,0.836363,0.025487,0.039376,0.080458
TGCGCGATTAACGGAG-1,0.000041,0.050068,0.241323,0.038251,0.144072,0.526246
TGCGGACTTGACTCCG-1,0.000074,0.02405,0.155406,0.265131,0.479247,0.076092
TGCGGAGTAAAGGTGC-1,0.000015,0.027478,0.970451,0.000015,0.00003,0.002011
TGCGGCATAGTTCAAC-1,0.000039,0.378328,0.621439,0.000039,0.000078,0.000078
TGCGGGTATTGGGATC-1,0.000192,0.216797,0.363653,0.26949,0.062372,0.087498
TGCGGTCTACGAGTAA-1,0.000016,0.08073,0.717113,0.029215,0.04281,0.130117
TGCGGTGAAATTTCAT-1,0.000115,0.352841,0.646466,0.000115,0.000231,0.000231
TGCGTAAGAACCTGAT-1,0.000035,0.02742,0.4044,0.041426,0.484643,0.042076
TGCGTCATGACTGAGC-1,0.000016,0.000016,0.841021,0.000458,0.025654,0.132835
TGCGTGATTGGGTGTC-1,0.000076,0.99932,0.000227,0.000076,0.000151,0.000151
TGCGTTTGTTGACACT-1,0.000059,0.000059,0.40464,0.047729,0.259574,0.287939
TGCTATACAAACGGAC-1,0.000166,0.23831,0.661214,0.000166,0.000333,0.09981
TGCTATGGCAAAGGGA-1,0.000022,0.015939,0.418097,0.089173,0.128047,0.348722
TGCTCAAAGGATGCAC-1,0.000006,0.001759,0.873765,0.001785,0.054095,0.068589
TGCTCACACAACAACC-1,0.00001,0.026885,0.892035,0.008451,0.029492,0.043128
TGCTCCACAGTTCTTA-1,0.000156,0.000156,0.000467,0.591436,0.388632,0.019154
TGCTCGGCGAAACCCA-1,0.000055,0.000055,0.021567,0.364876,0.114423,0.499024
TGCTCGGTGGGTCACC-1,0.000132,0.245258,0.000396,0.368946,0.385004,0.000264
TGCTCTGCCGGTTCAC-1,0.000044,0.090255,0.245041,0.282795,0.152969,0.228896
TGCTCTTGAGAGTTTG-1,0.000186,0.000186,0.000557,0.645434,0.353267,0.000371
TGCTGCGTCAGAGTTA-1,0.000019,0.048436,0.345002,0.046159,0.441884,0.1185
TGCTGGTTGGACAATT-1,0.000074,0.304148,0.070836,0.494178,0.077816,0.052949
TGCTGTTGAAGAACTC-1,0.00003,0.025958,0.449749,0.040394,0.399421,0.084448
TGCTTAGAGAGAATGC-1,0.154693,0.049456,0.300026,0.410632,0.000188,0.085005
TGCTTCCCAAGCAGTA-1,0.220871,0.006121,0.003371,0.526723,0.217507,0.025406
TGCTTGAAACCATGCA-1,0.029175,0.93398,0.036496,0.00007,0.00014,0.00014
TGGAAACGGAGTGAAC-1,0.000148,0.755097,0.244012,0.000148,0.000297,0.000297
TGGAACCACTGACACA-1,0.000026,0.01425,0.190645,0.030646,0.627017,0.137416
TGGAAGAAGGGAACGT-1,0.00003,0.095826,0.457091,0.090959,0.163185,0.19291
TGGAAGACGAACACCA-1,0.01145,0.316591,0.022471,0.316379,0.175142,0.157967
TGGAAGGATAAAGATG-1,0.000022,0.059769,0.730556,0.003552,0.148108,0.057994
TGGAATATCCTTGACC-1,0.002895,0.028354,0.455701,0.001116,0.400224,0.111711
TGGAATTAGACGCTTT-1,0.000028,0.176007,0.363249,0.094764,0.088388,0.277565
TGGACACCGTTGCTTG-1,0.00104,0.579514,0.051955,0.049164,0.299661,0.018666
TGGACCAATCTAAGAT-1,0.200178,0.000083,0.048983,0.708804,0.005507,0.036446
TGGACCACGGCGTTGA-1,0.000075,0.999321,0.000226,0.000075,0.000151,0.000151
TGGACGCAATCCAGCC-1,0.000044,0.003009,0.268073,0.410912,0.14389,0.174072
TGGACGTAGGCGAATC-1,0.000086,0.999222,0.000259,0.000086,0.000173,0.000173
TGGACTGTTCGCTCAA-1,0.000034,0.004104,0.710836,0.013154,0.212331,0.059541
TGGAGAATAATCGTCC-1,0.000008,0.000008,0.565411,0.026403,0.046247,0.361923
TGGAGCTAAAGTTCCC-1,0.000503,0.472856,0.001508,0.000503,0.386541,0.13809
TGGAGGGAAACACCTC-1,0.00002,0.00002,0.207638,0.055346,0.66456,0.072416
TGGAGTGATGCGATGA-1,0.021979,0.18476,0.621241,0.018731,0.062096,0.091193
TGGATAGAGTAACAGA-1,0.000058,0.999475,0.000175,0.000058,0.000117,0.000117
TGGATGGCATCTTGGA-1,0.000018,0.000018,0.316843,0.121109,0.287036,0.274977
TGGCAAACTAAATTAC-1,0.000041,0.000041,0.308371,0.20784,0.241146,0.242562
TGGCAACTCGCGCGCC-1,0.000034,0.055864,0.686038,0.0073,0.109219,0.141545
TGGCAAGCACAAGTCG-1,0.021715,0.045371,0.000306,0.552612,0.376445,0.003551
TGGCACGAGCTCGAGT-1,0.000027,0.068503,0.492445,0.021474,0.235548,0.182003
TGGCAGATTACGATCA-1,0.000032,0.044631,0.593571,0.001957,0.306534,0.053274
TGGCAGCAGTAATAGT-1,0.000017,0.000017,0.998811,0.000017,0.001104,0.000034
TGGCATGAAGTTTGGG-1,0.000033,0.000033,0.423823,0.077577,0.02261,0.475924
TGGCCAAACTGAAGTA-1,0.000045,0.027612,0.540599,0.054377,0.274332,0.103035
TGGCCAATTTGGTACT-1,0.000042,0.000042,0.175362,0.133223,0.416472,0.274858
TGGCCGTATATTGACC-1,0.000022,0.096482,0.812628,0.000022,0.006804,0.084042
TGGCGACTGCTCCAAA-1,0.000026,0.000026,0.471475,0.02339,0.225257,0.279826
TGGCGATCAAGTTATG-1,0.000027,0.000027,0.676721,0.045975,0.116121,0.16113
TGGCGGTGTGCGATTG-1,0.000128,0.728384,0.06937,0.110296,0.070691,0.021131
TGGCTACACTCTACCT-1,0.28018,0.097378,0.067211,0.529844,0.024815,0.000572
TGGCTATGTGACATAC-1,0.999583,0.000046,0.000139,0.000046,0.000093,0.000093
TGGCTCTTGTCGCGTA-1,0.000035,0.033833,0.533009,0.027807,0.274213,0.131103
TGGCTTATGTATAATG-1,0.000014,0.000014,0.866657,0.00155,0.000028,0.131737
TGGCTTGTACAAGCTT-1,0.00002,0.013644,0.467848,0.019723,0.348948,0.149817
TGGCTTTGGGTAGACA-1,0.00005,0.182559,0.207111,0.072874,0.250489,0.286918
TGGGAAATGCCTTTCC-1,0.000033,0.395793,0.214841,0.080429,0.128794,0.18011
TGGGACCATTGGGAGT-1,0.000827,0.550312,0.00248,0.000827,0.001653,0.443901
TGGGATGCACTCATTC-1,0.000045,0.025888,0.531084,0.042194,0.257816,0.142973
TGGGCACAAACAGAAC-1,0.000039,0.993581,0.006185,0.000039,0.000078,0.000078
TGGGCACGTTCTATGG-1,0.000076,0.082028,0.30066,0.229367,0.275562,0.112307
TGGGCCACAAGAGCGC-1,0.001308,0.007257,0.944457,0.000018,0.003309,0.043651
TGGGCCCATACTAATT-1,0.000073,0.056566,0.265629,0.335018,0.266555,0.076159
TGGGCCTTGCCTGCAT-1,0.000122,0.921957,0.000366,0.031493,0.045817,0.000244
TGGGCGATACAATAAG-1,0.000062,0.000062,0.000185,0.571654,0.413004,0.015034
TGGGTAAGGTTCCCGC-1,0.000051,0.103321,0.633973,0.094548,0.013096,0.155012
TGGGTGCACAAGCCAT-1,0.000097,0.000097,0.000292,0.583829,0.415489,0.000195
TGGGTGGGATGTCATT-1,0.000027,0.090521,0.776786,0.003212,0.06234,0.067113
TGGGTGTTAAGTAGAA-1,0.000023,0.000023,0.475079,0.076035,0.135356,0.313484
TGGGTTCCCGGACGGA-1,0.00004,0.59197,0.113527,0.015714,0.202596,0.076153
TGGGTTTCGGGCGTAC-1,0.004183,0.001942,0.783079,0.067794,0.021048,0.121954
TGGTAAGCAGGATTGA-1,0.000017,0.021841,0.933062,0.002035,0.002384,0.040661
TGGTATCGCATCCCAA-1,0.001163,0.533475,0.003489,0.45722,0.002326,0.002326
TGGTATCGGTCTGTAT-1,0.00101,0.990906,0.003031,0.00101,0.002021,0.002021
TGGTCCCACGCTACGG-1,0.000094,0.000094,0.000282,0.277805,0.702953,0.018771
TGGTCGATATACCTCT-1,0.001569,0.008921,0.381849,0.088198,0.287446,0.232018
TGGTCGGGTACAGGGC-1,0.000018,0.002479,0.634166,0.045295,0.19895,0.119092
TGGTCGTGCAAGGCAA-1,0.000018,0.007015,0.700554,0.059727,0.19342,0.039266
TGGTCGTTTGATAGAT-1,0.000021,0.043889,0.577095,0.043026,0.124245,0.211724
TGGTCTAGCTTACATG-1,0.000077,0.165648,0.14275,0.182037,0.001395,0.508093
TGGTCTGTTGGGCGTA-1,0.000044,0.055818,0.480301,0.005114,0.353035,0.105687
TGGTGATCGTATTTGT-1,0.000042,0.185896,0.388658,0.072762,0.253355,0.099287
TGGTGCCCTGCCTTAC-1,0.000025,0.000025,0.448272,0.077073,0.176691,0.297915
TGGTTAACTTACATTT-1,0.000138,0.032471,0.104557,0.853752,0.00328,0.005803
TGGTTAAGGGCGCTGG-1,0.000033,0.000033,0.153596,0.030726,0.690018,0.125596
TGGTTATGCTTGCGGT-1,0.000032,0.069094,0.433533,0.280046,0.049277,0.168017
TGGTTCAACGGGTAAT-1,0.000023,0.007105,0.452235,0.044339,0.063169,0.433128
TGGTTCGTAGCAAAGG-1,0.000028,0.176293,0.671617,0.009931,0.058488,0.083643
TGGTTGGAGGATCCTG-1,0.000025,0.161499,0.810888,0.000025,0.001287,0.026275
TGGTTTAAACGTGGGT-1,0.000022,0.000022,0.306253,0.028871,0.581964,0.082868
TGTAACTTGTCAACCT-1,0.002174,0.980429,0.006524,0.002175,0.004349,0.004349
TGTAAGACTGATAAGA-1,0.000306,0.00146,0.434026,0.152855,0.03752,0.373834
TGTAATGACCACAATA-1,0.000026,0.049406,0.538672,0.025487,0.236731,0.149677
TGTAATGCCTTCGGAC-1,0.000022,0.056255,0.666333,0.042609,0.084032,0.15075
TGTACCCGACCCTAAT-1,0.000028,0.000028,0.452936,0.191683,0.014775,0.340551
TGTACGAACAAATCCG-1,0.000014,0.030446,0.855942,0.010547,0.013882,0.089168
TGTACGCTATCAGCTT-1,0.000034,0.110757,0.700402,0.048758,0.01934,0.120709
TGTACTACTCTCACGG-1,0.004004,0.008524,0.306609,0.124837,0.484115,0.07191
TGTACTATCGCTCGTT-1,0.000024,0.002232,0.353342,0.052786,0.114916,0.4767
TGTACTGTGCCAAAGT-1,0.000079,0.599708,0.394381,0.000079,0.000158,0.005595
TGTAGCCAATTCCGTT-1,0.000086,0.000086,0.000259,0.305342,0.690636,0.00359
TGTAGGAGAAATTTCC-1,0.000049,0.055007,0.204513,0.149467,0.498513,0.092451
TGTAGTGATCTATAAT-1,0.000055,0.088741,0.127435,0.051952,0.552417,0.1794
TGTATAACAGATCCTG-1,0.000047,0.02957,0.519957,0.033885,0.29839,0.118152
TGTATACGGATGATGA-1,0.000027,0.012647,0.143727,0.057774,0.352809,0.433016
TGTATCAGACTGAAGC-1,0.00002,0.018263,0.883628,0.006876,0.028324,0.06289
TGTATCCTTATTCCAT-1,0.000051,0.258728,0.545336,0.000051,0.000102,0.195731
TGTATGGCGCAGACAG-1,0.000062,0.062901,0.295284,0.181348,0.221289,0.239116
TGTATTTACCTAATGC-1,0.000064,0.020188,0.236728,0.099478,0.293762,0.349779
TGTCATTTGTTGGGAA-1,0.013995,0.000799,0.829115,0.000104,0.130152,0.025834
TGTCCACGGCTCAACT-1,0.116941,0.086523,0.000737,0.698867,0.09644,0.000492
TGTCCCGACATAGCAC-1,0.000129,0.511918,0.019545,0.026056,0.442095,0.000257
TGTCCGCAAACAATTC-1,0.000018,0.000018,0.273527,0.082077,0.283765,0.360596
TGTCCGTGGCGCCTTT-1,0.000032,0.079916,0.506701,0.087604,0.105932,0.219815
TGTCCTAAGTCACCGC-1,0.000038,0.265564,0.563977,0.000038,0.059767,0.110615
TGTCGGCATGGTGGAA-1,0.00007,0.917861,0.000211,0.081577,0.000141,0.000141
TGTCGTGGGTATAGGC-1,0.032491,0.015748,0.839067,0.021724,0.007206,0.083763
TGTCGTTATCACATAT-1,0.094493,0.043456,0.044304,0.713543,0.000237,0.103968
TGTCTACAGTTTCTGT-1,0.000093,0.690692,0.000279,0.088865,0.219884,0.000186
TGTGACTACGCCAGTC-1,0.000036,0.028808,0.765875,0.000036,0.163112,0.042133
TGTGAGACTAGCCCAA-1,0.000095,0.10487,0.024245,0.391475,0.335117,0.144199
TGTGATTCCAGCGCTT-1,0.000035,0.401318,0.407498,0.005678,0.059867,0.125604
TGTGCCAGAGGCAAAG-1,0.000012,0.000012,0.545273,0.082396,0.05572,0.316586
TGTGCTTTACGTAAGA-1,0.000036,0.046888,0.363686,0.100625,0.307412,0.181352
TGTGGAGGAAGCTTAA-1,0.000298,0.544447,0.103216,0.206211,0.000595,0.145233
TGTGGCAAAGCGTATG-1,0.000031,0.022997,0.295086,0.029199,0.559354,0.093333
TGTGGCGGGCTTCTGG-1,0.324406,0.041465,0.014955,0.373549,0.245423,0.000201
TGTGGTTGCTAAAGCT-1,0.015381,0.011494,0.237044,0.717053,0.000167,0.018861
TGTGTCGAAGTCGAGG-1,0.000031,0.000031,0.226341,0.09253,0.481003,0.200064
TGTGTCGCGAGTTGCA-1,0.000054,0.122981,0.358161,0.033638,0.376607,0.10856
TGTGTGACCATGAATC-1,0.000037,0.000037,0.1378,0.107433,0.647485,0.107208
TGTGTTCGTATCCAAG-1,0.000027,0.022446,0.671759,0.016159,0.116512,0.173097
TGTTATTGTATGTGGC-1,0.005984,0.00005,0.458152,0.041326,0.168478,0.32601
TGTTCATAAATGTGCT-1,0.000019,0.08259,0.420887,0.269794,0.024425,0.202283
TGTTCCGCTTCCATGA-1,0.000047,0.000047,0.594381,0.115908,0.246258,0.04336
TGTTCCGGCCTGAGCT-1,0.030262,0.000083,0.000249,0.035525,0.901263,0.032619
TGTTCGTATTGCGGTG-1,0.000031,0.004572,0.637878,0.015423,0.206467,0.13563
TGTTCTCTACTCCCTA-1,0.000016,0.000016,0.587178,0.006992,0.374548,0.03125
TGTTCTTCCATTGACT-1,0.000052,0.048034,0.560203,0.010917,0.078039,0.302755
TGTTGATCACTGTTTA-1,0.000022,0.007821,0.438352,0.023529,0.432393,0.097883
TGTTGTCAAGAAGTCT-1,0.000055,0.016686,0.341328,0.03957,0.427712,0.174649
TGTTTAATACTTCATC-1,0.000117,0.299904,0.326005,0.258815,0.090467,0.024693
TGTTTCGGTACTTCTC-1,0.000093,0.142049,0.258282,0.199856,0.186524,0.213198
TGTTTCTGAAGCGTGC-1,0.000149,0.054632,0.020717,0.71335,0.210855,0.000297
TTAAACAGAGTCCCGC-1,0.000034,0.893555,0.106241,0.000034,0.000068,0.000068
TTAAACCGGTAGCGAC-1,0.000061,0.602146,0.006092,0.18843,0.17831,0.024961
TTAAACCTGGTTCCTT-1,0.000015,0.096222,0.717686,0.167254,0.000363,0.018461
TTAAACTCGAATTCAT-1,0.000032,0.001741,0.393884,0.022861,0.40212,0.179361
TTAAAGGCGATGCTCG-1,0.000012,0.000012,0.732741,0.013844,0.123034,0.130358
TTAACACCTCGAACAT-1,0.000027,0.082446,0.350894,0.165268,0.068155,0.33321
TTAACCAACCCTCCCT-1,0.000045,0.196725,0.150451,0.239096,0.070166,0.343518
TTAACGAACAAGCAGT-1,0.000016,0.000016,0.75642,0.032793,0.128993,0.081762
TTAACGTCGCAAGACC-1,0.000081,0.750666,0.035536,0.145401,0.060906,0.007411
TTAACGTTAAAGCCTG-1,0.00002,0.038047,0.497938,0.081602,0.229133,0.15326
TTAACTCACGCGTGGA-1,0.000036,0.27353,0.204567,0.129143,0.179211,0.213514
TTAACTTCAGGTAGGA-1,0.000033,0.005263,0.485693,0.044636,0.332335,0.132041
TTAAGACGAACGAACC-1,0.005817,0.017817,0.541934,0.17433,0.021477,0.238625
TTAAGATACCCAGAGA-1,0.000018,0.000018,0.270577,0.194686,0.337564,0.197137
TTAAGATAGGATTGAC-1,0.000204,0.073582,0.000612,0.924785,0.000408,0.000408
TTAAGCCGACAACTTC-1,0.000031,0.061172,0.872577,0.010889,0.000062,0.055269
TTAAGCGCCTGACCCA-1,0.003295,0.044958,0.603257,0.0369,0.10007,0.21152
TTAAGGATACGGAGGT-1,0.000044,0.285266,0.714467,0.000044,0.000089,0.000089
TTAAGGCCCGTACTTT-1,0.000088,0.098617,0.106629,0.789232,0.005253,0.000181
TTAAGTATTGTTATCC-1,0.116671,0.000209,0.000628,0.825209,0.056865,0.000419
TTAATCAGTACGTCAG-1,0.00005,0.048479,0.418765,0.107676,0.176911,0.24812
TTAATGCGAGGTAACT-1,0.000105,0.704473,0.215188,0.000113,0.075555,0.004566
TTAATGTAGACCAGGT-1,0.00004,0.014868,0.691552,0.011552,0.101286,0.180702
TTAATGTGTTTGCAGG-1,0.000088,0.999208,0.000264,0.000088,0.000176,0.000176
TTAATTGCTTTGGGTG-1,0.116733,0.000183,0.000548,0.728506,0.09338,0.060651
TTAATTTCAGACGCGG-1,0.006749,0.056822,0.353346,0.118401,0.214811,0.249871
TTACAACTACGCATCC-1,0.000053,0.104779,0.337772,0.09537,0.252163,0.209864
TTACAGACCTAAATGA-1,0.000036,0.087496,0.321686,0.007148,0.580106,0.003527
TTACATCGTGGCCTGG-1,0.000078,0.307434,0.037328,0.055036,0.568915,0.031208
TTACATGCCACAACTA-1,0.000096,0.032024,0.000289,0.909962,0.010906,0.046722
TTACCATTGATTACCC-1,0.000054,0.056052,0.458711,0.09142,0.249448,0.144314
TTACCCATTGCCGGGT-1,0.00003,0.006166,0.802692,0.071852,0.054312,0.064946
TTACCCTAACAGTCCT-1,0.000052,0.212196,0.270198,0.22498,0.136908,0.155666
TTACCGCCTTAGGGAA-1,0.011804,0.883532,0.065485,0.000062,0.034282,0.004835
TTACGGATGGTTCGAG-1,0.00003,0.00003,0.63127,0.006542,0.225833,0.136295
TTACGGTGTCACCGAG-1,0.272107,0.325598,0.347879,0.000075,0.034697,0.019645
TTACGTAGCGCGTGCT-1,0.000018,0.033455,0.668192,0.01314,0.055363,0.229832
TTACTAAAGGACTTTA-1,0.000041,0.005245,0.136495,0.054971,0.576824,0.226424
TTACTATCGGCTTCTC-1,0.006442,0.065306,0.411118,0.036281,0.385657,0.095195
TTACTCCGGCCGGGAA-1,0.000039,0.028615,0.436542,0.008859,0.485584,0.040361
TTACTCTGGTACGTAC-1,0.000019,0.004493,0.969136,0.000019,0.007056,0.019277
TTACTGGGATATTTCA-1,0.000028,0.000028,0.681348,0.004593,0.23472,0.079285
TTACTGTCTAGAGCTC-1,0.009503,0.000044,0.090803,0.015788,0.869185,0.014678
TTACTGTTTCTCTACG-1,0.000281,0.522287,0.000843,0.223844,0.252183,0.000562
TTAGAAGAACATGACT-1,0.00002,0.00002,0.265335,0.091753,0.189097,0.453775
TTAGAATAAGGGTCGG-1,0.000059,0.000059,0.103922,0.638001,0.07261,0.185349
TTAGACACGATCGTTG-1,0.000038,0.030884,0.515777,0.018661,0.172326,0.262314
TTAGACGAGTCACCTC-1,0.000032,0.000032,0.625874,0.012857,0.023247,0.337958
TTAGAGGGATATACAG-1,0.000017,0.000017,0.628254,0.031048,0.185101,0.155563
TTAGAGTATTGTCGAG-1,0.000015,0.000015,0.758845,0.007783,0.064451,0.168892
TTAGAGTTTAGAAGGA-1,0.000039,0.000039,0.62409,0.034596,0.017034,0.324202
TTAGATAGGTCGATAC-1,0.000054,0.953846,0.045829,0.000054,0.000108,0.000108
TTAGCAACATGGATGT-1,0.000098,0.258648,0.000294,0.380411,0.336616,0.023933
TTAGCATCCCTCACGT-1,0.000013,0.03649,0.949959,0.000013,0.001345,0.012179
TTAGCCATAGGGCTCG-1,0.000021,0.003578,0.690822,0.054146,0.136604,0.11483
TTAGCGAATAGATAGG-1,0.000364,0.002489,0.464885,0.072191,0.056823,0.403247
TTAGCTAATACGATCT-1,0.011248,0.100503,0.659966,0.003538,0.19848,0.026267
TTAGCTCTGTAATCCG-1,0.000016,0.006005,0.881798,0.002017,0.011681,0.098482
TTAGCTGATTTGCCGT-1,0.000024,0.000024,0.894396,0.000355,0.067058,0.038142
TTAGGTCATAACCGAC-1,0.000038,0.000038,0.436208,0.112629,0.025715,0.425372
TTAGTAAACCTGCTCT-1,0.273054,0.000243,0.000728,0.718112,0.007377,0.000486
TTAGTAGGGCGGCGGG-1,0.000033,0.045052,0.722748,0.000033,0.039428,0.192705
TTAGTTATTCGTGGCA-1,0.000196,0.000196,0.000587,0.529798,0.468832,0.000392
TTAGTTCAAGTGTTCG-1,0.000036,0.000036,0.565526,0.007509,0.354573,0.072321
TTATAGATGCACATTA-1,0.001299,0.988308,0.003897,0.001299,0.002598,0.002598
TTATAGGTAATTGTCT-1,0.056081,0.041842,0.000668,0.900518,0.000446,0.000446
TTATAGTCCAAGGTGC-1,0.000027,0.096374,0.431598,0.058839,0.237241,0.175921
TTATATACGCTGTCAC-1,0.000052,0.020471,0.302935,0.000052,0.624157,0.052332
TTATATTTGGCAATCC-1,0.000043,0.034355,0.663442,0.008025,0.161637,0.132497
TTATCCAATCGAACTC-1,0.000054,0.999514,0.000162,0.000054,0.000108,0.000108
TTATCCGGGATCTATA-1,0.000193,0.029339,0.000578,0.462337,0.507168,0.000385
TTATCCTCAAGGAATA-1,0.002639,0.005599,0.40656,0.091401,0.250124,0.243675
TTATCGCCTGCGAAGC-1,0.000047,0.076783,0.080994,0.259952,0.213922,0.368303
TTATCTGACATTAGGA-1,0.000051,0.000051,0.12693,0.005524,0.821599,0.045845
TTATCTGTATCATAAC-1,0.000032,0.033712,0.838888,0.021041,0.051041,0.055286
TTATGAATGAAAGGGA-1,0.000027,0.002167,0.39628,0.06615,0.492201,0.043176
TTATGACAAACTGGAT-1,0.000056,0.121107,0.100701,0.122755,0.44109,0.214291
TTATGATCTTAACGAA-1,0.00003,0.073095,0.422323,0.007785,0.325788,0.170979
TTATGCGTCCCGGTCC-1,0.000104,0.940277,0.056838,0.000104,0.000208,0.002469
TTATGTTTGCGATAGA-1,0.000039,0.145745,0.310242,0.128982,0.165495,0.249497
TTATTAGAGCGTGTTC-1,0.000055,0.000055,0.265691,0.104203,0.532904,0.097091
TTATTAGGGAAGCATC-1,0.000087,0.452633,0.167373,0.270389,0.105641,0.003878
TTCAAAGTCTCTAGCC-1,0.000029,0.015727,0.793017,0.011701,0.140929,0.038597
TTCAACGACCCGACCG-1,0.000066,0.153351,0.02612,0.381753,0.363435,0.075276
TTCAAGCCGAGCTGAG-1,0.000105,0.130119,0.301439,0.191158,0.260572,0.116608
TTCAATACTCTGAATC-1,0.000023,0.000023,0.828883,0.016038,0.054631,0.100402
TTCAATTAGCCATAAT-1,0.000216,0.209119,0.671988,0.002797,0.115449,0.000431
TTCACGAAAGGATCAC-1,0.00002,0.054545,0.753305,0.006234,0.08296,0.102935
TTCACGGTCGTCACGT-1,0.003359,0.000026,0.53487,0.039489,0.015256,0.407001
TTCACTCGAGCACCTA-1,0.000114,0.035919,0.002855,0.401761,0.551593,0.007758
TTCACTTCCTAGAACG-1,0.000108,0.040115,0.000325,0.519803,0.439431,0.000217
TTCAGAGTAACCTGAC-1,0.00007,0.999373,0.000209,0.00007,0.000139,0.000139
TTCAGCCCTGGTCCAC-1,0.000042,0.000042,0.385221,0.085686,0.048613,0.480396
TTCAGGCGTCAAAGCC-1,0.000021,0.038758,0.473589,0.212537,0.12705,0.148046
TTCAGTTCAAGAGGAG-1,0.000011,0.000011,0.882624,0.003559,0.029498,0.084298
TTCAGTTTGTGGCAGC-1,0.000027,0.035501,0.555867,0.176969,0.104983,0.126654
TTCATAGCCTTGTAAC-1,0.000123,0.775029,0.000369,0.081002,0.14323,0.000246
TTCATAGGGTGTCCAT-1,0.06612,0.554142,0.027745,0.152122,0.052529,0.147341
TTCATGGCGCAACAGG-1,0.000032,0.026301,0.469219,0.067663,0.095462,0.341322
TTCCAATCAGAGCTAG-1,0.002616,0.000035,0.700025,0.000035,0.247342,0.049946
TTCCAATCTGGCTATC-1,0.000071,0.000071,0.051259,0.101354,0.8306,0.016644
TTCCACACAGATTTGA-1,0.000038,0.000038,0.491332,0.041066,0.372474,0.095052
TTCCACATTTCTCGTC-1,0.0001,0.621797,0.258711,0.050047,0.002997,0.066348
TTCCAGACGAGATTTA-1,0.051593,0.065751,0.064046,0.656647,0.13382,0.028143
TTCCAGTGGGTTTCGT-1,0.000025,0.000025,0.262824,0.0897,0.282728,0.364698
TTCCATCATGCGGTGA-1,0.000037,0.003543,0.824599,0.000037,0.089932,0.081852
TTCCCAAAGTACTGAT-1,0.000175,0.08062,0.000525,0.917981,0.00035,0.00035
TTCCCGACGCTTCACT-1,0.000036,0.108055,0.476344,0.050823,0.024014,0.340728
TTCCCGGCGCCAATAG-1,0.000024,0.008394,0.36244,0.064914,0.544928,0.0193
TTCCGCAGAGAAATAT-1,0.000017,0.000017,0.956868,0.000017,0.040013,0.003068
TTCCGCGTGAGGCGAT-1,0.000035,0.000035,0.577477,0.013358,0.277043,0.132053
TTCCGGCCTTGAGGCT-1,0.000032,0.000032,0.508716,0.057121,0.204919,0.229181
TTCCGGCTCGACTTCT-1,0.000026,0.002473,0.805604,0.026967,0.094152,0.070777
TTCCGGTTACCCACTT-1,0.000051,0.000051,0.563833,0.085,0.062338,0.288727
TTCCTCGAGGGTGTCT-1,0.00008,0.109638,0.200167,0.31444,0.258109,0.117567
TTCCTCGGACTAACCA-1,0.010134,0.002826,0.000307,0.957411,0.029118,0.000204
TTCCTCTGCCCGAATA-1,0.000035,0.089238,0.358474,0.076508,0.240834,0.234911
TTCCTTTCTGTGTTGC-1,0.000097,0.980894,0.000292,0.008355,0.010167,0.000195
TTCGAACGAAACATGC-1,0.000008,0.000008,0.624175,0.043494,0.05397,0.278345
TTCGACAGAGCCCGTG-1,0.000042,0.000042,0.463763,0.044027,0.293537,0.198589
TTCGACGGGAAGGGCG-1,0.011088,0.032944,0.727639,0.000038,0.087414,0.140878
TTCGAGCCGGCGCTAC-1,0.000022,0.01409,0.358118,0.072715,0.447277,0.107778
TTCGCACTCGCGTGCT-1,0.000029,0.059736,0.845617,0.007739,0.037707,0.049172
TTCGCACTGTACGACA-1,0.000105,0.000105,0.407243,0.50114,0.000987,0.09042
TTCGCATCCGGAAGCA-1,0.000063,0.84358,0.000188,0.155917,0.000126,0.000126
TTCGCCGCTCGCGCTA-1,0.000036,0.000036,0.484352,0.115844,0.019358,0.380374
TTCGCGCGCCATACGA-1,0.000052,0.035402,0.20128,0.370273,0.090893,0.3021
TTCGCTATCTGACGTG-1,0.000027,0.012131,0.843553,0.000027,0.074482,0.069781
TTCGGACTGATGCCTT-1,0.008651,0.027323,0.37592,0.08937,0.115095,0.38364
TTCGGACTGGGCATGG-1,0.015749,0.004687,0.560801,0.05715,0.001539,0.360075
TTCGGCAACCCGCTGA-1,0.000029,0.043548,0.885299,0.000029,0.002154,0.068941
TTCGGCTAGAGATGGT-1,0.00005,0.506242,0.423592,0.008996,0.000101,0.06102
TTCGGGACTAATCGCG-1,0.000045,0.047929,0.230302,0.010964,0.688947,0.021813
TTCGGGCGCTAGTCTT-1,0.000042,0.000042,0.364831,0.117581,0.15839,0.359114
TTCGGTACTGTAGAGG-1,0.000125,0.000125,0.000374,0.841014,0.158114,0.000249
TTCGTAATCCCAGCGG-1,0.000048,0.16679,0.502678,0.109556,0.069806,0.151121
TTCGTACTCCAGAACG-1,0.00002,0.027726,0.83269,0.052759,0.016623,0.070182
TTCGTGCATGTTATAG-1,0.000016,0.009417,0.630446,0.020446,0.088233,0.251442
TTCGTGGGCTGGAAGC-1,0.000025,0.037529,0.457185,0.030023,0.273593,0.201645
TTCGTTCAACGAAGTT-1,0.000033,0.063286,0.270284,0.009823,0.62965,0.026924
TTCTAACCGAAGCTTA-1,0.02781,0.090623,0.205337,0.032014,0.541929,0.102288
TTCTACCTCAATCGGT-1,0.000022,0.054022,0.668409,0.00564,0.005234,0.266673
TTCTACCTTTATGTTG-1,0.000094,0.125312,0.292933,0.173251,0.037899,0.370511
TTCTACTTGCGAGGGC-1,0.000038,0.342603,0.426856,0.031898,0.118922,0.079682
TTCTAGAAAGTCTTAT-1,0.000058,0.025477,0.128722,0.596988,0.156099,0.092655
TTCTAGGCCAATTGTG-1,0.000023,0.098269,0.89577,0.000023,0.000047,0.005867
TTCTATGCCTTTCGCA-1,0.000025,0.000025,0.645072,0.005025,0.034861,0.314993
TTCTATTAAACGCAGC-1,0.000097,0.000097,0.00029,0.599415,0.379665,0.020437
TTCTCAATTGCTACAA-1,0.001199,0.000016,0.698215,0.045399,0.111353,0.143818
TTCTCTTACAGGTGAT-1,0.000163,0.000163,0.215271,0.703102,0.000326,0.080974
TTCTGACCGGGCTCAA-1,0.000162,0.000162,0.077362,0.849865,0.072125,0.000324
TTCTGCCGCGCCTAGA-1,0.000023,0.000023,0.79453,0.000036,0.076036,0.129351
TTCTGCGAGCGCCCTT-1,0.009842,0.027476,0.786564,0.016201,0.04815,0.111766
TTCTGCGGGTTAGCGG-1,0.000056,0.000056,0.080962,0.06986,0.781715,0.067353
TTCTGCTAGACTCCAA-1,0.000037,0.000037,0.315065,0.031739,0.521922,0.131199
TTCTGTTTCCTGTCGC-1,0.000079,0.435308,0.016606,0.049151,0.302983,0.195874
TTCTTAGTGAACGGTG-1,0.000093,0.576876,0.000278,0.113218,0.309351,0.000185
TTCTTAGTGGCTCAGA-1,0.000062,0.127665,0.297176,0.140964,0.3166,0.117534
TTCTTCCCTTTGATAT-1,0.000084,0.272723,0.667901,0.000084,0.000167,0.059042
TTCTTCGCAATAGAGC-1,0.00007,0.134936,0.226971,0.31891,0.084034,0.235078
TTCTTGAGCCGCGCTA-1,0.00004,0.00004,0.359142,0.019124,0.540203,0.08145
TTCTTGCTAGCATCTC-1,0.00015,0.025744,0.164486,0.776934,0.032385,0.0003
TTCTTGGACGATCTGC-1,0.000035,0.004347,0.395769,0.078181,0.225017,0.29665
TTCTTGGAGTAATGAG-1,0.00005,0.072506,0.574089,0.00005,0.079314,0.273991
TTCTTGTAACCTAATG-1,0.000037,0.184621,0.753252,0.00648,0.002519,0.053091
TTCTTGTGTCCATCAG-1,0.000031,0.051782,0.62455,0.029744,0.13032,0.163573
TTCTTTGGTCGCGACG-1,0.000046,0.000046,0.203901,0.04547,0.736554,0.013982
TTGAAAGGTGTAAAGG-1,0.000021,0.043906,0.809511,0.020315,0.053402,0.072845
TTGAACGAATCCTTTG-1,0.000065,0.53775,0.098755,0.109128,0.224028,0.030274
TTGAACGACGTGCTGA-1,0.175231,0.067306,0.058754,0.67776,0.02053,0.000419
TTGAAGAATTCCCAGG-1,0.008908,0.06831,0.489401,0.076046,0.10312,0.254215
TTGAAGGATGGGCGCC-1,0.046041,0.045305,0.060416,0.831453,0.004362,0.012423
TTGAATATGGACTTTC-1,0.000035,0.000035,0.908211,0.000035,0.081413,0.01027
TTGAATCGTTGTATAA-1,0.000026,0.008646,0.324024,0.045899,0.524178,0.097227
TTGAATTCACGTGAGG-1,0.000042,0.000042,0.257305,0.053473,0.324882,0.364257
TTGACATGAACGTGGA-1,0.000016,0.075464,0.80295,0.014128,0.04879,0.058652
TTGACCAGGAACAACT-1,0.024341,0.023783,0.000204,0.508512,0.443023,0.000136
TTGACCATGTTCTCCG-1,0.000048,0.008482,0.798882,0.000048,0.173415,0.019124
TTGACCGTGTTAATGA-1,0.000031,0.006268,0.162746,0.064273,0.716047,0.050636
TTGACGATTCAGCACG-1,0.005105,0.906038,0.08857,0.000057,0.000115,0.000115
TTGACGCTCCATGAGC-1,0.000111,0.000111,0.129957,0.26601,0.413205,0.190606
TTGACTACCATATGGT-1,0.000039,0.018657,0.41392,0.056525,0.484235,0.026625
TTGAGAGTACTGCTAA-1,0.004662,0.002373,0.614721,0.027496,0.290295,0.060452
TTGAGCGCCACGTGAT-1,0.000171,0.043479,0.235831,0.719837,0.000341,0.000341
TTGAGGCATTTAACTC-1,0.000038,0.083242,0.589822,0.108679,0.087689,0.130529
TTGAGGGTCGAACGCG-1,0.000022,0.04823,0.316154,0.004845,0.510548,0.120201
TTGATAGTCAATACAT-1,0.000034,0.000034,0.152405,0.051013,0.611391,0.185122
TTGATCTAACTTTGTC-1,0.00004,0.041662,0.829731,0.00004,0.002777,0.12575
TTGATGCCGCTCGTCG-1,0.005374,0.006656,0.699057,0.013911,0.005202,0.269801
TTGATGTGTAGTCCCG-1,0.000045,0.116793,0.396473,0.004329,0.162605,0.319756
TTGATTAGCTGTTTCT-1,0.000039,0.020458,0.551565,0.011642,0.296673,0.119623
TTGATTATGCAGATGA-1,0.000044,0.1129,0.340349,0.075457,0.153511,0.317739
TTGCAAGAAGACTCCT-1,0.00824,0.000068,0.000205,0.525759,0.443345,0.022382
TTGCACAATTCAGAAA-1,0.000018,0.028881,0.664694,0.011584,0.192026,0.102797
TTGCACGGAGCAGCAC-1,0.000039,0.068886,0.772912,0.091683,0.016428,0.050053
TTGCAGGTCATGAAGT-1,0.000015,0.012043,0.856603,0.002811,0.014111,0.114418
TTGCATGCTGATCACG-1,0.000029,0.078798,0.871736,0.000029,0.003767,0.045643
TTGCCATAGCCCGCTC-1,0.000031,0.000031,0.7757,0.004326,0.032659,0.187253
TTGCCCTGATCACGGG-1,0.000031,0.129742,0.548238,0.041735,0.053081,0.227174
TTGCCGCAGACCTACA-1,0.146615,0.001369,0.148265,0.685855,0.000151,0.017745
TTGCCGCTTTCTAGTA-1,0.085313,0.088808,0.104962,0.250009,0.470579,0.000329
TTGCCGGTGATCCCTC-1,0.000049,0.007687,0.302406,0.054074,0.210628,0.425156
TTGCCTAATCCAAAGT-1,0.00002,0.00002,0.396246,0.067646,0.094833,0.441234
TTGCGCACAACCACGT-1,0.059759,0.086584,0.000135,0.797316,0.056116,0.00009
TTGCGCTCTCTCGCTT-1,0.000078,0.132121,0.361322,0.271692,0.170865,0.063921
TTGCGCTTGATCAATA-1,0.069575,0.080299,0.000718,0.594738,0.254191,0.000479
TTGCGGAAAGCTGCCC-1,0.000013,0.0124,0.478232,0.033791,0.188924,0.286641
TTGCGGCATCAGAAAG-1,0.000019,0.000019,0.307915,0.022827,0.512483,0.156738
TTGCGGCGACTCATGC-1,0.000518,0.636631,0.360259,0.000518,0.001037,0.001037
TTGCGTAGTTTGAGGA-1,0.000039,0.215385,0.438644,0.068765,0.194239,0.082928
TTGCGTCGGCCAACCG-1,0.00002,0.00002,0.513761,0.007846,0.376949,0.101404
TTGCGTGAACGCTTAG-1,0.000056,0.059752,0.289918,0.035596,0.323445,0.291233
TTGCGTGTGTAGGCAT-1,0.000251,0.046933,0.000754,0.790674,0.160885,0.000503
TTGCTAGCTACCAATC-1,0.000841,0.750772,0.244184,0.000841,0.001681,0.001681
TTGCTCCCATACCGGA-1,0.000028,0.027133,0.811676,0.002357,0.051326,0.10748
TTGCTGAAGGAACCAC-1,0.011607,0.124731,0.622855,0.077543,0.042723,0.120541
TTGCTGATCATGTTCG-1,0.000076,0.275519,0.246974,0.000076,0.3904,0.086956
TTGCTGCACCTATCCA-1,0.000072,0.352385,0.099169,0.279509,0.143508,0.125357
TTGCTGGCCGGGCTTC-1,0.000188,0.270137,0.139266,0.288685,0.079411,0.222314
TTGGAAGAATACAGTC-1,0.000031,0.000031,0.179593,0.084362,0.680652,0.055331
TTGGACATGTGGCTTA-1,0.000046,0.041563,0.430145,0.020133,0.321675,0.186438
TTGGAGTCTCCCTTCT-1,0.000089,0.853443,0.146023,0.000089,0.000178,0.000178
TTGGATATCGTCTACG-1,0.000033,0.000494,0.597007,0.006046,0.195561,0.20086
TTGGATCGACTTCTGG-1,0.001177,0.470813,0.187342,0.001177,0.337137,0.002354
TTGGATTGGGTACCAC-1,0.000026,0.091919,0.701292,0.037755,0.029309,0.139699
TTGGCCAAATTGTATC-1,0.000022,0.000022,0.30421,0.135215,0.213926,0.346605
TTGGCCATCTTGCGCT-1,0.000056,0.913954,0.08571,0.000056,0.000112,0.000112
TTGGCCTAGAATTTCG-1,0.000062,0.041097,0.361843,0.04096,0.301681,0.254356
TTGGCGATCCGAATAT-1,0.000131,0.016468,0.108826,0.763162,0.000261,0.111152
TTGGCTCGCATGAGAC-1,0.000047,0.294795,0.233105,0.021985,0.285326,0.164742
TTGGGAAGACGAGCCG-1,0.009271,0.000065,0.226162,0.447437,0.282364,0.034702
TTGGGACACTGCCCGC-1,0.000031,0.023604,0.909317,0.024493,0.004119,0.038436
TTGGGCGGCGGTTGCC-1,0.000041,0.009975,0.856515,0.000041,0.008261,0.125167
TTGGGTTTATTCAGCG-1,0.000016,0.000016,0.711429,0.001192,0.174905,0.112441
TTGGTATGGCTTGTGT-1,0.000081,0.000081,0.232686,0.362893,0.371145,0.033115
TTGGTCACACTCGTAA-1,0.000038,0.000038,0.193081,0.018783,0.705711,0.082348
TTGGTGCGGTGTTGAA-1,0.000006,0.000006,0.999478,0.000006,0.000166,0.000337
TTGGTTGCGGTGCGCG-1,0.000025,0.000025,0.427588,0.042635,0.348024,0.181704
TTGTAACTTCATAGCG-1,0.000012,0.004964,0.976056,0.000012,0.000827,0.018129
TTGTAAGGACCTAAGT-1,0.007876,0.033106,0.428725,0.060889,0.386322,0.083082
TTGTAAGGCCAGTTGG-1,0.000034,0.000034,0.888767,0.000034,0.055239,0.055894
TTGTAATCCGTACTCG-1,0.000058,0.022589,0.339965,0.084469,0.463945,0.088974
TTGTACACCTCGAACA-1,0.000026,0.000026,0.049582,0.195255,0.677569,0.077543
TTGTATCACACAGAAT-1,0.000075,0.118492,0.405593,0.00338,0.209727,0.262733
TTGTCACCGCGGTATC-1,0.06623,0.021909,0.222025,0.11173,0.172207,0.405899
TTGTCGTTCAGTTACC-1,0.000041,0.05928,0.756291,0.005183,0.08383,0.095375
TTGTCTCGGCAAGATG-1,0.000025,0.013959,0.207806,0.105668,0.256374,0.416168
TTGTGAGGCATGACGC-1,0.000025,0.069362,0.714294,0.010053,0.110793,0.095472
TTGTGCGGAAGCGGAT-1,0.000136,0.078172,0.124521,0.589014,0.138735,0.069421
TTGTGGAGACAGCCGG-1,0.000019,0.000019,0.415784,0.048283,0.132756,0.403139
TTGTGGCCCTGACAGT-1,0.000056,0.215434,0.368174,0.100525,0.108839,0.206971
TTGTGGTAGGAGGGAT-1,0.00149,0.066965,0.127248,0.064266,0.661693,0.07834
TTGTGGTATAGGTATG-1,0.000019,0.011218,0.861141,0.007795,0.007066,0.112762
TTGTGGTGGTACTAAG-1,0.170274,0.063845,0.000348,0.584977,0.180323,0.000232
TTGTGTATGCCACCAA-1,0.000046,0.054318,0.748421,0.109297,0.01013,0.077788
TTGTGTTTCCCGAAAG-1,0.000033,0.000033,0.412345,0.109032,0.20858,0.269979
TTGTTAGCAAATTCGA-1,0.000047,0.299183,0.05391,0.083241,0.465657,0.097962
TTGTTCAGTGTGCTAC-1,0.000029,0.042645,0.915546,0.000029,0.024456,0.017295
TTGTTCTAGATACGCT-1,0.000057,0.282526,0.428197,0.076167,0.023574,0.189478
TTGTTGGCAATGACTG-1,0.000019,0.000019,0.782526,0.043206,0.052373,0.121858
TTGTTGTGTGTCAAGA-1,0.011438,0.013717,0.559737,0.000628,0.27744,0.137039
TTGTTTCACATCCAGG-1,0.000045,0.002834,0.303711,0.198731,0.107917,0.386762
TTGTTTCATTAGTCTA-1,0.000101,0.000101,0.055054,0.773249,0.000202,0.171292
TTGTTTCCATACAACT-1,0.000025,0.018186,0.572144,0.004891,0.076502,0.328252
TTGTTTGTATTACACG-1,0.000014,0.000014,0.731477,0.015668,0.014858,0.237969
TTGTTTGTGTAAATTC-1,0.000094,0.842224,0.02477,0.024279,0.101584,0.007049
