Barcode,Topic 1,Topic 2,Topic 3to4,Topic 5,Topic 6to7
AAACAACGAATAGTTC-1,0.000152,0.000152,0.603703,0.043662,0.352331
AAACAAGTATCTCCCA-1,0.00098,0.177942,0.818128,0.000983,0.001966
AAACAATCTACTAGCA-1,0.000322,0.000323,0.894714,0.103994,0.000646
AAACACCAATAACTGC-1,0.000183,0.000184,0.510681,0.101815,0.387138
AAACAGAGCGACTCCT-1,0.00112,0.00112,0.994399,0.00112,0.002241
AAACAGCTTTCAGAAG-1,0.000678,0.140333,0.594186,0.157611,0.107191
AAACAGGGTCTATATT-1,0.000134,0.032372,0.004299,0.081202,0.881992
AAACAGTGTTCCTGGG-1,0.001447,0.824907,0.0029,0.167846,0.002899
AAACATGGTGAGAGGA-1,0.000151,0.017166,0.119166,0.298307,0.565211
AAACATTTCCCGGATT-1,0.000202,0.58549,0.074375,0.051913,0.28802
AAACCACTACACAGAT-1,0.000439,0.029668,0.968573,0.00044,0.000879
AAACCCGAACGAAATC-1,0.000497,0.181925,0.311613,0.041892,0.464073
AAACCGGAAATGTTAA-1,0.000982,0.000984,0.492222,0.000983,0.504829
AAACCGGGTAGGTACC-1,0.0002,0.092461,0.738103,0.000201,0.169035
AAACCGTTCGTCCAGG-1,0.000392,0.000393,0.658122,0.088524,0.252569
AAACCTAAGCAGCCGG-1,0.000159,0.630715,0.204288,0.122672,0.042166
AAACCTCATGAAGTTG-1,0.000349,0.00035,0.889742,0.00035,0.109209
AAACGAAGAACATACC-1,0.00016,0.00016,0.83858,0.020371,0.140729
AAACGAAGATGGAGTA-1,0.000204,0.043334,0.488187,0.000204,0.468071
AAACGACAGTCTTGCC-1,0.000738,0.125584,0.871462,0.000739,0.001477
AAACGAGACGGTTGAT-1,0.00026,0.000261,0.668293,0.003018,0.328168
AAACGCCCGAGATCGG-1,0.000152,0.000152,0.297761,0.193189,0.508746
AAACGCTGGGCACGAC-1,0.002346,0.640738,0.349856,0.002353,0.004707
AAACGGGCGTACGGGT-1,0.000344,0.557119,0.441503,0.000345,0.00069
AAACGGGTTGGTATCC-1,0.00009,0.011567,0.135401,0.016073,0.836869
AAACGGTTGCGAACTG-1,0.000575,0.714225,0.283471,0.000577,0.001152
AAACGTGTTCGCCCTA-1,0.000255,0.000256,0.998722,0.000256,0.000511
AAACTAACGTGGCGAC-1,0.000538,0.029659,0.968185,0.000539,0.001078
AAACTCGGTTCGCAAT-1,0.000185,0.87203,0.000372,0.000186,0.127227
AAACTCGTGATATAAG-1,0.000283,0.138846,0.695551,0.000284,0.165035
AAACTGCTGGCTCCAA-1,0.000116,0.000116,0.282708,0.326698,0.390362
AAACTTAATTGCACGC-1,0.000426,0.000427,0.311433,0.194932,0.492782
AAACTTGCAAACGTAT-1,0.000316,0.129763,0.462986,0.000317,0.406619
AAAGAATGACCTTAGA-1,0.000084,0.024029,0.111578,0.051223,0.813086
AAAGAATGTGGACTAA-1,0.000218,0.614142,0.196442,0.000218,0.18898
AAAGACATGAAGTTTA-1,0.000183,0.046657,0.367904,0.192373,0.392883
AAAGACCCAAGTCGCG-1,0.000272,0.000273,0.849422,0.000273,0.149761
AAAGACTGGGCGCTTT-1,0.00021,0.000211,0.601326,0.000344,0.397909
AAAGCTTGCCTACATA-1,0.000231,0.000231,0.998845,0.000231,0.000462
AAAGGCCCTATAATAC-1,0.000282,0.010598,0.341987,0.399938,0.247194
AAAGGCTACGGACCAT-1,0.001768,0.667023,0.003543,0.324121,0.003545
AAAGGCTCTCGCGCCG-1,0.00054,0.321768,0.676067,0.000542,0.001083
AAAGGGATGTAGCAAG-1,0.00018,0.021668,0.278369,0.068365,0.631418
AAAGGGCAGCTTGAAT-1,0.000241,0.000241,0.645589,0.262596,0.091333
AAAGGTAAGCTGTACC-1,0.000685,0.000687,0.996569,0.000687,0.001373
AAAGTAGCATTGCTCA-1,0.000521,0.114051,0.574899,0.300944,0.009586
AAAGTCACTGATGTAA-1,0.000233,0.000233,0.626295,0.004573,0.368665
AAAGTCGACCCTCAGT-1,0.000182,0.000182,0.6838,0.000182,0.315655
AAAGTGCCATCAATTA-1,0.000873,0.85773,0.001749,0.000875,0.138773
AAAGTGTGATTTATCT-1,0.001325,0.001328,0.479366,0.001329,0.516652
AAAGTTGACTCCCGTA-1,0.000313,0.025156,0.416786,0.147308,0.410436
AAATAAGGTAGTGCCC-1,0.000155,0.041458,0.664377,0.000156,0.293854
AAATACCTATAAGCAT-1,0.000186,0.030791,0.257075,0.131018,0.58093
AAATAGCTTAGACTTT-1,0.000651,0.000652,0.580033,0.000652,0.418013
AAATAGGGTGCTATTG-1,0.005499,0.00552,0.972431,0.005516,0.011034
AAATCACTCCTAAACG-1,0.000339,0.091386,0.907255,0.00034,0.00068
AAATCCGATACACGCC-1,0.000085,0.403867,0.116686,0.268955,0.210407
AAATCGCGGAAGGAGT-1,0.000217,0.075188,0.420149,0.000217,0.504229
AAATCGTGTACCACAA-1,0.000087,0.063898,0.172296,0.075463,0.688256
AAATCTAGCCCTGCTA-1,0.003669,0.378585,0.387841,0.222546,0.007359
AAATCTGCCCGCGTCC-1,0.000225,0.099237,0.476547,0.000226,0.423765
AAATGACTGATCAAAC-1,0.001289,0.545134,0.084238,0.366753,0.002587
AAATGATTCGATCAGC-1,0.000247,0.009968,0.893174,0.096117,0.000495
AAATGCTCGTTACGTT-1,0.000568,0.048776,0.948948,0.000569,0.001138
AAATGGCATGTCTTGT-1,0.000396,0.000397,0.889186,0.000398,0.109623
AAATGGCCCGTGCCCT-1,0.000889,0.000892,0.754432,0.000891,0.242896
AAATGGTCAATGTGCC-1,0.000317,0.000318,0.707757,0.000318,0.291289
AAATGTATCTTATCCC-1,0.00042,0.166669,0.831649,0.000421,0.000842
AAATGTGGGTGCTCCT-1,0.000313,0.000313,0.935961,0.000313,0.063099
AAATTAACGGGTAGCT-1,0.000338,0.027452,0.921738,0.000339,0.050132
AAATTAATAAGCGCGA-1,0.00008,0.00008,0.18309,0.07719,0.739559
AAATTACACGACTCTG-1,0.000894,0.379952,0.334603,0.000897,0.283653
AAATTACCTATCGATG-1,0.000162,0.013154,0.482259,0.150673,0.353752
AAATTCCAGGTCCAAA-1,0.000128,0.000129,0.000257,0.057786,0.941699
AAATTGATAGTCCTTT-1,0.000609,0.000611,0.45512,0.418298,0.125363
AAATTGCGGCGGTTCT-1,0.000142,0.000142,0.422042,0.00666,0.571014
AAATTGGTGAGAAGCA-1,0.000229,0.00023,0.941805,0.057276,0.00046
AAATTTACCGAAATCC-1,0.000266,0.020065,0.856667,0.080007,0.042996
AAATTTGCGGGTGTGG-1,0.000235,0.045767,0.453605,0.155227,0.345166
AACAACTGGTAGTTGC-1,0.000168,0.000168,0.201401,0.002402,0.795861
AACAATACATTGTCGA-1,0.002752,0.39455,0.219934,0.00276,0.380004
AACAATTACTCTACGC-1,0.000117,0.000117,0.243307,0.097334,0.659126
AACACACGCTCGCCGC-1,0.002553,0.124658,0.865099,0.002563,0.005127
AACACGACTGTACTGA-1,0.000219,0.000971,0.6314,0.134673,0.232737
AACACGAGACGCGGCC-1,0.000228,0.051923,0.584723,0.011824,0.351302
AACACGCGGCCGCGAA-1,0.000139,0.000139,0.813476,0.000139,0.186106
AACAGCTGTGTGGCAA-1,0.000447,0.126836,0.360825,0.000448,0.511443
AACAGGAAATCGAATA-1,0.000361,0.037404,0.961151,0.000361,0.000723
AACAGGATGGGCCGCG-1,0.000052,0.037422,0.281935,0.122872,0.55772
AACAGGTAGTATGGAT-1,0.000564,0.072152,0.571336,0.000565,0.355383
AACATAGCGTGTATCG-1,0.001476,0.991128,0.002957,0.001479,0.00296
AACATATCAACTGGTG-1,0.000168,0.029243,0.200079,0.000169,0.77034
AACATCGATACGTCTA-1,0.000645,0.000646,0.626166,0.143473,0.22907
AACATTGAAGTTGATC-1,0.000257,0.042103,0.645761,0.14104,0.170839
AACATTGGTCAGCCGT-1,0.000228,0.000228,0.614916,0.000229,0.384399
AACATTGTGACTCGAG-1,0.002389,0.764614,0.071253,0.002393,0.159351
AACCAAGACTTCTCTG-1,0.00029,0.000291,0.998545,0.000291,0.000582
AACCAGTATCACTCTT-1,0.000375,0.000376,0.901871,0.000376,0.097003
AACCATAGGGTTGAAC-1,0.000165,0.000165,0.077616,0.237539,0.684515
AACCATGGGATCGCTA-1,0.000324,0.029985,0.588668,0.131231,0.249792
AACCCAGAGACGGAGA-1,0.00057,0.000572,0.997144,0.000572,0.001143
AACCCATCCCATGATC-1,0.000573,0.000574,0.234343,0.349961,0.414549
AACCCGACAACCCGTG-1,0.001235,0.992583,0.002472,0.001236,0.002473
AACCCGAGCAGAATCG-1,0.002752,0.581125,0.005523,0.00276,0.407839
AACCCGATAGGGCTTC-1,0.001245,0.518619,0.476393,0.001248,0.002496
AACCCGCTGTATTCCA-1,0.001767,0.989372,0.003541,0.001774,0.003546
AACCCTACTGTCAATA-1,0.000276,0.000276,0.427663,0.131872,0.439913
AACCCTGGTGGAACCA-1,0.000236,0.03728,0.755088,0.000236,0.20716
AACCGAGCTTGGTCAT-1,0.000178,0.000178,0.356143,0.000178,0.643322
AACCGCTAAGGGATGC-1,0.000459,0.00046,0.538124,0.430733,0.030224
AACCGTTGTGTTTGCT-1,0.000294,0.000295,0.631432,0.094504,0.273475
AACCTAAAGCCGTCCG-1,0.00018,0.00018,0.765858,0.060622,0.17316
AACCTCGCTTTAGCCC-1,0.000702,0.752923,0.001406,0.243562,0.001407
AACCTGTCACGGAATT-1,0.000555,0.000556,0.562463,0.000556,0.43587
AACCTTTAAATACGGT-1,0.00293,0.459773,0.528502,0.002932,0.005863
AACCTTTACGACGTCT-1,0.001314,0.058244,0.936493,0.001317,0.002633
AACGAAAGTCGTCCCA-1,0.000183,0.08652,0.05944,0.0847,0.769157
AACGACCTCCTAGCCG-1,0.003328,0.84394,0.14271,0.003341,0.006681
AACGATAATGCCGTAG-1,0.001683,0.402587,0.549398,0.042955,0.003377
AACGATAGAAGGGCCG-1,0.000443,0.175567,0.822657,0.000444,0.000888
AACGATATGTCAACTG-1,0.000154,0.000155,0.368423,0.174933,0.456335
AACGCATGATCTGGGT-1,0.00028,0.00028,0.812621,0.180081,0.006739
AACGCGAACGGCAACA-1,0.000296,0.000296,0.998518,0.000297,0.000593
AACGCGACCTTGGGCG-1,0.000566,0.84228,0.001134,0.000567,0.155452
AACGCGGTCTCCAGCC-1,0.000253,0.000254,0.609628,0.189522,0.200343
AACGCTGTTGCTGAAA-1,0.002755,0.552767,0.005522,0.433435,0.005522
AACGGACGTACGTATA-1,0.000511,0.035402,0.169052,0.671642,0.123393
AACGGCCATCTCCGGT-1,0.000302,0.020947,0.680907,0.294827,0.003017
AACGTACTGTGGGTAC-1,0.00062,0.000621,0.925616,0.000621,0.072522
AACGTAGTCTACCCAT-1,0.000438,0.030799,0.61884,0.054429,0.295494
AACGTCAGACTAGTGG-1,0.000241,0.000242,0.250994,0.406751,0.341772
AACGTCATCCGGCTTG-1,0.001301,0.652528,0.002611,0.001304,0.342256
AACGTCGCTGCACTTC-1,0.002703,0.826509,0.162669,0.002708,0.005412
AACGTGATGAAGGACA-1,0.000366,0.000367,0.943757,0.054777,0.000734
AACGTGCGAAAGTCTC-1,0.000395,0.087301,0.863094,0.000396,0.048813
AACGTTATCAGCACCT-1,0.000559,0.099296,0.898464,0.000561,0.001121
AACGTTCTACCATTGT-1,0.000421,0.293949,0.000844,0.291529,0.413257
AACTACCCGTTTGTCA-1,0.001475,0.001478,0.91757,0.00148,0.077997
AACTAGCGTATCGCAC-1,0.000309,0.000309,0.954788,0.000309,0.044285
AACTAGGCTTGGGTGT-1,0.00325,0.291979,0.006525,0.691727,0.00652
AACTCAAGTTAATTGC-1,0.000122,0.087234,0.24107,0.035059,0.636515
AACTCCAGAGCGTGTT-1,0.002426,0.580117,0.18814,0.224454,0.004864
AACTCCTAATCCCATG-1,0.001446,0.00145,0.992756,0.001449,0.002898
AACTCGATAAACACGT-1,0.000161,0.000161,0.441721,0.048558,0.509398
AACTCGATGGCGCAGT-1,0.000414,0.000415,0.89265,0.000415,0.106107
AACTCTCAATAGAGCG-1,0.000755,0.000757,0.906384,0.000755,0.09135
AACTCTCAGTGTGCTC-1,0.00057,0.171645,0.826069,0.000572,0.001144
AACTGAGGTCAGCGTC-1,0.001022,0.178532,0.817374,0.001024,0.002048
AACTGAGTTATACTGA-1,0.000281,0.000281,0.219461,0.108001,0.671975
AACTGATATTAGGCCT-1,0.000623,0.085189,0.912316,0.000624,0.001248
AACTGGGTCCCGACGT-1,0.000413,0.000414,0.850461,0.046675,0.102038
AACTGGGTTCGAGCCG-1,0.000179,0.00018,0.204169,0.045099,0.750373
AACTGGTGTGGGCCTT-1,0.00025,0.000251,0.58809,0.000251,0.411158
AACTTCTGCGTCTATC-1,0.000832,0.428659,0.568006,0.000834,0.001668
AACTTGCCCGTATGCA-1,0.000119,0.000119,0.205419,0.248009,0.546335
AACTTGCGTTCTCGCG-1,0.000614,0.295797,0.701741,0.000616,0.001231
AACTTTACGGGAGCTT-1,0.000289,0.00029,0.998551,0.00029,0.00058
AACTTTAGCTGCTGAG-1,0.000293,0.000294,0.998533,0.000294,0.000587
AACTTTCTCGATCATG-1,0.000364,0.1004,0.760117,0.000365,0.138753
AAGAAAGTTTGATGGG-1,0.000073,0.000073,0.000146,0.05724,0.942469
AAGAAATCACCAGATT-1,0.000146,0.000146,0.73456,0.004973,0.260174
AAGAAGGATCAGTTAG-1,0.000183,0.000183,0.396773,0.150657,0.452204
AAGACATACGTGGTTT-1,0.00181,0.702429,0.290312,0.001816,0.003632
AAGACCAAATAACTCA-1,0.000227,0.053187,0.472082,0.0261,0.448404
AAGACCCAACTGAACA-1,0.001812,0.352032,0.640704,0.001818,0.003635
AAGACTAACCCGTTGT-1,0.000161,0.000161,0.405332,0.000161,0.594184
AAGACTCACGCCCACT-1,0.00028,0.009403,0.776146,0.080138,0.134033
AAGACTGCAAGCTACT-1,0.000154,0.096062,0.328277,0.002034,0.573473
AAGAGATGAATCGGTA-1,0.000177,0.02005,0.569053,0.000178,0.410543
AAGAGCTCTTTATCGG-1,0.00025,0.007877,0.560166,0.000337,0.431369
AAGAGGATGTACGCGA-1,0.000407,0.000408,0.665271,0.051259,0.282656
AAGAGGCATGGATCGC-1,0.000096,0.017017,0.0088,0.017442,0.956646
AAGAGGCCCTTTGGAA-1,0.000594,0.616289,0.38133,0.000596,0.001191
AAGATGGCACCGGACC-1,0.00098,0.000983,0.40685,0.000983,0.590204
AAGATTGGCGGAACGT-1,0.000352,0.000353,0.907427,0.000353,0.091516
AAGCACCCTGCGTATC-1,0.002274,0.584664,0.271831,0.136673,0.004558
AAGCATACTCTCCTGA-1,0.002425,0.002434,0.987841,0.002433,0.004867
AAGCCACTTGCAGGTA-1,0.000341,0.000342,0.364414,0.474375,0.160528
AAGCCGAAGCGGTTTA-1,0.001182,0.001185,0.604388,0.001186,0.392059
AAGCCGCCGTGAAATC-1,0.000121,0.000121,0.349812,0.186945,0.463001
AAGCCGCTTTACCTTG-1,0.000351,0.014348,0.966085,0.000352,0.018864
AAGCCGGAGAGCAGGA-1,0.001224,0.564002,0.235739,0.001226,0.197809
AAGCGCAGGGCTTTGA-1,0.000463,0.63482,0.363323,0.000465,0.000929
AAGCGGAGTGCGCGCA-1,0.000286,0.000287,0.998566,0.000287,0.000574
AAGCGGCGTCATGGGT-1,0.00027,0.00027,0.546291,0.135501,0.317668
AAGCGTCCCTCATCGA-1,0.002235,0.002242,0.870855,0.120182,0.004486
AAGCTAGATCGAGTAA-1,0.000439,0.130718,0.692547,0.146795,0.029501
AAGCTATGGATTGACC-1,0.000198,0.015908,0.221236,0.00038,0.762278
AAGCTCGTGCCAAGTC-1,0.000469,0.000471,0.527664,0.361699,0.109697
AAGCTCTTTCATGGTG-1,0.009554,0.942596,0.019156,0.009561,0.019133
AAGGAGAACTTATAAG-1,0.000131,0.000131,0.228335,0.31568,0.455723
AAGGAGCGGTTGGTGC-1,0.000262,0.000262,0.58286,0.021795,0.394821
AAGGATCGATCGCTTG-1,0.000144,0.000145,0.132752,0.031298,0.83566
AAGGATGAGGGACCTC-1,0.000126,0.000126,0.161731,0.176712,0.661305
AAGGCAGGCTGTCTCC-1,0.00021,0.000211,0.168914,0.067711,0.762954
AAGGCGCGTAAAGCTT-1,0.000305,0.000305,0.803493,0.000305,0.195591
AAGGCTGTGCTCATCG-1,0.000358,0.000358,0.91366,0.000359,0.085265
AAGGGAACGACTGGCT-1,0.0001,0.0001,0.177706,0.1878,0.634292
AAGGGACAGATTCTGT-1,0.000124,0.03533,0.14768,0.035454,0.781412
AAGGGACTATGCATTC-1,0.000173,0.000174,0.195308,0.430505,0.37384
AAGGGTTAGCCATGCG-1,0.001001,0.993982,0.002007,0.001003,0.002007
AAGGGTTTGATTTCAG-1,0.000303,0.000304,0.389442,0.144262,0.465688
AAGGTATCCTAATATA-1,0.000268,0.065548,0.425949,0.088215,0.42002
AAGGTGATAAACCAGC-1,0.000637,0.038562,0.958888,0.000638,0.001276
AAGTAAGCTTCCAAAC-1,0.00013,0.00013,0.060855,0.026997,0.911889
AAGTAGAAGACCGGGT-1,0.001002,0.001003,0.994984,0.001003,0.002007
AAGTAGTGACGCGAGG-1,0.000416,0.000417,0.997916,0.000417,0.000834
AAGTCAATTGTCGTCA-1,0.000332,0.00708,0.33975,0.219552,0.433286
AAGTCTAGTAGCTGCC-1,0.000136,0.000136,0.429772,0.024035,0.545921
AAGTCTTCTGTGGCCT-1,0.000223,0.000224,0.589586,0.045099,0.364868
AAGTGACGACCGAATT-1,0.000174,0.090628,0.266159,0.029196,0.613843
AAGTGAGTCGGGTTTA-1,0.003252,0.757925,0.229045,0.003261,0.006517
AAGTGCAAAGGTAGAC-1,0.000164,0.013455,0.520641,0.02205,0.443689
AAGTGCCTTGACTGTA-1,0.000609,0.034442,0.656949,0.296809,0.011191
AAGTGCGTTAGAATCT-1,0.000288,0.02925,0.358868,0.111391,0.500203
AAGTGCTTCTCTATTG-1,0.001446,0.260845,0.180449,0.554361,0.002899
AAGTGTTTGGAGACGG-1,0.00129,0.574029,0.002586,0.134278,0.287817
AAGTTCACTCCAAGCT-1,0.004341,0.004351,0.570081,0.412533,0.008693
AAGTTCAGTCTGCGTA-1,0.000434,0.000435,0.997827,0.000435,0.000869
AAGTTCGGCCAACAGG-1,0.000273,0.000273,0.292695,0.431523,0.275237
AAGTTGTGATGTTATA-1,0.000311,0.599292,0.160022,0.000312,0.240063
AAGTTTACTAATGGCA-1,0.000205,0.000206,0.058493,0.000961,0.940135
AAGTTTATGGGCCCAA-1,0.000363,0.666002,0.318086,0.014819,0.000729
AATAACAACGCTCGGC-1,0.00013,0.00013,0.412708,0.00013,0.586902
AATAACACTAGAACAA-1,0.000195,0.044583,0.166638,0.207263,0.581321
AATAACGTCGCGCCCA-1,0.001745,0.811306,0.181703,0.00175,0.003496
AATAAGTCCTCGAGAC-1,0.000193,0.000193,0.676921,0.000193,0.3225
AATAATCTTCGTATCG-1,0.000612,0.000614,0.514921,0.000613,0.48324
AATACAATGTTTCAGG-1,0.000328,0.000329,0.801783,0.000329,0.19723
AATACCGGAGGGCTGT-1,0.002864,0.239117,0.505239,0.247045,0.005736
AATACCTGATGTGAAC-1,0.000456,0.682244,0.315929,0.000457,0.000914
AATAGAACAGAGTGGC-1,0.000294,0.000295,0.309868,0.292869,0.396674
AATAGAATCTGTTTCA-1,0.000348,0.000349,0.417729,0.232001,0.349574
AATAGCAAGCCTCCTG-1,0.000702,0.000703,0.996487,0.000703,0.001405
AATAGCTACCGCGTGC-1,0.000274,0.000275,0.893553,0.000275,0.105623
AATAGGCACGACCCTT-1,0.000125,0.000126,0.044279,0.439954,0.515517
AATAGTCCGTCCCGAC-1,0.003672,0.260426,0.346672,0.003681,0.385549
AATAGTCGCGAGTCGG-1,0.000324,0.000325,0.998378,0.000325,0.000649
AATATCAAGGTCGGAT-1,0.000151,0.000151,0.256229,0.013404,0.730066
AATATCCTAGCAAACT-1,0.00016,0.00016,0.22454,0.113513,0.661626
AATATCGAATCAATGC-1,0.000424,0.000425,0.287782,0.515177,0.196192
AATATCGAGGGTTCTC-1,0.000352,0.000353,0.861289,0.000353,0.137653
AATATTGGAGTATTGA-1,0.0004,0.0004,0.881157,0.000401,0.117642
AATCAGACTGCAGGAC-1,0.000343,0.000344,0.99828,0.000344,0.000688
AATCAGGTTTCATTTA-1,0.001555,0.154264,0.540091,0.00156,0.302531
AATCATGTAAAGACTC-1,0.003869,0.17826,0.442812,0.00388,0.37118
AATCCAAGGGCCTGAG-1,0.000199,0.0002,0.244355,0.228314,0.526932
AATCCATGCAAGGGTG-1,0.000241,0.000241,0.76649,0.000241,0.232787
AATCCCGCTCAGAGCC-1,0.002274,0.491494,0.354912,0.146763,0.004556
AATCGAGGTCTCAAGG-1,0.001302,0.367492,0.002609,0.625989,0.002609
AATCGCCTCAGCGCCA-1,0.000358,0.000359,0.097315,0.092714,0.809254
AATCGCGCAGAGGACT-1,0.000284,0.000284,0.291282,0.003101,0.70505
AATCGGGACACTACGA-1,0.000154,0.000155,0.247412,0.001876,0.750403
AATCGGTATAGCCCTC-1,0.002016,0.770441,0.221483,0.00202,0.004041
AATCGTGAGCCGAGCA-1,0.000218,0.99869,0.000437,0.000218,0.000437
AATCTAGGTTTACTTG-1,0.001153,0.001156,0.778334,0.001157,0.2182
AATCTATGCCGGAGCC-1,0.000276,0.000277,0.998616,0.000277,0.000554
AATCTCTACTGTGGTT-1,0.000243,0.000244,0.75431,0.000244,0.24496
AATCTGCGTTGGGACG-1,0.000302,0.035406,0.747657,0.000303,0.216332
AATCTGGCTTTCTAGT-1,0.0013,0.001304,0.338521,0.001305,0.65757
AATCTGGGTAGACCCT-1,0.000254,0.000254,0.75682,0.066785,0.175887
AATGACAGCAATGTCT-1,0.000304,0.000305,0.215445,0.347145,0.436801
AATGACGTAGGATGTC-1,0.000271,0.077846,0.187926,0.165238,0.568719
AATGACTGTCAGCCGG-1,0.000481,0.000482,0.964681,0.033394,0.000963
AATGAGTTCGCATATG-1,0.000666,0.062494,0.934838,0.000668,0.001335
AATGATGATACGCTAT-1,0.00034,0.000341,0.494368,0.076222,0.428729
AATGATGCGACTCCTG-1,0.000431,0.000432,0.870296,0.000432,0.128409
AATGCAACCGGGTACC-1,0.00023,0.00023,0.590899,0.083993,0.324649
AATGCACCAAGCAATG-1,0.000312,0.000313,0.776425,0.063643,0.159307
AATGGCCGCCAATGCG-1,0.000617,0.000618,0.996911,0.000618,0.001236
AATGGTCCACCGTTCA-1,0.000258,0.000259,0.748299,0.000259,0.250925
AATGGTTCTCACAAGC-1,0.00196,0.303256,0.688887,0.001965,0.003932
AATGTATGGCACTGTA-1,0.000206,0.060366,0.128258,0.030825,0.780345
AATGTGCCCGAGGTGT-1,0.001431,0.001435,0.845365,0.001435,0.150333
AATGTGCTAATCTGAG-1,0.001431,0.254177,0.483433,0.258089,0.00287
AATGTTAAGACCCTGA-1,0.001214,0.534536,0.00243,0.001216,0.460604
AATGTTGTCGTGAGAC-1,0.000345,0.559806,0.438812,0.000346,0.000691
AATTAAAGGTCGGCGT-1,0.000121,0.033753,0.251675,0.095068,0.619383
AATTAACGGATTTCCA-1,0.004343,0.403205,0.443428,0.140325,0.008698
AATTACGAGACCCATC-1,0.000405,0.000407,0.431451,0.207969,0.359768
AATTACTCGTACGCTC-1,0.000534,0.000536,0.912263,0.000535,0.086132
AATTAGCGCTGCAGCG-1,0.000465,0.000465,0.440811,0.340858,0.217401
AATTATACCCAGCAAG-1,0.001145,0.707725,0.002295,0.001148,0.287687
AATTCATAAGGGATCT-1,0.000246,0.000247,0.406356,0.142651,0.4505
AATTCATTGTCATGCA-1,0.000536,0.000538,0.698935,0.000555,0.299436
AATTCCAACTTGGTGA-1,0.000398,0.000398,0.882377,0.000399,0.116428
AATTCCAAGCATGTAC-1,0.000251,0.844205,0.056114,0.000252,0.099177
AATTCGATTCGAGGAT-1,0.000276,0.902639,0.008894,0.000277,0.087914
AATTCTAGAGTTAGGC-1,0.000417,0.000418,0.674461,0.000418,0.324285
AATTGAACGCTCTGGT-1,0.000566,0.040502,0.421288,0.000567,0.537076
AATTGCAGCAATCGAC-1,0.000276,0.917396,0.081497,0.000277,0.000554
AATTGCGTGGATTACA-1,0.000438,0.000439,0.732109,0.007432,0.259581
AATTGTGGTTGCCAAA-1,0.000153,0.962585,0.000306,0.03665,0.000306
AATTTGGGACATAGTA-1,0.000577,0.364185,0.238106,0.395975,0.001157
AATTTGGTTCCAAAGA-1,0.000197,0.000197,0.470602,0.259386,0.269618
ACAAACCATGCGTCCT-1,0.000076,0.026838,0.324939,0.177626,0.470521
ACAAACCGACAAGGCG-1,0.000176,0.000177,0.715289,0.000177,0.284182
ACAAACTCCATCAGAG-1,0.000415,0.010989,0.409503,0.149362,0.429731
ACAAAGAAGGTAGGCC-1,0.000517,0.000518,0.50472,0.000518,0.493727
ACAAAGCATGACCTAG-1,0.000193,0.654376,0.344849,0.000194,0.000388
ACAAATCGCACCGAAT-1,0.000742,0.249558,0.001487,0.368217,0.379995
ACAAATGGTAGTGTTT-1,0.000639,0.07887,0.633392,0.000641,0.286458
ACAAATTCAGATCTGA-1,0.000269,0.00027,0.657414,0.08093,0.261118
ACAACAGCATGAGCTA-1,0.000145,0.038383,0.376173,0.048265,0.537034
ACAACGGTCCCTGCGA-1,0.000385,0.000386,0.998073,0.000386,0.000771
ACAAGCAGTGCCTAGC-1,0.000183,0.000183,0.414555,0.000183,0.584896
ACAAGCTATATGGAAG-1,0.000174,0.000175,0.538836,0.097383,0.363432
ACAAGGAAATCCGCCC-1,0.000472,0.000474,0.800128,0.109632,0.089294
ACAAGGACAAGAGGTT-1,0.000229,0.00023,0.718721,0.077016,0.203804
ACAAGGATGCTTTAGG-1,0.00341,0.555015,0.223607,0.211137,0.006831
ACAAGGCCTACCAGCC-1,0.000282,0.000282,0.491182,0.318275,0.18998
ACAAGGGCAGGCTCTG-1,0.000194,0.084961,0.042453,0.104614,0.767777
ACAAGTAATTGTAAGG-1,0.000388,0.134445,0.519467,0.065568,0.280132
ACAATAGTCGTACGTT-1,0.000428,0.000429,0.48853,0.000428,0.510185
ACAATCCATTTAAACC-1,0.000206,0.000207,0.727532,0.000207,0.271848
ACAATCGATCTTTATA-1,0.000216,0.000217,0.150687,0.241751,0.607129
ACAATGAATACGGAGA-1,0.000343,0.019952,0.579561,0.186972,0.213171
ACAATGATTCTTCTAC-1,0.000852,0.000854,0.995733,0.000854,0.001707
ACAATTGTGTCTCTTT-1,0.001703,0.148722,0.84445,0.001708,0.003417
ACAATTTAGGAGGCTC-1,0.000383,0.000385,0.998078,0.000385,0.000769
ACAATTTGAGCAGTGG-1,0.000234,0.000234,0.45395,0.308909,0.236672
ACAATTTGGCCATATT-1,0.000245,0.000246,0.300179,0.049814,0.649515
ACACAAAGACGGGTGG-1,0.0002,0.000201,0.652557,0.083939,0.263103
ACACAAATATTCCTAG-1,0.000158,0.000158,0.740791,0.258576,0.000317
ACACACCAGGACCAGT-1,0.000602,0.000603,0.878557,0.000603,0.119635
ACACACTTTCTACACG-1,0.000582,0.000583,0.997085,0.000583,0.001166
ACACATGATCAAATCT-1,0.000121,0.041833,0.251379,0.321545,0.385122
ACACATTGACGCAACA-1,0.000242,0.000242,0.671567,0.000242,0.327707
ACACATTTCCGTAGAC-1,0.001538,0.890985,0.003086,0.001543,0.102847
ACACCACATAATTAGC-1,0.000062,0.000062,0.107675,0.072995,0.819207
ACACCCAGCATGCAGC-1,0.000266,0.000266,0.624036,0.075849,0.299583
ACACCCGAGAAATCCG-1,0.001045,0.218805,0.676111,0.101944,0.002095
ACACCCGTAAATCTGT-1,0.000564,0.229254,0.768488,0.000565,0.00113
ACACCGGTCTGACCGC-1,0.00011,0.00011,0.388467,0.098986,0.512327
ACACCTTAAGTAGGGC-1,0.000172,0.000172,0.363419,0.091612,0.544624
ACACCTTACTACTTGC-1,0.000124,0.025924,0.000249,0.009534,0.964169
ACACGAGACTCCTTCT-1,0.000184,0.000185,0.346011,0.053019,0.600601
ACACGGCACTATGCAT-1,0.000213,0.000213,0.499389,0.016783,0.483402
ACACGGGAACTTAGGG-1,0.000426,0.000427,0.997865,0.000427,0.000854
ACACGTAGGCCACAAG-1,0.003049,0.680699,0.120353,0.003054,0.192845
ACACTGATCAAGGTGT-1,0.000194,0.000195,0.245757,0.271005,0.482849
ACACTGGGACAGTCGT-1,0.003769,0.835513,0.007552,0.003776,0.14939
ACAGAACTGAGAACAA-1,0.000146,0.000146,0.000292,0.059316,0.940101
ACAGATTAGGTTAGTG-1,0.000329,0.025144,0.698434,0.00033,0.275763
ACAGCATAGAGCCAGT-1,0.000273,0.000273,0.734595,0.000273,0.264585
ACAGCGACATTCTCAT-1,0.000217,0.462095,0.047373,0.29718,0.193135
ACAGCGCACCCGCAGC-1,0.000209,0.00021,0.560023,0.011854,0.427704
ACAGGAGGCGCAGCCG-1,0.000281,0.000282,0.729739,0.018938,0.25076
ACAGGCACGGATCCTT-1,0.000232,0.968002,0.031066,0.000233,0.000466
ACAGGCTTGCCCGACT-1,0.002273,0.093721,0.651884,0.002277,0.249845
ACAGGTGGAGGTGAGG-1,0.000403,0.073033,0.697806,0.227949,0.000808
ACAGGTGTGTTGTTGC-1,0.000263,0.028538,0.469317,0.000263,0.501619
ACAGTAATACAACTTG-1,0.000135,0.001908,0.253086,0.014944,0.729927
ACAGTATACCGTGGGA-1,0.000623,0.000624,0.818299,0.179206,0.001248
ACAGTGCAGCGCATTT-1,0.000644,0.000646,0.996771,0.000646,0.001293
ACATAAGTCGTGGTGA-1,0.000341,0.000342,0.151399,0.000342,0.847576
ACATAATAAGGCGGTG-1,0.000458,0.000459,0.953249,0.000459,0.045376
ACATACAATCAAGCGG-1,0.001858,0.840396,0.097393,0.056627,0.003726
ACATCAGCTGGGACGC-1,0.000172,0.022105,0.653939,0.119041,0.204743
ACATCCCGGCCATACG-1,0.003978,0.003987,0.620678,0.003984,0.367372
ACATCCTGGTAACTGT-1,0.000479,0.00048,0.423637,0.00048,0.574924
ACATCGATCGTTTACC-1,0.000101,0.000101,0.108169,0.019718,0.871911
ACATCGCAATATTCGG-1,0.000229,0.00023,0.217307,0.157023,0.625211
ACATCGGTCAGCCGCG-1,0.000156,0.000156,0.249948,0.200555,0.549185
ACATCGTATGCAATGG-1,0.000284,0.000284,0.252258,0.457543,0.289631
ACATCGTTAACCTAGT-1,0.000256,0.000257,0.484633,0.050531,0.464324
ACATCTCAACGCGTAA-1,0.000196,0.015716,0.780195,0.000197,0.203696
ACATGCTTACGGCAGC-1,0.00041,0.000411,0.385723,0.367578,0.245877
ACATGGCGCCAAAGTA-1,0.000151,0.000152,0.223706,0.117209,0.658782
ACATGGCTCAATTTAG-1,0.000161,0.000162,0.323655,0.041768,0.634254
ACATTAGTTTATATCC-1,0.000525,0.000526,0.627986,0.334437,0.036527
ACATTCGCGCGGAATA-1,0.000372,0.000373,0.464199,0.158506,0.376551
ACATTTGAAACCTAAC-1,0.00038,0.870925,0.127553,0.000381,0.000761
ACCAAACACCCAGCGA-1,0.000455,0.000456,0.997723,0.000456,0.000911
ACCAAACTAGAAATCC-1,0.000241,0.000242,0.69615,0.081744,0.221623
ACCAACACCACACACT-1,0.000235,0.029143,0.898372,0.071778,0.000471
ACCAACCGCACTCCAC-1,0.000256,0.841727,0.157246,0.000257,0.000514
ACCAACGCTTATTTAT-1,0.000246,0.096971,0.392002,0.062926,0.447856
ACCAAGAACGCGTGTC-1,0.000948,0.07169,0.924512,0.00095,0.0019
ACCAAGTCATCGGCAG-1,0.000479,0.804434,0.193647,0.00048,0.00096
ACCAATATGCAAGTTA-1,0.003327,0.359702,0.006676,0.38303,0.247266
ACCACAACTCAGAACA-1,0.000102,0.000102,0.296594,0.202946,0.500257
ACCACAAGTTTCTATC-1,0.000119,0.000119,0.22768,0.007111,0.764971
ACCACACGGTTGATGG-1,0.003407,0.589825,0.396513,0.003417,0.006837
ACCACCAATGTAACAA-1,0.000377,0.000378,0.685659,0.000378,0.313209
ACCACCCTCTCTTCTA-1,0.000224,0.000225,0.990174,0.000225,0.009153
ACCACGTGCAGCTATA-1,0.000344,0.054918,0.578664,0.245515,0.120558
ACCACTGTTCAAGAAG-1,0.000302,0.000303,0.900332,0.000303,0.09876
ACCAGACCATAACAAC-1,0.00016,0.050068,0.723639,0.051288,0.174845
ACCAGCCCGGTCTTTG-1,0.000278,0.000278,0.704747,0.000278,0.294419
ACCAGGAGTGTGATCT-1,0.000154,0.016586,0.237642,0.252128,0.49349
ACCAGTGCCCGGTCAA-1,0.000604,0.042485,0.955095,0.000605,0.001211
ACCAGTGCGGGAGACG-1,0.000848,0.000849,0.664522,0.258859,0.074922
ACCATATCCGCAATAA-1,0.000136,0.028752,0.509063,0.017552,0.444497
ACCATCCGCCAACTAG-1,0.000674,0.000674,0.779445,0.000674,0.218533
ACCATCGTATATGGTA-1,0.000195,0.165258,0.401615,0.000196,0.432736
ACCATTAAGGGTGTCA-1,0.00049,0.343436,0.557312,0.097779,0.000983
ACCCAACGCCCGTGGC-1,0.000288,0.000288,0.99856,0.000288,0.000576
ACCCACCTACATGCTC-1,0.000164,0.000165,0.319515,0.305941,0.374215
ACCCATCTTGAGGGTA-1,0.000177,0.000178,0.216816,0.000178,0.782651
ACCCATTTGTCCCTCT-1,0.000113,0.304469,0.081258,0.280803,0.333358
ACCCGAGCGAAATTAC-1,0.000666,0.000667,0.408842,0.000667,0.589157
ACCCGATTGGTTCCGA-1,0.00191,0.001916,0.990432,0.001913,0.003829
ACCCGGAAACTCCCAG-1,0.003179,0.433217,0.554035,0.00319,0.00638
ACCCGGAGCACCACAA-1,0.001646,0.766956,0.003297,0.224802,0.003298
ACCCGGATGACGCATC-1,0.000316,0.000317,0.311147,0.000317,0.687903
ACCCGGTTACACTTCC-1,0.000259,0.000259,0.768682,0.209618,0.021182
ACCCGTAGCAGAGAAT-1,0.000261,0.080003,0.702074,0.017709,0.199953
ACCCGTAGTCTAGTTG-1,0.002701,0.829615,0.159559,0.00271,0.005415
ACCCGTGTCATCAGTA-1,0.003583,0.434372,0.551282,0.003589,0.007174
ACCCTATAGGACTGAG-1,0.000265,0.000266,0.65091,0.010978,0.337582
ACCCTATGCCATATCG-1,0.003251,0.256127,0.579853,0.003262,0.157507
ACCCTCCCGTCAGGGC-1,0.000458,0.705367,0.292796,0.00046,0.000919
ACCCTCCCTTGCTATT-1,0.000269,0.048841,0.014812,0.532757,0.403321
ACCCTGGTAACGCCCT-1,0.000334,0.000335,0.998325,0.000335,0.000671
ACCCTTCATCTGCGAA-1,0.000319,0.034131,0.597992,0.121786,0.245773
ACCCTTGCCTGGGTCG-1,0.000322,0.000323,0.968357,0.014477,0.016521
ACCCTTTAGTTCTCCA-1,0.000195,0.029798,0.554938,0.000195,0.414874
ACCGAAAGGGCCCTGC-1,0.000126,0.000126,0.313536,0.093369,0.592844
ACCGAAGAGTCTGGTT-1,0.000599,0.0006,0.091546,0.181083,0.726172
ACCGACACATCTCCCA-1,0.000654,0.199672,0.00131,0.448295,0.350068
ACCGACTGAGTCCCAC-1,0.000582,0.000583,0.997085,0.000583,0.001167
ACCGAGTCTCCTTATT-1,0.002346,0.692984,0.297614,0.002351,0.004705
ACCGATAGGCATAACC-1,0.001325,0.827638,0.002656,0.001328,0.167053
ACCGATATTTAATCAT-1,0.00179,0.085459,0.649905,0.001793,0.261053
ACCGATGGTAGCATCG-1,0.000291,0.000292,0.612793,0.000292,0.386333
ACCGCAATAACTGCCT-1,0.00045,0.077674,0.389422,0.179816,0.352638
ACCGCGGTGGAAGTCG-1,0.000573,0.000574,0.494075,0.000574,0.504204
ACCGCTAGTCATTGGT-1,0.000329,0.033927,0.517287,0.00033,0.448128
ACCGGGCCTTTGTTGA-1,0.001506,0.00151,0.63231,0.361653,0.003021
ACCGGTCAGGTACACC-1,0.00013,0.00013,0.00026,0.363588,0.635892
ACCGGTCTGAGTACGG-1,0.000365,0.000366,0.742936,0.000366,0.255967
ACCGTCCACTGGGCCC-1,0.000173,0.014878,0.372272,0.156595,0.456082
ACCGTGACCACGTGGG-1,0.002979,0.83586,0.152185,0.002992,0.005984
ACCGTTCCCGCTCTGA-1,0.000121,0.000121,0.170583,0.018853,0.810321
ACCTAAGTACCTTTCA-1,0.000315,0.000327,0.356144,0.526591,0.116623
ACCTAATCGACTTCCT-1,0.000173,0.000174,0.330326,0.008082,0.661245
ACCTACAGTATGTGGT-1,0.000241,0.000242,0.188025,0.37824,0.433252
ACCTACTATAAATCTA-1,0.000492,0.665158,0.000986,0.272907,0.060457
ACCTCAGCGAGGCGCA-1,0.000544,0.560741,0.001091,0.436533,0.001091
ACCTCCGCCCTCGCTG-1,0.002307,0.399567,0.59118,0.002315,0.004631
ACCTCCGTTATTCACC-1,0.000171,0.000172,0.105807,0.055289,0.83856
ACCTCGAACTTATGCT-1,0.000167,0.000167,0.207608,0.30512,0.486938
ACCTGCGTGTCATGTT-1,0.000442,0.000443,0.453791,0.000443,0.54488
ACCTTTCCTTTAGAAG-1,0.000401,0.000402,0.475976,0.240164,0.283057
ACGAAATGGGCGGCAC-1,0.000202,0.041976,0.62962,0.031943,0.29626
ACGACCCATGAGTTGC-1,0.001338,0.558319,0.002682,0.001341,0.43632
ACGACTCTAGGGCCGA-1,0.000435,0.67859,0.273663,0.000436,0.046876
ACGACTGGTCATACTC-1,0.002271,0.402394,0.588505,0.002278,0.004552
ACGAGAACCCATCACG-1,0.000129,0.052745,0.314233,0.042667,0.590226
ACGAGATATTTGCTTA-1,0.000248,0.000249,0.413116,0.176706,0.409682
ACGAGGATACCACTCT-1,0.000396,0.020049,0.357671,0.130193,0.491692
ACGAGGTTTACAACGT-1,0.001102,0.069678,0.484018,0.001104,0.444098
ACGAGTACGGATGCCC-1,0.000147,0.000147,0.303122,0.044676,0.651908
ACGAGTCGCCGGCGTT-1,0.0002,0.0002,0.744773,0.116981,0.137845
ACGATACATAGAACTA-1,0.000187,0.074997,0.276466,0.163704,0.484646
ACGATACCTATCCTGA-1,0.000211,0.000212,0.558386,0.053929,0.387262
ACGATCATACATAGAG-1,0.000228,0.000229,0.370401,0.104816,0.524325
ACGATCATCTTGTAAA-1,0.000379,0.00038,0.524887,0.00038,0.473975
ACGATGCATATGTTAT-1,0.000187,0.029824,0.447675,0.000187,0.522127
ACGATGGATCCGATGC-1,0.000229,0.00023,0.597012,0.097006,0.305524
ACGCAAACTAATAGAT-1,0.00421,0.97469,0.008441,0.004219,0.008441
ACGCAATCACTACAGC-1,0.000264,0.000265,0.755421,0.000265,0.243786
ACGCATAAATGACATG-1,0.000417,0.000418,0.99791,0.000418,0.000836
ACGCATACGTTTACTA-1,0.00311,0.229495,0.758031,0.003121,0.006243
ACGCATTCGTGAGTAC-1,0.000365,0.065309,0.933228,0.000366,0.000732
ACGCCACTCGAAACAG-1,0.001461,0.780314,0.213832,0.001464,0.002929
ACGCCAGATGATTTCT-1,0.000918,0.00092,0.730145,0.00092,0.267097
ACGCCAGTGCGTTTGC-1,0.000409,0.924507,0.007244,0.06702,0.00082
ACGCCCAGCTGTCGAT-1,0.000154,0.000155,0.412434,0.000155,0.587102
ACGCCGCTAGACGACC-1,0.00032,0.000321,0.810398,0.130991,0.05797
ACGCCTGACACGCGCT-1,0.000267,0.000268,0.576526,0.021507,0.401432
ACGCGAAGTCAGACGA-1,0.000264,0.01368,0.803854,0.171107,0.011095
ACGCGCTACACAGGGT-1,0.000466,0.000467,0.586441,0.000468,0.412158
ACGCGGGCCAAGGACA-1,0.000239,0.00024,0.712084,0.00024,0.287198
ACGCGTTTCTTAAGAG-1,0.000105,0.000106,0.350323,0.124449,0.525017
ACGCTACTGAATGGGC-1,0.001748,0.732148,0.260851,0.001751,0.003502
ACGCTAGTATCAGTGC-1,0.000568,0.102641,0.895085,0.000569,0.001138
ACGCTAGTGATACACT-1,0.000133,0.000134,0.000268,0.106124,0.893341
ACGCTGTGAGGCGTAG-1,0.000191,0.000191,0.336084,0.082735,0.580799
ACGCTTAGTGTCTCTC-1,0.000409,0.00041,0.884329,0.036111,0.078741
ACGGAACACGAGTGCC-1,0.000434,0.847938,0.150324,0.000435,0.00087
ACGGAATTTAGCAAAT-1,0.000685,0.02663,0.970626,0.000686,0.001373
ACGGACGCAGCGACAA-1,0.000695,0.065285,0.678369,0.000697,0.254955
ACGGACTCTCAAAGCG-1,0.001959,0.871447,0.120698,0.001965,0.003931
ACGGAGCGCAAATTAC-1,0.000336,0.000337,0.998317,0.000337,0.000674
ACGGATGGTGCGGATA-1,0.005969,0.271843,0.704243,0.005985,0.011959
ACGGCACTTGCTTGGG-1,0.000895,0.041006,0.827452,0.000897,0.12975
ACGGCCAACATGGACT-1,0.000399,0.134202,0.456401,0.260891,0.148106
ACGGCGACGATGGGAA-1,0.000382,0.000383,0.685548,0.000383,0.313305
ACGGCGGGTTGCCCTG-1,0.000116,0.051515,0.238894,0.03519,0.674284
ACGGCTGGATGTAGAA-1,0.000158,0.000158,0.05394,0.162923,0.782821
ACGGGAGTGTCGGCCC-1,0.000601,0.061126,0.623007,0.000603,0.314662
ACGGGCGTATGCGACA-1,0.000218,0.000218,0.520235,0.000218,0.47911
ACGGGTTGTGACCTGT-1,0.000236,0.02235,0.273218,0.000236,0.703959
ACGGTACAGTTCAATG-1,0.000383,0.997699,0.000767,0.000384,0.000767
ACGGTCACCGAGAACA-1,0.000292,0.0645,0.324486,0.076475,0.534248
ACGTACAGATTTCTCT-1,0.000208,0.000208,0.214199,0.169981,0.615405
ACGTACTTTGGCACGG-1,0.000451,0.000451,0.340401,0.654784,0.003913
ACGTAGATTGCTGATG-1,0.000116,0.000116,0.212511,0.000116,0.787141
ACGTAGGAGAGTCGCT-1,0.003042,0.703336,0.014552,0.003052,0.276018
ACGTATTACTCCGATC-1,0.000541,0.000541,0.342438,0.000542,0.655938
ACGTCCTAAACGAGAT-1,0.000318,0.07302,0.600901,0.003038,0.322724
ACGTCGGGCAACTCGG-1,0.000108,0.004142,0.126827,0.2963,0.572623
ACGTCTCGTTCCGGGA-1,0.000327,0.000329,0.78678,0.000328,0.212235
ACGTGACAAAGTAAGT-1,0.000275,0.000275,0.154459,0.227507,0.617483
ACGTGCGCCTCGTGCA-1,0.000954,0.042419,0.953756,0.000957,0.001914
ACGTGGTCGAATGTGC-1,0.000368,0.111075,0.537012,0.000369,0.351176
ACGTTAATGTCGAAGA-1,0.00015,0.000151,0.392478,0.026407,0.580814
ACGTTAGATTTGCCCG-1,0.000222,0.000222,0.348713,0.000222,0.650621
ACGTTATTGGTCACTC-1,0.001301,0.432542,0.562244,0.001304,0.002609
ACGTTCACTATGCCGC-1,0.001118,0.278615,0.553239,0.001121,0.165906
ACGTTCCGCGCTCCGT-1,0.000174,0.000174,0.27717,0.150401,0.572081
ACGTTCGCAATCAATT-1,0.000211,0.002497,0.725022,0.000212,0.272058
ACGTTCGTTCAGGAAA-1,0.001746,0.653942,0.003499,0.00175,0.339062
ACGTTCTGTACAAGTC-1,0.000368,0.646576,0.35195,0.000369,0.000738
ACGTTGTCGTTGAAAG-1,0.000857,0.000859,0.622494,0.00086,0.374931
ACGTTTAGTTGTGATC-1,0.00053,0.03949,0.958385,0.000532,0.001063
ACGTTTCGGTGCACTT-1,0.001267,0.874888,0.00254,0.00127,0.120035
ACTAAGGACGCACACC-1,0.000296,0.290103,0.504591,0.141096,0.063914
ACTAATACGTCAGGCG-1,0.000209,0.000209,0.429281,0.32353,0.246771
ACTACAAAGAGAGGTG-1,0.002649,0.496664,0.492715,0.002657,0.005315
ACTACATCCCGACAAG-1,0.0001,0.0001,0.144673,0.556463,0.298664
ACTACCAGCTCTCTGG-1,0.000462,0.000463,0.532492,0.0122,0.454383
ACTACCATCCGAGGGC-1,0.000226,0.000226,0.411579,0.442343,0.145626
ACTACGCGTTAGAATT-1,0.002425,0.705469,0.004866,0.282373,0.004867
ACTAGTTGCGATCGTC-1,0.000654,0.000656,0.467767,0.309724,0.221199
ACTATATGCTGTGTTC-1,0.001626,0.065344,0.565594,0.001631,0.365805
ACTATCCAGGGCATGG-1,0.000169,0.008782,0.066662,0.152115,0.772271
ACTATCTGCCCGCGTA-1,0.002601,0.475418,0.514161,0.002607,0.005213
ACTATGTCCAGCTGCC-1,0.000175,0.000176,0.392002,0.202823,0.404824
ACTATTCGTCCGTGGT-1,0.000539,0.022875,0.907093,0.068415,0.001079
ACTATTTCCGGGCCCA-1,0.002204,0.103529,0.004417,0.625056,0.264795
ACTCAACGAATGTATT-1,0.000217,0.055028,0.6376,0.096132,0.211022
ACTCAAGTGCAAGGCT-1,0.004334,0.593731,0.388913,0.004342,0.00868
ACTCAATAAAGGCACG-1,0.000305,0.000306,0.725633,0.000306,0.27345
ACTCAGACCTGCTTCT-1,0.000454,0.000456,0.722373,0.000456,0.276261
ACTCATGGCAGCCTTC-1,0.000164,0.000164,0.285978,0.167018,0.546676
ACTCCAATATCATCAT-1,0.001908,0.001913,0.822739,0.169612,0.003828
ACTCCCATTCCTAAAG-1,0.00015,0.000244,0.00846,0.106121,0.885025
ACTCCCGAATTCGTTT-1,0.000228,0.000229,0.352347,0.019989,0.627207
ACTCCCGTAGACTAGG-1,0.000358,0.000359,0.998207,0.000359,0.000717
ACTCCCTAATGCTAAA-1,0.002237,0.481391,0.509638,0.002244,0.004489
ACTCCCTAGAATAGTA-1,0.000524,0.083087,0.706499,0.123226,0.086665
ACTCCGGCCGACCACT-1,0.000515,0.779599,0.218339,0.000516,0.001032
ACTCGCCGTTCGATAA-1,0.000336,0.880502,0.118151,0.000337,0.000674
ACTCGCGATCTGACGC-1,0.000536,0.000537,0.557058,0.000537,0.441331
ACTCGTAACCCGTCCT-1,0.000251,0.000252,0.299756,0.272797,0.426943
ACTCGTCAGTAATCCC-1,0.000398,0.000398,0.242911,0.000399,0.755895
ACTCTAAACCTGGGAT-1,0.000271,0.000272,0.737617,0.17531,0.08653
ACTCTCTGACTTAGGT-1,0.000499,0.0005,0.667141,0.0005,0.33136
ACTCTCTTATACACGA-1,0.000365,0.000366,0.640115,0.004086,0.355068
ACTCTGACCTAATAGA-1,0.000317,0.663261,0.263454,0.000318,0.072649
ACTCTTCAGCTCCCGC-1,0.000572,0.000574,0.809603,0.000574,0.188678
ACTCTTGTATAGTAAC-1,0.000162,0.000163,0.184743,0.00422,0.810712
ACTGAAACGCCGTTAG-1,0.003331,0.753913,0.232743,0.003339,0.006674
ACTGAATGGCGAAAGT-1,0.000688,0.058076,0.613653,0.101804,0.225779
ACTGATTTAGTGATTC-1,0.000263,0.000263,0.590205,0.002575,0.406694
ACTGCCCGCCATTCTC-1,0.000499,0.0005,0.291445,0.706556,0.001
ACTGCCGTCGTAACTC-1,0.000782,0.097322,0.899544,0.000784,0.001568
ACTGCGGACACACCGT-1,0.000225,0.000225,0.00045,0.003648,0.995452
ACTGCTCGGAAGGATG-1,0.000087,0.03308,0.024215,0.077155,0.865464
ACTGGCGAACCTGCGT-1,0.000425,0.017728,0.98057,0.000426,0.000851
ACTGGGATGCCAGTGC-1,0.002273,0.432087,0.303759,0.002277,0.259603
ACTGTACGATACACAT-1,0.000217,0.000217,0.631909,0.03161,0.336047
ACTGTAGCACTTTGGA-1,0.000292,0.000292,0.609848,0.000292,0.389275
ACTGTATACGCGAGCA-1,0.000351,0.000352,0.867333,0.000352,0.131612
ACTGTCCAGGATTATA-1,0.000321,0.066408,0.642917,0.049257,0.241097
ACTGTCTTCTTTAGAA-1,0.000125,0.000125,0.173893,0.000353,0.825505
ACTGTGCTAGTAGATC-1,0.000228,0.017792,0.337658,0.319168,0.325153
ACTGTTTAGTGTAGGC-1,0.000219,0.03954,0.071764,0.076216,0.812262
ACTTACCGGGCGCGCA-1,0.001109,0.113286,0.882268,0.001113,0.002225
ACTTACGCATCCACGC-1,0.003046,0.548986,0.169071,0.272789,0.006109
ACTTAGTACGACAAGA-1,0.000327,0.000328,0.782132,0.000328,0.216884
ACTTATACTTACCCGG-1,0.000245,0.098578,0.288846,0.086645,0.525686
ACTTATCTGATCTATA-1,0.000193,0.055214,0.061192,0.000193,0.883208
ACTTATTAGGATCGGT-1,0.000369,0.00037,0.873175,0.00037,0.125717
ACTTATTTATGTGCCA-1,0.00049,0.000492,0.593664,0.260113,0.145241
ACTTCAGGCTGATCCC-1,0.001278,0.128886,0.865994,0.001281,0.002561
ACTTCCAGTGGAAGCT-1,0.000199,0.019121,0.224247,0.316838,0.439595
ACTTCCATGCGGGACA-1,0.004935,0.262203,0.264742,0.45822,0.0099
ACTTCCTGTCGTGCGA-1,0.000454,0.175431,0.71345,0.109754,0.000911
ACTTCGCCATACGCAC-1,0.000189,0.00019,0.295648,0.012093,0.69188
ACTTCGCTAGCGAGTG-1,0.00016,0.00016,0.357061,0.177884,0.464736
ACTTGACTCCCTCTTT-1,0.000361,0.042601,0.776447,0.000361,0.18023
ACTTGCCATATTGTAC-1,0.000423,0.000424,0.762177,0.000425,0.236551
ACTTGCTCTATCTACC-1,0.000329,0.0353,0.260227,0.021541,0.682603
ACTTGGGACCCGGTGG-1,0.000285,0.000285,0.747971,0.012111,0.239347
ACTTGGGCTTTCGCCA-1,0.989106,0.001817,0.003636,0.001814,0.003627
ACTTGTAGTCCCTTCA-1,0.001053,0.001055,0.811471,0.001055,0.185367
ACTTGTGGATGGAACG-1,0.002434,0.002434,0.987832,0.002432,0.004868
ACTTGTTACCGGATCA-1,0.002203,0.986757,0.004416,0.002208,0.004415
ACTTTACCCTCATGAA-1,0.000191,0.000192,0.441769,0.020283,0.537565
ACTTTATACACCACTT-1,0.000341,0.000342,0.607944,0.003452,0.387921
ACTTTCCTATAGCTTC-1,0.000506,0.000507,0.541202,0.014844,0.442941
ACTTTGACTGCATCCT-1,0.000339,0.012854,0.797585,0.00034,0.188882
ACTTTGGTCGTGCTCC-1,0.000206,0.08072,0.001569,0.298315,0.61919
ACTTTGTCGACGCACT-1,0.004771,0.004793,0.976103,0.004779,0.009554
AGAAATTATGACTCGC-1,0.00093,0.000933,0.153246,0.000932,0.843958
AGAACACGGCGATGGT-1,0.000286,0.152056,0.506337,0.245411,0.09591
AGAACCCAGCGTGACA-1,0.000165,0.054523,0.303761,0.080694,0.560856
AGAACCCTCAATTGGG-1,0.000337,0.000338,0.439929,0.000338,0.559059
AGAACGTGGTACATTC-1,0.000168,0.000168,0.279234,0.021633,0.698797
AGAACTGTACTTTGTA-1,0.001084,0.868564,0.002174,0.126003,0.002175
AGAAGAGCGCCGTTCC-1,0.002982,0.002991,0.599332,0.388715,0.00598
AGAAGGTACACTTCAC-1,0.000374,0.067571,0.306864,0.113031,0.51216
AGAAGGTTGCCGAATT-1,0.000165,0.047001,0.36671,0.000911,0.585212
AGAAGGTTGTAGGTCG-1,0.000237,0.944918,0.000474,0.000237,0.054134
AGAAGTGATTCGTGAT-1,0.000316,0.000317,0.337723,0.195546,0.466098
AGAATAAATCTTCAGG-1,0.000248,0.000249,0.998757,0.000249,0.000497
AGAATACAGGCTATCC-1,0.00032,0.883483,0.000642,0.010265,0.10529
AGAATTATGGATTCGA-1,0.00033,0.015035,0.715334,0.000331,0.26897
AGAATTGTTTGACATA-1,0.000669,0.157328,0.468301,0.243849,0.129853
AGACAGCTCAGAATCC-1,0.000497,0.141871,0.799615,0.057021,0.000997
AGACAGGCATCTCAGC-1,0.001339,0.001341,0.606538,0.118194,0.272587
AGACATAGATCCTTCC-1,0.000138,0.039111,0.082834,0.000139,0.877778
AGACCAAACCACACCT-1,0.000285,0.024379,0.183339,0.127394,0.664603
AGACCATGGGATACAA-1,0.000406,0.036559,0.961815,0.000407,0.000813
AGACCCACCGCTGATC-1,0.000266,0.046187,0.401584,0.145685,0.406278
AGACCCGCCCTCCTCG-1,0.000146,0.000146,0.110839,0.007469,0.881401
AGACCGCTCCGCGGTT-1,0.001212,0.101328,0.271665,0.623362,0.002433
AGACCGGGAAACCCTG-1,0.000378,0.06204,0.833948,0.000379,0.103256
AGACGAAGTGCCGGTC-1,0.000319,0.00032,0.401668,0.036595,0.561098
AGACGACGATGCCGCT-1,0.001445,0.001451,0.341229,0.087357,0.568518
AGACGCCCACTTCGCC-1,0.001145,0.759062,0.236351,0.001147,0.002294
AGACGGGATTGGTATA-1,0.000263,0.000264,0.76115,0.000264,0.23806
AGACGGGCCGATTTAA-1,0.000348,0.000348,0.887645,0.027922,0.083737
AGACTAGCCTTCCAGA-1,0.000389,0.00039,0.998017,0.00039,0.000814
AGACTGTTACCGGGTC-1,0.007523,0.5152,0.454643,0.00755,0.015084
AGAGAAACACCAGAAA-1,0.000636,0.000638,0.622792,0.140209,0.235724
AGAGAACCGTCTAGGA-1,0.000343,0.000344,0.739032,0.027001,0.23328
AGAGAAGGAGTACAAT-1,0.002235,0.289581,0.368395,0.002242,0.337546
AGAGATCTCTAAAGCG-1,0.000366,0.034655,0.646839,0.051211,0.266929
AGAGCAGTTATGAGAC-1,0.000194,0.000194,0.673434,0.135088,0.19109
AGAGCCGCCGAGATTT-1,0.006227,0.456932,0.285206,0.006242,0.245393
AGAGCGCTTGTAACGG-1,0.00018,0.000181,0.78779,0.06808,0.143768
AGAGCGGGCTAATCAT-1,0.000847,0.185302,0.811304,0.000849,0.001698
AGAGCGTACAAGCTCG-1,0.000382,0.000383,0.971868,0.026602,0.000765
AGAGCTACGAAAGCAT-1,0.000157,0.000158,0.319444,0.190531,0.48971
AGAGGCTTCGGAAACC-1,0.001908,0.001914,0.499677,0.492673,0.003828
AGAGGTATCTCGGTCC-1,0.000381,0.000382,0.944548,0.053926,0.000763
AGAGTAAACTTCACTA-1,0.000607,0.000609,0.377857,0.058435,0.562493
AGAGTATAGTGTTACG-1,0.00024,0.00024,0.77218,0.00024,0.2271
AGAGTCTTAATGAAAG-1,0.001015,0.720471,0.227027,0.001017,0.05047
AGAGTGAACAGACACC-1,0.000477,0.182344,0.815743,0.000478,0.000957
AGAGTTAGAGACCGAT-1,0.000185,0.000186,0.370426,0.019625,0.609577
AGAGTTGCAGGCCTCC-1,0.000388,0.053597,0.94485,0.000389,0.000777
AGATAACTTCAGGGCC-1,0.000217,0.000218,0.917618,0.000218,0.081729
AGATAATCACACCTAT-1,0.000267,0.042394,0.499411,0.08211,0.375819
AGATACCAATAGAACC-1,0.00028,0.690932,0.307948,0.00028,0.00056
AGATACCAGCACTTCA-1,0.000253,0.000253,0.998733,0.000254,0.000507
AGATACCGGTGTTCAC-1,0.000225,0.000226,0.669654,0.026189,0.303706
AGATACGACTTCATAT-1,0.000482,0.02352,0.901957,0.073075,0.000966
AGATACTCAAGATCGA-1,0.000167,0.079566,0.011401,0.038066,0.8708
AGATATAATACGACTA-1,0.000154,0.830706,0.000309,0.000155,0.168675
AGATCGTGCATAAGAT-1,0.000115,0.000115,0.268168,0.047727,0.683875
AGATCTCAGGTGTGAT-1,0.000133,0.000133,0.167848,0.015374,0.816513
AGATCTGGAGAGGATA-1,0.000135,0.030098,0.265622,0.09368,0.610465
AGATGACTCGCCCACG-1,0.000627,0.00063,0.996857,0.000629,0.001257
AGATGAGGGTTGCGAT-1,0.000954,0.000957,0.995219,0.000957,0.001914
AGATGATGGAGTCTGG-1,0.000249,0.016999,0.167023,0.00025,0.815479
AGATGCAAGACGTGCA-1,0.00028,0.000281,0.227246,0.508068,0.264124
AGATGCATCCTGTGTC-1,0.001076,0.054646,0.94104,0.001079,0.002159
AGATGCTATAACGAGC-1,0.000316,0.000317,0.998417,0.000317,0.000633
AGATTATAGGACGTTT-1,0.000285,0.000286,0.709708,0.000285,0.289436
AGATTCAAGCGGGTCG-1,0.000232,0.000233,0.519489,0.012466,0.46758
AGATTCACAACCGATA-1,0.000168,0.000169,0.018702,0.079959,0.901001
AGCAAAGGCCGCTAGT-1,0.002602,0.98435,0.005215,0.002612,0.005221
AGCAACATATCTTATT-1,0.000136,0.055341,0.029479,0.000137,0.914907
AGCAACCGAAAGTAAT-1,0.000197,0.092046,0.43078,0.219235,0.257743
AGCACACGTTTAGACT-1,0.000255,0.030355,0.104925,0.240354,0.624111
AGCACCAGTACTCACG-1,0.000114,0.000114,0.14324,0.000114,0.856417
AGCACTACCGGCCTGT-1,0.000382,0.000383,0.998088,0.000383,0.000765
AGCACTACCTCACCAG-1,0.002386,0.354584,0.635853,0.002393,0.004784
AGCACTTAAGGACGCC-1,0.000221,0.040456,0.581716,0.051064,0.326544
AGCAGAAGGAGAAAGA-1,0.000159,0.665685,0.146002,0.051477,0.136677
AGCAGCCAGATGAATA-1,0.002073,0.002081,0.816992,0.174696,0.004159
AGCAGTCGAAGCATGC-1,0.002804,0.703769,0.284986,0.002813,0.005628
AGCATATCAATATGCT-1,0.002205,0.002212,0.873299,0.002208,0.120076
AGCATCATTTCGAAAG-1,0.000257,0.07893,0.589081,0.24506,0.086672
AGCATCGTCGATAATT-1,0.000657,0.000658,0.996711,0.000658,0.001316
AGCATTACGAGGCAAG-1,0.000451,0.739631,0.258561,0.000452,0.000904
AGCCAAGCTTTGTGTC-1,0.000346,0.739501,0.157455,0.102004,0.000693
AGCCACAGGTTACCCG-1,0.000177,0.470537,0.007706,0.325169,0.196411
AGCCACTCCCGTGCTT-1,0.000387,0.000388,0.323517,0.073069,0.60264
AGCCATATAGTATGTG-1,0.002237,0.683792,0.004485,0.305001,0.004485
AGCCCATACATGTAAG-1,0.000204,0.00937,0.271451,0.052463,0.666512
AGCCCGCAACAAGCAG-1,0.001989,0.802317,0.003988,0.001995,0.189712
AGCCCGCACTACAATG-1,0.002207,0.986751,0.004414,0.002208,0.004419
AGCCCGGCATTAGAGG-1,0.000476,0.000477,0.637506,0.333569,0.027972
AGCCCGGTAGCCTGTA-1,0.003327,0.562504,0.006682,0.003338,0.424149
AGCCCTAAGCGAAGTT-1,0.000346,0.000347,0.852344,0.000347,0.146617
AGCCCTCCCTGGTGGC-1,0.001461,0.001463,0.65729,0.336857,0.002929
AGCCCTGTCGCACCGT-1,0.000974,0.179928,0.505176,0.111066,0.202855
AGCCCTTCTAATCCGA-1,0.000495,0.000497,0.99752,0.000496,0.000992
AGCCCTTGGACATCCC-1,0.004472,0.495318,0.48674,0.004489,0.008982
AGCCGCAAATTCAAAT-1,0.000114,0.000114,0.33969,0.087615,0.572467
AGCCGCTTGATTAGCG-1,0.000753,0.376999,0.619981,0.000756,0.001511
AGCCGTGGCTAAATGT-1,0.000266,0.000266,0.595168,0.028622,0.375677
AGCCTAATACCCACGT-1,0.000524,0.015484,0.33725,0.000526,0.646216
AGCCTTAAAGCGGAAG-1,0.000373,0.260016,0.733561,0.005302,0.000748
AGCCTTGTCACTGATA-1,0.00026,0.000261,0.23316,0.179228,0.58709
AGCGACAGGAACGGTC-1,0.000224,0.043239,0.251263,0.36345,0.341824
AGCGACCAACGATATT-1,0.000106,0.000106,0.139699,0.15829,0.701799
AGCGACTTTGAAGACA-1,0.000738,0.09739,0.592483,0.043723,0.265667
AGCGAGACGTGAAGGC-1,0.000163,0.000164,0.320573,0.033003,0.646097
AGCGATGCGCCTAATA-1,0.000273,0.691194,0.307714,0.000273,0.000546
AGCGCATAATGAATCG-1,0.003258,0.681339,0.006526,0.302354,0.006523
AGCGCGGGTGCCAATG-1,0.000298,0.000299,0.839629,0.122108,0.037666
AGCGCTAGAGCGATGT-1,0.000276,0.000276,0.339506,0.141138,0.518804
AGCGCTTATGGGCAAG-1,0.000315,0.000315,0.784019,0.211944,0.003407
AGCGGACACTTCGTAG-1,0.000301,0.673297,0.325495,0.000302,0.000604
AGCGGCGGTTAGCGGT-1,0.00037,0.000371,0.149477,0.000371,0.849411
AGCGGGAAGGGTCCAT-1,0.000212,0.000212,0.277732,0.180264,0.54158
AGCGGGTCTGACACTC-1,0.000252,0.774457,0.000504,0.203604,0.021183
AGCGGTTGAGATGTAC-1,0.000328,0.000328,0.692744,0.091808,0.214792
AGCGGTTGCCGCTCTG-1,0.000775,0.018901,0.977996,0.000776,0.001552
AGCGTACGAGAGCTAG-1,0.000325,0.000326,0.99837,0.000326,0.000652
AGCGTAGCGCTAGACC-1,0.00029,0.00029,0.872119,0.000291,0.12701
AGCGTCTGAACCCGCA-1,0.00012,0.00012,0.313397,0.012235,0.674129
AGCGTGGTATTCTACT-1,0.000162,0.000163,0.02087,0.198869,0.779936
AGCGTTCCGATTTAAA-1,0.000241,0.000242,0.88202,0.000242,0.117255
AGCTAACAAGCAATGT-1,0.000774,0.000776,0.54027,0.280884,0.177296
AGCTAAGCTCCGTCCG-1,0.000292,0.000293,0.12255,0.436887,0.439978
AGCTAAGTACGCAGGC-1,0.000238,0.716631,0.282415,0.000239,0.000477
AGCTACGAATGGTGGT-1,0.001136,0.993166,0.00228,0.00114,0.00228
AGCTAGAAGCAGAAGT-1,0.000276,0.036474,0.885404,0.000276,0.07757
AGCTATTTAATCCAAC-1,0.000879,0.136217,0.562019,0.00088,0.300004
AGCTCCATATATGTTC-1,0.005509,0.603053,0.011038,0.005518,0.374882
AGCTCCTTCGCACATC-1,0.002922,0.145512,0.697626,0.002929,0.151011
AGCTCGTTGATGGAAA-1,0.000202,0.000203,0.904369,0.09482,0.000406
AGCTCTAGACGTTCCA-1,0.000107,0.004803,0.000214,0.087358,0.907519
AGCTCTTCCCAGTGCA-1,0.00079,0.022406,0.974426,0.000792,0.001585
AGCTCTTCGTAACCTT-1,0.000325,0.000325,0.579423,0.03306,0.386867
AGCTCTTTACTCAGTT-1,0.000201,0.108228,0.471879,0.004826,0.414866
AGCTGAAGTAAACCAA-1,0.000296,0.000297,0.813373,0.048484,0.137551
AGCTGCATTTGAGGTG-1,0.000328,0.000329,0.354109,0.117501,0.527733
AGCTGCTGTGCCGAAT-1,0.000636,0.000638,0.617745,0.007333,0.373648
AGCTGTAACCTCAATC-1,0.000577,0.092112,0.500292,0.296143,0.110876
AGCTTATAGAGACCTG-1,0.000387,0.000388,0.863761,0.11146,0.024005
AGCTTCAATACTTTGA-1,0.000271,0.000272,0.322701,0.081711,0.595045
AGCTTCTTCTCGAGCA-1,0.000469,0.746465,0.251654,0.00047,0.000941
AGCTTGATCAGGGTAG-1,0.000125,0.019126,0.00025,0.059986,0.920513
AGCTTGATCTTAACTT-1,0.000301,0.068935,0.18323,0.26682,0.480715
AGGAAAGCCTCTGATG-1,0.000246,0.000246,0.50275,0.138881,0.357877
AGGAACGAACGACTTC-1,0.00034,0.906143,0.092494,0.000341,0.000681
AGGAAGCTGTCCGCCG-1,0.004344,0.702509,0.280087,0.00435,0.008711
AGGACAGTCGAATCCC-1,0.001389,0.001393,0.993039,0.001393,0.002786
AGGACATCGCACGTCG-1,0.000708,0.00071,0.996453,0.000709,0.001419
AGGACATCGGCACACT-1,0.004624,0.627835,0.353662,0.004626,0.009252
AGGACGACCCATTAGA-1,0.000086,0.000086,0.08854,0.153356,0.757932
AGGACGCTCGATGTTG-1,0.00049,0.000491,0.997544,0.000491,0.000983
AGGACTTATAGGAGAA-1,0.000795,0.020393,0.505765,0.192634,0.280414
AGGAGACATCCACAGT-1,0.000155,0.000155,0.822656,0.000155,0.176879
AGGAGAGTCTGGCTAC-1,0.000315,0.000316,0.99842,0.000316,0.000632
AGGAGCGTTTATTATC-1,0.001053,0.779276,0.00211,0.001055,0.216506
AGGAGGCCTTCGCGCG-1,0.002601,0.239599,0.567153,0.002608,0.188039
AGGATAAAGTCGGGAT-1,0.000653,0.283869,0.713512,0.000655,0.001311
AGGATATAGGGATTTA-1,0.000364,0.000365,0.174131,0.196887,0.628252
AGGATATCCGACTGCA-1,0.000383,0.882017,0.116449,0.000384,0.000768
AGGATCACGCGATCTG-1,0.001127,0.001131,0.687716,0.00113,0.308896
AGGATTGCTTACGACA-1,0.000227,0.000227,0.755299,0.007804,0.236443
AGGCAAAGAGGAATCA-1,0.000141,0.093327,0.105826,0.098629,0.702077
AGGCAATACGGAGGAC-1,0.000313,0.000314,0.811684,0.000314,0.187375
AGGCACGTGACTGTCC-1,0.005498,0.496014,0.481944,0.005515,0.011029
AGGCAGATGCGTAAAC-1,0.000115,0.009806,0.138518,0.247718,0.603844
AGGCAGGGAGCGTACT-1,0.003666,0.296672,0.445782,0.00368,0.2502
AGGCATTGTCGTAGGG-1,0.000814,0.136905,0.322159,0.000815,0.539307
AGGCCACATTGGTTAC-1,0.000289,0.049221,0.150038,0.00029,0.800162
AGGCCACCCGTTATGA-1,0.000189,0.000189,0.256108,0.003835,0.739679
AGGCCCAGTGACTGGT-1,0.000178,0.000179,0.366058,0.217606,0.415979
AGGCCCATTGTACAGG-1,0.000617,0.000618,0.99691,0.000618,0.001237
AGGCCCTAGAACGCCA-1,0.000492,0.22913,0.4797,0.103792,0.186886
AGGCCTATCATACCAA-1,0.002468,0.389846,0.17916,0.220511,0.208015
AGGCCTGAGAATCTCG-1,0.001023,0.641586,0.354318,0.001024,0.002049
AGGCGATAACTGGCGT-1,0.004338,0.259046,0.346604,0.381314,0.008698
AGGCGGTTTGTCCCGC-1,0.000372,0.049487,0.571366,0.254797,0.123978
AGGCTATGGTTAGCTT-1,0.000136,0.000136,0.179253,0.082356,0.738118
AGGCTTAAGTTGCACA-1,0.000782,0.893864,0.001568,0.000784,0.103002
AGGCTTCCCGAAGAAG-1,0.00026,0.038524,0.473705,0.331716,0.155795
AGGCTTGCTAGACACC-1,0.000217,0.000218,0.485932,0.067768,0.445864
AGGGAAACGAGGTACT-1,0.001213,0.052018,0.943123,0.001215,0.00243
AGGGACAGCACGGCGG-1,0.000421,0.000422,0.997891,0.000422,0.000844
AGGGACCGGCTGCGTT-1,0.0004,0.000401,0.32992,0.000401,0.668878
AGGGACTCTACGCGAC-1,0.002755,0.187486,0.490973,0.00276,0.316026
AGGGAGACATACTTCG-1,0.000237,0.000237,0.453652,0.01201,0.533865
AGGGCAGCGGCGTGGT-1,0.000388,0.000389,0.998056,0.000389,0.000778
AGGGCCCTAATGTTCT-1,0.000401,0.742407,0.255987,0.000402,0.000804
AGGGCGAGCAGCTGAT-1,0.000144,0.000144,0.208993,0.184913,0.605805
AGGGCGTGATCGGCTA-1,0.001053,0.12678,0.774265,0.095791,0.002111
AGGGCTGCAGTTACAG-1,0.000228,0.010746,0.651078,0.093363,0.244585
AGGGTCAGAGCACTCG-1,0.002141,0.164566,0.264455,0.002143,0.566696
AGGGTCAGTAACCCTA-1,0.000636,0.000637,0.851366,0.000638,0.146723
AGGGTCGATGCGAACT-1,0.000206,0.000207,0.093578,0.132242,0.773768
AGGGTCTGGACGCAGT-1,0.00298,0.652417,0.005982,0.002991,0.335629
AGGGTGCCGTTCTTTA-1,0.001291,0.204516,0.463862,0.292667,0.037664
AGGGTGCTCTCGAGGG-1,0.000308,0.000309,0.695869,0.000309,0.303206
AGGGTGGATAGTGCAT-1,0.000216,0.000217,0.646634,0.011322,0.341612
AGGGTGTGCTACACGC-1,0.000719,0.000722,0.996399,0.00072,0.00144
AGGGTTCAGACGGTCC-1,0.002235,0.986553,0.004481,0.002243,0.004488
AGGGTTCCCTTTGGTT-1,0.00032,0.000321,0.672699,0.000321,0.326339
AGGGTTTAGTTCGGGA-1,0.000225,0.000226,0.318041,0.002295,0.679213
AGGTAACCTCCTATTC-1,0.000592,0.000592,0.704139,0.084946,0.20973
AGGTACGATATTGCCA-1,0.000106,0.000106,0.146188,0.127582,0.726018
AGGTAGATCGAGATAT-1,0.000863,0.36092,0.001729,0.256263,0.380225
AGGTAGGTACAAAGCT-1,0.000201,0.000201,0.589635,0.080268,0.329694
AGGTATAATTGATAGT-1,0.000138,0.02192,0.044272,0.000138,0.933532
AGGTATGCGGACATTA-1,0.000443,0.000444,0.537766,0.000444,0.460903
AGGTCAGGTGAGAGTG-1,0.00075,0.098764,0.898232,0.000751,0.001503
AGGTCGCCACTTCGGT-1,0.000367,0.000368,0.998162,0.000368,0.000736
AGGTCGCCTCCCAACA-1,0.002238,0.986558,0.004485,0.00224,0.004479
AGGTCGCGGAGTTACT-1,0.000177,0.000177,0.593641,0.000177,0.405827
AGGTGCACGTCCACAT-1,0.000351,0.7896,0.116185,0.093162,0.000703
AGGTGGTGACCTTCGC-1,0.000217,0.858938,0.000433,0.006594,0.133818
AGGTGTATCGCCATGA-1,0.000158,0.014682,0.366635,0.077482,0.541043
AGGTGTTGCCGACCAC-1,0.000372,0.81445,0.121202,0.063231,0.000746
AGGTTACACCATGCCG-1,0.000306,0.000307,0.497292,0.000307,0.501789
AGGTTCTCCTTTCCGG-1,0.000474,0.000475,0.653502,0.034106,0.311442
AGGTTGAGGCACGCTT-1,0.000303,0.039594,0.68584,0.007588,0.266675
AGGTTTCACACACCTT-1,0.000099,0.000099,0.000198,0.005512,0.994093
AGTAACGTTCATCCTG-1,0.000247,0.000248,0.618936,0.073108,0.307461
AGTAACTATAGCAGCC-1,0.001338,0.706754,0.287886,0.00134,0.002682
AGTAAGGGACAGAATC-1,0.000408,0.859601,0.000818,0.000409,0.138764
AGTAATCTAAGGGTGG-1,0.001746,0.7203,0.0035,0.00175,0.272705
AGTAATGTCTTGCCGC-1,0.000975,0.022883,0.973216,0.000975,0.001951
AGTAATTTGCAAGCGT-1,0.000234,0.000235,0.118657,0.125357,0.755517
AGTACAGAAGCTTATA-1,0.002654,0.639017,0.005315,0.002658,0.350357
AGTACATCATTTATCA-1,0.0002,0.009183,0.55198,0.000201,0.438436
AGTACGGCCCGTATCG-1,0.000207,0.022562,0.893235,0.000207,0.083789
AGTACGGGCACCTGGC-1,0.000121,0.000121,0.052131,0.092532,0.855096
AGTACGTGGCCTGTCT-1,0.000407,0.030824,0.967546,0.000408,0.000815
AGTACTCTTATGCCCA-1,0.006499,0.364193,0.609735,0.006525,0.013048
AGTAGAAGGCGCCTCA-1,0.002601,0.742807,0.005213,0.002609,0.246771
AGTAGCGTGAACGAAC-1,0.000227,0.000227,0.757496,0.059729,0.182321
AGTAGCTAGACGCCGA-1,0.00038,0.000381,0.834017,0.164462,0.000761
AGTAGGAAGGAAGTTG-1,0.000955,0.000957,0.99522,0.000956,0.001912
AGTAGGTAACATACAT-1,0.000207,0.000207,0.329237,0.027527,0.642822
AGTATAATACTAGGCA-1,0.000233,0.000234,0.476347,0.202103,0.321082
AGTATACACAGCGACA-1,0.003334,0.445388,0.541268,0.003337,0.006672
AGTATCCATAATAACG-1,0.000144,0.000144,0.487314,0.164662,0.347736
AGTATGCTGGAGACCA-1,0.000283,0.000284,0.080216,0.067208,0.852008
AGTATTTGGCACGACC-1,0.007158,0.594569,0.014356,0.007179,0.376738
AGTCAAATGATGTGAT-1,0.000813,0.157278,0.097847,0.000815,0.743247
AGTCAACACCACCATC-1,0.000085,0.037479,0.129651,0.057319,0.775467
AGTCAAGATGACACTT-1,0.000185,0.000186,0.000371,0.299395,0.699863
AGTCACTAGCTCTCGA-1,0.006501,0.006525,0.478785,0.495139,0.013051
AGTCACTCCGCCTCAT-1,0.000179,0.000179,0.348262,0.000179,0.651202
AGTCAGCCACCGCCTG-1,0.001084,0.142659,0.852998,0.001086,0.002172
AGTCCAGCGGGTACGT-1,0.000084,0.000084,0.038012,0.117469,0.844352
AGTCCATTGGCTGATG-1,0.000212,0.000212,0.000424,0.231929,0.767222
AGTCCCGCCTTTAATT-1,0.000627,0.000629,0.996856,0.000629,0.001258
AGTCCCTCGCAGAAAG-1,0.000239,0.000239,0.998803,0.00024,0.000479
AGTCGAAACGATTCAG-1,0.000179,0.011429,0.28915,0.135094,0.564148
AGTCGAATTAGCGTAA-1,0.000727,0.77789,0.219198,0.000728,0.001457
AGTCGACGGTCTCAAG-1,0.000107,0.027151,0.120358,0.003426,0.848958
AGTCGGCCCAAACGAC-1,0.000189,0.000189,0.464964,0.189078,0.34558
AGTCGGCTCAACTTTA-1,0.000936,0.071481,0.286141,0.000938,0.640504
AGTCGGTTGCGTGAGA-1,0.00042,0.000421,0.244173,0.122141,0.632846
AGTCGTATAAAGCAGA-1,0.000086,0.807427,0.000172,0.000623,0.191692
AGTCGTCGACCACCAA-1,0.002511,0.330087,0.389654,0.002518,0.275231
AGTCGTGGGCATTACG-1,0.000769,0.030279,0.464602,0.153713,0.350636
AGTCTAAAGTATACTC-1,0.000116,0.014312,0.25476,0.01003,0.720783
AGTCTCACAAGACTAC-1,0.000672,0.170044,0.298981,0.076213,0.45409
AGTCTGGACATCCTTG-1,0.001109,0.33318,0.662374,0.001112,0.002225
AGTCTTCTCCTCAAAT-1,0.000235,0.000235,0.564397,0.254234,0.180899
AGTCTTTAAAGTGTCC-1,0.000252,0.897058,0.101932,0.000253,0.000505
AGTGAACAAACTTCTC-1,0.000431,0.169768,0.311106,0.000432,0.518262
AGTGAAGATGGTGTCC-1,0.000228,0.000229,0.870902,0.124134,0.004508
AGTGACCTACTTTACG-1,0.000215,0.020699,0.525483,0.312567,0.141036
AGTGACTGTGACACAA-1,0.001364,0.12595,0.5738,0.001367,0.297519
AGTGAGACTTCCAGTA-1,0.000553,0.000554,0.621808,0.000554,0.376532
AGTGAGCCTCGCCGCC-1,0.000226,0.000227,0.413523,0.000227,0.585797
AGTGAGGGTTTCTGAC-1,0.000265,0.000265,0.82546,0.000265,0.173745
AGTGAGTCGAATTAAC-1,0.000219,0.781822,0.141904,0.00022,0.075836
AGTGATAACCTGCGCG-1,0.002509,0.731422,0.127642,0.002518,0.135908
AGTGATATGAGTAGTT-1,0.000245,0.038972,0.470262,0.046752,0.443768
AGTGATTCAAGCAGGA-1,0.000222,0.000223,0.47353,0.000519,0.525505
AGTGCACGCTTAAGAA-1,0.001768,0.134773,0.737282,0.001772,0.124405
AGTGCGTAGCTCGTAA-1,0.000402,0.000403,0.383148,0.34791,0.268136
AGTGCTAAACACAGCA-1,0.001884,0.820533,0.171921,0.001888,0.003773
AGTGCTTGCACGAATA-1,0.000521,0.000522,0.592321,0.000522,0.406114
AGTGGCCCGCAAATGG-1,0.001475,0.991131,0.00296,0.001478,0.002956
AGTGGCGGCAATTTGA-1,0.000306,0.000307,0.61209,0.019798,0.3675
AGTGGCGTCTGAAGGT-1,0.002074,0.987531,0.004158,0.002079,0.004158
AGTGGCTCCGTCGGCC-1,0.000362,0.000364,0.906275,0.000363,0.092636
AGTGGGAGTATACACG-1,0.000263,0.000264,0.588179,0.000264,0.41103
AGTGGTGTTACCCGTG-1,0.000648,0.07993,0.492766,0.000649,0.426007
AGTGGTTGCGTATAGG-1,0.000322,0.000323,0.825524,0.000322,0.173509
AGTGTATTGCGCATTG-1,0.000828,0.12128,0.875405,0.000829,0.001658
AGTGTGCTAAGATCGC-1,0.000672,0.235359,0.761949,0.000673,0.001347
AGTGTGGTCTATTGTG-1,0.000625,0.188089,0.809408,0.000627,0.001252
AGTTAAACACTTGCGA-1,0.000098,0.006391,0.154247,0.16576,0.673503
AGTTAAGCGGTCCCGG-1,0.002044,0.245563,0.746242,0.00205,0.004101
AGTTAAGTCAACCGCT-1,0.000466,0.03245,0.000935,0.20683,0.759319
AGTTACCCTTAAGACT-1,0.000387,0.065752,0.803565,0.000388,0.129909
AGTTACCGCACATGGT-1,0.0004,0.000401,0.833989,0.000401,0.16481
AGTTATTCAGACTGTG-1,0.001432,0.991389,0.002872,0.001436,0.002871
AGTTATTGAAAGGTAA-1,0.000363,0.130885,0.550163,0.000364,0.318224
AGTTCACCGGTTGGAC-1,0.00106,0.392329,0.467543,0.001063,0.138006
AGTTCCTACAGAATTA-1,0.000263,0.000264,0.82267,0.018077,0.158726
AGTTCCTATTTATGTT-1,0.000253,0.075187,0.238311,0.174411,0.511838
AGTTCTGCGTTGTATC-1,0.000679,0.00068,0.996601,0.00068,0.00136
AGTTGACATCGGCTGG-1,0.000429,0.00043,0.685358,0.00043,0.313354
AGTTGACGGTCCTTGC-1,0.000216,0.650222,0.113382,0.075099,0.161082
AGTTGCGGTCCTCAAC-1,0.000247,0.000247,0.432926,0.212393,0.354187
AGTTGCTGACTGATAT-1,0.001054,0.334548,0.432114,0.001055,0.231228
AGTTGGCAAGGCTAGA-1,0.000165,0.99901,0.00033,0.000165,0.00033
AGTTTATGTAAAGACA-1,0.000178,0.000178,0.673558,0.103656,0.22243
AGTTTCGCAGGTCGGA-1,0.000279,0.00028,0.419952,0.259684,0.319804
AGTTTGCACCTGCCTC-1,0.005117,0.181815,0.551388,0.251431,0.010249
AGTTTGGCACGGGTTG-1,0.00179,0.001792,0.750212,0.001794,0.244412
AGTTTGGCCAGACCTA-1,0.000461,0.044233,0.760763,0.135771,0.058773
ATAAACCATTGGACGG-1,0.000311,0.071281,0.927472,0.000312,0.000624
ATAAACGGACCCGTAA-1,0.00011,0.064332,0.386081,0.339602,0.209876
ATAAACGTTGCACCAC-1,0.000563,0.633803,0.00113,0.000565,0.363939
ATAAAGGCTCGGTCGT-1,0.000162,0.000162,0.428496,0.000162,0.571018
ATAAAGGTCAAGTACG-1,0.000211,0.000212,0.77201,0.000212,0.227355
ATAAATATTAGCAGCT-1,0.000157,0.012219,0.32993,0.046219,0.611474
ATAACGCCGGAGGGTC-1,0.000117,0.01711,0.084792,0.041744,0.856237
ATAACGGAGTCCAACG-1,0.000119,0.000119,0.054627,0.381809,0.563326
ATAACGTTACCTCCAC-1,0.00073,0.112098,0.884976,0.000732,0.001464
ATAAGCAAACACCGAG-1,0.000364,0.160228,0.838312,0.000365,0.00073
ATAAGGTGGAGAACAT-1,0.000513,0.095883,0.785591,0.116984,0.001029
ATAAGTACCCGATTGT-1,0.001627,0.212918,0.662202,0.001631,0.121621
ATAAGTAGGATTCAGA-1,0.000217,0.000218,0.598095,0.074708,0.326761
ATAAGTAGGGCGACTC-1,0.000433,0.022178,0.506063,0.000433,0.470893
ATAAGTTACCGCGACG-1,0.000151,0.139082,0.400859,0.206006,0.253902
ATAATACCGTTAGCCG-1,0.002203,0.182722,0.579706,0.002207,0.233161
ATAATAGCTGTTGAAT-1,0.00011,0.009166,0.052476,0.089908,0.84834
ATAATAGTGTAGGGAC-1,0.001626,0.171357,0.255967,0.567788,0.003261
ATAATCTTGGAGAACC-1,0.001506,0.725569,0.00302,0.001511,0.268393
ATAATTAGCTAAGTAG-1,0.000283,0.602263,0.276307,0.096697,0.02445
ATACAGCGTCCACTGA-1,0.00026,0.110584,0.372272,0.146704,0.37018
ATACAGGCCCTCCAAT-1,0.007148,0.40772,0.563607,0.007171,0.014353
ATACCACGGGCAACTT-1,0.000216,0.000216,0.738631,0.000216,0.26072
ATACCAGCAAATTGCT-1,0.000617,0.000619,0.861522,0.000619,0.136624
ATACCAGGCTAATAGA-1,0.000196,0.061651,0.459535,0.030978,0.447641
ATACCAGGTGAGCGAT-1,0.000317,0.000318,0.723568,0.098272,0.177526
ATACCCTCCCGGCCAA-1,0.000057,0.000057,0.000114,0.052402,0.947369
ATACCCTGGCTCAAAT-1,0.000226,0.000227,0.763448,0.002596,0.233502
ATACCGTCATCCATAA-1,0.000241,0.000241,0.998795,0.000241,0.000482
ATACCTAACCAAGAAA-1,0.002979,0.136526,0.851526,0.002991,0.005979
ATACGAAGGCTTTCCA-1,0.000315,0.000316,0.408257,0.12018,0.470931
ATACGACAGATGGGTA-1,0.0005,0.024594,0.9734,0.000502,0.001003
ATACGAGGTTTGTAAG-1,0.001461,0.45494,0.322987,0.001465,0.219148
ATACGCCGATCTACCG-1,0.000117,0.000117,0.000234,0.211227,0.788306
ATACGCCGGCGAAACC-1,0.0003,0.029773,0.463198,0.000301,0.506427
ATACGGAACGTCGTTT-1,0.000353,0.06889,0.389794,0.000353,0.54061
ATACGGGTTTCGATTG-1,0.000383,0.000384,0.606386,0.000407,0.39244
ATACGGTGAAGATGCA-1,0.000249,0.005394,0.802837,0.113145,0.078376
ATACGTACTTAGCCAC-1,0.005502,0.32952,0.43766,0.005516,0.221803
ATACGTCCACTCCTGT-1,0.000353,0.000353,0.634668,0.000353,0.364273
ATACGTTATGCACGGA-1,0.0002,0.900062,0.000401,0.002068,0.097269
ATACTACCCGTACCAC-1,0.000291,0.62496,0.288832,0.075294,0.010622
ATACTAGCATGACCCT-1,0.000625,0.000626,0.950161,0.000627,0.047961
ATACTCTCGCCACTCT-1,0.000289,0.00029,0.667405,0.007401,0.324615
ATACTGCCTTACACCG-1,0.007169,0.67255,0.014341,0.007172,0.298768
ATACTTGTTCTCGAGC-1,0.000223,0.019959,0.400689,0.231863,0.347265
ATAGACAACGGGACCT-1,0.000089,0.000089,0.004637,0.003956,0.991229
ATAGACGAAGAGAAAG-1,0.000149,0.0384,0.551381,0.000149,0.40992
ATAGAGTACTGGGACA-1,0.000266,0.000267,0.420365,0.113473,0.465629
ATAGAGTTATCAACTT-1,0.000254,0.000255,0.375803,0.256514,0.367174
ATAGATTTGCAGTCGG-1,0.000227,0.000228,0.378846,0.11767,0.503029
ATAGCAACTAGGGAAG-1,0.00019,0.678319,0.320921,0.00019,0.00038
ATAGCCATAACAGTCA-1,0.005297,0.79085,0.01063,0.005312,0.18791
ATAGCTGCTCTTGTTA-1,0.000753,0.149786,0.473185,0.029421,0.346854
ATAGGAATCTAAGCTT-1,0.000324,0.02087,0.569141,0.007863,0.401802
ATAGGCGGCTATAGAA-1,0.000127,0.111525,0.207366,0.000858,0.680123
ATAGGCTAGCTTCGCA-1,0.000379,0.03307,0.779684,0.00038,0.186487
ATAGGGATATCCTTGA-1,0.00037,0.000371,0.880469,0.000371,0.118419
ATAGGTTGGGCAGATG-1,0.000281,0.000282,0.494252,0.000282,0.504903
ATAGTCTTTGACGTGC-1,0.000362,0.000363,0.911631,0.000362,0.087282
ATAGTGAAGCGTTCTC-1,0.000256,0.000257,0.68607,0.044236,0.269181
ATAGTTCCACCCACTC-1,0.000517,0.000518,0.674162,0.323767,0.001036
ATATAAAGCGCTCGTG-1,0.00573,0.965581,0.011477,0.005736,0.011476
ATATAAATGTAGCTGC-1,0.001891,0.366911,0.625531,0.001887,0.003779
ATATAACACGGGCGCA-1,0.000297,0.645701,0.353109,0.000298,0.000596
ATATACATGTATGGTA-1,0.000403,0.000404,0.641247,0.000404,0.357542
ATATACGCTCGTGACG-1,0.000309,0.700335,0.298426,0.00031,0.00062
ATATAGAGTATTGGTC-1,0.000239,0.144099,0.231963,0.208496,0.415202
ATATCAACCTACAGAG-1,0.000705,0.000707,0.690768,0.000707,0.307112
ATATCAATTCCAGCCT-1,0.000596,0.075707,0.422299,0.000598,0.5008
ATATCGGTAGGGAGAT-1,0.000217,0.023518,0.147424,0.032337,0.796504
ATATCGTGCCAGACCC-1,0.000292,0.000293,0.82087,0.000293,0.178252
ATATCGTTCCTCGAAC-1,0.000723,0.693165,0.15991,0.000725,0.145478
ATATCTCCCTCGTTAA-1,0.000582,0.000583,0.997085,0.000583,0.001166
ATATCTTAGGGCCTTC-1,0.000151,0.000152,0.264789,0.032358,0.70255
ATATGGGATAGCAACT-1,0.001766,0.570205,0.003542,0.420943,0.003544
ATATGTCTAGAGCGTG-1,0.001506,0.990941,0.00302,0.001512,0.00302
ATATGTCTCCCTAGCC-1,0.000774,0.000776,0.668101,0.000776,0.329573
ATATGTGCACAAACCA-1,0.000446,0.028286,0.969927,0.000447,0.000894
ATATTATCCCGTATTT-1,0.000484,0.043494,0.954569,0.000485,0.000969
ATATTCAGTTAAACCT-1,0.000271,0.055751,0.377148,0.330139,0.236691
ATATTCCACATAGTGA-1,0.001391,0.001394,0.002787,0.99164,0.002788
ATATTCCCACAGGTCA-1,0.000244,0.033542,0.322697,0.197288,0.446229
ATATTGCTGTCAAAGT-1,0.002307,0.1968,0.382948,0.413315,0.00463
ATATTGGAGAGGCCTT-1,0.00286,0.460968,0.331396,0.199034,0.005741
ATATTTAACCCTCAAG-1,0.000104,0.000105,0.250262,0.000105,0.749424
ATCAAACACTGTTCCA-1,0.000299,0.077831,0.068097,0.46371,0.390063
ATCAAACGAAGGTTTG-1,0.000156,0.000157,0.164196,0.204625,0.630866
ATCAAAGAGCCGTGGT-1,0.001431,0.853912,0.002871,0.001435,0.140351
ATCAAGATCCCAGGAC-1,0.002347,0.703209,0.124646,0.002352,0.167446
ATCAATCTGGGCTGCA-1,0.000184,0.000185,0.509046,0.000185,0.4904
ATCAATGCCGTGGCTG-1,0.000195,0.041831,0.417136,0.077019,0.46382
ATCACATTAGAATATC-1,0.0004,0.000401,0.719166,0.000431,0.279603
ATCACGTGCTAATTAA-1,0.000734,0.206839,0.472682,0.081602,0.238142
ATCACTTCATCCTCGC-1,0.000393,0.000393,0.590873,0.263806,0.144536
ATCAGAAGCTGGTTGC-1,0.000289,0.07232,0.618967,0.000289,0.308135
ATCAGACGGCACGCCG-1,0.000083,0.021341,0.021699,0.104642,0.852235
ATCAGCCTCATGCTGC-1,0.00305,0.250454,0.006105,0.003053,0.737338
ATCAGCTCGTCCACTA-1,0.000193,0.000194,0.089647,0.154162,0.755804
ATCAGGTAGCTGACAG-1,0.00021,0.00021,0.159407,0.064275,0.775897
ATCAGGTCGCCATTGC-1,0.00049,0.000491,0.791459,0.155588,0.051971
ATCAGTAGGCAGGGAT-1,0.000352,0.021825,0.641676,0.000353,0.335794
ATCATAGATCGACGAG-1,0.001184,0.281486,0.504679,0.112221,0.100429
ATCATAGCCCTATGTA-1,0.000252,0.822933,0.044801,0.131508,0.000505
ATCATCCAATATTTGT-1,0.000139,0.000762,0.218311,0.061869,0.718919
ATCATCTGCCCAGTGT-1,0.000167,0.012119,0.187757,0.152345,0.647612
ATCATGGACTACCGAC-1,0.000213,0.000214,0.295929,0.016488,0.687157
ATCATTGTACCGCATT-1,0.000139,0.072345,0.234453,0.174753,0.51831
ATCCAACGCAGTCATA-1,0.000116,0.000116,0.115039,0.235628,0.649101
ATCCAATGGAGGGTCC-1,0.000235,0.044803,0.36329,0.000236,0.591436
ATCCAATGGTACCGAA-1,0.000125,0.000126,0.462117,0.00727,0.530361
ATCCACATCGACAGAA-1,0.000348,0.997905,0.000698,0.000349,0.000698
ATCCACGCTAAATGTT-1,0.000172,0.000172,0.620333,0.166593,0.21273
ATCCACTTTCAGACTA-1,0.00143,0.256518,0.737746,0.001436,0.00287
ATCCAGAGCAACAACC-1,0.000182,0.054745,0.47848,0.232214,0.234378
ATCCAGGATTCGTGAA-1,0.000212,0.030126,0.369725,0.026587,0.57335
ATCCCATCCACAGCGC-1,0.000511,0.108686,0.64099,0.105128,0.144684
ATCCCATTTCCGTGGG-1,0.002653,0.984034,0.005321,0.002663,0.005328
ATCCGGACCAGCCTGA-1,0.000753,0.675718,0.321263,0.000755,0.00151
ATCCTACCTAAGCTCT-1,0.000177,0.033058,0.363499,0.024276,0.57899
ATCCTGAATCGCTGCG-1,0.00015,0.110193,0.207591,0.0037,0.678366
ATCCTGCGTGGAATGG-1,0.000178,0.000178,0.197072,0.229475,0.573097
ATCCTGCTGCAGATAG-1,0.000232,0.000233,0.652539,0.000233,0.346762
ATCCTTCTGAAAGAAC-1,0.000327,0.000328,0.666459,0.000328,0.332558
ATCGACCCAATACAGA-1,0.000279,0.032795,0.293977,0.155572,0.517378
ATCGACTCTTTCCGTT-1,0.000145,0.000145,0.192854,0.046947,0.759909
ATCGCACGATTGTTCA-1,0.000159,0.000159,0.380225,0.000162,0.619294
ATCGCACGCCGGGAGA-1,0.000303,0.000304,0.600715,0.398069,0.000608
ATCGCCAGTCAACATT-1,0.000517,0.044652,0.68699,0.000518,0.267322
ATCGCCGTGGTTCATG-1,0.002236,0.852678,0.138352,0.002244,0.004489
ATCGCTGCGTGCAGCA-1,0.000321,0.000322,0.998393,0.000322,0.000643
ATCGCTTTACGTCTCA-1,0.000301,0.000301,0.390106,0.000301,0.608991
ATCGGAGACAGACGGC-1,0.001337,0.325152,0.542833,0.001341,0.129337
ATCGGCAAGCAGTCCA-1,0.000231,0.000231,0.436495,0.181801,0.381242
ATCGGTTACCTAGTAA-1,0.000226,0.000226,0.691349,0.062167,0.246033
ATCGTATTCCGAGAAC-1,0.000132,0.000132,0.353368,0.156565,0.489803
ATCGTCCAATCGAGTC-1,0.000149,0.000149,0.208442,0.092152,0.699108
ATCGTGGAAAGTCTGG-1,0.000402,0.060468,0.627896,0.246759,0.064476
ATCGTTAGCTAGCGGA-1,0.000162,0.628561,0.020572,0.18881,0.161896
ATCGTTCACTTTCGCC-1,0.000698,0.0007,0.996502,0.0007,0.0014
ATCTAACGTCCCTATG-1,0.00035,0.070864,0.927733,0.000351,0.000702
ATCTAATATCCTACGG-1,0.003769,0.642988,0.007548,0.003774,0.341921
ATCTACCATCTGCTCC-1,0.000162,0.297678,0.000324,0.134971,0.566866
ATCTAGCTTGTGAGGG-1,0.000431,0.841794,0.007538,0.149373,0.000865
ATCTATCGATGATCAA-1,0.000206,0.000207,0.608742,0.077468,0.313377
ATCTCATAAACCTACC-1,0.000268,0.000268,0.457688,0.20333,0.338446
ATCTCCCACGGAATAT-1,0.000236,0.479337,0.154448,0.365506,0.000473
ATCTCCCTGCAATCTA-1,0.000918,0.00092,0.715076,0.232204,0.050882
ATCTCGTGAGCGAAAC-1,0.000974,0.086685,0.747795,0.162593,0.001952
ATCTGACATGGAAGGA-1,0.003576,0.641773,0.007177,0.003585,0.343888
ATCTGATAGTGTCTTA-1,0.001247,0.079683,0.481729,0.001248,0.436093
ATCTGCACCTCTGCGA-1,0.000328,0.000328,0.923485,0.030397,0.045462
ATCTGCTGTTATCGCC-1,0.000432,0.699238,0.219705,0.079757,0.000868
ATCTGGGCTGTTCTTG-1,0.001015,0.565464,0.430466,0.001018,0.002036
ATCTGGTTAAGACTGT-1,0.000338,0.000339,0.580663,0.000339,0.41832
ATCTGTAATTGTACCC-1,0.000648,0.12016,0.877245,0.000649,0.001298
ATCTTAGGGCATTAAT-1,0.000404,0.000405,0.645351,0.260708,0.093131
ATCTTATCGCACACCC-1,0.000187,0.953827,0.000374,0.000187,0.045425
ATCTTGACCTGCAACG-1,0.000145,0.000145,0.149703,0.229842,0.620165
ATCTTGACTTGTCCAA-1,0.000261,0.015927,0.785304,0.000262,0.198246
ATCTTTCGTATAACCA-1,0.00017,0.00017,0.661511,0.047726,0.290423
ATGAAGCCAAGGAGCC-1,0.00053,0.000531,0.90557,0.092306,0.001063
ATGAAGTGGACCCAGC-1,0.00011,0.00011,0.250047,0.28059,0.469143
ATGACGCCGGCTCTAA-1,0.000591,0.000593,0.997038,0.000593,0.001185
ATGACGCGTTCTATCC-1,0.000489,0.027259,0.373181,0.00049,0.598582
ATGACTATCAGCTGTG-1,0.00358,0.668861,0.007177,0.003588,0.316795
ATGACTATGCGACATT-1,0.000286,0.000287,0.27227,0.358368,0.368788
ATGAGGAGTGTTAATC-1,0.000185,0.000186,0.462814,0.05095,0.485865
ATGAGGGCAGCGGCTA-1,0.000301,0.000302,0.190136,0.007211,0.80205
ATGATCGGGAATAGAC-1,0.000332,0.000333,0.859625,0.000333,0.139377
ATGATGCAATGGTACA-1,0.000181,0.016671,0.753343,0.000182,0.229623
ATGCACGCGCTGTTCA-1,0.001069,0.001072,0.002142,0.291479,0.704239
ATGCACTACCGCATTG-1,0.000224,0.000224,0.31984,0.000224,0.679489
ATGCATGATCCAGGAT-1,0.000188,0.000188,0.41253,0.000188,0.586906
ATGCATTCCGTGATGG-1,0.001,0.001004,0.994984,0.001004,0.002008
ATGCCAATCGCTCTGC-1,0.001389,0.001393,0.99304,0.001393,0.002785
ATGCCATTTGCGACCA-1,0.001093,0.13821,0.417815,0.001095,0.441787
ATGCCGGTCTTGCATA-1,0.000322,0.000323,0.656311,0.025512,0.317531
ATGCCGGTTGATGGGA-1,0.000631,0.000632,0.996842,0.000632,0.001264
ATGCGACAATTGGTCC-1,0.000792,0.000792,0.996039,0.000792,0.001585
ATGCGACAGTCCCATT-1,0.000223,0.03951,0.188901,0.004851,0.766514
ATGCGAGTCCCACCAC-1,0.000336,0.000337,0.000674,0.179657,0.818996
ATGCTCAGTGTTGCAT-1,0.000555,0.066325,0.931453,0.000556,0.001112
ATGCTCTGGCGCGGTA-1,0.003326,0.636222,0.006677,0.003338,0.350437
ATGCTTAGGAGTTGAT-1,0.002984,0.776578,0.211467,0.00299,0.00598
ATGGAAATTTAAGGAG-1,0.000145,0.014975,0.333065,0.228399,0.423415
ATGGAACAGAATAAAC-1,0.000447,0.000448,0.783878,0.16684,0.048387
ATGGAACCTTTGCACA-1,0.000901,0.000903,0.775014,0.000902,0.222279
ATGGACTGCTTAGTTG-1,0.000974,0.000977,0.45666,0.000976,0.540414
ATGGAGCAGGCCGTGA-1,0.000268,0.000268,0.800078,0.000268,0.199118
ATGGATCCGGCGTCCG-1,0.000404,0.000405,0.798011,0.000405,0.200774
ATGGATTGACCAAACG-1,0.000231,0.000232,0.630272,0.042323,0.326942
ATGGCAGCATTACGAT-1,0.000059,0.000059,0.055716,0.352419,0.591748
ATGGCAGCCGAGAAAC-1,0.000091,0.000091,0.270352,0.102085,0.627381
ATGGCCCGAAAGGTTA-1,0.000878,0.994722,0.001761,0.00088,0.001759
ATGGCGGAATAGTCGC-1,0.000331,0.000331,0.461097,0.231559,0.306682
ATGGCTGGAAATGGCC-1,0.000473,0.000473,0.997633,0.000474,0.000947
ATGGGAACGGAAGCGG-1,0.000261,0.000262,0.813276,0.000262,0.185939
ATGGGACCTGCTGAAC-1,0.001212,0.001216,0.573542,0.001216,0.422813
ATGGGCCTCGGCCTCT-1,0.000787,0.000788,0.889759,0.107089,0.001577
ATGGGTGTATACCTCC-1,0.000303,0.042256,0.452506,0.203499,0.301437
ATGGTATTGGGAACCG-1,0.00217,0.743841,0.004348,0.002175,0.247465
ATGGTATTTACTGATT-1,0.000918,0.195674,0.577906,0.223663,0.00184
ATGGTCGCGTGGTTTC-1,0.000589,0.00059,0.997048,0.000591,0.001181
ATGGTGCTCAAAGCCA-1,0.000512,0.000513,0.997438,0.000513,0.001025
ATGGTTACGAAACATG-1,0.001068,0.086029,0.909692,0.00107,0.00214
ATGTAAGGCTGCTCTT-1,0.00025,0.000251,0.58109,0.000251,0.418158
ATGTACATGCGGTGAG-1,0.000149,0.588227,0.22,0.134459,0.057165
ATGTACGATGACGTCG-1,0.000347,0.646181,0.197792,0.000512,0.155168
ATGTAGCGCGCGTAGG-1,0.000384,0.895923,0.000769,0.067175,0.035748
ATGTCATAATAAACGA-1,0.001245,0.631638,0.211007,0.001248,0.154862
ATGTCTTGTTTGACTC-1,0.000668,0.156748,0.001341,0.000671,0.840572
ATGTGAAAGCCTAATG-1,0.000699,0.073367,0.715722,0.0007,0.209513
ATGTGCATCCGACGCA-1,0.000351,0.000352,0.651181,0.039482,0.308635
ATGTGGACATCTTGAT-1,0.000331,0.034086,0.653525,0.117731,0.194327
ATGTGTAGTTTAGTCA-1,0.000141,0.000141,0.125323,0.028518,0.845877
ATGTTACGAGCAATAC-1,0.000757,0.00076,0.996207,0.000759,0.001517
ATGTTCGTCGACCCAC-1,0.000354,0.000355,0.998225,0.000355,0.00071
ATGTTGATTAGAGACT-1,0.000156,0.906298,0.000312,0.000156,0.093078
ATGTTGTAGTCTGTTT-1,0.0027,0.567274,0.005416,0.13994,0.284671
ATGTTTCGGCCCGGAG-1,0.000333,0.156037,0.641018,0.144665,0.057947
ATGTTTGTAAGATCAT-1,0.000305,0.000306,0.64101,0.000306,0.358073
ATTAAACATGCGGACC-1,0.000216,0.008518,0.776792,0.065857,0.148617
ATTAAAGCGGACGAGC-1,0.000253,0.000253,0.656216,0.04347,0.299808
ATTAATACTACGCGGG-1,0.000334,0.000335,0.908937,0.000335,0.090058
ATTAATGAACCAGTCG-1,0.000126,0.000127,0.157423,0.07009,0.772234
ATTAATTCGGTCACTC-1,0.000416,0.000417,0.885469,0.112863,0.000834
ATTACAACTACCGGCC-1,0.000368,0.000369,0.998156,0.000369,0.000738
ATTACATGTCAGTCTT-1,0.000216,0.000216,0.01081,0.161146,0.827612
ATTACCACACTGCCTG-1,0.000431,0.227923,0.092763,0.020289,0.658594
ATTACGACTCCACAGT-1,0.000352,0.000352,0.998238,0.000353,0.000705
ATTACGCGCTGGCAGG-1,0.000159,0.084491,0.176005,0.085559,0.653786
ATTACGGGCTACGGTT-1,0.000194,0.053787,0.320295,0.206291,0.419434
ATTACTAGCCTCTTGC-1,0.001303,0.035014,0.959769,0.001305,0.002609
ATTACTTACTGGGCAT-1,0.000471,0.000472,0.809035,0.000472,0.189549
ATTAGATTCCTCAGCA-1,0.000226,0.000226,0.467506,0.000226,0.531816
ATTAGATTGATAGCGG-1,0.001288,0.001293,0.993547,0.001291,0.002581
ATTAGGCGATGCTTTC-1,0.000286,0.080752,0.313345,0.016411,0.589206
ATTATACTTTGCTCGT-1,0.000873,0.000875,0.938097,0.000875,0.05928
ATTATAGCTACTTTAC-1,0.000557,0.000558,0.73248,0.000558,0.265847
ATTATCGGAATGTACG-1,0.001325,0.753203,0.002656,0.001329,0.241486
ATTATCTCGACAGATC-1,0.000329,0.00033,0.70578,0.00033,0.293231
ATTATGAGACCCAATT-1,0.000159,0.047168,0.080645,0.099494,0.772535
ATTATGCCATAGGGAG-1,0.00046,0.000462,0.941222,0.000461,0.057395
ATTATGCTCAGTATTG-1,0.001144,0.056493,0.938922,0.001147,0.002294
ATTATTATGTCCGTCA-1,0.002171,0.002175,0.388126,0.28719,0.320338
ATTATTCAGAGTCACT-1,0.000398,0.561122,0.199559,0.222008,0.016914
ATTCAAAGTACCTGTT-1,0.000101,0.00655,0.139146,0.077028,0.777175
ATTCAACCATTTAAGG-1,0.000241,0.437628,0.187848,0.249254,0.125028
ATTCACTGATGTTGGA-1,0.004933,0.004948,0.683562,0.004948,0.301609
ATTCAGATGAATCCCT-1,0.000304,0.000305,0.548689,0.30911,0.141591
ATTCAGGACCTATTTC-1,0.000348,0.07459,0.796414,0.049812,0.078836
ATTCAGGATCGCCTCT-1,0.000327,0.000328,0.472318,0.000328,0.5267
ATTCAGTAGCAGGGTC-1,0.000278,0.000279,0.560421,0.014589,0.424433
ATTCATATACTGTCCA-1,0.000174,0.035282,0.289646,0.412802,0.262095
ATTCATCGTTGAGGCA-1,0.003487,0.979025,0.007003,0.003496,0.006989
ATTCCCACATAAACAA-1,0.000155,0.000155,0.442418,0.244459,0.312813
ATTCCCGAAGGTACAG-1,0.000221,0.00516,0.339696,0.121127,0.533796
ATTCCTAAGACGTGGA-1,0.001417,0.001419,0.992902,0.00142,0.002841
ATTCCTCCGCCAGTGC-1,0.000573,0.033195,0.96451,0.000574,0.001148
ATTCCTTCCAGGCGGT-1,0.000476,0.000477,0.987967,0.000477,0.010604
ATTCGACGCCGGGCCT-1,0.000469,0.000471,0.997649,0.00047,0.00094
ATTCGCAGAGGACACT-1,0.000303,0.000303,0.826783,0.000303,0.172308
ATTCGCGCCTTGAGAG-1,0.000281,0.785394,0.213481,0.000281,0.000562
ATTCGTCCCGAGGTTA-1,0.001109,0.82185,0.002225,0.001112,0.173704
ATTCGTGCTATCTCTT-1,0.000204,0.000204,0.000409,0.122884,0.876299
ATTCGTGTACCCATTC-1,0.003679,0.977918,0.007365,0.003682,0.007356
ATTCGTTTATCGTATT-1,0.001812,0.802029,0.190707,0.001817,0.003635
ATTCTCGTCTCTTTAG-1,0.000306,0.000307,0.395783,0.270143,0.333461
ATTCTGAGTATGAACT-1,0.00031,0.000311,0.747293,0.000311,0.251776
ATTCTTCGTACTTATG-1,0.000408,0.000409,0.76963,0.228735,0.000818
ATTGAAGATCTTAGTG-1,0.000448,0.093533,0.904674,0.000448,0.000897
ATTGAATTCCCTGTAG-1,0.000873,0.731428,0.265074,0.000875,0.001749
ATTGACCGGCGATGAC-1,0.000271,0.000271,0.998644,0.000271,0.000543
ATTGACGTAACTCGGT-1,0.000385,0.000386,0.89414,0.000386,0.104704
ATTGATAGCAACGAGA-1,0.000216,0.000217,0.398795,0.087159,0.513612
ATTGATCACCACATTT-1,0.000117,0.000117,0.000234,0.050155,0.949378
ATTGATGAGTCCTAAC-1,0.000555,0.075686,0.124536,0.000556,0.798668
ATTGCCTATTAGACCG-1,0.001037,0.133623,0.505646,0.170763,0.188931
ATTGCCTTTATGTTTG-1,0.000327,0.643436,0.244378,0.111202,0.000657
ATTGCGATCAGTAACT-1,0.000708,0.000711,0.251454,0.745706,0.001421
ATTGCTGCTCCTCCAT-1,0.000389,0.00039,0.998051,0.00039,0.00078
ATTGGATTACAGCGTA-1,0.005108,0.005124,0.47116,0.267221,0.251386
ATTGGGAATATCTTGG-1,0.000275,0.000276,0.302729,0.446122,0.250598
ATTGGTAGGATCCGCT-1,0.000417,0.17795,0.820382,0.000417,0.000834
ATTGGTTGTGCATTAC-1,0.001592,0.990436,0.003189,0.001595,0.003188
ATTGTACAACTCGGCT-1,0.000521,0.104741,0.651476,0.000522,0.24274
ATTGTCTGTTTCATGT-1,0.002074,0.987527,0.004159,0.002079,0.00416
ATTGTGACTTCGCTGC-1,0.00129,0.085006,0.909829,0.001291,0.002584
ATTGTTCAACGATCCG-1,0.000742,0.000744,0.402923,0.000744,0.594847
ATTTAACTCGTATTAC-1,0.000508,0.007155,0.865881,0.000509,0.125947
ATTTACAGTTTACTGG-1,0.000401,0.000402,0.818962,0.000402,0.179834
ATTTACTAAGTCCATT-1,0.000297,0.000298,0.998512,0.000298,0.000595
ATTTATACTGGTAAAG-1,0.000968,0.751687,0.001939,0.00097,0.244437
ATTTCATTATTTCGCG-1,0.000685,0.000687,0.99657,0.000686,0.001372
ATTTCCGGGTTCTGCG-1,0.000795,0.000797,0.186863,0.000797,0.810748
ATTTGCCTAGTTACGA-1,0.000208,0.000209,0.243675,0.000209,0.755699
ATTTGCGCGAGTAGCT-1,0.000611,0.089974,0.324746,0.000613,0.584056
ATTTGGAGATTGCGGT-1,0.000531,0.000532,0.626721,0.000532,0.371684
ATTTGTCTTGGGAGCT-1,0.000305,0.000306,0.31225,0.199091,0.488048
ATTTGTTCCAGGGCTC-1,0.000726,0.000728,0.996362,0.000728,0.001456
CAAACCAGGTCTGCAT-1,0.000132,0.0585,0.462904,0.045078,0.433387
CAAACCATAAGCGTAT-1,0.00191,0.565399,0.14936,0.001914,0.281417
CAAACCCTCCGGCGGG-1,0.001404,0.991562,0.002813,0.001407,0.002815
CAAACGAGTATCGCAG-1,0.000239,0.065436,0.782998,0.020879,0.130448
CAAACGGTCGCACTTT-1,0.000241,0.000242,0.665773,0.085859,0.247885
CAAACGTGGTCTTGCG-1,0.000169,0.000169,0.63841,0.000169,0.361082
CAAACTACGATAGAGA-1,0.000435,0.000436,0.99782,0.000436,0.000872
CAAACTATTGAGCTTC-1,0.000216,0.000216,0.46732,0.133568,0.39868
CAAACTCGCGACGCCG-1,0.000691,0.000693,0.715248,0.073027,0.210341
CAAAGATTATTGGGCC-1,0.000221,0.000222,0.116068,0.313227,0.570263
CAAAGGTCATCTGAAA-1,0.000453,0.000454,0.30478,0.517729,0.176584
CAAAGGTTAAATTCAG-1,0.000442,0.000443,0.997787,0.000443,0.000885
CAAAGTCAGGTTAGCT-1,0.000266,0.001619,0.665839,0.004189,0.328088
CAAATCTCTCACAAGG-1,0.000155,0.026044,0.077121,0.07971,0.816969
CAAATGCGGAGTGTTC-1,0.000441,0.03812,0.960114,0.000442,0.000883
CAAATGTCCTTCCGTG-1,0.000141,0.03231,0.426897,0.012,0.528652
CAAATTGGATTATGCC-1,0.000301,0.000302,0.894118,0.058023,0.047255
CAAATTGTCAGCAAGC-1,0.000404,0.000405,0.997974,0.000405,0.000811
CAACACATCTCCTGCC-1,0.000242,0.019991,0.51726,0.000243,0.462265
CAACAGAATAACGCTA-1,0.000172,0.000172,0.738262,0.000172,0.261221
CAACAGTGCCAAACGG-1,0.000266,0.052589,0.595541,0.035513,0.316092
CAACATGGCCTGATAA-1,0.000133,0.000134,0.266458,0.131608,0.601667
CAACCAGTGGCCTACC-1,0.001067,0.843171,0.002142,0.001071,0.152549
CAACCGCACCTAGACA-1,0.000274,0.097696,0.901207,0.000274,0.000549
CAACCTACCGAGCAGT-1,0.000272,0.698114,0.300796,0.000273,0.000545
CAACCTGAACCTGCCA-1,0.000237,0.000237,0.998814,0.000237,0.000474
CAACGACCCGTTTACA-1,0.000532,0.044046,0.818501,0.111966,0.024954
CAACGAGCTTATTATG-1,0.000198,0.000198,0.302906,0.078784,0.617914
CAACGATCGATCCAAT-1,0.001377,0.643908,0.111667,0.00138,0.241668
CAACGCGATGAGCCAA-1,0.000482,0.018661,0.182644,0.529222,0.268991
CAACGGTTCTTGATAC-1,0.001703,0.108562,0.362701,0.001709,0.525325
CAACGTGGTGGAGTCT-1,0.001664,0.638862,0.003338,0.352798,0.003338
CAACTATATCGAATGC-1,0.000828,0.121832,0.874851,0.00083,0.001659
CAACTCCAACGTTTAG-1,0.000232,0.000233,0.69955,0.019563,0.280422
CAACTCCGTAACTTGC-1,0.000293,0.000293,0.998534,0.000293,0.000587
CAACTCCTTGATCCCG-1,0.001037,0.001041,0.994801,0.00104,0.002081
CAACTGAGGGTATGAC-1,0.000275,0.13388,0.865019,0.000275,0.000551
CAACTGCTCATCCGAT-1,0.004336,0.44876,0.533857,0.004349,0.008698
CAACTTGTAGTGGGCA-1,0.000398,0.000399,0.673836,0.159788,0.16558
CAAGAAACCCTAAACT-1,0.000765,0.168527,0.502875,0.028163,0.29967
CAAGACTCAGAAGCGC-1,0.000317,0.000318,0.873962,0.124766,0.000636
CAAGAGGGCGGAGTAC-1,0.000172,0.000173,0.155897,0.213233,0.630525
CAAGATATTATAACGT-1,0.00055,0.065065,0.522293,0.116939,0.295153
CAAGCAACGTCGGAGT-1,0.000108,0.000108,0.196998,0.161004,0.641781
CAAGCACCAAATGCCT-1,0.000557,0.024711,0.699966,0.068838,0.205928
CAAGCGGCACATAATT-1,0.003576,0.308435,0.669263,0.011548,0.007178
CAAGGATCGCATGTTC-1,0.000317,0.059224,0.595335,0.007344,0.33778
CAAGGCCAGTGGTGCA-1,0.000282,0.949976,0.048895,0.000282,0.000565
CAAGGGAGTGTATTTG-1,0.000187,0.042091,0.413183,0.000188,0.544351
CAAGGTCCTATAGGCT-1,0.000296,0.000297,0.511887,0.020766,0.466754
CAAGTAAGTGATAGAC-1,0.00251,0.382152,0.005036,0.002518,0.607784
CAAGTCGTTGAAATCT-1,0.000901,0.098375,0.698542,0.000903,0.20128
CAAGTGAACTTTGGTT-1,0.000234,0.000235,0.705469,0.063348,0.230714
CAAGTGTGGTTGCAAA-1,0.000375,0.000376,0.752949,0.026211,0.220089
CAATAAACCTTGGCCC-1,0.00017,0.000171,0.246522,0.000171,0.752966
CAATACGAGAGTCTGA-1,0.000238,0.033624,0.281386,0.021632,0.663119
CAATACGCTCTGAGGC-1,0.000311,0.000312,0.998441,0.000312,0.000624
CAATATGTAGATTTAC-1,0.000167,0.000167,0.142126,0.114748,0.742791
CAATATTCTTGACCTA-1,0.001245,0.00125,0.679442,0.001248,0.316815
CAATATTGGACTAGTG-1,0.000169,0.000169,0.4623,0.056626,0.480737
CAATCCATTATCCGTT-1,0.000354,0.042165,0.603389,0.004293,0.3498
CAATCCCTATACCAGC-1,0.000837,0.023645,0.973003,0.000839,0.001677
CAATCCTGCCGTGGAG-1,0.000398,0.000398,0.998008,0.000399,0.000797
CAATGACCCTTAATTT-1,0.00292,0.610054,0.378241,0.002929,0.005855
CAATGAGGTTCGACTA-1,0.000222,0.000223,0.729296,0.050748,0.219512
CAATGCGAGAAGTATC-1,0.006496,0.006521,0.967407,0.006529,0.013047
CAATGGAATCTACATA-1,0.000387,0.000388,0.595869,0.221567,0.181789
CAATGGATCTCTACCA-1,0.00017,0.000171,0.295675,0.000171,0.703813
CAATGGTCGGCCTGGG-1,0.000152,0.000152,0.212975,0.019474,0.767247
CAATGTGCCAACCCTT-1,0.000572,0.123864,0.609905,0.000574,0.265085
CAATTAAGGGTGATGA-1,0.000256,0.070086,0.478841,0.000257,0.45056
CAATTGGGCCGCACTC-1,0.000353,0.000353,0.140055,0.120332,0.738908
CAATTTCGTATAAGGG-1,0.000177,0.046504,0.435116,0.005533,0.51267
CAATTTGACCGGGAAG-1,0.000215,0.000216,0.575014,0.079751,0.344804
CACAAACCGCAGAACT-1,0.003408,0.756849,0.229498,0.003416,0.006829
CACAAGAAAGATATTA-1,0.000465,0.000466,0.749065,0.249073,0.000932
CACAAGCTAAGAAAGG-1,0.000269,0.062277,0.42811,0.157263,0.352082
CACAATGAGCTGCTAT-1,0.00021,0.000211,0.719757,0.000211,0.279611
CACACACGCTAACGAG-1,0.002698,0.25854,0.005413,0.727933,0.005416
CACACAGCTTGCGCTC-1,0.000795,0.072068,0.375204,0.000797,0.551136
CACACAGGGATAGATT-1,0.000139,0.000139,0.238995,0.272085,0.488643
CACACGCGCTGTCTTA-1,0.000098,0.000098,0.000197,0.000099,0.999508
CACACGTTTCAATGGG-1,0.000348,0.000349,0.819188,0.125916,0.054199
CACACTTGTATTGCGA-1,0.000786,0.176031,0.820818,0.000788,0.001576
CACAGAGACGAGGACG-1,0.000211,0.027414,0.42027,0.162338,0.389767
CACAGCACCCACGGCA-1,0.000289,0.000289,0.679082,0.000289,0.320051
CACAGCTAGGGAGTGA-1,0.000319,0.00032,0.731693,0.119649,0.14802
CACAGGGCCATATAGT-1,0.002863,0.577097,0.411427,0.002871,0.005742
CACAGGGCCGTTGTCA-1,0.000207,0.788981,0.169619,0.000207,0.040986
CACAGTCCCGCTTCGC-1,0.000479,0.61955,0.098969,0.095635,0.185367
CACAGTTCGCTTCCCA-1,0.002513,0.242923,0.74701,0.002517,0.005036
CACATAAGGCGACCGT-1,0.000205,0.12038,0.226532,0.020121,0.632762
CACATATTAGCAGGAT-1,0.000185,0.037365,0.140679,0.225458,0.596313
CACATCGTGCACGCGC-1,0.002755,0.00276,0.641867,0.347098,0.005521
CACATCTCACCGACGA-1,0.005727,0.506891,0.01149,0.464411,0.011481
CACATGATTCAGCAAC-1,0.000127,0.04966,0.376138,0.000128,0.573947
CACATGTTTGGACATG-1,0.000236,0.000237,0.562231,0.000238,0.437058
CACATTCTTTCGATGG-1,0.000609,0.025476,0.972084,0.00061,0.00122
CACATTTCTTGTCAGA-1,0.000749,0.110239,0.121824,0.207178,0.56001
CACCAATCATCCGTCT-1,0.000828,0.000829,0.429021,0.549346,0.019977
CACCACGCCACACAGA-1,0.000296,0.000297,0.998516,0.000297,0.000594
CACCAGTCAGCATGCA-1,0.000465,0.000466,0.740156,0.080885,0.178028
CACCATCGGAGGAGAC-1,0.000164,0.000164,0.146553,0.03633,0.816789
CACCATGATCGCAAAG-1,0.000402,0.000403,0.997987,0.000403,0.000805
CACCCAAATCTTATGT-1,0.000487,0.044255,0.396222,0.000488,0.558547
CACCCACACGTCACCC-1,0.001202,0.001207,0.993973,0.001206,0.002412
CACCCACGAGGCAATT-1,0.000453,0.000454,0.997732,0.000454,0.000908
CACCCGCGTTTGACAC-1,0.003584,0.978496,0.007175,0.003584,0.007161
CACCCGGTTTGTGACT-1,0.00052,0.025711,0.348981,0.218458,0.40633
CACCCTAACAAGATCT-1,0.002751,0.245627,0.3384,0.00276,0.410462
CACCCTTGGTGAGACC-1,0.000456,0.093868,0.482115,0.000457,0.423105
CACCCTTTCCTCGCTC-1,0.000356,0.000357,0.704772,0.000357,0.294158
CACCGATACACCGAGC-1,0.000117,0.000117,0.179878,0.293316,0.526573
CACCGATGATGGGTAC-1,0.002346,0.985871,0.004707,0.00236,0.004715
CACCGCCAGAAGGTTT-1,0.000123,0.000123,0.065086,0.295143,0.639526
CACCGCCGACCAGCGA-1,0.000284,0.000285,0.693786,0.009946,0.295699
CACCGCGTCCACTCTA-1,0.000631,0.000632,0.996841,0.000632,0.001264
CACCGGAGATATCTCC-1,0.000199,0.0002,0.666294,0.097781,0.235526
CACCGGGCATCACAAG-1,0.001766,0.779277,0.213642,0.001772,0.003544
CACCGGTAGAGACATT-1,0.000416,0.000417,0.532581,0.427967,0.038619
CACCGTATCCCATCCG-1,0.001155,0.171775,0.419566,0.001157,0.406347
CACCGTTAGGGATCAC-1,0.000534,0.000536,0.093459,0.774085,0.131386
CACCGTTGCGCGATAT-1,0.000611,0.000614,0.700455,0.195358,0.102962
CACCTAATAGAGTCGT-1,0.000827,0.134156,0.675169,0.00083,0.189018
CACCTAATCAGTTTAC-1,0.00065,0.000652,0.996742,0.000652,0.001304
CACCTCGATGGTGGAC-1,0.000541,0.153083,0.574578,0.000542,0.271257
CACCTCTACGAGTGTG-1,0.000644,0.000646,0.996771,0.000646,0.001292
CACCTTGCGAAACTCG-1,0.000276,0.001652,0.554723,0.048757,0.394592
CACCTTGGCGCCTTTG-1,0.000857,0.000859,0.995706,0.000859,0.001719
CACGAAAGTTAGTCCC-1,0.000323,0.000324,0.871668,0.000324,0.127362
CACGACCACAGACTTT-1,0.000313,0.000314,0.512074,0.014991,0.472308
CACGACGTAATAGTAA-1,0.000326,0.000327,0.727626,0.104112,0.16761
CACGACTAAAGTTCTG-1,0.000237,0.033139,0.960991,0.000238,0.005395
CACGAGCAAACCAGAC-1,0.000212,0.000212,0.278774,0.141139,0.579663
CACGATTGGTCGTTAA-1,0.000426,0.000427,0.835951,0.000427,0.162769
CACGCACAGCGCAGCT-1,0.000199,0.000199,0.486759,0.262366,0.250477
CACGCAGCGAGGCTTT-1,0.000347,0.000348,0.865466,0.038065,0.095774
CACGCGGAACTGTTGC-1,0.000617,0.068699,0.445451,0.000619,0.484614
CACGGACGTGGATGGC-1,0.000216,0.031969,0.833367,0.131529,0.002919
CACGGCGCGCCAAAGG-1,0.000695,0.125586,0.871629,0.000697,0.001393
CACGGGATTGAGGGTT-1,0.000154,0.000154,0.383127,0.03071,0.585855
CACGTCAATCAATGGA-1,0.000691,0.856175,0.081183,0.000693,0.061258
CACGTCGGCAACCTCT-1,0.000346,0.000347,0.730674,0.157794,0.11084
CACGTCTATGATGTGG-1,0.000428,0.000428,0.759775,0.000428,0.238941
CACGTTCGTGCTCTAG-1,0.000296,0.000297,0.355761,0.105765,0.53788
CACGTTTCGTACACAC-1,0.00447,0.269285,0.712791,0.004484,0.00897
CACTAAAGTTGCCTAT-1,0.0001,0.044964,0.163742,0.068112,0.723082
CACTACGGGAGCTGCC-1,0.000353,0.549238,0.449349,0.000353,0.000707
CACTACTCAGTTCTGT-1,0.00024,0.000241,0.434327,0.000241,0.564951
CACTCAAGAGCTATGG-1,0.000255,0.000255,0.611661,0.008648,0.379181
CACTCAGCTCTTGAGG-1,0.000281,0.000281,0.369044,0.246864,0.38353
CACTCCTATGTAAGAT-1,0.002992,0.148826,0.839211,0.00299,0.005981
CACTCCTCTCGGTCGG-1,0.002307,0.235426,0.58626,0.171379,0.004628
CACTCGAGCTGAACAA-1,0.000389,0.126543,0.528929,0.343359,0.00078
CACTCGGTTAGGAGGA-1,0.000333,0.000334,0.998332,0.000334,0.000667
CACTCTCAAGCATCGA-1,0.00511,0.466946,0.01025,0.005127,0.512566
CACTCTTCTGCTAGCC-1,0.000184,0.879382,0.000368,0.059202,0.060865
CACTGACGATTGTGGA-1,0.000974,0.738291,0.257806,0.000977,0.001953
CACTGTCCAAGTGAGA-1,0.002108,0.105644,0.46271,0.425317,0.004221
CACTTAATCAGACGGA-1,0.00006,0.003403,0.022082,0.084453,0.890002
CACTTCGCCACAGGCT-1,0.000607,0.123409,0.874161,0.000608,0.001215
CACTTCGTCTTATCTC-1,0.000579,0.103892,0.893785,0.000581,0.001162
CAGAACTTAGCCCTCT-1,0.001136,0.249482,0.232726,0.213907,0.302749
CAGAATAACACACGGA-1,0.002309,0.243564,0.447789,0.002315,0.304024
CAGAATATTCGTTATC-1,0.00062,0.135263,0.74585,0.000621,0.117646
CAGACACCGATCGCTG-1,0.000378,0.101626,0.616326,0.270998,0.010673
CAGACCTGTAAGTGTT-1,0.000191,0.000192,0.43965,0.007681,0.552286
CAGACGAACCTGATAC-1,0.000143,0.009948,0.350633,0.11016,0.529116
CAGAGACGGTCACCCA-1,0.0004,0.097702,0.839353,0.000401,0.062145
CAGAGCATGAGCTTGC-1,0.000242,0.000242,0.690845,0.000242,0.308428
CAGAGCGATGGATGCT-1,0.003334,0.79412,0.192528,0.00334,0.006678
CAGAGGCGATGCATGA-1,0.0011,0.102656,0.691427,0.202608,0.002208
CAGAGTGATTTAACGT-1,0.000301,0.000301,0.576788,0.088465,0.334145
CAGATAATGGGCGGGT-1,0.000586,0.663705,0.333946,0.000588,0.001175
CAGATACTAACATAGT-1,0.000298,0.000299,0.623873,0.031682,0.343848
CAGATATGAAGATGAC-1,0.000158,0.035178,0.299727,0.105369,0.559567
CAGATCATTTAAAGTC-1,0.00027,0.000271,0.665104,0.017319,0.317037
CAGATCCTGGTTTGAA-1,0.000341,0.047201,0.272884,0.29633,0.383245
CAGATGTTTGTCCCAA-1,0.000432,0.045786,0.021527,0.319386,0.612869
CAGCAGCCCGTTCCTT-1,0.000112,0.000112,0.003179,0.036256,0.960341
CAGCAGTCCAGACTAT-1,0.000476,0.167727,0.000954,0.547187,0.283657
CAGCAGTCTGTGCTGC-1,0.002271,0.651276,0.33962,0.002279,0.004554
CAGCCCTCACAGGCAG-1,0.000183,0.000184,0.234873,0.008457,0.756302
CAGCCGGGCCCTCTAT-1,0.000211,0.000211,0.640835,0.138485,0.220257
CAGCCTCCTGCAGAGG-1,0.000367,0.000368,0.80488,0.000368,0.194017
CAGCCTCGATAGCGGT-1,0.00135,0.991876,0.002709,0.001355,0.00271
CAGCCTCTCCTCAAGA-1,0.001857,0.001865,0.990689,0.001863,0.003726
CAGCGATTCCCTTCAA-1,0.000619,0.068397,0.45162,0.092288,0.387075
CAGCGCCAACACGATA-1,0.000097,0.000097,0.180197,0.039508,0.780101
CAGCTCACTGAGACAT-1,0.000257,0.000258,0.38663,0.06791,0.544944
CAGCTCGACAAGTTAA-1,0.000211,0.000212,0.493094,0.045381,0.461102
CAGCTCGTGCTTGTGT-1,0.000617,0.000618,0.99691,0.000619,0.001237
CAGCTCTGGGCTCACT-1,0.001037,0.047086,0.437949,0.071223,0.442706
CAGCTGGCGTAACCGT-1,0.000415,0.000416,0.341599,0.000416,0.657154
CAGCTTAGTAGGTAGC-1,0.000366,0.000367,0.819413,0.000367,0.179487
CAGGAAGACTTTATAT-1,0.001118,0.16514,0.830379,0.001122,0.002242
CAGGACAGCTGCCCTT-1,0.000235,0.000235,0.604941,0.000236,0.394353
CAGGATATATCGTTGT-1,0.000307,0.10906,0.637543,0.252474,0.000616
CAGGATCCGCCCGACC-1,0.000392,0.000394,0.75663,0.000393,0.242191
CAGGCAGTCTTACCAG-1,0.000312,0.773434,0.225317,0.000312,0.000625
CAGGCCAGTACCACCT-1,0.00055,0.063032,0.46378,0.067571,0.405067
CAGGCCGTTTGGGTGT-1,0.000113,0.000114,0.137668,0.020786,0.841319
CAGGCGCACGGTGGTC-1,0.000203,0.022507,0.175855,0.581141,0.220295
CAGGCGCCATGCTAGG-1,0.000633,0.120642,0.52523,0.352225,0.00127
CAGGGAGATAGGCCAG-1,0.000393,0.000394,0.425463,0.212379,0.361369
CAGGGCTAACGAAACC-1,0.000121,0.018981,0.457505,0.061041,0.462352
CAGGTTTAGTACTACA-1,0.000226,0.000227,0.775176,0.154826,0.069545
CAGTAACTATTTATTG-1,0.000327,0.000328,0.784458,0.139541,0.075347
CAGTAAGGGACGTCTC-1,0.000184,0.018042,0.463824,0.159505,0.358445
CAGTAATCCCTCCCAG-1,0.000562,0.128605,0.869145,0.000563,0.001125
CAGTACATTCTCTAAA-1,0.000171,0.000171,0.561005,0.084586,0.354066
CAGTACCAGTTTACGT-1,0.000385,0.026008,0.435816,0.000386,0.537405
CAGTAGCCCACGCGGT-1,0.000456,0.000457,0.997716,0.000457,0.000914
CAGTAGCGAGGTAGTA-1,0.000294,0.000295,0.852927,0.000295,0.146189
CAGTCCAACGCCTTCT-1,0.001119,0.160324,0.620411,0.001121,0.217025
CAGTCGAGGATGCAAT-1,0.000389,0.00039,0.562629,0.00039,0.436202
CAGTCGGCCTAGATAT-1,0.000295,0.000295,0.677249,0.000295,0.321866
CAGTCTCTCGGCTAAT-1,0.000139,0.000139,0.196043,0.020319,0.783359
CAGTCTGTATACTGGG-1,0.000359,0.143957,0.854605,0.00036,0.000719
CAGTGAATAAATGACT-1,0.000155,0.014491,0.193136,0.071641,0.720578
CAGTGGTTGCACATGA-1,0.000716,0.119819,0.877312,0.000718,0.001435
CAGTGTCCGCAGAATG-1,0.000614,0.000616,0.996923,0.000616,0.001231
CAGTGTCGGCTGGCCC-1,0.003765,0.003776,0.723891,0.003776,0.264792
CAGTGTTAATCTCTCA-1,0.000584,0.000586,0.73271,0.17265,0.093471
CAGTTCAAATTGACAC-1,0.000209,0.00021,0.719835,0.00021,0.279536
CAGTTCCGCGGGTCGA-1,0.000169,0.000169,0.615915,0.02567,0.358078
CAGTTCGAGGACCCGA-1,0.002169,0.680866,0.004349,0.002175,0.310441
CATAACGGACAGTCGT-1,0.000912,0.032965,0.923763,0.000914,0.041446
CATAAGAAGCTTGGCT-1,0.002808,0.348755,0.005623,0.002814,0.64
CATAAGCTCTCCGTCT-1,0.000315,0.000315,0.020398,0.000315,0.978656
CATAATGAGCGGGCGA-1,0.000276,0.000277,0.581244,0.000277,0.417925
CATACAAAGCCGAACC-1,0.000187,0.000188,0.513005,0.010393,0.476227
CATACACAAAGTCAGC-1,0.000227,0.036505,0.305356,0.000228,0.657684
CATACACGGTTCCCAC-1,0.002465,0.460155,0.320677,0.002475,0.214229
CATACCCGTACCCAGT-1,0.000152,0.000152,0.167705,0.000152,0.831838
CATACGAACTAGCTGG-1,0.001523,0.154095,0.487053,0.354276,0.003052
CATACGGCGTCTGGGC-1,0.000173,0.096026,0.404366,0.113464,0.385971
CATACGGGTGCATGAT-1,0.000151,0.000151,0.265376,0.131543,0.602779
CATACTATGTAATTGT-1,0.000238,0.000239,0.576282,0.000239,0.423003
CATACTTAGGCAATAC-1,0.000355,0.000355,0.00071,0.399386,0.599193
CATACTTCTTTCTCCG-1,0.002272,0.810431,0.004558,0.178182,0.004557
CATAGAGGAGATACTA-1,0.000381,0.677255,0.162996,0.000382,0.158987
CATAGCCGCCCGGGAT-1,0.000098,0.000098,0.232563,0.112565,0.654676
CATAGCGTTGCCCACC-1,0.00079,0.179463,0.817367,0.000793,0.001586
CATAGGGACACTTGTG-1,0.000547,0.084659,0.619634,0.154287,0.140873
CATAGTACATTGAGAG-1,0.000679,0.054356,0.942926,0.00068,0.001359
CATAGTAGCATAGTAG-1,0.001302,0.122916,0.728415,0.001305,0.146063
CATAGTCAAATACATA-1,0.000277,0.762385,0.236504,0.000278,0.000556
CATAGTCCACAAGAAC-1,0.000645,0.000647,0.90734,0.000646,0.090722
CATAGTGGGCACGCCT-1,0.002136,0.636475,0.354964,0.002142,0.004283
CATATACTACTGATAA-1,0.000342,0.014067,0.86514,0.000343,0.120107
CATATAGGTACAGTCA-1,0.000175,0.126644,0.397152,0.10764,0.36839
CATATGTCAGGCTACG-1,0.000837,0.110866,0.799315,0.000839,0.088142
CATATTATTTGCCCTA-1,0.000425,0.000426,0.92673,0.000426,0.071994
CATCAAACTGGCGCCC-1,0.000166,0.000166,0.884873,0.070132,0.044663
CATCAACACCTACTAA-1,0.001037,0.135067,0.434585,0.00104,0.428271
CATCATCTACCCGGAC-1,0.000235,0.000235,0.412533,0.121361,0.465636
CATCATTACCCTGAGG-1,0.001539,0.221442,0.003087,0.770846,0.003086
CATCCAATATAGTTTG-1,0.000225,0.086639,0.339235,0.313788,0.260112
CATCCCGAGATTCATA-1,0.007951,0.312756,0.655423,0.007959,0.015911
CATCCGCAGGCCCGAA-1,0.000907,0.176575,0.819796,0.000907,0.001814
CATCCTCTCAAAGATC-1,0.002469,0.489462,0.004949,0.49817,0.004949
CATCGAATGGATCTCT-1,0.000066,0.000066,0.000132,0.000071,0.999664
CATCGCCCGCGGCCAA-1,0.00037,0.000371,0.998147,0.000371,0.000741
CATCGGACGGGTTAAT-1,0.000123,0.000123,0.060821,0.000123,0.93881
CATCGTCCGGTTACTA-1,0.000583,0.09547,0.902198,0.000583,0.001166
CATCTACCCGAGAACG-1,0.00058,0.2,0.797677,0.000581,0.001162
CATCTAGTGAAGGGAA-1,0.000534,0.000535,0.381463,0.000535,0.616932
CATCTATCCCGTGTCT-1,0.000561,0.000563,0.997188,0.000563,0.001125
CATCTGCAGGATCATT-1,0.000177,0.000177,0.403381,0.137992,0.458273
CATCTTACACCACCTC-1,0.000209,0.00021,0.146846,0.161261,0.691474
CATGAACCGACATTTG-1,0.000485,0.000486,0.8288,0.000486,0.169743
CATGAACCTCTTATCA-1,0.000163,0.031991,0.395246,0.156696,0.415905
CATGACTTCGCTGAAT-1,0.000382,0.000383,0.347168,0.000383,0.651685
CATGAGATGCACTCTC-1,0.002509,0.292637,0.195521,0.002518,0.506816
CATGAGTCCATCACGG-1,0.000346,0.039583,0.576767,0.208206,0.175098
CATGATACGGTGAAAC-1,0.001506,0.799323,0.003022,0.193126,0.003022
CATGATCGCTTTGAGA-1,0.000328,0.878046,0.062576,0.058391,0.000658
CATGATGCACAATTCT-1,0.000456,0.000457,0.809198,0.188975,0.000914
CATGATGGAAGTTAGC-1,0.000749,0.00075,0.29875,0.000751,0.698999
CATGCACATGAGAGGC-1,0.000461,0.000463,0.350798,0.467856,0.180422
CATGCACGTGTTACTG-1,0.000181,0.000181,0.344372,0.004447,0.650819
CATGCATGGAGACCCT-1,0.00013,0.000131,0.358148,0.047579,0.594012
CATGCCAACTCGCAAA-1,0.000153,0.023458,0.317935,0.00542,0.653033
CATGCGACCAGTTTAA-1,0.000254,0.000255,0.71694,0.000277,0.282275
CATGCGTTAGACAGAA-1,0.000575,0.075293,0.922403,0.000576,0.001153
CATGCGTTGAGAGGAG-1,0.00191,0.149374,0.343922,0.358679,0.146114
CATGCTGGCTCCAATT-1,0.000161,0.000162,0.176981,0.091511,0.731184
CATGGAAATGGGACCA-1,0.000181,0.016755,0.380063,0.241724,0.361277
CATGGATTGTCTTCCG-1,0.005724,0.005747,0.971294,0.00574,0.011496
CATGGCAGGAAGATCG-1,0.000912,0.000915,0.99543,0.000914,0.001828
CATGGCTCCCTATGTC-1,0.000791,0.299076,0.697755,0.000793,0.001586
CATGGGTATGCCTTAT-1,0.005295,0.296356,0.17772,0.510002,0.010628
CATGGGTCGGGTGTGG-1,0.000577,0.043885,0.953802,0.000579,0.001157
CATGGTAAGTAGCGTT-1,0.000325,0.111287,0.520382,0.000326,0.367679
CATGGTATTAGTTTGT-1,0.000663,0.061962,0.51559,0.190304,0.231481
CATGGTCTAGATACCG-1,0.000269,0.000269,0.673485,0.188656,0.137322
CATGGTTTATTAATCA-1,0.000304,0.774566,0.113367,0.111154,0.000609
CATGTAAGAGACATTT-1,0.004769,0.564925,0.415952,0.004786,0.009567
CATGTCTCATTTATGG-1,0.00038,0.000381,0.000761,0.990188,0.008291
CATGTGGGCTCATCAC-1,0.002078,0.808568,0.004158,0.181037,0.004158
CATTACATAGATTGTG-1,0.000223,0.026181,0.697754,0.000224,0.275618
CATTACGCAGGAAGGG-1,0.000444,0.92044,0.016873,0.061351,0.000891
CATTACGTCGGCCCGT-1,0.00065,0.000652,0.996742,0.000652,0.001304
CATTATAACAGGGTCC-1,0.000165,0.000165,0.495232,0.007866,0.496572
CATTATCCCATTAACG-1,0.001046,0.001049,0.523814,0.001048,0.473044
CATTATGCTTGTTGTG-1,0.000252,0.000252,0.446909,0.049264,0.503323
CATTCACTGACAGCTA-1,0.000285,0.000285,0.846059,0.000285,0.153086
CATTCAGGTCAGTGCG-1,0.000346,0.000347,0.995983,0.000347,0.002978
CATTCCCATTCCGTCG-1,0.000157,0.000157,0.247314,0.004851,0.747521
CATTCCCTAAGTACAA-1,0.000404,0.000404,0.804539,0.000404,0.19425
CATTCGTCGTAGCGGT-1,0.001835,0.881761,0.110879,0.001842,0.003683
CATTGATGAACACGCC-1,0.000328,0.000329,0.888361,0.000329,0.110652
CATTGCAAAGCATAAT-1,0.000273,0.060017,0.635622,0.000273,0.303815
CATTGCGAAATGGGCG-1,0.000128,0.000705,0.372906,0.073468,0.552793
CATTGCGGGTCAATTC-1,0.000352,0.000353,0.932069,0.066521,0.000705
CATTGTGTGCTAGATC-1,0.000709,0.038061,0.911304,0.048506,0.001421
CATTTAGCGGACCATG-1,0.000319,0.00032,0.630875,0.231448,0.137039
CATTTATCGTTCAAGA-1,0.000082,0.006114,0.080344,0.013258,0.900202
CATTTCTAGCAGACTA-1,0.000879,0.084025,0.912456,0.00088,0.00176
CATTTGAGTGGTACGT-1,0.000266,0.031337,0.751708,0.068162,0.148528
CCAAACAGAACCCTCG-1,0.000427,0.086294,0.911998,0.000427,0.000854
CCAAAGCAGTTGGTTG-1,0.000373,0.000374,0.780988,0.136822,0.081444
CCAAAGTCCCGCTAAC-1,0.00017,0.000171,0.508904,0.043377,0.447378
CCAAATAACAAGATTC-1,0.000636,0.16073,0.481242,0.000638,0.356754
CCAAATCAAAGGGCAA-1,0.000275,0.000275,0.320827,0.327027,0.351596
CCAACCTTATGTAACT-1,0.001791,0.347948,0.644874,0.001795,0.003591
CCAACGATGCACTGAT-1,0.000308,0.000309,0.769418,0.000309,0.229657
CCAACGCTTGCCAGGG-1,0.000579,0.00058,0.997099,0.000581,0.001161
CCAACTTGATAGATCC-1,0.00035,0.000351,0.130632,0.338653,0.530015
CCAAGAAAGTGGGCGA-1,0.000307,0.000308,0.869564,0.129204,0.000616
CCAAGACTTCTGCGAA-1,0.000241,0.060776,0.584416,0.000242,0.354326
CCAAGCGTAACTCGTA-1,0.00025,0.00025,0.516693,0.055508,0.4273
CCAAGCTTGATCTCCT-1,0.000203,0.080972,0.515237,0.131998,0.271591
CCAAGGAACAGAGAGG-1,0.000252,0.000253,0.457802,0.242022,0.299671
CCAAGGTTGCCCTTTC-1,0.001404,0.789538,0.204842,0.001406,0.002811
CCAAGTTTCTACAGAT-1,0.000942,0.350265,0.436369,0.000944,0.21148
CCAATAGATTTCATCT-1,0.000436,0.000437,0.833821,0.164431,0.000875
CCAATAGTGCCGTCGA-1,0.000355,0.000356,0.896457,0.000356,0.102476
CCAATCGGTAGATCGA-1,0.001446,0.001449,0.992757,0.00145,0.002898
CCAATGTCACAGCAAG-1,0.000153,0.000154,0.460619,0.000154,0.53892
CCAATTACGGGTCGAG-1,0.000361,0.000361,0.998194,0.000362,0.000723
CCAATTGAATGTTAAT-1,0.00054,0.261579,0.736256,0.000542,0.001083
CCACAATGTACGTCTT-1,0.000197,0.000197,0.644753,0.027036,0.327817
CCACACTGAGATATTA-1,0.000142,0.108226,0.171397,0.074696,0.645539
CCACAGCTGAAATCAT-1,0.000238,0.000238,0.652191,0.03083,0.316504
CCACAGTACCCATCCT-1,0.000487,0.000488,0.457021,0.24576,0.296243
CCACATACTGCACCCA-1,0.000333,0.000334,0.549705,0.01832,0.431309
CCACATGGCTCTTTAT-1,0.000292,0.000293,0.509735,0.000293,0.489387
CCACCAACTTTACTGT-1,0.000362,0.000363,0.384,0.028409,0.586865
CCACCCAAGGAAAGTG-1,0.000131,0.034555,0.330942,0.012869,0.621503
CCACCTGTATGGAATA-1,0.001338,0.710194,0.284446,0.001341,0.002682
CCACGAATTTAACCTC-1,0.000354,0.000355,0.240953,0.000355,0.757982
CCACGAGAAGAGAATC-1,0.001202,0.001206,0.889076,0.106103,0.002412
CCACGGAGCCATAAGA-1,0.000553,0.042744,0.556179,0.222874,0.177651
CCACGGCAGGTGTAGG-1,0.000192,0.000192,0.242638,0.285313,0.471665
CCACGGTGCCCGGTAG-1,0.000557,0.000558,0.786022,0.000558,0.212305
CCACGTAAATTAGACT-1,0.000162,0.000162,0.438561,0.022194,0.53892
CCACTAAACTGAATCG-1,0.000158,0.000158,0.530062,0.000158,0.469464
CCACTATCCGGGTCAC-1,0.00018,0.00018,0.505931,0.094247,0.399462
CCACTCAGATCCGCAA-1,0.002862,0.982785,0.005743,0.002868,0.005742
CCACTGGTGGCTGGTT-1,0.000234,0.000235,0.22166,0.000235,0.777636
CCACTGTTTGGATTAA-1,0.000302,0.385147,0.083608,0.213521,0.317421
CCACTTTCCTTCTAGG-1,0.00186,0.620798,0.371747,0.001864,0.003731
CCAGAAACTGATGCGA-1,0.001882,0.889182,0.103277,0.001886,0.003772
CCAGAAAGCAACTCAT-1,0.000595,0.063155,0.486638,0.282956,0.166657
CCAGAGACAAAGCCGG-1,0.000286,0.063758,0.874007,0.061376,0.000573
CCAGATAGTTGAGTGA-1,0.000346,0.000347,0.718728,0.00567,0.27491
CCAGATGTAAATGGGT-1,0.0002,0.0002,0.891904,0.060772,0.046924
CCAGCCTGGACCAATA-1,0.00009,0.000091,0.185094,0.022736,0.791989
CCAGCGGGATCACCAG-1,0.000213,0.000213,0.651298,0.023631,0.324645
CCAGCTACGCCTCATA-1,0.000163,0.000163,0.579898,0.047704,0.372072
CCAGCTCGAACGCATT-1,0.000233,0.805275,0.000467,0.087396,0.106629
CCAGCTGATGGTACTT-1,0.000284,0.007946,0.702408,0.024957,0.264404
CCAGCTTCCGCCCGCA-1,0.000221,0.000221,0.519749,0.012221,0.467589
CCAGGCGAGATGGTCT-1,0.000491,0.03974,0.650053,0.208632,0.101084
CCAGGCTGGCGTCTGA-1,0.00224,0.171494,0.819538,0.002243,0.004485
CCAGGGACGTGGCCTC-1,0.000281,0.000282,0.637891,0.10794,0.253606
CCAGTAGTCTGATCCA-1,0.000169,0.000169,0.385477,0.005064,0.609121
CCAGTCAAATCTCTTA-1,0.000691,0.090423,0.662204,0.000693,0.245988
CCAGTCCATTATTCGA-1,0.000322,0.000322,0.827641,0.000323,0.171392
CCAGTCTAGACGGCGC-1,0.000125,0.000126,0.033308,0.07354,0.892901
CCAGTCTTGTCATAGA-1,0.003049,0.564482,0.006107,0.003054,0.423308
CCAGTGAGCTCCTTGT-1,0.000281,0.000281,0.654459,0.000281,0.344697
CCAGTGTACAGACCGA-1,0.000614,0.000617,0.681646,0.245162,0.071961
CCAGTTCGGTAACTCA-1,0.004344,0.688194,0.008703,0.290058,0.0087
CCATAAACAACCCGAC-1,0.000207,0.000207,0.696526,0.302646,0.000414
CCATAACCTGTGCAGT-1,0.000719,0.000722,0.636701,0.000721,0.361137
CCATACCTTTACTTGT-1,0.000168,0.000168,0.203939,0.118327,0.677399
CCATACTCGCCTCTCC-1,0.000115,0.000115,0.200832,0.135047,0.663891
CCATAGAGGCTGCCAG-1,0.000186,0.004027,0.534868,0.144818,0.316101
CCATAGGTTGGCGTGG-1,0.000974,0.000977,0.847046,0.000976,0.150027
CCATAGTCAGTAACCC-1,0.00065,0.078726,0.851155,0.000652,0.068817
CCATATGGAAACTATA-1,0.002707,0.471485,0.323754,0.196638,0.005417
CCATATTGGATCATGA-1,0.000666,0.02763,0.969702,0.000668,0.001335
CCATCATAAGAACAGG-1,0.000158,0.000159,0.250433,0.278434,0.470816
CCATCCATACCAAGTC-1,0.000293,0.000293,0.494877,0.022878,0.481659
CCATCGCAGTTAAACT-1,0.000358,0.000359,0.591996,0.114201,0.293086
CCATCTCACCAGTGAA-1,0.000259,0.00026,0.539725,0.024059,0.435697
CCATCTTGTTCACAAT-1,0.000191,0.031153,0.341006,0.00341,0.62424
CCATGCCCTAGATTTC-1,0.004938,0.766865,0.213347,0.004954,0.009896
CCATGCCTGTTTAGTA-1,0.000242,0.010806,0.619605,0.000242,0.369105
CCATGCTCTGCAGGAA-1,0.000769,0.079107,0.91781,0.000771,0.001542
CCATGGCAAACGCTCA-1,0.000419,0.096968,0.186469,0.188354,0.52779
CCATGGCCCTTGTACC-1,0.000184,0.026251,0.702829,0.059603,0.211133
CCATGTTCATCTATAT-1,0.000468,0.112537,0.353469,0.000469,0.533057
CCATTAGCGATAATCC-1,0.000079,0.000079,0.056937,0.063781,0.879123
CCATTCCCTGCCCACA-1,0.000175,0.000176,0.301745,0.130582,0.567323
CCATTGTTTCCTCCAT-1,0.000375,0.000376,0.998123,0.000376,0.000751
CCATTTCTACCTATTA-1,0.003489,0.265036,0.720969,0.003501,0.007005
CCCAAACATGCTGCTC-1,0.000249,0.054173,0.529514,0.00025,0.415814
CCCAACATACGTCGCG-1,0.000199,0.003607,0.391078,0.326069,0.279047
CCCAACCACACTAACA-1,0.000219,0.000505,0.998619,0.000219,0.000438
CCCAAGAATGCACGGT-1,0.0002,0.0002,0.719312,0.0002,0.280088
CCCAAGACAGAGTATG-1,0.000421,0.043098,0.798465,0.000422,0.157593
CCCAAGTCATTACACT-1,0.000265,0.743622,0.126973,0.000266,0.128874
CCCAATGAGATTTGCA-1,0.002601,0.108613,0.394079,0.00261,0.492097
CCCAATTTCACAACTT-1,0.000234,0.036005,0.656581,0.000234,0.306946
CCCACTCCACGGTATC-1,0.000457,0.001953,0.295926,0.24617,0.455494
CCCAGAGGAGGGCGTA-1,0.000333,0.000334,0.998332,0.000334,0.000667
CCCAGATTCCCGTGAC-1,0.000778,0.151615,0.502512,0.343535,0.00156
CCCAGGAAGAATTCGA-1,0.002348,0.837799,0.152799,0.002351,0.004702
CCCAGGTCTGAAGGCT-1,0.001765,0.059338,0.697413,0.001772,0.239712
CCCAGTAAACTTGGGA-1,0.000346,0.13973,0.440802,0.000347,0.418774
CCCAGTTAAGGCGCCG-1,0.00066,0.010517,0.846797,0.140704,0.001323
CCCATATAGGTCGATT-1,0.00031,0.639533,0.359226,0.000311,0.000621
CCCATTATTGTATCCT-1,0.002651,0.375804,0.445816,0.170415,0.005314
CCCGAAGTTTCGCGAA-1,0.000318,0.045936,0.119607,0.359281,0.474857
CCCGACCATAGTCCGC-1,0.000409,0.00041,0.909149,0.050222,0.03981
CCCGAGTTTCTCCGTA-1,0.00046,0.030873,0.641818,0.09699,0.229859
CCCGATAGCCTCGCCT-1,0.000209,0.00021,0.256469,0.00021,0.742901
CCCGCAAATAATCATC-1,0.001002,0.416941,0.365613,0.214438,0.002007
CCCGCAGCGCGAACTA-1,0.000232,0.036113,0.174775,0.149806,0.639074
CCCGCAGGGCCCAAAG-1,0.000132,0.000132,0.436526,0.272747,0.290462
CCCGCCATGCTCCCGT-1,0.001989,0.274822,0.717209,0.001994,0.003986
CCCGCGCAATGCACCC-1,0.000625,0.209031,0.788465,0.000626,0.001253
CCCGCTAGAGGGTTAA-1,0.000277,0.000278,0.284846,0.422883,0.291716
CCCGCTTGCCCTCGTC-1,0.000134,0.018556,0.023023,0.261683,0.696605
CCCGGCACGTGTCAGG-1,0.000494,0.919275,0.00099,0.000495,0.078746
CCCGGCTAGGTGAGAA-1,0.000249,0.01078,0.988222,0.000249,0.000499
CCCGGGTCGTTCAGGG-1,0.00027,0.78847,0.116716,0.092038,0.002507
CCCGGTGGAAGAACCT-1,0.000184,0.000184,0.552408,0.039064,0.40816
CCCGGTGTATCGGAAT-1,0.00057,0.000571,0.652588,0.073514,0.272756
CCCGTAAGTCTAGGCC-1,0.00028,0.037812,0.370446,0.000281,0.591181
CCCGTAGCTGGGAAGA-1,0.001769,0.001772,0.508653,0.484263,0.003544
CCCGTCAGCGTCTGAC-1,0.00039,0.000391,0.861085,0.083912,0.054222
CCCGTGACAGTGCCTT-1,0.002204,0.600397,0.004417,0.388569,0.004413
CCCGTGAGGGCGGTGA-1,0.000112,0.000112,0.180644,0.091171,0.727962
CCCGTGGGTTAATTGA-1,0.000314,0.000315,0.854876,0.000315,0.14418
CCCGTTTCGCAGATGT-1,0.000675,0.000676,0.078633,0.140643,0.779372
CCCTACCCACACCCAG-1,0.002273,0.642403,0.34849,0.002277,0.004557
CCCTACTTGAACAATG-1,0.000307,0.998153,0.000616,0.000308,0.000616
CCCTAGCTCTAAGGTC-1,0.001723,0.311695,0.003459,0.679664,0.003459
CCCTAGGCAACAAGAG-1,0.000404,0.000405,0.367677,0.113713,0.517802
CCCTAGTGTCAGGTGT-1,0.000313,0.000313,0.68467,0.036284,0.278421
CCCTATGTAGAGCAGA-1,0.000385,0.000386,0.357819,0.282486,0.358924
CCCTCAGATCGAGAAC-1,0.00027,0.000271,0.164954,0.147844,0.686661
CCCTCATCACAGAGTA-1,0.000283,0.000284,0.300485,0.020245,0.678703
CCCTCATTCTGGAATT-1,0.000868,0.07166,0.924865,0.00087,0.001739
CCCTCCTCGCTCGTAT-1,0.000348,0.021503,0.136414,0.158592,0.683142
CCCTCGATAATACACA-1,0.000705,0.028233,0.38524,0.424955,0.160867
CCCTCGGGAGCCTTGT-1,0.000325,0.025304,0.384109,0.000325,0.589937
CCCTGAAATGAGTTGA-1,0.000075,0.000075,0.125601,0.033698,0.840552
CCCTGACTAACAAATT-1,0.000211,0.000212,0.998941,0.000212,0.000424
CCCTGATGTAACTCGT-1,0.000502,0.000504,0.997485,0.000503,0.001006
CCCTGCCCAATCCGCT-1,0.00049,0.000492,0.436183,0.174964,0.387871
CCCTGCGCTACGCATA-1,0.000316,0.05545,0.857447,0.000317,0.08647
CCCTGGCTGTTCCTTC-1,0.001165,0.001167,0.66115,0.001167,0.335351
CCCTGGGAGGGATCCT-1,0.002138,0.790781,0.004284,0.198512,0.004284
CCCTGGTATGGGCGGC-1,0.000219,0.00022,0.397741,0.06095,0.54087
CCCTGTTGGCAAAGAC-1,0.000495,0.104615,0.893401,0.000496,0.000992
CCCTTCTCGTACGCGA-1,0.000328,0.000329,0.517585,0.001277,0.480481
CCCTTTAATGGAGTTC-1,0.00036,0.696541,0.302015,0.000361,0.000723
CCCTTTGACAGGTCTT-1,0.000312,0.000313,0.494076,0.111845,0.393454
CCGAAACACGACCTCT-1,0.000179,0.019057,0.539299,0.040533,0.400932
CCGAAAGTGGTGAGCA-1,0.002384,0.095125,0.895312,0.002397,0.004783
CCGAACACTGGGCCTC-1,0.000291,0.087506,0.253477,0.00521,0.653517
CCGAACCTTCCCGGCC-1,0.000337,0.095729,0.572532,0.122322,0.209081
CCGAAGCATTGACCAA-1,0.000209,0.043954,0.482747,0.08728,0.38581
CCGAAGGGCGTACCGC-1,0.000236,0.000237,0.934266,0.000237,0.065024
CCGAAGTATATTGTTC-1,0.000562,0.000563,0.997187,0.000563,0.001126
CCGACAAACACATGAG-1,0.00093,0.200751,0.552587,0.000932,0.244801
CCGACAAAGGGAGTGC-1,0.000167,0.000167,0.448531,0.024582,0.526554
CCGACAATAGGCCGCC-1,0.001647,0.692937,0.0033,0.298817,0.003299
CCGACGGGCATGAGGT-1,0.000884,0.000886,0.269772,0.726687,0.001772
CCGACGTAAACACAAC-1,0.001364,0.001367,0.797139,0.001367,0.198763
CCGACTCGCATAGTCT-1,0.000185,0.000185,0.333854,0.064985,0.600791
CCGAGAAGTCGCATAA-1,0.000538,0.068348,0.481363,0.00054,0.449212
CCGAGCTGTGCTTGTC-1,0.000679,0.000681,0.893152,0.104128,0.00136
CCGAGGGATGTTAGGC-1,0.000162,0.000162,0.427564,0.000162,0.57195
CCGATATGACGTAAGG-1,0.000968,0.201952,0.517129,0.00097,0.278981
CCGATCTCAACCTTAT-1,0.000535,0.000535,0.340283,0.080398,0.578248
CCGATCTTAAGAGGCT-1,0.000463,0.042841,0.955304,0.000464,0.000928
CCGATTCGAGGGACCC-1,0.000317,0.000848,0.701312,0.000317,0.297206
CCGATTGGTCAATGAA-1,0.000149,0.000149,0.284589,0.167546,0.547568
CCGCACAAAGACCAAC-1,0.000261,0.000261,0.932938,0.016283,0.050256
CCGCACACGAACGTGT-1,0.000336,0.054058,0.24366,0.123094,0.578852
CCGCACGTGACCTCGG-1,0.000148,0.000148,0.258141,0.099671,0.641892
CCGCACTTGCAATGAC-1,0.000538,0.772512,0.225333,0.000539,0.001078
CCGCATGTGGTACGAT-1,0.00191,0.573144,0.34043,0.001914,0.082603
CCGCCACCACAATCCA-1,0.000252,0.06223,0.792861,0.000252,0.144405
CCGCCGGAACTTCTCG-1,0.000808,0.00081,0.521332,0.000811,0.476239
CCGCCGGTCAACACAC-1,0.000099,0.000099,0.144333,0.175927,0.679542
CCGCCGTTGAGGATAA-1,0.001477,0.218826,0.548568,0.00148,0.22965
CCGCCTGCGAATTGGT-1,0.000765,0.000767,0.996169,0.000766,0.001532
CCGCCTTGCGATGTCG-1,0.001053,0.001056,0.62574,0.001055,0.371096
CCGCGATTTGGTAGGT-1,0.000214,0.000214,0.600147,0.000214,0.39921
CCGCGCAAGATACCCA-1,0.000107,0.030373,0.045675,0.33538,0.588465
CCGCGGAATGCGTCAC-1,0.000307,0.000308,0.590802,0.18038,0.228203
CCGCGGGTACGAAGAA-1,0.000099,0.013889,0.325401,0.077426,0.583185
CCGCGTAGGTAAGGGC-1,0.000385,0.000386,0.66452,0.000386,0.334323
CCGCTATCAGCACCAG-1,0.000212,0.029123,0.251487,0.359579,0.3596
CCGCTCCAGGGCGATC-1,0.001936,0.741214,0.003879,0.001938,0.251034
CCGCTCCGGATAAGCT-1,0.000626,0.000627,0.775207,0.000627,0.222914
CCGCTCTTCCGAACTA-1,0.000131,0.903539,0.095937,0.000131,0.000262
CCGCTGGTGCCATTCA-1,0.000181,0.000181,0.305906,0.000181,0.69355
CCGCTTACCTCACTCT-1,0.000157,0.000158,0.242211,0.337148,0.420326
CCGCTTCGCGGTTAAC-1,0.000176,0.043406,0.20001,0.301294,0.455115
CCGCTTGCTGACATGG-1,0.00035,0.018645,0.979952,0.000351,0.000702
CCGGAAGTGCAATATG-1,0.001747,0.906713,0.003501,0.00175,0.086289
CCGGAAGTTATCAGTC-1,0.001491,0.001495,0.99253,0.001495,0.00299
CCGGAATGGTTTCAGT-1,0.000344,0.000344,0.842015,0.000344,0.156953
CCGGAGCGTACTTTCT-1,0.003252,0.588987,0.397974,0.003263,0.006524
CCGGAGGTCTTATGGT-1,0.000585,0.000586,0.944872,0.000586,0.053371
CCGGCACGACCGTTTC-1,0.000273,0.000274,0.209642,0.032786,0.757026
CCGGCCGCGAGCATAT-1,0.000109,0.037823,0.107396,0.088671,0.766001
CCGGCGCATATTGGAT-1,0.000436,0.098028,0.890518,0.000438,0.01058
CCGGCGTGAGACTCTG-1,0.000737,0.000739,0.240457,0.415659,0.342407
CCGGGACCCGCAGAGA-1,0.000559,0.033766,0.901117,0.000561,0.063997
CCGGGCGGTCTCGTCA-1,0.000234,0.000235,0.613963,0.023559,0.362009
CCGGGCTAAGAATTTC-1,0.000196,0.012976,0.4175,0.283648,0.28568
CCGGGCTGCTCCATAC-1,0.000448,0.019154,0.428487,0.220735,0.331176
CCGGGTTCGAGGTTAC-1,0.000257,0.066713,0.548073,0.000257,0.3847
CCGGTAATGGCTAGTC-1,0.000837,0.000839,0.769698,0.226947,0.001679
CCGGTATCTGGCGACT-1,0.002015,0.781951,0.052384,0.002021,0.161629
CCGGTGCGAGTGATAG-1,0.000231,0.000231,0.528032,0.262302,0.209204
CCGGTTTGTAATTGTG-1,0.003044,0.217743,0.770058,0.003053,0.006103
CCGTAAGTTGGTCCCA-1,0.000284,0.000285,0.567705,0.000285,0.431441
CCGTACCCAAGCGCCA-1,0.000313,0.000314,0.826325,0.046051,0.126998
CCGTAGGAAATCCCTG-1,0.000256,0.767311,0.202074,0.000257,0.030103
CCGTAGGGTTGTTTAC-1,0.000239,0.883628,0.000478,0.115176,0.000478
CCGTATCTCGTCGTAG-1,0.000843,0.05437,0.942254,0.000844,0.001689
CCGTATTAGCGCAGTT-1,0.000586,0.000588,0.954645,0.000588,0.043592
CCGTCAACCTCTGGCG-1,0.000211,0.000211,0.32726,0.237489,0.434828
CCGTGAGGCATTCATG-1,0.000522,0.000524,0.715219,0.000524,0.283211
CCGTGCCCATGACGGC-1,0.000263,0.000263,0.227381,0.332434,0.439659
CCGTGGAACGATCCAA-1,0.000218,0.000218,0.773812,0.023796,0.201957
CCGTGTTAAATTCCAT-1,0.000296,0.136497,0.335302,0.230659,0.297246
CCGTTACGTTAGAACA-1,0.000331,0.0496,0.852188,0.097216,0.000664
CCGTTCCGAATCTCGG-1,0.000538,0.00054,0.529987,0.000539,0.468395
CCGTTTCCTTTCCGTG-1,0.000895,0.363891,0.525735,0.107686,0.001794
CCTAAACAGGGTCCGT-1,0.000263,0.000263,0.420124,0.000263,0.579086
CCTAAAGGCTGACGCT-1,0.000553,0.000554,0.997232,0.000554,0.001107
CCTAAATTAACGGTTC-1,0.000115,0.0375,0.14308,0.007621,0.811684
CCTAAATTGTATCCTA-1,0.000912,0.061222,0.828868,0.000914,0.108084
CCTAACCCAAACAAGT-1,0.000222,0.000223,0.307972,0.130935,0.560648
CCTAACTAAGGCTCTA-1,0.000234,0.000235,0.675023,0.000234,0.324274
CCTAAGTGTCTAACCG-1,0.000154,0.043299,0.4742,0.056467,0.425878
CCTACAAGTCCGGAAT-1,0.000456,0.000457,0.997717,0.000457,0.000914
CCTACAGTTGAGGGAG-1,0.002515,0.715105,0.005036,0.002518,0.274826
CCTACATTCACAGACG-1,0.000568,0.125086,0.689076,0.00057,0.184701
CCTACGCGACCTTACA-1,0.000264,0.000265,0.694078,0.04236,0.263033
CCTACGGCTCAGTCGA-1,0.000612,0.235268,0.76228,0.000613,0.001227
CCTACTCAACACGATT-1,0.000867,0.886282,0.110243,0.000869,0.001739
CCTACTGCGGCGGCCA-1,0.000217,0.000217,0.998914,0.000217,0.000435
CCTACTGCTTACACTT-1,0.000262,0.000263,0.485129,0.021018,0.493328
CCTAGGCGTAGCGATC-1,0.000623,0.133138,0.762503,0.000624,0.103113
CCTAGGTAAAGGTAGC-1,0.00049,0.053206,0.034055,0.491068,0.42118
CCTAGTTAGTCGCATG-1,0.000292,0.000293,0.287047,0.158846,0.553522
CCTATAATGAGTGCCC-1,0.006505,0.477342,0.496576,0.006527,0.01305
CCTATACCGTCCTGTC-1,0.001962,0.150224,0.595965,0.001966,0.249884
CCTATATCGTGTCACG-1,0.000268,0.021536,0.10492,0.232607,0.640669
CCTATATTTGTCCTGG-1,0.001886,0.279055,0.003778,0.711505,0.003776
CCTATCTATATCGGAA-1,0.000522,0.032846,0.96506,0.000524,0.001048
CCTATGAAGTGGTGCC-1,0.000435,0.047839,0.654544,0.000436,0.296746
CCTATGGCTCCTAGTG-1,0.000324,0.000324,0.343283,0.000325,0.655744
CCTATGGGTTACCGTC-1,0.000446,0.000447,0.857531,0.000447,0.141129
CCTATGGTCAAAGCTG-1,0.000162,0.274288,0.000325,0.391401,0.333824
CCTATGTCCACTCCAC-1,0.0027,0.783885,0.205294,0.002708,0.005413
CCTATTATTCCGGCCG-1,0.000107,0.018012,0.23186,0.023453,0.726568
CCTCAACGATCGCTGT-1,0.000331,0.000332,0.216506,0.131516,0.651316
CCTCACCAATCTTGAC-1,0.001591,0.00248,0.991144,0.001595,0.00319
CCTCACCTGAGGGAGC-1,0.000295,0.000296,0.767662,0.000296,0.231451
CCTCACCTTAGCATCG-1,0.000414,0.083884,0.714446,0.124122,0.077135
CCTCACGTCAGCTAAT-1,0.002274,0.345819,0.302655,0.344696,0.004557
CCTCATGCAGCTACGA-1,0.000305,0.000305,0.48823,0.102747,0.408413
CCTCCCGACAATCCCT-1,0.000288,0.000289,0.820716,0.000289,0.178418
CCTCCGACAATTCAAG-1,0.000264,0.000265,0.898662,0.000265,0.100544
CCTCCTAGCTAGAGTC-1,0.00041,0.006716,0.233248,0.728774,0.030852
CCTCCTGAGCCCACAT-1,0.000254,0.059178,0.523138,0.000255,0.417174
CCTCCTGTTGTGTCGT-1,0.000299,0.568433,0.430369,0.0003,0.000599
CCTCGAAGTGGACGGG-1,0.000602,0.067869,0.92972,0.000603,0.001206
CCTCGACCCACTGCCT-1,0.000235,0.016358,0.456241,0.000236,0.52693
CCTCGCCAGCAAATTA-1,0.000799,0.033705,0.96309,0.000802,0.001604
CCTCGCGCGATATAGG-1,0.000436,0.000437,0.997814,0.000437,0.000875
CCTCGCGCTGTGCGAT-1,0.004211,0.752236,0.230874,0.004232,0.008446
CCTCGGACCGGGATAG-1,0.000779,0.054174,0.79678,0.00078,0.147487
CCTCGGATGCTACCTG-1,0.000238,0.000239,0.558276,0.000239,0.441007
CCTCGGTTTCCTTGCC-1,0.001525,0.162733,0.189085,0.643604,0.003054
CCTCGTTACGCCTGTT-1,0.000501,0.112528,0.704454,0.000502,0.182016
CCTCTAATCTGCCAAG-1,0.000129,0.00013,0.195185,0.146905,0.657651
CCTCTACAAGGATTGG-1,0.000227,0.006712,0.326238,0.434039,0.232785
CCTCTATCGATTAGCA-1,0.000499,0.0005,0.174944,0.395242,0.428815
CCTCTCTCCCATCTAG-1,0.000368,0.000369,0.645765,0.000369,0.353129
CCTCTGGCCTAGACGG-1,0.000497,0.000498,0.758578,0.000498,0.239928
CCTCTGTACTATTCTA-1,0.000947,0.025883,0.49756,0.40319,0.07242
CCTGAACGATATATTC-1,0.000117,0.014627,0.000235,0.167493,0.817527
CCTGAATATTTACATA-1,0.000109,0.000109,0.058655,0.450774,0.490353
CCTGACCACCGATGGT-1,0.000304,0.052737,0.554193,0.000305,0.392461
CCTGACGCAACCTTTA-1,0.000175,0.000175,0.51144,0.000175,0.488035
CCTGAGAATAAATGCA-1,0.000778,0.184663,0.657338,0.00078,0.156441
CCTGATTCGCGAAGAA-1,0.001392,0.991644,0.002784,0.001394,0.002785
CCTGCCCGTTGTCTAG-1,0.000086,0.000086,0.020134,0.005313,0.974381
CCTGCGATAGAACTGT-1,0.00021,0.000211,0.660085,0.011178,0.328316
CCTGCGTTCTACGCTT-1,0.000182,0.070099,0.395926,0.150476,0.383317
CCTGCTACAACCATAC-1,0.000917,0.867583,0.12874,0.00092,0.00184
CCTGCTATTTGAGAAG-1,0.000172,0.000173,0.264413,0.037951,0.69729
CCTGGAAACGTTCTGC-1,0.000159,0.01665,0.050711,0.109253,0.823227
CCTGGCTAGACCCGCC-1,0.000267,0.000268,0.655884,0.000268,0.343314
CCTGGTCGAATGTGGG-1,0.004207,0.901379,0.081755,0.004218,0.008441
CCTGTAAGACATGATA-1,0.000331,0.027205,0.523799,0.000331,0.448334
CCTGTACTCACGCCCA-1,0.000274,0.115566,0.182383,0.24388,0.457897
CCTGTCACCCGGGCTC-1,0.000273,0.000274,0.969458,0.000274,0.029721
CCTGTCCCTCACGTTA-1,0.000682,0.000683,0.936935,0.000684,0.061016
CCTGTCGCCCGTAAAT-1,0.000169,0.061872,0.495631,0.116671,0.325657
CCTGTCGTGTATGAAG-1,0.000215,0.000215,0.000431,0.116879,0.88226
CCTGTGAAACCGTAAC-1,0.000129,0.00013,0.355647,0.113148,0.530945
CCTGTGCATAGGAGAC-1,0.0002,0.0002,0.553467,0.264584,0.181548
CCTGTGCGGATTGTAA-1,0.000223,0.000223,0.480643,0.118361,0.400551
CCTGTTCAACCTCGGG-1,0.002468,0.4331,0.416279,0.002473,0.14568
CCTGTTTGAAGACACG-1,0.000332,0.77888,0.000666,0.003722,0.2164
CCTTAAGTACGCAATT-1,0.000751,0.886287,0.001503,0.000751,0.110709
CCTTCAGTTAAAGTGA-1,0.001363,0.421396,0.002734,0.001367,0.57314
CCTTCCGCAACGCTGC-1,0.000745,0.000747,0.731831,0.069236,0.19744
CCTTCGTATAGAATCC-1,0.001506,0.990935,0.003021,0.001512,0.003025
CCTTCTCAGCGTTCCT-1,0.000444,0.070208,0.301777,0.000446,0.627125
CCTTCTTGATCCAGTG-1,0.000466,0.066225,0.448369,0.000467,0.484472
CCTTGACCACTTTATT-1,0.003975,0.003989,0.457242,0.526822,0.007973
CCTTGTGAACGTGGTT-1,0.002171,0.78216,0.004348,0.206974,0.004348
CCTTTAAGGGAGCACT-1,0.005969,0.814874,0.161204,0.005983,0.011971
CCTTTCAATGAAGAAA-1,0.000191,0.000192,0.713309,0.000192,0.286117
CCTTTGAATTATGGCT-1,0.000573,0.043696,0.353032,0.000574,0.602126
CGAAACATAGATGGCA-1,0.000076,0.000076,0.071687,0.239942,0.688218
CGAAACGCAATTCATG-1,0.00022,0.034141,0.525095,0.00022,0.440324
CGAACAGTATGGGCGT-1,0.000702,0.000703,0.682305,0.314883,0.001407
CGAACATAGTCAGAAA-1,0.001266,0.00127,0.73761,0.257314,0.00254
CGAACCCGCATGCGTC-1,0.000213,0.039502,0.725239,0.124162,0.110884
CGAACCTCTTTCCTAG-1,0.000259,0.039045,0.671349,0.00026,0.289087
CGAACGCCCAGTGCCG-1,0.00044,0.000441,0.997794,0.000441,0.000883
CGAACGGCCGGACAAC-1,0.000242,0.073255,0.643264,0.009523,0.273716
CGAAGACGGTGAGTGC-1,0.000148,0.000148,0.419465,0.150835,0.429404
CGAAGACTGCCCGGGA-1,0.000278,0.033503,0.761493,0.001798,0.202928
CGAAGATCAGTTTCAT-1,0.002384,0.56493,0.004785,0.002391,0.42551
CGAAGCCACAGCATGG-1,0.000141,0.014579,0.125121,0.139754,0.720405
CGAAGCTATAAATTCA-1,0.000259,0.00026,0.83671,0.051897,0.110874
CGAAGGGTTTCAGATT-1,0.000723,0.000725,0.132557,0.000725,0.86527
CGAAGTTGCTCTGTGT-1,0.000446,0.000447,0.701019,0.005962,0.292126
CGAATCTGCTCGACGC-1,0.000178,0.131765,0.488681,0.074809,0.304567
CGAATGAAGTCATTGC-1,0.000129,0.000129,0.274298,0.292234,0.43321
CGAATGACGCATAATG-1,0.000213,0.484132,0.164084,0.22736,0.12421
CGAATGGTAGGTCGTC-1,0.000592,0.08893,0.289964,0.095651,0.524863
CGAATTACATGGTGTT-1,0.000347,0.000347,0.771034,0.093422,0.13485
CGAATTCCCGGTTCAA-1,0.000402,0.648277,0.040518,0.309996,0.000806
CGACAATTTGATCTAA-1,0.001118,0.027773,0.594754,0.374113,0.002242
CGACACCGCTTAAGGA-1,0.000577,0.146982,0.850706,0.000579,0.001157
CGACACGCTCCGACAG-1,0.000675,0.000677,0.912628,0.000677,0.085343
CGACACGGATGCCCAC-1,0.00096,0.299249,0.696902,0.000963,0.001926
CGACAGTTCGCGTTAT-1,0.000219,0.00022,0.489773,0.00022,0.509568
CGACATGCGATCTTCT-1,0.000313,0.000313,0.867476,0.000313,0.131585
CGACCCTTAACGCCGG-1,0.000182,0.000182,0.000364,0.038516,0.960756
CGACCGTTGGTATTCG-1,0.000167,0.000167,0.314393,0.303924,0.381348
CGACCTACTAGACAAT-1,0.000177,0.000178,0.55055,0.007494,0.441601
CGACGCATCCGTACCT-1,0.000853,0.068346,0.766839,0.000854,0.163108
CGACTCAGGATGTTAT-1,0.000251,0.000252,0.470867,0.021945,0.506684
CGACTCGGTACACGGT-1,0.000335,0.216648,0.782012,0.000335,0.00067
CGACTTGCCGGGAAAT-1,0.000216,0.060933,0.467756,0.059094,0.412001
CGACTTTGTATAGCCT-1,0.000398,0.000399,0.606306,0.000399,0.392499
CGAGACCCTAGAGTGT-1,0.000231,0.131383,0.638429,0.000231,0.229726
CGAGACTACTGCTGCT-1,0.000499,0.655563,0.233613,0.0005,0.109826
CGAGAGATGTGAACCT-1,0.000318,0.05249,0.946238,0.000318,0.000636
CGAGAGCGCGTAGATA-1,0.000391,0.092631,0.339411,0.000392,0.567174
CGAGAGCTTTCACTAC-1,0.000318,0.459069,0.421861,0.118116,0.000636
CGAGAGGGTAGCCGCG-1,0.001326,0.54373,0.450957,0.001329,0.002658
CGAGATGTTGCCTATA-1,0.000114,0.000114,0.251245,0.12757,0.620957
CGAGATTTCGCTCGGG-1,0.000173,0.000174,0.331384,0.229835,0.438434
CGAGCACTTCAAGTTT-1,0.000492,0.000493,0.997536,0.000493,0.000986
CGAGCCGAGCACTCGA-1,0.000361,0.149461,0.849091,0.000362,0.000724
CGAGCGTTGATCAGCC-1,0.000427,0.000428,0.99786,0.000428,0.000857
CGAGCTGGGCTTTAGG-1,0.000852,0.000855,0.817243,0.000854,0.180197
CGAGGAGCTTCCATAT-1,0.000314,0.000315,0.998428,0.000315,0.000629
CGAGGATCGGGAACGA-1,0.000105,0.000105,0.399013,0.026249,0.574527
CGAGGCCAGGCATTGG-1,0.00063,0.000632,0.996843,0.000631,0.001263
CGAGGCTAAATATGGC-1,0.000294,0.000294,0.99853,0.000294,0.000588
CGAGGGACTGCGGTCG-1,0.000238,0.089467,0.848224,0.000238,0.061833
CGAGGGTATCCAGGTG-1,0.000179,0.528129,0.000359,0.217355,0.253977
CGAGTACTAAAGAGGA-1,0.000299,0.068483,0.628633,0.257649,0.044936
CGAGTGAAGGTACCAG-1,0.000589,0.000591,0.489196,0.267154,0.242469
CGAGTGCTATAGTTCG-1,0.000333,0.000334,0.851944,0.000334,0.147056
CGAGTTCTGTCCCACC-1,0.00025,0.047026,0.807386,0.00025,0.145087
CGAGTTTATCGGACTG-1,0.000134,0.020831,0.087485,0.237888,0.653663
CGATAACCAATTTGAG-1,0.001182,0.206769,0.408614,0.001186,0.382249
CGATAATACTCAGGTT-1,0.000517,0.000518,0.414012,0.000518,0.584435
CGATACCTCGCGGACA-1,0.000366,0.028261,0.778068,0.000367,0.192938
CGATAGCGATACAGTG-1,0.000525,0.000526,0.474877,0.523021,0.001051
CGATAGTCGTACTGCA-1,0.000403,0.747364,0.25102,0.000404,0.000808
CGATATTAGCCGCAGG-1,0.000124,0.000124,0.306635,0.165632,0.527485
CGATCATTAGAGGCAC-1,0.000253,0.000253,0.998735,0.000253,0.000506
CGATCCACCATTGTTG-1,0.002307,0.986114,0.00463,0.002316,0.004632
CGATCCGACCCAGTGC-1,0.000252,0.000252,0.958587,0.000252,0.040657
CGATCCTCGCAACATA-1,0.001664,0.513646,0.003339,0.478013,0.003337
CGATCGAGAAGCACCA-1,0.001256,0.774414,0.186283,0.035529,0.002517
CGATCTGTTGGAGGAC-1,0.000517,0.187049,0.470773,0.000518,0.341143
CGATGGACCCTACGCC-1,0.000441,0.000441,0.997793,0.000442,0.000883
CGATGTTGTTATCTAC-1,0.00048,0.000482,0.298449,0.169237,0.531352
CGATTAAATATCTCCT-1,0.001834,0.156128,0.564587,0.273771,0.00368
CGATTCGCCTGGCTGC-1,0.002805,0.491528,0.005628,0.002814,0.497225
CGATTTGTCATTAATG-1,0.000167,0.000167,0.158593,0.416384,0.424689
CGCAAACACGAGTTAC-1,0.000159,0.000159,0.417212,0.164243,0.418227
CGCAATCGATCATTAG-1,0.000442,0.165045,0.833185,0.000443,0.000886
CGCAATTACTTTCGGT-1,0.000566,0.000567,0.997166,0.000567,0.001134
CGCAATTAGGGTAATA-1,0.000301,0.000302,0.844208,0.152364,0.002825
CGCAATTCTACAATAA-1,0.000149,0.038131,0.489709,0.028242,0.443769
CGCACATGTCCACTAC-1,0.000199,0.048984,0.109019,0.06822,0.773578
CGCACGTCTGTTTATG-1,0.00135,0.218928,0.588824,0.001354,0.189545
CGCACGTGCGCTATCA-1,0.000193,0.000193,0.208692,0.098691,0.692231
CGCAGAAACATTTGCG-1,0.000309,0.00031,0.942087,0.00031,0.056984
CGCAGATCTTCACCCG-1,0.000205,0.000206,0.393295,0.068964,0.537331
CGCAGGCGATCCAAAC-1,0.001963,0.001967,0.725988,0.001966,0.268117
CGCAGTTCTATCTTTC-1,0.003255,0.768151,0.218812,0.00326,0.006522
CGCATCATGGCTTCAG-1,0.000246,0.000247,0.590842,0.24848,0.160184
CGCATCCATCAGCCAG-1,0.000327,0.000328,0.998362,0.000328,0.000655
CGCATGCCGAATGCGT-1,0.00035,0.802139,0.196459,0.000351,0.000702
CGCATGGTGCGATGCT-1,0.000235,0.000235,0.687911,0.000235,0.311384
CGCATTAGCTAATAGG-1,0.00048,0.000481,0.904375,0.000482,0.094182
CGCCAAGAAGCCGAGT-1,0.000239,0.00099,0.640899,0.00024,0.357632
CGCCAATTATTGCGTT-1,0.000237,0.01959,0.636813,0.266721,0.07664
CGCCACAGGTCGCGAT-1,0.000679,0.03947,0.507939,0.00068,0.451233
CGCCACCCGCATTAAC-1,0.000186,0.000187,0.66592,0.032362,0.301345
CGCCAGTAGTACCTTG-1,0.000284,0.000285,0.503069,0.000285,0.496078
CGCCATCCGATTATGA-1,0.000379,0.00038,0.759773,0.039922,0.199547
CGCCCAGCACGCCTAG-1,0.003109,0.168351,0.467181,0.00312,0.358239
CGCCCAGCGTTTCACG-1,0.000295,0.870908,0.059363,0.031977,0.037457
CGCCCGCTTCCGTACA-1,0.000688,0.216749,0.780495,0.000689,0.001379
CGCCCTAATTGTTCAA-1,0.000506,0.000507,0.275231,0.629274,0.094482
CGCCCTTACATCCACC-1,0.000427,0.029897,0.740511,0.195464,0.033701
CGCCCTTGAAGGCTGA-1,0.000224,0.000224,0.599811,0.332173,0.067568
CGCCGACTATTCGCTA-1,0.000194,0.000195,0.643065,0.000195,0.356351
CGCCGCCCATGCCTGT-1,0.000294,0.040356,0.360932,0.375306,0.223111
CGCCGCGTTCTGAACG-1,0.000746,0.407694,0.234944,0.35512,0.001495
CGCCGGTGTCGCAGTA-1,0.000604,0.056091,0.941489,0.000605,0.00121
CGCCGTCTACCCATCG-1,0.000294,0.234283,0.24697,0.000295,0.518159
CGCCGTTCAGCATAGT-1,0.000161,0.533199,0.030979,0.030561,0.405101
CGCCTCCCTCCTCTAT-1,0.000188,0.000189,0.20729,0.000189,0.792144
CGCCTGGCCTACGTAA-1,0.000299,0.040011,0.774461,0.0003,0.184928
CGCCTTTAGCATGCTC-1,0.001092,0.001095,0.661199,0.001096,0.335519
CGCGAAGTGGCATACT-1,0.000403,0.703259,0.295126,0.000404,0.000808
CGCGACACTGCGCAGC-1,0.000251,0.000252,0.711676,0.070753,0.217069
CGCGACCGCGACAGAT-1,0.004336,0.403368,0.008695,0.574904,0.008697
CGCGAGAGGGACTTGT-1,0.000553,0.000554,0.997233,0.000553,0.001107
CGCGAGTCTGCCGGGT-1,0.000264,0.054818,0.506506,0.08451,0.353903
CGCGCAAATGTCCAGA-1,0.000913,0.304085,0.595441,0.097733,0.001828
CGCGCAAGGAACTACA-1,0.000141,0.000142,0.530447,0.000142,0.469129
CGCGCATGTTTGATTG-1,0.000207,0.000207,0.344773,0.137236,0.517577
CGCGCCCGACTTAATA-1,0.000453,0.000454,0.997731,0.000454,0.000908
CGCGGCAGTATTACGG-1,0.000548,0.036967,0.960836,0.00055,0.001099
CGCGGCTCAACTTGAA-1,0.000837,0.034562,0.576776,0.107758,0.280067
CGCGGGAATTAGGCAG-1,0.000282,0.000283,0.548656,0.086369,0.36441
CGCGGGAATTCCTTTC-1,0.922003,0.00151,0.071962,0.001509,0.003016
CGCGGTAAGTCTAGCT-1,0.00021,0.035853,0.640937,0.00021,0.32279
CGCGGTACGGTATACA-1,0.001403,0.670003,0.068829,0.256953,0.002813
CGCGGTCACAAACCAA-1,0.00033,0.000331,0.998347,0.000331,0.000661
CGCGTCATATTAAACC-1,0.000183,0.000183,0.391079,0.106184,0.502372
CGCGTGCTATCAACGA-1,0.00008,0.02948,0.005703,0.126593,0.838145
CGCGTGGGCCTGTGTT-1,0.000279,0.00028,0.308027,0.139638,0.551775
CGCGTTCATGAAATAC-1,0.000336,0.000337,0.663996,0.004861,0.33047
CGCTACCGCCCTATGA-1,0.000384,0.000385,0.650515,0.000385,0.348331
CGCTACGGGACATTTA-1,0.000313,0.106223,0.666642,0.000313,0.22651
CGCTAGAGACCGCTGC-1,0.000215,0.000216,0.016256,0.258301,0.725013
CGCTATACCGCCCACT-1,0.000234,0.072616,0.386856,0.02933,0.510964
CGCTATTCAATGTATG-1,0.002076,0.09341,0.540947,0.00208,0.361487
CGCTATTCTTAGGCTC-1,0.000159,0.023558,0.357702,0.00016,0.61842
CGCTCGACATAATGAT-1,0.000853,0.001036,0.99555,0.000854,0.001707
CGCTCTCCGTAGATTA-1,0.000232,0.000232,0.370684,0.042718,0.586134
CGCTGAGGACGTCCAA-1,0.00026,0.00026,0.998699,0.00026,0.000521
CGCTGGTGACTACCCT-1,0.000734,0.000736,0.001472,0.78783,0.209228
CGCTGTGACGCCGCAC-1,0.000245,0.000246,0.491151,0.186953,0.321405
CGCTGTGTGGATGTTG-1,0.001417,0.183573,0.376747,0.001421,0.436842
CGCTTAGTATTGATAC-1,0.000705,0.667788,0.141611,0.000707,0.18919
CGCTTATTCCCGGTCG-1,0.000324,0.000325,0.589784,0.041303,0.368264
CGCTTCCACTGAAATC-1,0.00154,0.049977,0.836962,0.001542,0.109979
CGCTTCGGTCTAAGAC-1,0.000401,0.78943,0.208963,0.000402,0.000804
CGCTTGGACGGATAGA-1,0.000241,0.988711,0.010323,0.000242,0.000483
CGCTTTCATACCGGTG-1,0.000329,0.00033,0.606214,0.153167,0.23996
CGCTTTCCGCCAAGGT-1,0.003973,0.976108,0.007975,0.00398,0.007964
CGCTTTCTTGCATTCG-1,0.000227,0.015254,0.571734,0.000228,0.412557
CGGAAAGAATCAAACG-1,0.002981,0.00299,0.813522,0.002989,0.177518
CGGAAATTTCACATCC-1,0.000167,0.000167,0.552035,0.136188,0.311443
CGGAACGTAAACATAG-1,0.000158,0.000158,0.465259,0.250049,0.284375
CGGACCTCTGTAGTTA-1,0.00139,0.366163,0.628267,0.001393,0.002787
CGGACCTTTACGTCCC-1,0.002385,0.897887,0.004782,0.090164,0.004783
CGGACGTTACTTGAAG-1,0.000625,0.000627,0.626868,0.000627,0.371253
CGGAGCAATTTAATCG-1,0.003047,0.28682,0.486337,0.217689,0.006106
CGGAGCATGGCGATCC-1,0.000219,0.011961,0.455521,0.162876,0.369423
CGGAGCTTATAACACC-1,0.00021,0.00021,0.699039,0.01298,0.28756
CGGAGTCCTAACCTGG-1,0.000369,0.00037,0.596,0.009607,0.393654
CGGAGTTTGAGAGACA-1,0.000236,0.000236,0.510712,0.072379,0.416437
CGGATAAGCGGACATG-1,0.000745,0.188136,0.808879,0.000747,0.001493
CGGATCCTCAAGGACT-1,0.003985,0.678493,0.007977,0.301571,0.007973
CGGATGAATGCTGTGA-1,0.000184,0.008225,0.32546,0.219394,0.446736
CGGATTCTGCCTTATG-1,0.000522,0.089424,0.563725,0.187795,0.158534
CGGCAAACATCGTGCG-1,0.000723,0.17814,0.818962,0.000725,0.00145
CGGCAATAAGATCGCC-1,0.002558,0.108497,0.489115,0.394703,0.005127
CGGCACCGTTAGCGCC-1,0.000568,0.000569,0.997155,0.000569,0.001139
CGGCACTCAAGAAAGT-1,0.000286,0.000287,0.672329,0.000287,0.326811
CGGCAGGGTCGGGTTG-1,0.000283,0.000284,0.572875,0.000284,0.426274
CGGCCACGCACAAAGT-1,0.000178,0.000178,0.724238,0.002877,0.272529
CGGCCAGAGCGACCAT-1,0.002923,0.676553,0.00586,0.002929,0.311735
CGGCCCAACCTGTAGT-1,0.000115,0.000116,0.137683,0.042289,0.819797
CGGCCCAGGTATATCC-1,0.00089,0.093165,0.552833,0.000891,0.352219
CGGCGCCATCAATCCC-1,0.000343,0.859698,0.000688,0.138582,0.000688
CGGCTCTAAAGCTGCA-1,0.000361,0.03989,0.393513,0.067895,0.498342
CGGCTCTTCGTCGAAC-1,0.000228,0.000229,0.737275,0.105941,0.156328
CGGCTGAAGGTTACGC-1,0.000636,0.000638,0.996813,0.000638,0.001276
CGGCTGCAAGATTAAG-1,0.000195,0.014155,0.653134,0.009786,0.32273
CGGCTTTGTATGATAA-1,0.000267,0.000268,0.526814,0.000268,0.472383
CGGGAACGCCCTGCAT-1,0.000257,0.04003,0.367656,0.21714,0.374917
CGGGAAGTACCGTGGC-1,0.000223,0.000224,0.31981,0.122574,0.557169
CGGGAATATAGTATAC-1,0.000477,0.000479,0.436234,0.187149,0.375661
CGGGAATTTATGTAAA-1,0.000232,0.109604,0.793789,0.000232,0.096142
CGGGAGCTTCAGTGTA-1,0.000695,0.000697,0.145159,0.025114,0.828334
CGGGAGTATACCGCCG-1,0.000762,0.36764,0.629309,0.000763,0.001526
CGGGATCAATGTAAGA-1,0.000238,0.000238,0.469249,0.309686,0.220589
CGGGCAGCTAAACCGC-1,0.000112,0.000113,0.167772,0.034474,0.79753
CGGGCCATAGCCGCAC-1,0.000521,0.000522,0.997392,0.000522,0.001043
CGGGCCTTCTTTGTAA-1,0.00025,0.118833,0.603928,0.00507,0.271919
CGGGCGATGGATCACG-1,0.000619,0.996273,0.001243,0.000621,0.001243
CGGGCTACTTAAATTG-1,0.001214,0.001218,0.844869,0.001216,0.151483
CGGGTGTACCCATTTA-1,0.000281,0.057255,0.849825,0.000282,0.092357
CGGGTTCGGCACGTAT-1,0.000566,0.000567,0.997166,0.000567,0.001134
CGGGTTGTAGCTTTGG-1,0.000289,0.00029,0.798934,0.00029,0.200197
CGGGTTTGTTAGGGCT-1,0.00305,0.263013,0.232517,0.405731,0.095688
CGGTAACAAGATACAT-1,0.000172,0.04959,0.558305,0.000172,0.39176
CGGTACGGCAAACCCA-1,0.00027,0.072653,0.531762,0.02735,0.367965
CGGTACTAGAATCAAA-1,0.000917,0.318212,0.598152,0.080879,0.00184
CGGTAGAGGTGCAGGT-1,0.000484,0.000485,0.997577,0.000485,0.00097
CGGTATAGGTATTAGC-1,0.000393,0.000394,0.998032,0.000394,0.000787
CGGTATGGGCACTCTG-1,0.003981,0.524909,0.459153,0.003987,0.00797
CGGTCAAGTGGGAACC-1,0.000358,0.000359,0.817509,0.113421,0.068354
CGGTCAGTCCATATTT-1,0.002074,0.280111,0.585489,0.128167,0.00416
CGGTCCATGAGACTCC-1,0.000339,0.000339,0.998304,0.000339,0.000679
CGGTCCGTCGCAAGCC-1,0.001986,0.775537,0.216497,0.001993,0.003987
CGGTCTATCAACCCGT-1,0.00057,0.061547,0.936169,0.000571,0.001143
CGGTGAAGACTAAAGT-1,0.000256,0.000256,0.868969,0.000256,0.130263
CGGTGCAGATAGAACG-1,0.00023,0.11032,0.712153,0.000231,0.177066
CGGTGCGCGTTGGTCC-1,0.000086,0.048586,0.055383,0.187781,0.708164
CGGTGGGCTCCAGCCT-1,0.000723,0.000725,0.99638,0.000724,0.001448
CGGTGTACTTGATCCC-1,0.001339,0.00134,0.9933,0.00134,0.002681
CGGTTATCCAACAGTG-1,0.000151,0.000151,0.39217,0.000151,0.607377
CGGTTCAAGTAGGTGT-1,0.000317,0.000318,0.623869,0.047535,0.327962
CGGTTCCGGCTTCTTG-1,0.000402,0.000403,0.750737,0.000403,0.248055
CGGTTGACCTGGCATA-1,0.000873,0.229453,0.710946,0.056978,0.00175
CGGTTGAGTATCCTTC-1,0.001592,0.129477,0.404511,0.461231,0.003188
CGGTTGGGCAGGGTCC-1,0.00265,0.926639,0.005313,0.002659,0.062739
CGGTTGGGTTCAAGTT-1,0.000438,0.000439,0.855937,0.000439,0.142747
CGGTTTACTGAACATT-1,0.000111,0.000111,0.099376,0.069483,0.830918
CGGTTTATGAAGGAAC-1,0.000532,0.112936,0.884932,0.000533,0.001066
CGTAAACGCTTGAGTG-1,0.000272,0.000273,0.729651,0.000273,0.269531
CGTAAAGCAAGAAATC-1,0.000321,0.13244,0.366415,0.265739,0.235085
CGTAAATAACAAAGGG-1,0.001301,0.867377,0.002608,0.001304,0.12741
CGTAACGGAACGATCA-1,0.000452,0.000453,0.997739,0.000452,0.000904
CGTAACTTCGACACTT-1,0.001507,0.815265,0.003021,0.177185,0.003021
CGTAATAATTACGAGT-1,0.001192,0.203549,0.230656,0.418707,0.145896
CGTAATATGGCCCTTG-1,0.000594,0.855219,0.1424,0.000596,0.001191
CGTACCGAAAGTCTAG-1,0.000295,0.000295,0.878719,0.110219,0.010472
CGTACCTGATAGGCCT-1,0.000258,0.000259,0.599355,0.000259,0.39987
CGTAGAGAGTAATTAT-1,0.000239,0.852293,0.116905,0.00024,0.030323
CGTAGCGAATTGTCAG-1,0.000378,0.00038,0.774136,0.00038,0.224726
CGTAGCGCCGACGTTG-1,0.000188,0.000188,0.547202,0.000188,0.452234
CGTATCTAGAACTAAG-1,0.000287,0.816497,0.182354,0.000288,0.000575
CGTATTAAGAGATCTA-1,0.000191,0.000192,0.479832,0.01185,0.507936
CGTATTGTTTCCTAAT-1,0.000319,0.078219,0.244755,0.236239,0.440468
CGTATTGTTTGGCGCC-1,0.000163,0.032704,0.123085,0.098773,0.745273
CGTCAAATGGTCGCAG-1,0.00021,0.00021,0.99895,0.00021,0.00042
CGTCAAGGCTATAAAT-1,0.000211,0.004741,0.550275,0.16472,0.280053
CGTCAATCTTTAACAT-1,0.000376,0.000376,0.998119,0.000376,0.000753
CGTCACGTCCATTGGT-1,0.000208,0.012941,0.323531,0.233448,0.429872
CGTCAGTGCGCACAAG-1,0.000181,0.000181,0.40609,0.000919,0.592629
CGTCAGTTTATCGTCT-1,0.000139,0.000139,0.000278,0.019093,0.980351
CGTCATACCATATCCA-1,0.000548,0.162256,0.835548,0.000549,0.001099
CGTCCTCATCGCGTGC-1,0.004336,0.973895,0.008707,0.004354,0.008708
CGTCGCATGTGAGCCA-1,0.000238,0.861405,0.13764,0.000239,0.000478
CGTCGCGGCGGGATTT-1,0.000402,0.027096,0.971293,0.000403,0.000806
CGTCGCTTGGTTATAC-1,0.000176,0.067881,0.147923,0.400455,0.383565
CGTCGGATAGTGTTGA-1,0.000734,0.145619,0.540819,0.000736,0.312092
CGTCGGGTCTAAGCGC-1,0.000645,0.000647,0.385014,0.000646,0.613047
CGTCGTCCTTCGCGAA-1,0.006811,0.287835,0.524078,0.006828,0.174448
CGTCTCTCGCCGAGGC-1,0.002651,0.309426,0.67995,0.002657,0.005316
CGTCTGGAAGGGCCCG-1,0.000919,0.000922,0.995401,0.000919,0.001839
CGTCTTGAGTGTGACG-1,0.000543,0.043494,0.780317,0.000544,0.175103
CGTGAACTGACCCGAT-1,0.000281,0.000281,0.646179,0.000281,0.352978
CGTGAAGTTAATTCAC-1,0.000311,0.000312,0.918716,0.000312,0.080349
CGTGACATTGGGTCGT-1,0.003181,0.047276,0.939971,0.00319,0.006382
CGTGACCAGTCCTCTG-1,0.000442,0.825983,0.172248,0.000443,0.000885
CGTGCACACCACTGTA-1,0.001446,0.991311,0.0029,0.001448,0.002896
CGTGCAGACTGGGACA-1,0.000402,0.000403,0.462872,0.000403,0.535919
CGTGCATTGTCGACGC-1,0.000233,0.020322,0.444888,0.107943,0.426613
CGTGCCCGACATTTGT-1,0.000705,0.063734,0.518124,0.413796,0.00364
CGTGCCCTCCCGAAGA-1,0.000178,0.000179,0.097542,0.000179,0.901923
CGTGCTGGCCTAGTCG-1,0.000384,0.000385,0.84667,0.13518,0.017382
CGTGCTTCTACCTAAA-1,0.000532,0.197707,0.456604,0.000533,0.344623
CGTGGAAGCCTCGTAC-1,0.000339,0.00034,0.241594,0.00034,0.757386
CGTGGCCGAATATCTA-1,0.002135,0.002139,0.674995,0.137875,0.182857
CGTGGTACCCAAAGGC-1,0.002106,0.551411,0.004219,0.00211,0.440153
CGTGTATGGGAGCTGA-1,0.001009,0.993938,0.002022,0.001011,0.002021
CGTGTCCCATTCGCGA-1,0.000492,0.000493,0.675228,0.000493,0.323294
CGTGTCTCGTTACGAC-1,0.003407,0.38006,0.515612,0.003416,0.097506
CGTGTGTTAAACCCTG-1,0.000255,0.026127,0.519367,0.000256,0.453995
CGTTAAACTAGTTAGG-1,0.001194,0.116183,0.596035,0.172255,0.114333
CGTTAAATACGACCAG-1,0.002203,0.660313,0.330856,0.00221,0.004419
CGTTAATGTCCCGACG-1,0.003409,0.831482,0.154863,0.003416,0.00683
CGTTAGCTCACAACTG-1,0.001053,0.173614,0.714866,0.108356,0.00211
CGTTATCATACTTCCA-1,0.000418,0.000419,0.742099,0.00042,0.256643
CGTTCAAGGAAACGGA-1,0.001933,0.792519,0.199729,0.001941,0.003879
CGTTCAGACCCGCGAA-1,0.000177,0.625247,0.000355,0.23971,0.134511
CGTTCATGGTGCGCGT-1,0.000399,0.045844,0.638781,0.202858,0.112117
CGTTCTTCGCACACCT-1,0.000415,0.000416,0.907614,0.000416,0.09114
CGTTGAATACCGCGCT-1,0.002272,0.002277,0.153068,0.837827,0.004556
CGTTGAGCGACCGTCG-1,0.000307,0.124535,0.355774,0.303787,0.215597
CGTTGAGTAATTGCGT-1,0.000642,0.055641,0.941789,0.000643,0.001286
CGTTGCCCGCGTGGGA-1,0.001812,0.762872,0.229868,0.001816,0.003632
CGTTGTAAACGTCAGG-1,0.000482,0.165228,0.83284,0.000483,0.000966
CGTTGTAAGATTGATT-1,0.000222,0.000222,0.45954,0.111802,0.428214
CGTTGTCGGCAATTGA-1,0.000198,0.87519,0.062228,0.000199,0.062185
CGTTGTTTCAATTCCC-1,0.000162,0.000162,0.248363,0.084384,0.666929
CGTTTAAGCGGAGCAC-1,0.000506,0.000507,0.997466,0.000507,0.001014
CGTTTACAAGGCAGCT-1,0.000261,0.000262,0.836763,0.10438,0.058333
CGTTTCACTTCGGGCG-1,0.000606,0.020597,0.976975,0.000608,0.001215
CGTTTCGCTCATTACA-1,0.000296,0.000297,0.887197,0.000297,0.111913
CGTTTCGGTTATATGC-1,0.002863,0.982796,0.005741,0.002866,0.005734
CGTTTGGTGTTGTGGG-1,0.000956,0.778296,0.001912,0.216923,0.001913
CGTTTGTGTAGAGGGT-1,0.001037,0.00104,0.899462,0.00104,0.097421
CTAAACGGGTGTAATC-1,0.000723,0.000725,0.894142,0.000725,0.103686
CTAAAGAATGCCTACT-1,0.000214,0.076833,0.456577,0.061705,0.404671
CTAAAGGATGAGATAC-1,0.001507,0.792357,0.00302,0.00151,0.201606
CTAAAGGGAAATAGGA-1,0.000272,0.036789,0.869511,0.092883,0.000545
CTAAAGTCCGAAGCTA-1,0.000275,0.000275,0.80131,0.000275,0.197864
CTAAATCCGGTGTACA-1,0.001339,0.23772,0.521829,0.001341,0.237771
CTAAATCCTATTCCGG-1,0.000241,0.000241,0.691499,0.059077,0.248942
CTAACAGCACAATAAC-1,0.000129,0.025991,0.298351,0.205778,0.469752
CTAACCGCGCGCCCGT-1,0.000266,0.000267,0.782614,0.000267,0.216587
CTAACGAAACTTGCTG-1,0.000244,0.023327,0.72543,0.000245,0.250753
CTAACTGATAATCGCC-1,0.000415,0.821362,0.176975,0.000416,0.000832
CTAACTGGTCCGGTTC-1,0.000117,0.000118,0.10032,0.367685,0.53176
CTAAGGGAATGATTGG-1,0.000165,0.000165,0.093038,0.064299,0.842333
CTAAGTACAGGGCTAC-1,0.000357,0.014711,0.587977,0.170085,0.22687
CTAATGCGCCCAACAA-1,0.000152,0.000152,0.654949,0.132686,0.212061
CTAATTATGAAGCGTA-1,0.000259,0.096517,0.902444,0.00026,0.00052
CTAATTCGCACGCGCT-1,0.000232,0.000233,0.388525,0.062218,0.548793
CTAATTCTCAGATATT-1,0.000357,0.031492,0.967078,0.000358,0.000716
CTAATTTCAACAACAC-1,0.000453,0.072271,0.925915,0.000454,0.000908
CTACAAGAAATAACCC-1,0.000863,0.574375,0.00173,0.027112,0.395921
CTACACTAGCTTGTTC-1,0.000351,0.000352,0.917422,0.000352,0.081524
CTACACTCGCAGATGG-1,0.000256,0.596906,0.384603,0.000257,0.017977
CTACATATCGCGGGAC-1,0.00034,0.048983,0.463568,0.000341,0.486768
CTACCCTAAGGTCATA-1,0.000201,0.000202,0.404577,0.029335,0.565686
CTACGAACTAGGTCGA-1,0.00028,0.052406,0.919547,0.00028,0.027487
CTACGACTAGCTATAA-1,0.000298,0.000298,0.359375,0.000298,0.63973
CTACGATCCTATCCTA-1,0.000219,0.039827,0.39784,0.022404,0.539709
CTACGCACGGAGTACC-1,0.000272,0.000272,0.822083,0.031409,0.145964
CTACGCCATTTCCGAT-1,0.000384,0.000385,0.702597,0.195047,0.101588
CTACGTGTTGCCACCA-1,0.000316,0.000317,0.814212,0.000317,0.184838
CTACTATCATAGGTTT-1,0.000555,0.053347,0.485667,0.03958,0.420852
CTACTATCTTTCAGAG-1,0.000428,0.000429,0.803984,0.000428,0.194732
CTACTCAAGGTATAGT-1,0.001936,0.269922,0.319697,0.00194,0.406504
CTACTCTAGGCCCGGC-1,0.000179,0.000179,0.512724,0.021071,0.465847
CTACTGCCACCTGACC-1,0.000132,0.000132,0.153349,0.060923,0.785464
CTAGACATATATGTAG-1,0.000452,0.000453,0.997738,0.000453,0.000905
CTAGACTGCATTTCGT-1,0.000401,0.000402,0.674965,0.256599,0.067633
CTAGATAAACTCCTCG-1,0.000293,0.000294,0.876838,0.000294,0.122281
CTAGATGTGAGTGTAA-1,0.000245,0.000246,0.123947,0.000246,0.875316
CTAGATTTACGACGGC-1,0.000429,0.00043,0.785396,0.040446,0.173299
CTAGCAACTAATTTAC-1,0.000274,0.000274,0.670739,0.000274,0.328439
CTAGCATAGTATAATG-1,0.000289,0.00029,0.546565,0.00029,0.452567
CTAGCCACAGGCGAGC-1,0.002805,0.671958,0.005628,0.002814,0.316794
CTAGCCCGGGAGACGA-1,0.00021,0.000211,0.089317,0.23738,0.672882
CTAGCCGATGTTATGA-1,0.000358,0.000359,0.862732,0.135834,0.000718
CTAGCGCCAATCCTAC-1,0.000336,0.000337,0.594785,0.000337,0.404205
CTAGCTTAATGGTCCC-1,0.000589,0.000591,0.99705,0.00059,0.001181
CTAGGCGCCCTATCAG-1,0.001647,0.001649,0.343303,0.001649,0.651751
CTAGGCGGCAGAGAAT-1,0.000194,0.063876,0.370608,0.021009,0.544312
CTAGGGATAGGGACAA-1,0.001705,0.132387,0.745252,0.001708,0.118948
CTAGGTCTGAAGGAAT-1,0.000403,0.000404,0.582042,0.235452,0.181698
CTAGGTTCGGACGTGA-1,0.006508,0.651843,0.322063,0.006526,0.01306
CTAGTAGAAAGGGATT-1,0.000113,0.858589,0.000461,0.008954,0.131883
CTAGTATTCGGAATTA-1,0.000589,0.000591,0.997049,0.000591,0.001181
CTAGTCACGTCTTAAG-1,0.000192,0.035928,0.199958,0.287105,0.476817
CTAGTGAAGGACAGGA-1,0.00032,0.043953,0.896948,0.00032,0.058459
CTAGTTACAACCCGGT-1,0.001195,0.413994,0.098332,0.001196,0.485284
CTAGTTGGGCCCGGTA-1,0.000177,0.000178,0.300954,0.014836,0.683856
CTATAAGAGCCAATCG-1,0.00014,0.00014,0.231441,0.006345,0.761934
CTATAAGTAGGGTTTG-1,0.000192,0.000192,0.166493,0.118455,0.714668
CTATACTTAAAGCGAG-1,0.000298,0.040566,0.397865,0.03842,0.522852
CTATAGGCGTTGATGT-1,0.00318,0.302992,0.473046,0.214403,0.00638
CTATATCCAGCCTGGC-1,0.000448,0.000449,0.238682,0.321432,0.438989
CTATCACAACGCTGGA-1,0.002137,0.6532,0.004286,0.336092,0.004284
CTATCGACGAAATACA-1,0.001789,0.001793,0.359574,0.001794,0.63505
CTATCGCGTAGAGAAC-1,0.002807,0.275664,0.005628,0.46124,0.25466
CTATCGGGTCTCAACA-1,0.000339,0.00034,0.702605,0.00034,0.296376
CTATGAACACCTTGCC-1,0.000561,0.07687,0.406795,0.289388,0.226387
CTATGCCCGAATGCAA-1,0.000182,0.359557,0.137946,0.304032,0.198283
CTATGGGAAGCGGAAT-1,0.003775,0.51881,0.316265,0.153593,0.007556
CTATGTCACTAGCCCA-1,0.000247,0.000248,0.545184,0.000248,0.454073
CTATGTCTATTGAAAC-1,0.000135,0.000135,0.297746,0.059288,0.642696
CTATGTGAGTCACGGC-1,0.000269,0.025748,0.036506,0.147263,0.790215
CTATTCATGTGTCCCA-1,0.001573,0.001577,0.577338,0.001577,0.417936
CTATTGTGTTTGGTCA-1,0.002077,0.00208,0.80559,0.00208,0.188173
CTATTTGCTTGGAGGA-1,0.002654,0.578145,0.316859,0.002657,0.099686
CTATTTGGTTACGGAT-1,0.000441,0.055394,0.330431,0.000442,0.613293
CTCAAACCACTGCCCG-1,0.002606,0.349684,0.639883,0.002608,0.005219
CTCAACTAACCCGGAT-1,0.000177,0.813733,0.185559,0.000177,0.000354
CTCAAGACATTAGCGC-1,0.002387,0.002394,0.988046,0.002392,0.004781
CTCACACGCAAGCCTA-1,0.000235,0.000236,0.998821,0.000236,0.000472
CTCACATTTACTAAAT-1,0.001234,0.818658,0.056532,0.121101,0.002474
CTCACCAGTACAAGTG-1,0.000088,0.000089,0.274638,0.147705,0.57748
CTCACCGATCCAAACT-1,0.001045,0.001047,0.994765,0.001047,0.002095
CTCACTGTGATACTTA-1,0.000961,0.604508,0.001927,0.191846,0.200757
CTCACTTGGCTGGTAA-1,0.000276,0.082449,0.320151,0.026257,0.570867
CTCAGAGCTAATGTCG-1,0.003112,0.734386,0.006238,0.250027,0.006238
CTCAGATTGTGATAAG-1,0.000482,0.017016,0.917319,0.000483,0.064699
CTCAGCAGACTGCCGA-1,0.00034,0.000341,0.730278,0.001202,0.267839
CTCAGGACTCACCTGT-1,0.000587,0.138676,0.858973,0.000588,0.001176
CTCAGTCACGACAAAT-1,0.000291,0.009236,0.825075,0.033032,0.132366
CTCATAAATGTGTATA-1,0.001959,0.891618,0.003931,0.098559,0.003933
CTCATCACTTAGTGAT-1,0.000251,0.000251,0.75087,0.085422,0.163206
CTCATGGCTCACAATC-1,0.000298,0.000299,0.608125,0.199824,0.191454
CTCATGGTAATTTGCG-1,0.001135,0.001138,0.656623,0.001139,0.339965
CTCATTAACGTTGCCC-1,0.000469,0.00047,0.799774,0.012201,0.187085
CTCATTCGTGAACATC-1,0.00027,0.00027,0.723132,0.134063,0.142266
CTCATTGCTCTAACAA-1,0.004092,0.353136,0.419001,0.0041,0.219671
CTCATTTGATGGGCGG-1,0.000551,0.101026,0.896767,0.000552,0.001104
CTCCCAATGAGTCGCG-1,0.001271,0.001271,0.551912,0.128455,0.317091
CTCCCTCCTTTCGATC-1,0.000348,0.000349,0.283589,0.320321,0.395392
CTCCCTTGTATCAAGG-1,0.000361,0.037965,0.417245,0.184001,0.360428
CTCCGAGTAAATCCGC-1,0.000499,0.057539,0.940464,0.0005,0.000999
CTCCGCCCACATGAGG-1,0.000227,0.024223,0.432624,0.164928,0.377998
CTCCGGCCTAATATGC-1,0.000822,0.08975,0.906954,0.000824,0.001649
CTCCGGCTTGTAGACA-1,0.000712,0.095022,0.902125,0.000714,0.001427
CTCCTAAGTTATGTCT-1,0.000301,0.000302,0.499323,0.090907,0.409167
CTCCTAGTAATCGTGA-1,0.000477,0.032073,0.451517,0.048669,0.467264
CTCCTCCAGCTCACAC-1,0.003495,0.837375,0.007003,0.0035,0.148628
CTCCTGTTCAAGGCAG-1,0.005962,0.696428,0.011966,0.00598,0.279663
CTCCTTTACGCAAGTC-1,0.000296,0.000297,0.942101,0.056714,0.000593
CTCGAATGGAACGTAT-1,0.000225,0.000226,0.392003,0.185711,0.421835
CTCGAGACATACGATA-1,0.000276,0.031877,0.567195,0.077629,0.323023
CTCGAGATCCAAAGCA-1,0.000347,0.000347,0.701165,0.195144,0.102997
CTCGAGGCAAGTTTCA-1,0.000408,0.052025,0.041319,0.000409,0.905839
CTCGAGGTCGAACAGT-1,0.000228,0.000228,0.757535,0.133382,0.108626
CTCGATATTTGCGAGC-1,0.000442,0.000443,0.97905,0.000443,0.019622
CTCGCACCTATATAGT-1,0.000197,0.000198,0.568927,0.193921,0.236757
CTCGCATTGCATAGCC-1,0.000222,0.082312,0.000446,0.000223,0.916797
CTCGCCGAATGTAGGG-1,0.001446,0.732806,0.002899,0.001449,0.261399
CTCGCTAGGTAAGCGA-1,0.00066,0.858909,0.138446,0.000661,0.001323
CTCGGGATAACACCTA-1,0.000223,0.000224,0.629975,0.005851,0.363727
CTCGGGCATCGTCGGG-1,0.000294,0.000295,0.571167,0.02071,0.407534
CTCGGGTTCTCTGGCC-1,0.000377,0.021672,0.421796,0.017766,0.538388
CTCGGTACCACTGCTC-1,0.000754,0.072839,0.924142,0.000755,0.001511
CTCGGTCCGTAGCCTG-1,0.001572,0.148207,0.698492,0.001577,0.150152
CTCGGTTGTCGGCCCT-1,0.000808,0.000811,0.746655,0.250105,0.001622
CTCGTCGAGGGCTCAT-1,0.000174,0.000174,0.256332,0.373099,0.37022
CTCGTCTGTGCCTTCG-1,0.000873,0.487328,0.00175,0.197045,0.313004
CTCGTGGCACTGAAAG-1,0.002348,0.531583,0.459006,0.002355,0.004708
CTCGTTACGGCTACCA-1,0.002426,0.874273,0.004864,0.002431,0.116005
CTCGTTTCTAATGTTT-1,0.000254,0.000254,0.636953,0.119805,0.242733
CTCTAACACCGGCAGC-1,0.002806,0.687879,0.300871,0.002816,0.005627
CTCTAATGCATTGATC-1,0.00036,0.000361,0.784547,0.214011,0.000721
CTCTACACTGGCGATT-1,0.000206,0.04974,0.239338,0.000206,0.71051
CTCTACATCCTGCGTG-1,0.002921,0.707167,0.005856,0.278201,0.005855
CTCTAGCCCTCGGAAA-1,0.00015,0.841076,0.008873,0.00015,0.149752
CTCTATTTGGCTGCAG-1,0.000339,0.000339,0.550084,0.29076,0.158479
CTCTCACAATCGATGA-1,0.000246,0.000246,0.798174,0.000246,0.201088
CTCTCGATGTGCGCCT-1,0.000414,0.000415,0.997927,0.000415,0.00083
CTCTCGCTGTACTATG-1,0.00042,0.004472,0.876298,0.042377,0.076434
CTCTCTAACTGCCTAG-1,0.000219,0.000219,0.166143,0.135807,0.697612
CTCTGCAGGCATTCTT-1,0.000187,0.000188,0.254339,0.177746,0.567541
CTCTGCGAAGCAAGCA-1,0.000388,0.000389,0.731694,0.104912,0.162617
CTCTGGACGCCTGGTG-1,0.000201,0.000202,0.53929,0.000202,0.460106
CTCTGTCCATGCACCA-1,0.001052,0.420892,0.002109,0.573837,0.00211
CTCTGTGCCTGCTATG-1,0.000384,0.000385,0.716194,0.040892,0.242146
CTCTGTTTGAGGATTC-1,0.000504,0.134159,0.606916,0.257411,0.00101
CTCTTCTATTGACTGG-1,0.001524,0.161493,0.2582,0.179151,0.399632
CTCTTCTGGAAGTTAG-1,0.00217,0.431928,0.559378,0.002174,0.00435
CTCTTGTCCCGCTTGG-1,0.001768,0.343488,0.382787,0.001772,0.270186
CTGAAACGGCCCTCAG-1,0.001067,0.001072,0.994653,0.00107,0.002138
CTGAAAGAGATCCGAC-1,0.00059,0.116193,0.881446,0.000591,0.001181
CTGAATCCGAGACCTC-1,0.000181,0.06413,0.61737,0.039674,0.278646
CTGAATTTATTGCCAG-1,0.000285,0.000286,0.966878,0.000286,0.032265
CTGACATAGAAATAGA-1,0.000273,0.060676,0.246745,0.384314,0.307993
CTGACTGCGCAGCTCG-1,0.000189,0.000189,0.52105,0.000189,0.478383
CTGAGAAAGTTCGGCG-1,0.000295,0.000296,0.432395,0.320196,0.246817
CTGAGAGTAGAAATAC-1,0.000832,0.794115,0.101189,0.000834,0.10303
CTGAGCAAGTAACAAG-1,0.000422,0.124274,0.874034,0.000423,0.000846
CTGAGCGAGACTTATT-1,0.000381,0.000382,0.802463,0.084924,0.111851
CTGATAGTGTATCTCA-1,0.000292,0.022902,0.92035,0.000292,0.056165
CTGATCCCTTTATGCA-1,0.000495,0.108281,0.196919,0.007616,0.686688
CTGCAAATGGGCTCCA-1,0.000423,0.106036,0.679285,0.000423,0.213833
CTGCAAGCACGTTCCG-1,0.000219,0.71341,0.220114,0.065819,0.000438
CTGCACAACTACATAT-1,0.000447,0.020273,0.585166,0.029472,0.364641
CTGCACCTAGTCCACA-1,0.00018,0.000181,0.543188,0.000181,0.45627
CTGCACCTGGAACCGC-1,0.00042,0.180155,0.818163,0.000421,0.000842
CTGCACTCCAGTACAG-1,0.003409,0.366092,0.006838,0.003418,0.620244
CTGCAGAGAATCAGAG-1,0.000156,0.808699,0.0145,0.063435,0.11321
CTGCAGGGTGACGCTC-1,0.001538,0.990742,0.003088,0.001543,0.003089
CTGCAGGTGCTCGGCC-1,0.000177,0.000177,0.310993,0.058755,0.629898
CTGCCAAGGTTGGAAG-1,0.000666,0.000667,0.996664,0.000667,0.001335
CTGCCATGCATCACAT-1,0.00012,0.030844,0.118421,0.057268,0.793346
CTGCCCACGAAGCGTT-1,0.000132,0.000132,0.331494,0.010198,0.658045
CTGCCTAGCCACCAAG-1,0.000305,0.000305,0.944371,0.054409,0.000611
CTGCCTCATATGCAAC-1,0.000281,0.000282,0.707874,0.000282,0.291281
CTGCCTTTAATACCTT-1,0.000387,0.000388,0.000776,0.541283,0.457167
CTGCCTTTCTAGTAAA-1,0.000186,0.322061,0.032258,0.474985,0.170509
CTGCGACCTCGCCGAA-1,0.001989,0.635939,0.356091,0.001993,0.003988
CTGCGATTTCGAGATT-1,0.002471,0.716024,0.004947,0.002475,0.274083
CTGCGGGTGAAATGTT-1,0.000284,0.000285,0.998577,0.000285,0.00057
CTGCGGTAGTCACGTG-1,0.000834,0.03251,0.964156,0.000834,0.001667
CTGCGTTACGATATAA-1,0.000778,0.000779,0.996105,0.000779,0.001559
CTGCTCTCAACACACC-1,0.001419,0.722084,0.002842,0.270814,0.002841
CTGCTCTGACGGCAAA-1,0.001102,0.777434,0.218154,0.001103,0.002208
CTGCTGAGGCCACGAA-1,0.000126,0.000126,0.058691,0.415018,0.526039
CTGCTGTCTAACGAGC-1,0.00028,0.000281,0.234965,0.174698,0.589776
CTGCTTGGCGATAGCT-1,0.003254,0.003261,0.559281,0.003263,0.430941
CTGCTTTATGTCCGCG-1,0.000378,0.000379,0.998108,0.000379,0.000757
CTGGAAATGGATGCTT-1,0.000229,0.00023,0.493483,0.029988,0.47607
CTGGAAGACACGGTGG-1,0.000265,0.018467,0.062815,0.302853,0.6156
CTGGACGCAGTCCGGC-1,0.000378,0.000379,0.499519,0.05462,0.445105
CTGGATTTACACTTGA-1,0.000327,0.000327,0.631534,0.119967,0.247845
CTGGCATCCGAATGAG-1,0.000384,0.000385,0.116568,0.20549,0.677174
CTGGCGACATAAGTCC-1,0.001,0.06938,0.926612,0.001003,0.002005
CTGGCGATTTACATGT-1,0.002349,0.832295,0.004705,0.002353,0.158298
CTGGCGCACAGGTCTG-1,0.000746,0.000748,0.522083,0.200319,0.276105
CTGGCGGGAATAAGTA-1,0.000521,0.041907,0.956008,0.000521,0.001042
CTGGCTCCTGCGGGAT-1,0.000232,0.000233,0.593857,0.017397,0.38828
CTGGCTGATTCATCCT-1,0.000804,0.000806,0.542969,0.294293,0.161128
CTGGCTGCTAACGTAA-1,0.000191,0.000191,0.534854,0.000191,0.464573
CTGGCTGGTTGTCAGT-1,0.004767,0.004781,0.976098,0.004785,0.00957
CTGGGATAAATAATGG-1,0.000213,0.033375,0.368402,0.007607,0.590403
CTGGGATACGCTACCC-1,0.000553,0.000554,0.489891,0.054532,0.454469
CTGGGATCGCCCAGAT-1,0.000511,0.023029,0.646396,0.000513,0.32955
CTGGGCACTAGTCGGA-1,0.000337,0.000338,0.929921,0.000338,0.069067
CTGGGCCTGCTATATC-1,0.000263,0.017522,0.105622,0.031236,0.845356
CTGGGCGGCCAAATGT-1,0.000143,0.084911,0.295374,0.127632,0.49194
CTGGGCTACTGGAGAG-1,0.001447,0.991301,0.0029,0.001449,0.002903
CTGGGCTATCCTTTGG-1,0.000895,0.103979,0.892436,0.000897,0.001793
CTGGGTAGGCAGTTAA-1,0.000519,0.00052,0.842703,0.00052,0.155739
CTGGGTTGAGTTAAAG-1,0.000208,0.04654,0.365707,0.093604,0.493941
CTGGTAAAGACTTACA-1,0.00027,0.69528,0.182829,0.000271,0.12135
CTGGTAAAGTGTGGGC-1,0.001724,0.755718,0.003459,0.150112,0.088987
CTGGTAACACATAGAA-1,0.000474,0.165628,0.666427,0.000475,0.166995
CTGGTAACGAGCTCTT-1,0.000327,0.077911,0.669497,0.000328,0.251937
CTGGTCATTCCAATCC-1,0.000442,0.196328,0.801901,0.000443,0.000886
CTGGTCCTAACTTGGC-1,0.000206,0.000206,0.629599,0.000206,0.369782
CTGGTGAATGGGCCTA-1,0.000178,0.009659,0.304987,0.190631,0.494546
CTGGTTCAACGCATCA-1,0.000308,0.000308,0.865318,0.000309,0.133757
CTGGTTCGCGAGCTAC-1,0.000209,0.008736,0.356489,0.013851,0.620716
CTGGTTTCGAGCAAGA-1,0.000347,0.000348,0.41025,0.227139,0.361916
CTGTACTTCTTAGCAT-1,0.000331,0.000331,0.851992,0.000331,0.147014
CTGTAGCCATCTCACT-1,0.001054,0.023135,0.066588,0.244425,0.664798
CTGTAGTGAGGATCGA-1,0.001991,0.001996,0.003988,0.001993,0.990033
CTGTATGGTGTAGAAA-1,0.000723,0.089424,0.785932,0.122471,0.00145
CTGTCAAATGGCTCGG-1,0.000378,0.000378,0.711798,0.000379,0.287068
CTGTCACGCCAGGCGC-1,0.00052,0.000522,0.997394,0.000521,0.001043
CTGTCCTGCGCACTAC-1,0.000273,0.036958,0.495039,0.001522,0.466207
CTGTCTGTGGCTGGCT-1,0.000442,0.000443,0.997787,0.000443,0.000885
CTGTGCAGGGTAGGTC-1,0.000331,0.052137,0.913787,0.000332,0.033413
CTGTGGTCGGGAGATA-1,0.003975,0.321317,0.255395,0.411341,0.007973
CTGTTACCCAATCTAG-1,0.000259,0.130006,0.738412,0.000862,0.130461
CTGTTCACTGCCTGTG-1,0.000471,0.006286,0.936184,0.000472,0.056588
CTGTTCATCTCACGGG-1,0.000566,0.000567,0.997166,0.000567,0.001134
CTGTTGTTCAGTCGTA-1,0.000114,0.000114,0.133409,0.188695,0.677669
CTTAAATAAGACCCAT-1,0.000196,0.000197,0.890899,0.000197,0.108511
CTTAACTTACAGTATA-1,0.004336,0.808874,0.17374,0.004348,0.008702
CTTAACTTCGAAGTAC-1,0.000117,0.042127,0.166616,0.207383,0.583758
CTTAAGCAGCGAGCCG-1,0.001002,0.001004,0.763924,0.001004,0.233067
CTTAATCGACTTAGTA-1,0.001704,0.511725,0.003418,0.001708,0.481446
CTTACACGGTATTCCA-1,0.000336,0.018267,0.849133,0.000337,0.131928
CTTACACTGGGAAATA-1,0.000746,0.000748,0.996264,0.000747,0.001495
CTTACATAGATTTCTT-1,0.002171,0.921014,0.004346,0.068119,0.00435
CTTACTGACTCCTCTG-1,0.000973,0.638531,0.272963,0.08558,0.001953
CTTAGATGTTTCATCC-1,0.001789,0.321238,0.671588,0.001795,0.00359
CTTAGCCCGGATAGTG-1,0.000144,0.000144,0.363658,0.346875,0.289178
CTTAGCCTTCCACATG-1,0.000498,0.000498,0.864281,0.127218,0.007506
CTTAGGTATAGACCAG-1,0.000197,0.02301,0.015608,0.48712,0.474065
CTTAGGTCCCAATCGT-1,0.000224,0.000225,0.823143,0.124848,0.05156
CTTAGTAGGCCTACAG-1,0.000084,0.000084,0.000168,0.000084,0.999579
CTTAGTGTAGTAGCAT-1,0.006222,0.006244,0.968823,0.006242,0.01247
CTTAGTTGAGGAATCG-1,0.001858,0.001865,0.779236,0.213314,0.003728
CTTATAGATGGCTGTT-1,0.001093,0.643777,0.184196,0.001096,0.169838
CTTATGCGCTCAGGGC-1,0.001008,0.00101,0.859364,0.136597,0.002021
CTTATGTTGACTACCA-1,0.000381,0.000382,0.554818,0.389982,0.054437
CTTCAACTCCACTTGG-1,0.001213,0.528678,0.187292,0.02222,0.260597
CTTCACGCCCTGGTAC-1,0.000224,0.000225,0.479379,0.117797,0.402376
CTTCAGTGGTCGCCTA-1,0.000702,0.078057,0.599026,0.000704,0.321511
CTTCAGTTGGACAACG-1,0.001032,0.552552,0.002065,0.152692,0.291659
CTTCATAGCTCAAGAA-1,0.001266,0.183545,0.687456,0.00127,0.126464
CTTCATCACCAGGGCT-1,0.003055,0.981656,0.006109,0.003061,0.00612
CTTCATTGTCAGTGGA-1,0.000188,0.000189,0.400183,0.01094,0.588499
CTTCCGCTCCGTGAAG-1,0.002307,0.412259,0.578492,0.002314,0.004628
CTTCCTGCATATTTAC-1,0.000434,0.000435,0.55413,0.000435,0.444567
CTTCGATTGCGCAAGC-1,0.000201,0.626786,0.000402,0.211931,0.16068
CTTCGGCCAATTGTTT-1,0.000678,0.06348,0.505096,0.429386,0.00136
CTTCGTAGATAGGTGA-1,0.000407,0.032758,0.712893,0.012794,0.241148
CTTCGTGCCCGCATCG-1,0.000207,0.022679,0.393406,0.23989,0.343818
CTTCTATGTTGAAGTA-1,0.000301,0.114371,0.023081,0.000301,0.861945
CTTCTATTAATGCTAG-1,0.000287,0.000288,0.335783,0.182206,0.481435
CTTCTGGGCGTACCTA-1,0.001557,0.413905,0.463256,0.00156,0.119721
CTTCTTACGTCGTATA-1,0.000459,0.042648,0.890758,0.00046,0.065675
CTTGACCCGAAAGATA-1,0.000251,0.033055,0.65065,0.000251,0.315793
CTTGAGGTTATCCCGA-1,0.000251,0.000251,0.459188,0.141988,0.398322
CTTGAGTTAGGGTAAT-1,0.000125,0.000125,0.00025,0.06533,0.934171
CTTGATGACCATCCAG-1,0.00057,0.773069,0.224647,0.000572,0.001143
CTTGCAACCGCCTCCT-1,0.001203,0.001207,0.792138,0.001206,0.204246
CTTGCCCACCCACGCA-1,0.000349,0.762195,0.236406,0.00035,0.0007
CTTGCCCAGGCTCTAC-1,0.000204,0.032534,0.382777,0.25435,0.330136
CTTGGCCAAGCTGGGA-1,0.001491,0.81526,0.178767,0.001494,0.002988
CTTGTACTTGTTGACT-1,0.00062,0.050517,0.947,0.000621,0.001242
CTTGTCAACATTCGAG-1,0.000559,0.000561,0.513877,0.000561,0.484442
CTTGTCGTACGTGTCA-1,0.000538,0.000539,0.941289,0.00054,0.057094
CTTGTGAGGACAGCGG-1,0.000318,0.000319,0.680817,0.000319,0.318226
CTTGTGAGTCTTTGAC-1,0.00023,0.00023,0.490776,0.123184,0.38558
CTTGTGCTCACCGATT-1,0.000389,0.00039,0.80191,0.00039,0.196921
CTTGTTGCTGAGTCAA-1,0.000227,0.030116,0.311221,0.030985,0.627452
CTTGTTTATGTAGCCA-1,0.00196,0.237057,0.539341,0.001965,0.219677
CTTTAACTTTCAAAGG-1,0.000176,0.000176,0.304486,0.277645,0.417516
CTTTAATATTGGTCGA-1,0.001127,0.201858,0.3717,0.423054,0.00226
CTTTACCGAATAGTAG-1,0.000774,0.231634,0.189392,0.250673,0.327526
CTTTAGGAACACTGTT-1,0.000712,0.030454,0.747594,0.000714,0.220526
CTTTAGTGCTATTATT-1,0.000401,0.030719,0.719235,0.165632,0.084013
CTTTATCCGACGCATG-1,0.001859,0.705373,0.003726,0.001864,0.287178
CTTTCTGTGCGGGCTT-1,0.002347,0.175704,0.34796,0.002353,0.471637
CTTTGAAACATATTCC-1,0.000236,0.002574,0.274256,0.348647,0.374288
CTTTGACGTCGCTTCT-1,0.000213,0.000214,0.323149,0.000295,0.676129
CTTTGCATCGCTCTTG-1,0.005974,0.964138,0.01196,0.005975,0.011953
CTTTGCTGTCATGGAT-1,0.000932,0.000932,0.70353,0.000932,0.293674
CTTTGGCAGACAGAGT-1,0.000415,0.000416,0.772114,0.162228,0.064827
CTTTGGCGCTTTATAC-1,0.000209,0.00021,0.609605,0.08001,0.309966
CTTTGGCTTTAGTAAA-1,0.00026,0.07492,0.774149,0.042581,0.10809
CTTTGGGATTGTTGCA-1,0.003669,0.518833,0.466464,0.003678,0.007355
CTTTGTCGAATGCTCC-1,0.000204,0.000204,0.236692,0.085424,0.677475
GAAACAGATGACCACC-1,0.000275,0.000276,0.375599,0.312943,0.310906
GAAACAGCCATGCAGT-1,0.000133,0.000133,0.230236,0.238916,0.530583
GAAACATAGGAAACAG-1,0.000107,0.000108,0.185407,0.237024,0.577353
GAAACCATGGTGCGCT-1,0.000209,0.000209,0.73498,0.091721,0.17288
GAAACCGAATTACCTT-1,0.000221,0.013836,0.712987,0.033706,0.23925
GAAACCTATACAAATG-1,0.001556,0.367251,0.265972,0.00156,0.363661
GAAACTCGTGCGATGC-1,0.000175,0.000176,0.510708,0.189428,0.299512
GAAACTCTAATGAAGG-1,0.000401,0.000402,0.92355,0.014402,0.061245
GAAAGAACAGCGTTAT-1,0.00032,0.000321,0.655262,0.172012,0.172085
GAAAGCAGTGCACTTT-1,0.001788,0.322645,0.620877,0.0511,0.003589
GAAAGCCCTTTGGACC-1,0.000204,0.023665,0.873153,0.000204,0.102774
GAAAGTGACTAACTGC-1,0.000101,0.000102,0.268283,0.2415,0.490015
GAAATACCTGCTGGCT-1,0.000207,0.000207,0.740519,0.050658,0.208409
GAAATACTAAACGTTT-1,0.000568,0.280765,0.537771,0.000569,0.180326
GAAATATCACCATCAG-1,0.000137,0.000137,0.370273,0.025218,0.604235
GAAATATGCTTGAATG-1,0.000452,0.164952,0.761713,0.000453,0.072431
GAAATCGCGCGCAACT-1,0.000601,0.000603,0.996986,0.000603,0.001206
GAAATGGCGGTGTTAG-1,0.000348,0.000349,0.97456,0.000349,0.024394
GAAATGGGATGTAAAC-1,0.000403,0.10224,0.896144,0.000404,0.000808
GAAATTAGCACGGATA-1,0.000382,0.000383,0.998088,0.000383,0.000765
GAAATTCACATCGCTG-1,0.000345,0.012487,0.661594,0.324882,0.000692
GAAATTGTCTCTATAA-1,0.000155,0.031412,0.456321,0.002503,0.509608
GAACAACTGGGATGAA-1,0.000179,0.882842,0.000359,0.00018,0.11644
GAACACACATCAACCA-1,0.000443,0.000444,0.99778,0.000444,0.000889
GAACAGATTACTAAAT-1,0.002075,0.220762,0.268555,0.504449,0.004159
GAACATTAGTATGTTA-1,0.00016,0.00016,0.672105,0.159757,0.167818
GAACCATCTGGGAGAC-1,0.000326,0.003403,0.645939,0.019128,0.331203
GAACCCTCTGTGTTCT-1,0.004935,0.970348,0.009896,0.004941,0.009879
GAACCTCGACCTACAC-1,0.000323,0.000324,0.998381,0.000324,0.000648
GAACCTTTAACGATCC-1,0.001608,0.919702,0.003223,0.001613,0.073854
GAACGACCGAATGATA-1,0.000456,0.000457,0.881587,0.000457,0.117043
GAACGATAAGTTAAAG-1,0.0002,0.000201,0.961906,0.037291,0.000402
GAACGCGGGTCACACG-1,0.000274,0.000274,0.212713,0.127399,0.65934
GAACGGTGTAAAGCAG-1,0.000311,0.000312,0.940676,0.020172,0.038528
GAACGTCTCATGGTCG-1,0.000101,0.153228,0.115159,0.149549,0.581963
GAACGTTAGGAAGACG-1,0.000189,0.000728,0.583047,0.00019,0.415846
GAACGTTTGTATCCAC-1,0.000833,0.845449,0.151215,0.000835,0.001669
GAACTGTGGAGAGACA-1,0.000302,0.955435,0.00061,0.000303,0.04335
GAACTTAGCGCCCGGT-1,0.000249,0.00025,0.741014,0.073057,0.185429
GAACTTGTGCACGGGA-1,0.000301,0.000301,0.900102,0.000301,0.098994
GAAGAAACGATATTGT-1,0.000307,0.133036,0.308454,0.229672,0.328531
GAAGAACGGTGCAGGT-1,0.000206,0.000206,0.52367,0.000206,0.475712
GAAGACTTCAATGCCG-1,0.000119,0.000119,0.313826,0.118651,0.567285
GAAGCAAGGCAATGTT-1,0.00025,0.000251,0.604499,0.000251,0.394749
GAAGCCACTGATTATG-1,0.000303,0.864339,0.078179,0.000303,0.056876
GAAGCCGGGTAAGCTC-1,0.000511,0.195424,0.679344,0.000513,0.124208
GAAGCCTGCACATTCC-1,0.00013,0.307929,0.118422,0.219959,0.35356
GAAGCGTGAGGAATTT-1,0.000228,0.000229,0.468222,0.076414,0.454906
GAAGCTCGGACCCGTC-1,0.000364,0.092588,0.687314,0.194253,0.02548
GAAGCTTGCTGACCGC-1,0.000274,0.000275,0.799545,0.019254,0.180652
GAAGGACTAAATTGAA-1,0.000207,0.000207,0.689681,0.000207,0.309698
GAAGGAGTCGAGTGCG-1,0.000231,0.566351,0.000636,0.070105,0.362676
GAAGGCTACCATTGTT-1,0.000233,0.000233,0.837472,0.000233,0.161829
GAAGGGCATAACCATG-1,0.0001,0.000101,0.246954,0.058973,0.693871
GAAGGGTCATTAAGAC-1,0.002705,0.98375,0.005418,0.002709,0.005417
GAAGTCAGTTGCACTA-1,0.00073,0.038285,0.428596,0.000732,0.531656
GAAGTCTCCCTAGCGA-1,0.000217,0.000217,0.278626,0.064807,0.656133
GAAGTGATTTATCGTG-1,0.00033,0.063527,0.695814,0.000331,0.239997
GAAGTGCTGGATAGCT-1,0.000565,0.000566,0.997175,0.000565,0.00113
GAAGTTTCCACTCAAT-1,0.000678,0.00068,0.996602,0.00068,0.00136
GAATAGACGCGACCCA-1,0.000487,0.08081,0.705846,0.079535,0.133322
GAATAGCATTTAGGGT-1,0.001813,0.001819,0.802676,0.190059,0.003633
GAATAGCCCTGCGGTC-1,0.000367,0.000368,0.998161,0.000368,0.000736
GAATAGTGCTCGATTA-1,0.002309,0.222362,0.565745,0.002314,0.20727
GAATATTCGGAGTCCC-1,0.000941,0.000943,0.995283,0.000945,0.001888
GAATCGACATGGTCAC-1,0.000074,0.000074,0.000149,0.007542,0.992161
GAATCGCCGGACACGG-1,0.000236,0.000236,0.422124,0.081894,0.495509
GAATCTATACTCGGAC-1,0.000182,0.036644,0.202664,0.009094,0.751415
GAATCTGAACATTCTC-1,0.000247,0.000248,0.699949,0.000248,0.299308
GAATGAAGGTCTTCAG-1,0.000306,0.000306,0.998468,0.000307,0.000613
GAATGCCGAAATGACC-1,0.000345,0.083803,0.914816,0.000346,0.000691
GAATGCGAATCGGTTC-1,0.000175,0.935996,0.000351,0.059351,0.004126
GAATGGGCTTATCGAC-1,0.00022,0.00022,0.853522,0.007114,0.138925
GAATGTATGGCAGGTC-1,0.001574,0.00158,0.992118,0.001576,0.003152
GAATGTGGTCCGGATT-1,0.000663,0.000664,0.868796,0.078763,0.051113
GAATGTTGGGTAATCT-1,0.000274,0.009876,0.736927,0.000275,0.252647
GAATTATAGTGAAAGG-1,0.000147,0.000147,0.259042,0.028007,0.712657
GAATTATGCAACCTAC-1,0.001666,0.00167,0.991659,0.001668,0.003336
GAATTCACCCGGGTGT-1,0.000093,0.000094,0.237214,0.070116,0.692483
GAATTTCTCGCTGCAG-1,0.000151,0.000151,0.579744,0.089267,0.330687
GACAAACATATGCAGG-1,0.000504,0.150969,0.674767,0.172749,0.001011
GACAACGACCATTGAA-1,0.000239,0.000239,0.650971,0.068884,0.279667
GACAACGCAGCTTACG-1,0.000407,0.000408,0.997962,0.000408,0.000815
GACAAGACGCCCGTGC-1,0.003585,0.537757,0.447897,0.003587,0.007174
GACAAGAGATGAGATT-1,0.002556,0.182508,0.490595,0.002563,0.321778
GACACAAGGGAAGAAA-1,0.000069,0.000069,0.074467,0.023164,0.902232
GACACAGCCGGGACTG-1,0.000172,0.357262,0.002921,0.028024,0.611621
GACACCCAAAGACGCG-1,0.000692,0.048606,0.538747,0.097422,0.314534
GACACGAGTTAGAGGA-1,0.000848,0.247872,0.481241,0.000849,0.26919
GACACTGAGTTCAGTG-1,0.000143,0.014584,0.243398,0.118135,0.62374
GACACTGGAACCCGAT-1,0.000373,0.000374,0.11124,0.012389,0.875624
GACACTTCCAATTACC-1,0.000452,0.827156,0.171034,0.000453,0.000905
GACAGAGGTCTTCAGT-1,0.001789,0.801669,0.191163,0.001793,0.003586
GACAGATTTCTGGCTC-1,0.000263,0.000263,0.038771,0.03918,0.921522
GACAGCCAGACCTGAC-1,0.000497,0.000499,0.237388,0.505253,0.256362
GACAGGCACACACTAT-1,0.000712,0.055605,0.617622,0.104714,0.221347
GACAGGTAATCCGTGT-1,0.001664,0.990001,0.003337,0.001666,0.003332
GACATACTGTCGCAGA-1,0.000363,0.224324,0.665491,0.000364,0.109457
GACATCCGTCGAACTG-1,0.000129,0.71411,0.000258,0.08947,0.196034
GACATCGATTTATAAC-1,0.000291,0.000292,0.73344,0.126873,0.139104
GACATTTCGCCCAGCC-1,0.00072,0.000722,0.729073,0.121567,0.147919
GACCAAACGTTGACTG-1,0.000401,0.308162,0.000804,0.361603,0.32903
GACCACACTTCCCTTT-1,0.000688,0.874704,0.001379,0.00069,0.122539
GACCAGAGCCCTGTAG-1,0.000252,0.000253,0.796577,0.000253,0.202664
GACCAGGTCATTCATA-1,0.000116,0.000116,0.061374,0.000147,0.938247
GACCCAATTATGATAC-1,0.000394,0.012771,0.149892,0.116844,0.720099
GACCCGTCGCCGGCTA-1,0.000127,0.000127,0.266463,0.066884,0.666399
GACCGACCGCTAATAT-1,0.000187,0.000188,0.382983,0.080462,0.53618
GACCGACGTGAAAGCA-1,0.000309,0.026012,0.132712,0.295148,0.545819
GACCGACTGAAGCGTC-1,0.000249,0.000249,0.814561,0.000249,0.184692
GACCGATTAAATATGT-1,0.000199,0.081359,0.624825,0.148535,0.145083
GACCGCGTCTGACGTG-1,0.000774,0.053507,0.416464,0.269622,0.259634
GACCGGTGATACTCTC-1,0.000127,0.000127,0.084979,0.150291,0.764475
GACCGTCAGGTCGTGA-1,0.000434,0.000435,0.997826,0.000435,0.00087
GACCGTGCTGACGGTG-1,0.000227,0.000227,0.65603,0.000227,0.34329
GACCGTTACATGCGAC-1,0.000228,0.000228,0.836107,0.000228,0.163209
GACCTGGTCTGGGCGT-1,0.000604,0.039599,0.957983,0.000605,0.001209
GACCTTCCACGTCTAC-1,0.000277,0.939389,0.000555,0.059223,0.000555
GACGACGATCCGCGTT-1,0.001556,0.001561,0.743921,0.249843,0.003119
GACGACTTTCCAAGAA-1,0.000185,0.000185,0.589821,0.000185,0.409624
GACGAGGCTAATAAAC-1,0.002655,0.671626,0.176601,0.002656,0.146462
GACGATATCACTGGGT-1,0.000742,0.02494,0.214498,0.417813,0.342007
GACGCATACCCGTCGG-1,0.00021,0.00021,0.568254,0.067241,0.364085
GACGCCGTAAAGGCTA-1,0.000405,0.056588,0.665873,0.008332,0.268801
GACGCCTGTTGCAGGG-1,0.000205,0.000205,0.421564,0.058621,0.519405
GACGCTTGCTTCTAAA-1,0.000303,0.000304,0.7088,0.000304,0.290289
GACGGACCGCGTTCCT-1,0.000446,0.000447,0.573334,0.153256,0.272517
GACGGGATGTCTTATG-1,0.000248,0.051159,0.440047,0.000249,0.508298
GACGGGCATCGAATTT-1,0.001301,0.992175,0.002608,0.001305,0.002611
GACGGGTTGGCCCGTA-1,0.002345,0.002354,0.706922,0.283674,0.004705
GACGGTCAATAGAAGC-1,0.000227,0.000227,0.509858,0.000227,0.489462
GACGGTCCTAGGGTGT-1,0.000192,0.020047,0.135675,0.064672,0.779414
GACGTGAGACTCCATG-1,0.000248,0.000249,0.763575,0.000249,0.23568
GACGTGTAGGGATTAT-1,0.000517,0.098717,0.423177,0.000518,0.477072
GACGTTCGTAAATACA-1,0.000169,0.024468,0.842694,0.053101,0.079568
GACGTTGCTCGGCGGC-1,0.000372,0.091983,0.298251,0.297041,0.312353
GACTAACACAGCACCT-1,0.0003,0.010667,0.849297,0.139136,0.0006
GACTAAGATCATGCAC-1,0.000361,0.000362,0.687798,0.000362,0.311118
GACTAAGTAGGCTCAC-1,0.000455,0.000456,0.816528,0.000456,0.182106
GACTACAAAGCGGTGG-1,0.000719,0.000721,0.728169,0.000721,0.269669
GACTACAATTGCTCGT-1,0.000178,0.000178,0.496161,0.042907,0.460577
GACTAGGCCGTTAGGT-1,0.000291,0.777961,0.081892,0.000291,0.139565
GACTCACCCACGTGAG-1,0.000592,0.000593,0.451096,0.235944,0.311775
GACTCCCAGAATAAGG-1,0.000182,0.000183,0.723276,0.005034,0.271325
GACTCCTTCCAATTGA-1,0.000312,0.018566,0.187027,0.107979,0.686115
GACTCGCGGGAATGAC-1,0.000171,0.013604,0.196728,0.000172,0.789325
GACTCGGTCGGCGGAT-1,0.000405,0.186228,0.671749,0.000405,0.141213
GACTCTAGAGTTCCAA-1,0.001861,0.462356,0.14885,0.08844,0.298493
GACTGATTGGTCACAA-1,0.000453,0.000454,0.997732,0.000454,0.000908
GACTGCAAATCGAGCT-1,0.002603,0.405623,0.58394,0.002609,0.005225
GACTGCACCAGCCCAG-1,0.000373,0.075442,0.56907,0.043157,0.311958
GACTGCGGCACGTGTA-1,0.000164,0.000164,0.468112,0.085237,0.446323
GACTGCTGGTGAGAAA-1,0.001539,0.46986,0.003087,0.001543,0.523971
GACTGGGCGCCGCAAC-1,0.00026,0.000261,0.763047,0.000261,0.236171
GACTTCAACGCATCAA-1,0.001223,0.637933,0.088377,0.001227,0.27124
GACTTTCGAGCGGTTC-1,0.001834,0.53036,0.121675,0.34245,0.00368
GAGAAACTGGATCCCA-1,0.000192,0.908472,0.014857,0.000193,0.076286
GAGAACGGTTCTGACT-1,0.000412,0.659859,0.33849,0.000413,0.000826
GAGAATCTCACGATCA-1,0.000128,0.007782,0.449084,0.09607,0.446936
GAGACCCTGCAACGCC-1,0.000481,0.043831,0.954245,0.000481,0.000962
GAGACTGATGGGTAGA-1,0.00049,0.000491,0.883555,0.000491,0.114973
GAGACTTCGCGACCGA-1,0.001884,0.001889,0.741536,0.001889,0.252802
GAGAGCGCAGTCCCTG-1,0.00011,0.00011,0.374862,0.114267,0.51065
GAGAGGCCTATGTGTA-1,0.000325,0.641778,0.356921,0.000325,0.000651
GAGAGGGCGCGAGGTT-1,0.000276,0.056676,0.543661,0.071039,0.328348
GAGAGGTGCATTCTGG-1,0.000607,0.090747,0.532464,0.111879,0.264304
GAGAGTCTCGGGAGAG-1,0.001747,0.001751,0.411224,0.376167,0.209111
GAGATCGATCTTACTC-1,0.000153,0.03976,0.33484,0.150829,0.474417
GAGATCTGCTTGGCAT-1,0.000317,0.000318,0.671814,0.007144,0.320408
GAGATCTGTCACTCCG-1,0.000295,0.000296,0.607342,0.00836,0.383706
GAGATCTTCCATGACA-1,0.000272,0.057062,0.42275,0.000326,0.51959
GAGATGACAATCCTTA-1,0.000226,0.041101,0.899089,0.000227,0.059357
GAGATGGCTTTAATCA-1,0.002705,0.983746,0.005417,0.00271,0.005422
GAGATGGGAGTCGACA-1,0.001934,0.169864,0.408844,0.00194,0.417418
GAGCACCTGTGTCCAG-1,0.003489,0.68012,0.305881,0.003502,0.007006
GAGCACGGCGCCTCTT-1,0.000484,0.000485,0.248681,0.000485,0.749866
GAGCATCAACAACTTG-1,0.001506,0.001511,0.606169,0.2363,0.154514
GAGCATCATCCCTGGG-1,0.000161,0.000162,0.051013,0.047339,0.901325
GAGCCACGGTAGTAGG-1,0.000287,0.000288,0.701373,0.000288,0.297766
GAGCCAGCTACCTGTG-1,0.002137,0.247667,0.388014,0.357899,0.004283
GAGCCGAGCGTTTATT-1,0.003045,0.00305,0.984746,0.003052,0.006106
GAGCGAGGGAGTACCG-1,0.000388,0.059189,0.939257,0.000389,0.000777
GAGCGCAAATACTCCG-1,0.001462,0.001465,0.992679,0.001465,0.00293
GAGCGCGCACGAGTAG-1,0.000456,0.000457,0.682267,0.038681,0.278139
GAGCGCTATGTCAGGC-1,0.00016,0.013511,0.284115,0.003367,0.698847
GAGCGCTGTTAGGTAA-1,0.000199,0.089359,0.350006,0.194434,0.366002
GAGCGGAATGCGGTGT-1,0.001745,0.989509,0.003498,0.00175,0.003498
GAGCTAAGGGCATATC-1,0.000252,0.02807,0.833954,0.129667,0.008058
GAGCTCAACATGAGCG-1,0.000449,0.232845,0.000899,0.423809,0.341999
GAGCTCTCGGACCTAA-1,0.000397,0.18038,0.818027,0.000399,0.000797
GAGCTGTCGTCTCGGA-1,0.000471,0.000472,0.918615,0.000472,0.07997
GAGGAATATCTCTTTG-1,0.002271,0.266196,0.308232,0.002279,0.421022
GAGGAATGGAGAGGTT-1,0.000204,0.024035,0.651284,0.032514,0.291964
GAGGAGATCCTCATGC-1,0.0005,0.000502,0.997494,0.000501,0.001002
GAGGAGTAATTCCTAC-1,0.000427,0.000428,0.800449,0.000428,0.198267
GAGGATAAACAGTGCT-1,0.000141,0.014408,0.263638,0.051207,0.670606
GAGGCATTTGCAGCAG-1,0.000247,0.000247,0.96532,0.000247,0.033938
GAGGCCCGACTCCGCA-1,0.000275,0.000276,0.038453,0.360445,0.60055
GAGGCCTGTTGATACA-1,0.000303,0.662203,0.336584,0.000303,0.000607
GAGGCTATCAAAGTCG-1,0.000325,0.000325,0.998374,0.000325,0.000651
GAGGGAGTCAGATCGC-1,0.003577,0.978511,0.007169,0.00358,0.007163
GAGGGCATCGCGTATC-1,0.000157,0.000158,0.467327,0.066375,0.465983
GAGGGCCATAATATTA-1,0.000183,0.000183,0.890116,0.000184,0.109334
GAGGGCCGGCAGAGTC-1,0.001224,0.571356,0.423739,0.001227,0.002454
GAGGGCGCAGCTCTGC-1,0.000442,0.033307,0.964922,0.000443,0.000886
GAGGGTAGTAACAAAG-1,0.001145,0.141256,0.28596,0.569342,0.002296
GAGGTACATCCATCTT-1,0.000151,0.000151,0.343934,0.182118,0.473646
GAGGTACGCGTGTCCC-1,0.000325,0.747022,0.000652,0.048169,0.203831
GAGGTCCCAAAGATCT-1,0.001431,0.121852,0.662539,0.001435,0.212743
GAGGTCCGTTCGCTGT-1,0.000499,0.147999,0.360836,0.140182,0.350483
GAGGTCTTAGTGGGTC-1,0.000333,0.125343,0.667993,0.107081,0.099251
GAGTAAACCGGAAAGT-1,0.000584,0.000586,0.434876,0.235894,0.328059
GAGTAAATTAAGAACC-1,0.001627,0.668592,0.324888,0.001631,0.003262
GAGTAAGGCCACGGGA-1,0.001031,0.001033,0.54551,0.450362,0.002064
GAGTACGGGTATACAA-1,0.000361,0.000362,0.77413,0.000362,0.224787
GAGTAGATACTAGTTG-1,0.000196,0.345495,0.284979,0.274314,0.095016
GAGTATACCCTAATCA-1,0.000419,0.082749,0.143671,0.31422,0.458941
GAGTATCAAAGTTACA-1,0.001609,0.247358,0.292909,0.001613,0.456511
GAGTATGCCCGCCTTG-1,0.00021,0.093326,0.51991,0.02397,0.362583
GAGTATGCGCGTGCAT-1,0.000246,0.86926,0.129757,0.000246,0.000492
GAGTCAGACCAGAATC-1,0.001182,0.307287,0.113936,0.001186,0.576409
GAGTCCACCAGGTTTA-1,0.001664,0.84154,0.003336,0.001668,0.151791
GAGTCCGCTTACCGGA-1,0.000163,0.000163,0.42861,0.009082,0.561982
GAGTCGACAGACCCTC-1,0.000242,0.000243,0.742849,0.242431,0.014235
GAGTCTTGTAAAGGAC-1,0.000183,0.000183,0.42775,0.016605,0.555279
GAGTGCACGGACAACA-1,0.000203,0.000203,0.776927,0.022923,0.199744
GAGTGTCAACCAGAAA-1,0.000211,0.652442,0.346713,0.000211,0.000423
GAGTGTGCGGTACCCA-1,0.000536,0.031962,0.468333,0.469216,0.029952
GAGTTCTGTGGGTGCT-1,0.000136,0.018089,0.045988,0.115178,0.820609
GAGTTGATGGCAATTT-1,0.000357,0.000358,0.819528,0.000358,0.179399
GAGTTGTCACCAGTCT-1,0.000551,0.039356,0.806383,0.000552,0.153158
GATAAATCGGTGGATG-1,0.000592,0.000593,0.997036,0.000593,0.001186
GATAACTCGCACTGTG-1,0.000205,0.000206,0.272057,0.154493,0.573039
GATAAGGCAGATGCAA-1,0.000266,0.021795,0.778875,0.040971,0.158094
GATAAGGGACGATTAG-1,0.000249,0.00025,0.588584,0.00025,0.410666
GATACCGTGTCGGAGT-1,0.000234,0.000234,0.297834,0.366418,0.33528
GATACGATGGGAGTCA-1,0.000152,0.024411,0.207061,0.250769,0.517607
GATAGAACCCGCTAGG-1,0.001523,0.743764,0.003053,0.215182,0.036478
GATAGATAGTACAGTC-1,0.000524,0.870719,0.016712,0.000526,0.111519
GATAGCGTACCACGCG-1,0.000522,0.421121,0.412728,0.000524,0.165105
GATAGGATTAATTACA-1,0.000373,0.04581,0.550879,0.139109,0.263829
GATAGGTAACGTTGAC-1,0.00018,0.029474,0.299693,0.040362,0.63029
GATAGGTGTCCCGGGC-1,0.000442,0.032497,0.823702,0.000443,0.142917
GATAGTGCGAGTAAGT-1,0.003042,0.573157,0.006108,0.003053,0.414639
GATATCAAGCAGGAGC-1,0.000269,0.00027,0.618724,0.267047,0.11369
GATATCAGTATGTATC-1,0.000177,0.000177,0.419136,0.223079,0.357431
GATATCTCATGCAATA-1,0.000156,0.023154,0.327797,0.054711,0.594181
GATATGAGACACTAAC-1,0.000141,0.028552,0.000283,0.175674,0.795349
GATATGCGGTAGCCAA-1,0.001362,0.001366,0.993171,0.001367,0.002733
GATATGGATTACGCGG-1,0.000287,0.000288,0.739185,0.000288,0.259953
GATATTGAGATTGGCG-1,0.000499,0.0005,0.423753,0.0005,0.574748
GATATTTCCTACATGG-1,0.000563,0.000565,0.997177,0.000565,0.00113
GATCAACATAAAGGGA-1,0.002555,0.484476,0.505282,0.002563,0.005125
GATCATTCCAAACATT-1,0.00018,0.000181,0.57386,0.015641,0.410139
GATCCAACCTTTAAAC-1,0.000096,0.000096,0.203307,0.061457,0.735044
GATCCCTTTATACTGC-1,0.000191,0.000191,0.277707,0.091745,0.630167
GATCCGAATATAAGTG-1,0.00018,0.057522,0.406623,0.000878,0.534796
GATCCGGGAATTAACA-1,0.0002,0.0002,0.773054,0.0401,0.186446
GATCCTAAATCGGGAC-1,0.000126,0.000515,0.309147,0.029305,0.660908
GATCCTCGACACTGGC-1,0.000372,0.070923,0.571444,0.061985,0.295276
GATCCTCTTGCGCTTA-1,0.000226,0.034747,0.44424,0.03463,0.486157
GATCGACACTATCTGA-1,0.000194,0.000194,0.275969,0.145888,0.577754
GATCGCGGGCTCTCCA-1,0.00024,0.033823,0.805397,0.059805,0.100735
GATCGCTACCCGATTT-1,0.000741,0.000743,0.679204,0.248694,0.070618
GATCGCTATATCTCAG-1,0.000407,0.118897,0.479975,0.247791,0.152931
GATCGCTGTGGTGCGT-1,0.000184,0.000184,0.301506,0.414945,0.283181
GATCGGATAGAACCAT-1,0.000111,0.000112,0.06293,0.000876,0.935971
GATCGGCGATAAGTCG-1,0.000399,0.143372,0.855031,0.000399,0.000799
GATCGGTGGCCATAAC-1,0.000178,0.000178,0.596745,0.151418,0.251481
GATCGTGACTGATATC-1,0.000258,0.137089,0.495008,0.000259,0.367385
GATCTAACCGTATTCA-1,0.000426,0.126052,0.258991,0.026235,0.588297
GATCTCGACGCTGTGG-1,0.000425,0.015159,0.410733,0.365588,0.208095
GATCTGCTATCTAAGG-1,0.000342,0.625677,0.275217,0.09808,0.000685
GATCTTGGAGGGCATA-1,0.00037,0.098223,0.900294,0.000371,0.000742
GATCTTTGCAGGGTAT-1,0.000253,0.033065,0.564841,0.000254,0.401587
GATCTTTGCTCAAAGA-1,0.000279,0.091634,0.907248,0.00028,0.000559
GATGACAAGTAGGGCA-1,0.001363,0.161389,0.565715,0.073309,0.198224
GATGACGATGATCGCG-1,0.000267,0.000268,0.998662,0.000268,0.000535
GATGAGGAACCTTCGG-1,0.00048,0.717297,0.280779,0.000482,0.000963
GATGATTTGAAACTGG-1,0.000332,0.000333,0.667681,0.000333,0.331321
GATGCCACACTACAGC-1,0.000209,0.00021,0.411573,0.036363,0.551645
GATGCCAGCAGAAGGC-1,0.000314,0.285293,0.57043,0.106735,0.037228
GATGCCTTCTGCGGCA-1,0.00045,0.062303,0.349998,0.000451,0.586798
GATGCGAATGGTATTA-1,0.000103,0.000103,0.362197,0.13553,0.502066
GATGCGTCCTGCATTC-1,0.000387,0.112113,0.797851,0.088873,0.000776
GATGCTACAAGCGCCT-1,0.001419,0.102859,0.891458,0.001421,0.002843
GATGCTACCTTCGATG-1,0.002308,0.823054,0.004628,0.165381,0.004628
GATGCTGTATTTCATC-1,0.000327,0.066742,0.300943,0.000328,0.63166
GATGGCGCACACATTA-1,0.00139,0.001395,0.993038,0.001393,0.002784
GATGGTGAAATAACCC-1,0.000852,0.110178,0.683717,0.159273,0.045979
GATGGTGCCCTAGGCA-1,0.000098,0.000098,0.073126,0.197943,0.728735
GATGTAACGAACCACC-1,0.000473,0.103403,0.71684,0.0634,0.115886
GATGTCCGGATCACAT-1,0.000133,0.000133,0.314381,0.027408,0.657945
GATGTCGGTCAACTGC-1,0.000161,0.000161,0.288227,0.051582,0.659869
GATGTGTTGTCACAAG-1,0.000133,0.000133,0.169913,0.052368,0.777453
GATGTTCAATCCACGA-1,0.000153,0.019623,0.308899,0.075921,0.595404
GATGTTTGTGCGAGAT-1,0.001084,0.070503,0.925153,0.001087,0.002174
GATTAACCGAAAGCCC-1,0.002601,0.646647,0.00522,0.00261,0.342922
GATTAATCCTGGCTCA-1,0.00021,0.00021,0.397128,0.00021,0.602242
GATTACTGAATTTGGG-1,0.000167,0.000167,0.428329,0.168249,0.403088
GATTAGAAACAAGCGT-1,0.000699,0.190414,0.337772,0.017774,0.453341
GATTATCTTGCATTAT-1,0.00181,0.989099,0.003637,0.00182,0.003634
GATTCCCTTGTCGCAG-1,0.000376,0.000377,0.647046,0.203888,0.148314
GATTCCGCGTTTCCGT-1,0.000961,0.11238,0.722683,0.000963,0.163012
GATTCCTATACGGCGC-1,0.000256,0.000257,0.817654,0.07863,0.103203
GATTCGACGGTTCACG-1,0.000134,0.047856,0.143315,0.406154,0.40254
GATTCTGTTAATGAGT-1,0.002752,0.50638,0.005521,0.00276,0.482587
GATTGACACTCTGCTC-1,0.000396,0.048157,0.950253,0.000398,0.000795
GATTGCTCCAGTTGCA-1,0.000262,0.000263,0.309761,0.273783,0.41593
GATTGGGAAAGGTTGT-1,0.000197,0.512108,0.076393,0.128584,0.282718
GATTTAGTGCGTACTG-1,0.000234,0.000235,0.498236,0.180266,0.321029
GATTTGCGCTAACACC-1,0.764242,0.001689,0.229008,0.001687,0.003374
GCAAACCCTACATTAT-1,0.000193,0.000194,0.193072,0.270754,0.535787
GCAAACCTTGGCCATA-1,0.003487,0.496383,0.007004,0.486124,0.007002
GCAAACGTAAGCGACC-1,0.000192,0.000192,0.373037,0.221217,0.405362
GCAAACGTCGCCAGGT-1,0.000698,0.0007,0.520341,0.476861,0.0014
GCAAAGGGCGTTAGCC-1,0.000371,0.063065,0.629155,0.12302,0.184388
GCAAATATTACGCTTT-1,0.000112,0.011366,0.192556,0.142314,0.653652
GCAAATGAGGACACTT-1,0.000213,0.037433,0.639597,0.000213,0.322545
GCAACACACTAGAACT-1,0.000163,0.121945,0.231616,0.033397,0.612879
GCAACAGCAGTATGCG-1,0.001461,0.001464,0.992681,0.001465,0.002929
GCAACCACCAGACCGG-1,0.001192,0.236866,0.374495,0.385056,0.002392
GCAACCACGGCCGCGT-1,0.000281,0.01994,0.511133,0.213042,0.255605
GCAACCCAAGTTGTTT-1,0.000168,0.000168,0.54427,0.07556,0.379834
GCAACGGCTAGTTATG-1,0.000332,0.000333,0.852561,0.000333,0.146441
GCAAGAATTCCTTGGC-1,0.00036,0.000361,0.558078,0.357585,0.083616
GCAAGATGTGTTCGCG-1,0.001289,0.218322,0.776512,0.001292,0.002584
GCAAGCTGGAAACCGC-1,0.000323,0.01166,0.414382,0.130506,0.443129
GCAAGTGCACAGAGAA-1,0.000229,0.000229,0.57315,0.249124,0.177268
GCAAGTGTAAAGCATG-1,0.001173,0.816803,0.002353,0.001176,0.178495
GCAATTAGTCGCACCG-1,0.000218,0.000218,0.664045,0.114957,0.220561
GCACAAACCCTAGATG-1,0.000133,0.014005,0.615894,0.124058,0.24591
GCACAAACGAGGCGTG-1,0.000394,0.000395,0.505377,0.060026,0.433808
GCACAACCTCGGGCGT-1,0.000685,0.145311,0.338804,0.000687,0.514513
GCACAAGTGTCGGAAG-1,0.000092,0.000092,0.008343,0.153211,0.838261
GCACACACTGGTAGCC-1,0.0053,0.502092,0.476663,0.005314,0.010631
GCACACAGCTATTACC-1,0.002204,0.690564,0.004414,0.298402,0.004416
GCACACGCCCATGGTC-1,0.000216,0.0145,0.84388,0.049738,0.091666
GCACAGCACGGGCCGA-1,0.001009,0.08202,0.273014,0.001011,0.642946
GCACCTAGGCGAGTCC-1,0.000726,0.908366,0.088724,0.000728,0.001456
GCACCTTCCCGAAGGT-1,0.000734,0.962222,0.034836,0.000736,0.001472
GCACGCCGATTCCCGC-1,0.003488,0.787399,0.198607,0.003503,0.007004
GCACGCCTACTTAGAT-1,0.000723,0.069074,0.132848,0.000725,0.79663
GCACGTGGTTTACTTA-1,0.000211,0.770064,0.229092,0.000211,0.000422
GCACTAGTCGCGCTAT-1,0.000968,0.00097,0.937633,0.058489,0.001939
GCACTCCCACAGTCCC-1,0.000335,0.000336,0.805347,0.028462,0.165519
GCACTGCCTACCTTTA-1,0.000217,0.864722,0.000435,0.017855,0.116771
GCACTGTGCAAATGTA-1,0.000112,0.030094,0.488477,0.056834,0.424484
GCAGAAACGTAATCCA-1,0.00051,0.089992,0.614456,0.078425,0.216617
GCAGAAGGTAATCTCC-1,0.000268,0.085788,0.373165,0.205885,0.334894
GCAGACCCAGCACGTA-1,0.00038,0.000381,0.208772,0.297499,0.492969
GCAGATCCATAAGACT-1,0.001037,0.112026,0.543533,0.341324,0.002079
GCAGATCCTCGCAAAT-1,0.000248,0.113712,0.863279,0.022264,0.000497
GCAGATTAGGGATATC-1,0.000318,0.058707,0.806302,0.000319,0.134354
GCAGCACACAGCCCAG-1,0.000119,0.058931,0.22794,0.156209,0.556801
GCAGCCTATATCACAT-1,0.000318,0.053272,0.14962,0.013264,0.783525
GCAGCGGTGGGCATTA-1,0.000181,0.000181,0.5673,0.129446,0.302891
GCAGCTATGGACAGGT-1,0.000388,0.000389,0.998057,0.000389,0.000777
GCAGCTGTCAACGCAT-1,0.000568,0.660671,0.212282,0.00057,0.125909
GCAGGAACTTAGATCT-1,0.001683,0.001687,0.634557,0.001688,0.360385
GCAGGACTATAGAATA-1,0.000088,0.016872,0.209192,0.006767,0.767082
GCAGGTAGAGTATGGT-1,0.000444,0.000446,0.997773,0.000446,0.000891
GCAGTGCGGGCGGATG-1,0.002018,0.175316,0.816601,0.002021,0.004043
GCAGTGTGGCTATAGG-1,0.003668,0.423561,0.351481,0.00368,0.21761
GCAGTTCGATCCGAGC-1,0.001575,0.067959,0.317941,0.60937,0.003155
GCATAAATTGAACGCC-1,0.000791,0.273733,0.434511,0.000793,0.290172
GCATACGAGGTCTTTA-1,0.000117,0.033467,0.241279,0.001394,0.723743
GCATAGAGCACTCAGG-1,0.000161,0.013709,0.352466,0.246773,0.386891
GCATCCCTAACTTTGA-1,0.000719,0.139877,0.857242,0.000721,0.001441
GCATCCTCTCCTATTA-1,0.000201,0.000201,0.714976,0.078657,0.205965
GCATCGGCCGTGTAGG-1,0.011949,0.011953,0.940198,0.011979,0.023922
GCATGACACAAAGGAA-1,0.00154,0.990745,0.003088,0.001542,0.003084
GCATGAGGGACGCGGC-1,0.000181,0.042986,0.499078,0.000181,0.457574
GCATGCTAATAACGAT-1,0.000231,0.755099,0.140771,0.103436,0.000462
GCATGGGTACTGACGC-1,0.0002,0.0002,0.472402,0.0002,0.526998
GCATTCAAGGCAACGC-1,0.000132,0.000132,0.230462,0.19896,0.570314
GCATTCGAAATGAACA-1,0.000114,0.000114,0.339076,0.097528,0.563168
GCATTGACTTGCGGAA-1,0.000343,0.000344,0.406429,0.133328,0.459556
GCATTGTAATTCATAT-1,0.000297,0.000298,0.263413,0.084929,0.651063
GCATTTCCAAGGCTCC-1,0.000466,0.025097,0.973034,0.000468,0.000935
GCCAACCATTTCCGGA-1,0.000298,0.000298,0.843213,0.000298,0.155892
GCCAAGAATACTTCTG-1,0.000526,0.000528,0.329826,0.167213,0.501907
GCCAATAGGGCATCTC-1,0.000185,0.000185,0.418988,0.063823,0.516818
GCCACAATTTAAGGAC-1,0.000241,0.000242,0.547918,0.000242,0.451357
GCCACCCATTCCACTT-1,0.000168,0.028819,0.565122,0.163428,0.242462
GCCACCTTATTCGCGA-1,0.000177,0.000178,0.234884,0.398433,0.366328
GCCACTCAGAGCGCGA-1,0.000307,0.586435,0.412335,0.000308,0.000615
GCCACTCCTTACGGTA-1,0.0027,0.189684,0.799492,0.002707,0.005417
GCCAGGAAAGAACACT-1,0.000967,0.210399,0.572308,0.214386,0.001939
GCCAGGAGTAACCGAT-1,0.000392,0.000393,0.998035,0.000393,0.000786
GCCAGGCGTTCGCATG-1,0.000401,0.000402,0.997991,0.000402,0.000804
GCCAGGCTTAGTGGTA-1,0.000339,0.00034,0.88611,0.112531,0.00068
GCCATATTGCACACAG-1,0.000219,0.000219,0.622861,0.032473,0.344228
GCCATCGAGCTGCGTG-1,0.000166,0.0722,0.136851,0.287724,0.503059
GCCATCGATGCTGCAT-1,0.000158,0.010281,0.599803,0.000158,0.3896
GCCATTAGCCTCAAAC-1,0.000642,0.075711,0.284112,0.000643,0.638891
GCCCACCAAGGCTGTC-1,0.000386,0.000387,0.781126,0.000387,0.217715
GCCCACTGGTCCACAA-1,0.000791,0.305704,0.637082,0.000793,0.05563
GCCCAGATGCTGGAGA-1,0.000401,0.000402,0.443024,0.000402,0.555771
GCCCAGCGACACAAAG-1,0.000159,0.043027,0.581681,0.118176,0.256957
GCCCAGTTGGTATGCC-1,0.000614,0.113413,0.884126,0.000616,0.001231
GCCCATGGGTGCAATG-1,0.000105,0.000105,0.083879,0.000105,0.915806
GCCCGACTTCTTCCCG-1,0.000544,0.068113,0.670584,0.097025,0.163733
GCCCGAGAGTCTAAAT-1,0.000423,0.000424,0.70641,0.291893,0.000849
GCCCGATCTGTGGTCG-1,0.000842,0.048774,0.511474,0.107463,0.331447
GCCCGATGCCCAGTTC-1,0.00042,0.000421,0.288725,0.055723,0.654711
GCCCGCGCGTAAACGG-1,0.000157,0.030115,0.507799,0.044172,0.417756
GCCCGCGCGTTTGACA-1,0.000862,0.144252,0.852293,0.000864,0.001728
GCCCGTAATACCTTCT-1,0.000137,0.000137,0.151107,0.074939,0.773679
GCCCGTCAAGCCCAAT-1,0.001338,0.991951,0.002684,0.001342,0.002685
GCCCGTTCACACAATT-1,0.000645,0.151936,0.547826,0.173663,0.125931
GCCCTAAGTGCAGGAT-1,0.001937,0.839907,0.003878,0.00194,0.152338
GCCCTAGCCGTCGCGA-1,0.001165,0.123973,0.637275,0.235254,0.002333
GCCCTGAGGATGGGCT-1,0.000334,0.848826,0.000669,0.149502,0.000669
GCCGAAATTCCTACGT-1,0.000246,0.020933,0.9472,0.000247,0.031375
GCCGACCCACGACTGC-1,0.000197,0.047248,0.151895,0.245742,0.554918
GCCGATTGGCCAAGCT-1,0.000194,0.041969,0.823623,0.000194,0.13402
GCCGCACTCCGTTTCA-1,0.000386,0.06494,0.351601,0.000387,0.582686
GCCGCATTAGTCCGGC-1,0.000279,0.036929,0.815913,0.00028,0.146599
GCCGCTAGATACGCAG-1,0.000325,0.000325,0.821229,0.000325,0.177796
GCCGCTTGTGAGAAAC-1,0.000123,0.000123,0.466489,0.090811,0.442454
GCCGGAAACACATCTT-1,0.000387,0.000388,0.709188,0.231626,0.058411
GCCGGGTTAGGGTCGC-1,0.000186,0.000187,0.642387,0.023378,0.333862
GCCGGTCGTATCTCTC-1,0.004467,0.9731,0.008972,0.004486,0.008975
GCCGGTTTGGGCGGAT-1,0.000311,0.06263,0.735894,0.010391,0.190774
GCCGTCGGTTTCGGGC-1,0.001389,0.222535,0.002787,0.770502,0.002786
GCCGTGGAAGAAATGT-1,0.000161,0.039895,0.109176,0.0085,0.842269
GCCTACGTTCTGTGCA-1,0.00029,0.911168,0.000581,0.08738,0.000581
GCCTAGCGATCTGACC-1,0.000818,0.179825,0.816898,0.00082,0.00164
GCCTATAGTGTCAGGG-1,0.000229,0.00023,0.54892,0.015927,0.434694
GCCTATCAGGTAAGAT-1,0.002105,0.794116,0.00422,0.195341,0.004218
GCCTATGCTGGGCCTT-1,0.000644,0.000647,0.996769,0.000647,0.001293
GCCTATTCCGATATAG-1,0.000342,0.000343,0.639304,0.164983,0.195029
GCCTATTTGCTACACA-1,0.000123,0.000124,0.070424,0.102885,0.826444
GCCTCAGGTACCGGTC-1,0.000513,0.000515,0.655646,0.080865,0.262461
GCCTCATCTGGAAATA-1,0.000519,0.00052,0.765448,0.135082,0.098431
GCCTCCGACAATTCAC-1,0.000235,0.753641,0.245419,0.000235,0.000471
GCCTCTATACATAGCA-1,0.002864,0.351526,0.400758,0.00287,0.241982
GCCTGCTACACTGAGA-1,0.000391,0.142615,0.855817,0.000392,0.000784
GCCTGTCCCGGTGCAT-1,0.002603,0.984349,0.005216,0.002612,0.005219
GCCTTCAGCCCTACCG-1,0.000709,0.007382,0.989779,0.00071,0.00142
GCCTTTGTCAGTGGAC-1,0.000504,0.061954,0.504002,0.000505,0.433035
GCGAAACGATCGGGAG-1,0.001476,0.128497,0.563833,0.303235,0.002959
GCGAAACTTAACTGGA-1,0.000466,0.000467,0.54697,0.004479,0.447618
GCGAAGAATCTGACGG-1,0.000141,0.92187,0.000283,0.037343,0.040363
GCGAAGCCATACCCGT-1,0.000453,0.000454,0.925268,0.000454,0.073371
GCGAATGGACTAGCGA-1,0.001404,0.700606,0.002814,0.001407,0.293769
GCGACATGTAAACATC-1,0.000778,0.000779,0.591773,0.00078,0.40589
GCGACCCAACCATCTG-1,0.000819,0.000821,0.524242,0.00082,0.473299
GCGACGATAGTTGTAC-1,0.000398,0.12206,0.640726,0.000399,0.236417
GCGACGGTAGTCTCCT-1,0.002808,0.600517,0.005627,0.385423,0.005626
GCGAGAAACGGGAGTT-1,0.000559,0.00056,0.9972,0.00056,0.00112
GCGAGAGGCCATGTAA-1,0.000273,0.036741,0.962166,0.000273,0.000547
GCGAGAGTTGCGTCCA-1,0.00044,0.000441,0.997794,0.000441,0.000883
GCGAGCGCATGCTCCC-1,0.000255,0.000256,0.087384,0.532623,0.379482
GCGAGGCCCGAGCAGA-1,0.000131,0.000132,0.405565,0.000132,0.594041
GCGAGGGACTGCTAGA-1,0.000189,0.000189,0.732272,0.000189,0.267161
GCGAGTTCTGCAAAGA-1,0.000139,0.00014,0.431859,0.010518,0.557343
GCGATTCTGGAAGCAG-1,0.000309,0.00031,0.702701,0.289448,0.007232
GCGATTGTTAACGTTA-1,0.000158,0.001706,0.245805,0.181447,0.570884
GCGCAAATATATTCAA-1,0.000133,0.000133,0.18501,0.212903,0.601822
GCGCAAGAGCGCGCTG-1,0.000313,0.000314,0.147008,0.000314,0.852051
GCGCATCCAGTCAGCA-1,0.000306,0.000307,0.617091,0.000307,0.381988
GCGCCGTTCCACGATA-1,0.000298,0.000298,0.631327,0.333177,0.0349
GCGCCTCCCACTCCGA-1,0.000477,0.088942,0.353183,0.2223,0.335097
GCGCGATGGGTCAAGT-1,0.000209,0.00021,0.676962,0.068273,0.254346
GCGCGGTCTAGTAACT-1,0.000508,0.891033,0.001018,0.106424,0.001018
GCGCGTCATTGGTACA-1,0.003181,0.379853,0.00638,0.596744,0.013841
GCGCGTTTAAATCGTA-1,0.000133,0.007799,0.29172,0.190927,0.509422
GCGCTAAGTATGCATG-1,0.000183,0.000184,0.562383,0.000184,0.437067
GCGCTAATTGAATAGA-1,0.000207,0.037251,0.607403,0.000208,0.354931
GCGCTATGCCGAGGCA-1,0.000231,0.03907,0.877045,0.006363,0.077291
GCGCTCGATCACCTGT-1,0.000415,0.049194,0.660979,0.087064,0.202348
GCGCTGATCCAGACTC-1,0.000413,0.002543,0.995804,0.000413,0.000827
GCGCTGCTTTGCATTT-1,0.000237,0.000238,0.279893,0.000238,0.719395
GCGCTGGCGGAAAGTC-1,0.000212,0.048075,0.951075,0.000213,0.000425
GCGCTTAAATAATTGG-1,0.002471,0.693919,0.296185,0.002475,0.00495
GCGGACCGCGTTGTGG-1,0.000381,0.067492,0.649653,0.221511,0.060963
GCGGAGAAACTTCGCA-1,0.000692,0.080386,0.685312,0.232223,0.001386
GCGGAGAGGGAGAACG-1,0.000209,0.00021,0.338022,0.000209,0.66135
GCGGATTACTTGTTCT-1,0.004208,0.655735,0.008438,0.004221,0.327399
GCGGCAAAGTATTGCC-1,0.00066,0.000661,0.607206,0.277796,0.113676
GCGGCTCTGACGTACC-1,0.000172,0.000173,0.230494,0.024433,0.744728
GCGGCTTTAGCAAGTT-1,0.372217,0.622353,0.002172,0.001086,0.002171
GCGGGAACCAGGCCCT-1,0.001375,0.001379,0.993105,0.00138,0.002762
GCGGGCAGACGGGTGA-1,0.001476,0.198825,0.002958,0.639312,0.157429
GCGGGCATTACGATGC-1,0.000201,0.000202,0.353688,0.103686,0.542223
GCGGGCGAGCCTTACC-1,0.000549,0.270537,0.258372,0.00055,0.469992
GCGGTAACCCAAATGA-1,0.000221,0.000222,0.994913,0.000222,0.004423
GCGGTCCCGGTGAAGG-1,0.000273,0.000274,0.998631,0.000274,0.000548
GCGGTCCCTAGACGCA-1,0.000609,0.00061,0.905363,0.000611,0.092808
GCGGTCTTGCTTTCAC-1,0.002016,0.629863,0.00404,0.002022,0.362059
GCGGTGAACTGCGCTC-1,0.000405,0.000406,0.997969,0.000406,0.000813
GCGGTTCCCTATCATG-1,0.000127,0.000127,0.077399,0.052243,0.870104
GCGTAAATGGCCATAA-1,0.000371,0.000372,0.781947,0.155607,0.061703
GCGTCCAGCTCGTGGC-1,0.000211,0.000211,0.342014,0.1505,0.507064
GCGTCCCTAAGACATA-1,0.00333,0.713407,0.006676,0.003337,0.27325
GCGTCGAAATGTCGGT-1,0.000889,0.000891,0.684657,0.000891,0.312671
GCGTCGCCAGGGTGAT-1,0.004209,0.004218,0.978912,0.004222,0.008439
GCGTCGTAACATGGTC-1,0.003333,0.979964,0.006678,0.00334,0.006685
GCGTCTAACCTCCTAA-1,0.000268,0.000269,0.737895,0.000269,0.261299
GCGTCTCTGCATTGGG-1,0.000236,0.183407,0.524205,0.000237,0.291915
GCGTGGTACTGGGTTA-1,0.000878,0.000881,0.586619,0.00088,0.410742
GCGTGTATGTCGTATT-1,0.000669,0.099712,0.427741,0.0762,0.395677
GCGTTATATTTGGAAC-1,0.000398,0.000399,0.998008,0.000399,0.000797
GCGTTCGGAGACCGGG-1,0.000399,0.0004,0.738474,0.157598,0.10313
GCGTTCTGACTAAGCG-1,0.00129,0.099403,0.171482,0.725239,0.002586
GCTAAACCTGAGGTGA-1,0.000292,0.000293,0.998536,0.000293,0.000586
GCTAACTGAAGTCTGA-1,0.005304,0.789614,0.010634,0.005314,0.189133
GCTAAGCCCAGTATGC-1,0.002167,0.986969,0.004349,0.002172,0.004343
GCTAAGTAAAGGCGAT-1,0.000181,0.051757,0.582406,0.10669,0.258966
GCTAAGTAGTTTCTCT-1,0.000261,0.05891,0.544722,0.041478,0.354629
GCTAATACCGAATGCC-1,0.00062,0.089246,0.908271,0.000621,0.001242
GCTACAATCGAGGATA-1,0.000193,0.79401,0.146683,0.000193,0.058921
GCTACACTGTCCGAAC-1,0.000274,0.000275,0.926325,0.000275,0.072851
GCTACAGTACGGACCG-1,0.000799,0.000801,0.670509,0.000802,0.32709
GCTACGACTTATTGGG-1,0.000294,0.000295,0.472915,0.003155,0.523342
GCTACTATAGTAGAGT-1,0.000691,0.000693,0.695966,0.301263,0.001387
GCTACTCGGACGCAGA-1,0.000215,0.106561,0.238692,0.067281,0.58725
GCTAGACCGTCTACTG-1,0.000515,0.000516,0.630497,0.000516,0.367956
GCTAGAGTAGAGATGT-1,0.001627,0.592765,0.00326,0.125185,0.277163
GCTAGCAACGCACCTA-1,0.000935,0.994376,0.001876,0.000938,0.001875
GCTAGCACCTGGGCCA-1,0.000243,0.076974,0.107575,0.072624,0.742584
GCTAGCAGGGAGTGGG-1,0.000513,0.000514,0.997432,0.000514,0.001028
GCTAGCGATAGGTCTT-1,0.00055,0.000552,0.351191,0.361868,0.285838
GCTAGCTTGAATAGCT-1,0.000418,0.035518,0.516601,0.164693,0.28277
GCTAGGCACCACGGAG-1,0.001278,0.202752,0.002563,0.001281,0.792126
GCTAGTAGAGCTTGTA-1,0.000143,0.015717,0.228345,0.076377,0.679418
GCTAGTTTCATTGAGG-1,0.001723,0.001727,0.991369,0.001727,0.003454
GCTATAAGGGCCAGGA-1,0.002074,0.851707,0.139978,0.00208,0.00416
GCTATACGTCTCGGAC-1,0.001126,0.07389,0.002261,0.104124,0.818599
GCTATCATACTCATGG-1,0.003492,0.003498,0.486783,0.499228,0.007
GCTATCGCGGCGCAAC-1,0.00056,0.088514,0.909246,0.00056,0.00112
GCTATGCCAGCTTATG-1,0.00029,0.000291,0.694056,0.000291,0.305072
GCTCAATCCGTTTATT-1,0.001213,0.001218,0.358434,0.001216,0.637918
GCTCAATGTAATACCG-1,0.000117,0.776832,0.000235,0.06814,0.154675
GCTCATTACTGCATGT-1,0.001173,0.236467,0.209784,0.550225,0.002352
GCTCATTGATCATATC-1,0.002751,0.33044,0.658529,0.002761,0.005519
GCTCCATGAGTGCAGA-1,0.001628,0.510885,0.482596,0.001631,0.00326
GCTCCATGCAAAGCAA-1,0.001302,0.725735,0.002609,0.267744,0.00261
GCTCCCAGTCGGTCCA-1,0.000375,0.000376,0.105909,0.050321,0.843019
GCTCCGCTCGCTTCAG-1,0.000346,0.024469,0.5202,0.000347,0.454639
GCTCCGGACGTTGATA-1,0.000205,0.000206,0.491283,0.016987,0.491319
GCTCCTGACATACTGG-1,0.000681,0.000683,0.098985,0.000683,0.898967
GCTCGACCGAACTGAA-1,0.00046,0.020702,0.794506,0.049672,0.13466
GCTCGCGGTTCCGCTC-1,0.000518,0.00052,0.997402,0.00052,0.00104
GCTCGCTCATGTCCAA-1,0.000191,0.000192,0.047025,0.000192,0.952401
GCTCGGAATTTAAAGC-1,0.000432,0.000433,0.870019,0.014501,0.114614
GCTCTAAACCCTGACG-1,0.00026,0.113551,0.541486,0.000261,0.344442
GCTCTATGTTACGTGC-1,0.000255,0.000256,0.457087,0.000256,0.542146
GCTCTCGGGTACCGAA-1,0.000212,0.000212,0.563526,0.087567,0.348483
GCTCTTTCCGCTAGTG-1,0.00025,0.827928,0.140213,0.031107,0.000502
GCTGAACTCTCCAGGG-1,0.000713,0.120483,0.756869,0.000714,0.121221
GCTGAAGGGTTCTTGG-1,0.000344,0.103688,0.684372,0.000345,0.211251
GCTGAATCTTCCAATC-1,0.00035,0.069272,0.410935,0.240406,0.279037
GCTGAGGCGTGAGTAT-1,0.00013,0.052568,0.225634,0.046159,0.675509
GCTGCACGGTTTCTTA-1,0.000385,0.043966,0.787835,0.000386,0.167429
GCTGCGAAGAATTATT-1,0.00179,0.200605,0.792222,0.001795,0.003589
GCTGCTAAGTAGTCGA-1,0.002804,0.377129,0.611631,0.002812,0.005624
GCTGCTACTGCGTAGC-1,0.001146,0.104472,0.301347,0.001148,0.591888
GCTGCTCTCCGGACAC-1,0.000311,0.000312,0.759232,0.000312,0.239833
GCTGGACCCAAAGTGG-1,0.002203,0.230007,0.761166,0.002208,0.004415
GCTGGCAGGTGCCGTG-1,0.000319,0.044972,0.953748,0.00032,0.000641
GCTGGCATATTCACCT-1,0.000279,0.00028,0.533214,0.094762,0.371466
GCTGGCGGCGCATGCT-1,0.000702,0.116664,0.525342,0.000703,0.356588
GCTGGGAGCGCGTCAA-1,0.000734,0.000736,0.630028,0.218406,0.150095
GCTGGGTCCGCTGTTA-1,0.000209,0.000209,0.463895,0.002207,0.533479
GCTGGTGACTCGTAGT-1,0.000346,0.115416,0.883199,0.000346,0.000693
GCTGGTTTAGGCCATA-1,0.000224,0.000224,0.184554,0.03959,0.775408
GCTGTATTACTGGCCC-1,0.000332,0.010544,0.572729,0.118624,0.297771
GCTGTCTGTGATCGAC-1,0.000288,0.000289,0.682539,0.000289,0.316596
GCTGTTGCTACCGAAC-1,0.000153,0.000153,0.182818,0.358889,0.457987
GCTTAATGTAACTAAC-1,0.000219,0.075527,0.083183,0.127165,0.713906
GCTTACGTAGTTAGTA-1,0.000206,0.062109,0.000412,0.241364,0.695909
GCTTAGGGAAGCGGTA-1,0.000354,0.000354,0.998229,0.000354,0.000708
GCTTATGAAGCAGGAA-1,0.000463,0.000464,0.463923,0.062042,0.473107
GCTTCAGTGGGATTAC-1,0.001052,0.001055,0.99473,0.001055,0.00211
GCTTCCAGCTTAGATT-1,0.000262,0.000262,0.700937,0.013976,0.284563
GCTTCCATGTAACCGC-1,0.0008,0.935441,0.061355,0.000801,0.001603
GCTTCCCGTAAGCTCC-1,0.001988,0.686533,0.305499,0.001993,0.003987
GCTTCCGTCCCTAGAC-1,0.000353,0.000354,0.503776,0.000353,0.495165
GCTTCGACGTTCAATC-1,0.000252,0.000252,0.151621,0.226127,0.621748
GCTTGAGTGACCTCTG-1,0.002019,0.98788,0.00404,0.002021,0.00404
GCTTGATGATAATCAG-1,0.000619,0.000622,0.996897,0.000621,0.001242
GCTTGCAGCACAATTG-1,0.000487,0.000488,0.917359,0.08069,0.000976
GCTTGGATCGATTAGG-1,0.000437,0.000438,0.803539,0.000437,0.195149
GCTTTACACAACTGGG-1,0.00231,0.986118,0.004631,0.002314,0.004627
GCTTTATTAAGTTACC-1,0.003181,0.980883,0.006374,0.003188,0.006373
GCTTTCAGAGGAGGTG-1,0.000507,0.000509,0.64769,0.036278,0.315016
GCTTTCTATCTCAACT-1,0.000961,0.000964,0.99519,0.000962,0.001924
GGAAACAGAGCTTGGG-1,0.000389,0.055969,0.451386,0.426954,0.065301
GGAAACTAAATGGGCC-1,0.000142,0.759927,0.161037,0.000143,0.078751
GGAAAGGGAATTGAGC-1,0.00214,0.987144,0.004283,0.002143,0.00429
GGAAAGTCTTGATTGT-1,0.00143,0.18839,0.443221,0.364089,0.00287
GGAAAGTGCCCATGCC-1,0.000348,0.000348,0.938766,0.000352,0.060186
GGAACCCGAACAAGAA-1,0.000387,0.071532,0.817318,0.000388,0.110375
GGAACCGTGTAAATTG-1,0.000186,0.051998,0.47481,0.254619,0.218388
GGAACCTTGACTCTGC-1,0.000251,0.000252,0.462343,0.021486,0.515668
GGAACGGCCTGCAGCC-1,0.000515,0.000516,0.82094,0.149787,0.028242
GGAACTCGTGAATACG-1,0.000688,0.130042,0.706579,0.099735,0.062957
GGAACTTTGGCGATTA-1,0.000285,0.685213,0.000571,0.313279,0.000653
GGAAGATAAGACTGTA-1,0.000639,0.203144,0.748305,0.000641,0.047271
GGAAGCTCGCTTACAG-1,0.000381,0.042644,0.606716,0.074807,0.275452
GGAAGGACACCGTATA-1,0.003044,0.656097,0.239932,0.094822,0.006105
GGAATAACCTCAAGAA-1,0.000177,0.025453,0.514533,0.109405,0.350432
GGAATGCGCTAGCGTG-1,0.000268,0.000268,0.998659,0.000268,0.000537
GGACAACCATGAAGCC-1,0.000361,0.857701,0.140854,0.000361,0.000723
GGACAAGCCATGATCG-1,0.000295,0.000296,0.528249,0.000296,0.470863
GGACAAGTTGCAGTGA-1,0.000258,0.015613,0.725559,0.000258,0.258312
GGACACAAGTTTACAC-1,0.000705,0.102443,0.287728,0.354519,0.254605
GGACACCTCGGTGTTG-1,0.001961,0.393207,0.003932,0.001966,0.598934
GGACCAACAGGATAAC-1,0.000289,0.00029,0.114866,0.579185,0.30537
GGACCTACGGTAACGT-1,0.00048,0.000482,0.997594,0.000481,0.000963
GGACCTCTAGGCCGCC-1,0.000779,0.074925,0.921957,0.00078,0.001559
GGACGGCTTGCGCAAC-1,0.000325,0.000326,0.872201,0.000326,0.126822
GGACGGGCGACCAACC-1,0.002982,0.884002,0.104043,0.002991,0.005982
GGACGTCCATAGTTGG-1,0.000288,0.000289,0.998558,0.000289,0.000577
GGACTAAGTCAGGAGT-1,0.000127,0.000128,0.33718,0.187691,0.474874
GGACTCACAAATTAGG-1,0.000691,0.000693,0.670328,0.114601,0.213687
GGACTCGAAGCTTTCA-1,0.003576,0.978494,0.00718,0.003584,0.007167
GGACTCGACAGCGCAT-1,0.002752,0.325951,0.663015,0.002761,0.005522
GGACTCGTGAGTGGTC-1,0.003762,0.263607,0.721311,0.003772,0.007547
GGACTCTTCCGGTTGA-1,0.002044,0.458723,0.004102,0.281134,0.253998
GGACTCTTTGACTAAG-1,0.002428,0.831048,0.004866,0.002431,0.159228
GGAGAAGTCATTGGCA-1,0.00043,0.016449,0.836826,0.000431,0.145864
GGAGACATTCACGGGC-1,0.000266,0.000267,0.743087,0.149432,0.106948
GGAGACCAATGTGCTT-1,0.000301,0.016448,0.908348,0.0743,0.000603
GGAGACCATCTACATA-1,0.000526,0.035735,0.468467,0.323888,0.171384
GGAGACGACACCTTTG-1,0.000384,0.123412,0.875051,0.000384,0.000769
GGAGCAACATTTCAAG-1,0.000271,0.813545,0.185371,0.000271,0.000543
GGAGCACCAAGAACTA-1,0.000245,0.000245,0.801532,0.006115,0.191864
GGAGCGAGGCCTACTT-1,0.000279,0.816998,0.144525,0.022615,0.015583
GGAGGAGTGTGTTTAT-1,0.000152,0.000152,0.398232,0.220591,0.380874
GGAGGATTGAAAGGAG-1,0.000278,0.000279,0.856872,0.000279,0.142291
GGAGGCCGAAGTCGTC-1,0.000322,0.066741,0.460634,0.032885,0.439417
GGAGGCGAAGAACCGC-1,0.000138,0.000138,0.409246,0.237424,0.353055
GGAGGGCTTGGTTGGC-1,0.00015,0.00015,0.373298,0.00015,0.626251
GGAGGGTCAAGTAAGA-1,0.000222,0.954575,0.044537,0.000222,0.000444
GGAGTGCCGCCCTGGA-1,0.000695,0.101934,0.895281,0.000697,0.001393
GGAGTTGATTCTGTGT-1,0.001173,0.572492,0.42281,0.001175,0.00235
GGATACTCATGAATTG-1,0.000224,0.000225,0.363145,0.000225,0.636181
GGATCAAAGGACGAGG-1,0.000121,0.000121,0.250748,0.010642,0.738369
GGATCAGAGCCATCAG-1,0.000287,0.000287,0.909162,0.000288,0.089976
GGATCATCCCGTACGC-1,0.00062,0.000621,0.996896,0.000621,0.001241
GGATCCCTACCAGCTA-1,0.000139,0.004884,0.293889,0.246012,0.455076
GGATCCGGAATATACT-1,0.000375,0.000376,0.864138,0.000376,0.134736
GGATCTACCGTTCGTC-1,0.00058,0.054143,0.445815,0.077993,0.421468
GGATCTTACTGCCCTT-1,0.002074,0.349253,0.642433,0.002081,0.004159
GGATCTTGACTCAACC-1,0.000534,0.000535,0.670526,0.000535,0.327869
GGATGAAGATCGCTGA-1,0.00077,0.078792,0.40449,0.000772,0.515177
GGATGACGCGAGTTTA-1,0.000139,0.075657,0.323433,0.004176,0.596595
GGATGCTGGCGTTCCT-1,0.000485,0.037964,0.706867,0.000486,0.254197
GGATGGCTTGAAGTAT-1,0.000402,0.713149,0.28524,0.000403,0.000806
GGATGTCCTTACCGCA-1,0.000254,0.203431,0.000509,0.062541,0.733265
GGATTAAGCTAAGGTC-1,0.000241,0.000241,0.87572,0.000241,0.123556
GGATTAATCATGGACC-1,0.003767,0.831432,0.007548,0.149701,0.007552
GGATTCAGTACGGTGG-1,0.001934,0.265382,0.726864,0.00194,0.003879
GGATTCCGCTATACCC-1,0.00049,0.000491,0.997545,0.000491,0.000982
GGATTGAAGTAGCCTC-1,0.000561,0.656015,0.001125,0.324401,0.017897
GGATTGCTGTGACTCC-1,0.007946,0.749994,0.015943,0.007974,0.218143
GGATTTCACTTCTATA-1,0.000197,0.000198,0.383917,0.000198,0.61549
GGCAAAGGCGCCAATA-1,0.000557,0.085431,0.59337,0.319525,0.001117
GGCAAATTACTTTACT-1,0.000151,0.03275,0.53585,0.000151,0.431098
GGCAAGCCAGGGATAG-1,0.000179,0.00018,0.999101,0.00018,0.00036
GGCAAGCCCATAGTGG-1,0.00037,0.608137,0.073719,0.000371,0.317403
GGCAAGGCGAAATAGC-1,0.000245,0.000245,0.539549,0.192393,0.267568
GGCAATAGTCAATGAG-1,0.000303,0.000303,0.703327,0.000303,0.295764
GGCACGCTGCTACAGT-1,0.002751,0.98345,0.005518,0.002758,0.005522
GGCACTCAGCCGACCC-1,0.002307,0.166308,0.824438,0.002315,0.004633
GGCACTCCACTGGGCA-1,0.000093,0.000093,0.050692,0.233955,0.715167
GGCACTGCGGTGGTTT-1,0.001909,0.813727,0.003826,0.176713,0.003825
GGCAGAGAGATCGGGA-1,0.0002,0.0002,0.79811,0.000201,0.201289
GGCAGCAAACCTATGC-1,0.001989,0.014514,0.653989,0.325522,0.003986
GGCAGCGGTAATCCTA-1,0.000906,0.09708,0.899291,0.000908,0.001816
GGCATACAGGTAGCGG-1,0.000139,0.000139,0.330903,0.001602,0.667218
GGCATATCGGTTCTGC-1,0.000973,0.093672,0.90243,0.000975,0.00195
GGCATCAACGAGCACG-1,0.000274,0.029544,0.733491,0.156849,0.079842
GGCATTCCCTCCCTCG-1,0.001418,0.897654,0.002842,0.00142,0.096666
GGCATTGAACATCTCA-1,0.001085,0.993476,0.002175,0.001088,0.002176
GGCCAATTGTATAGAC-1,0.00023,0.171148,0.000462,0.574172,0.253987
GGCCACAAGCGATGGC-1,0.000305,0.000306,0.979996,0.000306,0.019086
GGCCACACGAAAGCCT-1,0.00063,0.255477,0.741996,0.000632,0.001264
GGCCCAGCTGGTTTGC-1,0.001836,0.316655,0.003677,0.22382,0.454013
GGCCCAGTTATCAGCA-1,0.000457,0.000458,0.997709,0.000459,0.000917
GGCCCGGAGCATGTCT-1,0.000381,0.000382,0.508967,0.06437,0.425901
GGCCCGTATACCATGC-1,0.000221,0.015524,0.893655,0.090159,0.000442
GGCCCTCACCCACTTA-1,0.000439,0.00044,0.352126,0.01283,0.634164
GGCCGAGACTCTGGTG-1,0.001204,0.238084,0.717184,0.001206,0.042322
GGCCGCAGGAACCGCA-1,0.001962,0.766065,0.226074,0.001965,0.003934
GGCCGGCGTCTGCTAT-1,0.000324,0.781766,0.194466,0.022795,0.000649
GGCCGTTTGGGTTTCA-1,0.004938,0.004952,0.419764,0.560454,0.009892
GGCCTGCTCTGATGTT-1,0.002019,0.587822,0.004041,0.002021,0.404098
GGCCTGCTTCTCCCGA-1,0.000868,0.239389,0.001738,0.00087,0.757136
GGCCTTTGCAACTGGC-1,0.000155,0.000155,0.541562,0.007639,0.450489
GGCGAAATCTAACTTG-1,0.000813,0.194055,0.001631,0.000815,0.802685
GGCGAACCGTTCTGAT-1,0.000279,0.000279,0.934718,0.064166,0.000558
GGCGAGCATCGAGGAC-1,0.000092,0.000092,0.011924,0.042584,0.945308
GGCGAGCGAAACGGCA-1,0.00027,0.00027,0.404902,0.00027,0.594287
GGCGCACAGTTTACCT-1,0.001376,0.917122,0.077367,0.001379,0.002757
GGCGCAGGACATCTTC-1,0.000172,0.000172,0.227281,0.000172,0.772203
GGCGCATGAATTGATG-1,0.000172,0.000172,0.348217,0.245691,0.405748
GGCGCGGAGATCTTTC-1,0.004933,0.819564,0.009901,0.155702,0.0099
GGCGCGTTCGAGTTTA-1,0.000285,0.000285,0.802509,0.000285,0.196636
GGCGCTTCATTCCCTG-1,0.000363,0.943923,0.054621,0.000364,0.000729
GGCGGAGTAATATTAG-1,0.000254,0.000254,0.914807,0.000254,0.084431
GGCGGGCTCTAAGAGT-1,0.000474,0.000475,0.608431,0.001255,0.389365
GGCGGTAGGATCATTG-1,0.000321,0.000322,0.897412,0.000322,0.101624
GGCGGTTTGCCGGTGC-1,0.001044,0.09327,0.902544,0.001047,0.002094
GGCGTACCCTATATAA-1,0.000143,0.014619,0.559974,0.185806,0.239458
GGCGTAGGGAAAGCTG-1,0.000213,0.796777,0.202368,0.000214,0.000428
GGCGTCCTATCCGCTG-1,0.000276,0.000277,0.758372,0.000277,0.240798
GGCTAAAGGGCGGGTC-1,0.000501,0.000502,0.948696,0.000502,0.049799
GGCTAATGATTGAAAT-1,0.000337,0.000338,0.998313,0.000338,0.000675
GGCTACTATACACTCC-1,0.004478,0.842725,0.139342,0.004484,0.008972
GGCTATTAAGTTGTAT-1,0.000277,0.086943,0.611793,0.000278,0.300708
GGCTCCTCCACCTGTT-1,0.002699,0.256246,0.523684,0.211956,0.005414
GGCTCGCGTTGAGGTA-1,0.000234,0.018227,0.659463,0.000235,0.321842
GGCTCGTGCCACCAGC-1,0.000377,0.000377,0.998116,0.000377,0.000754
GGCTCTGCTCCAACGC-1,0.000316,0.000317,0.549111,0.171001,0.279255
GGCTGAAATAGCAAAG-1,0.000243,0.008299,0.168179,0.219787,0.603492
GGCTGAGCATCGTAAG-1,0.000513,0.000514,0.99743,0.000514,0.001029
GGCTGGCAATCCCACG-1,0.003178,0.516654,0.47061,0.003187,0.006371
GGCTGGCAGCTTTATG-1,0.000163,0.000164,0.561174,0.110877,0.327621
GGCTGGCTAGCTTAAA-1,0.00018,0.000181,0.436404,0.051552,0.511682
GGCTGTCCTACTGCGG-1,0.000818,0.406346,0.00164,0.00082,0.590376
GGCTTCTCGTGGGTGG-1,0.003487,0.979018,0.007005,0.003498,0.006993
GGCTTGGCTCTCACCT-1,0.000517,0.122087,0.875842,0.000518,0.001036
GGCTTTCAATAAGGGT-1,0.003764,0.32982,0.54644,0.003777,0.1162
GGGAAAGAATGCCAAC-1,0.000987,0.926715,0.069333,0.000989,0.001976
GGGAACCACCTGTTTC-1,0.00033,0.000331,0.597138,0.000331,0.40187
GGGAACGGGAGGTTAG-1,0.00023,0.00023,0.510455,0.00023,0.488856
GGGAACGGTTTCAGAT-1,0.001461,0.292013,0.002929,0.700669,0.002929
GGGAAGACGGTCTGTC-1,0.000266,0.803067,0.000533,0.000267,0.195866
GGGAAGGGCTTTCTCA-1,0.00015,0.458727,0.279623,0.117828,0.143672
GGGAATGAGCCCTCAC-1,0.000335,0.000336,0.90731,0.091347,0.000672
GGGAATTCTGTCCAGT-1,0.000207,0.000208,0.419993,0.411432,0.168159
GGGACAGAGTTACTCC-1,0.000235,0.02152,0.022808,0.451467,0.503971
GGGACCCGTATATCTT-1,0.002509,0.002517,0.987418,0.002519,0.005037
GGGACTGCATAGATAG-1,0.000326,0.000327,0.865539,0.000327,0.133482
GGGAGAACTCACAGTA-1,0.000077,0.000077,0.103383,0.010576,0.885887
GGGAGCGACCGTAGTG-1,0.000372,0.658918,0.339592,0.000373,0.000745
GGGAGGATGCCCGAAA-1,0.000094,0.023104,0.230236,0.007608,0.738958
GGGAGTAATGGCTGGC-1,0.000315,0.038699,0.680018,0.000315,0.280653
GGGAGTTAATGAGGCG-1,0.000276,0.030298,0.64537,0.11018,0.213876
GGGATACGGTAATAAT-1,0.000367,0.30835,0.687331,0.000368,0.003584
GGGATATTGATCGCCA-1,0.000594,0.075959,0.537384,0.289347,0.096715
GGGATCCCAATACAAA-1,0.00016,0.000161,0.999196,0.000161,0.000322
GGGATGGACCCGCGTC-1,0.00014,0.036428,0.290838,0.040512,0.632082
GGGATGGTCGTAACCG-1,0.000288,0.000289,0.779992,0.218851,0.000581
GGGATTATCTCACAAC-1,0.000174,0.000174,0.591243,0.047001,0.361407
GGGATTTACCGCACCT-1,0.000415,0.026617,0.119567,0.000416,0.852984
GGGCAACCGCACGTGC-1,0.000274,0.008208,0.447069,0.000275,0.544174
GGGCACGAATTGGCCG-1,0.000208,0.000208,0.534169,0.056434,0.408982
GGGCACGTAGTACTGT-1,0.00181,0.725562,0.00363,0.001817,0.26718
GGGCACTATTGACCAT-1,0.000356,0.000357,0.562416,0.033256,0.403615
GGGCAGACGTCACTGC-1,0.00135,0.001353,0.678113,0.001354,0.31783
GGGCAGAGCAATCGTT-1,0.002921,0.289124,0.005853,0.271889,0.430213
GGGCAGGATTTCTGTG-1,0.000294,0.000294,0.341128,0.000294,0.65799
GGGCAGTCAACGCCAA-1,0.000205,0.411809,0.000411,0.371617,0.215958
GGGCATGCATGTCGAG-1,0.001987,0.651927,0.003987,0.338114,0.003985
GGGCCATTCGTGCTGG-1,0.000474,0.038538,0.692857,0.000475,0.267655
GGGCCCGTCTTAAACA-1,0.000087,0.068265,0.236656,0.084898,0.610094
GGGCCCTACGAAAGGG-1,0.00025,0.103353,0.883453,0.000251,0.012693
GGGCCCTTATCTATAC-1,0.000272,0.000273,0.762365,0.039655,0.197434
GGGCCGGCCGAAGTAC-1,0.000167,0.000167,0.397202,0.065833,0.536631
GGGCCTAAATGGGCTA-1,0.000692,0.054113,0.519699,0.42411,0.001386
GGGCCTATACAACCGG-1,0.000401,0.000402,0.997992,0.000402,0.000803
GGGCCTATTTAAGTAT-1,0.000353,0.000354,0.99823,0.000354,0.000708
GGGCGATATGTGTGAA-1,0.000401,0.000402,0.708659,0.007652,0.282886
GGGCGATCCATAGGCC-1,0.000212,0.112495,0.326405,0.000212,0.560677
GGGCGCAGCGTTACTC-1,0.000309,0.00031,0.388936,0.098108,0.512337
GGGCGGCAAATGAATT-1,0.000168,0.097642,0.536403,0.153267,0.212521
GGGCGGGTTCCCTACG-1,0.000485,0.000487,0.646396,0.000486,0.352146
GGGCGGTCCTATTGTC-1,0.000534,0.000535,0.827786,0.000535,0.17061
GGGCGTACATTTATAT-1,0.000142,0.000142,0.331911,0.079185,0.58862
GGGCGTCACCACGTAA-1,0.000145,0.000146,0.310371,0.326078,0.36326
GGGCGTCCACTGGCTC-1,0.00139,0.001395,0.993037,0.001393,0.002785
GGGCGTGGTTTCCCAG-1,0.002866,0.521946,0.244662,0.00287,0.227656
GGGCGTTTACATTCAT-1,0.000398,0.000399,0.437432,0.274859,0.286913
GGGCTACTATTTCGTG-1,0.000961,0.075647,0.676121,0.245345,0.001927
GGGCTATGATCGATGG-1,0.002981,0.291683,0.482876,0.002989,0.21947
GGGCTCATCGAACCCA-1,0.00025,0.000251,0.665765,0.000251,0.333483
GGGCTGCCTAGGGCGA-1,0.000131,0.074934,0.312613,0.000132,0.612189
GGGCTGGTTAGTCGCG-1,0.000186,0.000186,0.625686,0.000186,0.373756
GGGTAATGCTGTGTTT-1,0.000313,0.000314,0.90587,0.000314,0.093189
GGGTACACTCTGGAGG-1,0.000354,0.000355,0.750865,0.000355,0.248071
GGGTACCCACGGTCCT-1,0.000409,0.00041,0.997952,0.00041,0.000819
GGGTACTTCATGAACT-1,0.00016,0.026899,0.170761,0.166669,0.635512
GGGTATGTATGCACTT-1,0.000253,0.000254,0.747146,0.000254,0.252094
GGGTATTCTAGCAAAC-1,0.001022,0.001026,0.498802,0.063162,0.435987
GGGTCACCGTGACGGT-1,0.000202,0.000202,0.516576,0.000202,0.482817
GGGTCACGTGCTTATG-1,0.000194,0.000194,0.394703,0.138764,0.466145
GGGTCACTGAGTAGTG-1,0.000668,0.164735,0.832587,0.00067,0.00134
GGGTCAGGAGCTAGAT-1,0.000167,0.925729,0.000334,0.000167,0.073603
GGGTCATGCGTACCAT-1,0.00053,0.172395,0.825482,0.000531,0.001062
GGGTCCTTGGAAGAAG-1,0.000155,0.000155,0.224404,0.075011,0.700275
GGGTCGTGGCAAGTGT-1,0.000286,0.033954,0.770729,0.000288,0.194743
GGGTCTATCGCTTTCC-1,0.000213,0.998719,0.000427,0.000214,0.000427
GGGTGACACCTTAACT-1,0.000178,0.106797,0.342514,0.263495,0.287017
GGGTGCATATGAAAGC-1,0.000184,0.000184,0.708116,0.048593,0.242923
GGGTGGTCCAGCCTGT-1,0.000163,0.000164,0.389481,0.343419,0.266773
GGGTGTTTCAGCTATG-1,0.000818,0.134338,0.862384,0.000821,0.00164
GGGTTAACATTTGAGT-1,0.000679,0.109399,0.489143,0.399419,0.00136
GGGTTCAGACGAACAA-1,0.000572,0.184289,0.813419,0.000573,0.001147
GGGTTTAGGATAGGAT-1,0.002107,0.00211,0.506297,0.002109,0.487376
GGGTTTCCGGCTTCCA-1,0.000143,0.007426,0.392435,0.000144,0.599851
GGTAAACTCTGCGCTG-1,0.000226,0.751127,0.247969,0.000226,0.000452
GGTAAATGTGCGTTAC-1,0.000275,0.000275,0.680833,0.201722,0.116895
GGTAACCGGCAAAGGT-1,0.000202,0.000202,0.650533,0.212161,0.136902
GGTAACCGGGAGGATA-1,0.000256,0.000256,0.000513,0.197006,0.801969
GGTAACTATGTATCTG-1,0.000633,0.000635,0.670936,0.004786,0.32301
GGTACAAACATGCTAT-1,0.000223,0.038527,0.751306,0.000224,0.20972
GGTACACCAGATTTAT-1,0.00024,0.000241,0.987287,0.000241,0.011991
GGTACATCTGGGACGA-1,0.000118,0.079627,0.238639,0.028663,0.652954
GGTACCATTAAGACGG-1,0.000205,0.000205,0.507373,0.00427,0.487947
GGTACGTTGCGGCCGG-1,0.000219,0.547288,0.051639,0.081832,0.319022
GGTACTAAGTGCTTTG-1,0.000948,0.158035,0.203634,0.000951,0.636433
GGTAGAAGACCGCCTG-1,0.003404,0.276333,0.422184,0.003418,0.294662
GGTAGACCGTTGGGCG-1,0.000323,0.123492,0.552922,0.136983,0.18628
GGTAGGCCAATATCAC-1,0.001363,0.807758,0.002733,0.185412,0.002733
GGTAGTGCTCGCACCA-1,0.000292,0.003397,0.514397,0.000293,0.481621
GGTATAGTGACACATA-1,0.000281,0.000281,0.486082,0.000281,0.513075
GGTATCAAGCATAGAA-1,0.000198,0.031084,0.620141,0.160358,0.188219
GGTATGAAAGAACTGA-1,0.000168,0.000168,0.589648,0.015908,0.394108
GGTATTGCCGAGTTTA-1,0.000322,0.000322,0.86755,0.000322,0.131484
GGTCAAGACTACTTCG-1,0.00214,0.077814,0.282278,0.002142,0.635625
GGTCACGTTAGATTCA-1,0.000232,0.000232,0.504587,0.016678,0.478271
GGTCAGTGGGTCCCAC-1,0.000199,0.147004,0.350476,0.180743,0.321579
GGTCATTGTAGTCATA-1,0.000234,0.031693,0.833689,0.000234,0.13415
GGTCCACGTCTATTTG-1,0.000313,0.000314,0.480699,0.255711,0.262963
GGTCCCATAACATAGA-1,0.000215,0.000216,0.300988,0.281371,0.417211
GGTCCTTCATACGACT-1,0.000528,0.115372,0.882511,0.00053,0.001059
GGTCGGATAAACGGCG-1,0.000168,0.000168,0.490522,0.000168,0.508975
GGTCGGCCAGGAGCTT-1,0.000192,0.023462,0.754382,0.000192,0.221773
GGTCGGTAATTAGACA-1,0.000162,0.000163,0.203888,0.241536,0.554251
GGTCGGTCGTCCACAG-1,0.005499,0.126502,0.851433,0.005517,0.011049
GGTCGTAAGCTCGCAC-1,0.000408,0.000409,0.720498,0.10605,0.172634
GGTCTCCAAGTAGTGC-1,0.001093,0.001095,0.525094,0.363393,0.109326
GGTCTCCGTCCAGGTT-1,0.000295,0.811561,0.187257,0.000296,0.000592
GGTCTCTGAATGGACT-1,0.000522,0.061261,0.371189,0.170913,0.396115
GGTCTGAGAATCTGGA-1,0.000203,0.000204,0.48118,0.000204,0.518209
GGTCTTGAGCGCTCTT-1,0.000377,0.690695,0.307796,0.000378,0.000755
GGTCTTGGTGTTAACT-1,0.000344,0.029436,0.720679,0.001632,0.247909
GGTGAAACCGGGAATG-1,0.000417,0.000419,0.997909,0.000418,0.000837
GGTGAACGGGCTAGCC-1,0.000103,0.022751,0.325733,0.116299,0.535114
GGTGAAGTACAGGGAT-1,0.000193,0.079113,0.408103,0.088917,0.423674
GGTGACTGATAGAGAG-1,0.001524,0.749755,0.244139,0.001527,0.003055
GGTGAGATGCAGATAA-1,0.000438,0.158388,0.839858,0.000439,0.000877
GGTGATAAGGAGCAGT-1,0.000231,0.208768,0.345517,0.200076,0.245407
GGTGATGAAGGAAGTG-1,0.000177,0.000177,0.362196,0.227118,0.410331
GGTGATTTCATCTTGT-1,0.000622,0.000624,0.9275,0.000624,0.070631
GGTGCAGAGCCTATCG-1,0.001687,0.098569,0.894682,0.001687,0.003375
GGTGCATAAATGATTA-1,0.002045,0.846062,0.145746,0.002049,0.004098
GGTGCGGATAAGTGGC-1,0.001008,0.00101,0.994951,0.00101,0.00202
GGTGCTGATCACAAAG-1,0.000246,0.000247,0.742685,0.000247,0.256576
GGTGCTGGTACACATT-1,0.000259,0.00026,0.77551,0.000259,0.223713
GGTGGACCACGTGTTA-1,0.000388,0.002171,0.723112,0.221875,0.052454
GGTGGACTGCTCTGGC-1,0.001302,0.284518,0.00261,0.001305,0.710265
GGTGGAGGTTGATACG-1,0.000311,0.000312,0.110938,0.000312,0.888127
GGTGGGATTAGGTCCC-1,0.000261,0.024925,0.446597,0.106439,0.421779
GGTGTAAATCGATTGT-1,0.000742,0.995539,0.001488,0.000744,0.001487
GGTGTAGGTAAGTAAA-1,0.001312,0.389058,0.002632,0.604365,0.002633
GGTGTTCTGTTTCTAC-1,0.000224,0.000224,0.304239,0.000225,0.695087
GGTGTTGGGCGTCTTA-1,0.000506,0.000507,0.396718,0.316489,0.28578
GGTTACCACCCTCGGG-1,0.000724,0.032534,0.846481,0.118812,0.00145
GGTTACCCGACACTTT-1,0.000335,0.000336,0.815083,0.000336,0.18391
GGTTACCGCTCCCTAC-1,0.001725,0.114622,0.533728,0.001729,0.348196
GGTTAGCTATATGTCT-1,0.000399,0.0004,0.61246,0.017414,0.369327
GGTTAGGCTTGGAGAA-1,0.000174,0.000175,0.274708,0.289246,0.435697
GGTTAGGGATGCTAAT-1,0.000125,0.017247,0.051131,0.222958,0.708539
GGTTAGTTACGGCGCC-1,0.000136,0.000136,0.27527,0.064894,0.659563
GGTTCCACCCGCTTCT-1,0.000315,0.000315,0.774625,0.000315,0.224429
GGTTCCCTAGTGTCTC-1,0.000852,0.386171,0.452389,0.15888,0.001708
GGTTCCGTACGACTAA-1,0.000592,0.000593,0.639199,0.03761,0.322007
GGTTCGATGCTGAGTT-1,0.000631,0.079079,0.918393,0.000632,0.001265
GGTTCGCATTTGCCGT-1,0.001419,0.890934,0.002842,0.001421,0.103385
GGTTCGGATTATACTA-1,0.000341,0.000342,0.695171,0.000342,0.303805
GGTTCTACTCGTCTGA-1,0.000315,0.008123,0.467713,0.000315,0.523534
GGTTGTATCGTGAAAT-1,0.000259,0.000259,0.7566,0.13741,0.105472
GGTTGTGCTCTTGTCC-1,0.000511,0.000512,0.886258,0.111694,0.001025
GGTTGTGTAGCCTGGC-1,0.000147,0.000147,0.283202,0.029219,0.687284
GGTTTAATTACCATCG-1,0.002138,0.494847,0.49659,0.002143,0.004282
GGTTTAATTGAGCAGG-1,0.000327,0.000328,0.998363,0.000328,0.000655
GGTTTACAATCTCAAT-1,0.000201,0.003945,0.431748,0.000202,0.563904
GGTTTAGCCTTTCTTG-1,0.001008,0.00101,0.706651,0.001011,0.29032
GGTTTCAATCGGTCAG-1,0.000174,0.000174,0.100162,0.000174,0.899316
GGTTTGACAAGAAGCT-1,0.000435,0.000436,0.997821,0.000436,0.000872
GGTTTGAGTGCTGGAA-1,0.000268,0.000269,0.347768,0.110185,0.54151
GGTTTGCGAACACGTA-1,0.000133,0.000133,0.570158,0.131321,0.298254
GGTTTGTGACCTGAGG-1,0.000228,0.770527,0.012179,0.000228,0.216839
GTAACAACTGACCTTG-1,0.000255,0.072501,0.926477,0.000256,0.000511
GTAACAGGTTAACGGC-1,0.001325,0.321344,0.555466,0.119208,0.002657
GTAACATCAGCTCATC-1,0.000545,0.000546,0.997273,0.000546,0.001091
GTAACATCTAAGATAA-1,0.001507,0.54471,0.25811,0.001511,0.194162
GTAACTACGTAGACCT-1,0.000345,0.076926,0.245232,0.033938,0.64356
GTAACTGCCCAAGGAG-1,0.00349,0.978996,0.007006,0.003502,0.007006
GTAACTTGCGGCAGTC-1,0.000285,0.014067,0.551012,0.000286,0.434351
GTAAGCGGGCAGTCAG-1,0.000338,0.000338,0.684437,0.000338,0.314548
GTAAGGATTTGTCGGA-1,0.000369,0.00037,0.829026,0.088581,0.081655
GTAAGTAACAGTCTGG-1,0.000243,0.000243,0.262148,0.021259,0.716107
GTAAGTAGGGTATACC-1,0.000127,0.000127,0.353628,0.055466,0.590652
GTAAGTCCACACTCTA-1,0.000148,0.000149,0.000297,0.000149,0.999258
GTAATAAAGGGCTCCC-1,0.000119,0.00012,0.222545,0.128109,0.649107
GTAATCTGATTCTTCG-1,0.000244,0.10153,0.612628,0.285109,0.000489
GTACACTTACCTGAAG-1,0.000175,0.000176,0.547118,0.000176,0.452356
GTACAGAGGCAAGGGT-1,0.000403,0.000404,0.509295,0.343146,0.146752
GTACGACGGCGCTGCG-1,0.000224,0.000225,0.596549,0.156858,0.246143
GTACGAGATTGCGACA-1,0.000582,0.000583,0.997085,0.000583,0.001166
GTACGCTTCATTGCAC-1,0.000154,0.025607,0.025127,0.362406,0.586705
GTACGTTTGCCCGTCA-1,0.000187,0.067362,0.30996,0.070747,0.551744
GTACTAAGATTTGGAG-1,0.000223,0.039681,0.569065,0.000224,0.390807
GTACTACGGCCTCGTT-1,0.00312,0.880704,0.006242,0.103693,0.006241
GTACTCCCTTATCGCT-1,0.000408,0.000408,0.949789,0.000409,0.048986
GTACTCCTGGGTATGC-1,0.000174,0.019427,0.468728,0.000175,0.511496
GTACTGAGGTCGTAAC-1,0.000177,0.000178,0.196489,0.058323,0.744834
GTACTGCATGAAGCGT-1,0.000267,0.000268,0.469107,0.108667,0.421691
GTACTGGAGTTAGACC-1,0.000406,0.000407,0.762589,0.000407,0.236192
GTACTTGGGCACTTCT-1,0.001765,0.00177,0.991149,0.001772,0.003543
GTAGAAACGGGTGGAG-1,0.000139,0.000139,0.376282,0.097212,0.526227
GTAGACAACCGATGAA-1,0.000203,0.000203,0.782329,0.011817,0.205448
GTAGACACGCCTGACT-1,0.000202,0.968954,0.030238,0.000202,0.000404
GTAGACGTCGTTACAT-1,0.000389,0.00039,0.789873,0.033961,0.175387
GTAGAGGGAGACAAGT-1,0.000211,0.000211,0.114695,0.138298,0.746585
GTAGCCAAACATGGGA-1,0.000474,0.000475,0.560309,0.063292,0.375451
GTAGCGCTGTTGTAGT-1,0.000198,0.000198,0.171995,0.013705,0.813904
GTAGCGGCTATACACT-1,0.00017,0.00017,0.313544,0.064832,0.621285
GTAGCTAGTAAGCGCG-1,0.000135,0.000135,0.380054,0.010605,0.609071
GTAGCTCCGGGAGGCT-1,0.002237,0.555242,0.435797,0.002242,0.004482
GTAGCTTCCTCTTGTT-1,0.000473,0.025618,0.916582,0.000474,0.056853
GTAGGTGATCCGTGTA-1,0.000974,0.30119,0.528118,0.000976,0.168742
GTAGTCGCGGGAATCA-1,0.000391,0.258745,0.387609,0.113666,0.239589
GTAGTCTACGATATTG-1,0.001404,0.278924,0.002813,0.714045,0.002814
GTAGTGAGCAACCTCA-1,0.00318,0.672415,0.314838,0.003189,0.006377
GTAGTTAGACAATATA-1,0.000495,0.097971,0.900044,0.000496,0.000993
GTAGTTCGAAGGCGAA-1,0.001861,0.326088,0.084894,0.58343,0.003727
GTAGTTTAAGCACACG-1,0.000511,0.000512,0.735936,0.046962,0.216078
GTATAATCTCCCGGAT-1,0.000471,0.142629,0.829416,0.02654,0.000944
GTATAGGACTCAGTAG-1,0.000799,0.000801,0.995998,0.000801,0.001601
GTATAGTGGCCCATGT-1,0.000422,0.000423,0.990233,0.000423,0.008498
GTATATGTTACGGCGG-1,0.000292,0.000293,0.998537,0.000293,0.000586
GTATCAAACGTTAGCT-1,0.005122,0.672879,0.010255,0.30149,0.010255
GTATCAAGGTACTTCC-1,0.00265,0.619342,0.005312,0.002658,0.370038
GTATCAGCTTGGGTTC-1,0.001008,0.098125,0.897839,0.001009,0.002019
GTATCCTTTGGTAACC-1,0.000407,0.624372,0.373998,0.000408,0.000815
GTATCGGGACGAGCTG-1,0.000223,0.000224,0.742326,0.000224,0.257003
GTATCTCAGTCTTGAC-1,0.000364,0.018225,0.421549,0.321633,0.238228
GTATCTCCCTAACTGT-1,0.000587,0.006509,0.991139,0.000588,0.001176
GTATCTCGGGCGCTTT-1,0.000491,0.000492,0.424127,0.000492,0.574399
GTATCTTGTTGCTCAC-1,0.000513,0.053768,0.713361,0.000514,0.231843
GTATCTTTCATAACCA-1,0.00023,0.240333,0.656079,0.077032,0.026325
GTATGAAATTTCACTC-1,0.000343,0.054565,0.212224,0.483834,0.249034
GTATGACGTGGGAAAC-1,0.000144,0.000145,0.481369,0.020036,0.498306
GTATGTGGGTCTAGTT-1,0.00026,0.000261,0.467792,0.087542,0.444146
GTATTAAGGCGTCTAA-1,0.000705,0.000707,0.996469,0.000707,0.001413
GTATTAGGGTTCGCGT-1,0.000601,0.033714,0.838034,0.126444,0.001206
GTATTCTGAGAAACGA-1,0.000153,0.000153,0.357191,0.337919,0.304584
GTATTCTTACCGTGCT-1,0.000209,0.000209,0.307759,0.197334,0.494489
GTATTTAATGGCATAA-1,0.0009,0.168247,0.665162,0.000903,0.164789
GTCAAAGAAGTGGTGT-1,0.000329,0.00033,0.282544,0.357715,0.359083
GTCAAAGTTTACATAG-1,0.000187,0.000187,0.231255,0.386694,0.381678
GTCAACCAGGCCTATA-1,0.000243,0.679351,0.319678,0.000243,0.000486
GTCAAGCGGACTCGGG-1,0.000237,0.000237,0.229177,0.000237,0.770112
GTCAATGCTATAATTT-1,0.000217,0.003639,0.706691,0.106729,0.182724
GTCAATTGTACTGAAG-1,0.000344,0.031955,0.966665,0.000345,0.00069
GTCACAAAGTTTCCAA-1,0.000252,0.000253,0.943864,0.000253,0.055379
GTCACCTGTCTATGTC-1,0.000278,0.01887,0.540975,0.218846,0.221033
GTCACTCATGAGCGAT-1,0.00021,0.09296,0.51778,0.087346,0.301703
GTCACTCTCCAAATCT-1,0.00045,0.104881,0.893316,0.000451,0.000902
GTCAGAATAGTCTATG-1,0.000385,0.000386,0.998071,0.000386,0.000772
GTCAGACAGCGTTGGA-1,0.000273,0.000273,0.971933,0.000273,0.027248
GTCAGTTGTGCTCGTT-1,0.00015,0.00015,0.145121,0.161837,0.692742
GTCAGTTTGGTAGTCG-1,0.000381,0.000382,0.871247,0.000382,0.127609
GTCATCCCAAACTCAC-1,0.000279,0.084333,0.357497,0.051001,0.50689
GTCATCTCCTACAGCT-1,0.000699,0.190213,0.80699,0.0007,0.001399
GTCATGCACCTCCGTT-1,0.000559,0.00056,0.997199,0.000561,0.001121
GTCATGCGCGAGGGCT-1,0.000301,0.605451,0.393345,0.000301,0.000603
GTCATGGACATGACTA-1,0.000309,0.000309,0.998455,0.000309,0.000618
GTCATTAGAGCGAACG-1,0.000282,0.000282,0.89899,0.000282,0.100163
GTCATTGCATTGACCC-1,0.000118,0.000118,0.264845,0.065841,0.669078
GTCCAATATTTAGCCT-1,0.000174,0.8407,0.000348,0.078879,0.0799
GTCCACGTCGCATTCG-1,0.000441,0.726122,0.272114,0.000441,0.000883
GTCCAGGCACGTGTGC-1,0.002202,0.545208,0.445965,0.002209,0.004416
GTCCATTACTGCTACG-1,0.000564,0.000565,0.480376,0.40682,0.111675
GTCCCAACGTAAAGTA-1,0.00011,0.00011,0.042151,0.004332,0.953296
GTCCCAATCATCCCGC-1,0.000303,0.000304,0.837837,0.000304,0.161252
GTCCCGCGACGTTATG-1,0.008936,0.946166,0.017963,0.008973,0.017962
GTCCGAGAGCAATCAT-1,0.000205,0.018359,0.553571,0.065902,0.361962
GTCCGGACCTGAAATT-1,0.003877,0.425911,0.403376,0.159083,0.007753
GTCCGGCTGAATTGCG-1,0.000269,0.00027,0.500229,0.324429,0.174803
GTCCGGGTTCACATTA-1,0.001446,0.715026,0.279178,0.001449,0.0029
GTCCGTTAGAGGGCCT-1,0.002469,0.480823,0.357663,0.002474,0.156571
GTCCTACAGGCGGCTC-1,0.001193,0.493016,0.477102,0.001196,0.027492
GTCCTACGAATAGTCT-1,0.000968,0.457316,0.001939,0.00097,0.538807
GTCCTACTCTACGGGC-1,0.000169,0.000169,0.255447,0.002178,0.742037
GTCCTAGGATACCTTA-1,0.000162,0.021877,0.098216,0.113362,0.766384
GTCCTATTGTTGTGGT-1,0.000158,0.000158,0.509679,0.037825,0.452181
GTCCTTCTACAACCCA-1,0.000742,0.190406,0.632222,0.175143,0.001487
GTCCTTCTAGTGGGTT-1,0.000414,0.000415,0.850345,0.13824,0.010586
GTCCTTTAATGACTTC-1,0.000515,0.034265,0.963672,0.000516,0.001032
GTCGAATTTGGGCGCT-1,0.000325,0.029823,0.767912,0.124105,0.077835
GTCGATAGGTGACTTT-1,0.001379,0.095542,0.443766,0.456554,0.002759
GTCGCCGTTGTGTGTT-1,0.001255,0.001259,0.002519,0.976419,0.018548
GTCGCGTAACCCGTTG-1,0.000409,0.192409,0.419034,0.00041,0.387738
GTCGGAAGGATACCAG-1,0.00037,0.025816,0.972702,0.000371,0.000741
GTCGGATATCTCAGAC-1,0.000246,0.000246,0.833872,0.000246,0.165391
GTCGGATGTAGCGCGC-1,0.001137,0.001139,0.994307,0.001139,0.002278
GTCGGGAACATGGTAG-1,0.000096,0.000096,0.167337,0.068429,0.764041
GTCGGGAAGCAGAAAC-1,0.003764,0.177553,0.80735,0.003776,0.007557
GTCGGGTGAAGTACCG-1,0.002649,0.984076,0.005312,0.002654,0.005308
GTCGTACCATCTCGGG-1,0.00025,0.000251,0.284572,0.118337,0.59659
GTCGTACCTACGATTG-1,0.000237,0.000238,0.311434,0.042473,0.645618
GTCGTATTGGCGTACA-1,0.00036,0.00036,0.866281,0.016943,0.116056
GTCGTCAATTATAAGG-1,0.000532,0.000533,0.953584,0.044284,0.001067
GTCGTCTGGTTGGCTA-1,0.000331,0.000332,0.80275,0.000331,0.196257
GTCGTGTCTGGTCATC-1,0.000813,0.000815,0.701748,0.000815,0.295809
GTCGTTATTCGCTTAT-1,0.000471,0.078997,0.512199,0.163456,0.244877
GTCTAAGATGCCCAGC-1,0.002074,0.002081,0.989603,0.002081,0.004161
GTCTACTCAATTACAA-1,0.000196,0.000196,0.796141,0.000196,0.203271
GTCTAGTGAGCCGCTT-1,0.000479,0.702281,0.295801,0.00048,0.00096
GTCTATACACGCATGG-1,0.002753,0.461173,0.28788,0.002759,0.245436
GTCTATCTGAGTTTCT-1,0.000192,0.000192,0.572975,0.057126,0.369515
GTCTATTGCATGCTCG-1,0.00027,0.9139,0.085017,0.000271,0.000541
GTCTATTGGTTCCGGT-1,0.000352,0.022054,0.000705,0.457838,0.519051
GTCTCAAGGCCCGGCT-1,0.002649,0.295199,0.005315,0.691522,0.005315
GTCTCCCGAGTCCCGT-1,0.00333,0.979996,0.006675,0.003335,0.006664
GTCTCCGCCTCAATAC-1,0.00217,0.721083,0.004347,0.002174,0.270225
GTCTCCTGCCAGTATG-1,0.000487,0.000488,0.549939,0.068185,0.380901
GTCTCGACTAAGTTTG-1,0.000212,0.077444,0.788014,0.006717,0.127613
GTCTCGATCTGCTTTC-1,0.000604,0.000606,0.996974,0.000606,0.00121
GTCTCGCCAACACGCC-1,0.000279,0.001113,0.520381,0.19349,0.284738
GTCTGCCGACTCGACG-1,0.002749,0.747833,0.00552,0.00276,0.241138
GTCTGGGCGGTCGAGA-1,0.000295,0.027455,0.811347,0.000296,0.160607
GTCTGTAGGTTGAACA-1,0.002075,0.002082,0.819999,0.00208,0.173764
GTCTTACCACGCCAAG-1,0.002043,0.987706,0.004101,0.002051,0.004099
GTCTTAGTACAGCCGG-1,0.000198,0.000199,0.473795,0.352506,0.173303
GTCTTCCTCACCTAAG-1,0.000217,0.000218,0.452524,0.087967,0.459073
GTCTTGAGGAGCAGTG-1,0.000974,0.000976,0.248125,0.747973,0.001952
GTCTTGTAGCTATTCA-1,0.002864,0.002873,0.985656,0.00287,0.005738
GTGAAACGGCGCCACC-1,0.000225,0.000226,0.605119,0.000226,0.394205
GTGAAACGTGCTCCAC-1,0.000206,0.000207,0.368339,0.000207,0.631041
GTGAACTCCCATTCGA-1,0.000183,0.000184,0.469533,0.077536,0.452565
GTGAAGATTTCAAGTG-1,0.000314,0.000315,0.494067,0.175174,0.33013
GTGAAGCCGTATAGTC-1,0.000353,0.000353,0.915666,0.000354,0.083275
GTGAAGTCACGACTCG-1,0.000682,0.000684,0.266806,0.310235,0.421594
GTGACAGCTTCCCACT-1,0.000173,0.826531,0.000346,0.115847,0.057103
GTGACCGCACACTACG-1,0.00021,0.023704,0.181684,0.000211,0.794191
GTGACCTAAAGAATAA-1,0.000093,0.000093,0.286642,0.060404,0.652768
GTGACGAGGGTGACCC-1,0.000087,0.000087,0.114159,0.005289,0.880378
GTGACGCAGGTTTCAT-1,0.000105,0.839034,0.000209,0.000515,0.160137
GTGACTTCAGTAGTGC-1,0.000187,0.000187,0.385277,0.169278,0.445071
GTGAGATAACCTTATA-1,0.002169,0.172947,0.503998,0.002174,0.318713
GTGAGCGTGCTGCACT-1,0.000263,0.03958,0.786933,0.000263,0.17296
GTGAGGACACTTAAGG-1,0.00016,0.00016,0.211817,0.076857,0.711007
GTGAGGAGCGGTTGAG-1,0.001067,0.447525,0.548198,0.00107,0.00214
GTGAGTCGACTAATAG-1,0.004207,0.974699,0.008445,0.004216,0.008433
GTGAGTCTAAGACGGA-1,0.000341,0.000342,0.821164,0.000342,0.177812
GTGAGTGGTACAACGC-1,0.000369,0.058829,0.783584,0.017399,0.13982
GTGATCAAGCGTGCAC-1,0.000555,0.000556,0.291529,0.050099,0.657261
GTGATCACTAACGCCT-1,0.000809,0.071788,0.672565,0.000811,0.254027
GTGATCATAGATCTGC-1,0.000157,0.043557,0.525184,0.273839,0.157263
GTGATCCTTGTCATGA-1,0.000544,0.88109,0.116728,0.000546,0.001092
GTGATGCACAACATCT-1,0.000994,0.061618,0.610007,0.325388,0.001993
GTGATTCGCCGCTCAA-1,0.000948,0.00095,0.861162,0.135038,0.001901
GTGCAAATCACCAATA-1,0.000157,0.000158,0.734127,0.000158,0.265401
GTGCAACAAATGTGGC-1,0.00048,0.000481,0.997594,0.000482,0.000963
GTGCACCAGCTTCAAC-1,0.000182,0.400734,0.074741,0.015806,0.508538
GTGCACGAAAGTGACT-1,0.000698,0.0007,0.924257,0.045801,0.028544
GTGCAGCGTAGAGTAG-1,0.000653,0.000655,0.397156,0.154824,0.446711
GTGCCAAACGTTTCGA-1,0.00041,0.000411,0.666441,0.324493,0.008245
GTGCCATCACACGGTG-1,0.000311,0.000312,0.617127,0.000311,0.381939
GTGCCCGTTCGGATTC-1,0.000343,0.000343,0.708454,0.000343,0.290516
GTGCCGCTTCAAAGGT-1,0.000198,0.038233,0.669359,0.098866,0.193345
GTGCCTAGCTATGCTT-1,0.000559,0.08553,0.912231,0.00056,0.00112
GTGCCTCAGTGTACGG-1,0.001193,0.001196,0.994028,0.001195,0.002389
GTGCCTGAGACCAAAC-1,0.000297,0.892949,0.105861,0.000298,0.000595
GTGCGAAATCGAACAC-1,0.000187,0.068433,0.372101,0.12983,0.429449
GTGCGACAGGGAGTGT-1,0.000532,0.000534,0.02599,0.674333,0.298612
GTGCGCAGCTTGCTCC-1,0.000268,0.005608,0.595053,0.000269,0.398802
GTGCGCTTACAAATGA-1,0.000266,0.000266,0.376327,0.01386,0.609281
GTGCGGGACCATCGGC-1,0.000219,0.00022,0.625585,0.00022,0.373757
GTGCGGGTCTCCAAAT-1,0.000469,0.000471,0.997649,0.00047,0.000941
GTGCGTGTATATGAGC-1,0.000589,0.027665,0.743603,0.000591,0.227552
GTGCTATCCAGCTGGA-1,0.001215,0.863164,0.002433,0.001216,0.131972
GTGCTCAAGTACTGTC-1,0.000107,0.000108,0.038469,0.000108,0.961208
GTGCTGCAGATAAGGA-1,0.000161,0.000162,0.688757,0.019904,0.291017
GTGCTGTTAGAACATA-1,0.001767,0.656305,0.336613,0.001771,0.003544
GTGCTTACATCAGCGC-1,0.001885,0.173908,0.302612,0.517819,0.003776
GTGGAACCTACATGCG-1,0.00129,0.001294,0.898761,0.09607,0.002586
GTGGACCAACCCGATT-1,0.000935,0.000938,0.951174,0.045077,0.001876
GTGGACGCATTTGTCC-1,0.001991,0.140395,0.851636,0.001992,0.003985
GTGGACGTGCTGAGAC-1,0.001313,0.131756,0.862983,0.001316,0.002631
GTGGAGCATGTCGGCC-1,0.00038,0.000381,0.516629,0.000381,0.48223
GTGGAGCGTTTACCGA-1,0.000387,0.052102,0.173404,0.225321,0.548786
GTGGAGTCGGCGGTTG-1,0.000863,0.14499,0.107528,0.000865,0.745755
GTGGCAAACAGCGGCA-1,0.000094,0.000094,0.038082,0.107395,0.854336
GTGGCCGGTTTCTCGG-1,0.000187,0.000188,0.000376,0.071534,0.927716
GTGGCCTAATATCATT-1,0.000269,0.040576,0.577053,0.070462,0.31164
GTGGCGGGCCGTAGCT-1,0.000197,0.0184,0.394576,0.070793,0.516034
GTGGCGGTCCCAGCGT-1,0.000579,0.000581,0.641664,0.000581,0.356596
GTGGCGTGCACCAGAG-1,0.000212,0.000212,0.569495,0.216741,0.21334
GTGGCTGTTTCTGTTC-1,0.000413,0.904206,0.058971,0.035583,0.000827
GTGGGAACAAACCGGG-1,0.001685,0.600503,0.003378,0.375583,0.01885
GTGGGAAGACTGAATC-1,0.000139,0.00014,0.087549,0.108781,0.803391
GTGGGCTTAGACACAC-1,0.000254,0.026258,0.483994,0.191867,0.297627
GTGGGTACTGAGCGTA-1,0.000293,0.06038,0.229941,0.000294,0.709091
GTGGGTCTTCTTTGCG-1,0.000086,0.000086,0.077027,0.02977,0.893031
GTGGTATAGTCTGCCG-1,0.002753,0.235055,0.618959,0.137713,0.00552
GTGGTCAGCGAAGTAT-1,0.00043,0.000431,0.997847,0.000431,0.000862
GTGGTGATGGTTTGTG-1,0.001682,0.001689,0.626136,0.001688,0.368805
GTGGTGGCCAAGTGAA-1,0.000112,0.055459,0.000225,0.186285,0.757918
GTGGTTACTTCTTTCG-1,0.000147,0.000147,0.158943,0.02331,0.817454
GTGGTTTCCGCCTTTC-1,0.000564,0.000565,0.70813,0.000565,0.290177
GTGTACCTTGGCTACG-1,0.00021,0.00021,0.403945,0.116192,0.479443
GTGTACGAACCGTTCC-1,0.000257,0.068478,0.059783,0.000257,0.871224
GTGTATATCAGCGGGC-1,0.00135,0.505722,0.002707,0.487513,0.002707
GTGTATGACTTTAAAG-1,0.00023,0.023581,0.677455,0.000231,0.298502
GTGTCAGTGTACGTGG-1,0.002611,0.814022,0.005218,0.002609,0.17554
GTGTCCGATAAGGCAT-1,0.000366,0.000367,0.833891,0.009471,0.155905
GTGTCGTATAGCGTTC-1,0.004957,0.004955,0.740425,0.239767,0.009897
GTGTCGTATTCACCTT-1,0.001076,0.014114,0.981575,0.001078,0.002156
GTGTGAATAACTTAGG-1,0.000208,0.000208,0.605329,0.189413,0.204843
GTGTGAGCCGAGGTGC-1,0.000154,0.000154,0.142047,0.222644,0.635
GTGTTACTATGCGTCC-1,0.00042,0.000421,0.916681,0.081636,0.000842
GTTAAAGTAGGACTGG-1,0.000387,0.061049,0.28201,0.464727,0.191827
GTTAACATCACTTAAA-1,0.002471,0.174338,0.701085,0.002473,0.119634
GTTAACTATGTTGTCA-1,0.000496,0.02005,0.573284,0.000497,0.405674
GTTAAGGGTGCGATGT-1,0.003418,0.736178,0.250161,0.003412,0.006831
GTTAAGTTAGAGTGGG-1,0.000395,0.000396,0.02043,0.489447,0.489331
GTTAATAGCGTCATTA-1,0.001908,0.609649,0.382704,0.001914,0.003825
GTTAATGTCTATCTTA-1,0.000255,0.000256,0.375081,0.000256,0.624153
GTTACAATTGGTGACG-1,0.000224,0.02166,0.516407,0.208105,0.253605
GTTACCAAGGCGTACG-1,0.001791,0.650872,0.341958,0.001793,0.003588
GTTACCTACAACTTGC-1,0.000273,0.104664,0.7819,0.063546,0.049618
GTTACGAAATCCACGC-1,0.000168,0.000168,0.463963,0.030269,0.505432
GTTACGGCCCGACTGC-1,0.00054,0.000542,0.848573,0.000541,0.149804
GTTACTTTGGGCCTAG-1,0.000103,0.095381,0.097834,0.011084,0.795597
GTTAGAGTGTGCCGCT-1,0.000198,0.000198,0.252685,0.090904,0.656016
GTTAGCCCATGACATC-1,0.000346,0.60167,0.126922,0.019062,0.252
GTTAGCCGTAAATCAA-1,0.000153,0.000153,0.712775,0.000153,0.286766
GTTAGGCTACCCGTTT-1,0.000832,0.000834,0.610728,0.166124,0.221481
GTTATAATACGGTGAA-1,0.001858,0.001863,0.636526,0.076409,0.283344
GTTATATCAGGAGCCA-1,0.000384,0.000385,0.93305,0.065411,0.00077
GTTATATTATCTCCCT-1,0.000254,0.000254,0.295522,0.325939,0.378031
GTTATCAAGCTATCGA-1,0.000426,0.743261,0.255032,0.000427,0.000854
GTTATCACCTTCTGAA-1,0.000274,0.000275,0.401681,0.000275,0.597495
GTTATTAAATACGACC-1,0.000144,0.000144,0.219271,0.134981,0.64546
GTTATTAACGTGGGAG-1,0.000427,0.26377,0.66726,0.000428,0.068114
GTTCAATCTATGTCAA-1,0.000277,0.000278,0.827574,0.000278,0.171593
GTTCACAGGAGTCTAG-1,0.000117,0.000117,0.21554,0.03852,0.745707
GTTCAGTCGCCAAATG-1,0.001591,0.990436,0.003187,0.001595,0.003191
GTTCATCGTTTGGCTG-1,0.000354,0.041021,0.67893,0.000355,0.27934
GTTCCAAGACAGCGAC-1,0.000285,0.000285,0.602305,0.000285,0.39684
GTTCCAGTCTGACCAT-1,0.001245,0.001249,0.993761,0.001248,0.002497
GTTCCCGTAAACATAT-1,0.002651,0.924487,0.005312,0.002656,0.064894
GTTCCGTCCGCCTGCA-1,0.001988,0.537755,0.083335,0.001994,0.374929
GTTCGACAATTGTATA-1,0.000274,0.000275,0.320225,0.367778,0.311448
GTTCGCCATAAGTGCC-1,0.000148,0.025955,0.388371,0.022857,0.562669
GTTCGCTGAGACGTCT-1,0.002428,0.24042,0.518809,0.233479,0.004864
GTTCGGAGCACTCAAC-1,0.00027,0.861121,0.137796,0.000271,0.000541
GTTCGGATCGGGAACA-1,0.001136,0.062789,0.553829,0.001139,0.381107
GTTCGGGCGTACCATT-1,0.00017,0.000171,0.312232,0.000171,0.687256
GTTCGGTGTGGATTTA-1,0.000273,0.000274,0.662021,0.000274,0.337158
GTTCGTCTAAAGAACT-1,0.000625,0.085386,0.289876,0.000627,0.623486
GTTCGTCTGGGTCCCT-1,0.000369,0.00037,0.979204,0.019318,0.00074
GTTCGTTGCGGACCAG-1,0.000186,0.063345,0.06592,0.069228,0.801321
GTTCTTCCCTCGATGT-1,0.000526,0.013798,0.984093,0.000528,0.001055
GTTCTTGTAACTCAAT-1,0.001314,0.4445,0.002632,0.003221,0.548333
GTTGAACCGGTTCCAT-1,0.000241,0.000241,0.713345,0.000241,0.285932
GTTGAGTCCCGCCGGT-1,0.004936,0.162403,0.114669,0.004946,0.713046
GTTGCACGGAGTTTCG-1,0.000233,0.014969,0.527975,0.034127,0.422696
GTTGCAGTCGACAACA-1,0.000651,0.592055,0.001304,0.052978,0.353012
GTTGCCCTAACGGGTG-1,0.000568,0.039548,0.62922,0.00057,0.330095
GTTGCGCTAACATTAC-1,0.000468,0.000469,0.422498,0.203672,0.372893
GTTGCGGACGGTCAGG-1,0.000709,0.000711,0.431149,0.006423,0.561008
GTTGGACCGCATCAGG-1,0.000259,0.00026,0.997952,0.001008,0.00052
GTTGGATTCAGTGGCT-1,0.001266,0.00127,0.993657,0.001269,0.002538
GTTGGATTGAGAACAC-1,0.000233,0.032075,0.730963,0.024495,0.212235
GTTGGATTTGCGTTGG-1,0.000274,0.084569,0.456424,0.000275,0.458457
GTTGGTCATGCTATCC-1,0.004765,0.209941,0.770946,0.004786,0.009561
GTTGTAGATTTATGAG-1,0.005306,0.968128,0.010623,0.005319,0.010624
GTTGTCGTGTTAGTTG-1,0.00106,0.001062,0.994691,0.001063,0.002124
GTTGTTACATTGCGCT-1,0.000226,0.000226,0.637062,0.34267,0.019816
GTTGTTGCAAGATGGC-1,0.001646,0.99011,0.003299,0.001649,0.003297
GTTTACGTTCCATCTG-1,0.000253,0.026393,0.153659,0.201867,0.617828
GTTTATGGGATTTAGA-1,0.000579,0.000581,0.997097,0.000581,0.001162
GTTTCAAACGAGTTGT-1,0.000267,0.739248,0.259682,0.000268,0.000535
GTTTCATATCGTCGCT-1,0.000559,0.00056,0.630333,0.000561,0.367987
GTTTCCTGGAGGGTGA-1,0.000504,0.000505,0.835175,0.000505,0.16331
GTTTCTAGAGGCGCGG-1,0.00041,0.690455,0.307901,0.000411,0.000822
GTTTCTGCAGTCTCCC-1,0.000338,0.115196,0.749878,0.000339,0.134249
GTTTCTTGTTAGAGCT-1,0.000223,0.084713,0.07064,0.163521,0.680903
GTTTGACCAAATCCTA-1,0.000237,0.000238,0.662736,0.000238,0.336551
GTTTGAGCGGTTATGT-1,0.000377,0.062857,0.33979,0.041103,0.555874
GTTTGGCCCAAGTTAT-1,0.000396,0.080428,0.193694,0.000396,0.725085
GTTTGGCCGCTCAGCG-1,0.000179,0.00018,0.328887,0.181908,0.488846
GTTTGGCGTCAGGCAC-1,0.000688,0.00069,0.996555,0.000689,0.001379
GTTTGGGCTTGTGAGC-1,0.000712,0.000714,0.594106,0.203532,0.200936
GTTTGGGTTTCGCCCG-1,0.000445,0.71445,0.266235,0.017979,0.000891
GTTTGGTAGGGTCAAC-1,0.003486,0.003502,0.814764,0.171249,0.006999
GTTTGGTGATCGGTGC-1,0.002656,0.731903,0.257466,0.002659,0.005315
GTTTGTTAGCCAAGTA-1,0.000436,0.037793,0.295451,0.000437,0.665882
TAAACCCAGGAGGGCA-1,0.000432,0.000432,0.100483,0.761452,0.137201
TAAAGACAACCCTTTA-1,0.000745,0.000747,0.649565,0.324363,0.02458
TAAAGAGCCCGAAACC-1,0.000371,0.000372,0.950281,0.000372,0.048605
TAAAGCGGTATTTCCA-1,0.00179,0.701516,0.205286,0.001794,0.089615
TAAAGCGTTAGGAGAA-1,0.000188,0.000188,0.566281,0.000188,0.433155
TAAAGCTGCAATAGGG-1,0.000466,0.000467,0.997666,0.000467,0.000934
TAAAGGAGAAACTAGT-1,0.000156,0.045225,0.140954,0.073258,0.740407
TAAAGTGCACGTCTCG-1,0.002142,0.460113,0.531322,0.002142,0.004282
TAAATCTTTACACCTC-1,0.000206,0.000207,0.945427,0.017394,0.036766
TAAATGAATCCGTTTC-1,0.000468,0.000469,0.997657,0.000469,0.000937
TAAATGCCGTCTCATG-1,0.000841,0.140796,0.855833,0.000843,0.001686
TAAATGGGCTACTGAG-1,0.000631,0.880821,0.001264,0.000632,0.116652
TAAATTGTGGGTAAAG-1,0.001127,0.701703,0.00226,0.29265,0.00226
TAAATTTAGTAACACC-1,0.000894,0.151236,0.5564,0.000897,0.290572
TAACAAAGGGAGAAGC-1,0.000548,0.00055,0.997254,0.000549,0.001099
TAACAATATTTGTTGC-1,0.000215,0.000216,0.484905,0.162004,0.352659
TAACAGCGTTTGTGCT-1,0.00333,0.201217,0.785443,0.003335,0.006674
TAACAGGTTCCCTTAG-1,0.001403,0.83754,0.002813,0.001407,0.156837
TAACATACAATGTGGG-1,0.000134,0.000134,0.221003,0.101625,0.677104
TAACATACACGCGATC-1,0.000594,0.182462,0.207808,0.000597,0.608539
TAACCGCCCGCAGTGC-1,0.000351,0.000351,0.998243,0.000352,0.000703
TAACCGTCCAGTTCAT-1,0.00023,0.00023,0.518743,0.00023,0.480567
TAACCTACCGTCCGAG-1,0.000207,0.009018,0.206311,0.231595,0.552869
TAACCTAGGGAGTCCA-1,0.000118,0.912228,0.000237,0.064979,0.022437
TAACGCTTTGAGAGCG-1,0.000346,0.000347,0.729012,0.269603,0.000693
TAACTATCGAAGGTCC-1,0.000149,0.00015,0.267367,0.264742,0.467592
TAACTATTACGCCAAA-1,0.000125,0.000125,0.467721,0.088685,0.443345
TAACTCATCCGCGCGG-1,0.000125,0.018489,0.537193,0.004462,0.439731
TAACTCCATGGAGGCT-1,0.00139,0.052064,0.942369,0.001393,0.002784
TAACTGAAATACGCCT-1,0.000109,0.025072,0.17922,0.168199,0.6274
TAAGAGGGACAGGGAC-1,0.000112,0.04695,0.311506,0.168145,0.473288
TAAGATTTAGCGGGAG-1,0.00022,0.000221,0.590684,0.000221,0.408654
TAAGCAGGCGACACGC-1,0.000287,0.000288,0.998561,0.000288,0.000576
TAAGCCCTTACGACCA-1,0.000295,0.01557,0.983249,0.000295,0.00059
TAAGCGCGAATCAAAT-1,0.000349,0.014796,0.637116,0.036324,0.311414
TAAGGAACTTGTGGGA-1,0.00063,0.073475,0.923999,0.000632,0.001264
TAAGGCAACATAAGAT-1,0.00028,0.000281,0.779524,0.000281,0.219635
TAAGGCATAACATCAA-1,0.001769,0.587734,0.405181,0.001772,0.003543
TAAGGCCCGTCACCCT-1,0.000331,0.793402,0.205274,0.000331,0.000663
TAAGGCTGAATCCCTC-1,0.000528,0.029909,0.389251,0.411206,0.169106
TAAGGGCCTGTCCGAT-1,0.000508,0.683916,0.26495,0.049609,0.001018
TAAGGGCTGGGAGAGG-1,0.000328,0.039705,0.800506,0.000329,0.159132
TAAGTAAATGTGCCGC-1,0.000172,0.006304,0.392269,0.052323,0.548932
TAAGTAACATCTTGAC-1,0.000222,0.024741,0.484179,0.09709,0.393767
TAAGTCGCCGAGTATC-1,0.000557,0.031916,0.411382,0.330353,0.225792
TAAGTCGGTGAGCTAG-1,0.002345,0.649601,0.341003,0.00235,0.0047
TAAGTGAATAGTCTAC-1,0.000225,0.000226,0.092348,0.348817,0.558385
TAAGTTGCGACGTAGG-1,0.001811,0.362599,0.438871,0.001817,0.194902
TAATAAACAAGGAGAT-1,0.000538,0.032389,0.965455,0.000539,0.001079
TAATACACAGTAGTAT-1,0.000494,0.000495,0.997527,0.000495,0.00099
TAATACTAGAACAGAC-1,0.000364,0.952059,0.00073,0.000365,0.046481
TAATAGAACAGAGTTA-1,0.000235,0.045814,0.618382,0.000236,0.335334
TAATAGCTAAATGATG-1,0.000159,0.039977,0.855068,0.000159,0.104637
TAATAGGTCACCAGAA-1,0.000262,0.000263,0.504479,0.06011,0.434885
TAATAGTGACGACCAG-1,0.000308,0.000308,0.770628,0.000309,0.228447
TAATATTGAAATTCGC-1,0.001461,0.001465,0.772609,0.221537,0.002928
TAATCAACCAAATGGG-1,0.000267,0.000268,0.435952,0.210427,0.353086
TAATCAGGAATGCTGC-1,0.000269,0.000269,0.362947,0.233099,0.403416
TAATCGATCCGTACGT-1,0.00027,0.02892,0.413783,0.086193,0.470834
TAATGAAAGACCCTTG-1,0.000116,0.000117,0.197822,0.354428,0.447517
TAATGTCGGTTCATGG-1,0.000362,0.07357,0.336011,0.094813,0.495244
TAATTACGTCAGTAGA-1,0.000202,0.789986,0.072121,0.000203,0.137488
TAATTAGATGGATATG-1,0.000309,0.045782,0.691238,0.000309,0.262362
TAATTAGGACATCCGT-1,0.001009,0.093332,0.717866,0.001011,0.186783
TAATTCCAATGCTTCA-1,0.000243,0.743923,0.254244,0.001101,0.000488
TAATTGCGCTGATTAC-1,0.000179,0.000179,0.192772,0.223935,0.582935
TAATTGGAATCGGGAA-1,0.000475,0.000477,0.997618,0.000477,0.000953
TAATTTCCGTCCAGTA-1,0.000353,0.000354,0.511232,0.108722,0.379339
TACAAATTGCGGAGGT-1,0.000311,0.000311,0.638013,0.000311,0.361054
TACAACAGCGCATACA-1,0.001745,0.989509,0.0035,0.001749,0.003497
TACAACGCACAACTCA-1,0.000065,0.00029,0.118924,0.074907,0.805814
TACAAGCTGTTCACTG-1,0.000225,0.000226,0.312518,0.074971,0.612061
TACAAGGGCTTCTTTA-1,0.000384,0.657474,0.340988,0.000385,0.00077
TACAAGTCTCGTGCAT-1,0.000201,0.023491,0.428974,0.039111,0.508224
TACAATGAAACCAGCA-1,0.000158,0.000159,0.475475,0.209046,0.315162
TACACAGCCGTGGTGC-1,0.001256,0.273562,0.133955,0.188948,0.402279
TACACCGTCGTTAGTC-1,0.000344,0.093363,0.842278,0.000345,0.06367
TACACCTCTTCGAATC-1,0.000592,0.51973,0.477899,0.000593,0.001186
TACAGAAACGGTGGGC-1,0.003577,0.584017,0.40163,0.003595,0.007181
TACATAGGCATACACC-1,0.000313,0.000313,0.956133,0.000313,0.042928
TACATCCCTATCCCTG-1,0.000942,0.000944,0.699001,0.000944,0.29817
TACATGACCTTATCCG-1,0.000782,0.000784,0.996081,0.000784,0.001569
TACATGCCGGAATTGT-1,0.001746,0.00175,0.793704,0.00175,0.20105
TACATTTCTAACGTGC-1,0.000302,0.000303,0.991518,0.000303,0.007575
TACCAAATAGCCCAGA-1,0.002271,0.349841,0.641053,0.002279,0.004557
TACCAATAAAGTACCA-1,0.003977,0.16101,0.604339,0.003985,0.22669
TACCAGAAGTAGGTTC-1,0.000144,0.025155,0.127301,0.213618,0.633781
TACCAGCTAGGTTTAA-1,0.00032,0.00032,0.722348,0.191384,0.085629
TACCAGGAATCCCGTC-1,0.002106,0.46729,0.228116,0.00211,0.300377
TACCATGTATTGATTT-1,0.000837,0.117941,0.444906,0.000839,0.435477
TACCCTCGGTAACCCT-1,0.00041,0.418446,0.021914,0.558407,0.000822
TACCGAATAATTGTAA-1,0.000243,0.611193,0.387833,0.000244,0.000487
TACCGATCCAACACTT-1,0.000298,0.040272,0.698551,0.000298,0.26058
TACCGCGGACTTGCAG-1,0.000536,0.000538,0.993718,0.000537,0.004671
TACCGGCTCACTGCCC-1,0.000139,0.030295,0.104877,0.37332,0.491368
TACCGGTCGTTTCCAT-1,0.000513,0.027207,0.888557,0.000514,0.083208
TACCGTAGGTTAACTA-1,0.002105,0.536383,0.004223,0.234964,0.222325
TACCGTGCCTCGGACC-1,0.000753,0.067952,0.459737,0.220238,0.25132
TACCTACTCCCAGTAT-1,0.003404,0.311925,0.674417,0.003419,0.006835
TACCTATCCCTAGAGG-1,0.000202,0.01113,0.433632,0.005771,0.549266
TACCTCACCAATTGTA-1,0.000813,0.826569,0.170173,0.000815,0.00163
TACCTCACGCTTGTAC-1,0.000678,0.013262,0.984021,0.000679,0.001359
TACCTCAGTTGTCTGT-1,0.002385,0.73966,0.004783,0.002392,0.250779
TACCTCCACACCAATG-1,0.001182,0.106786,0.46256,0.001186,0.428286
TACCTCTTTACCATCC-1,0.000337,0.915843,0.082808,0.000338,0.000675
TACCTGCTGCACTGTG-1,0.000214,0.000214,0.445338,0.056584,0.497651
TACCTTAAGATTTCCC-1,0.000366,0.000367,0.329211,0.279847,0.390209
TACGAACACGACTTCA-1,0.000335,0.000336,0.935716,0.000336,0.063277
TACGACGCTTGCTGCG-1,0.000315,0.000316,0.920856,0.07788,0.000633
TACGACTGCCTCTTAG-1,0.000288,0.025968,0.632914,0.004963,0.335867
TACGAGAACTTCACGT-1,0.000144,0.000144,0.241707,0.057856,0.700149
TACGATCCAAGCCACT-1,0.000405,0.000407,0.684554,0.015719,0.298916
TACGATGTTGATCATC-1,0.000182,0.000182,0.435535,0.027763,0.536338
TACGCAGTTCTTTCCT-1,0.000274,0.102258,0.514854,0.155658,0.226955
TACGCCATATTCTAAT-1,0.000361,0.000361,0.57948,0.000361,0.419436
TACGCCGAGGGTACCC-1,0.000431,0.000432,0.000864,0.127025,0.871247
TACGCCGCCTCAGAAG-1,0.000342,0.000343,0.305,0.530199,0.164117
TACGCCTCCATTCCGA-1,0.005525,0.069639,0.908265,0.005522,0.01105
TACGCTATAGAAACCT-1,0.000479,0.00048,0.71601,0.00048,0.282551
TACGCTCCTAGAACTG-1,0.001768,0.399774,0.593145,0.001771,0.003542
TACGCTCGGTATTGGA-1,0.00045,0.847011,0.059199,0.000451,0.092888
TACGCTGATAGTTGTA-1,0.000356,0.000356,0.464738,0.146155,0.388395
TACGCTGCACGGTCGT-1,0.001987,0.98806,0.003983,0.00199,0.003979
TACGCTGCTGTGTTAA-1,0.00009,0.00009,0.0905,0.310192,0.599128
TACGGAAGCCAAACCA-1,0.001417,0.630153,0.002841,0.001421,0.364168
TACGGCATGGACGCTA-1,0.000131,0.61363,0.000263,0.195093,0.190883
TACGGGATGCTAGCAG-1,0.00036,0.043572,0.524416,0.363618,0.068034
TACGGGTAATAACATA-1,0.002649,0.98404,0.00532,0.002662,0.005329
TACGTAAAGCGGAGTG-1,0.000141,0.87444,0.124997,0.000141,0.000282
TACGTACTAGTGCTGA-1,0.001961,0.133038,0.227449,0.633621,0.003931
TACGTGCAAGGTTCCT-1,0.000311,0.000312,0.657638,0.058907,0.282832
TACGTGCACTATGCTG-1,0.000443,0.000444,0.997781,0.000444,0.000888
TACGTGGGCCCAGGGC-1,0.000481,0.911055,0.087019,0.000482,0.000964
TACGTTTACCGGCAAT-1,0.000267,0.021409,0.495474,0.031085,0.451765
TACTACGTGCAATGCG-1,0.002204,0.862262,0.128913,0.002208,0.004414
TACTATGGTTCCTCAG-1,0.00235,0.269885,0.520636,0.202424,0.004705
TACTCACAACGTAGTA-1,0.000145,0.014554,0.326065,0.089786,0.569451
TACTCATTGACGCATC-1,0.002138,0.696903,0.004286,0.002141,0.294532
TACTCCTCTAGTTGAC-1,0.002807,0.598792,0.005631,0.387144,0.005626
TACTCGGCACGCCGGG-1,0.000305,0.020763,0.703243,0.000305,0.275385
TACTCGTTTGAATCAA-1,0.001746,0.37675,0.0035,0.614503,0.0035
TACTCTCCGAACAAAT-1,0.0002,0.015397,0.581955,0.266358,0.13609
TACTCTTACTTTACTG-1,0.002603,0.738775,0.200181,0.002609,0.055832
TACTCTTTCGTCTTCA-1,0.006507,0.00653,0.967408,0.006517,0.013039
TACTGAACAGATTTAG-1,0.001724,0.001729,0.561431,0.408644,0.026471
TACTGAGGGAAGAAAG-1,0.000232,0.000232,0.503303,0.000232,0.496001
TACTGCAATCAATTAC-1,0.00027,0.015924,0.769696,0.1048,0.10931
TACTGCATGATTAAAT-1,0.000961,0.187428,0.315927,0.493758,0.001926
TACTGGACAGCTCGGC-1,0.000395,0.000396,0.616677,0.000396,0.382135
TACTGTTTCTCTGGTA-1,0.000508,0.059196,0.001018,0.000509,0.938769
TACTTAAACATGTACA-1,0.000221,0.692056,0.307061,0.000221,0.000442
TACTTGTTAGTAGTCC-1,0.000423,0.110589,0.525491,0.000425,0.363073
TACTTTACTGAGCCGG-1,0.000377,0.000378,0.851079,0.000378,0.147789
TACTTTCCGCACGCCA-1,0.000314,0.134825,0.222011,0.000315,0.642535
TAGAAACCACTAAGTA-1,0.000151,0.023911,0.750803,0.000151,0.224985
TAGAAAGGTGGCGCTA-1,0.000328,0.000328,0.998359,0.000328,0.000657
TAGAAATTCACGTATA-1,0.000199,0.0002,0.750167,0.0002,0.249235
TAGAACGCCAGTAACG-1,0.000161,0.000161,0.325029,0.000161,0.674488
TAGAAGAAGGGTTACA-1,0.000399,0.781483,0.000799,0.0004,0.216919
TAGAATAGCCGATGAA-1,0.000182,0.733938,0.171037,0.094478,0.000365
TAGAATTAAGGGCAAC-1,0.000138,0.000139,0.257904,0.344013,0.397807
TAGACGAAACGCCAAT-1,0.000251,0.88675,0.039019,0.000251,0.073729
TAGACGCCCGTACCGG-1,0.000146,0.000146,0.306167,0.004407,0.689134
TAGACTACCTAGCGTT-1,0.000384,0.000385,0.476812,0.163837,0.358584
TAGACTCAGTTGGCCT-1,0.00039,0.018615,0.567659,0.276412,0.136924
TAGAGATCATGCAACT-1,0.001172,0.001176,0.340252,0.655048,0.002352
TAGAGCTACGAAGAAC-1,0.000238,0.000239,0.400628,0.502907,0.095987
TAGAGGGAGTTTATCT-1,0.001961,0.542837,0.003932,0.001966,0.449304
TAGAGGTTCTACTTGT-1,0.003865,0.72629,0.258213,0.003878,0.007754
TAGAGTCTAAGCGAAC-1,0.000115,0.000116,0.166735,0.006285,0.826749
TAGAGTGTTCCGGGTA-1,0.000599,0.91727,0.080329,0.000601,0.001202
TAGATATGGACTGGAA-1,0.000255,0.049934,0.586288,0.09679,0.266733
TAGATCCGAAGTCGCA-1,0.000328,0.000328,0.684094,0.071953,0.243297
TAGATGGTTCCTTACT-1,0.000285,0.89801,0.000572,0.034542,0.066592
TAGATTCAAAGTGCGG-1,0.002106,0.399825,0.505376,0.088474,0.00422
TAGATTCCTGGTTATT-1,0.000188,0.053359,0.301581,0.000234,0.644638
TAGATTCTCTAGCAAA-1,0.003251,0.646397,0.340567,0.003261,0.006523
TAGCAACCTGTCACAA-1,0.000589,0.00059,0.99705,0.00059,0.00118
TAGCAGATACTTAGGG-1,0.002865,0.841982,0.005741,0.002871,0.146541
TAGCAGTAAATACGCG-1,0.000702,0.305446,0.691744,0.000703,0.001406
TAGCAGTATGACTAAA-1,0.000233,0.636538,0.230965,0.000234,0.13203
TAGCCAGAGGGTCCGG-1,0.000183,0.000183,0.498299,0.018453,0.482881
TAGCCATGATTGCCTA-1,0.000124,0.000124,0.000248,0.103791,0.895714
TAGCCATTTCAAAGTC-1,0.00135,0.041068,0.852958,0.001354,0.10327
TAGCCGGCGGTCAGCG-1,0.000279,0.07859,0.868406,0.00028,0.052446
TAGCGTCCCTCGATTG-1,0.001024,0.128024,0.27651,0.107364,0.487077
TAGCGTCCGGTGTGGT-1,0.005502,0.00552,0.502142,0.4758,0.011036
TAGCGTCGAATATTGA-1,0.000286,0.000287,0.719482,0.075741,0.204203
TAGCGTTGGGTCTTAC-1,0.0001,0.052329,0.166129,0.046321,0.735122
TAGCTAAGTCCGGGAG-1,0.000118,0.000118,0.07022,0.038728,0.890816
TAGCTAGAAGGCATGA-1,0.000233,0.000234,0.519658,0.2185,0.261374
TAGCTAGTGATGATGG-1,0.003489,0.540202,0.215478,0.003498,0.237333
TAGCTCACTGTGTTTG-1,0.002168,0.708783,0.004349,0.280351,0.004349
TAGCTCGCCTGATAAC-1,0.000331,0.090023,0.731691,0.17729,0.000664
TAGCTGATGTGAAGCG-1,0.000739,0.00074,0.765369,0.00074,0.232412
TAGGAACAGCCTCCAG-1,0.000253,0.000254,0.751551,0.048522,0.199421
TAGGAGGCTCGAGAAC-1,0.002236,0.986563,0.004483,0.002239,0.004479
TAGGATCTTAACCGCA-1,0.002104,0.787213,0.204352,0.00211,0.004221
TAGGCATGTTACGCCA-1,0.000297,0.000298,0.323017,0.1313,0.545088
TAGGCCTATATAGTCT-1,0.000423,0.673267,0.325036,0.000425,0.000849
TAGGCGATGAGGTCTC-1,0.001665,0.001668,0.671024,0.001669,0.323975
TAGGCGGCTGCAAAGA-1,0.000423,0.000425,0.700375,0.12204,0.176738
TAGGCTAAAGTGGCAC-1,0.000296,0.702955,0.29586,0.000296,0.000593
TAGGGAGCTTGGGATG-1,0.000386,0.000387,0.132582,0.000387,0.866258
TAGGGTGTTTCAAGAG-1,0.000607,0.000608,0.996961,0.000608,0.001216
TAGGTCCAAGTAAGGA-1,0.000162,0.000162,0.519056,0.096015,0.384604
TAGGTCGCCGGAACTG-1,0.000209,0.000209,0.59903,0.000209,0.400344
TAGGTGACGATAACCT-1,0.003414,0.755074,0.006829,0.003418,0.231266
TAGGTGAGCCCTACTC-1,0.000211,0.000212,0.464992,0.017981,0.516604
TAGGTGCTCGCCTAGC-1,0.000213,0.000213,0.324767,0.000213,0.674593
TAGGTGTTCCACAGAT-1,0.000375,0.560959,0.391761,0.000376,0.046529
TAGGTTCGAGTTCGTC-1,0.000442,0.000443,0.728165,0.000443,0.270508
TAGGTTCTGCTGAGAA-1,0.003179,0.594516,0.209891,0.00319,0.189224
TAGTACCACAACTTTC-1,0.000482,0.064014,0.436875,0.000483,0.498145
TAGTACCTTAGTGGTC-1,0.000487,0.036554,0.961495,0.000488,0.000976
TAGTAGCTTATACCAG-1,0.00191,0.44789,0.390603,0.001914,0.157684
TAGTAGTTGCCGGACA-1,0.00179,0.75073,0.003588,0.001793,0.242099
TAGTCCCGGAGACCAC-1,0.002467,0.843207,0.004949,0.002474,0.146903
TAGTCCGCAGAGAATG-1,0.000201,0.036053,0.587328,0.112457,0.263961
TAGTCCGTATGCATAA-1,0.000666,0.048656,0.77349,0.175853,0.001335
TAGTCCTGCACTAAGC-1,0.000262,0.000263,0.58478,0.140104,0.274591
TAGTCGATCACGGGTT-1,0.000367,0.000368,0.204045,0.381939,0.413282
TAGTCGGGATTCTTCG-1,0.000241,0.404791,0.242441,0.245432,0.107095
TAGTCTAACAACGAGA-1,0.000121,0.072263,0.333191,0.070168,0.524257
TAGTCTGCGGCACATT-1,0.00227,0.002279,0.713527,0.277368,0.004555
TAGTCTGTGACGTTGC-1,0.000372,0.021283,0.790136,0.000373,0.187836
TAGTCTTTCCGAATTG-1,0.000338,0.000338,0.172204,0.379132,0.447988
TAGTGACAAGCTCTAC-1,0.001884,0.538254,0.454196,0.001888,0.003778
TAGTGAGAAGTGGTTG-1,0.00045,0.023154,0.895996,0.079497,0.000902
TAGTGCCCTCCAGAGT-1,0.000162,0.000162,0.464066,0.000162,0.535449
TAGTGCTTGAATCCTT-1,0.000521,0.000522,0.997392,0.000522,0.001043
TAGTGGAACTCATACA-1,0.000306,0.000307,0.509477,0.067654,0.422256
TAGTGTCAGAAACGGC-1,0.000447,0.098293,0.899915,0.000448,0.000896
TAGTTAAGATAGGATA-1,0.000382,0.000383,0.895717,0.102753,0.000765
TAGTTTATTCTTGCTT-1,0.000599,0.0006,0.996999,0.000601,0.001201
TAGTTTGATCGGTCGC-1,0.000182,0.000183,0.130336,0.63884,0.230459
TATAAATCCACAAGCT-1,0.000639,0.002799,0.994642,0.00064,0.00128
TATAAGTGAGGATAGC-1,0.000459,0.00046,0.997701,0.00046,0.00092
TATACACAGACGCCTT-1,0.000225,0.000225,0.371479,0.206286,0.421785
TATACCGAGTGCCACA-1,0.000381,0.02049,0.160257,0.224871,0.594001
TATACGCGTCATCACT-1,0.003111,0.577608,0.40992,0.003121,0.00624
TATACTCATGCGGCAA-1,0.000494,0.178859,0.819164,0.000494,0.000989
TATAGAGTCGCTTGAA-1,0.002806,0.526342,0.46241,0.002815,0.005627
TATAGATGGTCGCAGT-1,0.000246,0.000246,0.242939,0.010577,0.745992
TATAGCGCACGTTATC-1,0.000823,0.000825,0.324194,0.000825,0.673334
TATAGCTATTATCTCT-1,0.000253,0.086703,0.367207,0.096316,0.449521
TATAGGGTACTCATGA-1,0.000138,0.014449,0.209235,0.029462,0.746716
TATAGTTAGGTGTACT-1,0.000549,0.00055,0.406385,0.319877,0.272639
TATATAGGGCTTTACG-1,0.003492,0.003496,0.982508,0.003502,0.007001
TATATATCGAGAAATG-1,0.000614,0.0668,0.277601,0.174055,0.480929
TATATCAAAGTGATCT-1,0.001203,0.06177,0.222755,0.710387,0.003885
TATATCATTGATCAGT-1,0.000168,0.000169,0.405233,0.306439,0.287991
TATATCCCTGGGAGGA-1,0.000645,0.000647,0.31152,0.000646,0.686542
TATATGCTGGGTTGCC-1,0.000691,0.252593,0.744637,0.000693,0.001386
TATATTACAAATGTCG-1,0.000449,0.03555,0.962653,0.00045,0.000899
TATATTCGCGTCGATA-1,0.000293,0.000294,0.711483,0.287343,0.000587
TATCAAAGGTCTGTAA-1,0.00012,0.029443,0.391709,0.255337,0.323392
TATCACAGCACGGGCA-1,0.000179,0.005609,0.675971,0.000179,0.318063
TATCACCATGTAAAGT-1,0.000393,0.000394,0.99803,0.000394,0.000789
TATCACCCAACCGACC-1,0.00029,0.00029,0.972976,0.00029,0.026153
TATCACTTCGAGTAAC-1,0.000654,0.000655,0.996726,0.000655,0.00131
TATCAGTGGCGTAGTC-1,0.000342,0.003697,0.498398,0.000342,0.497221
TATCCAATTGGTTATC-1,0.005724,0.005743,0.971329,0.005734,0.01147
TATCCATATCATGCGA-1,0.001491,0.001496,0.992529,0.001495,0.002989
TATCCATCTCGGTTAG-1,0.000204,0.028305,0.397082,0.093858,0.480551
TATCCCTCGATCTGCA-1,0.001521,0.89666,0.003052,0.001527,0.09724
TATCCGCACCGTCGGG-1,0.003676,0.498271,0.487015,0.00368,0.007357
TATCCTATCAACTGGT-1,0.002754,0.983443,0.005521,0.00276,0.005522
TATCCTGCATGGGAAT-1,0.000479,0.118928,0.856694,0.00048,0.023419
TATCGATCTATGCATA-1,0.000323,0.000323,0.600929,0.000323,0.398102
TATCGATGATTAAACG-1,0.00031,0.000311,0.560643,0.349863,0.088874
TATCTACAGAGGTAAT-1,0.000321,0.017687,0.634296,0.000322,0.347374
TATCTACCACAGCGGG-1,0.000237,0.000238,0.543058,0.000238,0.456229
TATCTAGCCTAAAGGA-1,0.000159,0.000159,0.531942,0.076623,0.391118
TATCTGAGCCGATATT-1,0.000386,0.027064,0.415028,0.325615,0.231907
TATCTTGCAATACAAC-1,0.000271,0.175599,0.28268,0.378987,0.162462
TATGAAGAATTAAGGT-1,0.000218,0.810247,0.000437,0.000914,0.188184
TATGAAGACAGGTGCG-1,0.000128,0.000128,0.225314,0.107405,0.667025
TATGACCTTGCGCTGG-1,0.000364,0.000365,0.652679,0.000365,0.346227
TATGATAAATCTAACG-1,0.000133,0.000133,0.460554,0.002547,0.536633
TATGATCCGGCACGCC-1,0.000355,0.000356,0.998221,0.000356,0.000712
TATGATCTTCTCTTTA-1,0.004937,0.970324,0.00989,0.004953,0.009897
TATGATTCTGCTTGGT-1,0.000122,0.000122,0.029824,0.030287,0.939645
TATGCTCCCTACTTAC-1,0.000432,0.000434,0.729881,0.000434,0.26882
TATGGAGTTTCTCGTT-1,0.000339,0.068248,0.575133,0.00034,0.355939
TATGGATGTGCTACGC-1,0.00029,0.000291,0.484629,0.156835,0.357956
TATGGCAGACTTTCGA-1,0.000137,0.040247,0.334252,0.028123,0.597242
TATGGCCCGGCCTCGC-1,0.000308,0.000309,0.843597,0.000309,0.155478
TATGGCTAGGCTAATT-1,0.000232,0.019978,0.857639,0.054519,0.067631
TATGGGACCGAGCAGG-1,0.000357,0.000358,0.83056,0.050458,0.118267
TATGGGTACGTATCGT-1,0.000139,0.00014,0.206515,0.003909,0.789297
TATGGTCTGAGTAACA-1,0.000223,0.12288,0.505664,0.000226,0.371006
TATGGTTAGTGGGAGA-1,0.000544,0.076863,0.823256,0.000546,0.098791
TATGTAAAGTGCTTAA-1,0.002467,0.799986,0.004949,0.002475,0.190122
TATGTAGAAACCCGGC-1,0.000167,0.000167,0.275942,0.01149,0.712233
TATGTCAAGACCGACT-1,0.000389,0.00039,0.869994,0.128447,0.00078
TATGTCTCATTGTGCC-1,0.000471,0.000472,0.997641,0.000472,0.000944
TATTAACACCAAAGCA-1,0.000094,0.018877,0.000189,0.10132,0.879519
TATTAACCTGACCGCG-1,0.002017,0.218132,0.773786,0.002022,0.004043
TATTACCATCCTGCTT-1,0.000412,0.000413,0.57393,0.076934,0.34831
TATTATGTTTGCCTGC-1,0.00041,0.067677,0.085381,0.093013,0.753518
TATTCAATTCTAATCC-1,0.000487,0.035822,0.671978,0.190546,0.101167
TATTCCACTCAGCTCG-1,0.000328,0.013036,0.74599,0.239987,0.000658
TATTCCGAGCTGTTAT-1,0.0026,0.212207,0.519662,0.260314,0.005217
TATTCCGGCAGTCCTA-1,0.000079,0.000079,0.000158,0.000079,0.999606
TATTCCTCCGCCCACT-1,0.000519,0.00052,0.41607,0.121205,0.461686
TATTCGTGCCAGAATA-1,0.000292,0.000292,0.972325,0.000292,0.026798
TATTGACATTTCTGCC-1,0.001023,0.001025,0.611926,0.001025,0.385
TATTGCCGGGCTTGTA-1,0.0004,0.814948,0.000802,0.14566,0.03819
TATTTAGTCTAGATCG-1,0.001127,0.001129,0.994355,0.00113,0.00226
TATTTATACCGAGTAG-1,0.001461,0.149727,0.360777,0.001465,0.48657
TATTTGATTTGCACAG-1,0.002201,0.002207,0.682291,0.002209,0.311093
TATTTGTTACCCTTTA-1,0.000233,0.000234,0.155658,0.524553,0.319322
TCAAACAACCGCGTCG-1,0.000163,0.000164,0.3287,0.249537,0.421436
TCAAACAATTAGGACA-1,0.000408,0.000409,0.901832,0.096534,0.000818
TCAAACTTAGATTGTT-1,0.000146,0.000147,0.352282,0.002092,0.645334
TCAAAGAGCTATCTGT-1,0.000545,0.030834,0.429118,0.000546,0.538957
TCAAAGTCACGGCGTC-1,0.00011,0.000111,0.274005,0.352571,0.373203
TCAAATTATGTTCGAC-1,0.001508,0.73254,0.177597,0.001511,0.086845
TCAAATTGTTGTGCCG-1,0.000143,0.863357,0.000286,0.014295,0.12192
TCAAATTTGAGACTCA-1,0.002863,0.770185,0.00574,0.002868,0.218344
TCAACAAAGATAATTC-1,0.000352,0.13412,0.414098,0.254611,0.196819
TCAACACATTGGGTAA-1,0.000243,0.000244,0.576099,0.218446,0.204968
TCAACATAGCGCCCTA-1,0.001314,0.09776,0.215687,0.001317,0.683923
TCAACATCGACCGAGA-1,0.000164,0.054772,0.263763,0.127768,0.553532
TCAACCATGTTCGGGC-1,0.000165,0.000166,0.336623,0.075864,0.587182
TCAACGAGGAGACAAA-1,0.000086,0.026492,0.181233,0.010579,0.78161
TCAACGCAGGAAATAA-1,0.000184,0.000185,0.257121,0.281143,0.461367
TCAACGCGACCGGCAG-1,0.000469,0.000471,0.323981,0.00047,0.674609
TCAACTAACGTATAAC-1,0.000148,0.027539,0.655945,0.084387,0.231982
TCAACTGCAGAGTCAG-1,0.002468,0.80571,0.004948,0.002473,0.184401
TCAAGAAATACTAGCT-1,0.000373,0.00436,0.721946,0.000374,0.272947
TCAAGCGCGGACGGTA-1,0.003112,0.823284,0.16424,0.003122,0.006242
TCAAGCTGCCTTGAAA-1,0.000179,0.00018,0.79011,0.139362,0.070169
TCAAGGTTACTACACC-1,0.00111,0.001114,0.740398,0.001113,0.256266
TCAATACAATTGCTGC-1,0.00019,0.00019,0.510548,0.00019,0.488882
TCAATACGCCGTCATG-1,0.00047,0.681926,0.316192,0.000471,0.000942
TCAATATACAGGAGGC-1,0.002651,0.607924,0.38146,0.002657,0.005308
TCAATCCCGCGCCAAA-1,0.002307,0.986113,0.004633,0.002316,0.00463
TCAATCCGGGAAGTTT-1,0.001521,0.990838,0.003056,0.001528,0.003057
TCACAAACCGAGGTAC-1,0.000628,0.420826,0.512157,0.065131,0.001258
TCACAGATCCTCAAAC-1,0.000282,0.000283,0.523194,0.25041,0.225832
TCACAGCAAACTCGAA-1,0.000162,0.059001,0.767399,0.133448,0.03999
TCACAGGAGAATAAGA-1,0.002513,0.156255,0.54709,0.002518,0.291624
TCACAGGGAATCGCAA-1,0.000281,0.000281,0.301863,0.352513,0.345062
TCACAGGTTATTGGGC-1,0.000155,0.000156,0.320694,0.000156,0.678839
TCACATCTTATCTGAT-1,0.00018,0.00018,0.317672,0.003283,0.678685
TCACCCTCTTAAGATT-1,0.000116,0.063667,0.065261,0.174589,0.696367
TCACCGCTCGGCACTC-1,0.000296,0.000297,0.559432,0.171005,0.268969
TCACGATGTCCGTGGA-1,0.000361,0.000361,0.302489,0.000361,0.696428
TCACGATTAATACGTT-1,0.00028,0.053322,0.760164,0.000281,0.185952
TCACGCATTGTAGATC-1,0.000269,0.00027,0.601704,0.105316,0.292441
TCACGGCCCAAGAGAG-1,0.000113,0.000202,0.097905,0.456116,0.445664
TCACGGTCATCGCACA-1,0.00031,0.000311,0.441284,0.251678,0.306418
TCACGTGCCCGATTCA-1,0.000175,0.000175,0.479896,0.226352,0.293402
TCACTACGACCAATGC-1,0.001746,0.136596,0.566943,0.291216,0.003498
TCACTATCCCTTCGGT-1,0.000417,0.997491,0.000837,0.000418,0.000837
TCACTATCGTGCAATC-1,0.000253,0.000254,0.442839,0.000254,0.556401
TCACTCAGCGCATTAG-1,0.000202,0.012058,0.261623,0.276547,0.44957
TCACTCGTGCAACGGC-1,0.002309,0.136501,0.854245,0.002315,0.004629
TCAGAACCTCCACAGG-1,0.000213,0.000214,0.780496,0.000214,0.218863
TCAGAACGGCGGTAAT-1,0.002701,0.8333,0.005414,0.002708,0.155877
TCAGACGCTATAGAAG-1,0.000417,0.000417,0.303982,0.471271,0.223914
TCAGAGCATGTCAACG-1,0.000086,0.02058,0.000171,0.113457,0.865706
TCAGAGGACGCGTTAG-1,0.002108,0.655363,0.00422,0.002979,0.33533
TCAGAGTGTGAGCATG-1,0.001476,0.758955,0.002959,0.001479,0.235131
TCAGATGGAGACGTAG-1,0.000455,0.058514,0.939665,0.000456,0.000911
TCAGCAAATGCATCTC-1,0.000143,0.024219,0.303168,0.059997,0.612475
TCAGCAGTAGGCCCTG-1,0.003579,0.00359,0.39118,0.241244,0.360406
TCAGCCAATCCGTAAA-1,0.000121,0.240455,0.125792,0.287743,0.345889
TCAGCGCACGCCGTTT-1,0.001236,0.408398,0.002473,0.422994,0.164899
TCAGCTTGAGCTTTCG-1,0.00011,0.001991,0.150705,0.217026,0.630168
TCAGGGCGACTTCCTT-1,0.000511,0.118312,0.833996,0.046155,0.001025
TCAGGGCGCAAACTCG-1,0.000407,0.000408,0.997963,0.000407,0.000815
TCAGGGTGCACGAAAC-1,0.000251,0.000252,0.678428,0.102587,0.218482
TCAGGGTGTAACGTAA-1,0.000238,0.000239,0.544537,0.093058,0.361928
TCAGGTTCTTTGAGAA-1,0.000181,0.000181,0.337853,0.06273,0.599054
TCAGTACTGACCCGCG-1,0.000215,0.000215,0.353123,0.114685,0.531763
TCAGTAGGGACTATAA-1,0.000206,0.000206,0.594879,0.09934,0.305369
TCAGTGTATACGTCAT-1,0.002139,0.04063,0.359983,0.207736,0.389513
TCAGTTACGGAATGAT-1,0.000338,0.133355,0.517674,0.000338,0.348295
TCATAAGTCCAAGAAG-1,0.002073,0.625804,0.365881,0.002081,0.004161
TCATACTTACAGATCC-1,0.000511,0.000513,0.997439,0.000513,0.001025
TCATATGAGCTTTGTT-1,0.000795,0.490129,0.506685,0.000797,0.001594
TCATCACTCGAGCTCG-1,0.001061,0.001068,0.994681,0.001063,0.002127
TCATCCATCTGATCAC-1,0.000184,0.045408,0.217218,0.097333,0.639858
TCATCCCAGAGGGTGG-1,0.00026,0.00026,0.516061,0.111225,0.372194
TCATCCTCAGCTGCTT-1,0.000312,0.911319,0.087428,0.000313,0.000627
TCATCGACGACCGTCG-1,0.000895,0.801647,0.194769,0.000897,0.001793
TCATCGATGGTCCCAA-1,0.001084,0.001087,0.359646,0.636009,0.002174
TCATGAAGCGCTGCAT-1,0.000171,0.042561,0.133463,0.029426,0.79438
TCATGCAGGTTCTCAT-1,0.000628,0.101445,0.896041,0.000629,0.001258
TCATGGAGGCCTTTGT-1,0.000884,0.546923,0.001771,0.24048,0.209942
TCATTCGTATAATTTG-1,0.000688,0.061663,0.935582,0.000689,0.001378
TCATTTAAGTCTCCGA-1,0.000477,0.000478,0.349961,0.014852,0.634232
TCATTTAGAAGTGTGA-1,0.002863,0.207631,0.245157,0.121744,0.422604
TCCAACTCAGCTATCT-1,0.000277,0.998336,0.000555,0.000277,0.000555
TCCAACTTTAAATTCT-1,0.000089,0.000089,0.106706,0.069986,0.82313
TCCAAGCCTAGACACA-1,0.000122,0.402577,0.000245,0.119235,0.477822
TCCAATAAAGGCTACC-1,0.001184,0.762433,0.002372,0.001186,0.232826
TCCAATGCGTCGCCGC-1,0.000267,0.037678,0.667325,0.000267,0.294463
TCCACAATGGTTTACG-1,0.000211,0.000211,0.378,0.009219,0.612359
TCCACATCGTATATTG-1,0.000852,0.590816,0.215022,0.191602,0.001708
TCCACCAAGACATAGG-1,0.002602,0.821455,0.168124,0.002606,0.005212
TCCACCTCTAGCCTTT-1,0.002982,0.578935,0.00598,0.406123,0.005981
TCCACTTTATCTAGGT-1,0.000452,0.000453,0.997738,0.000453,0.000905
TCCAGAGCACCGGTTC-1,0.00017,0.178485,0.319591,0.106925,0.394828
TCCAGATGTACGCCAA-1,0.000328,0.000329,0.998356,0.000329,0.000658
TCCAGCGCTATAAGCG-1,0.000513,0.06743,0.001029,0.000514,0.930514
TCCAGGCAGGACGATC-1,0.00349,0.746585,0.007002,0.235922,0.007001
TCCAGGCGAGTACGGT-1,0.000486,0.000487,0.983592,0.000487,0.014949
TCCAGGGTATATACGA-1,0.000187,0.411612,0.000374,0.115047,0.472781
TCCATCAATACTAATC-1,0.000564,0.000565,0.371731,0.547892,0.079248
TCCATTAGTTGGATAG-1,0.000392,0.000393,0.748501,0.000393,0.25032
TCCATTCCCACTAGAG-1,0.000283,0.000283,0.92744,0.000284,0.07171
TCCATTGTGACCTCGT-1,0.00016,0.00016,0.176208,0.045929,0.777543
TCCCAAACAGACAACG-1,0.0002,0.000201,0.866008,0.0002,0.133391
TCCCAAACATCCTCTA-1,0.000734,0.11153,0.551956,0.160859,0.174922
TCCCAAAGACGAAGGA-1,0.000151,0.000152,0.375269,0.10808,0.516349
TCCCAAAGCCCTAAAT-1,0.000594,0.063499,0.50849,0.000595,0.426822
TCCCAATATCGACGAC-1,0.000894,0.994621,0.001795,0.000896,0.001793
TCCCACGGAGGGAGCT-1,0.000328,0.018728,0.683884,0.000329,0.296731
TCCCACTCTCTTCCGG-1,0.000183,0.000184,0.52767,0.000184,0.471779
TCCCAGCACACGACAT-1,0.001337,0.001342,0.197009,0.797629,0.002682
TCCCAGCTTTAGTCTG-1,0.000547,0.033587,0.964222,0.000548,0.001095
TCCCAGGCTTAGCTAA-1,0.000442,0.000443,0.997787,0.000443,0.000885
TCCCGCCTATGTGCGT-1,0.000315,0.040392,0.616969,0.000315,0.342009
TCCCGCGTACTCCTGG-1,0.000376,0.000376,0.695687,0.000377,0.303184
TCCCGGGTGTGCTGCT-1,0.000094,0.000095,0.192384,0.000095,0.807332
TCCCGGTCAGGAATTT-1,0.00021,0.00021,0.80483,0.00021,0.194539
TCCCGTCAGTCCCGCA-1,0.000173,0.000174,0.307082,0.058355,0.634217
TCCCGTCGCGTCATAG-1,0.000151,0.015151,0.620675,0.01053,0.353492
TCCCGTGTGCAATTTG-1,0.000301,0.000301,0.164634,0.369505,0.465258
TCCCTAGATCAATAGG-1,0.000239,0.00024,0.687023,0.02853,0.283969
TCCCTCCGAAATCGTT-1,0.000247,0.000248,0.769477,0.000248,0.22978
TCCCTCTTCTCAAGGG-1,0.000333,0.840355,0.158312,0.000333,0.000667
TCCCTGGCGTATTAAC-1,0.000317,0.000318,0.348752,0.25336,0.397254
TCCCTGGCTCGCTGGA-1,0.000141,0.035692,0.233342,0.09883,0.631996
TCCCTTAGATTACTCG-1,0.000716,0.000718,0.996414,0.000718,0.001435
TCCCTTGTCTGAAACT-1,0.000924,0.79161,0.204688,0.000926,0.001851
TCCGAACGTTGCCGCT-1,0.000559,0.000561,0.430491,0.189757,0.378631
TCCGAACTTGGCTTAC-1,0.000291,0.06244,0.888995,0.000292,0.047983
TCCGAAGTAGTCACCA-1,0.001076,0.033259,0.962429,0.001079,0.002157
TCCGAATGGTCCTGAG-1,0.000278,0.000279,0.579566,0.254407,0.16547
TCCGACCGCTAATCAA-1,0.001417,0.08194,0.693437,0.001421,0.221785
TCCGAGAAGGCTAAGC-1,0.000202,0.000203,0.269733,0.188552,0.54131
TCCGATAATTGCCATA-1,0.000639,0.057287,0.865647,0.000641,0.075787
TCCGATGACTGAGCTC-1,0.000358,0.000359,0.522711,0.024624,0.451948
TCCGATGGTGCGACAT-1,0.000153,0.000154,0.113349,0.099226,0.787119
TCCGATTACATTGCCG-1,0.00033,0.000331,0.867096,0.000331,0.131913
TCCGCAGCCACCTAGC-1,0.000659,0.056232,0.941126,0.000661,0.001322
TCCGCCTGTCTACAAG-1,0.003184,0.98086,0.006382,0.003191,0.006383
TCCGCGGCAGCATCTG-1,0.000203,0.000204,0.376608,0.251321,0.371664
TCCGCGGCCCAATGAA-1,0.001988,0.342785,0.491834,0.159406,0.003987
TCCGCTGGGTCGATCG-1,0.000258,0.091997,0.448341,0.115999,0.343404
TCCGCTGTCATCCCGG-1,0.000489,0.046445,0.745818,0.00049,0.206758
TCCGCTTATCCCATTA-1,0.0004,0.124124,0.379209,0.273655,0.222612
TCCGGAGGAAGGGCTG-1,0.002017,0.071249,0.92067,0.002022,0.004042
TCCGGCCTAGCGTACA-1,0.000378,0.079919,0.714789,0.000379,0.204535
TCCGGCCTGCATCGAT-1,0.000255,0.000255,0.837382,0.077234,0.084874
TCCGGCTGTCGGGTCG-1,0.146351,0.405727,0.264708,0.179953,0.003261
TCCGGGCCACTAACGG-1,0.000827,0.838384,0.158302,0.000829,0.001658
TCCGGGCTTGACGGGA-1,0.000438,0.569883,0.428363,0.000439,0.000877
TCCGGTTCGTCCGGTC-1,0.000261,0.00076,0.649501,0.050477,0.299002
TCCGTAACCACAATCC-1,0.000405,0.080793,0.917583,0.000406,0.000813
TCCGTTAAGCTAATAT-1,0.001766,0.202355,0.273368,0.001772,0.520738
TCCGTTTAGCCTTGAA-1,0.000387,0.000388,0.672274,0.09951,0.227441
TCCTAAAGATTCAGAC-1,0.0003,0.629058,0.24503,0.12501,0.000602
TCCTAAATTGGGAAGC-1,0.003669,0.290364,0.694921,0.003682,0.007364
TCCTAACCGTCGGGCA-1,0.002427,0.403521,0.004863,0.492012,0.097177
TCCTACATCCACGGCC-1,0.000347,0.061234,0.347206,0.197904,0.39331
TCCTAGCAAAGAAGCT-1,0.000071,0.000071,0.184984,0.025585,0.789289
TCCTATCATAGGTAAC-1,0.000974,0.161658,0.486982,0.348434,0.001953
TCCTCCTAAGACATTC-1,0.000376,0.000377,0.338539,0.268641,0.392067
TCCTCGGGCTGGGCTT-1,0.00035,0.136905,0.568783,0.000351,0.293611
TCCTCTACGAGATGGC-1,0.000333,0.000334,0.718275,0.057482,0.223577
TCCTCTCCAGTTGTCC-1,0.00017,0.00017,0.271984,0.0295,0.698175
TCCTCTGGCCCATTAG-1,0.000403,0.000404,0.961815,0.036569,0.000809
TCCTGCAGCCGCCAAT-1,0.001475,0.883133,0.002959,0.00148,0.110953
TCCTGCCAACTGGAGA-1,0.001166,0.001169,0.994169,0.001166,0.002331
TCCTGCGTTGATACTC-1,0.000277,0.020455,0.732407,0.097062,0.149799
TCCTTACGACGGTCCG-1,0.000949,0.004502,0.991698,0.000951,0.001901
TCCTTCAATCCCTACG-1,0.000321,0.055356,0.699276,0.000322,0.244725
TCCTTCAGTGGTCGAA-1,0.00054,0.000541,0.855552,0.000542,0.142825
TCCTTGTCCTTTAATT-1,0.000617,0.786126,0.001237,0.210782,0.001237
TCCTTTAAATCCGCTT-1,0.005725,0.554848,0.01148,0.005741,0.422206
TCCTTTCTTACGCTTA-1,0.00057,0.07735,0.838231,0.000572,0.083277
TCGAAATTTAGGACCA-1,0.000282,0.000282,0.998588,0.000282,0.000565
TCGAAGAACCGAGCAC-1,0.000429,0.092139,0.864246,0.042326,0.000859
TCGAATATCCCGCAGG-1,0.000757,0.00076,0.428628,0.000759,0.569096
TCGAATCGCAGGGTAG-1,0.002601,0.984347,0.005222,0.002611,0.00522
TCGACAACTGAACCCG-1,0.000322,0.000322,0.151948,0.273347,0.574061
TCGACATAGCGTAGCG-1,0.000591,0.186651,0.329465,0.000593,0.4827
TCGACTGACGATGGCT-1,0.001934,0.988382,0.003874,0.001936,0.003872
TCGAGACCAACACCGT-1,0.000146,0.030174,0.42938,0.303056,0.237244
TCGAGCCAGGCAGGCC-1,0.001682,0.001688,0.714778,0.001689,0.280162
TCGAGGGCAACAGACG-1,0.002754,0.527174,0.461793,0.002761,0.005517
TCGAGTCTACGATTCG-1,0.000189,0.019269,0.099839,0.203268,0.677436
TCGATAGGCTAGTCGC-1,0.000214,0.000214,0.465294,0.163826,0.370452
TCGATGTTACGGCCGT-1,0.00034,0.029161,0.918582,0.000341,0.051576
TCGATTTACGAAACGA-1,0.001745,0.836129,0.0035,0.00175,0.156876
TCGCAAAGATGCATTT-1,0.000335,0.000336,0.545175,0.453482,0.000672
TCGCACCAGGAGGCAG-1,0.000561,0.000563,0.542469,0.455281,0.001126
TCGCATAAAGGGCGCA-1,0.000297,0.817221,0.181588,0.000298,0.000596
TCGCATCCCTAAGTGT-1,0.000786,0.000788,0.996061,0.000788,0.001576
TCGCATTCAATGACTT-1,0.000319,0.000319,0.681708,0.12,0.197654
TCGCCACCCGGATTAC-1,0.000357,0.040768,0.223143,0.15363,0.582102
TCGCCCAACTGACTCC-1,0.00062,0.149252,0.848266,0.000621,0.001241
TCGCCCACTGCGAGAG-1,0.000115,0.000116,0.059104,0.194652,0.746013
TCGCCGAAGTTGCGTC-1,0.000373,0.000374,0.627003,0.077859,0.294391
TCGCCGACATATTCGC-1,0.000424,0.997454,0.000849,0.000425,0.000849
TCGCCGCACCGCGTGA-1,0.000842,0.000844,0.894992,0.000844,0.102477
TCGCCGGAGAGTCTTA-1,0.000165,0.000165,0.444529,0.000165,0.554976
TCGCCGGATGGGCAAG-1,0.000344,0.000344,0.844733,0.068664,0.085916
TCGCCGGTCGATCCGT-1,0.000741,0.000743,0.996284,0.000744,0.001488
TCGCCTCCTTCGGCTC-1,0.001837,0.814926,0.00368,0.175877,0.003681
TCGCCTCGACCTGTTG-1,0.000387,0.151604,0.800283,0.04695,0.000776
TCGCGCGTTTACATGA-1,0.000201,0.020825,0.196672,0.076612,0.70569
TCGCGTAGCAGTGTCC-1,0.020422,0.02053,0.04098,0.020496,0.897571
TCGCGTCCAGAAGGTC-1,0.000252,0.007146,0.424773,0.000252,0.567576
TCGCTAAACCGCTATC-1,0.000466,0.000467,0.997664,0.000467,0.000935
TCGCTACTGGCTTTGA-1,0.000335,0.851756,0.077117,0.000335,0.070456
TCGCTCGATATATTCC-1,0.000176,0.000176,0.042587,0.000176,0.956885
TCGCTCGGCACCAGCG-1,0.000448,0.000448,0.997759,0.000448,0.000897
TCGCTGCCAATGCTGT-1,0.000181,0.434346,0.000362,0.087052,0.478059
TCGCTGGGCGGATTGT-1,0.00031,0.033644,0.29247,0.000311,0.673266
TCGCTGTGCGTAAATC-1,0.001491,0.018698,0.97533,0.001494,0.002988
TCGCTTAATTACGAAG-1,0.000347,0.000348,0.99826,0.000348,0.000696
TCGCTTTAAACGTTTG-1,0.000225,0.000226,0.472947,0.052137,0.474465
TCGGAATGACCATCAA-1,0.000244,0.027834,0.650238,0.054049,0.267635
TCGGAATGCGCTCTGA-1,0.000128,0.000128,0.295136,0.013781,0.690827
TCGGACGCCCAGCCCA-1,0.000263,0.103909,0.393919,0.000264,0.501646
TCGGAGAGTATCGGGA-1,0.000304,0.000305,0.218936,0.120093,0.660362
TCGGAGTACATGAGTA-1,0.00016,0.00016,0.213662,0.060734,0.725284
TCGGAGTCCTGGTTGC-1,0.000267,0.000267,0.2764,0.335828,0.387238
TCGGATCTGGATGACC-1,0.000198,0.046758,0.258166,0.314467,0.38041
TCGGCAGGGTTAAGGG-1,0.003179,0.584349,0.40291,0.003186,0.006377
TCGGCGAACCCAAACC-1,0.000459,0.064179,0.397017,0.00046,0.537885
TCGGCGGTATTAGATT-1,0.000766,0.052518,0.944417,0.000766,0.001533
TCGGCGTACTGCACAA-1,0.000698,0.0007,0.829584,0.167618,0.0014
TCGGCTAACTTCCCTT-1,0.000232,0.000232,0.655065,0.000232,0.344239
TCGGCTTGTATCGACG-1,0.00022,0.638545,0.149866,0.00022,0.211149
TCGGGAACGTGCCTAG-1,0.000174,0.013401,0.379422,0.036446,0.570557
TCGGGAGACAGCGTAC-1,0.005979,0.237937,0.738151,0.005976,0.011957
TCGGGATTCAAACATA-1,0.000077,0.000078,0.048507,0.010227,0.941111
TCGGGCACTTCTGGAT-1,0.000435,0.115551,0.882706,0.000436,0.000872
TCGGGCCGTCGTGGTA-1,0.000341,0.000342,0.331912,0.078291,0.589115
TCGGGTGAAACTGCTA-1,0.000199,0.0002,0.438302,0.0002,0.561099
TCGGTCCCGACAATAG-1,0.000312,0.000313,0.292963,0.475926,0.230487
TCGGTCCCTGACTCCA-1,0.000517,0.000518,0.997412,0.000518,0.001036
TCGGTGACCGCTCCGG-1,0.001101,0.001103,0.994486,0.001103,0.002207
TCGGTTAGCCATGTAG-1,0.000387,0.000388,0.935287,0.000388,0.063551
TCGTAACTCCCAAGAC-1,0.001987,0.988053,0.003984,0.001992,0.003984
TCGTAAGACGACATTG-1,0.00057,0.000571,0.86217,0.000572,0.136117
TCGTAAGCTCCGAGGA-1,0.000584,0.000586,0.997074,0.000586,0.001171
TCGTACCGACGTCAAG-1,0.000424,0.803076,0.000849,0.000425,0.195227
TCGTATAGTGCAATTA-1,0.000656,0.000658,0.642608,0.000658,0.355419
TCGTATCACCAAGCTA-1,0.000341,0.000342,0.463726,0.19079,0.344802
TCGTATTACCCATTGC-1,0.000213,0.014462,0.196819,0.000214,0.788293
TCGTATTTCGTCCGGA-1,0.00022,0.025117,0.754506,0.047122,0.173036
TCGTCAAGTACGCGCA-1,0.002604,0.409954,0.579614,0.002608,0.005219
TCGTCACACTGTTAGC-1,0.000157,0.000158,0.146571,0.130862,0.722252
TCGTCCGCTGGCGTCT-1,0.000705,0.000707,0.996468,0.000706,0.001413
TCGTCCGGGTACACTC-1,0.000468,0.013462,0.984664,0.000469,0.000937
TCGTCTTAGGCGTTAA-1,0.003871,0.003879,0.980622,0.003877,0.007751
TCGTGTACTATGGATG-1,0.008409,0.008453,0.340969,0.625289,0.016879
TCGTGTATTGGTCACG-1,0.004767,0.004788,0.408493,0.004787,0.577164
TCGTGTCACGCTGACA-1,0.001245,0.103374,0.708393,0.184492,0.002495
TCGTGTTCGACCACAA-1,0.000742,0.863322,0.001487,0.132963,0.001487
TCGTTAGGAGTCCCTA-1,0.00046,0.065509,0.644337,0.13332,0.156373
TCGTTCGTTATTATGT-1,0.00044,0.000441,0.726634,0.000442,0.272043
TCGTTGACAGGGTCCC-1,0.000302,0.000303,0.929632,0.007998,0.061765
TCGTTGCTATCCGGTC-1,0.001431,0.344691,0.649572,0.001436,0.002869
TCGTTGGCTCGTCAAT-1,0.000377,0.028653,0.604637,0.031054,0.335279
TCGTTTACGCGACCCT-1,0.000398,0.970684,0.027723,0.000399,0.000797
TCTAAAGAACAGTCTC-1,0.000372,0.11407,0.605263,0.026625,0.25367
TCTAACCTAGCCTGCG-1,0.003109,0.981302,0.006239,0.003118,0.006232
TCTAACTGTATGTAAA-1,0.000131,0.0157,0.534276,0.109207,0.340685
TCTAATACTGCCTCAG-1,0.000495,0.000497,0.097697,0.399974,0.501337
TCTACACGTTCATGCA-1,0.000282,0.000283,0.822262,0.000282,0.176892
TCTACCCAATAGAGAG-1,0.002754,0.475799,0.00552,0.510405,0.005522
TCTACCCGCATCATTT-1,0.001539,0.892917,0.003087,0.001543,0.100915
TCTACCGTCCACAAGC-1,0.000403,0.032655,0.767362,0.000404,0.199176
TCTACGCACGATCTCC-1,0.000304,0.000305,0.457012,0.287889,0.25449
TCTACGGGCTCAGTTG-1,0.000226,0.000227,0.998867,0.000227,0.000453
TCTAGCAATCTCCGCC-1,0.000695,0.041997,0.955218,0.000697,0.001393
TCTAGCATCTTCGATG-1,0.000723,0.000725,0.996378,0.000725,0.001449
TCTAGCATGCCCAGAA-1,0.000176,0.012657,0.303097,0.397888,0.286182
TCTAGGTGGCGACGCT-1,0.000282,0.000333,0.515954,0.000283,0.483148
TCTAGTGATATCGTGG-1,0.000918,0.086477,0.586121,0.16061,0.165874
TCTAGTTATCAGAAGA-1,0.000169,0.00017,0.168078,0.165596,0.665988
TCTATAGGTGGGTAAT-1,0.00019,0.936497,0.007868,0.00019,0.055255
TCTATCATGCAGTTAC-1,0.00146,0.001463,0.647829,0.001464,0.347785
TCTATCCGATTGCACA-1,0.002105,0.797584,0.004222,0.00211,0.19398
TCTATCGGTCGCAACA-1,0.000423,0.000424,0.795571,0.000425,0.203156
TCTATGCTATAACGAC-1,0.000196,0.630307,0.000394,0.113559,0.255544
TCTATTACGCTGGCGA-1,0.000214,0.000215,0.448734,0.146725,0.404111
TCTATTACTAGAGGAT-1,0.001337,0.001341,0.993299,0.001341,0.002683
TCTCAAATCAATCGGG-1,0.000222,0.840894,0.000445,0.000222,0.158216
TCTCAGGCTACTCGCT-1,0.003574,0.925832,0.007176,0.003584,0.059835
TCTCATGAGATAGGGT-1,0.0003,0.000301,0.09516,0.409208,0.495031
TCTCCAACGTAGGTTA-1,0.000361,0.000361,0.763287,0.050822,0.185169
TCTCCACAAGTTGAAT-1,0.003769,0.439489,0.545401,0.00378,0.007562
TCTCCCTGGGCAGCGT-1,0.003973,0.003986,0.980073,0.003991,0.007976
TCTCGAACGAGGTCAC-1,0.002758,0.002763,0.599226,0.389732,0.005521
TCTCGACGTATCGCCG-1,0.002168,0.002174,0.828108,0.002174,0.165376
TCTCGAGGAGGTTCGC-1,0.001403,0.001407,0.694331,0.001407,0.301452
TCTCGGCTCCAGGACT-1,0.00046,0.000461,0.997695,0.000461,0.000923
TCTCGTGTTACGAGGA-1,0.000737,0.000739,0.613284,0.00074,0.3845
TCTCTAATAGCTGGTA-1,0.000612,0.065898,0.931651,0.000613,0.001226
TCTCTCGCCGCACATA-1,0.001935,0.29322,0.521543,0.001939,0.181362
TCTCTTACCGCGAACC-1,0.001684,0.668347,0.144362,0.001689,0.183918
TCTGAACCGGTCGGCT-1,0.000508,0.073431,0.924536,0.000509,0.001017
TCTGAACTCGTACCCG-1,0.000618,0.03222,0.744259,0.000619,0.222285
TCTGAAGCACGTGGTC-1,0.005968,0.398929,0.377653,0.005976,0.211474
TCTGAATTCCGTACAA-1,0.000332,0.000333,0.62324,0.000333,0.375762
TCTGACGGGCTAACCC-1,0.000198,0.000199,0.720989,0.005415,0.273198
TCTGACTGTAATGGTT-1,0.000168,0.000168,0.175895,0.087492,0.736277
TCTGAGCAATTGACTG-1,0.00159,0.001592,0.275848,0.71778,0.003189
TCTGATCGGGTGCTAG-1,0.0008,0.067485,0.837397,0.000801,0.093516
TCTGATGTATTCTGTC-1,0.000808,0.162372,0.16512,0.670078,0.001622
TCTGATTGGAAATGGA-1,0.000329,0.00033,0.711678,0.00033,0.287333
TCTGCAGATTCGAGTC-1,0.000458,0.000459,0.963073,0.000458,0.035552
TCTGCATACCTTGCTT-1,0.0002,0.838791,0.053671,0.069682,0.037656
TCTGCCAGAAACTGCA-1,0.000428,0.275887,0.244323,0.000428,0.478934
TCTGCGAATCGTTCGC-1,0.000211,0.000211,0.998944,0.000211,0.000423
TCTGCGTCCGGTTTCT-1,0.000617,0.184197,0.813333,0.000618,0.001236
TCTGCTTAGAACAAGC-1,0.000364,0.059131,0.564134,0.117202,0.259169
TCTGGAGCGTAAGAGT-1,0.000612,0.000613,0.239357,0.000613,0.758804
TCTGGCCGTTCAAGTT-1,0.000328,0.080338,0.449113,0.084784,0.385437
TCTGGCGCAAGCCGGG-1,0.000277,0.000277,0.843881,0.000277,0.155288
TCTGGGAACCTTTGAA-1,0.000138,0.000138,0.000889,0.037494,0.961341
TCTGGGTAGCGCTCAT-1,0.00018,0.00018,0.279463,0.0145,0.705677
TCTGTCATACAAGAGC-1,0.0003,0.0003,0.629447,0.0003,0.369653
TCTGTGACTGACCGTT-1,0.000331,0.000331,0.86801,0.000331,0.130997
TCTGTGATGGAGGTTG-1,0.001126,0.00113,0.994356,0.00113,0.002258
TCTGTGCCATCATAGT-1,0.000217,0.040952,0.420167,0.014667,0.523997
TCTGTGGCTACATTTC-1,0.000698,0.0007,0.996501,0.0007,0.001401
TCTGTTACCCAGCATA-1,0.000682,0.099074,0.485965,0.00894,0.40534
TCTGTTTAGATTGTTC-1,0.000218,0.079648,0.202131,0.05431,0.663694
TCTTACAGAGGTACCG-1,0.001038,0.040633,0.955213,0.001038,0.002077
TCTTACCGGAACTCGT-1,0.000417,0.000418,0.885088,0.000422,0.113654
TCTTACGGCATCCGAC-1,0.000247,0.000248,0.519436,0.2168,0.263268
TCTTACTTATGCCTCT-1,0.000917,0.00092,0.371918,0.00092,0.625325
TCTTAGAGCTCCAATT-1,0.000201,0.000201,0.115892,0.275688,0.608018
TCTTAGAGTGAACTCT-1,0.001301,0.001304,0.993481,0.001305,0.002609
TCTTATGGGTAGTACC-1,0.00031,0.000311,0.226913,0.58081,0.191657
TCTTCCCATGGGCACA-1,0.000264,0.000265,0.60028,0.216906,0.182285
TCTTCGAATAGACGTT-1,0.000104,0.001402,0.007602,0.149603,0.841289
TCTTCGATACCAATAA-1,0.000052,0.000052,0.017428,0.049689,0.932779
TCTTCGCGGTGAGAGG-1,0.002701,0.837986,0.005419,0.14848,0.005415
TCTTCTATAACCCGCC-1,0.001403,0.216505,0.591383,0.001407,0.189302
TCTTGATGCGTAGCGA-1,0.0003,0.0003,0.784703,0.0003,0.214397
TCTTGCTCCCGATACT-1,0.000477,0.973744,0.024344,0.000479,0.000957
TCTTGGTAACACCAAA-1,0.000319,0.039048,0.959674,0.00032,0.000639
TCTTGGTCAATGATAC-1,0.000235,0.020427,0.348549,0.01842,0.612369
TCTTTAAGACTATGAA-1,0.000644,0.000646,0.718444,0.278973,0.001293
TCTTTAGAGTCTAACA-1,0.000241,0.000241,0.204581,0.404383,0.390553
TCTTTAGCAGGCGAAC-1,0.000261,0.026708,0.053101,0.067923,0.852006
TCTTTCATCCGTCCTT-1,0.000359,0.00036,0.673697,0.00036,0.325225
TCTTTCCTTCGAGATA-1,0.002656,0.98406,0.005318,0.002655,0.005312
TCTTTCGGCGGGACAC-1,0.000278,0.000278,0.721527,0.013756,0.264161
TCTTTCTCTTAAGGAG-1,0.000285,0.000286,0.736937,0.000286,0.262206
TGAAACCTCAACTCAC-1,0.000128,0.013131,0.211105,0.178168,0.597467
TGAAACTTATGCAAGC-1,0.000205,0.000206,0.51108,0.16781,0.320698
TGAAAGGACCTGACTC-1,0.00032,0.025529,0.846115,0.00032,0.127716
TGAACAAGCAGGGACT-1,0.002981,0.385198,0.602854,0.002989,0.005978
TGAACACCCGAAGCAG-1,0.00015,0.00015,0.504968,0.00015,0.494582
TGAACCTGAATGTGAG-1,0.00023,0.000231,0.509091,0.010718,0.47973
TGAACTGCTATGACTT-1,0.000157,0.000158,0.227487,0.030275,0.741923
TGAATACCGACGCGTA-1,0.000232,0.870664,0.071765,0.000232,0.057107
TGAATATGCTATAAAC-1,0.000406,0.000406,0.692991,0.078789,0.227409
TGAATGAGATACAGCA-1,0.000293,0.000293,0.998534,0.000294,0.000587
TGAATGAGTGTTTCCC-1,0.001494,0.99103,0.002989,0.001495,0.002992
TGAATGTCAGCCGGCC-1,0.001771,0.143078,0.849834,0.001773,0.003545
TGAATTTCACTTGCCT-1,0.000411,0.017121,0.849046,0.000411,0.133012
TGACAACGCATGTCGC-1,0.000602,0.023705,0.524109,0.000603,0.450981
TGACAACTTAAAGGTG-1,0.000307,0.026918,0.552858,0.123478,0.296439
TGACACTTCTCTTTGC-1,0.000524,0.108339,0.889561,0.000525,0.001051
TGACAGAAATCTTGCT-1,0.000185,0.014749,0.16019,0.431078,0.393797
TGACAGGACAAGTCCA-1,0.000451,0.067061,0.361623,0.000453,0.570412
TGACATATATGACGAT-1,0.000267,0.046446,0.610149,0.000268,0.34287
TGACATCGAGCGGACC-1,0.000617,0.000619,0.71667,0.026649,0.255445
TGACATGTAACGTGAC-1,0.000961,0.765605,0.230542,0.000964,0.001928
TGACCAAATCTTAAAC-1,0.000907,0.552189,0.320753,0.000908,0.125243
TGACCAGCTTCAAAGT-1,0.000305,0.000306,0.862024,0.019375,0.11799
TGACCCAACTCACATT-1,0.000311,0.000312,0.632787,0.007416,0.359174
TGACCCACGTTAGACA-1,0.000401,0.000402,0.850894,0.000402,0.1479
TGACCCAGCATTCCCG-1,0.000268,0.000269,0.37004,0.133121,0.496301
TGACGAATATTTCCCT-1,0.000109,0.027656,0.000219,0.005914,0.966101
TGACGATGCACTAGAA-1,0.000269,0.031019,0.534415,0.00027,0.434026
TGACTATAATCCTTTC-1,0.000435,0.103586,0.894671,0.000436,0.000872
TGACTCCGAATCATAC-1,0.000445,0.000446,0.508288,0.10306,0.387761
TGACTCTAACTGGTAA-1,0.000221,0.318701,0.000443,0.366044,0.314592
TGAGAATGCTTTACCG-1,0.001045,0.001048,0.84807,0.001048,0.148789
TGAGACGTACCTCTCA-1,0.000177,0.000178,0.499022,0.000178,0.500446
TGAGAGATTTACCACG-1,0.000692,0.06791,0.874361,0.000693,0.056344
TGAGATCAAATACTCA-1,0.00012,0.032052,0.354093,0.039324,0.57441
TGAGATTAGGCCCTAA-1,0.001015,0.001017,0.994917,0.001017,0.002034
TGAGCAGTCGTGAAGT-1,0.000287,0.046506,0.623053,0.001674,0.328479
TGAGCCATACAGTCTC-1,0.000187,0.000188,0.222431,0.189139,0.588055
TGAGCGGAAAGTGTTC-1,0.001704,0.65655,0.336624,0.001709,0.003414
TGAGCTCAACTGTATA-1,0.002138,0.612695,0.37874,0.002143,0.004284
TGAGCTTTAATGACGC-1,0.000544,0.000545,0.997274,0.000546,0.001091
TGAGGAGTGCCAGCTT-1,0.010215,0.215108,0.743945,0.010251,0.02048
TGAGGCATGTACTGTG-1,0.000257,0.000258,0.038349,0.329874,0.631261
TGAGGTGTGTGGCGGA-1,0.004471,0.649446,0.008975,0.004485,0.332623
TGAGGTTGATCCCAAG-1,0.000119,0.000119,0.062311,0.016496,0.920955
TGAGTAAATTAGCGTA-1,0.000235,0.000235,0.607889,0.20643,0.185211
TGAGTGCCTCTTAAAT-1,0.00017,0.008473,0.397656,0.055536,0.538165
TGAGTGGTCCGTGACG-1,0.000401,0.070646,0.905081,0.000402,0.02347
TGAGTGTAACAACGGG-1,0.001446,0.569848,0.424359,0.001449,0.002899
TGAGTTAAAGACATTC-1,0.000226,0.014481,0.180035,0.393213,0.412045
TGATACATTTAGCCGT-1,0.00161,0.001611,0.392261,0.001613,0.602906
TGATAGCGGGATTCTA-1,0.000184,0.000184,0.490395,0.022432,0.486805
TGATCACCACACTGAC-1,0.003668,0.527822,0.177357,0.00368,0.287473
TGATCAGGGAACTGCT-1,0.000194,0.01816,0.352489,0.094819,0.534338
TGATCCCAGCATTAGT-1,0.000313,0.000313,0.9009,0.000313,0.098161
TGATCGGTTTGACCCT-1,0.000435,0.000436,0.577497,0.070521,0.35111
TGATCTACGCTGATCT-1,0.000824,0.000825,0.995879,0.000824,0.001648
TGATCTATCACACTCT-1,0.001745,0.989497,0.003501,0.001752,0.003505
TGATCTCCGGCGCCAG-1,0.000207,0.000207,0.343035,0.157957,0.498594
TGATGCTCACGTAGTC-1,0.001589,0.001595,0.992032,0.001595,0.003189
TGATGGCTGTTTCTGA-1,0.000215,0.000216,0.586052,0.000216,0.413301
TGATGGGACTAAGTCA-1,0.000357,0.04934,0.821176,0.000358,0.128769
TGATGTCAATTAAGTG-1,0.000204,0.784625,0.081526,0.000205,0.133439
TGATTATGGCACGCAG-1,0.00053,0.000531,0.997344,0.000531,0.001063
TGATTCAGGTCCCGCG-1,0.001022,0.095753,0.424823,0.001025,0.477377
TGATTCCCGGTTACCT-1,0.004937,0.271344,0.708866,0.004951,0.009902
TGATTCGTCTATCACT-1,0.000122,0.023854,0.000245,0.113485,0.862294
TGATTCTGTCGCCGGT-1,0.000416,0.180195,0.458937,0.290036,0.070415
TGATTTATTAGCTGTG-1,0.000166,0.000166,0.188636,0.199388,0.611643
TGATTTCCTCCTGACG-1,0.000941,0.000944,0.995285,0.000943,0.001886
TGCAAACCCACATCAA-1,0.000239,0.022694,0.678049,0.003864,0.295155
TGCAAACGTACTAGTT-1,0.000666,0.317309,0.211102,0.245754,0.225169
TGCAAAGTTCGTCTGT-1,0.001884,0.988662,0.003778,0.001891,0.003784
TGCAACCCATCTGCGG-1,0.001989,0.619477,0.372558,0.001993,0.003984
TGCAACTACTGGTTGA-1,0.000374,0.631571,0.366931,0.000375,0.000749
TGCAAGAATGACGTAA-1,0.000087,0.000087,0.270293,0.109698,0.619834
TGCAATCTAACACGGT-1,0.000847,0.687547,0.309061,0.000848,0.001697
TGCAATTTGGGCACGG-1,0.002383,0.002393,0.988056,0.002391,0.004777
TGCACAGTGAAGTTAT-1,0.000582,0.000584,0.997086,0.000583,0.001165
TGCACGAGTCGGCAGC-1,0.000277,0.000277,0.998615,0.000277,0.000554
TGCAGAACTATATCGT-1,0.000373,0.000374,0.384152,0.3206,0.294502
TGCAGAGTACCGAGCA-1,0.000158,0.052444,0.670812,0.000671,0.275915
TGCAGATCGTCCTAGG-1,0.000449,0.059565,0.398109,0.00045,0.541427
TGCAGCTACGTACTTC-1,0.000514,0.068647,0.29425,0.000514,0.636074
TGCAGGATCGGCAAAG-1,0.000087,0.000087,0.124813,0.078238,0.796775
TGCAGTGAGGCTCGGG-1,0.000278,0.000279,0.998607,0.000279,0.000557
TGCAGTGGTAGGGAAC-1,0.000111,0.000111,0.457703,0.345814,0.196261
TGCAGTTTCCTCCCAT-1,0.000418,0.000419,0.793426,0.00888,0.196858
TGCATATGTCTGTCAC-1,0.000554,0.000556,0.843132,0.000556,0.155201
TGCATCTCCGGATCTT-1,0.000746,0.100981,0.896033,0.000747,0.001493
TGCATGAGTAGATTCG-1,0.000518,0.000518,0.909522,0.000518,0.088924
TGCATGGATCGGATCT-1,0.000659,0.000662,0.996697,0.000661,0.001321
TGCATGGCAGTCTTGC-1,0.000146,0.000146,0.000292,0.248377,0.751039
TGCATGTGACCCATAG-1,0.001665,0.182993,0.356342,0.455662,0.003338
TGCATGTGGTAATCTA-1,0.000245,0.026058,0.543058,0.000245,0.430394
TGCCAAAGTCAGACTT-1,0.000152,0.000153,0.274823,0.077196,0.647675
TGCCAATGGGTACTCT-1,0.00135,0.222263,0.373916,0.001354,0.401118
TGCCACACTAGAGGAA-1,0.00011,0.061708,0.133051,0.018617,0.786514
TGCCACCTGGCGAAAC-1,0.000542,0.000544,0.997283,0.000544,0.001087
TGCCAGTACGTGGAGA-1,0.001174,0.260946,0.382937,0.223088,0.131856
TGCCATGGCTTATAAG-1,0.000163,0.000163,0.22395,0.350002,0.425721
TGCCATTACTAAAGAA-1,0.000357,0.000358,0.811519,0.000358,0.187408
TGCCCGATAGTTAGAA-1,0.893461,0.098299,0.0033,0.001647,0.003294
TGCCCGTACCGTTAAA-1,0.000167,0.049879,0.263925,0.145181,0.540847
TGCCGAAAGCGTATTC-1,0.000316,0.000317,0.196299,0.010242,0.792827
TGCCGATGTCATCAAT-1,0.000262,0.000263,0.482604,0.000263,0.516608
TGCCGGATGTACGAGC-1,0.001154,0.215115,0.263266,0.157293,0.363171
TGCCGTGGATCGTCCT-1,0.003575,0.244617,0.74105,0.003587,0.007172
TGCCGTGGGACCCAAT-1,0.002209,0.793188,0.197982,0.002207,0.004415
TGCCGTTCTTAATCGG-1,0.000439,0.00044,0.428834,0.00044,0.569846
TGCCTAAATTTAATAG-1,0.000439,0.034692,0.563782,0.00044,0.400647
TGCCTAATTGAAGATT-1,0.003769,0.478002,0.315473,0.003775,0.198981
TGCCTGACATCGGTCA-1,0.00103,0.394685,0.481493,0.001032,0.12176
TGCCTGATCAAACGAT-1,0.000356,0.147632,0.734434,0.116864,0.000714
TGCCTTGCCCTTACGG-1,0.000261,0.000261,0.572747,0.023738,0.402993
TGCCTTGGCCAGGCAA-1,0.001127,0.284853,0.710629,0.00113,0.00226
TGCGAATATGGGATTT-1,0.000504,0.000505,0.2233,0.379485,0.396205
TGCGACACCCTAGTGC-1,0.000225,0.000225,0.560436,0.189258,0.249856
TGCGACGGCCGAACGT-1,0.00111,0.001112,0.282733,0.413348,0.301697
TGCGAGAAACGTTACG-1,0.000155,0.000155,0.313414,0.009742,0.676534
TGCGAGAATATTACCC-1,0.000136,0.000136,0.309745,0.169493,0.52049
TGCGAGATGGCGGCCA-1,0.000435,0.019938,0.978319,0.000436,0.000872
TGCGAGCCCTTCCGCG-1,0.001589,0.001594,0.992036,0.001593,0.003187
TGCGATGCTAATGGCT-1,0.000726,0.149815,0.847275,0.000728,0.001456
TGCGCAAAGCATTTGG-1,0.000173,0.047465,0.464171,0.070915,0.417276
TGCGCCGTTAATAACG-1,0.000322,0.000323,0.565008,0.17406,0.260288
TGCGCGATTAACGGAG-1,0.000289,0.00029,0.760667,0.00029,0.238464
TGCGGACTTGACTCCG-1,0.000296,0.570106,0.012857,0.218838,0.197903
TGCGGAGTAAAGGTGC-1,0.000257,0.000258,0.684068,0.000258,0.315158
TGCGGCATAGTTCAAC-1,0.000315,0.000316,0.619668,0.224348,0.155353
TGCGGGTATTGGGATC-1,0.00021,0.00021,0.166737,0.21955,0.613293
TGCGGTCTACGAGTAA-1,0.000331,0.000331,0.595659,0.217454,0.186224
TGCGGTGAAATTTCAT-1,0.000114,0.000114,0.19092,0.142798,0.666053
TGCGTAAGAACCTGAT-1,0.000163,0.000163,0.580698,0.030158,0.388819
TGCGTACGGCTAATTG-1,0.000477,0.758865,0.239223,0.000478,0.000957
TGCGTCATGACTGAGC-1,0.000194,0.000194,0.053663,0.293019,0.65293
TGCGTGATTGGGTGTC-1,0.000261,0.000262,0.391136,0.240163,0.368177
TGCGTTTGTTGACACT-1,0.00027,0.00027,0.226101,0.04007,0.73329
TGCTAAGTGTCTATTT-1,0.002017,0.244235,0.74768,0.002022,0.004046
TGCTATACAAACGGAC-1,0.000201,0.028414,0.727246,0.04161,0.202529
TGCTATGGCAAAGGGA-1,0.000097,0.000097,0.238402,0.28192,0.479484
TGCTCAAAGGATGCAC-1,0.000233,0.000234,0.302293,0.59662,0.10062
TGCTCACACAACAACC-1,0.000195,0.000196,0.453355,0.402953,0.143301
TGCTCCACAGTTCTTA-1,0.001038,0.048229,0.90726,0.041393,0.00208
TGCTCGGCGAAACCCA-1,0.003327,0.003337,0.983316,0.003339,0.00668
TGCTCGGTGGGTCACC-1,0.000203,0.754147,0.000407,0.038316,0.206927
TGCTCTGCCGGTTCAC-1,0.000485,0.000486,0.99757,0.000487,0.000973
TGCTCTTGAGAGTTTG-1,0.000342,0.740553,0.191226,0.067194,0.000685
TGCTGCGTCAGAGTTA-1,0.000364,0.109756,0.888785,0.000365,0.00073
TGCTGGTTGGACAATT-1,0.000441,0.09927,0.898966,0.000441,0.000883
TGCTGTTGAAGAACTC-1,0.0002,0.047356,0.7564,0.0002,0.195844
TGCTTAGAGAGAATGC-1,0.000434,0.082615,0.397292,0.308455,0.211205
TGCTTCCCAAGCAGTA-1,0.000299,0.095065,0.0006,0.644674,0.259362
TGCTTGAAACCATGCA-1,0.000156,0.000156,0.401165,0.16725,0.431273
TGGAAACGGAGTGAAC-1,0.000146,0.000147,0.428568,0.081426,0.489714
TGGAACCACTGACACA-1,0.000352,0.000353,0.968642,0.000353,0.030301
TGGAAGAAGGGAACGT-1,0.000253,0.000253,0.708888,0.115017,0.17559
TGGAAGACGAACACCA-1,0.000161,0.000162,0.477232,0.181153,0.341292
TGGAAGGATAAAGATG-1,0.000461,0.000463,0.997687,0.000463,0.000926
TGGAATATCCTTGACC-1,0.00027,0.000271,0.55985,0.252485,0.187125
TGGAATTAGACGCTTT-1,0.000162,0.015094,0.320144,0.146878,0.517723
TGGACACCGTTGCTTG-1,0.000813,0.38957,0.607171,0.000816,0.001631
TGGACCAATCTAAGAT-1,0.001045,0.711106,0.123523,0.162231,0.002094
TGGACCACGGCGTTGA-1,0.000118,0.000118,0.31225,0.124194,0.563321
TGGACGCAATCCAGCC-1,0.000427,0.067019,0.455273,0.228504,0.248776
TGGACGTAGGCGAATC-1,0.000437,0.000439,0.997807,0.000439,0.000878
TGGACTGTTCGCTCAA-1,0.00025,0.085654,0.348441,0.08399,0.481666
TGGAGAATAATCGTCC-1,0.002076,0.212684,0.779,0.002079,0.004162
TGGAGCTAAAGTTCCC-1,0.00024,0.029867,0.701642,0.000241,0.26801
TGGAGGGAAACACCTC-1,0.00022,0.00022,0.9989,0.00022,0.00044
TGGAGTGATGCGATGA-1,0.000324,0.000325,0.76523,0.000325,0.233796
TGGATAGAGTAACAGA-1,0.000266,0.000266,0.527225,0.16298,0.309263
TGGATGGCATCTTGGA-1,0.001351,0.15955,0.484803,0.001354,0.352941
TGGCAAACTAAATTAC-1,0.000468,0.000469,0.782414,0.000469,0.21618
TGGCAACTCGCGCGCC-1,0.000374,0.000375,0.834528,0.163974,0.000749
TGGCAAGCACAAGTCG-1,0.000362,0.63614,0.362411,0.000362,0.000725
TGGCAATGGGACGGCG-1,0.002045,0.229011,0.428979,0.335866,0.0041
TGGCACGAGCTCGAGT-1,0.000243,0.000244,0.700347,0.026421,0.272745
TGGCAGATTACGATCA-1,0.000228,0.084209,0.536493,0.149965,0.229106
TGGCAGCAGTAATAGT-1,0.000161,0.021479,0.512706,0.004326,0.461328
TGGCATGAAGTTTGGG-1,0.000961,0.08238,0.256518,0.000963,0.659178
TGGCCAAACTGAAGTA-1,0.000155,0.000156,0.361979,0.004311,0.633399
TGGCCAATTTGGTACT-1,0.000594,0.058058,0.657002,0.057831,0.226514
TGGCCGTATATTGACC-1,0.000265,0.011384,0.636335,0.000265,0.35175
TGGCGACTGCTCCAAA-1,0.002514,0.191194,0.45553,0.154324,0.196438
TGGCGATCAAGTTATG-1,0.000337,0.000338,0.443574,0.355189,0.200562
TGGCGGTGTGCGATTG-1,0.000356,0.000357,0.708816,0.079755,0.210716
TGGCTACACTCTACCT-1,0.000204,0.932306,0.00041,0.000205,0.066874
TGGCTATGTGACATAC-1,0.004777,0.68734,0.009558,0.004783,0.293543
TGGCTCTTGTCGCGTA-1,0.000564,0.000565,0.101683,0.134729,0.76246
TGGCTTATGTATAATG-1,0.000518,0.030185,0.155035,0.000518,0.813745
TGGCTTGTACAAGCTT-1,0.000291,0.000292,0.99854,0.000292,0.000584
TGGCTTTGGGTAGACA-1,0.001182,0.001187,0.994074,0.001186,0.00237
TGGGAAATGCCTTTCC-1,0.000458,0.068174,0.929993,0.000459,0.000917
TGGGACCATTGGGAGT-1,0.000249,0.00025,0.595951,0.101235,0.302315
TGGGATGCACTCATTC-1,0.000648,0.000649,0.996757,0.000649,0.001297
TGGGCAATAGTTGGGT-1,0.002511,0.002517,0.987414,0.002519,0.005038
TGGGCACAAACAGAAC-1,0.000207,0.000208,0.64152,0.000208,0.357856
TGGGCACGTTCTATGG-1,0.000479,0.048565,0.949517,0.00048,0.000959
TGGGCAGGCCACCGCA-1,0.001461,0.001464,0.002929,0.991216,0.002929
TGGGCCACAAGAGCGC-1,0.001246,0.001248,0.824701,0.001248,0.171556
TGGGCCCATACTAATT-1,0.000202,0.021433,0.221204,0.497447,0.259714
TGGGCCTTGCCTGCAT-1,0.00015,0.00015,0.022289,0.140191,0.83722
TGGGCGATACAATAAG-1,0.000435,0.707392,0.290865,0.000436,0.000872
TGGGTAAGGTTCCCGC-1,0.000499,0.067451,0.930551,0.0005,0.001
TGGGTGCACAAGCCAT-1,0.000288,0.902901,0.095945,0.000289,0.000577
TGGGTGGGATGTCATT-1,0.000828,0.135897,0.860788,0.000829,0.001658
TGGGTGTAATAGATTT-1,0.000331,0.679962,0.318714,0.000331,0.000662
TGGGTGTTAAGTAGAA-1,0.002511,0.231884,0.249507,0.511062,0.005036
TGGGTTTCGGGCGTAC-1,0.000195,0.080242,0.187742,0.062404,0.669417
TGGTAAGCAGGATTGA-1,0.00035,0.000351,0.330853,0.142852,0.525594
TGGTACCGGCACAGCC-1,0.000347,0.000348,0.725011,0.000348,0.273945
TGGTAGAATATATGGG-1,0.001031,0.001032,0.199584,0.001032,0.797321
TGGTATCGCATCCCAA-1,0.000148,0.017708,0.136209,0.113068,0.732867
TGGTATCGGTCTGTAT-1,0.000542,0.000544,0.997284,0.000543,0.001087
TGGTCCCACGCTACGG-1,0.001908,0.001913,0.990436,0.001914,0.003828
TGGTCGATATACCTCT-1,0.001112,0.001114,0.719034,0.276515,0.002225
TGGTCGGGTACAGGGC-1,0.000373,0.0354,0.374322,0.096933,0.492972
TGGTCGTGCAAGGCAA-1,0.000145,0.000145,0.300427,0.022553,0.676728
TGGTCGTTTGATAGAT-1,0.000418,0.00042,0.773641,0.223884,0.001637
TGGTCTGTTGGGCGTA-1,0.000344,0.032357,0.815239,0.000345,0.151714
TGGTGATCGTATTTGT-1,0.000275,0.000276,0.546522,0.006385,0.446541
TGGTGCCCTGCCTTAC-1,0.002601,0.565083,0.151969,0.275127,0.00522
TGGTGTGACAGACGAT-1,0.000412,0.048697,0.625631,0.110592,0.214667
TGGTTAACTTACATTT-1,0.000361,0.121358,0.076108,0.121377,0.680796
TGGTTAAGGGCGCTGG-1,0.000294,0.000295,0.936521,0.062301,0.000589
TGGTTATGCTTGCGGT-1,0.0005,0.214198,0.783796,0.000502,0.001003
TGGTTCAACGGGTAAT-1,0.000372,0.229328,0.000746,0.102649,0.666906
TGGTTCGTAGCAAAGG-1,0.000257,0.000257,0.511929,0.112717,0.37484
TGGTTGGAGGATCCTG-1,0.001053,0.001056,0.994728,0.001055,0.002108
TGGTTTAAACGTGGGT-1,0.000322,0.000323,0.998386,0.000323,0.000646
TGTAACTTGTCAACCT-1,0.000146,0.000147,0.316512,0.000147,0.683048
TGTAAGACTGATAAGA-1,0.000102,0.000102,0.060577,0.112106,0.827114
TGTAATGACCACAATA-1,0.00012,0.00012,0.549233,0.073371,0.377156
TGTAATGCCTTCGGAC-1,0.000383,0.000384,0.719689,0.000384,0.279161
TGTACCCGACCCTAAT-1,0.00042,0.000421,0.843358,0.000421,0.15538
TGTACCTACACGAGGG-1,0.002346,0.619947,0.004708,0.368293,0.004705
TGTACGAACAAATCCG-1,0.000112,0.049013,0.413446,0.098619,0.438809
TGTACGCTATCAGCTT-1,0.000264,0.000264,0.284254,0.02114,0.694078
TGTACTACTCTCACGG-1,0.000426,0.000427,0.88662,0.000427,0.1121
TGTACTATCGCTCGTT-1,0.002135,0.634194,0.33083,0.028559,0.004283
TGTACTGTGCCAAAGT-1,0.000261,0.000262,0.385998,0.139929,0.473551
TGTACTTCCGGGCATG-1,0.005117,0.724754,0.25475,0.005129,0.010249
TGTAGCCAATTCCGTT-1,0.003669,0.977945,0.007359,0.003676,0.00735
TGTAGCCATCCCATTC-1,0.000108,0.112468,0.000217,0.485378,0.401828
TGTAGGAGAAATTTCC-1,0.000192,0.022344,0.154298,0.000192,0.822974
TGTAGTGATCTATAAT-1,0.000282,0.081494,0.562911,0.000282,0.355031
TGTATAACAGATCCTG-1,0.000141,0.000141,0.27958,0.150325,0.569813
TGTATACGGATGATGA-1,0.000259,0.00026,0.761994,0.108825,0.128662
TGTATCAGACTGAAGC-1,0.00098,0.000982,0.995088,0.000983,0.001966
TGTATCCTTATTCCAT-1,0.000405,0.000406,0.829247,0.000405,0.169537
TGTATGGCGCAGACAG-1,0.000709,0.00071,0.694897,0.175688,0.127996
TGTATTTACCTAATGC-1,0.00064,0.000641,0.996797,0.000641,0.001282
TGTCATTTGTTGGGAA-1,0.000351,0.000352,0.929242,0.069352,0.000704
TGTCCACGGCTCAACT-1,0.000308,0.677908,0.320857,0.000309,0.000618
TGTCCCGACATAGCAC-1,0.000235,0.000236,0.385437,0.258536,0.355557
TGTCCGCAAACAATTC-1,0.002651,0.670985,0.163605,0.002656,0.160103
TGTCCGTGGCGCCTTT-1,0.000166,0.048145,0.521701,0.108891,0.321097
TGTCCTAAGTCACCGC-1,0.000213,0.000213,0.330348,0.000213,0.669013
TGTCGGCATGGTGGAA-1,0.000226,0.010635,0.829285,0.003147,0.156707
TGTCGTGGGTATAGGC-1,0.001591,0.476301,0.003187,0.51573,0.00319
TGTCGTTATCACATAT-1,0.000552,0.000554,0.590253,0.017043,0.391598
TGTCTACAGTTTCTGT-1,0.000217,0.002231,0.326099,0.305327,0.366126
TGTGACTACGCCAGTC-1,0.000609,0.000611,0.907337,0.000611,0.090833
TGTGACTAGAGTTTGC-1,0.000408,0.83481,0.163555,0.000409,0.000818
TGTGAGACTAGCCCAA-1,0.005122,0.618956,0.010248,0.355429,0.010245
TGTGATTCCAGCGCTT-1,0.000292,0.000293,0.651833,0.000293,0.347289
TGTGCCAGAGGCAAAG-1,0.000191,0.000191,0.251622,0.119727,0.62827
TGTGCCGGTGCCGGAA-1,0.001836,0.431973,0.444994,0.00184,0.119357
TGTGCTTTACGTAAGA-1,0.000237,0.010611,0.556991,0.000238,0.431923
TGTGGACTATCTACGT-1,0.00031,0.060166,0.518124,0.002654,0.418746
TGTGGAGGAAGCTTAA-1,0.000234,0.037741,0.632043,0.004567,0.325415
TGTGGCAAAGCGTATG-1,0.000279,0.00028,0.850614,0.00028,0.148548
TGTGGCGGGCTTCTGG-1,0.00022,0.578313,0.031227,0.389798,0.000442
TGTGGCTCCCACCAAC-1,0.000273,0.000274,0.117416,0.206776,0.675261
TGTGGTAGGGTGCCTT-1,0.000377,0.000378,0.262395,0.190556,0.546295
TGTGGTTGCTAAAGCT-1,0.001961,0.842878,0.003932,0.001965,0.149265
TGTGTAGTAGCACGTG-1,0.013026,0.921794,0.026102,0.013028,0.026051
TGTGTCGAAGTCGAGG-1,0.000302,0.043432,0.712732,0.000303,0.243231
TGTGTCGCGAGTTGCA-1,0.000181,0.000181,0.334253,0.183923,0.481462
TGTGTGACCATGAATC-1,0.000407,0.000408,0.447497,0.191847,0.359841
TGTGTTCGTATCCAAG-1,0.000125,0.009374,0.216908,0.036971,0.736622
TGTTAACAAAGTGACT-1,0.001811,0.655069,0.337673,0.001816,0.003631
TGTTATTGTATGTGGC-1,0.000745,0.125535,0.73284,0.000748,0.140132
TGTTCATAAATGTGCT-1,0.000124,0.000125,0.39785,0.192313,0.409587
TGTTCCGCTTCCATGA-1,0.000351,0.000352,0.887262,0.000352,0.111684
TGTTCCGGCCTGAGCT-1,0.002602,0.851476,0.005218,0.002608,0.138096
TGTTCGTATTGCGGTG-1,0.000564,0.268568,0.434625,0.137063,0.159181
TGTTCTCATACTATAG-1,0.002473,0.985155,0.004952,0.002474,0.004947
TGTTCTCTACTCCCTA-1,0.000364,0.000365,0.998175,0.000365,0.00073
TGTTCTTCCATTGACT-1,0.000227,0.000228,0.32079,0.000228,0.678528
TGTTGATCACTGTTTA-1,0.000572,0.000574,0.997133,0.000574,0.001147
TGTTGCCGTCGTCCCA-1,0.000973,0.164179,0.275959,0.000976,0.557913
TGTTGGCTGGCGGAAG-1,0.000182,0.000182,0.488771,0.058434,0.45243
TGTTGTCAAGAAGTCT-1,0.000233,0.000233,0.308314,0.298985,0.392235
TGTTTAATACTTCATC-1,0.000313,0.000314,0.635913,0.126626,0.236834
TGTTTCGGTACTTCTC-1,0.001446,0.001449,0.992757,0.00145,0.002898
TGTTTCTGAAGCGTGC-1,0.000342,0.111064,0.332942,0.342732,0.21292
TGTTTGAGATCGTCAG-1,0.000421,0.000422,0.692192,0.30612,0.000844
TTAAACAGAGTCCCGC-1,0.000289,0.092071,0.566158,0.078671,0.262811
TTAAACCGGTAGCGAC-1,0.000151,0.000151,0.321294,0.042233,0.63617
TTAAACCTGGTTCCTT-1,0.000117,0.000117,0.345796,0.195728,0.458242
TTAAACTCGAATTCAT-1,0.000264,0.000264,0.579574,0.000264,0.419634
TTAAAGGCGATGCTCG-1,0.001539,0.519805,0.357043,0.001543,0.12007
TTAAAGTAAGTCGCCA-1,0.000324,0.723924,0.274779,0.000325,0.000649
TTAACACCTCGAACAT-1,0.000147,0.000147,0.498089,0.073611,0.428006
TTAACCAACCCTCCCT-1,0.000669,0.00067,0.99665,0.00067,0.00134
TTAACCCGAGGCGTGT-1,0.000967,0.854072,0.142052,0.00097,0.001939
TTAACGAACAAGCAGT-1,0.00027,0.00027,0.703768,0.0245,0.271192
TTAACGTCGCAAGACC-1,0.00027,0.000271,0.530989,0.021472,0.446997
TTAACGTTAAAGCCTG-1,0.000196,0.000196,0.999018,0.000197,0.000393
TTAACTCACGCGTGGA-1,0.000335,0.000336,0.901401,0.000336,0.097592
TTAACTGATCGTTTGG-1,0.002651,0.856977,0.005317,0.002656,0.132398
TTAACTTCAGGTAGGA-1,0.001037,0.165863,0.563229,0.00104,0.268831
TTAAGACGAACGAACC-1,0.000354,0.000355,0.906363,0.000355,0.092572
TTAAGATACCCAGAGA-1,0.000207,0.024198,0.578141,0.192914,0.20454
TTAAGATAGGATTGAC-1,0.000827,0.00083,0.468334,0.36583,0.164179
TTAAGCCGACAACTTC-1,0.00029,0.00029,0.946584,0.052255,0.000581
TTAAGCGCCTGACCCA-1,0.000295,0.000296,0.900762,0.000296,0.098351
TTAAGGATACGGAGGT-1,0.000164,0.000164,0.30582,0.000164,0.693689
TTAAGGCCCGTACTTT-1,0.00027,0.126183,0.066107,0.076833,0.730607
TTAAGTATTGTTATCC-1,0.000378,0.619586,0.3789,0.000379,0.000757
TTAATCAGTACGTCAG-1,0.000734,0.141537,0.855521,0.000736,0.001471
TTAATGCGAGGTAACT-1,0.00018,0.00018,0.56637,0.022535,0.410735
TTAATGTAGACCAGGT-1,0.000423,0.036743,0.96156,0.000425,0.000849
TTAATGTGTTTGCAGG-1,0.000424,0.044604,0.953699,0.000425,0.000849
TTAATTGCTTTGGGTG-1,0.002602,0.98434,0.005224,0.00261,0.005223
TTAATTTCAGACGCGG-1,0.000987,0.000989,0.510009,0.000989,0.487026
TTACAACTACGCATCC-1,0.000178,0.000178,0.381969,0.360506,0.257169
TTACACGATCTGCGAC-1,0.000391,0.812363,0.18607,0.000392,0.000784
TTACAGACCTAAATGA-1,0.000096,0.000096,0.178093,0.030247,0.791468
TTACATCGTGGCCTGG-1,0.000918,0.04723,0.949095,0.000919,0.001838
TTACATGCCACAACTA-1,0.000723,0.048699,0.578117,0.079343,0.293118
TTACCATTGATTACCC-1,0.000203,0.000204,0.295443,0.000204,0.703947
TTACCCATTGCCGGGT-1,0.000847,0.000849,0.995759,0.000848,0.001696
TTACCCTAACAGTCCT-1,0.000351,0.068361,0.930232,0.000352,0.000704
TTACCCTAGGGATTGG-1,0.001812,0.779581,0.213156,0.001816,0.003635
TTACCGCCTTAGGGAA-1,0.000218,0.000218,0.519783,0.121259,0.358523
TTACGGATGGTTCGAG-1,0.000487,0.000488,0.673586,0.000488,0.324951
TTACGGTGTCACCGAG-1,0.000124,0.000124,0.266745,0.000783,0.732225
TTACGTAGCGCGTGCT-1,0.000323,0.027703,0.750811,0.000324,0.220838
TTACGTATCTATGACA-1,0.000388,0.778798,0.219647,0.000389,0.000778
TTACTAAAGGACTTTA-1,0.000453,0.07956,0.464703,0.131954,0.32333
TTACTATCGGCTTCTC-1,0.000121,0.000122,0.157603,0.000122,0.842032
TTACTCCGGCCGGGAA-1,0.000157,0.000157,0.151957,0.000157,0.847573
TTACTCTGGTACGTAC-1,0.000254,0.000255,0.358086,0.000254,0.641151
TTACTGGGATATTTCA-1,0.000127,0.057914,0.126255,0.010941,0.804763
TTACTGTCTAGAGCTC-1,0.000412,0.000413,0.997934,0.000414,0.000827
TTACTGTTTCTCTACG-1,0.000369,0.00037,0.497737,0.00037,0.501154
TTAGAAGAACATGACT-1,0.000568,0.140085,0.697443,0.071443,0.090461
TTAGAATAAGGGTCGG-1,0.00256,0.984625,0.005126,0.002564,0.005124
TTAGACACGATCGTTG-1,0.001644,0.00165,0.991756,0.001649,0.0033
TTAGACGAGTCACCTC-1,0.000273,0.021665,0.000547,0.161228,0.816288
TTAGAGGGATATACAG-1,0.000136,0.000136,0.078968,0.026736,0.894024
TTAGAGTATTGTCGAG-1,0.000323,0.000323,0.122689,0.696583,0.180082
TTAGAGTTTAGAAGGA-1,0.000268,0.000269,0.397289,0.150522,0.451652
TTAGATAGGTCGATAC-1,0.000566,0.21748,0.780252,0.000567,0.001134
TTAGCAACATGGATGT-1,0.000872,0.137943,0.858561,0.000874,0.001749
TTAGCATCCCTCACGT-1,0.000148,0.02724,0.193352,0.000148,0.779111
TTAGCCATAGGGCTCG-1,0.000435,0.103212,0.445971,0.177248,0.273134
TTAGCGAATAGATAGG-1,0.001539,0.753615,0.003086,0.001543,0.240217
TTAGCTAATACGATCT-1,0.000255,0.000255,0.727593,0.000255,0.271643
TTAGCTCTGTAATCCG-1,0.000203,0.000204,0.506893,0.000204,0.492496
TTAGCTGATTTGCCGT-1,0.00026,0.061029,0.389172,0.000261,0.549278
TTAGGATGGGAGGGTA-1,0.000597,0.051246,0.566776,0.000598,0.380783
TTAGGTCATAACCGAC-1,0.003347,0.003335,0.698337,0.288307,0.006675
TTAGGTGTGACTGGTC-1,0.000407,0.000407,0.491787,0.009267,0.498131
TTAGTAAACCTGCTCT-1,0.000311,0.349575,0.000623,0.4139,0.235591
TTAGTAGGGCGGCGGG-1,0.000116,0.000116,0.101103,0.073208,0.825458
TTAGTTATTCGTGGCA-1,0.000287,0.000288,0.219769,0.707355,0.072301
TTAGTTCAAGTGTTCG-1,0.000408,0.000409,0.87181,0.126555,0.000818
TTATAGATGCACATTA-1,0.000181,0.029306,0.130514,0.007196,0.832804
TTATAGGTAATTGTCT-1,0.002865,0.829667,0.005739,0.002869,0.158859
TTATAGTCCAAGGTGC-1,0.000286,0.000286,0.463384,0.293966,0.242078
TTATATACGCTGTCAC-1,0.000149,0.000197,0.215766,0.192263,0.591626
TTATATTTGGCAATCC-1,0.000377,0.000377,0.718079,0.000378,0.280789
TTATCATACTCGCAAA-1,0.000206,0.000207,0.535975,0.000207,0.463405
TTATCCAATCGAACTC-1,0.000188,0.000188,0.175199,0.133715,0.69071
TTATCCGGGATCTATA-1,0.000637,0.000639,0.362953,0.142345,0.493427
TTATCCTCAAGGAATA-1,0.00035,0.000351,0.294775,0.270264,0.43426
TTATCGCCTGCGAAGC-1,0.000249,0.016989,0.573353,0.028255,0.381154
TTATCTGACATTAGGA-1,0.000995,0.08257,0.496083,0.000997,0.419356
TTATCTGTATCATAAC-1,0.000586,0.000588,0.997061,0.000588,0.001176
TTATGAATGAAAGGGA-1,0.000259,0.025803,0.749728,0.00026,0.223951
TTATGACAAACTGGAT-1,0.000125,0.000125,0.119009,0.200602,0.680139
TTATGATCTTAACGAA-1,0.000233,0.000234,0.122623,0.308246,0.568664
TTATGCGTCCCGGTCC-1,0.000282,0.000283,0.231318,0.000283,0.767833
TTATGTTTGCGATAGA-1,0.000195,0.02592,0.294279,0.210748,0.468857
TTATTAGAGCGTGTTC-1,0.000226,0.008558,0.112061,0.168514,0.710641
TTATTAGGGAAGCATC-1,0.000551,0.000552,0.997242,0.000552,0.001104
TTATTATCTGGAAGGC-1,0.002561,0.002575,0.005128,0.002564,0.987172
TTATTTAGGTTCCTTA-1,0.00062,0.833241,0.136678,0.000621,0.028839
TTATTTCATCCCAAAC-1,0.0002,0.0002,0.438753,0.105269,0.455578
TTCAAAGTCTCTAGCC-1,0.000209,0.000209,0.301066,0.000209,0.698307
TTCAACGACCCGACCG-1,0.000596,0.000598,0.997014,0.000597,0.001194
TTCAAGCCGAGCTGAG-1,0.000411,0.000412,0.997939,0.000412,0.000825
TTCAATACTCTGAATC-1,0.000242,0.067015,0.290701,0.087597,0.554445
TTCAATTAGCCATAAT-1,0.000207,0.043139,0.543205,0.085156,0.328294
TTCACGAAAGGATCAC-1,0.000192,0.033237,0.664731,0.017672,0.284169
TTCACGGTCGTCACGT-1,0.000343,0.000344,0.054403,0.67594,0.26897
TTCACTCGAGCACCTA-1,0.002752,0.76949,0.005516,0.00276,0.219482
TTCACTTCCTAGAACG-1,0.002468,0.538829,0.451274,0.002477,0.004952
TTCAGAGTAACCTGAC-1,0.00036,0.000361,0.998198,0.000361,0.000721
TTCAGCCCTGGTCCAC-1,0.000428,0.000429,0.565121,0.20331,0.23071
TTCAGCTGGCGTGCCC-1,0.004964,0.004954,0.009902,0.269965,0.710215
TTCAGGCGTCAAAGCC-1,0.000284,0.008898,0.642186,0.000285,0.348348
TTCAGTTCAAGAGGAG-1,0.001301,0.107615,0.887169,0.001305,0.002611
TTCAGTTTGTGGCAGC-1,0.000132,0.004918,0.361052,0.128212,0.505687
TTCATAGCCTTGTAAC-1,0.000281,0.000282,0.650771,0.000282,0.348384
TTCATGGCGCAACAGG-1,0.000589,0.045668,0.951972,0.00059,0.001181
TTCCAATCAGAGCTAG-1,0.000268,0.000269,0.623129,0.053229,0.323104
TTCCAATCTGGCTATC-1,0.000244,0.033452,0.508545,0.274302,0.183457
TTCCACACAGATTTGA-1,0.000219,0.041215,0.38585,0.253024,0.319692
TTCCACATTTCTCGTC-1,0.000375,0.000376,0.475969,0.000376,0.522905
TTCCAGACGAGATTTA-1,0.000678,0.00068,0.43557,0.104613,0.458458
TTCCAGTGGGTTTCGT-1,0.002345,0.342197,0.648397,0.002354,0.004707
TTCCATCATGCGGTGA-1,0.002073,0.00208,0.989606,0.00208,0.004161
TTCCATCGACAGCGTG-1,0.000445,0.655624,0.342595,0.000445,0.00089
TTCCCAAAGTACTGAT-1,0.001789,0.656242,0.336592,0.001792,0.003586
TTCCCGACGCTTCACT-1,0.000288,0.000289,0.693311,0.000289,0.305823
TTCCCGGCGCCAATAG-1,0.000232,0.000233,0.267217,0.406892,0.325425
TTCCGCAGAGAAATAT-1,0.000297,0.000298,0.839543,0.049089,0.110773
TTCCGCGTGAGGCGAT-1,0.000267,0.06664,0.461561,0.237022,0.23451
TTCCGGCCTTGAGGCT-1,0.000571,0.000572,0.207709,0.790005,0.001144
TTCCGGCTCGACTTCT-1,0.000507,0.000509,0.997458,0.000509,0.001017
TTCCGGTATCTGTGTC-1,0.000307,0.000308,0.659455,0.032529,0.3074
TTCCGGTTACCCACTT-1,0.000609,0.000611,0.337975,0.167559,0.493247
TTCCTCGAGGGTGTCT-1,0.00048,0.000482,0.997594,0.000481,0.000962
TTCCTCGGACTAACCA-1,0.000702,0.280108,0.339051,0.000704,0.379436
TTCCTCTGCCCGAATA-1,0.000178,0.003538,0.742729,0.000179,0.253376
TTCCTTTCTGTGTTGC-1,0.000555,0.000556,0.99722,0.000556,0.001112
TTCGAACGAAACATGC-1,0.000795,0.10771,0.088079,0.801821,0.001594
TTCGACAGAGCCCGTG-1,0.002513,0.01337,0.557498,0.002518,0.424101
TTCGACGGGAAGGGCG-1,0.000308,0.049545,0.405758,0.251112,0.293277
TTCGAGCCGGCGCTAC-1,0.000534,0.10807,0.889791,0.000535,0.00107
TTCGCACTCGCGTGCT-1,0.000399,0.0004,0.731789,0.107211,0.160202
TTCGCACTGTACGACA-1,0.000185,0.209408,0.000371,0.450108,0.339928
TTCGCATCCGGAAGCA-1,0.000271,0.018234,0.529579,0.030654,0.421262
TTCGCCGCTCGCGCTA-1,0.000538,0.136502,0.354729,0.101477,0.406753
TTCGCGCGCCATACGA-1,0.002926,0.411508,0.57678,0.002929,0.005858
TTCGCTAGGAAGTTGT-1,0.000384,0.041814,0.127387,0.234286,0.596128
TTCGCTATCTGACGTG-1,0.000398,0.000399,0.998008,0.000399,0.000797
TTCGGACTGATGCCTT-1,0.000532,0.000533,0.997334,0.000533,0.001067
TTCGGACTGGGCATGG-1,0.000211,0.031107,0.239964,0.185318,0.5434
TTCGGCAACCCGCTGA-1,0.000917,0.055443,0.940882,0.00092,0.001838
TTCGGCTAGAGATGGT-1,0.001886,0.136785,0.855661,0.00189,0.003779
TTCGGGACTAATCGCG-1,0.000388,0.04423,0.854038,0.000389,0.100955
TTCGGGCGCTAGTCTT-1,0.002604,0.002608,0.181065,0.808505,0.005218
TTCGGGTTGCCACGGG-1,0.001573,0.733563,0.26013,0.001578,0.003156
TTCGGTACTGTAGAGG-1,0.000264,0.783043,0.00053,0.084046,0.132117
TTCGGTGGAGACGCCC-1,0.001364,0.001367,0.677583,0.001367,0.318319
TTCGTAATCCCAGCGG-1,0.000832,0.000835,0.995833,0.000834,0.001667
TTCGTACTCCAGAACG-1,0.000142,0.000143,0.380072,0.167009,0.452635
TTCGTGCATGTTATAG-1,0.00292,0.811305,0.005858,0.174062,0.005855
TTCGTGGGCTGGAAGC-1,0.000685,0.000686,0.996569,0.000687,0.001373
TTCGTTCAACGAAGTT-1,0.000319,0.00032,0.942525,0.00032,0.056515
TTCTAACCGAAGCTTA-1,0.000289,0.000289,0.240065,0.167094,0.592262
TTCTACCTCAATCGGT-1,0.000131,0.092317,0.176769,0.438841,0.291942
TTCTACCTTTATGTTG-1,0.000511,0.097019,0.810309,0.000513,0.091647
TTCTACTTGCGAGGGC-1,0.000592,0.000593,0.997037,0.000593,0.001185
TTCTAGAAAGTCTTAT-1,0.002234,0.442093,0.383111,0.002243,0.170319
TTCTAGGCCAATTGTG-1,0.000734,0.000736,0.996321,0.000736,0.001472
TTCTATGCCTTTCGCA-1,0.000429,0.000429,0.997853,0.00043,0.000859
TTCTATTAAACGCAGC-1,0.000485,0.79624,0.201816,0.000486,0.000973
TTCTCAATTGCTACAA-1,0.000595,0.000596,0.728446,0.000595,0.269768
TTCTCTTACAGGTGAT-1,0.000201,0.000202,0.000404,0.024042,0.975151
TTCTGACCGGGCTCAA-1,0.001908,0.001915,0.596083,0.001914,0.398181
TTCTGCCGCGCCTAGA-1,0.000573,0.035942,0.417506,0.544831,0.001148
TTCTGCGAGCGCCCTT-1,0.000313,0.000314,0.832818,0.000314,0.166241
TTCTGCGGGTTAGCGG-1,0.000348,0.210306,0.312139,0.00052,0.476687
TTCTGCTAGACTCCAA-1,0.000222,0.000222,0.436356,0.006007,0.557194
TTCTGTTTCCTGTCGC-1,0.00089,0.156927,0.839511,0.000891,0.001781
TTCTTAGTGAACGGTG-1,0.003491,0.191921,0.524759,0.272827,0.007002
TTCTTATCCGCTGGGT-1,0.002555,0.002562,0.465018,0.52474,0.005125
TTCTTCCCTTTGATAT-1,0.000163,0.000164,0.277809,0.005219,0.716646
TTCTTCGCAATAGAGC-1,0.00029,0.000291,0.526397,0.000291,0.472731
TTCTTGAGCCGCGCTA-1,0.000531,0.000532,0.913416,0.000532,0.084989
TTCTTGCTAGCATCTC-1,0.000463,0.059884,0.432323,0.101902,0.405428
TTCTTGGACGATCTGC-1,0.00057,0.000572,0.551181,0.199075,0.248602
TTCTTGGAGTAATGAG-1,0.000417,0.000418,0.529461,0.025087,0.444617
TTCTTGTAACCTAATG-1,0.000486,0.03291,0.965144,0.000487,0.000973
TTCTTGTGTCCATCAG-1,0.000309,0.00031,0.580227,0.00031,0.418844
TTCTTTGGTCGCGACG-1,0.000286,0.000287,0.628027,0.000287,0.371112
TTGAAACCCTCATTCC-1,0.00251,0.984912,0.005036,0.002514,0.005029
TTGAAAGGTGTAAAGG-1,0.002137,0.002143,0.989294,0.002142,0.004285
TTGAACGAATCCTTTG-1,0.000622,0.313861,0.631246,0.000624,0.053646
TTGAACGACGTGCTGA-1,0.006239,0.962561,0.012485,0.00624,0.012474
TTGAAGAATTCCCAGG-1,0.000223,0.042495,0.848417,0.000224,0.108641
TTGAAGGATGGGCGCC-1,0.000206,0.000206,0.374815,0.083211,0.541562
TTGAAGTGCATCTACA-1,0.000669,0.841869,0.155451,0.00067,0.001341
TTGAATATGGACTTTC-1,0.000225,0.000226,0.182674,0.000226,0.816648
TTGAATCGTTGTATAA-1,0.001337,0.001341,0.651663,0.001341,0.344318
TTGAATTCACGTGAGG-1,0.00038,0.000381,0.544514,0.052534,0.402192
TTGACAGGAGCTCCCG-1,0.000566,0.000567,0.557739,0.062671,0.378458
TTGACATGAACGTGGA-1,0.000446,0.062461,0.775272,0.160927,0.000894
TTGACCAGGAACAACT-1,0.000182,0.876367,0.122905,0.000182,0.000364
TTGACCATGTTCTCCG-1,0.000192,0.000192,0.240354,0.107922,0.651341
TTGACCGTGTTAATGA-1,0.000301,0.096877,0.400548,0.334981,0.167293
TTGACGATTCAGCACG-1,0.000563,0.000563,0.997186,0.000563,0.001126
TTGACGCTCCATGAGC-1,0.000454,0.000456,0.246061,0.000456,0.752574
TTGACTACCATATGGT-1,0.000277,0.000278,0.740893,0.197421,0.061131
TTGACTATTGTCCGGC-1,0.001647,0.001651,0.788484,0.031676,0.176542
TTGAGAAGTTTAGCAT-1,0.003115,0.274015,0.006238,0.00312,0.713511
TTGAGAGTACTGCTAA-1,0.000449,0.00045,0.669126,0.00045,0.329525
TTGAGCAGCCCACGGT-1,0.000487,0.318005,0.072406,0.000488,0.608614
TTGAGCGCCACGTGAT-1,0.000521,0.039784,0.397379,0.11431,0.448005
TTGAGGCATTTAACTC-1,0.000244,0.000245,0.536435,0.000245,0.462831
TTGAGGGTCGAACGCG-1,0.000738,0.067227,0.929818,0.000739,0.001478
TTGAGTCCCGCTGCTG-1,0.000814,0.089177,0.336857,0.034466,0.538686
TTGATAGTCAATACAT-1,0.00029,0.046874,0.669848,0.132738,0.150249
TTGATCTAACTTTGTC-1,0.000239,0.06772,0.433415,0.000239,0.498387
TTGATGCCGCTCGTCG-1,0.001683,0.15523,0.390155,0.001688,0.451245
TTGATGTGTAGTCCCG-1,0.000227,0.000227,0.212923,0.071497,0.715126
TTGATTAGCTGTTTCT-1,0.000347,0.09721,0.580763,0.000709,0.320971
TTGATTATGCAGATGA-1,0.000232,0.000232,0.614876,0.174441,0.210219
TTGCAAGAAGACTCCT-1,0.002347,0.985876,0.004708,0.002357,0.004713
TTGCACAATTCAGAAA-1,0.000173,0.000174,0.715535,0.150761,0.133357
TTGCACGGAGCAGCAC-1,0.000832,0.000834,0.995831,0.000834,0.001668
TTGCAGGTCATGAAGT-1,0.000402,0.000403,0.651017,0.000403,0.347775
TTGCATGCTGATCACG-1,0.000224,0.000225,0.459302,0.029715,0.510533
TTGCCAAGCAGAACCC-1,0.000293,0.000294,0.000587,0.030603,0.968224
TTGCCATAGCCCGCTC-1,0.000585,0.000586,0.333058,0.28543,0.380341
TTGCCCTGATCACGGG-1,0.000175,0.000176,0.418506,0.000176,0.580967
TTGCCGCAGACCTACA-1,0.000439,0.00044,0.472858,0.390206,0.136056
TTGCCGCTTTCTAGTA-1,0.492985,0.497196,0.00393,0.001963,0.003925
TTGCCGGTGATCCCTC-1,0.000811,0.000812,0.995949,0.00081,0.001619
TTGCCTAATCCAAAGT-1,0.000094,0.020211,0.228009,0.256177,0.495509
TTGCCTTCTCGCCGGG-1,0.000337,0.649956,0.348695,0.000337,0.000675
TTGCGCACAACCACGT-1,0.000577,0.831923,0.165765,0.000578,0.001156
TTGCGCTCTCTCGCTT-1,0.001023,0.001025,0.994879,0.001024,0.002048
TTGCGCTTGATCAATA-1,0.000223,0.738817,0.038678,0.000224,0.222058
TTGCGGAAAGCTGCCC-1,0.00159,0.244914,0.748711,0.001594,0.003191
TTGCGGCATCAGAAAG-1,0.000636,0.135794,0.778893,0.000638,0.084038
TTGCGGCGACTCATGC-1,0.000114,0.047751,0.294551,0.054641,0.602942
TTGCGTAGTTTGAGGA-1,0.000172,0.000173,0.231677,0.460398,0.30758
TTGCGTCGGCCAACCG-1,0.000353,0.101867,0.575934,0.000354,0.321491
TTGCGTGAACGCTTAG-1,0.001224,0.001227,0.993873,0.001226,0.002451
TTGCGTGTGTAGGCAT-1,0.000596,0.88643,0.001196,0.110581,0.001196
TTGCTAGCTACCAATC-1,0.000332,0.000333,0.749199,0.000333,0.249803
TTGCTCATAGTACGTG-1,0.000295,0.865601,0.133216,0.000296,0.000592
TTGCTCCCATACCGGA-1,0.00021,0.013764,0.48066,0.252171,0.253195
TTGCTGAAGGAACCAC-1,0.000817,0.091504,0.905218,0.00082,0.00164
TTGCTGATCATGTTCG-1,0.000306,0.000307,0.459729,0.000307,0.539352
TTGCTGCACCTATCCA-1,0.000517,0.000518,0.997411,0.000518,0.001036
TTGCTGGCCGGGCTTC-1,0.000258,0.000258,0.758242,0.000259,0.240983
TTGGAAGAATACAGTC-1,0.00029,0.000291,0.275578,0.376685,0.347155
TTGGACATGTGGCTTA-1,0.000449,0.00045,0.903519,0.00045,0.095132
TTGGACCATCTGGCAA-1,0.000895,0.000896,0.508381,0.101333,0.388494
TTGGACCTATAACAGT-1,0.003183,0.676621,0.310628,0.003189,0.006379
TTGGAGTCTCCCTTCT-1,0.000548,0.00055,0.938002,0.0598,0.0011
TTGGATATCGTCTACG-1,0.000116,0.000116,0.043138,0.26421,0.692421
TTGGATCGACTTCTGG-1,0.000254,0.000255,0.531258,0.219268,0.248966
TTGGATTGGGTACCAC-1,0.001118,0.001122,0.994396,0.001122,0.002243
TTGGCCAAATTGTATC-1,0.003043,0.889583,0.006108,0.095161,0.006105
TTGGCCATCTTGCGCT-1,0.001766,0.084101,0.670758,0.239831,0.003543
TTGGCCTAGAATTTCG-1,0.001724,0.212946,0.68723,0.001729,0.096371
TTGGCGATCCGAATAT-1,0.000252,0.000253,0.087959,0.025844,0.885691
TTGGCTCAATATGTGT-1,0.00024,0.85452,0.12314,0.021618,0.000481
TTGGCTCGCATGAGAC-1,0.000644,0.000647,0.864576,0.000646,0.133486
TTGGGAAGACGAGCCG-1,0.000508,0.718705,0.27926,0.000509,0.001018
TTGGGACACTGCCCGC-1,0.000256,0.000256,0.449851,0.007563,0.542074
TTGGGACGTAAGAGTT-1,0.001523,0.001526,0.386483,0.001526,0.608942
TTGGGCGGCGGTTGCC-1,0.000222,0.000223,0.377849,0.000223,0.621483
TTGGGTTTATTCAGCG-1,0.000279,0.00028,0.84006,0.158821,0.000559
TTGGTATGGCTTGTGT-1,0.00048,0.000482,0.882694,0.000482,0.115863
TTGGTCACACTCGTAA-1,0.000519,0.129667,0.868254,0.00052,0.00104
TTGGTGCGGTGTTGAA-1,0.001627,0.185781,0.553751,0.25558,0.003261
TTGGTTCGCTCAAAGG-1,0.000852,0.000855,0.691805,0.000854,0.305634
TTGGTTGCGGTGCGCG-1,0.000594,0.000595,0.556747,0.01166,0.430405
TTGTAACTTCATAGCG-1,0.000277,0.000278,0.550744,0.204792,0.243909
TTGTAAGGACCTAAGT-1,0.00041,0.115424,0.545676,0.005304,0.333186
TTGTAAGGCCAGTTGG-1,0.000163,0.054681,0.144383,0.058073,0.7427
TTGTAATCCGTACTCG-1,0.000382,0.03974,0.834951,0.000383,0.124545
TTGTACACCTCGAACA-1,0.000213,0.000214,0.231236,0.011239,0.757098
TTGTATCACACAGAAT-1,0.000251,0.000252,0.56287,0.022447,0.41418
TTGTCACCGCGGTATC-1,0.000192,0.000193,0.266167,0.03372,0.699728
TTGTCGTTCAGTTACC-1,0.000753,0.000755,0.889362,0.000755,0.108374
TTGTCTCGGCAAGATG-1,0.001837,0.279643,0.491668,0.223172,0.00368
TTGTGAACCTAATCCG-1,0.007942,0.952241,0.015944,0.007959,0.015914
TTGTGAGGCATGACGC-1,0.000403,0.19819,0.240057,0.319456,0.241894
TTGTGATCTGTTCAGT-1,0.003591,0.557158,0.4285,0.003585,0.007167
TTGTGCAGCCACGTCA-1,0.003409,0.450008,0.536337,0.003414,0.006832
TTGTGCGGAAGCGGAT-1,0.000204,0.031025,0.262532,0.207788,0.498451
TTGTGGAGACAGCCGG-1,0.00019,0.000191,0.308372,0.174147,0.517101
TTGTGGCCCTGACAGT-1,0.000918,0.04541,0.915418,0.00092,0.037334
TTGTGGTAGGAGGGAT-1,0.000331,0.05589,0.313493,0.000332,0.629954
TTGTGGTGGTACTAAG-1,0.000324,0.807934,0.140863,0.050228,0.000651
TTGTGTATGCCACCAA-1,0.003046,0.478237,0.338957,0.003053,0.176706
TTGTGTTTCCCGAAAG-1,0.000267,0.000267,0.031942,0.410783,0.556742
TTGTTAGCAAATTCGA-1,0.000432,0.062325,0.740775,0.157727,0.038741
TTGTTCAGTGTGCTAC-1,0.000344,0.000345,0.588454,0.093823,0.317034
TTGTTGGCAATGACTG-1,0.00077,0.076688,0.504559,0.389427,0.028557
TTGTTGTGTGTCAAGA-1,0.000307,0.000307,0.691109,0.000307,0.307969
TTGTTTCACATCCAGG-1,0.003252,0.100894,0.006528,0.00326,0.886065
TTGTTTCATTAGTCTA-1,0.001522,0.195007,0.511371,0.001527,0.290573
TTGTTTCCATACAACT-1,0.000452,0.033183,0.111986,0.305836,0.548544
TTGTTTGTATTACACG-1,0.001377,0.122822,0.299605,0.225967,0.350229
TTGTTTGTGTAAATTC-1,0.000089,0.000089,0.000179,0.012354,0.987289
