Feature ID,Feature Name,Feature count topic 1to8,Feature log2 fold change topic 1to8,Feature count topic 9,Feature log2 fold change topic 9,Feature count topic 10to11,Feature log2 fold change topic 10to11
ENSG00000228794,LINC01128,36,1.17944,38,0.36661,4,-2.9558
ENSG00000188976,NOC2L,80,0.81423,40,-0.8563,48,-0.6581
ENSG00000188290,HES4,62,-0.6765,262,2.28139,19,-2.1515
ENSG00000187608,ISG15,61,-1.7180,521,3.19514,40,-1.4698
ENSG00000188157,AGRN,43,-0.7196,104,1.19596,54,0.12788
ENSG00000078808,SDF4,95,-0.6623,195,0.92772,129,0.28123
ENSG00000176022,B3GALT6,35,0.15408,40,0.26589,27,-0.3930
ENSG00000160087,UBE2J2,54,0.11610,65,0.34709,42,-0.3991
ENSG00000131584,ACAP3,130,0.17553,90,-0.5131,127,0.01906
ENSG00000127054,INTS11,58,-0.3741,64,0.03987,81,0.45783
ENSG00000224051,CPTP,33,0.23697,41,0.42257,21,-0.6613
ENSG00000107404,DVL1,80,-0.1078,65,-0.3717,98,0.31064
ENSG00000175756,AURKAIP1,136,-0.0349,122,-0.1727,147,0.13424
ENSG00000221978,CCNL2,52,-1.0683,120,0.95738,103,0.79022
ENSG00000242485,MRPL20,115,-0.2349,113,-0.0964,146,0.34953
ENSG00000235098,ANKRD65,15,-1.9259,11,-1.2591,81,2.44493
ENSG00000179403,VWA1,38,-3.2644,297,1.38816,412,2.60793
ENSG00000160072,ATAD3B,15,-0.5137,29,0.84256,19,0.13954
ENSG00000197785,ATAD3A,19,-0.4194,33,0.75312,21,0.07593
ENSG00000205090,TMEM240,34,1.98287,10,-1.4184,7,-2.0602
ENSG00000160075,SSU72,183,0.42477,195,0.21181,107,-0.7802
ENSG00000228594,FNDC10,50,2.37402,18,-1.1799,5,-3.1042
ENSG00000272106,AL691432.2,25,0.00858,12,-1.1396,32,0.41144
ENSG00000197530,MIB2,69,0.30834,45,-0.5615,61,-0.1280
ENSG00000215790,SLC35E2A,26,0.95477,0,-7.2266,20,-0.2069
ENSG00000008130,NADK,28,-0.7861,65,1.07495,41,0.33301
ENSG00000078369,GNB1,444,0.47818,328,-0.3495,314,-0.4569
ENSG00000187730,GABRD,129,4.32192,6,-3.9988,6,-4.1706
ENSG00000067606,PRKCZ,212,1.29712,47,-2.0170,106,-0.8718
ENSG00000162585,FAAP20,57,-0.7541,113,0.82209,89,0.48480
ENSG00000157933,SKI,21,-1.2948,83,1.81101,35,0.33922
ENSG00000157916,RER1,67,-0.9885,154,0.96409,124,0.68626
ENSG00000157911,PEX10,26,-0.6707,14,-1.0929,54,1.14188
ENSG00000149527,PLCH2,22,0.79428,4,-2.1890,17,-0.2621
ENSG00000197921,HES5,29,5.50589,0,-7.1286,0,-4.8837
ENSG00000157870,PRXL2B,66,1.10296,56,-0.0243,18,-1.8225
ENSG00000177133,PRDM16-DT,31,0.17572,30,0.00816,26,-0.2453
ENSG00000158109,TPRG1L,150,1.33581,60,-1.1363,59,-1.2428
ENSG00000116213,WRAP73,15,-0.2687,22,0.53830,16,0.02468
ENSG00000130764,LRRC47,64,-0.2318,82,0.31464,72,0.12559
ENSG00000116198,CEP104,19,-0.4306,14,-0.6451,32,0.77600
ENSG00000196581,AJAP1,40,1.83659,0,-6.9759,16,-1.0950
ENSG00000069424,KCNAB2,293,2.24762,105,-1.2014,39,-2.7717
ENSG00000116254,CHD5,188,2.86778,47,-1.6804,14,-3.5508
ENSG00000116251,RPL22,272,-1.0045,359,0.05583,640,1.18192
ENSG00000116237,ICMT,40,0.32763,51,0.47303,23,-0.8733
ENSG00000097021,ACOT7,205,1.90754,47,-1.8859,58,-1.6877
ENSG00000215788,TNFRSF25,44,1.59144,41,0.23676,1,-5.3947
ENSG00000171680,PLEKHG5,35,2.82520,12,-1.2469,1,-4.4854
ENSG00000162408,NOL9,27,0.58075,16,-0.6151,18,-0.4588
ENSG00000162413,KLHL21,37,-0.6293,31,-0.5194,72,0.96062
ENSG00000116273,PHF13,17,-0.4794,37,1.09206,18,-0.1421
ENSG00000041988,THAP3,18,0.38284,8,-1.2185,17,0.00330
ENSG00000007923,DNAJC11,47,0.50347,38,-0.1976,31,-0.5855
ENSG00000171735,CAMTA1,205,1.31632,73,-1.3126,87,-1.1300
ENSG00000049245,VAMP3,23,-2.9524,95,0.58791,224,2.83408
ENSG00000049246,PER3,42,0.54212,21,-0.9172,32,-0.2822
ENSG00000116288,PARK7,246,-0.0308,173,-0.5593,291,0.28822
ENSG00000116285,ERRFI1,29,0.84714,11,-1.2496,18,-0.5454
ENSG00000162426,SLC45A1,35,1.40493,16,-0.9021,11,-1.4912
ENSG00000142599,RERE,133,1.43327,18,-2.6987,64,-0.8947
ENSG00000074800,ENO1,657,0.19922,621,-0.0308,547,-0.2542
ENSG00000171612,SLC25A33,41,1.57358,12,-1.5443,14,-1.3784
ENSG00000188807,TMEM201,24,0.01616,27,0.22271,21,-0.1588
ENSG00000171603,CLSTN1,918,1.55030,425,-0.8862,257,-1.7448
ENSG00000178585,CTNNBIP1,46,0.41167,8,-2.5123,47,0.19402
ENSG00000162441,LZIC,26,-1.1303,40,0.23319,66,1.24920
ENSG00000162444,RBP7,6,-3.5500,0,-7.3055,107,4.29895
ENSG00000130939,UBE4B,50,0.21238,10,-2.3100,60,0.38362
ENSG00000054523,KIF1B,297,-0.1253,144,-1.1554,414,0.56440
ENSG00000142657,PGD,48,-0.1996,62,0.35610,51,0.05483
ENSG00000160049,DFFA,32,-0.6127,43,0.24093,52,0.65160
ENSG00000142655,PEX14,32,0.82793,20,-0.5560,17,-0.8357
ENSG00000120948,TARDBP,61,-0.5474,75,0.13257,97,0.62493
ENSG00000116649,SRM,98,0.35067,83,-0.1633,73,-0.3867
ENSG00000171824,EXOSC10,24,-0.8366,48,0.80417,40,0.60366
ENSG00000198793,MTOR,39,0.74953,23,-0.6160,23,-0.6892
ENSG00000116661,FBXO2,202,0.14300,224,0.20712,162,-0.3323
ENSG00000132879,FBXO44,163,1.47344,90,-0.6161,42,-1.8587
ENSG00000116670,MAD2L2,14,-1.3932,28,0.47807,43,1.42660
ENSG00000177674,AGTRAP,11,-2.4939,134,3.03484,34,0.41275
ENSG00000011021,CLCN6,90,0.47190,60,-0.5168,68,-0.3609
ENSG00000116685,KIAA2013,33,-1.0145,39,-0.1210,81,1.25674
ENSG00000083444,PLOD1,19,-1.5208,91,2.02420,36,0.42002
ENSG00000116688,MFN2,106,0.87160,39,-1.3352,67,-0.5476
ENSG00000116691,MIIP,16,-0.6140,16,-0.2825,30,0.86895
ENSG00000048707,VPS13D,59,0.38588,49,-0.1882,43,-0.4214
ENSG00000162496,DHRS3,17,-2.2902,170,2.85216,46,0.40923
ENSG00000116731,PRDM2,86,1.15191,35,-1.1237,40,-0.9917
ENSG00000189337,KAZN,42,-0.8075,49,-0.0669,87,1.00963
ENSG00000142634,EFHD2,212,2.23215,63,-1.4759,35,-2.4448
ENSG00000116138,DNAJC16,25,0.58465,15,-0.6086,17,-0.4671
ENSG00000197312,DDI2,24,0.30613,35,0.67887,12,-1.0866
ENSG00000116786,PLEKHM2,98,0.61354,37,-1.3283,77,-0.2379
ENSG00000065526,SPEN,38,-0.7366,87,1.05885,53,0.27707
ENSG00000116809,ZBTB17,21,-0.6135,27,0.17672,36,0.68346
ENSG00000037637,FBXO42,17,0.18306,15,-0.1257,15,-0.1763
ENSG00000055070,SZRD1,35,-1.2260,103,1.25978,73,0.76485
ENSG00000157191,NECAP2,13,-1.7748,53,1.44542,43,1.26403
ENSG00000219481,NBPF1,10,-1.7944,28,0.83629,38,1.66791
ENSG00000058453,CROCC,15,0.16836,11,-0.4003,14,-0.0199
ENSG00000159363,ATP13A2,144,1.23907,62,-1.0323,60,-1.1596
ENSG00000117118,SDHB,62,0.11302,10,-2.6148,81,0.51804
ENSG00000117115,PADI2,43,-3.3940,593,2.39212,390,1.90037
ENSG00000179051,RCC2,24,-0.7579,69,1.46289,27,-0.0975
ENSG00000074964,ARHGEF10L,15,-0.0856,17,0.14496,15,0.03155
ENSG00000117154,IGSF21,152,2.10075,51,-1.3232,27,-2.3427
ENSG00000159423,ALDH4A1,46,-0.7706,72,0.42390,83,0.74861
ENSG00000127481,UBR4,19,-0.4771,29,0.47793,26,0.35003
ENSG00000127463,EMC1,27,-0.2379,31,0.13421,33,0.23869
ENSG00000053372,MRTO4,27,0.22659,19,-0.4831,26,-0.0577
ENSG00000053371,AKR7A2,37,-1.0442,81,0.87964,74,0.81236
ENSG00000077549,CAPZB,168,-0.2126,260,0.63774,162,-0.1352
ENSG00000173436,MICOS10,261,0.56575,62,-2.0397,233,-0.0334
ENSG00000158747,NBL1,214,0.70553,267,0.53669,63,-1.7926
ENSG00000169914,OTUD3,18,0.74109,11,-0.6496,11,-0.6597
ENSG00000162545,CAMK2N1,735,0.28243,245,-1.6041,784,0.20410
ENSG00000090432,MUL1,20,-0.6351,31,0.47644,31,0.55336
ENSG00000183114,FAM43B,28,1.25108,20,-0.2398,7,-1.8507
ENSG00000158828,PINK1,291,0.64739,184,-0.5509,186,-0.5819
ENSG00000244038,DDOST,27,-0.4460,62,1.17111,26,-0.2840
ENSG00000117245,KIF17,37,8.15916,0,-7.4631,0,-8.2219
ENSG00000189410,SH2D5,21,7.54668,0,-6.6747,0,-7.7604
ENSG00000127483,HP1BP3,122,-0.2125,125,-0.0392,151,0.29488
ENSG00000075151,EIF4G3,101,1.00648,26,-1.8098,62,-0.5781
ENSG00000117298,ECE1,22,-2.2033,174,2.46972,67,0.78455
ENSG00000162551,ALPL,13,-1.7577,125,3.49999,3,-2.9322
ENSG00000076864,RAP1GAP,262,1.78079,99,-1.1659,64,-1.9127
ENSG00000090686,USP48,27,-1.1377,23,-0.6738,79,1.54348
ENSG00000070831,CDC42,212,-0.4751,310,0.44622,288,0.36695
ENSG00000159189,C1QC,3,-5.5230,505,6.74552,8,-2.8235
ENSG00000173369,C1QB,4,-5.7459,703,7.09734,7,-3.3927
ENSG00000004487,KDM1A,37,0.15242,36,-0.0308,32,-0.1891
ENSG00000169641,LUZP1,65,2.34101,33,-0.6587,2,-4.5583
ENSG00000125944,HNRNPR,92,-0.3636,98,-0.0102,128,0.46824
ENSG00000125945,ZNF436,14,0.60907,7,-0.9651,10,-0.3483
ENSG00000088280,ASAP3,13,-1.1574,60,2.13680,14,-0.3322
ENSG00000117318,ID3,21,-3.4043,363,2.89904,157,1.41182
ENSG00000142676,RPL11,309,-1.4624,745,0.80132,904,1.33867
ENSG00000011007,ELOA,17,-1.0227,50,1.41064,26,0.36422
ENSG00000057757,PITHD1,185,0.79284,33,-2.3805,143,-0.2321
ENSG00000011009,LYPLA2,48,1.17494,45,0.16275,9,-2.3503
ENSG00000117308,GALE,17,0.52413,30,0.98718,3,-2.3635
ENSG00000117305,HMGCL,16,-0.7842,36,0.99740,24,0.39383
ENSG00000189266,PNRC2,43,-0.6587,92,0.98745,57,0.22694
ENSG00000188529,SRSF10,47,-0.3628,51,0.01340,66,0.45643
ENSG00000001461,NIPAL3,62,-1.1913,38,-1.2275,196,1.70636
ENSG00000133226,SRRM1,38,-0.6606,59,0.43951,62,0.60611
ENSG00000169504,CLIC4,33,-3.3223,237,1.18912,386,2.77804
ENSG00000117614,SYF2,43,-0.3897,78,0.84790,45,-0.0480
ENSG00000117616,RSRP1,50,-1.2806,97,0.51914,136,1.28563
ENSG00000183726,TMEM50A,90,-0.3177,77,-0.3461,130,0.55085
ENSG00000204178,MACO1,33,-0.0775,34,0.03921,35,0.08119
ENSG00000117643,MAN1C1,38,0.63533,55,0.76043,9,-2.0898
ENSG00000162430,SELENON,40,-1.2821,171,1.95803,60,0.14435
ENSG00000117640,MTFR1L,73,0.54941,51,-0.4142,49,-0.5201
ENSG00000117632,STMN1,1073,0.30207,118,-3.2212,1246,0.36581
ENSG00000158008,EXTL1,70,2.72008,12,-2.2389,9,-2.6983
ENSG00000142684,ZNF593,28,0.04774,40,0.61802,20,-0.5327
ENSG00000142669,SH3BGRL3,267,-0.4600,563,1.07359,269,-0.1543
ENSG00000158062,UBXN11,21,0.29349,37,1.00976,7,-1.6371
ENSG00000117682,DHDDS,25,1.09122,13,-0.7663,11,-1.0964
ENSG00000198830,HMGN2,100,-1.3307,175,0.33678,292,1.42227
ENSG00000117713,ARID1A,47,-0.3938,73,0.56902,57,0.17790
ENSG00000204160,ZDHHC18,38,0.47203,32,-0.1025,24,-0.6032
ENSG00000142751,GPN2,19,-0.2241,29,0.63117,18,-0.1125
ENSG00000090273,NUDC,184,0.30668,117,-0.6206,164,-0.1015
ENSG00000253368,TRNP1,48,2.57146,17,-1.1492,3,-3.7541
ENSG00000090020,SLC9A1,29,1.20033,30,0.32729,3,-2.9048
ENSG00000142784,WDTC1,32,-0.1458,37,0.19439,35,0.08316
ENSG00000186501,TMEM222,88,-0.2797,126,0.48360,97,0.07943
ENSG00000158195,WASF2,35,-2.2049,194,1.73139,149,1.48981
ENSG00000126705,AHDC1,57,1.11610,35,-0.5272,22,-1.3033
ENSG00000126709,IFI6,93,-1.0653,503,2.60771,40,-1.7743
ENSG00000009780,FAM76A,20,0.33232,0,-6.9628,23,0.41601
ENSG00000117758,STX12,86,-0.0618,58,-0.6235,106,0.34700
ENSG00000117751,PPP1R8,23,-0.4360,7,-1.8640,44,1.01453
ENSG00000117748,RPA2,41,0.03298,34,-0.2670,43,0.09192
ENSG00000126698,DNAJC8,104,0.01940,63,-0.7766,122,0.30082
ENSG00000130770,ATP5IF1,298,0.58856,107,-1.4204,244,-0.1842
ENSG00000204138,PHACTR4,10,-2.0250,61,2.03433,32,1.03956
ENSG00000198492,YTHDF2,57,0.37081,56,0.08113,38,-0.5835
ENSG00000116350,SRSF4,34,-0.6908,65,0.79155,51,0.42281
ENSG00000116353,MECR,23,0.59221,0,-7.1605,23,0.15634
ENSG00000060656,PTPRU,52,2.62893,21,-0.9715,1,-4.6730
ENSG00000162511,LAPTM5,10,-5.2767,1130,6.13432,38,-1.7931
ENSG00000162512,SDC3,119,-0.1588,144,0.25254,128,0.06531
ENSG00000134644,PUM1,144,0.96431,90,-0.5107,65,-1.0714
ENSG00000060688,SNRNP40,14,-0.9973,20,0.20401,32,1.11439
ENSG00000121766,ZCCHC17,93,0.72095,47,-0.8780,61,-0.5254
ENSG00000121769,FABP3,91,2.03397,10,-2.8826,28,-1.5506
ENSG00000162517,PEF1,97,0.19019,69,-0.4863,94,-0.0104
ENSG00000084636,COL16A1,32,-1.6386,33,-0.6639,133,2.05045
ENSG00000121753,ADGRB2,255,1.72904,123,-0.8044,53,-2.1568
ENSG00000184007,PTP4A2,127,-2.0700,154,-0.6833,726,2.47677
ENSG00000121774,KHDRBS1,91,-0.4898,138,0.48691,124,0.36099
ENSG00000121775,TMEM39B,18,0.44576,20,0.27758,10,-0.8794
ENSG00000025800,KPNA6,52,0.33465,52,0.08348,36,-0.5296
ENSG00000084652,TXLNA,31,-0.8714,88,1.42350,40,0.12802
ENSG00000084623,EIF3I,105,0.14893,77,-0.4328,103,0.01881
ENSG00000175130,MARCKSL1,276,-2.3937,240,-1.3931,2056,2.91735
ENSG00000160058,BSDC1,73,0.39240,34,-1.0761,66,-0.0478
ENSG00000176261,ZBTB8OS,34,-0.1630,48,0.50088,33,-0.0998
ENSG00000162521,RBBP4,65,-0.2355,56,-0.3238,88,0.44535
ENSG00000162522,KIAA1522,22,1.89291,13,-0.4561,2,-3.1898
ENSG00000134684,YARS,95,0.42850,92,0.06849,60,-0.6638
ENSG00000116497,S100PBP,14,-0.6811,20,0.35422,23,0.67706
ENSG00000160097,FNDC5,25,3.45772,3,-2.5084,1,-3.7971
ENSG00000121905,HPCA,333,3.25101,75,-1.8310,14,-4.3801
ENSG00000121900,TMEM54,40,-0.4665,61,0.53607,52,0.29881
ENSG00000004455,AK2,20,-1.9551,46,0.36275,97,2.04627
ENSG00000142920,AZIN2,24,-0.7415,23,-0.3915,51,1.04601
ENSG00000160094,ZNF362,22,-0.7653,28,0.05714,44,0.91328
ENSG00000134686,PHC2,63,-1.8712,344,2.00311,175,0.89385
ENSG00000163866,SMIM12,44,0.20815,52,0.31365,31,-0.5157
ENSG00000116544,DLGAP3,56,1.22488,64,0.46962,4,-3.7165
ENSG00000116560,SFPQ,110,-0.5038,121,-0.0318,175,0.64629
ENSG00000146463,ZMYM4,34,0.84576,26,-0.2291,15,-1.0983
ENSG00000142687,KIAA0319L,40,-0.1838,51,0.32666,43,0.05235
ENSG00000020129,NCDN,618,2.48282,187,-1.4396,72,-2.9844
ENSG00000126067,PSMB2,117,0.31878,43,-1.4453,119,0.13117
ENSG00000142686,C1orf216,88,1.75077,30,-1.3240,24,-1.7530
ENSG00000092847,AGO1,30,-0.4494,41,0.36111,40,0.38425
ENSG00000126070,AGO3,15,-1.1617,31,0.72888,35,1.04284
ENSG00000116863,ADPRHL2,15,-0.9545,15,-0.3475,38,1.26415
ENSG00000054116,TRAPPC3,51,0.37255,52,0.11621,33,-0.6137
ENSG00000116871,MAP7D1,172,-0.7217,150,-0.4707,350,1.04800
ENSG00000054118,THRAP3,52,-0.4316,104,0.97764,54,-0.1036
ENSG00000196182,STK40,20,-0.4608,44,1.10832,20,-0.1897
ENSG00000181817,LSM10,40,0.01609,44,0.13774,38,-0.1033
ENSG00000116898,MRPS15,55,0.33110,59,0.21230,36,-0.6266
ENSG00000163873,GRIK3,66,3.44497,7,-2.8695,5,-3.4603
ENSG00000163875,MEAF6,109,1.39025,35,-1.4332,44,-1.1776
ENSG00000134697,GNL2,16,-0.1065,23,0.56805,14,-0.2384
ENSG00000185090,MANEAL,29,1.70054,17,-0.4986,4,-2.5182
ENSG00000196449,YRDC,17,0.09077,22,0.49945,12,-0.4905
ENSG00000197982,C1orf122,190,-1.2172,213,-0.3056,558,1.53022
ENSG00000183431,SF3A3,29,-0.5553,62,1.01997,34,0.04664
ENSG00000183520,UTP11,22,0.32999,7,-1.5627,22,0.14305
ENSG00000116954,RRAGC,37,-0.3065,55,0.51978,42,0.09153
ENSG00000174574,AKIRIN1,66,-0.0742,60,-0.1612,74,0.17871
ENSG00000168653,NDUFS5,435,1.02468,139,-1.5141,251,-0.6800
ENSG00000127603,MACF1,121,-1.1497,331,1.19438,238,0.71973
ENSG00000090621,PABPC4,31,-1.4282,150,2.07479,52,0.22239
ENSG00000116983,HPCAL4,214,1.87330,84,-1.0921,45,-2.1384
ENSG00000084072,PPIE,27,-0.3953,12,-1.3001,48,0.88719
ENSG00000168389,MFSD2A,17,-1.5370,107,2.47554,24,-0.1826
ENSG00000131236,CAP1,106,-0.7285,230,0.99950,149,0.31530
ENSG00000131238,PPT1,128,-0.0680,270,1.21983,66,-1.1113
ENSG00000084073,ZMPSTE24,35,-0.3032,62,0.80746,35,-0.1444
ENSG00000049089,COL9A2,23,-2.7222,44,-0.4478,209,3.02446
ENSG00000084070,SMAP2,117,0.27257,221,1.12500,35,-1.8557
ENSG00000117016,RIMS3,145,2.51876,51,-1.2048,12,-3.4568
ENSG00000066136,NFYC,39,0.29316,42,0.20170,27,-0.5575
ENSG00000179862,CITED4,24,0.12319,30,0.37695,18,-0.4348
ENSG00000010803,SCMH1,20,0.84190,17,-0.0720,8,-1.2370
ENSG00000198815,FOXJ3,63,0.94549,29,-0.9747,35,-0.7803
ENSG00000177181,RIMKLA,38,2.88132,6,-2.3442,4,-2.8894
ENSG00000127125,PPCS,26,-0.3565,37,0.46021,31,0.20082
ENSG00000065978,YBX1,59,-1.9131,214,1.19628,229,1.57919
ENSG00000177868,SVBP,25,-0.2387,18,-0.5518,35,0.52970
ENSG00000117394,SLC2A1,93,-1.6457,658,2.77910,107,-0.5363
ENSG00000117395,EBNA1BP2,43,-0.0385,26,-0.7765,54,0.36821
ENSG00000179178,TMEM125,7,-4.5484,34,-0.6378,237,4.53355
ENSG00000066322,ELOVL1,36,-3.3689,139,0.13620,489,3.36368
ENSG00000159479,MED8,17,0.02930,16,-0.0505,17,-0.0112
ENSG00000198198,SZT2,11,-1.0643,29,1.09456,22,0.68745
ENSG00000178922,HYI,16,-1.5235,32,0.49261,52,1.55754
ENSG00000142949,PTPRF,105,0.06058,96,-0.1145,102,-0.0184
ENSG00000066135,KDM4A,16,0.81180,3,-2.2004,12,-0.2797
ENSG00000126091,ST3GAL3,47,1.46646,18,-1.1170,16,-1.4459
ENSG00000117408,IPO13,62,-1.8349,82,-0.3878,292,2.17715
ENSG00000117410,ATP6V0B,345,0.24911,328,-0.0064,271,-0.3403
ENSG00000117411,B4GALT2,70,0.13151,46,-0.6205,73,0.11478
ENSG00000159214,CCDC24,23,2.39959,1,-3.8588,5,-1.8123
ENSG00000196517,SLC6A9,6,-2.9526,19,0.01254,71,3.07675
ENSG00000178028,DMAP1,55,-0.0144,85,0.71297,40,-0.5236
ENSG00000117419,ERI3,162,0.31823,151,-0.0310,120,-0.4242
ENSG00000187147,RNF220,148,-0.0797,81,-0.9566,194,0.46568
ENSG00000142937,RPS8,501,-1.2728,1114,0.76982,1261,1.14633
ENSG00000070785,EIF2B3,17,0.62479,0,-6.3228,16,0.11862
ENSG00000126107,HECTD3,16,-0.6405,28,0.63138,24,0.46553
ENSG00000126088,UROD,63,-0.2619,77,0.22713,76,0.21807
ENSG00000117450,PRDX1,286,-1.0056,536,0.62330,595,0.92027
ENSG00000117448,AKR1A1,39,-0.6895,83,0.98555,53,0.27218
ENSG00000132780,NASP,31,-0.8836,26,-0.6441,75,1.26927
ENSG00000159592,GPBP1L1,39,-0.7848,72,0.69357,66,0.61017
ENSG00000159596,TMEM69,22,0.79595,0,-7.0299,19,-0.0486
ENSG00000086015,MAST2,30,0.44955,31,0.20826,17,-0.8189
ENSG00000117461,PIK3R3,15,-0.2494,47,1.84143,4,-2.2541
ENSG00000085998,POMGNT1,59,-0.7563,48,-0.5848,125,1.11741
ENSG00000132128,LRRC41,54,-0.3312,78,0.48556,63,0.14945
ENSG00000173660,UQCRH,496,1.72430,106,-2.0165,172,-1.3972
ENSG00000117480,FAAH,36,-1.0187,23,-1.0394,97,1.49637
ENSG00000079277,MKNK1,22,-0.4795,49,1.17746,21,-0.2344
ENSG00000123472,ATPAF1,130,0.27651,84,-0.5916,118,-0.0753
ENSG00000159658,EFCAB14,57,-1.5863,155,0.93462,179,1.39709
ENSG00000162368,CMPK1,91,-0.1936,96,0.02346,108,0.24001
ENSG00000162373,BEND5,30,1.86774,5,-2.2145,9,-1.5162
ENSG00000162374,ELAVL4,183,4.32714,20,-2.8593,3,-5.5420
ENSG00000185104,FAF1,42,-0.5306,62,0.41253,62,0.45833
ENSG00000123091,RNF11,415,1.68737,85,-2.0836,150,-1.3294
ENSG00000085832,EPS15,170,0.05289,156,-0.1220,168,-0.0044
ENSG00000117859,OSBPL9,11,-1.7849,23,0.35768,47,1.88143
ENSG00000078618,NRDC,78,0.06042,78,0.02886,73,-0.0980
ENSG00000117862,TXNDC12,33,-0.1620,54,0.76738,28,-0.3314
ENSG00000134717,BTF3L4,55,-0.1814,41,-0.5292,73,0.45560
ENSG00000157077,ZFYVE9,24,1.39042,5,-1.9316,11,-1.0064
ENSG00000134748,PRPF38A,19,-0.6161,30,0.49944,29,0.51599
ENSG00000134744,TUT4,12,-1.6217,64,2.10032,25,0.47223
ENSG00000162377,COA7,20,1.68542,1,-3.7183,8,-1.0507
ENSG00000162378,ZYG11B,108,1.36172,55,-0.7705,35,-1.5188
ENSG00000116171,SCP2,79,-0.8277,153,0.75113,135,0.62733
ENSG00000162384,CZIB,58,-0.3118,72,0.23681,72,0.27770
ENSG00000162385,MAGOH,27,0.18208,18,-0.5797,27,0.03743
ENSG00000157193,LRP8,37,0.77563,38,0.24234,13,-1.4773
ENSG00000058799,YIPF1,16,0.11032,20,0.40679,12,-0.4397
ENSG00000081870,HSPB11,37,0.67052,14,-1.2994,28,-0.3141
ENSG00000116209,TMEM59,170,-0.6873,137,-0.5799,343,1.04119
ENSG00000116221,MRPL37,43,0.83842,23,-0.7616,24,-0.7366
ENSG00000157216,SSBP3,219,1.52569,47,-2.0416,90,-1.1413
ENSG00000243725,TTC4,19,0.06354,15,-0.3887,20,0.10706
ENSG00000116133,DHCR24,114,-0.6830,46,-1.6094,252,1.23917
ENSG00000162402,USP24,25,-0.1913,37,0.54897,25,-0.0955
ENSG00000162407,PLPP3,226,0.06223,209,-0.1026,220,-0.0269
ENSG00000162409,PRKAA2,23,1.63369,11,-0.7579,5,-2.0187
ENSG00000162601,MYSM1,30,0.47746,11,-1.4082,26,-0.0583
ENSG00000177606,JUN,130,0.04993,107,-0.2912,135,0.08147
ENSG00000134709,HOOK1,35,3.45916,3,-2.8709,2,-3.4829
ENSG00000134716,CYP2J2,10,-1.8023,23,0.46574,42,1.85341
ENSG00000162599,NFIA,73,-1.2837,211,1.21955,161,0.86682
ENSG00000162604,TM2D1,41,-0.4969,27,-0.7832,74,0.88620
ENSG00000162607,USP1,26,-0.4295,49,0.87535,28,-0.0122
ENSG00000116641,DOCK7,28,-0.2041,31,0.11099,33,0.20758
ENSG00000125703,ATG4C,17,-2.2969,18,-0.9705,116,2.75295
ENSG00000079739,PGM1,45,0.29485,32,-0.4129,38,-0.1771
ENSG00000158966,CACHD1,18,0.03165,28,0.75968,12,-0.6559
ENSG00000162434,JAK1,44,-0.3283,63,0.45732,52,0.16449
ENSG00000162433,AK4,52,0.55641,41,-0.2377,33,-0.6373
ENSG00000116675,DNAJC6,279,0.24595,47,-2.6059,330,0.37809
ENSG00000213625,LEPROT,24,-1.4868,99,1.76450,50,0.65219
ENSG00000184588,PDE4B,54,-1.2679,175,1.41852,109,0.68782
ENSG00000118473,SGIP1,90,1.42985,32,-1.2696,33,-1.3080
ENSG00000198160,MIER1,22,-0.3850,34,0.57626,26,0.16062
ENSG00000142864,SERBP1,104,-0.6501,206,0.87641,143,0.30472
ENSG00000116717,GADD45A,19,-0.1696,25,0.35077,20,0.01688
ENSG00000172380,GNG12,13,-1.7645,51,1.33140,45,1.33494
ENSG00000116729,WLS,62,-1.1324,235,1.78911,89,0.11835
ENSG00000033122,LRRC7,61,0.99301,9,-2.6095,41,-0.4202
ENSG00000066557,LRRC40,22,0.75380,11,-0.9022,14,-0.5580
ENSG00000116754,SRSF11,93,-0.5571,158,0.65087,128,0.34281
ENSG00000118454,ANKRD13C,25,-0.2576,18,-0.5702,36,0.55747
ENSG00000132485,ZRANB2,85,0.28531,65,-0.3288,71,-0.2057
ENSG00000172260,NEGR1,177,2.21184,50,-1.5616,32,-2.3373
ENSG00000178965,ERICH3,50,3.27596,10,-2.0211,2,-4.0512
ENSG00000162623,TYW3,24,0.56688,11,-0.9825,18,-0.2895
ENSG00000117054,ACADM,37,-0.0509,28,-0.4389,43,0.26786
ENSG00000137955,RABGGTB,28,-0.7268,34,0.05154,52,0.87156
ENSG00000117069,ST6GALNAC5,44,6.66713,0,-7.7325,0,-6.1102
ENSG00000142892,PIGK,36,-0.3604,14,-1.4997,63,0.88397
ENSG00000154027,AK5,331,1.17784,32,-3.2213,203,-0.5525
ENSG00000036549,AC118549.1,25,-0.2148,12,-1.1569,37,0.66327
ENSG00000077254,USP33,96,0.67133,60,-0.5795,61,-0.5998
ENSG00000180488,MIGA1,81,-0.2486,47,-0.9048,121,0.64219
ENSG00000162613,FUBP1,43,0.19923,52,0.35610,30,-0.5379
ENSG00000162616,DNAJB4,25,-0.7508,56,1.03923,35,0.31367
ENSG00000117114,ADGRL2,29,1.03768,33,0.46218,4,-2.6864
ENSG00000137941,TTLL7,100,-1.3761,42,-1.8556,371,1.97556
ENSG00000142875,PRKACB,422,0.49875,145,-1.5055,376,-0.0600
ENSG00000117133,RPF1,21,-0.0010,23,0.14033,20,-0.0811
ENSG00000174021,GNG5,46,-0.8297,129,1.38810,60,0.10138
ENSG00000117155,SSX2IP,119,2.51489,40,-1.2637,10,-3.3321
ENSG00000162642,C1orf52,54,0.35392,25,-1.0880,51,0.00108
ENSG00000153904,DDAH1,309,0.62280,236,-0.2631,183,-0.7193
ENSG00000142871,CCN1,24,-1.4914,184,3.07080,11,-1.8881
ENSG00000117174,ZNHIT6,16,-1.4502,47,1.05639,45,1.17385
ENSG00000122417,ODF2L,16,1.21822,7,-0.8863,6,-1.2127
ENSG00000097033,SH3GLB1,33,-1.6217,129,1.52847,90,1.02818
ENSG00000183291,SELENOF,95,-0.7539,154,0.49024,165,0.69257
ENSG00000153936,HS2ST1,34,0.47078,43,0.50455,15,-1.1906
ENSG00000143013,LMO4,519,3.45602,48,-3.1268,46,-3.3229
ENSG00000065243,PKN2,17,-0.6865,36,1.00530,22,0.25149
ENSG00000137947,GTF2B,20,-0.3657,23,0.08593,27,0.42532
ENSG00000213516,RBMXL1,20,-0.2992,2,-3.4538,35,0.99328
ENSG00000197147,LRRC8B,86,0.71784,14,-2.5268,71,-0.1318
ENSG00000171492,LRRC8D,38,-1.2830,57,0.12850,110,1.45505
ENSG00000162664,ZNF326,25,-0.6183,16,-0.8563,50,1.03583
ENSG00000233593,LINC02609,25,0.53961,7,-1.6384,22,-0.0775
ENSG00000122482,ZNF644,26,-0.7022,25,-0.2759,51,0.96566
ENSG00000172031,EPHX4,24,2.80888,10,-0.9280,0,-8.0073
ENSG00000189195,BTBD8,119,3.03151,25,-1.9256,9,-3.5831
ENSG00000122484,RPAP2,26,0.52000,29,0.30861,12,-1.0471
ENSG00000067208,EVI5,17,-1.1699,38,0.76114,41,1.03387
ENSG00000122406,RPL5,339,-0.7273,527,0.44720,578,0.68376
ENSG00000154511,DIPK1A,37,-0.6221,1,-4.8920,86,1.35608
ENSG00000117500,TMED5,26,-1.2518,58,0.79652,63,1.10739
ENSG00000117505,DR1,35,-0.4515,49,0.39841,47,0.36513
ENSG00000137942,FNBP1L,20,0.42105,31,0.85338,6,-1.6582
ENSG00000067334,DNTTIP2,29,0.31942,20,-0.5016,25,-0.1682
ENSG00000023909,GCLM,20,0.65656,17,-0.1362,11,-0.8644
ENSG00000117528,ABCD3,41,-0.6268,53,0.20509,68,0.68601
ENSG00000117525,F3,61,-1.1667,334,2.53076,41,-1.1530
ENSG00000117519,CNN3,117,-1.0494,373,1.52870,177,0.28495
ENSG00000152078,TLCD4,41,1.44357,0,-6.7625,22,-0.7011
ENSG00000122481,RWDD3,13,-0.8730,16,-0.0139,28,1.06286
ENSG00000228971,LINC02607,40,2.97019,0,-6.6379,7,-2.2488
ENSG00000117569,PTBP2,58,-0.4947,55,-0.2337,95,0.71554
ENSG00000117598,PLPPR5,18,3.06743,0,-6.5059,3,-2.3517
ENSG00000117600,PLPPR4,87,3.51368,0,-8.1178,11,-2.7757
ENSG00000162688,AGL,23,0.49399,13,-0.7537,18,-0.2845
ENSG00000117620,SLC35A3,23,-0.2127,34,0.56284,23,-0.0748
ENSG00000156875,MFSD14A,35,-0.4741,38,-0.0350,55,0.61244
ENSG00000137992,DBT,24,-0.1221,33,0.49694,22,-0.1571
ENSG00000137996,RTCA,48,1.48125,7,-2.5993,22,-0.9654
ENSG00000162694,EXTL2,43,2.20249,1,-5.0676,13,-1.5103
ENSG00000170989,S1PR1,53,-0.0458,98,0.97391,34,-0.7753
ENSG00000118733,OLFM3,55,4.30043,5,-2.9790,1,-5.1659
ENSG00000162636,FAM102B,48,3.03129,4,-3.0856,6,-2.7389
ENSG00000134186,PRPF38B,22,-0.9777,72,1.56099,31,0.14248
ENSG00000116266,STXBP3,30,-1.9773,86,0.75180,136,1.89268
ENSG00000121957,GPSM2,17,-1.6254,19,-0.4936,70,1.99708
ENSG00000121940,CLCC1,19,-0.9353,34,0.58563,37,0.85812
ENSG00000085433,WDR47,115,1.80647,14,-2.7754,42,-1.3065
ENSG00000197780,TAF13,65,-0.0679,50,-0.4206,77,0.28147
ENSG00000215717,TMEM167B,55,0.15493,46,-0.2596,52,-0.0684
ENSG00000031698,SARS,123,-0.0310,115,-0.1192,131,0.10331
ENSG00000143126,CELSR2,165,0.30369,59,-1.5005,172,0.15984
ENSG00000134222,PSRC1,41,-1.3200,40,-0.6011,137,1.71432
ENSG00000134243,SORT1,305,-0.7516,266,-0.4824,638,1.08403
ENSG00000143106,PSMA5,49,0.37401,22,-1.1374,45,-0.0085
ENSG00000181754,AMIGO1,50,1.32724,31,-0.4280,14,-1.7784
ENSG00000065135,GNAI3,18,-1.3016,60,1.40812,38,0.73960
ENSG00000116337,AMPD2,77,0.40871,122,0.87334,25,-1.6662
ENSG00000168765,GSTM4,30,-0.3744,70,1.29385,23,-0.5700
ENSG00000134184,GSTM1,15,-0.7691,21,0.29269,28,0.81297
ENSG00000134201,GSTM5,17,-1.0726,43,1.10213,32,0.69237
ENSG00000134202,GSTM3,122,0.16618,106,-0.1674,110,-0.1307
ENSG00000184371,CSF1,12,-1.9455,57,1.57122,45,1.35122
ENSG00000168710,AHCYL1,236,-0.5757,403,0.66358,327,0.35901
ENSG00000143093,STRIP1,32,1.29897,17,-0.6491,10,-1.5115
ENSG00000197106,SLC6A17,165,2.58802,67,-0.9861,7,-4.3674
ENSG00000116396,KCNC4,56,2.90875,13,-1.7441,4,-3.5535
ENSG00000134248,LAMTOR5,108,-0.4168,120,0.02708,156,0.51598
ENSG00000177301,KCNA2,114,2.79232,21,-2.1214,13,-2.9012
ENSG00000134255,CEPT1,19,-0.2328,30,0.69981,18,-0.1573
ENSG00000116455,WDR77,15,-0.2548,30,1.03258,12,-0.4573
ENSG00000116459,ATP5PB,144,0.20091,106,-0.4264,135,-0.0497
ENSG00000116473,RAP1A,43,-1.7503,122,0.87721,159,1.60098
ENSG00000197852,INKA2,38,1.96399,16,-0.9481,6,-2.4757
ENSG00000171385,KCND3,79,3.14116,18,-1.8215,4,-4.0477
ENSG00000143079,CTTNBP2NL,16,-0.5181,53,1.86600,8,-1.3098
ENSG00000116489,CAPZA1,53,-0.9432,118,0.94745,94,0.64059
ENSG00000155366,RHOC,55,-1.7200,323,2.27676,112,0.39594
ENSG00000155380,SLC16A1,21,-1.9247,79,1.26689,80,1.54554
ENSG00000081019,RSBN1,34,0.44588,21,-0.6074,27,-0.2847
ENSG00000134262,AP4B1,21,1.40607,0,-5.8805,11,-0.6738
ENSG00000163349,HIPK1,66,-0.0041,80,0.31377,59,-0.1931
ENSG00000197323,TRIM33,42,0.17043,46,0.22029,32,-0.3830
ENSG00000116752,BCAS2,74,1.20963,32,-1.0389,32,-1.1139
ENSG00000213281,NRAS,22,-0.1285,10,-1.1740,31,0.57201
ENSG00000009307,CSDE1,179,-0.3238,198,0.05042,238,0.39057
ENSG00000052723,SIKE1,20,-0.1593,21,-0.0113,24,0.21379
ENSG00000163399,ATP1A1,477,1.67459,190,-1.0949,128,-1.7895
ENSG00000134247,PTGFRN,32,1.97782,15,-0.7522,4,-2.8017
ENSG00000198162,MAN1A2,67,0.07089,102,0.70889,44,-0.6693
ENSG00000092621,PHGDH,79,-1.7059,138,0.12129,319,1.89290
ENSG00000134250,NOTCH2,35,-0.2372,86,1.42631,19,-1.0869
ENSG00000265808,SEC22B,47,-0.2970,56,0.18993,58,0.28464
ENSG00000226067,LINC00623,26,-0.2465,33,0.27944,30,0.16692
ENSG00000171943,SRGAP2C,18,-1.2682,39,0.71890,46,1.16936
ENSG00000232527,LINC02802,29,0.73009,18,-0.5438,17,-0.7018
ENSG00000265491,RNF115,37,0.22780,45,0.37709,25,-0.6033
ENSG00000131788,PIAS3,18,-0.5873,37,0.97488,22,0.13464
ENSG00000198483,ANKRD35,15,0.13185,15,0.03820,13,-0.2025
ENSG00000131779,PEX11B,36,0.70831,29,-0.1613,18,-0.9279
ENSG00000265241,RBM8A,57,-0.5559,100,0.71943,76,0.29305
ENSG00000271601,LIX1L,16,-1.6604,78,1.89737,39,0.74235
ENSG00000272031,ANKRD34A,34,2.59199,12,-1.1898,2,-3.7220
ENSG00000265972,TXNIP,75,-2.7919,627,2.02495,469,1.77939
ENSG00000178104,PDE4DIP,140,-0.1522,142,-0.0196,162,0.20901
ENSG00000274265,AC245297.3,8,-2.4017,27,0.59688,55,2.36201
ENSG00000184678,HIST2H2BE,13,-2.3967,22,-0.3686,92,2.70669
ENSG00000159164,SV2A,378,2.52937,113,-1.4586,41,-3.0638
ENSG00000143368,SF3B4,28,-0.3710,31,0.04267,39,0.45271
ENSG00000264522,OTUD7B,9,-2.9830,64,1.48077,78,2.34087
ENSG00000136631,VPS45,44,0.25284,45,0.10522,33,-0.4220
ENSG00000023902,PLEKHO1,60,-0.5208,212,2.00151,23,-1.7028
ENSG00000143401,ANP32E,56,0.06173,83,0.65210,39,-0.5915
ENSG00000117362,APH1A,31,-0.9986,73,1.02067,56,0.65852
ENSG00000118292,C1orf54,12,-1.1189,64,2.51700,7,-1.2611
ENSG00000266472,MRPS21,230,0.77390,133,-0.6640,135,-0.6977
ENSG00000163125,RPRD2,45,-0.0255,55,0.32038,41,-0.1668
ENSG00000143384,MCL1,48,-2.2190,564,3.49834,56,-0.9171
ENSG00000143420,ENSA,238,1.10225,168,-0.3020,82,-1.4824
ENSG00000143437,ARNT,19,-0.0969,28,0.63433,16,-0.3113
ENSG00000143418,CERS2,41,-2.5444,103,0.10077,314,2.69168
ENSG00000143363,PRUNE1,18,1.01514,3,-2.3912,12,-0.4755
ENSG00000197622,CDC42SE1,30,-1.3682,147,2.13896,44,0.04137
ENSG00000213190,MLLT11,335,3.01727,60,-2.1916,32,-3.2487
ENSG00000143434,SEMA6C,21,0.93223,24,0.41595,4,-2.1871
ENSG00000163156,SCNM1,20,-0.8004,14,-0.8041,46,1.21885
ENSG00000163159,VPS72,31,-0.4812,10,-1.8707,61,1.06251
ENSG00000143398,PIP5K1A,22,-0.0442,35,0.72524,17,-0.4854
ENSG00000159352,PSMD4,106,-0.2749,134,0.28018,126,0.20415
ENSG00000143393,PI4KB,66,-0.4441,96,0.44982,87,0.32420
ENSG00000143416,SELENBP1,17,-0.9640,57,1.62763,22,0.04413
ENSG00000159377,PSMB4,196,0.02420,198,0.01647,191,-0.0417
ENSG00000143442,POGZ,46,-0.2955,32,-0.6630,70,0.62917
ENSG00000143376,SNX27,63,-0.2916,40,-0.7876,96,0.65977
ENSG00000159409,CELF3,56,3.07136,2,-4.5106,9,-2.4786
ENSG00000143436,MRPL9,33,0.83614,18,-0.7510,19,-0.7389
ENSG00000197747,S100A10,18,-3.0782,406,4.36987,25,-1.2393
ENSG00000163191,S100A11,9,-4.1986,506,5.73269,9,-2.7733
ENSG00000197956,S100A6,140,-1.4086,759,2.35411,180,-0.2161
ENSG00000188643,S100A16,42,-1.5576,183,1.79907,94,0.70951
ENSG00000189171,S100A13,167,-0.2092,210,0.29291,186,0.10851
ENSG00000160678,S100A1,122,0.03419,125,0.05129,116,-0.0755
ENSG00000160679,CHTOP,57,-0.3943,43,-0.5582,91,0.70976
ENSG00000143553,SNAPIN,30,-0.3391,23,-0.5366,46,0.64030
ENSG00000143621,ILF2,69,-0.4244,98,0.42273,90,0.31511
ENSG00000143624,INTS3,51,0.46193,19,-1.3840,46,-0.0462
ENSG00000143614,GATAD2B,35,0.51622,17,-0.9797,28,-0.2280
ENSG00000198837,DENND4B,52,0.23495,45,-0.1687,44,-0.2229
ENSG00000143570,SLC39A1,17,-1.7607,77,1.72079,48,1.02720
ENSG00000143543,JTB,106,-0.2771,132,0.25877,127,0.21973
ENSG00000143545,RAB13,14,-1.7419,99,2.66675,21,-0.1379
ENSG00000177954,RPS27,1066,-0.9728,2648,1.12241,1816,0.54768
ENSG00000143549,TPM3,148,0.10438,212,0.61626,100,-0.6282
ENSG00000143612,C1orf43,102,-0.7868,94,-0.4137,218,1.10231
ENSG00000143569,UBAP2L,54,0.27693,55,0.10063,39,-0.4548
ENSG00000143575,HAX1,71,0.55431,51,-0.3658,46,-0.5546
ENSG00000160714,UBE2Q1,89,0.86847,49,-0.7002,48,-0.8110
ENSG00000160716,CHRNB2,30,2.56019,13,-0.8423,0,-4.9880
ENSG00000160710,ADAR,132,-0.3239,235,0.83835,130,-0.1404
ENSG00000143603,KCNN3,26,-1.6330,41,-0.0181,102,1.86780
ENSG00000163344,PMVK,74,-0.7400,106,0.29530,134,0.77728
ENSG00000163346,PBXIP1,88,-1.2308,383,2.01856,119,-0.0199
ENSG00000163348,PYGO2,40,-0.0434,35,-0.1988,44,0.15726
ENSG00000160691,SHC1,16,-1.4621,115,2.85060,12,-1.1835
ENSG00000160688,FLAD1,17,0.14785,0,-4.6602,23,0.57679
ENSG00000143537,ADAM15,24,-1.9544,164,2.41891,57,0.53816
ENSG00000143590,EFNA3,44,3.63594,2,-3.9058,4,-3.2610
ENSG00000169242,EFNA1,5,-3.7435,67,1.83682,73,2.58107
ENSG00000179085,DPM3,52,-0.5862,18,-1.7918,108,1.16212
ENSG00000163463,KRTCAP2,72,-1.0379,123,0.45069,161,1.04777
ENSG00000163462,TRIM46,20,1.34639,1,-3.5356,11,-0.7049
ENSG00000173171,MTX1,29,0.07781,32,0.16533,25,-0.2082
ENSG00000177628,GBA,53,-0.1996,91,0.80923,46,-0.3108
ENSG00000160767,FAM189B,33,0.60910,20,-0.6508,23,-0.4796
ENSG00000116521,SCAMP3,52,-0.8069,101,0.76464,87,0.59211
ENSG00000176444,CLK2,20,-0.4251,26,0.27339,27,0.40268
ENSG00000160752,FDPS,57,-0.2478,56,-0.1054,73,0.36948
ENSG00000160753,RUSC1,78,1.49439,55,-0.2427,14,-2.4324
ENSG00000116539,ASH1L,73,0.53029,40,-0.7878,56,-0.3169
ENSG00000163374,YY1AP1,53,0.39380,49,-0.0441,37,-0.5267
ENSG00000132676,DAP3,26,-0.0407,31,0.30248,24,-0.1321
ENSG00000116580,GON4L,15,-0.5295,34,1.10431,16,-0.0745
ENSG00000132718,SYT11,378,-0.1586,157,-1.3906,555,0.64845
ENSG00000132680,KHDC4,24,-0.2786,29,0.20398,29,0.25307
ENSG00000116584,ARHGEF2,50,-1.2541,69,-0.0018,144,1.47186
ENSG00000163479,SSR2,56,-0.9791,146,1.20499,93,0.48867
ENSG00000160803,UBQLN4,45,-0.3871,87,0.95409,44,-0.1510
ENSG00000116586,LAMTOR2,59,0.15671,68,0.27444,45,-0.4037
ENSG00000160789,LMNA,25,-2.7062,254,2.49216,123,1.27606
ENSG00000196189,SEMA4A,51,2.82485,3,-3.4646,8,-2.3673
ENSG00000160785,SLC25A44,46,0.58238,35,-0.2873,28,-0.6433
ENSG00000160783,PMF1,23,-1.4031,61,0.96215,63,1.17997
ENSG00000160781,PAQR6,86,-3.1546,150,-0.9196,1074,3.52781
ENSG00000198952,SMG5,41,-0.5975,44,-0.1097,72,0.78726
ENSG00000198715,GLMP,19,-0.8583,45,1.03085,31,0.46751
ENSG00000163468,CCT3,101,-0.5496,151,0.45794,146,0.45594
ENSG00000125462,C1orf61,723,0.22345,375,-0.9534,741,0.11523
ENSG00000116604,MEF2D,131,1.06706,91,-0.3163,47,-1.4039
ENSG00000163382,NAXE,60,-0.5781,69,0.03266,99,0.70644
ENSG00000132702,HAPLN2,39,-3.1845,38,-1.8164,514,3.72125
ENSG00000132692,BCAN,165,-0.8307,282,0.55444,299,0.74995
ENSG00000143303,RRNAD1,13,-1.1593,36,1.21370,25,0.71691
ENSG00000143314,MRPL24,56,-0.6735,57,-0.2161,107,0.91299
ENSG00000143321,HDGF,56,-0.8708,91,0.46794,107,0.84505
ENSG00000143294,PRCC,51,-0.4352,66,0.25404,71,0.42595
ENSG00000162706,CADM3,186,2.14280,109,-0.4634,8,-4.3680
ENSG00000158716,DUSP23,21,-1.3548,113,2.37592,24,-0.3567
ENSG00000158710,TAGLN2,19,-2.8450,332,3.72330,46,-0.2200
ENSG00000177807,KCNJ10,71,-1.6801,178,0.72355,254,1.60945
ENSG00000162728,KCNJ9,85,1.08119,33,-1.1929,43,-0.8664
ENSG00000162729,IGSF8,156,-0.5051,118,-0.6110,275,0.84940
ENSG00000018625,ATP1A2,500,0.15297,594,0.32057,378,-0.4347
ENSG00000162734,PEA15,480,-0.7075,606,0.11788,873,0.82101
ENSG00000132716,DCAF8,64,-0.7780,124,0.78622,103,0.54072
ENSG00000162735,PEX19,54,-0.3707,48,-0.3011,81,0.59631
ENSG00000122218,COPA,104,-0.1542,94,-0.2088,127,0.29990
ENSG00000162736,NCSTN,36,-1.0914,76,0.74845,79,0.94972
ENSG00000215845,TSTD1,25,0.32572,9,-1.3803,25,0.10884
ENSG00000162755,KLHDC9,25,1.16189,13,-0.7420,10,-1.2193
ENSG00000143256,PFDN2,139,-0.2941,60,-1.3672,226,0.79063
ENSG00000158793,NIT1,28,0.24214,32,0.30468,19,-0.5624
ENSG00000158796,DEDD,23,-0.6629,62,1.41373,24,-0.1991
ENSG00000143222,UFC1,63,-0.1531,36,-0.9144,87,0.53769
ENSG00000143224,PPOX,23,0.54177,7,-1.5160,19,-0.1069
ENSG00000158850,B4GALT3,27,-0.1119,50,0.96162,19,-0.6324
ENSG00000158859,ADAMTS4,5,-4.6411,64,0.75876,169,3.82290
ENSG00000158864,NDUFS2,141,0.40989,63,-1.1345,128,-0.0515
ENSG00000158882,TOMM40L,27,1.39669,13,-0.7674,8,-1.5801
ENSG00000248485,PCP4L1,29,6.02184,0,-7.1540,0,-5.4561
ENSG00000143252,SDHC,98,-0.1311,99,-0.0249,111,0.18465
ENSG00000118217,ATF6,22,-0.6808,35,0.51594,35,0.58757
ENSG00000198929,NOS1AP,44,2.04955,10,-1.8542,10,-1.9013
ENSG00000152332,UHMK1,108,0.79906,72,-0.4449,57,-0.8630
ENSG00000117143,UAP1,30,0.56904,35,0.38406,13,-1.2337
ENSG00000117152,RGS4,494,4.67015,25,-3.9403,16,-4.7763
ENSG00000143248,RGS5,56,-1.2639,370,2.91318,19,-2.2644
ENSG00000185630,PBX1,78,0.68921,53,-0.4435,46,-0.7019
ENSG00000143198,MGST3,317,0.52087,179,-0.7507,241,-0.3200
ENSG00000143149,ALDH9A1,41,-0.8551,69,0.48835,78,0.81563
ENSG00000143183,TMCO1,44,-0.7072,111,1.26637,53,0.03867
ENSG00000143179,UCK2,16,0.27533,8,-1.0442,16,0.08085
ENSG00000143157,POGK,37,-1.1648,75,0.65824,89,1.08541
ENSG00000143195,ILDR2,27,1.38615,14,-0.7583,8,-1.5696
ENSG00000143190,POU2F1,18,-0.6660,23,0.15978,32,0.75373
ENSG00000143162,CREG1,42,-1.0964,109,1.13094,80,0.70082
ENSG00000197965,MPZL1,18,-1.4921,125,2.81004,15,-0.9816
ENSG00000143158,MPC2,113,0.59328,34,-1.6679,95,-0.1323
ENSG00000143164,DCAF6,83,3.07349,8,-3.0143,10,-2.8242
ENSG00000143155,TIPRL,49,0.99600,26,-0.7494,24,-0.9663
ENSG00000213064,SFT2D2,11,-2.4656,74,1.75718,61,1.71474
ENSG00000143153,ATP1B1,1181,1.15171,171,-2.6685,712,-0.5863
ENSG00000143156,NME7,23,0.27252,2,-3.5024,28,0.41164
ENSG00000075945,KIFAP3,225,1.95095,19,-3.2996,77,-1.3860
ENSG00000116132,PRRX1,13,-1.7265,108,2.97483,14,-0.7937
ENSG00000117523,PRRC2C,33,-0.7685,85,1.24180,44,0.15675
ENSG00000117533,VAMP4,42,0.35515,39,0.00743,29,-0.5052
ENSG00000010165,EEF1AKNMT,17,-0.2216,22,0.29895,19,0.12161
ENSG00000197959,DNM3,85,-0.1749,37,-1.3069,125,0.65030
ENSG00000094975,SUCO,18,-0.8796,19,-0.2762,41,1.16125
ENSG00000117592,PRDX6,152,-0.7259,273,0.68531,241,0.54067
ENSG00000234741,GAS5,78,-0.8243,130,0.51023,143,0.76684
ENSG00000135870,RC3H1,15,-0.7973,36,1.10700,22,0.32155
ENSG00000152061,RABGAP1L,110,1.18953,31,-1.6809,56,-0.8323
ENSG00000116161,CACYBP,184,1.02276,54,-1.6271,108,-0.6446
ENSG00000120333,MRPS14,20,-0.9993,27,0.03921,48,1.18259
ENSG00000116147,TNR,89,0.08201,114,0.42553,69,-0.4110
ENSG00000143207,COP1,34,0.61582,25,-0.3371,21,-0.6607
ENSG00000152092,ASTN1,99,1.73748,10,-3.1179,39,-1.1731
ENSG00000198797,BRINP2,62,1.57724,22,-1.2361,19,-1.5416
ENSG00000075391,RASAL2,35,1.20992,27,-0.1325,9,-1.9080
ENSG00000116199,FAM20B,55,1.13178,28,-0.7886,23,-1.1433
ENSG00000186283,TOR3A,13,-1.2881,60,1.98749,20,0.11586
ENSG00000143322,ABL2,30,-0.2522,61,1.09277,23,-0.5352
ENSG00000169905,TOR1AIP2,40,-0.5855,77,0.85821,51,0.22896
ENSG00000143337,TOR1AIP1,42,-0.7004,69,0.54915,68,0.59267
ENSG00000135837,CEP350,22,-1.2592,52,0.81724,56,1.10380
ENSG00000116260,QSOX1,35,-0.9357,117,1.64814,44,-0.0268
ENSG00000230124,ACBD6,20,-0.7454,39,0.75039,32,0.52276
ENSG00000143324,XPR1,35,0.28889,74,1.32873,6,-2.6539
ENSG00000135823,STX6,42,-0.2338,50,0.18161,50,0.20718
ENSG00000162783,IER5,49,1.42792,39,-0.0768,8,-2.5844
ENSG00000198216,CACNA1E,75,2.28585,32,-0.9268,6,-3.3426
ENSG00000135821,GLUL,1692,0.23652,2301,0.56534,1004,-0.8092
ENSG00000135829,DHX9,69,-0.4297,75,-0.0028,102,0.54517
ENSG00000157064,NMNAT2,135,2.80707,38,-1.5191,9,-3.6712
ENSG00000116698,SMG7,62,0.72591,34,-0.7171,38,-0.6049
ENSG00000162704,ARPC5,88,-1.1794,174,0.62171,212,1.12154
ENSG00000143344,RGL1,61,-0.0130,45,-0.4805,70,0.23796
ENSG00000198756,COLGALT2,43,-0.9565,26,-1.0897,112,1.44118
ENSG00000198860,TSEN15,27,-0.9889,0,-5.4783,81,1.73066
ENSG00000116667,C1orf21,64,1.17538,39,-0.5096,23,-1.4182
ENSG00000116406,EDEM3,28,-0.2382,43,0.57405,29,-0.0462
ENSG00000121486,TRMT1L,17,-0.3709,16,-0.2747,26,0.58675
ENSG00000116679,IVNS1ABP,40,-1.6101,137,1.29713,117,1.19044
ENSG00000047410,TPR,26,-0.6862,50,0.78911,39,0.41845
ENSG00000162670,BRINP3,22,1.57713,10,-0.9229,6,-1.7605
ENSG00000090104,RGS1,5,-5.6131,737,5.72474,47,-0.8857
ENSG00000116741,RGS2,35,-0.6417,142,2.22122,11,-2.0444
ENSG00000116750,UCHL5,44,0.78544,22,-0.8825,27,-0.6081
ENSG00000116747,RO60,9,-2.0735,24,0.45391,50,2.12200
ENSG00000023572,GLRX2,52,0.98398,1,-5.1630,38,-0.2592
ENSG00000134371,CDC73,13,-1.4330,45,1.38187,32,0.92264
ENSG00000162630,B3GALT2,116,2.43247,4,-4.3878,29,-1.7945
ENSG00000177888,ZBTB41,42,0.35110,36,-0.1171,31,-0.4159
ENSG00000134376,CRB1,15,-0.3638,15,-0.1097,22,0.51237
ENSG00000151414,NEK7,23,-1.6527,45,0.28906,89,1.77631
ENSG00000162702,ZNF281,16,-0.7319,8,-1.2204,36,1.22991
ENSG00000118200,CAMSAP2,161,1.41647,73,-0.9262,54,-1.4926
ENSG00000116852,KIF21B,59,1.26421,31,-0.7217,21,-1.3958
ENSG00000116857,TMEM9,174,0.98260,55,-1.5392,104,-0.6211
ENSG00000118194,TNNT2,24,4.78565,0,-6.3912,1,-4.1665
ENSG00000174307,PHLDA3,60,-1.6920,73,-0.4453,256,2.05125
ENSG00000159176,CSRP1,360,-2.1912,947,0.46164,1997,2.22941
ENSG00000134369,NAV1,48,-0.9513,97,0.74831,93,0.78224
ENSG00000198700,IPO9,51,0.51780,42,-0.1622,32,-0.6305
ENSG00000198892,SHISA4,104,-0.7614,76,-0.7438,226,1.16317
ENSG00000134375,TIMM17A,87,1.27918,20,-1.9669,43,-0.8627
ENSG00000176393,RNPEP,19,-0.5714,66,1.90202,10,-1.2439
ENSG00000170075,GPR37L1,158,-0.4833,279,0.75611,192,0.16486
ENSG00000143862,ARL8A,145,-0.5937,90,-0.9326,283,1.02648
ENSG00000077157,PPP1R12B,23,-1.0017,34,0.19997,53,1.12096
ENSG00000117139,KDM5B,25,0.25496,40,0.82950,11,-1.1996
ENSG00000183155,RABIF,25,0.58676,15,-0.5579,17,-0.4951
ENSG00000117153,KLHL12,41,0.94649,22,-0.7284,21,-0.9067
ENSG00000159346,ADIPOR1,64,-0.4850,79,0.15657,96,0.53781
ENSG00000159348,CYB5R1,41,-0.3309,96,1.27602,30,-0.6300
ENSG00000163444,TMEM183A,60,0.83693,31,-0.8142,35,-0.7086
ENSG00000143847,PPFIA4,41,3.63904,7,-2.2291,1,-4.7241
ENSG00000163485,ADORA1,49,-0.7501,17,-1.8448,116,1.33798
ENSG00000133048,CHI3L1,37,-2.7441,688,4.27821,28,-1.9216
ENSG00000159388,BTG2,25,-2.6493,341,3.33010,68,0.17278
ENSG00000188783,PRELP,19,-1.0699,107,2.60877,8,-1.7591
ENSG00000058668,ATP2B4,201,0.88627,148,-0.2777,89,-1.1251
ENSG00000182004,SNRPE,60,0.25506,26,-1.1671,62,0.13785
ENSG00000143850,PLEKHA6,64,2.12213,8,-2.6844,18,-1.7006
ENSG00000158615,PPP1R15B,26,-0.5801,33,0.16691,42,0.64813
ENSG00000133056,PIK3C2B,12,-2.2898,20,-0.3575,79,2.60437
ENSG00000198625,MDM4,22,-1.3895,73,1.38472,51,0.86785
ENSG00000170382,LRRN2,40,1.98260,13,-1.3328,8,-2.1247
ENSG00000163531,NFASC,92,-1.1189,51,-1.3222,276,1.64735
ENSG00000184144,CNTN2,113,-2.5858,90,-1.6500,973,3.13693
ENSG00000117222,RBBP5,19,0.11968,34,0.95252,10,-1.0914
ENSG00000133059,DSTYK,34,0.15206,15,-1.1601,38,0.25409
ENSG00000133069,TMCC2,50,-0.9233,31,-1.0678,128,1.40257
ENSG00000117266,CDK18,34,-2.6963,82,-0.0538,293,2.88012
ENSG00000174514,MFSD4A,106,3.49498,8,-3.3669,9,-3.2652
ENSG00000158711,ELK4,21,-0.2470,21,-0.0660,27,0.35058
ENSG00000069275,NUCKS1,370,-0.4982,383,-0.1162,594,0.67439
ENSG00000133065,SLC41A1,26,-0.9150,77,1.43059,37,0.18693
ENSG00000266028,SRGAP2,37,-0.6778,86,1.12477,47,0.13302
ENSG00000266094,RASSF5,24,0.07119,50,1.20119,10,-1.4317
ENSG00000162889,MAPKAPK2,27,-1.5003,109,1.66875,62,0.76084
ENSG00000123836,PFKFB2,23,-2.2249,140,1.89831,94,1.37247
ENSG00000196352,CD55,16,-2.1261,45,0.57873,85,2.11708
ENSG00000117335,CD46,46,-0.5853,58,0.17838,74,0.64895
ENSG00000076356,PLXNA2,61,2.19108,26,-0.9442,7,-3.0300
ENSG00000008118,CAMK1G,89,3.86004,17,-2.0093,0,-7.8857
ENSG00000117597,UTP25,17,1.04423,2,-2.6456,11,-0.4714
ENSG00000143473,KCNH1,33,6.03957,0,-7.3278,0,-5.4532
ENSG00000117625,RCOR3,30,-0.4369,18,-0.8744,52,0.84283
ENSG00000170385,SLC30A1,29,-0.2857,83,1.66851,12,-1.5071
ENSG00000123684,LPGAT1,63,-0.3014,13,-2.4143,110,0.93140
ENSG00000066027,PPP2R5A,39,-0.6692,63,0.51161,63,0.57559
ENSG00000065600,PACC1,15,-2.4634,15,-1.2028,120,2.95287
ENSG00000117691,NENF,185,-1.6527,198,-0.6148,776,2.05333
ENSG00000117697,NSL1,23,-1.3808,32,-0.0865,76,1.63290
ENSG00000203705,TATDN3,21,0.46944,6,-1.6755,20,0.00916
ENSG00000174606,ANGEL2,27,-0.5395,32,0.10902,42,0.62642
ENSG00000136643,RPS6KC1,22,-0.2251,30,0.44097,23,0.03274
ENSG00000143499,SMYD2,79,3.86621,7,-3.0416,4,-4.0685
ENSG00000152104,PTPN14,20,0.42135,41,1.31183,2,-3.4536
ENSG00000136636,KCTD3,22,-1.2656,28,-0.1119,66,1.52121
ENSG00000092978,GPATCH2,20,0.36019,18,0.01025,13,-0.5148
ENSG00000143353,LYPLAL1,17,-1.1192,3,-2.6989,55,1.78536
ENSG00000136628,EPRS,42,-0.5266,55,0.25919,63,0.53732
ENSG00000067704,IARS2,30,-0.5967,49,0.59395,43,0.43272
ENSG00000118873,RAB3GAP2,53,1.09546,26,-0.8795,24,-1.0365
ENSG00000116141,MARK1,37,2.15149,0,-5.1886,12,-1.4524
ENSG00000162817,C1orf115,145,3.12960,37,-1.6651,6,-4.3855
ENSG00000117791,MARC2,22,1.18434,7,-1.3631,10,-0.9336
ENSG00000154305,MIA3,52,0.57780,37,-0.4062,34,-0.5645
ENSG00000186063,AIDA,52,-0.3172,77,0.52626,59,0.10179
ENSG00000162819,BROX,37,-0.8469,34,-0.4624,84,1.18170
ENSG00000143502,SUSD4,36,1.42744,35,0.24917,2,-3.7603
ENSG00000162909,CAPN2,51,-0.9863,134,1.20900,85,0.49495
ENSG00000143514,TP53BP2,65,-0.4198,122,0.87755,70,-0.0287
ENSG00000143756,FBXO28,35,0.37180,34,0.04151,24,-0.5551
ENSG00000143753,DEGS1,64,-0.6531,107,0.59164,98,0.50690
ENSG00000143771,CNIH4,35,-0.6039,63,0.76575,47,0.32467
ENSG00000162923,WDR26,65,0.44596,43,-0.5076,50,-0.3309
ENSG00000143786,CNIH3,26,3.20707,0,-7.0348,4,-2.4817
ENSG00000154380,ENAH,52,-1.0357,125,1.03240,97,0.69693
ENSG00000143742,SRP9,184,-0.0882,128,-0.5845,229,0.36501
ENSG00000143819,EPHX1,66,-0.8984,161,1.11632,105,0.45316
ENSG00000196187,TMEM63A,11,-4.0831,33,-0.8982,270,4.29145
ENSG00000143811,PYCR2,47,-1.1589,55,-0.2286,131,1.44595
ENSG00000163041,H3F3A,230,-1.2388,404,0.39725,613,1.29667
ENSG00000182827,ACBD3,14,-0.9751,27,0.67883,28,0.85256
ENSG00000143799,PARP1,94,-0.6491,75,-0.5741,184,0.99787
ENSG00000203685,STUM,74,1.62898,31,-1.0076,20,-1.7805
ENSG00000143772,ITPKB,52,-2.6834,437,2.12882,289,1.59927
ENSG00000143801,PSEN2,19,0.90978,21,0.32721,5,-1.9352
ENSG00000163050,COQ8A,36,-0.4226,54,0.49283,46,0.26837
ENSG00000143776,CDC42BPA,72,-0.6484,122,0.62074,108,0.48254
ENSG00000143740,SNAP47,75,1.36025,21,-1.6260,33,-1.0641
ENSG00000081692,JMJD4,17,0.29764,13,-0.2428,13,-0.2674
ENSG00000143761,ARF1,459,0.63688,375,-0.1559,255,-0.8179
ENSG00000143793,C1orf35,21,-0.6423,34,0.50595,33,0.54513
ENSG00000162910,MRPL55,79,-0.0812,86,0.10111,83,0.05134
ENSG00000143774,GUK1,553,-0.0104,432,-0.3874,619,0.19817
ENSG00000198835,GJC2,11,-3.6006,6,-2.9688,207,4.23557
ENSG00000154370,TRIM11,24,2.28950,2,-2.9958,6,-1.8291
ENSG00000168159,RNF187,236,0.79211,125,-0.7931,141,-0.6579
ENSG00000116574,RHOU,39,-2.8861,67,-0.7340,400,3.24548
ENSG00000168118,RAB4A,66,-0.0185,49,-0.4546,76,0.23464
ENSG00000154429,CCSAP,74,0.47306,29,-1.3103,66,-0.0777
ENSG00000069248,NUP133,26,0.04162,0,-6.8019,38,0.70665
ENSG00000143641,GALNT2,40,-0.2597,74,0.91840,35,-0.3223
ENSG00000177614,PGBD5,128,1.87252,44,-1.2972,30,-1.9666
ENSG00000135775,COG2,16,-0.4457,26,0.61714,20,0.21538
ENSG00000135744,AGT,219,-0.9671,482,0.91860,400,0.69092
ENSG00000119280,C1orf198,53,-2.7446,145,0.09590,464,2.86895
ENSG00000173409,ARV1,37,0.69303,4,-3.0683,32,-0.0521
ENSG00000116906,GNPAT,32,-0.4956,24,-0.5966,56,0.83470
ENSG00000135766,EGLN1,68,-0.2420,49,-0.5704,96,0.53962
ENSG00000116918,TSNAX,46,0.52872,15,-1.5110,40,-0.0930
ENSG00000116991,SIPA1L2,38,0.49064,62,0.92984,9,-2.0585
ENSG00000135778,NTPCR,53,0.03319,34,-0.7027,61,0.26108
ENSG00000135749,PCNX2,61,2.38702,14,-1.7985,10,-2.4548
ENSG00000135750,KCNK1,108,1.60119,0,-8.8902,53,-0.8494
ENSG00000183780,SLC35F3,20,3.66227,0,-6.6637,2,-2.9591
ENSG00000168275,COA6,43,0.97450,15,-1.3603,25,-0.6670
ENSG00000059588,TARBP1,37,1.35047,3,-3.3983,20,-0.7208
ENSG00000168264,IRF2BP2,101,-0.8759,149,0.30029,203,0.93391
ENSG00000173726,TOMM20,386,1.00839,142,-1.3081,217,-0.7278
ENSG00000054267,ARID4B,36,-0.5251,48,0.25097,55,0.53964
ENSG00000152904,GGPS1,28,0.25219,8,-1.7342,31,0.26091
ENSG00000168243,GNG4,30,1.01772,19,-0.4530,12,-1.2001
ENSG00000143669,LYST,26,1.34658,20,-0.1173,5,-2.2679
ENSG00000077585,GPR137B,21,-1.5278,107,2.10634,39,0.33172
ENSG00000116977,LGALS8,46,1.26268,33,-0.2471,12,-1.8661
ENSG00000077522,ACTN2,77,1.09205,26,-1.3982,40,-0.8020
ENSG00000116984,MTR,14,-1.3411,29,0.65052,38,1.28652
ENSG00000198626,RYR2,78,2.75863,19,-1.7410,7,-3.2097
ENSG00000133019,CHRM3,52,5.00346,3,-3.5461,0,-6.1744
ENSG00000155816,FMN2,60,1.26347,23,-1.1612,25,-1.1278
ENSG00000182901,RGS7,97,4.52572,1,-5.9719,5,-3.9240
ENSG00000091483,FH,45,0.41029,43,0.05771,29,-0.6268
ENSG00000054277,OPN3,50,4.36304,0,-7.9371,3,-3.6420
ENSG00000203668,CHML,22,2.75507,4,-2.1518,2,-2.8147
ENSG00000143702,CEP170,48,-0.4126,49,-0.1256,72,0.57724
ENSG00000054282,SDCCAG8,22,-1.3912,99,1.94469,39,0.32642
ENSG00000117020,AKT3,105,1.37521,37,-1.3194,42,-1.2075
ENSG00000179456,ZBTB18,196,2.02966,43,-1.9236,50,-1.8402
ENSG00000035687,ADSS,55,-0.1076,37,-0.6596,71,0.41237
ENSG00000203667,COX20,82,-0.0934,61,-0.4921,101,0.33875
ENSG00000153187,HNRNPU,201,-0.4373,226,0.03900,295,0.53532
ENSG00000162852,CNST,87,2.09489,27,-1.4320,17,-2.2388
ENSG00000143653,SCCPDH,50,-0.4520,5,-3.3731,99,1.14496
ENSG00000153207,AHCTF1,34,-0.0470,59,0.88522,23,-0.6595
ENSG00000175137,SH3BP5L,26,0.89078,2,-3.4039,20,-0.2346
ENSG00000171161,ZNF672,15,-0.6930,22,0.31390,26,0.71206
ENSG00000171163,ZNF692,22,-0.3619,9,-1.3483,37,0.85999
ENSG00000035115,SH3YL1,25,-0.0840,14,-0.8456,32,0.44065
ENSG00000143727,ACP1,53,0.39549,21,-1.2668,49,0.00122
ENSG00000151353,TMEM18,25,-0.5585,37,0.42241,37,0.48805
ENSG00000186487,MYT1L,163,3.71345,14,-3.1675,11,-3.7022
ENSG00000032389,EIPR1,48,0.85642,25,-0.8066,27,-0.7389
ENSG00000171853,TRAPPC12,36,-0.4146,44,0.15320,51,0.45269
ENSG00000182551,ADI1,45,-0.7907,53,-0.0290,91,0.97642
ENSG00000171865,RNASEH1,24,0.11617,35,0.64566,15,-0.6805
ENSG00000171863,RPS7,371,-0.5318,515,0.34150,548,0.49989
ENSG00000232044,SILC1,9,-3.2434,28,-0.2118,124,3.39791
ENSG00000151692,RNF144A,40,-0.6270,5,-3.3384,91,1.32079
ENSG00000115738,ID2,238,0.25016,266,0.24876,167,-0.5282
ENSG00000134313,KIDINS220,140,0.51962,46,-1.5536,123,-0.0730
ENSG00000143797,MBOAT2,46,-0.9400,47,-0.3062,109,1.23607
ENSG00000151693,ASAP2,38,0.29057,28,-0.3786,32,-0.1880
ENSG00000119185,ITGB1BP1,78,0.03058,41,-0.9723,94,0.34435
ENSG00000119203,CPSF3,16,-0.7124,40,1.25404,19,0.05935
ENSG00000134330,IAH1,36,0.23593,9,-1.9683,41,0.31522
ENSG00000151694,ADAM17,15,-1.8128,108,2.62419,26,0.05067
ENSG00000134308,YWHAQ,278,-0.9940,222,-0.7217,719,1.40447
ENSG00000115756,HPCAL1,267,1.86528,53,-2.1085,83,-1.5473
ENSG00000115758,ODC1,31,0.68620,5,-2.3708,26,-0.1172
ENSG00000143870,PDIA6,73,-0.4869,109,0.47041,100,0.36746
ENSG00000162975,KCNF1,124,1.88152,82,-0.2880,9,-3.7121
ENSG00000134318,ROCK2,100,1.21712,58,-0.5663,35,-1.4413
ENSG00000196208,GREB1,18,0.49523,12,-0.4936,13,-0.4036
ENSG00000169006,NTSR2,59,-0.2742,75,0.29623,69,0.19368
ENSG00000134324,LPIN1,62,0.11730,52,-0.2358,59,-0.0311
ENSG00000071575,TRIB2,35,0.09498,80,1.39447,10,-2.0272
ENSG00000162981,LRATD1,72,3.68308,11,-2.3651,2,-4.5609
ENSG00000151779,NBAS,40,0.43706,33,-0.1720,27,-0.5050
ENSG00000079785,DDX1,124,0.84514,52,-1.1150,77,-0.5909
ENSG00000197872,FAM49A,172,2.62488,26,-2.4259,28,-2.4514
ENSG00000163032,VSNL1,1498,4.35104,66,-4.1993,77,-4.1187
ENSG00000240857,RDH14,23,1.29124,8,-1.3377,10,-1.0852
ENSG00000068697,LAPTM4A,71,-0.8107,231,1.69042,72,-0.3012
ENSG00000055917,PUM2,99,0.14142,91,-0.0809,89,-0.1449
ENSG00000143878,RHOB,246,-1.3833,513,0.60337,705,1.35622
ENSG00000118960,HS1BP3,10,-1.7458,40,1.39262,33,1.27125
ENSG00000119782,FKBP1B,44,2.79275,0,-7.8038,9,-2.0511
ENSG00000115128,SF3B6,79,-0.6055,43,-1.1201,158,1.07792
ENSG00000219626,FAM228B,20,-0.7614,18,-0.3960,41,1.06927
ENSG00000198399,ITSN2,35,0.15779,42,0.29892,27,-0.4247
ENSG00000084676,NCOA1,88,0.40701,88,0.11683,55,-0.6688
ENSG00000184924,PTRHD1,35,0.23742,24,-0.5284,33,-0.0522
ENSG00000138031,ADCY3,58,0.17855,80,0.56056,37,-0.6997
ENSG00000115137,DNAJC27,17,0.16348,7,-1.1936,19,0.24931
ENSG00000084710,EFR3B,69,0.99151,51,-0.2506,26,-1.3313
ENSG00000119772,DNMT3A,13,-1.1870,45,1.58937,22,0.42064
ENSG00000138101,DTNB,40,0.82934,3,-3.5871,32,-0.1587
ENSG00000084731,KIF3C,241,2.30792,69,-1.5346,38,-2.5306
ENSG00000084733,RAB10,109,-0.5400,126,0.05210,174,0.65275
ENSG00000157833,GAREM2,24,-0.4076,24,-0.1151,36,0.56697
ENSG00000084754,HADHA,67,-1.4145,195,1.13751,173,1.07968
ENSG00000138029,HADHB,74,-0.8407,78,-0.2295,161,1.10354
ENSG00000138018,SELENOI,61,0.74452,30,-0.8834,39,-0.5539
ENSG00000213699,SLC35F6,23,-0.8341,40,0.54632,43,0.75863
ENSG00000157851,DPYSL5,41,-1.4243,28,-1.1790,153,1.93462
ENSG00000084764,MAPRE3,269,1.40794,92,-1.3523,106,-1.2374
ENSG00000119777,TMEM214,19,-0.6152,34,0.69938,28,0.38694
ENSG00000228474,OST4,154,-0.5410,217,0.36778,227,0.49689
ENSG00000138028,CGREF1,44,1.57094,33,-0.1175,5,-2.9646
ENSG00000138073,PREB,37,0.10431,33,-0.1587,36,-0.0530
ENSG00000138074,SLC5A6,18,-0.4877,59,1.79582,10,-1.2233
ENSG00000138085,ATRAID,41,-1.1451,118,1.26130,79,0.66097
ENSG00000115194,SLC30A3,97,5.03907,8,-3.1912,0,-8.9556
ENSG00000115204,MPV17,46,0.11163,22,-1.0764,53,0.27907
ENSG00000115207,GTF3C2,17,-0.7294,29,0.55387,29,0.62595
ENSG00000115211,EIF2B4,18,-0.6545,24,0.24013,30,0.70223
ENSG00000115234,SNX17,83,-0.2765,127,0.59957,87,-0.0102
ENSG00000163795,ZNF513,20,1.10408,2,-3.1786,13,-0.4777
ENSG00000115241,PPM1G,59,0.22266,60,0.06474,47,-0.3493
ENSG00000115216,NRBP1,70,0.76823,70,0.19310,26,-1.3962
ENSG00000138002,IFT172,18,0.24998,5,-1.6594,20,0.25023
ENSG00000115226,FNDC4,67,1.31962,43,-0.4143,18,-1.7788
ENSG00000243943,ZNF512,26,0.00695,15,-0.8045,31,0.32385
ENSG00000198522,GPN1,15,-0.0139,9,-0.7632,18,0.33564
ENSG00000119760,SUPT7L,36,0.02445,46,0.42409,29,-0.3204
ENSG00000163798,SLC4A1AP,32,0.19384,38,0.33492,23,-0.5110
ENSG00000243147,MRPL33,60,-0.5060,78,0.23618,89,0.52371
ENSG00000158019,BABAM2,40,0.38539,56,0.66832,17,-1.2412
ENSG00000075426,FOSL2,26,-0.9115,136,2.61258,6,-2.6532
ENSG00000213639,PPP1CB,332,0.50937,194,-0.7057,253,-0.3241
ENSG00000171103,TRMT61B,20,1.30331,0,-6.8109,12,-0.5596
ENSG00000115295,CLIP4,37,-0.4510,43,0.09647,54,0.52523
ENSG00000119801,YPEL5,135,0.94915,60,-1.0227,75,-0.7638
ENSG00000213626,LBH,19,-0.2003,66,2.08625,0,-6.1842
ENSG00000172954,LCLAT1,17,1.69832,4,-1.6931,5,-1.4841
ENSG00000013016,EHD3,141,2.38690,18,-2.6935,31,-2.0278
ENSG00000162961,DPY30,53,-0.4452,33,-0.8773,92,0.85264
ENSG00000021574,SPAST,23,-0.8885,30,0.11782,49,1.02825
ENSG00000119820,YIPF4,61,-0.6667,94,0.47149,97,0.59561
ENSG00000115760,BIRC6,22,-0.8602,33,0.29590,45,0.91775
ENSG00000152689,RASGRP3,12,-2.2448,16,-0.6729,82,2.64111
ENSG00000119812,FAM98A,39,0.03651,13,-1.6244,50,0.47770
ENSG00000260025,CRIM1-DT,28,2.18582,1,-3.8118,8,-1.5825
ENSG00000150938,CRIM1,53,-0.2055,129,1.42725,27,-1.1689
ENSG00000171055,FEZ2,56,-0.6376,77,0.26176,94,0.67137
ENSG00000115808,STRN,28,-1.5438,38,-0.2094,106,1.83778
ENSG00000008869,HEATR5B,22,0.31534,7,-1.6263,23,0.17177
ENSG00000152133,GPATCH11,24,0.47816,2,-3.3893,25,0.19373
ENSG00000055332,EIF2AK2,53,-0.1266,107,1.09994,34,-0.7888
ENSG00000218739,CEBPZOS,31,0.76436,12,-1.2799,21,-0.4335
ENSG00000115816,CEBPZ,16,-0.6515,31,0.80327,23,0.36168
ENSG00000115828,QPCT,19,2.42830,8,-0.9676,1,-3.7287
ENSG00000119787,ATL2,49,1.11170,39,-0.0842,14,-1.7574
ENSG00000143889,HNRNPLL,49,0.45902,30,-0.6182,38,-0.2969
ENSG00000115875,SRSF7,49,-0.2625,83,0.77860,46,-0.1814
ENSG00000188010,MORN2,22,0.24132,11,-0.9732,22,0.10010
ENSG00000115904,SOS1,22,-0.8117,49,1.01450,33,0.41759
ENSG00000011566,MAP4K3,55,0.83638,24,-1.0423,34,-0.6078
ENSG00000152154,TMEM178A,115,1.86421,0,-6.6843,46,-1.1259
ENSG00000183023,SLC8A1,134,2.37215,44,-1.3304,16,-2.8802
ENSG00000162878,PKDCC,24,0.86725,31,0.60072,4,-2.4593
ENSG00000115944,COX7A2L,126,0.70805,64,-0.8697,84,-0.5121
ENSG00000057935,MTA3,34,0.91494,15,-1.0005,19,-0.7280
ENSG00000152518,ZFP36L2,52,-2.3802,619,3.32767,99,-0.2192
ENSG00000138036,DYNC2LI1,28,0.21290,18,-0.6086,27,0.01057
ENSG00000138095,LRPPRC,85,-0.1804,93,0.07731,99,0.19500
ENSG00000138032,PPM1B,80,-0.4015,68,-0.3959,126,0.66564
ENSG00000138078,PREPL,631,2.20145,57,-3.2287,177,-1.6805
ENSG00000171132,PRKCE,188,3.11256,13,-3.4887,25,-2.7155
ENSG00000116016,EPAS1,63,-1.3596,431,2.93704,28,-1.8860
ENSG00000119729,RHOQ,52,-0.9649,140,1.26790,83,0.41493
ENSG00000151665,PIGF,15,-0.7080,6,-1.6297,35,1.26783
ENSG00000119878,CRIPT,42,-0.7450,23,-1.1543,95,1.23191
ENSG00000171150,SOCS5,54,1.47940,21,-1.1366,18,-1.4536
ENSG00000180398,MCFD2,58,0.34897,58,0.08831,39,-0.5552
ENSG00000143933,CALM2,2106,0.60373,541,-1.9177,1808,-0.0958
ENSG00000095002,MSH2,30,1.47597,3,-3.0473,14,-0.8935
ENSG00000184261,KCNK12,34,1.29582,6,-2.2177,17,-0.8250
ENSG00000116062,MSH6,20,-0.6824,7,-1.7014,45,1.25062
ENSG00000138081,FBXO11,85,1.23879,21,-1.8318,43,-0.8495
ENSG00000170802,FOXN2,10,-2.6377,11,-1.1761,90,3.11186
ENSG00000162869,PPP1R21,37,-0.3261,55,0.51984,43,0.11881
ENSG00000179915,NRXN1,260,2.66284,72,-1.5574,25,-3.2358
ENSG00000115239,ASB3,24,-0.2307,37,0.57610,25,-0.0588
ENSG00000068912,ERLEC1,102,0.53163,49,-0.9883,81,-0.2440
ENSG00000068878,PSME4,21,-0.8231,25,-0.0081,43,1.00485
ENSG00000170634,ACYP2,98,-0.2007,21,-2.3759,159,0.82360
ENSG00000115306,SPTBN1,495,-0.1386,614,0.30046,511,0.00708
ENSG00000115310,RTN4,1101,0.57639,561,-0.8993,827,-0.3318
ENSG00000143947,RPS27A,505,-1.2111,995,0.60254,1256,1.16715
ENSG00000115355,CCDC88A,82,-1.4844,192,0.72873,250,1.40123
ENSG00000163001,CFAP36,67,1.31455,15,-1.9737,33,-0.9034
ENSG00000275052,PPP4R3B,45,-0.5778,79,0.69135,62,0.34261
ENSG00000138035,PNPT1,20,-0.4838,13,-0.8451,37,0.88714
ENSG00000115380,EFEMP1,87,-0.5877,165,0.83804,114,0.24795
ENSG00000055813,CCDC85A,49,4.93221,1,-5.2342,1,-4.5366
ENSG00000115392,FANCL,19,-0.9535,15,-0.7378,49,1.36569
ENSG00000119866,BCL11A,118,2.66216,30,-1.6853,12,-3.0703
ENSG00000115421,PAPOLG,18,-0.1651,37,1.07997,12,-0.6840
ENSG00000162929,KIAA1841,16,0.44274,14,-0.0963,11,-0.5636
ENSG00000237651,C2orf74,28,-0.1292,16,-0.9174,38,0.51151
ENSG00000115464,USP34,55,-0.2788,92,0.74385,54,-0.1252
ENSG00000082898,XPO1,89,-0.3510,146,0.67587,98,0.03824
ENSG00000115484,CCT4,86,-0.5894,134,0.50115,127,0.48095
ENSG00000173163,COMMD1,34,0.15908,19,-0.8312,36,0.15361
ENSG00000115504,EHBP1,70,1.76013,25,-1.2190,18,-1.8388
ENSG00000014641,MDH1,474,1.93330,77,-2.3932,147,-1.5458
ENSG00000169764,UGP2,188,1.36104,66,-1.3209,76,-1.1873
ENSG00000197329,PELI1,20,-1.5807,105,2.11608,39,0.39614
ENSG00000119862,LGALSL,29,0.87725,13,-1.0152,17,-0.6720
ENSG00000119844,AFTPH,34,0.29803,33,0.01715,25,-0.4272
ENSG00000115902,SLC1A4,92,0.68598,108,0.43263,31,-1.5593
ENSG00000011523,CEP68,35,0.49887,9,-1.8806,32,0.01413
ENSG00000138069,RAB1A,138,0.31558,125,-0.0693,103,-0.3953
ENSG00000138071,ACTR2,123,-0.0123,127,0.04236,123,-0.0073
ENSG00000198369,SPRED2,40,1.63680,7,-2.1961,15,-1.2351
ENSG00000197223,C1D,36,0.13294,26,-0.4513,36,0.04673
ENSG00000221823,PPP3R1,116,2.49365,39,-1.2655,11,-3.2715
ENSG00000119865,CNRIP1,138,1.68809,30,-1.9757,48,-1.3644
ENSG00000169604,ANTXR1,14,-1.5730,75,2.14729,27,0.34696
ENSG00000198380,GFPT1,37,0.70657,10,-1.8419,29,-0.2254
ENSG00000169599,NFU1,25,0.05800,13,-0.9315,30,0.30165
ENSG00000115977,AAK1,160,2.03773,72,-0.8760,22,-2.7482
ENSG00000196975,ANXA4,11,-1.5086,29,0.84665,35,1.36359
ENSG00000087338,GMCL1,18,0.08791,20,0.20923,15,-0.2528
ENSG00000124380,SNRNP27,39,-0.3470,42,-0.0120,54,0.44883
ENSG00000169564,PCBP1,286,-0.0502,274,-0.0790,306,0.10794
ENSG00000116001,TIA1,47,-0.5521,95,0.94737,57,0.10700
ENSG00000116005,PCYOX1,71,0.28681,83,0.32906,46,-0.6570
ENSG00000143977,SNRPG,50,-0.5742,54,-0.0577,84,0.73958
ENSG00000035141,FAM136A,26,1.20211,10,-1.1228,11,-1.0612
ENSG00000163235,TGFA,4,-3.6521,21,0.12069,81,3.58256
ENSG00000075340,ADD2,122,3.03899,16,-2.6387,14,-2.9565
ENSG00000144043,TEX261,24,-1.1358,61,1.06968,48,0.79513
ENSG00000124357,NAGK,34,-1.2376,105,1.35082,69,0.70613
ENSG00000124383,MPHOSPH10,28,0.39687,1,-4.6235,31,0.32400
ENSG00000124374,PAIP2B,26,-3.2112,48,-0.9128,349,3.57573
ENSG00000075292,ZNF638,49,-0.2786,42,-0.3088,68,0.49089
ENSG00000135636,DYSF,13,-3.5286,10,-2.5070,232,4.12540
ENSG00000003137,CYP26B1,25,2.81745,10,-0.9354,0,-8.0796
ENSG00000144036,EXOC6B,37,-1.1143,44,-0.1851,100,1.38494
ENSG00000135638,EMX1,42,4.99078,2,-3.5877,0,-6.0221
ENSG00000144040,SFXN5,132,0.65774,103,-0.2278,74,-0.7972
ENSG00000135631,RAB11FIP5,50,2.25316,15,-1.4658,8,-2.4925
ENSG00000135632,SMYD5,26,-0.3441,50,0.95028,25,-0.2162
ENSG00000135617,PRADC1,36,0.18291,28,-0.3746,34,-0.0500
ENSG00000135624,CCT7,109,-0.0282,129,0.26184,102,-0.1220
ENSG00000163013,FBXO41,106,2.10451,61,-0.4968,6,-3.9653
ENSG00000135625,EGR4,32,6.47413,0,-7.2661,0,-5.9624
ENSG00000144034,TPRKB,14,-1.1144,20,0.13231,35,1.27249
ENSG00000124356,STAMBP,10,-2.5059,28,0.26544,76,2.59550
ENSG00000114956,DGUOK,65,0.48298,38,-0.6976,50,-0.2936
ENSG00000187605,TET3,16,-0.0056,8,-1.0251,20,0.39942
ENSG00000163170,BOLA3,45,0.52053,9,-2.1716,42,0.03569
ENSG00000114978,MOB1A,28,-1.0069,95,1.64194,38,0.09563
ENSG00000204843,DCTN1,294,0.16098,152,-0.9734,318,0.19416
ENSG00000005448,WDR54,27,1.39690,6,-1.8134,12,-1.0489
ENSG00000114993,RTKN,19,-3.1127,61,-0.0162,228,3.22032
ENSG00000115274,INO80B,37,0.35471,51,0.63293,17,-1.1243
ENSG00000239779,WBP1,72,-0.8190,95,0.14452,143,0.93814
ENSG00000115275,MOGS,16,-0.2113,17,0.03741,20,0.25540
ENSG00000115289,PCGF1,22,0.56018,33,0.79215,6,-1.9285
ENSG00000115307,AUP1,56,-0.9496,120,0.86782,103,0.70351
ENSG00000115317,HTRA2,28,-0.1903,45,0.68552,26,-0.2103
ENSG00000135622,SEMA4F,29,3.17139,1,-4.0351,4,-2.6629
ENSG00000115350,POLE4,43,-0.4609,37,-0.3879,71,0.73094
ENSG00000115364,MRPL19,18,-0.9678,4,-2.3707,50,1.60985
ENSG00000176204,LRRTM4,27,4.14478,0,-7.0471,2,-3.4444
ENSG00000066032,CTNNA2,134,1.43643,50,-1.2190,49,-1.3437
ENSG00000162951,LRRTM1,38,1.55718,27,-0.2041,5,-2.6961
ENSG00000163541,SUCLG1,75,-0.0513,53,-0.5554,90,0.31117
ENSG00000034510,TMSB10,2007,0.79379,2312,0.42495,580,-1.8131
ENSG00000176407,KCMF1,55,0.89777,30,-0.7176,29,-0.8430
ENSG00000152291,TGOLN2,110,-0.5866,186,0.63252,156,0.39437
ENSG00000042445,RETSAT,21,-1.5945,70,1.22183,63,1.22544
ENSG00000042493,CAPG,5,-4.0440,253,4.99473,16,-1.0063
ENSG00000168906,MAT2A,93,-1.6647,287,1.09330,300,1.38544
ENSG00000115486,GGCX,27,-0.7771,39,0.30224,50,0.81772
ENSG00000168899,VAMP5,20,-1.8156,118,2.22701,46,0.58578
ENSG00000168894,RNF181,47,-0.8934,40,-0.5688,112,1.26055
ENSG00000168883,USP39,19,-0.5072,24,0.12701,30,0.57907
ENSG00000115525,ST3GAL5,61,0.07679,9,-2.7176,82,0.56429
ENSG00000132300,PTCD3,40,-0.7370,48,0.01916,76,0.89643
ENSG00000132305,IMMT,65,0.41502,52,-0.2281,46,-0.4387
ENSG00000132313,MRPL35,46,0.60298,22,-1.0051,35,-0.3263
ENSG00000068615,REEP1,77,2.82431,5,-3.5757,13,-2.3428
ENSG00000115548,KDM3A,19,-0.4832,21,-0.0031,29,0.60945
ENSG00000115561,CHMP3,66,0.59342,49,-0.3054,40,-0.6479
ENSG00000239305,RNF103,63,-0.3491,44,-0.6496,98,0.68581
ENSG00000153561,RMND5A,68,-0.2640,36,-1.0448,105,0.69276
ENSG00000144115,THNSL2,18,-1.3615,35,0.51561,52,1.37509
ENSG00000172005,MAL,89,-3.3270,60,-2.4845,1321,3.93363
ENSG00000144029,MRPS5,38,-0.4888,36,-0.2604,63,0.71847
ENSG00000115041,KCNIP3,75,1.38452,57,-0.1344,14,-2.3380
ENSG00000115042,FAHD2A,18,-0.7189,28,0.46347,30,0.66461
ENSG00000084090,STARD7,149,-0.1751,179,0.22933,164,0.10164
ENSG00000135956,TMEM127,76,0.02031,149,1.12623,37,-1.1544
ENSG00000144021,CIAO1,84,0.03823,80,-0.0715,83,-0.0117
ENSG00000144028,SNRNP200,73,-0.3498,108,0.50811,86,0.15962
ENSG00000196843,ARID5A,15,-1.6118,121,3.00703,12,-1.1963
ENSG00000114982,KANSL3,19,-0.6969,29,0.42479,32,0.65877
ENSG00000168763,CNNM3,13,-0.8148,9,-0.8414,30,1.24251
ENSG00000213337,ANKRD39,23,0.74775,0,-7.0750,20,-4.6561
ENSG00000168758,SEMA4C,19,-1.8178,86,1.61767,61,1.17766
ENSG00000144199,FAHD2B,15,-1.2042,1,-4.1269,52,1.92607
ENSG00000135940,COX5B,675,0.30070,465,-0.4986,589,-0.1455
ENSG00000115073,ACTR1B,111,1.16667,46,-1.0869,51,-1.0295
ENSG00000075568,TMEM131,30,-0.3590,51,0.74977,32,-0.0097
ENSG00000040933,INPP4A,77,1.62496,28,-1.2383,23,-1.6127
ENSG00000183513,COA5,39,-0.7364,36,-0.3892,80,1.03972
ENSG00000115446,UNC50,30,-0.8191,46,0.37028,58,0.83384
ENSG00000071073,MGAT4A,27,-1.0159,119,2.15323,24,-0.6585
ENSG00000196872,KIAA1211L,84,2.16941,39,-0.8140,8,-3.2303
ENSG00000185414,MRPL30,32,0.16201,17,-0.8728,34,0.16313
ENSG00000115514,TXNDC9,19,0.23096,18,-0.0373,15,-0.2948
ENSG00000158417,EIF5B,55,-0.8527,101,0.65137,99,0.72058
ENSG00000135945,REV1,21,-0.3601,37,0.76476,22,-0.0206
ENSG00000144218,AFF3,48,3.91808,0,-7.8816,4,-3.1893
ENSG00000170500,LONRF2,184,2.64454,15,-3.2805,36,-2.1915
ENSG00000115526,CHST10,50,0.65494,48,0.11274,23,-1.0857
ENSG00000115539,PDCL3,21,0.25879,8,-1.3951,23,0.18789
ENSG00000170485,NPAS2,38,1.23285,34,0.11268,7,-2.4141
ENSG00000071082,RPL31,599,-0.3568,732,0.20299,785,0.35410
ENSG00000163162,RNF149,19,-0.5141,41,1.05788,21,-0.0526
ENSG00000175874,CREG2,244,3.47915,26,-2.8883,19,-3.5042
ENSG00000071054,MAP4K4,68,-2.4647,193,0.37205,473,2.51600
ENSG00000233639,PANTR1,33,-0.0371,9,-1.8960,46,0.59798
ENSG00000198914,POU3F3,49,-1.1712,50,-0.4514,143,1.52282
ENSG00000135972,MRPS9,13,-0.8349,7,-1.2445,32,1.34183
ENSG00000135966,TGFBRAP1,23,0.67200,16,-0.4133,13,-0.6952
ENSG00000115641,FHL2,29,2.71719,13,-0.8301,0,-8.3162
ENSG00000071051,NCK2,44,-0.0849,127,1.79930,6,-3.0362
ENSG00000144057,ST6GAL2,22,0.39054,4,-2.2145,23,0.18201
ENSG00000135968,GCC2,74,0.68681,81,0.32442,28,-1.4001
ENSG00000153201,RANBP2,74,-0.2260,149,1.09210,55,-0.5832
ENSG00000175701,MTLN,102,0.42816,58,-0.7535,84,-0.2014
ENSG00000153107,ANAPC1,30,0.31069,31,0.14258,20,-0.5379
ENSG00000153208,MERTK,16,0.37421,33,1.25020,2,-2.7380
ENSG00000188177,ZC3H6,25,0.13703,21,-0.2659,24,-0.0420
ENSG00000114999,TTL,53,-0.2707,20,-1.5543,87,0.79701
ENSG00000125611,CHCHD5,25,-1.1602,64,1.06404,52,0.82904
ENSG00000144136,SLC20A1,48,0.06934,78,0.82642,29,-0.8073
ENSG00000115084,SLC35F5,20,-0.7661,34,0.56997,35,0.66209
ENSG00000115091,ACTR3,73,-0.2615,103,0.46741,80,0.06535
ENSG00000175497,DPP10,71,1.48078,17,-1.8483,29,-1.1430
ENSG00000088205,DDX18,34,-0.0151,24,-0.5348,40,0.26059
ENSG00000125629,INSIG2,35,1.11551,18,-0.7780,15,-1.1255
ENSG00000144119,C1QL2,15,0.70629,0,-6.5269,14,0.03828
ENSG00000155368,DBI,251,-1.0228,292,-0.1576,621,1.27796
ENSG00000088179,PTPN4,40,1.36061,11,-1.6517,17,-1.0556
ENSG00000226479,TMEM185B,18,-1.2115,61,1.46237,35,0.57539
ENSG00000144118,RALB,36,1.34459,8,-2.0001,17,-0.9327
ENSG00000074054,CLASP1,88,1.15802,31,-1.3425,43,-0.9072
ENSG00000155438,NIFK,16,-0.5353,6,-1.6019,31,1.08398
ENSG00000211460,TSN,69,-0.3566,76,0.03182,95,0.44008
ENSG00000136717,BIN1,198,-1.9869,415,0.23623,970,2.12636
ENSG00000163161,ERCC3,18,-0.5557,17,-0.2393,31,0.78757
ENSG00000169967,MAP3K2,23,-0.8987,53,1.02821,37,0.52333
ENSG00000163166,IWS1,25,-1.0218,28,-0.2570,64,1.30890
ENSG00000144230,GPR17,17,-1.2700,92,2.39281,17,-0.5654
ENSG00000136709,WDR33,50,0.14090,52,0.10497,42,-0.2582
ENSG00000144231,POLR2D,22,-0.1310,24,0.10492,24,0.11534
ENSG00000136715,SAP130,21,0.98869,13,-0.5199,9,-1.1031
ENSG00000136731,UGGT1,19,-0.9071,51,1.25388,29,0.34666
ENSG00000136720,HS6ST1,111,0.67720,113,0.19995,47,-1.2227
ENSG00000136699,SMPD4,42,-0.8991,51,-0.0419,94,1.10232
ENSG00000152082,MZT2B,309,0.06268,220,-0.5140,334,0.15865
ENSG00000136710,CCDC115,56,0.20356,11,-2.3680,68,0.39927
ENSG00000136718,IMP4,52,0.02964,25,-1.0696,63,0.37068
ENSG00000072135,PTPN18,20,-0.7236,67,1.76178,17,-0.5829
ENSG00000136002,ARHGEF4,178,0.75903,68,-1.2920,123,-0.4233
ENSG00000152102,FAM168B,159,0.34329,115,-0.4139,131,-0.2403
ENSG00000115762,PLEKHB2,214,0.73168,133,-0.5635,127,-0.6929
ENSG00000173272,MZT2A,121,0.40415,31,-1.9754,122,0.13366
ENSG00000152127,MGAT5,44,-0.6283,111,1.31104,47,-0.1365
ENSG00000152128,TMEM163,21,2.80523,0,-4.8234,4,-2.1590
ENSG00000082258,CCNT2,33,-0.1133,60,0.92296,24,-0.5827
ENSG00000115839,RAB3GAP1,73,0.92146,30,-1.1491,42,-0.6757
ENSG00000048991,R3HDM1,90,2.16854,23,-1.7238,18,-2.1524
ENSG00000144224,UBXN4,43,-0.8065,41,-0.3787,94,1.11332
ENSG00000115866,DARS,64,-0.4560,99,0.55854,82,0.26984
ENSG00000121966,CXCR4,4,-5.4835,558,6.97843,5,-3.6642
ENSG00000150540,HNMT,11,-1.8265,52,1.72537,33,1.09793
ENSG00000144228,SPOPL,12,-1.5624,23,0.29934,43,1.68022
ENSG00000168702,LRP1B,33,0.74217,24,-0.3051,17,-0.8722
ENSG00000121964,GTDC1,53,1.10895,15,-1.7063,30,-0.7268
ENSG00000169554,ZEB2,86,-1.9821,162,0.06201,430,2.18433
ENSG00000115947,ORC4,48,0.77583,25,-0.8034,29,-0.6311
ENSG00000204406,MBD5,20,0.98711,8,-1.2271,11,-0.7303
ENSG00000135999,EPC2,23,0.77392,11,-0.9157,15,-0.5786
ENSG00000168280,KIF5C,354,0.20653,115,-1.6582,403,0.29783
ENSG00000168288,MMADHC,34,0.33574,2,-3.5881,39,0.35089
ENSG00000080345,RIF1,34,-1.0384,69,0.75050,70,0.88589
ENSG00000162980,ARL5A,28,0.05538,38,0.53480,21,-0.4653
ENSG00000182389,CACNB4,103,2.68215,28,-1.5778,10,-3.2523
ENSG00000115145,STAM2,21,-1.0305,53,1.07388,39,0.65986
ENSG00000157827,FMNL2,89,-1.7988,115,-0.4121,409,2.14808
ENSG00000196504,PRPF40A,31,-0.4071,54,0.76548,35,0.04811
ENSG00000162989,KCNJ3,68,2.77396,16,-1.7590,6,-3.2208
ENSG00000153234,NR4A2,68,-0.0175,187,1.72755,9,-3.0364
ENSG00000115159,GPD2,55,0.65572,43,-0.2254,31,-0.7958
ENSG00000136541,ERMN,70,-3.6427,19,-4.0504,1319,4.33870
ENSG00000144283,PKP4,74,-1.9902,63,-1.1566,413,2.49121
ENSG00000123636,BAZ2B,18,-1.9718,86,1.59352,67,1.36165
ENSG00000136536,MARCH7,45,0.55117,21,-1.0338,35,-0.2525
ENSG00000136560,TANK,17,-0.8802,45,1.22416,26,0.33557
ENSG00000115233,PSMD14,75,0.38784,36,-1.0052,67,-0.0640
ENSG00000136535,TBR1,184,3.62469,26,-2.4766,9,-4.2112
ENSG00000144290,SLC4A10,107,3.92986,5,-3.9506,7,-3.6337
ENSG00000115271,GCA,35,-1.2029,31,-0.6925,108,1.61524
ENSG00000153253,SCN3A,38,3.57053,2,-3.7237,3,-3.2331
ENSG00000136531,SCN2A,231,4.34949,15,-3.6302,9,-4.4519
ENSG00000178662,CSRNP3,153,3.68738,0,-7.1117,17,-2.9709
ENSG00000144285,SCN1A,73,5.99886,2,-4.7449,0,-6.7126
ENSG00000172318,B3GALT1,18,2.01482,0,-6.5923,6,-1.2792
ENSG00000198648,STK39,80,0.03463,27,-1.6336,103,0.48128
ENSG00000172292,CERS6,88,2.71730,12,-2.5762,13,-2.5137
ENSG00000163093,BBS5,15,0.29180,8,-0.9030,15,0.01850
ENSG00000138398,PPIG,49,-0.3371,99,1.04795,43,-0.3312
ENSG00000213160,KLHL23,22,0.53887,24,0.24925,11,-1.0172
ENSG00000138385,SSB,66,0.20066,43,-0.6105,65,0.02639
ENSG00000138382,METTL5,37,0.16756,15,-1.3390,42,0.27822
ENSG00000144357,UBR3,65,0.26955,15,-2.1368,73,0.30195
ENSG00000128683,GAD1,48,2.04651,5,-2.9367,15,-1.5545
ENSG00000115806,GORASP2,52,0.06329,43,-0.2883,53,0.06319
ENSG00000198586,TLK1,66,0.84503,58,0.00248,26,-1.3214
ENSG00000071967,CYBRD1,32,-1.1276,110,1.61233,51,0.31181
ENSG00000077380,DYNC1I2,69,-1.8972,125,0.05496,326,2.10464
ENSG00000115840,SLC25A12,69,3.10583,0,-7.4765,11,-2.3713
ENSG00000128708,HAT1,14,-0.6429,6,-1.5296,31,1.18618
ENSG00000091409,ITGA6,21,-1.9828,189,2.95756,34,-0.2229
ENSG00000091428,RAPGEF4,135,-0.0840,55,-1.4023,187,0.56944
ENSG00000172845,SP3,27,-0.5244,44,0.59201,37,0.33889
ENSG00000138430,OLA1,83,1.13519,18,-2.0182,47,-0.6809
ENSG00000138433,CIR1,32,0.09123,23,-0.4993,34,0.11794
ENSG00000163328,GPR155,49,0.98748,30,-0.5234,22,-1.0987
ENSG00000115935,WIPF1,12,-2.9249,51,0.63574,116,2.78887
ENSG00000128656,CHN1,1714,3.84952,124,-3.4919,116,-3.7235
ENSG00000115966,ATF2,63,0.70063,49,-0.2245,34,-0.8665
ENSG00000154518,ATP5MC3,223,0.63793,137,-0.6063,147,-0.5403
ENSG00000144320,LNPK,33,0.24797,0,-7.7035,41,0.50311
ENSG00000128654,MTX2,70,0.84866,5,-3.6917,56,-0.1728
ENSG00000170144,HNRNPA3,152,-0.2611,168,0.08308,188,0.29545
ENSG00000116044,NFE2L2,44,-1.2178,106,0.92107,102,0.99310
ENSG00000018510,AGPS,22,-0.9644,29,0.03763,52,1.14471
ENSG00000079156,OSBPL6,35,1.19824,23,-0.3782,11,-1.5835
ENSG00000180228,PRKRA,62,0.28502,32,-0.9295,60,0.03501
ENSG00000116095,PLEKHA3,46,1.09498,18,-1.1826,23,-0.8889
ENSG00000187231,SESTD1,25,-1.3752,54,0.66732,70,1.31507
ENSG00000144331,ZNF385B,32,3.87318,5,-2.1327,0,-6.3811
ENSG00000170035,UBE2E3,129,0.84183,57,-1.0574,79,-0.6088
ENSG00000138434,ITPRID2,37,-1.1000,105,1.28174,67,0.58530
ENSG00000115252,PDE1A,83,2.15154,6,-3.4133,24,-1.5946
ENSG00000077232,DNAJC10,49,-0.4361,123,1.39818,38,-0.5982
ENSG00000061676,NCKAP1,291,1.44120,129,-0.9612,96,-1.5075
ENSG00000065548,ZC3H15,92,1.00172,43,-0.9352,47,-0.8754
ENSG00000138448,ITGAV,68,-1.4974,198,1.09266,190,1.20333
ENSG00000144369,FAM171B,208,0.49474,186,-0.0445,128,-0.6800
ENSG00000204262,COL5A2,21,7.56366,0,-6.6931,0,-7.7760
ENSG00000138381,ASNSD1,20,0.67594,0,-6.8789,19,0.07097
ENSG00000128699,ORMDL1,50,0.02948,40,-0.3395,54,0.12856
ENSG00000198130,HIBCH,22,-0.6765,10,-1.3928,48,1.20056
ENSG00000151689,INPP1,30,-1.5429,15,-1.7467,127,2.13080
ENSG00000151690,MFSD6,129,0.27527,38,-1.7853,141,0.24421
ENSG00000138386,NAB1,26,-0.7476,50,0.75201,42,0.52453
ENSG00000115419,GLS,219,2.03412,82,-1.1514,39,-2.3851
ENSG00000115415,STAT1,38,-0.5144,91,1.27880,36,-0.2927
ENSG00000138378,STAT4,22,6.78138,0,-6.7550,0,-6.4863
ENSG00000128641,MYO1B,14,0.07613,38,1.65181,1,-3.2203
ENSG00000144339,TMEFF2,83,-0.0661,19,-2.1936,120,0.66488
ENSG00000196950,SLC39A10,221,2.05278,126,-0.5156,16,-3.6398
ENSG00000138411,HECW2,28,0.48642,1,-4.0852,29,0.21721
ENSG00000119041,GTF3C3,18,0.33347,10,-0.7913,16,-0.0698
ENSG00000197121,PGAP1,42,0.83556,44,0.28991,13,-1.6834
ENSG00000115524,SF3B1,88,-0.7179,141,0.50335,146,0.64097
ENSG00000115520,COQ10B,42,0.49477,43,0.17138,23,-0.8615
ENSG00000144381,HSPD1,140,-0.0289,102,-0.5058,163,0.26662
ENSG00000115541,HSPE1,178,-0.4108,131,-0.6089,290,0.74347
ENSG00000115540,MOB4,65,1.17095,18,-1.6340,33,-0.8235
ENSG00000162944,RFTN2,31,-1.9405,23,-1.3508,169,2.47312
ENSG00000115896,PLCL1,26,-1.4845,14,-1.5878,104,2.05352
ENSG00000119042,SATB2,91,3.34674,12,-2.5592,7,-3.5306
ENSG00000225953,SATB2-AS1,27,2.24044,0,-7.1408,8,-1.5006
ENSG00000178074,C2orf69,62,1.88600,1,-5.3788,24,-1.1729
ENSG00000196141,SPATS2L,57,0.42182,53,0.00376,37,-0.6036
ENSG00000082153,BZW1,126,-0.0493,93,-0.4910,149,0.28560
ENSG00000013441,CLK1,89,-1.3155,164,0.43776,250,1.36154
ENSG00000196290,NIF3L1,15,-0.3676,3,-2.2957,28,0.98931
ENSG00000155744,FAM126B,62,2.02940,15,-1.7830,15,-1.9082
ENSG00000119013,NDUFB3,83,0.04156,30,-1.5118,106,0.45242
ENSG00000003402,CFLAR,13,-2.4708,144,2.89260,42,0.57771
ENSG00000115993,TRAK2,53,-0.1336,38,-0.5681,69,0.41275
ENSG00000082146,STRADB,16,-0.9930,37,0.93456,30,0.71241
ENSG00000155755,TMEM237,28,1.10065,18,-0.4579,11,-1.3346
ENSG00000003393,ALS2,32,0.76970,19,-0.6259,19,-0.7121
ENSG00000116030,SUMO1,123,1.08335,31,-1.8323,71,-0.6633
ENSG00000055044,NOP58,26,0.04760,21,-0.3362,28,0.10441
ENSG00000204217,BMPR2,135,1.06774,102,-0.1932,45,-1.5328
ENSG00000138439,FAM117B,27,1.58735,5,-2.2829,11,-1.1536
ENSG00000163596,ICA1L,30,0.96899,18,-0.5628,13,-1.0426
ENSG00000138442,WDR12,21,0.79391,13,-0.5364,11,-0.7979
ENSG00000138443,ABI2,166,1.25897,56,-1.3789,75,-1.0252
ENSG00000173166,RAPH1,30,1.29597,30,0.30837,3,-3.2842
ENSG00000023228,NDUFS1,149,0.81076,60,-1.2118,97,-0.5130
ENSG00000114942,EEF1B2,158,-1.1359,300,0.57970,372,1.09415
ENSG00000204186,ZDBF2,24,1.77984,11,-0.8243,4,-2.2376
ENSG00000114948,ADAM23,94,3.34275,18,-2.0518,4,-4.1819
ENSG00000118246,FASTKD2,24,1.43566,5,-1.8314,10,-1.0917
ENSG00000118263,KLF7,16,-1.0874,33,0.70677,35,0.96918
ENSG00000118260,CREB1,24,-0.2498,29,0.23980,28,0.19481
ENSG00000144401,METTL21A,17,-0.3928,24,0.42376,22,0.27280
ENSG00000163249,CCNYL1,17,0.91828,4,-1.7744,11,-0.4831
ENSG00000178385,PLEKHM3,37,0.71758,10,-1.8164,29,-0.2430
ENSG00000188674,C2orf80,31,4.27020,0,-7.2747,2,-3.5659
ENSG00000138413,IDH1,17,-0.9959,55,1.55721,24,0.17449
ENSG00000115020,PIKFYVE,31,-0.3506,51,0.68257,34,0.03251
ENSG00000078018,MAP2,621,2.25732,134,-1.9613,127,-2.1496
ENSG00000144406,UNC80,58,2.82978,0,-8.1225,12,-2.0858
ENSG00000197713,RPE,25,-0.0052,18,-0.5446,29,0.25234
ENSG00000115365,LANCL1,103,-1.5249,23,-2.8283,433,2.19969
ENSG00000178568,ERBB4,29,0.24940,6,-2.3359,34,0.34724
ENSG00000144451,SPAG16,18,-1.5407,31,0.17780,65,1.70517
ENSG00000138363,ATIC,38,0.03449,30,-0.3744,41,0.13717
ENSG00000115414,FN1,35,-2.7832,711,4.53082,11,-3.2546
ENSG00000079246,XRCC5,91,-0.5448,88,-0.2442,156,0.77692
ENSG00000260804,LINC01963,53,1.43990,38,-0.2010,10,-2.3631
ENSG00000197756,RPL37A,1286,-0.8796,1744,0.15606,2679,1.00218
ENSG00000115457,IGFBP2,29,-0.2567,103,2.14743,0,-6.5290
ENSG00000115461,IGFBP5,51,-2.1282,167,0.87194,253,1.97596
ENSG00000079308,TNS1,11,-2.8689,131,2.54502,64,1.36516
ENSG00000163466,ARPC2,109,0.06449,157,0.60273,78,-0.5458
ENSG00000127837,AAMP,61,-0.3786,72,0.11868,84,0.42513
ENSG00000127838,PNKD,150,0.32317,97,-0.5936,131,-0.1333
ENSG00000135926,TMBIM1,36,-2.6048,357,2.56855,155,1.10160
ENSG00000144579,CTDSP1,22,-2.0015,175,2.62522,50,0.33300
ENSG00000144580,CNOT9,23,-0.7909,51,1.00410,35,0.39764
ENSG00000115568,ZNF142,17,0.13399,7,-1.1763,19,0.27859
ENSG00000074582,BCS1L,13,-0.3027,2,-2.4885,24,0.93905
ENSG00000163481,RNF25,16,-0.7484,38,1.08391,23,0.27238
ENSG00000135929,CYP27A1,17,-3.0216,81,0.74070,173,2.81303
ENSG00000171450,CDK5R2,135,3.53294,27,-1.9894,3,-5.0169
ENSG00000115649,CNPPD1,29,-1.1440,77,1.11649,59,0.77133
ENSG00000144567,RETREG2,197,0.68793,139,-0.3804,114,-0.7391
ENSG00000158552,ZFAND2B,36,0.12305,28,-0.3603,36,0.01986
ENSG00000115657,ABCB6,36,1.09762,20,-0.6708,15,-1.1678
ENSG00000198925,ATG9A,76,0.05582,61,-0.3120,78,0.08336
ENSG00000115661,STK16,14,-0.7336,27,0.78535,22,0.48354
ENSG00000127824,TUBA4A,358,3.00299,46,-2.6591,43,-2.8901
ENSG00000135924,DNAJB2,180,-0.9128,154,-0.5725,431,1.28215
ENSG00000054356,PTPRN,293,2.74748,91,-1.3869,19,-3.7671
ENSG00000072195,SPEG,21,0.42857,31,0.75369,7,-1.4833
ENSG00000144591,GMPPA,12,-0.9310,22,0.60328,24,0.84319
ENSG00000123989,CHPF,76,-0.0770,119,0.70803,61,-0.4129
ENSG00000188760,TMEM198,25,1.60488,8,-1.4351,8,-1.4735
ENSG00000124006,OBSL1,52,0.13208,57,0.18405,43,-0.2996
ENSG00000114923,SLC4A3,54,1.89540,19,-1.2038,11,-2.0790
ENSG00000116106,EPHA4,132,3.65480,26,-1.9923,2,-5.6536
ENSG00000163082,SGPP2,23,2.21036,11,-0.7507,1,-3.5310
ENSG00000116120,FARSB,57,0.89858,36,-0.5331,28,-0.9551
ENSG00000123983,ACSL3,123,0.31457,90,-0.4088,104,-0.2049
ENSG00000171951,SCG2,138,2.25828,55,-1.0289,15,-3.0592
ENSG00000085449,WDFY1,22,-0.0184,10,-1.2198,29,0.45989
ENSG00000135900,MRPL44,36,1.08791,0,-7.6805,25,-0.3385
ENSG00000135919,SERPINE2,187,1.11063,90,-0.8777,84,-1.0594
ENSG00000036257,CUL3,56,0.08688,56,0.02488,51,-0.1319
ENSG00000135905,DOCK10,14,-2.5921,12,-1.5887,125,3.13456
ENSG00000168958,MFF,89,-0.0707,75,-0.2882,103,0.23103
ENSG00000173744,AGFG1,61,-0.0623,60,-0.0409,65,0.10404
ENSG00000153820,SPHKAP,26,2.44249,0,-7.1027,7,-1.7050
ENSG00000153823,PID1,19,0.18288,34,0.97932,8,-1.2838
ENSG00000187957,DNER,136,-1.1767,225,0.32871,350,1.25925
ENSG00000153827,TRIP12,84,0.13739,65,-0.3527,82,-0.0018
ENSG00000163053,SLC16A14,26,4.03097,4,-2.1820,0,-8.0045
ENSG00000135932,CAB39,133,0.89091,86,-0.4727,64,-0.9840
ENSG00000135916,ITM2C,805,-0.2134,1440,0.88421,680,-0.3642
ENSG00000204128,C2orf72,65,0.11488,35,-0.9025,72,0.22734
ENSG00000173692,PSMD1,90,0.77172,53,-0.6251,52,-0.7154
ENSG00000115053,NCL,158,-0.8013,255,0.46696,287,0.76262
ENSG00000187514,PTMA,559,-1.7197,929,0.03593,2297,1.93638
ENSG00000156973,PDE6D,24,-0.3406,4,-2.6117,44,0.98772
ENSG00000144524,COPS7B,26,-0.7933,37,0.24734,50,0.86276
ENSG00000135930,EIF4E2,33,0.36536,10,-1.7262,33,0.13477
ENSG00000115468,EFHD1,73,-2.9287,122,-0.8081,780,3.30141
ENSG00000204120,GIGYF2,28,-0.2717,45,0.68452,28,-0.0853
ENSG00000182600,SNORC,84,-1.1465,248,1.32316,157,0.61154
ENSG00000066248,NGEF,263,3.13477,50,-2.0820,19,-3.6101
ENSG00000085978,ATG16L1,32,0.79539,26,-0.1287,14,-1.1008
ENSG00000077044,DGKD,16,-0.5854,12,-0.5714,30,0.92703
ENSG00000085982,USP40,17,-1.0848,20,-0.1611,44,1.34571
ENSG00000188042,ARL4C,52,2.25128,19,-1.1524,6,-2.8468
ENSG00000130147,SH3BP4,10,-2.2504,28,0.48168,59,2.27574
ENSG00000157985,AGAP1,62,-1.2761,31,-1.5390,212,1.83772
ENSG00000198612,COPS8,112,0.78865,61,-0.7515,66,-0.6734
ENSG00000124831,LRRFIP1,39,0.23939,75,1.13978,12,-1.7864
ENSG00000132329,RAMP1,103,-1.0341,402,1.92981,115,-0.2386
ENSG00000184182,UBE2F,41,-0.4019,80,0.93290,42,-0.1073
ENSG00000132323,ILKAP,27,-1.3550,94,1.47582,59,0.74951
ENSG00000144485,HES6,43,-0.7111,42,-0.2960,86,0.98227
ENSG00000132326,PER2,29,1.59381,5,-2.2469,11,-1.1701
ENSG00000204104,TRAF3IP1,18,1.60468,10,-0.4965,3,-2.2859
ENSG00000065802,ASB1,21,-0.2534,23,0.12610,25,0.26299
ENSG00000068024,HDAC4,28,-0.2195,44,0.64689,27,-0.1325
ENSG00000130414,NDUFA10,118,0.24127,72,-0.7026,114,0.01098
ENSG00000172428,COPS9,435,0.16822,316,-0.4512,422,0.00238
ENSG00000063660,GPC1,133,0.84361,97,-0.2811,62,-1.0518
ENSG00000142327,RNPEPL1,17,-1.8866,96,2.05809,46,0.85708
ENSG00000142330,CAPN10,18,-0.2126,23,0.26832,21,0.12834
ENSG00000130294,KIF1A,507,0.42328,281,-0.8036,427,-0.1762
ENSG00000122085,MTERF4,26,-0.5307,35,0.28158,39,0.53063
ENSG00000115685,PPP1R7,131,0.50966,129,0.10822,73,-0.8290
ENSG00000115677,HDLBP,135,-0.3456,218,0.65900,149,0.04373
ENSG00000168385,SEPTIN2,122,-1.6644,366,1.03968,400,1.41808
ENSG00000115694,STK25,138,0.41984,99,-0.4102,105,-0.3443
ENSG00000176720,BOK,36,-3.3753,49,-1.4454,536,3.83403
ENSG00000176946,THAP4,32,-0.4247,68,1.08086,31,-0.2199
ENSG00000168397,ATG4B,48,-0.2454,46,-0.1420,63,0.38272
ENSG00000168395,ING5,34,0.56498,1,-5.0238,34,0.16233
ENSG00000180902,D2HGDH,19,-0.3280,16,-0.3192,27,0.55301
ENSG00000224318,CHL1-AS2,11,-1.1921,50,2.10945,13,-0.2222
ENSG00000134121,CHL1,213,2.45566,42,-2.0875,37,-2.3779
ENSG00000144619,CNTN4,23,4.38232,0,-6.8301,1,-3.7022
ENSG00000113851,CRBN,54,0.11815,40,-0.4274,55,0.05518
ENSG00000150995,ITPR1,164,3.27595,23,-2.5380,13,-3.4196
ENSG00000134107,BHLHE40,80,0.24187,161,1.22724,21,-2.0461
ENSG00000134108,ARL8B,178,0.73963,52,-1.7002,134,-0.2928
ENSG00000134109,EDEM1,14,-0.5501,35,1.28891,14,-0.2428
ENSG00000196277,GRM7,27,5.62849,0,-7.0266,0,-5.0297
ENSG00000196220,SRGAP3,74,1.85654,20,-1.6605,20,-1.7204
ENSG00000134077,THUMPD3,20,-0.2884,26,0.32110,24,0.19744
ENSG00000168137,SETD5,19,0.14660,24,0.41471,14,-0.5046
ENSG00000156959,LHFPL4,44,3.90466,4,-2.8948,2,-4.2993
ENSG00000163719,MTMR14,26,-0.4809,59,1.14273,26,-0.1935
ENSG00000134072,CAMK1,98,2.04154,36,-1.1579,17,-2.3929
ENSG00000171148,TADA3,93,0.41096,63,-0.4850,73,-0.2953
ENSG00000241553,ARPC4,170,-0.1845,318,0.96901,131,-0.5083
ENSG00000156990,RPUSD3,24,0.45496,15,-0.5923,19,-0.3032
ENSG00000171135,JAGN1,24,-0.6140,38,0.53750,36,0.49041
ENSG00000163703,CRELD1,71,0.75164,60,-0.0867,33,-1.0637
ENSG00000163704,PRRT3,34,2.14469,4,-2.8833,9,-1.6812
ENSG00000125037,EMC3,56,0.06501,62,0.18233,49,-0.2013
ENSG00000254999,BRK1,156,0.12390,162,0.10370,133,-0.2331
ENSG00000157014,TATDN2,41,0.36180,48,0.36567,23,-0.8206
ENSG00000157020,SEC13,37,-0.9238,54,0.25465,78,1.00959
ENSG00000157087,ATP2B2,388,3.13039,111,-1.4880,10,-5.0544
ENSG00000132164,SLC6A11,20,2.18890,4,-1.9943,4,-2.0327
ENSG00000157103,SLC6A1,146,-0.2111,123,-0.3333,192,0.41989
ENSG00000197548,ATG7,31,0.96745,27,-0.0323,10,-1.5214
ENSG00000144560,VGLL4,59,0.06226,78,0.45872,46,-0.4083
ENSG00000157152,SYN2,480,3.14826,86,-2.1791,38,-3.5219
ENSG00000075975,MKRN2,21,0.10507,21,0.01475,19,-0.1509
ENSG00000132155,RAF1,41,-0.2651,45,0.06596,51,0.30920
ENSG00000144713,RPL32,770,-0.9443,1125,0.24615,1662,1.03664
ENSG00000144711,IQSEC1,279,1.20204,146,-0.7463,108,-1.2789
ENSG00000163517,HDAC11,54,-2.0612,49,-1.1053,314,2.55148
ENSG00000170876,TMEM43,33,-0.1157,46,0.51469,30,-0.1807
ENSG00000154767,XPC,11,-1.5043,21,0.36840,38,1.59182
ENSG00000170860,LSM3,62,-0.1272,22,-1.6300,91,0.65548
ENSG00000225733,FGD5-AS1,106,-0.8314,125,-0.0465,222,1.02878
ENSG00000177463,NR2C2,41,0.09879,32,-0.3645,41,0.05238
ENSG00000131368,MRPS25,52,0.87143,27,-0.7946,29,-0.7655
ENSG00000131381,RBSN,38,-0.2688,35,-0.2162,51,0.44257
ENSG00000131370,SH3BP5,82,-0.4344,13,-2.8901,161,1.10240
ENSG00000144597,EAF1,40,1.48598,17,-1.0309,13,-1.5308
ENSG00000206560,ANKRD28,30,-0.4904,18,-0.9116,55,0.91009
ENSG00000131386,GALNT15,6,-3.8116,110,2.32673,83,2.20644
ENSG00000154813,DPH3,20,-0.3795,38,0.94414,20,-0.1533
ENSG00000131378,RFTN1,42,1.88613,31,-0.1036,1,-4.9861
ENSG00000154822,PLCL2,31,1.26574,14,-0.9602,12,-1.2392
ENSG00000131374,TBC1D5,54,-0.2570,31,-0.9074,81,0.65223
ENSG00000182568,SATB1,148,2.22671,31,-1.9715,31,-2.0990
ENSG00000144566,RAB5A,87,-0.0393,74,-0.2767,98,0.18711
ENSG00000114166,KAT2B,44,-1.3186,54,-0.2118,138,1.60790
ENSG00000151789,ZNF385D,21,3.55576,0,-6.7474,2,-2.8463
ENSG00000182247,UBE2E2,75,0.89806,22,-1.6268,49,-0.4956
ENSG00000170142,UBE2E1,42,-0.9673,72,0.49849,87,0.94239
ENSG00000197885,NKIRAS1,43,2.19921,0,-7.8102,14,-1.4535
ENSG00000174748,RPL15,638,-0.5072,888,0.35432,918,0.46180
ENSG00000174738,NR1D2,47,0.09310,18,-1.4022,57,0.37456
ENSG00000151090,THRB,101,2.69150,32,-1.3569,7,-3.6586
ENSG00000077097,TOP2B,93,-0.0932,66,-0.5475,115,0.35816
ENSG00000179796,LRRC3B,31,0.97573,30,0.17412,8,-1.8318
ENSG00000187118,CMC1,25,0.79207,2,-3.5955,21,-0.1195
ENSG00000163512,AZI2,36,0.40413,12,-1.5086,35,0.04836
ENSG00000163527,STT3B,52,-0.4579,82,0.56540,67,0.26774
ENSG00000152642,GPD1L,68,1.84594,26,-1.1316,15,-2.0534
ENSG00000144635,DYNC1LI1,58,0.95523,27,-0.9361,31,-0.8113
ENSG00000170266,GLB1,21,-0.0243,34,0.74235,16,-0.5376
ENSG00000170275,CRTAP,31,-1.8105,175,2.08246,79,0.73930
ENSG00000153558,FBXL2,43,4.05684,1,-4.4703,3,-3.6373
ENSG00000153560,UBP1,39,0.84467,23,-0.5953,21,-0.8366
ENSG00000163539,CLASP2,209,-0.2406,93,-1.3184,324,0.72388
ENSG00000170248,PDCD6IP,57,-0.1883,92,0.71533,52,-0.2402
ENSG00000172995,ARPP21,113,3.90765,1,-6.5232,10,-3.2201
ENSG00000178567,EPM2AIP1,70,0.73638,37,-0.8197,45,-0.5710
ENSG00000076242,MLH1,19,-1.1091,52,1.24137,35,0.63060
ENSG00000093167,LRRFIP2,42,-0.1816,47,0.14026,47,0.16205
ENSG00000144674,GOLGA4,36,-0.8926,96,1.27474,53,0.30696
ENSG00000144677,CTDSPL,26,0.31300,43,0.92474,9,-1.5111
ENSG00000136059,VILL,21,0.22880,44,1.27994,5,-2.1704
ENSG00000060971,ACAA1,69,-0.6588,87,0.12015,121,0.76306
ENSG00000172939,OXSR1,20,-0.3683,34,0.75609,21,-0.0012
ENSG00000114742,WDR48,53,-0.2071,62,0.16362,62,0.18241
ENSG00000114745,GORASP1,37,-0.2300,37,-0.0831,47,0.33732
ENSG00000144655,CSRNP1,33,-1.1371,169,2.41509,25,-0.9346
ENSG00000144659,SLC25A38,27,-0.1241,31,0.16120,29,0.07371
ENSG00000168028,RPSA,486,-0.9035,848,0.55520,940,0.83709
ENSG00000168314,MOBP,119,-3.3709,112,-2.0153,1804,3.92072
ENSG00000170011,MYRIP,34,1.81311,7,-1.9445,10,-1.5375
ENSG00000114784,EIF1B,139,0.30808,52,-1.4219,142,0.13815
ENSG00000188846,RPL14,440,-0.3720,714,0.66137,497,0.07974
ENSG00000168036,CTNNB1,153,-0.3620,284,0.89326,153,-0.1321
ENSG00000182606,TRAK1,65,0.05312,111,0.89095,38,-0.8603
ENSG00000187094,CCK,623,3.92563,41,-3.6023,40,-3.7802
ENSG00000114812,VIPR1,36,1.80129,19,-0.6608,6,-2.5057
ENSG00000093183,SEC22C,38,-1.0709,54,0.15002,93,1.21802
ENSG00000008324,SS18L2,43,0.04822,36,-0.2749,45,0.07622
ENSG00000114857,NKTR,29,-1.1746,73,1.04060,61,0.86286
ENSG00000230084,AC006059.1,10,-2.0979,0,-4.8509,64,2.83180
ENSG00000114853,ZBTB47,46,-1.1300,69,0.21252,116,1.25733
ENSG00000010282,HHATL,46,-1.5645,42,-0.8182,184,2.00945
ENSG00000181061,HIGD1A,252,0.17361,117,-1.1330,276,0.22266
ENSG00000144647,POMGNT2,35,0.68035,36,0.25714,14,-1.2981
ENSG00000163788,SNRK,38,0.36689,52,0.60030,18,-1.1050
ENSG00000160746,ANO10,20,0.12927,22,0.18293,16,-0.2947
ENSG00000179152,TCAIM,15,-0.4010,2,-2.7249,30,1.05775
ENSG00000185219,ZNF445,15,-0.3766,2,-2.8516,29,1.04098
ENSG00000163807,KIAA1143,30,-0.3147,36,0.16978,38,0.31819
ENSG00000169964,TMEM42,17,-1.3882,28,0.20853,54,1.53533
ENSG00000163812,ZDHHC3,27,-0.3134,43,0.65725,28,-0.0015
ENSG00000075914,EXOSC7,18,0.01574,23,0.38832,15,-0.2786
ENSG00000249992,TMEM158,59,2.30045,0,-5.8693,17,-1.5834
ENSG00000211456,SACM1L,62,0.75987,11,-2.3438,49,-0.2011
ENSG00000163818,LZTFL1,35,1.19698,20,-0.5708,12,-1.4033
ENSG00000160801,PTH1R,13,-1.6802,93,2.75793,16,-0.4212
ENSG00000160799,CCDC12,40,-0.5292,54,0.27693,61,0.53121
ENSG00000181555,SETD2,30,-0.2899,42,0.46334,33,0.10765
ENSG00000114648,KLHL18,30,2.19981,1,-3.8484,8,-1.5938
ENSG00000076201,PTPN23,50,-0.3521,73,0.49744,59,0.17008
ENSG00000114650,SCAP,57,-0.3751,68,0.14903,77,0.40542
ENSG00000163832,ELP6,24,0.16021,8,-1.5266,28,0.32472
ENSG00000114646,CSPG5,164,1.47209,44,-1.7007,66,-1.1815
ENSG00000173473,SMARCC1,9,-2.2666,36,1.03913,51,2.01378
ENSG00000132153,DHX30,113,0.32064,88,-0.3163,92,-0.2593
ENSG00000047849,MAP4,407,-0.0847,366,-0.1922,464,0.20623
ENSG00000164050,PLXNB1,58,-1.9832,116,0.15259,290,2.15363
ENSG00000232112,TMA7,538,0.06139,381,-0.5219,583,0.16322
ENSG00000164054,SHISA5,96,-0.3584,221,1.26259,74,-0.5576
ENSG00000010256,UQCRC1,205,0.65133,129,-0.5607,131,-0.5821
ENSG00000008300,CELSR3,16,-0.2328,30,0.90949,14,-0.3581
ENSG00000213672,NCKIPSD,66,0.89954,20,-1.5611,42,-0.5147
ENSG00000068745,IP6K2,76,0.23607,55,-0.4243,69,-0.0957
ENSG00000114302,PRKAR2A,25,-0.9176,89,1.82322,26,-0.2959
ENSG00000177479,ARIH2,46,-0.3219,43,-0.2111,65,0.50412
ENSG00000178467,P4HTM,134,1.05149,67,-0.8302,63,-1.0006
ENSG00000178252,WDR6,65,-0.6873,156,1.20103,79,0.07400
ENSG00000178149,DALRD3,16,-0.1937,35,1.28158,9,-0.9278
ENSG00000178057,NDUFAF3,134,-0.6033,135,-0.1988,238,0.82726
ENSG00000178035,IMPDH2,47,-0.9358,127,1.28233,72,0.36137
ENSG00000198218,QRICH1,47,0.26590,47,0.06913,35,-0.4158
ENSG00000172053,QARS,38,-0.4638,75,0.93995,42,-0.0183
ENSG00000172046,USP19,31,-0.0539,33,0.08721,31,0.02271
ENSG00000172037,LAMB2,16,-2.4685,226,3.61637,25,-0.6504
ENSG00000185909,KLHDC8B,21,0.15839,48,1.41598,4,-2.3828
ENSG00000114316,USP4,28,-0.5145,78,1.55544,20,-0.6817
ENSG00000067560,RHOA,185,-1.3014,426,0.81276,471,1.15419
ENSG00000145022,TCTA,32,-0.2696,21,-0.7136,48,0.61442
ENSG00000145029,NICN1,40,1.24897,5,-2.7198,22,-0.6865
ENSG00000173402,DAG1,65,-0.5027,137,1.03308,71,-0.0461
ENSG00000164061,BSN,248,3.01561,59,-1.7548,16,-3.8154
ENSG00000164062,APEH,45,0.42137,30,-0.4985,35,-0.3027
ENSG00000164068,RNF123,33,1.31421,19,-0.5831,10,-1.5961
ENSG00000176095,IP6K1,92,1.37901,17,-2.2739,44,-0.9100
ENSG00000164076,CAMKV,222,2.48278,76,-1.2439,21,-3.2804
ENSG00000164077,MON1A,33,0.93239,11,-1.4019,20,-0.6013
ENSG00000004534,RBM6,40,-0.1949,49,0.28959,43,0.09123
ENSG00000003756,RBM5,45,-0.8827,99,0.95350,75,0.55838
ENSG00000188338,SLC38A3,19,-1.7893,143,2.73657,29,-0.1739
ENSG00000114353,GNAI2,122,-1.8302,642,1.97366,329,0.87430
ENSG00000012171,SEMA3B,35,-3.3589,117,-0.0972,487,3.44922
ENSG00000214706,IFRD2,19,-0.8342,46,1.13370,28,0.35026
ENSG00000068001,HYAL2,18,-2.3475,261,4.02859,7,-2.5680
ENSG00000114383,TUSC2,99,1.28798,37,-1.2139,42,-1.1365
ENSG00000114388,NPRL2,29,0.58049,14,-0.9244,22,-0.3275
ENSG00000126062,TMEM115,50,0.34570,39,-0.2894,39,-0.3075
ENSG00000088543,C3orf18,24,-0.0421,31,0.40747,21,-0.2068
ENSG00000088538,DOCK3,126,1.83407,32,-1.7437,36,-1.6489
ENSG00000145050,MANF,19,-1.1161,53,1.22519,36,0.65264
ENSG00000259956,RBM15B,27,-0.4747,51,0.83624,32,0.08824
ENSG00000164080,RAD54L2,19,-0.5778,44,1.15484,21,-0.0496
ENSG00000164081,TEX264,58,0.11901,26,-1.1869,67,0.29813
ENSG00000164082,GRM2,28,5.96151,0,-4.9523,0,-6.3259
ENSG00000180929,GPR62,5,-3.8782,2,-3.8548,122,4.55831
ENSG00000090097,PCBP4,50,-2.4028,103,-0.0946,350,2.63064
ENSG00000248487,ABHD14A,94,0.98624,48,-0.8121,47,-0.9172
ENSG00000162244,RPL29,468,-0.9439,998,0.87224,852,0.69342
ENSG00000164086,DUSP7,31,-0.7021,36,-0.0229,59,0.87335
ENSG00000023330,ALAS1,27,0.27209,27,0.09801,19,-0.4456
ENSG00000247596,TWF2,51,0.61764,67,0.61711,16,-1.7145
ENSG00000164091,WDR82,172,0.88228,125,-0.2928,77,-1.1059
ENSG00000163930,BAP1,106,0.28998,108,0.11835,76,-0.4876
ENSG00000010322,NISCH,141,0.59191,84,-0.6574,98,-0.4536
ENSG00000168268,NT5DC2,19,-0.2625,47,1.43256,10,-1.0370
ENSG00000168273,SMIM4,22,0.29613,7,-1.5326,23,0.17487
ENSG00000163939,PBRM1,26,-0.3040,34,0.31734,31,0.22043
ENSG00000163938,GNL3,35,0.49873,12,-1.4689,31,-0.0684
ENSG00000016864,GLT8D1,23,-0.6582,15,-0.8425,46,1.07560
ENSG00000114902,SPCS1,133,0.07092,59,-1.2338,161,0.36324
ENSG00000114904,NEK4,19,0.19245,7,-1.4136,21,0.26630
ENSG00000272573,MUSTN1,24,-2.0343,260,3.51920,17,-1.5273
ENSG00000163931,TKT,75,-0.5359,67,-0.3514,129,0.80400
ENSG00000272886,DCP1A,12,-0.7024,18,0.37901,21,0.68997
ENSG00000016391,CHDH,18,-0.0925,14,-0.4002,22,0.30326
ENSG00000113811,SELENOK,116,0.15308,71,-0.7153,121,0.12244
ENSG00000157445,CACNA2D3,40,2.43885,8,-1.9442,6,-2.4392
ENSG00000187672,ERC2,69,4.31561,4,-3.6631,3,-4.3672
ENSG00000163946,TASOR,24,-1.1121,58,0.96681,51,0.83733
ENSG00000163947,ARHGEF3,54,1.44228,20,-1.2246,19,-1.3491
ENSG00000157500,APPL1,40,-0.1339,53,0.40303,40,-0.0697
ENSG00000174840,PDE12,21,0.15960,4,-2.3713,26,0.44604
ENSG00000168374,ARF4,70,-0.2296,80,0.13720,83,0.22636
ENSG00000163681,SLMAP,36,0.70027,23,-0.5002,21,-0.6843
ENSG00000136068,FLNB,10,-2.7462,74,1.77975,67,1.93860
ENSG00000163686,ABHD6,55,-0.4530,25,-1.3588,101,0.95912
ENSG00000168297,PXK,36,-2.4321,42,-0.9945,275,2.88539
ENSG00000168291,PDHB,66,0.22387,37,-0.8097,66,0.06941
ENSG00000168301,KCTD6,24,0.42000,1,-4.0024,26,0.28202
ENSG00000168309,FAM107A,683,-1.1467,2671,1.86562,933,0.04536
ENSG00000144724,PTPRG,25,-0.0412,67,1.62466,6,-2.3152
ENSG00000114405,C3orf14,54,1.73186,15,-1.5578,16,-1.5933
ENSG00000153266,FEZF2,34,0.51141,37,0.23750,18,-0.9553
ENSG00000163618,CADPS,147,2.55705,42,-1.4996,16,-3.0718
ENSG00000163630,SYNPR,212,3.74561,11,-3.8710,17,-3.4150
ENSG00000163634,THOC7,68,0.56360,5,-3.7135,67,0.12270
ENSG00000163636,PSMD6,52,0.01572,51,-0.0114,51,-0.0146
ENSG00000163637,PRICKLE2,101,1.56585,54,-0.6713,24,-1.9795
ENSG00000151276,MAGI1,44,0.69139,48,0.31089,17,-1.3913
ENSG00000144741,SLC25A26,19,0.41526,6,-1.6561,19,0.06609
ENSG00000144749,LRIG1,91,-1.1646,275,1.37074,168,0.59454
ENSG00000172340,SUCLG2,12,-1.1602,38,1.35658,24,0.60102
ENSG00000183662,TAFA1,38,4.86555,2,-3.6564,0,-5.5162
ENSG00000144747,TMF1,20,0.00787,25,0.34706,18,-0.2352
ENSG00000144744,UBA3,43,-0.5356,48,-0.0216,71,0.67950
ENSG00000144746,ARL6IP5,190,-0.0137,128,-0.6185,224,0.28848
ENSG00000114541,FRMD4B,8,-3.0154,24,-0.0305,89,3.14506
ENSG00000114861,FOXP1,70,1.31551,50,-0.2442,17,-1.9868
ENSG00000163412,EIF4E3,48,0.41498,25,-0.9074,41,-0.1288
ENSG00000170837,GPR27,36,0.59073,9,-1.9759,32,-0.0714
ENSG00000163602,RYBP,60,0.11373,28,-1.1047,68,0.28390
ENSG00000163605,PPP4R2,62,0.17444,24,-1.3916,71,0.28182
ENSG00000121440,PDZRN3,26,1.76504,22,0.09088,0,-6.1514
ENSG00000113805,CNTN3,20,2.95398,4,-1.9253,1,-3.4078
ENSG00000185008,ROBO2,51,4.53807,1,-4.3845,2,-4.3046
ENSG00000169855,ROBO1,26,0.27700,2,-3.4631,31,0.40508
ENSG00000175161,CADM2,276,1.37019,100,-1.2712,109,-1.2233
ENSG00000083937,CHMP2B,37,-0.4777,29,-0.5416,64,0.79864
ENSG00000163320,CGGBP1,76,0.15232,66,-0.1762,69,-0.1075
ENSG00000269028,MTRNR2L12,4116,-0.1112,6939,0.81924,3199,-0.4694
ENSG00000113966,ARL6,27,1.43006,14,-0.7177,8,-1.6801
ENSG00000170854,RIOX2,10,-1.3262,14,-0.0465,31,1.56290
ENSG00000080822,CLDND1,208,-2.7972,254,-1.1826,2050,3.26095
ENSG00000080819,CPOX,22,-2.0130,7,-2.5157,135,2.66519
ENSG00000184220,CMSS1,33,0.55599,4,-2.9901,32,0.08551
ENSG00000036054,TBC1D23,27,-0.2400,28,-0.0058,34,0.31325
ENSG00000114021,NIT2,23,0.99212,5,-1.9903,15,-0.5213
ENSG00000154174,TOMM70,73,0.76720,50,-0.4273,40,-0.8268
ENSG00000114354,TFG,45,-0.4907,51,0.05402,69,0.59299
ENSG00000174173,TRMT10C,22,2.01775,0,-5.2450,8,-1.3124
ENSG00000081154,PCNP,120,-0.1681,107,-0.2349,149,0.32813
ENSG00000066422,ZBTB11,41,0.42683,22,-0.8530,34,-0.1625
ENSG00000114391,RPL24,544,-0.3837,627,0.09823,751,0.44159
ENSG00000182504,CEP97,27,-0.0028,0,-6.0273,40,0.74657
ENSG00000144815,NXPE3,45,-0.9499,13,-2.1891,123,1.57675
ENSG00000170017,ALCAM,64,-1.6171,113,0.18292,241,1.78104
ENSG00000114439,BBX,24,-2.3185,63,0.37486,148,2.38302
ENSG00000196776,CD47,169,0.34780,49,-1.7761,175,0.16299
ENSG00000114446,IFT57,52,1.51008,21,-1.0712,16,-1.5417
ENSG00000198919,DZIP3,56,1.38446,18,-1.4607,23,-1.1584
ENSG00000177707,NECTIN3,17,1.65869,7,-0.9460,4,-1.8831
ENSG00000144827,ABHD10,51,0.75094,12,-1.9544,39,-0.2540
ENSG00000144834,TAGLN3,560,3.33298,96,-2.2445,35,-3.8465
ENSG00000091972,CD200,101,1.87480,8,-3.3555,37,-1.2941
ENSG00000144848,ATG3,38,-1.3418,34,-0.7177,128,1.76327
ENSG00000138459,SLC35A5,29,-1.0995,40,0.03742,75,1.29243
ENSG00000163608,NEPRO,23,-0.0020,22,-0.0791,23,0.04521
ENSG00000121579,NAA50,44,-0.0972,67,0.64989,37,-0.3249
ENSG00000114573,ATP6V1A,194,1.98239,69,-1.2460,39,-2.1970
ENSG00000184307,ZDHHC23,21,4.19796,0,-6.6915,1,-3.5158
ENSG00000172020,GAP43,435,3.41691,34,-3.3612,43,-3.1585
ENSG00000185565,LSAMP,148,1.01075,84,-0.6477,68,-1.0502
ENSG00000144847,IGSF11,24,-0.9583,0,-5.7771,70,1.70248
ENSG00000031081,ARHGAP31,13,-1.0925,63,2.26989,11,-0.7184
ENSG00000113845,TIMMDC1,35,-1.1430,40,-0.2343,96,1.43092
ENSG00000138495,COX17,77,-0.5091,53,-0.7351,138,0.88734
ENSG00000082701,GSK3B,91,2.01654,15,-2.3468,26,-1.6637
ENSG00000163428,LRRC58,25,-0.6804,10,-1.6484,57,1.24167
ENSG00000163430,FSTL1,20,-1.9220,178,2.98453,29,-0.3880
ENSG00000065518,NDUFB4,205,0.15350,113,-0.8715,219,0.17277
ENSG00000144840,RABL3,29,-0.2463,52,0.87189,25,-0.2968
ENSG00000145087,STXBP5L,84,2.27012,47,-0.5127,2,-5.0556
ENSG00000173230,GOLGB1,37,0.08719,33,-0.1663,36,-0.0266
ENSG00000163406,SLC15A2,31,0.86654,31,0.17556,10,-1.5817
ENSG00000114023,FAM162A,97,0.41473,74,-0.3253,73,-0.3825
ENSG00000114030,KPNA1,53,0.54678,12,-2.0378,48,-0.0128
ENSG00000173175,ADCY5,52,-0.4318,37,-0.6740,88,0.78547
ENSG00000206527,HACD2,47,-0.6903,38,-0.5956,96,1.04865
ENSG00000065534,MYLK,22,-2.0401,50,0.28510,114,2.15865
ENSG00000160145,KALRN,143,2.89889,38,-1.5954,9,-3.7874
ENSG00000082781,ITGB5,21,-1.4988,130,2.49438,27,-0.2864
ENSG00000173706,HEG1,11,-1.9320,86,2.72497,20,0.08397
ENSG00000163848,ZNF148,32,-0.2458,52,0.70664,31,-0.1434
ENSG00000114520,SNX4,29,-0.2799,9,-1.7864,48,0.84072
ENSG00000144909,OSBPL11,15,-0.9766,47,1.43668,23,0.27213
ENSG00000114544,SLC41A3,92,1.58977,33,-1.2416,29,-1.5572
ENSG00000144908,ALDH1L1,61,-0.1745,107,0.85639,50,-0.4007
ENSG00000163884,KLF15,20,-0.9255,42,0.82679,37,0.70061
ENSG00000159685,CHCHD6,45,0.77608,24,-0.7561,27,-0.6540
ENSG00000114554,PLXNA1,70,1.25273,63,0.11206,12,-2.4749
ENSG00000163870,TPRA1,26,-0.9510,85,1.60662,34,0.04816
ENSG00000114631,PODXL2,206,1.28179,116,-0.6183,69,-1.5081
ENSG00000114626,ABTB1,66,0.58826,60,0.01182,35,-0.8754
ENSG00000074416,MGLL,182,0.38858,238,0.54283,89,-1.0734
ENSG00000058262,SEC61A1,47,-1.6473,243,2.07400,100,0.53745
ENSG00000175792,RUVBL1,18,0.11532,26,0.65476,11,-0.6890
ENSG00000163902,RPN1,56,-0.7240,54,-0.3162,112,1.00310
ENSG00000075785,RAB7A,165,-0.6055,217,0.22656,268,0.64998
ENSG00000177646,ACAD9,18,-0.3220,19,-0.0486,25,0.43485
ENSG00000240682,ISY1,13,-0.9976,38,1.31658,21,0.41660
ENSG00000169714,CNBP,162,-0.6721,262,0.53802,256,0.56370
ENSG00000181789,COPG1,80,1.23490,25,-1.4822,38,-0.9545
ENSG00000183624,HMCES,33,-0.1614,42,0.33242,35,0.01773
ENSG00000184897,H1FX,254,0.25188,324,0.46412,158,-0.7282
ENSG00000129071,MBD4,21,-0.5342,26,0.14948,33,0.60108
ENSG00000163913,IFT122,31,0.57400,41,0.59436,11,-1.5609
ENSG00000004399,PLXND1,28,-1.5898,176,2.54213,38,-0.1990
ENSG00000172765,TMCC1,30,0.08194,20,-0.5676,32,0.15545
ENSG00000196455,PIK3R4,27,0.30736,21,-0.2738,22,-0.2638
ENSG00000017260,ATP2C1,116,0.45307,71,-0.6331,91,-0.2827
ENSG00000198585,NUDT16,42,-0.5754,55,0.20320,68,0.62497
ENSG00000114686,MRPL3,49,0.82205,22,-1.0254,30,-0.5960
ENSG00000196353,CPNE4,47,8.70363,0,-7.8322,0,-8.9153
ENSG00000138246,DNAJC13,24,0.76153,3,-2.6477,19,-0.1649
ENSG00000081307,UBA5,24,0.49032,12,-0.9627,20,-0.2021
ENSG00000144868,TMEM108,24,2.00389,13,-0.6296,2,-3.1278
ENSG00000091527,CDV3,55,-0.5011,110,0.96497,62,0.01527
ENSG00000091513,TF,183,-3.4378,128,-2.5054,2923,4.04005
ENSG00000144867,SRPRB,43,0.32900,52,0.39025,25,-0.7880
ENSG00000154917,RAB6B,552,2.56630,138,-1.7251,70,-2.8358
ENSG00000163785,RYK,13,-1.3929,64,2.07880,21,0.16248
ENSG00000114019,AMOTL2,21,-1.6923,11,-1.7523,100,2.28008
ENSG00000129055,ANAPC13,60,0.54029,9,-2.7140,57,0.07789
ENSG00000154928,EPHB1,18,0.49542,10,-0.7037,14,-0.3070
ENSG00000174579,MSL2,14,-0.1124,14,-0.0202,16,0.15825
ENSG00000114054,PCCB,30,-0.7913,44,0.32535,56,0.82328
ENSG00000158092,NCK1,12,-0.8264,32,1.23673,17,0.24688
ENSG00000114098,ARMC8,50,0.83662,14,-1.6729,34,-0.4117
ENSG00000158186,MRAS,92,0.96167,54,-0.6152,44,-0.9971
ENSG00000051382,PIK3CB,71,1.15169,45,-0.4483,25,-1.4312
ENSG00000175110,MRPS22,28,0.29385,0,-7.4838,34,0.45654
ENSG00000184432,COPB2,39,-0.4872,53,0.33609,55,0.44674
ENSG00000114115,RBP1,34,-1.2849,71,0.62927,91,1.23553
ENSG00000158258,CLSTN2,149,2.74727,35,-1.8120,15,-3.1033
ENSG00000114120,SLC25A36,69,0.40467,73,0.19357,42,-0.7303
ENSG00000177311,ZBTB38,48,-0.4299,76,0.59148,59,0.21181
ENSG00000155903,RASA2,23,1.26733,16,-0.2601,6,-1.8590
ENSG00000114125,RNF7,67,0.38307,55,-0.2078,50,-0.4057
ENSG00000069849,ATP1B3,73,-0.0567,146,1.14198,40,-1.0031
ENSG00000114126,TFDP2,17,0.71298,10,-0.6419,10,-0.6248
ENSG00000175054,ATR,16,-0.6715,30,0.76263,24,0.41763
ENSG00000144935,TRPC1,27,0.23650,10,-1.4392,29,0.22239
ENSG00000163714,U2SURP,41,-0.4555,51,0.18083,59,0.48941
ENSG00000175040,CHST2,26,0.50932,19,-0.3972,18,-0.4737
ENSG00000181804,SLC9A9,7,-2.7460,39,1.29029,52,2.27994
ENSG00000181744,DIPK2A,26,-1.2505,48,0.45433,71,1.28334
ENSG00000114698,PLSCR4,19,-1.2223,81,1.92451,28,0.09202
ENSG00000188313,PLSCR1,9,-2.8417,192,4.46434,5,-2.3908
ENSG00000152977,ZIC1,10,-2.0064,86,2.71371,22,0.21396
ENSG00000239922,AC092958.1,9,-2.8456,8,-1.7019,102,3.38946
ENSG00000163754,GYG1,35,-0.9403,119,1.67755,43,-0.0560
ENSG00000071794,HLTF,29,-0.2127,31,0.04836,34,0.25164
ENSG00000114744,COMMD2,23,-0.5158,26,0.02397,37,0.63638
ENSG00000082996,RNF13,64,-2.0775,181,0.64986,320,2.03831
ENSG00000070087,PFN2,389,1.15990,83,-2.0959,219,-0.6929
ENSG00000196428,TSC22D2,45,0.52788,36,-0.2081,28,-0.6146
ENSG00000120742,SERP1,98,-0.4299,181,0.85035,108,0.01027
ENSG00000144895,EIF2A,35,-0.2031,37,0.00703,42,0.26036
ENSG00000198843,SELENOT,155,0.21105,99,-0.6408,151,0.02511
ENSG00000181788,SIAH2,28,0.68466,26,0.09429,12,-1.1207
ENSG00000144893,MED12L,22,2.38057,0,-6.8701,6,-1.6454
ENSG00000152601,MBNL1,77,-0.1318,109,0.53347,71,-0.1715
ENSG00000181467,RAP2B,24,-0.5606,82,1.90276,12,-1.2775
ENSG00000114790,ARHGEF26,18,-0.7619,57,1.61716,18,-0.2882
ENSG00000174953,DHX36,46,0.69488,33,-0.3447,26,-0.7728
ENSG00000169359,SLC33A1,17,-0.6122,34,0.88486,22,0.24532
ENSG00000163655,GMPS,31,0.19833,31,0.07368,25,-0.3200
ENSG00000169282,KCNAB1,51,2.27463,0,-8.0551,15,-1.5278
ENSG00000114850,SSR3,61,-0.5324,81,0.27879,91,0.53428
ENSG00000163659,TIPARP,18,-1.1886,42,0.92724,40,0.95484
ENSG00000163660,CCNL1,23,-1.6804,121,2.09038,50,0.56329
ENSG00000174891,RSRC1,24,-0.1733,33,0.42728,25,-0.0307
ENSG00000178053,MLF1,15,-0.2376,14,-0.1650,19,0.38318
ENSG00000168827,GFM1,28,-0.8164,49,0.62898,49,0.68923
ENSG00000118855,MFSD1,17,-1.2918,79,2.09812,23,-0.0287
ENSG00000180044,C3orf80,44,8.61916,0,-7.7479,0,-8.8308
ENSG00000068885,IFT80,33,-0.4898,39,0.06626,51,0.58635
ENSG00000186432,KPNA4,85,0.53039,80,0.05473,48,-0.8167
ENSG00000163590,PPM1L,77,1.53949,21,-1.6605,29,-1.2844
ENSG00000169255,B3GALNT1,55,1.62280,17,-1.4499,18,-1.4916
ENSG00000169251,NMD3,25,0.01221,22,-0.2389,27,0.10535
ENSG00000196542,SPTSSB,22,7.62218,0,-6.7515,0,-7.8346
ENSG00000114209,PDCD10,27,-0.2581,24,-0.2333,36,0.43669
ENSG00000163536,SERPINI1,603,2.91248,45,-3.4743,97,-2.4713
ENSG00000173905,GOLIM4,40,-1.4003,170,1.86633,73,0.42882
ENSG00000008952,SEC62,199,-0.6358,256,0.17147,337,0.71259
ENSG00000173889,PHC3,20,-0.3802,21,-0.0463,29,0.50460
ENSG00000163558,PRKCI,50,1.83771,29,-0.4828,6,-2.9383
ENSG00000136603,SKIL,37,-0.8904,154,2.11889,27,-0.8873
ENSG00000013297,CLDN11,69,-3.7599,240,-0.3731,1283,3.86358
ENSG00000013293,SLC7A14,71,1.79680,0,-7.7639,30,-1.0494
ENSG00000163584,RPL22L1,19,-1.3170,65,1.46667,40,0.70913
ENSG00000163577,EIF5A2,22,1.41360,0,-5.3949,12,-0.6906
ENSG00000154310,TNIK,44,-0.3382,70,0.62854,49,0.05650
ENSG00000144959,NCEH1,79,2.81290,28,-1.1664,2,-4.7823
ENSG00000169760,NLGN1,20,0.75938,6,-1.5569,15,-0.3497
ENSG00000177565,TBL1XR1,83,0.42836,52,-0.5999,66,-0.2653
ENSG00000172667,ZMAT3,106,1.10248,66,-0.5036,41,-1.2997
ENSG00000121879,PIK3CA,29,0.21389,51,1.00875,11,-1.4171
ENSG00000121864,ZNF639,32,0.75440,17,-0.7734,20,-0.6164
ENSG00000171109,MFN1,17,-0.8931,27,0.40855,34,0.90163
ENSG00000114450,GNB4,26,-1.2692,155,2.62670,18,-1.1166
ENSG00000136522,MRPL47,39,0.29754,17,-1.1713,39,0.08988
ENSG00000136521,NDUFB5,112,0.36242,36,-1.6311,113,0.12027
ENSG00000114757,PEX5L,162,-0.0990,63,-1.4726,229,0.59864
ENSG00000163728,TTC14,18,-0.8117,22,0.06631,36,0.96241
ENSG00000114416,FXR1,57,-0.5867,31,-1.1114,112,1.05621
ENSG00000205981,DNAJC19,58,0.76685,6,-3.2252,48,-0.1175
ENSG00000242808,SOX2-OT,96,-3.1477,90,-1.8526,1243,3.69220
ENSG00000181449,SOX2,72,-0.1666,94,0.35877,75,0.00726
ENSG00000043093,DCUN1D1,40,-0.2841,2,-4.1086,73,1.00019
ENSG00000078070,MCCC1,20,0.07638,20,-0.0111,19,-0.0965
ENSG00000114796,KLHL24,41,-1.2364,62,0.14963,114,1.39744
ENSG00000163872,YEATS2,40,0.34472,27,-0.5501,34,-0.1793
ENSG00000180834,MAP6D1,44,-2.4389,22,-2.2238,349,3.05909
ENSG00000175193,PARL,32,0.15684,16,-1.0370,35,0.21666
ENSG00000114770,ABCC5,58,0.73729,53,0.06029,25,-1.1817
ENSG00000145191,EIF2B5,29,-0.2572,43,0.55406,30,-0.0035
ENSG00000161202,DVL3,43,-0.3969,62,0.44644,54,0.26396
ENSG00000161203,AP2M1,663,1.27104,295,-0.9832,264,-1.2336
ENSG00000161204,ABCF3,26,-0.1189,12,-1.1433,36,0.55463
ENSG00000145198,VWA5B2,26,0.83168,12,-1.0126,16,-0.6137
ENSG00000163888,CAMK2N2,57,1.46632,15,-1.6999,23,-1.1743
ENSG00000175166,PSMD2,113,0.17216,138,0.36381,82,-0.5012
ENSG00000114867,EIF4G1,87,-0.2206,154,0.85322,76,-0.3203
ENSG00000175182,FAM131A,179,2.20473,53,-1.4768,31,-2.3946
ENSG00000163882,POLR2H,38,-0.2213,65,0.82296,33,-0.2891
ENSG00000090539,CHRD,49,2.11510,20,-1.0180,6,-2.7207
ENSG00000177383,MAGEF1,50,0.90941,22,-1.0608,29,-0.6952
ENSG00000156931,VPS8,34,0.29047,22,-0.5393,30,-0.1147
ENSG00000187068,C3orf70,21,-0.3967,32,0.53536,26,0.20522
ENSG00000073803,MAP3K13,47,0.27748,55,0.30616,31,-0.6210
ENSG00000163904,SENP2,39,0.28717,17,-1.1870,40,0.10595
ENSG00000136527,TRA2B,76,-0.2601,101,0.37435,86,0.12587
ENSG00000244405,ETV5,84,1.22115,95,0.45613,7,-3.6056
ENSG00000058866,DGKG,53,2.04206,14,-1.6692,12,-1.9901
ENSG00000090520,DNAJB11,24,-0.5577,38,0.58454,33,0.38781
ENSG00000156976,EIF4A2,881,1.46517,244,-1.6668,356,-1.1847
ENSG00000073849,ST6GAL1,29,-2.1646,368,3.74802,17,-1.9682
ENSG00000113916,BCL6,47,-0.9386,128,1.29828,71,0.35064
ENSG00000145012,LPP,11,-1.7539,79,2.67383,17,-0.1287
ENSG00000152492,CCDC50,25,-0.8975,65,1.18477,39,0.39441
ENSG00000114279,FGF12,120,3.51602,4,-4.5737,13,-2.9711
ENSG00000127249,ATP13A4,25,-0.7936,55,0.97275,38,0.42583
ENSG00000198836,OPA1,107,0.75350,69,-0.5064,61,-0.7572
ENSG00000114315,HES1,40,-0.6823,89,1.04971,53,0.20740
ENSG00000133657,ATP13A3,28,-0.7900,91,1.72426,26,-0.3898
ENSG00000041802,LSG1,19,1.09463,3,-2.3103,11,-0.5776
ENSG00000114331,ACAP2,19,-1.5010,64,1.35677,49,1.02233
ENSG00000184203,PPP1R2,65,0.78891,51,-0.1744,30,-1.0497
ENSG00000189058,APOD,232,-3.1712,2894,2.46291,1694,1.68173
ENSG00000061938,TNK2,110,0.20888,152,0.57708,67,-0.7719
ENSG00000072274,TFRC,78,-0.2151,207,1.57261,33,-1.4749
ENSG00000161217,PCYT1A,26,0.39228,26,0.09851,17,-0.6306
ENSG00000213123,TCTEX1D2,24,1.02893,1,-3.6948,16,-0.3601
ENSG00000163960,UBXN7,21,-0.0938,11,-0.8969,27,0.46594
ENSG00000163961,RNF168,16,-0.6132,38,1.14107,19,0.01954
ENSG00000174013,FBXO45,27,0.15290,21,-0.3842,26,-0.0074
ENSG00000163964,PIGX,37,0.71264,12,-1.4942,27,-0.3107
ENSG00000180370,PAK2,33,-1.3198,104,1.32061,74,0.83346
ENSG00000119231,SENP5,52,0.96913,24,-0.9624,28,-0.8179
ENSG00000114503,NCBP2,61,0.90942,42,-0.3587,27,-1.0974
ENSG00000270170,NCBP2AS2,37,0.29426,23,-0.6906,34,-0.0586
ENSG00000075711,DLG1,63,-1.3039,52,-0.8096,208,1.74435
ENSG00000161267,BDH1,33,1.89398,0,-7.4556,13,-1.1489
ENSG00000145016,RUBCN,34,-0.0851,47,0.50092,30,-0.2157
ENSG00000122068,FYTTD1,40,-0.3068,29,-0.6107,61,0.62634
ENSG00000186001,LRCH3,15,-0.9531,19,-0.0256,35,1.15592
ENSG00000182899,RPL35A,497,-0.4472,685,0.36390,674,0.37987
ENSG00000182903,ZNF721,35,0.55062,20,-0.6735,25,-0.3918
ENSG00000174227,PIGG,19,-0.3499,22,0.12071,26,0.38835
ENSG00000273238,TMEM271,68,2.63439,20,-1.4222,6,-3.3740
ENSG00000169020,ATP5ME,595,-0.6215,373,-0.9351,1187,1.05692
ENSG00000185619,PCGF3,34,0.74087,17,-0.8115,21,-0.5807
ENSG00000168993,CPLX1,311,3.18715,67,-1.9082,17,-4.0111
ENSG00000178950,GAK,65,0.11648,101,0.75451,39,-0.8076
ENSG00000127419,TMEM175,34,-0.3596,47,0.38366,43,0.25370
ENSG00000145214,DGKQ,26,1.54030,3,-2.5518,11,-1.0415
ENSG00000127418,FGFRL1,23,-1.4551,123,2.29172,33,-0.0347
ENSG00000159692,CTBP1,207,0.88312,144,-0.3609,96,-1.0532
ENSG00000090316,MAEA,71,0.29080,89,0.44516,43,-0.7771
ENSG00000163950,SLBP,67,1.35502,12,-2.2512,32,-0.8868
ENSG00000168936,TMEM129,30,-1.1075,53,0.48427,70,1.11013
ENSG00000068078,FGFR3,142,0.11561,140,0.01115,126,-0.1633
ENSG00000168924,LETM1,51,0.24118,64,0.41770,33,-0.6638
ENSG00000109685,NSD2,43,0.55458,34,-0.2419,27,-0.6318
ENSG00000185049,NELFA,20,-0.2007,8,-1.4128,31,0.69800
ENSG00000243449,C4orf48,369,-1.0306,343,-0.5026,959,1.38882
ENSG00000185818,NAT8L,267,0.43510,343,0.52565,124,-1.1452
ENSG00000123933,MXD4,48,-1.0196,151,1.50884,72,0.26164
ENSG00000159733,ZFYVE28,19,1.03993,19,0.25521,4,-2.1518
ENSG00000063978,RNF4,49,0.23640,40,-0.2299,42,-0.1915
ENSG00000125386,FAM193A,18,-0.3540,25,0.41819,22,0.22462
ENSG00000087266,SH3BP2,13,-1.6129,111,3.22971,5,-2.0713
ENSG00000087274,ADD1,261,-0.2570,267,-0.0453,335,0.35328
ENSG00000109736,MFSD10,38,-0.7530,113,1.53731,40,-0.1978
ENSG00000197386,HTT,72,0.92623,40,-0.6991,37,-0.8942
ENSG00000159788,RGS12,38,-0.5176,126,1.89247,18,-1.3818
ENSG00000163956,LRPAP1,180,0.66373,159,-0.0312,91,-0.9639
ENSG00000132406,TMEM128,13,-1.2047,7,-1.3837,43,1.74392
ENSG00000168824,NSG1,100,2.39247,46,-0.7993,5,-4.1548
ENSG00000168818,STX18,24,-0.2290,26,0.09549,28,0.24799
ENSG00000072832,CRMP1,173,1.84237,81,-0.8267,31,-2.3669
ENSG00000181215,C4orf50,28,2.04933,17,-0.4110,1,-4.0623
ENSG00000152969,JAKMIP1,70,3.30793,8,-2.7843,6,-3.2925
ENSG00000109501,WFS1,69,-0.3390,128,0.89492,67,-0.1700
ENSG00000074211,PPP2R2C,241,1.76779,26,-2.9870,93,-1.2262
ENSG00000013288,MAN2B2,28,0.24889,31,0.22364,20,-0.5058
ENSG00000179010,MRFAP1,340,-0.3354,240,-0.6501,524,0.67049
ENSG00000170846,AC093323.1,32,0.58900,14,-1.1332,25,-0.2662
ENSG00000178988,MRFAP1L1,127,0.27460,122,0.01054,97,-0.3884
ENSG00000186222,BLOC1S4,16,0.17372,22,0.53623,10,-0.6659
ENSG00000170871,KIAA0232,85,0.16365,86,0.05622,71,-0.2588
ENSG00000132405,TBC1D14,55,-0.2022,73,0.37063,59,0.04885
ENSG00000173011,TADA2B,31,0.29562,35,0.27165,20,-0.6202
ENSG00000109519,GRPEL1,36,0.68838,10,-1.8110,29,-0.2109
ENSG00000184985,SORCS2,27,-0.6023,2,-3.9208,60,1.31609
ENSG00000196526,AFAP1,19,0.96780,20,0.28214,4,-2.0047
ENSG00000163995,ABLIM2,56,1.97986,19,-1.3143,11,-2.1349
ENSG00000251615,AC104825.1,18,-0.0010,30,0.82669,12,-0.6743
ENSG00000071127,WDR1,66,-0.7345,165,1.22940,84,0.11786
ENSG00000178163,ZNF518B,24,0.58118,21,-0.0611,14,-0.8033
ENSG00000157869,RAB28,22,-0.5368,19,-0.3735,38,0.81232
ENSG00000038219,BOD1L1,59,0.54529,72,0.48109,24,-1.3157
ENSG00000137449,CPEB2,41,-0.7449,26,-0.9765,91,1.19733
ENSG00000118564,FBXL5,74,-0.4832,90,0.15020,110,0.53868
ENSG00000237765,FAM200B,60,-0.2755,21,-1.6778,99,0.82091
ENSG00000169762,TAPT1,41,-0.2462,40,-0.1239,53,0.37574
ENSG00000169744,LDB2,100,4.90519,6,-3.6405,1,-5.6501
ENSG00000151552,QDPR,323,-1.8394,172,-1.7707,1649,2.42771
ENSG00000002549,LAP3,27,-1.8369,156,2.11542,70,0.73698
ENSG00000118579,MED28,43,-0.4240,58,0.35589,57,0.35462
ENSG00000163257,DCAF16,19,-0.8801,26,0.19085,40,0.98792
ENSG00000145147,SLIT2,23,1.15724,6,-1.8090,12,-0.7573
ENSG00000163138,PACRGL,22,0.12548,12,-0.8632,24,0.20319
ENSG00000185774,KCNIP4,64,4.22006,6,-3.0448,2,-4.8299
ENSG00000152990,ADGRA3,21,-0.4294,19,-0.2602,33,0.64959
ENSG00000109819,PPARGC1A,21,1.54313,8,-1.0660,6,-1.5972
ENSG00000109606,DHX15,46,-0.7178,79,0.60994,75,0.57777
ENSG00000109610,SOD3,16,-1.3261,82,2.22852,21,-0.1642
ENSG00000053900,ANAPC4,15,-0.7279,18,0.02627,29,0.88313
ENSG00000250317,SMIM20,26,0.44596,13,-0.8667,21,-0.1812
ENSG00000168214,RBPJ,46,-1.6608,78,0.10581,179,1.85320
ENSG00000109689,STIM2,20,0.19660,11,-0.8594,20,0.11807
ENSG00000169851,PCDH7,112,2.93911,22,-2.0132,10,-3.2748
ENSG00000047365,ARAP2,30,-1.6641,58,0.31254,114,1.77855
ENSG00000181826,RELL1,13,-1.9856,138,3.35025,12,-1.1209
ENSG00000065882,TBC1D1,30,0.14624,55,1.05499,13,-1.3329
ENSG00000109787,KLF3,16,-1.8777,46,0.82250,66,1.75879
ENSG00000109790,KLHL5,26,-0.9927,41,0.32524,58,1.05585
ENSG00000157796,WDR19,22,0.65970,23,0.23557,9,-1.2306
ENSG00000035928,RFC1,21,-1.8031,67,1.07095,76,1.54420
ENSG00000163682,RPL9,560,-0.7742,855,0.39499,1010,0.76808
ENSG00000163683,SMIM14,57,-0.6711,51,-0.4300,112,0.98022
ENSG00000078140,UBE2K,109,1.32599,38,-1.3415,46,-1.1303
ENSG00000121892,PDS5A,41,-0.2948,36,-0.2973,58,0.50562
ENSG00000163697,APBB2,48,-1.3099,81,0.29941,138,1.41582
ENSG00000154277,UCHL1,1415,2.72892,218,-2.4240,210,-2.6047
ENSG00000064042,LIMCH1,104,-0.9140,108,-0.2856,241,1.20155
ENSG00000109133,TMEM33,80,0.13896,84,0.12979,66,-0.2721
ENSG00000014824,SLC30A9,65,0.39124,14,-2.1655,67,0.17484
ENSG00000124406,ATP8A1,200,-0.1082,56,-1.9523,295,0.68092
ENSG00000151806,GUF1,22,0.58900,9,-1.2307,17,-0.2365
ENSG00000163281,GNPDA2,22,1.36371,3,-2.4924,11,-0.8504
ENSG00000163285,GABRG1,81,0.66719,54,-0.4495,49,-0.6666
ENSG00000260878,AC104072.1,40,1.39332,28,-0.2358,8,-2.1830
ENSG00000151834,GABRA2,65,2.07416,20,-1.4235,13,-2.2099
ENSG00000109158,GABRA4,49,3.22343,15,-1.3332,0,-9.0180
ENSG00000260918,AC107398.3,89,1.28466,53,-0.5294,28,-1.5931
ENSG00000169019,COMMD8,20,0.68276,11,-0.7337,13,-0.5390
ENSG00000109171,SLAIN2,16,-0.2984,39,1.39829,10,-0.8909
ENSG00000075539,FRYL,25,-2.4155,39,-0.5342,182,2.76787
ENSG00000109180,OCIAD1,269,0.93195,43,-2.5600,190,-0.3599
ENSG00000145247,OCIAD2,30,1.66737,22,-0.1158,2,-3.3655
ENSG00000109184,DCUN1D4,57,0.53192,13,-2.0800,53,0.00991
ENSG00000163069,SGCB,64,-0.7459,77,0.01028,124,0.91018
ENSG00000109189,USP46,71,1.17627,27,-1.2068,33,-0.9872
ENSG00000226950,DANCR,42,-0.2689,34,-0.4003,59,0.51320
ENSG00000145216,FIP1L1,21,-0.3856,33,0.57430,26,0.16297
ENSG00000072201,LNX1,38,4.46817,4,-2.7104,0,-7.1044
ENSG00000134853,PDGFRA,22,-0.5277,30,0.27629,33,0.52974
ENSG00000128039,SRD5A3,15,-1.1377,18,-0.1139,40,1.38668
ENSG00000134851,TMEM165,49,-2.1361,54,-0.8632,300,2.57836
ENSG00000134852,CLOCK,25,0.20603,15,-0.6634,24,0.03970
ENSG00000090989,EXOC1,31,0.05255,17,-0.8578,36,0.28674
ENSG00000128050,PAICS,32,-0.5517,49,0.46551,47,0.45410
ENSG00000174780,SRP72,55,-0.2995,74,0.36238,65,0.18685
ENSG00000171476,HOPX,349,2.92283,86,-1.7175,25,-3.6318
ENSG00000047315,POLR2B,63,0.44808,47,-0.3222,45,-0.4304
ENSG00000163453,IGFBP7,117,-1.9311,1186,3.43830,77,-1.5991
ENSG00000150471,ADGRL3,87,1.42658,33,-1.1651,31,-1.3588
ENSG00000145242,EPHA5,34,2.75466,5,-2.4912,5,-2.6081
ENSG00000033178,UBA6,21,-1.2111,44,0.68851,51,1.12160
ENSG00000083896,YTHDC1,38,-0.7375,56,0.37071,67,0.73655
ENSG00000018189,RUFY3,212,0.31220,60,-1.8341,226,0.21182
ENSG00000132463,GRSF1,91,0.25102,94,0.13881,67,-0.4438
ENSG00000173542,MOB1B,34,0.40482,38,0.29740,19,-0.8275
ENSG00000156136,DCK,29,0.78892,17,-0.5933,16,-0.7575
ENSG00000080493,SLC4A4,65,0.64752,63,0.13685,30,-1.0972
ENSG00000132466,ANKRD17,52,0.15157,37,-0.4839,52,0.03698
ENSG00000169116,PARM1,50,3.02803,14,-1.4929,2,-4.5124
ENSG00000163743,RCHY1,40,0.40920,15,-1.3497,38,0.00612
ENSG00000138769,CDKL2,26,1.54699,2,-3.3603,12,-0.9355
ENSG00000138757,G3BP2,243,1.52475,58,-1.8654,97,-1.1929
ENSG00000138768,USO1,43,0.18061,26,-0.7422,44,0.09857
ENSG00000198301,SDAD1,25,1.12444,6,-1.8678,14,-0.7032
ENSG00000138750,NUP54,13,-1.0195,32,1.09001,23,0.63369
ENSG00000138760,SCARB2,139,-1.6406,197,-0.1718,554,1.92401
ENSG00000138758,SEPTIN11,85,1.10113,62,-0.2574,28,-1.5268
ENSG00000118816,CCNI,254,-0.3584,190,-0.5668,394,0.67164
ENSG00000138764,CCNG2,36,-0.1688,27,-0.5249,48,0.43937
ENSG00000138767,CNOT6L,19,-0.8414,73,1.94063,16,-0.6440
ENSG00000169288,MRPL1,29,0.62169,12,-1.2210,22,-0.2787
ENSG00000138756,BMP2K,15,-0.9719,67,2.25128,10,-0.9796
ENSG00000163291,PAQR3,39,0.99450,11,-1.6200,24,-0.6126
ENSG00000152784,PRDM8,54,3.01247,3,-3.9099,8,-2.4999
ENSG00000273156,AC124016.2,33,1.40850,10,-1.5469,13,-1.1558
ENSG00000138668,HNRNPD,83,-0.5804,137,0.60366,118,0.40515
ENSG00000152795,HNRNPDL,301,-0.5050,325,-0.0480,478,0.65450
ENSG00000145293,ENOPH1,122,-0.0663,37,-1.8261,173,0.61953
ENSG00000249242,TMEM150C,41,1.04395,21,-0.7766,19,-1.0203
ENSG00000145284,SCD5,436,-0.7341,183,-1.5818,996,1.28841
ENSG00000138674,SEC31A,64,-0.0202,98,0.70054,48,-0.5008
ENSG00000251022,THAP9-AS1,18,0.13796,11,-0.7173,19,0.14129
ENSG00000138663,COPS4,37,0.31410,39,0.16060,25,-0.5573
ENSG00000163319,MRPS18C,45,-0.3048,38,-0.3416,64,0.53400
ENSG00000163624,CDS1,31,3.00086,5,-2.1917,3,-3.2175
ENSG00000163625,WDFY3,70,-0.1183,26,-1.5366,102,0.63065
ENSG00000180769,WDFY3-AS2,16,-0.4693,20,0.20212,23,0.49572
ENSG00000109339,MAPK10,234,2.05176,74,-1.4116,47,-2.1809
ENSG00000163629,PTPN13,16,-1.7018,25,-0.0224,65,1.93804
ENSG00000172493,AFF1,19,-0.9750,64,1.62213,25,0.06826
ENSG00000145332,KLHL8,16,-0.1673,29,0.88065,13,-0.4389
ENSG00000198189,HSD17B11,21,-0.5686,62,1.59836,16,-0.6377
ENSG00000170502,NUDT9,29,-0.2362,24,-0.3792,39,0.46707
ENSG00000152583,SPARCL1,2194,0.86425,1272,-0.6444,1171,-0.8363
ENSG00000118785,SPP1,115,-4.6749,6317,4.18377,1275,0.66402
ENSG00000163644,PPM1K,130,0.86721,32,-1.9317,91,-0.3901
ENSG00000138642,HERC6,20,0.09620,42,1.23935,7,-1.5908
ENSG00000145337,PYURF,80,-0.5941,96,0.07879,134,0.70512
ENSG00000138641,HERC3,26,0.23941,29,0.25247,18,-0.5143
ENSG00000177432,NAP1L5,136,2.79906,6,-4.2089,26,-2.2126
ENSG00000138640,FAM13A,50,2.03983,10,-1.9878,13,-1.8259
ENSG00000145335,SNCA,372,1.92851,31,-3.3718,130,-1.3514
ENSG00000163104,SMARCAD1,15,-0.9310,24,0.43659,30,0.93165
ENSG00000163110,PDLIM5,34,-1.0826,123,1.71866,48,0.12465
ENSG00000138696,BMPR1B,26,-0.3526,59,1.20952,21,-0.4979
ENSG00000182168,UNC5C,17,-1.2794,10,-1.3116,59,1.80904
ENSG00000138698,RAP1GDS1,107,-0.2023,41,-1.5174,164,0.71778
ENSG00000168785,TSPAN5,113,0.51310,40,-1.4265,98,-0.0950
ENSG00000151247,EIF4E,85,0.48575,40,-1.0350,71,-0.1725
ENSG00000164024,METAP1,24,0.80184,14,-0.6423,13,-0.7485
ENSG00000197894,ADH5,81,0.18190,69,-0.1902,72,-0.1395
ENSG00000109270,LAMTOR3,56,0.67631,21,-1.2917,42,-0.3233
ENSG00000164031,DNAJB14,82,1.00234,60,-0.2696,31,-1.3326
ENSG00000164032,H2AFZ,120,0.74074,47,-1.2671,84,-0.4087
ENSG00000138814,PPP3CA,553,2.88528,103,-2.1377,60,-3.0525
ENSG00000109332,UBE2D3,151,-0.0279,132,-0.2163,165,0.14574
ENSG00000145354,CISD2,55,0.36819,7,-2.8593,60,0.27175
ENSG00000164039,BDH2,33,-1.4008,98,1.18819,82,1.02880
ENSG00000138777,PPA2,48,0.34384,17,-1.5015,48,0.11493
ENSG00000145348,TBCK,14,0.06508,2,-2.8893,19,0.58922
ENSG00000164022,AIMP1,25,-0.9444,39,0.36379,52,0.98285
ENSG00000138801,PAPSS1,76,-0.2519,29,-1.5480,122,0.77602
ENSG00000138796,HADH,33,-0.4471,54,0.63680,41,0.20331
ENSG00000109475,RPL34,854,-0.8136,1236,0.29116,1635,0.86586
ENSG00000198856,OSTC,16,-1.4705,64,1.65899,36,0.73216
ENSG00000164089,ETNPPL,141,0.60362,55,-1.3035,112,-0.2331
ENSG00000138802,SEC24B,27,-0.5170,59,1.08049,29,-0.0704
ENSG00000123739,PLA2G12A,32,-0.5931,31,-0.2755,58,0.84294
ENSG00000170522,ELOVL6,28,1.19148,0,-6.5468,18,-0.4493
ENSG00000138660,AP1AR,32,0.49327,26,-0.1847,21,-0.5790
ENSG00000174720,LARP7,22,-0.8582,51,0.99452,36,0.49554
ENSG00000145362,ANK2,459,0.67780,262,-0.7055,299,-0.5456
ENSG00000145349,CAMK2D,129,1.39675,81,-0.4257,32,-1.9224
ENSG00000174607,UGT8,23,-3.7644,55,-0.9829,457,4.06239
ENSG00000269893,SNHG8,65,-0.8844,89,0.16503,137,1.00386
ENSG00000172403,SYNPO2,38,0.82388,28,-0.2787,18,-1.0216
ENSG00000164096,C4orf3,172,-0.5575,176,-0.1566,292,0.75911
ENSG00000164111,ANXA5,35,-2.2921,289,2.46953,118,0.88542
ENSG00000164112,TMEM155,72,3.95564,0,-8.4820,6,-3.2183
ENSG00000138686,BBS7,48,2.05666,10,-1.9797,12,-1.8527
ENSG00000138688,KIAA1109,65,-0.2496,86,0.36039,73,0.12058
ENSG00000138685,FGF2,32,-0.5445,72,1.15828,33,-0.1063
ENSG00000151458,ANKRD50,18,1.08245,9,-0.8471,8,-1.0359
ENSG00000164066,INTU,18,0.34567,8,-1.1659,18,0.03251
ENSG00000164070,HSPA4L,57,2.18657,22,-1.1009,7,-2.7694
ENSG00000164040,PGRMC2,54,0.07104,49,-0.1502,53,-0.0136
ENSG00000077684,JADE1,26,-0.1622,61,1.32573,14,-1.0790
ENSG00000138650,PCDH10,108,0.60355,16,-2.7094,98,0.01034
ENSG00000151012,SLC7A11,49,-0.8528,152,1.59286,56,-0.0967
ENSG00000109381,ELF2,15,-1.2535,36,0.90679,36,1.04359
ENSG00000109390,NDUFC1,155,0.25873,62,-1.3241,163,0.17201
ENSG00000164134,NAA15,20,0.00660,19,-0.1315,21,0.06078
ENSG00000145391,SETD7,29,-0.8886,40,0.19580,60,0.99545
ENSG00000153130,SCOC,240,0.71068,64,-1.8350,187,-0.2314
ENSG00000109436,TBC1D9,72,5.43009,0,-8.3985,2,-4.7260
ENSG00000170153,RNF150,33,2.15480,9,-1.5234,6,-2.2696
ENSG00000170185,USP38,15,-0.8616,18,-0.0364,33,1.05861
ENSG00000109458,GAB1,20,-2.6413,34,-0.5887,174,2.98891
ENSG00000153147,SMARCA5,60,-1.0921,128,0.80357,127,0.91770
ENSG00000164161,HHIP,29,-2.8203,33,-1.3095,294,3.30509
ENSG00000164163,ABCE1,32,-0.6265,37,-0.0164,57,0.78363
ENSG00000164164,OTUD4,29,0.14881,17,-0.7828,30,0.15024
ENSG00000170365,SMAD1,20,-0.3496,42,1.06469,18,-0.3286
ENSG00000151612,ZNF827,23,0.98920,12,-0.7510,11,-0.9555
ENSG00000164167,LSM6,25,0.88427,5,-2.2018,18,-0.3601
ENSG00000151623,NR3C2,21,0.67616,11,-0.8366,14,-0.4846
ENSG00000170390,DCLK2,82,-0.3439,168,1.06818,72,-0.3423
ENSG00000145425,RPS3A,371,-1.0128,586,0.33838,832,1.07254
ENSG00000059691,GATB,39,0.69744,12,-1.5682,30,-0.2746
ENSG00000109670,FBXW7,304,3.00373,35,-2.8111,39,-2.8147
ENSG00000109654,TRIM2,302,-0.5000,101,-1.8331,591,1.07751
ENSG00000145428,RNF175,24,1.56448,19,-0.0407,2,-3.1807
ENSG00000171566,PLRG1,33,-0.0775,37,0.15748,34,0.01307
ENSG00000164114,MAP9,57,1.77119,23,-1.0700,13,-1.9744
ENSG00000260244,AC104083.1,19,1.27493,4,-1.9135,9,-0.8713
ENSG00000061918,GUCY1B1,231,3.28326,30,-2.6278,20,-3.3611
ENSG00000109738,GLRB,109,2.84623,10,-3.1299,17,-2.4814
ENSG00000120251,GRIA2,281,2.05503,79,-1.5873,62,-2.0609
ENSG00000164125,GASK1B,50,-0.6086,119,1.21629,55,-0.0645
ENSG00000164124,TMEM144,62,-3.1402,29,-2.8483,813,3.78649
ENSG00000171509,RXFP1,40,3.12015,1,-4.2949,6,-2.5615
ENSG00000171497,PPID,37,0.03725,36,-0.0360,36,-0.0297
ENSG00000052795,FNIP2,41,-0.2284,68,0.73465,39,-0.1949
ENSG00000109756,RAPGEF2,110,1.35227,45,-1.0700,41,-1.3033
ENSG00000168843,FSTL5,23,5.30750,0,-6.8257,0,-4.6961
ENSG00000145416,MARCH1,31,-0.4284,20,-0.8137,53,0.81864
ENSG00000170088,TMEM192,21,0.43015,23,0.21619,12,-0.7934
ENSG00000109466,KLHL2,115,0.36453,42,-1.4180,112,0.07329
ENSG00000052802,MSMO1,96,0.04329,41,-1.2676,119,0.40163
ENSG00000109472,CPE,1343,1.06361,744,-0.6805,592,-1.1091
ENSG00000196104,SPOCK3,52,-2.4847,48,-1.3618,416,2.99918
ENSG00000129116,PALLD,21,-0.7653,30,0.33047,38,0.79000
ENSG00000145439,CBR4,21,0.04203,9,-1.1858,26,0.38466
ENSG00000154447,SH3RF1,20,-0.7724,29,0.32048,37,0.80335
ENSG00000137601,NEK1,14,-0.3381,25,0.80492,14,-0.0885
ENSG00000109572,CLCN3,120,-0.1705,103,-0.2931,151,0.35514
ENSG00000056050,HPF1,27,-0.3337,2,-3.8448,51,1.04260
ENSG00000198948,MFAP3L,30,-1.4357,66,0.65458,90,1.38710
ENSG00000164104,HMGB2,17,-0.6416,13,-0.6590,34,1.01255
ENSG00000164105,SAP30,12,-1.2559,6,-1.4831,42,1.80981
ENSG00000164106,SCRG1,118,-0.0678,96,-0.3356,137,0.24740
ENSG00000145451,GLRA3,27,2.11152,18,-0.2192,0,-8.2228
ENSG00000150625,GPM6A,1741,1.83482,482,-1.6288,491,-1.7052
ENSG00000150627,WDR17,36,1.08557,37,0.29003,7,-2.3698
ENSG00000129128,SPCS3,59,-0.3814,69,0.10271,82,0.43656
ENSG00000218336,TENM3,53,2.76092,0,-5.7958,11,-2.0590
ENSG00000129187,DCTD,42,0.39502,43,0.16168,26,-0.6869
ENSG00000168538,TRAPPC11,32,0.56491,22,-0.4108,21,-0.5437
ENSG00000173320,STOX2,55,0.54292,10,-2.3554,52,0.03577
ENSG00000164305,CASP3,15,-0.7173,22,0.26162,28,0.76667
ENSG00000151726,ACSL1,21,-3.0969,199,1.94205,174,2.08217
ENSG00000151729,SLC25A4,244,1.62456,45,-2.2301,95,-1.2114
ENSG00000164323,CFAP97,23,-0.3595,20,-0.3619,35,0.60528
ENSG00000109762,SNX25,18,0.69247,18,0.10869,8,-1.1502
ENSG00000186352,ANKRD37,22,0.29695,8,-1.4456,23,0.15585
ENSG00000109775,UFSP2,15,-0.6079,18,0.04064,26,0.73801
ENSG00000154556,SORBS2,71,2.06619,31,-0.9215,9,-2.7470
ENSG00000145476,CYP4V2,17,-1.0731,24,0.14995,42,1.22047
ENSG00000083857,FAT1,17,-1.2118,35,0.66268,42,1.13638
ENSG00000109536,FRG1,21,0.08972,1,-3.6234,28,0.60427
ENSG00000164366,CCDC127,27,1.13307,1,-4.1369,17,-0.4446
ENSG00000073578,SDHA,117,0.11448,50,-1.2710,137,0.32274
ENSG00000249915,PDCD6,122,0.22336,83,-0.5377,115,-0.0307
ENSG00000180104,EXOC3,53,-0.3349,87,0.67145,58,0.01843
ENSG00000171368,TPPP,266,-0.7695,77,-2.1378,641,1.38822
ENSG00000028310,BRD9,39,0.13506,46,0.32234,30,-0.4084
ENSG00000113504,SLC12A7,15,-1.6722,136,3.31875,6,-2.2375
ENSG00000049656,CLPTM1L,72,-0.2344,103,0.49858,76,0.00494
ENSG00000153395,LPCAT1,47,0.10582,105,1.39153,12,-2.0601
ENSG00000171421,MRPL36,28,-0.1384,8,-1.8400,43,0.69811
ENSG00000145494,NDUFS6,116,-0.2987,108,-0.2125,160,0.47698
ENSG00000164151,ICE1,42,1.51378,8,-2.1214,18,-1.1054
ENSG00000133398,MED10,61,0.53169,40,-0.5006,43,-0.4494
ENSG00000215218,UBE2QL1,218,3.13060,34,-2.3860,20,-3.2851
ENSG00000145545,SRD5A1,23,2.00744,1,-3.8054,8,-1.3891
ENSG00000112941,TENT4A,28,0.89355,5,-2.4049,20,-0.3391
ENSG00000078295,ADCY2,98,0.39197,88,-0.0647,68,-0.5098
ENSG00000124275,MTRR,17,-0.8667,29,0.54412,32,0.79921
ENSG00000247516,MIR4458HG,20,-0.1941,24,0.16905,23,0.16230
ENSG00000112902,SEMA5A,25,-0.6877,74,1.55674,24,-0.3410
ENSG00000150753,CCT5,101,0.30113,77,-0.3459,84,-0.2181
ENSG00000164237,CMBL,28,0.61185,26,0.02472,15,-0.9262
ENSG00000145495,MARCH6,226,0.46325,109,-1.0015,191,-0.1561
ENSG00000164236,ANKRD33B,44,2.79644,12,-1.6060,3,-3.4888
ENSG00000112977,DAP,30,-0.5689,72,1.24758,31,-0.1634
ENSG00000169862,CTNND2,238,0.16307,153,-0.6430,243,0.08463
ENSG00000038382,TRIO,88,1.18804,84,0.19254,16,-2.4620
ENSG00000154122,ANKH,120,-0.0077,131,0.14395,115,-0.0741
ENSG00000183580,FBXL7,12,-1.8260,26,0.27271,55,1.95574
ENSG00000173545,ZNF622,23,-0.0822,27,0.25548,23,-0.0418
ENSG00000154153,RETREG1,80,-0.3740,18,-2.3056,146,0.99678
ENSG00000145555,MYO10,78,-1.5539,170,0.56193,261,1.55733
ENSG00000176788,BASP1,908,3.35769,119,-2.6312,73,-3.4891
ENSG00000248455,LINC02217,30,2.38149,8,-1.5215,4,-2.6816
ENSG00000145526,CDH18,33,5.09778,0,-7.0705,1,-4.4465
ENSG00000040731,CDH10,42,4.10978,2,-3.9904,2,-3.8665
ENSG00000113360,DROSHA,32,0.52711,22,-0.4723,22,-0.4578
ENSG00000082213,C5orf22,21,1.29282,9,-1.0568,8,-1.2238
ENSG00000133401,PDZD2,39,0.75420,20,-0.8409,25,-0.5852
ENSG00000113384,GOLPH3,56,-0.1299,69,0.30373,57,-0.0071
ENSG00000150712,MTMR12,27,0.33659,32,0.35715,16,-0.7681
ENSG00000056097,ZFR,101,-0.3658,129,0.26431,132,0.33190
ENSG00000113387,SUB1,249,0.37215,150,-0.6859,213,-0.1576
ENSG00000113407,TARS,18,-0.9945,32,0.50026,39,0.97307
ENSG00000168724,DNAJC21,32,-0.0989,34,0.04437,35,0.10649
ENSG00000164187,LMBRD2,113,2.36147,7,-3.6690,29,-1.7943
ENSG00000152620,NADK2,47,-0.6846,36,-0.6429,95,1.05502
ENSG00000079215,SLC1A3,619,0.24820,949,0.76871,307,-1.0922
ENSG00000164190,NIPBL,24,-0.8660,48,0.77266,42,0.66156
ENSG00000197603,CPLANE1,20,0.01207,28,0.51368,16,-0.3767
ENSG00000113594,LIFR,71,-1.2895,133,0.48123,194,1.31333
ENSG00000164327,RICTOR,30,-0.5543,13,-1.4515,61,1.08148
ENSG00000113638,TTC33,51,1.09700,18,-1.3216,26,-0.8362
ENSG00000132356,PRKAA1,22,-0.5484,36,0.57832,31,0.37969
ENSG00000145592,RPL37,944,-1.0002,1592,0.45362,2036,1.00321
ENSG00000182836,PLCXD3,32,1.57803,21,-0.3288,5,-2.4984
ENSG00000083720,OXCT1,101,1.46805,19,-2.1865,44,-1.0343
ENSG00000205765,C5orf51,16,-0.3473,13,-0.4197,24,0.61121
ENSG00000250722,SELENOP,107,-2.8924,192,-0.6637,1097,3.23348
ENSG00000172262,ZNF131,22,1.46895,0,-5.9249,12,-0.7367
ENSG00000177453,NIM1K,22,1.01503,0,-7.0271,16,-0.2685
ENSG00000112972,HMGCS1,126,1.31755,19,-2.5262,66,-0.7924
ENSG00000172239,PAIP1,66,-0.1119,40,-0.7994,88,0.45949
ENSG00000248092,NNT-AS1,29,-0.3818,40,0.36512,37,0.29415
ENSG00000112992,NNT,80,1.14942,30,-1.2280,38,-0.9421
ENSG00000112996,MRPS30,39,1.49440,14,-1.2259,13,-1.4243
ENSG00000272335,AC093297.2,26,0.68684,7,-1.7603,21,-0.2195
ENSG00000164588,HCN1,59,3.12930,20,-1.2354,0,-9.2936
ENSG00000151883,PARP8,20,0.41196,38,1.17606,3,-2.5912
ENSG00000164172,MOCS2,76,0.91537,26,-1.4226,47,-0.5739
ENSG00000164258,NDUFS4,47,-0.1233,21,-1.2545,67,0.58327
ENSG00000178996,SNX18,11,-1.3181,2,-2.5310,40,1.97462
ENSG00000067248,DHX29,19,-0.3072,20,-0.0399,26,0.41271
ENSG00000039123,MTREX,37,0.06215,33,-0.1434,36,-0.0055
ENSG00000067113,PLPP1,45,-1.3661,105,0.78341,123,1.24304
ENSG00000134352,IL6ST,141,-0.6571,333,1.17911,168,0.04952
ENSG00000062194,GPBP1,80,-0.1217,61,-0.4550,100,0.35899
ENSG00000145632,PLK2,122,4.03296,18,-2.4247,2,-5.7501
ENSG00000152932,RAB3C,200,3.64248,33,-2.2835,7,-4.6085
ENSG00000113448,PDE4D,34,2.43044,7,-1.9107,5,-2.4478
ENSG00000152931,PART1,71,3.01612,23,-1.2933,1,-5.4382
ENSG00000164181,ELOVL7,8,-2.3825,78,2.66021,27,0.76656
ENSG00000164182,NDUFAF2,24,0.60646,0,-7.1945,24,0.14220
ENSG00000188725,SMIM15,16,-1.1318,32,0.59874,39,1.07953
ENSG00000130449,ZSWIM6,34,-0.6531,28,-0.5315,67,0.99025
ENSG00000068796,KIF2A,18,-0.4789,0,-7.0548,38,1.22907
ENSG00000086189,DIMT1,16,-0.5954,6,-1.6196,34,1.14930
ENSG00000153006,SREK1IP1,22,-0.7110,36,0.55912,36,0.60002
ENSG00000153015,CWC27,12,-0.4201,4,-1.7948,23,0.98925
ENSG00000113595,TRIM23,73,1.30983,2,-4.7747,43,-0.6015
ENSG00000113597,TRAPPC13,33,0.88925,0,-6.0188,26,-0.1502
ENSG00000197860,SGTB,100,1.96761,14,-2.5530,31,-1.5456
ENSG00000123213,NLN,18,-0.6928,13,-0.6919,37,1.07651
ENSG00000112851,ERBIN,48,-2.4313,220,1.20070,283,2.06760
ENSG00000153914,SREK1,27,-0.9072,79,1.42413,37,0.18189
ENSG00000069020,MAST4,33,0.28536,47,0.63972,17,-0.9920
ENSG00000145675,PIK3R1,160,1.11333,61,-1.2257,80,-0.8953
ENSG00000145740,SLC30A5,22,0.09195,33,0.63970,15,-0.6312
ENSG00000134056,MRPS36,49,0.19178,39,-0.3045,45,-0.0945
ENSG00000085231,AK6,35,0.42925,8,-2.0390,35,0.11588
ENSG00000273841,TAF9,60,0.95850,13,-2.1224,40,-0.4573
ENSG00000145734,BDP1,18,-0.3979,22,0.21841,24,0.39790
ENSG00000131844,MCCC2,15,-0.6776,16,-0.1621,29,0.89833
ENSG00000164326,CARTPT,75,6.46559,0,-8.5087,1,-5.8080
ENSG00000131711,MAP1B,1090,1.09982,531,-0.8711,497,-1.0475
ENSG00000113048,MRPS27,28,-0.2851,34,0.19164,35,0.26830
ENSG00000083312,TNPO1,43,-0.9676,118,1.27404,69,0.41314
ENSG00000145741,BTF3,163,-0.6838,178,-0.1060,304,0.88464
ENSG00000171617,ENC1,919,4.13124,80,-3.2057,38,-4.4265
ENSG00000049860,HEXB,23,-0.6520,85,2.00492,12,-1.2700
ENSG00000164347,GFM2,19,0.12502,27,0.56686,13,-0.6130
ENSG00000164346,NSA2,28,-0.8744,57,0.83566,48,0.63048
ENSG00000198780,FAM169A,66,1.77972,19,-1.5353,19,-1.6738
ENSG00000113161,HMGCR,107,2.12930,14,-2.6712,29,-1.7127
ENSG00000113163,CERT1,46,0.51462,25,-0.8214,36,-0.2838
ENSG00000164252,AGGF1,35,0.04045,24,-0.5772,40,0.20917
ENSG00000132846,ZBED3,5,-3.2964,13,-0.5930,78,3.56375
ENSG00000113231,PDE8B,59,1.33993,40,-0.3125,14,-1.9466
ENSG00000164253,WDR41,27,-0.1019,36,0.41659,26,-0.1257
ENSG00000171530,TBCA,120,-0.1659,73,-0.8159,166,0.52569
ENSG00000132842,AP3B1,9,-1.9218,29,0.95444,38,1.73150
ENSG00000085365,SCAMP1,152,1.21695,75,-0.8167,60,-1.2548
ENSG00000152409,JMY,23,-0.4106,39,0.73232,26,0.07983
ENSG00000152413,HOMER1,78,2.94269,26,-1.2453,1,-5.1940
ENSG00000164329,TENT2,18,-0.8897,38,0.86736,31,0.62836
ENSG00000177034,MTX3,18,0.53510,7,-1.3331,15,-0.1442
ENSG00000164300,SERINC5,24,-2.3798,45,-0.2184,168,2.64790
ENSG00000039319,ZFYVE16,24,-1.6185,26,-0.6216,101,2.02082
ENSG00000113319,RASGRF2,39,0.56157,5,-2.8338,36,0.06648
ENSG00000145687,SSBP2,85,1.00159,40,-0.9259,43,-0.8798
ENSG00000186468,RPS23,509,-1.2622,1018,0.59793,1324,1.22638
ENSG00000174695,TMEM167A,66,-0.5524,39,-0.9912,127,0.99488
ENSG00000038427,VCAN,16,-2.9647,134,1.84508,121,2.06065
ENSG00000164176,EDIL3,138,-2.5122,121,-1.4753,1127,3.04246
ENSG00000127184,COX7C,631,0.44449,344,-0.8252,523,-0.1945
ENSG00000145715,RASA1,50,1.51248,23,-0.8647,14,-1.6976
ENSG00000134480,CCNH,40,-0.1051,9,-2.1992,60,0.70642
ENSG00000247828,TMEM161B-AS1,35,0.14957,37,0.14533,29,-0.2981
ENSG00000245526,LINC00461,35,-0.1631,35,-0.0584,42,0.24196
ENSG00000081189,MEF2C,363,2.90756,103,-1.5095,20,-4.0034
ENSG00000153140,CETN3,11,-1.5694,19,0.11955,41,1.75583
ENSG00000176055,MBLAC2,24,1.29516,1,-3.5127,14,-0.6524
ENSG00000164199,ADGRV1,28,-0.4282,80,1.59249,18,-0.9421
ENSG00000113369,ARRDC3,19,-1.5201,108,2.29966,30,0.06193
ENSG00000237187,NR2F1-AS1,53,1.00487,20,-1.2200,29,-0.7559
ENSG00000175745,NR2F1,103,0.51550,108,0.22301,53,-0.9479
ENSG00000113391,FAM172A,28,0.83155,13,-0.9798,17,-0.6270
ENSG00000175471,MCTP1,47,1.97515,28,-0.4481,3,-3.5372
ENSG00000198677,TTC37,36,-0.3984,49,0.36966,46,0.31317
ENSG00000164292,RHOBTB3,77,-1.2988,126,0.26258,220,1.41916
ENSG00000173221,GLRX,34,0.63283,51,0.84604,7,-2.3282
ENSG00000118985,ELL2,38,-1.8754,193,1.83070,117,1.06072
ENSG00000175426,PCSK1,91,4.74133,8,-3.1084,0,-6.5510
ENSG00000153113,CAST,41,-0.8588,108,1.27432,58,0.25864
ENSG00000113441,LNPEP,72,0.18632,79,0.19240,55,-0.3861
ENSG00000145721,LIX1,15,-2.1898,82,1.70215,64,1.49805
ENSG00000174136,RGMB,52,1.49177,43,0.00895,6,-3.0444
ENSG00000174132,FAM174A,42,0.67543,22,-0.8103,28,-0.4949
ENSG00000145730,PAM,111,1.35561,106,0.20548,12,-3.1500
ENSG00000145725,PPIP5K2,22,-0.3984,34,0.52799,27,0.21250
ENSG00000181751,C5orf30,44,-0.1514,13,-1.8653,67,0.71531
ENSG00000184349,EFNA5,38,1.89639,9,-1.7723,10,-1.7229
ENSG00000145743,FBXL17,102,1.50508,31,-1.4883,38,-1.3094
ENSG00000198961,PJA2,438,1.24495,121,-1.6948,216,-0.8965
ENSG00000112893,MAN2A1,25,-2.0487,71,0.70236,119,1.98575
ENSG00000164209,SLC25A46,81,0.57668,28,-1.4867,67,-0.1540
ENSG00000152495,CAMK4,68,3.75562,0,-8.3975,7,-3.0170
ENSG00000164211,STARD4,22,-0.0400,48,1.30597,9,-1.3531
ENSG00000134986,NREP,120,2.00370,29,-1.8085,30,-1.8580
ENSG00000224032,EPB41L4A-AS1,47,0.29947,11,-2.0971,52,0.26459
ENSG00000134982,APC,109,-0.1285,88,-0.3760,135,0.33729
ENSG00000153037,SRP19,49,0.45825,15,-1.6011,45,0.00673
ENSG00000129625,REEP5,360,0.97924,131,-1.3288,208,-0.6837
ENSG00000172795,DCP2,39,0.99751,28,-0.3170,15,-1.2804
ENSG00000047188,YTHDC2,18,0.63184,9,-0.8721,12,-0.4127
ENSG00000152503,TRIM36,40,3.10970,4,-2.8252,4,-2.9624
ENSG00000164219,PGGT1B,13,-1.1843,58,2.04643,16,-0.1405
ENSG00000145780,FEM1C,33,0.02147,44,0.46889,27,-0.3529
ENSG00000134970,TMED7,79,-0.9123,138,0.53863,156,0.85658
ENSG00000129596,CDO1,49,1.87843,3,-3.5026,18,-1.2805
ENSG00000145782,ATG12,44,-0.1413,51,0.19437,47,0.07723
ENSG00000177879,AP3S1,92,0.97473,33,-1.3265,53,-0.6788
ENSG00000145781,COMMD10,21,1.25043,4,-1.9900,11,-0.8228
ENSG00000092421,SEMA6A,23,-2.6818,23,-1.3954,214,3.19034
ENSG00000172869,DMXL1,26,-0.4423,16,-0.8886,45,0.85218
ENSG00000133835,HSD17B4,62,-1.2337,89,0.05908,176,1.42845
ENSG00000205302,SNX2,28,-0.1217,29,0.03385,31,0.14191
ENSG00000064652,SNX24,15,-0.3554,12,-0.5117,23,0.65091
ENSG00000151292,CSNK1G3,28,0.48046,23,-0.1989,18,-0.5509
ENSG00000155324,GRAMD2B,33,-1.7167,137,1.55150,98,1.11822
ENSG00000164904,ALDH7A1,75,-1.1304,91,-0.1457,202,1.38941
ENSG00000164902,PHAX,44,0.10962,8,-2.5210,57,0.51323
ENSG00000164241,C5orf63,14,-0.1878,44,1.90156,2,-2.9851
ENSG00000145794,MEGF10,35,-1.2174,48,0.02470,98,1.42363
ENSG00000205279,CTXN3,22,5.42392,1,-3.6866,0,-7.8637
ENSG00000245937,LINC01184,27,-0.3480,33,0.22610,35,0.33025
ENSG00000064651,SLC12A2,45,-2.6077,124,0.21128,354,2.70640
ENSG00000066583,ISOC1,15,-0.6387,23,0.43268,24,0.58271
ENSG00000169567,HINT1,383,0.25257,144,-1.4270,410,0.20178
ENSG00000186687,LYRM7,27,-0.1452,15,-0.9511,38,0.53816
ENSG00000158985,CDC42SE2,151,0.09798,62,-1.3333,181,0.35483
ENSG00000158987,RAPGEF6,18,-0.6527,18,-0.2944,35,0.91649
ENSG00000217128,FNIP1,34,-0.4565,32,-0.2773,55,0.68731
ENSG00000164398,ACSL6,172,2.77838,23,-2.5980,25,-2.5907
ENSG00000131435,PDLIM4,9,-2.4899,103,3.00699,27,0.44670
ENSG00000113522,RAD50,26,-0.4653,42,0.58783,34,0.26246
ENSG00000131437,KIF3A,148,1.92329,38,-1.7167,39,-1.7882
ENSG00000164402,SEPTIN8,197,-1.3381,148,-0.9770,673,1.81222
ENSG00000198944,SOWAHA,51,0.70850,1,-5.0434,46,0.01747
ENSG00000164403,SHROOM1,8,-2.7662,40,0.96249,69,2.49049
ENSG00000164405,UQCRQ,358,0.11518,169,-1.1280,412,0.28812
ENSG00000072364,AFF4,59,-0.5674,107,0.75715,78,0.28118
ENSG00000170606,HSPA4,73,-0.2007,99,0.42441,77,0.01007
ENSG00000053108,FSTL4,22,5.17252,0,-6.7642,0,-4.5539
ENSG00000113583,C5orf15,32,-0.6329,48,0.42744,50,0.57850
ENSG00000213585,VDAC1,180,1.24007,77,-1.0358,75,-1.1591
ENSG00000113558,SKP1,511,0.25145,266,-0.9425,511,0.07891
ENSG00000113575,PPP2CA,274,1.17330,75,-1.7184,144,-0.8015
ENSG00000119048,UBE2B,134,0.60277,91,-0.4563,87,-0.5713
ENSG00000237190,CDKN2AIPNL,34,1.37121,1,-4.2098,18,-0.6877
ENSG00000043143,JADE2,33,0.04468,18,-0.9488,39,0.32178
ENSG00000152700,SAR1B,42,-1.3377,15,-2.0436,154,1.95563
ENSG00000164615,CAMLG,93,0.96134,43,-0.9648,50,-0.8062
ENSG00000145833,DDX46,21,-0.5613,41,0.89621,26,0.16375
ENSG00000181904,C5orf24,64,-0.1015,71,0.14415,67,0.05345
ENSG00000113621,TXNDC15,31,-0.3333,28,-0.2829,45,0.54562
ENSG00000113648,H2AFY,74,-0.0274,93,0.34176,67,-0.1794
ENSG00000145824,CXCL14,92,2.93274,33,-1.1212,1,-6.2741
ENSG00000145832,SLC25A48,8,-2.2178,4,-2.1929,58,2.84093
ENSG00000113658,SMAD5,21,-0.7751,41,0.77772,34,0.54263
ENSG00000152377,SPOCK1,282,-0.3658,88,-1.8803,502,0.94313
ENSG00000146021,KLHL3,20,0.24870,0,-4.5503,25,0.47234
ENSG00000177733,HNRNPA0,109,-0.0001,159,0.60827,84,-0.4433
ENSG00000031003,FAM13B,35,0.99125,13,-1.2656,20,-0.7213
ENSG00000112983,BRD8,44,0.17479,52,0.32246,32,-0.4704
ENSG00000094880,CDC23,24,0.99343,10,-1.1119,13,-0.7843
ENSG00000120709,FAM53C,58,0.28859,76,0.52933,33,-0.8645
ENSG00000120733,KDM3B,32,-0.4179,29,-0.2889,51,0.64677
ENSG00000132563,REEP2,173,1.56188,81,-0.8581,47,-1.7890
ENSG00000120738,EGR1,88,1.17032,110,0.61128,4,-4.4156
ENSG00000120705,ETF1,40,-0.2088,50,0.26292,45,0.12650
ENSG00000113013,HSPA9,179,0.26727,128,-0.4492,159,-0.1246
ENSG00000044115,CTNNA1,85,-1.9780,248,0.77400,383,1.88223
ENSG00000146006,LRRTM2,45,1.76637,0,-6.7984,20,-1.0260
ENSG00000120725,SIL1,15,-0.9323,27,0.57546,30,0.86014
ENSG00000120727,PAIP2,104,-0.5745,101,-0.2385,181,0.80873
ENSG00000170464,DNAJC18,44,0.25289,31,-0.4775,40,-0.0935
ENSG00000131508,UBE2D2,105,-0.0394,61,-0.8503,131,0.39086
ENSG00000171604,CXXC5,200,-0.0263,176,-0.2024,217,0.13726
ENSG00000146005,PSD2,68,-0.4099,90,0.30915,91,0.36335
ENSG00000185129,PURA,27,-1.0201,78,1.34312,44,0.42374
ENSG00000182700,IGIP,87,0.76146,17,-2.2799,68,-0.2120
ENSG00000120306,CYSTM1,99,0.42716,79,-0.2272,70,-0.4564
ENSG00000113068,PFDN1,92,0.38969,32,-1.4856,89,0.05974
ENSG00000131503,ANKHD1,28,-1.0609,81,1.36174,46,0.46312
ENSG00000213523,SRA1,44,-0.0839,66,0.63125,37,-0.3292
ENSG00000113108,APBB3,35,0.27344,39,0.27088,23,-0.5837
ENSG00000176087,SLC35A4,32,-0.8756,77,1.09557,50,0.43921
ENSG00000131495,NDUFA2,196,0.08756,196,0.01939,179,-0.1296
ENSG00000113141,IK,61,-0.2128,72,0.18376,71,0.17849
ENSG00000170445,HARS,91,0.78593,54,-0.6131,52,-0.7421
ENSG00000146007,ZMAT2,73,0.54789,30,-1.1829,59,-0.2014
ENSG00000178913,TAF7,55,-0.6901,74,0.21936,97,0.75452
ENSG00000131504,DIAPH1,26,0.27279,52,1.21422,6,-2.1227
ENSG00000171720,HDAC3,25,0.44846,20,-0.1636,17,-0.5270
ENSG00000164620,RELL2,45,5.51676,0,-7.7872,1,-4.8452
ENSG00000081791,DELE1,16,-1.2715,62,1.68163,29,0.44524
ENSG00000013561,RNF14,32,0.08004,31,-0.0385,30,-0.0857
ENSG00000113552,GNPDA1,38,0.08763,53,0.56946,27,-0.5519
ENSG00000131507,NDFIP1,550,1.27348,212,-1.2019,235,-1.1221
ENSG00000113578,FGF1,54,-2.9968,160,0.03583,567,3.10511
ENSG00000145819,ARHGAP26,97,2.26745,31,-1.3544,14,-2.6314
ENSG00000113580,NR3C1,52,0.16185,42,-0.2713,48,-0.0717
ENSG00000145817,YIPF5,28,-0.3633,63,1.18052,24,-0.4412
ENSG00000183775,KCTD16,60,3.37475,12,-1.9363,2,-4.5451
ENSG00000133706,LARS,69,-0.1324,71,-0.0103,79,0.17892
ENSG00000091009,RBM27,19,-0.5126,52,1.46174,16,-0.5399
ENSG00000113649,TCERG1,45,1.31633,17,-1.2199,18,-1.1730
ENSG00000156475,PPP2R2B,126,0.25284,32,-1.9888,142,0.29989
ENSG00000113657,DPYSL3,65,-0.8198,113,0.59268,116,0.71490
ENSG00000176049,JAKMIP2,27,0.10366,9,-1.6695,34,0.41227
ENSG00000173210,ABLIM3,27,1.03369,20,-0.1936,9,-1.4670
ENSG00000145882,PCYOX1L,24,2.33109,2,-3.0056,6,-1.8767
ENSG00000113712,CSNK1A1,135,-0.3871,216,0.63339,156,0.12227
ENSG00000183111,ARHGEF37,8,-2.6778,3,-2.9003,80,3.34202
ENSG00000113716,HMGXB3,20,-0.3284,29,0.47184,23,0.15488
ENSG00000182578,CSF1R,20,-3.9062,823,5.08101,41,-1.4122
ENSG00000113721,PDGFRB,22,-1.7603,195,3.18414,17,-1.2881
ENSG00000011083,SLC6A7,47,3.86277,8,-2.1809,0,-5.9622
ENSG00000070808,CAMK2A,335,3.48927,44,-2.6323,22,-3.7326
ENSG00000070814,TCOF1,25,0.08776,21,-0.2470,24,0.01253
ENSG00000019582,CD74,37,-5.0159,3209,5.43852,219,-0.8282
ENSG00000164587,RPS14,686,-0.7243,1195,0.63598,1102,0.56986
ENSG00000070614,NDST1,23,-1.9392,77,1.01174,97,1.71642
ENSG00000171992,SYNPO,173,2.30910,71,-0.9989,16,-3.2584
ENSG00000086589,RBM22,46,-0.0463,36,-0.4084,54,0.25046
ENSG00000132912,DCTN4,50,-0.5723,32,-0.8761,95,0.99073
ENSG00000211445,GPX3,65,0.99823,97,0.89444,0,-7.4085
ENSG00000145901,TNIP1,26,-0.7959,84,1.69315,26,-0.3326
ENSG00000197043,ANXA6,263,1.94366,139,-0.6419,33,-2.9161
ENSG00000196743,GM2A,16,-2.4514,117,2.07281,74,1.43993
ENSG00000113140,SPARC,66,-2.8664,890,3.00820,286,0.85284
ENSG00000177556,ATOX1,103,-0.9258,87,-0.6123,251,1.30618
ENSG00000145907,G3BP1,39,-0.8944,106,1.29202,57,0.29349
ENSG00000155511,GRIA1,129,2.96542,37,-1.5036,6,-4.2246
ENSG00000164576,SAP30L,29,-0.2462,26,-0.2512,39,0.42960
ENSG00000155506,LARP1,147,0.64168,97,-0.4810,92,-0.6121
ENSG00000170271,FAXDC2,28,-2.3530,61,0.04353,186,2.53908
ENSG00000155508,CNOT8,38,-0.5127,70,0.81021,46,0.16420
ENSG00000082515,MRPL22,28,-0.3647,31,0.07851,38,0.42772
ENSG00000055163,CYFIP2,301,1.93769,131,-0.9362,52,-2.4340
ENSG00000155858,LSM11,23,2.44990,0,-6.5866,6,-1.7201
ENSG00000113282,CLINT1,30,0.84103,17,-0.6625,16,-0.7928
ENSG00000145860,RNF145,57,0.49452,77,0.62242,22,-1.4173
ENSG00000164332,UBLCP1,46,0.46695,47,0.16915,26,-0.8122
ENSG00000170214,ADRA1B,23,3.57576,0,-5.0206,2,-2.9786
ENSG00000113312,TTC1,92,0.15978,84,-0.1035,82,-0.1571
ENSG00000170234,PWWP2A,14,-0.8372,6,-1.5051,35,1.38451
ENSG00000164609,SLU7,85,0.52906,46,-0.7980,65,-0.3113
ENSG00000145864,GABRB2,193,4.36697,10,-3.9268,8,-4.2790
ENSG00000022355,GABRA1,313,3.61591,52,-2.2725,12,-4.5492
ENSG00000113327,GABRG2,153,4.71347,9,-3.6819,3,-5.1174
ENSG00000113328,CCNG1,21,-0.1749,13,-0.7282,29,0.51096
ENSG00000170584,NUDCD2,33,-1.2854,6,-2.9604,120,1.96692
ENSG00000038274,MAT2B,61,0.35548,34,-0.7979,55,-0.0945
ENSG00000145934,TENM2,49,3.80858,5,-2.8909,2,-4.1034
ENSG00000113645,WWC1,33,0.51944,23,-0.3802,22,-0.4973
ENSG00000113643,RARS,24,0.54839,28,0.35565,11,-1.1566
ENSG00000188573,FBLL1,74,1.78005,44,-0.4591,10,-2.8139
ENSG00000120137,PANK3,48,0.06135,35,-0.4804,52,0.14721
ENSG00000184347,SLIT3,30,1.13611,38,0.63410,1,-4.2678
ENSG00000181163,NPM1,123,-0.5734,196,0.54607,177,0.43278
ENSG00000072803,FBXW11,81,-0.5287,94,0.05955,128,0.63599
ENSG00000120129,DUSP1,58,-2.8346,1101,4.17062,72,-1.2596
ENSG00000113719,ERGIC1,25,-0.1316,37,0.54277,24,-0.1794
ENSG00000037241,RPL26L1,34,0.42751,15,-1.0905,30,-0.0853
ENSG00000113732,ATP6V0E1,50,-1.5600,228,1.87038,109,0.64117
ENSG00000164463,CREBRF,31,-0.2751,57,0.92454,27,-0.3032
ENSG00000145919,BOD1,37,-0.0271,33,-0.1998,40,0.13706
ENSG00000113742,CPEB4,75,0.10099,70,-0.0616,69,-0.1010
ENSG00000170091,NSG2,291,3.69292,14,-4.0159,26,-3.3019
ENSG00000164466,SFXN1,64,0.56061,40,-0.5799,45,-0.4488
ENSG00000113749,HRH2,20,1.27842,22,0.40201,1,-3.6682
ENSG00000145920,CPLX2,402,2.40674,129,-1.3529,48,-2.9278
ENSG00000051596,THOC3,21,1.04833,9,-1.0955,11,-0.8643
ENSG00000122203,KIAA1191,116,1.26623,34,-1.6146,55,-0.9485
ENSG00000175414,ARL10,25,0.37320,16,-0.5690,21,-0.2077
ENSG00000146066,HIGD2A,110,0.04547,129,0.26614,95,-0.2313
ENSG00000175416,CLTB,261,0.98297,180,-0.3536,108,-1.2235
ENSG00000113194,FAF2,27,-0.3648,49,0.79338,29,-0.0380
ENSG00000146083,RNF44,67,0.85490,25,-1.2674,42,-0.5491
ENSG00000169258,GPRIN1,59,2.81140,6,-2.8629,9,-2.5258
ENSG00000074317,SNCB,613,3.54119,71,-2.7985,43,-3.6803
ENSG00000048140,TSPAN17,28,0.66686,37,0.64093,7,-1.9006
ENSG00000113763,UNC5A,76,3.18990,18,-1.7409,3,-4.3990
ENSG00000165671,NSD1,17,-0.7270,28,0.52071,28,0.64232
ENSG00000169230,PRELID1,110,0.21132,112,0.08537,87,-0.3469
ENSG00000169223,LMAN2,42,-0.8589,106,1.18683,63,0.33863
ENSG00000169220,RGS14,26,2.56097,1,-4.2629,6,-1.9448
ENSG00000198055,GRK6,26,0.95755,7,-1.6297,16,-0.5656
ENSG00000131188,PRR7,49,0.88872,29,-0.6217,25,-0.8850
ENSG00000113758,DBN1,66,1.25425,57,0.04357,13,-2.3269
ENSG00000196923,PDLIM7,26,-0.3005,91,2.07347,3,-3.4654
ENSG00000183258,DDX41,60,0.87260,38,-0.4903,30,-0.9441
ENSG00000146067,FAM193B,29,-0.6819,80,1.46330,29,-0.2279
ENSG00000184840,TMED9,70,-0.5311,165,1.23787,69,-0.2158
ENSG00000027847,B4GALT7,24,-0.5765,39,0.54000,35,0.44060
ENSG00000204677,FAM153CP,28,2.00515,8,-1.5525,6,-2.0047
ENSG00000145916,RMND5B,33,0.00763,23,-0.5524,37,0.23965
ENSG00000145912,NHP2,155,0.18978,150,0.00243,129,-0.2616
ENSG00000197451,HNRNPAB,53,-0.2585,95,0.87305,47,-0.2780
ENSG00000113240,CLK4,24,-0.6912,36,0.42985,40,0.64908
ENSG00000176783,RUFY1,18,-0.6754,33,0.74517,27,0.43500
ENSG00000169045,HNRNPH1,118,-0.0993,146,0.31213,116,-0.0555
ENSG00000127022,CANX,300,-0.4800,454,0.50592,400,0.33615
ENSG00000161013,MGAT4B,61,0.96451,42,-0.3613,26,-1.1861
ENSG00000161011,SQSTM1,215,-0.6086,270,0.14910,358,0.69051
ENSG00000161010,MRNIP,20,-0.1297,17,-0.2893,25,0.30406
ENSG00000197226,TBC1D9B,91,-0.6938,105,-0.0358,170,0.86890
ENSG00000113269,RNF130,93,-1.6623,205,0.51616,342,1.69025
ENSG00000050748,MAPK9,154,1.81030,32,-2.0580,49,-1.4935
ENSG00000113300,CNOT6,16,0.08839,0,-6.7347,23,0.65946
ENSG00000131446,MGAT1,33,-1.9001,294,3.04325,42,-0.5544
ENSG00000278970,HEIH,21,-0.8094,30,0.28464,40,0.86406
ENSG00000250222,AC008443.5,18,-0.2866,2,-2.9061,31,0.95226
ENSG00000146063,TRIM41,22,-1.5625,53,0.72610,72,1.48571
ENSG00000204628,RACK1,232,-1.1716,708,1.38318,429,0.59304
ENSG00000112679,DUSP22,22,-1.4215,73,1.37721,52,0.91248
ENSG00000112685,EXOC2,17,-0.6669,18,-0.1497,32,0.88166
ENSG00000124535,WRNIP1,62,0.56262,35,-0.7241,45,-0.3851
ENSG00000124570,SERPINB6,30,-2.3530,219,2.13814,126,1.28569
ENSG00000124588,NQO2,40,0.28544,47,0.32795,26,-0.6537
ENSG00000137274,BPHL,18,-0.1877,42,1.32071,10,-1.0093
ENSG00000137267,TUBB2A,822,2.90527,142,-2.2456,93,-3.0004
ENSG00000137285,TUBB2B,196,0.64703,150,-0.2588,113,-0.7589
ENSG00000180822,PSMG4,17,0.04337,22,0.38536,14,-0.3181
ENSG00000137266,SLC22A23,38,-0.7059,62,0.52808,63,0.61191
ENSG00000168994,PXDC1,9,-1.6031,63,2.57609,13,-0.2331
ENSG00000145945,FAM50B,16,0.20329,0,-5.8293,21,0.53789
ENSG00000112739,PRPF4B,40,-0.3193,73,0.85617,39,-0.1643
ENSG00000198721,ECI2,23,-0.9323,50,0.85524,43,0.69031
ENSG00000214113,LYRM4,38,1.48554,14,-1.2030,13,-1.4241
ENSG00000124785,NRN1,219,3.81295,36,-2.2605,5,-5.3162
ENSG00000124783,SSR1,72,-0.9039,157,0.92958,124,0.60306
ENSG00000239264,TXNDC5,26,-1.2897,92,1.57363,50,0.57673
ENSG00000124802,EEF1E1,28,0.09759,16,-0.8530,32,0.23274
ENSG00000111843,TMEM14C,65,-0.4199,67,-0.1068,98,0.57812
ENSG00000137210,TMEM14B,54,-0.2615,38,-0.6459,79,0.58535
ENSG00000197977,ELOVL2,17,-0.2717,16,-0.1116,22,0.40151
ENSG00000224531,SMIM13,136,1.16944,29,-2.0621,75,-0.7112
ENSG00000111859,NEDD9,12,-1.5709,102,3.26279,3,-2.5224
ENSG00000205269,TMEM170B,60,1.15765,18,-1.5931,31,-0.8197
ENSG00000112137,PHACTR1,133,1.58031,98,-0.1723,18,-2.8488
ENSG00000145990,GFOD1,120,2.55048,29,-1.7426,15,-2.7892
ENSG00000124523,SIRT5,25,0.81104,13,-0.8165,15,-0.6724
ENSG00000225921,NOL7,50,-0.7827,52,-0.2269,104,1.03869
ENSG00000010017,RANBP9,70,0.73890,43,-0.5654,41,-0.7021
ENSG00000050393,MCUR1,39,-0.0706,54,0.48947,35,-0.2283
ENSG00000180537,RNF182,18,3.25582,0,-6.5456,2,-2.5439
ENSG00000112149,CD83,27,0.39221,56,1.30687,3,-3.1820
ENSG00000008083,JARID2,16,-0.7290,35,1.04832,22,0.27538
ENSG00000047579,DTNBP1,17,-0.1828,25,0.50950,17,-0.0775
ENSG00000007944,MYLIP,15,-1.0488,24,0.25833,37,1.14852
ENSG00000124788,ATXN1,60,0.05655,41,-0.5554,65,0.18171
ENSG00000112186,CAP2,233,4.18949,10,-4.1371,13,-3.9180
ENSG00000137414,FAM8A1,43,0.16684,16,-1.4591,50,0.30418
ENSG00000124789,NUP153,23,-0.0885,24,0.02730,25,0.10205
ENSG00000137177,KIF13A,13,-1.7334,20,-0.1219,56,2.00117
ENSG00000137364,TPMT,33,1.39404,9,-1.5882,14,-1.1213
ENSG00000124795,DEK,33,-0.9442,58,0.51313,68,0.90774
ENSG00000172201,ID4,103,-0.6948,203,0.85457,149,0.38231
ENSG00000272168,CASC15,18,1.24836,1,-3.2300,10,-0.6271
ENSG00000152954,NRSN1,114,3.38418,7,-3.5610,12,-3.0421
ENSG00000124532,MRS2,23,0.60968,13,-0.7218,16,-0.4477
ENSG00000112294,ALDH5A1,72,0.87426,38,-0.7683,40,-0.7829
ENSG00000137261,KIAA0319,48,2.38680,11,-1.7603,7,-2.4828
ENSG00000111802,TDP2,50,0.92283,37,-0.2591,21,-1.2031
ENSG00000112304,ACOT13,49,0.15592,65,0.48960,34,-0.5891
ENSG00000112308,C6orf62,106,-0.5944,229,1.05511,126,0.07301
ENSG00000111913,RIPOR2,40,2.37551,2,-3.6555,10,-1.8119
ENSG00000079691,CARMIL1,22,1.51667,2,-3.0392,10,-0.9392
ENSG00000180573,HIST1H2AC,10,-2.8519,33,0.28104,96,2.88803
ENSG00000112763,BTN2A1,20,-0.0948,29,0.53990,18,-0.2328
ENSG00000182952,HMGN4,21,0.08908,5,-1.9440,27,0.46970
ENSG00000269293,ZSCAN16-AS1,53,-0.6865,33,-0.9621,112,1.13227
ENSG00000204713,TRIM27,34,-0.1427,47,0.45580,33,-0.0955
ENSG00000204681,GABBR1,248,0.84478,116,-0.9782,149,-0.6450
ENSG00000204655,MOG,15,-3.5184,11,-2.4338,259,4.10809
ENSG00000206503,HLA-A,126,-1.7513,1036,3.03650,123,-0.8862
ENSG00000204619,PPP1R11,68,0.32325,68,0.10294,47,-0.5268
ENSG00000241370,RPP21,50,-0.2787,57,0.11371,63,0.30194
ENSG00000204592,HLA-E,44,-3.6394,1561,5.02866,59,-1.8453
ENSG00000204590,GNL1,85,0.29782,80,-0.0165,64,-0.4041
ENSG00000204574,ABCF1,23,-0.9047,51,0.93259,40,0.60186
ENSG00000204569,PPP1R10,42,-0.2279,43,-0.0611,53,0.32456
ENSG00000204568,MRPS18B,28,-1.2087,59,0.72608,67,1.09824
ENSG00000137343,ATAT1,50,0.01723,44,-0.1889,52,0.07531
ENSG00000204564,C6orf136,57,0.44512,59,0.17584,33,-0.7817
ENSG00000196230,TUBB,586,1.11408,398,-0.3557,206,-1.4508
ENSG00000137312,FLOT1,198,0.09282,216,0.16738,170,-0.2310
ENSG00000204580,DDR1,75,-2.5202,382,1.33061,458,2.06429
ENSG00000137411,VARS2,13,-1.4829,43,1.31298,34,1.03411
ENSG00000204525,HLA-C,68,-2.3467,905,3.72899,68,-1.2400
ENSG00000234745,HLA-B,65,-3.1250,1553,4.53971,73,-1.6398
ENSG00000198563,DDX39B,87,-0.6322,181,0.96500,113,0.20810
ENSG00000213760,ATP6V1G2,213,1.97281,33,-2.4447,64,-1.5804
ENSG00000204469,PRRC2A,114,-0.3317,198,0.78180,117,-0.0778
ENSG00000204463,BAG6,112,-0.2432,188,0.76908,104,-0.2030
ENSG00000204438,GPANK1,16,-0.6456,27,0.58054,25,0.50427
ENSG00000204435,CSNK2B,141,-0.0355,129,-0.1530,152,0.12559
ENSG00000204427,ABHD16A,55,0.32499,48,-0.1316,42,-0.3697
ENSG00000213722,DDAH2,19,-2.2407,149,2.44828,60,0.85162
ENSG00000213719,CLIC1,6,-3.7537,241,5.12567,8,-1.8623
ENSG00000204394,VARS,37,-0.2708,71,0.95516,32,-0.3426
ENSG00000204392,LSM2,27,-1.2798,57,0.69923,69,1.19304
ENSG00000204389,HSPA1A,257,-0.4630,134,-1.1570,465,0.93272
ENSG00000204388,HSPA1B,91,0.66764,20,-2.1052,76,-0.1353
ENSG00000204387,SNHG32,45,-1.7147,76,0.07184,183,1.91907
ENSG00000204386,NEU1,31,1.26854,14,-0.9316,12,-1.2606
ENSG00000204371,EHMT2,44,-0.3798,57,0.26226,59,0.35103
ENSG00000204356,NELFE,40,-0.8245,47,-0.0457,84,1.02074
ENSG00000204351,SKIV2L,14,-0.8888,29,0.89919,24,0.60511
ENSG00000204314,PRRT1,161,2.31430,45,-1.5643,26,-2.5157
ENSG00000204310,AGPAT1,129,0.19348,145,0.23529,97,-0.4295
ENSG00000204308,RNF5,59,-0.8416,71,-0.0305,124,1.03414
ENSG00000204301,NOTCH4,12,-1.3000,49,1.80915,21,0.34885
ENSG00000204287,HLA-DRA,10,-4.3469,562,5.06503,41,-0.7861
ENSG00000196126,HLA-DRB1,4,-4.9120,412,5.71394,19,-1.3800
ENSG00000179344,HLA-DQB1,14,-0.8334,68,2.40695,5,-1.9608
ENSG00000168394,TAP1,12,-1.4303,73,2.51154,14,-0.4548
ENSG00000204256,BRD2,57,-0.7158,137,1.16844,73,0.14850
ENSG00000231389,HLA-DPA1,5,-4.9457,442,5.26524,35,-0.6148
ENSG00000223865,HLA-DPB1,3,-4.9410,291,5.09107,27,-0.3672
ENSG00000204231,RXRB,72,0.59417,38,-0.8393,52,-0.3777
ENSG00000112473,SLC39A7,23,-0.6968,45,0.79213,35,0.43043
ENSG00000204227,RING1,64,0.18719,60,-0.0574,55,-0.2214
ENSG00000223501,VPS52,34,0.12881,0,-5.4783,46,0.60904
ENSG00000231500,RPS18,681,-0.9111,1381,0.80301,1231,0.69822
ENSG00000227057,WDR46,17,-0.5180,25,0.49417,23,0.39326
ENSG00000204220,PFDN6,64,0.25907,35,-0.8481,63,0.03989
ENSG00000237441,RGL2,21,-1.2457,91,1.98141,30,0.05547
ENSG00000231925,TAPBP,102,-0.6171,308,1.64989,81,-0.6203
ENSG00000204209,DAXX,27,-0.2997,35,0.32190,32,0.21197
ENSG00000112511,PHF1,50,-0.2162,72,0.52282,51,-0.0391
ENSG00000112514,CUTA,148,-0.4211,94,-0.8427,251,0.81784
ENSG00000197283,SYNGAP1,49,0.82331,57,0.45208,12,-1.9459
ENSG00000137288,UQCC2,87,0.43888,46,-0.8636,73,-0.1735
ENSG00000161904,LEMD2,20,-1.2253,40,0.58469,52,1.19217
ENSG00000137309,HMGA1,36,-0.0830,68,1.03205,23,-0.7809
ENSG00000186577,SMIM29,118,0.01101,117,-0.0141,117,-0.0068
ENSG00000272325,NUDT3,231,0.25203,283,0.39548,150,-0.6608
ENSG00000124614,RPS10,114,-1.0118,197,0.48746,246,0.99951
ENSG00000124507,PACSIN1,220,2.54356,53,-1.7613,29,-2.7592
ENSG00000196821,ILRUN,58,0.48865,32,-0.7599,45,-0.2752
ENSG00000124562,SNRPC,53,-0.4909,53,-0.1720,86,0.68787
ENSG00000064995,TAF11,17,-0.5046,12,-0.6521,30,0.86020
ENSG00000064999,ANKS1A,26,-0.2464,49,0.94859,22,-0.3771
ENSG00000065029,ZNF76,16,-0.9763,52,1.59930,21,0.09682
ENSG00000112033,PPARD,20,-0.7899,68,1.73750,19,-0.4101
ENSG00000198755,RPL10A,247,-1.0297,524,0.81492,497,0.83610
ENSG00000096060,FKBP5,39,-1.8618,270,2.47986,82,0.33323
ENSG00000096063,SRPK1,18,1.08838,11,-0.4984,7,-1.2805
ENSG00000112062,MAPK14,36,0.35897,38,0.18515,23,-0.6486
ENSG00000156711,MAPK13,19,1.08843,22,0.49140,2,-3.0202
ENSG00000096070,BRPF3,29,0.35378,27,-0.0581,21,-0.4580
ENSG00000112078,KCTD20,28,-0.3462,40,0.41828,34,0.21410
ENSG00000112081,SRSF3,132,-0.1276,153,0.19477,140,0.05846
ENSG00000124762,CDKN1A,9,-3.2946,245,4.74217,9,-1.8430
ENSG00000124772,CPNE5,121,2.64078,49,-0.9838,4,-4.6809
ENSG00000198663,C6orf89,66,-0.4656,99,0.50165,87,0.31988
ENSG00000137409,MTCH1,628,0.94489,286,-0.9956,346,-0.7701
ENSG00000065491,TBC1D22B,16,0.69925,14,-0.0425,8,-1.0141
ENSG00000112130,RNF8,37,1.19329,18,-0.8340,15,-1.2076
ENSG00000137200,CMTR1,33,0.00686,49,0.64426,24,-0.4899
ENSG00000198937,CCDC167,23,-0.7398,22,-0.3119,47,1.01919
ENSG00000156639,ZFAND3,45,-0.9846,68,0.27786,101,1.06809
ENSG00000183826,BTBD9,49,1.35691,25,-0.7175,15,-1.5534
ENSG00000124767,GLO1,94,0.20763,83,-0.1393,81,-0.2021
ENSG00000146122,DAAM2,35,-3.2911,171,0.55755,438,3.11155
ENSG00000124596,OARD1,16,-0.5947,14,-0.4175,30,0.89152
ENSG00000137166,FOXP4,21,-0.0842,32,0.60467,18,-0.3048
ENSG00000112561,TFEB,9,-3.1812,77,1.49002,97,2.47993
ENSG00000137218,FRS3,18,0.88059,10,-0.6788,10,-0.8401
ENSG00000214736,TOMM6,114,-0.2746,153,0.38796,130,0.13686
ENSG00000112576,CCND3,90,-0.7059,294,1.75260,74,-0.6047
ENSG00000048544,MRPS10,29,0.05208,28,0.00116,27,-0.0706
ENSG00000024048,UBR2,25,-0.4808,43,0.71387,31,0.19363
ENSG00000124659,TBCC,28,0.57496,13,-0.9696,21,-0.3041
ENSG00000112624,BICRAL,20,0.66620,11,-0.7692,13,-0.5009
ENSG00000146223,RPL7L1,83,0.28747,81,0.04921,61,-0.4338
ENSG00000221821,C6orf226,16,-0.8127,22,0.19915,32,0.90702
ENSG00000137161,CNPY3,35,-1.6903,231,2.57296,54,-0.0720
ENSG00000124587,PEX6,18,-0.6467,17,-0.3777,35,0.93700
ENSG00000112640,PPP2R5D,71,1.05105,52,-0.2559,25,-1.4343
ENSG00000124733,MEA1,89,0.55020,38,-1.1816,72,-0.2046
ENSG00000124702,KLHDC3,327,1.49491,151,-0.8901,98,-1.6474
ENSG00000124541,RRP36,27,0.54191,21,-0.2287,17,-0.6217
ENSG00000137171,KLC4,22,0.18894,13,-0.7133,22,0.07850
ENSG00000112651,MRPL2,38,-0.1420,35,-0.1762,46,0.27044
ENSG00000112658,SRF,24,-0.0162,30,0.34226,22,-0.1961
ENSG00000112659,CUL9,26,0.01815,45,0.89611,16,-0.7978
ENSG00000112667,DNPH1,53,-0.2716,59,0.09897,66,0.30056
ENSG00000146216,TTBK1,33,1.12973,15,-0.9678,15,-1.0378
ENSG00000137221,TJAP1,20,-2.0226,26,-0.5571,111,2.40199
ENSG00000204052,LRRC73,25,2.06441,2,-3.4285,8,-1.4950
ENSG00000171453,POLR1C,20,0.05177,34,0.82756,12,-0.7748
ENSG00000137207,YIPF3,87,-0.3904,137,0.59938,103,0.15160
ENSG00000124571,XPO5,17,-0.1334,25,0.60105,15,-0.2250
ENSG00000096080,MRPS18A,40,0.07222,42,0.10326,36,-0.1598
ENSG00000112715,VEGFA,41,-0.1248,85,1.15824,25,-0.8795
ENSG00000180992,MRPL14,34,-0.1344,26,-0.4537,44,0.37359
ENSG00000137216,TMEM63B,62,0.68024,59,0.09753,28,-1.1160
ENSG00000112759,SLC29A1,17,-0.9113,86,2.56030,4,-2.3208
ENSG00000096384,HSP90AB1,1281,1.02168,624,-0.8836,634,-0.9293
ENSG00000157593,SLC35B2,27,-1.5117,56,0.48131,90,1.55037
ENSG00000178233,TMEM151B,125,2.60647,18,-2.5314,21,-2.3778
ENSG00000096401,CDC5L,30,0.04738,6,-2.2462,41,0.55105
ENSG00000001561,ENPP4,49,-1.0549,41,-0.6736,132,1.45712
ENSG00000112796,ENPP5,44,2.72668,4,-3.0829,7,-2.3433
ENSG00000172348,RCAN2,228,1.05882,37,-2.4914,145,-0.5088
ENSG00000069122,ADGRF5,16,-1.4719,130,3.24217,3,-3.1958
ENSG00000146072,TNFRSF21,61,1.10732,25,-1.0965,29,-0.9435
ENSG00000146085,MMUT,36,0.28963,13,-1.4264,37,0.15995
ENSG00000170915,PAQR8,111,-1.6644,227,0.39621,417,1.74451
ENSG00000096092,TMEM14A,116,1.12035,38,-1.4649,61,-0.8148
ENSG00000170899,GSTA4,56,1.05882,12,-2.0992,34,-0.5758
ENSG00000112144,ICK,13,-1.3052,3,-2.3704,48,1.95030
ENSG00000112146,FBXO9,83,1.32927,33,-1.1512,33,-1.2256
ENSG00000012660,ELOVL5,70,-1.1060,105,0.21484,174,1.23014
ENSG00000001084,GCLC,20,-2.0496,14,-1.4699,118,2.59648
ENSG00000151914,DST,140,-1.4976,304,0.60383,441,1.47822
ENSG00000151917,BEND6,45,1.66279,21,-0.8364,10,-1.9934
ENSG00000112200,ZNF451,32,-0.7672,56,0.59893,55,0.64637
ENSG00000112210,RAB23,21,-0.2860,37,0.80918,20,-0.1728
ENSG00000118482,PHF3,34,-0.7943,50,0.33046,64,0.82429
ENSG00000230910,AL391807.1,33,0.30345,14,-1.1602,32,0.08009
ENSG00000135298,ADGRB3,98,1.89928,31,-1.4230,24,-1.9219
ENSG00000168216,LMBRD1,120,-0.4567,135,0.03464,180,0.56086
ENSG00000082269,FAM135A,20,0.20595,21,0.14813,15,-0.3831
ENSG00000112305,SMAP1,62,1.30662,29,-0.8740,23,-1.3554
ENSG00000112309,B3GAT2,26,-2.0492,83,0.84086,125,1.91684
ENSG00000119900,OGFRL1,152,-0.8894,378,1.16183,234,0.40284
ENSG00000079841,RIMS1,64,1.91340,4,-3.7326,23,-1.2944
ENSG00000185760,KCNQ5,86,3.62505,13,-2.3905,3,-4.3495
ENSG00000156508,EEF1A1,1496,-1.2780,3899,1.04019,3494,0.98655
ENSG00000112695,COX7A2,299,0.44476,124,-1.2375,267,-0.0639
ENSG00000112697,TMEM30A,220,0.39131,134,-0.6720,185,-0.1873
ENSG00000112701,SENP6,56,0.10255,26,-1.1360,66,0.30445
ENSG00000196586,MYO6,42,-1.6979,104,0.68102,155,1.64897
ENSG00000146247,PHIP,31,-1.3736,86,1.10630,77,1.05369
ENSG00000118418,HMGN3,89,-0.5590,86,-0.2491,154,0.79494
ENSG00000198478,SH3BGRL2,70,2.28125,17,-1.7485,12,-2.3160
ENSG00000118402,ELOVL4,55,3.43106,2,-4.2529,6,-2.9274
ENSG00000083123,BCKDHB,16,-0.5050,4,-2.0707,33,1.10953
ENSG00000005700,IBTK,21,-0.9256,45,0.89023,37,0.65810
ENSG00000083097,DOP1A,24,0.21554,20,-0.2291,21,-0.1640
ENSG00000013375,PGM3,20,-0.4586,24,0.16071,29,0.50330
ENSG00000013392,RWDD2A,22,1.31102,12,-0.6224,7,-1.5552
ENSG00000065833,ME1,29,0.93754,6,-2.0621,19,-0.4447
ENSG00000065609,SNAP91,274,2.75825,67,-1.7471,27,-3.2014
ENSG00000203877,RIPPLY2,16,0.89543,0,-6.5978,13,-0.1512
ENSG00000135324,MRAP2,71,4.53627,1,-5.3334,3,-4.0289
ENSG00000135317,SNX14,43,0.11756,48,0.22500,35,-0.3076
ENSG00000135316,SYNCRIP,66,-0.2674,126,0.97223,56,-0.3669
ENSG00000203875,SNHG5,30,-2.1622,139,1.42268,136,1.67612
ENSG00000188994,ZNF292,28,-0.0390,35,0.37265,25,-0.1851
ENSG00000164414,SLC35A1,31,0.22073,28,-0.0698,25,-0.2606
ENSG00000135336,ORC3,22,0.26850,14,-0.5791,20,-0.0703
ENSG00000135334,AKIRIN2,72,0.73637,49,-0.4147,40,-0.7890
ENSG00000118432,CNR1,59,2.49655,17,-1.5200,7,-2.9152
ENSG00000111880,RNGTT,17,0.28525,17,0.04374,13,-0.4267
ENSG00000146278,PNRC1,50,-1.2979,179,1.59035,96,0.57180
ENSG00000198833,UBE2J1,28,-0.8051,84,1.53508,32,-0.1057
ENSG00000025039,RRAGD,24,-0.3557,35,0.48881,28,0.18073
ENSG00000135299,ANKRD6,39,1.78647,18,-0.7938,7,-2.2883
ENSG00000083099,LYRM2,29,-0.3898,36,0.21573,40,0.38908
ENSG00000112159,MDN1,26,-0.4279,32,0.20205,36,0.44426
ENSG00000135341,MAP3K7,36,-0.1219,31,-0.2482,43,0.27717
ENSG00000172461,FUT9,90,1.14551,33,-1.2694,44,-0.9198
ENSG00000014123,UFL1,21,-0.7197,7,-1.9286,49,1.31596
ENSG00000123545,NDUFAF4,62,1.66474,5,-3.4583,26,-1.0528
ENSG00000186231,KLHL32,21,-2.1773,10,-2.1526,141,2.79775
ENSG00000184486,POU3F2,36,0.14193,11,-1.6886,43,0.37376
ENSG00000146267,FAXC,52,3.80276,2,-4.2537,4,-3.3761
ENSG00000132424,PNISR,66,-0.5650,150,1.15803,72,-0.0733
ENSG00000112237,CCNC,31,1.20884,0,-7.3732,20,-0.4612
ENSG00000164418,GRIK2,27,1.69029,21,-0.0859,2,-3.5999
ENSG00000085382,HACE1,30,0.27076,32,0.15059,22,-0.4826
ENSG00000132429,POPDC3,18,-0.0206,9,-0.9521,22,0.39744
ENSG00000085377,PREP,31,2.21106,8,-1.6635,5,-2.2604
ENSG00000057663,ATG5,26,2.01313,5,-2.0309,7,-1.7713
ENSG00000130349,MTRES1,16,0.42307,2,-2.8692,17,0.21510
ENSG00000112320,SOBP,64,1.24100,6,-3.1320,37,-0.6288
ENSG00000025796,SEC63,39,-0.6988,73,0.78649,58,0.43703
ENSG00000081087,OSTM1,35,0.05480,64,1.01537,18,-1.0469
ENSG00000112335,SNX3,249,0.37418,107,-1.2000,234,0.00845
ENSG00000118689,FOXO3,96,0.43555,102,0.21983,55,-0.8059
ENSG00000080546,SESN1,65,1.32463,20,-1.5149,28,-1.0584
ENSG00000135535,CD164,66,-0.8038,145,0.97706,102,0.43621
ENSG00000135596,MICAL1,18,-1.2744,102,2.54785,14,-0.8962
ENSG00000112367,FIG4,27,0.84614,13,-0.8829,15,-0.6887
ENSG00000112290,WASF1,275,3.11744,13,-4.0821,40,-2.5918
ENSG00000168438,CDC40,41,1.34039,3,-3.4210,23,-0.7080
ENSG00000155111,CDK19,32,-1.6934,31,-0.7925,144,2.13255
ENSG00000123505,AMD1,100,-0.4238,32,-1.8435,185,0.99924
ENSG00000155115,GTF3C6,39,-0.9791,79,0.76250,76,0.80735
ENSG00000197498,RPF2,19,-0.0217,24,0.42378,16,-0.2499
ENSG00000010810,FYN,111,-0.1713,127,0.16250,124,0.13595
ENSG00000074935,TUBE1,14,-0.9862,30,0.76580,29,0.81386
ENSG00000203778,FAM229B,34,-0.6605,31,-0.3489,65,0.94313
ENSG00000277443,MARCKS,209,0.11949,228,0.17557,174,-0.2753
ENSG00000196591,HDAC2,58,0.22428,22,-1.4347,64,0.23514
ENSG00000178425,NT5DC1,15,-2.2174,42,0.56886,83,2.20684
ENSG00000187189,TSPYL4,216,1.92996,76,-1.2583,47,-2.0941
ENSG00000189241,TSPYL1,679,2.86482,89,-2.6560,95,-2.6876
ENSG00000111832,RWDD1,38,-0.9602,102,1.26254,60,0.41320
ENSG00000196911,KPNA5,33,0.39014,32,0.06356,22,-0.5999
ENSG00000047932,GOPC,59,0.55735,28,-0.9812,46,-0.2782
ENSG00000153989,NUS1,48,0.56744,34,-0.3725,31,-0.5694
ENSG00000196376,SLC35F1,108,1.41116,60,-0.6315,31,-1.7260
ENSG00000111875,ASF1A,27,-0.1207,10,-1.4559,38,0.61916
ENSG00000111879,FAM184A,25,0.93236,24,0.15964,7,-1.7064
ENSG00000111885,MAN1A1,24,-0.2295,83,2.10255,0,-5.4786
ENSG00000152661,GJA1,413,-0.0066,605,0.61847,319,-0.4424
ENSG00000025156,HSF2,17,0.65581,0,-6.6733,16,0.08996
ENSG00000111897,SERINC1,709,0.50703,240,-1.5303,628,-0.0638
ENSG00000164434,FABP7,102,1.64777,32,-1.4428,32,-1.5310
ENSG00000146352,CLVS2,70,3.69437,3,-4.1445,6,-3.2692
ENSG00000188580,NKAIN2,76,-0.1433,16,-2.3540,118,0.76188
ENSG00000111907,TPD52L1,49,0.32178,21,-1.2070,48,0.07115
ENSG00000111906,HDDC2,77,0.08027,35,-1.1637,91,0.33639
ENSG00000111912,NCOA7,115,0.64366,30,-1.8773,95,-0.1478
ENSG00000111911,HINT3,99,0.02640,68,-0.5897,113,0.23053
ENSG00000118518,RNF146,62,-0.0627,45,-0.5251,75,0.31409
ENSG00000093144,ECHDC1,32,-0.5277,18,-1.0754,60,0.98583
ENSG00000189367,KIAA0408,92,1.44938,36,-1.1318,32,-1.4115
ENSG00000152894,PTPRK,62,-0.0173,32,-1.0100,78,0.40884
ENSG00000079819,EPB41L2,49,-1.5632,160,1.25016,139,1.17103
ENSG00000118507,AKAP7,20,0.29726,22,0.21193,13,-0.5723
ENSG00000112282,MED23,17,-0.8558,36,0.87620,29,0.57889
ENSG00000118523,CCN2,65,-0.5961,236,2.02331,29,-1.5016
ENSG00000079931,MOXD1,25,1.79584,7,-1.5962,7,-1.6656
ENSG00000079950,STX7,98,0.00500,89,-0.1617,103,0.07784
ENSG00000146409,SLC18B1,39,-0.4945,79,0.98291,43,-0.0111
ENSG00000112306,RPS12,508,-1.4183,689,-0.1125,1694,1.68001
ENSG00000028839,TBPL1,49,1.72371,0,-6.3129,22,-0.9887
ENSG00000118515,SGK1,38,-3.4907,433,1.86323,439,2.40995
ENSG00000112339,HBS1L,38,-1.6825,13,-2.2876,179,2.32097
ENSG00000135541,AHI1,42,1.06077,11,-1.7296,24,-0.6625
ENSG00000171408,PDE7B,17,1.94458,0,-6.5079,6,-1.2093
ENSG00000029363,BCLAF1,87,-0.0090,89,0.03179,87,-0.0057
ENSG00000260418,AL023284.4,16,-1.1569,12,-0.8911,48,1.61034
ENSG00000135525,MAP7,37,-2.1266,39,-0.9467,228,2.58572
ENSG00000197442,MAP3K5,31,-0.6144,91,1.59134,26,-0.5326
ENSG00000027697,IFNGR1,30,-1.9958,223,2.56500,68,0.40658
ENSG00000112379,ARFGEF3,72,-0.1719,8,-3.1960,118,0.85143
ENSG00000051620,HEBP2,30,0.62048,37,0.49904,10,-1.5124
ENSG00000024862,CCDC28A,45,1.26445,21,-0.8834,17,-1.2844
ENSG00000135597,REPS1,41,0.72952,15,-1.3462,29,-0.3713
ENSG00000146386,ABRACL,25,1.14969,25,0.27388,4,-2.5434
ENSG00000112406,HECA,33,0.26639,36,0.22975,23,-0.5382
ENSG00000164442,CITED2,41,3.06346,9,-1.7786,2,-3.9056
ENSG00000009844,VTA1,56,0.61206,32,-0.7316,39,-0.4464
ENSG00000010818,HIVEP2,91,1.68391,23,-1.7565,30,-1.4386
ENSG00000146416,AIG1,67,0.10035,58,-0.1977,65,-0.0279
ENSG00000001036,FUCA2,12,-1.5366,35,1.02092,37,1.29187
ENSG00000169976,SF3B5,76,-0.3483,83,0.01799,104,0.43644
ENSG00000152818,UTRN,20,-1.2381,90,2.08124,26,-0.0969
ENSG00000164506,STXBP5,90,2.01653,26,-1.5385,20,-2.0317
ENSG00000111961,SASH1,65,-0.6803,101,0.44851,107,0.62538
ENSG00000055208,TAB2,39,0.05292,65,0.85442,24,-0.8114
ENSG00000131013,PPIL4,12,-1.1216,27,0.87111,26,0.91097
ENSG00000055211,GINM1,28,-1.0722,59,0.80514,58,0.89314
ENSG00000131023,LATS1,31,0.94166,1,-3.9277,23,-0.2568
ENSG00000120265,PCMT1,161,0.89299,48,-1.6283,106,-0.4892
ENSG00000120256,LRP11,75,1.43907,16,-2.0339,33,-1.0378
ENSG00000198729,PPP1R14C,37,3.24268,4,-2.7840,3,-3.1884
ENSG00000131016,AKAP12,87,0.65339,120,0.70001,22,-1.9960
ENSG00000155906,RMND1,16,0.47053,20,0.45179,7,-1.1214
ENSG00000146476,ARMT1,26,1.46945,4,-2.3360,11,-1.0024
ENSG00000131018,SYNE1,116,1.62344,79,-0.2698,16,-2.7527
ENSG00000112031,MTRF1L,24,0.73421,12,-0.8357,15,-0.5610
ENSG00000074706,IPCEF1,141,2.61058,51,-1.1479,8,-3.8997
ENSG00000213079,SCAF8,30,-0.0126,50,0.82491,20,-0.6508
ENSG00000146426,TIAM2,53,3.73359,1,-5.1593,5,-3.1376
ENSG00000049618,ARID1B,49,0.54536,21,-1.1686,40,-0.2027
ENSG00000215712,TMEM242,43,0.50164,38,-0.0585,26,-0.6802
ENSG00000175048,ZDHHC14,46,0.24194,30,-0.5882,43,-0.0334
ENSG00000130340,SNX9,31,-0.5980,44,0.32260,49,0.59211
ENSG00000078269,SYNJ2,41,-1.2984,7,-3.0440,148,1.98400
ENSG00000272047,GTF2H5,42,-0.8079,45,-0.1816,88,1.05118
ENSG00000130338,TULP4,62,-0.4841,47,-0.5675,106,0.81339
ENSG00000146433,TMEM181,71,0.51347,34,-0.9838,57,-0.2233
ENSG00000146425,DYNLT1,20,-1.2473,33,0.28072,55,1.35644
ENSG00000092820,EZR,112,-1.2044,402,1.65649,187,0.37640
ENSG00000112096,SOD2,270,0.32490,419,0.81058,113,-1.3306
ENSG00000146457,WTAP,50,0.12936,56,0.20030,41,-0.3072
ENSG00000120437,ACAT2,33,0.56559,13,-1.3008,27,-0.1888
ENSG00000120438,TCP1,121,0.15898,94,-0.3466,116,-0.0322
ENSG00000112110,MRPL18,55,0.04656,13,-2.1357,73,0.53938
ENSG00000197081,IGF2R,11,-1.5434,63,2.30963,18,0.08549
ENSG00000085511,MAP3K4,31,1.28788,13,-1.0873,12,-1.2001
ENSG00000026652,AGPAT4,30,-1.9619,49,-0.1341,150,2.22844
ENSG00000112531,QKI,270,-2.4408,737,0.33871,1833,2.50826
ENSG00000176381,PRR18,35,-3.1380,30,-2.0022,459,3.70272
ENSG00000198818,SFT2D1,45,-1.2726,2,-4.6845,162,2.00509
ENSG00000060762,MPC1,76,-1.1585,13,-3.0819,249,1.84536
ENSG00000071242,RPS6KA2,61,-0.9071,101,0.47745,120,0.88286
ENSG00000026297,RNASET2,23,-3.1983,560,4.39628,40,-1.0509
ENSG00000130396,AFDN,49,0.21099,29,-0.7560,49,0.06671
ENSG00000186340,THBS2,15,-2.3577,16,-1.0879,112,2.83260
ENSG00000185127,C6orf120,18,0.80083,0,-6.7152,15,-0.0553
ENSG00000130024,PHF10,43,-0.7125,57,0.19363,77,0.79295
ENSG00000112584,FAM120B,42,0.82845,13,-1.6000,29,-0.4201
ENSG00000008018,PSMB1,93,-0.7191,136,0.34181,163,0.72928
ENSG00000071994,PDCD2,26,-0.0980,32,0.30562,26,-0.0529
ENSG00000177706,FAM20C,32,-1.8387,252,2.85949,45,-0.3061
ENSG00000197461,PDGFA,27,-1.0101,83,1.46469,41,0.29295
ENSG00000188191,PRKAR1B,757,2.77753,199,-1.6363,66,-3.3948
ENSG00000164828,SUN1,71,0.10146,70,0.01977,64,-0.1490
ENSG00000105963,ADAP1,115,-0.2390,72,-0.7974,168,0.60333
ENSG00000146540,C7orf50,93,-0.2032,124,0.39950,98,0.03070
ENSG00000178381,ZFAND2A,33,0.17533,26,-0.3141,31,-0.0686
ENSG00000164877,MICALL2,26,-0.3903,33,0.24933,35,0.37157
ENSG00000164880,INTS1,100,0.11490,132,0.49353,72,-0.5246
ENSG00000198517,MAFK,35,-0.0202,31,-0.1885,37,0.12301
ENSG00000157778,PSMG3,56,1.30593,8,-2.5782,29,-0.7708
ENSG00000002822,MAD1L1,22,0.17005,23,0.13602,18,-0.3215
ENSG00000122687,MRM2,18,0.27234,0,-5.7967,23,0.46817
ENSG00000106263,EIF3B,62,-0.7752,169,1.39306,74,0.01052
ENSG00000136213,CHST12,22,0.31622,31,0.67341,10,-1.1001
ENSG00000106009,BRAT1,23,-0.8067,54,1.08267,34,0.35530
ENSG00000106012,IQCE,23,0.50975,16,-0.4643,16,-0.4383
ENSG00000136295,TTYH3,91,0.69232,122,0.64053,24,-1.9752
ENSG00000146535,GNA12,38,-1.2625,121,1.39802,77,0.69840
ENSG00000164916,FOXK1,36,-0.0562,40,0.18383,35,-0.0320
ENSG00000242802,AP5Z1,23,-0.6149,43,0.79207,31,0.32037
ENSG00000157954,WIPI2,87,-0.0228,75,-0.2282,94,0.14477
ENSG00000164638,SLC29A4,23,2.68942,2,-3.3148,4,-2.2378
ENSG00000182095,TNRC18,38,0.11082,78,1.21595,14,-1.5785
ENSG00000155034,FBXL18,23,0.64634,8,-1.4058,18,-0.2558
ENSG00000075624,ACTB,2591,-0.1233,4031,0.67956,2218,-0.3105
ENSG00000075618,FSCN1,164,-1.4194,217,-0.1604,553,1.69620
ENSG00000011275,RNF216,30,-0.4513,63,1.07043,30,-0.1652
ENSG00000122674,CCZ1,13,-0.5576,17,0.18652,21,0.61163
ENSG00000122512,PMS2,46,0.23828,37,-0.2950,40,-0.1604
ENSG00000086232,EIF2AK1,59,-0.0156,48,-0.3237,66,0.17800
ENSG00000008256,CYTH3,35,-0.2668,93,1.53554,18,-1.2369
ENSG00000136238,RAC1,314,-0.4254,443,0.41023,411,0.32404
ENSG00000164535,DAGLB,37,-0.3291,104,1.62456,18,-1.2663
ENSG00000136240,KDELR2,49,-1.0284,132,1.20932,86,0.55096
ENSG00000136247,ZDHHC4,25,-0.2690,28,0.06553,31,0.31436
ENSG00000146576,C7orf26,24,-0.5138,35,0.40327,35,0.44226
ENSG00000236609,ZNF853,22,-1.2338,37,0.33266,60,1.31979
ENSG00000205903,ZNF316,22,-0.5347,33,0.47608,31,0.42596
ENSG00000164631,ZNF12,18,-0.0213,19,0.09545,18,-0.0260
ENSG00000146574,CCZ1B,17,0.48921,2,-2.7856,17,0.13848
ENSG00000106392,C1GALT1,18,-1.2775,20,-0.3301,56,1.60001
ENSG00000164654,MIOS,16,0.86329,0,-6.5947,13,-0.1189
ENSG00000106399,RPA3,19,-0.3605,5,-2.0992,34,0.96250
ENSG00000219545,UMAD1,25,0.80569,8,-1.4271,17,-0.4396
ENSG00000106415,GLCCI1,32,1.29100,9,-1.5949,15,-0.9865
ENSG00000003147,ICA1,35,2.79957,12,-1.1710,1,-4.6811
ENSG00000189043,NDUFA4,893,1.00842,249,-1.7218,541,-0.6021
ENSG00000106443,PHF14,55,0.95222,24,-1.0394,30,-0.7606
ENSG00000106460,TMEM106B,91,-0.1545,80,-0.2474,112,0.31680
ENSG00000122644,ARL4A,24,0.46130,43,1.05153,5,-2.3280
ENSG00000006468,ETV1,50,0.84518,53,0.30385,15,-1.7292
ENSG00000136267,DGKB,44,4.66588,0,-5.3414,2,-4.1816
ENSG00000106524,ANKMY2,32,1.17997,2,-3.3530,19,-0.5432
ENSG00000136261,BZW2,32,1.07216,17,-0.7092,14,-1.1036
ENSG00000106537,TSPAN13,118,3.61259,8,-3.5681,10,-3.3461
ENSG00000071189,SNX13,39,-0.0014,36,-0.1345,41,0.07270
ENSG00000048052,HDAC9,33,0.98380,3,-3.3677,24,-0.3348
ENSG00000105855,ITGB8,72,-0.7878,94,0.13326,141,0.90722
ENSG00000136237,RAPGEF5,142,-0.7630,43,-2.0489,340,1.37300
ENSG00000196683,TOMM7,380,-0.2317,343,-0.2344,498,0.40530
ENSG00000122550,KLHL7,42,1.08151,1,-4.6935,29,-0.3705
ENSG00000136243,NUP42,23,0.10785,24,0.12333,20,-0.2231
ENSG00000136235,GPNMB,13,-2.8670,284,4.75854,0,-6.7200
ENSG00000156928,MALSU1,27,-0.1905,19,-0.5643,37,0.47790
ENSG00000164548,TRA2A,47,-0.5920,69,0.39114,73,0.54779
ENSG00000188732,FAM221A,23,-0.7697,3,-3.0644,59,1.45261
ENSG00000105926,MPP6,38,1.59069,25,-0.2830,5,-2.6248
ENSG00000070882,OSBPL3,18,-0.0969,42,1.37666,8,-1.3514
ENSG00000172115,CYCS,251,1.05754,100,-1.1822,131,-0.8396
ENSG00000122566,HNRNPA2B1,335,-0.4350,331,-0.1636,514,0.61906
ENSG00000122565,CBX3,89,0.24662,63,-0.4712,81,-0.0883
ENSG00000086300,SNX10,133,3.63095,24,-2.1466,4,-4.9182
ENSG00000005020,SKAP2,32,0.61970,39,0.51993,11,-1.5449
ENSG00000106049,HIBADH,18,-0.3398,14,-0.5276,27,0.63824
ENSG00000106052,TAX1BP1,102,0.10053,85,-0.2608,101,0.00267
ENSG00000153814,JAZF1,60,2.02970,8,-2.5494,17,-1.6223
ENSG00000146592,CREB5,9,-3.2355,19,-0.7628,123,3.55902
ENSG00000255690,TRIL,53,-0.6024,38,-0.7278,102,0.98750
ENSG00000122574,WIPF3,50,1.65977,40,-0.0270,3,-3.7079
ENSG00000136193,SCRN1,172,0.34912,75,-1.1740,165,0.03068
ENSG00000180354,MTURN,446,-1.4412,313,-1.1377,1663,1.94486
ENSG00000006625,GGCT,43,2.04053,10,-1.7492,10,-1.9425
ENSG00000106105,GARS,73,1.20665,30,-1.0794,32,-1.0889
ENSG00000240583,AQP1,7,-5.7324,152,0.41311,542,4.50641
ENSG00000078549,ADCYAP1R1,74,-0.5680,178,1.25815,75,-0.1768
ENSG00000164600,NEUROD6,78,6.36755,2,-4.8040,0,-7.8619
ENSG00000154678,PDE1C,21,-2.5890,35,-0.5815,179,2.93944
ENSG00000106355,LSM5,29,-0.6178,40,0.27645,48,0.64002
ENSG00000105778,AVL9,57,1.00578,38,-0.3770,23,-1.2423
ENSG00000170852,KBTBD2,35,-0.3232,35,-0.1113,48,0.46408
ENSG00000122642,FKBP9,45,0.56020,65,0.74544,13,-1.8207
ENSG00000122643,NT5C3A,19,1.00874,9,-0.8350,9,-0.9368
ENSG00000164610,RP9,17,-0.2027,24,0.45254,18,-0.0069
ENSG00000164619,BMPER,23,5.52130,1,-3.7937,0,-7.8843
ENSG00000173852,DPY19L1,65,2.00978,25,-1.1030,11,-2.3889
ENSG00000122557,HERPUD2,24,-0.5025,25,-0.0813,38,0.66538
ENSG00000227544,AC018647.1,9,-3.7238,1,-4.6589,182,4.43839
ENSG00000122545,SEPTIN7,435,-0.7207,355,-0.5709,898,1.07502
ENSG00000011426,ANLN,34,-3.6482,23,-2.7556,639,4.26213
ENSG00000155849,ELMO1,164,0.47304,31,-2.3816,162,0.11403
ENSG00000086289,EPDR1,111,3.31064,0,-9.0012,16,-2.5637
ENSG00000010270,STARD3NL,64,0.89808,10,-2.5806,46,-0.3204
ENSG00000078053,AMPH,196,3.41810,26,-2.5918,14,-3.6347
ENSG00000006715,VPS41,88,0.34951,101,0.32900,52,-0.7628
ENSG00000006451,RALA,40,-0.2132,37,-0.1959,51,0.36674
ENSG00000065883,CDK13,30,-0.5856,66,1.06066,36,0.05469
ENSG00000168303,MPLKIP,22,-0.5021,15,-0.6861,39,0.86668
ENSG00000106588,PSMA2,59,-0.5638,47,-0.5489,107,0.89665
ENSG00000106591,MRPL32,34,0.90825,8,-1.9843,23,-0.4265
ENSG00000002746,HECW1,48,5.05427,0,-7.8879,2,-4.3556
ENSG00000106603,COA1,29,0.12077,12,-1.3149,33,0.32540
ENSG00000106605,BLVRA,39,0.52114,23,-0.6657,29,-0.3567
ENSG00000062582,MRPS24,72,0.12555,64,-0.1314,66,-0.0957
ENSG00000106608,URGCP,38,0.50891,22,-0.7108,29,-0.3214
ENSG00000078967,UBE2D4,30,-0.1801,25,-0.3483,38,0.38857
ENSG00000136279,DBNL,70,-0.3438,113,0.65809,77,0.04172
ENSG00000106624,AEBP1,16,-2.7486,263,3.65356,37,-0.2362
ENSG00000106628,POLD2,25,-1.1319,53,0.73958,57,1.00219
ENSG00000106636,YKT6,65,0.14494,43,-0.5881,66,0.08631
ENSG00000058404,CAMK2B,541,2.39447,193,-1.2027,57,-3.1191
ENSG00000015676,NUDCD3,199,0.99108,121,-0.5503,90,-1.0854
ENSG00000136271,DDX56,33,-0.2451,45,0.39015,37,0.09514
ENSG00000158604,TMED4,75,-0.4451,102,0.33942,102,0.39125
ENSG00000105953,OGDH,105,-0.0470,124,0.24735,101,-0.0857
ENSG00000122515,ZMIZ2,85,0.09186,104,0.34724,68,-0.3619
ENSG00000196262,PPIA,1410,0.42071,635,-1.1200,1262,-0.0685
ENSG00000105968,H2AFV,159,-0.0732,112,-0.5661,195,0.34095
ENSG00000146676,PURB,64,0.49812,54,-0.1405,41,-0.6159
ENSG00000232956,SNHG15,17,-0.4320,18,-0.0432,26,0.56563
ENSG00000136280,CCM2,106,0.95042,34,-1.5263,65,-0.5857
ENSG00000136274,NACAD,63,-1.2989,43,-1.1086,213,1.79604
ENSG00000136270,TBRG4,35,-0.2301,55,0.66218,34,-0.1293
ENSG00000164742,ADCY1,282,3.17628,41,-2.4716,26,-3.2962
ENSG00000146674,IGFBP3,29,-0.6249,112,2.13336,11,-1.7626
ENSG00000136205,TNS3,48,-0.4186,170,2.04340,12,-2.3419
ENSG00000183696,UPP1,23,-0.6429,99,2.30267,5,-2.4555
ENSG00000106070,GRB10,31,-0.0561,28,-0.1904,35,0.16941
ENSG00000106078,COBL,88,-0.8433,24,-2.2632,224,1.47466
ENSG00000170419,VSTM2A,64,3.20381,14,-1.8245,3,-4.2367
ENSG00000132432,SEC61G,60,-0.2642,23,-1.5236,96,0.78517
ENSG00000146648,EGFR,27,1.06493,13,-0.9087,13,-0.9772
ENSG00000132434,LANCL2,70,0.87788,23,-1.4808,45,-0.5111
ENSG00000154978,VOPP1,88,0.31111,125,0.64172,45,-1.0464
ENSG00000146729,NIPSNAP2,91,0.35953,84,-0.0253,64,-0.4888
ENSG00000239789,MRPS17,34,1.14039,12,-1.2668,16,-0.9141
ENSG00000146733,PSPH,12,-0.4247,0,-6.5231,25,1.17261
ENSG00000146731,CCT6A,76,0.21806,56,-0.4217,70,-0.0738
ENSG00000129103,SUMF2,30,-1.2709,121,1.83066,49,0.28160
ENSG00000106153,CHCHD2,340,-0.0458,221,-0.6864,416,0.34881
ENSG00000173041,ZNF680,16,0.40849,4,-1.9057,16,0.11792
ENSG00000196715,VKORC1L1,45,0.18888,28,-0.6745,45,0.06472
ENSG00000241258,CRCP,19,0.36757,2,-2.8433,20,0.27110
ENSG00000169902,TPST1,25,-0.1419,45,0.89446,19,-0.4984
ENSG00000154710,RABGEF1,34,-0.3956,26,-0.5387,54,0.70524
ENSG00000272831,AC027644.3,16,-1.3009,10,-1.2193,55,1.81651
ENSG00000106609,TMEM248,83,-0.3828,127,0.55270,100,0.17421
ENSG00000126524,SBDS,106,-0.9277,78,-0.8058,263,1.35389
ENSG00000158321,AUTS2,30,-0.2905,23,-0.5217,44,0.57975
ENSG00000185274,GALNT17,166,2.93453,36,-1.9097,14,-3.3846
ENSG00000183166,CALN1,32,2.20642,2,-3.7290,9,-1.6145
ENSG00000196313,POM121,42,0.44423,45,0.24517,23,-0.8449
ENSG00000130305,NSUN5,25,-1.1660,55,0.83297,56,0.98685
ENSG00000009954,BAZ1B,36,-1.0873,53,0.21393,88,1.20990
ENSG00000106635,BCL7B,55,0.54551,46,-0.1553,34,-0.6771
ENSG00000176410,DNAJC30,32,1.80203,2,-3.5430,12,-1.1929
ENSG00000071462,BUD23,44,-0.3380,67,0.55983,51,0.10697
ENSG00000106089,STX1A,293,2.90086,49,-2.2905,34,-2.9593
ENSG00000106683,LIMK1,96,1.92348,47,-0.7558,14,-2.6561
ENSG00000106682,EIF4H,255,0.07490,152,-0.7808,287,0.23706
ENSG00000106665,CLIP2,118,-0.6529,188,0.51252,185,0.55469
ENSG00000263001,GTF2I,338,-0.3572,284,-0.3867,507,0.61130
ENSG00000274070,CASTOR2,72,0.57682,50,-0.4412,48,-0.5433
ENSG00000274523,RCC1L,25,-0.6397,52,0.94252,33,0.23743
ENSG00000272391,POM121C,38,0.26878,48,0.43005,24,-0.7232
ENSG00000127946,HIP1,8,-3.5844,64,1.16182,112,2.97060
ENSG00000005486,RHBDD2,399,1.27469,168,-1.0633,163,-1.1940
ENSG00000127948,POR,48,-0.3540,98,1.05071,43,-0.3056
ENSG00000189077,TMEM120A,26,-0.8897,69,1.26801,38,0.30900
ENSG00000146701,MDH2,155,0.46188,105,-0.4823,116,-0.3645
ENSG00000177679,SRRM3,36,2.43120,13,-1.1416,3,-3.3279
ENSG00000106211,HSPB1,231,-1.0541,613,1.19043,415,0.60011
ENSG00000170027,YWHAG,955,2.42042,152,-2.3915,191,-2.1794
ENSG00000127947,PTPN12,25,-0.9939,92,1.83853,28,-0.1786
ENSG00000187257,RSBN1L,25,0.18370,31,0.40888,17,-0.5597
ENSG00000006576,PHTF2,16,0.03473,9,-0.8586,19,0.30766
ENSG00000187391,MAGI2,59,0.13320,27,-1.1826,68,0.28104
ENSG00000234456,MAGI2-AS3,31,-0.7678,11,-1.7597,73,1.34620
ENSG00000127955,GNAI1,69,-1.4730,14,-2.9738,281,2.15537
ENSG00000075223,SEMA3C,28,-0.0885,2,-3.8346,44,0.79384
ENSG00000153956,CACNA2D1,92,1.72982,2,-5.3069,40,-1.0152
ENSG00000186472,PCLO,126,1.89413,72,-0.5316,15,-3.0047
ENSG00000198822,GRM3,107,-0.6214,30,-2.1035,233,1.23294
ENSG00000164659,KIAA1324L,20,-1.7212,1,-4.9273,100,2.45701
ENSG00000135164,DMTF1,30,-0.6373,44,0.41457,47,0.59102
ENSG00000182165,TP53TG1,13,-1.2397,14,-0.3308,40,1.56093
ENSG00000105784,RUNDC3B,39,1.97276,28,-0.1373,0,-5.8400
ENSG00000075303,SLC25A40,18,0.38465,12,-0.4975,15,-0.2549
ENSG00000008277,ADAM22,69,1.52647,13,-2.2339,29,-1.0926
ENSG00000075142,SRI,215,0.43909,164,-0.3068,156,-0.4266
ENSG00000157214,STEAP2,47,3.73177,8,-2.2550,1,-4.9923
ENSG00000157224,CLDN12,41,2.99635,0,-7.7140,7,-2.2575
ENSG00000058091,CDK14,131,3.41329,15,-2.8317,11,-3.4337
ENSG00000127914,AKAP9,46,0.19826,37,-0.2618,41,-0.1242
ENSG00000001630,CYP51A1,102,-0.0212,48,-1.1736,132,0.45273
ENSG00000001629,ANKIB1,27,-1.5924,27,-0.6988,111,2.01210
ENSG00000157259,GATAD1,23,-0.3577,27,0.09962,32,0.40864
ENSG00000127993,RBM48,20,0.29276,1,-4.0354,24,0.41294
ENSG00000234545,FAM133B,27,-0.0405,40,0.62786,22,-0.3958
ENSG00000004766,VPS50,34,1.62635,0,-7.5481,16,-0.8794
ENSG00000127920,GNG11,24,-1.5470,196,3.24181,7,-2.5428
ENSG00000127995,CASD1,83,1.04935,16,-2.2024,52,-0.5455
ENSG00000127990,SGCE,36,-0.5412,11,-1.9283,73,1.13159
ENSG00000242265,PEG10,79,0.43999,12,-2.6894,81,0.18159
ENSG00000158528,PPP1R9A,81,1.22232,17,-2.0359,43,-0.7788
ENSG00000105854,PON2,172,-0.5822,280,0.58244,246,0.42122
ENSG00000004799,PDK4,29,-2.3304,40,-0.6709,203,2.72142
ENSG00000158560,DYNC1I1,134,2.44131,13,-3.0996,30,-1.9878
ENSG00000127922,SEM1,90,-0.5873,81,-0.3667,163,0.86703
ENSG00000164715,LMTK2,67,2.27236,7,-2.8522,17,-1.8418
ENSG00000205356,TECPR1,41,0.95423,17,-1.1040,23,-0.7361
ENSG00000164713,BRI3,100,-0.9311,270,1.29009,151,0.34752
ENSG00000106236,NPTX2,70,1.94697,12,-2.2522,21,-1.6049
ENSG00000166448,TMEM130,342,3.04630,63,-2.1394,30,-3.3568
ENSG00000196367,TRRAP,25,-0.5319,66,1.40820,22,-0.4270
ENSG00000198742,SMURF1,31,0.15261,35,0.24218,24,-0.3727
ENSG00000241685,ARPC1A,135,0.37118,70,-0.9099,121,-0.0747
ENSG00000130429,ARPC1B,9,-3.3616,287,5.03025,5,-2.9301
ENSG00000106244,PDAP1,82,-0.2728,98,0.19660,99,0.24958
ENSG00000106245,BUD31,51,-0.4227,53,-0.0829,76,0.57150
ENSG00000160917,CPSF4,25,-0.5130,49,0.93036,29,0.06408
ENSG00000241468,ATP5MF,362,0.91169,168,-0.9742,204,-0.7352
ENSG00000197343,ZNF655,39,-0.0138,34,-0.1914,41,0.11629
ENSG00000106261,ZKSCAN1,48,-0.9706,89,0.61041,97,0.88615
ENSG00000168090,COPS6,108,0.02162,95,-0.2004,112,0.07520
ENSG00000166508,MCM7,15,-1.9481,23,-0.2390,78,2.24630
ENSG00000106290,TAF6,45,0.81913,34,-0.2288,21,-1.0542
ENSG00000188186,LAMTOR4,144,-0.7851,184,0.10006,282,0.91815
ENSG00000146826,MAP11,26,0.03865,46,0.94143,15,-0.9011
ENSG00000239521,CASTOR3,61,-0.4964,50,-0.4782,105,0.80030
ENSG00000121716,PILRB,29,-0.4473,56,0.89806,32,-0.0055
ENSG00000146834,MEPCE,33,-0.6057,50,0.43562,51,0.53986
ENSG00000160813,PPP1R35,26,0.08356,41,0.77070,16,-0.7649
ENSG00000166925,TSC22D4,352,-1.7842,589,0.00643,1524,2.01021
ENSG00000166924,NYAP1,26,2.49917,0,-4.8696,6,-1.8308
ENSG00000106351,AGFG2,14,-1.3230,32,0.76471,37,1.20555
ENSG00000106330,MOSPD3,15,-0.6478,13,-0.4405,28,0.95761
ENSG00000077080,ACTL6B,62,2.99133,12,-1.9905,5,-3.4093
ENSG00000172354,GNB2,200,0.11579,309,0.74665,122,-0.7966
ENSG00000146830,GIGYF1,28,0.30791,26,-0.0512,21,-0.3959
ENSG00000172336,POP7,49,0.83581,10,-2.2030,36,-0.3059
ENSG00000146828,SLC12A9,21,-1.5017,55,0.91201,62,1.31885
ENSG00000087077,TRIP6,16,-1.7962,92,2.09354,41,0.70963
ENSG00000087087,SRRT,27,-0.6460,36,0.19866,47,0.71192
ENSG00000087085,ACHE,21,1.27421,6,-1.6414,10,-0.9498
ENSG00000106367,AP1S1,126,1.88438,33,-1.7009,34,-1.7402
ENSG00000128564,VGF,241,4.85651,23,-3.0255,0,-8.4223
ENSG00000106397,PLOD3,14,-2.2404,34,0.26741,86,2.35378
ENSG00000106400,ZNHIT1,101,-0.8404,154,0.37115,194,0.85846
ENSG00000214253,FIS1,191,-1.2070,123,-1.1462,600,1.70900
ENSG00000128581,IFT22,40,1.76846,7,-2.3192,14,-1.3632
ENSG00000160963,COL26A1,28,2.31816,16,-0.4703,0,-6.4048
ENSG00000257923,CUX1,30,-1.0639,86,1.30436,52,0.51807
ENSG00000128563,PRKRIP1,20,-0.5655,26,0.17921,32,0.62466
ENSG00000160991,ORAI2,35,-0.0340,91,1.61012,8,-2.2870
ENSG00000160993,ALKBH4,17,0.61021,10,-0.7245,12,-0.4471
ENSG00000005075,POLR2J,76,-0.8351,149,0.77207,130,0.62298
ENSG00000267368,UPK3BL1,30,-0.5533,56,0.82121,38,0.21288
ENSG00000170632,ARMC10,55,-0.4830,53,-0.2068,88,0.69195
ENSG00000161048,NAPEPLD,39,-0.1713,0,-8.0606,66,0.92360
ENSG00000105819,PMPCB,50,0.37194,34,-0.4955,41,-0.2392
ENSG00000105821,DNAJC2,17,0.61842,17,0.21181,8,-1.1240
ENSG00000161057,PSMC2,61,-0.0822,41,-0.6343,76,0.37454
ENSG00000005483,KMT2E,48,-0.4145,75,0.58429,58,0.19569
ENSG00000135250,SRPK2,122,0.67164,33,-1.7993,98,-0.1943
ENSG00000008282,SYPL1,38,-1.6105,91,0.66976,132,1.56435
ENSG00000105835,NAMPT,26,-2.5094,385,3.74991,36,-0.8848
ENSG00000005249,PRKAR2B,147,3.61492,2,-5.8677,16,-2.9481
ENSG00000105856,HBP1,21,-1.1269,29,0.03578,56,1.32267
ENSG00000164597,COG5,17,-0.0775,23,0.51765,15,-0.2408
ENSG00000172209,GPR22,25,7.36135,0,-6.9298,0,-7.2518
ENSG00000075790,BCAP29,88,0.51905,56,-0.5856,65,-0.3906
ENSG00000233705,SLC26A4-AS1,66,3.16929,6,-3.1739,8,-2.8924
ENSG00000091140,DLD,71,1.25765,35,-0.8252,27,-1.3120
ENSG00000091129,NRCAM,317,1.98797,109,-1.2813,65,-2.1765
ENSG00000135241,PNPLA8,62,0.28920,54,-0.1276,49,-0.3216
ENSG00000177683,THAP5,33,-0.4008,31,-0.2453,51,0.61067
ENSG00000128590,DNAJB9,33,-0.3138,27,-0.3795,48,0.55826
ENSG00000173114,LRRN3,44,2.68919,1,-4.3433,9,-2.0765
ENSG00000128512,DOCK4,83,-0.1828,153,0.94129,65,-0.4792
ENSG00000006652,IFRD1,34,-0.7357,76,1.02706,48,0.30269
ENSG00000214194,SMIM30,25,-0.2097,23,-0.1990,32,0.36373
ENSG00000198898,CAPZA2,152,0.90552,149,0.18637,47,-1.6852
ENSG00000004866,ST7,23,1.27238,10,-1.0331,9,-1.2072
ENSG00000077063,CTTNBP2,23,-0.8367,29,0.04483,49,0.99942
ENSG00000128534,LSM8,24,-0.2825,15,-0.8016,37,0.65334
ENSG00000184408,KCND2,29,2.06075,14,-0.8150,3,-2.9113
ENSG00000196937,FAM3C,124,1.91345,38,-1.4500,30,-1.9266
ENSG00000106278,PTPRZ1,134,-0.3888,225,0.70211,152,0.07218
ENSG00000081803,CADPS2,61,2.55916,17,-1.4941,6,-3.0839
ENSG00000128609,NDUFA5,220,1.09556,85,-1.2089,111,-0.8787
ENSG00000106299,WASL,173,1.55488,59,-1.3546,59,-1.4430
ENSG00000170775,GPR37,38,-3.2542,32,-2.0559,528,3.81775
ENSG00000004059,ARF5,152,1.00662,64,-1.1144,82,-0.8006
ENSG00000197157,SND1,50,-0.3137,70,0.43711,58,0.15797
ENSG00000128594,LRRC4,60,2.50473,26,-0.9121,2,-4.2528
ENSG00000106348,IMPDH1,33,0.63994,46,0.68684,9,-1.9241
ENSG00000128595,CALU,30,-1.4028,121,1.70923,61,0.59634
ENSG00000128596,CCDC136,50,2.19026,2,-4.2928,15,-1.5430
ENSG00000128524,ATP6V1F,270,0.55167,171,-0.5715,191,-0.4409
ENSG00000064419,TNPO3,15,0.07364,21,0.52240,11,-0.4837
ENSG00000158457,TSPAN33,21,-0.2227,41,1.05745,15,-0.5456
ENSG00000158467,AHCYL2,37,0.44981,41,0.29931,20,-0.9087
ENSG00000186591,UBE2H,72,-0.4402,109,0.51312,93,0.27864
ENSG00000128607,KLHDC10,59,0.71907,26,-1.0771,41,-0.4455
ENSG00000106477,CEP41,21,-0.3160,25,0.14168,27,0.33468
ENSG00000106484,MEST,24,1.53229,8,-1.3340,8,-1.4212
ENSG00000286214,AUXG01000058.1,263,2.53081,96,-1.1490,19,-3.6170
ENSG00000231721,LINC-PINT,18,-0.8945,29,0.38972,37,0.91253
ENSG00000128585,MKLN1,54,-0.3916,91,0.72234,60,0.06025
ENSG00000128567,PODXL,30,-2.2464,408,3.91711,13,-2.4716
ENSG00000221866,PLXNA4,32,2.78336,4,-2.6485,4,-2.5747
ENSG00000106554,CHCHD3,20,0.21721,18,-0.0691,16,-0.2561
ENSG00000131558,EXOC4,40,-0.2696,46,0.14344,49,0.27454
ENSG00000205060,SLC35B4,35,0.70891,14,-1.1461,24,-0.4089
ENSG00000085662,AKR1B1,95,-0.5169,257,1.49973,75,-0.5883
ENSG00000172331,BPGM,20,0.08357,13,-0.6032,22,0.16658
ENSG00000122786,CALD1,24,-1.3831,118,2.13242,36,0.07481
ENSG00000080802,CNOT4,19,0.82506,9,-0.8768,11,-0.6633
ENSG00000243317,STMP1,38,-0.6577,45,-0.0036,69,0.81450
ENSG00000105887,MTPN,316,1.36623,147,-0.9017,110,-1.4300
ENSG00000105894,PTN,189,-0.7090,295,0.45654,317,0.65630
ENSG00000157680,DGKI,17,1.31540,0,-6.6129,10,-0.5735
ENSG00000182158,CREB3L2,5,-3.7038,113,3.05605,47,1.43951
ENSG00000122779,TRIM24,17,-0.5150,21,0.15956,26,0.57295
ENSG00000122778,KIAA1549,26,2.44038,11,-0.8939,1,-4.0150
ENSG00000164898,FMC1,31,-1.2497,42,-0.0324,90,1.47784
ENSG00000146963,LUC7L2,46,-0.7317,54,0.00604,87,0.89565
ENSG00000236279,CLEC2L,48,3.84928,5,-2.7087,2,-4.4173
ENSG00000064393,HIPK2,82,-2.6985,268,0.42424,669,2.69801
ENSG00000157800,SLC37A3,18,0.66533,7,-1.3220,14,-0.3013
ENSG00000133606,MKRN1,63,-0.1161,86,0.44564,60,-0.1266
ENSG00000133597,ADCK2,31,-0.0733,30,-0.1061,35,0.15110
ENSG00000090266,NDUFB2,273,-0.2201,160,-0.8940,397,0.60766
ENSG00000157764,BRAF,44,1.24100,33,-0.1704,11,-1.9239
ENSG00000090263,MRPS33,36,-0.2967,14,-1.4794,59,0.81266
ENSG00000261115,TMEM178B,43,3.15855,2,-4.1454,6,-2.6287
ENSG00000006530,AGK,27,1.43979,5,-2.2761,12,-0.9806
ENSG00000257093,DENND11,46,-0.6537,46,-0.2345,87,0.89720
ENSG00000106028,SSBP1,49,0.02006,23,-1.1541,61,0.40195
ENSG00000270672,MTRNR2L6,20,-0.2299,35,0.85586,17,-0.3078
ENSG00000106123,EPHB6,230,2.35350,94,-1.0025,20,-3.3854
ENSG00000197448,GSTK1,32,-0.9031,75,1.04571,53,0.51564
ENSG00000159784,FAM131B,89,1.01067,12,-2.7394,60,-0.4232
ENSG00000159840,ZYX,55,-0.3829,157,1.63839,30,-1.1504
ENSG00000198420,TCAF1,85,1.88497,30,-1.2269,19,-2.0419
ENSG00000174469,CNTNAP2,137,2.30859,32,-1.8371,25,-2.3011
ENSG00000055130,CUL1,66,1.26137,34,-0.7730,24,-1.3538
ENSG00000155660,PDIA4,15,-2.1136,65,1.32457,67,1.69511
ENSG00000204946,ZNF783,17,-0.2430,31,0.92516,14,-0.3575
ENSG00000196453,ZNF777,18,0.38416,9,-0.9235,16,-0.0859
ENSG00000181220,ZNF746,30,0.60174,33,0.32259,13,-1.2218
ENSG00000171130,ATP6V0E2,325,0.27245,232,-0.4549,288,-0.1287
ENSG00000106538,RARRES2,23,-1.3079,86,1.64877,44,0.52849
ENSG00000214022,REPIN1,63,-0.3144,78,0.22638,79,0.28683
ENSG00000284691,AC073111.4,25,1.86216,0,-7.0821,10,-1.1198
ENSG00000106565,TMEM176B,16,-1.7131,110,2.54990,27,0.00317
ENSG00000002933,TMEM176A,23,-1.0182,73,1.54173,33,0.22497
ENSG00000055118,KCNH2,22,1.33955,11,-0.7078,7,-1.5318
ENSG00000197150,ABCB8,31,-0.1516,43,0.43494,31,-0.0673
ENSG00000164885,CDK5,105,1.89474,45,-0.9526,19,-2.3246
ENSG00000164889,SLC4A2,8,-2.6037,38,1.12985,55,2.25960
ENSG00000164896,FASTK,72,0.18204,65,-0.1021,63,-0.1883
ENSG00000164897,TMUB1,41,-0.2732,65,0.66137,42,-0.0640
ENSG00000133612,AGAP3,303,0.77112,178,-0.6382,177,-0.7075
ENSG00000033050,ABCF2,66,0.67032,47,-0.3474,38,-0.7344
ENSG00000033100,CHPF2,24,0.36570,50,1.31918,3,-3.0727
ENSG00000082014,SMARCD3,138,0.79651,115,-0.0849,61,-1.1433
ENSG00000013374,NUB1,35,-0.5056,57,0.59798,46,0.30983
ENSG00000106615,RHEB,242,1.04696,87,-1.3291,132,-0.7693
ENSG00000106617,PRKAG2,45,2.26313,4,-2.9795,11,-1.8012
ENSG00000239911,PRKAG2-AS1,49,1.91784,34,-0.2163,2,-4.3162
ENSG00000178234,GALNT11,66,1.48530,29,-0.9463,20,-1.5890
ENSG00000055609,KMT2C,40,-0.5059,44,-0.0024,63,0.63611
ENSG00000133627,ACTR3B,68,2.63054,8,-2.7269,12,-2.3338
ENSG00000130226,DPP6,162,1.59639,54,-1.3708,53,-1.4944
ENSG00000157219,HTR5A,24,4.72236,0,-6.9147,1,-4.0566
ENSG00000186480,INSIG1,65,-0.6603,27,-1.5747,141,1.21070
ENSG00000184863,RBM33,29,-0.3184,23,-0.4655,43,0.59343
ENSG00000105983,LMBR1,46,1.19889,9,-2.0883,25,-0.7398
ENSG00000009335,UBE3C,52,0.95262,34,-0.4585,23,-1.0908
ENSG00000105993,DNAJB6,190,0.28613,93,-1.0178,187,0.06051
ENSG00000155093,PTPRN2,201,2.07180,75,-1.1494,33,-2.4624
ENSG00000117868,ESYT2,55,0.32903,77,0.63696,27,-1.0766
ENSG00000126870,WDR60,25,-0.0705,52,1.20361,13,-1.0764
ENSG00000147364,FBXO25,30,0.48110,15,-0.9401,24,-0.1985
ENSG00000104714,ERICH1,15,0.17599,14,-0.0898,13,-0.1870
ENSG00000198010,DLGAP2,39,8.45350,0,-7.5823,0,-8.6652
ENSG00000182372,CLN8,14,-2.2723,38,0.42309,85,2.32071
ENSG00000253982,AC100810.1,31,-1.0200,42,0.07922,75,1.19001
ENSG00000104728,ARHGEF10,17,-1.9793,40,0.44831,80,2.03421
ENSG00000176595,KBTBD11,123,0.33521,108,-0.1129,92,-0.3958
ENSG00000036448,MYOM2,24,2.13455,5,-1.8367,5,-2.0345
ENSG00000183117,CSMD1,33,4.50112,0,-7.3438,2,-3.8026
ENSG00000155189,AGPAT5,52,-0.1447,67,0.33740,54,-0.0089
ENSG00000275342,PRAG1,19,2.88701,0,-6.6327,3,-2.1640
ENSG00000147324,MFHAS1,17,0.31510,28,0.88246,7,-1.4348
ENSG00000173273,TNKS,44,-0.2223,32,-0.5784,62,0.51939
ENSG00000253230,LINC00599,91,4.42785,11,-2.7044,0,-6.7825
ENSG00000175806,MSRA,33,1.65297,11,-1.3701,10,-1.5775
ENSG00000104643,MTMR9,58,1.45439,19,-1.4099,22,-1.2750
ENSG00000154319,FAM167A,23,-0.6447,70,1.63238,19,-0.5353
ENSG00000154328,NEIL2,26,0.09944,20,-0.3997,27,0.06685
ENSG00000079459,FDFT1,97,-0.7110,93,-0.3220,192,0.99056
ENSG00000164733,CTSB,322,-1.2081,1957,2.77607,138,-1.8599
ENSG00000283674,AC068587.4,31,2.66811,3,-2.9522,5,-2.3077
ENSG00000154359,LONRF1,32,0.74057,17,-0.7294,19,-0.6188
ENSG00000164741,DLC1,34,-0.6102,70,0.92888,44,0.20681
ENSG00000104723,TUSC3,82,2.47756,21,-1.6807,11,-2.7105
ENSG00000155970,MICU3,98,2.16750,14,-2.5460,25,-1.7944
ENSG00000104219,ZDHHC2,33,-0.2563,55,0.74111,32,-0.1573
ENSG00000198791,CNOT7,82,0.58472,76,0.03234,44,-0.8874
ENSG00000155975,VPS37A,19,-0.5585,22,0.05730,31,0.67253
ENSG00000003987,MTMR7,26,0.84177,1,-4.1136,21,-0.1455
ENSG00000003989,SLC7A2,11,-2.4505,121,3.01345,30,0.38862
ENSG00000129422,MTUS1,40,-3.0125,210,0.93790,386,2.70014
ENSG00000078674,PCM1,58,-0.5551,96,0.61663,80,0.36328
ENSG00000104763,ASAH1,90,-1.1777,421,2.19620,97,-0.3932
ENSG00000156011,PSD3,245,1.27376,67,-1.6973,118,-0.9314
ENSG00000147408,CSGALNACT1,55,0.14383,92,0.89746,28,-1.0590
ENSG00000104613,INTS10,52,-0.1870,92,0.86933,43,-0.3931
ENSG00000175445,LPL,16,-0.7962,78,2.51047,3,-2.7765
ENSG00000147416,ATP6V1B2,329,1.89568,118,-1.2351,73,-2.0537
ENSG00000061337,LZTS1,68,1.73871,42,-0.4340,9,-2.7445
ENSG00000168546,GFRA2,55,3.55971,13,-1.6755,0,-8.8907
ENSG00000130227,XPO7,45,0.52636,10,-2.0510,41,0.01158
ENSG00000158806,NPM2,46,2.04863,26,-0.5087,3,-3.6460
ENSG00000158856,DMTN,358,2.28801,81,-1.8740,69,-2.2458
ENSG00000158863,FAM160B2,23,-0.3363,43,0.86282,23,-0.1439
ENSG00000168453,HR,36,0.11405,23,-0.6287,38,0.13895
ENSG00000168481,LGI3,131,-1.1621,72,-1.3622,406,1.69746
ENSG00000168490,PHYHIP,621,2.73784,186,-1.4375,46,-3.6311
ENSG00000104635,SLC39A14,20,-0.0894,46,1.33868,9,-1.2896
ENSG00000120910,PPP3CC,19,0.08882,28,0.63489,13,-0.6206
ENSG00000120896,SORBS3,23,-1.8832,177,2.67422,43,0.08573
ENSG00000120913,PDLIM2,29,0.03746,39,0.48636,23,-0.3930
ENSG00000158941,CCAR2,65,0.50237,26,-1.2465,55,-0.1291
ENSG00000179388,EGR3,61,5.91534,0,-8.2164,1,-5.2416
ENSG00000008853,RHOBTB2,63,1.83058,19,-1.4655,17,-1.7887
ENSG00000147457,CHMP7,39,0.28126,39,0.06301,29,-0.4343
ENSG00000104679,R3HCC1,32,-0.6926,35,-0.0809,59,0.88508
ENSG00000197217,ENTPD4,42,1.31120,12,-1.5550,19,-1.0263
ENSG00000147454,SLC25A37,18,-1.8690,160,3.10797,19,-0.7735
ENSG00000104722,NEFM,297,4.39037,27,-3.1122,7,-5.1699
ENSG00000277586,NEFL,770,4.61273,30,-4.3356,31,-4.4352
ENSG00000147459,DOCK5,12,-3.0791,32,-0.2843,147,3.28575
ENSG00000221914,PPP2R2A,53,-0.3380,20,-1.6139,92,0.87782
ENSG00000104765,BNIP3L,155,-0.4341,92,-0.9359,267,0.85435
ENSG00000240694,PNMA2,450,3.27146,37,-3.3004,51,-2.9831
ENSG00000092964,DPYSL2,891,-0.8046,911,-0.2566,1878,1.07272
ENSG00000015592,STMN4,185,-0.8608,69,-1.8040,470,1.44708
ENSG00000120899,PTK2B,291,2.50935,126,-0.9029,13,-4.3166
ENSG00000120885,CLU,3266,-0.3834,6598,1.02962,3093,-0.2337
ENSG00000168077,SCARA3,40,-0.3741,124,1.81095,16,-1.6222
ENSG00000147419,CCDC25,47,0.06945,41,-0.1918,47,0.00934
ENSG00000134014,ELP3,36,0.31893,19,-0.8423,33,-0.0342
ENSG00000186918,ZNF395,15,-0.7256,24,0.42998,27,0.69100
ENSG00000104290,FZD3,73,2.21990,22,-1.4721,12,-2.4260
ENSG00000012232,EXTL3,71,0.57174,86,0.45255,28,-1.3322
ENSG00000147421,HMBOX1,15,-1.1187,33,0.87096,32,0.90765
ENSG00000197892,KIF13B,19,-2.2490,33,-0.2353,121,2.53152
ENSG00000133872,SARAF,702,0.62015,448,-0.5465,461,-0.5466
ENSG00000104660,LEPROTL1,38,0.14955,33,-0.1890,35,-0.0971
ENSG00000104671,DCTN6,67,-0.2790,54,-0.4427,96,0.53995
ENSG00000104687,GSR,38,0.86600,31,-0.1272,16,-1.2259
ENSG00000104695,PPP2CB,317,0.14585,200,-0.6732,329,0.11642
ENSG00000133878,DUSP26,60,1.03279,18,-1.5710,35,-0.6729
ENSG00000156687,UNC5D,20,3.99927,0,-6.0197,1,-3.3469
ENSG00000183779,ZNF703,26,-0.2408,77,1.74477,8,-1.9042
ENSG00000147475,ERLIN2,22,-0.9200,39,0.60364,42,0.82977
ENSG00000147471,PLPBP,47,0.77412,3,-3.8709,39,-0.0866
ENSG00000104221,BRF2,20,0.67469,30,0.79501,4,-2.3281
ENSG00000129691,ASH2L,40,0.52296,18,-1.0510,32,-0.2124
ENSG00000175324,LSM1,38,0.17264,22,-0.7528,39,0.11177
ENSG00000156735,BAG4,117,2.35476,29,-1.7340,19,-2.4484
ENSG00000085788,DDHD2,83,0.38014,57,-0.4822,67,-0.2561
ENSG00000147535,PLPP5,12,-1.0354,46,1.76725,16,-0.0114
ENSG00000147548,NSD3,89,0.39336,84,0.01963,59,-0.5718
ENSG00000077782,FGFR1,58,0.05987,100,0.91295,33,-0.9044
ENSG00000147526,TACC1,178,0.09504,240,0.51323,129,-0.5103
ENSG00000169499,PLEKHA2,35,-0.5814,132,2.07877,13,-1.7379
ENSG00000169490,TM2D2,32,-0.0296,37,0.23874,30,-0.1046
ENSG00000168615,ADAM9,21,-0.9588,35,0.42107,45,0.97161
ENSG00000165061,ZMAT4,21,6.99557,0,-5.7267,0,-7.7304
ENSG00000104332,SFRP1,11,-2.3406,3,-2.8872,85,3.01112
ENSG00000147533,GOLGA7,73,-2.0961,76,-0.9264,434,2.55246
ENSG00000158669,GPAT4,41,-0.0246,57,0.53339,34,-0.3360
ENSG00000083168,KAT6A,27,-0.7196,61,1.04337,37,0.26621
ENSG00000070718,AP3M2,91,2.43775,10,-2.8976,20,-2.0333
ENSG00000078668,VDAC3,151,1.36934,30,-2.1632,72,-0.9228
ENSG00000168575,SLC20A2,49,-0.9859,89,0.57278,103,0.92485
ENSG00000176209,SMIM19,28,-0.1666,31,0.12428,31,0.15135
ENSG00000120925,RNF170,37,-0.1020,25,-0.6765,48,0.41111
ENSG00000168172,HOOK3,40,-0.5118,71,0.74188,50,0.21580
ENSG00000168522,FNTA,48,-1.6809,94,0.31564,185,1.79428
ENSG00000165102,HGSNAT,25,-0.1542,43,0.82914,20,-0.4065
ENSG00000164808,SPIDR,30,0.50509,18,-0.6878,23,-0.3263
ENSG00000221869,CEBPD,66,-2.2028,806,3.62680,58,-1.3421
ENSG00000253729,PRKDC,47,-0.5907,80,0.64034,67,0.39457
ENSG00000104738,MCM4,25,1.27161,0,-7.0482,16,-0.5261
ENSG00000169139,UBE2V2,153,1.67314,38,-1.7772,52,-1.4161
ENSG00000168300,PCMTD1,33,-0.6391,47,0.32328,54,0.64202
ENSG00000147488,ST18,3,-5.0062,5,-2.8237,174,5.49822
ENSG00000023287,RB1CC1,89,-0.2176,62,-0.6341,125,0.53147
ENSG00000047249,ATP6V1H,215,1.57172,83,-1.1617,67,-1.5788
ENSG00000147509,RGS20,29,0.33036,55,1.15307,7,-2.1461
ENSG00000187735,TCEA1,53,-0.7237,63,0.01451,100,0.88310
ENSG00000120992,LYPLA1,19,-0.4639,64,1.89743,8,-1.5735
ENSG00000137547,MRPL15,37,0.79240,23,-0.5759,21,-0.7725
ENSG00000167904,TMEM68,16,-0.2848,11,-0.6671,24,0.61825
ENSG00000008988,RPS20,296,-0.9728,831,1.33795,457,0.36223
ENSG00000170791,CHCHD7,23,0.21150,23,-0.0008,19,-0.2903
ENSG00000104331,IMPAD1,78,-0.3490,68,-0.3316,115,0.58217
ENSG00000169122,FAM110B,37,1.96302,11,-1.4302,8,-2.0194
ENSG00000215114,UBXN2B,46,0.24699,55,0.34871,31,-0.6091
ENSG00000137575,SDCBP,132,-0.2555,358,1.60577,58,-1.4361
ENSG00000198846,TOX,42,2.75187,12,-1.5307,3,-3.4983
ENSG00000104388,RAB2A,238,0.53718,134,-0.7520,179,-0.3404
ENSG00000198363,ASPH,149,0.71582,97,-0.4957,87,-0.7092
ENSG00000274956,NKAIN3-IT1,33,-0.8244,48,0.28631,65,0.88078
ENSG00000137563,GGH,22,0.90042,17,-0.1278,8,-1.2873
ENSG00000185728,YTHDF3,61,0.15017,83,0.53006,41,-0.6190
ENSG00000254377,MIR124-2HG,40,5.77349,1,-4.9375,0,-5.9604
ENSG00000172817,CYP7B1,19,-1.5520,25,-0.2137,72,1.84733
ENSG00000104442,ARMC1,36,-0.1751,5,-2.8618,58,0.83505
ENSG00000147576,ADHFE1,18,-0.8771,11,-1.0869,44,1.35794
ENSG00000169085,VXN,175,0.28050,48,-1.8791,192,0.25358
ENSG00000175073,VCPIP1,41,0.54914,18,-1.1522,33,-0.2122
ENSG00000104205,SGK3,20,-1.7022,60,0.95698,71,1.50663
ENSG00000245910,SNHG6,170,-1.0465,142,-0.6813,457,1.45014
ENSG00000121022,COPS5,46,-0.6151,28,-0.9551,93,1.05444
ENSG00000066777,ARFGEF1,23,0.49312,18,-0.2082,15,-0.5634
ENSG00000046889,PREX2,49,0.34464,56,0.29167,30,-0.7192
ENSG00000140396,NCOA2,46,0.15616,37,-0.2594,42,-0.0701
ENSG00000067167,TRAM1,29,-1.6125,58,0.40864,104,1.68635
ENSG00000147601,TERF1,31,-0.0278,19,-0.7805,38,0.35710
ENSG00000147604,RPL7,297,-0.5640,403,0.29304,457,0.56579
ENSG00000040341,STAU2,90,2.61369,3,-4.4031,20,-1.9886
ENSG00000104343,UBE2W,71,1.24890,43,-0.5220,23,-1.5359
ENSG00000154582,ELOC,97,0.12059,74,-0.3872,97,0.03484
ENSG00000175606,TMEM70,67,0.90913,48,-0.3039,29,-1.1414
ENSG00000104369,JPH1,19,5.92004,0,-6.5661,0,-5.4377
ENSG00000104381,GDAP1,93,1.90541,17,-2.1903,28,-1.5717
ENSG00000164751,PEX2,25,-0.9042,38,0.28862,53,0.97178
ENSG00000171033,PKIA,140,1.38134,52,-1.2265,54,-1.2610
ENSG00000104427,ZC2HC1A,25,0.83607,14,-0.6946,14,-0.7683
ENSG00000104435,STMN2,592,3.89407,79,-2.5836,19,-4.7493
ENSG00000164683,HEY1,34,0.01300,71,1.22694,15,-1.3289
ENSG00000147586,MRPS28,33,-0.3661,37,0.08011,45,0.42870
ENSG00000076554,TPD52,143,0.57409,42,-1.7019,123,-0.1035
ENSG00000164684,ZNF704,29,-0.7111,16,-1.1931,64,1.20331
ENSG00000076641,PAG1,14,-1.8038,109,2.79618,20,-0.2539
ENSG00000164687,FABP5,95,-0.9386,322,1.70090,113,-0.0886
ENSG00000147588,PMP2,152,-1.4354,648,1.84171,294,0.50435
ENSG00000133731,IMPA1,48,0.07628,28,-0.8038,54,0.24265
ENSG00000104231,ZFAND1,30,0.50139,24,-0.2068,20,-0.5764
ENSG00000184672,RALYL,79,3.02300,16,-1.9414,6,-3.5417
ENSG00000176731,RBIS,66,0.00094,40,-0.7751,79,0.32193
ENSG00000104267,CA2,41,-2.7263,70,-0.6280,376,3.07574
ENSG00000123124,WWP1,31,0.38568,18,-0.6990,26,-0.1694
ENSG00000176623,RMDN1,20,-0.9145,30,0.26652,43,0.99363
ENSG00000085719,CPNE3,25,-1.2002,73,1.25174,51,0.73881
ENSG00000156103,MMP16,36,2.07971,2,-3.5174,11,-1.5004
ENSG00000164823,OSGIN2,24,-0.5226,27,0.01724,39,0.64741
ENSG00000104320,NBN,28,-0.3133,44,0.60411,31,0.03929
ENSG00000104325,DECR1,36,0.24741,26,-0.3970,32,-0.1229
ENSG00000104327,CALB1,16,7.15167,0,-6.2816,0,-7.3645
ENSG00000180694,TMEM64,11,-1.9561,20,-0.0366,57,2.19214
ENSG00000123119,NECAB1,342,1.07489,22,-3.8317,232,-0.3999
ENSG00000155099,PIP4P2,49,0.21040,33,-0.5572,47,-0.0065
ENSG00000253738,OTUD6B-AS1,60,0.21234,16,-1.9369,70,0.33617
ENSG00000079102,RUNX1T1,32,2.41903,12,-1.1157,2,-3.3441
ENSG00000205133,TRIQK,32,0.34093,16,-0.9078,29,-0.0389
ENSG00000188343,FAM92A,29,1.61445,0,-7.2144,14,-0.8695
ENSG00000164951,PDP1,239,3.84353,27,-2.8171,11,-4.2598
ENSG00000164944,VIRMA,16,-0.5710,18,-0.0334,28,0.72598
ENSG00000156162,DPY19L4,24,-1.0016,27,-0.1724,58,1.25995
ENSG00000164941,INTS8,15,-0.4462,16,0.02072,22,0.55442
ENSG00000156170,NDUFAF6,17,0.32029,0,-6.7352,20,0.42696
ENSG00000156467,UQCRB,476,-0.0583,237,-1.0898,624,0.47474
ENSG00000156471,PTDSS1,67,1.10686,39,-0.6061,27,-1.2279
ENSG00000169439,SDC2,45,-0.2549,91,1.07882,35,-0.5127
ENSG00000104324,CPQ,20,-1.3396,38,0.47261,56,1.37162
ENSG00000180543,TSPYL5,51,1.04143,23,-0.9550,25,-0.9206
ENSG00000147649,MTDH,87,-0.5247,124,0.37735,127,0.47093
ENSG00000104341,LAPTM4B,42,-0.3301,32,-0.5097,63,0.62133
ENSG00000156482,RPL30,500,-1.4047,929,0.39843,1523,1.47444
ENSG00000132541,RIDA,82,0.48426,9,-3.0798,84,0.16734
ENSG00000104361,NIPAL2,42,6.45075,0,-7.6900,0,-5.8701
ENSG00000253948,VPS13B-DT,27,-0.0276,0,-5.2187,41,0.76319
ENSG00000164919,COX6C,740,0.80515,208,-1.7467,531,-0.3581
ENSG00000147669,POLR2K,89,0.63829,23,-1.8974,74,-0.1380
ENSG00000034677,RNF19A,41,-0.3407,70,0.73108,44,-0.0212
ENSG00000186106,ANKRD46,70,1.26560,13,-2.2996,37,-0.7738
ENSG00000070756,PABPC1,86,-1.9026,614,2.55124,178,0.29440
ENSG00000164924,YWHAZ,856,1.28859,314,-1.2726,368,-1.1101
ENSG00000261087,AP003469.4,36,0.84766,14,-1.2630,23,-0.5416
ENSG00000120963,ZNF706,93,-0.7498,101,-0.1479,185,0.97455
ENSG00000104490,NCALD,249,3.23283,23,-3.0983,27,-3.0115
ENSG00000048392,RRM2B,30,-0.4333,53,0.77055,34,0.08194
ENSG00000104517,UBR5,45,-0.1266,60,0.42809,43,-0.0984
ENSG00000155090,KLF10,18,0.27875,45,1.61192,0,-6.7780
ENSG00000155096,AZIN1,204,0.66070,130,-0.5378,128,-0.6074
ENSG00000155097,ATP6V1C1,172,1.80045,60,-1.2914,44,-1.8532
ENSG00000164929,BAALC,326,0.72102,152,-0.9956,220,-0.4781
ENSG00000164933,SLC25A32,27,0.33347,26,0.02016,19,-0.4818
ENSG00000176406,RIMS2,65,0.58088,34,-0.8619,48,-0.3518
ENSG00000147650,LRP12,28,2.06290,0,-5.9862,10,-1.3383
ENSG00000164830,OXR1,124,1.58903,38,-1.5074,43,-1.4164
ENSG00000104408,EIF3E,57,-0.9402,125,0.92349,101,0.65363
ENSG00000104412,EMC2,37,-1.4521,62,0.21895,121,1.59806
ENSG00000120533,ENY2,72,0.61161,20,-1.7702,61,-0.1322
ENSG00000147654,EBAG9,20,-0.1937,14,-0.6131,27,0.49745
ENSG00000147642,SYBU,163,3.15917,15,-3.1424,19,-2.8908
ENSG00000164794,KCNV1,67,3.92746,12,-2.0497,0,-8.8852
ENSG00000147677,EIF3H,68,-0.5777,64,-0.2925,121,0.83130
ENSG00000164754,RAD21,144,-0.2581,85,-0.8939,216,0.65010
ENSG00000177570,SAMD12,52,1.73641,20,-1.1339,13,-1.8628
ENSG00000147676,MAL2,103,3.75537,3,-4.5936,9,-3.2455
ENSG00000136999,CCN3,33,3.00670,12,-1.1211,0,-8.4743
ENSG00000136960,ENPP2,71,-3.1994,19,-3.6941,976,3.89161
ENSG00000172172,MRPL13,18,-0.0267,13,-0.4968,21,0.26054
ENSG00000178764,ZHX2,14,-1.5688,25,0.19547,53,1.72724
ENSG00000136986,DERL1,30,-0.5424,68,1.11200,33,-0.0620
ENSG00000165156,ZHX1,44,-0.0779,70,0.72341,35,-0.4268
ENSG00000156804,FBXO32,32,-0.5573,43,0.28803,49,0.56016
ENSG00000176853,FAM91A1,24,-0.5509,37,0.50404,34,0.42980
ENSG00000164983,TMEM65,45,1.71175,11,-1.7316,14,-1.4862
ENSG00000170881,RNF139,29,0.09620,23,-0.3574,30,0.05255
ENSG00000147684,NDUFB9,228,-0.1088,55,-2.1847,341,0.70874
ENSG00000170873,MTSS1,32,-1.1733,48,0.15493,86,1.32750
ENSG00000104549,SQLE,30,-0.7219,21,-0.8052,65,1.13537
ENSG00000164961,WASHC5,21,-1.0237,35,0.43327,46,1.04009
ENSG00000153310,FAM49B,90,0.32737,101,0.28574,56,-0.6849
ENSG00000153317,ASAP1,84,1.39048,60,-0.2470,18,-2.1582
ENSG00000132294,EFR3A,183,1.71404,81,-0.9351,43,-1.9928
ENSG00000184156,KCNQ3,94,2.12543,45,-0.7780,9,-3.1735
ENSG00000129292,PHF20L1,33,-0.6296,93,1.51489,30,-0.3910
ENSG00000104419,NDRG1,108,-2.7128,205,-0.4418,964,3.01438
ENSG00000066827,ZFAT,14,-1.0665,53,1.77687,19,0.02759
ENSG00000131773,KHDRBS3,138,1.89518,45,-1.3683,33,-1.9526
ENSG00000167632,TRAPPC9,30,0.19164,30,0.05901,25,-0.3006
ENSG00000282164,PEG13,24,3.05467,1,-3.7268,3,-2.5861
ENSG00000123908,AGO2,26,-0.4454,34,0.30178,35,0.41276
ENSG00000169398,PTK2,82,-1.2679,44,-1.4385,276,1.81590
ENSG00000105339,DENND3,19,-1.2083,131,3.04970,1,-4.2841
ENSG00000022567,SLC45A4,29,1.73205,22,-0.1041,2,-3.7438
ENSG00000184489,PTP4A3,15,-1.0938,92,2.85551,2,-3.1337
ENSG00000181790,ADGRB1,131,2.09008,69,-0.6290,11,-3.4292
ENSG00000198576,ARC,34,2.13166,11,-1.2979,5,-2.4246
ENSG00000130193,THEM6,21,-0.3962,31,0.43904,27,0.26771
ENSG00000180155,LYNX1,170,0.76949,134,-0.1849,82,-1.0086
ENSG00000160932,LY6E,231,0.61337,351,0.84802,51,-2.2604
ENSG00000176956,LY6H,575,2.16418,234,-1.0223,75,-2.8310
ENSG00000277494,GPIHBP1,4,-4.0533,24,0.05807,101,3.89141
ENSG00000250571,GLI4,26,-0.3199,36,0.43556,30,0.16734
ENSG00000158106,RHPN1,36,-0.7282,109,1.58436,36,-0.3046
ENSG00000014164,ZC3H3,17,-0.3739,32,0.87650,17,-0.0981
ENSG00000104529,EEF1D,81,-1.9724,354,1.48276,305,1.44514
ENSG00000104524,PYCR3,17,-0.1661,28,0.72201,15,-0.2814
ENSG00000104522,TSTA3,32,0.86463,19,-0.6507,17,-0.8332
ENSG00000183309,ZNF623,26,1.16289,7,-1.6866,13,-0.7979
ENSG00000180900,SCRIB,29,-1.5083,59,0.48514,95,1.54506
ENSG00000179950,PUF60,94,-0.9181,131,0.18399,201,1.03386
ENSG00000185189,NRBP2,62,-1.2831,52,-0.7967,203,1.72042
ENSG00000178209,PLEC,137,-1.4273,694,2.20219,205,0.04945
ENSG00000178685,PARP10,8,-2.6533,112,3.42431,20,0.02664
ENSG00000178719,GRINA,262,0.29296,308,0.33915,167,-0.6766
ENSG00000178896,EXOSC4,18,-0.0293,10,-0.8245,22,0.37181
ENSG00000197858,GPAA1,64,-0.4971,87,0.32337,92,0.46627
ENSG00000179091,CYC1,155,0.60532,63,-1.2290,121,-0.2566
ENSG00000179526,SHARPIN,36,-0.3972,26,-0.6385,59,0.73672
ENSG00000179632,MAF1,75,-0.4550,111,0.47719,99,0.32147
ENSG00000179832,MROH1,59,0.74551,78,0.65608,13,-2.1828
ENSG00000261236,BOP1,38,0.16795,38,0.01004,33,-0.2356
ENSG00000185122,HSF1,54,-0.4378,127,1.27026,46,-0.4188
ENSG00000185000,DGAT1,51,0.12090,87,0.90776,27,-1.0250
ENSG00000261678,SCRT1,65,4.35255,7,-2.8024,1,-5.8291
ENSG00000185803,SLC52A2,13,-1.2557,45,1.51175,25,0.58911
ENSG00000071894,CPSF1,48,0.57620,24,-0.8969,36,-0.3325
ENSG00000160948,VPS28,143,-0.2741,192,0.38150,164,0.14038
ENSG00000187954,CYHR1,94,0.11358,93,0.00769,84,-0.1584
ENSG00000167702,KIFC2,124,1.29244,95,-0.1386,28,-2.0933
ENSG00000160972,PPP1R16A,35,0.32284,51,0.67601,17,-1.1176
ENSG00000167700,MFSD3,25,0.53317,14,-0.7582,19,-0.3327
ENSG00000160959,LRRC14,29,-0.1177,34,0.20126,31,0.04107
ENSG00000254402,LRRC24,31,1.56919,5,-2.3863,13,-1.1085
ENSG00000213563,C8orf82,30,0.24352,12,-1.3266,32,0.18982
ENSG00000147799,ARHGAP39,26,0.73733,27,0.26243,9,-1.4230
ENSG00000161016,RPL8,474,-1.0271,1183,1.10061,859,0.63538
ENSG00000170619,COMMD5,21,-0.2912,25,0.19449,26,0.27465
ENSG00000182307,C8orf33,31,-0.1005,36,0.20406,32,0.01597
ENSG00000181404,WASHC1,84,-0.5672,67,-0.5500,153,0.90077
ENSG00000107104,KANK1,26,-1.4221,42,0.14263,86,1.59585
ENSG00000080503,SMARCA2,124,0.72786,101,-0.1514,62,-0.9678
ENSG00000147852,VLDLR,19,-0.8283,16,-0.5942,43,1.19752
ENSG00000080298,RFX3,21,0.55739,19,-0.0001,12,-0.8146
ENSG00000106688,SLC1A1,33,4.26222,1,-4.2976,1,-3.9568
ENSG00000106993,CDC37L1,35,0.36007,17,-1.0256,32,-0.0246
ENSG00000147853,AK3,47,-1.2772,122,1.03442,110,0.98945
ENSG00000099219,ERMP1,15,-1.4443,26,0.25978,49,1.57380
ENSG00000183354,KIAA2026,26,-0.4967,53,1.01523,28,-0.0383
ENSG00000137040,RANBP6,47,0.95583,23,-0.8430,24,-0.8581
ENSG00000137033,IL33,11,-1.1247,24,0.72195,26,1.00398
ENSG00000147854,UHRF2,19,-0.6179,28,0.41898,30,0.56447
ENSG00000137038,DMAC1,74,-0.4090,48,-0.8175,125,0.79819
ENSG00000153707,PTPRD,108,-0.8080,35,-1.9594,266,1.40996
ENSG00000107186,MPDZ,31,-1.0846,15,-1.5107,93,1.63945
ENSG00000147862,NFIB,81,0.30358,78,0.02417,60,-0.4402
ENSG00000175893,ZDHHC21,52,1.80079,13,-1.7272,15,-1.6100
ENSG00000155158,TTC39B,23,3.09922,3,-2.3877,2,-3.2275
ENSG00000164975,SNAPC3,27,0.55284,20,-0.2748,17,-0.6080
ENSG00000164985,PSIP1,131,0.49106,88,-0.4851,95,-0.4023
ENSG00000107295,SH3GL2,283,3.83693,12,-4.2140,23,-3.4292
ENSG00000155876,RRAGA,121,0.14624,85,-0.5084,121,0.05357
ENSG00000137154,RPS6,390,-1.7302,1111,0.91411,1387,1.55991
ENSG00000155886,SLC24A2,219,-0.1456,68,-1.8125,329,0.70204
ENSG00000171843,MLLT3,26,0.78442,20,-0.2002,12,-1.0205
ENSG00000188352,FOCAD,39,1.92514,3,-3.2262,13,-1.3674
ENSG00000198642,KLHL9,34,0.00098,27,-0.3318,37,0.16079
ENSG00000107105,ELAVL2,110,5.06868,0,-8.1587,4,-4.3607
ENSG00000198680,TUSC1,23,0.46238,0,-7.1636,25,0.28651
ENSG00000137055,PLAA,19,0.38572,16,-0.0880,13,-0.4849
ENSG00000120162,MOB3B,15,-1.9707,14,-0.9957,85,2.44410
ENSG00000147894,C9orf72,27,0.66973,28,0.25058,11,-1.2686
ENSG00000122729,ACO1,17,-0.4787,38,1.14306,17,-0.1976
ENSG00000197579,TOPORS,15,0.19993,2,-2.8214,19,0.44432
ENSG00000235453,SMIM27,24,-0.6507,12,-1.3217,52,1.16193
ENSG00000165264,NDUFB6,110,-0.0145,30,-1.9825,152,0.58541
ENSG00000137074,APTX,19,-0.4194,9,-1.2110,33,0.89641
ENSG00000086061,DNAJA1,166,0.10321,130,-0.3555,167,0.04282
ENSG00000122692,SMU1,40,-0.3809,36,-0.3027,60,0.60887
ENSG00000107262,BAG1,67,-0.7888,98,0.30919,125,0.82818
ENSG00000086065,CHMP5,79,-0.4180,61,-0.5383,129,0.73041
ENSG00000086102,NFX1,27,0.70643,12,-1.0757,19,-0.4302
ENSG00000165271,NOL6,20,0.88479,7,-1.3862,12,-0.5477
ENSG00000010438,PRSS3,34,4.49884,3,-2.8705,0,-6.2927
ENSG00000107341,UBE2R2,56,-0.7892,71,0.08510,110,0.92908
ENSG00000137073,UBAP2,20,0.14125,26,0.42756,14,-0.5074
ENSG00000165006,UBAP1,54,-0.0784,37,-0.5807,66,0.35218
ENSG00000164978,NUDT2,30,-0.3407,16,-1.0158,49,0.77042
ENSG00000164976,MYORG,39,0.02743,21,-0.9432,47,0.34005
ENSG00000164972,C9orf24,31,1.94430,21,-0.2379,1,-4.3715
ENSG00000164970,FAM219A,79,0.56085,46,-0.6950,57,-0.3956
ENSG00000168913,ENHO,294,0.08193,221,-0.4248,306,0.09928
ENSG00000122756,CNTFR,52,0.89845,8,-2.6119,38,-0.3169
ENSG00000164967,RPP25L,17,-0.7676,21,0.00813,34,0.93570
ENSG00000137100,DCTN3,87,0.43111,27,-1.6754,83,0.05209
ENSG00000147955,SIGMAR1,37,-0.4026,43,0.09422,52,0.46691
ENSG00000187186,AL162231.1,90,1.44060,49,-0.6466,25,-1.7656
ENSG00000122733,PHF24,142,2.90457,37,-1.6397,9,-3.7188
ENSG00000137094,DNAJB5,26,0.25482,22,-0.1974,21,-0.2340
ENSG00000165280,VCP,125,-0.1167,155,0.30485,126,-0.0262
ENSG00000165283,STOML2,59,0.28543,57,0.00991,44,-0.4038
ENSG00000005238,FAM214B,36,-0.3963,65,0.85415,38,-0.0436
ENSG00000198722,UNC13B,35,0.51076,43,0.44603,15,-1.1952
ENSG00000198853,RUSC2,146,0.98605,88,-0.5621,66,-1.0694
ENSG00000107140,TESK1,69,0.67870,61,-0.0181,34,-1.0011
ENSG00000159884,CCDC107,40,-0.0459,45,0.15253,40,-0.0269
ENSG00000137076,TLN1,18,-2.6363,152,2.16544,96,1.52558
ENSG00000107175,CREB3,50,0.09547,55,0.15711,43,-0.2279
ENSG00000070610,GBA2,56,0.70077,54,0.11663,24,-1.1741
ENSG00000137133,HINT2,34,-0.6091,12,-1.7463,71,1.18025
ENSG00000137103,TMEM8B,55,0.38156,41,-0.3510,43,-0.3234
ENSG00000122694,GLIPR2,4,-3.7438,53,1.57474,69,2.78188
ENSG00000122705,CLTA,221,0.00472,201,-0.1513,230,0.07308
ENSG00000159921,GNE,21,-0.0020,28,0.45237,18,-0.3028
ENSG00000137075,RNF38,53,0.78727,13,-1.9221,39,-0.3011
ENSG00000281649,EBLN3P,45,0.23687,50,0.22518,32,-0.4884
ENSG00000137106,GRHPR,58,-1.6419,101,0.16358,221,1.81330
ENSG00000175768,TOMM5,73,0.41894,19,-1.8914,72,0.10411
ENSG00000122741,DCAF10,24,-0.0247,36,0.63200,19,-0.4255
ENSG00000107338,SHB,28,-0.9130,30,-0.2130,64,1.17724
ENSG00000107242,PIP5K1B,28,3.69563,2,-3.2389,2,-3.6287
ENSG00000187866,FAM122A,18,-0.2767,26,0.48289,20,0.07574
ENSG00000119139,TJP2,11,-4.0778,103,0.86871,237,3.45620
ENSG00000107282,APBA1,47,1.23056,22,-0.8514,18,-1.2531
ENSG00000188647,PTAR1,30,-1.1203,87,1.32125,54,0.57868
ENSG00000119138,KLF9,109,0.35578,106,0.04858,75,-0.5359
ENSG00000107362,ABHD17B,26,-2.2441,26,-1.0811,172,2.72319
ENSG00000119125,GDA,182,3.45476,11,-3.6629,19,-3.1014
ENSG00000107372,ZFAND5,356,0.46464,242,-0.4844,266,-0.3671
ENSG00000165092,ALDH1A1,45,-0.5989,102,1.11231,53,0.02568
ENSG00000198963,RORB,91,2.51893,42,-0.8030,2,-4.9369
ENSG00000106733,NMRK1,30,0.74875,2,-3.6143,26,-0.0735
ENSG00000134996,OSTF1,25,-1.0599,33,-0.0009,64,1.26363
ENSG00000135002,RFK,76,3.13479,0,-8.5573,12,-2.3896
ENSG00000106772,PRUNE2,101,-0.5294,73,-0.6875,183,0.89722
ENSG00000197969,VPS13A,39,1.30712,36,0.15895,5,-2.7881
ENSG00000156052,GNAQ,205,0.16705,198,-0.0061,174,-0.2243
ENSG00000135069,PSAT1,114,-1.3464,127,-0.3897,374,1.68771
ENSG00000106829,TLE4,69,-0.4452,27,-1.5500,127,0.98154
ENSG00000196781,TLE1,50,0.43576,40,-0.2074,35,-0.4808
ENSG00000135018,UBQLN1,103,0.15149,68,-0.6097,105,0.08644
ENSG00000165119,HNRNPK,365,-0.2560,372,-0.0521,468,0.35527
ENSG00000148053,NTRK2,562,-0.2251,643,0.14206,664,0.21790
ENSG00000135049,AGTPBP1,39,-0.5380,28,-0.7171,72,0.91442
ENSG00000135052,GOLM1,107,0.59200,116,0.29014,48,-1.1632
ENSG00000135070,ISCA1,90,1.34721,4,-4.0594,50,-0.6707
ENSG00000196730,DAPK1,38,1.54682,14,-1.2001,12,-1.5172
ENSG00000135047,CTSL,52,-1.1892,122,0.90520,118,0.96953
ENSG00000106723,SPIN1,170,0.79330,138,-0.1317,78,-1.0946
ENSG00000148082,SHC3,125,2.09548,44,-1.2313,21,-2.4219
ENSG00000187742,SECISBP2,28,0.12273,20,-0.5283,29,0.09055
ENSG00000187764,SEMA4D,69,-2.1727,71,-0.9964,434,2.63935
ENSG00000130222,GADD45G,30,-0.7248,45,0.35430,54,0.72967
ENSG00000165023,DIRAS2,423,2.82760,76,-2.1936,51,-2.9066
ENSG00000148090,AUH,30,1.10269,7,-1.8691,17,-0.6772
ENSG00000090054,SPTLC1,38,-0.7666,41,-0.1350,76,0.98871
ENSG00000196305,IARS,52,1.11565,7,-2.6912,32,-0.5437
ENSG00000185963,BICD2,27,-0.1558,33,0.26404,29,0.05414
ENSG00000165233,CARD19,37,-0.6403,103,1.46819,36,-0.3080
ENSG00000131669,NINJ1,40,-1.5419,263,2.65460,46,-0.5024
ENSG00000165238,WNK2,90,1.86862,32,-1.2559,21,-1.9912
ENSG00000188938,FAM120AOS,33,-0.1332,40,0.25465,34,0.02910
ENSG00000048828,FAM120A,47,-0.6997,104,1.04491,63,0.23655
ENSG00000197724,PHF2,23,-0.7709,36,0.39963,42,0.76171
ENSG00000148110,MFSD14B,33,-0.9614,72,0.86160,62,0.72229
ENSG00000148120,AOPEP,19,-1.8366,23,-0.5482,91,2.21923
ENSG00000185920,PTCH1,17,-0.0516,13,-0.4644,20,0.27852
ENSG00000182150,ERCC6L2,23,0.84465,8,-1.2959,15,-0.5270
ENSG00000130956,HABP4,147,0.68840,83,-0.7250,95,-0.5506
ENSG00000081377,CDC14B,12,-1.8460,30,0.56963,52,1.85069
ENSG00000196312,MFSD14C,16,-0.0153,19,0.22979,15,-0.1188
ENSG00000136842,TMOD1,33,0.97301,10,-1.5211,20,-0.6147
ENSG00000136937,NCBP1,23,0.65602,14,-0.5345,14,-0.6026
ENSG00000136938,ANP32B,29,-2.1097,96,0.85485,145,1.96730
ENSG00000095380,NANS,21,0.25050,23,0.19136,15,-0.4829
ENSG00000136928,GABBR2,280,3.45698,64,-1.8152,6,-5.3577
ENSG00000106799,TGFBR1,10,-2.9432,209,4.21658,14,-1.1277
ENSG00000106803,SEC61B,63,-0.7812,62,-0.3064,132,1.06315
ENSG00000119508,NR4A3,16,-0.5062,65,2.28949,1,-3.5072
ENSG00000023318,ERP44,15,-0.9900,46,1.45403,23,0.27425
ENSG00000241697,TMEFF1,105,0.64584,8,-3.6077,97,0.03253
ENSG00000148123,PLPPR1,26,-1.8662,9,-2.3501,138,2.50806
ENSG00000136897,MRPL50,25,-0.3574,29,0.06637,35,0.42454
ENSG00000136870,ZNF189,35,0.10062,25,-0.5058,37,0.10896
ENSG00000165152,TMEM246,71,1.30864,9,-2.7123,38,-0.7536
ENSG00000155827,RNF20,25,-0.3880,28,0.05380,36,0.46834
ENSG00000136783,NIPSNAP3A,22,-0.9927,34,0.29402,49,1.07007
ENSG00000070214,SLC44A1,74,-2.7059,99,-0.9763,678,3.13659
ENSG00000106701,FSD1L,35,0.66060,24,-0.4097,21,-0.6809
ENSG00000119318,RAD23B,114,0.66862,110,0.11523,52,-1.1132
ENSG00000070061,ELP1,42,0.38510,5,-3.0939,46,0.27156
ENSG00000119328,ABITRAM,18,0.71628,0,-6.7735,16,0.02987
ENSG00000106771,TMEM245,71,0.37681,56,-0.2743,54,-0.3585
ENSG00000260230,FRRS1L,128,2.77573,29,-1.8577,13,-3.1116
ENSG00000095203,EPB41L4B,44,2.89187,13,-1.4372,2,-4.1360
ENSG00000157654,PALM2-AKAP2,53,-0.1422,35,-0.6551,70,0.45107
ENSG00000136810,TXN,232,0.55088,57,-1.9877,209,-0.0254
ENSG00000198121,LPAR1,35,-3.3563,34,-1.9447,529,3.89763
ENSG00000136813,ECPAS,64,-0.3862,78,0.19251,86,0.39688
ENSG00000173258,ZNF483,216,1.33263,83,-1.1966,87,-1.2073
ENSG00000242616,GNG10,67,-0.3303,66,-0.1214,93,0.47693
ENSG00000148154,UGCG,41,0.54434,65,0.90096,9,-2.1656
ENSG00000119314,PTBP3,14,-0.1613,14,-0.0496,17,0.23536
ENSG00000119471,HSDL2,32,-0.7388,85,1.34187,38,0.00858
ENSG00000148153,INIP,25,-0.1739,20,-0.3855,33,0.39539
ENSG00000148158,SNX30,38,-0.9232,27,-0.8635,95,1.36168
ENSG00000136867,SLC31A2,12,-3.7419,41,-0.4260,229,3.86906
ENSG00000176386,CDC26,15,-0.7396,25,0.52807,26,0.65357
ENSG00000136875,PRPF4,21,0.72525,20,0.11188,9,-1.2149
ENSG00000119431,HDHD3,23,1.82448,0,-4.8790,9,-1.1269
ENSG00000148218,ALAD,47,-1.1289,105,0.83760,103,0.94051
ENSG00000148229,POLE3,32,0.03055,22,-0.5180,35,0.19926
ENSG00000138835,RGS3,13,-1.8247,57,1.57949,42,1.21573
ENSG00000095397,WHRN,12,-1.8105,0,-6.7979,63,2.56011
ENSG00000136888,ATP6V1G1,131,0.62000,99,-0.2835,78,-0.7015
ENSG00000157693,TMEM268,58,1.81637,30,-0.6806,9,-2.5117
ENSG00000148219,ASTN2,45,0.70454,18,-1.2268,32,-0.3772
ENSG00000078725,BRINP1,58,1.42651,24,-1.0525,20,-1.4249
ENSG00000136861,CDK5RAP2,9,-2.2730,45,1.36608,48,1.81912
ENSG00000106780,MEGF9,57,-0.8515,39,-0.9031,135,1.29471
ENSG00000119402,FBXW2,35,0.47188,8,-1.9844,34,0.06096
ENSG00000095261,PSMD5,15,-0.3584,16,-0.0396,21,0.47520
ENSG00000119396,RAB14,103,-0.5130,98,-0.2469,171,0.74141
ENSG00000148180,GSN,121,-3.1292,829,1.31572,1180,2.55956
ENSG00000148175,STOM,65,-1.4696,431,2.75026,57,-0.8873
ENSG00000136848,DAB2IP,66,0.41558,111,0.98412,18,-1.9523
ENSG00000119421,NDUFA8,145,0.95787,40,-1.7196,92,-0.5428
ENSG00000119446,RBM18,36,0.24528,34,0.01599,28,-0.3495
ENSG00000056586,RC3H2,31,0.00119,14,-1.1634,39,0.42529
ENSG00000011454,RABGAP1,81,0.19489,57,-0.5052,78,-0.0083
ENSG00000165209,STRBP,33,3.59860,2,-3.3605,2,-3.4167
ENSG00000148204,CRB2,13,-2.6834,50,0.62826,108,2.59291
ENSG00000119522,DENND1A,33,0.61710,26,-0.2122,19,-0.7459
ENSG00000106689,LHX2,83,1.24449,37,-0.9587,33,-1.2087
ENSG00000119408,NEK6,19,-0.4009,57,1.70129,10,-1.2440
ENSG00000136930,PSMB7,138,0.35185,53,-1.3552,135,0.07321
ENSG00000136942,RPL35,620,-0.7583,1173,0.75673,988,0.53524
ENSG00000136950,ARPC5L,97,1.60960,32,-1.3659,31,-1.5162
ENSG00000173611,SCAI,50,3.33808,0,-7.9781,7,-2.5998
ENSG00000119414,PPP6C,54,-0.1923,39,-0.5731,74,0.48293
ENSG00000136933,RABEPK,21,-0.0851,0,-7.1461,33,0.83507
ENSG00000044574,HSPA5,98,-0.9949,177,0.57813,204,0.93245
ENSG00000165219,GAPVD1,29,-0.1766,0,-6.3871,50,0.92329
ENSG00000119487,MAPKAP1,43,0.77890,24,-0.6933,25,-0.6893
ENSG00000196814,MVB12B,26,-2.2833,11,-2.2851,186,2.91293
ENSG00000169155,ZBTB43,21,0.79485,10,-0.9120,13,-0.6076
ENSG00000136828,RALGPS1,35,0.64433,17,-0.9040,25,-0.4160
ENSG00000136895,GARNL3,40,0.74743,26,-0.5079,23,-0.7475
ENSG00000136856,SLC2A8,21,-0.9882,25,-0.1294,51,1.23105
ENSG00000197958,RPL12,249,-1.2615,479,0.53275,657,1.25805
ENSG00000148356,LRSAM1,34,0.37188,38,0.25878,21,-0.7345
ENSG00000136830,NIBAN2,13,-1.1966,78,2.61366,8,-1.3042
ENSG00000136854,STXBP1,763,2.86096,132,-2.2445,91,-2.9255
ENSG00000136807,CDK9,33,-0.2592,67,1.06742,26,-0.4911
ENSG00000106991,ENG,12,-3.6036,447,5.34480,4,-3.6344
ENSG00000106992,AK1,131,-0.4642,176,0.31732,183,0.42794
ENSG00000160408,ST6GALNAC6,120,0.79817,86,-0.3201,60,-0.9487
ENSG00000136908,DPM2,39,-0.3132,56,0.44971,46,0.14887
ENSG00000167106,FAM102A,59,-1.3621,68,-0.3379,194,1.68951
ENSG00000148339,SLC25A25,33,1.00696,14,-1.1359,18,-0.7922
ENSG00000148334,PTGES2,98,1.63785,35,-1.2672,29,-1.6146
ENSG00000171159,C9orf16,462,1.55910,232,-0.7560,118,-1.8784
ENSG00000148337,CIZ1,52,0.06685,53,0.03656,48,-0.1114
ENSG00000106976,DNM1,964,2.82516,291,-1.4266,58,-3.9280
ENSG00000167110,GOLGA2,36,0.62150,23,-0.5288,23,-0.5578
ENSG00000175854,SWI5,12,-1.3982,16,-0.1313,41,1.66526
ENSG00000167112,TRUB2,46,0.15551,42,-0.0882,41,-0.1600
ENSG00000167113,COQ4,45,-0.3416,56,0.20908,59,0.33137
ENSG00000167114,SLC27A4,58,0.68820,29,-0.8915,39,-0.4773
ENSG00000167118,URM1,36,-0.8866,56,0.35784,73,0.91894
ENSG00000207955,AL359091.1,28,-3.8708,68,-1.0360,585,4.16383
ENSG00000167123,CERCAM,17,-4.0185,27,-1.7908,409,4.46386
ENSG00000197694,SPTAN1,435,1.12834,252,-0.6025,172,-1.2651
ENSG00000119333,WDR34,17,-0.4309,24,0.42905,22,0.31970
ENSG00000119335,SET,162,-0.6068,164,-0.1951,289,0.82999
ENSG00000160445,ZER1,158,1.28946,46,-1.5902,73,-0.9862
ENSG00000107021,TBC1D13,47,-0.1853,43,-0.2070,59,0.33733
ENSG00000167136,ENDOG,51,0.33361,33,-0.6047,45,-0.1419
ENSG00000198917,SPOUT1,16,-0.7160,21,0.15652,29,0.81390
ENSG00000136802,LRRC8A,104,-0.5619,216,0.99436,123,0.07988
ENSG00000175287,PHYHD1,11,-1.4572,13,-0.4102,40,1.80639
ENSG00000095319,NUP188,24,-0.4064,41,0.70114,28,0.09826
ENSG00000148341,SH3GLB2,190,0.17215,106,-0.8536,200,0.14522
ENSG00000148343,MIGA2,29,0.43962,24,-0.1795,20,-0.5039
ENSG00000095321,CRAT,44,0.14001,46,0.09786,37,-0.2522
ENSG00000119383,PTPA,196,0.48004,152,-0.2724,134,-0.5045
ENSG00000188483,IER5L,36,0.22761,56,0.76765,18,-1.0471
ENSG00000148335,NTMT1,20,-0.1191,27,0.40978,19,-0.0958
ENSG00000148331,ASB6,39,0.33558,42,0.21054,25,-0.6324
ENSG00000136827,TOR1A,34,0.05773,37,0.15786,31,-0.1746
ENSG00000136819,C9orf78,63,-0.3828,61,-0.1918,94,0.56867
ENSG00000136878,USP20,37,0.34572,29,-0.2900,29,-0.3072
ENSG00000187239,FNBP1,36,-2.1442,27,-1.4353,229,2.68360
ENSG00000148358,GPR107,30,-0.4491,23,-0.5142,49,0.75817
ENSG00000107130,NCS1,306,1.44205,145,-0.8692,96,-1.5758
ENSG00000130707,ASS1,30,-0.0665,57,0.99707,19,-0.7657
ENSG00000107164,FUBP3,35,-1.1160,82,0.95156,73,0.85223
ENSG00000130713,EXOSC2,19,0.15416,21,0.23091,15,-0.3665
ENSG00000097007,ABL1,25,-1.8644,66,0.66706,107,1.82333
ENSG00000126878,AIF1L,32,-3.4312,143,0.29600,454,3.34078
ENSG00000126883,NUP214,25,-0.8214,71,1.45013,30,0.02081
ENSG00000160539,PLPP7,26,1.17545,14,-0.6652,10,-1.2944
ENSG00000130723,PRRC2B,164,0.38285,181,0.25952,98,-0.7537
ENSG00000130714,POMT1,37,0.26863,48,0.47681,22,-0.7709
ENSG00000130717,UCK1,40,-0.6754,83,0.92185,56,0.30407
ENSG00000107263,RAPGEF1,54,-0.7086,204,2.02040,32,-1.1439
ENSG00000160563,MED27,19,-0.0956,22,0.22366,19,-0.0029
ENSG00000196358,NTNG2,33,-0.2506,25,-0.5120,47,0.53042
ENSG00000107290,SETX,29,-1.4473,92,1.26860,73,1.02529
ENSG00000125484,GTF3C4,29,0.74520,29,0.19316,11,-1.3492
ENSG00000165698,SPACA9,24,-0.4263,31,0.29438,32,0.39256
ENSG00000165699,TSC1,40,0.46119,29,-0.3894,29,-0.4115
ENSG00000148308,GTF3C5,36,-0.4469,21,-0.9746,63,0.87708
ENSG00000160271,RALGDS,58,-2.0367,174,0.77424,274,1.93887
ENSG00000148296,SURF6,30,0.02669,24,-0.3595,32,0.14061
ENSG00000148297,MED22,21,-0.5573,35,0.59662,30,0.37948
ENSG00000148303,RPL7A,444,-0.8212,894,0.83338,731,0.56402
ENSG00000148290,SURF1,49,-0.5704,57,0.06741,80,0.68217
ENSG00000148291,SURF2,33,0.53160,11,-1.5295,28,-0.0922
ENSG00000148248,SURF4,81,-0.4394,143,0.77407,93,0.08803
ENSG00000148300,REXO4,20,-0.4474,20,-0.1583,31,0.63158
ENSG00000160326,SLC2A6,35,0.83881,38,0.31831,10,-1.7379
ENSG00000197859,ADAMTSL2,22,-0.7573,86,2.05775,13,-1.0987
ENSG00000235106,BRD3OS,87,1.62106,26,-1.5101,29,-1.4598
ENSG00000169925,BRD3,32,-0.5198,50,0.53114,44,0.37240
ENSG00000196363,WDR5,26,0.23770,14,-0.8704,26,0.07268
ENSG00000186350,RXRA,40,-0.4854,90,1.16565,39,-0.2113
ENSG00000130558,OLFM1,1093,3.33263,116,-2.9467,104,-3.2334
ENSG00000196422,PPP1R26,24,-0.1930,19,-0.4024,32,0.42443
ENSG00000122140,MRPS2,40,0.35054,34,-0.1429,30,-0.3990
ENSG00000107147,KCNT1,56,4.58086,1,-4.8141,2,-4.2074
ENSG00000130559,CAMSAP1,57,0.91691,15,-1.8458,38,-0.4653
ENSG00000130560,UBAC1,48,-0.3086,67,0.42654,56,0.15788
ENSG00000148411,NACC2,58,-1.5164,161,0.99028,171,1.28844
ENSG00000238227,TMEM250,46,1.06181,12,-1.8037,27,-0.6448
ENSG00000160360,GPSM1,46,0.24764,34,-0.4007,41,-0.1215
ENSG00000165689,ENTR1,14,-1.0134,54,1.79558,18,-0.0855
ENSG00000165688,PMPCA,55,0.15758,72,0.47338,38,-0.5764
ENSG00000148384,INPP5E,22,0.64317,19,-0.0700,11,-0.8964
ENSG00000148396,SEC16A,66,0.29807,74,0.27473,43,-0.6269
ENSG00000148400,NOTCH1,18,-2.0124,64,1.06893,79,1.75539
ENSG00000172889,EGFL7,127,0.10169,321,1.61187,17,-3.1229
ENSG00000169692,AGPAT2,20,-0.7689,100,2.61322,1,-4.4193
ENSG00000165716,DIPK1B,72,3.02869,10,-2.5286,8,-3.0070
ENSG00000233016,SNHG7,32,-0.9238,46,0.25842,67,1.00793
ENSG00000244187,TMEM141,58,-0.1734,44,-0.4960,77,0.43482
ENSG00000196642,RABL6,134,0.02084,175,0.43578,111,-0.3244
ENSG00000232434,AJM1,55,1.17841,5,-3.2024,33,-0.5549
ENSG00000054148,PHPT1,188,-0.5932,191,-0.1811,330,0.80933
ENSG00000107223,EDF1,303,-0.1785,253,-0.3380,389,0.38272
ENSG00000159069,FBXW5,102,0.16168,136,0.51739,68,-0.6261
ENSG00000107317,PTGDS,1642,-1.8014,2559,-0.1166,7306,2.06674
ENSG00000214402,LCNL1,20,-0.6271,20,-0.1752,36,0.84581
ENSG00000148362,PAXX,64,-0.8039,97,0.35268,121,0.82471
ENSG00000107331,ABCA2,179,-2.2749,145,-1.4202,1227,2.80756
ENSG00000107281,NPDC1,260,0.44573,292,0.30936,140,-0.9118
ENSG00000054179,ENTPD2,8,-2.4899,94,3.00920,24,0.44365
ENSG00000177239,MAN1B1,56,0.05949,65,0.23778,49,-0.2315
ENSG00000176978,DPP7,93,-0.5360,191,0.99052,107,0.04462
ENSG00000176884,GRIN1,691,2.87826,215,-1.3762,33,-4.2639
ENSG00000176101,SSNA1,67,-1.1993,75,-0.3004,195,1.50995
ENSG00000176058,TPRN,39,-2.0044,51,-0.5108,209,2.37313
ENSG00000187713,TMEM203,42,0.72547,27,-0.5033,24,-0.7186
ENSG00000212864,RNF208,128,1.44056,81,-0.4212,30,-2.0213
ENSG00000188229,TUBB4B,337,1.16721,221,-0.4021,114,-1.5022
ENSG00000188986,NELFB,57,-0.4057,72,0.22991,78,0.40166
ENSG00000198435,NRARP,25,0.27020,52,1.29000,5,-2.3885
ENSG00000165802,NSMF,266,0.28771,304,0.29652,174,-0.6292
ENSG00000182154,MRPL41,176,0.00231,130,-0.4706,199,0.21549
ENSG00000148399,DPH7,16,-1.1246,40,0.99545,34,0.83312
ENSG00000165724,ZMYND19,26,1.36417,0,-4.6795,15,-0.6604
ENSG00000197070,ARRDC1,18,-0.5465,36,0.93641,21,0.10826
ENSG00000203993,ARRDC1-AS1,16,-0.0866,5,-1.5619,22,0.60066
ENSG00000181090,EHMT1,22,-0.2872,17,-0.4476,31,0.55116
ENSG00000148408,CACNA1B,63,4.04437,3,-4.0179,4,-3.7645
ENSG00000015171,ZMYND11,77,-0.2547,55,-0.6120,111,0.56733
ENSG00000151240,DIP2C,44,-0.0845,25,-0.9103,58,0.45897
ENSG00000225140,AL358216.1,8,-3.1393,15,-0.9097,111,3.51202
ENSG00000107929,LARP4B,41,-0.3042,82,1.04366,35,-0.3832
ENSG00000107937,GTPBP4,22,-0.0543,12,-0.9923,29,0.44617
ENSG00000067064,IDI1,113,0.08374,31,-1.9113,144,0.47091
ENSG00000047056,WDR37,31,0.27194,40,0.48186,19,-0.7821
ENSG00000185736,ADARB2,10,-2.5894,0,-5.4452,96,3.32887
ENSG00000067057,PFKP,240,2.28464,61,-1.7143,43,-2.3455
ENSG00000107959,PITRM1,60,0.94984,4,-3.5861,44,-0.2843
ENSG00000067082,KLF6,36,-0.3357,105,1.67924,17,-1.3801
ENSG00000196139,AKR1C3,15,-0.0301,18,0.29463,14,-0.1418
ENSG00000173848,NET1,20,-0.3712,49,1.33608,15,-0.6367
ENSG00000196372,ASB13,31,0.36411,31,0.09855,20,-0.5865
ENSG00000108021,TASOR2,18,-0.1593,10,-0.8915,25,0.53867
ENSG00000057608,GDI2,102,-0.5139,182,0.76670,127,0.19989
ENSG00000134452,FBH1,35,-0.0013,31,-0.1912,37,0.10024
ENSG00000134453,RBM17,41,-0.6473,42,-0.1879,76,0.87336
ENSG00000170525,PFKFB3,46,-1.8750,301,2.38749,103,0.47139
ENSG00000237943,PRKCQ-AS1,15,-1.6316,0,-7.2608,69,2.38273
ENSG00000123243,ITIH5,13,-2.5463,240,4.36644,2,-4.0659
ENSG00000165629,ATP5F1C,157,0.58288,99,-0.5627,107,-0.4874
ENSG00000048740,CELF2,181,1.66328,134,-0.1430,18,-3.2501
ENSG00000151461,UPF2,26,-0.0137,33,0.40606,22,-0.2480
ENSG00000065665,SEC61A2,38,0.39694,0,-6.2770,43,0.34715
ENSG00000165609,NUDT5,15,-1.3290,46,1.22014,36,0.92098
ENSG00000151465,CDC123,44,-0.2839,56,0.29374,53,0.20799
ENSG00000183049,CAMK1D,129,2.86308,39,-1.4138,6,-4.0944
ENSG00000151468,CCDC3,60,1.31482,72,0.57579,0,-7.4394
ENSG00000123240,OPTN,155,1.06975,78,-0.8145,71,-1.0360
ENSG00000107537,PHYH,28,0.77747,19,-0.3935,15,-0.8647
ENSG00000086475,SEPHS1,26,-0.3076,26,-0.1507,36,0.46205
ENSG00000151474,FRMD4A,33,0.23857,60,1.06082,12,-1.5936
ENSG00000065809,FAM107B,33,-3.2987,87,-0.4010,443,3.50680
ENSG00000176244,ACBD7,43,0.30641,21,-0.9914,42,0.02869
ENSG00000152465,NMT2,40,1.11942,28,-0.3265,13,-1.4894
ENSG00000148468,FAM171A1,129,0.09397,46,-1.5457,159,0.40118
ENSG00000148481,MINDY3,29,0.11904,15,-0.9173,32,0.22683
ENSG00000148484,RSU1,21,-0.9451,49,1.00869,37,0.59862
ENSG00000026025,VIM,235,-1.9184,2195,3.21783,237,-0.9310
ENSG00000136738,STAM,38,-0.2091,14,-1.5381,59,0.72859
ENSG00000148482,SLC39A12,47,0.47854,82,1.06189,9,-2.4395
ENSG00000165995,CACNB2,58,5.28474,1,-4.6683,1,-5.2995
ENSG00000165997,ARL5B,25,0.58896,25,0.16174,12,-1.0169
ENSG00000120594,PLXDC2,26,-2.1095,208,2.56651,68,0.55456
ENSG00000078114,NEBL,117,-0.2735,193,0.72594,115,-0.1178
ENSG00000078403,MLLT10,18,-0.1966,33,0.94982,14,-0.4646
ENSG00000148444,COMMD3,21,-1.2076,9,-1.6833,70,1.78643
ENSG00000168283,BMI1,43,-0.6050,2,-4.5679,97,1.33369
ENSG00000150867,PIP4K2A,80,-3.2365,99,-1.4948,1082,3.71822
ENSG00000148450,MSRB2,66,-0.1640,81,0.27738,70,0.05692
ENSG00000165312,OTUD1,23,0.51321,18,-0.2790,15,-0.5480
ENSG00000120549,KIAA1217,51,2.66611,7,-2.5805,8,-2.4399
ENSG00000107863,ARHGAP21,153,-0.8753,143,-0.4248,350,1.20164
ENSG00000099256,PRTFDC1,17,-1.2996,23,-0.1070,54,1.55517
ENSG00000151025,GPR158,59,4.31669,0,-6.5244,4,-3.6507
ENSG00000136750,GAD2,50,4.46553,3,-3.5003,1,-4.7968
ENSG00000136754,ABI1,71,0.13635,57,-0.2870,68,-0.0310
ENSG00000136758,YME1L1,51,0.08924,62,0.31619,42,-0.3335
ENSG00000107897,ACBD5,45,-0.4369,51,0.06890,65,0.52102
ENSG00000099246,RAB18,115,0.32531,62,-0.8543,106,-0.0379
ENSG00000254635,WAC-AS1,22,0.63346,0,-7.0713,21,0.11457
ENSG00000095787,WAC,126,0.00748,92,-0.4930,142,0.21780
ENSG00000165757,JCAD,37,1.20336,40,0.39555,4,-3.1888
ENSG00000107951,MTPAP,13,-0.7629,24,0.69983,21,0.57839
ENSG00000148516,ZEB1,38,-0.3042,79,1.10999,30,-0.4614
ENSG00000165322,ARHGAP12,30,-0.4493,71,1.29110,25,-0.4247
ENSG00000170759,KIF5B,78,-1.7777,204,0.74234,299,1.69956
ENSG00000120616,EPC1,17,-0.7768,21,0.02855,35,0.93806
ENSG00000150093,ITGB1,25,-2.7701,318,2.93012,105,0.85312
ENSG00000099250,NRP1,18,-0.4166,71,2.23762,1,-4.0640
ENSG00000108094,CUL2,34,0.76039,0,-7.6681,30,-0.0102
ENSG00000095794,CREM,34,-1.0391,114,1.63041,48,0.15924
ENSG00000108100,CCNY,75,-0.1430,49,-0.6968,99,0.46495
ENSG00000198105,ZNF248,25,1.16819,4,-2.3644,14,-0.6512
ENSG00000175395,ZNF25,65,2.11817,11,-2.2255,16,-1.8365
ENSG00000189180,ZNF33A,18,-1.1066,18,-0.4131,49,1.44472
ENSG00000165733,BMS1,23,0.42618,15,-0.5445,18,-0.2874
ENSG00000198915,RASGEF1A,45,1.69454,24,-0.6019,8,-2.3410
ENSG00000169813,HNRNPF,30,-1.8134,150,1.85337,86,0.96920
ENSG00000169740,ZNF32,48,-0.0145,16,-1.6275,64,0.53363
ENSG00000107551,RASSF4,37,-1.4652,124,1.33104,95,1.00000
ENSG00000165406,MARCH8,9,-1.9751,13,-0.4239,50,2.32299
ENSG00000172661,WASHC2C,16,-0.5622,22,0.30976,25,0.55474
ENSG00000265354,TIMM23,57,1.05679,28,-0.8612,27,-0.9911
ENSG00000266412,NCOA4,79,-0.5428,106,0.28021,120,0.54636
ENSG00000170324,FRMPD2,47,5.40138,0,-7.8504,1,-4.7199
ENSG00000107643,MAPK8,52,1.43977,28,-0.6465,14,-1.7642
ENSG00000197444,OGDHL,91,1.62330,58,-0.3682,14,-2.5477
ENSG00000099290,WASHC2A,28,0.64542,13,-1.0673,21,-0.3572
ENSG00000198964,SGMS1,19,-1.2039,35,0.47367,50,1.22294
ENSG00000177613,CSTF2T,23,-0.8898,16,-0.9132,57,1.33714
ENSG00000122873,CISD1,95,1.70911,19,-2.0633,33,-1.3629
ENSG00000072401,UBE2D1,30,0.62484,13,-1.0577,22,-0.3350
ENSG00000108064,TFAM,24,0.71552,10,-1.1883,17,-0.4030
ENSG00000237949,LINC00844,122,-2.8896,13,-4.7864,1358,3.61787
ENSG00000165443,PHYHIPL,188,-0.1271,97,-1.0648,260,0.54569
ENSG00000148541,FAM13C,21,-2.0856,39,-0.0286,115,2.31362
ENSG00000165449,SLC16A9,16,-1.2322,23,0.13953,44,1.39680
ENSG00000108091,CCDC6,78,1.54418,21,-1.6749,29,-1.2851
ENSG00000151150,ANK3,145,-0.2819,45,-1.8600,242,0.85253
ENSG00000150347,ARID5B,37,-0.2059,48,0.34902,40,0.06825
ENSG00000138311,ZNF365,96,0.72499,19,-2.2199,77,-0.1808
ENSG00000181915,ADO,44,-0.2698,22,-1.1231,69,0.71636
ENSG00000148572,NRBF2,29,1.42032,1,-4.2955,15,-0.7344
ENSG00000171988,JMJD1C,32,-0.6580,89,1.44663,32,-0.2486
ENSG00000165476,REEP3,23,-2.8034,65,0.11412,210,2.91262
ENSG00000198739,LRRTM3,45,3.05646,5,-2.7932,5,-2.9000
ENSG00000108176,DNAJC12,26,-0.1526,16,-0.7885,36,0.50293
ENSG00000096717,SIRT1,15,-1.1438,44,1.33027,28,0.60196
ENSG00000148634,HERC4,43,0.44552,29,-0.4788,33,-0.3443
ENSG00000096746,HNRNPH3,83,-0.8095,126,0.36192,157,0.82670
ENSG00000204130,RUFY2,36,-0.0671,20,-0.8793,46,0.43078
ENSG00000122912,SLC25A16,16,0.81433,17,0.27312,5,-1.6078
ENSG00000060339,CCAR1,36,0.34496,22,-0.6644,31,-0.1320
ENSG00000165730,STOX1,26,-0.0392,42,0.74199,20,-0.5114
ENSG00000107625,DDX50,27,0.63042,19,-0.3825,17,-0.6538
ENSG00000165732,DDX21,16,-1.0917,36,0.91944,33,0.84407
ENSG00000198954,KIF1BP,47,0.13910,17,-1.5179,55,0.34636
ENSG00000122862,SRGN,18,-3.3955,551,5.03673,11,-2.7802
ENSG00000122958,VPS26A,62,0.60900,32,-0.8781,45,-0.3812
ENSG00000156502,SUPV3L1,21,1.14219,0,-4.4471,14,-0.4410
ENSG00000156515,HK1,268,1.88024,115,-0.9635,51,-2.2828
ENSG00000099282,TSPAN15,8,-3.7223,36,-0.0579,153,3.71117
ENSG00000171224,FAM241B,41,2.43414,12,-1.4220,5,-2.9000
ENSG00000079332,SAR1A,84,0.08743,59,-0.5169,89,0.12948
ENSG00000180817,PPA1,177,-0.0718,105,-0.8250,227,0.42091
ENSG00000172731,LRRC20,37,2.00109,6,-2.2090,10,-1.6887
ENSG00000148730,EIF4EBP2,57,-0.3261,152,1.52466,32,-1.0593
ENSG00000166224,SGPL1,17,-1.4740,67,1.69416,36,0.70369
ENSG00000166228,PCBD1,47,0.26914,53,0.25847,32,-0.5663
ENSG00000107731,UNC5B,12,-2.7076,83,1.62172,84,2.02437
ENSG00000107738,VSIR,44,-1.8070,401,3.26717,31,-1.4135
ENSG00000197746,PSAP,1201,-0.7494,3106,1.30657,1475,0.06256
ENSG00000107742,SPOCK2,248,0.67570,324,0.60693,71,-1.8529
ENSG00000138303,ASCC1,14,-1.7712,47,1.16529,48,1.45278
ENSG00000166295,ANAPC16,53,-0.6003,89,0.63513,76,0.41060
ENSG00000168209,DDIT4,135,-0.9832,129,-0.4400,336,1.32149
ENSG00000148719,DNAJB12,33,-0.6128,56,0.63324,48,0.42829
ENSG00000107745,MICU1,75,0.05128,104,0.55202,56,-0.4747
ENSG00000122884,P4HA1,16,-0.7431,22,0.17512,31,0.83709
ENSG00000122882,ECD,17,-0.4144,27,0.61356,20,0.17479
ENSG00000213551,DNAJC9,26,0.47802,18,-0.4135,18,-0.4217
ENSG00000182180,MRPS16,41,-0.3539,54,0.30381,53,0.29397
ENSG00000138279,ANXA7,142,0.23027,137,0.01620,112,-0.3280
ENSG00000107758,PPP3CB,257,2.17028,58,-1.8831,56,-2.0625
ENSG00000166348,USP54,20,-2.9347,69,0.27096,205,2.96104
ENSG00000176986,SEC24C,34,-0.7549,63,0.69461,56,0.57164
ENSG00000172586,CHCHD1,52,0.82482,18,-1.4018,35,-0.4700
ENSG00000214655,ZSWIM8,34,-0.5252,46,0.27854,51,0.52542
ENSG00000166507,NDST2,21,0.05447,29,0.48529,16,-0.4191
ENSG00000148660,CAMK2G,256,1.31771,138,-0.6836,85,-1.5147
ENSG00000035403,VCL,19,-1.1501,118,2.77874,6,-2.1633
ENSG00000185009,AP3M1,20,0.18376,5,-1.9051,24,0.36239
ENSG00000156110,ADK,20,-0.3129,49,1.39728,12,-0.8566
ENSG00000156650,KAT6B,21,-0.3458,19,-0.2161,30,0.53446
ENSG00000156671,SAMD8,59,-0.3397,39,-0.7649,94,0.70749
ENSG00000165637,VDAC2,123,0.23536,57,-1.1295,129,0.15077
ENSG00000156113,KCNMA1,123,1.45549,74,-0.4876,30,-1.9688
ENSG00000148606,POLR3A,31,1.25446,12,-1.1097,13,-1.1409
ENSG00000138326,RPS24,489,-0.8619,733,0.32596,967,0.90552
ENSG00000108175,ZMIZ1,101,0.04454,140,0.54337,77,-0.4556
ENSG00000108179,PPIF,31,-1.6734,74,0.60774,115,1.65931
ENSG00000165424,ZCCHC24,58,-2.5101,259,1.08683,374,2.20429
ENSG00000133678,TMEM254,14,-0.5231,20,0.38667,20,0.46366
ENSG00000189129,PLAC9,19,-0.7912,98,2.60659,1,-3.8634
ENSG00000122359,ANXA11,113,0.62340,166,0.79285,27,-2.1366
ENSG00000122378,PRXL2A,196,0.59468,161,-0.1610,114,-0.7483
ENSG00000108219,TSPAN14,34,-0.7514,101,1.54896,36,-0.2156
ENSG00000185737,NRG3,34,2.97178,0,-7.0469,6,-2.2421
ENSG00000165678,GHITM,392,1.56605,70,-2.2910,163,-1.1263
ENSG00000148600,CDHR1,22,1.71159,6,-1.6459,7,-1.5231
ENSG00000148604,RGR,14,-1.5971,132,3.50003,0,-8.3102
ENSG00000107771,CCSER2,51,-0.0133,23,-1.2432,66,0.45942
ENSG00000182771,GRID1,18,0.07302,0,-6.8947,26,0.67559
ENSG00000062650,WAPL,22,-1.2938,90,1.85540,36,0.28697
ENSG00000122367,LDB3,8,-3.3055,0,-7.3185,123,4.05502
ENSG00000107779,BMPR1A,14,-1.2405,45,1.42092,28,0.65030
ENSG00000173267,SNCG,295,3.02980,86,-1.4554,10,-4.6588
ENSG00000148671,ADIRF,116,-1.5666,588,2.09684,222,0.39924
ENSG00000148672,GLUD1,231,-0.1940,162,-0.6077,315,0.49603
ENSG00000223482,NUTM2A-AS1,24,-0.3387,7,-1.8663,42,0.91299
ENSG00000138138,ATAD1,70,0.61551,45,-0.5353,46,-0.5461
ENSG00000171862,PTEN,109,0.80842,102,0.09682,42,-1.3584
ENSG00000107798,LIPA,39,-2.8296,270,1.62860,281,2.11815
ENSG00000119922,IFIT2,10,-2.4590,76,2.17375,44,1.35546
ENSG00000119917,IFIT3,17,-1.5849,107,2.45808,26,-0.0692
ENSG00000185745,IFIT1,53,-0.4611,116,1.14289,51,-0.2267
ENSG00000152778,IFIT5,16,-0.5116,25,0.49325,23,0.38554
ENSG00000148688,RPP30,26,0.27108,23,-0.1428,21,-0.2874
ENSG00000180628,PCGF5,72,-0.3590,118,0.67699,80,0.04893
ENSG00000165338,HECTD2,29,2.23016,15,-0.6446,1,-3.9795
ENSG00000119938,PPP1R3C,63,0.92881,37,-0.6053,31,-0.9542
ENSG00000107854,TNKS2,65,-0.1440,80,0.29002,68,0.02135
ENSG00000107864,CPEB3,69,1.90825,24,-1.2370,15,-2.0739
ENSG00000198060,MARCH5,33,-0.1211,51,0.66890,28,-0.3041
ENSG00000138190,EXOC6,24,1.07053,18,-0.1919,8,-1.5397
ENSG00000138207,RBP4,34,2.48851,0,-7.4587,9,-1.7476
ENSG00000148690,FRA10AC1,39,-0.7220,32,-0.5716,81,1.07670
ENSG00000108231,LGI1,74,1.49750,30,-1.0925,24,-1.5085
ENSG00000108239,TBC1D12,18,-2.1016,17,-1.0185,108,2.57503
ENSG00000095637,SORBS1,100,-0.0713,163,0.78089,75,-0.4973
ENSG00000059573,ALDH18A1,22,0.66400,24,0.28589,9,-1.3013
ENSG00000119977,TCTN3,18,-0.0610,21,0.26961,17,-0.0808
ENSG00000197430,OPALIN,81,-3.2332,57,-2.3188,1114,3.82833
ENSG00000077147,TM9SF3,109,-0.3643,173,0.62819,124,0.09390
ENSG00000196233,LCOR,17,-0.9277,29,0.52573,33,0.88171
ENSG00000187122,SLIT1,149,3.53819,4,-4.7564,17,-2.9697
ENSG00000052749,RRP12,24,1.53729,11,-0.8220,6,-1.7773
ENSG00000171314,PGAM1,338,1.30372,129,-1.2063,140,-1.1620
ENSG00000171311,EXOSC1,18,-0.0056,19,0.08750,18,-0.0427
ENSG00000171307,ZDHHC16,26,0.70810,31,0.43129,8,-1.6097
ENSG00000155229,MMS19,37,0.46660,27,-0.3382,26,-0.4472
ENSG00000165886,UBTD1,15,-0.9562,54,1.74450,18,-0.1157
ENSG00000171160,MORN4,35,2.85457,0,-5.5166,7,-2.1682
ENSG00000155252,PI4K2A,43,1.37493,30,-0.2797,10,-2.0714
ENSG00000119986,AVPI1,36,0.43042,46,0.51892,17,-1.1268
ENSG00000155256,ZFYVE27,43,0.20133,59,0.53994,27,-0.7182
ENSG00000155265,GOLGA7B,83,1.43238,51,-0.4709,20,-1.9412
ENSG00000095713,CRTAC1,32,1.86423,14,-0.9351,6,-2.2824
ENSG00000107521,HPS1,33,-0.0611,57,0.85982,23,-0.6032
ENSG00000119946,CNNM1,44,4.75390,2,-3.8553,1,-5.0106
ENSG00000120053,GOT1,254,2.00425,53,-2.0140,68,-1.7661
ENSG00000155287,SLC25A28,51,-0.3882,79,0.57493,61,0.16610
ENSG00000119929,CUTC,15,-0.6944,5,-1.9714,36,1.29460
ENSG00000014919,COX15,18,-0.5325,44,1.28339,17,-0.2667
ENSG00000095485,CWF19L1,18,-0.5876,34,0.81337,24,0.26687
ENSG00000196072,BLOC1S2,51,0.26472,25,-1.0195,51,0.08617
ENSG00000099194,SCD,355,-2.5649,332,-1.4079,2988,3.08229
ENSG00000235823,OLMALINC,15,-2.5396,17,-1.0996,125,3.00620
ENSG00000166136,NDUFB8,399,0.51100,169,-1.1889,335,-0.1557
ENSG00000166135,HIF1AN,18,-0.2490,22,0.23586,21,0.19605
ENSG00000119906,SLF2,21,-1.8854,74,1.17232,80,1.56620
ENSG00000055950,MRPL43,46,-1.3481,38,-0.8490,157,1.79750
ENSG00000107816,LZTS2,31,-1.7325,58,0.18104,130,1.89777
ENSG00000107819,SFXN3,57,0.09632,80,0.57586,40,-0.5730
ENSG00000166167,BTRC,67,1.82596,22,-1.3109,16,-1.8807
ENSG00000166171,DPCD,24,1.09513,0,-5.2186,16,-0.3708
ENSG00000166169,POLL,19,0.07485,32,0.88002,11,-0.8892
ENSG00000107829,FBXW4,42,-1.2045,105,1.01434,92,0.91668
ENSG00000198408,OGA,169,0.50374,151,-0.0494,103,-0.6903
ENSG00000120049,KCNIP2,38,0.62335,28,-0.3321,23,-0.6748
ENSG00000120029,ARMH3,17,-0.9093,39,1.02952,28,0.53632
ENSG00000166197,NOLC1,52,0.37070,32,-0.6299,44,-0.1785
ENSG00000107862,GBF1,49,0.37537,57,0.33780,28,-0.8163
ENSG00000059915,PSD,303,1.99334,93,-1.4565,67,-2.0502
ENSG00000107872,FBXL15,91,0.92031,70,-0.1948,37,-1.2577
ENSG00000107874,CUEDC2,90,0.01492,67,-0.4543,100,0.19378
ENSG00000138111,MFSD13A,23,0.54835,20,-0.0181,13,-0.7852
ENSG00000138107,ACTR1A,152,0.41356,94,-0.6276,124,-0.2342
ENSG00000171206,TRIM8,51,-0.7309,59,-0.0162,97,0.90355
ENSG00000138175,ARL3,73,1.08209,7,-3.2070,48,-0.4518
ENSG00000166272,WBP1L,26,-1.0022,92,1.75757,32,-0.0545
ENSG00000166275,BORCS7,45,-0.2183,73,0.68358,43,-0.1655
ENSG00000148842,CNNM2,22,0.17998,20,-0.1393,20,-0.1645
ENSG00000076685,NT5C2,30,-0.4984,49,0.61905,39,0.28577
ENSG00000148798,INA,302,3.25531,77,-1.6556,8,-4.9731
ENSG00000173915,ATP5MD,536,0.91039,165,-1.5923,345,-0.5193
ENSG00000148843,PDCD11,22,0.20382,32,0.65035,13,-0.8470
ENSG00000107954,NEURL1,81,1.89414,28,-1.2600,18,-2.0312
ENSG00000107957,SH3PXD2A,49,-0.6223,40,-0.5343,95,0.95717
ENSG00000065613,SLK,33,-0.0702,31,-0.1539,37,0.17013
ENSG00000148834,GSTO1,112,-0.2619,113,-0.0776,146,0.37430
ENSG00000156395,SORCS3,37,4.46180,0,-7.5045,2,-3.7559
ENSG00000108018,SORCS1,25,3.89575,4,-2.3482,0,-5.3783
ENSG00000108039,XPNPEP1,19,-0.4066,15,-0.5245,31,0.71327
ENSG00000148700,ADD3,129,-0.9887,257,0.73363,256,0.83654
ENSG00000119950,MXI1,64,-1.5204,120,0.33211,218,1.62366
ENSG00000119953,SMNDC1,15,-0.8237,19,0.06321,31,0.97736
ENSG00000108055,SMC3,23,-0.9022,34,0.23693,50,0.99285
ENSG00000150593,PDCD4,24,-1.3254,75,1.32455,53,0.83724
ENSG00000214413,BBIP1,25,-1.3560,31,-0.2648,83,1.66236
ENSG00000108061,SHOC2,81,1.72774,38,-0.8166,17,-2.1405
ENSG00000119927,GPAM,26,-0.1678,28,0.04784,30,0.19426
ENSG00000023041,ZDHHC6,18,0.12485,5,-1.8447,23,0.41704
ENSG00000148737,TCF7L2,20,-0.2029,44,1.24869,12,-0.8537
ENSG00000196865,NHLRC2,14,-0.1703,11,-0.3756,17,0.38738
ENSG00000043591,ADRB1,18,1.01709,10,-0.6273,8,-1.0731
ENSG00000165813,CCDC186,21,-0.0666,33,0.70557,16,-0.4277
ENSG00000099204,ABLIM1,72,-0.7723,213,1.53973,78,-0.1674
ENSG00000151553,FAM160B1,32,0.70646,39,0.46347,10,-1.6602
ENSG00000165832,TRUB1,30,1.39517,15,-0.7593,9,-1.5841
ENSG00000107518,ATRNL1,136,4.14559,13,-3.0492,4,-4.6436
ENSG00000165868,HSPA12A,151,2.01780,28,-2.1631,41,-1.7268
ENSG00000187164,SHTN1,93,-2.2978,96,-1.0747,644,2.77324
ENSG00000165650,PDZD8,38,-0.8288,66,0.58371,68,0.73103
ENSG00000229847,EMX2OS,21,-0.6409,42,0.88604,29,0.28447
ENSG00000170370,EMX2,26,-0.5314,30,0.05506,41,0.64118
ENSG00000107560,RAB11FIP2,56,1.35024,27,-0.8036,19,-1.4746
ENSG00000165669,FAM204A,41,0.65012,0,-5.5680,39,0.08518
ENSG00000151893,CACUL1,32,0.40234,28,-0.1305,23,-0.4813
ENSG00000107581,EIF3A,64,-0.5961,100,0.50799,95,0.48537
ENSG00000119979,DENND10,33,0.06604,18,-0.8546,38,0.27009
ENSG00000165672,PRDX3,123,0.29348,85,-0.5019,108,-0.1347
ENSG00000151923,TIAL1,47,-0.5967,48,-0.1869,84,0.81545
ENSG00000151929,BAG3,25,-1.1551,106,1.99858,31,-0.1220
ENSG00000198825,INPP5F,278,2.30943,103,-1.1516,32,-2.9873
ENSG00000197771,MCMBP,14,-1.0485,38,1.13136,27,0.63928
ENSG00000107651,SEC23IP,16,-0.1453,20,0.31101,17,0.00942
ENSG00000120008,WDR11,20,-0.6381,41,0.93010,26,0.24524
ENSG00000066468,FGFR2,60,-2.5231,95,-0.5911,474,2.88145
ENSG00000107669,ATE1,38,0.22202,16,-1.2210,41,0.18929
ENSG00000107672,NSMCE4A,14,-1.1724,32,0.88681,31,0.96131
ENSG00000138162,TACC2,25,2.88475,0,-7.0124,5,-2.1543
ENSG00000107679,PLEKHA1,144,1.02177,22,-2.5995,95,-0.4529
ENSG00000166033,HTRA1,349,-0.8785,540,0.36827,694,0.90445
ENSG00000095574,IKZF5,26,-0.9534,31,-0.1152,61,1.18827
ENSG00000196177,ACADSB,28,-0.1771,31,0.08912,32,0.18436
ENSG00000154473,BUB3,35,-0.8766,35,-0.3277,80,1.17411
ENSG00000182022,CHST15,35,2.18475,22,-0.3644,0,-5.7485
ENSG00000065154,OAT,187,0.56724,75,-1.2560,151,-0.2033
ENSG00000107902,LHPP,58,-3.2722,137,-0.5560,776,3.53253
ENSG00000189319,FAM53B,18,-1.9605,67,1.17048,74,1.64301
ENSG00000203791,EEF1AKMT2,27,1.36061,3,-2.9063,14,-0.7846
ENSG00000019995,ZRANB1,50,0.02067,61,0.32163,43,-0.2352
ENSG00000175029,CTBP2,34,-0.3722,42,0.18972,46,0.38065
ENSG00000188690,UROS,127,0.90149,89,-0.3413,57,-1.0982
ENSG00000107949,BCCIP,26,-0.0236,16,-0.6792,31,0.32046
ENSG00000150760,DOCK1,16,-1.9162,32,0.18839,77,2.07585
ENSG00000132334,PTPRE,26,-0.1776,35,0.39843,27,-0.0044
ENSG00000170430,MGMT,14,-1.1740,24,0.35545,37,1.24450
ENSG00000108010,GLRX3,33,0.18645,21,-0.6373,33,0.05400
ENSG00000176769,TCERG1L,19,7.42057,0,-6.5731,0,-7.6116
ENSG00000175470,PPP2R2D,60,0.90123,35,-0.5901,30,-0.9227
ENSG00000176171,BNIP3,201,0.89662,12,-3.9787,156,-0.2078
ENSG00000188385,JAKMIP3,18,-0.2892,7,-1.4892,30,0.80633
ENSG00000151640,DPYSL4,44,0.71759,29,-0.4425,25,-0.7438
ENSG00000165752,STK32C,58,2.34031,7,-2.6916,13,-1.9693
ENSG00000148814,LRRC27,25,1.91662,0,-7.0461,9,-1.1750
ENSG00000171813,PWWP2B,28,1.10525,32,0.49771,3,-3.1329
ENSG00000068383,INPP5A,44,0.33403,39,-0.0865,33,-0.4108
ENSG00000148826,NKX6-2,45,-3.5021,43,-2.0782,747,4.04987
ENSG00000197177,ADGRA1,83,1.90584,45,-0.5893,10,-2.9135
ENSG00000171798,KNDC1,110,1.59423,36,-1.3967,36,-1.4778
ENSG00000130640,TUBGCP2,54,0.11954,58,0.13821,46,-0.2498
ENSG00000198546,ZNF511,23,0.58115,13,-0.7231,17,-0.4097
ENSG00000130643,CALY,434,2.92226,104,-1.7691,34,-3.5486
ENSG00000127884,ECHS1,142,0.13001,119,-0.2387,135,-0.0462
ENSG00000148824,MTG1,18,-0.1521,7,-1.4623,26,0.65431
ENSG00000203772,SPRN,46,2.18238,19,-0.9331,5,-3.0265
ENSG00000177951,BET1L,15,-0.9868,20,0.07854,35,1.15365
ENSG00000177963,RIC8A,62,0.36487,49,-0.2636,47,-0.3481
ENSG00000142082,SIRT3,29,0.49309,17,-0.6606,22,-0.3225
ENSG00000185627,PSMD13,68,-0.4227,118,0.76217,77,0.07335
ENSG00000185201,IFITM2,13,-3.3164,340,4.19769,37,-0.4301
ENSG00000185885,IFITM1,17,-2.9926,306,3.52233,61,0.29624
ENSG00000142089,IFITM3,69,-2.9339,1196,3.65030,198,0.02735
ENSG00000182272,B4GALNT4,103,0.41438,77,-0.3550,78,-0.3659
ENSG00000185187,SIGIRR,32,-0.9658,92,1.35817,49,0.33323
ENSG00000174915,PTDSS2,31,-1.0091,46,0.21740,72,1.12189
ENSG00000023191,RNH1,76,-1.7737,142,0.18033,323,1.93893
ENSG00000174775,HRAS,127,0.54004,68,-0.8329,97,-0.3114
ENSG00000177030,DEAF1,138,0.44786,131,0.03910,86,-0.6711
ENSG00000177156,TALDO1,82,-1.6270,72,-0.8807,343,2.08425
ENSG00000177225,GATD1,39,-0.2100,35,-0.2153,50,0.37105
ENSG00000184524,CEND1,349,1.74488,174,-0.7497,69,-2.2546
ENSG00000177542,SLC25A22,163,2.26163,64,-1.0462,18,-3.0380
ENSG00000177600,RPLP2,557,-0.9042,1167,0.86276,980,0.64993
ENSG00000177666,PNPLA2,36,-0.6395,56,0.45193,57,0.57292
ENSG00000177697,CD151,39,-1.5206,278,2.87747,31,-1.0869
ENSG00000177700,POLR2L,201,-0.1529,216,0.06645,227,0.16504
ENSG00000177830,CHID1,50,-0.5476,86,0.67089,68,0.31630
ENSG00000183020,AP2A2,178,1.15069,120,-0.3647,60,-1.5088
ENSG00000078902,TOLLIP,349,1.82640,141,-1.0595,77,-2.0827
ENSG00000174672,BRSK2,102,1.18335,48,-0.9121,43,-1.1458
ENSG00000182208,MOB2,54,0.26878,48,-0.1058,43,-0.3061
ENSG00000184545,DUSP8,97,1.41133,41,-1.0312,34,-1.4151
ENSG00000244242,IFITM10,71,1.79543,41,-0.5366,10,-2.7027
ENSG00000117984,CTSD,371,-1.2612,1974,2.42569,349,-0.6524
ENSG00000214026,MRPL23,64,-0.0116,77,0.29730,58,-0.1704
ENSG00000110651,CD81,482,-1.4245,2156,1.94693,865,0.37217
ENSG00000184281,TSSC4,30,-0.5701,58,0.86221,38,0.20404
ENSG00000129757,CDKN1C,24,-3.1487,57,-0.4286,292,3.39007
ENSG00000205531,NAP1L4,127,0.06779,126,0.01230,118,-0.0984
ENSG00000110619,CARS,39,-0.0234,44,0.17564,38,-0.0723
ENSG00000021762,OSBPL5,15,-1.0780,55,1.72616,21,0.10844
ENSG00000177105,RHOG,26,-3.2909,189,1.26914,288,2.70497
ENSG00000167323,STIM1,61,1.61010,23,-1.1329,18,-1.6578
ENSG00000244734,HBB,262,-2.5329,3733,3.67398,412,-0.6524
ENSG00000110148,CCKBR,31,1.66323,27,0.06544,1,-4.3025
ENSG00000166311,SMPD1,43,-1.1470,92,0.78834,96,0.99140
ENSG00000166313,APBB1,514,0.24097,241,-1.0987,531,0.13605
ENSG00000110171,TRIM3,41,1.09003,6,-2.6432,25,-0.5219
ENSG00000132254,ARFIP2,46,0.59311,48,0.21593,22,-1.0813
ENSG00000132286,TIMM10B,22,-0.3576,14,-0.8293,36,0.74433
ENSG00000166333,ILK,54,-0.8104,130,1.13835,78,0.31293
ENSG00000166337,TAF10,97,-0.9864,199,0.78937,188,0.79953
ENSG00000166340,TPP1,104,-0.8952,246,1.07453,167,0.48253
ENSG00000158042,MRPL17,30,0.32567,26,-0.0950,22,-0.3934
ENSG00000175390,EIF3F,69,-1.2186,193,1.19777,144,0.80326
ENSG00000166402,TUB,61,2.01317,14,-1.8142,15,-1.8688
ENSG00000166405,RIC3,29,0.55554,14,-1.0080,23,-0.2666
ENSG00000166441,RPL27A,317,-0.9227,822,1.22291,491,0.39613
ENSG00000166444,ST5,28,-0.6293,87,1.69991,21,-0.6786
ENSG00000166452,AKIP1,26,-0.2045,35,0.40792,27,0.02686
ENSG00000175348,TMEM9B,63,-0.6780,81,0.16274,111,0.76649
ENSG00000175352,NRIP3,52,3.12536,0,-8.0230,8,-2.3845
ENSG00000184014,DENND5A,92,-1.5515,165,0.25695,323,1.68586
ENSG00000166471,TMEM41B,36,-1.0679,40,-0.2180,93,1.34592
ENSG00000205339,IPO7,82,0.15499,98,0.33752,61,-0.4518
ENSG00000133789,SWAP70,22,-1.0585,102,2.18820,20,-0.6312
ENSG00000133812,SBF2,20,-0.0942,27,0.48343,18,-0.1881
ENSG00000255823,MTRNR2L8,1269,0.28408,2144,0.94413,492,-1.4733
ENSG00000110315,RNF141,55,-1.5373,48,-0.8675,218,1.99208
ENSG00000072952,MRVI1,22,-1.9397,145,2.34684,54,0.60610
ENSG00000198730,CTR9,24,-0.3904,43,0.83704,25,-0.0374
ENSG00000110321,EIF4G2,285,-0.0866,326,0.19051,290,0.00531
ENSG00000236287,ZBED5,25,0.10395,28,0.21298,21,-0.2789
ENSG00000110328,GALNT18,20,0.08684,42,1.26694,7,-1.6301
ENSG00000170242,USP47,40,-0.8196,42,-0.2327,85,1.08136
ENSG00000050165,DKK3,1107,1.76104,457,-1.0345,261,-1.9872
ENSG00000133816,MICAL2,100,2.32550,33,-1.3233,13,-2.7875
ENSG00000197702,PARVA,38,0.42826,68,1.07195,8,-2.2634
ENSG00000187079,TEAD1,18,-0.9009,31,0.53763,35,0.84355
ENSG00000133794,ARNTL,37,2.04591,15,-1.0280,5,-2.5520
ENSG00000148925,BTBD10,80,2.94672,0,-6.9217,15,-2.2189
ENSG00000197601,FAR1,63,-1.0729,70,-0.2667,166,1.36644
ENSG00000262655,SPON1,44,-0.1321,23,-1.0360,61,0.54443
ENSG00000129083,COPB1,35,0.34624,17,-1.0150,33,-0.0114
ENSG00000129084,PSMA1,94,0.69857,41,-1.1008,66,-0.4116
ENSG00000110696,C11orf58,132,-0.1484,81,-0.8026,180,0.50212
ENSG00000110700,RPS13,329,-1.0028,343,-0.3141,818,1.30597
ENSG00000011405,PIK3C2A,41,0.00106,32,-0.3617,45,0.17334
ENSG00000070081,NUCB2,16,-0.1430,24,0.59180,14,-0.2025
ENSG00000260196,AC124798.1,21,5.22168,1,-3.4678,0,-7.8053
ENSG00000006071,ABCC8,27,2.44509,4,-2.2788,5,-2.2634
ENSG00000129159,KCNC1,76,5.89518,0,-8.5301,1,-5.2043
ENSG00000129158,SERGEF,56,0.95030,39,-0.3331,24,-1.1858
ENSG00000110768,GTF2H1,32,0.99901,26,-0.0898,10,-1.5161
ENSG00000134333,LDHA,254,0.83058,247,0.15856,91,-1.4811
ENSG00000074319,TSG101,55,0.27736,25,-1.1504,56,0.10773
ENSG00000110786,PTPN5,87,3.80677,9,-2.9835,4,-4.0093
ENSG00000166833,NAV2,21,-0.6350,43,0.93698,28,0.23529
ENSG00000109854,HTATIP2,19,-0.7544,0,-7.1986,48,1.50520
ENSG00000165973,NELL1,44,2.98605,1,-4.7125,7,-2.3636
ENSG00000171714,ANO5,29,1.25565,30,0.31315,3,-3.1024
ENSG00000198168,SVIP,73,-0.7161,43,-1.0590,159,1.18334
ENSG00000134343,ANO3,47,3.66741,0,-7.8828,5,-2.9346
ENSG00000129151,BBOX1,14,-0.8362,29,0.79780,25,0.60745
ENSG00000109881,CCDC34,19,2.67368,0,-6.5201,4,-1.9490
ENSG00000205213,LGR4,13,-0.6049,21,0.52063,19,0.48905
ENSG00000148943,LIN7C,79,0.62811,69,-0.0720,43,-0.8702
ENSG00000066382,MPPED2,19,1.13455,11,-0.6039,7,-1.2741
ENSG00000170946,DNAJC24,19,0.30696,10,-0.9090,18,0.00228
ENSG00000148950,IMMP1L,36,0.12647,17,-1.1373,41,0.27757
ENSG00000109911,ELP4,23,-0.6676,41,0.70215,34,0.45403
ENSG00000007372,PAX6,14,-1.5742,60,1.74059,33,0.78640
ENSG00000049449,RCN1,37,-0.0313,88,1.45579,12,-1.7541
ENSG00000149100,EIF3M,91,0.40210,68,-0.3448,69,-0.3546
ENSG00000060749,QSER1,15,-0.8229,39,1.22734,21,0.25064
ENSG00000280798,LINC00294,50,1.20514,7,-2.5956,29,-0.6557
ENSG00000176102,CSTF3,33,0.70420,12,-1.4093,24,-0.3233
ENSG00000110422,HIPK3,31,-1.1646,100,1.47099,55,0.50442
ENSG00000110427,KIAA1549L,221,3.75493,38,-2.2093,5,-5.2361
ENSG00000085063,CD59,216,-0.5283,722,1.89581,106,-1.3574
ENSG00000110429,FBXO3,94,1.88972,1,-6.0593,37,-1.1609
ENSG00000135363,LMO2,12,-2.7210,238,4.39099,6,-2.6232
ENSG00000135387,CAPRIN1,117,0.42800,41,-1.4977,110,0.01891
ENSG00000135372,NAT10,24,0.79581,0,-7.1606,21,-0.0478
ENSG00000121691,CAT,32,-1.0783,40,-0.0806,82,1.31179
ENSG00000149089,APIP,19,-1.4491,37,0.47292,59,1.48831
ENSG00000110435,PDHX,54,1.31982,24,-0.9670,20,-1.3161
ENSG00000026508,CD44,2,-5.4684,182,3.08425,96,2.07920
ENSG00000110436,SLC1A2,2117,1.75549,1035,-0.7800,422,-2.2399
ENSG00000149090,PAMR1,24,0.19024,33,0.58079,15,-0.7423
ENSG00000179431,FJX1,24,0.90503,26,0.38259,5,-2.0327
ENSG00000166326,TRIM44,106,0.27826,97,-0.0729,83,-0.3397
ENSG00000110442,COMMD9,48,0.14485,39,-0.2868,46,-0.0421
ENSG00000166352,C11orf74,16,-0.2614,11,-0.6741,24,0.59372
ENSG00000148948,LRRC4C,28,1.57820,2,-3.1762,12,-0.9898
ENSG00000166181,API5,83,-0.0219,66,-0.3625,94,0.20202
ENSG00000052841,TTC17,24,0.05735,11,-1.0807,28,0.34201
ENSG00000149084,HSD17B12,90,-0.0147,54,-0.7987,109,0.34736
ENSG00000187479,C11orf96,18,-2.8113,357,4.35972,13,-2.0116
ENSG00000151348,EXT2,32,0.32182,24,-0.3474,26,-0.2449
ENSG00000085117,CD82,9,-2.8356,44,0.90551,80,2.57811
ENSG00000175274,TP53I11,24,-0.6489,107,2.40782,3,-3.2018
ENSG00000019485,PRDM11,17,0.42567,0,-6.7610,19,0.32141
ENSG00000019505,SYT13,181,3.38543,26,-2.4622,12,-3.6993
ENSG00000175264,CHST1,143,2.17968,27,-2.1494,33,-1.9495
ENSG00000121671,CRY2,76,1.09883,39,-0.7717,33,-1.1044
ENSG00000121653,MAPK8IP1,219,-0.7347,258,-0.0068,419,0.90425
ENSG00000121680,PEX16,31,-0.3989,29,-0.2333,47,0.60387
ENSG00000135365,PHF21A,19,-0.5418,24,0.22263,29,0.57458
ENSG00000149091,DGKZ,369,1.78953,165,-0.9093,77,-2.1618
ENSG00000110497,AMBRA1,26,-0.0168,18,-0.5727,30,0.27620
ENSG00000175224,ATG13,88,-0.4779,85,-0.2187,142,0.69044
ENSG00000175220,ARHGAP1,54,-1.3169,87,0.20350,161,1.46211
ENSG00000175216,CKAP5,101,0.41909,92,-0.0328,67,-0.5727
ENSG00000134569,LRP4,47,-0.4568,33,-0.7038,81,0.82131
ENSG00000149179,C11orf49,87,1.16245,36,-1.1007,40,-1.0170
ENSG00000149182,ARFGAP2,107,-0.1399,132,0.29098,111,0.01502
ENSG00000165912,PACSIN3,10,-2.0077,12,-0.6905,56,2.41833
ENSG00000134575,ACP2,35,0.37941,46,0.52631,18,-1.0343
ENSG00000110514,MADD,166,1.58421,52,-1.4483,56,-1.4377
ENSG00000165915,SLC39A13,23,-0.9477,65,1.35232,34,0.31290
ENSG00000165916,PSMC3,150,0.31461,133,-0.1065,115,-0.3704
ENSG00000149187,CELF1,91,0.22119,124,0.56938,55,-0.7857
ENSG00000213619,NDUFS3,102,0.39926,74,-0.3967,79,-0.3235
ENSG00000110536,PTPMT1,38,-0.3439,36,-0.1661,54,0.51206
ENSG00000123444,KBTBD4,21,1.25008,0,-4.7189,13,-0.5421
ENSG00000172247,C1QTNF4,193,2.20063,71,-1.1596,27,-2.7221
ENSG00000109919,MTCH2,76,0.36547,54,-0.4383,62,-0.2578
ENSG00000109920,FNBP4,16,-1.2911,66,1.79335,28,0.35355
ENSG00000149177,PTPRJ,27,-0.8271,55,0.80952,46,0.58798
ENSG00000086205,FOLH1,11,-3.7449,19,-1.4801,225,4.16542
ENSG00000134817,APLNR,11,-5.0236,827,4.53002,134,0.39653
ENSG00000149115,TNKS1BP1,13,-0.9197,56,2.10671,10,-0.7887
ENSG00000149136,SSRP1,41,-0.4332,56,0.34165,56,0.37466
ENSG00000186907,RTN4RL2,52,3.48274,8,-2.4203,3,-3.9559
ENSG00000134809,TIMM10,45,0.18908,24,-0.9324,48,0.14938
ENSG00000156587,UBE2L6,32,-1.0900,132,1.97542,38,-0.2044
ENSG00000149131,SERPING1,28,-2.2612,368,3.76120,21,-1.6287
ENSG00000166793,YPEL4,41,0.85382,20,-0.9219,24,-0.6813
ENSG00000156599,ZDHHC5,29,0.51693,40,0.65611,10,-1.5285
ENSG00000156603,MED19,21,0.64904,7,-1.4148,16,-0.2565
ENSG00000213593,TMX2,78,-0.4487,86,0.00674,117,0.56373
ENSG00000211450,SELENOH,168,0.69862,129,-0.2433,91,-0.8494
ENSG00000198561,CTNND1,37,-0.6089,89,1.22139,41,-0.0694
ENSG00000186660,ZFP91,35,-0.8519,29,-0.6257,81,1.23081
ENSG00000110042,DTX4,23,0.53098,0,-7.1535,24,0.21770
ENSG00000110048,OSBP,51,1.13950,15,-1.5507,27,-0.8105
ENSG00000166900,STX3,18,1.43126,9,-0.7271,5,-1.6739
ENSG00000166902,MRPL16,40,0.54688,28,-0.4325,27,-0.5064
ENSG00000110107,PRPF19,134,0.87969,73,-0.7392,73,-0.8058
ENSG00000110108,TMEM109,29,-1.0049,110,1.84004,34,-0.1612
ENSG00000006118,TMEM132A,199,0.97425,148,-0.2346,77,-1.3158
ENSG00000167987,VPS37C,15,-0.4551,22,0.45143,20,0.33762
ENSG00000167986,DDB1,168,0.05988,205,0.33956,139,-0.3072
ENSG00000149476,TKFC,27,-0.1696,35,0.36685,28,0.00600
ENSG00000149532,CPSF7,53,-0.2875,56,0.00580,68,0.36696
ENSG00000167985,SDHAF2,38,-0.3217,59,0.60227,42,0.05278
ENSG00000011347,SYT7,169,3.09328,43,-1.6426,7,-4.3127
ENSG00000134780,DAGLA,55,1.78108,36,-0.3300,6,-3.1341
ENSG00000124920,MYRF,48,-3.2296,26,-2.7161,673,3.86194
ENSG00000134825,TMEM258,115,-1.2539,103,-0.6749,363,1.66367
ENSG00000134824,FADS2,68,-1.8086,315,1.71804,204,1.08408
ENSG00000149485,FADS1,56,-1.5418,155,0.96113,171,1.33363
ENSG00000221968,FADS3,62,0.30064,89,0.67093,31,-1.0643
ENSG00000167995,BEST1,10,-2.8002,44,0.84065,83,2.58401
ENSG00000167996,FTH1,2733,-1.5256,2253,-0.9397,10680,1.99431
ENSG00000162174,ASRGL1,74,-0.0583,98,0.43994,66,-0.2077
ENSG00000124942,AHNAK,35,-2.6282,460,3.23215,101,0.29482
ENSG00000254772,EEF1G,215,-1.1141,625,1.32661,386,0.56586
ENSG00000149499,EML3,12,-2.2888,100,2.40695,43,0.95030
ENSG00000149489,ROM1,12,-2.3204,56,1.34357,62,1.87762
ENSG00000149541,B3GAT3,73,-0.0231,72,-0.0230,75,0.04322
ENSG00000089597,GANAB,44,-0.8423,95,0.92101,72,0.52929
ENSG00000185085,INTS5,18,0.57589,11,-0.6590,13,-0.4317
ENSG00000204922,UQCC3,31,0.54553,2,-3.5689,31,0.13406
ENSG00000162191,UBXN1,54,-1.2844,131,0.90278,133,1.08158
ENSG00000168000,BSCL2,481,1.73891,255,-0.6597,88,-2.3608
ENSG00000162188,GNG3,354,3.55559,43,-2.7183,23,-3.7781
ENSG00000214753,HNRNPUL2,105,0.31207,95,-0.0576,78,-0.3978
ENSG00000162222,TTC9C,19,1.18751,3,-2.3630,11,-0.6733
ENSG00000168002,POLR2G,53,-1.2395,91,0.36920,142,1.30996
ENSG00000162227,TAF6L,18,0.16264,4,-1.9377,21,0.38985
ENSG00000168569,TMEM223,17,-0.3111,40,1.29274,12,-0.6943
ENSG00000185475,TMEM179B,26,-1.2812,67,0.97078,64,1.03554
ENSG00000162231,NXF1,19,-1.0235,58,1.44292,30,0.33398
ENSG00000162236,STX5,33,-0.0922,42,0.35435,32,-0.0948
ENSG00000133316,WDR74,35,-0.0132,56,0.74568,25,-0.5604
ENSG00000168003,SLC3A2,136,0.24348,165,0.38324,89,-0.6350
ENSG00000168539,CHRM1,106,3.09515,28,-1.6110,4,-4.4105
ENSG00000133321,PLAAT4,16,-2.6741,159,2.41854,81,1.32066
ENSG00000176485,PLAAT3,52,-3.2539,58,-1.6785,720,3.76447
ENSG00000184743,ATL3,19,-2.3117,146,2.28791,72,1.09869
ENSG00000133318,RTN3,1108,0.90258,294,-1.8123,741,-0.4562
ENSG00000188070,C11orf95,19,1.07982,5,-1.6833,11,-0.6979
ENSG00000072518,MARK2,43,0.44258,52,0.41406,21,-1.0212
ENSG00000176340,COX8A,372,0.47700,268,-0.3874,267,-0.4343
ENSG00000167770,OTUB1,155,0.46714,73,-1.0353,131,-0.1499
ENSG00000133315,MACROD1,18,0.00885,24,0.47948,15,-0.3422
ENSG00000168439,STIP1,81,0.21513,55,-0.5465,77,-0.0168
ENSG00000149743,TRPT1,29,-0.4380,36,0.15824,42,0.47908
ENSG00000149761,NUDT22,28,-0.0482,41,0.59115,23,-0.3498
ENSG00000110011,DNAJC4,42,0.08279,32,-0.4211,44,0.09668
ENSG00000173511,VEGFB,99,-0.7363,235,1.15595,130,0.19050
ENSG00000173486,FKBP2,33,-0.7412,26,-0.6538,71,1.11915
ENSG00000173457,PPP1R14B,57,-0.5678,146,1.35873,54,-0.2972
ENSG00000002330,BAD,146,0.17167,158,0.17723,115,-0.3531
ENSG00000173264,GPR137,45,-0.2830,69,0.58158,48,0.01287
ENSG00000173153,ESRRA,38,0.22945,30,-0.3251,34,-0.1338
ENSG00000173113,TRMT112,130,-0.5286,127,-0.2207,218,0.74976
ENSG00000126432,PRDX5,303,0.35083,164,-0.8580,274,-0.0676
ENSG00000162302,RPS6KA4,39,-0.3856,101,1.45369,26,-0.7910
ENSG00000110076,NRXN2,140,1.84560,67,-0.8084,25,-2.3975
ENSG00000068976,PYGM,28,-0.5801,78,1.52533,23,-0.5008
ENSG00000168066,SF1,93,-0.8369,167,0.63127,166,0.71316
ENSG00000168067,MAP4K2,34,0.55780,39,0.33903,15,-1.1549
ENSG00000133895,MEN1,27,0.63943,17,-0.5702,17,-0.5608
ENSG00000110047,EHD1,22,-1.6757,77,1.29834,68,1.26198
ENSG00000110046,ATG2A,28,-0.4913,52,0.83799,33,0.11095
ENSG00000068971,PPP2R5B,108,0.89857,66,-0.5507,54,-0.9437
ENSG00000213465,ARL2,173,-0.4166,175,-0.1217,259,0.58046
ENSG00000110025,SNX15,40,0.07248,32,-0.3371,42,0.07351
ENSG00000168061,SAC3D1,14,-0.6181,18,0.23236,23,0.66239
ENSG00000162300,ZFPL1,24,-1.0927,43,0.48394,57,1.09360
ENSG00000149823,VPS51,96,0.14047,72,-0.4000,94,0.01529
ENSG00000149809,TM7SF2,67,-0.6863,55,-0.5327,134,1.02698
ENSG00000149806,FAU,559,-0.9407,989,0.56014,1116,0.87846
ENSG00000162298,SYVN1,30,-1.2814,40,-0.0594,90,1.52037
ENSG00000149792,MRPL49,20,-0.4704,23,0.07359,30,0.55947
ENSG00000014216,CAPN1,51,-0.0836,124,1.46881,19,-1.6162
ENSG00000149798,CDC42EP2,12,-2.1170,33,0.52262,66,2.13353
ENSG00000133884,DPF2,33,-1.0906,45,0.06894,82,1.27108
ENSG00000126391,FRMD8,13,-1.4568,49,1.58942,29,0.77812
ENSG00000245532,NEAT1,28,-3.5656,630,3.41397,183,0.94918
ENSG00000251562,MALAT1,393,-2.1022,3495,2.88611,788,0.09512
ENSG00000142186,SCYL1,74,0.20928,67,-0.0933,62,-0.2307
ENSG00000168056,LTBP3,89,-1.1775,257,1.26363,176,0.70064
ENSG00000173465,ZNRD2,18,-0.1848,20,0.08850,21,0.19470
ENSG00000176973,FAM89B,63,0.36673,61,0.05928,42,-0.5606
ENSG00000173442,EHBP1L1,40,-0.6093,161,2.22071,11,-2.2049
ENSG00000173327,MAP3K11,18,-2.5870,92,1.29582,116,2.14395
ENSG00000197136,PCNX3,18,0.32641,16,-0.1004,14,-0.3911
ENSG00000173039,RELA,16,-1.7378,68,1.52423,50,1.16341
ENSG00000172977,KAT5,33,-0.0539,16,-1.0763,43,0.46656
ENSG00000172922,RNASEH2C,38,-1.1155,81,0.75989,85,0.97130
ENSG00000172757,CFL1,821,-0.0310,771,-0.1097,873,0.09856
ENSG00000172803,SNX32,22,1.79000,1,-4.0112,9,-1.1388
ENSG00000172732,MUS81,17,-0.8881,42,1.13133,27,0.42675
ENSG00000172638,EFEMP2,18,-1.1325,74,1.89124,24,-0.0116
ENSG00000172500,FIBP,73,0.32825,51,-0.4757,62,-0.1914
ENSG00000175602,CCDC85B,395,0.62713,324,-0.1530,222,-0.8048
ENSG00000175573,C11orf68,92,0.38088,53,-0.7422,79,-0.1466
ENSG00000175550,DRAP1,114,-0.3111,86,-0.5481,170,0.61187
ENSG00000175467,SART1,30,-0.6973,41,0.26259,53,0.74243
ENSG00000175334,BANF1,89,-0.8785,36,-1.6852,227,1.45100
ENSG00000175229,GAL3ST3,22,1.92487,8,-1.0840,4,-2.2429
ENSG00000087365,SF3B2,110,-0.2483,99,-0.2389,147,0.42713
ENSG00000175115,PACS1,67,0.73747,86,0.60961,16,-2.0408
ENSG00000174996,KLC2,150,2.07198,58,-1.0922,24,-2.5286
ENSG00000174903,RAB1B,100,-0.1997,113,0.13255,116,0.19009
ENSG00000174871,CNIH2,184,2.16086,52,-1.5493,35,-2.2601
ENSG00000174851,YIF1A,28,-1.2366,25,-0.6602,88,1.64250
ENSG00000179292,TMEM151A,102,-0.9569,76,-0.7978,258,1.38279
ENSG00000174744,BRMS1,11,-1.6462,32,0.99295,36,1.42674
ENSG00000174684,B4GAT1,358,1.50708,155,-0.9876,111,-1.5943
ENSG00000174547,MRPL11,16,-0.4898,15,-0.2488,26,0.71543
ENSG00000174516,PELI3,50,1.17910,26,-0.7469,20,-1.2426
ENSG00000174483,BBS1,29,0.69611,4,-2.7317,25,-0.0859
ENSG00000174165,ZDHHC24,21,-0.1396,17,-0.3054,26,0.32273
ENSG00000174080,CTSF,134,-0.6177,178,0.23748,219,0.65937
ENSG00000173992,CCS,33,-0.8240,82,1.19886,47,0.27834
ENSG00000239306,RBM14,37,-0.0135,24,-0.6887,44,0.31160
ENSG00000173933,RBM4,61,-0.0901,52,-0.2608,71,0.24327
ENSG00000173914,RBM4B,17,-0.5326,16,-0.2670,29,0.77116
ENSG00000173898,SPTBN2,140,2.63608,35,-1.7159,16,-2.9823
ENSG00000173599,PC,57,-0.4445,90,0.57882,72,0.24050
ENSG00000173621,LRFN4,53,0.91036,36,-0.4006,24,-1.0666
ENSG00000173227,SYT12,60,3.45589,9,-2.3482,3,-3.9908
ENSG00000173120,KDM2A,33,-0.2663,56,0.79215,31,-0.1879
ENSG00000173020,GRK2,149,0.49239,180,0.43797,69,-1.1476
ENSG00000172932,ANKRD13D,51,1.16736,11,-2.0551,29,-0.7103
ENSG00000175482,POLD4,23,-1.1305,69,1.34150,42,0.57480
ENSG00000172531,PPP1CA,70,-0.3785,125,0.83026,73,-0.0495
ENSG00000172508,CARNS1,54,-3.4362,37,-2.5571,873,4.04374
ENSG00000175634,RPS6KB2,11,-1.8544,31,0.75991,47,1.76772
ENSG00000172725,CORO1B,22,-2.0764,155,2.36967,62,0.74896
ENSG00000172663,TMEM134,25,-1.4824,48,0.37597,83,1.56583
ENSG00000110711,AIP,46,-1.0748,94,0.71245,100,0.95123
ENSG00000110697,PITPNM1,35,0.87339,47,0.68822,5,-2.7892
ENSG00000167797,CDK2AP2,41,-1.1249,63,0.25680,102,1.23333
ENSG00000084207,GSTP1,144,-1.3161,301,0.64623,387,1.26119
ENSG00000167792,NDUFV1,172,0.21152,130,-0.3798,158,-0.0845
ENSG00000110057,UNC93B1,7,-3.3885,213,4.77067,9,-1.6726
ENSG00000110717,NDUFS8,152,-0.0121,156,0.03536,152,-0.0036
ENSG00000110721,CHKA,37,-1.2410,69,0.48767,98,1.25720
ENSG00000110066,KMT5B,33,-0.2890,31,-0.2159,46,0.46667
ENSG00000171067,C11orf24,13,-1.4594,26,0.46525,41,1.50261
ENSG00000110075,PPP6R3,39,-0.5089,59,0.45696,55,0.40419
ENSG00000110090,CPT1A,17,-0.9287,72,2.07450,14,-0.7024
ENSG00000197345,MRPL21,56,0.72991,6,-3.1638,48,-0.0834
ENSG00000131626,PPFIA1,33,-0.9217,99,1.48382,44,0.14073
ENSG00000085733,CTTN,91,-0.2367,94,-0.0201,113,0.31604
ENSG00000162105,SHANK2,52,4.32131,1,-4.8157,3,-3.8794
ENSG00000172893,DHCR7,39,-1.6076,38,-0.7310,159,2.03420
ENSG00000137522,RNF121,23,0.35606,29,0.48292,12,-0.9373
ENSG00000137497,NUMA1,82,-1.4830,194,0.73963,250,1.39399
ENSG00000149357,LAMTOR1,131,-0.6649,210,0.52497,207,0.56235
ENSG00000110200,ANAPC15,42,0.08465,38,-0.1329,40,-0.0405
ENSG00000165458,INPPL1,21,-1.6121,116,2.23522,38,0.29284
ENSG00000162129,CLPB,27,-0.1738,49,0.88656,22,-0.4340
ENSG00000186642,PDE2A,211,3.32321,35,-2.2666,13,-3.7951
ENSG00000186635,ARAP1,30,-1.7540,196,2.46577,55,0.19352
ENSG00000214530,STARD10,51,-0.1830,55,0.05981,59,0.20758
ENSG00000137478,FCHSD2,17,-1.3193,4,-2.5667,63,1.97823
ENSG00000110237,ARHGEF17,77,0.86727,87,0.40840,19,-1.9795
ENSG00000054965,FAM168A,120,0.28272,37,-1.7141,130,0.22388
ENSG00000021300,PLEKHB1,213,-2.4003,487,0.08378,1445,2.56816
ENSG00000175582,RAB6A,214,0.61806,79,-1.3725,169,-0.2313
ENSG00000175581,MRPL48,21,-1.5100,8,-2.0165,87,2.12570
ENSG00000181924,COA4,20,-1.6532,23,-0.5207,86,2.03145
ENSG00000175575,PAAF1,24,-1.1891,30,-0.0807,66,1.43021
ENSG00000214517,PPME1,99,1.19254,46,-0.9249,42,-1.1519
ENSG00000165434,PGM2L1,180,2.93048,40,-1.8496,15,-3.4532
ENSG00000118363,SPCS2,130,-0.3882,135,-0.0743,188,0.52655
ENSG00000137491,SLCO2B1,11,-3.6556,389,5.06083,14,-1.9083
ENSG00000137486,ARRB1,97,-0.0843,156,0.74725,76,-0.4400
ENSG00000149273,RPS3,266,-1.6241,827,1.13306,819,1.31667
ENSG00000171533,MAP6,98,1.18982,47,-0.8576,40,-1.1878
ENSG00000198382,UVRAG,15,-0.9630,21,0.14375,34,1.10117
ENSG00000137492,THAP12,25,0.68107,13,-0.8379,16,-0.4904
ENSG00000078124,ACER3,25,-1.4797,44,0.26338,84,1.60928
ENSG00000149260,CAPN5,22,0.46806,23,0.19779,12,-0.8406
ENSG00000149269,PAK1,268,2.65862,60,-1.8756,33,-2.8683
ENSG00000074201,CLNS1A,66,-0.4659,77,0.07757,99,0.55217
ENSG00000048649,RSF1,41,-0.3766,91,1.18511,35,-0.4229
ENSG00000087884,AAMDC,10,-1.7199,13,-0.3897,46,2.06440
ENSG00000151366,NDUFC2,202,0.11382,43,-2.3050,259,0.48733
ENSG00000033327,GAB2,14,-2.4154,35,0.14581,101,2.55962
ENSG00000149256,TENM4,24,0.59007,29,0.42931,10,-1.3388
ENSG00000182103,FAM181B,38,-1.6751,94,0.67569,139,1.62817
ENSG00000137509,PRCP,37,-0.7533,88,1.14016,50,0.22970
ENSG00000137502,RAB30,41,-0.3285,50,0.21878,52,0.30929
ENSG00000165494,PCF11,25,-1.0360,72,1.35770,40,0.43244
ENSG00000137500,CCDC90B,23,-0.8005,23,-0.3391,50,1.09464
ENSG00000150672,DLG2,110,0.24131,42,-1.4108,119,0.21096
ENSG00000171204,TMEM126B,46,0.03912,22,-1.0751,56,0.36128
ENSG00000171202,TMEM126A,39,0.84172,4,-2.9795,30,-0.2168
ENSG00000137504,CREBZF,23,-1.1806,38,0.30691,60,1.27292
ENSG00000137501,SYTL2,57,0.51562,37,-0.5340,41,-0.4109
ENSG00000073921,PICALM,77,-1.7764,233,0.97177,283,1.57497
ENSG00000074266,EED,16,-0.4528,44,1.51627,11,-0.7494
ENSG00000149196,HIKESHI,43,-0.2504,34,-0.4638,60,0.51384
ENSG00000151376,ME3,27,1.16320,26,0.19844,5,-2.3965
ENSG00000166575,TMEM135,15,-0.4479,24,0.58238,19,0.24266
ENSG00000168959,GRM5,87,4.19212,2,-4.9869,6,-3.6871
ENSG00000110172,CHORDC1,25,-0.2189,13,-1.0711,38,0.64895
ENSG00000165323,FAT3,43,2.51013,3,-3.6018,9,-1.9724
ENSG00000180773,SLC36A4,16,0.80685,0,-6.6068,14,-0.0621
ENSG00000166012,TAF1D,75,-0.0245,74,-0.0263,78,0.04694
ENSG00000182919,C11orf54,13,-1.2732,14,-0.3493,40,1.60097
ENSG00000042429,MED17,19,-0.6423,32,0.64345,28,0.46000
ENSG00000150316,CWC15,49,-0.6490,63,0.15368,85,0.73634
ENSG00000263465,SRSF8,71,0.05886,72,0.04429,66,-0.1051
ENSG00000149218,ENDOD1,52,-1.7266,60,-0.5353,229,2.10783
ENSG00000149212,SESN3,135,1.24624,78,-0.5850,46,-1.4754
ENSG00000166037,CEP57,19,-0.1854,37,1.00216,14,-0.5462
ENSG00000087053,MTMR2,33,-0.1712,14,-1.3123,49,0.64733
ENSG00000149231,CCDC82,32,-0.9912,57,0.51054,69,0.96396
ENSG00000110318,CEP126,27,1.67447,14,-0.6594,5,-2.2179
ENSG00000137693,YAP1,16,-1.2535,63,1.72583,28,0.37309
ENSG00000110330,BIRC2,30,-0.8447,43,0.27440,59,0.90988
ENSG00000152558,TMEM123,36,-2.1854,149,1.20771,176,1.83826
ENSG00000137692,DCUN1D5,25,0.74215,12,-0.9101,16,-0.5395
ENSG00000152578,GRIA4,74,2.49354,0,-6.8631,19,-1.7599
ENSG00000170903,MSANTD4,27,-0.0550,31,0.19128,27,-0.0384
ENSG00000149313,AASDHPPT,137,1.36382,18,-2.7476,70,-0.8098
ENSG00000152402,GUCY1A2,75,3.81357,9,-2.7257,3,-4.3091
ENSG00000110675,ELMOD1,110,6.27316,1,-5.5963,1,-6.3258
ENSG00000166266,CUL5,34,0.54299,14,-1.1997,28,-0.1907
ENSG00000075239,ACAT1,48,-0.3216,48,-0.0912,65,0.45339
ENSG00000149311,ATM,19,-1.5097,80,1.74219,42,0.70360
ENSG00000185742,C11orf87,82,6.42783,0,-7.3930,1,-5.8865
ENSG00000137710,RDX,50,-2.2345,125,0.35437,291,2.31405
ENSG00000137714,FDX1,25,-0.1380,21,-0.2872,30,0.31324
ENSG00000137727,ARHGAP20,20,2.02949,3,-2.2430,5,-1.7140
ENSG00000170145,SIK2,55,-0.1174,75,0.46558,52,-0.1398
ENSG00000137713,PPP2R1B,14,-0.7305,11,-0.7043,31,1.12032
ENSG00000086848,ALG9,19,-0.2299,22,0.13486,23,0.22805
ENSG00000137720,C11orf1,13,-0.7793,7,-1.1347,31,1.26431
ENSG00000109846,CRYAB,287,-3.5596,267,-2.1848,4944,4.11677
ENSG00000150764,DIXDC1,52,-0.6403,16,-2.0053,113,1.24239
ENSG00000150768,DLAT,39,0.53407,38,0.10230,21,-0.8647
ENSG00000150776,NKAPD1,14,-0.1806,15,-0.0332,17,0.25179
ENSG00000150779,TIMM8B,45,-0.2681,25,-1.0033,70,0.68767
ENSG00000204370,SDHD,42,-0.4595,59,0.36297,58,0.39615
ENSG00000150787,PTS,39,0.25707,0,-7.9696,49,0.49464
ENSG00000149294,NCAM1,353,-0.6931,215,-1.0045,750,1.14802
ENSG00000109906,ZBTB16,107,0.10470,101,-0.0660,99,-0.1036
ENSG00000076043,REXO2,18,-0.3980,4,-2.1173,33,1.00343
ENSG00000182985,CADM1,84,0.08952,95,0.22005,71,-0.2628
ENSG00000109917,ZPR1,39,0.42436,13,-1.5229,37,0.02854
ENSG00000160584,SIK3,98,-0.8582,54,-1.2121,240,1.36062
ENSG00000168092,PAFAH1B2,134,-0.2054,142,0.02765,161,0.25294
ENSG00000149577,SIDT2,25,-1.0244,63,1.14397,44,0.59822
ENSG00000149591,TAGLN,15,-3.2066,389,4.63085,17,-1.7138
ENSG00000160613,PCSK7,22,0.01263,24,0.12208,21,-0.0887
ENSG00000186318,BACE1,73,-1.5161,89,-0.3418,272,1.84761
ENSG00000137726,FXYD6,605,1.33379,270,-0.9707,225,-1.3349
ENSG00000177098,SCN4B,43,3.24106,9,-1.9161,2,-4.1529
ENSG00000149575,SCN2B,114,2.27784,26,-1.8570,22,-2.2404
ENSG00000110344,UBE4A,59,-0.0437,51,-0.2290,65,0.17151
ENSG00000167283,ATP5MG,267,0.40882,108,-1.2793,248,-0.0110
ENSG00000118058,KMT2A,60,-0.0679,80,0.44216,54,-0.1950
ENSG00000149582,TMEM25,74,1.50376,22,-1.5706,28,-1.2727
ENSG00000118096,IFT46,24,0.22848,35,0.68105,13,-0.9325
ENSG00000095139,ARCN1,59,0.09921,43,-0.4723,62,0.09731
ENSG00000019144,PHLDB1,37,-3.3464,132,0.01582,505,3.39554
ENSG00000110367,DDX6,118,0.08927,140,0.29531,97,-0.3176
ENSG00000186166,CCDC84,21,-0.3950,26,0.18707,29,0.41072
ENSG00000118181,RPS25,598,-0.6912,750,0.11335,1074,0.80401
ENSG00000196655,TRAPPC4,33,-0.7511,59,0.68420,53,0.57341
ENSG00000149428,HYOU1,85,0.50381,90,0.22269,45,-0.9268
ENSG00000160695,VPS11,46,0.05573,55,0.30333,39,-0.2735
ENSG00000188486,H2AFX,42,-1.1823,102,0.96627,92,0.92217
ENSG00000172375,C2CD2L,64,1.71706,24,-1.1694,17,-1.8043
ENSG00000110395,CBL,31,-0.2119,66,1.19983,20,-0.7598
ENSG00000076706,MCAM,14,-3.0755,140,2.05935,110,1.97057
ENSG00000173456,RNF26,24,-0.0515,29,0.28672,23,-0.1059
ENSG00000036672,USP2,34,0.12676,29,-0.2357,33,-0.0435
ENSG00000154096,THY1,1146,2.50323,359,-1.3882,123,-3.1012
ENSG00000110400,NECTIN1,62,-0.2065,19,-1.8273,99,0.76863
ENSG00000184232,OAF,34,-0.4533,69,1.00333,35,-0.0945
ENSG00000181264,TLCD5,13,-1.5526,17,-0.2091,49,1.84665
ENSG00000196914,ARHGEF12,114,0.96844,103,0.07563,35,-1.6649
ENSG00000109929,SC5D,104,0.09362,57,-0.8994,118,0.25118
ENSG00000137642,SORL1,235,-0.1217,529,1.32079,119,-1.1694
ENSG00000255248,MIR100HG,48,-0.1357,63,0.38053,48,-0.0511
ENSG00000109971,HSPA8,369,0.02112,280,-0.4220,405,0.17333
ENSG00000023171,GRAMD1B,94,1.85869,51,-0.6070,13,-2.7443
ENSG00000166257,SCN3B,374,3.08953,76,-1.9943,27,-3.6234
ENSG00000154144,TBRG1,70,0.50983,59,-0.1277,44,-0.6425
ENSG00000110013,SIAE,35,-0.0832,20,-0.8623,46,0.44439
ENSG00000154146,NRGN,2489,2.72729,772,-1.3912,177,-3.6949
ENSG00000149564,ESAM,15,-2.0553,176,3.74219,5,-2.5376
ENSG00000154134,ROBO3,14,-1.4376,17,-0.2921,49,1.75399
ENSG00000165478,HEPACAM,109,-2.2015,281,0.41964,615,2.25674
ENSG00000165495,PKNOX2,35,3.47211,2,-3.6002,3,-3.1447
ENSG00000149557,FEZ1,211,-1.8255,187,-0.9977,1029,2.30260
ENSG00000149547,EI24,58,-0.3390,44,-0.5577,89,0.64674
ENSG00000134910,STT3A,19,-0.7277,50,1.35293,22,-0.0211
ENSG00000109832,DDX25,30,1.93601,0,-7.3445,12,-1.1920
ENSG00000197798,FAM118B,16,-0.1495,15,-0.1324,19,0.25989
ENSG00000182934,SRPRA,36,0.01520,45,0.36758,30,-0.2617
ENSG00000110074,FOXRED1,41,0.72351,31,-0.2424,21,-0.8891
ENSG00000110080,ST3GAL4,16,-1.6946,29,0.20761,64,1.84992
ENSG00000149571,KIRREL3,24,0.22400,1,-3.9437,30,0.47977
ENSG00000134909,ARHGAP32,62,2.69074,6,-3.0577,11,-2.3052
ENSG00000084234,APLP2,365,0.64752,386,0.25329,157,-1.2279
ENSG00000196323,ZBTB44,50,-0.3072,66,0.33709,61,0.21276
ENSG00000134917,ADAMTS8,18,0.76930,21,0.43284,5,-1.7642
ENSG00000120451,SNX19,32,-0.6703,55,0.58773,51,0.53126
ENSG00000182667,NTM,128,0.81338,70,-0.7376,74,-0.7143
ENSG00000183715,OPCML,133,2.81892,34,-1.6811,11,-3.4285
ENSG00000080854,IGSF9B,24,1.21131,26,0.40426,2,-3.2707
ENSG00000166086,JAM3,40,-2.9651,85,-0.4827,432,3.24846
ENSG00000151502,VPS26B,95,1.09375,29,-1.5811,52,-0.7445
ENSG00000151500,THYN1,41,0.09591,37,-0.1289,39,-0.0576
ENSG00000151498,ACAD8,28,0.61680,11,-1.2419,21,-0.2665
ENSG00000109956,B3GAT1,136,-0.5940,79,-1.0314,269,1.04795
ENSG00000120645,IQSEC3,63,1.91644,38,-0.4190,5,-3.3886
ENSG00000171840,NINJ2,11,-3.4282,11,-1.9078,172,3.95836
ENSG00000060237,WNK1,126,-1.6822,228,0.19434,493,1.84243
ENSG00000082805,ERC1,24,0.05934,27,0.24489,20,-0.2364
ENSG00000006831,ADIPOR2,35,-2.6141,86,0.01425,285,2.78424
ENSG00000166159,LRTM2,22,4.37427,0,-6.7864,1,-3.6961
ENSG00000151067,CACNA1C,34,3.66102,1,-4.1507,3,-3.2263
ENSG00000004478,FKBP4,88,-0.4831,99,0.02626,135,0.59639
ENSG00000171792,RHNO1,14,-0.0422,10,-0.5860,17,0.31108
ENSG00000111218,PRMT8,22,7.64982,0,-6.7794,0,-7.8619
ENSG00000118971,CCND2,135,1.37928,75,-0.6237,40,-1.6753
ENSG00000078237,TIGAR,17,1.22371,1,-3.3737,10,-0.5879
ENSG00000010219,DYRK4,14,-1.2464,27,0.56209,36,1.22688
ENSG00000139180,NDUFA9,54,0.64214,19,-1.4172,42,-0.2478
ENSG00000130035,GALNT8,54,1.63733,19,-1.2820,16,-1.6050
ENSG00000111262,KCNA1,45,3.74326,9,-1.8623,0,-8.8769
ENSG00000110799,VWF,34,-2.7037,630,4.25919,25,-2.0000
ENSG00000010278,CD9,57,-3.0227,241,0.56025,585,2.90342
ENSG00000067182,TNFRSF1A,17,-2.6351,258,3.68772,31,-0.4899
ENSG00000215039,CD27-AS1,28,-0.5343,2,-3.9009,59,1.24695
ENSG00000139190,VAMP1,59,1.07744,20,-1.3828,32,-0.7889
ENSG00000111639,MRPL51,81,-0.5547,62,-0.6041,148,0.90238
ENSG00000111640,GAPDH,2748,0.26304,2174,-0.2948,2347,-0.1933
ENSG00000010295,IFFO1,24,-0.2863,56,1.31859,16,-0.7857
ENSG00000111642,CHD4,86,-0.6201,176,0.94220,112,0.20986
ENSG00000111653,ING4,28,-0.5995,10,-1.7613,59,1.17222
ENSG00000139200,PIANP,125,2.93275,19,-2.3950,14,-2.9393
ENSG00000111652,COPS7A,77,0.74115,25,-1.5223,56,-0.3371
ENSG00000089693,MLF2,315,0.72744,158,-0.8913,206,-0.5282
ENSG00000159335,PTMS,283,1.06999,283,0.24640,60,-2.2206
ENSG00000250510,GPR162,137,1.94498,70,-0.6958,18,-2.8152
ENSG00000111667,USP5,104,-0.0761,99,-0.0906,114,0.14702
ENSG00000111669,TPI1,785,1.20324,384,-0.8484,319,-1.2136
ENSG00000111674,ENO2,832,2.10560,289,-1.2625,145,-2.4099
ENSG00000111676,ATN1,131,0.06701,159,0.33110,108,-0.3115
ENSG00000111678,C12orf57,126,-0.7358,189,0.38077,221,0.72938
ENSG00000215021,PHB2,90,-0.0580,135,0.62839,74,-0.3681
ENSG00000126749,EMG1,16,-0.4803,23,0.43124,22,0.38270
ENSG00000182326,C1S,13,-2.0571,149,3.57140,9,-1.6449
ENSG00000139182,CLSTN3,158,3.48612,24,-2.3703,8,-4.0312
ENSG00000139197,PEX5,46,0.39770,26,-0.7864,39,-0.1508
ENSG00000059804,SLC2A3,103,0.70601,154,0.83722,17,-2.6010
ENSG00000065970,FOXJ2,24,0.15563,22,-0.1206,21,-0.1420
ENSG00000089818,NECAP1,114,1.79798,28,-1.8045,35,-1.5726
ENSG00000166532,RIMKLB,35,-0.0020,44,0.36499,30,-0.2340
ENSG00000111752,PHC1,18,-0.4032,15,-0.3883,28,0.66497
ENSG00000003056,M6PR,64,-0.3572,136,1.12604,55,-0.3860
ENSG00000175899,A2M,56,-3.3782,1680,5.02009,34,-2.7738
ENSG00000139112,GABARAPL1,250,1.43763,85,-1.3557,95,-1.2769
ENSG00000060138,YBX3,9,-2.9322,199,4.25769,12,-1.2697
ENSG00000256537,SMIM10L1,38,-0.1566,31,-0.3732,48,0.36997
ENSG00000070018,LRP6,14,-1.2420,8,-1.2927,48,1.76826
ENSG00000111261,MANSC1,28,0.49103,1,-3.8549,29,0.20356
ENSG00000111269,CREBL2,56,0.28963,50,-0.0988,43,-0.3398
ENSG00000111276,CDKN1B,87,-0.9223,89,-0.3061,204,1.21698
ENSG00000178878,APOLD1,46,-1.8472,434,3.28058,35,-1.3245
ENSG00000013583,HEBP1,23,-1.3947,16,-1.1080,83,1.89291
ENSG00000084444,FAM234B,81,2.14998,16,-2.0613,19,-1.9464
ENSG00000273079,GRIN2B,88,3.03281,23,-1.6106,4,-4.1807
ENSG00000171681,ATF7IP,16,-1.4862,62,1.56685,38,0.83435
ENSG00000246705,H2AFJ,8,-2.9069,48,1.15475,73,2.49214
ENSG00000084463,WBP11,67,0.51215,36,-0.8096,52,-0.2853
ENSG00000111348,ARHGDIB,6,-3.6260,229,5.18552,5,-2.4943
ENSG00000134533,RERG,21,1.93930,15,-0.1709,0,-4.8803
ENSG00000151490,PTPRO,23,1.64689,21,0.17728,0,-5.3677
ENSG00000151491,EPS8,13,-2.0779,134,3.28860,16,-0.7227
ENSG00000023734,STRAP,151,0.99949,48,-1.5239,89,-0.6462
ENSG00000008394,MGST1,66,-0.4356,92,0.37595,89,0.35777
ENSG00000048540,LMO3,310,1.96992,93,-1.4857,71,-1.9926
ENSG00000052126,PLEKHA5,24,1.13611,11,-0.9600,11,-1.0510
ENSG00000139154,AEBP2,32,0.56993,5,-2.6490,30,0.04000
ENSG00000139155,SLCO1C1,36,1.01266,30,-0.0125,11,-1.6403
ENSG00000084453,SLCO1A2,17,-3.5264,33,-1.0994,284,3.89272
ENSG00000121350,PYROXD1,19,-0.4185,23,0.12301,28,0.47250
ENSG00000111711,GOLT1B,29,0.13261,19,-0.6019,30,0.10658
ENSG00000134548,SPX,13,-1.7467,25,0.20094,56,1.90445
ENSG00000111716,LDHB,499,0.52195,358,-0.3847,342,-0.4982
ENSG00000111726,CMAS,138,1.71181,14,-3.0208,55,-1.1583
ENSG00000111728,ST8SIA1,35,2.00936,14,-0.9851,5,-2.5271
ENSG00000111731,C2CD5,53,1.04430,38,-0.2571,19,-1.4207
ENSG00000139163,ETNK1,89,0.36291,78,-0.1100,65,-0.4374
ENSG00000060982,BCAT1,24,0.20483,33,0.57823,14,-0.7658
ENSG00000205707,ETFRF1,31,-1.2849,7,-2.7577,113,1.95549
ENSG00000133703,KRAS,38,0.56736,34,-0.0238,21,-0.8112
ENSG00000123094,RASSF8,13,-1.2633,41,1.31123,28,0.77084
ENSG00000123095,BHLHE41,58,-1.0906,132,0.91027,119,0.84867
ENSG00000123096,SSPN,16,-1.8681,86,1.94980,46,0.94208
ENSG00000123104,ITPR2,19,-0.8729,64,1.69536,21,-0.1955
ENSG00000111790,FGFR1OP2,95,0.98180,41,-1.0456,51,-0.7972
ENSG00000064115,TM7SF3,42,0.23284,35,-0.2334,36,-0.1849
ENSG00000152944,MED21,26,0.13947,0,-7.3923,35,0.61088
ENSG00000211455,STK38L,24,-0.0354,36,0.61514,19,-0.3922
ENSG00000110841,PPFIBP1,51,0.29289,55,0.18937,35,-0.5471
ENSG00000061794,MRPS35,40,0.47592,9,-2.1465,38,0.08063
ENSG00000087448,KLHL42,58,0.49831,14,-1.9915,54,0.03307
ENSG00000123106,CCDC91,31,-0.1255,43,0.46712,29,-0.1292
ENSG00000087502,ERGIC2,33,0.43136,7,-2.1655,33,0.13152
ENSG00000133687,TMTC1,26,2.16519,15,-0.4298,0,-4.7744
ENSG00000133704,IPO8,17,-0.5645,41,1.19174,18,-0.1095
ENSG00000110888,CAPRIN2,25,0.12665,40,0.79696,14,-0.8814
ENSG00000170456,DENND5B,53,1.59679,19,-1.2297,16,-1.5750
ENSG00000151743,AMN1,49,0.40379,6,-2.8682,53,0.23522
ENSG00000151746,BICD1,26,0.07485,50,1.05945,13,-1.1663
ENSG00000139132,FGD4,13,-1.6292,78,2.35353,23,0.15938
ENSG00000087470,DNM1L,114,0.54086,98,-0.1097,69,-0.7028
ENSG00000139117,CPNE8,22,1.84001,5,-1.8127,6,-1.6265
ENSG00000139116,KIF21A,150,1.72330,16,-2.9924,59,-1.1754
ENSG00000151229,SLC2A13,96,3.36833,15,-2.3729,6,-3.7634
ENSG00000018236,CNTN1,365,1.16147,86,-1.9465,201,-0.7280
ENSG00000015153,YAF2,39,0.74673,16,-1.1523,27,-0.4536
ENSG00000134283,PPHLN1,42,0.77066,26,-0.5690,24,-0.7453
ENSG00000139168,ZCRB1,51,-0.9586,65,-0.0052,118,1.15446
ENSG00000139174,PRICKLE1,37,5.78668,0,-7.4390,0,-5.1613
ENSG00000151239,TWF1,30,-0.8946,26,-0.5696,72,1.26204
ENSG00000184613,NELL2,438,3.84471,30,-3.5283,30,-3.6971
ENSG00000139218,SCAF11,30,-0.8991,71,1.04248,50,0.51280
ENSG00000111371,SLC38A1,90,1.23496,34,-1.2153,40,-1.0630
ENSG00000134294,SLC38A2,100,-0.9996,200,0.74035,200,0.84550
ENSG00000079337,RAPGEF3,20,-2.1373,73,0.98202,101,1.92509
ENSG00000211584,SLC48A1,107,-1.8123,140,-0.3901,494,2.15559
ENSG00000061273,HDAC7,11,-1.3934,68,2.48411,13,-0.4792
ENSG00000134291,TMEM106C,24,0.29788,43,1.06184,7,-1.7734
ENSG00000152556,PFKM,127,1.62134,40,-1.4400,41,-1.4945
ENSG00000177981,ASB8,46,0.84094,25,-0.6941,25,-0.7755
ENSG00000177875,CCDC184,54,5.06797,1,-5.1744,1,-4.7317
ENSG00000174233,ADCY6,24,1.06710,11,-0.9775,12,-0.9451
ENSG00000167535,CACNB3,81,2.13607,49,-0.4225,3,-4.5849
ENSG00000174243,DDX23,31,-0.3929,44,0.44696,38,0.25822
ENSG00000172602,RND1,59,2.68342,7,-2.7943,10,-2.3798
ENSG00000134287,ARF3,420,1.12187,242,-0.6093,168,-1.2496
ENSG00000169884,WNT10B,26,4.06080,0,-4.6626,1,-3.5961
ENSG00000181418,DDN,152,1.77007,71,-0.8463,31,-2.1923
ENSG00000181929,PRKAG1,20,-0.7398,32,0.50921,34,0.66455
ENSG00000167548,KMT2D,24,-0.0673,31,0.39114,22,-0.1573
ENSG00000123416,TUBA1B,2155,1.64484,793,-1.2232,637,-1.6528
ENSG00000167552,TUBA1A,565,-1.6868,459,-1.0538,2503,2.17578
ENSG00000123352,SPATS2,27,3.30691,0,-7.0729,4,-2.5827
ENSG00000135519,KCNH3,117,3.14434,18,-2.4123,10,-3.2877
ENSG00000187778,MCRS1,55,-0.2018,64,0.16602,64,0.17411
ENSG00000110844,PRPF40B,21,0.08359,13,-0.6782,23,0.19299
ENSG00000139644,TMBIM6,312,-1.0173,631,0.74521,633,0.86378
ENSG00000135472,FAIM2,616,1.10515,315,-0.7939,271,-1.1003
ENSG00000110881,ASIC1,34,-0.3579,22,-0.7529,55,0.72461
ENSG00000066117,SMARCD1,27,-0.2388,30,0.08431,33,0.26640
ENSG00000167588,GPD1,11,-2.6446,46,0.84513,84,2.45220
ENSG00000178449,COX14,91,-0.1121,55,-0.8150,120,0.46414
ENSG00000139624,CERS5,21,-0.1826,12,-0.8569,30,0.55573
ENSG00000161813,LARP4,16,-0.5200,24,0.37528,24,0.46623
ENSG00000066084,DIP2B,59,-1.7537,51,-0.9986,275,2.23201
ENSG00000185432,METTL7A,154,-0.5960,332,1.05133,184,0.07898
ENSG00000110911,SLC11A2,34,-1.3685,31,-0.7040,119,1.78749
ENSG00000050426,LETMD1,48,0.70607,20,-1.1237,33,-0.4130
ENSG00000110925,CSRNP2,44,0.79017,25,-0.6468,25,-0.7296
ENSG00000135457,TFCP2,21,-0.7410,43,0.91724,31,0.39747
ENSG00000184271,POU6F1,32,0.45741,23,-0.3640,23,-0.4201
ENSG00000183283,DAZAP2,150,-1.0578,170,-0.2029,383,1.33034
ENSG00000050438,SLC4A8,65,1.26319,0,-8.4021,40,-0.5119
ENSG00000196876,SCN8A,124,3.32124,24,-2.0242,6,-4.1731
ENSG00000135503,ACVR1B,84,1.81743,24,-1.5770,23,-1.7068
ENSG00000161835,GRASP,91,-0.3457,320,2.07557,14,-3.0446
ENSG00000123358,NR4A1,73,-1.0096,308,2.09455,67,-0.5607
ENSG00000123395,ATG101,33,0.45429,35,0.19205,19,-0.8119
ENSG00000063046,EIF4B,120,-0.6239,170,0.33392,194,0.61797
ENSG00000111077,TNS2,18,-2.6597,203,2.82834,70,0.86377
ENSG00000167778,SPRYD3,209,1.13880,120,-0.6085,82,-1.2774
ENSG00000167779,IGFBP6,25,-0.4098,96,2.23167,1,-4.0815
ENSG00000139631,CSAD,17,-1.0338,39,0.94098,33,0.75884
ENSG00000182544,MFSD5,30,-0.1026,42,0.53039,27,-0.2132
ENSG00000123349,PFDN5,349,-0.5992,405,0.03126,590,0.73179
ENSG00000139637,C12orf10,75,1.15750,18,-1.8894,41,-0.7371
ENSG00000094914,AAAS,11,-1.8081,25,0.50937,45,1.84016
ENSG00000205352,PRR13,64,-0.3596,92,0.47192,77,0.19724
ENSG00000197111,PCBP2,342,-0.1993,432,0.31280,372,0.08260
ENSG00000139625,MAP3K12,39,0.47702,30,-0.3161,27,-0.4744
ENSG00000170653,ATF7,9,-2.2560,20,0.00697,60,2.46201
ENSG00000135390,ATP5MC2,193,-1.1213,276,0.12099,494,1.28448
ENSG00000012822,CALCOCO1,42,-0.8412,79,0.70545,73,0.67334
ENSG00000123415,SMUG1,15,-0.8372,29,0.69223,27,0.67652
ENSG00000094916,CBX5,102,-0.1551,113,0.12258,113,0.13715
ENSG00000135486,HNRNPA1,175,-1.1726,280,0.28158,452,1.27500
ENSG00000111481,COPZ1,84,-0.1499,102,0.26959,89,0.04251
ENSG00000161642,ZNF385A,60,-0.7421,180,1.55608,62,-0.2413
ENSG00000123360,PDE1B,81,1.80484,61,-0.1101,4,-4.1770
ENSG00000135447,PPP1R1A,57,0.40673,49,-0.1081,39,-0.5024
ENSG00000135426,TESPA1,120,6.91111,2,-5.0912,0,-10.258
ENSG00000135424,ITGA7,21,-1.4722,116,2.26483,33,0.03366
ENSG00000135441,BLOC1S1,204,-0.5033,228,0.00823,319,0.62837
ENSG00000135404,CD63,209,-1.0268,548,1.18797,365,0.56624
ENSG00000135414,GDF11,18,-0.4798,37,1.01533,19,-0.0646
ENSG00000205323,SARNP,56,0.15009,34,-0.7028,58,0.12169
ENSG00000135392,DNAJC14,16,-0.3845,24,0.58178,18,0.15604
ENSG00000111540,RAB5B,118,-0.7105,121,-0.2061,229,0.95113
ENSG00000139531,SUOX,22,0.28699,23,0.19636,15,-0.5435
ENSG00000197728,RPS26,400,-1.1176,612,0.23577,998,1.23412
ENSG00000065361,ERBB3,15,-3.3812,19,-1.6109,236,3.86889
ENSG00000170515,PA2G4,65,-0.5982,119,0.75921,89,0.32171
ENSG00000229117,RPL41,1292,-0.7253,2439,0.76982,1984,0.48344
ENSG00000139641,ESYT1,33,-0.3690,94,1.65795,17,-1.2323
ENSG00000196465,MYL6B,168,1.13830,55,-1.4457,86,-0.8441
ENSG00000092841,MYL6,264,-1.1163,628,0.97224,545,0.83875
ENSG00000139613,SMARCC2,98,0.52082,83,-0.1239,61,-0.6619
ENSG00000181852,RNF41,66,1.04011,48,-0.2497,24,-1.4204
ENSG00000139579,NABP2,50,0.20364,54,0.19026,38,-0.4106
ENSG00000139645,ANKRD52,24,0.32829,28,0.35147,14,-0.7482
ENSG00000062485,CS,100,0.99513,59,-0.5920,45,-1.0630
ENSG00000257727,CNPY2,73,-0.6951,64,-0.4462,145,1.01159
ENSG00000170581,STAT2,35,-1.1203,99,1.23030,67,0.65397
ENSG00000135423,GLS2,35,4.16818,5,-2.3177,0,-8.1738
ENSG00000076108,BAZ2A,24,-1.3459,112,2.02405,38,0.16003
ENSG00000110955,ATP5F1B,613,1.26080,203,-1.4273,282,-1.0085
ENSG00000110958,PTGES3,175,-0.6681,173,-0.2540,331,0.92005
ENSG00000196531,NACA,308,-0.9073,436,0.21052,650,1.01021
ENSG00000025423,HSD17B6,16,0.80999,0,-6.5664,13,-0.0656
ENSG00000166886,NAB2,56,1.41615,43,-0.1064,9,-2.4836
ENSG00000166888,STAT6,23,0.33452,43,1.15600,5,-2.1721
ENSG00000123384,LRP1,179,-0.6355,571,1.74956,132,-0.7532
ENSG00000182199,SHMT2,16,-1.2015,51,1.40220,31,0.61568
ENSG00000185633,NDUFA4L2,21,-2.2167,283,3.91216,8,-2.6330
ENSG00000179912,R3HDM2,82,1.29865,9,-3.0206,45,-0.7031
ENSG00000166986,MARS,50,0.46531,33,-0.5106,38,-0.3551
ENSG00000175197,DDIT3,38,-0.6390,26,-0.8075,76,1.04677
ENSG00000166987,MBD6,10,-2.3890,89,2.53411,36,0.91911
ENSG00000175203,DCTN2,101,-0.1493,82,-0.3637,126,0.35754
ENSG00000155980,KIF5A,500,0.19228,264,-0.9323,524,0.14556
ENSG00000166908,PIP4K2C,54,1.28584,15,-1.6379,25,-0.9656
ENSG00000178498,DTX3,112,0.82813,39,-1.4295,75,-0.4659
ENSG00000240771,ARHGEF25,57,3.30122,4,-3.3625,6,-3.0004
ENSG00000135454,B4GALNT1,86,4.09645,3,-4.5253,6,-3.6726
ENSG00000135506,OS9,75,-0.5944,223,1.63706,58,-0.6470
ENSG00000135439,AGAP2,108,1.88622,57,-0.6491,15,-2.7415
ENSG00000135452,TSPAN31,32,-1.1885,116,1.69157,51,0.31591
ENSG00000135446,CDK4,21,-0.4900,19,-0.3571,36,0.75370
ENSG00000139266,MARCH9,23,-0.1425,24,0.04107,26,0.16509
ENSG00000123297,TSFM,23,-0.2722,37,0.69978,23,-0.0975
ENSG00000175215,CTDSP2,47,-1.4873,154,1.31306,121,1.03919
ENSG00000257698,GIHCG,31,0.15633,12,-1.3717,35,0.29785
ENSG00000198673,TAFA2,47,5.41309,2,-4.0529,0,-6.3401
ENSG00000135655,USP15,29,0.08404,54,1.04712,14,-1.1666
ENSG00000061987,MON2,40,-0.6637,28,-0.7585,81,1.06167
ENSG00000111110,PPM1H,41,-0.1023,2,-4.3527,65,0.82274
ENSG00000184575,XPOT,60,0.17238,72,0.34980,43,-0.4895
ENSG00000183735,TBK1,36,1.48808,2,-3.5000,18,-0.8588
ENSG00000135677,GNS,26,-1.0402,86,1.60673,37,0.18755
ENSG00000111490,TBC1D30,19,4.27709,0,-6.5489,1,-3.6072
ENSG00000156076,WIF1,29,5.70897,0,-7.1548,0,-5.1047
ENSG00000174106,LEMD3,25,-0.0136,40,0.80148,17,-0.6217
ENSG00000139233,LLPH,19,-0.8445,32,0.56290,35,0.76200
ENSG00000155957,TMBIM4,24,-1.8653,73,0.92837,96,1.68960
ENSG00000111530,CAND1,95,1.01703,28,-1.6344,56,-0.6357
ENSG00000127314,RAP1B,37,-1.5042,141,1.54840,90,0.87217
ENSG00000175782,SLC35E3,19,0.21162,8,-1.3046,21,0.22089
ENSG00000135679,MDM2,29,-0.7475,54,0.71887,47,0.54637
ENSG00000135678,CPM,5,-4.3078,153,2.99095,76,1.81285
ENSG00000111605,CPSF6,44,-0.2143,40,-0.1993,57,0.36944
ENSG00000166225,FRS2,24,-0.4540,17,-0.6848,41,0.81314
ENSG00000166226,CCT2,91,0.68508,43,-0.9863,63,-0.4361
ENSG00000127328,RAB3IP,16,-1.0698,26,0.38674,37,1.11447
ENSG00000111596,CNOT2,27,-0.4788,24,-0.3283,44,0.73109
ENSG00000135643,KCNMB4,166,-0.5209,50,-1.9717,332,1.11530
ENSG00000153233,PTPRR,39,4.16481,1,-4.6980,2,-3.7149
ENSG00000133858,ZFC3H1,14,-0.9632,26,0.54595,30,0.91267
ENSG00000139291,TMEM19,30,-0.4016,48,0.63622,35,0.14051
ENSG00000080371,RAB21,87,-0.8770,124,0.24914,177,0.95862
ENSG00000121749,TBC1D15,34,-0.8469,58,0.56007,62,0.76642
ENSG00000072657,TRHDE,39,5.85523,1,-4.1620,0,-7.9771
ENSG00000253719,ATXN7L3B,133,0.74261,42,-1.5573,98,-0.3300
ENSG00000166006,KCNC2,92,5.02859,7,-3.2566,0,-7.7890
ENSG00000111615,KRR1,21,-0.4675,41,0.93882,23,-0.0117
ENSG00000139289,PHLDA1,47,0.58898,50,0.26762,21,-1.1312
ENSG00000187109,NAP1L1,177,-1.1588,584,1.52751,303,0.44251
ENSG00000179941,BBS10,19,0.84966,11,-0.6712,10,-0.8003
ENSG00000091039,OSBPL8,56,0.40261,38,-0.4951,44,-0.2795
ENSG00000186908,ZDHHC17,75,0.54421,11,-2.6370,71,0.06612
ENSG00000175183,CSRP2,12,-1.1183,35,1.27035,23,0.61885
ENSG00000067798,NAV3,56,0.69490,30,-0.8059,37,-0.5224
ENSG00000067715,SYT1,1462,3.87814,155,-2.9281,71,-4.2055
ENSG00000058272,PPP1R12A,60,0.82829,69,0.40852,16,-1.8731
ENSG00000111052,LIN7A,26,1.26234,31,0.55884,0,-5.0214
ENSG00000139220,PPFIA2,129,0.44788,9,-3.7580,137,0.24363
ENSG00000179104,TMTC2,11,-2.9989,19,-0.8487,126,3.37352
ENSG00000072041,SLC6A15,40,1.69794,1,-4.8629,18,-0.9970
ENSG00000182050,MGAT4C,20,-0.0212,45,1.33881,8,-1.4801
ENSG00000133641,C12orf29,32,0.44135,3,-3.0846,34,0.21240
ENSG00000139324,TMTC3,22,0.56117,13,-0.6280,15,-0.4265
ENSG00000049130,KITLG,23,3.78918,2,-2.8279,1,-4.1313
ENSG00000139318,DUSP6,51,1.65511,34,-0.3094,7,-2.7616
ENSG00000070961,ATP2B1,394,3.00375,75,-2.1007,36,-3.3121
ENSG00000271614,ATP2B1-AS1,23,1.56408,6,-1.5691,8,-1.3546
ENSG00000011465,DCN,18,-3.1497,472,4.88646,6,-3.3300
ENSG00000133639,BTG1,33,-1.3787,212,2.73536,24,-1.0992
ENSG00000102189,EEA1,32,-0.3238,58,0.86983,31,-0.1701
ENSG00000173598,NUDT4,192,1.83017,92,-0.7999,35,-2.3749
ENSG00000177889,UBE2N,158,0.92207,131,-0.0742,59,-1.3839
ENSG00000198015,MRPL42,36,0.01911,14,-1.3778,46,0.45145
ENSG00000136040,PLXNC1,24,1.83247,11,-0.8475,4,-2.3197
ENSG00000057704,TMCC3,4,-4.0138,47,1.30405,79,3.12869
ENSG00000184752,NDUFA12,121,0.63608,18,-2.6649,107,-0.0287
ENSG00000120798,NR2C1,15,-0.2319,9,-0.7868,22,0.59244
ENSG00000028203,VEZT,46,0.47606,36,-0.2564,31,-0.5085
ENSG00000111142,METAP2,46,-0.6769,65,0.32108,77,0.68904
ENSG00000074527,NTN4,20,0.52158,40,1.32591,0,-5.0466
ENSG00000139343,SNRPF,41,-0.1436,26,-0.7464,55,0.48048
ENSG00000111144,LTA4H,43,0.61506,46,0.25819,19,-1.1704
ENSG00000059758,CDK17,94,0.17406,30,-1.6836,110,0.33783
ENSG00000120802,TMPO,34,0.26687,49,0.62882,18,-0.9417
ENSG00000075415,SLC25A3,296,0.33194,266,-0.0728,219,-0.4166
ENSG00000185046,ANKS1B,162,-0.2166,40,-2.1911,263,0.82220
ENSG00000111647,UHRF1BP1L,19,-0.0353,14,-0.4737,23,0.26229
ENSG00000075089,ACTR6,34,-0.0373,15,-1.2830,45,0.49449
ENSG00000136021,SCYL2,38,0.90917,28,-0.2709,16,-1.1694
ENSG00000151572,ANO4,14,-1.6047,0,-7.1743,64,2.35562
ENSG00000120805,ARL1,68,0.17891,57,-0.2290,61,-0.1154
ENSG00000196091,MYBPC1,36,-0.9436,70,0.70336,70,0.80019
ENSG00000111666,CHPT1,78,0.23587,74,-0.0032,62,-0.3235
ENSG00000111670,GNPTAB,84,1.38854,44,-0.7296,26,-1.5974
ENSG00000120860,WASHC3,57,-0.3256,61,0.01513,76,0.40974
ENSG00000139352,ASCL1,23,-0.0905,34,0.62975,19,-0.3173
ENSG00000111696,NT5DC3,59,2.73287,9,-2.3428,8,-2.6555
ENSG00000166598,HSP90B1,195,-0.4849,159,-0.4856,331,0.78969
ENSG00000204954,C12orf73,20,0.64199,2,-2.8491,17,-0.0170
ENSG00000120837,NFYB,34,-0.6388,29,-0.4501,66,0.95057
ENSG00000198431,TXNRD1,40,0.66041,29,-0.3440,23,-0.7219
ENSG00000151131,C12orf45,14,-0.4825,23,0.57468,19,0.29463
ENSG00000136051,WASHC4,22,-1.4456,73,1.32764,56,0.97946
ENSG00000136044,APPL2,19,-0.7160,38,0.83753,29,0.42333
ENSG00000074590,NUAK1,195,2.41116,14,-3.5265,48,-1.8714
ENSG00000136026,CKAP4,29,0.24529,38,0.50705,17,-0.7613
ENSG00000111783,RFX4,16,-1.4950,76,1.95237,32,0.46587
ENSG00000111785,RIC8B,19,0.85907,9,-0.9719,11,-0.6665
ENSG00000151135,TMEM263,21,0.20162,22,0.13306,16,-0.3659
ENSG00000136045,PWP1,25,-0.2839,54,1.15365,19,-0.5538
ENSG00000075035,WSCD2,31,5.79641,0,-7.2344,0,-5.1929
ENSG00000075856,SART3,30,-0.3846,52,0.73798,33,0.03755
ENSG00000136003,ISCU,139,0.66028,101,-0.3358,81,-0.7270
ENSG00000110880,CORO1C,32,-0.5851,68,1.01132,39,0.09915
ENSG00000084112,SSH1,28,-0.0894,66,1.38176,12,-1.3838
ENSG00000166111,SVOP,73,3.69781,2,-4.5097,7,-3.1934
ENSG00000135093,USP30,20,-0.5555,5,-2.1729,42,1.17176
ENSG00000076248,UNG,21,0.36448,0,-6.0286,24,0.37773
ENSG00000110906,KCTD10,25,-0.1996,46,0.91181,20,-0.4173
ENSG00000151148,UBE3B,36,0.17128,34,-0.0392,31,-0.2102
ENSG00000139428,MMAB,30,-0.7884,48,0.46821,54,0.74648
ENSG00000110921,MVK,15,-0.7632,1,-3.4851,38,1.46422
ENSG00000139438,FAM222A,10,-3.1162,21,-0.6081,121,3.41465
ENSG00000139433,GLTP,35,-2.5225,67,-0.3043,274,2.80378
ENSG00000139436,GIT2,29,-0.1332,38,0.38896,29,-0.0606
ENSG00000076513,ANKRD13A,15,-1.5831,28,0.24751,56,1.72187
ENSG00000174456,C12orf76,110,-0.4222,13,-3.2957,215,1.11131
ENSG00000174437,ATP2A2,362,1.31275,118,-1.4396,159,-1.0718
ENSG00000196510,ANAPC7,32,-0.0368,14,-1.2448,42,0.48585
ENSG00000111229,ARPC3,118,-0.7212,276,1.14359,153,0.17973
ENSG00000204856,FAM216A,36,1.05304,15,-1.0978,18,-0.8696
ENSG00000111237,VPS29,68,0.27782,39,-0.7817,65,-0.0053
ENSG00000196850,PPTC7,22,0.81933,18,-0.1477,10,-1.1249
ENSG00000186298,PPP1CC,74,-0.4081,72,-0.1778,112,0.59300
ENSG00000111249,CUX2,20,7.48025,0,-6.6098,0,-7.6927
ENSG00000204842,ATXN2,60,0.46855,34,-0.7669,48,-0.2470
ENSG00000089234,BRAP,21,-0.2805,39,0.93617,18,-0.3062
ENSG00000111275,ALDH2,201,-0.3556,272,0.36450,251,0.26014
ENSG00000234608,MAPKAPK5-AS1,21,-0.5946,11,-1.1739,42,1.07653
ENSG00000089022,MAPKAPK5,17,0.15411,19,0.14593,14,-0.3051
ENSG00000089248,ERP29,54,-0.4817,74,0.34784,76,0.43316
ENSG00000111300,NAA25,31,0.56262,1,-4.5045,31,0.15275
ENSG00000135148,TRAFD1,9,-2.0108,23,0.44227,48,2.06708
ENSG00000173064,HECTD4,94,1.04824,38,-1.1407,49,-0.8446
ENSG00000089009,RPL6,351,-0.9073,612,0.55219,682,0.84327
ENSG00000179295,PTPN11,122,-0.3903,82,-0.7504,199,0.76002
ENSG00000089169,RPH3A,215,2.25691,47,-1.9285,43,-2.1669
ENSG00000135144,DTX1,24,0.55855,23,0.09913,13,-0.9033
ENSG00000111344,RASAL1,35,-0.6917,0,-5.6728,84,1.43460
ENSG00000123064,DDX54,47,0.93741,23,-0.8918,25,-0.8082
ENSG00000139405,RITA1,27,0.96494,0,-5.5851,20,-0.2323
ENSG00000186815,TPCN1,34,-1.0211,98,1.33966,56,0.42830
ENSG00000151176,PLBD2,53,0.30909,43,-0.2224,42,-0.2943
ENSG00000123066,MED13L,33,-0.0930,58,0.90366,23,-0.5968
ENSG00000111412,C12orf49,46,0.20606,56,0.36540,32,-0.5572
ENSG00000135119,RNFT2,42,1.32274,17,-1.1354,16,-1.2246
ENSG00000088992,TESC,36,1.10445,27,-0.2120,11,-1.5834
ENSG00000135108,FBXO21,79,0.66888,30,-1.2818,59,-0.3173
ENSG00000171435,KSR2,35,3.65892,0,-6.7892,4,-2.9513
ENSG00000176871,WSB2,208,1.22441,75,-1.3077,96,-1.0085
ENSG00000089220,PEBP1,1241,0.30561,644,-0.9313,1184,0.01102
ENSG00000135090,TAOK3,39,-0.3420,60,0.58921,44,0.09132
ENSG00000111707,SUDS3,28,0.84253,7,-1.7871,19,-0.3923
ENSG00000139767,SRRM4,62,2.40034,23,-1.1491,6,-3.2273
ENSG00000152137,HSPB8,69,-1.1170,118,0.40854,167,1.15711
ENSG00000111725,PRKAB1,20,-0.2219,28,0.42323,22,0.04067
ENSG00000122966,CIT,113,3.40172,22,-2.0647,5,-4.3308
ENSG00000135127,BICDL1,21,3.66472,1,-3.7730,1,-3.3410
ENSG00000111737,RAB35,31,0.20273,21,-0.5677,30,0.00716
ENSG00000089154,GCN1,19,-0.9794,48,1.10357,33,0.57108
ENSG00000089157,RPLP0,233,-1.2638,771,1.47543,454,0.63269
ENSG00000089159,PXN,8,-2.7752,95,2.85295,34,0.94906
ENSG00000111775,COX6A1,909,0.36040,441,-1.0220,841,-0.0261
ENSG00000257218,GATC,25,0.35621,1,-3.8547,29,0.34153
ENSG00000111786,SRSF9,68,-0.3322,87,0.27079,86,0.28484
ENSG00000088986,DYNLL1,676,0.00271,201,-1.8456,912,0.54843
ENSG00000110871,COQ5,16,-0.5551,16,-0.1757,27,0.76361
ENSG00000022840,RNF10,76,-0.2683,69,-0.2351,103,0.44958
ENSG00000167272,POP5,16,-1.0431,45,1.30348,27,0.49069
ENSG00000157782,CABP1,463,3.77754,57,-2.7083,21,-4.2496
ENSG00000110917,MLEC,47,-0.9718,136,1.39440,70,0.30705
ENSG00000175970,UNC119B,16,-0.4877,18,0.07560,24,0.57954
ENSG00000122971,ACADS,15,-1.4106,35,0.77391,43,1.29722
ENSG00000157837,SPPL3,105,0.03382,92,-0.2088,108,0.06362
ENSG00000157895,C12orf43,34,1.54309,13,-1.1528,11,-1.5404
ENSG00000089041,P2RX7,17,-2.5016,52,0.45931,121,2.51204
ENSG00000110931,CAMKK2,151,2.87412,15,-3.0011,23,-2.5596
ENSG00000089053,ANAPC5,61,-1.2560,70,-0.3036,185,1.57006
ENSG00000170633,RNF34,43,0.39733,10,-2.0116,44,0.14657
ENSG00000089094,KDM2B,28,0.53257,15,-0.8383,22,-0.2999
ENSG00000212694,LINC01089,15,-0.7629,7,-1.4478,36,1.29915
ENSG00000110801,PSMD9,27,-0.1413,17,-0.8023,37,0.49390
ENSG00000110987,BCL7A,46,1.25001,19,-1.0748,19,-1.1526
ENSG00000175727,MLXIP,13,-0.7946,25,0.72926,22,0.59966
ENSG00000139719,VPS33A,29,0.49505,20,-0.4131,20,-0.4453
ENSG00000130779,CLIP1,72,1.00077,62,0.00571,22,-1.6392
ENSG00000111011,RSRC2,48,-0.4729,61,0.21440,70,0.49387
ENSG00000139726,DENR,59,0.76098,41,-0.3923,32,-0.8405
ENSG00000130787,HIP1R,70,-1.5979,111,0.01271,266,1.82212
ENSG00000139722,VPS37B,31,-0.3511,70,1.19050,26,-0.4762
ENSG00000150967,ABCB9,20,0.73196,20,0.16973,8,-1.2942
ENSG00000182196,ARL6IP4,177,-0.3874,205,0.10611,245,0.44227
ENSG00000090975,PITPNM2,38,2.44622,14,-1.1260,3,-3.4035
ENSG00000051825,MPHOSPH9,18,-0.0955,12,-0.7022,23,0.41163
ENSG00000130921,C12orf65,16,0.06454,21,0.48740,12,-0.4371
ENSG00000111328,CDK2AP1,124,-1.4191,234,0.42258,380,1.47904
ENSG00000139697,SBNO1,49,0.42003,51,0.18592,29,-0.7490
ENSG00000183955,KMT5A,26,-0.3533,43,0.64456,30,0.06590
ENSG00000184209,SNRNP35,16,-1.0585,23,0.15976,39,1.20048
ENSG00000188026,RILPL1,25,-1.0758,11,-1.6684,76,1.65070
ENSG00000086598,TMED2,57,-0.3513,47,-0.4112,86,0.61291
ENSG00000111361,EIF2B1,23,-0.6604,27,0.04564,40,0.79722
ENSG00000111358,GTF2H3,19,0.18704,15,-0.2381,17,-0.1214
ENSG00000119242,CCDC92,204,1.51031,76,-1.2215,69,-1.4502
ENSG00000179195,ZNF664,51,-1.0708,50,-0.4314,135,1.41201
ENSG00000196498,NCOR2,68,-0.5784,128,0.81384,89,0.25364
ENSG00000073060,SCARB1,39,-1.4419,176,1.92501,73,0.42209
ENSG00000150991,UBC,1001,-0.1584,1223,0.27002,1065,0.05383
ENSG00000184992,BRI3BP,96,1.38584,37,-1.1735,36,-1.2950
ENSG00000081760,AACS,70,2.81654,13,-2.1162,8,-2.9477
ENSG00000139364,TMEM132B,78,1.46771,24,-1.4866,30,-1.2594
ENSG00000256193,LINC00507,21,7.36737,0,-6.6932,0,-7.4148
ENSG00000139370,SLC15A4,21,-1.4316,119,2.40044,27,-0.2510
ENSG00000151948,GLT1D1,31,1.61454,17,-0.5743,6,-2.1987
ENSG00000060709,RIMBP2,36,2.94004,8,-1.8560,3,-3.4665
ENSG00000132341,RAN,198,0.35470,168,-0.1610,148,-0.3938
ENSG00000061936,SFSWAP,37,-0.6254,40,-0.0933,66,0.81296
ENSG00000198598,MMP17,95,1.78133,37,-1.0995,22,-1.9671
ENSG00000177169,ULK1,64,1.93634,10,-2.3862,20,-1.5515
ENSG00000177192,PUS1,20,1.38182,8,-1.1615,7,-1.2956
ENSG00000183495,EP400,30,-0.1925,34,0.15602,34,0.16758
ENSG00000185163,DDX51,37,0.20103,43,0.33131,26,-0.5194
ENSG00000182870,GALNT9,109,2.32946,47,-0.9065,8,-3.5370
ENSG00000112787,FBRSL1,38,-0.3473,51,0.32046,48,0.27562
ENSG00000176894,PXMP2,23,0.41707,16,-0.3869,17,-0.3527
ENSG00000247077,PGAM5,34,1.19855,17,-0.7753,13,-1.2537
ENSG00000176915,ANKLE2,31,-0.0860,31,0.00192,33,0.11238
ENSG00000090615,GOLGA3,72,0.03668,100,0.55249,55,-0.4512
ENSG00000072609,CHFR,18,-0.1609,35,0.99495,13,-0.5824
ENSG00000198040,ZNF84,30,-0.4031,27,-0.2676,45,0.62173
ENSG00000196199,MPHOSPH8,73,0.50883,79,0.24721,38,-0.9607
ENSG00000121390,PSPC1,41,0.62693,18,-1.0768,31,-0.3311
ENSG00000121741,ZMYM2,49,0.05481,11,-2.1983,65,0.53788
ENSG00000121742,GJB6,91,4.40587,0,-8.6553,6,-3.6720
ENSG00000165475,CRYL1,44,-1.2293,41,-0.5962,135,1.61984
ENSG00000278291,AL161772.1,66,-0.3050,74,0.09404,85,0.34536
ENSG00000172458,IL17D,46,-0.5182,20,-1.4065,89,1.03622
ENSG00000150459,SAP18,184,-0.2870,208,0.10470,233,0.31718
ENSG00000173141,MRPL57,77,-0.3427,90,0.13649,102,0.37117
ENSG00000180776,ZDHHC20,33,-2.1895,64,-0.0348,196,2.41368
ENSG00000165487,MICU2,38,-0.2552,23,-0.8502,57,0.63557
ENSG00000151835,SACS,38,0.05243,51,0.47247,30,-0.4047
ENSG00000182957,SPATA13,11,-2.7641,89,1.85979,75,1.89095
ENSG00000165566,AMER2,122,-2.1448,70,-1.8507,778,2.73603
ENSG00000139505,MTMR6,69,0.83380,15,-2.0622,50,-0.3276
ENSG00000139496,NUP58,38,0.51055,3,-3.3315,38,0.15676
ENSG00000132932,ATP8A2,59,3.51657,6,-2.9729,4,-3.5086
ENSG00000127870,RNF6,47,0.47446,54,0.36727,23,-1.0277
ENSG00000132970,WASF3,175,0.82094,136,-0.1966,80,-1.0844
ENSG00000132975,GPR12,27,3.03611,0,-7.0984,4,-2.3065
ENSG00000152484,USP12,39,0.06985,42,0.13340,34,-0.1758
ENSG00000122026,RPL21,559,-1.2164,1104,0.60405,1397,1.17233
ENSG00000122034,GTF3A,89,0.47773,68,-0.2977,62,-0.4861
ENSG00000122033,MTIF3,47,0.37866,5,-3.2722,52,0.28972
ENSG00000186184,POLR1D,47,0.53728,1,-5.0870,48,0.19152
ENSG00000152520,PAN3,14,-0.8734,33,0.99340,24,0.51642
ENSG00000102755,FLT1,23,-2.1219,282,3.73949,11,-2.1319
ENSG00000132963,POMP,114,-0.4214,105,-0.2658,176,0.64241
ENSG00000139514,SLC7A1,46,0.24973,59,0.47609,28,-0.7367
ENSG00000122042,UBL3,150,-0.1272,95,-0.7450,198,0.46122
ENSG00000102781,KATNAL1,35,0.30107,26,-0.3519,29,-0.2150
ENSG00000189403,HMGB1,274,-0.6787,320,0.00566,498,0.83491
ENSG00000132952,USPL1,14,-0.0279,14,-0.0609,15,0.06961
ENSG00000120694,HSPH1,198,1.75389,17,-3.2855,79,-1.1695
ENSG00000187676,B3GLCT,22,0.41571,10,-1.0275,19,-0.0905
ENSG00000073910,FRY,70,1.48054,27,-1.1722,24,-1.4343
ENSG00000139597,N4BP2L1,45,0.18026,42,-0.0534,38,-0.2141
ENSG00000244754,N4BP2L2,41,-1.3295,152,1.65196,78,0.55453
ENSG00000083642,PDS5B,75,1.15519,41,-0.6784,30,-1.2527
ENSG00000133121,STARD13,30,0.00539,24,-0.3438,32,0.16041
ENSG00000172915,NBEA,55,1.32518,34,-0.4764,16,-1.7216
ENSG00000133083,DCLK1,331,2.45993,65,-2.0668,57,-2.3964
ENSG00000133104,SPART,66,-0.9351,105,0.38198,137,0.96334
ENSG00000120697,ALG5,18,-0.5637,25,0.35394,27,0.53287
ENSG00000102710,SUPT20H,23,-0.3174,18,-0.5219,35,0.61077
ENSG00000120686,UFM1,61,-0.2799,64,-0.0053,79,0.36289
ENSG00000120685,PROSER1,14,-0.0983,9,-0.7730,19,0.43622
ENSG00000188811,NHLRC3,17,-0.4155,26,0.53809,21,0.22889
ENSG00000183722,LHFPL6,37,-0.4464,130,2.02251,11,-2.1001
ENSG00000133103,COG6,19,0.13916,9,-1.0655,21,0.24468
ENSG00000150907,FOXO1,13,-0.7974,13,-0.2744,27,1.07060
ENSG00000120688,WBP4,23,0.00378,0,-7.0358,34,0.74555
ENSG00000165572,KBTBD6,51,0.75380,16,-1.6078,38,-0.3307
ENSG00000120696,KBTBD7,15,0.19745,0,-5.8389,19,0.54385
ENSG00000102760,RGCC,125,-1.9300,70,-1.7478,681,2.51427
ENSG00000023516,AKAP11,202,1.08620,102,-0.8095,91,-1.0630
ENSG00000120675,DNAJC15,40,-0.9328,77,0.70396,76,0.78680
ENSG00000151778,SERP2,81,0.97663,12,-2.6431,56,-0.3980
ENSG00000102804,TSC22D1,568,0.67285,498,-0.0362,285,-0.9749
ENSG00000133114,GPALPP1,22,0.20345,13,-0.8160,23,0.09593
ENSG00000188342,GTF2F2,17,-0.9472,27,0.39563,36,0.97068
ENSG00000133112,TPT1,627,-1.4099,1674,1.00350,1664,1.16205
ENSG00000170919,TPT1-AS1,19,-0.1522,15,-0.4445,25,0.39140
ENSG00000136152,COG3,18,-0.1183,21,0.23095,18,0.02355
ENSG00000123200,ZC3H13,58,-0.6774,91,0.47401,95,0.60746
ENSG00000139684,ESD,49,-0.5821,71,0.38095,76,0.54108
ENSG00000102468,HTR2A,65,7.83025,0,-6.2528,0,-9.3713
ENSG00000136143,SUCLA2,68,0.21845,50,-0.4180,63,-0.0759
ENSG00000136146,MED4,41,-0.1705,50,0.25796,44,0.07785
ENSG00000136156,ITM2B,936,-0.5582,1163,0.15290,1486,0.62835
ENSG00000139687,RB1,29,-0.7353,76,1.30829,35,0.03881
ENSG00000102531,FNDC3A,37,-0.7404,55,0.35051,66,0.75031
ENSG00000102547,CAB39L,45,1.10978,3,-3.4188,29,-0.4637
ENSG00000136144,RCBTB1,24,-1.1658,20,-0.7515,72,1.59008
ENSG00000123179,EBPL,16,0.25388,6,-1.2252,16,0.15390
ENSG00000102753,KPNA3,42,0.49502,21,-0.9289,34,-0.2196
ENSG00000123178,SPRYD7,45,0.80792,4,-3.1262,36,-0.1684
ENSG00000204977,TRIM13,23,-0.2651,21,-0.1850,30,0.42517
ENSG00000136104,RNASEH2B,24,0.31467,36,0.75396,11,-1.2151
ENSG00000150510,FAM124A,14,-2.6499,34,-0.0588,121,2.84095
ENSG00000102786,INTS6,19,0.12587,15,-0.2930,18,-0.0146
ENSG00000136100,VPS36,32,0.09875,39,0.35609,25,-0.3796
ENSG00000165416,SUGT1,69,-0.4317,62,-0.3156,109,0.67247
ENSG00000136099,PCDH8,54,6.25717,0,-8.0398,0,-5.6197
ENSG00000118946,PCDH17,52,0.01191,30,-0.8324,62,0.32640
ENSG00000280165,PCDH20,19,2.67426,0,-6.6085,4,-1.9478
ENSG00000184226,PCDH9,187,-1.0018,216,-0.1571,454,1.25510
ENSG00000204899,MZT1,70,1.70243,6,-3.2918,29,-1.1122
ENSG00000083520,DIS3,17,0.28269,6,-1.3327,17,0.14678
ENSG00000118922,KLF12,20,0.13602,45,1.44559,4,-2.4014
ENSG00000136111,TBC1D4,18,-0.1211,53,1.80784,3,-2.8267
ENSG00000188243,COMMD6,89,-0.7758,93,-0.2017,182,1.02249
ENSG00000118939,UCHL3,23,0.15995,20,-0.1076,20,-0.1550
ENSG00000136153,LMO7,53,2.32760,17,-1.3179,7,-2.7987
ENSG00000178695,KCTD12,45,-1.4649,346,3.10287,17,-2.1868
ENSG00000102805,CLN5,12,-1.3148,28,0.76455,33,1.19649
ENSG00000005812,FBXL3,63,-0.1619,58,-0.1677,76,0.29128
ENSG00000005810,MYCBP2,91,1.63030,30,-1.3912,29,-1.5328
ENSG00000139737,SLAIN1,95,-2.2344,62,-1.7120,643,2.80723
ENSG00000136160,EDNRB,56,-0.1106,77,0.48197,52,-0.1625
ENSG00000152193,OBI1,21,0.85082,9,-1.1329,13,-0.5914
ENSG00000139746,RBM26,68,0.37288,53,-0.2839,52,-0.3478
ENSG00000102471,NDFIP2,199,1.32436,53,-1.7278,92,-0.9850
ENSG00000136158,SPRY2,61,0.42456,76,0.44894,31,-1.0278
ENSG00000178235,SLITRK1,65,1.31925,11,-2.3097,33,-0.8335
ENSG00000165300,SLITRK5,60,2.86652,14,-1.7986,5,-3.3755
ENSG00000152749,GPR180,24,0.10964,22,-0.0731,22,-0.1063
ENSG00000125285,SOX21,19,0.51576,8,-1.1027,16,-0.1873
ENSG00000134873,CLDN10,73,1.14179,20,-1.7231,40,-0.7619
ENSG00000134874,DZIP1,41,1.14573,19,-0.8862,18,-1.1056
ENSG00000102580,DNAJC3,25,-0.7622,51,0.84619,39,0.47820
ENSG00000185352,HS6ST3,46,5.67939,0,-7.8114,1,-5.0163
ENSG00000139793,MBNL2,178,-0.5786,125,-0.7432,337,0.96554
ENSG00000125249,RAP2A,142,0.62031,84,-0.6484,96,-0.4958
ENSG00000065150,IPO5,96,0.07726,92,-0.0485,91,-0.0764
ENSG00000152767,FARP1,107,0.43051,114,0.20362,63,-0.7824
ENSG00000102572,STK24,66,1.16999,41,-0.4652,23,-1.4481
ENSG00000088387,DOCK9,69,-0.7652,111,0.47514,122,0.71463
ENSG00000134882,UBAC2,29,-0.6628,72,1.29755,32,-0.0649
ENSG00000125304,TM9SF2,89,0.17401,90,0.07448,73,-0.2855
ENSG00000043355,ZIC2,18,-0.7071,49,1.42059,19,-0.1322
ENSG00000125247,TMTC4,18,-2.6270,17,-1.4118,159,3.14139
ENSG00000102452,NALCN,44,0.76915,0,-5.6624,38,-0.0335
ENSG00000102466,FGF14,60,3.02524,11,-2.0679,5,-3.3913
ENSG00000134900,TPP2,30,-0.1510,34,0.14483,33,0.11916
ENSG00000134897,BIVM,20,0.54506,15,-0.2799,13,-0.5935
ENSG00000134899,ERCC5,18,-0.7379,34,0.74755,29,0.51494
ENSG00000125266,EFNB2,44,1.09063,27,-0.5370,17,-1.2537
ENSG00000134884,ARGLU1,92,-0.4750,125,0.33643,129,0.43107
ENSG00000204442,FAM155A,54,1.95335,27,-0.7273,7,-2.7808
ENSG00000174405,LIG4,30,0.64945,6,-2.0835,25,-0.1187
ENSG00000139826,ABHD13,20,-0.2547,49,1.43535,11,-1.0613
ENSG00000185950,IRS2,120,0.13598,212,0.98078,57,-1.1747
ENSG00000213995,NAXD,51,0.36897,16,-1.6752,51,0.12137
ENSG00000134905,CARS2,24,-0.2412,33,0.40782,26,0.07790
ENSG00000153487,ING1,19,-0.0423,29,0.65567,15,-0.4193
ENSG00000088448,ANKRD10,37,-1.0576,110,1.40199,60,0.42144
ENSG00000102606,ARHGEF7,142,0.84543,80,-0.6762,78,-0.7915
ENSG00000126216,TUBGCP3,17,-0.5212,34,0.96017,19,0.04986
ENSG00000068650,ATP11A,15,-2.1778,34,0.23646,85,2.30737
ENSG00000126217,MCF2L,90,-0.2335,162,0.88289,78,-0.3292
ENSG00000126226,PCID2,22,0.13219,28,0.42968,16,-0.4946
ENSG00000139842,CUL4A,28,-0.3190,45,0.67203,30,-0.0051
ENSG00000185896,LAMP1,138,-1.5927,312,0.61200,469,1.57399
ENSG00000150401,DCUN1D2,29,1.33264,0,-7.3266,17,-0.5857
ENSG00000150403,TMCO3,20,-0.6173,24,0.11199,33,0.71779
ENSG00000198176,TFDP1,35,0.06373,22,-0.6921,39,0.22137
ENSG00000183087,GAS6,84,-0.2220,239,1.71250,27,-1.8660
ENSG00000185989,RASA3,21,-1.1028,45,0.78005,46,0.94450
ENSG00000130177,CDC16,46,-0.3910,39,-0.3618,71,0.64166
ENSG00000169062,UPF3A,48,-0.6496,87,0.73756,69,0.40620
ENSG00000100814,CCNB1IP1,21,0.44404,19,-0.0604,14,-0.5907
ENSG00000129484,PARP2,39,0.80640,8,-2.0932,29,-0.2914
ENSG00000092094,OSGEP,25,-0.6309,29,-0.0318,45,0.79502
ENSG00000100823,APEX1,56,-0.2161,30,-1.0322,82,0.63698
ENSG00000165782,PIP4P1,45,0.24873,47,0.11087,34,-0.4200
ENSG00000129538,RNASE1,113,-3.3524,292,-0.4906,1597,3.57956
ENSG00000165795,NDRG2,672,-0.6523,856,0.15558,1156,0.73947
ENSG00000165801,ARHGEF40,10,-2.5789,110,2.71111,41,0.91792
ENSG00000165804,ZNF219,17,-0.2511,34,1.06132,13,-0.4983
ENSG00000258441,LINC00641,72,1.08039,16,-2.0493,43,-0.6107
ENSG00000092199,HNRNPC,185,-0.9440,340,0.61620,366,0.85134
ENSG00000092201,SUPT16H,82,0.46057,92,0.29631,44,-0.9249
ENSG00000100888,CHD8,46,0.24841,47,0.09756,35,-0.4100
ENSG00000129472,RAB2B,29,-0.5401,27,-0.3068,51,0.79362
ENSG00000092203,TOX4,46,-0.1344,45,-0.0545,53,0.20367
ENSG00000165819,METTL3,22,0.13109,14,-0.6919,23,0.14077
ENSG00000165821,SALL2,21,-1.1607,62,1.30756,40,0.64312
ENSG00000129562,DAD1,83,-0.9967,49,-1.1663,224,1.49638
ENSG00000155463,OXA1L,44,-0.1282,73,0.79735,35,-0.4174
ENSG00000172590,MRPL52,63,-0.8676,115,0.64429,115,0.74297
ENSG00000197324,LRP10,24,-1.8083,151,2.32787,52,0.45489
ENSG00000100461,RBM23,19,-0.2039,23,0.22915,22,0.14023
ENSG00000100462,PRMT5,24,0.61894,9,-1.2482,19,-0.2672
ENSG00000100804,PSMB5,119,0.07802,55,-1.1654,142,0.33936
ENSG00000100813,ACIN1,30,-0.4479,55,0.82195,34,0.06100
ENSG00000179933,C14orf119,22,-0.6364,48,0.99371,29,0.18963
ENSG00000092068,SLC7A8,26,1.67304,20,-0.0859,2,-3.5110
ENSG00000235194,PPP1R3E,21,-0.3892,0,-4.9531,41,1.12311
ENSG00000129473,BCL2L2,116,0.88476,45,-1.2424,71,-0.5949
ENSG00000100836,PABPN1,83,-0.1112,91,0.10584,90,0.08855
ENSG00000092096,SLC22A17,568,1.07091,224,-1.1946,293,-0.8521
ENSG00000100842,EFS,13,-3.1384,35,-0.2779,162,3.33349
ENSG00000166091,CMTM5,27,-3.1360,47,-0.8872,334,3.50380
ENSG00000129460,NGDN,18,-0.8211,24,0.17264,36,0.92840
ENSG00000213983,AP1G2,35,0.95951,28,-0.1337,13,-1.3906
ENSG00000092051,JPH4,164,2.78692,9,-3.9195,31,-2.2385
ENSG00000215256,DHRS4-AS1,14,-0.7563,7,-1.1944,31,1.25102
ENSG00000187630,DHRS4L2,12,-1.3369,24,0.56689,34,1.32384
ENSG00000100884,CPNE6,91,0.52444,71,-0.2447,59,-0.5858
ENSG00000100897,DCAF11,44,0.05063,41,-0.1156,44,-0.0047
ENSG00000092010,PSME1,36,-1.7037,137,1.44958,107,1.18283
ENSG00000100908,EMC9,22,1.20929,0,-5.8429,14,-0.4754
ENSG00000100911,PSME2,28,-0.4468,46,0.63142,35,0.20673
ENSG00000092098,RNF31,16,-0.8029,45,1.39854,20,0.04845
ENSG00000213928,IRF9,20,-1.8802,104,1.86577,61,1.03451
ENSG00000100926,TM9SF1,20,-0.3247,31,0.58605,22,0.06914
ENSG00000254505,CHMP4A,37,-1.0707,65,0.45933,86,1.08077
ENSG00000213920,MDP1,33,0.44193,16,-0.9429,28,-0.1496
ENSG00000129559,NEDD8,231,0.42923,100,-1.1675,207,-0.0650
ENSG00000100938,GMPR2,21,-0.7998,34,0.46655,38,0.76105
ENSG00000092330,TINF2,15,-1.3340,26,0.26793,46,1.45446
ENSG00000100949,RABGGTA,18,0.27809,14,-0.2694,15,-0.2267
ENSG00000196943,NOP9,16,-0.5488,27,0.63487,22,0.34262
ENSG00000100445,SDR39U1,38,-0.6030,43,-0.0233,66,0.75916
ENSG00000168952,STXBP6,48,-0.0724,15,-1.7349,68,0.61275
ENSG00000139910,NOVA1,118,1.09965,29,-1.8737,68,-0.6725
ENSG00000176165,FOXG1,107,1.54379,39,-1.2446,35,-1.4867
ENSG00000186960,LINC01551,26,1.77862,9,-1.2022,6,-1.8815
ENSG00000092140,G2E3,16,-0.3956,30,0.86092,17,-0.0507
ENSG00000092108,SCFD1,37,0.27339,43,0.29680,25,-0.6061
ENSG00000196792,STRN3,32,0.14396,38,0.28592,25,-0.3932
ENSG00000100478,AP4S1,30,0.94639,24,-0.1124,11,-1.3886
ENSG00000092148,HECTD1,79,0.24433,40,-0.9613,80,0.09300
ENSG00000129493,HEATR5A,12,-1.2623,18,0.17578,34,1.41487
ENSG00000129480,DTD2,13,-1.1916,7,-1.2885,41,1.71630
ENSG00000100852,ARHGAP5,108,-0.0292,70,-0.6805,131,0.32744
ENSG00000151320,AKAP6,116,0.57225,33,-1.7331,100,-0.0951
ENSG00000151322,NPAS3,21,-1.5421,63,1.13507,60,1.22543
ENSG00000129521,EGLN3,19,-0.9309,5,-2.3123,51,1.56787
ENSG00000165389,SPTSSA,27,-1.0237,75,1.28514,45,0.48044
ENSG00000129518,EAPP,36,-0.0593,31,-0.2716,41,0.20986
ENSG00000129515,SNX6,31,-2.1299,68,0.23048,169,2.26464
ENSG00000165410,CFL2,63,-2.5622,42,-1.8874,538,3.14381
ENSG00000100883,SRP54,32,-0.8248,50,0.39068,61,0.83031
ENSG00000151327,FAM177A1,42,-0.8860,38,-0.4957,99,1.23304
ENSG00000092020,PPP2R3C,21,-0.5872,16,-0.5528,39,0.92377
ENSG00000100902,PSMA6,79,0.08966,72,-0.1175,75,-0.0553
ENSG00000100906,NFKBIA,44,-1.9578,315,2.51743,99,0.41751
ENSG00000174373,RALGAPA1,44,0.27721,34,-0.3107,37,-0.2041
ENSG00000100916,BRMS1L,26,1.07693,1,-3.9715,17,-0.3946
ENSG00000151332,MBIP,23,0.01985,4,-2.3408,31,0.58994
ENSG00000139874,SSTR1,22,4.25276,0,-6.8005,1,-3.5678
ENSG00000100934,SEC23A,81,1.74252,25,-1.4749,23,-1.6518
ENSG00000182400,TRAPPC6B,50,1.47168,11,-1.9378,21,-1.1044
ENSG00000100941,PNN,32,-0.8037,51,0.40653,60,0.79723
ENSG00000165355,FBXO33,40,1.63213,20,-0.7401,9,-2.0349
ENSG00000165379,LRFN5,35,3.40596,9,-1.5250,0,-8.5607
ENSG00000179454,KLHL28,17,0.14828,8,-1.0654,19,0.23417
ENSG00000198718,TOGARAM1,31,0.31765,18,-0.7783,28,-0.0551
ENSG00000185246,PRPF39,19,-0.0950,20,0.06585,20,0.08960
ENSG00000100442,FKBP3,123,0.51826,63,-0.8912,97,-0.2620
ENSG00000213741,RPS29,598,-0.9786,1006,0.45940,1266,0.97541
ENSG00000165502,RPL36AL,119,-1.0363,120,-0.3884,308,1.36347
ENSG00000165516,KLHDC2,104,0.98587,26,-1.8828,66,-0.5371
ENSG00000165525,NEMF,31,-1.1695,82,1.10735,65,0.80951
ENSG00000282885,AL627171.2,73,-0.5639,211,1.58223,57,-0.6215
ENSG00000165527,ARF6,27,-1.1371,80,1.35651,49,0.57057
ENSG00000100485,SOS2,20,-1.3825,29,-0.0009,66,1.60607
ENSG00000125375,DMAC2L,18,-0.7515,19,-0.1382,35,0.97298
ENSG00000012983,MAP4K5,26,-1.6404,45,0.10954,103,1.83135
ENSG00000198513,ATL1,210,1.93833,18,-3.3045,72,-1.3712
ENSG00000151748,SAV1,21,-0.5734,15,-0.6690,40,0.94059
ENSG00000100503,NIN,39,0.08039,34,-0.1689,38,-0.0164
ENSG00000100505,TRIM9,114,0.73098,78,-0.4156,64,-0.7804
ENSG00000139921,TMX1,17,-1.3389,58,1.46225,36,0.74079
ENSG00000186469,GNG2,145,2.92774,27,-2.1424,15,-3.1261
ENSG00000087302,RTRAF,53,-0.7134,89,0.58591,85,0.58687
ENSG00000087301,TXNDC16,17,0.17132,16,-0.0780,15,-0.1874
ENSG00000197930,ERO1A,57,0.66428,49,-0.0769,29,-0.9254
ENSG00000100519,PSMC6,86,0.11572,55,-0.6470,91,0.14350
ENSG00000073712,FERMT2,37,-1.1475,115,1.40074,67,0.54535
ENSG00000100523,DDHD1,31,0.54496,0,-6.9475,32,0.20273
ENSG00000100528,CNIH1,66,-0.0271,54,-0.3076,73,0.18532
ENSG00000197045,GMFB,161,0.59190,64,-1.2564,128,-0.2325
ENSG00000100532,CGRRF1,14,-0.5237,17,0.08714,23,0.61747
ENSG00000020577,SAMD4A,20,-0.3264,48,1.32332,14,-0.7090
ENSG00000168175,MAPK1IP1L,62,-0.0198,115,1.00577,37,-0.8724
ENSG00000131981,LGALS3,52,-0.6996,211,2.18245,22,-1.6459
ENSG00000178974,FBXO34,49,1.70774,15,-1.5088,15,-1.5834
ENSG00000126777,KTN1,57,-1.7556,197,1.23670,190,1.38990
ENSG00000070367,EXOC5,54,-0.3759,84,0.58987,63,0.13829
ENSG00000053770,AP5M1,37,0.26149,11,-1.7158,41,0.24753
ENSG00000139977,NAA30,34,0.78724,28,-0.1097,15,-1.1040
ENSG00000259969,AL049838.1,28,1.99670,9,-1.2409,5,-2.2274
ENSG00000131966,ACTR10,77,0.72424,45,-0.6483,47,-0.6370
ENSG00000100567,PSMA3,48,0.01640,38,-0.3611,52,0.15405
ENSG00000257621,PSMA3-AS1,16,-0.8120,37,1.06133,24,0.38028
ENSG00000032219,ARID4A,30,0.87522,30,0.18158,10,-1.6096
ENSG00000100575,TIMM9,25,-0.1850,22,-0.2245,31,0.34440
ENSG00000100592,DAAM1,37,0.08906,59,0.77721,23,-0.7833
ENSG00000050130,JKAMP,34,-0.5483,30,-0.3914,60,0.83113
ENSG00000139970,RTN1,1262,3.19994,73,-3.8242,169,-2.7397
ENSG00000126773,PCNX4,30,-0.2550,47,0.67386,29,-0.1016
ENSG00000100612,DHRS7,58,-0.4207,110,0.89202,62,-0.0405
ENSG00000100614,PPM1A,127,1.10096,35,-1.7336,71,-0.7097
ENSG00000020426,MNAT1,16,0.26320,13,-0.3291,14,-0.1762
ENSG00000100644,HIF1A,88,-0.8793,383,2.24989,51,-1.2417
ENSG00000139973,SYT16,85,2.41292,2,-4.8556,22,-1.7408
ENSG00000140015,KCNH5,30,3.25956,9,-1.3802,0,-8.3355
ENSG00000154001,PPP2R5E,37,0.98051,19,-0.7838,18,-0.9245
ENSG00000126821,SGPP1,38,0.06324,24,-0.6999,43,0.22457
ENSG00000100714,MTHFD1,41,1.01564,16,-1.2194,22,-0.7701
ENSG00000179841,AKAP5,30,4.01495,4,-2.3373,0,-6.0834
ENSG00000126803,HSPA2,85,-3.1112,104,-1.4189,1052,3.59117
ENSG00000126822,PLEKHG3,10,-3.9804,42,-0.3918,237,4.03533
ENSG00000070182,SPTB,29,1.49470,23,-0.0548,3,-2.8636
ENSG00000258289,CHURC1,54,-0.3129,43,-0.4622,79,0.58596
ENSG00000139998,RAB15,78,4.22372,4,-3.6873,3,-4.1967
ENSG00000257365,FNTB,19,-1.3979,34,0.29473,60,1.51106
ENSG00000125952,MAX,44,-0.3470,53,0.17817,58,0.35483
ENSG00000033170,FUT8,41,-1.2338,37,-0.6205,126,1.63041
ENSG00000171723,GPHN,41,0.70152,23,-0.6709,25,-0.5945
ENSG00000072415,MPP5,29,-1.1052,17,-1.2435,87,1.62091
ENSG00000100554,ATP6V1D,131,1.15747,37,-1.6774,69,-0.7940
ENSG00000134001,EIF2S1,33,0.18570,33,0.06900,27,-0.2987
ENSG00000054690,PLEKHH1,39,-3.3361,64,-1.1517,561,3.73980
ENSG00000100564,PIGH,28,0.33774,11,-1.2842,28,0.07226
ENSG00000100568,VTI1B,92,0.02941,55,-0.7852,108,0.29179
ENSG00000072042,RDH11,97,-0.1854,102,0.03324,114,0.22454
ENSG00000259038,AL121820.2,15,-0.8357,39,1.20778,22,0.28708
ENSG00000185650,ZFP36L1,93,-1.2071,342,1.70703,151,0.32631
ENSG00000072110,ACTN1,88,1.29903,92,0.35647,7,-3.5399
ENSG00000139990,DCAF5,21,-0.2666,41,0.95654,18,-0.3512
ENSG00000081177,EXD2,27,-0.3733,14,-1.1403,46,0.83266
ENSG00000100626,GALNT16,109,1.38381,80,-0.1891,22,-2.2373
ENSG00000100632,ERH,85,-0.0720,33,-1.4755,118,0.56974
ENSG00000029364,SLC39A9,44,-0.1838,41,-0.1567,54,0.31345
ENSG00000100647,SUSD6,30,-0.3690,73,1.33223,22,-0.6355
ENSG00000100650,SRSF5,132,-0.3999,180,0.35956,172,0.32117
ENSG00000198732,SMOC1,17,-2.4132,85,1.31053,100,1.98299
ENSG00000133983,COX16,63,0.18794,24,-1.4026,71,0.26905
ENSG00000213463,SYNJ2BP,23,-0.3810,24,-0.0223,32,0.49493
ENSG00000133997,MED6,16,0.24265,6,-1.2759,17,0.17901
ENSG00000133985,TTC9,33,2.50531,9,-1.5869,4,-2.8579
ENSG00000006432,MAP3K9,37,2.61018,14,-1.1021,2,-4.0373
ENSG00000100731,PCNX1,46,0.45155,16,-1.4488,42,-0.0189
ENSG00000197555,SIPA1L1,94,1.94762,7,-3.3842,32,-1.3710
ENSG00000182732,RGS6,22,2.17488,11,-0.7217,1,-3.4812
ENSG00000165861,ZFYVE1,16,-0.0424,23,0.60536,13,-0.3719
ENSG00000119707,RBM25,49,-0.8004,109,1.00851,74,0.40697
ENSG00000080815,PSEN1,32,-2.3700,49,-0.5565,229,2.73108
ENSG00000133961,NUMB,34,-0.3802,83,1.33710,26,-0.6201
ENSG00000119661,DNAL1,44,1.08780,30,-0.3376,15,-1.4208
ENSG00000176903,PNMA1,202,1.76080,46,-1.9157,66,-1.4794
ENSG00000156030,ELMSAN1,17,-0.5825,26,0.45268,26,0.50086
ENSG00000140043,PTGR2,19,-0.3221,28,0.51317,22,0.11785
ENSG00000119725,ZNF410,22,0.25809,8,-1.3954,23,0.18876
ENSG00000156050,FAM161B,21,1.72185,0,-6.1226,9,-0.9896
ENSG00000119723,COQ6,18,0.53978,3,-2.6225,18,0.06935
ENSG00000119711,ALDH6A1,107,-0.6108,116,-0.0936,188,0.79626
ENSG00000205659,LIN52,17,1.96612,10,-0.4578,1,-3.4666
ENSG00000119688,ABCD4,22,-1.0452,51,0.96475,43,0.75662
ENSG00000119655,NPC2,45,-2.4029,394,2.51518,163,0.95482
ENSG00000165898,ISCA2,23,0.61712,12,-0.8157,16,-0.4168
ENSG00000119682,AREL1,25,0.52144,20,-0.2501,16,-0.5779
ENSG00000119596,YLPM1,38,-0.0072,19,-1.0315,47,0.40283
ENSG00000119689,DLST,16,-0.4574,27,0.66652,20,0.19614
ENSG00000198208,RPS6KL1,35,1.33833,5,-2.5468,18,-0.8124
ENSG00000119718,EIF2B2,14,-0.0375,0,-6.6212,22,0.78509
ENSG00000119640,ACYP1,31,0.35664,19,-0.6316,26,-0.1600
ENSG00000119638,NEK9,20,-1.0815,44,0.85694,41,0.87201
ENSG00000170348,TMED10,115,-1.1915,233,0.65119,280,1.11958
ENSG00000170345,FOS,136,-1.2274,672,2.28063,144,-0.4424
ENSG00000140044,JDP2,15,-0.9917,72,2.33281,10,-1.1302
ENSG00000133935,ERG28,47,0.17919,42,-0.1244,41,-0.1717
ENSG00000119650,IFT43,26,-0.2311,19,-0.5420,36,0.51775
ENSG00000089916,GPATCH2L,16,-0.9470,39,1.07086,28,0.55409
ENSG00000071246,VASH1,18,-1.2656,77,1.89574,29,0.19623
ENSG00000013523,ANGEL1,12,-1.5157,41,1.26320,34,1.10812
ENSG00000119669,IRF2BPL,43,-0.1073,79,0.97413,29,-0.6567
ENSG00000198894,CIPC,49,-0.7807,42,-0.4996,105,1.12056
ENSG00000165548,TMEM63C,21,2.54467,6,-1.4023,2,-3.1797
ENSG00000177108,ZDHHC22,44,1.62314,15,-1.2863,13,-1.5810
ENSG00000165553,NGB,54,3.88727,4,-3.2885,3,-3.9082
ENSG00000009830,POMT2,13,-1.2459,29,0.75362,33,1.12504
ENSG00000100580,TMED8,42,0.91320,18,-1.0372,24,-0.7100
ENSG00000100591,AHSA1,73,-0.3594,54,-0.5889,113,0.67948
ENSG00000100596,SPTLC2,30,-2.4023,125,1.06840,177,2.12001
ENSG00000119705,SLIRP,166,-0.0371,82,-1.0905,214,0.45117
ENSG00000100603,SNW1,28,-0.5940,43,0.47967,42,0.49966
ENSG00000021645,NRXN3,119,2.50563,16,-2.5867,23,-2.2185
ENSG00000211448,DIO2,38,1.84230,27,-0.1638,2,-4.1073
ENSG00000165417,GTF2A1,47,-0.0045,48,0.01829,47,-0.0041
ENSG00000140022,STON2,31,-1.2532,107,1.52783,59,0.57094
ENSG00000071537,SEL1L,65,-0.8290,129,0.79709,110,0.59873
ENSG00000185070,FLRT2,64,1.12014,85,0.72549,1,-5.3964
ENSG00000054983,GALC,29,-1.2862,36,-0.1999,91,1.57056
ENSG00000100722,ZC3H14,34,-0.6807,69,0.90799,47,0.32237
ENSG00000165533,TTC8,18,-0.0149,22,0.37957,15,-0.2259
ENSG00000053254,FOXN3,27,-0.5585,67,1.30660,26,-0.2494
ENSG00000100764,PSMC1,88,0.38974,55,-0.6306,73,-0.2025
ENSG00000198668,CALM1,2239,1.17878,779,-1.3666,1093,-0.9250
ENSG00000165914,TTC7B,60,0.91699,34,-0.6481,30,-0.9106
ENSG00000100784,RPS6KA5,21,-0.1682,0,-7.2005,36,0.91847
ENSG00000133943,DGLUCY,39,-0.3816,67,0.72584,44,0.04294
ENSG00000100796,PPP4R3A,31,-0.5334,63,0.96216,36,0.06627
ENSG00000100815,TRIP11,17,-1.0237,69,1.92498,19,-0.2506
ENSG00000066427,ATXN3,13,-0.9149,36,1.32611,19,0.29073
ENSG00000183648,NDUFB1,352,0.45723,214,-0.6502,277,-0.2806
ENSG00000165934,CPSF2,24,-1.0123,65,1.19004,42,0.54544
ENSG00000100600,LGMN,44,-0.6305,152,1.90118,26,-1.0757
ENSG00000066455,GOLGA5,14,-0.5710,0,-6.7643,32,1.32020
ENSG00000100604,CHGA,460,3.25958,94,-1.9779,24,-4.0850
ENSG00000100605,ITPK1,271,-0.0965,294,0.10277,287,0.07084
ENSG00000165943,MOAP1,193,2.56268,18,-3.1105,39,-2.1323
ENSG00000012963,UBR7,43,0.41201,27,-0.6167,35,-0.2369
ENSG00000011114,BTBD7,11,-1.3412,36,1.37213,25,0.81872
ENSG00000133958,UNC79,27,2.87125,0,-7.1105,5,-2.1390
ENSG00000089737,DDX24,255,1.15673,97,-1.2325,123,-0.9500
ENSG00000165948,IFI27L1,29,1.09527,0,-5.7247,20,-0.3619
ENSG00000165949,IFI27,43,-2.4642,700,4.23995,10,-3.4239
ENSG00000119632,IFI27L2,93,-1.1017,227,1.02855,185,0.78218
ENSG00000119698,PPP4R4,21,2.87350,0,-6.7288,4,-2.1482
ENSG00000196136,SERPINA3,8,-5.3744,963,5.81152,51,-1.1549
ENSG00000100697,DICER1,45,-0.9701,60,0.08883,102,1.13112
ENSG00000165959,CLMN,8,-3.6176,23,-0.5081,137,3.80016
ENSG00000247092,SNHG10,12,-0.7932,1,-3.0511,31,1.47569
ENSG00000182512,GLRX5,70,0.71673,29,-1.1683,49,-0.4111
ENSG00000250366,TUNAR,14,3.89896,0,-6.1357,1,-3.2322
ENSG00000227051,C14orf132,111,0.35896,70,-0.6171,94,-0.1690
ENSG00000066739,ATG2B,41,0.05756,37,-0.1442,40,0.00088
ENSG00000100744,GSKIP,48,1.48905,7,-2.4261,21,-1.0067
ENSG00000090060,PAPOLA,73,-0.5391,91,0.17364,113,0.59545
ENSG00000183576,SETD3,41,-0.5948,50,0.08130,69,0.70484
ENSG00000090061,CCNK,18,0.01792,7,-1.3139,23,0.43972
ENSG00000205476,CCDC85C,16,-0.1283,12,-0.4162,20,0.35239
ENSG00000182218,HHIPL1,20,0.25105,16,-0.2987,17,-0.1754
ENSG00000036530,CYP46A1,128,2.24400,41,-1.3634,19,-2.5753
ENSG00000066629,EML1,13,-0.8698,8,-1.0768,33,1.34843
ENSG00000196405,EVL,268,0.86618,293,0.35185,74,-1.8663
ENSG00000100811,YY1,72,-0.0852,58,-0.3609,85,0.27895
ENSG00000197119,SLC25A29,55,-0.3999,92,0.68677,64,0.10011
ENSG00000140105,WARS,56,-0.0681,137,1.48896,19,-1.7239
ENSG00000183092,BEGAIN,56,1.82162,22,-1.1187,13,-2.0215
ENSG00000214548,MEG3,535,2.89403,154,-1.4887,30,-4.0086
ENSG00000078304,PPP2R5C,111,0.31271,79,-0.4513,95,-0.1824
ENSG00000197102,DYNC1H1,275,0.16420,209,-0.3865,264,-0.0208
ENSG00000080824,HSP90AA1,1460,0.43448,990,-0.4916,1125,-0.3233
ENSG00000140153,WDR20,22,-0.4843,0,-7.3504,46,1.23534
ENSG00000100865,CINP,35,-1.0326,66,0.60897,76,0.95975
ENSG00000196663,TECPR2,52,-0.5069,36,-0.7063,92,0.87738
ENSG00000156381,ANKRD9,63,-0.0177,81,0.39691,55,-0.2350
ENSG00000131323,TRAF3,34,0.67685,27,-0.1571,18,-0.8805
ENSG00000198752,CDC42BPB,85,0.08495,83,-0.0138,79,-0.1065
ENSG00000100664,EIF5,198,0.44855,163,-0.1829,135,-0.5147
ENSG00000075413,MARK3,68,-0.2563,90,0.36639,77,0.12583
ENSG00000166165,CKB,1816,0.47580,1028,-0.7600,1445,-0.2589
ENSG00000166166,TRMT61A,21,-0.6617,20,-0.3463,41,0.94359
ENSG00000166170,BAG5,46,0.37403,40,-0.1205,33,-0.4467
ENSG00000126214,KLC1,553,1.63535,158,-1.6024,188,-1.4374
ENSG00000256053,COA8,47,-0.1983,44,-0.1639,60,0.33453
ENSG00000269958,AL049840.5,8,-2.4026,29,0.83038,49,2.24953
ENSG00000100711,ZFYVE21,77,0.09332,62,-0.3136,77,0.03655
ENSG00000088808,PPP1R13B,33,1.50622,20,-0.4745,7,-2.0939
ENSG00000156411,ATP5MPL,357,0.62989,86,-1.9972,303,-0.1112
ENSG00000258986,TMEM179,38,0.09627,14,-1.4733,47,0.38508
ENSG00000203485,INF2,112,-1.2376,137,-0.1726,327,1.51129
ENSG00000184990,SIVA1,68,-0.4379,106,0.54972,87,0.25138
ENSG00000142208,AKT1,61,-0.1343,81,0.40071,60,-0.0674
ENSG00000099814,CEP170B,86,2.17163,26,-1.4482,15,-2.3601
ENSG00000185567,AHNAK2,36,1.52385,27,-0.1084,5,-2.8215
ENSG00000184916,JAG2,28,0.14768,71,1.61047,2,-3.5219
ENSG00000183828,NUDT14,70,1.28933,26,-1.2107,29,-1.1399
ENSG00000185024,BRF1,45,-0.1666,77,0.80609,38,-0.3621
ENSG00000184887,BTBD6,98,1.40024,45,-0.8991,32,-1.4858
ENSG00000179364,PACS2,76,-1.8089,207,0.77780,298,1.71302
ENSG00000182979,MTA1,31,-0.2877,31,-0.0892,42,0.41113
ENSG00000182809,CRIP2,182,0.23950,298,0.87710,82,-1.2417
ENSG00000213145,CRIP1,11,-2.6037,204,4.45604,1,-4.7699
ENSG00000184986,TMEM121,22,-0.1746,13,-0.8274,30,0.53871
ENSG00000274253,AC138649.1,37,1.27498,18,-0.8120,13,-1.3481
ENSG00000170113,NIPA1,73,-0.2563,19,-2.0844,121,0.85230
ENSG00000140157,NIPA2,35,0.47336,40,0.33767,18,-0.9924
ENSG00000273749,CYFIP1,43,-1.8446,409,3.30465,31,-1.4157
ENSG00000182636,NDN,112,1.01453,24,-2.0736,71,-0.5302
ENSG00000128739,SNRPN,715,1.46644,147,-2.1082,314,-1.0517
ENSG00000224078,SNHG14,390,1.54741,224,-0.5578,88,-2.0750
ENSG00000114062,UBE3A,72,0.56779,74,0.18828,36,-1.0060
ENSG00000166206,GABRB3,147,4.01131,11,-3.3749,7,-4.0565
ENSG00000186297,GABRA5,164,2.92407,17,-2.9245,23,-2.6549
ENSG00000182256,GABRG3,27,1.67216,12,-0.8728,6,-1.9750
ENSG00000128731,HERC2,50,0.07115,16,-1.6692,63,0.44757
ENSG00000034053,APBA2,196,1.24595,72,-1.2757,88,-1.0510
ENSG00000104059,FAM189A1,31,3.88921,0,-5.4540,2,-3.2772
ENSG00000185115,NSMCE3,36,1.07872,15,-1.1068,18,-0.9001
ENSG00000104067,TJP1,60,-1.7736,148,0.63985,234,1.74570
ENSG00000198690,FAN1,16,-1.3386,24,0.03600,51,1.54738
ENSG00000166912,MTMR10,27,-2.1989,21,-1.4047,178,2.73212
ENSG00000169926,KLF13,77,-0.4407,67,-0.3634,123,0.69955
ENSG00000169918,OTUD7A,45,-0.1389,8,-2.5510,70,0.77475
ENSG00000166922,SCG5,298,1.54865,13,-4.2912,146,-0.8680
ENSG00000166923,GREM1,4,-3.7680,5,-1.7415,83,4.23641
ENSG00000198838,RYR3,18,-0.7478,61,1.72703,16,-0.4768
ENSG00000134153,EMC7,62,-0.3743,78,0.22631,83,0.36370
ENSG00000134152,KATNBL1,21,-0.0776,24,0.16205,21,0.01052
ENSG00000128463,EMC4,103,-0.0449,69,-0.6416,126,0.33311
ENSG00000140199,SLC12A6,24,-0.3694,32,0.35367,30,0.28484
ENSG00000182117,NOP10,65,0.25574,54,-0.2356,55,-0.2145
ENSG00000176454,LPCAT4,76,2.80044,19,-1.7027,6,-3.3537
ENSG00000175265,GOLGA8A,48,0.43675,35,-0.3789,36,-0.3837
ENSG00000215252,GOLGA8B,60,1.61868,7,-2.9059,25,-1.0710
ENSG00000021776,AQR,26,0.16760,33,0.40450,19,-0.5295
ENSG00000198146,ZNF770,47,0.25836,44,-0.0269,37,-0.3404
ENSG00000134138,MEIS2,34,1.03767,0,-7.5734,25,-0.2885
ENSG00000166068,SPRED1,71,0.10108,93,0.45382,53,-0.4659
ENSG00000171262,FAM98B,54,0.45522,44,-0.1929,37,-0.5180
ENSG00000172575,RASGRP1,65,3.58039,2,-4.2953,6,-3.0961
ENSG00000166073,GPR176,33,2.07042,11,-1.3139,6,-2.2957
ENSG00000128829,EIF2AK4,29,1.07044,18,-0.5251,12,-1.2300
ENSG00000140319,SRP14,433,-0.0070,310,-0.5243,498,0.24707
ENSG00000137843,PAK6,40,2.98805,8,-1.9264,3,-3.4821
ENSG00000259330,INAFM2,45,-0.6488,175,2.12123,19,-1.6276
ENSG00000140323,DISP2,54,2.97734,13,-1.6810,3,-3.8467
ENSG00000128928,IVD,39,-0.5206,54,0.36081,56,0.47504
ENSG00000140320,BAHD1,22,-0.0484,38,0.88642,15,-0.6583
ENSG00000128891,CCDC32,25,1.07616,17,-0.3378,9,-1.3997
ENSG00000137824,RMDN3,53,-0.2878,39,-0.5542,77,0.58707
ENSG00000166140,ZFYVE19,16,-0.5344,17,-0.0817,26,0.70290
ENSG00000104142,VPS18,21,-0.4423,33,0.60028,26,0.22258
ENSG00000187446,CHP1,79,0.63129,34,-1.1521,60,-0.3117
ENSG00000247556,OIP5-AS1,231,1.37729,100,-1.0057,83,-1.3792
ENSG00000137806,NDUFAF1,25,0.13915,15,-0.6725,26,0.12427
ENSG00000137815,RTF1,89,0.75480,82,0.05199,38,-1.2054
ENSG00000137825,ITPKA,119,5.09273,5,-4.1234,2,-5.4196
ENSG00000103932,RPAP1,16,-0.3309,20,0.21129,21,0.31647
ENSG00000092445,TYRO3,188,0.66056,57,-1.6550,150,-0.2119
ENSG00000174197,MGA,10,-1.1471,38,1.65832,17,0.29127
ENSG00000137802,MAPKBP1,29,1.46954,1,-3.7628,15,-0.8178
ENSG00000166887,VPS39,60,0.02356,66,0.15768,56,-0.1264
ENSG00000103978,TMEM87A,41,-1.2234,67,0.30217,109,1.32157
ENSG00000092529,CAPN3,28,-3.4737,62,-0.8499,446,3.78484
ENSG00000103994,ZNF106,50,-0.0289,74,0.63086,39,-0.4175
ENSG00000092531,SNAP23,9,-2.3829,36,1.00696,53,2.13739
ENSG00000180979,LRRC57,20,0.12692,26,0.45644,15,-0.5101
ENSG00000137814,HAUS2,16,0.00368,22,0.55417,12,-0.3994
ENSG00000128881,TTBK2,72,1.96833,17,-1.8402,19,-1.7925
ENSG00000159459,UBR1,24,0.19505,22,-0.0715,20,-0.2239
ENSG00000166946,CCNDBP1,39,0.08729,19,-1.1054,46,0.31417
ENSG00000137822,TUBGCP4,16,1.32740,3,-2.0686,8,-0.8953
ENSG00000067369,TP53BP1,67,0.41449,60,-0.0704,45,-0.5393
ENSG00000166963,MAP1A,650,1.11557,330,-0.8029,284,-1.1103
ENSG00000237289,CKMT1B,43,4.68114,3,-3.4443,0,-5.3810
ENSG00000223572,CKMT1A,38,6.28811,0,-7.5278,0,-5.7076
ENSG00000167004,PDIA3,73,-1.1480,185,1.05846,151,0.81806
ENSG00000140264,SERF2,543,-0.9047,1002,0.64816,1024,0.78580
ENSG00000140259,MFAP1,26,0.34295,27,0.13655,17,-0.5834
ENSG00000171877,FRMD5,14,-1.9086,22,-0.2434,71,2.20930
ENSG00000166734,CASC4,105,-0.3167,139,0.33554,127,0.22622
ENSG00000137770,CTDSPL2,16,-0.3072,22,0.37669,20,0.18811
ENSG00000104131,EIF3J,40,-0.5458,54,0.27452,62,0.55298
ENSG00000104133,SPG11,17,-1.0378,51,1.42276,27,0.37390
ENSG00000166710,B2M,194,-2.6664,2605,3.28809,553,0.25909
ENSG00000185880,TRIM69,51,0.12987,60,0.28648,40,-0.3721
ENSG00000138606,SHF,26,2.63062,0,-4.7878,5,-1.9753
ENSG00000171766,GATM,153,-1.1493,320,0.73567,349,1.02465
ENSG00000104164,BLOC1S6,49,0.97539,23,-0.9500,26,-0.8322
ENSG00000137872,SEMA6D,30,-1.0629,11,-1.8373,89,1.65715
ENSG00000104177,MYEF2,59,0.35769,41,-0.4741,48,-0.2305
ENSG00000128951,DUT,57,-0.7359,60,-0.1736,113,0.96815
ENSG00000255302,EID1,282,0.29500,121,-1.2201,284,0.10542
ENSG00000138593,SECISBP2L,88,-1.7076,84,-0.8269,392,2.15357
ENSG00000166200,COPS2,46,-0.1382,21,-1.1857,65,0.58527
ENSG00000104047,DTWD1,16,-0.0051,10,-0.7173,19,0.31093
ENSG00000285410,GABPB1-IT1,27,0.28262,2,-3.2639,32,0.38845
ENSG00000138592,USP8,41,-0.1854,32,-0.4629,55,0.43731
ENSG00000138600,SPPL2A,25,-0.7041,60,1.19159,31,0.10884
ENSG00000186417,GLDN,8,-4.4692,149,1.58452,214,3.13865
ENSG00000104093,DMXL2,89,1.96274,24,-1.6521,22,-1.8803
ENSG00000104112,SCG3,288,1.72344,176,-0.4412,42,-2.6859
ENSG00000140280,LYSMD2,93,1.69856,55,-0.4774,15,-2.5500
ENSG00000128872,TMOD2,181,1.09291,107,-0.5750,74,-1.2286
ENSG00000138594,TMOD3,13,-1.3696,90,2.84343,8,-1.4691
ENSG00000166477,LEO1,13,0.01763,7,-0.8723,16,0.33141
ENSG00000069956,MAPK6,70,0.87263,14,-2.1594,50,-0.3542
ENSG00000069966,GNB5,99,2.31731,41,-0.9552,8,-3.3778
ENSG00000197535,MYO5A,246,1.96124,49,-2.0816,70,-1.6821
ENSG00000128989,ARPP19,658,1.23216,146,-2.0276,347,-0.7923
ENSG00000047346,FAM214A,16,-1.1094,18,-0.2435,43,1.39812
ENSG00000137766,UNC13C,43,0.35772,42,0.05138,29,-0.5409
ENSG00000137876,RSL24D1,46,-0.4256,45,-0.1805,71,0.61471
ENSG00000260916,CCPG1,59,0.04560,74,0.37816,48,-0.3158
ENSG00000137871,ZNF280D,31,-0.6682,38,0.09306,55,0.78596
ENSG00000140262,TCF12,24,-1.9752,35,-0.2934,124,2.28796
ENSG00000255529,POLR2M,35,-1.2596,58,0.27107,99,1.37372
ENSG00000137845,ADAM10,53,-0.8804,144,1.32151,75,0.24504
ENSG00000128923,MINDY2,41,-0.1140,58,0.53244,37,-0.1976
ENSG00000157450,RNF111,28,1.28392,7,-1.7739,13,-0.9209
ENSG00000137776,SLTM,34,-0.8087,77,1.00865,53,0.41818
ENSG00000157470,FAM81A,85,4.02931,6,-3.5288,4,-3.9827
ENSG00000140307,GTF2A2,44,-0.7194,63,0.29916,78,0.75095
ENSG00000140299,BNIP2,16,-1.8398,89,2.05121,42,0.80781
ENSG00000129003,VPS13C,52,-0.8009,129,1.18938,72,0.25382
ENSG00000171914,TLN2,110,1.29701,47,-1.0333,43,-1.2430
ENSG00000140416,TPM1,77,0.51212,115,0.79008,23,-1.7799
ENSG00000185088,RPS27L,71,-0.5283,68,-0.2313,119,0.75336
ENSG00000166128,RAB8B,40,-0.0111,45,0.19152,38,-0.0995
ENSG00000138613,APH1B,14,-1.3685,34,0.77171,40,1.25209
ENSG00000103657,HERC1,132,0.93229,54,-1.1490,76,-0.6897
ENSG00000166797,CIAO2A,18,-1.5622,58,1.24047,51,1.17658
ENSG00000028528,SNX1,36,-1.5771,54,-0.0294,135,1.81517
ENSG00000157734,SNX22,12,-2.0669,10,-1.2721,75,2.58438
ENSG00000166794,PPIB,85,-1.4940,234,1.01194,241,1.25057
ENSG00000180304,OAZ2,106,-0.2869,89,-0.3517,149,0.51671
ENSG00000241839,PLEKHO2,16,-1.5473,120,2.94179,12,-1.1961
ENSG00000166839,ANKDD1A,20,0.93189,13,-0.3651,8,-1.1291
ENSG00000090487,SPG21,43,-0.5139,47,-0.0304,69,0.65761
ENSG00000090470,PDCD7,26,0.61064,26,0.16512,12,-1.0595
ENSG00000166855,CLPX,35,-0.2539,26,-0.5381,49,0.54284
ENSG00000074603,DPP8,59,0.27021,55,-0.0288,46,-0.3561
ENSG00000074696,HACD3,95,0.18697,28,-1.7834,111,0.34025
ENSG00000174485,DENND4A,20,-0.6224,42,0.97568,25,0.18491
ENSG00000103769,RAB11A,182,0.76701,125,-0.3988,97,-0.8453
ENSG00000166938,DIS3L,23,-0.4769,17,-0.6393,40,0.82603
ENSG00000169032,MAP2K1,238,1.82217,43,-2.2486,79,-1.4489
ENSG00000174446,SNAPC5,33,0.36438,36,0.26342,20,-0.7262
ENSG00000174444,RPL4,598,-0.9879,909,0.28979,1325,1.06652
ENSG00000166949,SMAD3,29,-0.3781,90,1.81586,11,-1.6233
ENSG00000103591,AAGAB,43,0.90561,47,0.33730,11,-1.9434
ENSG00000189227,C15orf61,45,0.85913,20,-1.0229,27,-0.6452
ENSG00000137764,MAP2K5,29,0.37945,20,-0.4776,23,-0.2574
ENSG00000033800,PIAS1,47,0.67039,38,-0.1529,25,-0.8735
ENSG00000128973,CLN6,15,-0.7018,42,1.45497,16,-0.1828
ENSG00000169018,FEM1B,149,1.06989,44,-1.6205,84,-0.7037
ENSG00000103647,CORO2B,142,0.75518,54,-1.2948,99,-0.4177
ENSG00000140350,ANP32A,90,-0.0719,70,-0.4101,107,0.28215
ENSG00000138604,GLCE,20,0.01440,17,-0.2322,22,0.09947
ENSG00000137818,RPLP1,1080,-1.1687,3189,1.32429,2048,0.63958
ENSG00000140332,TLE3,22,-0.1718,57,1.53499,9,-1.5116
ENSG00000166173,LARP6,89,-1.6715,41,-1.8617,405,2.27131
ENSG00000137821,LRRC49,25,1.92378,0,-7.0490,9,-1.1822
ENSG00000066933,MYO9A,35,0.39545,38,0.25788,20,-0.7734
ENSG00000067225,PKM,855,0.66590,847,0.15484,385,-1.1504
ENSG00000137817,PARP6,53,0.67003,27,-0.8488,36,-0.4715
ENSG00000140488,CELF6,24,1.29921,0,-7.0680,14,-0.5537
ENSG00000213614,HEXA,36,-0.5973,87,1.25821,38,-0.1283
ENSG00000166233,ARIH1,56,0.33853,56,0.09450,39,-0.5439
ENSG00000159322,ADPGK,18,-0.0643,31,0.82891,13,-0.5620
ENSG00000067141,NEO1,47,-1.2426,60,-0.1345,139,1.50432
ENSG00000156642,NPTN,483,2.68269,85,-2.2215,70,-2.6500
ENSG00000067221,STOML1,90,1.41536,42,-0.8839,29,-1.5211
ENSG00000140464,PML,20,-1.1118,66,1.55936,31,0.34409
ENSG00000129009,ISLR,27,-1.2348,182,2.99565,5,-3.1084
ENSG00000138623,SEMA7A,43,-0.1748,57,0.40510,44,-0.0129
ENSG00000138629,UBL7,91,0.66506,29,-1.5909,71,-0.2316
ENSG00000179335,CLK3,17,-1.6928,67,1.52553,49,1.11193
ENSG00000179151,EDC3,21,-0.1407,33,0.64505,19,-0.2518
ENSG00000103653,CSK,35,-0.8327,114,1.67289,37,-0.2366
ENSG00000140474,ULK3,65,1.36495,14,-1.9733,30,-0.9641
ENSG00000140497,SCAMP2,24,-2.3458,227,2.71307,74,0.66012
ENSG00000178802,MPI,49,-0.1963,56,0.13885,57,0.18216
ENSG00000178761,FAM219B,46,-0.0810,67,0.57762,39,-0.2860
ENSG00000178741,COX5A,160,0.26125,107,-0.5553,147,-0.0710
ENSG00000198794,SCAMP5,319,2.10439,126,-1.0734,48,-2.6216
ENSG00000140365,COMMD4,40,-0.7473,92,1.09009,55,0.26542
ENSG00000140400,MAN2C1,45,-0.5509,93,0.97720,53,0.07890
ENSG00000169375,SIN3A,20,-0.6784,40,0.84149,29,0.36987
ENSG00000169410,PTPN9,33,0.43045,51,0.84498,11,-1.6667
ENSG00000169371,SNUPN,17,-0.5848,28,0.52599,26,0.46002
ENSG00000177971,IMP3,72,0.47212,61,-0.1309,47,-0.5837
ENSG00000173546,CSPG4,9,-2.3167,112,3.34687,16,-0.3663
ENSG00000140367,UBE2Q2,29,0.56214,14,-0.9277,22,-0.3033
ENSG00000140374,ETFA,41,0.41364,31,-0.3214,30,-0.3831
ENSG00000140386,SCAPER,16,0.29317,6,-1.3087,17,0.12923
ENSG00000117906,RCN2,115,0.57837,78,-0.4503,76,-0.5405
ENSG00000140391,TSPAN3,328,-0.3454,476,0.48197,388,0.17127
ENSG00000173517,PEAK1,28,-0.6326,43,0.47800,43,0.54937
ENSG00000140382,HMG20A,55,0.62090,42,-0.2725,33,-0.7102
ENSG00000169783,LINGO1,211,2.10313,53,-1.7295,46,-2.0478
ENSG00000166411,IDH3A,77,0.57082,53,-0.4440,51,-0.5334
ENSG00000103740,ACSBG1,60,0.31650,70,0.31949,38,-0.6978
ENSG00000140403,DNAJA4,126,1.33394,20,-2.4755,65,-0.8195
ENSG00000140395,WDR61,38,-0.0596,22,-0.8219,48,0.40590
ENSG00000136381,IREB2,21,-0.4050,39,0.83193,23,-0.0109
ENSG00000041357,PSMA4,88,0.10018,100,0.24295,72,-0.2949
ENSG00000185787,MORF4L1,600,0.75771,283,-0.9815,391,-0.5306
ENSG00000103811,CTSH,40,-1.7703,243,2.32120,83,0.41065
ENSG00000058335,RASGRF1,119,3.26056,8,-3.4737,14,-2.9090
ENSG00000166557,TMED3,25,-0.4696,42,0.68049,31,0.20273
ENSG00000086666,ZFAND6,36,-0.3628,49,0.34404,46,0.28193
ENSG00000172379,ARNT2,212,0.98441,144,-0.3780,89,-1.2056
ENSG00000136379,ABHD17C,22,0.43245,20,-0.0276,14,-0.5968
ENSG00000117899,MESD,31,-0.6075,35,-0.0518,55,0.77597
ENSG00000140406,TLNRD1,26,-0.0127,35,0.44225,22,-0.2781
ENSG00000182774,RPS17,303,-0.8573,795,1.27872,426,0.25228
ENSG00000214575,CPEB1,23,-0.4085,35,0.57905,27,0.19116
ENSG00000103723,AP3B2,80,3.08326,18,-1.8363,5,-3.8543
ENSG00000103942,HOMER2,21,1.00670,22,0.28909,5,-2.1275
ENSG00000064726,BTBD1,22,-0.2756,22,-0.1269,30,0.41301
ENSG00000136404,TM6SF1,28,0.20876,69,1.57368,2,-3.8095
ENSG00000166503,HDGFL3,133,0.78830,39,-1.6609,96,-0.3582
ENSG00000140600,SH3GL3,70,-1.4593,6,-4.1041,289,2.18091
ENSG00000140612,SEC11A,24,-1.3171,62,1.01247,59,1.05029
ENSG00000166716,ZNF592,19,-1.2909,65,1.50291,38,0.64348
ENSG00000073417,PDE8A,16,-2.8943,25,-0.8551,168,3.28156
ENSG00000170776,AKAP13,20,-0.7934,100,2.55146,3,-3.1546
ENSG00000140538,NTRK3,88,1.28501,61,-0.2954,23,-1.8511
ENSG00000181991,MRPS11,46,-0.4421,87,0.88129,51,0.00154
ENSG00000140545,MFGE8,53,-0.4186,157,1.69537,28,-1.1810
ENSG00000140526,ABHD2,97,0.52526,148,0.82446,27,-1.8983
ENSG00000140521,POLG,34,0.48640,29,-0.1508,22,-0.5914
ENSG00000255571,MIR9-3HG,20,0.33938,33,0.95672,6,-1.6509
ENSG00000166823,MESP1,38,1.14729,19,-0.7927,16,-1.1641
ENSG00000157823,AP3S2,49,-0.1128,22,-1.2788,69,0.57676
ENSG00000242498,ARPIN,15,-0.5378,22,0.42569,21,0.45987
ENSG00000259291,ZNF710-AS1,30,-0.3317,42,0.43775,35,0.18199
ENSG00000182054,IDH2,69,-0.0382,65,-0.1182,74,0.11206
ENSG00000185033,SEMA4B,19,-0.3259,18,-0.2402,28,0.52042
ENSG00000185043,CIB1,50,-0.9131,96,0.70052,94,0.76486
ENSG00000182768,NGRN,470,1.44932,145,-1.5100,185,-1.2248
ENSG00000140575,IQGAP1,9,-2.6187,70,1.87022,56,1.76072
ENSG00000140577,CRTC3,16,-1.9165,43,0.62487,74,1.89464
ENSG00000140564,FURIN,36,-0.4589,128,2.03195,10,-2.0820
ENSG00000196547,MAN2A2,73,-1.2445,60,-0.7997,231,1.68155
ENSG00000184508,HDDC3,19,-0.0686,0,-5.8261,31,0.81096
ENSG00000140553,UNC45A,27,-0.5399,68,1.30819,26,-0.2838
ENSG00000185518,SV2B,354,3.17485,68,-2.0696,24,-3.7184
ENSG00000176463,SLCO3A1,21,-1.8665,18,-1.1267,110,2.36537
ENSG00000185442,FAM174B,21,0.40092,19,-0.0966,15,-0.5015
ENSG00000272888,LINC01578,100,-1.1684,109,-0.3244,284,1.48455
ENSG00000173575,CHD2,56,-0.4987,99,0.75884,69,0.18454
ENSG00000182175,RGMA,60,-0.9538,143,1.05913,103,0.57200
ENSG00000140450,ARRDC4,10,-1.9932,58,1.98705,32,1.04914
ENSG00000140443,IGF1R,57,1.25474,16,-1.6045,27,-0.9374
ENSG00000182253,SYNM,58,-0.8183,178,1.56069,66,-0.1150
ENSG00000068305,MEF2A,90,0.11617,177,1.15653,36,-1.4594
ENSG00000131873,CHSY1,9,-2.1177,99,3.24031,13,-0.5277
ENSG00000131871,SELENOS,23,-1.3150,33,0.04713,69,1.51872
ENSG00000131876,SNRPA1,26,-0.2880,33,0.28030,32,0.22147
ENSG00000140479,PCSK6,6,-3.9743,10,-1.7144,149,4.41074
ENSG00000184277,TM2D3,102,0.96093,21,-2.1342,68,-0.4579
ENSG00000185418,TARSL2,18,-1.5409,20,-0.5008,72,1.91415
ENSG00000161980,POLR3K,25,0.70724,5,-2.0858,20,-0.1823
ENSG00000161981,SNRNP25,111,1.16964,45,-1.1285,51,-1.0137
ENSG00000103152,MPG,52,0.15203,59,0.24865,40,-0.3767
ENSG00000103148,NPRL3,28,-0.6060,47,0.59370,41,0.44496
ENSG00000188536,HBA2,117,-2.7828,2143,4.13390,140,-1.2839
ENSG00000206172,HBA1,57,-2.7216,1069,4.31147,37,-2.1696
ENSG00000007392,LUC7L,52,-0.3869,86,0.67100,60,0.09358
ENSG00000167930,FAM234A,25,-1.5230,52,0.49019,84,1.55808
ENSG00000076344,RGS11,26,-0.7934,30,-0.0854,53,1.00070
ENSG00000242173,ARHGDIG,324,2.00601,73,-1.9161,84,-1.8105
ENSG00000185615,PDIA2,23,-0.8172,6,-2.1773,59,1.44061
ENSG00000103126,AXIN1,19,-0.6246,42,1.01501,24,0.15410
ENSG00000086504,MRPL28,107,0.34029,97,-0.0587,78,-0.4380
ENSG00000129925,TMEM8A,13,-1.2499,65,2.14674,17,-0.1746
ENSG00000103202,NME4,39,-0.5946,74,0.79851,53,0.28776
ENSG00000090565,RAB11FIP3,47,0.54502,29,-0.6227,34,-0.4076
ENSG00000007541,PIGQ,69,0.67541,66,0.09970,32,-1.1095
ENSG00000197562,RAB40C,64,1.24448,44,-0.3071,18,-1.7526
ENSG00000130731,METTL26,181,0.88907,75,-1.1461,109,-0.6353
ENSG00000172366,MCRIP2,46,0.01912,31,-0.6035,53,0.24413
ENSG00000140983,RHOT2,43,0.11027,43,0.03044,38,-0.1676
ENSG00000103269,RHBDL1,33,1.30880,9,-1.6367,15,-0.9949
ENSG00000103266,STUB1,203,0.29682,134,-0.5583,180,-0.1147
ENSG00000161999,JMJD8,27,-0.9582,94,1.68579,34,-0.0363
ENSG00000127580,WDR24,22,0.68397,17,-0.2306,12,-0.8358
ENSG00000127585,FBXL16,503,2.20317,54,-2.9735,136,-1.7312
ENSG00000103260,METRN,322,-1.2156,849,1.09443,698,0.87499
ENSG00000103254,ANTKMT,85,0.37658,38,-1.1272,79,-0.0143
ENSG00000103253,HAGHL,53,0.56640,21,-1.2402,43,-0.2068
ENSG00000103245,CIAO3,37,0.39074,14,-1.4112,36,0.04185
ENSG00000007376,RPUSD1,18,0.21840,21,0.32655,12,-0.5431
ENSG00000103227,LMF1,19,-0.8969,58,1.54093,24,0.03802
ENSG00000260807,AC009041.2,45,-1.2368,23,-1.4835,149,1.79050
ENSG00000005513,SOX8,53,-2.8341,75,-0.9887,535,3.25648
ENSG00000103275,UBE2I,82,-0.1598,121,0.56839,78,-0.1577
ENSG00000007516,BAIAP3,171,1.99466,56,-1.3604,36,-2.1236
ENSG00000007520,TSR3,48,-0.7013,48,-0.2371,93,0.95154
ENSG00000090581,GNPTG,105,-0.6009,81,-0.5970,198,0.95131
ENSG00000059145,UNKL,29,0.09964,37,0.38553,23,-0.4050
ENSG00000174109,C16orf91,18,-0.0759,26,0.59892,15,-0.3128
ENSG00000103249,CLCN7,70,-0.4457,142,0.99586,73,-0.0991
ENSG00000100726,TELO2,21,0.04944,20,-0.0505,20,-0.0380
ENSG00000138834,MAPK8IP3,239,0.63487,114,-0.9844,173,-0.3735
ENSG00000103024,NME3,116,-0.5940,164,0.34926,180,0.57311
ENSG00000074071,MRPS34,58,-0.5243,61,-0.0756,94,0.68862
ENSG00000162032,SPSB3,64,0.08349,53,-0.2801,64,0.03368
ENSG00000095906,NUBP2,49,-0.8211,66,0.17482,97,0.92746
ENSG00000063854,HAGH,143,1.07342,25,-2.3513,89,-0.5469
ENSG00000198736,MSRB1,17,-0.7575,39,1.07207,24,0.29535
ENSG00000140990,NDUFB10,159,0.12061,73,-1.1636,183,0.29071
ENSG00000140988,RPS2,403,-1.2499,1470,1.66599,703,0.43108
ENSG00000255198,SNHG9,35,-0.9183,75,0.85901,63,0.67024
ENSG00000183751,TBL3,22,-0.4445,38,0.74132,26,0.12130
ENSG00000127554,GFER,12,-1.3764,31,0.89124,33,1.19268
ENSG00000127561,SYNGR3,230,2.93429,52,-1.8343,18,-3.4829
ENSG00000167962,ZNF598,18,-0.3208,32,0.85192,17,-0.1579
ENSG00000065054,SLC9A3R2,58,-1.4788,293,2.13099,99,0.22740
ENSG00000065057,NTHL1,44,0.79399,5,-2.9924,35,-0.1650
ENSG00000103197,TSC2,67,0.08946,95,0.58924,47,-0.5747
ENSG00000008710,PKD1,141,1.29000,56,-1.1365,58,-1.1774
ENSG00000167964,RAB26,93,2.68782,17,-2.1554,13,-2.7010
ENSG00000260260,SNHG19,30,-0.5236,21,-0.7251,55,0.90063
ENSG00000131653,TRAF7,31,-0.1812,65,1.16353,20,-0.7693
ENSG00000167971,CASKIN1,107,0.97225,83,-0.1809,40,-1.3652
ENSG00000167965,MLST8,69,0.24298,84,0.38128,45,-0.6323
ENSG00000184207,PGP,89,1.38120,63,-0.2515,19,-2.1287
ENSG00000167967,E4F1,25,-0.4650,52,0.99720,27,-0.0703
ENSG00000167969,ECI1,51,-0.7646,85,0.53023,89,0.68310
ENSG00000205937,RNPS1,223,0.70854,103,-1.0250,153,-0.4512
ENSG00000167972,ABCA3,114,0.54699,91,-0.2006,71,-0.6481
ENSG00000162065,TBC1D24,70,2.20529,21,-1.4400,12,-2.4280
ENSG00000185883,ATP6V0C,866,0.84282,654,-0.2396,397,-1.0846
ENSG00000140992,PDPK1,93,1.30781,35,-1.2111,39,-1.1654
ENSG00000167977,KCTD5,16,-0.4514,18,-0.0344,25,0.58497
ENSG00000167978,SRRM2,99,-0.8831,231,1.05278,159,0.48350
ENSG00000103363,ELOB,516,-0.1194,450,-0.2539,616,0.27658
ENSG00000162076,FLYWCH2,28,-0.4384,47,0.64290,35,0.18689
ENSG00000059122,FLYWCH1,58,0.69975,35,-0.6284,36,-0.6136
ENSG00000162073,PAQR4,45,-2.0139,59,-0.5225,244,2.38521
ENSG00000103145,HCFC1R1,210,0.55389,169,-0.1957,129,-0.6617
ENSG00000085644,ZNF213,12,-1.2370,30,0.94813,28,0.99847
ENSG00000006194,ZNF263,17,0.07257,6,-1.4744,21,0.41140
ENSG00000122390,NAA60,31,-0.4219,44,0.42520,40,0.31026
ENSG00000103351,CLUAP1,17,0.25218,0,-6.7271,21,0.49522
ENSG00000126602,TRAP1,67,0.34812,59,-0.0860,49,-0.4315
ENSG00000005339,CREBBP,53,-0.2411,83,0.65110,52,-0.1035
ENSG00000162104,ADCY9,18,0.90150,21,0.40519,4,-2.0705
ENSG00000217930,PAM16,60,-0.0111,41,-0.5858,70,0.27408
ENSG00000262246,CORO7,26,-0.9874,50,0.68818,52,0.86178
ENSG00000168140,VASN,19,-0.6854,78,2.19980,7,-1.7643
ENSG00000103423,DNAJA3,31,-0.0136,11,-1.6170,42,0.53084
ENSG00000153406,NMRAL1,41,-0.3024,31,-0.5532,61,0.60349
ENSG00000103415,HMOX2,89,0.08151,42,-1.1118,105,0.32235
ENSG00000089486,CDIP1,280,0.92726,196,-0.3392,122,-1.1424
ENSG00000153443,UBALD1,51,0.32113,64,0.43983,29,-0.8255
ENSG00000102858,MGRN1,39,-0.1511,43,0.09439,44,0.14760
ENSG00000168101,NUDT16L1,45,-0.1737,43,-0.1425,55,0.29461
ENSG00000067836,ROGDI,108,-1.0574,108,-0.4119,285,1.39248
ENSG00000140632,GLYR1,83,0.47415,44,-0.8753,68,-0.2129
ENSG00000103184,SEC14L5,40,-1.0438,9,-2.4882,119,1.69546
ENSG00000103174,NAGPA,54,1.80742,18,-1.2909,13,-1.8647
ENSG00000033011,ALG1,19,0.32066,11,-0.7201,17,-0.0802
ENSG00000153446,C16orf89,20,-0.8855,42,0.85479,35,0.63154
ENSG00000078328,RBFOX1,232,3.82424,17,-3.4216,15,-3.7234
ENSG00000183044,ABAT,173,1.60036,66,-1.1656,52,-1.6207
ENSG00000153048,CARHSP1,21,-2.1738,60,0.56631,116,2.16738
ENSG00000187555,USP7,84,0.46913,69,-0.1909,57,-0.5396
ENSG00000182831,C16orf72,34,0.57591,22,-0.5534,23,-0.4826
ENSG00000183454,GRIN2A,161,2.68213,41,-1.6674,16,-3.1342
ENSG00000213853,EMP2,12,-2.2056,143,3.51321,13,-0.9908
ENSG00000182108,DEXI,74,0.36219,48,-0.5580,62,-0.1983
ENSG00000038532,CLEC16A,21,0.96235,0,-6.9644,16,-0.2160
ENSG00000189067,LITAF,16,-3.6675,200,1.87968,207,2.50343
ENSG00000184602,SNN,214,1.50210,65,-1.5122,80,-1.2949
ENSG00000122299,ZC3H7A,17,0.11516,12,-0.4065,17,0.05004
ENSG00000171490,RSL1D1,49,0.18696,50,0.09272,39,-0.3164
ENSG00000103342,GSPT1,71,-0.4468,54,-0.5716,118,0.77288
ENSG00000048471,SNX29,16,-1.0297,10,-1.0534,44,1.51044
ENSG00000103381,CPPED1,11,-1.9022,18,-0.1231,53,2.16724
ENSG00000237515,SHISA9,33,3.32221,4,-2.6807,2,-3.3883
ENSG00000186260,MRTFB,207,2.78511,56,-1.5875,16,-3.4900
ENSG00000140694,PARN,17,-0.7692,26,0.38356,31,0.76793
ENSG00000103429,BFAR,23,-0.5860,47,0.95733,28,0.14801
ENSG00000103512,NOMO1,43,0.55611,7,-2.5911,40,0.04869
ENSG00000183426,NPIPA1,15,0.19667,6,-1.2984,16,0.23638
ENSG00000179889,PDXDC1,41,0.20792,39,-0.0171,33,-0.2749
ENSG00000157045,NTAN1,24,0.74605,17,-0.3731,13,-0.8308
ENSG00000085721,RRN3,33,0.84827,17,-0.8302,19,-0.7163
ENSG00000166780,BMERB1,262,1.88595,58,-1.9590,77,-1.6287
ENSG00000166783,MARF1,78,0.46929,60,-0.3055,55,-0.4696
ENSG00000133393,FOPNL,26,0.37973,10,-1.3924,25,0.05008
ENSG00000103489,XYLT1,26,0.69941,18,-0.3858,15,-0.7527
ENSG00000134419,RPS15A,294,-1.2438,730,0.97771,679,0.98737
ENSG00000170540,ARL6IP1,575,1.51095,182,-1.4591,211,-1.3305
ENSG00000157106,SMG1,42,-0.4046,41,-0.1708,63,0.58615
ENSG00000103528,SYT17,39,1.05133,51,0.67886,2,-3.8453
ENSG00000006007,GDE1,88,-0.4396,31,-1.7310,164,1.00137
ENSG00000103540,CCP110,46,-1.6019,18,-2.0485,204,2.22041
ENSG00000103544,VPS35L,49,-0.7856,64,0.14155,95,0.90112
ENSG00000174628,IQCK,24,-1.1289,28,-0.2230,66,1.41248
ENSG00000261195,AC027130.1,15,-0.8029,3,-2.4611,38,1.44935
ENSG00000167191,GPRC5B,228,-2.3476,414,-0.2410,1534,2.62487
ENSG00000066654,THUMPD1,31,0.51484,17,-0.7349,23,-0.3188
ENSG00000102897,LYRM1,25,0.35465,9,-1.4127,24,0.08330
ENSG00000103316,CRYM,161,4.16048,17,-2.9294,4,-4.8621
ENSG00000197006,METTL9,89,0.62106,58,-0.5031,57,-0.5710
ENSG00000140740,UQCRC2,127,0.63680,30,-2.0276,108,-0.1138
ENSG00000185716,MOSMO,55,1.80265,5,-3.1993,21,-1.2345
ENSG00000103319,EEF2K,17,0.03056,40,1.45030,5,-1.9629
ENSG00000058600,POLR3E,19,-0.4292,24,0.23722,27,0.42738
ENSG00000122254,HS3ST2,67,2.62678,31,-0.8055,0,-6.1488
ENSG00000103404,USP31,18,0.31174,0,-6.8168,21,0.43595
ENSG00000168434,COG7,17,0.21946,17,0.02868,14,-0.3207
ENSG00000103365,GGA2,25,-0.1820,69,1.63575,9,-1.7647
ENSG00000103353,UBFD1,57,1.24949,28,-0.8343,22,-1.2933
ENSG00000004779,NDUFAB1,113,0.29051,42,-1.4451,118,0.16298
ENSG00000166847,DCTN5,80,0.52836,67,-0.1522,50,-0.6534
ENSG00000166501,PRKCB,355,3.15490,44,-2.7224,37,-3.0875
ENSG00000006116,CACNG3,106,4.24420,10,-3.1003,3,-4.8065
ENSG00000122257,RBBP6,36,0.09274,32,-0.1341,34,-0.0506
ENSG00000090905,TNRC6A,51,-0.0737,67,0.40063,48,-0.1551
ENSG00000158865,SLC5A11,1,-5.2876,5,-1.9613,104,5.52650
ENSG00000205629,LCMT1,69,0.67704,46,-0.4819,42,-0.6617
ENSG00000182601,HS3ST4,77,2.01775,18,-1.8554,19,-1.8552
ENSG00000169189,NSMCE1,28,-0.9132,30,-0.2316,66,1.18357
ENSG00000077235,GTF3C1,98,0.77620,61,-0.5431,55,-0.7682
ENSG00000169180,XPO6,68,-0.1326,88,0.36934,68,-0.0477
ENSG00000188322,SBK1,22,2.03493,3,-2.4226,6,-1.6640
ENSG00000188603,CLN3,12,-1.3562,31,0.94313,31,1.13880
ENSG00000176046,NUPR1,15,-3.0728,224,2.91123,86,1.14852
ENSG00000196502,SULT1A1,24,0.88855,16,-0.3822,11,-1.0457
ENSG00000168488,ATXN2L,51,-0.0388,69,0.47201,44,-0.2625
ENSG00000178952,TUFM,122,-0.4218,198,0.63786,147,0.16756
ENSG00000178188,SH2B1,43,-0.7820,73,0.58681,74,0.67176
ENSG00000176953,NFATC2IP,18,-0.7225,53,1.49944,19,-0.2026
ENSG00000169682,SPNS1,21,-0.9182,76,1.85304,21,-0.3397
ENSG00000103485,QPRT,12,-1.2674,47,1.69852,22,0.42184
ENSG00000079616,KIF22,34,-0.5934,59,0.68462,48,0.36802
ENSG00000103495,MAZ,117,0.19951,123,0.13144,92,-0.3616
ENSG00000167371,PRRT2,199,3.36914,26,-2.6385,15,-3.5036
ENSG00000280789,PAGR1,22,-1.1938,50,0.85006,50,1.00892
ENSG00000013364,MVP,13,-2.7028,115,2.20506,71,1.54788
ENSG00000103502,CDIPT,112,0.56694,46,-1.2149,90,-0.2148
ENSG00000174938,SEZ6L2,338,1.70175,147,-0.9599,82,-1.9477
ENSG00000174939,ASPHD1,78,-0.1370,27,-1.6478,115,0.66875
ENSG00000174943,KCTD13,42,0.76234,0,-6.1477,37,-0.0212
ENSG00000149932,TMEM219,110,-1.1942,293,1.11643,233,0.83326
ENSG00000149930,TAOK2,47,0.16582,48,0.09072,38,-0.2845
ENSG00000149929,HIRIP3,29,-0.3837,23,-0.4922,45,0.67702
ENSG00000169592,INO80E,36,-0.6599,54,0.38199,60,0.63661
ENSG00000149927,DOC2A,204,2.96338,62,-1.4110,8,-4.5137
ENSG00000149926,TLCD3B,33,2.82440,0,-7.1811,7,-2.0904
ENSG00000149925,ALDOA,76,0.04072,46,-0.7637,88,0.27186
ENSG00000149923,PPP4C,39,-0.6723,83,0.98960,52,0.24457
ENSG00000090238,YPEL3,380,0.77616,176,-1.0011,245,-0.5465
ENSG00000102882,MAPK3,141,0.11174,148,0.11649,121,-0.2242
ENSG00000102879,CORO1A,75,-0.2989,248,1.97990,14,-2.7111
ENSG00000169217,CD2BP2,57,-0.3397,51,-0.2757,83,0.55042
ENSG00000169221,TBC1D10B,33,-0.6813,39,0.04268,59,0.82271
ENSG00000179965,ZNF771,39,0.31652,47,0.35157,24,-0.7282
ENSG00000179958,DCTPP1,29,0.37664,17,-0.7615,25,-0.1340
ENSG00000179918,SEPHS2,41,0.84406,16,-1.1695,25,-0.5695
ENSG00000169957,ZNF768,15,-1.1782,31,0.71862,35,1.06756
ENSG00000169955,ZNF747,14,-0.3589,13,-0.1996,21,0.54343
ENSG00000229809,ZNF688,15,-0.6903,23,0.47511,24,0.62287
ENSG00000156858,PRR14,19,-0.4854,33,0.68964,24,0.21790
ENSG00000156860,FBRS,23,-1.0994,48,0.73045,51,0.96962
ENSG00000080603,SRCAP,31,-0.4520,68,1.11546,30,-0.2118
ENSG00000156873,PHKG2,29,-0.1155,44,0.61353,25,-0.2635
ENSG00000103549,RNF40,44,-0.1366,81,0.95170,32,-0.5745
ENSG00000099385,BCL7C,29,-1.5728,104,1.37977,81,1.08789
ENSG00000099364,FBXL19,40,0.56963,51,0.52248,15,-1.4317
ENSG00000099381,SETD1A,18,-0.0867,32,0.87460,13,-0.5742
ENSG00000099365,STX1B,279,2.56188,69,-1.7306,36,-2.8221
ENSG00000103496,STX4,41,-0.9934,104,1.12446,72,0.57310
ENSG00000167397,VKORC1,42,-1.1288,98,0.92021,90,0.88830
ENSG00000103507,BCKDK,42,-0.0748,71,0.84607,30,-0.5628
ENSG00000103510,KAT8,45,-0.1675,48,0.03158,52,0.20243
ENSG00000089280,FUS,122,-0.5887,125,-0.1570,212,0.79513
ENSG00000140691,ARMC5,17,-0.0805,21,0.26851,17,-0.0528
ENSG00000140688,C16orf58,44,0.19471,41,-0.0570,37,-0.2320
ENSG00000069329,VPS35,157,1.11577,67,-1.0785,75,-0.9634
ENSG00000166123,GPT2,51,-0.8042,81,0.43962,93,0.78067
ENSG00000069345,DNAJA2,107,1.27959,36,-1.3990,48,-1.0443
ENSG00000171208,NETO2,30,3.13268,0,-7.2331,5,-2.4023
ENSG00000129636,ITFG1,204,1.95402,31,-2.5026,63,-1.5419
ENSG00000102893,PHKB,33,-0.2684,32,-0.1561,44,0.41692
ENSG00000102910,LONP2,59,-0.0793,72,0.29213,58,-0.0702
ENSG00000196470,SIAH1,24,0.20262,29,0.38955,16,-0.5732
ENSG00000102921,N4BP1,27,-0.1770,55,1.13637,18,-0.7386
ENSG00000205423,CNEP1R1,20,0.27552,17,-0.1271,16,-0.3028
ENSG00000121274,TENT4B,30,1.06778,15,-0.8128,14,-1.0341
ENSG00000166164,BRD7,35,-1.0109,51,0.21026,81,1.12688
ENSG00000083799,CYLD,53,0.56389,30,-0.7419,39,-0.3791
ENSG00000103449,SALL1,14,-2.3630,31,0.07774,93,2.53630
ENSG00000177200,CHD9,27,-0.6465,61,1.10773,33,0.10216
ENSG00000103479,RBL2,26,-1.0685,46,0.50428,59,1.05602
ENSG00000166971,AKTIP,68,0.01880,40,-0.8259,81,0.31650
ENSG00000103494,RPGRIP1L,19,1.84083,5,-1.6654,5,-1.6955
ENSG00000140718,FTO,113,0.93636,46,-1.1666,65,-0.6881
ENSG00000087258,GNAO1,410,0.85807,210,-0.8327,234,-0.7284
ENSG00000159461,AMFR,57,-0.3975,42,-0.5868,91,0.72194
ENSG00000167005,NUDT21,114,1.05811,40,-1.3490,61,-0.7763
ENSG00000087263,OGFOD1,21,-0.2494,19,-0.2667,29,0.43959
ENSG00000125124,BBS2,53,-0.5748,42,-0.5664,98,0.91395
ENSG00000087250,MT3,3831,0.21796,1772,-1.1286,4055,0.17060
ENSG00000125148,MT2A,985,-1.0443,3155,1.54249,1472,0.26313
ENSG00000169715,MT1E,839,-0.0776,1006,0.26683,825,-0.0557
ENSG00000205364,MT1M,269,0.10221,215,-0.3265,269,0.03110
ENSG00000198417,MT1F,129,0.36001,112,-0.1251,95,-0.4236
ENSG00000125144,MT1G,318,0.45360,239,-0.3274,228,-0.4351
ENSG00000205358,MT1H,19,0.49665,27,0.68227,7,-1.5247
ENSG00000187193,MT1X,275,-0.5114,251,-0.3165,463,0.76430
ENSG00000102900,NUP93,17,-0.6151,28,0.57623,25,0.46782
ENSG00000051108,HERPUD1,84,-1.6273,666,3.08036,57,-1.3835
ENSG00000140848,CPNE2,25,-1.9436,36,-0.3165,126,2.26380
ENSG00000172775,FAM192A,74,-0.4046,70,-0.2267,113,0.60798
ENSG00000102931,ARL2BP,90,0.44167,86,0.04426,56,-0.6654
ENSG00000102934,PLLP,68,-3.2961,100,-1.2926,958,3.73396
ENSG00000006210,CX3CL1,148,1.87853,86,-0.4952,17,-3.0402
ENSG00000005194,CIAPIN1,42,1.24563,10,-1.9245,21,-0.8333
ENSG00000088682,COQ9,42,-0.0855,65,0.69721,34,-0.3884
ENSG00000102978,POLR2C,38,-0.2197,35,-0.1988,49,0.37589
ENSG00000205336,ADGRG1,139,-0.4540,317,1.21322,127,-0.3195
ENSG00000140854,KATNB1,44,0.59093,45,0.16870,21,-1.0275
ENSG00000140859,KIFC3,33,-0.6218,75,1.10770,40,0.06501
ENSG00000103005,USB1,40,0.95147,43,0.35721,9,-2.1127
ENSG00000070761,CFAP20,42,0.50265,8,-2.3191,40,0.07462
ENSG00000070770,CSNK2A2,41,0.47070,30,-0.3534,29,-0.4443
ENSG00000103034,NDRG4,681,2.36606,177,-1.6736,109,-2.5153
ENSG00000125107,CNOT1,50,-0.1724,94,0.98883,37,-0.5539
ENSG00000125166,GOT2,102,0.48950,31,-1.6545,93,-0.0175
ENSG00000150394,CDH8,45,2.09580,17,-1.0893,7,-2.5829
ENSG00000140937,CDH11,29,-0.0450,45,0.71087,22,-0.4693
ENSG00000166548,TK2,31,-0.0322,27,-0.1920,34,0.13993
ENSG00000217555,CKLF,13,-1.5409,24,0.32302,45,1.64857
ENSG00000183723,CMTM4,91,0.71561,54,-0.6134,55,-0.6433
ENSG00000135720,DYNC1LI2,125,-1.3052,82,-1.1569,422,1.81068
ENSG00000159593,NAE1,42,0.67076,31,-0.2736,23,-0.7847
ENSG00000172840,PDP2,15,0.63856,6,-1.2181,11,-0.2999
ENSG00000166595,CIAO2B,116,-0.7975,139,-0.0074,233,0.97574
ENSG00000172831,CES2,16,-0.9930,43,1.23858,27,0.47890
ENSG00000067955,CBFB,16,-2.3891,113,1.99471,75,1.44956
ENSG00000125149,C16orf70,42,0.26694,20,-1.0256,42,0.08535
ENSG00000102878,HSF4,17,-0.2288,9,-1.0943,26,0.66503
ENSG00000140939,NOL3,20,-0.7629,30,0.38179,36,0.76129
ENSG00000196123,KIAA0895L,34,0.95842,16,-0.9489,18,-0.8096
ENSG00000205250,E2F4,34,0.50837,29,-0.1272,21,-0.6406
ENSG00000168701,TMEM208,40,-0.3461,37,-0.2391,58,0.54388
ENSG00000159713,TPPP3,49,-3.2545,303,0.99510,562,2.84813
ENSG00000159720,ATP6V0D1,219,0.31624,283,0.50668,122,-0.8901
ENSG00000039523,RIPOR1,89,1.36482,59,-0.3422,22,-1.9613
ENSG00000102974,CTCF,28,-0.1503,20,-0.5796,37,0.43613
ENSG00000159753,CARMIL2,86,2.53283,31,-1.1739,6,-3.5661
ENSG00000102977,ACD,30,0.71401,20,-0.4625,17,-0.7263
ENSG00000102981,PARD6A,44,1.05562,34,-0.1460,14,-1.5629
ENSG00000141098,GFOD2,27,1.31464,13,-0.8278,9,-1.3997
ENSG00000102901,CENPT,34,0.46283,27,-0.2395,23,-0.4999
ENSG00000168286,THAP11,33,0.56906,18,-0.8075,24,-0.3584
ENSG00000102898,NUTF2,87,0.27783,66,-0.3621,75,-0.1793
ENSG00000038358,EDC4,75,0.78186,42,-0.7081,44,-0.6858
ENSG00000205220,PSMB10,73,-0.0971,66,-0.1825,84,0.21729
ENSG00000103066,PLA2G15,20,-0.6345,76,2.07130,9,-1.5172
ENSG00000132600,PRMT7,40,0.61238,32,-0.1925,23,-0.7528
ENSG00000103056,SMPD3,28,2.80602,3,-2.6132,4,-2.6232
ENSG00000184939,ZFP90,25,-0.2556,12,-1.0904,38,0.69372
ENSG00000141076,UTP4,27,0.89396,11,-1.1313,16,-0.6472
ENSG00000132612,VPS4A,139,0.16097,137,0.01786,118,-0.2307
ENSG00000213380,COG8,13,-1.3618,44,1.34822,31,0.86305
ENSG00000132604,TERF2,66,0.86161,22,-1.4497,43,-0.5005
ENSG00000103018,CYB5B,54,-0.3125,93,0.77683,54,-0.1027
ENSG00000181019,NQO1,22,-0.2208,49,1.23895,14,-0.8002
ENSG00000141101,NOB1,15,0.05789,11,-0.3619,15,0.10267
ENSG00000198373,WWP2,21,-1.1587,36,0.37593,54,1.21841
ENSG00000090857,PDPR,16,-1.5793,70,1.71463,40,0.81689
ENSG00000223496,EXOSC6,85,1.00240,27,-1.4927,49,-0.6591
ENSG00000090861,AARS,154,0.28932,64,-1.2793,158,0.12658
ENSG00000168872,DDX19A,30,0.40824,18,-0.6652,25,-0.2116
ENSG00000157350,ST3GAL2,27,0.79806,26,0.13649,10,-1.3858
ENSG00000103051,COG4,44,-0.1607,56,0.31638,47,0.02722
ENSG00000189091,SF3B3,45,-0.2509,47,-0.0108,57,0.32936
ENSG00000157368,IL34,23,2.05830,16,-0.2172,0,-6.0291
ENSG00000132613,MTSS2,26,-0.8035,53,0.86341,41,0.52010
ENSG00000103043,VAC14,29,-0.5035,44,0.50477,40,0.36776
ENSG00000040199,PHLPP2,34,1.06025,22,-0.4134,13,-1.3037
ENSG00000166747,AP1G1,42,0.03908,32,-0.4252,46,0.15252
ENSG00000224470,ATXN1L,17,-0.4567,16,-0.2120,26,0.66329
ENSG00000182149,IST1,63,-1.1059,159,1.06699,125,0.75996
ENSG00000102984,ZNF821,19,0.89794,3,-2.4723,14,-0.3345
ENSG00000140829,DHX38,19,-1.0349,29,0.27809,44,1.12444
ENSG00000103035,PSMD7,73,-0.0591,82,0.15046,74,-0.0076
ENSG00000090863,GLG1,125,-0.7928,213,0.56309,219,0.69896
ENSG00000103089,FA2H,24,-3.2942,13,-2.7223,350,3.92411
ENSG00000103091,WDR59,21,-1.1331,40,0.60944,49,1.07535
ENSG00000186187,ZNRF1,40,1.23614,8,-2.1130,21,-0.7778
ENSG00000166816,LDHD,14,-0.5899,25,0.69917,19,0.35335
ENSG00000184517,ZFP1,21,0.54939,0,-6.8594,22,0.19783
ENSG00000050820,BCAR1,62,-0.7384,40,-0.9494,136,1.18478
ENSG00000153774,CFDP1,75,1.04388,17,-1.9948,46,-0.5800
ENSG00000166822,TMEM170A,28,-0.5990,55,0.89248,36,0.22066
ENSG00000034713,GABARAPL2,190,-0.7560,135,-0.7897,413,1.16815
ENSG00000065427,KARS,40,-0.5522,72,0.76615,52,0.25352
ENSG00000166848,TERF2IP,334,0.88038,117,-1.3985,213,-0.5385
ENSG00000152910,CNTNAP4,57,-1.5209,4,-4.4007,246,2.24861
ENSG00000103111,MON1B,30,-0.7982,59,0.81222,48,0.54898
ENSG00000171724,VAT1L,61,1.53597,41,-0.3060,10,-2.4273
ENSG00000186153,WWOX,17,-0.6945,26,0.40832,29,0.66474
ENSG00000178573,MAF,19,-1.5561,131,2.76401,19,-0.7054
ENSG00000166446,CDYL2,35,2.75865,10,-1.4877,2,-3.5937
ENSG00000103121,CMC2,39,-1.0611,30,-0.8310,108,1.49884
ENSG00000166454,ATMIN,87,0.60617,64,-0.3273,54,-0.6527
ENSG00000140905,GCSH,85,-1.0614,34,-1.7928,249,1.65069
ENSG00000153815,CMIP,96,1.62998,50,-0.6996,21,-2.0760
ENSG00000197943,PLCG2,56,-0.4394,116,1.03439,57,-0.1475
ENSG00000135698,MPHOSPH6,28,0.04987,32,0.22417,25,-0.2081
ENSG00000140945,CDH13,94,2.46050,4,-4.0612,23,-1.8561
ENSG00000230989,HSBP1,164,-0.7681,175,-0.1735,332,1.00410
ENSG00000103154,NECAB2,40,2.52157,8,-1.9004,6,-2.6059
ENSG00000140943,MBTPS1,64,0.99730,22,-1.3803,37,-0.6888
ENSG00000103160,HSDL1,44,0.44743,49,0.29215,24,-0.8971
ENSG00000103168,TAF1C,20,-0.7891,38,0.76336,33,0.57031
ENSG00000103187,COTL1,45,-1.5721,291,2.62856,55,-0.3890
ENSG00000135686,KLHL36,22,0.23629,28,0.47314,13,-0.7102
ENSG00000103194,USP10,51,0.62782,22,-1.0920,38,-0.3271
ENSG00000153786,ZDHHC7,28,0.24980,43,0.79539,13,-1.1352
ENSG00000135709,KIAA0513,216,2.79897,24,-2.8889,34,-2.4996
ENSG00000131149,GSE1,19,0.98393,9,-0.8517,9,-0.8929
ENSG00000131148,EMC8,20,-0.8417,43,0.87609,34,0.56075
ENSG00000131143,COX4I1,755,0.21060,424,-0.8367,767,0.09417
ENSG00000103264,FBXO31,57,0.90318,67,0.47580,12,-2.2398
ENSG00000140941,MAP1LC3B,194,0.11818,165,-0.2209,185,-0.0396
ENSG00000140948,ZCCHC14,37,0.55540,40,0.24838,18,-1.0467
ENSG00000154118,JPH3,134,1.86364,31,-1.8834,39,-1.6290
ENSG00000103257,SLC7A5,76,-1.2293,440,2.62676,49,-1.2389
ENSG00000179588,ZFPM1,35,-0.2814,34,-0.1494,47,0.42979
ENSG00000158545,ZC3H18,17,-0.0424,23,0.49274,14,-0.2740
ENSG00000051523,CYBA,7,-4.5144,496,5.71235,16,-1.9138
ENSG00000167508,MVD,48,-0.1510,60,0.29449,51,0.02812
ENSG00000260630,SNAI3-AS1,21,2.14843,12,-0.5050,1,-4.1738
ENSG00000158717,RNF166,21,-0.7252,68,1.74284,18,-0.5481
ENSG00000103335,PIEZO1,14,-1.5617,74,2.14309,26,0.33579
ENSG00000198931,APRT,42,-0.9519,119,1.35786,63,0.31362
ENSG00000167515,TRAPPC2L,67,-0.5793,64,-0.2726,119,0.82626
ENSG00000176715,ACSF3,20,0.01717,32,0.75247,14,-0.6217
ENSG00000167522,ANKRD11,83,-0.1828,104,0.29547,90,0.07109
ENSG00000197912,SPG7,75,0.05980,63,-0.2534,76,0.05149
ENSG00000167526,RPL13,917,-1.3508,3397,1.63223,1811,0.60218
ENSG00000178773,CPNE7,23,2.78139,7,-1.2932,1,-4.1316
ENSG00000131165,CHMP1A,71,-0.5130,152,1.07510,76,-0.0714
ENSG00000185324,CDK10,37,1.10779,19,-0.7818,16,-1.1116
ENSG00000158792,SPATA2L,24,0.71718,42,1.08117,1,-4.3060
ENSG00000075399,VPS9D1,37,0.35279,32,-0.1437,28,-0.4017
ENSG00000158805,ZNF276,12,-1.1656,8,-1.1272,39,1.66342
ENSG00000141002,TCF25,105,0.44140,84,-0.2359,74,-0.4715
ENSG00000258947,TUBB3,400,2.20598,169,-0.9585,45,-3.0444
ENSG00000140995,DEF8,67,0.38511,50,-0.3380,52,-0.3351
ENSG00000003249,DBNDD1,55,3.44370,4,-3.2507,5,-3.2438
ENSG00000141013,GAS8,20,1.10531,5,-1.8700,11,-0.6801
ENSG00000272636,DOC2B,24,1.65495,4,-2.3677,9,-1.2142
ENSG00000141252,VPS53,56,0.12237,96,0.94026,28,-1.0780
ENSG00000167699,GLOD4,61,0.70086,41,-0.4286,35,-0.7279
ENSG00000177370,TIMM22,35,2.37522,4,-2.7157,8,-2.0063
ENSG00000159842,ABR,327,0.52893,402,0.47487,138,-1.2720
ENSG00000108953,YWHAE,743,0.02625,463,-0.7292,864,0.27786
ENSG00000167193,CRK,67,-0.4344,167,1.36363,53,-0.5514
ENSG00000132376,INPP5K,30,-0.0620,51,0.80484,22,-0.5393
ENSG00000174238,PITPNA,106,0.81622,67,-0.5151,56,-0.8436
ENSG00000167703,SLC43A2,51,-0.2845,125,1.42026,30,-0.9616
ENSG00000167705,RILP,26,1.70811,17,-0.3623,3,-2.8068
ENSG00000174231,PRPF8,139,-0.1047,207,0.60932,121,-0.2768
ENSG00000132386,SERPINF1,51,0.71210,90,1.12100,1,-4.8537
ENSG00000132383,RPA1,66,0.05202,66,0.02105,62,-0.0820
ENSG00000185924,RTN4RL1,23,3.32743,3,-2.5026,1,-3.5458
ENSG00000070366,SMG6,18,-0.8640,51,1.35528,25,0.18728
ENSG00000167721,TSR1,14,-0.2193,25,0.83078,12,-0.3000
ENSG00000141258,SGSM2,93,0.36433,77,-0.1955,70,-0.3866
ENSG00000070444,MNT,40,0.79891,7,-2.4543,31,-0.2288
ENSG00000127804,METTL16,13,-0.9294,19,0.20718,29,1.03671
ENSG00000007168,PAFAH1B1,257,0.65924,93,-1.3842,197,-0.2768
ENSG00000132361,CLUH,61,0.24344,53,-0.1362,50,-0.2530
ENSG00000132359,RAP1GAP2,124,2.52838,18,-2.4981,23,-2.2838
ENSG00000108381,ASPA,8,-3.7939,2,-4.0623,174,4.48633
ENSG00000213977,TAX1BP3,27,-2.0379,124,1.50821,108,1.49322
ENSG00000127774,EMC6,33,-0.8301,55,0.49680,62,0.78119
ENSG00000083457,ITGAE,27,-0.7481,34,0.13317,50,0.86140
ENSG00000074356,NCBP3,15,-1.8010,47,1.03307,55,1.56466
ENSG00000004660,CAMKK1,132,2.10426,55,-0.9918,18,-2.7331
ENSG00000074755,ZZEF1,17,-0.5871,39,1.14244,19,-0.0224
ENSG00000167740,CYB5D2,31,-0.3354,16,-1.1031,50,0.78375
ENSG00000185722,ANKFY1,33,-1.0924,82,1.03028,66,0.76937
ENSG00000132388,UBE2G1,44,-0.4059,21,-1.2456,78,0.88847
ENSG00000183018,SPNS2,34,-1.3897,33,-0.6271,120,1.79158
ENSG00000132382,MYBBP1A,29,0.50038,29,0.12430,16,-0.8278
ENSG00000141456,PELP1,48,-0.0478,38,-0.3691,56,0.23656
ENSG00000141480,ARRB2,50,-0.5559,156,1.74103,32,-0.9238
ENSG00000161920,MED11,14,-1.2445,14,-0.5232,44,1.61759
ENSG00000161921,CXCL16,6,-4.0669,307,5.16674,15,-1.3438
ENSG00000142507,PSMB6,99,-0.2818,75,-0.5196,143,0.56909
ENSG00000141503,MINK1,74,-0.0459,87,0.24782,71,-0.0877
ENSG00000108528,SLC25A11,118,0.69301,65,-0.7583,77,-0.5413
ENSG00000108523,RNF167,61,-0.5907,62,-0.1690,106,0.80191
ENSG00000108518,PFN1,120,-1.7441,403,1.19234,402,1.40682
ENSG00000091640,SPAG7,51,-0.0975,49,-0.1087,58,0.18324
ENSG00000108509,CAMTA2,101,1.22309,68,-0.3434,30,-1.6683
ENSG00000129250,KIF1C,25,-2.7885,79,0.27854,224,2.83557
ENSG00000234327,AC012146.1,17,-0.1288,0,-6.8906,28,0.87779
ENSG00000029725,RABEP1,92,-0.2534,125,0.39985,103,0.10010
ENSG00000129197,RPAIN,51,0.32645,25,-1.0262,49,0.01539
ENSG00000108561,C1QBP,110,0.48658,44,-1.2709,96,-0.1039
ENSG00000005100,DHX33,19,0.54090,13,-0.5141,13,-0.4550
ENSG00000072849,DERL2,19,-0.5232,31,0.61040,25,0.32504
ENSG00000091592,NLRP1,26,1.44241,0,-6.6324,14,-0.7012
ENSG00000286190,AC055839.2,32,0.86946,14,-1.0642,19,-0.6419
ENSG00000179314,WSCD1,14,-1.7014,39,0.82211,52,1.58032
ENSG00000091622,PITPNM3,62,3.36070,0,-6.6421,8,-2.6488
ENSG00000129235,TXNDC17,38,-0.1146,46,0.26364,39,-0.0022
ENSG00000108590,MED31,35,1.50230,23,-0.3616,7,-2.2480
ENSG00000219200,RNASEK,331,0.08191,359,0.14995,290,-0.2037
ENSG00000258315,C17orf49,55,-0.4541,93,0.71405,66,0.15597
ENSG00000267532,MIR497HG,12,-0.3070,32,1.45972,7,-0.9808
ENSG00000132535,DLG4,74,1.68327,32,-0.9564,18,-1.9177
ENSG00000072778,ACADVL,124,-0.6880,278,1.08628,160,0.18327
ENSG00000004975,DVL2,20,-0.1871,8,-1.4423,30,0.68857
ENSG00000040633,PHF23,26,0.21764,39,0.70176,14,-0.9376
ENSG00000170296,GABARAP,311,-0.9412,606,0.72167,593,0.78625
ENSG00000175826,CTDNEP1,93,-0.7703,163,0.61551,158,0.64021
ENSG00000170291,ELP5,31,0.11874,30,0.01468,27,-0.1698
ENSG00000132507,EIF5A,124,0.05079,196,0.76537,81,-0.6975
ENSG00000132522,GPS2,37,-0.7733,62,0.51086,66,0.70473
ENSG00000215041,NEURL4,23,-0.2161,27,0.22176,26,0.16085
ENSG00000205544,TMEM256,55,-1.0894,59,-0.3037,147,1.39513
ENSG00000169992,NLGN2,78,0.09064,68,-0.1980,76,-0.0151
ENSG00000174282,ZBTB4,95,0.16950,94,0.02557,80,-0.2475
ENSG00000181222,POLR2A,88,-0.2370,121,0.44352,95,0.04775
ENSG00000239697,TNFSF12,47,-0.1260,107,1.31653,24,-1.1505
ENSG00000161955,TNFSF13,31,0.32818,50,0.87757,12,-1.4589
ENSG00000161960,EIF4A1,159,-0.7763,484,1.59288,166,-0.2294
ENSG00000129255,MPDU1,28,-0.9027,39,0.19982,58,1.00965
ENSG00000129194,SOX15,27,1.15660,0,-7.2463,18,-0.4094
ENSG00000129245,FXR2,71,0.02024,62,-0.2124,74,0.08271
ENSG00000141504,SAT2,58,-0.5120,92,0.55064,79,0.34964
ENSG00000129244,ATP1B2,261,0.44199,198,-0.3187,190,-0.4239
ENSG00000108947,EFNB3,63,2.99277,14,-1.8064,4,-3.6668
ENSG00000183011,NAA38,212,-0.0300,169,-0.3599,240,0.21099
ENSG00000170004,CHD3,101,0.81889,89,0.00828,41,-1.2783
ENSG00000170043,TRAPPC1,129,0.31340,102,-0.2860,105,-0.2655
ENSG00000179094,PER1,81,-0.9187,268,1.67142,96,-0.0846
ENSG00000220205,VAMP2,526,0.78934,202,-1.2807,355,-0.4639
ENSG00000108961,RANGRF,20,0.13483,24,0.32265,15,-0.4083
ENSG00000161970,RPL26,394,-1.1781,405,-0.4211,1137,1.52190
ENSG00000166579,NDEL1,59,0.65235,61,0.22119,26,-1.1993
ENSG00000133026,MYH10,117,2.64192,28,-1.7860,14,-2.9215
ENSG00000170310,STX8,39,0.52098,4,-3.0699,38,0.12828
ENSG00000007237,GAS7,328,0.66351,111,-1.4899,255,-0.2542
ENSG00000065559,MAP2K4,141,1.60917,64,-0.9137,37,-1.8239
ENSG00000006740,ARHGAP44,56,2.42626,14,-1.6444,8,-2.6488
ENSG00000006744,ELAC2,38,-0.5442,73,0.85731,47,0.17117
ENSG00000109099,PMP22,90,-2.5772,286,0.48168,664,2.56851
ENSG00000214941,ZSWIM7,36,-0.2648,0,-6.2104,64,1.01068
ENSG00000011295,TTC19,56,0.58458,58,0.20194,27,-1.0506
ENSG00000141027,NCOR1,66,-0.2556,93,0.46263,72,0.06040
ENSG00000166582,CENPV,48,0.70501,7,-2.6319,40,-0.1060
ENSG00000170315,UBB,1042,-0.4802,864,-0.4526,1748,0.77396
ENSG00000175061,SNHG29,137,-0.5765,215,0.52181,199,0.45184
ENSG00000181350,LRRC75A,22,0.70444,16,-0.3764,13,-0.7662
ENSG00000133030,MPRIP,132,-0.3837,191,0.46576,163,0.23383
ENSG00000141030,COPS3,56,0.48845,27,-1.0127,47,-0.1830
ENSG00000205309,NT5M,16,0.58829,15,0.02758,8,-0.8891
ENSG00000141026,MED9,21,0.28085,12,-0.7571,20,-0.0177
ENSG00000108551,RASD1,259,1.47392,218,0.02717,31,-3.0311
ENSG00000133027,PEMT,28,-0.7289,51,0.71863,44,0.52267
ENSG00000108557,RAI1,50,1.26104,20,-1.1097,21,-1.1502
ENSG00000072310,SREBF1,74,-1.6301,146,0.36314,271,1.72340
ENSG00000175662,TOM1L2,126,-0.2588,75,-0.8782,189,0.64687
ENSG00000108591,DRG2,31,-0.1321,51,0.74491,26,-0.3583
ENSG00000091542,ALKBH5,98,0.08810,60,-0.7426,108,0.20918
ENSG00000177731,FLII,35,-0.7569,92,1.30559,44,0.07517
ENSG00000176994,SMCR8,27,0.76379,24,0.03676,11,-1.2059
ENSG00000273018,FAM106A,32,-0.5733,17,-1.1324,64,1.04601
ENSG00000141127,PRPSAP2,38,-0.7371,38,-0.2749,78,1.00411
ENSG00000072134,EPN2,77,-1.0088,96,-0.0335,185,1.21984
ENSG00000108641,B9D1,24,0.97060,3,-2.8285,16,-0.3697
ENSG00000128482,RNF112,50,2.17893,22,-0.9229,5,-3.0359
ENSG00000072210,ALDH3A2,40,-0.2423,35,-0.2803,54,0.43653
ENSG00000083290,ULK2,48,-0.2656,38,-0.4505,67,0.52697
ENSG00000108599,AKAP10,27,0.36477,25,-0.0072,18,-0.5092
ENSG00000128487,SPECC1,36,-1.2979,8,-2.6750,131,1.96358
ENSG00000124422,USP22,378,0.86588,212,-0.6925,205,-0.8116
ENSG00000178307,TMEM11,18,-0.3959,17,-0.2179,27,0.59445
ENSG00000212719,LINC02693,41,1.74126,16,-1.0768,10,-1.9164
ENSG00000256618,MTRNR2L1,75,-0.1895,154,1.11362,52,-0.6819
ENSG00000109046,WSB1,61,-1.7619,164,0.78414,231,1.66221
ENSG00000141068,KSR1,21,-0.5182,23,0.00435,33,0.64779
ENSG00000232859,LYRM9,44,0.63288,22,-0.9194,31,-0.3955
ENSG00000087095,NLK,76,0.90486,19,-1.9034,51,-0.4390
ENSG00000109083,IFT20,27,0.00487,2,-3.6184,39,0.69062
ENSG00000109079,TNFAIP1,41,0.53942,33,-0.2348,26,-0.6141
ENSG00000004142,POLDIP2,75,0.21055,85,0.25942,55,-0.4748
ENSG00000244045,TMEM199,19,-0.7495,41,0.92373,29,0.40402
ENSG00000004139,SARM1,20,-0.4203,48,1.27540,17,-0.4578
ENSG00000109103,UNC119,50,1.10207,40,-0.1053,15,-1.7085
ENSG00000087111,PIGS,26,0.12370,14,-0.8982,28,0.21578
ENSG00000109107,ALDOC,981,0.40667,740,-0.3328,739,-0.3673
ENSG00000007202,KIAA0100,37,-0.0561,65,0.89389,25,-0.6531
ENSG00000132581,SDF2,23,-0.5362,32,0.35990,34,0.49518
ENSG00000109111,SUPT6H,37,-1.0365,95,1.14238,67,0.61519
ENSG00000109113,RAB34,17,-0.8423,62,1.82754,16,-0.4479
ENSG00000198242,RPL23A,451,-0.8673,579,0.07415,946,1.02216
ENSG00000076604,TRAF4,15,-1.4186,14,-0.6813,54,1.83327
ENSG00000132591,ERAL1,30,0.23872,3,-3.1452,37,0.42660
ENSG00000132589,FLOT2,91,-0.0391,193,1.23446,44,-1.2094
ENSG00000109118,PHF12,17,-0.7826,40,1.11936,23,0.29003
ENSG00000063015,SEZ6,46,1.93389,19,-0.9766,8,-2.3773
ENSG00000108256,NUFIP2,58,-0.5002,102,0.75069,71,0.19287
ENSG00000160551,TAOK1,89,-0.6052,127,0.34920,141,0.58686
ENSG00000167543,TP53I13,18,-1.4783,108,2.46466,23,-0.2735
ENSG00000108262,GIT1,164,0.18514,127,-0.3569,154,-0.0611
ENSG00000198720,ANKRD13B,30,-0.0684,7,-2.2089,44,0.66890
ENSG00000167549,CORO6,49,2.67458,12,-1.7696,5,-3.0023
ENSG00000141298,SSH2,25,-1.0722,65,1.14268,47,0.66098
ENSG00000126653,NSRP1,16,-1.3585,43,1.02578,41,1.08943
ENSG00000108578,BLMH,13,-1.0511,23,0.49763,29,1.03953
ENSG00000108582,CPD,47,-0.4958,49,-0.0793,74,0.65668
ENSG00000108587,GOSR1,24,-0.0120,21,-0.1503,25,0.09422
ENSG00000196712,NF1,90,0.29763,75,-0.1908,72,-0.2964
ENSG00000126861,OMG,126,-1.0117,19,-3.1885,374,1.70255
ENSG00000126860,EVI2A,39,-3.4705,64,-1.2676,623,3.88240
ENSG00000131242,RAB11FIP4,145,0.32343,46,-1.6454,150,0.16638
ENSG00000172301,COPRS,136,0.72215,100,-0.3079,74,-0.8393
ENSG00000108651,UTP6,16,-0.7488,22,0.30433,28,0.78334
ENSG00000178691,SUZ12,32,0.85930,10,-1.5836,21,-0.4608
ENSG00000126858,RHOT1,56,0.30408,45,-0.2686,46,-0.2621
ENSG00000141314,RHBDL3,33,1.92308,9,-1.5111,8,-1.9028
ENSG00000108666,C17orf75,20,1.06166,0,-6.4716,14,-0.3193
ENSG00000010244,ZNF207,73,-0.2778,107,0.53076,79,0.04321
ENSG00000108671,PSMD11,56,0.08351,47,-0.2512,56,0.02004
ENSG00000176749,CDK5R1,271,3.56619,12,-4.1950,28,-3.1003
ENSG00000176658,MYO1D,7,-3.3983,13,-1.0733,111,3.77637
ENSG00000006042,TMEM98,24,-2.4897,26,-1.1270,194,2.96437
ENSG00000108684,ASIC2,56,3.10912,0,-8.1260,9,-2.3672
ENSG00000005156,LIG3,10,-1.2509,17,0.22561,30,1.38294
ENSG00000092871,RFFL,17,-2.7206,50,0.22945,145,2.79726
ENSG00000006125,AP2B1,196,0.35163,176,-0.0677,142,-0.4485
ENSG00000270647,TAF15,33,-0.7259,66,0.86244,49,0.41826
ENSG00000270885,RASL10B,19,1.13228,15,-0.1573,5,-1.7054
ENSG00000271447,MMP28,19,0.22376,21,0.18023,14,-0.4335
ENSG00000273611,ZNHIT3,53,0.28937,5,-3.3882,62,0.38845
ENSG00000278311,GGNBP2,49,0.17789,37,-0.4126,47,-0.0266
ENSG00000278535,DHRS11,21,1.67093,0,-6.8744,10,-0.9291
ENSG00000275700,AATF,17,-1.3592,34,0.48360,51,1.38759
ENSG00000278540,ACACA,34,0.44811,15,-1.1135,30,-0.1030
ENSG00000276023,DUSP14,23,1.21226,6,-1.8138,12,-0.8222
ENSG00000275066,SYNRG,18,-1.1081,30,0.35455,44,1.17200
ENSG00000278845,MRPL45,14,-0.7130,19,0.25080,25,0.76673
ENSG00000274211,SOCS7,29,0.88129,23,-0.1411,12,-1.2397
ENSG00000275832,ARHGAP23,55,-2.1081,64,-0.7574,325,2.52952
ENSG00000277363,SRCIN1,104,-0.8718,69,-0.9549,252,1.32679
ENSG00000273604,EPOP,32,3.68813,5,-2.3666,1,-4.5729
ENSG00000275023,MLLT6,50,-1.0185,125,1.11259,89,0.61502
ENSG00000277972,CISD3,38,-0.0206,42,0.14663,37,-0.0580
ENSG00000277258,PCGF2,21,0.70342,15,-0.3324,11,-0.7939
ENSG00000277791,PSMB3,100,-0.2250,147,0.53810,103,-0.0378
ENSG00000276293,PIP4K2B,283,1.29965,91,-1.4594,126,-1.0469
ENSG00000125691,RPL23,246,-0.7162,557,1.08166,329,0.22823
ENSG00000002834,LASP1,75,0.58703,63,-0.1288,43,-0.7602
ENSG00000263874,LINC00672,48,0.60117,7,-2.6243,44,0.00417
ENSG00000161381,PLXDC1,19,-0.8103,101,2.70118,0,-6.3811
ENSG00000067191,CACNB1,124,1.88826,75,-0.4411,12,-3.2146
ENSG00000108298,RPL19,485,-1.2495,904,0.49025,1277,1.26537
ENSG00000141750,STAC2,56,1.86464,29,-0.6951,8,-2.6072
ENSG00000108306,FBXL20,25,0.65325,21,-0.1500,14,-0.8484
ENSG00000171532,NEUROD2,157,2.82641,46,-1.4766,10,-3.8164
ENSG00000131771,PPP1R1B,177,0.25240,160,-0.0885,143,-0.2936
ENSG00000131748,STARD3,38,-0.5309,64,0.65520,51,0.30464
ENSG00000141741,MIEN1,97,-0.1024,26,-1.9939,142,0.67997
ENSG00000172057,ORMDL3,33,-0.4494,70,1.06531,33,-0.1630
ENSG00000108344,PSMD3,86,-0.0284,122,0.55453,71,-0.3485
ENSG00000008838,MED24,44,0.48982,21,-1.0002,36,-0.1888
ENSG00000126351,THRA,208,-0.3202,187,-0.2627,295,0.52242
ENSG00000126368,NR1D1,75,0.66714,53,-0.3834,44,-0.7067
ENSG00000188895,MSL1,96,0.10494,90,-0.0761,89,-0.0982
ENSG00000108349,CASC3,62,-0.8548,124,0.81184,106,0.62163
ENSG00000108352,RAPGEFL1,63,3.24234,14,-1.8625,2,-4.2743
ENSG00000171475,WIPF2,68,0.73482,27,-1.2237,48,-0.4152
ENSG00000131759,RARA,26,1.02322,26,0.24486,6,-2.0834
ENSG00000141753,IGFBP4,10,-2.9411,246,4.84404,0,-8.7218
ENSG00000073584,SMARCE1,37,-0.8758,84,0.99237,61,0.52040
ENSG00000213424,KRT222,25,3.92669,2,-2.9731,1,-4.2567
ENSG00000186395,KRT10,60,-0.7288,66,-0.1220,117,0.94151
ENSG00000128422,KRT17,222,2.40011,39,-2.2389,43,-2.2180
ENSG00000173812,EIF1,662,-0.6200,838,0.15748,1108,0.70021
ENSG00000173801,JUP,12,-2.1600,22,-0.1120,71,2.41058
ENSG00000141698,NT5C3B,76,0.75747,63,-0.1065,36,-1.0558
ENSG00000131473,ACLY,65,0.75295,30,-0.9771,42,-0.5262
ENSG00000173786,CNP,383,-3.2003,491,-1.4213,5045,3.67247
ENSG00000168259,DNAJC7,86,0.86014,31,-1.3399,55,-0.5320
ENSG00000108773,KAT2A,61,-0.1066,54,-0.2282,72,0.24960
ENSG00000108774,RAB5C,103,-0.5086,157,0.50621,141,0.37351
ENSG00000167925,GHDC,18,-1.0754,64,1.71601,25,0.11643
ENSG00000173757,STAT5B,36,-0.5373,64,0.72910,47,0.26059
ENSG00000168610,STAT3,20,-2.0737,169,2.76195,43,0.24130
ENSG00000177469,CAVIN1,9,-3.0669,134,2.89633,52,1.16008
ENSG00000033627,ATP6V0A1,350,1.26303,158,-0.9615,140,-1.2344
ENSG00000068120,COASY,47,-0.0227,46,-0.0328,48,0.04804
ENSG00000108788,MLX,18,0.25210,14,-0.3093,15,-0.1715
ENSG00000141699,RETREG3,33,-0.1213,52,0.71157,27,-0.3438
ENSG00000131462,TUBG1,50,2.21400,22,-0.8665,4,-3.2523
ENSG00000037042,TUBG2,101,0.82537,11,-3.1107,80,-0.1881
ENSG00000108797,CNTNAP1,166,2.42851,66,-1.0280,13,-3.5692
ENSG00000108799,EZH1,30,-1.0915,62,0.73250,66,0.95913
ENSG00000131477,RAMP2,17,-2.2278,224,3.75678,12,-1.7382
ENSG00000131475,VPS25,27,-0.8090,60,0.97088,42,0.44795
ENSG00000183978,COA3,104,0.07465,75,-0.4775,110,0.12971
ENSG00000126581,BECN1,39,-0.0386,29,-0.4639,46,0.26254
ENSG00000131467,PSME3,58,0.82337,44,-0.2419,27,-1.0504
ENSG00000266967,AARSD1,43,1.01274,13,-1.5885,25,-0.6434
ENSG00000198863,RUNDC1,36,1.50835,19,-0.6482,9,-1.8921
ENSG00000131469,RPL27,398,-0.5350,722,0.78209,505,0.21758
ENSG00000108828,VAT1,33,-1.5474,154,1.95123,67,0.53896
ENSG00000108830,RND2,20,-0.3834,27,0.32063,26,0.32250
ENSG00000188554,NBR1,44,-1.3404,72,0.20180,134,1.48769
ENSG00000175906,ARL4D,27,2.89580,2,-3.2252,4,-2.5163
ENSG00000067596,DHX8,14,-0.6647,30,1.05374,18,0.17838
ENSG00000108861,DUSP3,148,1.24629,84,-0.6067,51,-1.4571
ENSG00000108852,MPP2,68,0.15200,10,-2.7518,86,0.48877
ENSG00000091947,TMEM101,15,-1.3417,65,1.82828,28,0.38765
ENSG00000161654,LSM12,28,-0.2361,26,-0.1711,36,0.38401
ENSG00000141349,G6PC3,52,-0.8176,121,1.07559,77,0.37619
ENSG00000108840,HDAC5,116,-0.6915,177,0.43256,192,0.64798
ENSG00000168591,TMUB2,40,0.00887,49,0.31213,36,-0.2109
ENSG00000087152,ATXN7L3,123,1.77805,13,-3.0368,47,-1.2302
ENSG00000108312,UBTF,75,-0.1247,103,0.47523,71,-0.1365
ENSG00000108309,RUNDC3A,380,2.03754,143,-1.1478,67,-2.3957
ENSG00000013306,SLC25A39,50,-0.5163,100,0.94118,58,0.05951
ENSG00000030582,GRN,36,-2.2539,427,3.44707,49,-0.7080
ENSG00000161682,FAM171A2,66,2.39691,28,-0.9164,4,-3.7586
ENSG00000186566,GPATCH8,19,-1.1004,60,1.47560,31,0.41123
ENSG00000180329,CCDC43,15,-0.0855,8,-1.0544,21,0.49671
ENSG00000073670,ADAM11,85,2.71757,15,-2.1908,11,-2.7256
ENSG00000131097,HIGD1B,15,-1.2198,100,2.86650,5,-2.2543
ENSG00000108883,EFTUD2,62,0.70407,62,0.17251,26,-1.2429
ENSG00000131095,GFAP,937,-3.9732,26475,3.39297,8851,1.22935
ENSG00000131094,C1QL1,27,-0.8804,76,1.36893,37,0.19809
ENSG00000172992,DCAKD,17,-1.2008,64,1.75003,26,0.26929
ENSG00000136448,NMT1,71,0.29716,98,0.60497,37,-0.9711
ENSG00000161714,PLCD3,25,-2.0312,118,1.57350,96,1.43806
ENSG00000186834,HEXIM1,59,0.57602,42,-0.3915,38,-0.5705
ENSG00000184922,FMNL1,38,0.29675,71,1.14023,10,-1.9815
ENSG00000225190,PLEKHM1,12,-0.7981,14,-0.0855,26,1.00591
ENSG00000186868,MAPT,223,0.84451,54,-1.9500,159,-0.3607
ENSG00000120071,KANSL1,43,0.08126,54,0.40193,34,-0.3900
ENSG00000073969,NSF,480,3.54225,38,-3.3538,42,-3.3383
ENSG00000108433,GOSR2,29,-0.4414,45,0.53645,37,0.26497
ENSG00000179673,RPRML,61,2.35154,19,-1.3884,8,-2.7650
ENSG00000004897,CDC27,49,1.18223,10,-2.1704,27,-0.7033
ENSG00000141279,NPEPPS,77,0.04257,71,-0.1058,76,0.00066
ENSG00000108424,KPNB1,106,-0.3640,96,-0.2700,156,0.57687
ENSG00000198933,TBKBP1,24,0.38826,14,-0.7640,21,-0.1475
ENSG00000159111,MRPL10,45,0.34515,15,-1.5395,45,0.12135
ENSG00000141295,SCRN2,15,-0.6797,25,0.58004,24,0.54797
ENSG00000108439,PNPO,52,0.15955,79,0.72660,30,-0.8556
ENSG00000108465,CDK5RAP3,42,-0.9727,85,0.77587,81,0.79128
ENSG00000082641,NFE2L1,143,0.26653,159,0.24399,99,-0.5501
ENSG00000108468,CBX1,72,-0.1309,32,-1.2899,102,0.59887
ENSG00000002919,SNX11,20,0.09319,28,0.54048,14,-0.5330
ENSG00000136436,CALCOCO2,25,-1.4094,90,1.50578,56,0.79195
ENSG00000159199,ATP5MC1,126,0.33871,35,-1.8518,132,0.18568
ENSG00000159202,UBE2Z,82,-0.0153,87,0.09704,81,-0.0352
ENSG00000159210,SNF8,36,-0.2208,20,-0.9977,54,0.63404
ENSG00000198740,ZNF652,16,-2.4044,24,-0.5700,116,2.76645
ENSG00000167085,PHB,76,-0.6574,86,-0.0255,136,0.82310
ENSG00000182575,NXPH3,32,0.40726,27,-0.1927,23,-0.4492
ENSG00000121067,SPOP,54,0.07251,39,-0.4634,57,0.12669
ENSG00000121073,SLC35B1,31,-0.1071,35,0.16279,32,0.05000
ENSG00000136504,KAT7,34,0.35855,4,-3.0536,38,0.29638
ENSG00000005882,PDK2,103,0.48517,68,-0.5229,76,-0.3756
ENSG00000167100,SAMD14,39,0.92956,33,-0.0298,14,-1.4486
ENSG00000108819,PPP1R9B,138,0.25990,195,0.63122,75,-0.9312
ENSG00000108826,MRPL27,64,-0.2371,71,0.09874,77,0.25668
ENSG00000108829,LRRC59,34,-0.3429,66,0.95145,33,-0.2194
ENSG00000136444,RSAD1,24,-0.2417,26,0.02954,30,0.29798
ENSG00000006282,SPATA20,39,-0.5648,89,1.16113,42,-0.0767
ENSG00000006283,CACNA1G,21,4.97144,0,-6.7008,0,-4.3402
ENSG00000154945,ANKRD40,77,-1.7419,82,-0.6782,348,2.15605
ENSG00000108848,LUC7L3,81,-0.9513,131,0.41218,170,0.96730
ENSG00000141232,TOB1,69,-0.6904,119,0.63969,107,0.52443
ENSG00000008294,SPAG9,105,-1.1270,158,0.19438,267,1.26146
ENSG00000239672,NME1,92,0.46315,65,-0.4245,67,-0.3956
ENSG00000243678,NME2,203,0.05840,206,0.03599,190,-0.0995
ENSG00000011260,UTP18,28,0.35002,36,0.51507,15,-0.9636
ENSG00000154975,CA10,60,3.50779,3,-3.9431,6,-3.0887
ENSG00000166260,COX11,38,-0.2382,35,-0.1800,49,0.39032
ENSG00000108924,HLF,160,3.08535,28,-2.1974,14,-3.3746
ENSG00000108960,MMD,115,1.32447,58,-0.7743,39,-1.4546
ENSG00000153933,DGKE,36,1.91803,14,-1.1147,7,-2.2000
ENSG00000121064,SCPEP1,24,-0.6483,85,1.89543,15,-1.0155
ENSG00000121057,AKAP1,37,0.14115,36,-0.0025,32,-0.1904
ENSG00000153944,MSI2,47,-0.6633,74,0.49831,74,0.57599
ENSG00000181610,MRPS23,56,0.53312,10,-2.3439,53,0.04489
ENSG00000180891,CUEDC1,11,-2.7882,34,0.13724,107,2.89093
ENSG00000136451,VEZF1,15,-2.4788,43,0.36656,106,2.53087
ENSG00000136450,SRSF1,52,-0.7517,81,0.43314,91,0.72097
ENSG00000264364,DYNLL2,294,0.65398,202,-0.4247,179,-0.6623
ENSG00000005379,TSPOAP1,72,1.20826,37,-0.7625,28,-1.2775
ENSG00000213246,SUPT4H1,48,-0.0307,34,-0.5446,57,0.28288
ENSG00000108389,MTMR4,41,0.72526,2,-3.9117,36,-0.0344
ENSG00000108387,SEPTIN4,208,-2.9216,193,-1.6850,2275,3.45828
ENSG00000108384,RAD51C,25,0.99817,12,-0.8441,12,-0.9170
ENSG00000108395,TRIM37,182,2.56589,26,-2.5473,33,-2.3153
ENSG00000182628,SKA2,30,-0.4935,15,-1.2434,57,0.98178
ENSG00000153982,GDPD1,18,1.21442,0,-5.4213,11,-0.4877
ENSG00000175155,YPEL2,34,-0.8178,20,-1.1134,80,1.30078
ENSG00000108406,DHX40,18,-0.5027,40,1.10587,19,-0.1190
ENSG00000141367,CLTC,360,0.76461,185,-0.8484,225,-0.5956
ENSG00000141378,PTRH2,16,-0.6043,16,-0.2058,29,0.83104
ENSG00000062716,VMP1,52,-0.6586,110,0.97930,69,0.23375
ENSG00000108443,RPS6KB1,32,0.55938,14,-1.1359,26,-0.2296
ENSG00000167434,CA4,24,2.17843,10,-0.9173,2,-3.0449
ENSG00000170832,USP32,36,-0.5661,39,-0.0891,62,0.74283
ENSG00000062725,APPBP2,47,-0.7362,44,-0.3885,97,1.03928
ENSG00000141376,BCAS3,37,-0.3371,48,0.32814,46,0.25767
ENSG00000108510,MED13,30,-0.7349,52,0.60982,50,0.59936
ENSG00000146872,TLK2,26,-0.2365,18,-0.5950,37,0.54106
ENSG00000170921,TANC2,68,1.29859,38,-0.5998,22,-1.5534
ENSG00000008283,CYB561,56,1.69681,36,-0.3408,7,-2.8203
ENSG00000136485,DCAF7,44,-0.4990,80,0.80556,53,0.14832
ENSG00000136463,TACO1,21,0.14211,15,-0.5299,21,0.06727
ENSG00000198909,MAP3K3,10,-1.8116,67,2.43294,20,0.32408
ENSG00000266173,STRADA,31,-0.2421,40,0.34001,34,0.12344
ENSG00000136490,LIMD2,32,-0.1424,92,1.77528,6,-2.5025
ENSG00000108588,CCDC47,61,-0.0025,53,-0.2323,66,0.12107
ENSG00000198231,DDX42,50,-0.1715,77,0.65899,45,-0.2163
ENSG00000087191,PSMC5,159,0.02393,124,-0.3877,173,0.15586
ENSG00000108622,ICAM2,9,-3.0099,221,4.83691,1,-4.3880
ENSG00000266402,SNHG25,36,-0.8415,71,0.76872,63,0.63332
ENSG00000136478,TEX2,66,-0.3052,46,-0.6508,100,0.63661
ENSG00000261371,PECAM1,16,-3.1930,438,5.00534,3,-4.2354
ENSG00000108654,DDX5,312,-0.6259,577,0.77987,433,0.34423
ENSG00000108854,SMURF2,11,-1.3595,46,1.78007,21,0.46506
ENSG00000120063,GNA13,25,-2.2545,243,2.89231,61,0.30497
ENSG00000154229,PRKCA,113,0.43763,117,0.17762,66,-0.7708
ENSG00000198265,HELZ,35,0.19163,39,0.21556,27,-0.4115
ENSG00000197170,PSMD12,77,1.29356,33,-1.0322,30,-1.2386
ENSG00000154217,PITPNC1,57,0.44358,76,0.58403,25,-1.2439
ENSG00000130935,NOL11,19,-0.1229,36,0.95280,14,-0.6011
ENSG00000171634,BPTF,23,-1.5109,90,1.56724,56,0.86429
ENSG00000186665,C17orf58,20,1.97288,1,-4.0348,7,-1.3315
ENSG00000182481,KPNA2,45,1.08136,17,-1.2432,23,-0.8462
ENSG00000278730,AC005332.6,10,-1.6299,42,1.51172,29,1.05107
ENSG00000196704,AMZ2,94,-0.2154,133,0.48835,97,-0.0146
ENSG00000108946,PRKAR1A,321,0.19772,218,-0.5496,311,0.00615
ENSG00000141338,ABCA8,7,-4.1373,53,0.41499,170,3.76078
ENSG00000154265,ABCA5,29,1.71139,0,-7.3151,13,-0.9663
ENSG00000125398,SOX9,103,-0.1396,136,0.39227,103,-0.0538
ENSG00000180616,SSTR2,50,2.12609,32,-0.3442,1,-5.1805
ENSG00000166685,COG1,56,1.09627,32,-0.6142,23,-1.2052
ENSG00000133193,FAM104A,29,0.92334,17,-0.6257,14,-0.9335
ENSG00000179604,CDC42EP4,89,-0.4097,171,0.92044,93,-0.0834
ENSG00000172809,RPL38,799,-0.5368,1003,0.17820,1237,0.59036
ENSG00000141540,TTYH2,48,-3.2588,162,-0.0133,622,3.33753
ENSG00000109062,SLC9A3R1,86,-0.7969,105,0.01873,173,0.96481
ENSG00000109065,NAT9,17,-0.4451,17,-0.0778,25,0.59603
ENSG00000161509,GRIN2C,44,-0.0771,43,-0.0687,48,0.13735
ENSG00000167861,HID1,60,-0.7136,75,0.09179,111,0.83928
ENSG00000109089,CDR2L,8,-2.7655,5,-2.1211,79,3.36389
ENSG00000167862,MRPL58,17,-0.9817,36,0.80016,33,0.78708
ENSG00000180901,KCTD2,96,0.87107,39,-1.1672,59,-0.6045
ENSG00000167863,ATP5PD,175,0.46909,64,-1.4044,157,-0.0496
ENSG00000125458,NT5C,15,-1.9316,60,1.35656,56,1.49239
ENSG00000189159,JPT1,114,2.66123,21,-2.1517,16,-2.6604
ENSG00000188612,SUMO2,211,0.29505,78,-1.4385,219,0.15646
ENSG00000125447,GGA3,47,0.81967,30,-0.5047,25,-0.8552
ENSG00000125445,MRPS7,58,0.71370,31,-0.7921,37,-0.5534
ENSG00000177885,GRB2,127,-0.1486,171,0.42963,126,-0.0677
ENSG00000177728,TMEM94,75,-0.1758,67,-0.2420,94,0.34053
ENSG00000177303,CASKIN2,21,-1.8172,94,1.60024,68,1.19102
ENSG00000266714,MYO15B,5,-3.4677,46,1.37490,67,2.75391
ENSG00000108469,RECQL5,18,-0.5967,31,0.59732,27,0.43060
ENSG00000161526,SAP30BP,51,-0.7781,90,0.64004,86,0.63500
ENSG00000132470,ITGB4,23,-2.5544,184,2.16102,113,1.45602
ENSG00000132475,H3F3B,234,-1.7043,688,0.98376,802,1.49329
ENSG00000132478,UNK,10,-1.8609,34,1.03019,41,1.62736
ENSG00000132471,WBP2,411,0.06251,337,-0.2948,422,0.06716
ENSG00000132481,TRIM47,23,-1.9708,128,1.96086,72,1.04871
ENSG00000204316,MRPL38,68,-0.0057,64,-0.0842,70,0.05279
ENSG00000161533,ACOX1,44,-0.2057,71,0.69487,41,-0.1948
ENSG00000167881,SRP68,69,0.31662,53,-0.3204,56,-0.2518
ENSG00000182473,EXOC7,84,-0.1201,105,0.32200,85,-0.0330
ENSG00000141576,RNF157,96,2.08678,30,-1.4089,18,-2.2434
ENSG00000185262,UBALD2,54,-0.8866,177,1.64447,63,-0.1045
ENSG00000161542,PRPSAP1,38,-0.4899,66,0.73397,47,0.19118
ENSG00000175931,UBE2O,54,2.08864,7,-2.5955,15,-1.6826
ENSG00000161544,CYGB,26,3.46921,0,-6.3014,3,-2.7730
ENSG00000163597,SNHG16,26,0.29044,32,0.44659,15,-0.7779
ENSG00000182534,MXRA7,105,0.44655,64,-0.6491,83,-0.2674
ENSG00000070495,JMJD6,18,-0.9185,64,1.74465,20,-0.1820
ENSG00000161547,SRSF2,114,-0.2749,174,0.58511,121,-0.0014
ENSG00000167889,MGAT5B,61,3.81981,12,-2.0361,0,-6.7455
ENSG00000129657,SEC14L1,74,-0.6627,231,1.68244,61,-0.5784
ENSG00000184640,SEPTIN9,83,-0.2002,151,0.91526,67,-0.4199
ENSG00000078687,TNRC6C,40,-0.7741,57,0.24561,76,0.84112
ENSG00000141524,TMC6,14,-3.0097,110,1.68477,115,2.21600
ENSG00000108639,SYNGR2,14,-3.9005,275,2.50384,185,2.09245
ENSG00000183077,AFMID,22,-1.4304,21,-0.6167,79,1.83049
ENSG00000204278,TMEM235,12,-3.2806,2,-4.2761,184,3.99207
ENSG00000087157,PGS1,22,-0.6277,45,0.89013,30,0.26278
ENSG00000108669,CYTH1,63,-1.5700,111,0.21992,226,1.71920
ENSG00000055483,USP36,19,-0.7481,61,1.66708,18,-0.3850
ENSG00000035862,TIMP2,103,-1.9893,587,1.98650,325,1.04526
ENSG00000108679,LGALS3BP,31,-2.8293,190,1.36563,243,2.29857
ENSG00000171302,CANT1,28,-0.3250,48,0.74647,29,-0.0576
ENSG00000167281,RBFOX3,141,3.11138,31,-1.8807,8,-3.8524
ENSG00000141582,CBX4,38,-0.7164,71,0.74049,59,0.49181
ENSG00000167291,TBC1D16,16,-0.6891,60,1.95029,10,-1.0313
ENSG00000171298,GAA,36,-1.3988,176,2.14947,54,0.07678
ENSG00000141543,EIF4A3,29,-0.7462,67,1.11124,39,0.24519
ENSG00000181045,SLC26A11,31,0.70706,20,-0.5245,19,-0.6800
ENSG00000173821,RNF213,15,-2.2232,136,2.72968,40,0.48879
ENSG00000173818,ENDOV,25,0.16988,7,-1.8389,29,0.36749
ENSG00000171246,NPTX1,570,3.35200,47,-3.3153,60,-3.0873
ENSG00000141564,RPTOR,33,0.59763,24,-0.3036,20,-0.6553
ENSG00000176108,CHMP6,23,-0.2766,26,0.15101,28,0.27952
ENSG00000226137,BAIAP2-DT,48,0.91455,31,-0.4887,23,-1.0095
ENSG00000175866,BAIAP2,201,2.94900,39,-2.0810,19,-3.2244
ENSG00000181409,AATK,117,-1.6560,41,-2.2921,534,2.29503
ENSG00000224877,NDUFAF8,121,0.25282,61,-0.9976,122,0.09379
ENSG00000157637,SLC38A10,27,-1.6617,139,2.00750,62,0.62982
ENSG00000266074,BAHCC1,17,-0.6465,25,0.41334,27,0.60308
ENSG00000184009,ACTG1,1106,0.09084,985,-0.1563,1065,-0.0365
ENSG00000182446,NPLOC4,56,-0.5015,97,0.69534,72,0.23599
ENSG00000204237,OXLD1,23,-0.9406,40,0.49917,47,0.91091
ENSG00000214087,ARL16,35,0.35456,14,-1.3279,34,0.06362
ENSG00000185359,HGS,88,-0.2506,124,0.46990,95,0.04841
ENSG00000262814,MRPL12,78,0.30853,72,-0.0426,59,-0.4024
ENSG00000225663,MCRIP1,182,-0.0620,200,0.13034,185,0.00838
ENSG00000185624,P4HB,104,-0.9549,368,1.78293,118,-0.1702
ENSG00000141522,ARHGDIA,209,-0.1978,336,0.70293,193,-0.2141
ENSG00000141552,ANAPC11,128,-0.1406,73,-0.9134,176,0.52331
ENSG00000185813,PCYT2,71,0.10906,50,-0.5296,74,0.10787
ENSG00000197063,MAFG,53,0.28106,72,0.58140,29,-0.9111
ENSG00000169696,ASPSCR1,26,-0.8112,45,0.60871,45,0.69493
ENSG00000169689,CENPX,57,0.13931,44,-0.3470,55,-0.0068
ENSG00000169750,RAC3,30,0.62926,41,0.67940,8,-1.8758
ENSG00000169738,DCXR,134,-0.4656,132,-0.1711,211,0.65799
ENSG00000169733,RFNG,35,-0.6679,91,1.36701,37,-0.1350
ENSG00000169727,GPS1,108,-0.2146,161,0.58405,107,-0.0886
ENSG00000169718,DUS1L,37,-0.7499,88,1.12654,51,0.23704
ENSG00000169710,FASN,171,0.16136,125,-0.4334,166,0.00341
ENSG00000141551,CSNK1D,91,-0.1916,165,0.91888,73,-0.4388
ENSG00000178927,CYBC1,19,-2.1802,153,2.51225,56,0.70782
ENSG00000141562,NARF,57,0.41075,53,-0.0240,38,-0.5664
ENSG00000141568,FOXK2,48,-0.0759,62,0.39491,44,-0.1476
ENSG00000141580,WDR45B,59,-0.4261,41,-0.7068,98,0.78811
ENSG00000141542,RAB40B,113,-0.9604,65,-1.2050,299,1.46543
ENSG00000141560,FN3KRP,39,-0.6979,42,-0.1117,74,0.90280
ENSG00000141556,TBCD,52,-0.0167,66,0.38455,45,-0.2271
ENSG00000101557,USP14,67,0.24607,37,-0.8362,66,0.05157
ENSG00000176912,TYMSOS,1,-6.2881,0,-7.4457,140,7.01734
ENSG00000176105,YES1,10,-1.8273,51,1.79132,31,1.04140
ENSG00000141433,ADCYAP1,21,4.01787,3,-2.1787,0,-7.7728
ENSG00000101596,SMCHD1,23,-1.0217,72,1.51468,34,0.25872
ENSG00000101577,LPIN2,52,-0.0344,90,0.88779,35,-0.6863
ENSG00000101608,MYL12A,18,-2.0186,130,2.43198,47,0.60488
ENSG00000118680,MYL12B,159,0.35022,184,0.33137,95,-0.7663
ENSG00000170579,DLGAP1,184,4.01079,9,-4.0412,12,-3.7100
ENSG00000263878,DLGAP1-AS4,21,3.70294,0,-6.7101,2,-2.9995
ENSG00000263753,LINC00667,32,0.10721,7,-2.2229,41,0.48525
ENSG00000082397,EPB41L3,133,0.26267,8,-4.0436,162,0.44386
ENSG00000173482,PTPRM,37,1.22230,37,0.28669,5,-2.8576
ENSG00000168502,MTCL1,19,2.82801,0,-6.6150,4,-2.1042
ENSG00000178127,NDUFV2,152,0.46423,72,-1.0296,129,-0.1482
ENSG00000101745,ANKRD12,69,-0.3026,104,0.55036,76,0.06402
ENSG00000128791,TWSG1,16,-1.3860,59,1.55774,35,0.71694
ENSG00000017797,RALBP1,65,0.11996,77,0.30943,51,-0.3749
ENSG00000154845,PPP4R1,12,-1.1316,28,0.86629,27,0.92588
ENSG00000168461,RAB31,84,-0.6213,216,1.34953,86,-0.1931
ENSG00000101558,VAPA,186,-0.1656,150,-0.3894,239,0.38700
ENSG00000154856,APCDD1,54,-0.6727,58,-0.1100,100,0.87355
ENSG00000134265,NAPG,68,0.65035,6,-3.3923,62,0.01540
ENSG00000141404,GNAL,20,3.30239,0,-6.6565,3,-2.5885
ENSG00000255112,CHMP1B,75,-0.1371,102,0.45483,72,-0.1028
ENSG00000154889,MPPE1,22,-0.5251,32,0.38871,32,0.46508
ENSG00000141385,AFG3L2,48,0.87368,16,-1.4534,31,-0.5140
ENSG00000134278,SPIRE1,64,0.54629,34,-0.8259,49,-0.3221
ENSG00000128789,PSMG2,61,0.70549,17,-1.7349,47,-0.2461
ENSG00000085415,SEH1L,64,1.14718,21,-1.4178,32,-0.8652
ENSG00000168675,LDLRAD4,57,-1.2708,89,0.18542,162,1.42022
ENSG00000101654,RNMT,64,1.33732,20,-1.4706,27,-1.0920
ENSG00000067900,ROCK1,13,-1.8065,61,1.76701,37,1.03919
ENSG00000167088,SNRPD1,40,-0.3742,43,-0.0041,56,0.47843
ENSG00000101752,MIB1,41,-0.0723,41,-0.0349,44,0.11385
ENSG00000134508,CABLES1,45,2.39414,13,-1.5024,6,-2.7260
ENSG00000101782,RIOK3,30,-0.9015,52,0.55056,58,0.83722
ENSG00000141452,RMC1,15,0.34385,1,-3.8096,17,0.35235
ENSG00000141458,NPC1,23,-2.8152,64,0.05354,215,2.94523
ENSG00000141447,OSBPL1A,100,-0.6890,26,-2.2355,230,1.31468
ENSG00000154059,IMPACT,18,-0.5344,48,1.45390,15,-0.4860
ENSG00000141380,SS18,20,-1.7111,69,1.24293,64,1.33826
ENSG00000134504,KCTD1,92,3.18007,6,-3.6469,12,-2.7577
ENSG00000171885,AQP4,404,-1.7177,1623,1.53641,1181,1.13135
ENSG00000170558,CDH2,68,1.09156,24,-1.3133,35,-0.8323
ENSG00000118276,B4GALT6,64,2.58458,13,-1.9793,9,-2.6539
ENSG00000153339,TRAPPC8,26,0.35774,2,-3.4386,30,0.32075
ENSG00000134758,RNF138,16,-0.8193,16,-0.2839,35,1.09775
ENSG00000141441,GAREM1,22,-0.2171,21,-0.0975,27,0.32794
ENSG00000101746,NOL4,39,5.49816,0,-5.6933,1,-5.1314
ENSG00000134769,DTNA,118,-1.0810,456,1.87874,147,-0.0821
ENSG00000166974,MAPRE2,222,0.16519,83,-1.4563,256,0.30546
ENSG00000172466,ZNF24,40,-1.6303,98,0.71176,138,1.56392
ENSG00000141429,GALNT1,27,-0.6730,70,1.29366,31,-0.0442
ENSG00000141425,RPRD1A,128,0.63597,57,-1.0862,95,-0.3391
ENSG00000141424,SLC39A6,32,-0.7038,14,-1.4779,72,1.24205
ENSG00000134759,ELP2,42,0.21995,37,-0.1358,36,-0.2209
ENSG00000134775,FHOD3,26,1.83674,8,-1.3215,6,-1.8907
ENSG00000134779,TPGS2,87,0.84981,44,-0.8554,50,-0.7064
ENSG00000101489,CELF4,218,2.93836,43,-2.0560,21,-3.2287
ENSG00000078142,PIK3C3,40,-0.0320,39,-0.0383,42,0.06314
ENSG00000132872,SYT4,274,3.49492,38,-2.5453,17,-3.8333
ENSG00000152217,SETBP1,27,4.07181,4,-2.2557,0,-7.4107
ENSG00000141469,SLC14A1,39,-0.8468,93,1.10267,59,0.39399
ENSG00000152223,EPG5,21,0.39570,5,-1.8966,21,0.13049
ENSG00000152234,ATP5F1A,421,1.13042,230,-0.6869,173,-1.2078
ENSG00000152242,C18orf25,32,0.92243,26,-0.0606,11,-1.3997
ENSG00000141622,RNF165,29,4.72940,0,-6.9363,1,-4.0627
ENSG00000101638,ST8SIA5,50,1.60487,33,-0.3460,8,-2.5394
ENSG00000078043,PIAS2,32,-0.3233,66,1.09097,27,-0.4044
ENSG00000167220,HDHD2,38,-0.6447,39,-0.2012,71,0.87523
ENSG00000134049,IER3IP1,36,0.57852,16,-1.0873,28,-0.2683
ENSG00000175387,SMAD2,46,-0.2945,50,0.04068,60,0.35876
ENSG00000134030,CTIF,96,0.76570,28,-1.6883,70,-0.3256
ENSG00000101665,SMAD7,15,-1.2228,59,1.75770,25,0.29342
ENSG00000141627,DYM,22,-0.0280,11,-1.0366,28,0.42766
ENSG00000177576,C18orf32,132,-0.6771,37,-2.1685,300,1.29642
ENSG00000265681,RPL17,641,-0.9229,1451,0.98522,1099,0.58717
ENSG00000167315,ACAA2,30,-0.9046,62,0.81838,54,0.68004
ENSG00000141644,MBD1,40,0.57596,28,-0.3969,26,-0.5673
ENSG00000154832,CXXC1,26,-0.2228,29,0.10286,31,0.23607
ENSG00000141639,MAPK4,53,0.30041,84,0.81626,23,-1.2824
ENSG00000134042,MRO,31,0.32513,19,-0.6523,28,-0.1119
ENSG00000082212,ME2,30,-0.3751,52,0.77107,32,-0.0036
ENSG00000141646,SMAD4,28,-0.9611,53,0.68412,55,0.83274
ENSG00000176624,MEX3C,24,0.03305,24,0.02041,23,-0.0559
ENSG00000187323,DCC,23,3.61254,0,-4.5613,2,-3.0845
ENSG00000134046,MBD2,22,-0.1240,33,0.56789,20,-0.2116
ENSG00000041353,RAB27B,29,4.48758,0,-7.1684,1,-3.7960
ENSG00000196628,TCF4,137,0.07776,197,0.61055,96,-0.5763
ENSG00000091164,TXNL1,107,0.59074,58,-0.7826,77,-0.3966
ENSG00000091157,WDR7,76,0.73481,42,-0.7416,47,-0.6051
ENSG00000177511,ST8SIA3,171,4.07404,20,-2.7338,4,-4.9846
ENSG00000066926,FECH,24,-0.6760,20,-0.5171,48,1.01124
ENSG00000134440,NARS,115,0.61561,29,-1.9486,98,-0.1036
ENSG00000049759,NEDD4L,114,1.49506,16,-2.6314,52,-0.9755
ENSG00000074657,ZNF532,32,-0.5797,54,0.62426,46,0.39073
ENSG00000166562,SEC11C,82,-0.7184,59,-0.7578,174,1.12039
ENSG00000074695,LMAN1,33,-0.7254,56,0.59381,54,0.59715
ENSG00000101542,CDH20,19,-1.3926,30,0.15966,60,1.55874
ENSG00000134444,RELCH,37,0.16176,50,0.51145,25,-0.6203
ENSG00000081913,PHLPP1,65,-1.6284,80,-0.3943,263,1.97466
ENSG00000171791,BCL2,17,-0.8942,57,1.71070,19,-0.1785
ENSG00000119537,KDSR,33,-1.5858,40,-0.3966,131,1.93257
ENSG00000119541,VPS4B,54,-0.4795,45,-0.4504,91,0.77249
ENSG00000171451,DSEL,19,-1.4307,32,0.19223,63,1.58609
ENSG00000166479,TMX3,45,1.09337,28,-0.5182,18,-1.2730
ENSG00000206052,DOK6,51,2.53930,6,-2.6330,9,-2.2464
ENSG00000141668,CBLN2,63,3.07542,1,-4.7287,10,-2.4594
ENSG00000166342,NETO1,23,3.01256,8,-1.1686,0,-6.9321
ENSG00000075336,TIMM21,27,0.09738,15,-0.8813,31,0.24148
ENSG00000166347,CYB5A,24,-0.9789,24,-0.3570,59,1.29322
ENSG00000187773,DIPK1C,18,-1.8318,19,-0.7110,89,2.25169
ENSG00000133313,CNDP2,109,-1.4987,299,0.99948,312,1.26338
ENSG00000150656,CNDP1,75,-2.2165,80,-0.9762,488,2.67745
ENSG00000180011,ZADH2,39,1.38533,1,-4.8379,22,-0.6767
ENSG00000179981,TSHZ1,42,0.73045,25,-0.6043,25,-0.6689
ENSG00000197971,MBP,1808,-3.4731,1736,-2.0711,29252,4.02226
ENSG00000263146,LINC01896,29,0.30942,18,-0.6790,26,-0.0818
ENSG00000166377,ATP9B,18,-0.7185,48,1.36579,20,-0.0502
ENSG00000122490,SLC66A2,81,0.65543,57,-0.3866,49,-0.6876
ENSG00000226742,HSBP1L1,14,0.54032,2,-2.7044,13,0.07694
ENSG00000141759,TXNL4A,117,-0.3577,95,-0.4521,179,0.63421
ENSG00000101544,ADNP2,25,-0.2817,33,0.34622,30,0.17306
ENSG00000141934,PLPP2,12,-3.2918,9,-2.2902,185,3.88040
ENSG00000105556,MIER2,25,-0.2896,53,1.15468,19,-0.5446
ENSG00000183186,C2CD4C,31,2.01782,9,-1.4403,6,-2.1020
ENSG00000129946,SHC2,63,0.56750,83,0.59438,22,-1.5449
ENSG00000141933,TPGS1,56,0.22745,55,0.03823,44,-0.3385
ENSG00000099804,CDC34,108,0.52917,91,-0.1233,66,-0.6750
ENSG00000172270,BSG,659,-0.0435,1175,0.93740,431,-0.7316
ENSG00000099822,HCN2,118,1.28769,39,-1.4093,53,-1.0509
ENSG00000099821,POLRMT,43,0.24598,24,-0.8379,43,0.05222
ENSG00000070423,RNF126,63,0.49916,34,-0.8286,50,-0.2616
ENSG00000099864,PALM,180,0.47480,117,-0.5478,135,-0.3499
ENSG00000011304,PTBP1,20,-1.9136,156,2.66646,39,0.14476
ENSG00000129951,PLPPR3,58,1.74727,20,-1.3076,15,-1.7581
ENSG00000175221,MED16,49,-0.3830,89,0.83537,52,-0.0471
ENSG00000198858,R3HDM4,51,0.27513,52,0.11948,37,-0.4659
ENSG00000065268,WDR18,35,0.13624,25,-0.4864,36,0.05710
ENSG00000182087,TMEM259,72,-0.9990,132,0.58454,151,0.93384
ENSG00000099817,POLR2E,138,0.44075,109,-0.2502,97,-0.4619
ENSG00000167468,GPX4,566,0.07054,733,0.43741,442,-0.4031
ENSG00000118046,STK11,62,0.01119,105,0.84835,40,-0.7235
ENSG00000099625,CBARP,56,2.47333,15,-1.5574,7,-2.8254
ENSG00000099624,ATP5F1D,445,0.72038,247,-0.7373,281,-0.5877
ENSG00000167470,MIDN,56,-1.0606,239,2.06808,58,-0.4079
ENSG00000099622,CIRBP,225,-1.2209,421,0.51156,577,1.22355
ENSG00000228300,FAM174C,37,-0.7278,70,0.77764,57,0.48139
ENSG00000160953,PWWP3A,63,-0.1313,64,-0.0088,71,0.17671
ENSG00000115286,NDUFS7,173,-0.9958,140,-0.7104,450,1.40375
ENSG00000130005,GAMT,79,-1.3903,66,-0.8405,278,1.83860
ENSG00000071626,DAZAP1,37,-0.7420,57,0.43324,64,0.70921
ENSG00000115268,RPS15,1027,-0.7098,1539,0.39248,1751,0.69179
ENSG00000115266,APC2,123,-0.0976,130,0.06718,132,0.09228
ENSG00000119559,C19orf25,39,-0.6450,71,0.74032,56,0.39810
ENSG00000115255,REEP6,16,0.20159,10,-0.6986,16,0.05794
ENSG00000071655,MBD3,61,-0.8248,166,1.35985,79,0.12339
ENSG00000127540,UQCR11,453,0.00572,294,-0.6710,529,0.28309
ENSG00000079313,REXO1,39,0.48999,39,0.14005,22,-0.8246
ENSG00000129911,KLF16,54,0.31710,79,0.69874,25,-1.1379
ENSG00000129968,ABHD17A,186,-0.6357,228,0.09950,320,0.74507
ENSG00000227500,SCAMP4,29,-1.6086,65,0.57939,100,1.60597
ENSG00000133275,CSNK1G2,40,-0.2968,67,0.75783,39,-0.1100
ENSG00000133243,BTBD2,158,0.77594,120,-0.2454,78,-0.9703
ENSG00000099875,MKNK2,36,-0.4833,91,1.34453,31,-0.4319
ENSG00000099840,IZUMO4,10,-1.2333,20,0.50215,27,1.24175
ENSG00000065000,AP3D1,115,0.69416,54,-0.9855,79,-0.4479
ENSG00000104886,PLEKHJ1,51,0.08425,41,-0.2995,51,0.04164
ENSG00000104897,SF3A2,14,-1.2228,37,1.09925,30,0.88034
ENSG00000104904,OAZ1,616,0.44132,624,0.14009,368,-0.7439
ENSG00000130332,LSM7,78,-0.4048,111,0.42625,100,0.28707
ENSG00000005206,SPPL2B,32,-0.4678,37,0.07285,48,0.55676
ENSG00000099800,TIMM13,91,-0.3358,85,-0.2130,130,0.52139
ENSG00000176619,LMNB2,15,-0.8481,32,0.93911,24,0.52373
ENSG00000099860,GADD45B,74,-0.5258,216,1.61700,53,-0.7617
ENSG00000176533,GNG7,87,-1.0582,160,0.55815,194,1.01653
ENSG00000176490,DIRAS1,200,1.99495,129,-0.3266,10,-4.1768
ENSG00000141873,SLC39A3,55,0.35768,57,0.13757,36,-0.6073
ENSG00000104969,SGTA,79,-1.0346,155,0.69218,165,0.91559
ENSG00000172009,THOP1,86,0.99038,31,-1.3123,49,-0.7035
ENSG00000104964,TLE5,650,0.75156,437,-0.4386,360,-0.7962
ENSG00000088256,GNA11,59,-0.1916,57,-0.0964,72,0.29574
ENSG00000125912,NCLN,37,-0.0170,50,0.47120,31,-0.2951
ENSG00000161082,CELF5,102,3.15769,22,-1.8827,5,-3.9760
ENSG00000141905,NFIC,79,-0.6068,172,1.06225,95,0.08514
ENSG00000129932,DOHH,27,-1.8732,17,-1.5603,144,2.43583
ENSG00000105325,FZR1,53,-0.2821,60,0.12438,66,0.30071
ENSG00000161091,MFSD12,53,-0.8587,120,1.02957,83,0.46914
ENSG00000064961,HMG20B,11,-2.5796,70,1.58247,70,1.94476
ENSG00000105298,CACTIN,21,0.31210,13,-0.6609,19,-0.0922
ENSG00000186111,PIP5K1C,122,1.48323,85,-0.2562,22,-2.3775
ENSG00000183617,MRPL54,57,-0.0596,36,-0.7043,70,0.37057
ENSG00000007264,MATK,79,1.79277,57,-0.1759,5,-3.7414
ENSG00000167654,ATCAY,170,2.58984,42,-1.7185,21,-2.8879
ENSG00000167657,DAPK3,35,-0.0779,45,0.34398,34,-0.1079
ENSG00000167658,EEF2,436,-0.4694,802,0.83389,505,0.08252
ENSG00000105229,PIAS4,21,-0.9541,39,0.64801,42,0.84532
ENSG00000178951,ZBTB7A,95,0.46708,66,-0.4321,69,-0.3970
ENSG00000126934,MAP2K2,253,0.23222,315,0.41901,166,-0.6499
ENSG00000077463,SIRT6,17,0.74842,12,-0.3427,9,-0.8553
ENSG00000089847,ANKRD24,43,2.65200,13,-1.3511,3,-3.5527
ENSG00000105248,YJU2,16,-0.5624,34,0.97418,20,0.09862
ENSG00000105255,FSD1,70,1.23790,45,-0.4411,22,-1.5936
ENSG00000008382,MPND,24,0.26841,34,0.58936,13,-0.8966
ENSG00000141985,SH3GL1,67,0.79324,46,-0.4006,35,-0.8839
ENSG00000167671,UBXN6,170,0.22620,210,0.40358,113,-0.6251
ENSG00000167674,HDGFL2,46,0.53104,21,-1.0503,37,-0.2225
ENSG00000167680,SEMA6B,139,1.62265,89,-0.3756,23,-2.5321
ENSG00000185361,TNFAIP8L1,25,0.61820,47,1.16958,1,-4.1105
ENSG00000074842,MYDGF,58,-0.6411,121,0.96970,76,0.21675
ENSG00000142002,DPP9,23,-0.7366,56,1.16961,30,0.17815
ENSG00000141965,FEM1A,31,0.09685,23,-0.4400,32,0.08702
ENSG00000105355,PLIN3,11,-2.9398,58,1.04090,97,2.58516
ENSG00000127663,KDM4B,27,-0.2563,34,0.30481,31,0.16453
ENSG00000130254,SAFB2,57,-0.1110,63,0.11991,61,0.08026
ENSG00000160633,SAFB,87,-0.2334,49,-0.9563,129,0.63807
ENSG00000130255,RPL36,862,-0.6951,1771,0.92681,1208,0.32735
ENSG00000174917,MICOS13,175,-0.0717,131,-0.4770,210,0.30730
ENSG00000167733,HSD11B1L,84,1.28675,28,-1.4098,37,-1.0495
ENSG00000196365,LONP1,78,-0.0584,96,0.31972,73,-0.1189
ENSG00000174886,NDUFA11,191,-0.4633,226,0.11284,282,0.53239
ENSG00000031823,RANBP3,40,-0.2276,40,-0.0415,49,0.31489
ENSG00000130382,MLLT1,65,-0.2193,88,0.43086,69,0.03164
ENSG00000125656,CLPP,34,-0.6492,23,-0.8252,69,1.06192
ENSG00000125652,ALKBH7,63,-1.1740,137,0.77055,146,1.03313
ENSG00000125651,GTF2F1,44,0.33229,49,0.26798,28,-0.6770
ENSG00000088247,KHSRP,55,-0.5851,67,0.11329,90,0.67893
ENSG00000125648,SLC25A23,207,0.85725,107,-0.8157,118,-0.7356
ENSG00000104833,TUBB4A,477,-0.5425,211,-1.4283,937,1.06536
ENSG00000125730,C3,9,-5.4344,1102,5.71999,66,-0.9779
ENSG00000125734,GPR108,16,-1.3596,41,0.93747,42,1.14609
ENSG00000171105,INSR,47,-0.5008,76,0.59749,62,0.30380
ENSG00000104880,ARHGEF18,26,-0.8035,49,0.70594,45,0.62583
ENSG00000198816,ZNF358,110,-0.6479,149,0.25849,184,0.68534
ENSG00000090674,MCOLN1,28,-0.2936,41,0.50476,31,0.08400
ENSG00000032444,PNPLA6,70,-0.5060,107,0.50174,97,0.37290
ENSG00000076826,CAMSAP3,34,7.08265,0,-7.3748,0,-6.6838
ENSG00000076924,XAB2,37,-0.5230,48,0.19857,57,0.56355
ENSG00000229833,PET100,178,0.15942,115,-0.6388,182,0.08754
ENSG00000181029,TRAPPC5,227,0.47215,236,0.19033,127,-0.8406
ENSG00000142459,EVI5L,51,-0.8978,17,-1.9744,135,1.50335
ENSG00000183248,PRR36,95,2.64235,30,-1.3472,7,-3.5325
ENSG00000076984,MAP2K7,31,-0.3415,45,0.47023,37,0.17378
ENSG00000260001,TGFBR3L,73,4.27941,2,-4.5227,4,-3.9053
ENSG00000104976,SNAPC2,23,-0.1024,34,0.63529,19,-0.3033
ENSG00000178531,CTXN1,412,1.90025,101,-1.8024,115,-1.7144
ENSG00000104980,TIMM44,35,0.64243,16,-1.0371,25,-0.3640
ENSG00000066044,ELAVL1,47,-0.5421,105,1.14241,50,-0.0936
ENSG00000090661,CERS4,34,-1.4149,41,-0.3013,116,1.73336
ENSG00000167775,CD320,34,-0.5910,102,1.62476,27,-0.6338
ENSG00000267855,NDUFA7,126,0.14121,121,-0.0227,111,-0.1784
ENSG00000233927,RPS28,1039,-1.1812,2996,1.27436,2036,0.69666
ENSG00000167772,ANGPTL4,33,-2.0579,288,2.89094,62,0.01847
ENSG00000185236,RAB11B,131,-0.6632,138,-0.1529,243,0.87865
ENSG00000099785,MARCH2,48,0.24918,49,0.13110,35,-0.4354
ENSG00000099783,HNRNPM,86,-0.7264,119,0.25914,154,0.77859
ENSG00000133250,ZNF414,15,-0.4869,8,-1.1234,29,0.95180
ENSG00000142303,ADAMTS10,21,0.27240,45,1.34476,3,-2.6421
ENSG00000130803,ZNF317,17,0.60840,0,-6.7040,17,0.13773
ENSG00000197961,ZNF121,16,0.38466,0,-6.6265,18,0.36179
ENSG00000198258,UBL5,354,-0.1300,334,-0.1341,415,0.23618
ENSG00000127445,PIN1,261,1.01506,136,-0.7802,126,-0.9762
ENSG00000105088,OLFM2,81,0.83691,56,-0.3645,39,-0.9770
ENSG00000080573,COL5A3,42,0.27806,47,0.25251,29,-0.5756
ENSG00000130813,SHFL,39,-0.5143,114,1.62249,27,-0.7971
ENSG00000130811,EIF3G,68,-0.9007,119,0.55134,133,0.83584
ENSG00000130816,DNMT1,26,-0.1707,32,0.25754,28,0.07843
ENSG00000105364,MRPL4,55,-0.0455,69,0.34260,51,-0.1537
ENSG00000105376,ICAM5,95,3.99732,10,-2.8879,3,-4.5169
ENSG00000267673,FDX2,74,1.29843,34,-0.8960,27,-1.3284
ENSG00000161847,RAVER1,17,-1.0608,39,0.92586,34,0.80213
ENSG00000105397,TYK2,15,-0.8952,34,0.96300,26,0.56766
ENSG00000105401,CDC37,134,0.10009,189,0.58480,93,-0.5884
ENSG00000065989,PDE4A,71,1.53118,52,-0.1706,10,-2.6917
ENSG00000079999,KEAP1,49,-0.8842,79,0.43894,96,0.87577
ENSG00000180739,S1PR5,5,-3.9049,0,-7.5225,130,4.65373
ENSG00000130734,ATG4D,24,0.13794,27,0.21493,19,-0.3304
ENSG00000129355,CDKN2D,161,1.94291,7,-4.2073,59,-1.2867
ENSG00000129353,SLC44A2,69,-1.6864,255,1.40561,205,1.19658
ENSG00000267100,ILF3-DT,22,-1.0691,46,0.77035,46,0.91048
ENSG00000129351,ILF3,82,-0.7028,127,0.44625,137,0.65427
ENSG00000213339,QTRT1,37,0.16621,25,-0.5695,37,0.05307
ENSG00000079805,DNM2,42,-2.5054,223,1.42463,247,1.98974
ENSG00000099203,TMED1,18,-0.8096,28,0.39244,33,0.81152
ENSG00000142453,CARM1,65,0.59873,78,0.44257,25,-1.3766
ENSG00000130733,YIPF2,19,-0.6189,36,0.77465,27,0.33854
ENSG00000127616,SMARCA4,62,0.08864,53,-0.2306,61,0.00351
ENSG00000105514,RAB3D,17,0.26623,32,1.12450,5,-1.8334
ENSG00000105518,TMEM205,82,-0.3819,85,-0.0747,118,0.51913
ENSG00000105520,PLPPR2,137,1.14277,110,-0.0951,38,-1.8105
ENSG00000130175,PRKCSH,94,-1.6997,172,0.19659,373,1.85916
ENSG00000196361,ELAVL3,199,0.16812,34,-2.6025,249,0.45937
ENSG00000161914,ZNF653,18,0.92656,8,-0.9061,10,-0.7866
ENSG00000130159,ECSIT,53,0.82268,30,-0.6775,29,-0.7587
ENSG00000130165,ELOF1,61,0.02379,81,0.46102,50,-0.3499
ENSG00000173875,ZNF791,19,-0.1643,26,0.44568,19,-0.0568
ENSG00000105583,WDR83OS,119,-0.9507,193,0.41599,248,0.96472
ENSG00000095059,DHPS,53,-0.2485,45,-0.3346,72,0.46490
ENSG00000105576,TNPO2,95,0.11402,97,0.06919,83,-0.1969
ENSG00000123144,TRIR,130,-0.8711,226,0.55476,245,0.79862
ENSG00000198356,GET3,80,0.10242,86,0.13663,69,-0.2242
ENSG00000171223,JUNB,112,-2.1077,1009,2.89820,225,0.08440
ENSG00000167815,PRDX2,382,0.61409,293,-0.2575,227,-0.7100
ENSG00000132026,RTBDN,27,7.82722,0,-7.0504,0,-7.9551
ENSG00000105613,MAST1,98,2.49662,26,-1.6275,13,-2.7983
ENSG00000105612,DNASE2,15,-2.1486,168,3.32635,20,-0.6547
ENSG00000105607,GCDH,14,-0.2525,16,0.14612,17,0.25111
ENSG00000179115,FARSA,75,0.29700,88,0.33403,48,-0.6786
ENSG00000179218,CALR,151,-0.7658,333,1.01551,219,0.35397
ENSG00000179262,RAD23A,154,0.38883,99,-0.5822,127,-0.2220
ENSG00000179271,GADD45GIP1,183,0.33950,166,-0.0581,134,-0.4372
ENSG00000008441,NFIX,126,-0.6028,145,0.02218,214,0.73994
ENSG00000104907,TRMT1,21,-1.0761,79,1.78413,28,0.03405
ENSG00000160877,NACC1,64,0.47512,47,-0.3688,46,-0.4419
ENSG00000104915,STX10,25,-0.9616,55,0.90656,46,0.69232
ENSG00000160888,IER2,26,-1.6176,200,2.95357,22,-1.0237
ENSG00000141837,CACNA1A,95,2.41509,48,-0.6529,2,-5.2275
ENSG00000104957,CCDC130,19,-0.7986,21,-0.1289,39,1.02232
ENSG00000104979,C19orf53,154,-0.1321,123,-0.3949,192,0.34896
ENSG00000187556,NANOS3,23,2.20840,0,-6.9302,7,-1.4706
ENSG00000132024,CC2D1A,44,0.82250,30,-0.4005,22,-0.9288
ENSG00000141854,MISP3,23,-0.3177,13,-0.9096,36,0.72012
ENSG00000141858,SAMD1,60,-0.0959,52,-0.2498,70,0.24573
ENSG00000072062,PRKACA,117,0.49937,115,0.09995,67,-0.8046
ENSG00000072071,ADGRL1,160,1.26815,70,-0.9986,64,-1.2205
ENSG00000123136,DDX39A,14,-1.3362,56,1.73741,26,0.47744
ENSG00000123143,PKN1,37,-1.7373,166,1.73540,102,0.98730
ENSG00000123159,GIPC1,70,-0.7556,72,-0.2250,141,1.00795
ENSG00000132002,DNAJB1,138,-0.3366,176,0.27481,174,0.28818
ENSG00000099797,TECR,202,-0.7000,193,-0.3129,395,0.97543
ENSG00000099795,NDUFB7,255,-0.1411,257,-0.0280,293,0.19900
ENSG00000105135,ILVBL,35,-0.9048,53,0.32162,71,0.95721
ENSG00000074181,NOTCH3,19,-2.6609,346,4.30210,10,-2.4222
ENSG00000141867,BRD4,53,0.11639,80,0.70518,33,-0.7482
ENSG00000105127,AKAP8,18,-0.3665,39,1.16384,15,-0.4148
ENSG00000011243,AKAP8L,75,-0.0322,87,0.21527,72,-0.0855
ENSG00000011451,WIZ,38,-0.3039,42,0.06241,49,0.35988
ENSG00000167460,TPM4,71,-1.2396,208,1.26156,148,0.78043
ENSG00000167461,RAB8A,22,-1.2001,90,1.86921,33,0.12667
ENSG00000105058,FAM32A,55,0.31899,55,0.08443,39,-0.5065
ENSG00000072958,AP1M1,109,0.44243,100,-0.0130,70,-0.6228
ENSG00000127528,KLF2,19,-2.0204,186,3.18165,24,-0.6022
ENSG00000127527,EPS15L1,20,-0.2219,34,0.78240,18,-0.2490
ENSG00000085872,CHERP,53,0.86299,21,-1.1860,33,-0.5875
ENSG00000127526,SLC35E1,38,0.38446,63,0.93290,12,-1.7281
ENSG00000214046,SMIM7,43,-0.5982,60,0.33131,68,0.58774
ENSG00000072954,TMEM38A,60,1.85457,32,-0.6372,8,-2.6788
ENSG00000127511,SIN3B,121,1.45515,62,-0.7283,34,-1.7151
ENSG00000099331,MYO9B,19,-2.8729,174,2.14515,121,1.74239
ENSG00000053501,USE1,36,-0.3290,16,-1.3163,59,0.81888
ENSG00000099330,OCEL1,16,-0.1130,13,-0.2855,19,0.28197
ENSG00000160113,NR2F6,52,1.17643,10,-2.2529,29,-0.6806
ENSG00000105393,BABAM1,123,1.03153,57,-0.9604,62,-0.9042
ENSG00000127220,ABHD8,127,1.67514,79,-0.4140,20,-2.6034
ENSG00000130312,MRPL34,78,0.18070,76,0.00949,65,-0.2532
ENSG00000130311,DDA1,85,0.39377,86,0.12463,54,-0.6540
ENSG00000074855,ANO8,33,-0.0739,51,0.67484,27,-0.3859
ENSG00000130303,BST2,19,-2.9678,384,4.06569,36,-0.7087
ENSG00000141971,MVB12A,10,-1.6453,26,0.86391,33,1.49941
ENSG00000130304,SLC27A1,34,-1.4019,75,0.66606,100,1.34480
ENSG00000130313,PGLS,31,-1.4189,107,1.44506,72,0.85470
ENSG00000130309,COLGALT1,13,-2.4185,164,3.29236,28,-0.0940
ENSG00000130477,UNC13A,148,3.86730,12,-3.2667,9,-3.8899
ENSG00000130479,MAP1S,102,1.18456,70,-0.3143,32,-1.6254
ENSG00000130475,FCHO1,20,-1.3827,12,-1.4010,75,1.92657
ENSG00000105640,RPL18A,450,-1.1356,1186,1.13881,892,0.74435
ENSG00000007080,CCDC124,71,-0.0774,67,-0.1308,80,0.16831
ENSG00000105642,KCNN1,69,1.39618,23,-1.4010,27,-1.1995
ENSG00000105643,ARRDC2,35,-2.4694,183,1.42848,200,1.95550
ENSG00000099308,MAST3,455,1.37691,182,-1.1282,171,-1.3067
ENSG00000105647,PIK3R2,102,1.08676,53,-0.7622,45,-1.0922
ENSG00000105649,RAB3A,429,2.86881,128,-1.4371,23,-4.0524
ENSG00000130522,JUND,505,-0.4475,531,-0.0693,767,0.59532
ENSG00000130520,LSM4,148,0.67905,104,-0.3768,86,-0.7283
ENSG00000130511,SSBP4,150,1.33794,110,-0.2049,34,-2.0979
ENSG00000105701,FKBP8,493,0.18838,456,-0.0699,421,-0.2156
ENSG00000105700,KXD1,59,-0.4794,51,-0.3782,98,0.74881
ENSG00000221983,UBA52,437,-0.8036,951,0.97609,668,0.43670
ENSG00000006016,CRLF1,29,0.96042,45,0.91614,0,-6.2929
ENSG00000006015,REX1BD,172,0.65874,89,-0.8486,119,-0.4569
ENSG00000105696,TMEM59L,668,2.19413,238,-1.2209,100,-2.6322
ENSG00000167487,KLHL26,32,-0.0743,45,0.50531,29,-0.2357
ENSG00000105662,CRTC1,82,0.55159,91,0.30820,38,-1.1064
ENSG00000005007,UPF1,56,-0.5146,72,0.23524,83,0.53483
ENSG00000223802,CERS1,57,-1.1957,108,0.55151,142,1.17585
ENSG00000105669,COPE,136,-0.8469,227,0.50613,255,0.79620
ENSG00000105671,DDX49,36,-0.2541,23,-0.7291,52,0.60134
ENSG00000051128,HOMER3,11,-2.3746,49,1.22321,61,2.00316
ENSG00000064607,SUGP2,117,0.65848,85,-0.3383,68,-0.7227
ENSG00000105676,ARMC6,27,0.20258,25,-0.0735,23,-0.2331
ENSG00000181035,SLC25A42,17,0.65238,14,-0.1384,9,-0.8560
ENSG00000254901,BORCS8,61,1.01115,34,-0.6622,28,-1.0416
ENSG00000064490,RFXANK,22,-1.2270,45,0.62785,56,1.17178
ENSG00000130287,NCAN,80,0.02834,75,-0.1104,81,0.02172
ENSG00000187664,HAPLN4,87,4.35491,11,-2.6035,0,-6.9375
ENSG00000105705,SUGP1,19,-0.3213,21,0.00062,26,0.41130
ENSG00000129933,MAU2,27,-1.1380,30,-0.2965,75,1.44437
ENSG00000167491,GATAD2A,15,-0.4346,32,1.04436,15,-0.1653
ENSG00000186010,NDUFA13,450,0.06843,358,-0.3424,466,0.08096
ENSG00000250067,YJEFN3,100,2.15312,44,-0.9105,11,-2.9881
ENSG00000105726,ATP13A1,39,-0.0900,61,0.68122,32,-0.3657
ENSG00000081665,ZNF506,22,-0.3956,26,0.17021,30,0.42026
ENSG00000167232,ZNF91,21,0.32724,25,0.35872,13,-0.7535
ENSG00000261824,LINC00662,30,0.56153,27,-0.0221,17,-0.8032
ENSG00000169021,UQCRFS1,128,0.67393,47,-1.3514,96,-0.3033
ENSG00000187135,VSTM2B,62,-0.0740,10,-2.7017,93,0.71946
ENSG00000105171,POP4,18,-0.1944,8,-1.2898,28,0.66815
ENSG00000131943,C19orf12,60,0.99115,41,-0.3618,24,-1.2304
ENSG00000105176,URI1,32,-0.7398,22,-0.8408,70,1.16259
ENSG00000198597,ZNF536,12,-3.0748,6,-2.7047,160,3.71279
ENSG00000121297,TSHZ3,30,2.21103,0,-7.3158,9,-1.4692
ENSG00000168813,ZNF507,12,-0.6462,3,-2.3997,28,1.28469
ENSG00000178904,DPY19L3,26,-0.7327,68,1.28810,32,0.05587
ENSG00000105185,PDCD5,118,0.35482,56,-1.0462,110,-0.0122
ENSG00000105186,ANKRD27,20,0.49782,19,0.06635,11,-0.7733
ENSG00000130881,LRP3,56,-0.0060,91,0.78696,39,-0.6190
ENSG00000245848,CEBPA,12,-3.5485,391,4.82225,20,-1.4429
ENSG00000153879,CEBPG,26,0.89657,25,0.12601,8,-1.5780
ENSG00000124299,PEPD,52,-0.7617,78,0.37038,94,0.76570
ENSG00000153885,KCTD15,18,-0.5467,16,-0.3463,32,0.81449
ENSG00000257103,LSM14A,54,-0.4841,48,-0.3421,90,0.74191
ENSG00000166398,KIAA0355,11,-1.6717,24,0.49599,41,1.70879
ENSG00000105220,GPI,527,1.39592,326,-0.4591,137,-1.8805
ENSG00000126261,UBA2,82,0.22503,91,0.23413,59,-0.4771
ENSG00000089335,ZNF302,33,-0.5351,25,-0.6143,60,0.88349
ENSG00000089351,GRAMD1A,45,-0.2204,102,1.26882,28,-0.8479
ENSG00000105711,SCN1B,187,2.40941,53,-1.5237,25,-2.7339
ENSG00000153902,LGI4,84,-0.3963,141,0.69586,96,0.08786
ENSG00000266964,FXYD1,244,-0.2390,300,0.25717,281,0.17028
ENSG00000221946,FXYD7,382,1.89175,37,-3.1567,136,-1.3401
ENSG00000105698,USF2,148,-0.6859,319,1.00703,199,0.24920
ENSG00000105695,MAG,94,-3.7589,135,-1.7112,1842,4.22286
ENSG00000105677,TMEM147,55,-0.4246,69,0.20869,77,0.43665
ENSG00000126254,RBM42,55,-1.0950,107,0.63524,124,1.01789
ENSG00000126267,COX6B1,379,0.36161,216,-0.7718,334,-0.1115
ENSG00000272333,KMT2B,19,0.27856,14,-0.3989,16,-0.1625
ENSG00000205155,PSENEN,40,-1.0104,37,-0.5343,105,1.37574
ENSG00000267796,LIN37,16,-0.3568,20,0.18058,22,0.36599
ENSG00000004777,ARHGAP33,39,0.53628,6,-2.4866,37,0.05845
ENSG00000105290,APLP1,784,-1.2356,338,-1.7597,2601,1.82355
ENSG00000011600,TYROBP,4,-5.6071,557,6.30588,18,-1.7909
ENSG00000126243,LRFN3,27,0.45570,42,0.85061,8,-1.7507
ENSG00000205138,SDHAF1,13,-1.2790,8,-1.1964,45,1.79056
ENSG00000239382,ALKBH6,31,0.99417,3,-3.0580,22,-0.3717
ENSG00000105270,CLIP3,493,1.26631,289,-0.5622,163,-1.5302
ENSG00000105258,POLR2I,166,-0.7890,97,-1.0976,381,1.26763
ENSG00000105254,TBCB,239,-0.6536,131,-1.1518,499,1.13500
ENSG00000126247,CAPNS1,314,0.21680,312,0.04686,250,-0.3288
ENSG00000161281,COX7A1,112,0.60237,130,0.40350,45,-1.3291
ENSG00000167635,ZNF146,27,-0.9233,35,0.07596,59,1.08414
ENSG00000232677,LINC00665,16,0.16372,9,-0.7407,16,0.11837
ENSG00000142065,ZFP14,16,-0.1442,9,-0.9530,22,0.53749
ENSG00000186020,ZNF529,40,0.75268,14,-1.4283,28,-0.3757
ENSG00000181666,ZNF875,16,0.31794,0,-6.7004,20,0.42913
ENSG00000171817,ZNF540,19,1.94956,0,-6.6719,7,-1.2122
ENSG00000105738,SIPA1L3,20,-0.0398,20,-0.0067,21,0.05646
ENSG00000011332,DPF1,71,4.44167,3,-4.2135,3,-4.2426
ENSG00000167642,SPINT2,208,2.03819,81,-1.0872,35,-2.4641
ENSG00000167641,PPP1R14A,153,-3.2186,183,-1.5365,2051,3.70910
ENSG00000167645,YIF1B,46,-0.4679,23,-1.2093,84,0.94813
ENSG00000099341,PSMD8,122,0.03898,131,0.11709,113,-0.1221
ENSG00000130244,FAM98C,27,-0.1693,10,-1.6047,41,0.69657
ENSG00000196218,RYR1,19,-0.6977,52,1.37144,22,-0.0906
ENSG00000178982,EIF3K,122,-0.1490,145,0.22588,130,0.06852
ENSG00000130402,ACTN4,108,-0.8418,231,0.91867,176,0.53037
ENSG00000104823,ECH1,93,-0.4909,108,0.06736,142,0.58710
ENSG00000104824,HNRNPL,65,-0.0676,102,0.71851,51,-0.4390
ENSG00000068903,SIRT2,160,-1.9323,254,-0.1719,793,2.21125
ENSG00000104825,NFKBIB,14,-1.0805,8,-1.3053,42,1.60538
ENSG00000104835,SARS2,19,0.36030,14,-0.4345,16,-0.2527
ENSG00000128626,MRPS12,33,0.00537,43,0.40877,28,-0.2790
ENSG00000161243,FBXO27,21,0.30003,9,-1.1851,21,0.09062
ENSG00000128011,LRFN1,23,1.59057,17,-0.1211,2,-3.0277
ENSG00000179134,SAMD4B,65,-0.9736,99,0.28849,143,1.05091
ENSG00000006712,PAF1,33,-0.7573,42,0.09214,63,0.88966
ENSG00000063322,MED29,88,-0.0323,58,-0.6535,106,0.32223
ENSG00000128016,ZFP36,31,-3.0733,718,4.44469,38,-1.4732
ENSG00000105193,RPS16,355,-1.2149,1079,1.34835,698,0.67914
ENSG00000196235,SUPT5H,79,0.03878,93,0.27702,68,-0.2293
ENSG00000105197,TIMM50,59,1.00398,31,-0.7578,28,-0.9730
ENSG00000176396,EID2,53,1.52059,3,-4.0093,26,-0.8548
ENSG00000105204,DYRK1B,31,1.28991,0,-6.5441,19,-0.5484
ENSG00000105202,FBL,39,-1.0124,84,0.83233,78,0.80404
ENSG00000013275,PSMC4,57,-0.3242,70,0.20093,73,0.31351
ENSG00000130758,MAP3K10,63,1.17229,28,-0.9817,27,-1.0910
ENSG00000174521,TTC9B,247,2.51159,51,-1.9993,39,-2.5198
ENSG00000105221,AKT2,35,-0.7206,76,0.99517,49,0.30792
ENSG00000105223,PLD3,694,1.30610,523,-0.1669,159,-2.0811
ENSG00000090013,BLVRB,42,-0.2460,51,0.21824,50,0.20230
ENSG00000160460,SPTBN4,97,2.25709,39,-1.0401,11,-3.0365
ENSG00000090006,LTBP4,25,-0.0583,65,1.59560,6,-2.1168
ENSG00000105245,NUMBL,90,1.65838,55,-0.4405,15,-2.5096
ENSG00000123815,COQ8B,13,-1.2095,44,1.49614,24,0.54178
ENSG00000077312,SNRPA,30,-0.5165,42,0.35651,43,0.47232
ENSG00000167578,RAB4B,67,-0.5928,29,-1.4839,137,1.12697
ENSG00000269858,EGLN2,76,0.00915,101,0.45806,63,-0.3247
ENSG00000167601,AXL,37,-1.3980,228,2.65920,32,-0.8476
ENSG00000105323,HNRNPUL1,62,-1.0420,140,0.90259,123,0.79457
ENSG00000077348,EXOSC5,29,0.24743,15,-0.8953,29,0.06901
ENSG00000248098,BCKDHA,45,-0.3016,67,0.55286,49,0.06072
ENSG00000105341,DMAC2,40,0.78524,18,-0.9827,25,-0.5656
ENSG00000105372,RPS19,610,-1.2564,2054,1.51034,1161,0.59138
ENSG00000076928,ARHGEF1,8,-2.8307,64,1.92537,53,1.89261
ENSG00000105404,RABAC1,230,-0.3977,297,0.27739,306,0.36556
ENSG00000105409,ATP1A3,458,2.57477,187,-0.9861,21,-4.2993
ENSG00000105737,GRIK5,68,1.55464,44,-0.3584,12,-2.3835
ENSG00000160570,DEDD2,32,0.16055,31,0.00286,27,-0.2208
ENSG00000105723,GSK3A,121,0.75187,47,-1.2724,84,-0.4206
ENSG00000105722,ERF,18,-1.8921,72,1.37635,65,1.43801
ENSG00000079432,CIC,57,-0.5454,76,0.26999,86,0.55486
ENSG00000079462,PAFAH1B3,40,0.20542,33,-0.2298,36,-0.1501
ENSG00000167619,TMEM145,21,1.43101,0,-6.8536,11,-0.6877
ENSG00000105429,MEGF8,62,0.91854,33,-0.7692,32,-0.8444
ENSG00000079435,LIPE,12,-3.0773,0,-8.0014,162,3.82912
ENSG00000105755,ETHE1,16,-0.3442,27,0.64977,18,0.04875
ENSG00000073050,XRCC1,20,-0.5568,44,1.05105,23,0.01992
ENSG00000167378,IRGQ,51,0.88425,45,0.03073,18,-1.4303
ENSG00000124444,ZNF576,18,0.58605,3,-2.4871,16,0.00521
ENSG00000131116,ZNF428,73,-0.4732,54,-0.6255,125,0.81798
ENSG00000105767,CADM4,114,-0.8061,71,-1.0237,264,1.27141
ENSG00000105771,SMG9,30,-0.5525,32,-0.0597,49,0.71506
ENSG00000073008,PVR,17,0.41965,24,0.71556,6,-1.3950
ENSG00000130202,NECTIN2,12,-1.9639,131,3.43248,9,-1.4579
ENSG00000130204,TOMM40,64,0.30446,62,0.03202,47,-0.4470
ENSG00000130203,APOE,1132,-1.1923,3888,1.58851,1936,0.42899
ENSG00000130208,APOC1,32,-3.9805,1519,5.68090,16,-3.5502
ENSG00000234906,APOC2,6,-5.7268,1025,6.33725,35,-1.7461
ENSG00000104853,CLPTM1,163,0.16346,183,0.22706,127,-0.3776
ENSG00000104859,CLASRP,23,-1.3580,52,0.75308,62,1.25073
ENSG00000007047,MARK4,64,0.61827,67,0.24224,28,-1.1581
ENSG00000104866,PPP1R37,41,0.43764,32,-0.2567,29,-0.4537
ENSG00000007255,TRAPPC6A,23,-1.3571,55,0.83477,62,1.20408
ENSG00000104884,ERCC2,22,0.33171,30,0.54522,12,-0.9646
ENSG00000012061,ERCC1,48,-0.3906,58,0.18831,65,0.40459
ENSG00000125744,RTN2,55,1.67443,34,-0.4147,8,-2.6002
ENSG00000125746,EML2,23,-1.8824,30,-0.4172,113,2.23121
ENSG00000125743,SNRPD2,178,-0.1921,182,-0.0233,214,0.26150
ENSG00000185800,DMWD,70,1.05779,32,-0.9468,34,-0.9475
ENSG00000125755,SYMPK,51,-0.4808,80,0.55635,67,0.30449
ENSG00000170604,IRF2BP1,23,0.78121,13,-0.6435,13,-0.7188
ENSG00000176182,MYPOP,40,2.46558,7,-2.2744,7,-2.2948
ENSG00000104967,NOVA2,67,1.19648,44,-0.4074,22,-1.5506
ENSG00000124440,HIF3A,18,-1.3486,69,1.65688,36,0.57538
ENSG00000011485,PPP5C,86,0.55693,95,0.29696,40,-1.1037
ENSG00000277531,PNMA8C,66,2.57190,14,-1.9152,9,-2.6806
ENSG00000182013,PNMA8A,202,2.69807,8,-4.3490,42,-2.0857
ENSG00000204851,PNMA8B,216,2.22380,84,-1.0742,27,-2.8968
ENSG00000160014,CALM3,1180,1.73242,342,-1.5699,361,-1.5881
ENSG00000197380,DACT3,73,-0.7640,88,0.03006,142,0.92283
ENSG00000090372,STRN4,57,-0.2566,90,0.66415,57,-0.0910
ENSG00000181027,FKRP,18,0.81526,3,-2.5175,14,-0.2384
ENSG00000042753,AP2S1,217,0.68670,128,-0.6536,138,-0.5829
ENSG00000160007,ARHGAP35,143,0.67678,137,0.11002,65,-1.1227
ENSG00000130748,TMEM160,304,1.14931,120,-1.1781,145,-0.9635
ENSG00000130749,ZC3H4,21,-0.2674,28,0.37370,24,0.13629
ENSG00000142230,SAE1,69,0.63646,29,-1.1492,52,-0.3189
ENSG00000257704,INAFM1,53,1.12318,41,-0.1502,16,-1.6954
ENSG00000105419,MEIS3,120,2.32020,40,-1.2826,15,-2.8270
ENSG00000118160,SLC8A2,189,2.82598,60,-1.3379,9,-4.1722
ENSG00000105402,NAPA,299,1.32172,112,-1.2325,123,-1.1744
ENSG00000024422,EHD2,21,-1.5591,155,2.95283,15,-1.1933
ENSG00000105373,NOP53,59,-1.7425,260,1.68788,167,1.03472
ENSG00000178980,SELENOW,947,-0.3503,476,-1.1699,1573,0.81371
ENSG00000105499,PLA2G4C,17,-1.5983,49,0.95159,56,1.40003
ENSG00000142227,EMP3,11,-2.6279,175,3.67148,21,-0.4689
ENSG00000105438,KDELR1,37,-0.8074,84,1.04751,55,0.38518
ENSG00000105447,GRWD1,15,-0.5894,34,1.18126,16,-0.0585
ENSG00000105443,CYTH2,56,0.52413,45,-0.1994,35,-0.6148
ENSG00000142235,LMTK3,91,1.86465,47,-0.6679,13,-2.6520
ENSG00000063177,RPL18,620,-1.0908,1866,1.40108,1050,0.46817
ENSG00000063176,SPHK2,22,-0.8036,32,0.29168,42,0.85389
ENSG00000105516,DBP,72,1.14439,43,-0.5519,27,-1.3305
ENSG00000063180,CA11,265,1.15812,96,-1.3055,129,-0.9219
ENSG00000105552,BCAT2,18,-0.2400,17,-0.2174,24,0.40833
ENSG00000087076,HSD17B14,18,-0.4077,38,1.13046,16,-0.3034
ENSG00000087074,PPP1R15A,29,-0.1263,57,1.05258,20,-0.7231
ENSG00000104805,NUCB1,133,-0.1668,194,0.55847,127,-0.1392
ENSG00000087086,FTL,1571,-1.5568,7129,1.88382,3371,0.62302
ENSG00000183207,RUVBL2,62,0.26711,47,-0.3706,54,-0.1611
ENSG00000104852,SNRNP70,97,-0.7664,148,0.40125,173,0.75539
ENSG00000104863,LIN7B,57,1.24307,6,-3.0302,33,-0.6418
ENSG00000177380,PPFIA3,110,1.66015,78,-0.2115,13,-3.0252
ENSG00000104888,SLC17A7,1165,2.76713,340,-1.4788,86,-3.6348
ENSG00000104872,PIH1D1,36,-0.4312,85,1.27911,30,-0.4424
ENSG00000142541,RPL13A,573,-1.2442,1728,1.31868,1172,0.74087
ENSG00000142534,RPS11,465,-0.9114,1146,1.13827,741,0.45271
ENSG00000104870,FCGRT,16,-2.8340,268,3.58326,44,0.00807
ENSG00000142546,NOSIP,40,-0.8044,77,0.74797,68,0.59989
ENSG00000126464,PRR12,21,-0.6523,46,1.03844,27,0.17376
ENSG00000126458,RRAS,13,-1.7681,93,2.57125,23,0.06024
ENSG00000126461,SCAF1,78,0.25280,36,-1.0877,79,0.11934
ENSG00000126456,IRF3,20,-0.9070,53,1.28763,29,0.31557
ENSG00000126457,PRMT1,85,-0.6359,127,0.41429,135,0.58948
ENSG00000169169,CPT1C,57,1.00434,25,-1.0087,29,-0.8441
ENSG00000196961,AP2A1,154,0.95941,108,-0.3336,64,-1.2007
ENSG00000010361,FUZ,13,-1.6584,20,-0.1039,54,1.92084
ENSG00000104973,MED25,37,-0.1834,53,0.50454,37,-0.0728
ENSG00000104960,PTOV1,190,-0.0179,104,-0.9365,236,0.39018
ENSG00000204673,AKT1S1,47,-0.1221,47,-0.0369,54,0.17920
ENSG00000104946,TBC1D17,65,-0.3507,67,-0.0836,92,0.48527
ENSG00000213024,NUP62,25,-0.4159,33,0.31788,33,0.36603
ENSG00000105053,VRK3,20,0.11340,18,-0.1697,19,-0.0593
ENSG00000105357,MYH14,17,-1.7137,45,0.78736,63,1.61127
ENSG00000131398,KCNC3,19,1.49123,21,0.40211,0,-7.8369
ENSG00000131408,NR1H2,74,-0.3269,113,0.55913,84,0.09193
ENSG00000161671,EMC10,85,-1.2589,155,0.45767,227,1.29098
ENSG00000161677,JOSD2,46,-1.5105,77,0.15340,160,1.68330
ENSG00000204653,ASPDH,57,1.54432,10,-2.3232,24,-1.0932
ENSG00000131409,LRRC4B,121,0.03684,61,-1.0336,146,0.35334
ENSG00000105472,CLEC11A,21,-0.7505,51,1.15108,29,0.21561
ENSG00000167755,KLK6,11,-4.4093,29,-1.4346,349,4.70463
ENSG00000142549,IGLON5,18,1.54155,13,-0.1377,2,-2.8060
ENSG00000105379,ETFB,91,-0.8744,70,-0.7096,215,1.27546
ENSG00000105568,PPP2R1A,677,1.29870,379,-0.6291,223,-1.5280
ENSG00000167766,ZNF83,17,-0.9974,28,0.36510,39,1.04271
ENSG00000130844,ZNF331,22,-1.6636,185,3.20186,12,-1.7060
ENSG00000179820,MYADM,20,-0.6014,47,1.15045,23,-0.0081
ENSG00000126583,PRKCG,144,2.27738,59,-0.9804,14,-3.2032
ENSG00000105605,CACNG7,19,1.21235,0,-6.0209,12,-0.4760
ENSG00000142408,CACNG8,70,2.28405,34,-0.7403,4,-3.8659
ENSG00000170906,NDUFA3,468,0.44346,298,-0.5899,368,-0.2893
ENSG00000105619,TFPT,55,0.17225,33,-0.7364,56,0.10665
ENSG00000105618,PRPF31,52,-0.4674,94,0.78039,62,0.12324
ENSG00000088038,CNOT3,31,0.31266,20,-0.5860,27,-0.1232
ENSG00000125505,MBOAT7,195,1.28775,108,-0.6484,65,-1.4929
ENSG00000170892,TSEN34,23,-0.8461,57,1.17525,34,0.33093
ENSG00000170889,RPS9,357,-1.5371,1224,1.36928,941,1.05476
ENSG00000167614,TTYH1,436,-0.4580,356,-0.4682,721,0.75386
ENSG00000167615,LENG8,28,-1.0356,113,1.99250,29,-0.3328
ENSG00000125503,PPP1R12C,60,-0.0763,86,0.55197,52,-0.2713
ENSG00000105048,TNNT1,17,3.41243,4,-1.5607,0,-7.4882
ENSG00000129990,SYT5,162,2.32215,80,-0.7070,8,-4.1890
ENSG00000105063,PPP6R1,55,-0.0027,91,0.81360,37,-0.6557
ENSG00000133265,HSPBP1,96,0.69727,72,-0.2725,52,-0.8261
ENSG00000160469,BRSK1,133,0.45215,61,-1.0680,115,-0.1216
ENSG00000108107,RPL28,928,-1.3008,2748,1.25159,2057,0.86343
ENSG00000108106,UBE2S,54,-0.4986,85,0.55659,72,0.32805
ENSG00000187902,SHISA7,38,0.56564,18,-0.9580,29,-0.2967
ENSG00000063241,ISOC2,45,-0.4245,46,-0.1352,69,0.59531
ENSG00000090971,NAT14,89,1.19360,48,-0.6857,34,-1.3085
ENSG00000218891,ZNF579,20,-0.2813,29,0.48701,22,0.07934
ENSG00000171443,ZNF524,10,-2.4759,76,2.14309,46,1.39961
ENSG00000213015,ZNF580,52,-0.4988,63,0.12363,80,0.57041
ENSG00000173581,CCDC106,70,0.58284,48,-0.4471,46,-0.5485
ENSG00000063244,U2AF2,44,-0.0078,30,-0.6017,52,0.27565
ENSG00000063245,EPN1,192,0.66354,142,-0.3027,110,-0.7538
ENSG00000142409,ZNF787,15,-0.7875,22,0.33540,28,0.81388
ENSG00000167685,ZNF444,29,-0.5764,43,0.44710,43,0.49635
ENSG00000198046,ZNF667,26,0.80846,16,-0.5643,14,-0.8024
ENSG00000166770,ZNF667-AS1,52,-0.0354,14,-1.9612,74,0.60478
ENSG00000196867,ZFP28,24,1.38943,0,-4.9494,13,-0.6775
ENSG00000198300,PEG3,277,2.30379,23,-3.3491,72,-1.7775
ENSG00000083844,ZNF264,18,-0.2276,20,0.09162,22,0.24822
ENSG00000268205,AC005261.1,41,-0.6043,63,0.46015,63,0.52411
ENSG00000121413,ZSCAN18,114,0.06279,91,-0.3330,118,0.08392
ENSG00000142396,ERVK3-1,40,0.07682,42,0.11022,35,-0.1707
ENSG00000283103,AC010642.2,59,0.13445,24,-1.3439,69,0.31637
ENSG00000121410,A1BG,26,-1.2566,23,-0.6402,81,1.65842
ENSG00000083845,RPS5,273,-1.2065,589,0.75422,653,1.07986
ENSG00000083807,SLC27A5,33,-0.2990,57,0.77559,33,-0.1222
ENSG00000119574,ZBTB45,20,0.66821,0,-4.5551,19,0.04677
ENSG00000130726,TRIM28,90,-0.6129,181,0.93581,115,0.20486
ENSG00000130724,CHMP2A,106,-0.4916,111,-0.0884,168,0.65542
ENSG00000130725,UBE2M,182,0.59129,93,-0.8814,134,-0.3574
ENSG00000099326,MZF1,24,-0.0342,16,-0.6554,29,0.32509
ENSG00000247315,ZCCHC3,23,0.35018,24,0.11690,16,-0.5792
ENSG00000125841,NRSN2,189,1.30209,119,-0.4468,55,-1.7088
ENSG00000125826,RBCK1,21,-2.0963,126,1.95712,76,1.18863
ENSG00000125875,TBC1D20,31,-0.4643,17,-1.0439,55,0.91106
ENSG00000101266,CSNK2A1,68,0.17083,62,-0.1132,60,-0.1667
ENSG00000271303,SRXN1,29,1.85650,13,-0.8757,5,-2.3360
ENSG00000125818,PSMF1,76,-0.0926,82,0.10212,80,0.06600
ENSG00000101298,SNPH,114,2.13980,37,-1.3292,19,-2.4096
ENSG00000125775,SDCBP2,26,1.58944,7,-1.6559,9,-1.3526
ENSG00000088832,FKBP1A,192,1.46961,122,-0.4144,43,-2.0943
ENSG00000088833,NSFL1C,73,-0.1275,95,0.38433,72,-0.0656
ENSG00000198053,SIRPA,379,0.79412,354,0.08349,151,-1.3148
ENSG00000125835,SNRPB,58,-0.1377,98,0.79279,48,-0.3968
ENSG00000101361,NOP56,26,-1.0464,56,0.79207,55,0.87022
ENSG00000101365,IDH3B,65,0.42109,28,-1.1729,59,-0.0538
ENSG00000132635,PCED1A,18,-1.4663,48,0.94464,51,1.26084
ENSG00000215305,VPS16,22,-0.5178,64,1.62103,15,-0.7866
ENSG00000132670,PTPRA,197,0.32767,188,0.01480,142,-0.4694
ENSG00000125901,MRPS26,120,0.78834,31,-1.8508,88,-0.3165
ENSG00000185019,UBOX5,14,-0.4277,17,0.14253,20,0.47417
ENSG00000088899,LZTS3,87,1.69561,30,-1.2836,25,-1.6931
ENSG00000198171,DDRGK1,48,-0.3043,23,-1.1801,77,0.76586
ENSG00000125877,ITPA,31,-0.2497,41,0.36200,35,0.11979
ENSG00000088854,C20orf194,40,-1.0888,90,0.86486,85,0.87571
ENSG00000088812,ATRN,76,0.77562,31,-1.1971,51,-0.4743
ENSG00000101220,C20orf27,45,-0.3664,118,1.49918,28,-0.9138
ENSG00000125817,CENPB,55,-1.4816,118,0.57114,174,1.47706
ENSG00000101224,CDC25B,17,-1.3126,43,0.89653,45,1.11764
ENSG00000088888,MAVS,18,-1.0157,56,1.47953,27,0.28606
ENSG00000125779,PANK2,38,0.46773,47,0.47736,17,-1.1484
ENSG00000101236,RNF24,50,2.44110,3,-3.6375,12,-1.8884
ENSG00000088826,SMOX,28,-1.4406,51,0.37113,88,1.52408
ENSG00000171867,PRNP,1011,0.93298,424,-1.1248,582,-0.7001
ENSG00000101265,RASSF2,44,-2.8435,170,0.55616,398,2.76050
ENSG00000089057,SLC23A2,86,0.13367,45,-0.9480,95,0.21867
ENSG00000089063,TMEM230,103,-0.2825,75,-0.5881,151,0.59165
ENSG00000132646,PCNA,29,-1.0545,58,0.68373,63,0.94374
ENSG00000101290,CDS2,106,0.18202,104,0.02206,88,-0.2630
ENSG00000125772,GPCPD1,28,-0.5650,108,2.11843,9,-1.9587
ENSG00000089199,CHGB,104,3.34496,22,-1.9056,4,-4.5193
ENSG00000088766,CRLS1,38,0.16019,26,-0.5406,38,0.04917
ENSG00000125827,TMX4,158,1.29633,60,-1.2177,66,-1.1462
ENSG00000182621,PLCB1,161,3.34720,35,-1.8705,5,-4.6258
ENSG00000125869,LAMP5,27,7.89655,0,-7.0162,0,-8.1178
ENSG00000101349,PAK5,56,3.13010,4,-3.3613,7,-2.7754
ENSG00000132639,SNAP25,2610,4.06432,185,-3.5152,141,-4.0482
ENSG00000125863,MKKS,58,0.93372,15,-1.8474,38,-0.4845
ENSG00000132640,BTBD3,88,-0.0351,9,-3.3027,130,0.71700
ENSG00000089048,ESF1,13,-0.4168,12,-0.1695,19,0.60004
ENSG00000101247,NDUFAF5,22,2.18781,0,-6.8951,7,-1.4502
ENSG00000172264,MACROD2,18,1.03891,18,0.22798,4,-2.0932
ENSG00000125870,SNRPB2,39,-0.4532,58,0.47349,51,0.32131
ENSG00000125851,PCSK2,103,2.88224,19,-2.1165,11,-3.0653
ENSG00000125868,DSTN,299,0.56772,199,-0.4910,203,-0.5037
ENSG00000125844,RRBP1,22,-2.2120,111,1.55624,100,1.62957
ENSG00000089006,SNX5,43,-1.1429,152,1.65359,67,0.29012
ENSG00000149474,KAT14,31,1.17218,1,-4.1403,19,-0.4849
ENSG00000132664,POLR3F,21,0.29826,11,-0.9515,20,0.02612
ENSG00000101310,SEC23B,27,-0.9839,52,0.62346,56,0.89467
ENSG00000232388,SMIM26,62,-0.6086,63,-0.1851,111,0.82838
ENSG00000125821,DTD1,38,0.87107,0,-7.7767,31,-0.1208
ENSG00000132669,RIN2,18,-1.6826,134,2.78837,22,-0.4772
ENSG00000173418,NAA20,69,0.53015,55,-0.2381,45,-0.5984
ENSG00000101343,CRNKL1,17,0.24134,15,-0.1247,14,-0.2567
ENSG00000088970,KIZ,17,-0.5120,1,-3.6835,36,1.21757
ENSG00000088930,XRN2,21,-0.9172,67,1.54277,28,0.06821
ENSG00000125812,GZF1,25,0.15137,13,-0.9780,27,0.20665
ENSG00000125814,NAPB,501,2.96052,79,-2.3837,57,-2.9926
ENSG00000101439,CST3,3690,0.10267,2883,-0.3578,3714,0.04454
ENSG00000101463,SYNDIG1,68,-0.1993,96,0.48644,69,-0.0363
ENSG00000101474,APMAP,133,0.37362,138,0.15607,85,-0.6478
ENSG00000154930,ACSS1,51,-0.7050,46,-0.4251,103,1.01613
ENSG00000197586,ENTPD6,214,1.66827,88,-1.0383,56,-1.8227
ENSG00000100994,PYGB,154,-0.0681,201,0.40108,142,-0.1636
ENSG00000100997,ABHD12,133,-0.0955,154,0.21008,135,0.00541
ENSG00000101294,HM13,59,-0.5891,160,1.45620,54,-0.3858
ENSG00000125968,ID1,62,-2.0797,525,2.79222,130,0.20537
ENSG00000171552,BCL2L1,61,-1.1760,108,0.45080,152,1.20297
ENSG00000088356,PDRG1,19,-0.3189,17,-0.3217,28,0.54319
ENSG00000101337,TM9SF4,37,0.64838,14,-1.3538,29,-0.2722
ENSG00000101350,KIF3B,74,1.09173,61,-0.0401,21,-1.7746
ENSG00000171456,ASXL1,23,-0.8162,49,0.90401,37,0.50751
ENSG00000197183,NOL4L,24,-0.7961,18,-0.7745,55,1.20750
ENSG00000149600,COMMD7,57,0.30670,35,-0.6851,52,-0.0761
ENSG00000101367,MAPRE1,23,-1.6034,53,0.60562,81,1.58821
ENSG00000260257,AL035071.1,17,-0.3920,32,0.93007,17,-0.1201
ENSG00000101391,CDK5RAP1,20,0.42105,3,-2.5988,21,0.19289
ENSG00000101400,SNTA1,182,0.15174,193,0.13516,150,-0.2942
ENSG00000078699,CBFA2T2,26,-0.6314,38,0.36659,42,0.60991
ENSG00000125967,NECAB3,65,1.01047,41,-0.4695,27,-1.1754
ENSG00000101421,CHMP4B,129,0.95040,72,-0.6828,64,-0.9388
ENSG00000125970,RALY,67,-1.0601,124,0.57997,147,1.00725
ENSG00000125977,EIF2S2,53,-0.8193,89,0.52450,97,0.75291
ENSG00000101444,AHCY,41,-0.8786,95,1.05258,65,0.47770
ENSG00000078747,ITCH,20,-0.9491,34,0.48429,41,0.92853
ENSG00000125971,DYNLRB1,286,0.50467,127,-1.1178,239,-0.1693
ENSG00000101460,MAP1LC3A,268,0.77977,113,-1.1371,177,-0.5002
ENSG00000101464,PIGU,22,-1.0118,33,0.27183,50,1.10138
ENSG00000198646,NCOA6,33,-0.2623,32,-0.1153,43,0.39166
ENSG00000078804,TP53INP2,47,-2.7240,67,-0.8912,437,3.13522
ENSG00000131067,GGT7,53,1.45843,29,-0.5987,14,-1.8482
ENSG00000131069,ACSS2,22,-1.4874,32,-0.0706,79,1.73742
ENSG00000100983,GSS,26,-0.0487,40,0.68127,20,-0.4335
ENSG00000100991,TRPC4AP,71,-0.3862,87,0.21227,95,0.38641
ENSG00000126005,MMP24OS,127,0.16217,107,-0.2158,116,-0.0999
ENSG00000125966,MMP24,20,4.63136,0,-6.6267,1,-3.9792
ENSG00000242372,EIF6,49,-0.1174,60,0.29487,49,-0.0187
ENSG00000101019,UQCC1,43,0.61165,9,-2.1927,38,-0.0606
ENSG00000125991,ERGIC3,82,-0.1148,83,-0.0096,92,0.15576
ENSG00000214078,CPNE1,48,-0.1133,79,0.77663,38,-0.4212
ENSG00000244462,RBM12,17,-0.8904,36,0.81804,31,0.66246
ENSG00000244005,NFS1,42,0.63774,10,-1.9573,35,-0.1267
ENSG00000125995,ROMO1,103,-0.5875,117,-0.0143,175,0.73740
ENSG00000131051,RBM39,107,-0.7982,197,0.68753,182,0.63076
ENSG00000025293,PHF20,31,-0.6440,60,0.81404,44,0.34363
ENSG00000171222,SCAND1,107,-0.1481,110,0.00695,122,0.19021
ENSG00000260032,NORAD,729,0.57675,357,-0.9582,555,-0.3104
ENSG00000088367,EPB41L1,168,0.84514,71,-1.1301,104,-0.5852
ENSG00000131043,AAR2,12,-0.9365,23,0.69643,23,0.79577
ENSG00000080845,DLGAP4,103,0.87094,117,0.40863,26,-1.9902
ENSG00000101335,MYL9,16,-3.1732,443,5.01689,2,-4.8179
ENSG00000101084,RAB5IF,50,-0.1339,67,0.42290,49,-0.0840
ENSG00000101079,NDRG3,161,1.27460,58,-1.2905,70,-1.0832
ENSG00000149639,SOGA1,21,-1.7681,51,0.61245,82,1.75314
ENSG00000101347,SAMHD1,21,-1.9558,173,2.79058,38,0.01799
ENSG00000118705,RPN2,59,-0.8421,185,1.61388,66,-0.1416
ENSG00000101363,MANBAL,64,0.09379,53,-0.2481,63,0.00529
ENSG00000166619,BLCAP,256,1.41718,146,-0.5832,70,-1.7855
ENSG00000053438,NNAT,144,2.55264,15,-2.9634,29,-2.1584
ENSG00000132792,CTNNBL1,19,-0.4745,31,0.67289,23,0.21512
ENSG00000132821,VSTM2L,137,3.64812,31,-1.7933,0,-7.7932
ENSG00000101407,TTI1,17,0.26520,7,-1.3049,18,0.16019
ENSG00000101413,RPRD1B,18,-0.4954,36,0.95407,20,0.01666
ENSG00000198959,TGM2,9,-2.9570,210,4.63713,4,-2.7944
ENSG00000149633,KIAA1755,16,-2.2510,35,0.09192,101,2.42818
ENSG00000170471,RALGAPB,37,0.09459,62,0.87672,21,-0.9248
ENSG00000101445,PPP1R16B,95,-0.3378,35,-1.6341,163,0.88056
ENSG00000198900,TOP1,45,0.44259,45,0.13595,27,-0.7424
ENSG00000124181,PLCG1,27,-1.1425,81,1.37895,48,0.55803
ENSG00000174306,ZHX3,43,-0.4628,84,0.93418,47,-0.0146
ENSG00000124177,CHD6,37,-0.2642,51,0.40592,42,0.11086
ENSG00000196090,PTPRT,68,2.26228,24,-1.2315,9,-2.7652
ENSG00000124193,SRSF6,49,-0.7628,118,1.16572,66,0.22021
ENSG00000101052,IFT52,17,-0.5615,17,-0.1858,30,0.77466
ENSG00000132823,OSER1,16,-0.5398,17,-0.1203,27,0.72458
ENSG00000223891,OSER1-DT,19,-0.0583,9,-1.1505,25,0.48888
ENSG00000124194,GDAP1L1,50,2.99051,3,-3.5540,7,-2.5476
ENSG00000124120,TTPAL,24,1.49486,11,-0.8377,7,-1.6898
ENSG00000132824,SERINC3,286,0.45218,218,-0.3060,205,-0.4454
ENSG00000168734,PKIG,85,1.23591,47,-0.6513,30,-1.4035
ENSG00000101098,RIMS4,38,1.26650,37,0.21360,5,-2.7988
ENSG00000166913,YWHAB,563,1.16227,251,-0.9931,251,-1.0707
ENSG00000025772,TOMM34,54,1.32556,46,0.03105,9,-2.5140
ENSG00000101109,STK4,25,-0.4348,68,1.49335,18,-0.7501
ENSG00000124134,KCNS1,43,2.68712,20,-0.7934,0,-8.8687
ENSG00000124145,SDC4,102,-1.3337,251,0.90538,261,1.13623
ENSG00000204070,SYS1,15,-0.9866,29,0.69105,30,0.85921
ENSG00000244274,DBNDD2,211,-3.3924,147,-2.4816,3261,3.99498
ENSG00000124155,PIGT,53,-1.4224,106,0.48864,163,1.45284
ENSG00000101457,DNTTIP1,24,0.01840,31,0.36060,21,-0.2611
ENSG00000124104,SNX21,23,0.80740,12,-0.7709,13,-0.6894
ENSG00000101473,ACOT8,64,0.53987,32,-0.9340,50,-0.2733
ENSG00000064601,CTSA,74,-0.2744,152,1.08967,59,-0.4906
ENSG00000100979,PLTP,52,-1.2488,251,2.19545,62,-0.2538
ENSG00000100982,PCIF1,22,-0.8283,32,0.30234,43,0.87767
ENSG00000198026,ZNF335,19,0.35239,17,-0.1340,14,-0.4071
ENSG00000124140,SLC12A5,235,3.43848,28,-2.7518,18,-3.5354
ENSG00000124160,NCOA5,23,0.34745,21,-0.0906,17,-0.4275
ENSG00000149654,CDH22,38,3.20293,11,-1.4048,0,-6.3385
ENSG00000080189,SLC35C2,33,-0.2102,36,0.08423,39,0.22969
ENSG00000062598,ELMO2,50,-0.4151,24,-1.2397,88,0.89718
ENSG00000101040,ZMYND8,78,0.54927,46,-0.6853,57,-0.3847
ENSG00000196562,SULF2,33,-0.2934,86,1.52128,17,-1.1357
ENSG00000124126,PREX1,58,-2.7372,264,0.94602,451,2.47571
ENSG00000124198,ARFGEF2,42,-0.0117,74,0.89940,27,-0.7439
ENSG00000124207,CSE1L,56,-0.3853,56,-0.1289,82,0.54620
ENSG00000124214,STAU1,78,-0.0871,72,-0.1644,89,0.19642
ENSG00000124228,DDX27,20,-0.5328,47,1.17127,21,-0.1391
ENSG00000124201,ZNFX1,17,-1.1935,70,1.89283,24,0.08641
ENSG00000177410,ZFAS1,70,-1.0679,109,0.29930,165,1.15191
ENSG00000158445,KCNB1,115,4.30809,8,-3.4460,4,-4.5361
ENSG00000158470,B4GALT5,80,1.44829,46,-0.5496,20,-1.8818
ENSG00000158480,SPATA2,54,0.97193,10,-2.3461,36,-0.4345
ENSG00000124226,RNF114,34,-1.1501,78,0.89778,74,0.92804
ENSG00000244687,UBE2V1,88,1.01346,39,-0.9992,45,-0.8609
ENSG00000240849,TMEM189,36,-1.6864,83,0.55978,135,1.69498
ENSG00000172216,CEBPB,74,-0.8514,329,2.28507,38,-1.4363
ENSG00000196396,PTPN1,15,-0.6909,38,1.30162,17,-0.0242
ENSG00000124243,BCAS4,28,2.17228,2,-3.2596,8,-1.6419
ENSG00000101126,ADNP,68,-0.0606,86,0.35894,63,-0.1435
ENSG00000000419,DPM1,36,0.79009,14,-1.2834,24,-0.4639
ENSG00000026559,KCNG1,24,3.87258,4,-2.0175,0,-8.0118
ENSG00000054793,ATP9A,236,0.44977,135,-0.7503,191,-0.2298
ENSG00000064787,BCAS1,80,-2.9474,68,-1.8304,901,3.50230
ENSG00000101132,PFDN4,50,0.53177,19,-1.3222,43,-0.1432
ENSG00000101134,DOK5,19,1.13180,16,-0.0617,5,-1.8335
ENSG00000054803,CBLN4,35,7.37932,0,-7.3968,0,-7.0672
ENSG00000124098,FAM210B,21,-0.7420,33,0.42602,37,0.71296
ENSG00000101138,CSTF1,14,-0.6553,26,0.78439,20,0.38062
ENSG00000022277,RTF2,86,-0.9269,154,0.57237,170,0.85548
ENSG00000101144,BMP7,29,-0.8072,33,-0.0856,60,1.01619
ENSG00000101146,RAE1,21,0.37262,0,-7.0737,25,0.37611
ENSG00000132819,RBM38,14,-1.5588,61,1.69752,34,0.80731
ENSG00000124225,PMEPA1,56,-0.4959,149,1.47733,43,-0.5968
ENSG00000124209,RAB22A,59,-0.1199,67,0.15369,63,0.07253
ENSG00000124164,VAPB,98,0.67146,56,-0.7059,64,-0.5369
ENSG00000124222,STX16,51,-0.6685,41,-0.5736,101,1.01892
ENSG00000215440,NPEPL1,16,-1.1115,34,0.79824,34,0.94390
ENSG00000087460,GNAS,2322,1.36461,1333,-0.5817,686,-1.6888
ENSG00000101158,NELFCD,36,-0.6725,32,-0.4161,71,0.97750
ENSG00000124172,ATP5F1E,589,-0.3036,414,-0.6469,884,0.63363
ENSG00000101166,PRELID3B,22,-1.0143,53,0.99658,42,0.69569
ENSG00000087495,PHACTR3,74,-1.0637,52,-0.9367,208,1.52325
ENSG00000196227,FAM217B,95,1.90178,9,-3.0926,33,-1.3612
ENSG00000179242,CDH4,23,1.11350,11,-0.9179,10,-1.0413
ENSG00000149657,LSM14B,47,1.18545,5,-2.9627,28,-0.5869
ENSG00000101182,PSMA7,110,-0.3618,108,-0.1401,158,0.52268
ENSG00000184402,SS18L1,51,1.21061,4,-3.4433,30,-0.5683
ENSG00000101181,MTG2,17,-0.1712,31,0.89163,13,-0.4441
ENSG00000101180,HRH3,45,2.14225,10,-1.8782,10,-2.0237
ENSG00000130703,OSBPL2,37,-0.4661,47,0.21915,53,0.48295
ENSG00000130706,ADRM1,78,-0.0413,80,0.02344,81,0.04194
ENSG00000130702,LAMA5,13,-0.8631,63,2.37826,5,-1.7136
ENSG00000171858,RPS21,749,-0.2387,659,-0.2767,997,0.43085
ENSG00000101187,SLCO4A1,13,-1.4961,110,3.35541,0,-4.7398
ENSG00000060491,OGFR,50,0.54495,43,-0.0764,29,-0.7341
ENSG00000092758,COL9A3,16,-2.8298,10,-2.1142,171,3.42455
ENSG00000101190,TCFL5,22,-1.4528,22,-0.5949,79,1.84810
ENSG00000101191,DIDO1,20,-0.5455,29,0.36290,30,0.50528
ENSG00000101193,GID8,48,-0.0378,58,0.28622,45,-0.1250
ENSG00000149658,YTHDF1,28,-1.2741,101,1.58848,53,0.54155
ENSG00000101198,NKAIN4,40,-1.1121,80,0.69189,89,1.00634
ENSG00000101199,ARFGAP1,52,-0.0415,52,-0.0325,55,0.07252
ENSG00000101204,CHRNA4,33,1.33759,25,-0.1620,7,-2.1664
ENSG00000075043,KCNQ2,147,2.06363,63,-0.9518,21,-2.6955
ENSG00000101210,EEF1A2,858,2.81421,237,-1.5598,64,-3.6150
ENSG00000125534,PPDPF,167,-1.2609,259,0.18131,472,1.41122
ENSG00000197457,STMN3,535,1.81537,253,-0.8209,101,-2.3161
ENSG00000101246,ARFRP1,44,-0.3868,63,0.44952,55,0.24849
ENSG00000203896,LIME1,15,0.23587,0,-6.4575,20,0.51004
ENSG00000125520,SLC2A4RG,17,-1.4579,52,1.20852,44,1.08055
ENSG00000101150,TPD52L2,64,-0.8209,124,0.76586,108,0.60918
ENSG00000101152,DNAJC5,175,1.03357,107,-0.5251,74,-1.1706
ENSG00000198276,UCKL1,19,-0.9572,41,0.80666,37,0.75294
ENSG00000196700,ZNF512B,23,0.92812,9,-1.2500,14,-0.6468
ENSG00000101161,PRPF6,41,-1.1330,92,0.87287,88,0.92345
ENSG00000203883,SOX18,18,-2.3349,249,3.73869,18,-1.3053
ENSG00000171703,TCEA2,165,0.14040,157,-0.0369,146,-0.1689
ENSG00000125510,OPRL1,25,2.30758,15,-0.4184,0,-8.1129
ENSG00000171695,LKAAEAR1,26,2.83823,0,-7.0658,5,-2.1062
ENSG00000203880,PCMTD2,50,-0.1248,23,-1.1905,70,0.57141
ENSG00000155304,HSPA13,108,1.79728,31,-1.5620,31,-1.6853
ENSG00000180530,NRIP1,45,0.93356,42,0.10516,14,-1.6297
ENSG00000155313,USP25,25,1.21565,2,-3.4657,15,-0.5719
ENSG00000215386,MIR99AHG,20,-0.6751,35,0.65195,31,0.49686
ENSG00000154639,CXADR,28,-0.8193,11,-1.6491,69,1.38550
ENSG00000154642,C21orf91,3,-4.5429,2,-3.4028,135,5.15673
ENSG00000224924,LINC00320,12,-3.5580,11,-2.1051,207,4.10474
ENSG00000154654,NCAM2,95,0.87250,37,-1.2367,59,-0.5815
ENSG00000154721,JAM2,37,-0.3346,104,1.64799,18,-1.3061
ENSG00000154723,ATP5PF,238,0.12519,101,-1.2718,277,0.31089
ENSG00000142192,APP,688,-0.0261,257,-1.5138,922,0.52673
ENSG00000154734,ADAMTS1,9,-3.5081,286,4.58832,21,-0.9406
ENSG00000198862,LTN1,17,-0.8539,26,0.31129,34,0.90329
ENSG00000156256,USP16,27,-0.7445,50,0.73921,43,0.52906
ENSG00000156261,CCT8,100,1.11376,54,-0.6900,41,-1.1798
ENSG00000156299,TIAM1,40,-0.2866,32,-0.4376,57,0.54699
ENSG00000142168,SOD1,566,0.45097,200,-1.4733,521,-0.0126
ENSG00000142207,URB1,27,0.03079,24,-0.2041,28,0.06522
ENSG00000159079,CFAP298,34,0.10775,44,0.42235,26,-0.4490
ENSG00000159082,SYNJ1,156,2.12798,36,-1.8659,35,-2.0093
ENSG00000159086,PAXBP1,15,-1.6875,44,0.96361,52,1.48745
ENSG00000205927,OLIG2,43,-2.3161,61,-0.5961,291,2.69035
ENSG00000184221,OLIG1,139,-2.0745,157,-0.7907,802,2.50435
ENSG00000142166,IFNAR1,45,-0.5024,108,1.28544,41,-0.3219
ENSG00000159128,IFNGR2,76,0.58506,118,0.88556,16,-2.2698
ENSG00000142188,TMEM50B,61,-0.2395,107,0.84863,54,-0.2848
ENSG00000159140,SON,103,-0.8149,244,1.11853,150,0.33637
ENSG00000205758,CRYZL1,30,-0.2761,27,-0.2534,41,0.46634
ENSG00000205726,ITSN1,73,0.97669,69,0.15826,20,-1.8083
ENSG00000241837,ATP5PO,260,0.71916,93,-1.3929,190,-0.3456
ENSG00000243927,MRPS6,50,1.07777,27,-0.7070,22,-1.1135
ENSG00000198743,SLC5A3,32,0.96321,28,-0.0034,10,-1.5485
ENSG00000159200,RCAN1,48,-1.1072,47,-0.4522,133,1.45601
ENSG00000159228,CBR1,90,-2.3617,65,-1.6480,663,2.92220
ENSG00000142197,DOP1B,31,1.11040,29,0.17481,6,-2.1863
ENSG00000159256,MORC3,14,-0.4874,2,-2.7329,29,1.14666
ENSG00000185808,PIGP,15,-1.3464,21,-0.0446,49,1.58338
ENSG00000182670,TTC3,202,0.97845,99,-0.8834,104,-0.8690
ENSG00000157538,VPS26C,16,-0.5719,20,0.21657,25,0.61423
ENSG00000157540,DYRK1A,66,0.58713,46,-0.3914,42,-0.5863
ENSG00000157542,KCNJ6,20,4.44223,1,-3.2127,0,-5.1345
ENSG00000157557,ETS2,114,0.64102,197,1.06982,11,-3.4187
ENSG00000185658,BRWD1,148,1.23353,85,-0.6025,52,-1.4389
ENSG00000205581,HMGN1,45,-1.1168,101,0.85148,98,0.91759
ENSG00000182093,GET1,84,-0.3003,8,-3.4959,152,0.99612
ENSG00000185437,SH3BGR,14,-1.2106,17,-0.1449,40,1.47409
ENSG00000183036,PCP4,68,3.25845,1,-5.3178,10,-2.6063
ENSG00000157601,MX1,25,-1.7240,235,3.46029,6,-2.8758
ENSG00000157617,C2CD2,20,-0.0529,42,1.15653,11,-1.0358
ENSG00000173276,ZBTB21,18,-0.1761,30,0.75811,15,-0.2995
ENSG00000160179,ABCG1,8,-2.2389,45,1.58650,40,1.63324
ENSG00000160194,NDUFV3,73,0.12571,20,-1.8963,91,0.42368
ENSG00000160208,RRP1B,13,-0.9768,49,1.79846,16,-0.1529
ENSG00000160209,PDXK,239,0.17947,362,0.72886,135,-0.8973
ENSG00000160213,CSTB,119,-0.4388,143,0.14096,171,0.48874
ENSG00000160214,RRP1,29,0.25360,16,-0.8009,28,0.03068
ENSG00000160216,AGPAT3,79,-0.4962,78,-0.1864,128,0.69947
ENSG00000160221,GATD3A,18,-0.7140,11,-0.9637,40,1.16190
ENSG00000160223,ICOSLG,4,-4.1975,52,1.33225,88,3.20441
ENSG00000141959,PFKL,174,-0.4023,195,0.04733,247,0.48894
ENSG00000160226,CFAP410,35,-0.5162,43,0.15001,54,0.57900
ENSG00000142185,TRPM2,42,1.25507,44,0.32415,4,-3.1443
ENSG00000184787,UBE2G2,35,-0.8669,90,1.19935,53,0.33886
ENSG00000184900,SUMO3,152,1.43689,71,-0.8899,49,-1.5517
ENSG00000183255,PTTG1IP,65,-1.9616,367,1.99214,199,1.00887
ENSG00000160256,FAM207A,17,0.21350,24,0.59180,10,-0.7968
ENSG00000197381,ADARB1,35,1.05618,27,-0.1481,11,-1.5615
ENSG00000223768,LINC00205,25,1.59646,8,-1.3933,8,-1.4827
ENSG00000182871,COL18A1,15,-3.0619,360,4.51904,15,-1.7578
ENSG00000173638,SLC19A1,14,-0.5942,48,1.90543,7,-1.1863
ENSG00000142156,COL6A1,42,-0.9264,198,2.34397,23,-1.3656
ENSG00000160284,SPATC1L,29,0.07091,43,0.65794,20,-0.6137
ENSG00000160285,LSS,30,-1.8257,49,-0.0512,136,2.06996
ENSG00000160294,MCM3AP,36,0.05929,32,-0.1511,35,0.00212
ENSG00000160299,PCNT,40,1.03275,21,-0.7426,18,-1.0240
ENSG00000160305,DIP2A,40,0.18309,24,-0.7450,41,0.09656
ENSG00000160307,S100B,402,-2.1878,1099,0.52902,2199,2.19710
ENSG00000160310,PRMT2,106,-0.1234,103,-0.0893,122,0.20663
ENSG00000183307,TMEM121B,22,2.97807,0,-6.8477,4,-2.2523
ENSG00000069998,HDHD5,19,-0.2412,27,0.43929,21,0.05654
ENSG00000182902,SLC25A18,71,-0.8190,163,1.06099,106,0.39020
ENSG00000131100,ATP6V1E1,390,1.03871,112,-1.6687,229,-0.6524
ENSG00000099968,BCL2L13,33,0.48180,25,-0.3275,23,-0.4745
ENSG00000015475,BID,26,-0.3450,36,0.40424,32,0.22133
ENSG00000243156,MICAL3,59,-0.4099,77,0.30654,78,0.36481
ENSG00000215193,PEX26,27,0.53940,30,0.30290,13,-1.0772
ENSG00000183628,DGCR6,23,0.60119,11,-0.9201,17,-0.3551
ENSG00000273032,DGCR9,27,2.50395,6,-1.8597,4,-2.6067
ENSG00000070413,DGCR2,115,0.56955,64,-0.7565,84,-0.3802
ENSG00000100056,ESS2,26,0.34898,12,-1.0927,25,0.00826
ENSG00000100075,SLC25A1,38,-1.5857,82,0.52607,132,1.60696
ENSG00000100084,HIRA,20,-0.2310,20,-0.0788,26,0.33661
ENSG00000242259,C22orf39,43,-0.2906,19,-1.3484,69,0.78337
ENSG00000185608,MRPL40,42,-0.2948,41,-0.1641,58,0.45229
ENSG00000070010,UFD1,34,-0.3210,38,0.06372,46,0.38062
ENSG00000184113,CLDN5,91,-2.6246,1596,4.28379,45,-2.5172
ENSG00000184702,SEPTIN5,187,2.34042,82,-0.8923,14,-3.6145
ENSG00000203618,GP1BB,106,0.83350,99,0.08466,40,-1.3937
ENSG00000215012,RTL10,21,1.44430,0,-6.8626,11,-0.7010
ENSG00000184470,TXNRD2,28,0.59889,19,-0.4266,18,-0.5826
ENSG00000093010,COMT,92,-1.2028,113,-0.1680,264,1.47320
ENSG00000099889,ARVCF,20,-0.4266,59,1.67410,11,-1.1123
ENSG00000183597,TANGO2,30,0.15749,43,0.61646,19,-0.7225
ENSG00000099899,TRMT2A,21,-0.8226,57,1.34816,27,0.13209
ENSG00000099901,RANBP1,75,0.02438,34,-1.1981,94,0.40728
ENSG00000099904,ZDHHC8,53,0.94267,14,-1.7638,34,-0.5141
ENSG00000040608,RTN4R,89,2.91893,29,-1.2911,3,-4.7871
ENSG00000128185,DGCR6L,73,0.04477,79,0.13139,67,-0.1393
ENSG00000099910,KLHL22,40,1.12082,6,-2.6312,24,-0.5574
ENSG00000099917,MED15,58,-0.0997,86,0.61317,50,-0.2879
ENSG00000241973,PI4KA,365,2.30169,127,-1.2452,47,-2.8347
ENSG00000099940,SNAP29,29,-0.3012,34,0.15767,37,0.30748
ENSG00000099942,CRKL,90,0.19437,46,-0.9774,94,0.15638
ENSG00000183773,AIFM3,59,-0.0877,80,0.46537,54,-0.1836
ENSG00000099949,LZTR1,36,-0.3056,37,-0.0903,49,0.43355
ENSG00000184436,THAP7,30,-0.1735,25,-0.3562,38,0.38367
ENSG00000099957,P2RX6,17,1.46613,0,-6.5333,9,-0.7260
ENSG00000185651,UBE2L3,144,0.05915,89,-0.7375,163,0.24180
ENSG00000161179,YDJC,26,0.26414,23,-0.1152,21,-0.2940
ENSG00000128228,SDF2L1,13,-1.7868,52,1.41142,44,1.30197
ENSG00000100023,PPIL2,30,0.04144,42,0.54367,23,-0.4508
ENSG00000100027,YPEL1,28,1.09687,9,-1.4437,15,-0.7924
ENSG00000100030,MAPK1,423,1.50342,150,-1.2928,148,-1.4012
ENSG00000100034,PPM1F,29,0.65572,40,0.69832,7,-1.9992
ENSG00000128266,GNAZ,93,0.17957,42,-1.1734,103,0.22603
ENSG00000186716,BCR,90,0.67340,64,-0.3628,52,-0.7290
ENSG00000250479,CHCHD10,417,1.18537,270,-0.4196,140,-1.5182
ENSG00000099956,SMARCB1,38,-0.0488,18,-1.1649,50,0.48155
ENSG00000133460,SLC2A11,24,0.33017,19,-0.2274,18,-0.3206
ENSG00000240972,MIF,827,0.16403,578,-0.5133,819,0.03346
ENSG00000133433,GSTT2B,18,0.21652,7,-1.2681,19,0.20686
ENSG00000099977,DDT,73,-0.5605,48,-0.8343,138,0.96812
ENSG00000099991,CABIN1,75,0.39519,97,0.52523,37,-1.0641
ENSG00000100014,SPECC1L,27,-0.1994,34,0.29232,30,0.09565
ENSG00000138867,GUCD1,13,-1.3097,32,0.80358,35,1.16882
ENSG00000100028,SNRPD3,24,-1.0829,47,0.59576,55,1.02512
ENSG00000178026,LRRC75B,15,-0.2100,27,0.90029,12,-0.3869
ENSG00000167037,SGSM1,41,2.87487,3,-3.4401,6,-2.4337
ENSG00000197077,KIAA1671,37,1.04748,30,-0.0786,11,-1.6282
ENSG00000100077,GRK3,62,3.25042,8,-2.5933,5,-3.3305
ENSG00000100095,SEZ6L,185,2.73914,19,-2.9657,31,-2.3948
ENSG00000128203,ASPHD2,28,2.10842,0,-7.2269,9,-1.3666
ENSG00000100099,HPS4,25,-0.4873,32,0.18270,38,0.52766
ENSG00000100104,SRRD,24,0.83763,13,-0.7201,13,-0.7570
ENSG00000100109,TFIP11,18,-0.2797,18,-0.0470,24,0.38213
ENSG00000128294,TPST2,24,-0.5147,69,1.61344,17,-0.7802
ENSG00000225783,MIAT,148,2.96154,44,-1.4451,6,-4.3876
ENSG00000180957,PITPNB,76,0.50882,44,-0.7014,58,-0.3252
ENSG00000159873,CCDC117,18,0.77110,0,-5.9502,16,-0.0320
ENSG00000100219,XBP1,16,-0.9786,43,1.18680,27,0.50310
ENSG00000183579,ZNRF3,38,1.20377,29,-0.1685,10,-1.8436
ENSG00000186998,EMID1,30,-0.3422,31,-0.0338,41,0.45289
ENSG00000100263,RHBDD3,20,-0.1587,28,0.51392,19,-0.1162
ENSG00000182944,EWSR1,83,-0.3442,53,-0.8191,132,0.72684
ENSG00000185340,GAS2L1,68,0.63056,48,-0.3739,41,-0.6592
ENSG00000100276,RASL10A,84,2.44968,14,-2.2780,15,-2.2703
ENSG00000100280,AP1B1,94,-0.4567,289,1.76423,49,-1.2358
ENSG00000225465,RFPL1S,80,3.45102,6,-3.3270,7,-3.2204
ENSG00000100285,NEFH,87,6.50800,1,-5.1628,0,-7.3938
ENSG00000184117,NIPSNAP1,45,2.00820,1,-4.8544,16,-1.3182
ENSG00000186575,NF2,38,0.03521,40,0.06497,36,-0.0850
ENSG00000100319,ZMAT5,26,-0.0794,18,-0.6330,33,0.37081
ENSG00000184076,UQCR10,386,0.42382,290,-0.3364,287,-0.3890
ENSG00000100325,ASCC2,10,-1.7689,57,2.10335,24,0.66444
ENSG00000100330,MTMR3,28,-0.5582,50,0.72109,38,0.29491
ENSG00000239282,CASTOR1,16,-0.8597,69,2.15253,10,-1.0458
ENSG00000099995,SF3A1,54,-0.0914,52,-0.0781,60,0.16050
ENSG00000100003,SEC14L2,37,-0.6744,77,0.92716,51,0.29843
ENSG00000128242,GAL3ST1,14,-2.5943,16,-1.0917,122,3.05589
ENSG00000100029,PES1,28,-0.3469,47,0.69041,31,0.02085
ENSG00000184792,OSBP2,25,0.62436,1,-3.8030,23,0.06439
ENSG00000133422,MORC2,17,0.18802,18,0.14374,14,-0.3534
ENSG00000253352,TUG1,25,-0.7711,57,1.03132,37,0.34842
ENSG00000198832,SELENOM,173,-0.4569,308,0.78519,202,0.10434
ENSG00000138942,RNF185,31,-0.2637,42,0.40216,35,0.11263
ENSG00000100100,PIK3IP1,24,-1.7533,97,1.46817,76,1.22353
ENSG00000100105,PATZ1,15,-1.2972,22,0.02824,46,1.50674
ENSG00000185721,DRG1,47,0.74712,11,-2.0028,36,-0.2409
ENSG00000184708,EIF4ENIF1,39,0.89129,22,-0.6853,20,-0.8518
ENSG00000198089,SFI1,19,0.00347,31,0.77996,13,-0.6281
ENSG00000241878,PISD,44,2.06480,6,-2.5836,12,-1.6564
ENSG00000183530,PRR14L,23,0.31031,27,0.33020,15,-0.6974
ENSG00000128245,YWHAH,980,2.49068,188,-2.1202,167,-2.4126
ENSG00000100220,RTCB,49,-0.3291,64,0.32895,60,0.24659
ENSG00000100225,FBXO7,32,-2.1683,89,0.53617,176,2.17574
ENSG00000100234,TIMP3,77,-1.5181,570,2.98068,49,-1.4190
ENSG00000133424,LARGE1,68,1.76839,28,-1.0056,15,-2.0266
ENSG00000100284,TOM1,58,-0.0283,88,0.67659,44,-0.4630
ENSG00000100302,RASD2,33,3.12920,6,-2.0324,2,-3.6632
ENSG00000100320,RBFOX2,138,2.00023,73,-0.6289,15,-3.1174
ENSG00000128335,APOL2,69,1.00532,67,0.18797,18,-1.9290
ENSG00000100345,MYH9,60,-1.5804,423,2.80495,60,-0.7422
ENSG00000100348,TXN2,73,0.08415,61,-0.2506,73,0.01893
ENSG00000100350,FOXRED2,46,0.03841,55,0.27809,40,-0.2295
ENSG00000100353,EIF3D,31,-1.3552,103,1.42001,68,0.79691
ENSG00000261675,AL022313.4,20,3.22585,4,-1.7898,0,-4.3980
ENSG00000100360,IFT27,22,-0.8669,6,-2.2123,57,1.49439
ENSG00000100362,PVALB,31,4.93357,2,-3.1126,0,-8.3233
ENSG00000128311,TST,21,-1.8276,62,0.86811,84,1.68445
ENSG00000128309,MPST,17,-2.1019,66,1.20168,76,1.76236
ENSG00000100379,KCTD17,106,0.82285,80,-0.2453,50,-1.0468
ENSG00000166897,ELFN2,35,2.92065,0,-7.4636,6,-2.1840
ENSG00000128283,CDC42EP1,14,-3.9854,65,-0.1390,305,3.93488
ENSG00000100083,GGA1,35,-0.5539,78,1.12953,38,-0.0617
ENSG00000241360,PDXP,270,2.22011,55,-2.0401,59,-2.0553
ENSG00000100097,LGALS1,300,-0.3717,833,1.60348,167,-1.1049
ENSG00000273899,NOL12,19,-0.4036,10,-1.1329,33,0.86395
ENSG00000100106,TRIOBP,9,-2.1304,85,2.86828,20,0.16510
ENSG00000189060,H1F0,58,0.14816,72,0.37631,43,-0.4737
ENSG00000100116,GCAT,35,0.34250,20,-0.7135,31,-0.1097
ENSG00000100124,ANKRD54,30,0.64527,7,-1.8708,25,-0.1508
ENSG00000100129,EIF3L,63,-0.4974,25,-1.5580,121,1.03780
ENSG00000100142,POLR2F,52,-1.4175,67,-0.1813,175,1.70072
ENSG00000100146,SOX10,36,-2.8836,65,-0.6670,371,3.22653
ENSG00000100151,PICK1,47,0.41834,49,0.19205,28,-0.7516
ENSG00000184381,PLA2G6,26,-0.4716,17,-0.7789,45,0.85737
ENSG00000198792,TMEM184B,68,-0.6798,78,-0.0326,125,0.85169
ENSG00000213923,CSNK1E,146,0.47984,91,-0.6167,112,-0.3247
ENSG00000168135,KCNJ4,85,3.15398,23,-1.5290,2,-4.9917
ENSG00000100201,DDX17,229,-0.9048,420,0.63636,434,0.79280
ENSG00000100211,CBY1,20,0.05095,10,-1.0766,24,0.34826
ENSG00000100216,TOMM22,50,0.64657,30,-0.6472,33,-0.5317
ENSG00000100221,JOSD1,57,-0.0461,97,0.83176,41,-0.5979
ENSG00000100226,GTPBP1,29,-1.0413,55,0.61369,63,0.96738
ENSG00000100242,SUN2,111,-2.3409,208,-0.1880,742,2.60282
ENSG00000100246,DNAL4,40,0.78687,33,-0.0873,18,-1.1241
ENSG00000221890,NPTXR,333,3.12753,45,-2.5975,34,-3.1219
ENSG00000183741,CBX6,159,0.78116,56,-1.3920,110,-0.4201
ENSG00000100307,CBX7,70,0.53973,36,-0.8543,53,-0.3027
ENSG00000100311,PDGFB,21,-1.1472,118,2.57634,12,-1.3510
ENSG00000100316,RPL3,589,-0.8202,1059,0.64486,1030,0.68443
ENSG00000100321,SYNGR1,210,1.82102,98,-0.8440,40,-2.2999
ENSG00000100324,TAB1,15,-0.9691,6,-1.6336,42,1.53743
ENSG00000128268,MGAT3,70,0.27175,32,-1.0977,70,0.10002
ENSG00000100335,MIEF1,24,0.18613,21,-0.1879,21,-0.1464
ENSG00000128272,ATF4,166,-0.1488,148,-0.2272,202,0.30120
ENSG00000187051,RPS19BP1,93,-0.3151,84,-0.2732,133,0.52043
ENSG00000100346,CACNA1I,44,2.98034,6,-2.3975,4,-3.0159
ENSG00000100354,TNRC6B,59,0.65366,41,-0.3800,35,-0.6891
ENSG00000239900,ADSL,18,-0.5016,39,1.13093,18,-0.1470
ENSG00000100359,SGSM3,48,0.02141,44,-0.1271,49,0.03933
ENSG00000196588,MRTFA,58,0.74772,74,0.56699,15,-1.9742
ENSG00000100380,ST13,143,-0.9597,234,0.42074,301,0.97284
ENSG00000100387,RBX1,241,0.16277,108,-1.1834,268,0.24764
ENSG00000100393,EP300,29,-0.1657,43,0.54437,28,-0.1296
ENSG00000100395,L3MBTL2,33,0.23334,40,0.37240,22,-0.6081
ENSG00000100399,CHADL,15,-2.2253,28,-0.1206,93,2.47461
ENSG00000100401,RANGAP1,178,0.61808,48,-1.8339,150,-0.1272
ENSG00000100403,ZC3H7B,47,-0.0766,10,-2.3104,69,0.68796
ENSG00000167074,TEF,82,0.94891,42,-0.8272,43,-0.8566
ENSG00000183864,TOB2,38,-1.7496,80,0.40579,151,1.82635
ENSG00000100410,PHF5A,15,-1.1229,20,-0.0408,41,1.34583
ENSG00000100412,ACO2,305,0.04467,259,-0.2411,314,0.06503
ENSG00000100413,POLR3H,76,0.80851,47,-0.5672,42,-0.8008
ENSG00000100417,PMM1,48,0.69869,18,-1.3555,35,-0.3317
ENSG00000100418,DESI1,69,-0.3368,81,0.13305,91,0.36557
ENSG00000196419,XRCC6,150,-0.1024,184,0.29317,150,-0.0385
ENSG00000100138,SNU13,222,0.63581,133,-0.6422,148,-0.5196
ENSG00000198911,SREBF2,195,0.66700,103,-0.8227,133,-0.4786
ENSG00000205704,LINC00634,41,1.84003,15,-1.1850,9,-1.9984
ENSG00000100167,SEPTIN3,369,2.36264,96,-1.6695,59,-2.5126
ENSG00000183172,SMDT1,130,-0.1600,137,0.03407,150,0.19146
ENSG00000184983,NDUFA6,99,0.55074,45,-1.0639,79,-0.2421
ENSG00000100207,TCF20,26,0.76122,18,-0.3715,14,-0.8549
ENSG00000189306,RRP7A,59,-0.2283,79,0.39318,64,0.06994
ENSG00000100227,POLDIP3,26,-1.3705,63,0.84099,71,1.21544
ENSG00000100243,CYB5R3,127,-0.8517,326,1.23584,182,0.28436
ENSG00000242247,ARFGAP3,29,-1.0310,102,1.71045,39,0.05238
ENSG00000100266,PACSIN2,48,-0.2058,97,1.08980,35,-0.6185
ENSG00000100294,MCAT,25,1.86728,0,-4.6806,10,-1.1799
ENSG00000100300,TSPO,28,-2.0777,166,1.96135,99,1.16509
ENSG00000100304,TTLL12,35,1.01559,28,-0.0714,11,-1.5715
ENSG00000186732,MPPED1,139,3.23393,9,-3.6283,17,-2.8297
ENSG00000130540,SULT4A1,260,3.05618,79,-1.3936,7,-5.0915
ENSG00000100347,SAMM50,28,-0.1993,34,0.28562,30,0.09966
ENSG00000188677,PARVB,36,0.19065,65,1.00721,15,-1.3545
ENSG00000138944,SHISAL1,53,3.42247,1,-4.7753,6,-2.8373
ENSG00000188636,RTL6,33,0.54418,26,-0.2396,21,-0.6180
ENSG00000186654,PRR5,20,0.20094,45,1.38727,4,-2.4668
ENSG00000093000,NUP50,46,1.40611,13,-1.6218,19,-1.1246
ENSG00000100364,KIAA0930,150,-1.6375,252,0.09672,576,1.83303
ENSG00000077942,FBLN1,18,-2.5332,298,4.17041,9,-2.3529
ENSG00000130638,ATXN10,149,0.39224,83,-0.7922,128,-0.1419
ENSG00000241990,PRR34-AS1,14,-1.2896,0,-7.0198,51,2.04010
ENSG00000100416,TRMU,23,-0.2961,36,0.58607,25,0.02833
ENSG00000075240,GRAMD4,40,0.33252,35,-0.1355,31,-0.3779
ENSG00000100422,CERK,41,-0.0979,85,1.18053,23,-0.9741
ENSG00000054611,TBC1D22A,13,-1.2397,25,0.47212,36,1.26312
ENSG00000219438,TAFA5,102,0.66189,54,-0.8146,69,-0.4754
ENSG00000184164,CRELD2,19,-0.6842,35,0.75954,28,0.43657
ENSG00000198355,PIM3,38,-0.6244,62,0.56764,57,0.48514
ENSG00000100427,MLC1,113,-1.0041,239,0.82438,222,0.79899
ENSG00000073150,PANX2,34,2.47663,2,-3.8021,8,-1.9052
ENSG00000170638,TRABD,18,-0.9938,60,1.67220,23,0.03868
ENSG00000073169,SELENOO,32,0.08569,20,-0.7103,36,0.20134
ENSG00000128159,TUBGCP6,43,-0.0128,44,0.03532,43,-0.0026
ENSG00000188130,MAPK12,22,-0.2627,47,1.15620,16,-0.5975
ENSG00000185386,MAPK11,41,1.31849,35,0.02813,7,-2.4853
ENSG00000196576,PLXNB2,47,-0.9175,175,1.86992,48,-0.3673
ENSG00000205593,DENND6B,49,1.56988,20,-1.0768,14,-1.6323
ENSG00000100239,PPP6R2,60,0.27929,57,-0.0093,46,-0.3820
ENSG00000100241,SBF1,92,-0.5028,103,0.01501,143,0.62490
ENSG00000100258,LMF2,27,-0.9146,68,1.14577,43,0.45083
ENSG00000025770,NCAPH2,27,-0.0335,30,0.18383,26,-0.0634
ENSG00000100288,CHKB,20,-0.9139,84,2.11973,15,-0.8305
ENSG00000008735,MAPK8IP2,335,1.67105,107,-1.4321,104,-1.5703
ENSG00000100299,ARSA,17,-1.6354,56,1.24690,51,1.25340
ENSG00000251322,SHANK3,31,0.63500,27,-0.0326,16,-0.9146
ENSG00000079974,RABL2B,23,0.09974,33,0.59397,16,-0.5971
ENSG00000178605,GTPBP6,29,-1.0650,70,1.02691,56,0.73775
ENSG00000169100,SLC25A6,287,0.23619,376,0.50289,178,-0.7408
ENSG00000169093,ASMTL,29,-0.5696,66,1.15975,31,-0.0676
ENSG00000197976,AKAP17A,13,-0.9847,11,-0.5418,33,1.35060
ENSG00000214717,ZBED1,15,-1.2238,42,1.18893,31,0.81630
ENSG00000002586,CD99,39,-2.2892,315,2.43801,132,0.91702
ENSG00000146938,NLGN4X,49,1.99292,16,-1.3284,10,-2.1461
ENSG00000101846,STS,42,3.82978,0,-7.7024,4,-3.1028
ENSG00000011201,ANOS1,22,-0.7073,58,1.33595,25,-0.0352
ENSG00000146950,SHROOM2,30,2.85278,0,-7.1135,6,-2.1202
ENSG00000047644,WWC3,15,-1.0559,20,-0.0247,39,1.26791
ENSG00000073464,CLCN4,100,0.27051,27,-1.9098,111,0.26916
ENSG00000005302,MSL3,30,0.92330,24,-0.0942,11,-1.3646
ENSG00000169933,FRMPD4,52,3.42223,0,-6.8599,7,-2.7058
ENSG00000101911,PRPS2,33,1.62127,6,-2.1809,12,-1.2202
ENSG00000205542,TMSB4X,1433,-1.0034,2618,0.58320,3002,0.93967
ENSG00000123595,RAB9A,19,-1.2997,23,-0.2668,61,1.60473
ENSG00000196459,TRAPPC2,37,1.22456,8,-2.0448,20,-0.7794
ENSG00000046653,GPM6B,760,-1.1960,830,-0.3342,2196,1.51628
ENSG00000130150,MOSPD2,20,-1.4095,14,-1.0629,73,1.90003
ENSG00000182287,AP1S2,31,-1.1411,54,0.45986,75,1.15971
ENSG00000169895,SYAP1,34,-0.4034,57,0.69857,39,0.09597
ENSG00000102054,RBBP7,51,-0.4400,56,0.01356,76,0.55023
ENSG00000169891,REPS2,65,0.47041,6,-3.3033,67,0.19663
ENSG00000008086,CDKL5,89,1.72803,15,-2.3100,32,-1.3163
ENSG00000131828,PDHA1,67,0.81314,17,-1.8883,49,-0.3372
ENSG00000147010,SH3KBP1,39,-0.4929,34,-0.3818,65,0.76533
ENSG00000184368,MAP7D2,107,3.84912,17,-2.2925,2,-5.3663
ENSG00000173674,EIF1AX,137,0.17147,101,-0.4208,131,-0.0148
ENSG00000177189,RPS6KA3,24,0.48828,41,0.99265,5,-2.2383
ENSG00000149970,CNKSR2,143,2.76508,30,-1.9355,16,-3.0122
ENSG00000012174,MBTPS2,19,1.10750,0,-6.7924,13,-0.3629
ENSG00000102172,SMS,71,1.82446,18,-1.7153,21,-1.6485
ENSG00000123131,PRDX4,17,-1.1554,10,-1.2085,51,1.66665
ENSG00000123130,ACOT9,17,-0.1405,47,1.70897,4,-2.2011
ENSG00000130066,SAT1,107,-1.6664,846,3.02148,90,-1.0764
ENSG00000184831,APOO,54,1.17663,28,-0.7399,21,-1.2436
ENSG00000130741,EIF2S3,84,0.03304,111,0.46462,67,-0.3674
ENSG00000005889,ZFX,29,-0.3320,47,0.65955,31,0.02362
ENSG00000067992,PDK3,72,2.19689,22,-1.4551,12,-2.3993
ENSG00000102230,PCYT1B,14,-0.4175,11,-0.5523,23,0.73408
ENSG00000157625,TAB3,18,0.07383,37,1.15232,8,-1.3371
ENSG00000198947,DMD,44,0.17782,52,0.29054,33,-0.4490
ENSG00000147027,TMEM47,65,-0.7192,154,1.15329,84,0.16773
ENSG00000130962,PRRG1,17,-2.4140,18,-1.1399,133,2.89527
ENSG00000165169,DYNLT3,100,2.32487,24,-1.7821,17,-2.3639
ENSG00000156298,TSPAN7,1041,2.46883,179,-2.2785,192,-2.2975
ENSG00000165175,MID1IP1,68,-2.1898,117,-0.2258,412,2.47312
ENSG00000182220,ATP6AP2,248,0.94269,79,-1.5305,154,-0.5752
ENSG00000180182,MED14,19,-1.0039,37,0.68434,39,0.88367
ENSG00000124486,USP9X,86,-0.2349,135,0.65740,84,-0.1180
ENSG00000215301,DDX3X,141,-0.5751,302,1.04773,165,0.05085
ENSG00000147044,CASK,25,-0.4386,45,0.80886,28,0.05828
ENSG00000189221,MAOA,33,0.30329,63,1.16370,8,-2.0767
ENSG00000069535,MAOB,71,-0.6674,222,1.69434,58,-0.5882
ENSG00000124479,NDP,28,-0.2672,13,-1.2405,44,0.73772
ENSG00000069509,FUNDC1,44,1.55074,12,-1.6850,16,-1.2898
ENSG00000147119,CHST7,20,1.72278,7,-1.1420,5,-1.8339
ENSG00000065923,SLC9A7,45,2.33581,8,-2.2482,9,-2.1232
ENSG00000130988,RGN,11,-1.2329,0,-6.7120,40,1.98229
ENSG00000147123,NDUFB11,126,-0.3129,112,-0.2867,179,0.52302
ENSG00000182872,RBM10,45,-0.3038,57,0.25952,56,0.25434
ENSG00000130985,UBA1,232,-0.0197,344,0.63178,181,-0.4335
ENSG00000102225,CDK16,100,0.62771,68,-0.4428,63,-0.6141
ENSG00000102226,USP11,299,1.45249,84,-1.6430,122,-1.1770
ENSG00000008056,SYN1,611,2.79742,185,-1.4189,39,-3.8544
ENSG00000102265,TIMP1,15,-4.0205,712,5.27677,28,-1.7020
ENSG00000126767,ELK1,58,1.21599,34,-0.5747,20,-1.4323
ENSG00000126756,UXT,36,-0.7827,44,0.02575,72,0.94582
ENSG00000068438,FTSJ1,16,-0.7987,33,0.92656,24,0.46775
ENSG00000102312,PORCN,33,0.73347,15,-1.0662,22,-0.4675
ENSG00000147155,EBP,25,0.32011,11,-1.1207,24,0.04998
ENSG00000068354,TBC1D25,32,0.88306,22,-0.3784,15,-1.0398
ENSG00000102317,RBM3,54,-0.0016,99,0.98675,32,-0.8827
ENSG00000101940,WDR13,92,-0.2670,147,0.66524,93,-0.0764
ENSG00000094631,HDAC6,24,-0.6186,30,0.11866,41,0.71634
ENSG00000102109,PCSK1N,758,1.68120,221,-1.5674,244,-1.5170
ENSG00000102103,PQBP1,39,-0.6598,67,0.61947,60,0.49799
ENSG00000126768,TIMM17B,48,-0.1115,37,-0.4703,60,0.35247
ENSG00000102100,SLC35A2,19,-0.4202,31,0.65464,22,0.15291
ENSG00000068308,OTUD5,67,-0.2541,119,0.84551,61,-0.2580
ENSG00000068400,GRIPAP1,52,0.20805,36,-0.5198,50,-0.0188
ENSG00000068323,TFE3,30,-0.5665,60,0.91077,37,0.15920
ENSG00000243279,PRAF2,72,-0.3549,91,0.26212,92,0.31911
ENSG00000196998,WDR45,43,-0.1469,88,1.14203,27,-0.8085
ENSG00000068394,GPKOW,13,-0.7542,7,-1.0471,29,1.22128
ENSG00000102003,SYP,486,2.59987,118,-1.7547,60,-2.8713
ENSG00000049769,PPP1R3F,35,0.36124,0,-6.2972,40,0.38314
ENSG00000273820,USP27X,27,1.31440,17,-0.4225,7,-1.7593
ENSG00000122824,NUDT10,26,2.45058,0,-7.0798,7,-1.7135
ENSG00000196368,NUDT11,41,3.86943,0,-7.6541,4,-3.1441
ENSG00000189369,GSPT2,22,2.32344,0,-6.7138,6,-1.5898
ENSG00000179222,MAGED1,215,1.15804,81,-1.2465,104,-0.9458
ENSG00000184205,TSPYL2,160,1.10578,127,-0.1190,48,-1.6986
ENSG00000126012,KDM5C,57,0.13799,56,0.02014,49,-0.1999
ENSG00000124313,IQSEC2,91,1.73474,59,-0.3513,11,-2.9172
ENSG00000072501,SMC1A,18,-1.7528,60,1.17601,61,1.42661
ENSG00000072506,HSD17B10,23,-1.7341,90,1.42723,73,1.23312
ENSG00000086758,HUWE1,83,-0.1117,100,0.26370,85,-0.0062
ENSG00000158526,TSR2,73,-0.5021,32,-1.3966,138,1.01760
ENSG00000102316,MAGED2,121,0.01277,150,0.35156,105,-0.2459
ENSG00000067445,TRO,39,0.62893,23,-0.6848,26,-0.4900
ENSG00000182518,FAM104B,15,-0.9487,9,-1.0825,40,1.43178
ENSG00000256045,MTRNR2L10,109,0.56201,142,0.56627,40,-1.4842
ENSG00000187601,MAGEH1,80,0.09948,3,-4.5832,110,0.62402
ENSG00000083750,RRAGB,15,-0.4352,9,-0.8012,25,0.82300
ENSG00000188021,UBQLN2,146,1.32149,57,-1.1668,59,-1.2066
ENSG00000204272,NBDY,44,-0.1230,38,-0.2680,54,0.28692
ENSG00000235437,LINC01278,16,-0.5870,36,1.09128,19,0.02773
ENSG00000131089,ARHGEF9,152,2.52292,18,-2.7727,30,-2.1773
ENSG00000001497,LAS1L,16,-1.0148,33,0.70200,34,0.88642
ENSG00000147065,MSN,9,-3.6462,270,3.88110,51,0.41618
ENSG00000089472,HEPH,26,0.02126,30,0.26650,23,-0.1963
ENSG00000181704,YIPF6,27,-1.1383,66,0.96129,58,0.87268
ENSG00000181191,PJA1,79,1.30288,18,-1.9369,38,-0.8988
ENSG00000089289,IGBP1,34,-0.2475,34,-0.1124,45,0.37224
ENSG00000120509,PDZD11,41,0.57145,19,-0.9807,31,-0.2958
ENSG00000082458,DLG3,65,3.22065,7,-2.7846,6,-3.1534
ENSG00000147164,SNX12,44,0.15147,40,-0.1180,40,-0.1378
ENSG00000184481,FOXO4,13,-1.8607,28,0.34230,58,1.96247
ENSG00000196338,NLGN3,77,-0.1507,65,-0.3172,96,0.34088
ENSG00000169562,GJB1,12,-3.5313,27,-0.9118,209,3.84974
ENSG00000147130,ZMYM3,74,1.21728,14,-2.2126,40,-0.7353
ENSG00000147140,NONO,97,-0.0956,122,0.33256,95,-0.0748
ENSG00000147162,OGT,106,0.13283,111,0.11628,89,-0.2542
ENSG00000242732,RTL5,18,0.73107,16,0.00742,8,-1.1167
ENSG00000102309,PIN4,41,-0.0028,6,-2.8564,59,0.65719
ENSG00000198034,RPS4X,384,-1.2089,760,0.61218,951,1.15967
ENSG00000186462,NAP1L2,243,4.01753,28,-2.7991,8,-4.7017
ENSG00000204116,CHIC1,35,0.90847,10,-1.6577,23,-0.5000
ENSG00000229807,XIST,139,-0.9114,313,0.97286,238,0.58147
ENSG00000230590,FTX,24,-0.4964,66,1.51343,18,-0.6519
ENSG00000225470,JPX,37,-1.0217,39,-0.3021,93,1.32258
ENSG00000131263,RLIM,80,0.85056,63,-0.1759,35,-1.1532
ENSG00000050030,NEXMIF,20,7.36468,0,-6.6193,0,-7.4674
ENSG00000198934,MAGEE1,63,2.64794,5,-3.1474,12,-2.2277
ENSG00000085224,ATRX,110,0.32888,128,0.33477,67,-0.7331
ENSG00000102158,MAGT1,21,-1.9562,78,1.21834,84,1.60862
ENSG00000131174,COX7B,309,0.67757,100,-1.5568,240,-0.2542
ENSG00000102144,PGK1,268,1.16285,139,-0.7678,110,-1.2037
ENSG00000187325,TAF9B,26,-0.6358,17,-0.8288,52,1.04832
ENSG00000078596,ITM2A,33,-1.9279,292,3.05137,43,-0.5135
ENSG00000131171,SH3BGRL,93,-0.4638,129,0.37164,128,0.39666
ENSG00000155008,APOOL,16,0.45459,2,-2.6818,17,0.16546
ENSG00000147180,ZNF711,34,0.96790,11,-1.4690,20,-0.6241
ENSG00000188419,CHM,44,2.32151,0,-7.8341,13,-1.5763
ENSG00000102271,KLHL4,8,-2.5072,0,-6.9530,70,3.25679
ENSG00000186310,NAP1L3,282,2.66018,13,-4.1180,60,-2.0696
ENSG00000165194,PCDH19,32,5.67377,0,-7.3016,0,-5.0509
ENSG00000126950,TMEM35A,55,2.85689,9,-2.2458,6,-2.9176
ENSG00000102385,DRP2,21,4.32264,0,-6.7406,1,-3.6443
ENSG00000241343,RPL36A,357,-0.9795,459,0.02592,827,1.16581
ENSG00000126945,HNRNPH2,151,0.75517,53,-1.4179,107,-0.3816
ENSG00000196440,ARMCX4,19,0.29596,3,-2.5913,21,0.32417
ENSG00000126947,ARMCX1,48,1.18149,22,-0.9693,21,-1.1110
ENSG00000198960,ARMCX6,20,-0.4163,24,0.18987,28,0.43607
ENSG00000102401,ARMCX3,61,0.31979,28,-1.1201,59,0.05017
ENSG00000184867,ARMCX2,62,1.55495,15,-1.7804,23,-1.2602
ENSG00000184905,TCEAL2,190,1.45721,83,-0.9850,62,-1.5165
ENSG00000204071,TCEAL6,39,1.85798,6,-2.3841,13,-1.4555
ENSG00000184515,BEX5,139,2.74365,28,-1.9966,16,-2.9173
ENSG00000198932,GPRASP1,97,1.73018,35,-1.2328,26,-1.7808
ENSG00000158301,GPRASP2,98,2.85090,11,-2.7766,14,-2.6140
ENSG00000133169,BEX1,432,2.02834,34,-3.4248,141,-1.4553
ENSG00000102409,BEX4,298,0.60494,29,-3.3218,279,0.05815
ENSG00000180964,TCEAL8,50,0.17194,20,-1.3014,56,0.26494
ENSG00000204065,TCEAL5,63,1.67256,1,-5.2008,28,-0.9596
ENSG00000133134,BEX2,276,1.76052,66,-1.8502,89,-1.5038
ENSG00000182916,TCEAL7,83,-0.6147,30,-1.7287,177,1.18382
ENSG00000185222,TCEAL9,32,-0.5552,44,0.32169,48,0.53977
ENSG00000166681,BEX3,473,0.58705,226,-0.9921,359,-0.3111
ENSG00000133142,TCEAL4,139,-0.2437,82,-0.8916,206,0.63344
ENSG00000196507,TCEAL3,70,-0.7075,49,-0.7947,147,1.11740
ENSG00000172465,TCEAL1,66,1.00005,24,-1.3255,37,-0.7111
ENSG00000123562,MORF4L2,277,0.92704,81,-1.6604,177,-0.5213
ENSG00000123560,PLP1,984,-3.3069,867,-2.0623,14183,3.86757
ENSG00000123570,RAB9B,25,3.87599,0,-6.9631,2,-3.1694
ENSG00000123575,FAM199X,78,0.52357,29,-1.3846,67,-0.1175
ENSG00000157502,PWWP3B,20,2.09746,0,-6.4775,7,-1.3645
ENSG00000147224,PRPS1,66,0.53825,66,0.13635,35,-0.9032
ENSG00000157514,TSC22D3,123,-0.3881,194,0.60682,145,0.14314
ENSG00000101843,PSMD10,67,0.47470,14,-2.1720,65,0.08550
ENSG00000188153,COL4A5,12,-3.6718,17,-1.6474,226,4.13447
ENSG00000068366,ACSL4,98,1.01180,88,0.07132,28,-1.7559
ENSG00000101938,CHRDL1,37,2.97144,11,-1.3331,1,-4.8867
ENSG00000077264,PAK3,119,2.70098,24,-1.9926,15,-2.8442
ENSG00000101901,ALG13,14,-1.3436,12,-0.7839,49,1.77942
ENSG00000126016,AMOT,28,-0.3893,47,0.66464,33,0.10193
ENSG00000102024,PLS3,37,-1.6997,45,-0.4274,159,2.05422
ENSG00000131725,WDR44,14,-1.0894,29,0.74327,30,0.95043
ENSG00000131724,IL13RA1,5,-3.9418,219,4.82205,16,-0.7980
ENSG00000101856,PGRMC1,307,0.32504,146,-1.0605,294,0.02714
ENSG00000005022,SLC25A5,135,0.53841,35,-1.8883,122,-0.0283
ENSG00000018610,CXorf56,22,0.47501,15,-0.4931,16,-0.3767
ENSG00000077721,UBE2A,30,-0.7363,57,0.78139,46,0.48984
ENSG00000186416,NKRF,49,2.25042,13,-1.6485,9,-2.3364
ENSG00000125354,SEPTIN6,25,0.29826,43,0.95393,9,-1.5308
ENSG00000198918,RPL39,427,-0.8723,884,0.85460,733,0.61491
ENSG00000125356,NDUFA1,320,0.54849,150,-1.0324,253,-0.2497
ENSG00000101882,NKAP,20,0.24627,2,-3.2877,25,0.42729
ENSG00000177485,ZBTB33,17,0.21845,12,-0.4703,16,-0.0528
ENSG00000005893,LAMP2,99,-2.7466,179,-0.5496,915,3.07380
ENSG00000158290,CUL4B,48,-0.0376,65,0.48231,41,-0.2727
ENSG00000232119,MCTS1,47,0.58142,20,-1.1746,37,-0.2442
ENSG00000125675,GRIA3,172,3.16545,21,-2.7197,18,-3.1057
ENSG00000125676,THOC2,23,-0.9388,72,1.55101,30,0.09304
ENSG00000101966,XIAP,49,0.23114,30,-0.7067,48,0.02484
ENSG00000101972,STAG2,45,-1.2198,124,1.15663,97,0.83535
ENSG00000102038,SMARCA1,30,-0.2537,43,0.50658,32,0.02652
ENSG00000122126,OCRL,59,1.53126,36,-0.4578,12,-2.1726
ENSG00000171388,APLN,10,-1.9506,17,-0.1779,54,2.23083
ENSG00000188706,ZDHHC9,35,-2.7501,77,-0.2657,322,2.99595
ENSG00000134594,RAB33A,13,-2.2159,3,-3.2331,90,2.90574
ENSG00000102078,SLC25A14,27,2.05440,0,-7.1472,9,-1.3129
ENSG00000123728,RAP2C,19,-0.2937,20,0.01729,25,0.36914
ENSG00000156531,PHF6,26,0.24031,5,-2.2240,30,0.34402
ENSG00000165704,HPRT1,165,3.21932,21,-2.6281,15,-3.2524
ENSG00000156504,FAM122B,29,-0.5605,54,0.80892,37,0.23255
ENSG00000134590,RTL8C,424,0.76328,121,-1.7282,314,-0.3139
ENSG00000203950,RTL8A,54,-0.3038,35,-0.7319,82,0.65824
ENSG00000196972,SMIM10L2B,55,3.31967,13,-1.7808,1,-4.7988
ENSG00000178947,SMIM10L2A,62,2.67601,12,-2.0124,8,-2.7847
ENSG00000169446,MMGT1,20,-0.2782,17,-0.3045,27,0.48874
ENSG00000198689,SLC9A6,217,2.10917,47,-1.9434,51,-1.9433
ENSG00000022267,FHL1,141,0.69318,71,-0.8957,95,-0.4820
ENSG00000102241,HTATSF1,69,0.88636,7,-3.1568,53,-0.2487
ENSG00000129675,ARHGEF6,17,-1.5397,82,1.97902,34,0.49778
ENSG00000147274,RBMX,56,-0.6417,82,0.38276,91,0.61384
ENSG00000129682,FGF13,80,2.86451,10,-2.6488,11,-2.6906
ENSG00000203930,LINC00632,91,-0.4245,110,0.15165,129,0.46569
ENSG00000182195,LDOC1,85,-0.0017,32,-1.4680,111,0.49175
ENSG00000179542,SLITRK4,71,4.43905,3,-4.1365,3,-4.2759
ENSG00000185985,SLITRK2,41,0.54485,10,-1.9567,37,-0.0238
ENSG00000102081,FMR1,73,0.40929,49,-0.4942,58,-0.2888
ENSG00000010404,IDS,1528,1.90642,474,-1.4504,374,-1.9153
ENSG00000269556,TMEM185A,19,0.19834,25,0.49229,12,-0.6639
ENSG00000063601,MTMR1,26,-0.0185,33,0.36951,23,-0.2130
ENSG00000102181,CD99L2,121,0.44778,56,-1.0770,105,-0.1136
ENSG00000029993,HMGB3,21,2.09778,0,-4.9879,7,-1.4052
ENSG00000160131,VMA21,57,-0.0405,67,0.25678,54,-0.1013
ENSG00000011677,GABRA3,24,0.99886,26,0.38369,4,-2.3206
ENSG00000147400,CETN2,60,0.92603,31,-0.7894,31,-0.8443
ENSG00000147383,NSDHL,15,-0.3694,7,-1.3368,26,0.86598
ENSG00000183837,PNMA3,74,2.41971,34,-0.7849,3,-4.3690
ENSG00000235961,PNMA6A,77,3.46559,4,-3.6843,8,-3.1088
ENSG00000225110,PNMA6F,25,2.71246,4,-2.1768,3,-2.7267
ENSG00000063587,ZNF275,19,-0.0018,21,0.18622,17,-0.1092
ENSG00000182492,BGN,11,-4.0702,423,3.99980,85,0.56682
ENSG00000067842,ATP2B3,58,3.90968,2,-4.0517,4,-3.5713
ENSG00000262919,CCNQ,42,-0.3581,22,-1.1170,71,0.81129
ENSG00000130822,PNCK,87,2.19011,41,-0.7980,8,-3.3347
ENSG00000130821,SLC6A8,83,-1.5147,107,-0.2420,302,1.81799
ENSG00000185825,BCAP31,180,0.12202,227,0.41065,134,-0.4616
ENSG00000067829,IDH3G,112,0.71595,88,-0.1977,58,-0.9113
ENSG00000180879,SSR4,104,-0.9593,164,0.35847,222,1.00239
ENSG00000067840,PDZD4,217,1.27585,115,-0.7144,77,-1.4204
ENSG00000198910,L1CAM,97,2.45658,36,-1.1228,8,-3.4415
ENSG00000102030,NAA10,69,-0.1786,109,0.68050,63,-0.2241
ENSG00000172534,HCFC1,40,-0.2931,41,-0.0701,53,0.40926
ENSG00000184216,IRAK1,21,-0.8160,78,1.96918,16,-0.7559
ENSG00000169057,MECP2,56,0.57844,8,-2.7629,52,0.04215
ENSG00000196924,FLNA,36,-2.1311,405,3.48087,36,-1.0973
ENSG00000102119,EMD,41,-0.4784,69,0.67491,52,0.21896
ENSG00000147403,RPL10,504,-1.5529,1729,1.35740,1356,1.08188
ENSG00000102125,TAZ,14,-1.4251,43,1.24923,35,1.01352
ENSG00000071553,ATP6AP1,246,0.56423,176,-0.3815,161,-0.5596
ENSG00000203879,GDI1,870,1.00204,416,-0.9157,443,-0.8856
ENSG00000071859,FAM50A,60,-1.1205,135,0.85305,131,0.92095
ENSG00000196976,LAGE3,92,0.67709,26,-1.7210,73,-0.2166
ENSG00000102178,UBL4A,65,0.52211,69,0.22496,34,-0.9616
ENSG00000071889,FAM3A,36,-1.1662,71,0.62072,86,1.10702
ENSG00000160211,G6PD,32,-0.2027,55,0.80163,28,-0.2984
ENSG00000269335,IKBKG,27,0.06545,19,-0.5609,30,0.17297
ENSG00000130826,DKC1,13,-1.0407,53,1.90076,16,-0.1838
ENSG00000130830,MPP1,58,0.93925,52,0.04184,19,-1.5565
ENSG00000277203,F8A1,27,0.41015,17,-0.6172,22,-0.2343
ENSG00000165775,FUNDC2,64,-0.0920,36,-0.8963,84,0.46379
ENSG00000155959,VBP1,76,-0.2453,40,-1.0680,115,0.67737
ENSG00000155961,RAB39B,33,1.65055,3,-3.1865,14,-1.0680
ENSG00000124333,VAMP7,27,-0.3164,0,-5.6875,50,1.05842
ENSG00000198888,MT-ND1,21421,0.75988,17483,-0.1339,10233,-1.0359
ENSG00000198763,MT-ND2,15576,0.20176,18490,0.33338,11070,-0.5223
ENSG00000198804,MT-CO1,34958,1.36076,19206,-0.6496,10814,-1.6185
ENSG00000198712,MT-CO2,30981,1.29484,15141,-0.8376,11370,-1.3617
ENSG00000228253,MT-ATP8,746,0.27876,1027,0.59654,409,-0.9250
ENSG00000198899,MT-ATP6,28879,0.99606,17818,-0.5264,12809,-1.1100
ENSG00000198938,MT-CO3,35908,1.60134,15607,-0.9767,9947,-1.7582
ENSG00000198840,MT-ND3,23102,1.36052,15929,-0.2982,5530,-2.0118
ENSG00000212907,MT-ND4L,1435,0.43194,1907,0.57843,642,-1.2109
ENSG00000198886,MT-ND4,23846,0.64715,18221,-0.2602,13729,-0.7581
ENSG00000198786,MT-ND5,3645,0.52760,3570,0.10564,2008,-0.8568
ENSG00000198695,MT-ND6,106,0.01022,184,0.89507,67,-0.7810
ENSG00000198727,MT-CYB,15332,1.02209,10780,-0.3194,5934,-1.3210
ENSG00000278817,AC007325.4,34,0.39355,29,-0.1373,24,-0.4642
ENSG00000277196,AC007325.2,20,-0.2798,11,-0.9619,31,0.69091
