Barcode,Topic 1,Topic 2,Topic 3to4,Topic 5to8,Topic 9,Topic 10to12
AAACAACGAATAGTTC-1,0.000016,0.007502,0.19711,0.704584,0.033616,0.057173
AAACAAGTATCTCCCA-1,0.000018,0.000018,0.233661,0.536266,0.027295,0.202742
AAACAATCTACTAGCA-1,0.00166,0.031249,0.264552,0.601093,0.032895,0.068551
AAACACCAATAACTGC-1,0.000022,0.13633,0.417673,0.1404,0.128193,0.177382
AAACAGAGCGACTCCT-1,0.000123,0.739236,0.236645,0.00049,0.000123,0.023383
AAACAGCTTTCAGAAG-1,0.000018,0.211701,0.289034,0.18234,0.022723,0.294184
AAACAGGGTCTATATT-1,0.000018,0.098189,0.277392,0.100579,0.173029,0.350792
AAACAGTGTTCCTGGG-1,0.000071,0.999218,0.000142,0.000284,0.000071,0.000213
AAACATGGTGAGAGGA-1,0.000041,0.65368,0.345951,0.000164,0.000041,0.000123
AAACATTTCCCGGATT-1,0.000013,0.015523,0.217403,0.110778,0.101236,0.555046
AAACCACTACACAGAT-1,0.000476,0.164941,0.830773,0.001905,0.000476,0.001429
AAACCCGAACGAAATC-1,0.000015,0.000015,0.4266,0.510957,0.016487,0.045926
AAACCGGAAATGTTAA-1,0.000014,0.000014,0.170337,0.780053,0.007489,0.042093
AAACCGGGTAGGTACC-1,0.000009,0.007023,0.008886,0.089509,0.033898,0.860675
AAACCGTTCGTCCAGG-1,0.000016,0.021564,0.137172,0.239241,0.404169,0.197839
AAACCTAAGCAGCCGG-1,0.000014,0.043613,0.223608,0.209212,0.314869,0.208684
AAACCTCATGAAGTTG-1,0.000022,0.076053,0.454667,0.200173,0.085066,0.184018
AAACGAAGAACATACC-1,0.00003,0.012564,0.321908,0.509369,0.028906,0.127224
AAACGAAGATGGAGTA-1,0.000015,0.006379,0.041825,0.134419,0.672029,0.145333
AAACGAGACGGTTGAT-1,0.000019,0.000019,0.194207,0.582595,0.016911,0.206248
AAACGCCCGAGATCGG-1,0.000242,0.067838,0.929982,0.000969,0.000242,0.000727
AAACGCTGGGCACGAC-1,0.000058,0.000058,0.307688,0.662157,0.000058,0.029982
AAACGGGCGTACGGGT-1,0.000021,0.167151,0.48212,0.194024,0.059358,0.097326
AAACGGGTTGGTATCC-1,0.000021,0.000021,0.319527,0.625408,0.020401,0.034622
AAACGGTTGCGAACTG-1,0.000026,0.114962,0.144541,0.232248,0.440276,0.067948
AAACTAACGTGGCGAC-1,0.004264,0.349207,0.645101,0.000714,0.000178,0.000535
AAACTCGGTTCGCAAT-1,0.00003,0.040335,0.531349,0.110853,0.22138,0.096052
AAACTCGTGATATAAG-1,0.000134,0.181673,0.817123,0.000535,0.000134,0.000401
AAACTGCTGGCTCCAA-1,0.000025,0.037069,0.485332,0.061209,0.075732,0.340633
AAACTTAATTGCACGC-1,0.000053,0.725783,0.094137,0.015756,0.164113,0.000158
AAACTTGCAAACGTAT-1,0.000016,0.01065,0.328793,0.082178,0.121113,0.45725
AAAGAATGACCTTAGA-1,0.000044,0.710354,0.289251,0.000175,0.000044,0.000131
AAAGAATGTGGACTAA-1,0.000018,0.000883,0.388485,0.120414,0.055662,0.434538
AAAGACATGAAGTTTA-1,0.000042,0.000042,0.535279,0.321024,0.015249,0.128363
AAAGACCCAAGTCGCG-1,0.000081,0.150066,0.67656,0.172969,0.000081,0.000243
AAAGACTGGGCGCTTT-1,0.000035,0.000035,0.577487,0.340772,0.020532,0.061138
AAAGGCCCTATAATAC-1,0.000087,0.99904,0.000175,0.000349,0.000087,0.000262
AAAGGCTACGGACCAT-1,0.000021,0.346759,0.069184,0.157403,0.350736,0.075897
AAAGGCTCTCGCGCCG-1,0.000033,0.071696,0.63502,0.097311,0.1906,0.005341
AAAGGGATGTAGCAAG-1,0.000069,0.000069,0.262852,0.551019,0.0104,0.17559
AAAGGGCAGCTTGAAT-1,0.000019,0.026653,0.214797,0.644659,0.038955,0.074917
AAAGGTAAGCTGTACC-1,0.000291,0.413538,0.583839,0.001166,0.000291,0.000874
AAAGGTCAACGACATG-1,0.000256,0.000256,0.997436,0.001026,0.000256,0.000769
AAAGTAGCATTGCTCA-1,0.000026,0.028521,0.050132,0.153817,0.479662,0.287842
AAAGTCACTGATGTAA-1,0.003933,0.103679,0.550347,0.341734,0.000077,0.000231
AAAGTCGACCCTCAGT-1,0.000017,0.037705,0.072223,0.464122,0.005989,0.419944
AAAGTGCCATCAATTA-1,0.000014,0.000014,0.019857,0.661959,0.003813,0.314342
AAAGTGTGATTTATCT-1,0.000017,0.000017,0.136203,0.410775,0.000017,0.452972
AAAGTTGACTCCCGTA-1,0.000054,0.017397,0.926716,0.055615,0.000054,0.000163
AAATAACCATACGGGA-1,0.000263,0.516268,0.481366,0.001052,0.000263,0.000789
AAATAAGGTAGTGCCC-1,0.001179,0.000044,0.998427,0.000175,0.000044,0.000131
AAATACCTATAAGCAT-1,0.000024,0.037805,0.325879,0.267295,0.242045,0.126952
AAATAGCTTAGACTTT-1,0.000047,0.001551,0.79172,0.206348,0.000047,0.000288
AAATAGGGTGCTATTG-1,0.000036,0.052826,0.365083,0.152567,0.029741,0.399747
AAATCCGATACACGCC-1,0.000011,0.014227,0.328786,0.159399,0.264179,0.233398
AAATCGCGGAAGGAGT-1,0.000015,0.041456,0.194381,0.236755,0.398634,0.128759
AAATCGTGTACCACAA-1,0.000026,0.083206,0.421851,0.156474,0.01702,0.321421
AAATCTAGCCCTGCTA-1,0.000011,0.000011,0.133897,0.388474,0.008116,0.469491
AAATCTGCCCGCGTCC-1,0.003906,0.773913,0.000246,0.186813,0.006096,0.029027
AAATGACTGATCAAAC-1,0.000148,0.716261,0.000296,0.282704,0.000148,0.000443
AAATGCTCGTTACGTT-1,0.000149,0.09424,0.904416,0.000597,0.000149,0.000448
AAATGGCATGTCTTGT-1,0.000116,0.347406,0.278999,0.20591,0.000116,0.167452
AAATGGCCCGTGCCCT-1,0.000015,0.018063,0.108489,0.220418,0.196362,0.456654
AAATGGTCAATGTGCC-1,0.000021,0.000021,0.328031,0.388363,0.007279,0.276287
AAATGTATCTTATCCC-1,0.00041,0.000014,0.058369,0.747864,0.019183,0.17416
AAATGTGGGTGCTCCT-1,0.001751,0.016609,0.371404,0.508021,0.011106,0.091109
AAATTAACGGGTAGCT-1,0.000025,0.047368,0.182864,0.577054,0.002769,0.189921
AAATTAATAAGCGCGA-1,0.000011,0.092941,0.370975,0.414248,0.007298,0.114527
AAATTACACGACTCTG-1,0.000157,0.782616,0.036848,0.179753,0.000157,0.00047
AAATTACCTATCGATG-1,0.000041,0.019115,0.611732,0.358015,0.010976,0.000122
AAATTCCAGGTCCAAA-1,0.000014,0.000014,0.39227,0.577716,0.026372,0.003614
AAATTGATAGTCCTTT-1,0.000031,0.004688,0.149346,0.308979,0.410872,0.126084
AAATTGCGGCGGTTCT-1,0.000028,0.02241,0.388704,0.548122,0.036978,0.003758
AAATTTACCGAAATCC-1,0.000068,0.000068,0.802458,0.196781,0.00042,0.000205
AAATTTGCGGGTGTGG-1,0.000027,0.022107,0.398674,0.133473,0.188401,0.257319
AACAACTGGTAGTTGC-1,0.000028,0.011646,0.355917,0.545027,0.000095,0.087286
AACAATACATTGTCGA-1,0.000018,0.145757,0.140606,0.234947,0.443059,0.035613
AACAATTACTCTACGC-1,0.000026,0.000026,0.271568,0.568168,0.009488,0.150724
AACACACGCTCGCCGC-1,0.000017,0.012391,0.175194,0.327813,0.020328,0.464257
AACACGACTGTACTGA-1,0.002165,0.097714,0.384587,0.241976,0.000078,0.273479
AACACGAGACGCGGCC-1,0.000018,0.008579,0.410082,0.1747,0.093344,0.313276
AACACGCGGCCGCGAA-1,0.000042,0.000042,0.68303,0.308498,0.001224,0.007163
AACAGCTGTGTGGCAA-1,0.000024,0.129895,0.45063,0.089638,0.276259,0.053553
AACAGGAAATCGAATA-1,0.008866,0.04348,0.641688,0.24549,0.000129,0.060347
AACAGGATGGGCCGCG-1,0.000013,0.000013,0.026318,0.544987,0.00614,0.422529
AACAGGTAGTATGGAT-1,0.000016,0.007727,0.188006,0.585018,0.016792,0.202442
AACATAGCGTGTATCG-1,0.000014,0.037203,0.094917,0.377567,0.114297,0.376002
AACATATCAACTGGTG-1,0.000052,0.000052,0.6206,0.378611,0.000052,0.000634
AACATCGATACGTCTA-1,0.000028,0.206509,0.348208,0.194307,0.098152,0.152794
AACATTGAAGTTGATC-1,0.00014,0.998464,0.000279,0.000558,0.00014,0.000419
AACATTGGTCAGCCGT-1,0.000031,0.023551,0.268704,0.678888,0.027124,0.001701
AACATTGTGACTCGAG-1,0.000026,0.669026,0.27335,0.047095,0.010424,0.000078
AACCAAGACTTCTCTG-1,0.000021,0.022797,0.286956,0.426542,0.014111,0.249572
AACCAGTATCACTCTT-1,0.00012,0.00012,0.998797,0.000481,0.00012,0.000361
AACCATAGGGTTGAAC-1,0.000043,0.999523,0.000087,0.000174,0.000043,0.00013
AACCATGGGATCGCTA-1,0.000109,0.255405,0.743614,0.000436,0.000109,0.000327
AACCCAGAGACGGAGA-1,0.000135,0.288704,0.710085,0.000539,0.000135,0.000404
AACCCATCCCATGATC-1,0.000031,0.125643,0.255845,0.190237,0.180539,0.247706
AACCCGACAACCCGTG-1,0.000028,0.525053,0.080016,0.00054,0.364755,0.029609
AACCCGAGCAGAATCG-1,0.000021,0.00905,0.356598,0.515763,0.002313,0.116255
AACCCGCTGTATTCCA-1,0.00384,0.822423,0.069549,0.034461,0.069504,0.000224
AACCCTACTGTCAATA-1,0.00002,0.00002,0.104307,0.512996,0.005259,0.377399
AACCCTGGTGGAACCA-1,0.006574,0.032763,0.699262,0.229549,0.000072,0.031779
AACCGAGCTTGGTCAT-1,0.000107,0.000107,0.444653,0.495679,0.000107,0.059346
AACCGCTAAGGGATGC-1,0.000022,0.009229,0.412157,0.2525,0.015143,0.310948
AACCGTTGTGTTTGCT-1,0.003674,0.168823,0.491358,0.310871,0.000109,0.025165
AACCTAAAGCCGTCCG-1,0.000037,0.000037,0.356914,0.594937,0.000037,0.048038
AACCTCGCTTTAGCCC-1,0.000018,0.137779,0.052686,0.237382,0.114549,0.457587
AACCTGTCACGGAATT-1,0.000024,0.000089,0.434538,0.523153,0.037298,0.004898
AACCTTTAAATACGGT-1,0.000022,0.043948,0.307086,0.266032,0.208059,0.174854
AACCTTTACGACGTCT-1,0.000377,0.404894,0.591712,0.001508,0.000377,0.001131
AACGAAAGTCGTCCCA-1,0.000023,0.090575,0.278264,0.136062,0.340528,0.154548
AACGACCTCCTAGCCG-1,0.000042,0.057455,0.314883,0.355988,0.019086,0.252547
AACGATAATGCCGTAG-1,0.000033,0.253485,0.456365,0.115972,0.130463,0.043682
AACGATAGAAGGGCCG-1,0.000086,0.132547,0.60442,0.191702,0.070986,0.000259
AACGATATGTCAACTG-1,0.000063,0.000063,0.141244,0.804143,0.000063,0.054423
AACGCATGATCTGGGT-1,0.000264,0.165226,0.8324,0.001055,0.000264,0.000791
AACGCGAACGGCAACA-1,0.000066,0.05364,0.929234,0.016799,0.000066,0.000197
AACGCGACCTTGGGCG-1,0.000022,0.176097,0.082216,0.0745,0.397154,0.270011
AACGCGGTCTCCAGCC-1,0.000068,0.000068,0.093058,0.804377,0.070636,0.031792
AACGCTGTTGCTGAAA-1,0.000644,0.000011,0.00984,0.103533,0.017342,0.868629
AACGGACGTACGTATA-1,0.004931,0.06773,0.018058,0.271764,0.029506,0.608013
AACGGCCATCTCCGGT-1,0.000689,0.083953,0.246412,0.124248,0.038051,0.506647
AACGTACTGTGGGTAC-1,0.000035,0.011644,0.202576,0.254968,0.336585,0.194193
AACGTAGTCTACCCAT-1,0.000059,0.021613,0.668504,0.309588,0.000059,0.000177
AACGTCAGACTAGTGG-1,0.000025,0.000025,0.165137,0.675794,0.034167,0.124851
AACGTCATCCGGCTTG-1,0.000075,0.666565,0.05971,0.057584,0.089498,0.126568
AACGTCGCTGCACTTC-1,0.000031,0.097585,0.393236,0.260241,0.062646,0.18626
AACGTGATGAAGGACA-1,0.000176,0.082131,0.916287,0.000703,0.000176,0.000527
AACGTGCGAAAGTCTC-1,0.000034,0.025565,0.758402,0.15789,0.000034,0.058074
AACGTTATCAGCACCT-1,0.003448,0.001877,0.062317,0.828395,0.030072,0.073892
AACGTTCTACCATTGT-1,0.000064,0.000064,0.256976,0.548205,0.000064,0.194628
AACTACCCGTTTGTCA-1,0.000048,0.000048,0.601424,0.358545,0.000048,0.039887
AACTAGCGTATCGCAC-1,0.000043,0.02513,0.287757,0.686899,0.000043,0.000129
AACTAGGCTTGGGTGT-1,0.000052,0.014499,0.941348,0.001219,0.034796,0.008085
AACTCAAGTTAATTGC-1,0.000019,0.149439,0.121885,0.41817,0.048358,0.262129
AACTCCAGAGCGTGTT-1,0.000027,0.019953,0.33364,0.15602,0.07681,0.413551
AACTCGATAAACACGT-1,0.00001,0.010718,0.086234,0.769688,0.08642,0.046929
AACTCGATGGCGCAGT-1,0.000172,0.353327,0.645126,0.000687,0.000172,0.000515
AACTCTCAATAGAGCG-1,0.000019,0.000019,0.07351,0.514691,0.000149,0.411611
AACTCTCAGTGTGCTC-1,0.000018,0.029774,0.24566,0.164204,0.238751,0.321593
AACTGAGTTATACTGA-1,0.000044,0.021,0.313356,0.660934,0.000044,0.004623
AACTGATATTAGGCCT-1,0.002981,0.025404,0.824129,0.147011,0.000119,0.000356
AACTGGGTCCCGACGT-1,0.000031,0.01208,0.078284,0.768421,0.090312,0.050873
AACTGGGTTCGAGCCG-1,0.000047,0.000047,0.389059,0.601376,0.008316,0.001153
AACTGGTGTGGGCCTT-1,0.000053,0.000053,0.476083,0.522988,0.000662,0.00016
AACTTCTGCGTCTATC-1,0.000051,0.000051,0.443959,0.479058,0.054609,0.022273
AACTTGCCCGTATGCA-1,0.000051,0.013487,0.574486,0.143667,0.018957,0.249352
AACTTGCGTTCTCGCG-1,0.000171,0.469321,0.529136,0.000686,0.000171,0.000514
AACTTTACGGGAGCTT-1,0.000025,0.014035,0.309067,0.575734,0.006127,0.095012
AACTTTAGCTGCTGAG-1,0.000033,0.000033,0.286638,0.698957,0.010875,0.003465
AAGAAAGTTTGATGGG-1,0.0001,0.978923,0.020179,0.000399,0.0001,0.000299
AAGAAGGATCAGTTAG-1,0.000133,0.662766,0.336033,0.000533,0.000133,0.0004
AAGACATACGTGGTTT-1,0.000026,0.036552,0.174528,0.518705,0.00302,0.267169
AAGACCAAATAACTCA-1,0.000021,0.446925,0.102037,0.064698,0.343653,0.042667
AAGACCCAACTGAACA-1,0.000014,0.114473,0.343434,0.264148,0.136309,0.141621
AAGACTAACCCGTTGT-1,0.000029,0.000029,0.466754,0.529244,0.003855,0.000088
AAGACTCACGCCCACT-1,0.000056,0.048642,0.381793,0.565015,0.004326,0.000167
AAGACTGCAAGCTACT-1,0.000018,0.000018,0.088874,0.564623,0.020364,0.326104
AAGAGATGAATCGGTA-1,0.000051,0.000051,0.692759,0.137303,0.02156,0.148277
AAGAGCTCTTTATCGG-1,0.000033,0.041915,0.287859,0.442461,0.003735,0.223997
AAGAGGATGTACGCGA-1,0.000026,0.019144,0.251946,0.424691,0.045049,0.259144
AAGAGGCATGGATCGC-1,0.00002,0.00002,0.063286,0.72742,0.001405,0.20785
AAGAGGCCCTTTGGAA-1,0.000012,0.000012,0.095754,0.528105,0.004453,0.371665
AAGATGGCACCGGACC-1,0.00002,0.174514,0.053493,0.259417,0.408537,0.104019
AAGATTGGCGGAACGT-1,0.000057,0.000057,0.58555,0.365823,0.000057,0.048455
AAGCACCCTGCGTATC-1,0.01167,0.027917,0.249067,0.399701,0.088818,0.222826
AAGCATACTCTCCTGA-1,0.000021,0.016474,0.187873,0.313753,0.140372,0.341507
AAGCCACTTGCAGGTA-1,0.00018,0.998016,0.000361,0.000722,0.00018,0.000541
AAGCCGAAGCGGTTTA-1,0.000011,0.000011,0.12486,0.534325,0.034957,0.305837
AAGCCGCCGTGAAATC-1,0.000044,0.999513,0.000089,0.000177,0.000044,0.000133
AAGCCGGAGAGCAGGA-1,0.000023,0.001736,0.025332,0.81317,0.000023,0.159716
AAGCGCAGGGCTTTGA-1,0.000033,0.134167,0.277784,0.171205,0.222276,0.194535
AAGCGGCGTCATGGGT-1,0.000284,0.123766,0.873674,0.001138,0.000284,0.000853
AAGCGTCCCTCATCGA-1,0.00004,0.223979,0.413149,0.104139,0.175717,0.082977
AAGCTAGATCGAGTAA-1,0.000011,0.000011,0.010439,0.351015,0.410023,0.228499
AAGCTATGGATTGACC-1,0.0001,0.83278,0.0002,0.0004,0.108116,0.058405
AAGCTCGTGCCAAGTC-1,0.000021,0.000021,0.072335,0.598486,0.000021,0.329118
AAGCTCTTTCATGGTG-1,0.000034,0.000034,0.146726,0.163102,0.237511,0.452592
AAGGAGAACTTATAAG-1,0.000019,0.000019,0.128281,0.805847,0.008111,0.057722
AAGGAGCGGTTGGTGC-1,0.000018,0.000018,0.078371,0.747376,0.025925,0.148293
AAGGATCGATCGCTTG-1,0.000024,0.020823,0.548429,0.389103,0.034823,0.006799
AAGGATGAGGGACCTC-1,0.000024,0.000024,0.030427,0.792734,0.000292,0.176499
AAGGCAGGCTGTCTCC-1,0.000014,0.021948,0.16627,0.742482,0.012344,0.056943
AAGGCGCGTAAAGCTT-1,0.000018,0.000018,0.100376,0.675811,0.023831,0.199946
AAGGCTGTGCTCATCG-1,0.000041,0.000041,0.220915,0.653611,0.000041,0.125351
AAGGGAACGACTGGCT-1,0.00003,0.507209,0.31769,0.015041,0.142449,0.017581
AAGGGACAGATTCTGT-1,0.000048,0.000048,0.617711,0.314146,0.033854,0.034192
AAGGGACTATGCATTC-1,0.000024,0.191527,0.040029,0.295027,0.322482,0.150911
AAGGGTTAGCCATGCG-1,0.000019,0.012322,0.118655,0.692878,0.0157,0.160427
AAGGGTTTGATTTCAG-1,0.000054,0.220204,0.257527,0.024366,0.497686,0.000163
AAGGTATCCTAATATA-1,0.000039,0.031276,0.064808,0.811628,0.00145,0.0908
AAGGTGATAAACCAGC-1,0.000018,0.01186,0.286096,0.431711,0.014945,0.255369
AAGTAAGCTTCCAAAC-1,0.001786,0.000036,0.678202,0.216954,0.031707,0.071315
AAGTAGAAGACCGGGT-1,0.000044,0.000044,0.615221,0.295042,0.085673,0.003977
AAGTAGTGACGCGAGG-1,0.000029,0.009813,0.394454,0.458661,0.006608,0.130435
AAGTCAATTGTCGTCA-1,0.000038,0.009322,0.389912,0.4211,0.011256,0.168372
AAGTCTTCTGTGGCCT-1,0.000031,0.013345,0.443143,0.128382,0.061646,0.353453
AAGTGACGACCGAATT-1,0.000024,0.01533,0.44308,0.11126,0.016351,0.413955
AAGTGAGTCGGGTTTA-1,0.000034,0.611661,0.251214,0.025827,0.108896,0.002368
AAGTGCAAAGGTAGAC-1,0.000013,0.031732,0.043092,0.727124,0.013104,0.184935
AAGTGCCTTGACTGTA-1,0.00006,0.00006,0.586926,0.31461,0.00006,0.098283
AAGTGCGTTAGAATCT-1,0.000018,0.0278,0.157781,0.148603,0.13317,0.532627
AAGTGCTTCTCTATTG-1,0.000041,0.999547,0.000082,0.000165,0.000041,0.000124
AAGTGTTTGGAGACGG-1,0.000038,0.037402,0.423069,0.122971,0.091973,0.324547
AAGTTCACTCCAAGCT-1,0.000047,0.044344,0.408124,0.065809,0.09779,0.383887
AAGTTCAGTCTGCGTA-1,0.000267,0.241468,0.756128,0.001068,0.000267,0.000801
AAGTTCGGCCAACAGG-1,0.000028,0.049432,0.430947,0.101159,0.125517,0.292918
AAGTTGTGATGTTATA-1,0.000032,0.086885,0.127407,0.148643,0.046439,0.590594
AAGTTTACTAATGGCA-1,0.000035,0.000035,0.393207,0.558841,0.000035,0.047846
AAGTTTATGGGCCCAA-1,0.000428,0.030414,0.153404,0.140019,0.508638,0.167098
AATAACAACGCTCGGC-1,0.000018,0.143667,0.240582,0.383197,0.016933,0.215603
AATAACACTAGAACAA-1,0.000014,0.000044,0.168145,0.192701,0.218237,0.420858
AATAACGTCGCGCCCA-1,0.00002,0.053834,0.21791,0.415349,0.005696,0.307191
AATAAGTCCTCGAGAC-1,0.029729,0.000029,0.093378,0.773934,0.016788,0.086143
AATAATCTTCGTATCG-1,0.004846,0.003083,0.367459,0.541541,0.008061,0.07501
AATACAATGTTTCAGG-1,0.000028,0.034956,0.255904,0.679077,0.003224,0.026811
AATACCGGAGGGCTGT-1,0.000042,0.997459,0.002163,0.000168,0.000042,0.000126
AATACCTGATGTGAAC-1,0.000036,0.04662,0.583278,0.01105,0.046276,0.31274
AATAGAACAGAGTGGC-1,0.000012,0.023115,0.064708,0.321521,0.308683,0.281961
AATAGAATCTGTTTCA-1,0.000013,0.000021,0.075591,0.221991,0.013764,0.688619
AATAGCAAGCCTCCTG-1,0.000415,0.315875,0.680394,0.001658,0.000415,0.001244
AATAGCTACCGCGTGC-1,0.000101,0.598168,0.400925,0.000403,0.000101,0.000302
AATAGGCACGACCCTT-1,0.000366,0.995979,0.000731,0.001462,0.000366,0.001097
AATAGTCCGTCCCGAC-1,0.000043,0.025168,0.290362,0.34976,0.131609,0.203058
AATAGTCGCGAGTCGG-1,0.000024,0.031029,0.352332,0.499844,0.046251,0.07052
AATATCAAGGTCGGAT-1,0.000097,0.029616,0.47929,0.490611,0.000097,0.00029
AATATCCTAGCAAACT-1,0.00001,0.062088,0.140142,0.141445,0.109669,0.546647
AATATCGAATCAATGC-1,0.000021,0.004539,0.723136,0.22264,0.012614,0.03705
AATATCGAGGGTTCTC-1,0.000048,0.167035,0.503659,0.302911,0.020405,0.005943
AATATTGGAGTATTGA-1,0.000058,0.022919,0.735376,0.098678,0.015754,0.127216
AATCAGACTGCAGGAC-1,0.00004,0.00004,0.688717,0.311045,0.00004,0.000119
AATCAGGTTTCATTTA-1,0.000095,0.841715,0.15743,0.00038,0.000095,0.000285
AATCATGTAAAGACTC-1,0.000021,0.010024,0.39224,0.176827,0.028841,0.392046
AATCCAAGGGCCTGAG-1,0.000119,0.462216,0.463125,0.074065,0.000119,0.000357
AATCCATGCAAGGGTG-1,0.000098,0.06051,0.93861,0.000391,0.000098,0.000293
AATCCCGCTCAGAGCC-1,0.000347,0.809418,0.000694,0.001389,0.18711,0.001042
AATCGAGGTCTCAAGG-1,0.000019,0.007187,0.123653,0.307502,0.304362,0.257277
AATCGCCTCAGCGCCA-1,0.000038,0.052752,0.38449,0.420465,0.039781,0.102474
AATCGCGCAGAGGACT-1,0.002214,0.000018,0.095033,0.738387,0.013391,0.150957
AATCGGGACACTACGA-1,0.000071,0.000071,0.353403,0.513359,0.000071,0.133026
AATCGGTATAGCCCTC-1,0.000025,0.036161,0.236859,0.469516,0.078756,0.178683
AATCGTGAGCCGAGCA-1,0.000019,0.0387,0.313576,0.227939,0.280766,0.139
AATCTAGGTTTACTTG-1,0.000018,0.000018,0.060506,0.163042,0.348507,0.42791
AATCTATGCCGGAGCC-1,0.000112,0.1074,0.891588,0.00045,0.000112,0.000337
AATCTCTACTGTGGTT-1,0.000033,0.023987,0.554594,0.171055,0.004045,0.246285
AATCTGCGTTGGGACG-1,0.000023,0.000023,0.17624,0.651753,0.000023,0.171937
AATCTGGCTTTCTAGT-1,0.000027,0.224364,0.146948,0.192497,0.096407,0.339756
AATCTGGGTAGACCCT-1,0.000037,0.000037,0.262955,0.674173,0.051828,0.010969
AATGACAGCAATGTCT-1,0.000028,0.057697,0.29464,0.089216,0.160688,0.397731
AATGACGTAGGATGTC-1,0.000032,0.014859,0.430737,0.082434,0.048832,0.423105
AATGACTGTCAGCCGG-1,0.000036,0.061259,0.185387,0.669319,0.041446,0.042553
AATGAGTTCGCATATG-1,0.000166,0.127599,0.870904,0.000665,0.000166,0.000499
AATGATGATACGCTAT-1,0.000027,0.000027,0.061257,0.902658,0.01202,0.02401
AATGATGCGACTCCTG-1,0.000104,0.006845,0.829758,0.162878,0.000104,0.000312
AATGCAACCGGGTACC-1,0.000041,0.000041,0.202731,0.70684,0.009429,0.080917
AATGCACCAAGCAATG-1,0.000258,0.122211,0.875467,0.001032,0.000258,0.000774
AATGGTCCACCGTTCA-1,0.000029,0.000029,0.40805,0.487238,0.003107,0.101548
AATGGTTCTCACAAGC-1,0.00005,0.024923,0.731087,0.24374,0.00005,0.00015
AATGTATGGCACTGTA-1,0.000045,0.990218,0.009374,0.000181,0.000045,0.000136
AATGTGCCCGAGGTGT-1,0.000042,0.107188,0.324029,0.175718,0.274643,0.11838
AATGTGCTAATCTGAG-1,0.000129,0.998585,0.000257,0.000514,0.000129,0.000386
AATGTTAAGACCCTGA-1,0.000014,0.079922,0.072309,0.339708,0.251124,0.256923
AATGTTGTCGTGAGAC-1,0.000013,0.013505,0.017801,0.446179,0.01007,0.512432
AATTAAAGGTCGGCGT-1,0.003619,0.186253,0.157551,0.228296,0.012934,0.411347
AATTAACGGATTTCCA-1,0.000018,0.038436,0.032516,0.353788,0.180254,0.394988
AATTACGAGACCCATC-1,0.007776,0.037771,0.443335,0.13977,0.272517,0.098831
AATTACTCGTACGCTC-1,0.000103,0.360778,0.638296,0.000412,0.000103,0.000309
AATTAGCGCTGCAGCG-1,0.000039,0.04567,0.358211,0.067926,0.259767,0.268388
AATTATACCCAGCAAG-1,0.000018,0.009734,0.109486,0.237644,0.195438,0.44768
AATTCATAAGGGATCT-1,0.000042,0.113697,0.389196,0.490925,0.000593,0.005548
AATTCATTGTCATGCA-1,0.000032,0.335575,0.049935,0.220992,0.227228,0.166238
AATTCCAACTTGGTGA-1,0.000029,0.033876,0.365173,0.563244,0.01083,0.026848
AATTCCAAGCATGTAC-1,0.000028,0.247561,0.194774,0.192549,0.323256,0.041831
AATTCGATTCGAGGAT-1,0.000026,0.009135,0.288352,0.226017,0.282623,0.193848
AATTCTAGAGTTAGGC-1,0.00005,0.00005,0.45719,0.246101,0.093961,0.202648
AATTGAACGCTCTGGT-1,0.000025,0.055878,0.196414,0.226809,0.062609,0.458265
AATTGCAGCAATCGAC-1,0.000006,0.000006,0.000012,0.040098,0.005458,0.954419
AATTGCGTGGATTACA-1,0.0001,0.83753,0.000201,0.030016,0.0001,0.132053
AATTGTGGTTGCCAAA-1,0.000031,0.141049,0.606284,0.236699,0.000031,0.015905
AATTTGGGACATAGTA-1,0.000518,0.654424,0.340917,0.00207,0.000518,0.001553
AATTTGGTTCCAAAGA-1,0.003183,0.059233,0.675244,0.243803,0.000115,0.018423
ACAAACCATGCGTCCT-1,0.000027,0.935544,0.002037,0.000108,0.062203,0.000081
ACAAACCGACAAGGCG-1,0.000031,0.000031,0.417638,0.523734,0.011054,0.047513
ACAAACTCCATCAGAG-1,0.061119,0.731653,0.20525,0.000989,0.000247,0.000742
ACAAAGAAGGTAGGCC-1,0.000016,0.051252,0.414507,0.089499,0.080539,0.364187
ACAAAGCATGACCTAG-1,0.000006,0.028751,0.005553,0.069356,0.049639,0.846696
ACAAATCGCACCGAAT-1,0.000031,0.017284,0.573913,0.116069,0.026841,0.265862
ACAAATGGTAGTGTTT-1,0.000026,0.012944,0.512307,0.245262,0.082926,0.146535
ACAAATTCAGATCTGA-1,0.000137,0.085097,0.913672,0.000547,0.000137,0.000411
ACAACAGCATGAGCTA-1,0.000038,0.020227,0.45422,0.393809,0.021581,0.110124
ACAACGGTCCCTGCGA-1,0.00003,0.01445,0.287202,0.569717,0.056678,0.071922
ACAAGCAGTGCCTAGC-1,0.000031,0.000031,0.469951,0.390086,0.006574,0.133326
ACAAGCTATATGGAAG-1,0.000017,0.011585,0.345459,0.411576,0.061643,0.169719
ACAAGGAAATCCGCCC-1,0.000014,0.000826,0.061294,0.276924,0.015506,0.645436
ACAAGGACAAGAGGTT-1,0.000012,0.000012,0.030456,0.702754,0.020283,0.246484
ACAAGGATGCTTTAGG-1,0.00002,0.015309,0.447353,0.072443,0.161033,0.303842
ACAAGGCCTACCAGCC-1,0.00035,0.00035,0.996498,0.001401,0.00035,0.00105
ACAAGGGCAGGCTCTG-1,0.000028,0.000028,0.459261,0.122485,0.137203,0.280995
ACAAGTAATTGTAAGG-1,0.000053,0.978852,0.000106,0.000212,0.000053,0.020724
ACAATAGTCGTACGTT-1,0.000037,0.061855,0.483285,0.025438,0.090375,0.339009
ACAATCCATTTAAACC-1,0.000027,0.011566,0.32946,0.352227,0.001416,0.305304
ACAATCGATCTTTATA-1,0.000049,0.000049,0.342007,0.657696,0.000049,0.000148
ACAATGAATACGGAGA-1,0.000024,0.012868,0.138986,0.22776,0.526679,0.093682
ACAATGATTCTTCTAC-1,0.000291,0.504876,0.492502,0.001166,0.000291,0.000874
ACAATTGTGTCTCTTT-1,0.000023,0.013517,0.23656,0.388798,0.07888,0.282222
ACAATTTAGGAGGCTC-1,0.000024,0.048056,0.472492,0.342288,0.020337,0.116802
ACAATTTGAGCAGTGG-1,0.000063,0.031158,0.348673,0.501746,0.009764,0.108598
ACAATTTGGCCATATT-1,0.000012,0.000012,0.216367,0.737815,0.021456,0.024338
ACACAAAGACGGGTGG-1,0.000029,0.000029,0.115552,0.65463,0.009793,0.219967
ACACACCAGGACCAGT-1,0.000035,0.091963,0.611392,0.10843,0.063124,0.125055
ACACACTTTCTACACG-1,0.000103,0.207674,0.559735,0.027497,0.000103,0.204888
ACACATGATCAAATCT-1,0.00003,0.232146,0.562086,0.041391,0.150522,0.013825
ACACATTGACGCAACA-1,0.000082,0.005702,0.863432,0.130457,0.000082,0.000246
ACACATTTCCGTAGAC-1,0.000062,0.29729,0.612372,0.00025,0.089839,0.000187
ACACCACATAATTAGC-1,0.000071,0.008004,0.990586,0.001053,0.000071,0.000214
ACACCCAGCATGCAGC-1,0.000025,0.000025,0.056819,0.871033,0.019796,0.052301
ACACCCGAGAAATCCG-1,0.000024,0.000024,0.332622,0.641914,0.014155,0.011262
ACACCGAGCGCTCTTT-1,0.000069,0.373058,0.626317,0.000278,0.000069,0.000208
ACACCGGTCTGACCGC-1,0.000033,0.897237,0.057375,0.002348,0.042909,0.000098
ACACCTTAAGTAGGGC-1,0.000043,0.021652,0.561634,0.388791,0.01422,0.01366
ACACCTTACTACTTGC-1,0.000021,0.000021,0.230882,0.671733,0.020781,0.076562
ACACGAGACTCCTTCT-1,0.027412,0.00003,0.127079,0.533944,0.002706,0.308829
ACACGGCACTATGCAT-1,0.000115,0.000115,0.45471,0.395615,0.000115,0.14933
ACACGGGAACTTAGGG-1,0.000121,0.000121,0.194286,0.671307,0.000121,0.134044
ACACGTAGGCCACAAG-1,0.000008,0.002785,0.050178,0.429409,0.007151,0.510469
ACACTCCAATGTCACT-1,0.000075,0.000075,0.981843,0.017708,0.000075,0.000224
ACACTGATCAAGGTGT-1,0.000013,0.042979,0.068508,0.201895,0.230405,0.4562
ACACTGGGACAGTCGT-1,0.000026,0.001971,0.483593,0.399633,0.000141,0.114636
ACAGAACTGAGAACAA-1,0.000442,0.00001,0.025311,0.29748,0.222201,0.454556
ACAGATTAGGTTAGTG-1,0.001892,0.165284,0.32542,0.435217,0.012527,0.05966
ACAGCATAGAGCCAGT-1,0.000099,0.046151,0.413629,0.335695,0.175999,0.028426
ACAGCGACATTCTCAT-1,0.000602,0.053743,0.067487,0.212382,0.169192,0.496594
ACAGCGCACCCGCAGC-1,0.000223,0.004832,0.993158,0.000894,0.000223,0.00067
ACAGGAGGCGCAGCCG-1,0.000013,0.000013,0.123448,0.760602,0.025523,0.090401
ACAGGCACGGATCCTT-1,0.000036,0.041609,0.503159,0.138107,0.109599,0.207489
ACAGGCTTGCCCGACT-1,0.00003,0.009907,0.416739,0.129623,0.017332,0.426371
ACAGGTGGAGGTGAGG-1,0.000025,0.040194,0.257464,0.320852,0.26112,0.120345
ACAGGTGTGTTGTTGC-1,0.000027,0.049544,0.366239,0.246652,0.100949,0.236589
ACAGTAATACAACTTG-1,0.000018,0.059361,0.253883,0.251222,0.060801,0.374715
ACAGTATACCGTGGGA-1,0.000209,0.402917,0.569913,0.026123,0.000209,0.000628
ACATAAGTCGTGGTGA-1,0.000027,0.174992,0.206199,0.202701,0.267827,0.148252
ACATAATAAGGCGGTG-1,0.000107,0.000107,0.310641,0.527436,0.099667,0.062041
ACATACAATCAAGCGG-1,0.000018,0.021767,0.160692,0.323323,0.15562,0.33858
ACATCAGCTGGGACGC-1,0.00002,0.037988,0.338258,0.42923,0.007975,0.186529
ACATCCCGGCCATACG-1,0.000051,0.017542,0.545665,0.097784,0.243883,0.095074
ACATCCTGGTAACTGT-1,0.000042,0.000042,0.512873,0.292259,0.000042,0.194742
ACATCGATCGTTTACC-1,0.000025,0.004164,0.079061,0.129506,0.011254,0.77599
ACATCGCAATATTCGG-1,0.000152,0.998324,0.000305,0.000609,0.000152,0.000457
ACATCGGTCAGCCGCG-1,0.000036,0.016225,0.315657,0.214727,0.010032,0.443323
ACATCGTATGCAATGG-1,0.000019,0.000019,0.090547,0.1622,0.035322,0.711893
ACATCGTTAACCTAGT-1,0.000177,0.093305,0.435215,0.470597,0.000177,0.00053
ACATCTCAACGCGTAA-1,0.000052,0.000052,0.702796,0.255159,0.015172,0.02677
ACATGCTTACGGCAGC-1,0.000116,0.99872,0.000233,0.000466,0.000116,0.000349
ACATGGCGCCAAAGTA-1,0.000026,0.000026,0.231925,0.658645,0.000026,0.109352
ACATGGCTCAATTTAG-1,0.000103,0.051317,0.947759,0.000411,0.000103,0.000308
ACATTAGTTTATATCC-1,0.000036,0.000036,0.346892,0.091127,0.150558,0.411351
ACATTCGCGCGGAATA-1,0.000219,0.500522,0.000437,0.058364,0.420546,0.019912
ACATTTGAAACCTAAC-1,0.000884,0.090798,0.463655,0.113954,0.083484,0.247225
ACCAAACACCCAGCGA-1,0.000048,0.508017,0.365516,0.016007,0.000048,0.110363
ACCAAACTAGAAATCC-1,0.000032,0.004534,0.248907,0.625761,0.012105,0.108661
ACCAACCGCACTCCAC-1,0.000007,0.000007,0.002899,0.031615,0.042938,0.922535
ACCAACGCTTATTTAT-1,0.000031,0.074958,0.342349,0.262402,0.207422,0.112839
ACCAAGAACGCGTGTC-1,0.000077,0.079117,0.594123,0.115925,0.123165,0.087593
ACCAAGTCATCGGCAG-1,0.000662,0.080505,0.012473,0.195723,0.099766,0.61087
ACCAATATGCAAGTTA-1,0.0005,0.000013,0.000572,0.200054,0.39164,0.407222
ACCACAACTCAGAACA-1,0.000086,0.018278,0.928171,0.053122,0.000086,0.000257
ACCACAAGTTTCTATC-1,0.000031,0.000031,0.24353,0.623942,0.012385,0.120081
ACCACACGGTTGATGG-1,0.000037,0.023371,0.36578,0.192798,0.37105,0.046963
ACCACCAATGTAACAA-1,0.000016,0.000016,0.23374,0.622698,0.03459,0.108941
ACCACGTGCAGCTATA-1,0.00005,0.011304,0.655994,0.059693,0.049926,0.223034
ACCACTGTTCAAGAAG-1,0.00005,0.387552,0.611996,0.000201,0.00005,0.000151
ACCAGACCATAACAAC-1,0.000009,0.009553,0.080673,0.325166,0.058793,0.525806
ACCAGCCCGGTCTTTG-1,0.001875,0.000066,0.50567,0.484686,0.000066,0.007637
ACCAGGAGTGTGATCT-1,0.010138,0.000022,0.315813,0.594771,0.006947,0.072309
ACCAGTGCCCGGTCAA-1,0.000291,0.283934,0.713443,0.001166,0.000291,0.000874
ACCAGTGCGGGAGACG-1,0.00003,0.018566,0.415998,0.329118,0.012985,0.223303
ACCATATCCGCAATAA-1,0.000027,0.020352,0.415542,0.38709,0.030221,0.146768
ACCATCCGCCAACTAG-1,0.00125,0.000011,0.00181,0.031982,0.034821,0.930126
ACCATCGTATATGGTA-1,0.000045,0.082249,0.443097,0.174722,0.006136,0.29375
ACCATTAAGGGTGTCA-1,0.000206,0.401077,0.597066,0.000825,0.000206,0.000619
ACCCAACGCCCGTGGC-1,0.00002,0.00002,0.09677,0.672973,0.012431,0.217785
ACCCACCTACATGCTC-1,0.000031,0.018661,0.467718,0.489035,0.001411,0.023143
ACCCATCTTGAGGGTA-1,0.00003,0.051002,0.225553,0.290117,0.036957,0.396341
ACCCATTTGTCCCTCT-1,0.000023,0.059072,0.279193,0.190551,0.14358,0.327581
ACCCGAGCGAAATTAC-1,0.000025,0.382856,0.097183,0.191034,0.168068,0.160834
ACCCGATTGGTTCCGA-1,0.006947,0.48698,0.000349,0.202217,0.03173,0.271777
ACCCGGAAACTCCCAG-1,0.000015,0.018528,0.03207,0.272283,0.246487,0.430617
ACCCGGAGCACCACAA-1,0.000045,0.000045,0.226617,0.689428,0.000045,0.083819
ACCCGGATGACGCATC-1,0.000041,0.01678,0.388397,0.452497,0.006678,0.135607
ACCCGGTTACACTTCC-1,0.000031,0.047261,0.353802,0.227838,0.012025,0.359043
ACCCGTAGCAGAGAAT-1,0.000243,0.88636,0.111454,0.000972,0.000243,0.000729
ACCCGTAGTCTAGTTG-1,0.000038,0.04198,0.452578,0.318994,0.000038,0.186373
ACCCGTGTCATCAGTA-1,0.000032,0.430292,0.166621,0.103872,0.054452,0.244731
ACCCTATGCCATATCG-1,0.000033,0.028144,0.147217,0.37607,0.244322,0.204214
ACCCTCCCGTCAGGGC-1,0.00002,0.014097,0.113416,0.125292,0.074896,0.672278
ACCCTCCCTTGCTATT-1,0.000042,0.00264,0.454076,0.35449,0.026644,0.162107
ACCCTGGTAACGCCCT-1,0.000039,0.999574,0.000077,0.000155,0.000039,0.000116
ACCCTTCATCTGCGAA-1,0.000078,0.254728,0.418165,0.326719,0.000078,0.000233
ACCCTTTAGTTCTCCA-1,0.000116,0.000116,0.980315,0.01899,0.000116,0.000347
ACCGAAAGGGCCCTGC-1,0.002257,0.007825,0.531734,0.430367,0.027635,0.000181
ACCGAAGAGTCTGGTT-1,0.000026,0.05366,0.141266,0.280411,0.375626,0.149011
ACCGACACATCTCCCA-1,0.000026,0.132957,0.282076,0.157401,0.316057,0.111482
ACCGACTGAGTCCCAC-1,0.000051,0.000051,0.181436,0.561032,0.000051,0.25738
ACCGAGTCTCCTTATT-1,0.000022,0.004203,0.101298,0.359745,0.324782,0.209951
ACCGATAGGCATAACC-1,0.000013,0.000013,0.096663,0.621158,0.010272,0.27188
ACCGATATTTAATCAT-1,0.000034,0.007054,0.338377,0.556532,0.000998,0.097006
ACCGATGGTAGCATCG-1,0.000039,0.000039,0.464824,0.476389,0.022202,0.036508
ACCGCAATAACTGCCT-1,0.001044,0.098071,0.782438,0.006174,0.015072,0.097201
ACCGCGGTGGAAGTCG-1,0.000017,0.000017,0.427656,0.394492,0.007994,0.169824
ACCGCTAGTCATTGGT-1,0.000082,0.779599,0.000164,0.014101,0.000082,0.205971
ACCGGGCCTTTGTTGA-1,0.000029,0.015435,0.214046,0.471777,0.000029,0.298684
ACCGGTCAGGTACACC-1,0.00003,0.130348,0.450241,0.138034,0.236905,0.044442
ACCGGTCTGAGTACGG-1,0.000206,0.000206,0.997942,0.000823,0.000206,0.000617
ACCGTCCACTGGGCCC-1,0.000047,0.325859,0.271411,0.25538,0.109137,0.038166
ACCGTGACCACGTGGG-1,0.000036,0.357014,0.464511,0.061059,0.113076,0.004304
ACCGTTCCCGCTCTGA-1,0.000039,0.000039,0.142492,0.776164,0.009244,0.072021
ACCTAAGTACCTTTCA-1,0.003168,0.011432,0.268194,0.171119,0.049118,0.496969
ACCTAATCGACTTCCT-1,0.000038,0.019014,0.262203,0.587527,0.028524,0.102694
ACCTACAGTATGTGGT-1,0.000028,0.000028,0.397701,0.578973,0.018986,0.004284
ACCTACTATAAATCTA-1,0.000961,0.257983,0.010194,0.044928,0.447679,0.238254
ACCTCAGCGAGGCGCA-1,0.00002,0.073907,0.153662,0.257224,0.078448,0.436738
ACCTCCGCCCTCGCTG-1,0.000024,0.011929,0.263855,0.363088,0.022937,0.338167
ACCTCCGTTATTCACC-1,0.000042,0.002516,0.410842,0.497436,0.013318,0.075846
ACCTCGAACTTATGCT-1,0.00005,0.822264,0.00039,0.091509,0.033135,0.052651
ACCTGCGTGTCATGTT-1,0.000023,0.019252,0.185996,0.296125,0.085145,0.41346
ACCTTTCCTTTAGAAG-1,0.000048,0.01816,0.45271,0.501284,0.000048,0.02775
ACGAAATGGGCGGCAC-1,0.000031,0.045398,0.551819,0.105641,0.019733,0.277378
ACGACCCATGAGTTGC-1,0.000059,0.145354,0.027657,0.608551,0.000059,0.218319
ACGACTCTAGGGCCGA-1,0.000018,0.027641,0.128743,0.186819,0.355785,0.300993
ACGACTGGTCATACTC-1,0.000174,0.498793,0.444798,0.021462,0.009798,0.024975
ACGAGAACCCATCACG-1,0.000118,0.020192,0.810018,0.169199,0.000118,0.000355
ACGAGATATTTGCTTA-1,0.000144,0.178074,0.804674,0.000577,0.000144,0.016387
ACGAGGATACCACTCT-1,0.000029,0.040328,0.372824,0.187657,0.176986,0.222177
ACGAGGTTTACAACGT-1,0.000011,0.005868,0.004448,0.325125,0.269533,0.395016
ACGAGTACGGATGCCC-1,0.000072,0.000072,0.616235,0.379442,0.000072,0.004107
ACGAGTCGCCGGCGTT-1,0.00002,0.001152,0.455515,0.451253,0.060973,0.031086
ACGATACATAGAACTA-1,0.000027,0.027896,0.035025,0.869961,0.018028,0.049063
ACGATACCTATCCTGA-1,0.000016,0.02689,0.165796,0.553906,0.013641,0.239751
ACGATCATACATAGAG-1,0.000095,0.000095,0.114044,0.785299,0.100068,0.000399
ACGATCATCTTGTAAA-1,0.000099,0.050655,0.662085,0.221216,0.000099,0.065847
ACGATGCATATGTTAT-1,0.000036,0.038412,0.52821,0.31327,0.015351,0.104722
ACGATGGATCCGATGC-1,0.000086,0.074056,0.574859,0.146448,0.000086,0.204465
ACGCAAACTAATAGAT-1,0.000014,0.088491,0.020757,0.155474,0.667821,0.067443
ACGCAATCACTACAGC-1,0.000115,0.014537,0.984424,0.000462,0.000115,0.000346
ACGCATAAATGACATG-1,0.000178,0.118854,0.867365,0.012891,0.000178,0.000534
ACGCATACGTTTACTA-1,0.000043,0.040766,0.728783,0.110856,0.002503,0.117049
ACGCATTCGTGAGTAC-1,0.000026,0.000026,0.039633,0.553686,0.000453,0.406178
ACGCCACTCGAAACAG-1,0.001213,0.156412,0.003728,0.193612,0.416486,0.228549
ACGCCAGATGATTTCT-1,0.000296,0.126351,0.774543,0.097628,0.000296,0.000887
ACGCCAGTGCGTTTGC-1,0.000023,0.000023,0.165348,0.064432,0.081909,0.688265
ACGCCCAGCTGTCGAT-1,0.002012,0.000023,0.089808,0.808726,0.028673,0.070758
ACGCCGCTAGACGACC-1,0.000035,0.005518,0.430809,0.068592,0.042104,0.452942
ACGCCTGACACGCGCT-1,0.000023,0.005873,0.229947,0.665155,0.004976,0.094026
ACGCGAAGTCAGACGA-1,0.000021,0.007634,0.248767,0.141611,0.391463,0.210503
ACGCGCTACACAGGGT-1,0.000021,0.01743,0.085083,0.06318,0.206785,0.627501
ACGCGGGCCAAGGACA-1,0.000017,0.000017,0.086034,0.440438,0.022383,0.451112
ACGCGTTTCTTAAGAG-1,0.000017,0.004027,0.216933,0.643989,0.027396,0.107638
ACGCTACTGAATGGGC-1,0.000031,0.002554,0.248901,0.6306,0.009796,0.108118
ACGCTAGTGATACACT-1,0.000097,0.000097,0.62062,0.3788,0.000097,0.00029
ACGCTGTGAGGCGTAG-1,0.000028,0.191307,0.01877,0.487328,0.021419,0.281149
ACGCTTAGTGTCTCTC-1,0.000031,0.000031,0.148847,0.819711,0.007715,0.023665
ACGGAACACGAGTGCC-1,0.000037,0.049534,0.438745,0.103386,0.038573,0.369725
ACGGAATTTAGCAAAT-1,0.000135,0.171547,0.827236,0.000541,0.000135,0.000406
ACGGACGCAGCGACAA-1,0.000131,0.998559,0.000262,0.000524,0.000131,0.000393
ACGGACTCTCAAAGCG-1,0.000018,0.000018,0.075131,0.309985,0.428207,0.186642
ACGGAGCGCAAATTAC-1,0.00015,0.320392,0.678262,0.000598,0.00015,0.000449
ACGGATGGTGCGGATA-1,0.000017,0.000017,0.039554,0.136684,0.230059,0.59367
ACGGCACTTGCTTGGG-1,0.000047,0.003235,0.551315,0.092116,0.285686,0.067602
ACGGCCAACATGGACT-1,0.000027,0.048296,0.588082,0.093665,0.234531,0.035399
ACGGCGACGATGGGAA-1,0.000011,0.000011,0.055502,0.084522,0.029803,0.83015
ACGGCGGGTTGCCCTG-1,0.000022,0.019523,0.091404,0.81814,0.052325,0.018586
ACGGCTGGATGTAGAA-1,0.000019,0.405507,0.001643,0.067122,0.395584,0.130126
ACGGGAGTGTCGGCCC-1,0.000024,0.072045,0.230403,0.138366,0.049085,0.510076
ACGGGTCATGTGACTT-1,0.000134,0.200323,0.70664,0.000534,0.091969,0.000401
ACGGGTTGTGACCTGT-1,0.000095,0.998959,0.000189,0.000378,0.000095,0.000284
ACGGTACAGTTCAATG-1,0.000039,0.010042,0.436947,0.123172,0.192475,0.237324
ACGGTCACCGAGAACA-1,0.005388,0.994096,0.000103,0.000206,0.000052,0.000155
ACGTACAGATTTCTCT-1,0.00014,0.053616,0.444033,0.346389,0.00014,0.155682
ACGTACTTTGGCACGG-1,0.000045,0.727534,0.000089,0.08673,0.061012,0.12459
ACGTAGATTGCTGATG-1,0.000014,0.000014,0.004955,0.604392,0.002015,0.38861
ACGTAGGAGAGTCGCT-1,0.000022,0.001218,0.122951,0.199468,0.435366,0.240976
ACGTATTACTCCGATC-1,0.000058,0.000058,0.693968,0.102919,0.000058,0.202939
ACGTCCTAAACGAGAT-1,0.000022,0.00099,0.421128,0.416499,0.000022,0.161338
ACGTCGGGCAACTCGG-1,0.007786,0.695481,0.000225,0.254453,0.041717,0.000338
ACGTCTCGTTCCGGGA-1,0.000019,0.181886,0.056745,0.134889,0.076452,0.550009
ACGTGACAAAGTAAGT-1,0.00103,0.004845,0.043698,0.298268,0.394897,0.257262
ACGTGCGCCTCGTGCA-1,0.000129,0.058974,0.725458,0.175371,0.000129,0.039939
ACGTGGTCGAATGTGC-1,0.000041,0.051546,0.4556,0.47489,0.002429,0.015494
ACGTTAATGTCGAAGA-1,0.000015,0.019115,0.116252,0.332107,0.015661,0.51685
ACGTTAGATTTGCCCG-1,0.000039,0.012816,0.360834,0.090842,0.093828,0.44164
ACGTTATTGGTCACTC-1,0.000048,0.000048,0.523719,0.460172,0.010945,0.005068
ACGTTCACTATGCCGC-1,0.000204,0.997759,0.000408,0.000815,0.000204,0.000611
ACGTTCCGCGCTCCGT-1,0.000066,0.097654,0.382588,0.434058,0.016019,0.069615
ACGTTCGCAATCAATT-1,0.000029,0.076375,0.276653,0.599484,0.03257,0.01489
ACGTTCGTTCAGGAAA-1,0.000041,0.171909,0.768612,0.018292,0.041021,0.000124
ACGTTCTGTACAAGTC-1,0.000043,0.016966,0.350095,0.053992,0.297358,0.281546
ACGTTGTCGTTGAAAG-1,0.000175,0.99807,0.000351,0.000702,0.000175,0.000526
ACGTTTCGGTGCACTT-1,0.000018,0.016878,0.042391,0.606004,0.000018,0.334691
ACTAATACGTCAGGCG-1,0.000228,0.176749,0.821197,0.000913,0.000228,0.000685
ACTACAAAGAGAGGTG-1,0.000028,0.999697,0.000055,0.00011,0.000028,0.000083
ACTACATCCCGACAAG-1,0.013462,0.25641,0.279767,0.094232,0.355506,0.000623
ACTACCAGCTCTCTGG-1,0.000035,0.000035,0.296627,0.579822,0.032836,0.090645
ACTACCATCCGAGGGC-1,0.000253,0.910368,0.087359,0.00101,0.000253,0.000758
ACTACGCGTTAGAATT-1,0.000099,0.16856,0.640819,0.052338,0.065795,0.072389
ACTAGTTGCGATCGTC-1,0.000022,0.017449,0.404874,0.396066,0.009163,0.172426
ACTATATGCTGTGTTC-1,0.000168,0.731439,0.267052,0.000671,0.000168,0.000503
ACTATCCAGGGCATGG-1,0.000028,0.000028,0.190146,0.671284,0.000028,0.138486
ACTATCGCCGGCTAAA-1,0.00007,0.490386,0.508984,0.00028,0.00007,0.00021
ACTATCTGCCCGCGTA-1,0.001087,0.000021,0.143978,0.564473,0.000021,0.29042
ACTATGTCCAGCTGCC-1,0.000038,0.800988,0.009552,0.098288,0.040358,0.050776
ACTATTCGTCCGTGGT-1,0.000202,0.588785,0.241712,0.168493,0.000202,0.000605
ACTATTTCCGGGCCCA-1,0.000034,0.017054,0.470806,0.073578,0.397219,0.041308
ACTCAACGAATGTATT-1,0.000068,0.016898,0.871764,0.078548,0.032519,0.000203
ACTCAAGTGCAAGGCT-1,0.000022,0.029875,0.268414,0.180005,0.260593,0.261092
ACTCAATAAAGGCACG-1,0.000048,0.000048,0.152186,0.617976,0.10036,0.129383
ACTCAGACCTGCTTCT-1,0.000198,0.045275,0.434858,0.518878,0.000198,0.000594
ACTCATGGCAGCCTTC-1,0.000078,0.999142,0.000156,0.000312,0.000078,0.000234
ACTCCAATATCATCAT-1,0.000123,0.529054,0.469833,0.00049,0.000133,0.000368
ACTCCCATTCCTAAAG-1,0.003547,0.071254,0.445656,0.03838,0.086083,0.355079
ACTCCCGAATTCGTTT-1,0.000051,0.000051,0.447613,0.541418,0.009024,0.001843
ACTCCCTAATGCTAAA-1,0.000012,0.000012,0.00727,0.232223,0.566855,0.193628
ACTCCCTAGAATAGTA-1,0.00063,0.035676,0.187838,0.035702,0.025244,0.714909
ACTCCGGCCGACCACT-1,0.005945,0.013601,0.336332,0.157789,0.321609,0.164723
ACTCGATGTATTTCAT-1,0.000084,0.000084,0.670243,0.275414,0.053925,0.000251
ACTCGCCGTTCGATAA-1,0.000024,0.000083,0.152229,0.412867,0.017511,0.417286
ACTCGCGATCTGACGC-1,0.000076,0.018771,0.980547,0.000303,0.000076,0.000227
ACTCGTAACCCGTCCT-1,0.001898,0.181458,0.25563,0.148192,0.093664,0.319158
ACTCGTCAGTAATCCC-1,0.000046,0.000046,0.563107,0.225052,0.000046,0.211703
ACTCTAAACCTGGGAT-1,0.00001,0.005909,0.147499,0.633796,0.029192,0.183594
ACTCTCTGACTTAGGT-1,0.000048,0.000048,0.56399,0.239297,0.045695,0.150921
ACTCTCTTATACACGA-1,0.00023,0.11239,0.885539,0.000921,0.00023,0.000691
ACTCTGACCTAATAGA-1,0.000018,0.000018,0.231121,0.086893,0.069149,0.612801
ACTCTTCAGCTCCCGC-1,0.000277,0.038762,0.958746,0.001107,0.000277,0.000831
ACTCTTGTATAGTAAC-1,0.000028,0.018977,0.252404,0.510497,0.036336,0.181758
ACTGAAACGCCGTTAG-1,0.00001,0.029903,0.008367,0.08171,0.01813,0.861881
ACTGAATGGCGAAAGT-1,0.000009,0.000009,0.011171,0.104841,0.046462,0.837509
ACTGATTTAGTGATTC-1,0.000046,0.000046,0.157621,0.827307,0.008096,0.006884
ACTGCCCGCCATTCTC-1,0.00007,0.999232,0.00014,0.000279,0.00007,0.000209
ACTGCCGTCGTAACTC-1,0.007579,0.14752,0.822439,0.021493,0.000242,0.000727
ACTGCGGACACACCGT-1,0.000033,0.000033,0.374054,0.567262,0.056766,0.001851
ACTGCTCGGAAGGATG-1,0.00633,0.015518,0.235484,0.157933,0.377698,0.207036
ACTGGGATGCCAGTGC-1,0.000046,0.732244,0.115414,0.074069,0.053231,0.024995
ACTGTACGATACACAT-1,0.000117,0.000117,0.507002,0.35724,0.000117,0.135407
ACTGTAGCACTTTGGA-1,0.000035,0.000035,0.207435,0.679366,0.00486,0.10827
ACTGTATACGCGAGCA-1,0.000152,0.215474,0.783158,0.000608,0.000152,0.000456
ACTGTCCAGGATTATA-1,0.00115,0.000042,0.655047,0.255347,0.008944,0.079471
ACTGTCTTCTTTAGAA-1,0.00006,0.00006,0.38058,0.354208,0.008716,0.256377
ACTGTGCTAGTAGATC-1,0.000111,0.650201,0.348797,0.000446,0.000111,0.000334
ACTGTTTAGTGTAGGC-1,0.000038,0.000038,0.179053,0.709953,0.019062,0.091856
ACTTACCGGGCGCGCA-1,0.000415,0.000415,0.995854,0.001658,0.000415,0.001244
ACTTACGCATCCACGC-1,0.000027,0.0039,0.182351,0.136489,0.292152,0.385082
ACTTAGTACGACAAGA-1,0.000134,0.220376,0.778422,0.000534,0.000134,0.000401
ACTTATACTTACCCGG-1,0.000023,0.000023,0.112409,0.721376,0.005067,0.161102
ACTTATCTGATCTATA-1,0.000049,0.012629,0.336874,0.503718,0.033912,0.112819
ACTTATTAGGATCGGT-1,0.000057,0.052984,0.589072,0.14937,0.006585,0.201934
ACTTATTTATGTGCCA-1,0.000055,0.199048,0.577064,0.070892,0.011352,0.141589
ACTTCAGGCTGATCCC-1,0.000025,0.002187,0.168299,0.100863,0.021414,0.707212
ACTTCCAGTGGAAGCT-1,0.000033,0.057941,0.371459,0.156885,0.340512,0.073169
ACTTCCATGCGGGACA-1,0.000045,0.021404,0.461564,0.099265,0.14823,0.269492
ACTTCGCCATACGCAC-1,0.000079,0.000079,0.112626,0.712872,0.009165,0.16518
ACTTGACTCCCTCTTT-1,0.000023,0.000023,0.00146,0.154086,0.011687,0.83272
ACTTGCCATATTGTAC-1,0.000036,0.023433,0.18103,0.723478,0.000036,0.071987
ACTTGCTCTATCTACC-1,0.005386,0.724578,0.000517,0.095869,0.036374,0.137276
ACTTGGGACCCGGTGG-1,0.000025,0.000888,0.225493,0.569246,0.00534,0.199008
ACTTGGGCTTTCGCCA-1,0.000048,0.181173,0.206611,0.288927,0.138715,0.184525
ACTTGTAGTCCCTTCA-1,0.000031,0.002689,0.293178,0.194316,0.150433,0.359355
ACTTGTGGATGGAACG-1,0.00002,0.00002,0.408765,0.439514,0.006432,0.145249
ACTTGTTACCGGATCA-1,0.000098,0.515821,0.483294,0.000394,0.000098,0.000295
ACTTTACCCTCATGAA-1,0.000036,0.000036,0.265618,0.686424,0.005565,0.04232
ACTTTATACACCACTT-1,0.000149,0.998357,0.000299,0.000597,0.000149,0.000448
ACTTTCCTATAGCTTC-1,0.000095,0.000095,0.317973,0.614021,0.000095,0.06772
ACTTTGACTGCATCCT-1,0.000015,0.000015,0.005347,0.417175,0.001874,0.575574
ACTTTGGTCGTGCTCC-1,0.000058,0.270201,0.675465,0.006967,0.047135,0.000174
ACTTTGTCGACGCACT-1,0.000037,0.000037,0.342175,0.527287,0.000037,0.130427
AGAAATTATGACTCGC-1,0.000012,0.022245,0.249166,0.525404,0.021465,0.181708
AGAACACGGCGATGGT-1,0.000111,0.998774,0.000223,0.000446,0.000111,0.000334
AGAACCCAGCGTGACA-1,0.00231,0.009368,0.513513,0.469813,0.004943,0.000054
AGAACCCTCAATTGGG-1,0.000024,0.173741,0.126293,0.067408,0.591441,0.041092
AGAACGTGGTACATTC-1,0.000141,0.000141,0.180001,0.819152,0.000141,0.000424
AGAACTGTACTTTGTA-1,0.000024,0.047098,0.179733,0.100007,0.159034,0.514104
AGAAGAGCGCCGTTCC-1,0.000411,0.000411,0.704197,0.148589,0.000411,0.145982
AGAAGGTACACTTCAC-1,0.000397,0.000013,0.0149,0.25288,0.314284,0.417528
AGAAGGTTGCCGAATT-1,0.000031,0.000031,0.571935,0.138558,0.133373,0.156072
AGAAGGTTGTAGGTCG-1,0.000019,0.000019,0.113975,0.204879,0.56648,0.114628
AGAAGTGATTCGTGAT-1,0.000018,0.040892,0.057035,0.236337,0.12441,0.541307
AGAATAAATCTTCAGG-1,0.000016,0.10942,0.324262,0.243367,0.033822,0.289112
AGAATACAGGCTATCC-1,0.000015,0.027663,0.056443,0.163808,0.130208,0.621862
AGAATGCGGGTTCGGA-1,0.000112,0.648007,0.350983,0.000449,0.000112,0.000337
AGAATTATGGATTCGA-1,0.000036,0.000036,0.675328,0.313531,0.000036,0.011033
AGAATTGTTTGACATA-1,0.00008,0.068442,0.840556,0.090601,0.00008,0.00024
AGACAGCTCAGAATCC-1,0.000022,0.000022,0.447037,0.500333,0.02786,0.024727
AGACAGGCATCTCAGC-1,0.000031,0.008066,0.280304,0.649934,0.01755,0.044115
AGACATAGATCCTTCC-1,0.000079,0.009535,0.164796,0.823973,0.001381,0.000237
AGACCAAACCACACCT-1,0.001334,0.172814,0.159845,0.266758,0.167468,0.231782
AGACCATGGGATACAA-1,0.000033,0.013262,0.190065,0.709111,0.051442,0.036086
AGACCCACCGCTGATC-1,0.000021,0.000021,0.172731,0.129379,0.058036,0.639813
AGACCCGCCCTCCTCG-1,0.000083,0.000083,0.375938,0.521272,0.04049,0.062135
AGACCGCTCCGCGGTT-1,0.000018,0.005475,0.34633,0.486096,0.00005,0.162031
AGACCGGGAAACCCTG-1,0.00002,0.183023,0.307209,0.226099,0.037694,0.245955
AGACGAAGTGCCGGTC-1,0.000027,0.097226,0.248739,0.461117,0.013406,0.179485
AGACGACGATGCCGCT-1,0.000013,0.000013,0.042327,0.206963,0.120119,0.630565
AGACGCCCACTTCGCC-1,0.000024,0.000024,0.304121,0.582661,0.000024,0.113145
AGACGGGATTGGTATA-1,0.000041,0.000041,0.199193,0.741846,0.004897,0.053981
AGACGGGCCGATTTAA-1,0.000227,0.296443,0.701513,0.000908,0.000227,0.000681
AGACTAGCCTTCCAGA-1,0.000049,0.000049,0.649283,0.131832,0.025615,0.193172
AGACTGTTACCGGGTC-1,0.000048,0.422839,0.404424,0.028227,0.052057,0.092406
AGAGAAACACCAGAAA-1,0.000028,0.865281,0.027882,0.00199,0.09517,0.009649
AGAGAACCGTCTAGGA-1,0.000034,0.014414,0.428577,0.490068,0.024415,0.042493
AGAGAAGGAGTACAAT-1,0.000027,0.097668,0.372529,0.055538,0.305644,0.168594
AGAGATCTCTAAAGCG-1,0.000014,0.003089,0.20674,0.240115,0.067498,0.482543
AGAGCAGTTATGAGAC-1,0.000853,0.000027,0.394994,0.304242,0.024336,0.275549
AGAGCCGCCGAGATTT-1,0.000033,0.000033,0.349465,0.544953,0.008044,0.097472
AGAGCGGGCTAATCAT-1,0.000109,0.107638,0.653694,0.206039,0.000109,0.032412
AGAGCGTACAAGCTCG-1,0.000032,0.015122,0.507149,0.418428,0.048399,0.01087
AGAGCTACGAAAGCAT-1,0.000046,0.269341,0.728278,0.00215,0.000046,0.000139
AGAGGCTTCGGAAACC-1,0.000024,0.031367,0.610026,0.228613,0.023473,0.106496
AGAGGTATCTCGGTCC-1,0.000017,0.000017,0.00603,0.879827,0.008251,0.105857
AGAGTAAACTTCACTA-1,0.000013,0.000013,0.257201,0.570804,0.019955,0.152014
AGAGTATAGTGTTACG-1,0.000176,0.103347,0.895071,0.000703,0.000176,0.000527
AGAGTCTTAATGAAAG-1,0.000794,0.000017,0.007921,0.626827,0.000017,0.364423
AGAGTTAGAGACCGAT-1,0.000145,0.24547,0.753222,0.000582,0.000145,0.000436
AGATAACTTCAGGGCC-1,0.000019,0.000019,0.223531,0.445222,0.001791,0.329419
AGATAATCACACCTAT-1,0.000132,0.998547,0.000264,0.000528,0.000132,0.000396
AGATACCAATAGAACC-1,0.000024,0.003072,0.426004,0.298497,0.057509,0.214895
AGATACCGGTGTTCAC-1,0.000032,0.000032,0.284019,0.168386,0.126747,0.420783
AGATACGACTTCATAT-1,0.00022,0.132001,0.866014,0.000882,0.00022,0.000661
AGATACTCAAGATCGA-1,0.00003,0.0304,0.402218,0.102894,0.09619,0.368267
AGATATAATACGACTA-1,0.000027,0.027725,0.349955,0.262364,0.25812,0.101809
AGATCGTGCATAAGAT-1,0.000189,0.063916,0.934387,0.000754,0.000189,0.000566
AGATCTCAGGTGTGAT-1,0.000132,0.000132,0.523504,0.461797,0.000132,0.014302
AGATCTGGAGAGGATA-1,0.000102,0.866756,0.000204,0.000409,0.049276,0.083253
AGATGACTCGCCCACG-1,0.000078,0.000078,0.263181,0.717018,0.018122,0.001523
AGATGAGGGTTGCGAT-1,0.000399,0.490393,0.506018,0.001595,0.000399,0.001196
AGATGATGGAGTCTGG-1,0.000039,0.000039,0.395789,0.466782,0.002599,0.134751
AGATGCAAGACGTGCA-1,0.000016,0.000016,0.185331,0.241791,0.281884,0.290961
AGATGCATCCTGTGTC-1,0.000019,0.039713,0.132798,0.095955,0.125171,0.606344
AGATGCTATAACGAGC-1,0.000115,0.243841,0.755127,0.000459,0.000115,0.000344
AGATTATAGGACGTTT-1,0.000034,0.053716,0.220653,0.414051,0.030306,0.281239
AGATTCAAGCGGGTCG-1,0.000563,0.312288,0.682644,0.002252,0.000563,0.001689
AGATTCACAACCGATA-1,0.001457,0.02477,0.096792,0.174073,0.338029,0.36488
AGCAAAGGCCGCTAGT-1,0.000022,0.076557,0.339194,0.230498,0.140435,0.213295
AGCAACATATCTTATT-1,0.000031,0.017969,0.403838,0.346921,0.000031,0.231211
AGCAACCGAAAGTAAT-1,0.00001,0.055648,0.118159,0.225798,0.349534,0.250852
AGCACACGTTTAGACT-1,0.00023,0.997475,0.000459,0.000918,0.00023,0.000689
AGCACCAGTACTCACG-1,0.000048,0.000048,0.114215,0.687861,0.014236,0.183593
AGCACTACCGGCCTGT-1,0.000027,0.04879,0.215256,0.498688,0.008126,0.229113
AGCACTACCTCACCAG-1,0.000027,0.067629,0.222339,0.083247,0.045435,0.581323
AGCACTTAAGGACGCC-1,0.00003,0.002156,0.117184,0.631748,0.008644,0.240238
AGCAGAAGGAGAAAGA-1,0.000009,0.011219,0.091754,0.362916,0.373071,0.161031
AGCAGCCAGATGAATA-1,0.000036,0.146865,0.51198,0.086456,0.216738,0.037926
AGCAGTCGAAGCATGC-1,0.000016,0.004279,0.120011,0.30993,0.387424,0.17834
AGCATATCAATATGCT-1,0.000034,0.060653,0.532624,0.231978,0.108601,0.066109
AGCATCATTTCGAAAG-1,0.00114,0.015458,0.162221,0.111891,0.354205,0.355085
AGCATCGTCGATAATT-1,0.000039,0.000039,0.185928,0.758325,0.002579,0.053091
AGCATTACGAGGCAAG-1,0.00076,0.05089,0.191939,0.26543,0.064917,0.426064
AGCCAAGCTTTGTGTC-1,0.000609,0.000477,0.000695,0.17486,0.712423,0.110935
AGCCACAGGTTACCCG-1,0.000035,0.197341,0.270763,0.119609,0.229917,0.182336
AGCCACTCCCGTGCTT-1,0.000067,0.000067,0.559928,0.420487,0.003524,0.015926
AGCCATATAGTATGTG-1,0.000029,0.325826,0.245012,0.115022,0.282606,0.031505
AGCCCATACATGTAAG-1,0.000023,0.007304,0.286149,0.232748,0.066424,0.407353
AGCCCGCAACAAGCAG-1,0.00216,0.30495,0.253799,0.047532,0.275116,0.116442
AGCCCGCACTACAATG-1,0.000018,0.031566,0.198281,0.389844,0.022513,0.357779
AGCCCGGCATTAGAGG-1,0.000083,0.55089,0.208317,0.168947,0.065315,0.006448
AGCCCGGTAGCCTGTA-1,0.001146,0.202738,0.530778,0.147613,0.098506,0.019219
AGCCCTAAGCGAAGTT-1,0.000114,0.000114,0.519767,0.479551,0.000114,0.000341
AGCCCTCCCTGGTGGC-1,0.000407,0.813966,0.182375,0.001626,0.000407,0.00122
AGCCCTGTCGCACCGT-1,0.000025,0.007576,0.564362,0.417814,0.004954,0.005269
AGCCCTTGGACATCCC-1,0.000019,0.000019,0.057575,0.626145,0.020825,0.295416
AGCCGCAAATTCAAAT-1,0.000018,0.070617,0.40367,0.351269,0.025359,0.149067
AGCCGCTTGATTAGCG-1,0.000096,0.158589,0.84055,0.000383,0.000096,0.000287
AGCCGTGGCTAAATGT-1,0.000027,0.062994,0.32271,0.201781,0.223048,0.189439
AGCCTAATACCCACGT-1,0.000018,0.028116,0.115566,0.40692,0.117502,0.331878
AGCCTTAAAGCGGAAG-1,0.001663,0.005948,0.416375,0.55904,0.011512,0.005461
AGCCTTGTCACTGATA-1,0.00647,0.594446,0.000476,0.141181,0.023679,0.233749
AGCGACAGGAACGGTC-1,0.000022,0.072982,0.355581,0.174452,0.114788,0.282174
AGCGACATCCCATTCA-1,0.000138,0.000138,0.677721,0.223923,0.000138,0.097941
AGCGACCAACGATATT-1,0.000053,0.002265,0.292127,0.49238,0.004073,0.209103
AGCGACTTTGAAGACA-1,0.000527,0.704922,0.290331,0.00211,0.000527,0.001582
AGCGAGACGTGAAGGC-1,0.000329,0.996377,0.000659,0.001318,0.000329,0.000988
AGCGATGCGCCTAATA-1,0.000022,0.000022,0.251413,0.458189,0.003026,0.287328
AGCGCATAATGAATCG-1,0.000023,0.000023,0.335656,0.159151,0.444299,0.060848
AGCGCGGGTGCCAATG-1,0.000032,0.000032,0.160204,0.816044,0.000386,0.023301
AGCGCTAGAGCGATGT-1,0.000024,0.000024,0.6697,0.315511,0.014668,0.000073
AGCGCTTATGGGCAAG-1,0.000314,0.051078,0.946092,0.001258,0.000314,0.000943
AGCGGACACTTCGTAG-1,0.000032,0.009113,0.181477,0.256181,0.455625,0.097572
AGCGGCGGTTAGCGGT-1,0.000014,0.051124,0.030153,0.252309,0.330063,0.336338
AGCGGGAAGGGTCCAT-1,0.000159,0.676599,0.321967,0.000637,0.000159,0.000478
AGCGGGTCTGACACTC-1,0.002063,0.143154,0.426119,0.106545,0.300984,0.021135
AGCGGTTGAGATGTAC-1,0.000066,0.000066,0.368619,0.622576,0.000066,0.008608
AGCGGTTGCCGCTCTG-1,0.000093,0.55842,0.440743,0.000372,0.000093,0.000279
AGCGTACGAGAGCTAG-1,0.000125,0.000125,0.998751,0.0005,0.000125,0.000375
AGCGTAGCGCTAGACC-1,0.00004,0.00004,0.37428,0.598772,0.012918,0.01395
AGCGTCTGAACCCGCA-1,0.000045,0.000045,0.354217,0.642089,0.000045,0.003559
AGCGTGGTATTCTACT-1,0.000042,0.000042,0.384017,0.08399,0.032191,0.499717
AGCGTTCCGATTTAAA-1,0.00002,0.012828,0.155076,0.791464,0.023262,0.017349
AGCTAACAAGCAATGT-1,0.00002,0.332389,0.020703,0.20691,0.249897,0.190082
AGCTAAGCTCCGTCCG-1,0.000158,0.430848,0.000316,0.036922,0.457298,0.074459
AGCTAAGTACGCAGGC-1,0.000013,0.003756,0.092226,0.216029,0.233528,0.454447
AGCTACGAATGGTGGT-1,0.000017,0.045529,0.024671,0.262841,0.007371,0.659569
AGCTAGAAGCAGAAGT-1,0.000145,0.000145,0.990299,0.008833,0.000145,0.000434
AGCTATTTAATCCAAC-1,0.000243,0.303533,0.538126,0.157126,0.000243,0.000729
AGCTCCATATATGTTC-1,0.000026,0.010039,0.26104,0.531495,0.007087,0.190313
AGCTCCTTCGCACATC-1,0.000048,0.098695,0.57249,0.101007,0.001989,0.225771
AGCTCTAGACGTTCCA-1,0.000053,0.002896,0.943957,0.033546,0.000053,0.019494
AGCTCTTCCCAGTGCA-1,0.000288,0.07677,0.920634,0.001153,0.000288,0.000865
AGCTCTTCGTAACCTT-1,0.000033,0.000033,0.217645,0.688481,0.01785,0.075958
AGCTCTTTACTCAGTT-1,0.000018,0.034346,0.009303,0.182983,0.061653,0.711698
AGCTGAAGTAAACCAA-1,0.000064,0.000064,0.773636,0.225983,0.000064,0.000191
AGCTGCATTTGAGGTG-1,0.00012,0.056388,0.942532,0.00048,0.00012,0.00036
AGCTGCTGTGCCGAAT-1,0.000419,0.403983,0.592248,0.001675,0.000419,0.001256
AGCTGTAACCTCAATC-1,0.000035,0.026779,0.135909,0.184112,0.534578,0.118588
AGCTTATAGAGACCTG-1,0.000022,0.024169,0.036022,0.880108,0.015583,0.044097
AGCTTCAATACTTTGA-1,0.00007,0.071546,0.321989,0.552646,0.00007,0.05368
AGCTTCTTCTCGAGCA-1,0.000033,0.021165,0.287758,0.083223,0.052882,0.554939
AGCTTGATCAGGGTAG-1,0.000331,0.825814,0.17121,0.001323,0.000331,0.000992
AGCTTGATCTTAACTT-1,0.000032,0.033586,0.279835,0.431997,0.0099,0.244651
AGGAAAGCCTCTGATG-1,0.000035,0.035538,0.570397,0.386875,0.007049,0.000106
AGGAACGAACGACTTC-1,0.000035,0.000035,0.691428,0.180759,0.01053,0.117212
AGGAAGCTGTCCGCCG-1,0.000021,0.002287,0.048154,0.24479,0.58196,0.122788
AGGACAGTCGAATCCC-1,0.000038,0.00525,0.399993,0.395929,0.001635,0.197157
AGGACATCGCACGTCG-1,0.000214,0.114962,0.88311,0.000857,0.000214,0.000643
AGGACATCGGCACACT-1,0.000053,0.000053,0.453704,0.48454,0.000053,0.061596
AGGACGACCCATTAGA-1,0.000025,0.043377,0.066358,0.114134,0.194931,0.581174
AGGACGCTCGATGTTG-1,0.00043,0.307803,0.688331,0.001718,0.00043,0.001289
AGGACTTATAGGAGAA-1,0.000106,0.538833,0.460213,0.000424,0.000106,0.000318
AGGAGACATCCACAGT-1,0.000024,0.050723,0.59843,0.318827,0.000024,0.031973
AGGAGCGTTTATTATC-1,0.00003,0.03002,0.091821,0.635587,0.012382,0.230161
AGGAGGCCTTCGCGCG-1,0.00002,0.022451,0.223229,0.328471,0.034609,0.39122
AGGATAAAGTCGGGAT-1,0.000019,0.020616,0.283512,0.203985,0.09191,0.399957
AGGATATAGGGATTTA-1,0.000042,0.000042,0.578814,0.245253,0.000042,0.175806
AGGATATCCGACTGCA-1,0.000024,0.026854,0.233886,0.20986,0.199062,0.330314
AGGATCACGCGATCTG-1,0.008661,0.081727,0.298588,0.211951,0.132185,0.266887
AGGATTGCTTACGACA-1,0.000147,0.037787,0.960888,0.000589,0.000147,0.000442
AGGCAAAGAGGAATCA-1,0.001901,0.000018,0.137241,0.756927,0.005495,0.098418
AGGCAATACGGAGGAC-1,0.000017,0.000017,0.145964,0.717274,0.047612,0.089115
AGGCACGTGACTGTCC-1,0.000016,0.000016,0.049995,0.668064,0.00241,0.279499
AGGCAGATGCGTAAAC-1,0.000019,0.084252,0.03324,0.719317,0.054214,0.108958
AGGCAGGGAGCGTACT-1,0.000021,0.125197,0.066746,0.29567,0.413099,0.099266
AGGCATTGTCGTAGGG-1,0.000022,0.000022,0.155307,0.378875,0.033358,0.432417
AGGCCACATTGGTTAC-1,0.000168,0.000168,0.998316,0.000673,0.000168,0.000505
AGGCCACCCGTTATGA-1,0.000039,0.000039,0.549954,0.444485,0.000385,0.005097
AGGCCCAGTGACTGGT-1,0.000128,0.195409,0.803443,0.00051,0.000128,0.000383
AGGCCCATTGTACAGG-1,0.000115,0.074429,0.848484,0.07651,0.000115,0.000346
AGGCCCTAGAACGCCA-1,0.0005,0.023195,0.178358,0.119948,0.084756,0.593243
AGGCCTATCATACCAA-1,0.000018,0.263876,0.031831,0.173637,0.421781,0.108857
AGGCCTGAGAATCTCG-1,0.000024,0.040275,0.353604,0.171341,0.118292,0.316464
AGGCGATAACTGGCGT-1,0.000024,0.004251,0.286832,0.621699,0.031704,0.055489
AGGCGGTTTGTCCCGC-1,0.000026,0.231953,0.094288,0.126875,0.407636,0.139222
AGGCGTCTATGGACGG-1,0.000062,0.30212,0.282066,0.106096,0.171011,0.138645
AGGCTATGGTTAGCTT-1,0.000021,0.000021,0.06919,0.806351,0.023797,0.10062
AGGCTTAAGTTGCACA-1,0.000197,0.246125,0.34947,0.275785,0.127833,0.00059
AGGCTTCCCGAAGAAG-1,0.000515,0.106441,0.09575,0.278184,0.271652,0.247458
AGGCTTGCTAGACACC-1,0.000033,0.070887,0.276982,0.608926,0.010582,0.03259
AGGGAAACGAGGTACT-1,0.005099,0.490737,0.427087,0.075915,0.00029,0.000871
AGGGACAGCACGGCGG-1,0.000038,0.000038,0.420667,0.545196,0.016921,0.01714
AGGGACCGGCTGCGTT-1,0.000033,0.000033,0.549596,0.396951,0.01259,0.040795
AGGGACTCTACGCGAC-1,0.000025,0.092128,0.091936,0.252889,0.489873,0.07315
AGGGAGACATACTTCG-1,0.00015,0.002251,0.996402,0.000598,0.00015,0.000449
AGGGCAGCGGCGTGGT-1,0.000156,0.014043,0.870577,0.114601,0.000156,0.000467
AGGGCCCTAATGTTCT-1,0.000039,0.039394,0.15345,0.686019,0.000039,0.121059
AGGGCGAGCAGCTGAT-1,0.000014,0.040078,0.118012,0.227489,0.022446,0.591962
AGGGCGTGATCGGCTA-1,0.000122,0.207294,0.791606,0.000489,0.000122,0.000367
AGGGCTGCAGTTACAG-1,0.00003,0.046485,0.232036,0.52549,0.008912,0.187047
AGGGTCAGAGCACTCG-1,0.000057,0.824857,0.000114,0.044241,0.060738,0.069993
AGGGTCAGTAACCCTA-1,0.000153,0.41562,0.583002,0.000613,0.000153,0.00046
AGGGTCTGGACGCAGT-1,0.000031,0.023629,0.331194,0.374946,0.003237,0.266962
AGGGTGCCGTTCTTTA-1,0.000206,0.460786,0.195206,0.242586,0.100599,0.000617
AGGGTGCTCTCGAGGG-1,0.000032,0.000032,0.424197,0.463006,0.00011,0.112623
AGGGTGGATAGTGCAT-1,0.000025,0.008176,0.149124,0.677488,0.015658,0.149529
AGGGTTCAGACGGTCC-1,0.002561,0.67499,0.009837,0.000707,0.250712,0.061193
AGGGTTCCCTTTGGTT-1,0.000066,0.279137,0.330054,0.191895,0.000066,0.198783
AGGGTTTAGTTCGGGA-1,0.000024,0.000024,0.035166,0.741083,0.001679,0.222024
AGGTAACCTCCTATTC-1,0.000154,0.804133,0.194478,0.000617,0.000154,0.000463
AGGTACGATATTGCCA-1,0.000318,0.550487,0.210247,0.237675,0.000318,0.000954
AGGTAGATCGAGATAT-1,0.00005,0.412283,0.393271,0.040238,0.154007,0.000151
AGGTAGGTACAAAGCT-1,0.001018,0.036573,0.817391,0.137773,0.000038,0.007207
AGGTATAATTGATAGT-1,0.000036,0.000036,0.406954,0.511392,0.016457,0.065125
AGGTATGCGGACATTA-1,0.00007,0.103441,0.895926,0.000281,0.00007,0.000211
AGGTCAGGTGAGAGTG-1,0.000023,0.071216,0.376727,0.138702,0.054478,0.358854
AGGTCGCCACTTCGGT-1,0.000035,0.000035,0.243166,0.646795,0.021622,0.088346
AGGTCGCCTCCCAACA-1,0.000024,0.000024,0.356679,0.502097,0.002695,0.138481
AGGTCGCGGAGTTACT-1,0.004587,0.00005,0.491108,0.502386,0.001719,0.000149
AGGTGCACGTCCACAT-1,0.000016,0.000016,0.020256,0.071324,0.145328,0.763061
AGGTGGTGACCTTCGC-1,0.000079,0.097443,0.800844,0.000315,0.101083,0.000236
AGGTGTATCGCCATGA-1,0.002046,0.05902,0.487411,0.339464,0.000045,0.112015
AGGTGTTGCCGACCAC-1,0.000025,0.000025,0.144853,0.697046,0.000025,0.158026
AGGTTACACCATGCCG-1,0.004551,0.000024,0.343791,0.598219,0.023204,0.030211
AGGTTCTCCTTTCCGG-1,0.000061,0.639961,0.000122,0.003559,0.248424,0.107873
AGGTTGAGGCACGCTT-1,0.001758,0.000055,0.110061,0.7617,0.080869,0.045558
AGGTTTCACACACCTT-1,0.00003,0.039767,0.340496,0.178512,0.083026,0.358168
AGTAACGTTCATCCTG-1,0.000053,0.000053,0.454902,0.530682,0.014083,0.000227
AGTAAGGGACAGAATC-1,0.001248,0.032927,0.084082,0.20056,0.037155,0.644028
AGTAATCTAAGGGTGG-1,0.000017,0.008824,0.135117,0.259699,0.333436,0.262908
AGTAATGTCTTGCCGC-1,0.011802,0.14902,0.56305,0.170717,0.000125,0.105286
AGTAATTTGCAAGCGT-1,0.000106,0.680462,0.020831,0.106655,0.019872,0.172074
AGTACAGAAGCTTATA-1,0.000013,0.033719,0.074953,0.298504,0.401052,0.191759
AGTACATCATTTATCA-1,0.000064,0.000064,0.797445,0.183954,0.018279,0.000193
AGTACCTTCGAGTGCT-1,0.000349,0.554294,0.442568,0.001395,0.000349,0.001046
AGTACGGCCCGTATCG-1,0.000019,0.000019,0.398823,0.33959,0.01491,0.246639
AGTACGGGCACCTGGC-1,0.00003,0.00003,0.000061,0.876044,0.026642,0.097192
AGTACGTGGCCTGTCT-1,0.000053,0.000053,0.298714,0.656543,0.044479,0.000159
AGTACTCTTATGCCCA-1,0.000072,0.033608,0.550224,0.008322,0.135575,0.272198
AGTAGAAGGCGCCTCA-1,0.000031,0.25252,0.390075,0.110377,0.204533,0.042464
AGTAGCGTGAACGAAC-1,0.000042,0.00762,0.26354,0.712359,0.000042,0.016398
AGTAGCTAGACGCCGA-1,0.000149,0.019263,0.576457,0.362709,0.000149,0.041273
AGTAGGAAGGAAGTTG-1,0.000211,0.304596,0.693505,0.000844,0.000211,0.000633
AGTAGGTAACATACAT-1,0.000082,0.308561,0.358612,0.296815,0.009566,0.026364
AGTATAATACTAGGCA-1,0.000039,0.000039,0.414856,0.433182,0.076127,0.075757
AGTATACACAGCGACA-1,0.000026,0.385457,0.080315,0.133777,0.294416,0.106009
AGTATCCATAATAACG-1,0.000025,0.000064,0.283771,0.642614,0.031562,0.041964
AGTATGCTGGAGACCA-1,0.000025,0.138729,0.127157,0.313663,0.232832,0.187593
AGTATTTGGCACGACC-1,0.000037,0.413344,0.211331,0.164134,0.134087,0.077066
AGTCAAATGATGTGAT-1,0.000014,0.167865,0.000027,0.293596,0.36616,0.172337
AGTCAACACCACCATC-1,0.00002,0.047738,0.175643,0.153642,0.069467,0.55349
AGTCAAGATGACACTT-1,0.000018,0.007829,0.162501,0.145777,0.030904,0.652971
AGTCACTAGCTCTCGA-1,0.000026,0.042593,0.178983,0.512924,0.00338,0.262093
AGTCACTCCGCCTCAT-1,0.00006,0.028594,0.584493,0.386612,0.00006,0.00018
AGTCAGCCACCGCCTG-1,0.000192,0.141642,0.856629,0.000768,0.000192,0.000576
AGTCCAGCGGGTACGT-1,0.000026,0.010763,0.185085,0.792555,0.011465,0.000106
AGTCCATTGGCTGATG-1,0.000028,0.014116,0.094603,0.512131,0.000028,0.379093
AGTCCCGCCTTTAATT-1,0.000329,0.016431,0.980604,0.001318,0.000329,0.000988
AGTCGAAACGATTCAG-1,0.000093,0.578401,0.014835,0.191676,0.018499,0.196495
AGTCGAATTAGCGTAA-1,0.000166,0.026552,0.55715,0.41547,0.000166,0.000497
AGTCGACGGTCTCAAG-1,0.000019,0.00083,0.199995,0.449243,0.014799,0.335114
AGTCGGCCCAAACGAC-1,0.000025,0.000025,0.288464,0.592096,0.025953,0.093437
AGTCGGCTCAACTTTA-1,0.000025,0.061255,0.353874,0.169898,0.169761,0.245188
AGTCGGTTGCGTGAGA-1,0.000042,0.000042,0.541739,0.453023,0.003193,0.00196
AGTCGTATAAAGCAGA-1,0.00002,0.277282,0.316465,0.204203,0.134135,0.067895
AGTCGTCGACCACCAA-1,0.000018,0.006618,0.177632,0.151947,0.059761,0.604024
AGTCGTGGGCATTACG-1,0.000641,0.039587,0.065881,0.291331,0.141666,0.460893
AGTCTAAAGTATACTC-1,0.000116,0.058948,0.940006,0.000466,0.000116,0.000347
AGTCTCACAAGACTAC-1,0.00002,0.000039,0.005437,0.262615,0.216124,0.515766
AGTCTGGACATCCTTG-1,0.000075,0.038837,0.839915,0.10418,0.000075,0.016918
AGTCTTCTCCTCAAAT-1,0.000097,0.000097,0.357042,0.22809,0.154361,0.260312
AGTCTTTAAAGTGTCC-1,0.000012,0.000012,0.013219,0.260387,0.264364,0.462006
AGTGAACAAACTTCTC-1,0.000016,0.000016,0.129635,0.672698,0.01256,0.185076
AGTGACCTACTTTACG-1,0.000016,0.021124,0.111344,0.187402,0.045188,0.634925
AGTGACTGTGACACAA-1,0.003819,0.994234,0.000389,0.000779,0.000195,0.000584
AGTGAGACTTCCAGTA-1,0.000024,0.000024,0.031734,0.573063,0.000779,0.394375
AGTGAGCCTCGCCGCC-1,0.000093,0.000093,0.936138,0.063302,0.000093,0.00028
AGTGAGGGTTTCTGAC-1,0.000312,0.051065,0.946125,0.001248,0.000312,0.000936
AGTGAGTCGAATTAAC-1,0.000017,0.000017,0.237698,0.378072,0.009672,0.374523
AGTGATAACCTGCGCG-1,0.000021,0.04105,0.231609,0.120976,0.06684,0.539503
AGTGATATGAGTAGTT-1,0.000016,0.013799,0.026758,0.357625,0.017018,0.584784
AGTGATTCAAGCAGGA-1,0.000034,0.010861,0.54801,0.349864,0.000034,0.091196
AGTGCACGCTTAAGAA-1,0.000018,0.069974,0.44942,0.187078,0.033628,0.259883
AGTGCGTAGCTCGTAA-1,0.000021,0.021796,0.208703,0.281325,0.008592,0.479563
AGTGCTAAACACAGCA-1,0.00002,0.045445,0.249593,0.193277,0.091829,0.419836
AGTGCTTGCACGAATA-1,0.000045,0.039286,0.813501,0.065301,0.000045,0.081821
AGTGGCCCGCAAATGG-1,0.000017,0.012431,0.132035,0.24459,0.155442,0.455485
AGTGGCGGCAATTTGA-1,0.000059,0.000059,0.711703,0.252514,0.03549,0.000176
AGTGGCGTCTGAAGGT-1,0.000014,0.072665,0.065361,0.087415,0.088075,0.68647
AGTGGCTCCGTCGGCC-1,0.000013,0.000363,0.009354,0.09561,0.042993,0.851668
AGTGGGAGTATACACG-1,0.000027,0.007199,0.370445,0.613853,0.008395,0.000081
AGTGGTGTTACCCGTG-1,0.000022,0.048489,0.188438,0.152889,0.146329,0.463834
AGTGGTTGCGTATAGG-1,0.000028,0.008197,0.392923,0.458643,0.008937,0.131273
AGTGTATTGCGCATTG-1,0.000285,0.169142,0.828289,0.001142,0.000285,0.000856
AGTGTGCTAAGATCGC-1,0.000163,0.315693,0.682842,0.000651,0.000163,0.000488
AGTGTGGTCTATTGTG-1,0.000058,0.000058,0.554582,0.441241,0.003887,0.000173
AGTTAAACACTTGCGA-1,0.000021,0.036967,0.319123,0.147542,0.061516,0.434831
AGTTAAGCGGTCCCGG-1,0.000219,0.327407,0.670619,0.000877,0.000219,0.000658
AGTTAAGTCAACCGCT-1,0.000025,0.025442,0.178938,0.18398,0.470614,0.141001
AGTTACCCTTAAGACT-1,0.000022,0.054573,0.328675,0.555444,0.019212,0.042074
AGTTACCGCACATGGT-1,0.00002,0.005935,0.360263,0.549182,0.027989,0.05661
AGTTACTCTATCGTGG-1,0.000436,0.252139,0.743934,0.001745,0.000436,0.001309
AGTTATTCAGACTGTG-1,0.000035,0.274917,0.062111,0.210657,0.008258,0.444023
AGTTATTGAAAGGTAA-1,0.00006,0.00006,0.419071,0.569264,0.00006,0.011485
AGTTCACCGGTTGGAC-1,0.001302,0.026809,0.127299,0.807496,0.008624,0.02847
AGTTCCTACAGAATTA-1,0.000019,0.000019,0.097415,0.440683,0.000671,0.461195
AGTTCCTATTTATGTT-1,0.000057,0.289516,0.2253,0.370793,0.000057,0.114275
AGTTGACATCGGCTGG-1,0.000171,0.17873,0.81973,0.000684,0.000171,0.000513
AGTTGACGGTCCTTGC-1,0.000058,0.187748,0.570951,0.041549,0.192017,0.007677
AGTTGCGGTCCTCAAC-1,0.000122,0.557853,0.000244,0.151177,0.002209,0.288395
AGTTGCTGACTGATAT-1,0.000122,0.10848,0.890418,0.000489,0.000122,0.000367
AGTTGGCAAGGCTAGA-1,0.000024,0.103173,0.187402,0.312308,0.02291,0.374184
AGTTTATGTAAAGACA-1,0.000017,0.039961,0.582125,0.306528,0.007671,0.063699
AGTTTCGCAGGTCGGA-1,0.000121,0.095521,0.464649,0.202549,0.000121,0.23704
AGTTTGCACCTGCCTC-1,0.000039,0.106088,0.224065,0.286778,0.288421,0.094609
AGTTTGGCACGGGTTG-1,0.000039,0.010711,0.559393,0.284538,0.009727,0.135592
AGTTTGGCCAGACCTA-1,0.000037,0.028409,0.349948,0.207341,0.08238,0.331884
ATAAACCATTGGACGG-1,0.000029,0.000033,0.651877,0.282542,0.014541,0.050978
ATAAACGGACCCGTAA-1,0.000027,0.000061,0.422217,0.122298,0.038785,0.416612
ATAAACGTTGCACCAC-1,0.000009,0.010339,0.056213,0.48381,0.026155,0.423474
ATAAAGGCTCGGTCGT-1,0.000025,0.002563,0.307566,0.480455,0.000593,0.208798
ATAAAGGTCAAGTACG-1,0.00836,0.000047,0.45216,0.534875,0.004417,0.000141
ATAAATATTAGCAGCT-1,0.00002,0.034988,0.213697,0.420062,0.033825,0.297408
ATAACGCCGGAGGGTC-1,0.000011,0.000011,0.00306,0.529514,0.007495,0.459909
ATAACGGAGTCCAACG-1,0.000112,0.127915,0.41218,0.427062,0.000112,0.032619
ATAACGTTACCTCCAC-1,0.000167,0.404988,0.593512,0.000667,0.000167,0.0005
ATAAGGTGGAGAACAT-1,0.000026,0.009227,0.516174,0.124787,0.056742,0.293043
ATAAGTACCCGATTGT-1,0.000177,0.525895,0.442636,0.030584,0.000177,0.000531
ATAAGTAGGATTCAGA-1,0.000037,0.000037,0.261451,0.732079,0.002443,0.003954
ATAAGTAGGGCGACTC-1,0.000024,0.046063,0.229925,0.646344,0.047198,0.030446
ATAAGTTACCGCGACG-1,0.000025,0.025663,0.520807,0.186764,0.080094,0.186646
ATAATACCGTTAGCCG-1,0.000083,0.040208,0.959047,0.000331,0.000083,0.000248
ATAATAGCTGTTGAAT-1,0.000033,0.011505,0.521029,0.054447,0.165855,0.247131
ATAATAGTGTAGGGAC-1,0.000122,0.000122,0.877576,0.121694,0.000122,0.000365
ATAATCTTGGAGAACC-1,0.000027,0.024826,0.31796,0.233261,0.252341,0.171584
ATAATTAGCTAAGTAG-1,0.000029,0.13498,0.506427,0.138649,0.193985,0.025929
ATACAGCGTCCACTGA-1,0.000651,0.789,0.001302,0.002604,0.000651,0.205791
ATACAGGCCCTCCAAT-1,0.000047,0.022915,0.470185,0.209608,0.198981,0.098263
ATACCACGGGCAACTT-1,0.000022,0.026947,0.101997,0.452306,0.007413,0.411316
ATACCAGCAAATTGCT-1,0.001015,0.000026,0.206926,0.719827,0.000433,0.071773
ATACCAGGCTAATAGA-1,0.001882,0.000677,0.490441,0.47546,0.000068,0.031472
ATACCAGGTGAGCGAT-1,0.000046,0.010891,0.501786,0.46091,0.000046,0.026321
ATACCCTCCCGGCCAA-1,0.000098,0.998918,0.000197,0.000394,0.000098,0.000295
ATACCCTGGCTCAAAT-1,0.000022,0.00016,0.460486,0.410944,0.057074,0.071313
ATACCGTCATCCATAA-1,0.00018,0.319996,0.512084,0.123623,0.043578,0.000539
ATACCTAACCAAGAAA-1,0.00182,0.080878,0.230074,0.356356,0.222847,0.108026
ATACGAAGGCTTTCCA-1,0.000052,0.027085,0.972444,0.000209,0.000052,0.000157
ATACGAGGTTTGTAAG-1,0.00007,0.896987,0.102384,0.000279,0.00007,0.00021
ATACGCCGATCTACCG-1,0.000051,0.000051,0.494245,0.481078,0.000051,0.024522
ATACGCCGGCGAAACC-1,0.000021,0.058818,0.244112,0.429324,0.002393,0.265332
ATACGGAACGTCGTTT-1,0.000026,0.147572,0.218301,0.220481,0.146828,0.266792
ATACGGGTTTCGATTG-1,0.000041,0.000041,0.028981,0.755927,0.024933,0.190076
ATACGGTGAAGATGCA-1,0.000679,0.024256,0.509927,0.261009,0.014345,0.189783
ATACGTACTTAGCCAC-1,0.000047,0.004166,0.160521,0.198386,0.334505,0.302375
ATACGTCCACTCCTGT-1,0.000036,0.013101,0.473189,0.239362,0.052146,0.222167
ATACGTTATGCACGGA-1,0.000048,0.094981,0.429315,0.13637,0.152246,0.18704
ATACTACCCGTACCAC-1,0.000035,0.000813,0.513101,0.29086,0.079291,0.1159
ATACTAGCATGACCCT-1,0.000075,0.000075,0.181361,0.81819,0.000075,0.000224
ATACTCTCGCCACTCT-1,0.000155,0.280194,0.71841,0.000621,0.000155,0.000466
ATACTGCCTTACACCG-1,0.000047,0.043943,0.547807,0.036577,0.146813,0.224813
ATACTTGTTCTCGAGC-1,0.000029,0.000029,0.31664,0.552766,0.028183,0.102353
ATAGACAACGGGACCT-1,0.000041,0.000041,0.406084,0.504278,0.008047,0.081509
ATAGACGAAGAGAAAG-1,0.000013,0.000013,0.116005,0.476882,0.009976,0.39711
ATAGAGTACTGGGACA-1,0.000046,0.000046,0.466135,0.426999,0.045708,0.061065
ATAGAGTTATCAACTT-1,0.000097,0.00254,0.75558,0.241394,0.000097,0.000292
ATAGATTTGCAGTCGG-1,0.000043,0.076679,0.188025,0.686654,0.007235,0.041364
ATAGCAACTAGGGAAG-1,0.000019,0.022507,0.334208,0.148125,0.055253,0.439889
ATAGCCATAACAGTCA-1,0.000017,0.03383,0.088802,0.449965,0.011733,0.415651
ATAGCCTCAGTACCCA-1,0.000061,0.072056,0.502142,0.408994,0.014352,0.002395
ATAGCTGCTCTTGTTA-1,0.000048,0.736201,0.258593,0.004967,0.000048,0.000144
ATAGGAATCTAAGCTT-1,0.000333,0.170636,0.826364,0.001333,0.000333,0.001
ATAGGCGGCTATAGAA-1,0.000012,0.002782,0.029158,0.163248,0.092928,0.711871
ATAGGCTAGCTTCGCA-1,0.000052,0.000052,0.531728,0.463484,0.00362,0.001064
ATAGGGATATCCTTGA-1,0.000088,0.033151,0.402281,0.415476,0.114008,0.034996
ATAGGTTGGGCAGATG-1,0.000045,0.00529,0.290199,0.581522,0.038613,0.084332
ATAGTCTTTGACGTGC-1,0.005851,0.108733,0.498673,0.367909,0.000092,0.018742
ATAGTGAAGCGTTCTC-1,0.000047,0.04598,0.603603,0.020107,0.010388,0.319875
ATAGTTCCACCCACTC-1,0.000037,0.000037,0.149295,0.752799,0.004548,0.093284
ATATAAAGCGCTCGTG-1,0.000023,0.000023,0.188709,0.270446,0.350968,0.189832
ATATAAATGTAGCTGC-1,0.000019,0.000019,0.044885,0.299036,0.141744,0.514296
ATATAACACGGGCGCA-1,0.000021,0.067028,0.167011,0.070413,0.19192,0.503607
ATATACATGTATGGTA-1,0.000027,0.04209,0.105959,0.124317,0.293694,0.433914
ATATACGCTCGTGACG-1,0.000023,0.000023,0.407718,0.35082,0.025955,0.215461
ATATAGAGTATTGGTC-1,0.015872,0.375102,0.026271,0.10866,0.299869,0.174225
ATATCAACCTACAGAG-1,0.000022,0.000022,0.153002,0.648255,0.013576,0.185122
ATATCAATTCCAGCCT-1,0.000029,0.093738,0.326039,0.173257,0.227004,0.179933
ATATCGGTAGGGAGAT-1,0.000031,0.000031,0.905312,0.092958,0.000031,0.001638
ATATCGTGCCAGACCC-1,0.000059,0.014041,0.60233,0.381507,0.001887,0.000176
ATATCGTTCCTCGAAC-1,0.000032,0.069352,0.271751,0.1824,0.099423,0.377042
ATATCTCCCTCGTTAA-1,0.000215,0.12057,0.877497,0.000859,0.000215,0.000644
ATATCTTAGGGCCTTC-1,0.000045,0.016318,0.379559,0.409799,0.000045,0.194236
ATATGGGATAGCAACT-1,0.006115,0.551008,0.000388,0.144107,0.155132,0.143251
ATATGTCTAGAGCGTG-1,0.000037,0.518611,0.204485,0.056374,0.130934,0.089558
ATATGTCTCCCTAGCC-1,0.000085,0.000085,0.932329,0.032554,0.000085,0.03486
ATATTATCCCGTATTT-1,0.00289,0.292985,0.70319,0.000468,0.000117,0.000351
ATATTCAGTTAAACCT-1,0.000031,0.034282,0.423048,0.125994,0.128936,0.287709
ATATTCCACATAGTGA-1,0.000042,0.117989,0.20826,0.274029,0.194966,0.204713
ATATTCCCACAGGTCA-1,0.000091,0.090991,0.411499,0.481782,0.000091,0.015547
ATATTGCTGTCAAAGT-1,0.000099,0.053841,0.893235,0.052427,0.000099,0.000298
ATATTGGAGAGGCCTT-1,0.00002,0.00086,0.185196,0.653141,0.01898,0.141803
ATATTTAACCCTCAAG-1,0.000023,0.000023,0.369195,0.411754,0.035667,0.183336
ATCAAACACTGTTCCA-1,0.000019,0.009374,0.517856,0.247441,0.010165,0.215146
ATCAAACGAAGGTTTG-1,0.000017,0.006163,0.133531,0.224203,0.390555,0.245531
ATCAAAGAGCCGTGGT-1,0.000309,0.285544,0.294802,0.001235,0.417185,0.000926
ATCAAGATCCCAGGAC-1,0.007834,0.717068,0.000864,0.140921,0.035187,0.098127
ATCAATCTGGGCTGCA-1,0.000035,0.057565,0.410363,0.248828,0.000035,0.283173
ATCAATGCCGTGGCTG-1,0.000034,0.133883,0.391501,0.072214,0.372157,0.030211
ATCACATTAGAATATC-1,0.00007,0.00007,0.914272,0.085307,0.00007,0.000211
ATCACGTGCTAATTAA-1,0.000854,0.07805,0.282802,0.191276,0.127541,0.319477
ATCACTTCATCCTCGC-1,0.000045,0.038825,0.432908,0.208637,0.129027,0.190558
ATCAGAAGCTGGTTGC-1,0.000112,0.998765,0.000225,0.000449,0.000112,0.000337
ATCAGACGGCACGCCG-1,0.000043,0.0719,0.561587,0.028945,0.014444,0.323082
ATCAGCCTCATGCTGC-1,0.000033,0.099574,0.113367,0.185125,0.126392,0.475509
ATCAGCTCGTCCACTA-1,0.000032,0.070209,0.425047,0.12259,0.207972,0.174151
ATCAGGTCGCCATTGC-1,0.000314,0.269081,0.728088,0.001258,0.000314,0.000943
ATCAGTAGGCAGGGAT-1,0.000062,0.000062,0.551427,0.433701,0.000062,0.014687
ATCATAGATCGACGAG-1,0.003908,0.99565,0.000089,0.000177,0.000044,0.000133
ATCATAGCCCTATGTA-1,0.000029,0.003928,0.48449,0.264964,0.037477,0.209112
ATCATCCAATATTTGT-1,0.00004,0.033463,0.113542,0.443577,0.015401,0.393978
ATCATCTGCCCAGTGT-1,0.000037,0.000037,0.154041,0.77356,0.000037,0.072288
ATCATGGACTACCGAC-1,0.000064,0.001176,0.980334,0.018171,0.000064,0.000191
ATCATTGTACCGCATT-1,0.000088,0.39073,0.558693,0.000352,0.049872,0.000264
ATCCAACGCAGTCATA-1,0.000017,0.000017,0.000721,0.747103,0.013195,0.238947
ATCCAATGGAGGGTCC-1,0.000019,0.018193,0.068549,0.175334,0.028996,0.70891
ATCCAATGGTACCGAA-1,0.000015,0.030384,0.274068,0.392403,0.020003,0.283127
ATCCACATCGACAGAA-1,0.000025,0.034151,0.46036,0.149962,0.264048,0.091455
ATCCACGCTAAATGTT-1,0.000036,0.048214,0.303977,0.564248,0.067808,0.015717
ATCCACTTTCAGACTA-1,0.000212,0.388491,0.529852,0.000846,0.000212,0.080387
ATCCAGAGCAACAACC-1,0.000014,0.023604,0.078858,0.265231,0.234018,0.398275
ATCCAGGATTCGTGAA-1,0.000032,0.027391,0.243867,0.283853,0.070941,0.373917
ATCCCATCCACAGCGC-1,0.000046,0.375687,0.36684,0.088503,0.158968,0.009957
ATCCCATTTCCGTGGG-1,0.047168,0.565188,0.387045,0.0003,0.000075,0.000225
ATCCGGACCAGCCTGA-1,0.000054,0.000054,0.279017,0.69451,0.000054,0.026312
ATCCTACCTAAGCTCT-1,0.000023,0.042329,0.247401,0.177307,0.009642,0.523298
ATCCTGAATCGCTGCG-1,0.000034,0.038219,0.513929,0.207987,0.005046,0.234784
ATCCTGCGTGGAATGG-1,0.000024,0.069524,0.164504,0.185025,0.066448,0.514474
ATCCTGCTGCAGATAG-1,0.002081,0.000077,0.449595,0.54794,0.000077,0.00023
ATCGACCCAATACAGA-1,0.000675,0.179124,0.093243,0.137215,0.039248,0.550495
ATCGACTCTTTCCGTT-1,0.0001,0.0001,0.437165,0.406305,0.0001,0.156231
ATCGCACGATTGTTCA-1,0.000092,0.047218,0.736185,0.216139,0.000092,0.000275
ATCGCACGCCGGGAGA-1,0.000075,0.000075,0.243066,0.553021,0.018209,0.185555
ATCGCCAGTCAACATT-1,0.00004,0.00004,0.563683,0.360562,0.004769,0.070905
ATCGCCGTGGTTCATG-1,0.00004,0.008203,0.4083,0.427784,0.00004,0.155634
ATCGCTGCGTGCAGCA-1,0.000185,0.051696,0.946637,0.000741,0.000185,0.000556
ATCGCTTTACGTCTCA-1,0.00018,0.217429,0.780951,0.00072,0.00018,0.00054
ATCGGAGACAGACGGC-1,0.000053,0.071582,0.769953,0.041855,0.042868,0.07369
ATCGGCAAGCAGTCCA-1,0.000249,0.056862,0.940899,0.000995,0.000249,0.000746
ATCGGTTACCTAGTAA-1,0.000019,0.000019,0.258911,0.486392,0.016418,0.238241
ATCGTATTCCGAGAAC-1,0.000015,0.000493,0.155256,0.598124,0.011376,0.234737
ATCGTCCAATCGAGTC-1,0.000105,0.394582,0.604469,0.000422,0.000105,0.000316
ATCGTGGAAAGTCTGG-1,0.000026,0.549343,0.041906,0.068765,0.285705,0.054255
ATCGTTAGCTAGCGGA-1,0.000035,0.020952,0.424223,0.125315,0.072466,0.35701
ATCGTTCACTTTCGCC-1,0.000374,0.11934,0.877296,0.001495,0.000374,0.001121
ATCTAACGTCCCTATG-1,0.003064,0.240733,0.755254,0.000475,0.000119,0.000356
ATCTAATATCCTACGG-1,0.000038,0.150146,0.421411,0.290704,0.083135,0.054565
ATCTACCATCTGCTCC-1,0.00004,0.060173,0.357094,0.31993,0.141842,0.12092
ATCTAGCTTGTGAGGG-1,0.00006,0.252314,0.738815,0.002987,0.005645,0.00018
ATCTATCGATGATCAA-1,0.00003,0.025113,0.372949,0.557277,0.01928,0.025352
ATCTCATAAACCTACC-1,0.000071,0.050838,0.681165,0.26764,0.000071,0.000214
ATCTCCCACGGAATAT-1,0.000031,0.033061,0.432434,0.376167,0.000031,0.158276
ATCTCCCTGCAATCTA-1,0.000327,0.050397,0.946661,0.001307,0.000327,0.00098
ATCTCGTGAGCGAAAC-1,0.00001,0.00001,0.137364,0.668972,0.017539,0.176106
ATCTGACATGGAAGGA-1,0.000108,0.681374,0.317657,0.000431,0.000108,0.000323
ATCTGATAGTGTCTTA-1,0.000096,0.135368,0.863766,0.000385,0.000096,0.000289
ATCTGCACCTCTGCGA-1,0.000026,0.000026,0.070289,0.814288,0.001914,0.113459
ATCTGCTGTTATCGCC-1,0.000084,0.367367,0.63188,0.000335,0.000084,0.000251
ATCTGGGCTGTTCTTG-1,0.000047,0.087032,0.359427,0.199763,0.258459,0.095273
ATCTGGTTAAGACTGT-1,0.000077,0.000077,0.176212,0.67956,0.000163,0.143912
ATCTGTAATTGTACCC-1,0.000132,0.152835,0.697546,0.148961,0.000132,0.000395
ATCTTAGGGCATTAAT-1,0.000134,0.595108,0.000268,0.360346,0.03205,0.012094
ATCTTATCGCACACCC-1,0.000023,0.029795,0.066906,0.153198,0.194113,0.555965
ATCTTGACCTGCAACG-1,0.000038,0.000038,0.179743,0.684141,0.012606,0.123433
ATCTTGACTTGTCCAA-1,0.000066,0.000066,0.723349,0.221839,0.054483,0.000198
ATGAAGCCAAGGAGCC-1,0.000037,0.000037,0.288528,0.665821,0.031972,0.013604
ATGAAGTGGACCCAGC-1,0.000008,0.000008,0.002065,0.510475,0.01116,0.476283
ATGACGCCGGCTCTAA-1,0.000139,0.000139,0.939316,0.059851,0.000139,0.000417
ATGACGCGTTCTATCC-1,0.004721,0.047638,0.055876,0.312542,0.362477,0.216745
ATGACTATCAGCTGTG-1,0.00004,0.616067,0.122653,0.095965,0.094516,0.070759
ATGACTATGCGACATT-1,0.000033,0.061118,0.301509,0.182523,0.050037,0.40478
ATGAGGAGTGTTAATC-1,0.000038,0.001549,0.30526,0.655814,0.025569,0.01177
ATGAGGGCAGCGGCTA-1,0.000022,0.000022,0.625613,0.370001,0.001065,0.003275
ATGATCGGGAATAGAC-1,0.000115,0.074112,0.572899,0.352413,0.000115,0.000346
ATGATGCAATGGTACA-1,0.000019,0.050314,0.254612,0.108174,0.036246,0.550634
ATGCACCTTCCTTAAT-1,0.000028,0.000028,0.360496,0.604547,0.02549,0.009411
ATGCACGCGCTGTTCA-1,0.000032,0.093815,0.356708,0.213562,0.223804,0.11208
ATGCACTACCGCATTG-1,0.000055,0.009595,0.599766,0.303922,0.000055,0.086607
ATGCATGATCCAGGAT-1,0.000042,0.000042,0.019809,0.810878,0.006353,0.162877
ATGCATTCCGTGATGG-1,0.000029,0.000029,0.216368,0.671184,0.001269,0.111121
ATGCCATTTGCGACCA-1,0.000023,0.009794,0.116208,0.429907,0.001158,0.44291
ATGCCGGTCTTGCATA-1,0.000048,0.000048,0.250034,0.459607,0.000048,0.290213
ATGCCGGTTGATGGGA-1,0.000121,0.071769,0.733354,0.155792,0.000121,0.038843
ATGCGACAATTGGTCC-1,0.000218,0.521803,0.476238,0.00087,0.000218,0.000653
ATGCGACAGTCCCATT-1,0.000021,0.000021,0.096673,0.397505,0.000481,0.505299
ATGCGAGTCCCACCAC-1,0.000017,0.000017,0.090214,0.599946,0.010995,0.298811
ATGCTCAGTGTTGCAT-1,0.000047,0.000047,0.286612,0.664157,0.000541,0.048596
ATGCTCTGGCGCGGTA-1,0.00002,0.0161,0.216239,0.244978,0.320294,0.20237
ATGCTTAGGAGTTGAT-1,0.000022,0.000022,0.201903,0.591775,0.007236,0.199042
ATGGAAATTTAAGGAG-1,0.000465,0.024155,0.173484,0.216344,0.406068,0.179485
ATGGAACAGAATAAAC-1,0.000288,0.390413,0.606991,0.001153,0.000288,0.000865
ATGGAACCTTTGCACA-1,0.000026,0.000026,0.798125,0.198486,0.002338,0.000998
ATGGACTGCTTAGTTG-1,0.000281,0.996913,0.000561,0.001122,0.000281,0.000842
ATGGAGCAGGCCGTGA-1,0.000027,0.039722,0.307608,0.428432,0.063478,0.160734
ATGGATCCGGCGTCCG-1,0.000107,0.026922,0.972116,0.000427,0.000107,0.000321
ATGGATTGACCAAACG-1,0.000049,0.000049,0.183119,0.695887,0.048538,0.072358
ATGGCAGCATTACGAT-1,0.000034,0.86523,0.000323,0.093105,0.026731,0.014577
ATGGCAGCCGAGAAAC-1,0.000015,0.020491,0.37277,0.33172,0.023253,0.251751
ATGGCCCGAAAGGTTA-1,0.000013,0.004966,0.043434,0.604858,0.014082,0.332647
ATGGCGGAATAGTCGC-1,0.000177,0.168983,0.829422,0.000709,0.000177,0.000532
ATGGCTGGAAATGGCC-1,0.000178,0.132866,0.865527,0.000714,0.000178,0.000535
ATGGGAACGGAAGCGG-1,0.00004,0.075802,0.398486,0.452458,0.072965,0.000249
ATGGGACCTGCTGAAC-1,0.000047,0.324077,0.64197,0.009728,0.024035,0.000142
ATGGGCCTCGGCCTCT-1,0.000037,0.000037,0.083818,0.702709,0.014636,0.198764
ATGGGTGTATACCTCC-1,0.000049,0.999462,0.000098,0.000196,0.000049,0.000147
ATGGTATTGGGAACCG-1,0.001656,0.416942,0.317604,0.034096,0.208926,0.020776
ATGGTATTTACTGATT-1,0.000122,0.698633,0.000244,0.039776,0.060652,0.200573
ATGGTCGCGTGGTTTC-1,0.00002,0.345051,0.000049,0.207526,0.001249,0.446104
ATGGTGCTCAAAGCCA-1,0.004534,0.000039,0.299268,0.578206,0.016618,0.101336
ATGGTTACGAAACATG-1,0.000194,0.244086,0.754169,0.000775,0.000194,0.000581
ATGTAAGGCTGCTCTT-1,0.000045,0.000045,0.496257,0.428224,0.075296,0.000134
ATGTACATGCGGTGAG-1,0.000021,0.062763,0.23763,0.44605,0.000026,0.25351
ATGTACGATGACGTCG-1,0.000032,0.22117,0.146203,0.339897,0.149542,0.143156
ATGTAGCGCGCGTAGG-1,0.000022,0.0853,0.20307,0.273635,0.341895,0.096078
ATGTCATAATAAACGA-1,0.004652,0.675978,0.317491,0.000939,0.000235,0.000704
ATGTCATTTCCCATTG-1,0.00006,0.013509,0.490972,0.458269,0.011897,0.025294
ATGTCTTGTTTGACTC-1,0.000257,0.997171,0.000514,0.001029,0.000257,0.000772
ATGTGAAAGCCTAATG-1,0.000469,0.093926,0.055207,0.078976,0.047602,0.72382
ATGTGCATCCGACGCA-1,0.000037,0.000037,0.07655,0.795852,0.00391,0.123614
ATGTGGACATCTTGAT-1,0.001211,0.000033,0.168763,0.455988,0.052919,0.321087
ATGTGTAGTTTAGTCA-1,0.00214,0.000057,0.432105,0.479347,0.010445,0.075906
ATGTTACGAGCAATAC-1,0.000123,0.094039,0.904851,0.000493,0.000123,0.00037
ATGTTCCTGCCCACCT-1,0.000122,0.130701,0.868202,0.000487,0.000122,0.000366
ATGTTCGTCGACCCAC-1,0.000027,0.023601,0.283926,0.401734,0.021629,0.269084
ATGTTGATTAGAGACT-1,0.000017,0.015556,0.081258,0.128023,0.133584,0.641563
ATGTTGTAGTCTGTTT-1,0.000035,0.261562,0.29924,0.079842,0.341864,0.017457
ATGTTTGTAAGATCAT-1,0.000203,0.023454,0.905121,0.070411,0.000203,0.000608
ATTAAACATGCGGACC-1,0.000023,0.025775,0.192882,0.153268,0.059402,0.568651
ATTAAAGCGGACGAGC-1,0.000019,0.016585,0.275805,0.600419,0.014901,0.092271
ATTAACACCTGAGATA-1,0.000025,0.000025,0.385861,0.526228,0.033335,0.054527
ATTAATACTACGCGGG-1,0.000034,0.046765,0.206651,0.45046,0.105921,0.190169
ATTAATGAACCAGTCG-1,0.000064,0.000064,0.501137,0.486537,0.000064,0.012134
ATTACAACTACCGGCC-1,0.000265,0.12573,0.871881,0.001062,0.000265,0.000796
ATTACATGTCAGTCTT-1,0.000033,0.017177,0.587746,0.289694,0.011966,0.093385
ATTACCACACTGCCTG-1,0.000768,0.000016,0.08268,0.834711,0.017999,0.063826
ATTACGCGCTGGCAGG-1,0.007329,0.019247,0.122133,0.452762,0.005451,0.393078
ATTACGGGCTACGGTT-1,0.000122,0.618613,0.157142,0.033548,0.004764,0.185811
ATTACTAGCCTCTTGC-1,0.000155,0.000155,0.868479,0.130591,0.000155,0.000465
ATTACTTACTGGGCAT-1,0.000278,0.109012,0.888488,0.001111,0.000278,0.000833
ATTAGATTCCTCAGCA-1,0.000168,0.043487,0.955001,0.000672,0.000168,0.000504
ATTAGATTGATAGCGG-1,0.000091,0.000091,0.672198,0.314077,0.013267,0.000274
ATTAGGCGATGCTTTC-1,0.000045,0.000045,0.286614,0.397523,0.000045,0.315728
ATTATACTTTGCTCGT-1,0.000237,0.032525,0.958665,0.007623,0.000237,0.000712
ATTATAGCTACTTTAC-1,0.000084,0.000084,0.737885,0.235396,0.026298,0.000253
ATTATCGGAATGTACG-1,0.000061,0.424432,0.31817,0.147776,0.072841,0.03672
ATTATCTCGACAGATC-1,0.000076,0.000076,0.28234,0.701259,0.013246,0.003004
ATTATGAGACCCAATT-1,0.000031,0.791703,0.000062,0.003675,0.104234,0.100295
ATTATGCCATAGGGAG-1,0.000111,0.037915,0.175066,0.786464,0.000111,0.000333
ATTATTATGTCCGTCA-1,0.000045,0.223263,0.338382,0.098124,0.166369,0.173818
ATTATTCAGAGTCACT-1,0.000043,0.078121,0.352785,0.024667,0.087818,0.456566
ATTCAAAGTACCTGTT-1,0.002107,0.018897,0.948001,0.03075,0.000061,0.000184
ATTCAACCATTTAAGG-1,0.000021,0.023803,0.334146,0.293868,0.091384,0.256779
ATTCACTGATGTTGGA-1,0.000036,0.000036,0.495884,0.089813,0.158915,0.255316
ATTCAGATGAATCCCT-1,0.000367,0.2596,0.737096,0.001468,0.000367,0.001101
ATTCAGGATCGCCTCT-1,0.000068,0.012041,0.524427,0.423497,0.012819,0.027148
ATTCAGTAGCAGGGTC-1,0.000064,0.000064,0.797532,0.147891,0.000064,0.054384
ATTCATATACTGTCCA-1,0.000061,0.022783,0.650902,0.037401,0.033424,0.255429
ATTCATCGTTGAGGCA-1,0.000041,0.018489,0.323744,0.185362,0.150903,0.321461
ATTCCCACATAAACAA-1,0.000025,0.01924,0.31846,0.52546,0.003558,0.133257
ATTCCTCCGCCAGTGC-1,0.000042,0.000042,0.33794,0.449447,0.164092,0.048438
ATTCCTTCCAGGCGGT-1,0.00658,0.444109,0.548079,0.000616,0.000154,0.000462
ATTCGACGCCGGGCCT-1,0.000028,0.072309,0.281953,0.398669,0.019043,0.227998
ATTCGCGCCTTGAGAG-1,0.000038,0.000038,0.530422,0.191437,0.082594,0.195471
ATTCGTCCCGAGGTTA-1,0.000023,0.003762,0.077643,0.744507,0.00013,0.173936
ATTCGTGCTATCTCTT-1,0.000029,0.000029,0.34763,0.595675,0.013032,0.043605
ATTCGTGTACCCATTC-1,0.000036,0.081209,0.194101,0.081908,0.056103,0.586641
ATTCGTTTATCGTATT-1,0.000034,0.106314,0.101122,0.417162,0.027776,0.347593
ATTCTCGTCTCTTTAG-1,0.000131,0.156271,0.708623,0.134452,0.000131,0.000392
ATTCTGAGTATGAACT-1,0.000123,0.022605,0.960461,0.016321,0.000123,0.000368
ATTCTTCGTACTTATG-1,0.000293,0.000293,0.997066,0.001174,0.000293,0.00088
ATTGAAGATCTTAGTG-1,0.000022,0.000022,0.007987,0.652311,0.000022,0.339637
ATTGAATTCCCTGTAG-1,0.000063,0.024398,0.178049,0.736266,0.000063,0.06116
ATTGACCGGCGATGAC-1,0.000064,0.729583,0.269844,0.000255,0.000064,0.000191
ATTGACGTAACTCGGT-1,0.010925,0.02773,0.564267,0.213243,0.000169,0.183667
ATTGATCACCACATTT-1,0.000022,0.019834,0.095087,0.176755,0.294245,0.414057
ATTGATGAGTCCTAAC-1,0.000034,0.000034,0.065336,0.800836,0.013929,0.11983
ATTGCCTATTAGACCG-1,0.000627,0.816946,0.001253,0.178668,0.000627,0.00188
ATTGCCTTTATGTTTG-1,0.000044,0.030262,0.864573,0.005484,0.099503,0.000133
ATTGCGATCAGTAACT-1,0.000037,0.109486,0.608185,0.188561,0.04768,0.046052
ATTGCTGCTCCTCCAT-1,0.000035,0.000035,0.188856,0.666257,0.003216,0.1416
ATTGGATTACAGCGTA-1,0.000845,0.041914,0.083049,0.495345,0.043065,0.335782
ATTGGGAATATCTTGG-1,0.000129,0.172508,0.679306,0.088882,0.058788,0.000386
ATTGGGAGTTCTGTAA-1,0.000134,0.709962,0.283798,0.00557,0.000134,0.000402
ATTGGTAGGATCCGCT-1,0.000016,0.088281,0.105008,0.655428,0.044203,0.107064
ATTGGTTGTGCATTAC-1,0.000025,0.150788,0.078753,0.216855,0.023689,0.529889
ATTGTACAACTCGGCT-1,0.000028,0.000028,0.075249,0.691468,0.001704,0.231524
ATTGTCGCAATACCTT-1,0.000441,0.156587,0.839444,0.001764,0.000441,0.001323
ATTGTCTGTTTCATGT-1,0.000066,0.814634,0.184772,0.000264,0.000066,0.000198
ATTGTGACTTCGCTGC-1,0.000195,0.825472,0.172772,0.000781,0.000195,0.000586
ATTGTTCAACGATCCG-1,0.000014,0.000014,0.102769,0.761998,0.006679,0.128526
ATTTAACTCGTATTAC-1,0.000136,0.260788,0.546023,0.192507,0.000136,0.000409
ATTTACAGTTTACTGG-1,0.00002,0.00002,0.011766,0.621317,0.002962,0.363915
ATTTACTAAGTCCATT-1,0.000092,0.03082,0.502249,0.440136,0.026425,0.000277
ATTTATACTGGTAAAG-1,0.000033,0.170283,0.30485,0.139008,0.328928,0.056897
ATTTCATTATTTCGCG-1,0.000226,0.665718,0.191708,0.141442,0.000226,0.000679
ATTTCCGGGTTCTGCG-1,0.000036,0.072485,0.363252,0.157383,0.321773,0.08507
ATTTGCCTAGTTACGA-1,0.000886,0.043406,0.36688,0.4539,0.005452,0.129477
ATTTGCGCGAGTAGCT-1,0.000028,0.000028,0.165514,0.346866,0.342116,0.145448
ATTTGGAGATTGCGGT-1,0.00003,0.066197,0.150661,0.198053,0.435076,0.149983
ATTTGTCTTGGGAGCT-1,0.000045,0.023639,0.453758,0.444472,0.000045,0.078041
ATTTGTTCCAGGGCTC-1,0.000135,0.000135,0.843461,0.078361,0.077502,0.000406
CAAACCAGGTCTGCAT-1,0.000011,0.074011,0.18617,0.414564,0.038707,0.286537
CAAACCATAAGCGTAT-1,0.000015,0.059469,0.117673,0.247113,0.138442,0.437288
CAAACCCTCCGGCGGG-1,0.000018,0.192287,0.216288,0.237004,0.224803,0.1296
CAAACGAGTATCGCAG-1,0.000034,0.071077,0.675107,0.108996,0.037103,0.107683
CAAACGGTCGCACTTT-1,0.000029,0.000332,0.422102,0.372548,0.01229,0.192699
CAAACGTGGTCTTGCG-1,0.000039,0.000039,0.449824,0.546457,0.000039,0.003602
CAAACTACGATAGAGA-1,0.000138,0.649425,0.349333,0.000552,0.000138,0.000414
CAAACTATTGAGCTTC-1,0.000262,0.239554,0.758088,0.001048,0.000262,0.000786
CAAACTCGCGACGCCG-1,0.000026,0.000026,0.640775,0.265649,0.009762,0.083762
CAAAGATTATTGGGCC-1,0.000599,0.005983,0.09911,0.261682,0.3756,0.257027
CAAAGGTCATCTGAAA-1,0.000012,0.010968,0.401391,0.547029,0.008549,0.032051
CAAAGGTTAAATTCAG-1,0.000169,0.431059,0.567417,0.000678,0.000169,0.000508
CAAAGTCAGGTTAGCT-1,0.000108,0.178483,0.820547,0.000431,0.000108,0.000323
CAAATCTCTCACAAGG-1,0.000013,0.000013,0.126812,0.169308,0.033993,0.669862
CAAATGCGGAGTGTTC-1,0.000045,0.006757,0.570215,0.360191,0.000574,0.062218
CAAATGTCCTTCCGTG-1,0.000024,0.037224,0.454764,0.166169,0.173978,0.167841
CAAATTGGATTATGCC-1,0.000127,0.536971,0.461884,0.000509,0.000127,0.000382
CAAATTGTCAGCAAGC-1,0.000077,0.425207,0.070939,0.397342,0.000077,0.106358
CAACACATCTCCTGCC-1,0.000062,0.001156,0.998284,0.000249,0.000062,0.000187
CAACAGAATAACGCTA-1,0.000019,0.000019,0.114477,0.782101,0.003592,0.099791
CAACAGTGCCAAACGG-1,0.00003,0.00003,0.639075,0.329003,0.00003,0.031833
CAACATGGCCTGATAA-1,0.000031,0.012443,0.661007,0.325314,0.001113,0.000092
CAACCAGTGGCCTACC-1,0.00001,0.00001,0.051383,0.564885,0.007772,0.37594
CAACCGCACCTAGACA-1,0.000073,0.460455,0.538889,0.000292,0.000073,0.000219
CAACCTACCGAGCAGT-1,0.000017,0.066482,0.055885,0.385744,0.066315,0.425557
CAACCTGAACCTGCCA-1,0.000051,0.034373,0.795262,0.159048,0.000051,0.011216
CAACGACCCGTTTACA-1,0.000058,0.000058,0.429698,0.444776,0.090585,0.034825
CAACGAGCTTATTATG-1,0.000088,0.999036,0.000175,0.000351,0.000088,0.000263
CAACGATCGATCCAAT-1,0.000036,0.000036,0.033904,0.844201,0.000036,0.121788
CAACGCGATGAGCCAA-1,0.000088,0.999029,0.000177,0.000353,0.000088,0.000265
CAACGGTTCTTGATAC-1,0.000119,0.003562,0.722874,0.27297,0.000119,0.000357
CAACGTGGTGGAGTCT-1,0.000028,0.000028,0.445571,0.473218,0.00017,0.080984
CAACTATATCGAATGC-1,0.000266,0.40186,0.595743,0.001065,0.000266,0.000799
CAACTCCAACGTTTAG-1,0.000044,0.000044,0.404374,0.537178,0.050818,0.007542
CAACTCCTTGATCCCG-1,0.000126,0.000126,0.791768,0.207478,0.000126,0.000377
CAACTGCTCATCCGAT-1,0.000022,0.045547,0.14453,0.163255,0.559476,0.08717
CAACTTGTAGTGGGCA-1,0.000126,0.141081,0.784242,0.068495,0.005681,0.000377
CAAGAAACCCTAAACT-1,0.000053,0.093044,0.572299,0.2529,0.000053,0.081651
CAAGAGGGCGGAGTAC-1,0.000026,0.013539,0.180976,0.428816,0.064965,0.311678
CAAGATATTATAACGT-1,0.000039,0.031842,0.765311,0.162585,0.000039,0.040184
CAAGCAACGTCGGAGT-1,0.010177,0.000451,0.199043,0.551904,0.007814,0.230611
CAAGCACCAAATGCCT-1,0.000072,0.00206,0.700391,0.290996,0.000072,0.006409
CAAGCGGCACATAATT-1,0.000019,0.000019,0.006458,0.320343,0.493666,0.179496
CAAGGATCGCATGTTC-1,0.000038,0.025684,0.649123,0.095383,0.008784,0.220988
CAAGGCCAGTGGTGCA-1,0.000026,0.12381,0.212378,0.269795,0.085161,0.30883
CAAGGGAGTGTATTTG-1,0.000042,0.000042,0.519717,0.478962,0.001112,0.000125
CAAGGTCCTATAGGCT-1,0.000088,0.000088,0.8702,0.129273,0.000088,0.000264
CAAGTAAGTGATAGAC-1,0.000015,0.271436,0.000031,0.222434,0.430754,0.075331
CAAGTCGTTGAAATCT-1,0.001188,0.687259,0.182144,0.002624,0.053151,0.073634
CAAGTGAACTTTGGTT-1,0.000037,0.048765,0.198478,0.625028,0.015366,0.112325
CAATAAACCTTGGCCC-1,0.00007,0.398408,0.356298,0.190838,0.00007,0.054316
CAATACGAGAGTCTGA-1,0.00084,0.000012,0.096315,0.841051,0.003952,0.05783
CAATACGCTCTGAGGC-1,0.000024,0.045815,0.302677,0.264335,0.077548,0.309601
CAATATGTAGATTTAC-1,0.000407,0.26301,0.733331,0.001626,0.000407,0.00122
CAATATTCTTGACCTA-1,0.000017,0.042784,0.012834,0.267102,0.390031,0.287232
CAATATTGGACTAGTG-1,0.000079,0.056282,0.665124,0.27756,0.000717,0.000238
CAATCCATTATCCGTT-1,0.000081,0.000081,0.380833,0.565468,0.029782,0.023755
CAATCCCTATACCAGC-1,0.000269,0.38231,0.615271,0.001075,0.000269,0.000806
CAATCCTGCCGTGGAG-1,0.000052,0.893286,0.000104,0.10635,0.000052,0.000156
CAATGACCCTTAATTT-1,0.939551,0.06025,0.00004,0.00008,0.00002,0.00006
CAATGAGGTTCGACTA-1,0.00009,0.078021,0.921166,0.000362,0.00009,0.000271
CAATGCGAGAAGTATC-1,0.000008,0.000008,0.000017,0.058457,0.014227,0.927282
CAATGGAATCTACATA-1,0.000221,0.189673,0.808337,0.000884,0.000221,0.000663
CAATGGATCTCTACCA-1,0.000062,0.005228,0.352862,0.544937,0.000062,0.096849
CAATGGTCGGCCTGGG-1,0.000038,0.000038,0.151067,0.701044,0.068472,0.079341
CAATGTGCCAACCCTT-1,0.000021,0.000021,0.253796,0.723725,0.0027,0.019738
CAATTAAGGGTGATGA-1,0.000039,0.000039,0.408364,0.461334,0.004435,0.12579
CAATTGGGCCGCACTC-1,0.000016,0.000469,0.056913,0.3166,0.354469,0.271532
CAATTTCGTATAAGGG-1,0.000024,0.036442,0.266777,0.394663,0.017269,0.284824
CAATTTGACCGGGAAG-1,0.000068,0.021859,0.925269,0.052532,0.000068,0.000204
CACAAACCGCAGAACT-1,0.000013,0.07263,0.212258,0.35833,0.013116,0.343653
CACAAGAAAGATATTA-1,0.000151,0.362359,0.5804,0.000603,0.056036,0.000452
CACAAGCTAAGAAAGG-1,0.000056,0.942292,0.057205,0.000224,0.000056,0.000168
CACAATGAGCTGCTAT-1,0.000012,0.008657,0.06447,0.17274,0.0239,0.730223
CACACACGCTAACGAG-1,0.000017,0.001717,0.174585,0.492196,0.023856,0.307629
CACACAGCTTGCGCTC-1,0.000025,0.018414,0.256241,0.678792,0.003059,0.043468
CACACAGGGATAGATT-1,0.000038,0.000578,0.536312,0.353378,0.022052,0.087642
CACACGCGCTGTCTTA-1,0.000048,0.000048,0.567086,0.388982,0.000048,0.04379
CACACGTTTCAATGGG-1,0.000063,0.000063,0.603403,0.392867,0.003411,0.000192
CACACTTGTATTGCGA-1,0.000177,0.371082,0.627326,0.000708,0.000177,0.000531
CACAGAGACGAGGACG-1,0.000018,0.367203,0.00072,0.034171,0.327145,0.270743
CACAGCACCCACGGCA-1,0.000024,0.000024,0.072479,0.607991,0.000024,0.319458
CACAGCTAGGGAGTGA-1,0.000038,0.000038,0.072478,0.86949,0.030776,0.027181
CACAGGGCCATATAGT-1,0.00068,0.047028,0.020012,0.297434,0.033367,0.601478
CACAGGGCCGTTGTCA-1,0.000016,0.010891,0.011334,0.328337,0.394663,0.254758
CACAGTCCCGCTTCGC-1,0.000032,0.006642,0.349451,0.382788,0.018395,0.242691
CACAGTTCGCTTCCCA-1,0.00004,0.001608,0.482111,0.323404,0.000749,0.192088
CACATAAGGCGACCGT-1,0.000034,0.000034,0.294988,0.629392,0.008859,0.066692
CACATATTAGCAGGAT-1,0.000053,0.076251,0.6454,0.074884,0.010355,0.193057
CACATCGTGCACGCGC-1,0.00004,0.345648,0.267911,0.092744,0.208393,0.085265
CACATCTCACCGACGA-1,0.000035,0.013807,0.42005,0.160935,0.307444,0.097728
CACATGATTCAGCAAC-1,0.000018,0.017909,0.096265,0.577714,0.006057,0.302037
CACATGTTTGGACATG-1,0.000145,0.270926,0.727765,0.000582,0.000145,0.000436
CACATTCTTTCGATGG-1,0.000309,0.000309,0.996913,0.001235,0.000309,0.000926
CACATTTCTTGTCAGA-1,0.00003,0.019666,0.661382,0.285711,0.024419,0.008793
CACCAATCATCCGTCT-1,0.000018,0.000018,0.099925,0.281699,0.402324,0.216016
CACCACGCCACACAGA-1,0.000021,0.025437,0.263829,0.16352,0.069882,0.477313
CACCAGTCAGCATGCA-1,0.000031,0.248478,0.25172,0.122592,0.312107,0.065071
CACCATCGGAGGAGAC-1,0.000105,0.108734,0.280216,0.436247,0.035794,0.138905
CACCATGATCGCAAAG-1,0.000133,0.388188,0.528355,0.082791,0.000133,0.0004
CACCCAAATCTTATGT-1,0.000023,0.000023,0.085905,0.642121,0.011889,0.26004
CACCCACACGTCACCC-1,0.000163,0.110389,0.859249,0.029548,0.000163,0.000488
CACCCACGAGGCAATT-1,0.000097,0.014774,0.893221,0.066924,0.024691,0.000292
CACCCGCGTTTGACAC-1,0.000016,0.0002,0.053618,0.568228,0.000826,0.377113
CACCCGGTTTGTGACT-1,0.000582,0.001418,0.149592,0.314565,0.277849,0.255994
CACCCTAACAAGATCT-1,0.000037,0.096772,0.499938,0.054749,0.046831,0.301673
CACCCTTGGTGAGACC-1,0.002735,0.105273,0.165514,0.165775,0.296538,0.264165
CACCCTTTCCTCGCTC-1,0.000105,0.105016,0.831941,0.062515,0.000105,0.000316
CACCGATACACCGAGC-1,0.000286,0.479596,0.517827,0.001146,0.000286,0.000859
CACCGATGATGGGTAC-1,0.000034,0.029701,0.576719,0.175628,0.000034,0.217883
CACCGCCAGAAGGTTT-1,0.000035,0.000035,0.005754,0.681092,0.002278,0.310806
CACCGCCGACCAGCGA-1,0.011183,0.109437,0.588358,0.201695,0.001259,0.088069
CACCGGAGATATCTCC-1,0.000198,0.215394,0.782821,0.000794,0.000198,0.000595
CACCGGGCATCACAAG-1,0.000012,0.018182,0.062758,0.143231,0.283963,0.491855
CACCGGTAGAGACATT-1,0.00004,0.548096,0.000081,0.009817,0.322986,0.11898
CACCGTATCCCATCCG-1,0.000029,0.009905,0.276897,0.502322,0.015482,0.195365
CACCGTTAGGGATCAC-1,0.000026,0.125317,0.237174,0.262942,0.188944,0.185598
CACCGTTGCGCGATAT-1,0.000018,0.010163,0.068519,0.188149,0.121944,0.611207
CACCTAATAGAGTCGT-1,0.000064,0.523838,0.449679,0.026164,0.000064,0.000191
CACCTAATCAGTTTAC-1,0.000076,0.050908,0.627607,0.304501,0.016679,0.000229
CACCTCGATGGTGGAC-1,0.000185,0.02601,0.721411,0.241311,0.000185,0.010898
CACCTTGCGAAACTCG-1,0.000064,0.000064,0.505772,0.491148,0.001082,0.001871
CACCTTGGCGCCTTTG-1,0.000053,0.000053,0.325968,0.606265,0.038476,0.029185
CACGAAAGTTAGTCCC-1,0.000027,0.019463,0.159151,0.555723,0.002988,0.262647
CACGACCACAGACTTT-1,0.00007,0.072768,0.33188,0.595001,0.00007,0.00021
CACGACGTAATAGTAA-1,0.000194,0.101103,0.791501,0.000777,0.105842,0.000583
CACGACTAAAGTTCTG-1,0.000031,0.000031,0.328411,0.562399,0.006086,0.103041
CACGAGCAAACCAGAC-1,0.000087,0.999046,0.000173,0.000347,0.000087,0.00026
CACGATTGGTCGTTAA-1,0.000023,0.035287,0.15554,0.663916,0.001121,0.144114
CACGCACAGCGCAGCT-1,0.000034,0.000034,0.035379,0.759358,0.040865,0.16433
CACGCAGCGAGGCTTT-1,0.000045,0.000045,0.671793,0.231133,0.000045,0.09694
CACGCGGAACTGTTGC-1,0.000031,0.000031,0.357612,0.408038,0.000031,0.234257
CACGGGATTGAGGGTT-1,0.000013,0.000013,0.018385,0.616042,0.001965,0.363581
CACGTCAATCAATGGA-1,0.000009,0.000009,0.050298,0.551659,0.004541,0.393484
CACGTCGGCAACCTCT-1,0.000031,0.062756,0.513745,0.162096,0.214494,0.046879
CACGTCGGGTTCTAGA-1,0.000069,0.530432,0.468943,0.000278,0.000069,0.000208
CACGTCTATGATGTGG-1,0.000312,0.030073,0.967118,0.001248,0.000312,0.000936
CACGTTCGTGCTCTAG-1,0.000053,0.020572,0.835042,0.101069,0.000053,0.043211
CACGTTTCGTACACAC-1,0.000047,0.083991,0.360526,0.100065,0.079938,0.375433
CACTAAAGTTGCCTAT-1,0.000023,0.016027,0.328888,0.386103,0.002701,0.266257
CACTACGGGAGCTGCC-1,0.000352,0.017489,0.033023,0.50193,0.006303,0.440902
CACTACTCAGTTCTGT-1,0.000089,0.036662,0.746677,0.216218,0.000089,0.000266
CACTCAAGAGCTATGG-1,0.000038,0.082581,0.376198,0.207654,0.000434,0.333095
CACTCAGCTCTTGAGG-1,0.000177,0.17114,0.640125,0.01754,0.170486,0.000532
CACTCCTATGTAAGAT-1,0.000022,0.058209,0.119794,0.27603,0.388979,0.156965
CACTCCTCTCGGTCGG-1,0.000382,0.186589,0.809971,0.001529,0.000382,0.001147
CACTCGAGCTGAACAA-1,0.000052,0.02915,0.689575,0.121857,0.013333,0.146034
CACTCGGTTAGGAGGA-1,0.000033,0.000033,0.331171,0.556358,0.002517,0.109887
CACTCTCAAGCATCGA-1,0.00006,0.679472,0.301756,0.015208,0.003325,0.000179
CACTCTTCTGCTAGCC-1,0.000023,0.115445,0.115223,0.391327,0.082008,0.295974
CACTGACGATTGTGGA-1,0.000053,0.348492,0.570729,0.019591,0.060975,0.00016
CACTGTCCAAGTGAGA-1,0.000097,0.000097,0.840857,0.077082,0.081578,0.00029
CACTTAATCAGACGGA-1,0.000023,0.00035,0.254906,0.50062,0.000846,0.243255
CACTTCGCCACAGGCT-1,0.000038,0.000038,0.368838,0.54666,0.002729,0.081697
CACTTCGTCTTATCTC-1,0.000233,0.22317,0.774735,0.000931,0.000233,0.000698
CAGAACTTAGCCCTCT-1,0.000033,0.023501,0.612922,0.099292,0.059836,0.204416
CAGAATAACACACGGA-1,0.000029,0.027037,0.676147,0.192915,0.000029,0.103843
CAGAATATTCGTTATC-1,0.000019,0.006479,0.13263,0.693435,0.043185,0.124251
CAGACACCGATCGCTG-1,0.000016,0.019773,0.05917,0.355239,0.226814,0.338987
CAGACCTGTAAGTGTT-1,0.00005,0.00005,0.266588,0.626879,0.008435,0.097999
CAGACGAACCTGATAC-1,0.000015,0.048218,0.094268,0.289488,0.347238,0.220773
CAGAGACGGTCACCCA-1,0.000036,0.000036,0.288129,0.239162,0.212822,0.259814
CAGAGCATGAGCTTGC-1,0.00012,0.00012,0.514038,0.335371,0.00012,0.15023
CAGAGCGATGGATGCT-1,0.000069,0.000069,0.42833,0.384149,0.000069,0.187314
CAGAGGCGATGCATGA-1,0.00003,0.095502,0.633176,0.063353,0.134873,0.073066
CAGAGTGATTTAACGT-1,0.000144,0.000144,0.5523,0.446834,0.000144,0.000433
CAGATAATGGGCGGGT-1,0.000019,0.000019,0.146591,0.134574,0.066042,0.652754
CAGATACTAACATAGT-1,0.000032,0.225737,0.315483,0.346756,0.00702,0.104972
CAGATATGAAGATGAC-1,0.00008,0.999124,0.000159,0.000318,0.00008,0.000239
CAGATCATTTAAAGTC-1,0.000231,0.000231,0.997692,0.000923,0.000231,0.000693
CAGATCCTGGTTTGAA-1,0.000029,0.038848,0.263412,0.178415,0.311371,0.207925
CAGATGTTTGTCCCAA-1,0.00002,0.010333,0.064544,0.269988,0.290724,0.36439
CAGCAGCCCGTTCCTT-1,0.000044,0.000044,0.073972,0.673256,0.000044,0.25264
CAGCAGTCCAGACTAT-1,0.000039,0.019401,0.493499,0.192708,0.039621,0.254733
CAGCAGTCTGTGCTGC-1,0.00003,0.00003,0.234825,0.332986,0.260549,0.17158
CAGCCCTCACAGGCAG-1,0.000038,0.065992,0.306034,0.529611,0.000038,0.098287
CAGCCGGGCCCTCTAT-1,0.000344,0.360205,0.636696,0.001377,0.000344,0.001033
CAGCCTCCTGCAGAGG-1,0.000032,0.000032,0.000717,0.84402,0.022972,0.132226
CAGCCTCGATAGCGGT-1,0.000027,0.003979,0.404757,0.484179,0.006706,0.100352
CAGCCTCTCCTCAAGA-1,0.0001,0.88757,0.111533,0.000399,0.0001,0.000299
CAGCGATTCCCTTCAA-1,0.000037,0.081231,0.343164,0.200278,0.264945,0.110345
CAGCGCCAACACGATA-1,0.000013,0.024044,0.104812,0.458006,0.018857,0.394267
CAGCTCACTGAGACAT-1,0.00005,0.021604,0.433264,0.335615,0.00005,0.209417
CAGCTCGACAAGTTAA-1,0.000058,0.000058,0.560371,0.408467,0.000058,0.030987
CAGCTCTGGGCTCACT-1,0.000257,0.997171,0.000514,0.001029,0.000257,0.000772
CAGCTGGCGTAACCGT-1,0.001074,0.047774,0.504437,0.115377,0.115077,0.216262
CAGCTTAGTAGGTAGC-1,0.002106,0.028309,0.381014,0.436745,0.00004,0.151787
CAGGAAGACTTTATAT-1,0.000395,0.621589,0.281212,0.095225,0.000395,0.001185
CAGGATATATCGTTGT-1,0.000049,0.024925,0.391017,0.125409,0.203463,0.255136
CAGGATCCGCCCGACC-1,0.000031,0.000031,0.334647,0.596865,0.006141,0.062285
CAGGCAGTCTTACCAG-1,0.000035,0.152877,0.377852,0.274443,0.14676,0.048033
CAGGCCAGTACCACCT-1,0.000229,0.997482,0.000458,0.000916,0.000229,0.000687
CAGGCCGTTTGGGTGT-1,0.000034,0.071624,0.297139,0.186324,0.080495,0.364384
CAGGCGCACGGTGGTC-1,0.000021,0.008122,0.14106,0.270816,0.194886,0.385095
CAGGCGCCATGCTAGG-1,0.003248,0.041704,0.597038,0.163644,0.070087,0.124279
CAGGGAGATAGGCCAG-1,0.00017,0.998133,0.000339,0.000679,0.00017,0.000509
CAGGGCTAACGAAACC-1,0.000008,0.018904,0.092579,0.718453,0.039618,0.130438
CAGTAAGGGACGTCTC-1,0.000046,0.504346,0.228014,0.089245,0.077192,0.101158
CAGTAATCCCTCCCAG-1,0.002728,0.015625,0.418018,0.466317,0.031562,0.06575
CAGTACATTCTCTAAA-1,0.000156,0.062773,0.935822,0.000624,0.000156,0.000468
CAGTACCAGTTTACGT-1,0.000025,0.000025,0.275423,0.084478,0.217268,0.42278
CAGTAGATGATGTCCG-1,0.000061,0.045499,0.789537,0.069995,0.094726,0.000183
CAGTAGCCCACGCGGT-1,0.000077,0.000077,0.859168,0.140372,0.000077,0.00023
CAGTAGCGAGGTAGTA-1,0.000041,0.035409,0.440296,0.50838,0.015753,0.000122
CAGTCGAGGATGCAAT-1,0.00003,0.091068,0.129849,0.760784,0.006722,0.011548
CAGTCGGCCTAGATAT-1,0.000013,0.03078,0.00308,0.138411,0.050678,0.777038
CAGTCTCTCGGCTAAT-1,0.000033,0.001935,0.036219,0.897741,0.041364,0.022707
CAGTCTGTATACTGGG-1,0.000035,0.022493,0.430457,0.069726,0.047076,0.430213
CAGTGAATAAATGACT-1,0.000049,0.005731,0.680933,0.313093,0.000049,0.000146
CAGTGGTTGCACATGA-1,0.00013,0.133671,0.865161,0.000519,0.00013,0.000389
CAGTGTCCGCAGAATG-1,0.000188,0.110725,0.887585,0.000751,0.000188,0.000563
CAGTGTCGGCTGGCCC-1,0.000018,0.0118,0.04715,0.17332,0.019817,0.747895
CAGTGTTAATCTCTCA-1,0.002252,0.996333,0.000283,0.000566,0.000141,0.000424
CAGTTCAAATTGACAC-1,0.000041,0.000041,0.705927,0.169364,0.031141,0.093485
CAGTTCCGCGGGTCGA-1,0.000046,0.00764,0.73354,0.250479,0.000046,0.008248
CAGTTCGAGGACCCGA-1,0.000028,0.333437,0.007901,0.259919,0.343617,0.055097
CATAACGGACAGTCGT-1,0.000051,0.009704,0.929617,0.054481,0.000051,0.006095
CATAAGAAGCTTGGCT-1,0.000036,0.028059,0.518083,0.095518,0.324857,0.033447
CATAAGCTCTCCGTCT-1,0.000016,0.025616,0.090816,0.101794,0.032331,0.749427
CATAATGAGCGGGCGA-1,0.004328,0.000049,0.419477,0.575405,0.000592,0.000148
CATACAAAGCCGAACC-1,0.000068,0.820388,0.179001,0.000272,0.000068,0.000204
CATACACAAAGTCAGC-1,0.000015,0.067354,0.253966,0.204652,0.349555,0.124458
CATACACGGTTCCCAC-1,0.000045,0.136628,0.58702,0.110113,0.159127,0.007067
CATACCCGTACCCAGT-1,0.001502,0.110549,0.276854,0.434086,0.034898,0.14211
CATACGAACTAGCTGG-1,0.00011,0.904336,0.00022,0.094895,0.00011,0.00033
CATACGGCGTCTGGGC-1,0.00004,0.073529,0.410449,0.285065,0.020196,0.210721
CATACGGGTGCATGAT-1,0.000024,0.000024,0.307952,0.652869,0.036888,0.002243
CATACTATGTAATTGT-1,0.000027,0.053857,0.106722,0.397284,0.022533,0.419577
CATACTTAGGCAATAC-1,0.000026,0.000026,0.495151,0.471889,0.015671,0.017237
CATACTTCTTTCTCCG-1,0.000058,0.322529,0.64821,0.000232,0.028796,0.000174
CATAGAGGAGATACTA-1,0.005608,0.009721,0.130612,0.239923,0.344134,0.270001
CATAGCCGCCCGGGAT-1,0.000036,0.022682,0.52256,0.430325,0.000926,0.023471
CATAGCGTTGCCCACC-1,0.000032,0.018941,0.14601,0.341946,0.329263,0.163807
CATAGGGACACTTGTG-1,0.00009,0.99901,0.00018,0.00036,0.00009,0.00027
CATAGTACATTGAGAG-1,0.000336,0.30005,0.696925,0.001344,0.000336,0.001008
CATAGTAGCATAGTAG-1,0.000084,0.026292,0.386886,0.582956,0.003529,0.000253
CATAGTCAAATACATA-1,0.000033,0.053708,0.350829,0.01886,0.1148,0.46177
CATAGTCCACAAGAAC-1,0.000025,0.072581,0.344467,0.149912,0.07516,0.357855
CATAGTGGGCACGCCT-1,0.000037,0.012348,0.1447,0.736586,0.000037,0.106294
CATATAGGTACAGTCA-1,0.00002,0.002503,0.180623,0.122528,0.017417,0.676909
CATATGTCAGGCTACG-1,0.000048,0.130583,0.458541,0.143992,0.139985,0.126851
CATATTATTTGCCCTA-1,0.000051,0.059085,0.673946,0.118027,0.036726,0.112164
CATCAACACCTACTAA-1,0.000097,0.177953,0.82117,0.00039,0.000097,0.000292
CATCATCTACCCGGAC-1,0.000141,0.154883,0.641664,0.184916,0.017973,0.000422
CATCATTACCCTGAGG-1,0.000034,0.018613,0.298966,0.241247,0.060894,0.380246
CATCCAATATAGTTTG-1,0.000037,0.957443,0.000074,0.000149,0.000037,0.042259
CATCCCGAGATTCATA-1,0.000037,0.011772,0.244397,0.392636,0.000037,0.351121
CATCCGCAGGCCCGAA-1,0.000094,0.141332,0.857819,0.000377,0.000094,0.000283
CATCCTCTCAAAGATC-1,0.000042,0.126439,0.541077,0.022489,0.028216,0.281737
CATCGAATGGATCTCT-1,0.000028,0.000028,0.318685,0.655392,0.012849,0.013018
CATCGCCCGCGGCCAA-1,0.000154,0.210213,0.72515,0.063869,0.000154,0.000461
CATCGGACGGGTTAAT-1,0.000059,0.000059,0.607602,0.024303,0.145092,0.222884
CATCGTCCGGTTACTA-1,0.000024,0.021282,0.169752,0.711522,0.073386,0.024035
CATCTACCCGAGAACG-1,0.000301,0.426132,0.57116,0.001203,0.000301,0.000903
CATCTAGTGAAGGGAA-1,0.000013,0.000013,0.431288,0.5403,0.002032,0.026353
CATCTGCAGGATCATT-1,0.000026,0.000026,0.212364,0.599992,0.038335,0.149258
CATCTTACACCACCTC-1,0.00012,0.13227,0.289969,0.534519,0.00012,0.043002
CATGAACCGACATTTG-1,0.000161,0.184374,0.814175,0.000645,0.000161,0.000484
CATGAACCTCTTATCA-1,0.007199,0.000036,0.356634,0.587454,0.004571,0.044106
CATGACTTCGCTGAAT-1,0.000041,0.024525,0.558402,0.379984,0.000041,0.037008
CATGAGATGCACTCTC-1,0.000636,0.000455,0.06283,0.172617,0.236747,0.526714
CATGAGTCCATCACGG-1,0.000409,0.995506,0.000817,0.001634,0.000409,0.001226
CATGATACGGTGAAAC-1,0.00003,0.142674,0.238244,0.29842,0.124208,0.196425
CATGATCGCTTTGAGA-1,0.000482,0.01466,0.020386,0.724208,0.013027,0.227237
CATGATGCACAATTCT-1,0.000051,0.000051,0.055293,0.698846,0.101596,0.144164
CATGATGGAAGTTAGC-1,0.000054,0.069692,0.553524,0.278638,0.000054,0.098038
CATGCACATGAGAGGC-1,0.000174,0.998082,0.000349,0.000697,0.000174,0.000523
CATGCACGTGTTACTG-1,0.00087,0.000031,0.060829,0.895646,0.041508,0.001117
CATGCATGGAGACCCT-1,0.003679,0.005091,0.339337,0.608186,0.007863,0.035845
CATGCCAACTCGCAAA-1,0.000013,0.001841,0.103036,0.145079,0.109274,0.640757
CATGCGACCAGTTTAA-1,0.000023,0.000023,0.153069,0.787264,0.033166,0.026455
CATGCGTTAGACAGAA-1,0.000121,0.052357,0.602226,0.338312,0.000121,0.006862
CATGCGTTGAGAGGAG-1,0.000019,0.679591,0.000037,0.001592,0.187658,0.131104
CATGCTGGCTCCAATT-1,0.000099,0.066504,0.613501,0.319502,0.000099,0.000296
CATGGAAATGGGACCA-1,0.006842,0.013058,0.978036,0.001032,0.000258,0.000774
CATGGATTGTCTTCCG-1,0.000039,0.058246,0.594531,0.238233,0.024348,0.084602
CATGGCAGGAAGATCG-1,0.000132,0.000132,0.773171,0.113285,0.000132,0.113146
CATGGCTCCCTATGTC-1,0.000018,0.000018,0.081933,0.825267,0.047003,0.045761
CATGGGTATGCCTTAT-1,0.000045,0.103589,0.384414,0.173996,0.108466,0.229488
CATGGGTCGGGTGTGG-1,0.000099,0.000099,0.873901,0.125506,0.000099,0.000297
CATGGTAAGTAGCGTT-1,0.000042,0.042053,0.529923,0.05852,0.049696,0.319765
CATGGTATTAGTTTGT-1,0.000043,0.106423,0.32442,0.14018,0.325664,0.10327
CATGGTCTAGATACCG-1,0.000112,0.000112,0.507009,0.454235,0.02438,0.014151
CATGGTTTATTAATCA-1,0.000036,0.000036,0.2507,0.051139,0.085205,0.612885
CATGTAAGAGACATTT-1,0.000053,0.033144,0.544388,0.074481,0.044573,0.303362
CATGTAGGAGCGCCAA-1,0.000294,0.323751,0.531455,0.001178,0.000294,0.143028
CATGTCTCATTTATGG-1,0.000018,0.000018,0.011928,0.119813,0.026058,0.842165
CATGTGGGCTCATCAC-1,0.000031,0.002234,0.177721,0.251778,0.428514,0.139721
CATTACATAGATTGTG-1,0.000176,0.05611,0.942304,0.000705,0.000176,0.000529
CATTACGCAGGAAGGG-1,0.000023,0.009237,0.171738,0.064456,0.14555,0.608995
CATTACGTCGGCCCGT-1,0.000105,0.000105,0.796425,0.189775,0.000105,0.013487
CATTATAACAGGGTCC-1,0.000032,0.000032,0.32824,0.576734,0.013189,0.081772
CATTATCCCATTAACG-1,0.000101,0.998892,0.000202,0.000403,0.000101,0.000302
CATTATGCTTGTTGTG-1,0.000036,0.000036,0.362926,0.505663,0.029951,0.101389
CATTCACTGACAGCTA-1,0.006413,0.000036,0.24796,0.687464,0.0298,0.028327
CATTCAGGTCAGTGCG-1,0.000026,0.000405,0.166691,0.77876,0.0479,0.006218
CATTCCCATTCCGTCG-1,0.000082,0.000082,0.999181,0.000327,0.000082,0.000246
CATTCCCTAAGTACAA-1,0.000106,0.269774,0.729271,0.000424,0.000106,0.000318
CATTCGTCGTAGCGGT-1,0.000038,0.000038,0.46031,0.420944,0.000038,0.118632
CATTGCAAAGCATAAT-1,0.001179,0.02003,0.493682,0.460871,0.010244,0.013994
CATTGCGAAATGGGCG-1,0.000014,0.011143,0.122293,0.522939,0.026265,0.317346
CATTGTGTGCTAGATC-1,0.000188,0.492144,0.506166,0.000751,0.000188,0.000563
CATTTAGCGGACCATG-1,0.00004,0.019101,0.015777,0.627872,0.042758,0.294452
CATTTATCGTTCAAGA-1,0.008935,0.000074,0.658508,0.261009,0.035423,0.036051
CATTTCTAGCAGACTA-1,0.000152,0.081453,0.917181,0.000607,0.000152,0.000455
CATTTGAGTGGTACGT-1,0.000037,0.113641,0.45243,0.182926,0.144066,0.106901
CCAAACAGAACCCTCG-1,0.000023,0.000023,0.17718,0.762052,0.044503,0.01622
CCAAAGCAGTTGGTTG-1,0.000077,0.1185,0.880805,0.000309,0.000077,0.000232
CCAAAGTCCCGCTAAC-1,0.000035,0.000035,0.512254,0.466456,0.01492,0.006301
CCAAATAACAAGATTC-1,0.000011,0.026435,0.26073,0.595496,0.026025,0.091302
CCAAATCAAAGGGCAA-1,0.000179,0.998033,0.000358,0.000715,0.000179,0.000537
CCAACCTTATGTAACT-1,0.000121,0.616146,0.382762,0.000485,0.000121,0.000364
CCAACGATGCACTGAT-1,0.000026,0.001836,0.264109,0.42316,0.014911,0.295958
CCAACGCTTGCCAGGG-1,0.000266,0.094193,0.903411,0.001065,0.000266,0.000799
CCAACTTGATAGATCC-1,0.000018,0.000018,0.417346,0.563712,0.001927,0.016979
CCAAGAAAGTGGGCGA-1,0.000014,0.00034,0.204884,0.257221,0.271013,0.266528
CCAAGACTTCTGCGAA-1,0.000066,0.000066,0.333165,0.582719,0.083785,0.000199
CCAAGCGTAACTCGTA-1,0.000019,0.000019,0.106853,0.605804,0.004662,0.282644
CCAAGCTTGATCTCCT-1,0.000027,0.016825,0.19864,0.642699,0.017676,0.124132
CCAAGGAACAGAGAGG-1,0.000072,0.130671,0.658644,0.206972,0.000072,0.00357
CCAAGTTTCTACAGAT-1,0.000182,0.34066,0.657706,0.000726,0.000182,0.000545
CCAATAGATTTCATCT-1,0.000018,0.006516,0.127491,0.699892,0.009562,0.156522
CCAATAGTGCCGTCGA-1,0.000022,0.014973,0.081923,0.595918,0.008171,0.298992
CCAATCGGTAGATCGA-1,0.000197,0.823319,0.174912,0.000786,0.000197,0.00059
CCAATGTCACAGCAAG-1,0.000983,0.026956,0.554212,0.234373,0.025843,0.157632
CCAATTACGGGTCGAG-1,0.000213,0.106373,0.891709,0.000853,0.000213,0.000639
CCAATTGAATGTTAAT-1,0.000025,0.000025,0.109196,0.841477,0.040284,0.008993
CCACAATGTACGTCTT-1,0.00005,0.00005,0.536911,0.330062,0.009878,0.123049
CCACACTGAGATATTA-1,0.000017,0.000017,0.061171,0.266602,0.082096,0.590097
CCACAGCTGAAATCAT-1,0.000097,0.076696,0.922008,0.00081,0.000097,0.000291
CCACAGTACCCATCCT-1,0.000027,0.000027,0.153841,0.438358,0.034769,0.372978
CCACATACTGCACCCA-1,0.000617,0.000019,0.091894,0.70307,0.001411,0.20299
CCACATGGCTCTTTAT-1,0.000017,0.036137,0.016944,0.137346,0.574592,0.234964
CCACCAACTTTACTGT-1,0.000032,0.086252,0.425198,0.136326,0.34066,0.011532
CCACCCAAGGAAAGTG-1,0.000046,0.139157,0.334179,0.415464,0.007412,0.103743
CCACCTGTATGGAATA-1,0.000033,0.000033,0.235409,0.681936,0.01501,0.067579
CCACGAATTTAACCTC-1,0.000021,0.040537,0.370465,0.546717,0.00208,0.040179
CCACGAGAAGAGAATC-1,0.000148,0.045022,0.953643,0.000593,0.000148,0.000445
CCACGGAGCCATAAGA-1,0.000027,0.081283,0.486818,0.091474,0.147305,0.193094
CCACGGCAGGTGTAGG-1,0.000046,0.542187,0.015449,0.026118,0.294163,0.122036
CCACGGTGCCCGGTAG-1,0.000024,0.000024,0.226199,0.676228,0.015894,0.081631
CCACGTAAATTAGACT-1,0.000048,0.102159,0.897407,0.000193,0.000048,0.000145
CCACTAAACTGAATCG-1,0.000025,0.009788,0.362636,0.597449,0.019424,0.010678
CCACTATCCGGGTCAC-1,0.000097,0.000097,0.999034,0.000386,0.000097,0.00029
CCACTCAGATCCGCAA-1,0.003702,0.006206,0.169436,0.215872,0.157605,0.447179
CCACTGGTGGCTGGTT-1,0.000018,0.000624,0.07405,0.215868,0.036016,0.673424
CCACTGTTTGGATTAA-1,0.000024,0.048068,0.289091,0.451842,0.041968,0.169007
CCACTTTCCTTCTAGG-1,0.000041,0.074527,0.100209,0.533039,0.000041,0.292142
CCAGAAACTGATGCGA-1,0.000014,0.000014,0.165828,0.493352,0.007556,0.333236
CCAGAAAGCAACTCAT-1,0.000019,0.046596,0.258089,0.101126,0.371832,0.222337
CCAGAGACAAAGCCGG-1,0.000025,0.008115,0.519963,0.460635,0.004793,0.006469
CCAGATAGTTGAGTGA-1,0.00009,0.027777,0.583834,0.38794,0.00009,0.000269
CCAGCCTGGACCAATA-1,0.000023,0.023561,0.356504,0.289559,0.001282,0.329071
CCAGCTACGCCTCATA-1,0.000216,0.000216,0.997835,0.000866,0.000216,0.000649
CCAGCTCGAACGCATT-1,0.000025,0.51943,0.065343,0.144011,0.181959,0.089232
CCAGCTGATGGTACTT-1,0.000044,0.088975,0.456332,0.130429,0.032852,0.291368
CCAGCTTCCGCCCGCA-1,0.000028,0.092664,0.079617,0.714162,0.000028,0.113502
CCAGGCGAGATGGTCT-1,0.000156,0.99828,0.000313,0.000625,0.000156,0.000469
CCAGGCTGGCGTCTGA-1,0.000018,0.000018,0.097918,0.788612,0.013917,0.099518
CCAGGGACGTGGCCTC-1,0.000061,0.000061,0.236466,0.560562,0.000061,0.20279
CCAGTAGTCTGATCCA-1,0.000111,0.000111,0.998887,0.000445,0.000111,0.000334
CCAGTCAAATCTCTTA-1,0.000024,0.160049,0.165959,0.103537,0.157089,0.413341
CCAGTCCATTATTCGA-1,0.000091,0.863024,0.136154,0.000366,0.000091,0.000274
CCAGTCTAGACGGCGC-1,0.000041,0.000041,0.062833,0.929919,0.007043,0.000123
CCAGTCTTGTCATAGA-1,0.000046,0.19609,0.482172,0.184952,0.105562,0.031178
CCAGTGAGCTCCTTGT-1,0.000019,0.018151,0.089638,0.753319,0.026199,0.112674
CCAGTGTACAGACCGA-1,0.000344,0.996212,0.000689,0.001377,0.000344,0.001033
CCAGTTCGGTAACTCA-1,0.000012,0.013614,0.014916,0.280646,0.261943,0.428867
CCATAAACAACCCGAC-1,0.000116,0.674124,0.015698,0.309596,0.000116,0.000349
CCATAACCTGTGCAGT-1,0.000017,0.024934,0.114097,0.257127,0.304033,0.299791
CCATACCTTTACTTGT-1,0.000097,0.000097,0.323705,0.675711,0.000097,0.000292
CCATACTCGCCTCTCC-1,0.000014,0.028217,0.143397,0.627245,0.029888,0.171239
CCATAGAGGCTGCCAG-1,0.000041,0.041319,0.315854,0.089685,0.48651,0.066592
CCATAGGTTGGCGTGG-1,0.000123,0.000123,0.932235,0.06703,0.000123,0.000368
CCATAGTCAGTAACCC-1,0.000099,0.254068,0.745041,0.000396,0.000099,0.000297
CCATATGGAAACTATA-1,0.000019,0.057005,0.576954,0.218186,0.007376,0.140459
CCATATTGGATCATGA-1,0.000109,0.256813,0.742207,0.000436,0.000109,0.000327
CCATCATAAGAACAGG-1,0.000139,0.000139,0.998606,0.000557,0.000139,0.000418
CCATCCATACCAAGTC-1,0.000193,0.260243,0.738021,0.000772,0.000193,0.000579
CCATCGCAGTTAAACT-1,0.000033,0.086103,0.299095,0.286419,0.119054,0.209297
CCATCTCACCAGTGAA-1,0.000103,0.09137,0.464172,0.126248,0.008635,0.309472
CCATCTTGTTCACAAT-1,0.000059,0.010382,0.341653,0.555762,0.041171,0.050973
CCATGCCCTAGATTTC-1,0.000036,0.039241,0.41137,0.305136,0.088379,0.155838
CCATGCCTGTTTAGTA-1,0.00002,0.00002,0.100599,0.468935,0.00284,0.427586
CCATGCTCTGCAGGAA-1,0.000021,0.000021,0.160803,0.758382,0.044883,0.035889
CCATGGCAAACGCTCA-1,0.000048,0.99947,0.000096,0.000193,0.000048,0.000145
CCATGGCCCTTGTACC-1,0.000013,0.000013,0.036812,0.530346,0.027479,0.405338
CCATGTTCATCTATAT-1,0.000175,0.99807,0.000351,0.000702,0.000175,0.000526
CCATTAGCGATAATCC-1,0.000036,0.000036,0.55395,0.322777,0.032016,0.091185
CCATTCCCTGCCCACA-1,0.000051,0.000051,0.62472,0.249043,0.015758,0.110377
CCATTTCTACCTATTA-1,0.000048,0.000048,0.545405,0.177409,0.040165,0.236926
CCCAAACATGCTGCTC-1,0.00002,0.037928,0.109241,0.622672,0.051622,0.178517
CCCAACATACGTCGCG-1,0.00414,0.014469,0.37889,0.116695,0.050388,0.435418
CCCAACCACACTAACA-1,0.000061,0.000061,0.42754,0.496866,0.013455,0.062017
CCCAAGAATGCACGGT-1,0.000031,0.000031,0.174875,0.821712,0.000031,0.00332
CCCAAGACAGAGTATG-1,0.001489,0.004804,0.323147,0.62953,0.007463,0.033566
CCCAAGTCATTACACT-1,0.000049,0.020712,0.547389,0.093869,0.086943,0.251039
CCCAATGAGATTTGCA-1,0.000035,0.158033,0.418789,0.037795,0.343595,0.041754
CCCAATTTCACAACTT-1,0.000033,0.159171,0.302887,0.350405,0.016351,0.171154
CCCACTCCACGGTATC-1,0.000013,0.0146,0.04987,0.101419,0.287758,0.54634
CCCAGAGGAGGGCGTA-1,0.000165,0.146379,0.852136,0.00066,0.000165,0.000495
CCCAGATTCCCGTGAC-1,0.000369,0.995944,0.000737,0.001475,0.000369,0.001106
CCCAGGAAGAATTCGA-1,0.000023,0.547857,0.066062,0.215325,0.07816,0.092573
CCCAGGTCTGAAGGCT-1,0.00002,0.030371,0.301715,0.493688,0.042233,0.131972
CCCAGTAAACTTGGGA-1,0.000019,0.009459,0.396322,0.158916,0.319493,0.11579
CCCAGTTAAGGCGCCG-1,0.000028,0.22015,0.21852,0.2642,0.061284,0.235818
CCCATATAGGTCGATT-1,0.000035,0.001737,0.537336,0.307211,0.005208,0.148473
CCCATTATTGTATCCT-1,0.000033,0.024046,0.305247,0.490361,0.000033,0.180279
CCCGAAGTTTCGCGAA-1,0.000748,0.006162,0.384831,0.159809,0.03661,0.411841
CCCGACCATAGTCCGC-1,0.00008,0.00008,0.586182,0.400543,0.012876,0.00024
CCCGAGTTTCTCCGTA-1,0.00002,0.03524,0.184424,0.493579,0.027573,0.259163
CCCGCAAATAATCATC-1,0.004944,0.761956,0.000088,0.059911,0.010956,0.162145
CCCGCAGCGCGAACTA-1,0.001042,0.039327,0.561166,0.206059,0.091385,0.101021
CCCGCAGGGCCCAAAG-1,0.000175,0.456362,0.542059,0.000702,0.000175,0.000526
CCCGCCATGCTCCCGT-1,0.000089,0.000089,0.802934,0.18082,0.009658,0.00641
CCCGCGCAATGCACCC-1,0.000979,0.000033,0.398497,0.575379,0.024842,0.000271
CCCGCTAGAGGGTTAA-1,0.000042,0.000042,0.337779,0.589229,0.000042,0.072866
CCCGCTTGCCCTCGTC-1,0.000039,0.021311,0.368103,0.600582,0.003754,0.006211
CCCGGCACGTGTCAGG-1,0.000009,0.002546,0.00103,0.062293,0.037741,0.896381
CCCGGCTAGGTGAGAA-1,0.00183,0.292404,0.705145,0.000311,0.000078,0.000233
CCCGGGTCGTTCAGGG-1,0.001255,0.104801,0.012283,0.184558,0.544364,0.15274
CCCGGTGGAAGAACCT-1,0.000024,0.003585,0.469546,0.441147,0.01253,0.073169
CCCGGTGTATCGGAAT-1,0.000021,0.122245,0.232716,0.131502,0.243681,0.269835
CCCGTAAGTCTAGGCC-1,0.006961,0.000043,0.333601,0.231422,0.280171,0.147801
CCCGTAGCTGGGAAGA-1,0.000026,0.048556,0.152617,0.359911,0.309887,0.129004
CCCGTCAGCGTCTGAC-1,0.00006,0.00006,0.29258,0.681917,0.000845,0.024538
CCCGTGACAGTGCCTT-1,0.000024,0.037941,0.069301,0.217701,0.211368,0.463665
CCCGTGAGGGCGGTGA-1,0.000306,0.000009,0.011824,0.067045,0.03372,0.887098
CCCGTGGGTTAATTGA-1,0.000748,0.005639,0.121812,0.735503,0.079524,0.056774
CCCGTTTCGCAGATGT-1,0.000015,0.000015,0.111405,0.545584,0.01497,0.328013
CCCTACCCACACCCAG-1,0.000027,0.007641,0.377376,0.169657,0.18626,0.259039
CCCTACTTGAACAATG-1,0.000019,0.034542,0.325961,0.232682,0.254298,0.152498
CCCTAGCTCTAAGGTC-1,0.254781,0.539794,0.008811,0.088975,0.022144,0.085495
CCCTAGGCAACAAGAG-1,0.00033,0.013963,0.285704,0.140774,0.050139,0.509091
CCCTAGTGTCAGGTGT-1,0.000109,0.250579,0.748443,0.000435,0.000109,0.000326
CCCTATGTAGAGCAGA-1,0.000028,0.313481,0.224927,0.085126,0.168366,0.208073
CCCTCAAGCTCTTAGT-1,0.000019,0.000051,0.201995,0.721526,0.029837,0.046573
CCCTCAGATCGAGAAC-1,0.000246,0.997296,0.000492,0.000983,0.000246,0.000737
CCCTCATCACAGAGTA-1,0.000369,0.995944,0.000738,0.001475,0.000369,0.001106
CCCTCATTCTGGAATT-1,0.000208,0.026698,0.971427,0.000833,0.000208,0.000625
CCCTCCTCGCTCGTAT-1,0.000033,0.028649,0.735916,0.188915,0.001808,0.044679
CCCTCGATAATACACA-1,0.000067,0.999261,0.000134,0.000269,0.000067,0.000201
CCCTCGGGAGCCTTGT-1,0.000043,0.000043,0.327282,0.645124,0.000043,0.027464
CCCTGAAATGAGTTGA-1,0.000026,0.007892,0.534779,0.224606,0.000118,0.232579
CCCTGACTAACAAATT-1,0.000021,0.009926,0.598981,0.175531,0.036081,0.17946
CCCTGATGTAACTCGT-1,0.000175,0.292579,0.705845,0.0007,0.000175,0.000525
CCCTGCCCAATCCGCT-1,0.000034,0.041659,0.482624,0.093147,0.146252,0.236283
CCCTGCGCTACGCATA-1,0.000024,0.000024,0.118729,0.532848,0.006877,0.341497
CCCTGGCTGTTCCTTC-1,0.000017,0.02627,0.069636,0.111,0.094164,0.698913
CCCTGGGAGGGATCCT-1,0.000046,0.166338,0.690908,0.068517,0.069308,0.004883
CCCTGGTATGGGCGGC-1,0.000086,0.019505,0.702124,0.27794,0.000086,0.000259
CCCTTCTCGTACGCGA-1,0.000036,0.000036,0.330192,0.644659,0.002804,0.022272
CCCTTTAATGGAGTTC-1,0.000044,0.034862,0.54016,0.135307,0.000044,0.289582
CCCTTTGACAGGTCTT-1,0.000045,0.002747,0.474226,0.129552,0.276102,0.117329
CCGAAACACGACCTCT-1,0.000104,0.998856,0.000208,0.000416,0.000104,0.000312
CCGAAAGTGGTGAGCA-1,0.000111,0.03583,0.963173,0.000443,0.000111,0.000332
CCGAACACTGGGCCTC-1,0.000014,0.000014,0.120849,0.144238,0.060904,0.673981
CCGAACCTTCCCGGCC-1,0.000054,0.112245,0.809593,0.005196,0.017695,0.055218
CCGAAGCATTGACCAA-1,0.000041,0.307267,0.531444,0.100796,0.06033,0.000122
CCGAAGTATATTGTTC-1,0.000042,0.06365,0.302991,0.585649,0.007594,0.040074
CCGACAAACACATGAG-1,0.004765,0.101237,0.893464,0.000267,0.000067,0.0002
CCGACAAAGGGAGTGC-1,0.000012,0.000012,0.040632,0.505365,0.003714,0.450263
CCGACAATAGGCCGCC-1,0.000006,0.000006,0.001276,0.560269,0.002669,0.435773
CCGACGGGCATGAGGT-1,0.000032,0.001538,0.098652,0.194284,0.42342,0.282074
CCGACGTAAACACAAC-1,0.000303,0.389733,0.60754,0.001212,0.000303,0.000909
CCGACTCGCATAGTCT-1,0.000062,0.000062,0.548047,0.45158,0.000062,0.000186
CCGAGAAGTCGCATAA-1,0.000017,0.000017,0.294094,0.56813,0.014918,0.122824
CCGAGCTGTGCTTGTC-1,0.000048,0.417665,0.393072,0.012472,0.167119,0.009626
CCGAGGGATGTTAGGC-1,0.000054,0.000054,0.354632,0.521195,0.000054,0.124012
CCGATATGACGTAAGG-1,0.000056,0.000056,0.000113,0.837658,0.000056,0.16206
CCGATCTCAACCTTAT-1,0.000086,0.010463,0.502871,0.471798,0.000086,0.014695
CCGATTCGAGGGACCC-1,0.000018,0.061213,0.052425,0.379453,0.130975,0.375916
CCGATTGGTCAATGAA-1,0.000057,0.000057,0.811719,0.187938,0.000057,0.000172
CCGCACAAAGACCAAC-1,0.000028,0.011703,0.728652,0.143038,0.003898,0.112681
CCGCACACGAACGTGT-1,0.000025,0.00908,0.586993,0.392147,0.002403,0.009351
CCGCACGTGACCTCGG-1,0.000035,0.056921,0.137565,0.538958,0.058517,0.208005
CCGCACTTGCAATGAC-1,0.000018,0.098632,0.108486,0.364644,0.029093,0.399128
CCGCATGTGGTACGAT-1,0.000025,0.009256,0.227305,0.293823,0.107921,0.361671
CCGCCACCACAATCCA-1,0.000033,0.000033,0.345933,0.620011,0.003376,0.030615
CCGCCGGAACTTCTCG-1,0.000773,0.045185,0.330373,0.16234,0.254444,0.206885
CCGCCGGTCAACACAC-1,0.000049,0.574683,0.045326,0.370453,0.000049,0.009441
CCGCCGTTGAGGATAA-1,0.00151,0.007072,0.413408,0.539522,0.005013,0.033475
CCGCCTGCGAATTGGT-1,0.000253,0.565897,0.431831,0.00101,0.000253,0.000758
CCGCCTTGCGATGTCG-1,0.000026,0.052423,0.260147,0.194449,0.075021,0.417935
CCGCGATTTGGTAGGT-1,0.000035,0.052191,0.556246,0.25547,0.015315,0.120744
CCGCGCAAGATACCCA-1,0.000028,0.392695,0.175122,0.152647,0.18973,0.089778
CCGCGGAATGCGTCAC-1,0.000021,0.029769,0.025312,0.265123,0.308707,0.371067
CCGCGGGTACGAAGAA-1,0.000023,0.10681,0.434867,0.366922,0.009521,0.081857
CCGCGTAGGTAAGGGC-1,0.000026,0.000026,0.035626,0.801196,0.010216,0.152911
CCGCTATCAGCACCAG-1,0.00005,0.030197,0.636971,0.086977,0.013954,0.231852
CCGCTCCAGGGCGATC-1,0.000029,0.081096,0.355961,0.20139,0.352308,0.009216
CCGCTCCGGATAAGCT-1,0.000138,0.99848,0.000276,0.000553,0.000138,0.000415
CCGCTCTTCCGAACTA-1,0.000008,0.000008,0.012143,0.098571,0.039484,0.849786
CCGCTGGTGCCATTCA-1,0.00006,0.004715,0.397324,0.463311,0.00006,0.13453
CCGCTTACCTCACTCT-1,0.000027,0.163809,0.023083,0.220279,0.123527,0.469275
CCGCTTCGCGGTTAAC-1,0.000054,0.000054,0.457761,0.479876,0.027214,0.03504
CCGCTTGCTGACATGG-1,0.000134,0.102813,0.895977,0.000538,0.000134,0.000403
CCGGAAGTGCAATATG-1,0.000018,0.005503,0.157999,0.194206,0.0302,0.612074
CCGGAAGTTATCAGTC-1,0.000053,0.049841,0.136305,0.793139,0.005461,0.015201
CCGGAATGGTTTCAGT-1,0.000039,0.072911,0.129387,0.696139,0.053676,0.047846
CCGGAGCGTACTTTCT-1,0.00003,0.079059,0.102596,0.215224,0.513398,0.089691
CCGGAGGTCTTATGGT-1,0.000132,0.364862,0.633946,0.00053,0.000132,0.000397
CCGGCACGACCGTTTC-1,0.000053,0.000704,0.592457,0.374005,0.032002,0.000779
CCGGCCGCGAGCATAT-1,0.000041,0.16515,0.397743,0.09506,0.296314,0.045691
CCGGCGCATATTGGAT-1,0.000103,0.074414,0.607902,0.314024,0.000103,0.003454
CCGGCGTGAGACTCTG-1,0.000015,0.043652,0.094194,0.125437,0.055482,0.68122
CCGGGACCCGCAGAGA-1,0.000118,0.088758,0.658419,0.239073,0.000118,0.013514
CCGGGCGGTCTCGTCA-1,0.000065,0.000065,0.80584,0.081771,0.000065,0.112192
CCGGGCTAAGAATTTC-1,0.000158,0.998261,0.000316,0.000633,0.000158,0.000474
CCGGGCTGCTCCATAC-1,0.000017,0.000017,0.053907,0.536557,0.001374,0.408129
CCGGGTTCGAGGTTAC-1,0.000024,0.053321,0.085448,0.569651,0.090504,0.201052
CCGGTAATGGCTAGTC-1,0.000016,0.001695,0.106985,0.812443,0.028036,0.050824
CCGGTATCTGGCGACT-1,0.000024,0.020253,0.099335,0.295193,0.257459,0.327736
CCGGTGCGAGTGATAG-1,0.000035,0.009494,0.210147,0.670097,0.107074,0.003152
CCGGTTTGTAATTGTG-1,0.000035,0.052125,0.350162,0.225597,0.24947,0.122611
CCGTAAGTTGGTCCCA-1,0.000061,0.006004,0.964631,0.020424,0.000061,0.008818
CCGTACCCAAGCGCCA-1,0.000193,0.372735,0.625529,0.000772,0.000193,0.000579
CCGTAGGAAATCCCTG-1,0.000013,0.009538,0.086815,0.179711,0.112643,0.61128
CCGTAGGGTTGTTTAC-1,0.000028,0.013551,0.279951,0.365061,0.024682,0.316727
CCGTATCTCGTCGTAG-1,0.000057,0.000057,0.481598,0.081254,0.243807,0.193228
CCGTATTAGCGCAGTT-1,0.000022,0.118749,0.302327,0.046608,0.440868,0.091426
CCGTCAACCTCTGGCG-1,0.00007,0.94528,0.000139,0.000278,0.054023,0.000209
CCGTGAGGCATTCATG-1,0.000044,0.000044,0.985377,0.006504,0.007898,0.000132
CCGTGCCCATGACGGC-1,0.000149,0.187266,0.770944,0.041045,0.000149,0.000447
CCGTGGAACGATCCAA-1,0.00014,0.091327,0.907415,0.000559,0.00014,0.000419
CCGTGTTAAATTCCAT-1,0.001145,0.071095,0.450118,0.172517,0.085014,0.22011
CCGTTACGTTAGAACA-1,0.000103,0.00469,0.994206,0.000592,0.000103,0.000308
CCGTTCCGAATCTCGG-1,0.000023,0.031744,0.164974,0.128732,0.035937,0.63859
CCGTTTCCTTTCCGTG-1,0.000206,0.997731,0.000413,0.000825,0.000206,0.000619
CCTAAACAGGGTCCGT-1,0.001102,0.000037,0.177376,0.577228,0.000037,0.244221
CCTAAAGGCTGACGCT-1,0.000177,0.49863,0.499774,0.000709,0.000177,0.000532
CCTAAATTAACGGTTC-1,0.000026,0.000026,0.408965,0.068026,0.112833,0.410124
CCTAAATTGTATCCTA-1,0.000013,0.000013,0.1208,0.714644,0.005294,0.159238
CCTAACCCAAACAAGT-1,0.000019,0.116161,0.303435,0.271197,0.003393,0.305796
CCTAACTAAGGCTCTA-1,0.00006,0.00006,0.575703,0.417815,0.006185,0.000179
CCTAAGTGTCTAACCG-1,0.000021,0.000021,0.209047,0.726176,0.007726,0.05701
CCTACAAGTCCGGAAT-1,0.000214,0.277762,0.72031,0.000857,0.000214,0.000643
CCTACAGTTGAGGGAG-1,0.00002,0.061383,0.03472,0.386898,0.18376,0.333219
CCTACATTCACAGACG-1,0.000031,0.078405,0.281962,0.120692,0.221316,0.297595
CCTACGCGACCTTACA-1,0.000028,0.000028,0.177357,0.567525,0.033625,0.221437
CCTACGGCTCAGTCGA-1,0.000149,0.065221,0.933435,0.000597,0.000149,0.000448
CCTACTCAACACGATT-1,0.000023,0.000023,0.357487,0.484761,0.004314,0.153391
CCTACTGCTTACACTT-1,0.000027,0.000027,0.086634,0.812217,0.015381,0.085714
CCTAGGCGTAGCGATC-1,0.000038,0.000038,0.780948,0.088705,0.005931,0.124339
CCTAGGTAAAGGTAGC-1,0.00174,0.041102,0.248527,0.27218,0.09568,0.340771
CCTAGTTAGTCGCATG-1,0.00022,0.126446,0.551146,0.321306,0.00022,0.000661
CCTATAATGAGTGCCC-1,0.00003,0.071395,0.393628,0.177768,0.043736,0.313443
CCTATACCGTCCTGTC-1,0.000018,0.004602,0.002886,0.330382,0.35319,0.308922
CCTATATCGTGTCACG-1,0.00004,0.163842,0.540777,0.016505,0.235643,0.043193
CCTATATTTGTCCTGG-1,0.000027,0.27395,0.176527,0.171002,0.323443,0.055051
CCTATCTATATCGGAA-1,0.000129,0.000129,0.998714,0.000514,0.000129,0.000386
CCTATGAAGTGGTGCC-1,0.000011,0.000011,0.090099,0.781246,0.039889,0.088744
CCTATGGCTCCTAGTG-1,0.000038,0.41718,0.270643,0.063696,0.111405,0.137039
CCTATGGGTTACCGTC-1,0.000075,0.000075,0.318223,0.653645,0.000075,0.027908
CCTATGGTCAAAGCTG-1,0.000026,0.105141,0.809157,0.028666,0.043234,0.013775
CCTATGTCCACTCCAC-1,0.000029,0.051957,0.264766,0.264607,0.03181,0.38683
CCTATTATTCCGGCCG-1,0.000039,0.461537,0.013734,0.000156,0.421543,0.102991
CCTCAACGATCGCTGT-1,0.000024,0.151415,0.140684,0.304664,0.161511,0.241701
CCTCACCAATCTTGAC-1,0.000167,0.095078,0.903415,0.000669,0.000167,0.000502
CCTCACCTGAGGGAGC-1,0.000064,0.000064,0.475666,0.505909,0.000064,0.018235
CCTCACCTTAGCATCG-1,0.000073,0.013481,0.754869,0.185025,0.046331,0.00022
CCTCACGTCAGCTAAT-1,0.000047,0.000047,0.323596,0.559135,0.000047,0.117129
CCTCATGCAGCTACGA-1,0.000126,0.311494,0.687372,0.000504,0.000126,0.000378
CCTCCCGACAATCCCT-1,0.000067,0.026958,0.400679,0.490655,0.000067,0.081573
CCTCCGACAATTCAAG-1,0.000028,0.080414,0.368305,0.363491,0.021519,0.166242
CCTCCTAGCTAGAGTC-1,0.000057,0.999375,0.000114,0.000227,0.000057,0.00017
CCTCCTGAGCCCACAT-1,0.000023,0.019001,0.346992,0.415286,0.026977,0.19172
CCTCCTGTTGTGTCGT-1,0.000017,0.020904,0.205875,0.094652,0.171536,0.507015
CCTCGACCCACTGCCT-1,0.000056,0.000056,0.322081,0.668291,0.000056,0.009459
CCTCGCCAGCAAATTA-1,0.00018,0.126618,0.871758,0.000722,0.00018,0.000541
CCTCGCGCGATATAGG-1,0.000174,0.000174,0.998257,0.000697,0.000174,0.000523
CCTCGCGCTGTGCGAT-1,0.000049,0.104543,0.49446,0.077449,0.252511,0.070988
CCTCGGACCGGGATAG-1,0.000014,0.000014,0.045726,0.679588,0.00301,0.271647
CCTCGGATGCTACCTG-1,0.000015,0.000015,0.01865,0.594628,0.020811,0.365881
CCTCGGTTTCCTTGCC-1,0.000051,0.476054,0.109787,0.159947,0.178298,0.075863
CCTCGTTACGCCTGTT-1,0.000253,0.000253,0.997475,0.00101,0.000253,0.000758
CCTCTAATCTGCCAAG-1,0.000091,0.120814,0.395805,0.456278,0.026738,0.000273
CCTCTACAAGGATTGG-1,0.000335,0.996318,0.000669,0.001339,0.000335,0.001004
CCTCTATCGATTAGCA-1,0.004668,0.000023,0.042658,0.222662,0.183864,0.546125
CCTCTCTCCCATCTAG-1,0.000047,0.04423,0.498938,0.366335,0.017578,0.072873
CCTCTGGCCTAGACGG-1,0.000332,0.000647,0.996364,0.001328,0.000332,0.000996
CCTCTGTACTATTCTA-1,0.000045,0.047114,0.50162,0.202249,0.127251,0.121721
CCTGAACGATATATTC-1,0.000036,0.000036,0.44949,0.328779,0.000036,0.221622
CCTGAATATTTACATA-1,0.000038,0.000038,0.008091,0.656996,0.017152,0.317685
CCTGACAAACTCGCGC-1,0.000376,0.000639,0.198948,0.743421,0.035007,0.021609
CCTGACCACCGATGGT-1,0.000025,0.020172,0.288089,0.119507,0.000748,0.571459
CCTGACGCAACCTTTA-1,0.000056,0.000056,0.572277,0.411086,0.011608,0.004917
CCTGAGAATAAATGCA-1,0.000937,0.31356,0.002269,0.085153,0.467301,0.13078
CCTGATTCGCGAAGAA-1,0.000023,0.077397,0.268915,0.288355,0.125556,0.239753
CCTGCCCGTTGTCTAG-1,0.000027,0.085989,0.161591,0.517606,0.017613,0.217175
CCTGCGATAGAACTGT-1,0.00007,0.101879,0.673803,0.171541,0.003847,0.048861
CCTGCGTTCTACGCTT-1,0.000018,0.00632,0.021755,0.694529,0.004455,0.272924
CCTGCTACAACCATAC-1,0.000013,0.05596,0.027923,0.210116,0.02306,0.682929
CCTGCTATTTGAGAAG-1,0.000028,0.000028,0.160951,0.469817,0.013245,0.35593
CCTGGAAACGTTCTGC-1,0.000015,0.001195,0.316487,0.55701,0.119784,0.005508
CCTGGCTAGACCCGCC-1,0.000051,0.000051,0.367065,0.422312,0.000051,0.210469
CCTGGTCGAATGTGGG-1,0.000601,0.006366,0.031332,0.25092,0.364639,0.346142
CCTGTAAGACATGATA-1,0.000044,0.075382,0.738154,0.147485,0.000044,0.03889
CCTGTACTCACGCCCA-1,0.000019,0.006387,0.145354,0.229258,0.037129,0.581853
CCTGTCACCCGGGCTC-1,0.000024,0.000024,0.130344,0.627179,0.00953,0.232898
CCTGTCCCTCACGTTA-1,0.000031,0.001317,0.386839,0.52637,0.035815,0.049628
CCTGTCGCCCGTAAAT-1,0.000026,0.040346,0.250765,0.472776,0.015629,0.220458
CCTGTCGTGTATGAAG-1,0.000294,0.659837,0.000589,0.001178,0.337218,0.000883
CCTGTGAAACCGTAAC-1,0.000011,0.005223,0.255444,0.441292,0.011352,0.286677
CCTGTGCATAGGAGAC-1,0.00212,0.012327,0.510676,0.434291,0.01651,0.024076
CCTGTGCGGATTGTAA-1,0.000075,0.000075,0.342391,0.619189,0.026695,0.011576
CCTGTTCAACCTCGGG-1,0.000063,0.841269,0.158168,0.00025,0.000063,0.000188
CCTGTTTGAAGACACG-1,0.000022,0.408062,0.040702,0.163483,0.016162,0.37157
CCTTAAGTACGCAATT-1,0.000013,0.019746,0.01431,0.140541,0.060749,0.764641
CCTTCAGTTAAAGTGA-1,0.000038,0.311004,0.679265,0.00015,0.009431,0.000113
CCTTCCGCAACGCTGC-1,0.000122,0.792057,0.000244,0.000487,0.050815,0.156276
CCTTCGTATAGAATCC-1,0.000072,0.240681,0.697624,0.000286,0.061122,0.000215
CCTTCTCAGCGTTCCT-1,0.000023,0.036992,0.207535,0.110187,0.089421,0.555842
CCTTCTTGATCCAGTG-1,0.000211,0.000211,0.99789,0.000844,0.000211,0.000633
CCTTGACCACTTTATT-1,0.00004,0.002818,0.66924,0.239777,0.029145,0.05898
CCTTGTGAACGTGGTT-1,0.000042,0.997347,0.002276,0.000168,0.000042,0.000126
CCTTTAAGGGAGCACT-1,0.00005,0.148512,0.633655,0.066786,0.143741,0.007256
CCTTTCAATGAAGAAA-1,0.000023,0.003812,0.290104,0.588676,0.038528,0.078857
CCTTTGAATTATGGCT-1,0.000042,0.033419,0.098409,0.375068,0.323339,0.169723
CGAAACATAGATGGCA-1,0.000198,0.028736,0.969483,0.000792,0.000198,0.000594
CGAAACGCAATTCATG-1,0.000013,0.055005,0.048205,0.211481,0.068229,0.617068
CGAACAGTATGGGCGT-1,0.00189,0.016724,0.196413,0.559069,0.00577,0.220135
CGAACATAGTCAGAAA-1,0.000053,0.775848,0.223671,0.000213,0.000053,0.00016
CGAACCCGCATGCGTC-1,0.000017,0.010799,0.076519,0.372881,0.193367,0.346418
CGAACCTCTTTCCTAG-1,0.000318,0.996501,0.000636,0.001272,0.000318,0.000954
CGAACGGCCGGACAAC-1,0.000016,0.094856,0.416277,0.147,0.073708,0.268144
CGAAGACGGTGAGTGC-1,0.000021,0.007768,0.302604,0.470652,0.013785,0.205169
CGAAGACTGCCCGGGA-1,0.000031,0.004134,0.361889,0.546677,0.014429,0.072839
CGAAGATCAGTTTCAT-1,0.000027,0.049229,0.169268,0.13821,0.569296,0.07397
CGAAGCCACAGCATGG-1,0.000084,0.999073,0.000169,0.000337,0.000084,0.000253
CGAAGCTATAAATTCA-1,0.000185,0.106635,0.891702,0.000739,0.000185,0.000554
CGAAGGGTTTCAGATT-1,0.000061,0.999326,0.000123,0.000245,0.000061,0.000184
CGAAGTTGCTCTGTGT-1,0.000031,0.018218,0.213016,0.398136,0.020193,0.350407
CGAATCTGCTCGACGC-1,0.00004,0.419953,0.186176,0.146327,0.221184,0.026319
CGAATGAAGTCATTGC-1,0.000014,0.284541,0.000028,0.068703,0.391012,0.255703
CGAATGACGCATAATG-1,0.00002,0.061844,0.188056,0.112262,0.581192,0.056626
CGAATGGTAGGTCGTC-1,0.000362,0.963634,0.033105,0.001449,0.000362,0.001087
CGAATTACATGGTGTT-1,0.000065,0.032936,0.500365,0.430037,0.018408,0.01819
CGAATTCCCGGTTCAA-1,0.00012,0.00012,0.111949,0.66757,0.00012,0.22012
CGACAATTTGATCTAA-1,0.000028,0.033093,0.512108,0.362628,0.035216,0.056926
CGACACGCTCCGACAG-1,0.000038,0.012375,0.56915,0.257669,0.010579,0.150189
CGACAGTTCGCGTTAT-1,0.000031,0.029716,0.097327,0.511603,0.031434,0.329889
CGACATGCGATCTTCT-1,0.000075,0.027193,0.389867,0.569506,0.000076,0.013283
CGACCCTTAACGCCGG-1,0.001156,0.115933,0.214531,0.178619,0.15087,0.338892
CGACCGTTGGTATTCG-1,0.0001,0.998897,0.000201,0.000401,0.0001,0.000301
CGACCTACTAGACAAT-1,0.000022,0.130948,0.364544,0.114861,0.131532,0.258092
CGACGCATCCGTACCT-1,0.000025,0.023212,0.339986,0.245355,0.24484,0.146582
CGACTCAGGATGTTAT-1,0.000065,0.000065,0.515157,0.479432,0.000065,0.005218
CGACTTGCCGGGAAAT-1,0.000084,0.935367,0.000168,0.064044,0.000084,0.000253
CGACTTTGTATAGCCT-1,0.000038,0.000038,0.47287,0.502608,0.003153,0.021292
CGAGACCCTAGAGTGT-1,0.000033,0.047876,0.246055,0.206096,0.06465,0.43529
CGAGACTACTGCTGCT-1,0.00003,0.112317,0.319179,0.172034,0.129424,0.267016
CGAGAGATGTGAACCT-1,0.000099,0.000099,0.422135,0.444949,0.093471,0.039246
CGAGAGCGCGTAGATA-1,0.000016,0.043762,0.262092,0.155259,0.087421,0.45145
CGAGAGCTTTCACTAC-1,0.000042,0.026616,0.766991,0.019188,0.155256,0.031907
CGAGAGGGTAGCCGCG-1,0.00002,0.035547,0.424002,0.367441,0.004155,0.168836
CGAGATGTTGCCTATA-1,0.000038,0.000038,0.430081,0.540411,0.004511,0.024921
CGAGATTTCGCTCGGG-1,0.000547,0.000014,0.253538,0.680089,0.029763,0.036049
CGAGCACTTCAAGTTT-1,0.000032,0.018908,0.326544,0.593819,0.000032,0.060665
CGAGCCGAGCACTCGA-1,0.000073,0.28027,0.719074,0.000292,0.000073,0.000219
CGAGCTGGGCTTTAGG-1,0.000105,0.061392,0.853803,0.084277,0.000105,0.000316
CGAGGATCGGGAACGA-1,0.003234,0.067044,0.92879,0.000466,0.000117,0.00035
CGAGGCCAGGCATTGG-1,0.000116,0.294149,0.704808,0.000464,0.000116,0.000348
CGAGGCTAAATATGGC-1,0.000074,0.019813,0.43009,0.441501,0.002009,0.106512
CGAGGGACTGCGGTCG-1,0.000026,0.038724,0.224362,0.560996,0.006705,0.169186
CGAGGGTATCCAGGTG-1,0.000048,0.153957,0.652979,0.099771,0.054084,0.039161
CGAGTACTAAAGAGGA-1,0.000026,0.010722,0.429283,0.137051,0.127264,0.295653
CGAGTGAAGGTACCAG-1,0.000885,0.068539,0.220461,0.198262,0.366325,0.145528
CGAGTGCTATAGTTCG-1,0.000204,0.263417,0.734749,0.000815,0.000204,0.000611
CGAGTTCTGTCCCACC-1,0.000025,0.014178,0.006067,0.79992,0.006798,0.173011
CGAGTTTATCGGACTG-1,0.000044,0.072175,0.259343,0.509956,0.000089,0.158393
CGATAATACTCAGGTT-1,0.000013,0.001179,0.309841,0.653905,0.026053,0.00901
CGATACCTCGCGGACA-1,0.000031,0.218183,0.217506,0.255613,0.01696,0.291708
CGATAGCGATACAGTG-1,0.000047,0.999484,0.000094,0.000188,0.000047,0.000141
CGATAGTCGTACTGCA-1,0.000026,0.027231,0.444925,0.112404,0.24621,0.169204
CGATATTAGCCGCAGG-1,0.000115,0.046229,0.544538,0.390857,0.000115,0.018145
CGATCCACCATTGTTG-1,0.001863,0.815481,0.119426,0.02105,0.042069,0.000111
CGATCCGACCCAGTGC-1,0.000031,0.077821,0.482052,0.294201,0.006274,0.139621
CGATCCTCGCAACATA-1,0.000041,0.918776,0.064802,0.016218,0.000041,0.000123
CGATCGAGAAGCACCA-1,0.000037,0.607048,0.265557,0.014103,0.080515,0.032739
CGATCTGTTGGAGGAC-1,0.000016,0.014666,0.006664,0.107177,0.080672,0.790806
CGATGGACCCTACGCC-1,0.005459,0.000131,0.993364,0.000523,0.000131,0.000392
CGATGTTGTTATCTAC-1,0.000021,0.166377,0.009505,0.221165,0.256442,0.346491
CGATTAAATATCTCCT-1,0.000034,0.000034,0.297411,0.350155,0.159768,0.192598
CGATTCGCCTGGCTGC-1,0.000914,0.031472,0.14672,0.242597,0.304293,0.274003
CGATTTGTCATTAATG-1,0.000072,0.99921,0.000144,0.000287,0.000072,0.000215
CGCAAACACGAGTTAC-1,0.000035,0.014496,0.408285,0.460934,0.041523,0.074727
CGCAATCGATCATTAG-1,0.000022,0.01457,0.39516,0.472799,0.02234,0.095108
CGCAATTACTTTCGGT-1,0.000043,0.000043,0.273287,0.690754,0.007271,0.028603
CGCAATTAGGGTAATA-1,0.000018,0.000018,0.021722,0.653147,0.023748,0.301347
CGCAATTCTACAATAA-1,0.000026,0.000026,0.365246,0.513959,0.02163,0.099113
CGCACATGTCCACTAC-1,0.000025,0.047406,0.108575,0.388926,0.002892,0.452177
CGCACGTCTGTTTATG-1,0.000081,0.962244,0.037025,0.000325,0.000081,0.000244
CGCACGTGCGCTATCA-1,0.000049,0.001521,0.448578,0.498874,0.010522,0.040456
CGCAGAAACATTTGCG-1,0.000053,0.000053,0.495544,0.376364,0.000053,0.127933
CGCAGGCGATCCAAAC-1,0.000016,0.006525,0.428167,0.346275,0.015692,0.203325
CGCAGTTCTATCTTTC-1,0.000036,0.033112,0.190527,0.363765,0.001869,0.41069
CGCATCATGGCTTCAG-1,0.000282,0.13778,0.859686,0.001126,0.000282,0.000845
CGCATCCATCAGCCAG-1,0.00008,0.069212,0.930064,0.000322,0.00008,0.000241
CGCATGCCGAATGCGT-1,0.000034,0.000034,0.404767,0.09962,0.333782,0.161762
CGCATGGTGCGATGCT-1,0.000909,0.083515,0.220378,0.151245,0.071189,0.472763
CGCATTAGCTAATAGG-1,0.000115,0.000115,0.544736,0.086842,0.000115,0.368076
CGCCAAGAAGCCGAGT-1,0.000022,0.077492,0.289744,0.329273,0.057312,0.246156
CGCCAATTATTGCGTT-1,0.000027,0.037052,0.312987,0.574392,0.067836,0.007705
CGCCACAGGTCGCGAT-1,0.000027,0.090713,0.263695,0.154037,0.257199,0.234329
CGCCACCCGCATTAAC-1,0.000034,0.000034,0.430856,0.533405,0.035569,0.000102
CGCCAGTAGTACCTTG-1,0.000105,0.998841,0.000211,0.000421,0.000105,0.000316
CGCCATCCGATTATGA-1,0.007218,0.000093,0.310989,0.579676,0.000093,0.10193
CGCCCAGCACGCCTAG-1,0.001633,0.112143,0.327387,0.177663,0.36128,0.019893
CGCCCAGCGTTTCACG-1,0.000026,0.125883,0.392989,0.078879,0.205963,0.19626
CGCCCGCTTCCGTACA-1,0.000093,0.058723,0.905006,0.001754,0.034144,0.00028
CGCCCTAATTGTTCAA-1,0.000081,0.720095,0.259779,0.018497,0.001305,0.000243
CGCCCTTACATCCACC-1,0.000027,0.000027,0.005199,0.886714,0.001948,0.106085
CGCCCTTGAAGGCTGA-1,0.000015,0.000015,0.102365,0.757959,0.012854,0.126793
CGCCGACTATTCGCTA-1,0.000026,0.018662,0.363823,0.391642,0.051928,0.173919
CGCCGCCCATGCCTGT-1,0.00004,0.00004,0.453221,0.377837,0.014721,0.154141
CGCCGCGTTCTGAACG-1,0.00006,0.999342,0.00012,0.000239,0.00006,0.000179
CGCCGTCTACCCATCG-1,0.000037,0.000037,0.987489,0.004776,0.00755,0.000111
CGCCGTTCAGCATAGT-1,0.000014,0.017965,0.017067,0.440162,0.054801,0.469992
CGCCTCCCTCCTCTAT-1,0.000045,0.000045,0.395752,0.087169,0.199101,0.317888
CGCCTGGCCTACGTAA-1,0.00002,0.100357,0.207175,0.191792,0.029862,0.470794
CGCCTTTAGCATGCTC-1,0.000037,0.000037,0.515376,0.452633,0.01676,0.015157
CGCGAAGTGGCATACT-1,0.000025,0.034486,0.300437,0.172169,0.14853,0.344353
CGCGACACTGCGCAGC-1,0.000014,0.000014,0.07995,0.730861,0.013192,0.17597
CGCGACCGCGACAGAT-1,0.000028,0.05114,0.291475,0.145369,0.259889,0.252099
CGCGAGTCTGCCGGGT-1,0.001055,0.032922,0.244194,0.247768,0.302793,0.171268
CGCGCAAATGTCCAGA-1,0.000023,0.159283,0.1525,0.170322,0.315944,0.201929
CGCGCAAGGAACTACA-1,0.000016,0.032708,0.083812,0.84757,0.02706,0.008834
CGCGCATGTTTGATTG-1,0.000037,0.010769,0.30272,0.272524,0.18833,0.225621
CGCGCCCGACTTAATA-1,0.000057,0.019588,0.177023,0.73858,0.052031,0.01272
CGCGGCAGTATTACGG-1,0.000124,0.239561,0.759322,0.000497,0.000124,0.000373
CGCGGCTCAACTTGAA-1,0.000037,0.013523,0.460914,0.385095,0.001754,0.138677
CGCGGGAATTAGGCAG-1,0.0001,0.002315,0.486873,0.407636,0.0001,0.102976
CGCGGGAATTCCTTTC-1,0.000029,0.115724,0.437797,0.154507,0.22999,0.061954
CGCGGTAAGTCTAGCT-1,0.000074,0.013005,0.986238,0.000385,0.000074,0.000223
CGCGGTACGGTATACA-1,0.000014,0.000014,0.047802,0.583519,0.000194,0.368456
CGCGGTCACAAACCAA-1,0.000139,0.403292,0.548927,0.047088,0.000139,0.000416
CGCGTACATTCTGGAA-1,0.000093,0.061698,0.712003,0.225835,0.000093,0.000278
CGCGTCATATTAAACC-1,0.00112,0.000038,0.447368,0.500956,0.000038,0.05048
CGCGTGCTATCAACGA-1,0.000017,0.000017,0.059887,0.817589,0.059556,0.062934
CGCGTGGGCCTGTGTT-1,0.000206,0.695145,0.004729,0.038221,0.034836,0.226862
CGCGTTCATGAAATAC-1,0.000021,0.000021,0.073729,0.714694,0.003553,0.207982
CGCTACCGCCCTATGA-1,0.000986,0.000035,0.300558,0.640468,0.015884,0.042069
CGCTACGGGACATTTA-1,0.000023,0.000023,0.239465,0.176393,0.052627,0.531469
CGCTAGAGACCGCTGC-1,0.000047,0.000047,0.442678,0.366947,0.006997,0.183284
CGCTATACCGCCCACT-1,0.010803,0.334917,0.532693,0.073228,0.000118,0.04824
CGCTATTCAATGTATG-1,0.000046,0.002213,0.406686,0.422445,0.156784,0.011826
CGCTATTCTTAGGCTC-1,0.000033,0.111933,0.17458,0.331632,0.078565,0.303256
CGCTCGACATAATGAT-1,0.000045,0.000045,0.693485,0.289493,0.009946,0.006985
CGCTCTCCGTAGATTA-1,0.000033,0.018183,0.122835,0.604075,0.019629,0.235246
CGCTGAGGACGTCCAA-1,0.001982,0.010654,0.339198,0.583273,0.04871,0.016183
CGCTGGTGACTACCCT-1,0.000033,0.000033,0.387893,0.37791,0.000033,0.234098
CGCTGTGACGCCGCAC-1,0.000074,0.000074,0.452442,0.547114,0.000074,0.000222
CGCTGTGTGGATGTTG-1,0.000041,0.0984,0.517207,0.138904,0.14759,0.097857
CGCTTAGTATTGATAC-1,0.000025,0.102745,0.079326,0.335308,0.278412,0.204184
CGCTTATTCCCGGTCG-1,0.000033,0.053933,0.195392,0.118703,0.029579,0.602359
CGCTTCCACTGAAATC-1,0.000091,0.003674,0.95294,0.014664,0.02836,0.000272
CGCTTCGGTCTAAGAC-1,0.000023,0.03589,0.170733,0.14296,0.060476,0.589917
CGCTTGGACGGATAGA-1,0.000029,0.000029,0.265158,0.563661,0.005957,0.165166
CGCTTTCATACCGGTG-1,0.000129,0.187978,0.745762,0.065616,0.000129,0.000386
CGCTTTCCGCCAAGGT-1,0.000027,0.060609,0.171732,0.196938,0.427126,0.143568
CGCTTTCTTGCATTCG-1,0.000056,0.000056,0.82347,0.176196,0.000056,0.000167
CGGAAAGAATCAAACG-1,0.000025,0.161091,0.360814,0.149871,0.288017,0.040181
CGGAAAGCAAATGTGC-1,0.000028,0.037351,0.732683,0.227511,0.002343,0.000084
CGGAAATTTCACATCC-1,0.000037,0.000037,0.477358,0.490912,0.010076,0.021579
CGGAACGTAAACATAG-1,0.000021,0.113667,0.31213,0.215624,0.057994,0.300563
CGGACCTCTGTAGTTA-1,0.000162,0.837726,0.135645,0.025822,0.000162,0.000485
CGGACCTTTACGTCCC-1,0.000023,0.181604,0.184672,0.187923,0.382129,0.063649
CGGACGTTACTTGAAG-1,0.000024,0.029849,0.221247,0.182772,0.073705,0.492403
CGGAGCAATTTAATCG-1,0.00004,0.078747,0.386196,0.124011,0.270965,0.140042
CGGAGCATGGCGATCC-1,0.000035,0.107561,0.509486,0.181587,0.049423,0.151908
CGGAGCTTATAACACC-1,0.000255,0.135616,0.862091,0.001019,0.000255,0.000765
CGGAGTCCTAACCTGG-1,0.000107,0.000107,0.859475,0.139885,0.000107,0.00032
CGGAGTTTGAGAGACA-1,0.000033,0.000033,0.630378,0.24471,0.009428,0.115417
CGGATAAGCGGACATG-1,0.000023,0.000023,0.238222,0.706346,0.029649,0.025738
CGGATCCTCAAGGACT-1,0.000014,0.000014,0.073557,0.241315,0.123307,0.561791
CGGATGAATGCTGTGA-1,0.000099,0.998914,0.000197,0.000395,0.000099,0.000296
CGGATTCTGCCTTATG-1,0.000298,0.996726,0.000595,0.001191,0.000298,0.000893
CGGCAAACATCGTGCG-1,0.00003,0.03232,0.542704,0.139097,0.152371,0.133478
CGGCAATAAGATCGCC-1,0.000015,0.001915,0.185654,0.587595,0.00888,0.21594
CGGCACCGTTAGCGCC-1,0.000458,0.090042,0.905837,0.001832,0.000458,0.001374
CGGCACTCAAGAAAGT-1,0.000061,0.869955,0.129495,0.000244,0.000061,0.000183
CGGCAGGGTCGGGTTG-1,0.000051,0.000051,0.855879,0.143817,0.000051,0.000152
CGGCCACGCACAAAGT-1,0.000028,0.000028,0.530676,0.301706,0.031409,0.136151
CGGCCAGAGCGACCAT-1,0.000328,0.237277,0.0132,0.04184,0.423848,0.283508
CGGCCCAACCTGTAGT-1,0.000119,0.052369,0.919209,0.027825,0.000119,0.000358
CGGCCCAGGTATATCC-1,0.000035,0.000775,0.433374,0.517541,0.025135,0.023139
CGGCGCCATCAATCCC-1,0.00002,0.018559,0.31185,0.114198,0.094298,0.461076
CGGCTCTAAAGCTGCA-1,0.000019,0.001447,0.273418,0.510734,0.035217,0.179165
CGGCTCTTCGTCGAAC-1,0.000196,0.042495,0.955741,0.000784,0.000196,0.000588
CGGCTGCAAGATTAAG-1,0.000038,0.007658,0.375587,0.550163,0.035025,0.031529
CGGCTTTGTATGATAA-1,0.00008,0.00008,0.341206,0.615978,0.009013,0.033643
CGGGAACGCCCTGCAT-1,0.01747,0.645259,0.000245,0.099318,0.010574,0.227134
CGGGAAGTACCGTGGC-1,0.007248,0.546783,0.000213,0.174637,0.117363,0.153757
CGGGAATATAGTATAC-1,0.000684,0.007392,0.48276,0.374583,0.007524,0.127058
CGGGAATTTATGTAAA-1,0.000027,0.052418,0.264901,0.101097,0.018956,0.562601
CGGGAGCTTCAGTGTA-1,0.000023,0.040357,0.076179,0.235272,0.002217,0.645952
CGGGAGTATACCGCCG-1,0.000035,0.007382,0.439234,0.429743,0.062708,0.060899
CGGGATCAATGTAAGA-1,0.004666,0.068218,0.264107,0.528009,0.001499,0.133502
CGGGCAGCTAAACCGC-1,0.000011,0.000011,0.020336,0.53615,0.009752,0.43374
CGGGCCATAGCCGCAC-1,0.000178,0.300849,0.697552,0.000711,0.000178,0.000533
CGGGCCTTCTTTGTAA-1,0.000018,0.000401,0.106463,0.077911,0.065959,0.749249
CGGGCGATGGATCACG-1,0.000659,0.048227,0.490808,0.080653,0.355297,0.024356
CGGGTGTACCCATTTA-1,0.00005,0.007083,0.992199,0.000467,0.00005,0.00015
CGGGTTCGGCACGTAT-1,0.000183,0.497184,0.501172,0.000731,0.000183,0.000548
CGGGTTGTAGCTTTGG-1,0.000032,0.00813,0.322164,0.606476,0.025911,0.037288
CGGGTTTGTTAGGGCT-1,0.000021,0.000021,0.433132,0.409375,0.018949,0.138503
CGGTAACAAGATACAT-1,0.000012,0.006157,0.220701,0.657456,0.041949,0.073724
CGGTACGGCAAACCCA-1,0.000018,0.037436,0.351334,0.21085,0.301943,0.098419
CGGTACTAGAATCAAA-1,0.000027,0.009874,0.801935,0.140828,0.000027,0.04731
CGGTAGAGGTGCAGGT-1,0.000066,0.000066,0.408482,0.575757,0.01356,0.002069
CGGTATAGGTATTAGC-1,0.000419,0.409271,0.58696,0.001675,0.000419,0.001256
CGGTATGGGCACTCTG-1,0.000044,0.09361,0.373678,0.283982,0.226263,0.022422
CGGTCAAGTGGGAACC-1,0.000071,0.067517,0.056799,0.854123,0.000071,0.021419
CGGTCAGTCCATATTT-1,0.000054,0.026964,0.114428,0.784216,0.000054,0.074284
CGGTCCATGAGACTCC-1,0.000101,0.627307,0.371783,0.000405,0.000101,0.000303
CGGTCCGTCGCAAGCC-1,0.000021,0.095888,0.084125,0.115775,0.560101,0.144091
CGGTCTATCAACCCGT-1,0.000083,0.058063,0.683968,0.187008,0.054064,0.016814
CGGTGAAGACTAAAGT-1,0.000011,0.000011,0.030322,0.342202,0.001975,0.62548
CGGTGCAGATAGAACG-1,0.000017,0.042508,0.213966,0.135668,0.013392,0.59445
CGGTGCGCGTTGGTCC-1,0.000029,0.013565,0.142569,0.208262,0.234017,0.401558
CGGTGGGCTCCAGCCT-1,0.000237,0.522798,0.475065,0.00095,0.000237,0.000712
CGGTGTACTTGATCCC-1,0.000116,0.032843,0.966111,0.000465,0.000116,0.000349
CGGTTATCCAACAGTG-1,0.000023,0.000023,0.060368,0.682333,0.000286,0.256967
CGGTTCAAGTAGGTGT-1,0.000078,0.000078,0.611265,0.333798,0.000078,0.054703
CGGTTCCGGCTTCTTG-1,0.000212,0.123565,0.874531,0.000846,0.000212,0.000635
CGGTTGACCTGGCATA-1,0.000035,0.023171,0.209585,0.372778,0.085969,0.308462
CGGTTGAGTATCCTTC-1,0.00043,0.91885,0.077284,0.001718,0.00043,0.001289
CGGTTGGGCAGGGTCC-1,0.00002,0.006807,0.108592,0.158131,0.507419,0.219031
CGGTTGGGTTCAAGTT-1,0.00027,0.127116,0.870457,0.001079,0.00027,0.000809
CGGTTTACTGAACATT-1,0.00186,0.917981,0.000081,0.000162,0.013424,0.066492
CGGTTTATGAAGGAAC-1,0.000237,0.297781,0.700088,0.000947,0.000237,0.00071
CGTAAACGCTTGAGTG-1,0.000108,0.447106,0.55192,0.000433,0.000108,0.000325
CGTAAAGCAAGAAATC-1,0.00027,0.918494,0.079078,0.001079,0.00027,0.000809
CGTAAATAACAAAGGG-1,0.000051,0.698325,0.297285,0.004135,0.000052,0.000153
CGTAACTTCGACACTT-1,0.000067,0.38651,0.612887,0.000268,0.000067,0.000201
CGTAATAATTACGAGT-1,0.011305,0.148106,0.368665,0.446586,0.00805,0.017287
CGTAATATGGCCCTTG-1,0.000025,0.02479,0.105519,0.635021,0.000025,0.23462
CGTACCGAAAGTCTAG-1,0.000065,0.262254,0.737166,0.000258,0.000065,0.000194
CGTACCTGATAGGCCT-1,0.000038,0.012783,0.033839,0.577409,0.105374,0.270556
CGTAGAGAGTAATTAT-1,0.000012,0.046193,0.053207,0.278688,0.245058,0.376842
CGTAGCGAATTGTCAG-1,0.000182,0.480885,0.410363,0.000729,0.000182,0.107658
CGTAGCGCCGACGTTG-1,0.00005,0.007996,0.242652,0.711814,0.018699,0.01879
CGTATTAAGAGATCTA-1,0.000025,0.005404,0.36159,0.367381,0.007851,0.257749
CGTATTGTTTGGCGCC-1,0.000264,0.574252,0.083015,0.147389,0.000264,0.194817
CGTCAAGGCTATAAAT-1,0.00041,0.000012,0.052293,0.699742,0.029454,0.218089
CGTCAATCTTTAACAT-1,0.000102,0.286034,0.713046,0.000409,0.000102,0.000306
CGTCACGTCCATTGGT-1,0.000032,0.025821,0.272011,0.306708,0.055817,0.339611
CGTCAGCTATTTACTC-1,0.000086,0.166559,0.773343,0.059666,0.000086,0.000259
CGTCAGTGCGCACAAG-1,0.004546,0.073881,0.736396,0.184812,0.000091,0.000273
CGTCAGTTTATCGTCT-1,0.000039,0.000039,0.293792,0.600372,0.049703,0.056055
CGTCATACCATATCCA-1,0.00003,0.00003,0.473475,0.519299,0.007074,0.000092
CGTCCAGATGGCTCCA-1,0.000145,0.221525,0.777166,0.000582,0.000145,0.000436
CGTCCTCATCGCGTGC-1,0.000011,0.000106,0.034555,0.403222,0.012194,0.549913
CGTCGCATGTGAGCCA-1,0.000035,0.014974,0.3751,0.198292,0.295688,0.115911
CGTCGCGGCGGGATTT-1,0.000028,0.174438,0.299087,0.246501,0.004452,0.275494
CGTCGCTTGGTTATAC-1,0.000064,0.424503,0.288873,0.048951,0.237415,0.000193
CGTCGGATAGTGTTGA-1,0.000037,0.000037,0.231542,0.697217,0.010306,0.060861
CGTCGGGTCTAAGCGC-1,0.064246,0.048536,0.335791,0.108931,0.218299,0.224197
CGTCGTCCTTCGCGAA-1,0.000037,0.001138,0.221343,0.313798,0.444633,0.019051
CGTCTGGAAGGGCCCG-1,0.000125,0.123985,0.512308,0.363084,0.000125,0.000374
CGTCTTGAGTGTGACG-1,0.00007,0.036893,0.962477,0.00028,0.00007,0.00021
CGTGAACTGACCCGAT-1,0.000289,0.633655,0.000579,0.265173,0.059211,0.041093
CGTGAAGTTAATTCAC-1,0.000031,0.047227,0.082068,0.252449,0.019749,0.598476
CGTGACATTGGGTCGT-1,0.000453,0.18425,0.811673,0.001812,0.000453,0.001359
CGTGACCAGTCCTCTG-1,0.000972,0.162974,0.52996,0.061162,0.243918,0.001015
CGTGCACACCACTGTA-1,0.000026,0.047752,0.236166,0.231401,0.185053,0.299601
CGTGCAGACTGGGACA-1,0.000061,0.229485,0.395858,0.14666,0.068008,0.159929
CGTGCATTGTCGACGC-1,0.000038,0.098091,0.172635,0.459859,0.066825,0.202553
CGTGCCCGACATTTGT-1,0.00139,0.018003,0.404852,0.383776,0.024098,0.167881
CGTGCCCTCCCGAAGA-1,0.000026,0.000026,0.307217,0.147377,0.011676,0.533677
CGTGCTGGCCTAGTCG-1,0.000186,0.093454,0.904868,0.000746,0.000186,0.000559
CGTGCTTCTACCTAAA-1,0.000036,0.521658,0.229772,0.093782,0.121065,0.033687
CGTGGAAGCCTCGTAC-1,0.000024,0.000024,0.599116,0.355066,0.003726,0.042043
CGTGGCCGAATATCTA-1,0.000027,0.000027,0.265995,0.407556,0.009262,0.317134
CGTGGTACCCAAAGGC-1,0.000033,0.437212,0.031949,0.061957,0.343596,0.125253
CGTGTATGGGAGCTGA-1,0.000087,0.000087,0.657611,0.295799,0.000087,0.04633
CGTGTCCCATTCGCGA-1,0.000061,0.000061,0.423576,0.473421,0.000929,0.101952
CGTGTCTCGTTACGAC-1,0.000066,0.1499,0.663909,0.024727,0.123069,0.03833
CGTGTGTTAAACCCTG-1,0.000064,0.000451,0.798318,0.187981,0.012994,0.000192
CGTTAAACTAGTTAGG-1,0.000011,0.000687,0.302406,0.535653,0.010042,0.151201
CGTTAAATACGACCAG-1,0.000016,0.000016,0.027219,0.63852,0.006218,0.328011
CGTTAATGTCCCGACG-1,0.000029,0.053838,0.263954,0.155439,0.181286,0.345454
CGTTAGCTCACAACTG-1,0.00025,0.471607,0.52614,0.001001,0.00025,0.000751
CGTTATCATACTTCCA-1,0.000048,0.070875,0.280642,0.100282,0.013507,0.534648
CGTTCAAGGAAACGGA-1,0.000032,0.999651,0.000063,0.000127,0.000032,0.000095
CGTTCAGACCCGCGAA-1,0.00002,0.038723,0.169134,0.185545,0.400342,0.206237
CGTTCATGGTGCGCGT-1,0.000027,0.126493,0.136545,0.162244,0.116821,0.457871
CGTTCTTCGCACACCT-1,0.000144,0.478695,0.520005,0.000578,0.000144,0.000433
CGTTGAATACCGCGCT-1,0.000019,0.060477,0.068157,0.208865,0.245507,0.416976
CGTTGAGCGACCGTCG-1,0.000039,0.000039,0.482245,0.304209,0.000039,0.213428
CGTTGAGTAATTGCGT-1,0.000499,0.472921,0.522588,0.001996,0.000499,0.001497
CGTTGCCCGCGTGGGA-1,0.000044,0.304696,0.592665,0.007194,0.09527,0.000131
CGTTGTAAACGTCAGG-1,0.001702,0.000016,0.172777,0.71549,0.05322,0.056796
CGTTGTAAGATTGATT-1,0.000148,0.041597,0.957071,0.000592,0.000148,0.000444
CGTTGTCGGCAATTGA-1,0.000031,0.050588,0.679511,0.053647,0.184647,0.031575
CGTTGTTTCAATTCCC-1,0.000034,0.024471,0.244282,0.373431,0.011502,0.34628
CGTTTAAGCGGAGCAC-1,0.005972,0.460593,0.112208,0.389623,0.000081,0.031523
CGTTTACAAGGCAGCT-1,0.000067,0.93806,0.061339,0.000267,0.000067,0.0002
CGTTTCACTTCGGGCG-1,0.000296,0.056732,0.940608,0.001182,0.000296,0.000887
CGTTTCGCTCATTACA-1,0.000041,0.009462,0.553354,0.251508,0.05516,0.130476
CGTTTCGGTTATATGC-1,0.000043,0.000043,0.43494,0.342592,0.000724,0.221659
CGTTTGGTGTTGTGGG-1,0.000038,0.017591,0.306729,0.484605,0.000038,0.190998
CGTTTGTGTAGAGGGT-1,0.000037,0.154497,0.160992,0.216059,0.216341,0.252075
CTAAACGGGTGTAATC-1,0.000029,0.000029,0.298827,0.658142,0.009215,0.033758
CTAAAGAATGCCTACT-1,0.000036,0.012127,0.733478,0.102525,0.006215,0.145618
CTAAAGGATGAGATAC-1,0.000229,0.497129,0.477417,0.024309,0.000229,0.000687
CTAAAGGGAAATAGGA-1,0.000021,0.006185,0.301718,0.175575,0.031615,0.484886
CTAAAGTCCGAAGCTA-1,0.000025,0.033884,0.353142,0.527339,0.04235,0.04326
CTAAATCCGGTGTACA-1,0.002014,0.505946,0.491767,0.000137,0.000034,0.000102
CTAAATCCTATTCCGG-1,0.000038,0.000038,0.235828,0.710378,0.005861,0.047858
CTAACAGCACAATAAC-1,0.000026,0.235838,0.169818,0.165062,0.351979,0.077277
CTAACCGCGCGCCCGT-1,0.000034,0.032404,0.561519,0.273633,0.023299,0.10911
CTAACGAAACTTGCTG-1,0.000031,0.000761,0.383092,0.310198,0.024508,0.281411
CTAACTGATAATCGCC-1,0.000012,0.040854,0.122468,0.302803,0.125943,0.407919
CTAACTGGTCCGGTTC-1,0.000012,0.020477,0.002068,0.216841,0.298157,0.462445
CTAAGGGAATGATTGG-1,0.000046,0.157242,0.55814,0.084293,0.013479,0.186801
CTAAGTACAGGGCTAC-1,0.000247,0.318743,0.679038,0.000986,0.000247,0.00074
CTAATGCGCCCAACAA-1,0.000019,0.025627,0.328511,0.620737,0.007091,0.018015
CTAATTCGCACGCGCT-1,0.000025,0.020706,0.126821,0.547045,0.007015,0.298389
CTAATTCTCAGATATT-1,0.000097,0.000097,0.586886,0.40297,0.009662,0.00029
CTAATTTCAACAACAC-1,0.000019,0.000019,0.105665,0.782337,0.022107,0.089852
CTACAAGAAATAACCC-1,0.000016,0.229614,0.092101,0.271186,0.230464,0.176618
CTACACTAGCTTGTTC-1,0.000031,0.000031,0.071265,0.824693,0.015692,0.088288
CTACACTCGCAGATGG-1,0.000036,0.04478,0.594131,0.155186,0.02927,0.176597
CTACATATCGCGGGAC-1,0.000088,0.666923,0.000176,0.076073,0.06331,0.193431
CTACCCTAAGGTCATA-1,0.000029,0.000029,0.235333,0.618703,0.001864,0.144042
CTACGAACTAGGTCGA-1,0.000052,0.000052,0.295338,0.687826,0.016577,0.000155
CTACGACTAGCTATAA-1,0.000035,0.038013,0.459958,0.09555,0.063102,0.343341
CTACGATCCTATCCTA-1,0.000162,0.99822,0.000324,0.000647,0.000162,0.000485
CTACGCACGGAGTACC-1,0.000026,0.000026,0.062382,0.486267,0.002306,0.448993
CTACGCCATTTCCGAT-1,0.000337,0.062609,0.934354,0.00135,0.000337,0.001012
CTACGTGTTGCCACCA-1,0.00003,0.00003,0.20518,0.755977,0.034519,0.004264
CTACTATCATAGGTTT-1,0.001184,0.020648,0.174598,0.15719,0.193798,0.452582
CTACTATCTTTCAGAG-1,0.000048,0.000048,0.132346,0.83269,0.000048,0.03482
CTACTCAAGGTATAGT-1,0.000029,0.093209,0.147075,0.324117,0.30131,0.134261
CTACTCTAGGCCCGGC-1,0.000035,0.000035,0.30665,0.524882,0.000161,0.168236
CTACTGCCACCTGACC-1,0.000039,0.000039,0.037472,0.80162,0.050323,0.110507
CTAGACATATATGTAG-1,0.000487,0.238683,0.756931,0.001949,0.000487,0.001462
CTAGACTGCATTTCGT-1,0.000343,0.164153,0.83276,0.001372,0.000343,0.001029
CTAGATAAACTCCTCG-1,0.000047,0.04329,0.862017,0.092609,0.000047,0.00199
CTAGATGTGAGTGTAA-1,0.000072,0.000072,0.64192,0.323824,0.033359,0.000752
CTAGATTTACGACGGC-1,0.000026,0.034014,0.157153,0.369655,0.022348,0.416803
CTAGCAACTAATTTAC-1,0.000031,0.000031,0.538061,0.450092,0.002391,0.009394
CTAGCATAGTATAATG-1,0.000042,0.015301,0.465224,0.457257,0.000042,0.062132
CTAGCCACAGGCGAGC-1,0.000012,0.000012,0.014144,0.604417,0.026168,0.355248
CTAGCCCGGGAGACGA-1,0.000256,0.997188,0.000511,0.001023,0.000256,0.000767
CTAGCCGATGTTATGA-1,0.000233,0.000233,0.997672,0.000931,0.000233,0.000698
CTAGCGCCAATCCTAC-1,0.000403,0.243806,0.752571,0.00161,0.000403,0.001208
CTAGCTTAATGGTCCC-1,0.000025,0.000025,0.230819,0.765162,0.003896,0.000074
CTAGGCGCCCTATCAG-1,0.000019,0.000052,0.053184,0.208125,0.022248,0.716372
CTAGGCGGCAGAGAAT-1,0.000036,0.002795,0.374466,0.591896,0.026066,0.004741
CTAGGGATAGGGACAA-1,0.000049,0.999148,0.000411,0.000196,0.000049,0.000147
CTAGGTCTGAAGGAAT-1,0.000036,0.000036,0.456714,0.507769,0.007142,0.028302
CTAGGTTCGGACGTGA-1,0.000028,0.000028,0.07578,0.281857,0.276312,0.365995
CTAGTAGAAAGGGATT-1,0.002456,0.036632,0.49762,0.148256,0.232734,0.082302
CTAGTATTCGGAATTA-1,0.000237,0.437565,0.560298,0.00095,0.000237,0.000712
CTAGTCACGTCTTAAG-1,0.000013,0.000013,0.020237,0.355207,0.000326,0.624204
CTAGTGAAGGACAGGA-1,0.000032,0.019879,0.384631,0.465121,0.005603,0.124734
CTAGTTACAACCCGGT-1,0.000029,0.069278,0.185364,0.166668,0.202409,0.376253
CTAGTTGGGCCCGGTA-1,0.000104,0.028333,0.424218,0.448441,0.000104,0.098799
CTATAAGAGCCAATCG-1,0.000035,0.000035,0.407031,0.582852,0.002123,0.007923
CTATAAGTAGGGTTTG-1,0.000214,0.997649,0.000427,0.000855,0.000214,0.000641
CTATACTTAAAGCGAG-1,0.000035,0.156189,0.411839,0.083283,0.327498,0.021156
CTATAGGCGTTGATGT-1,0.000025,0.26751,0.000051,0.257663,0.354852,0.119899
CTATATCCAGCCTGGC-1,0.000042,0.747568,0.000084,0.050257,0.11517,0.086879
CTATCACAACGCTGGA-1,0.000027,0.094326,0.57836,0.092706,0.215647,0.018934
CTATCGACGAAATACA-1,0.000022,0.010009,0.315904,0.254059,0.071957,0.348049
CTATCGCGTAGAGAAC-1,0.000012,0.000012,0.051087,0.646232,0.003496,0.299163
CTATCGGGTCTCAACA-1,0.000032,0.000032,0.690803,0.193327,0.000032,0.115773
CTATGAACACCTTGCC-1,0.000499,0.633659,0.36185,0.001996,0.000499,0.001497
CTATGCCCGAATGCAA-1,0.000038,0.167216,0.676314,0.016072,0.13472,0.005641
CTATGGGAAGCGGAAT-1,0.000017,0.028542,0.093939,0.535285,0.01912,0.323097
CTATGTCACTAGCCCA-1,0.000028,0.000028,0.120928,0.591061,0.000028,0.287926
CTATGTCTATTGAAAC-1,0.000095,0.076,0.617276,0.306246,0.000095,0.000286
CTATGTGAGTCACGGC-1,0.000017,0.01218,0.074658,0.117445,0.152698,0.643002
CTATTCATGTGTCCCA-1,0.000042,0.056634,0.295736,0.227953,0.257062,0.162573
CTATTGTGTTTGGTCA-1,0.000329,0.795783,0.201253,0.001318,0.000329,0.000988
CTATTTGCTTGGAGGA-1,0.000595,0.246048,0.02485,0.266352,0.412887,0.049268
CTATTTGGTTACGGAT-1,0.000025,0.000025,0.016202,0.594481,0.000025,0.389241
CTCAAACCACTGCCCG-1,0.000039,0.231867,0.004575,0.05486,0.674691,0.033968
CTCAACTAACCCGGAT-1,0.000812,0.001783,0.119977,0.217281,0.190895,0.469252
CTCAAGACATTAGCGC-1,0.000362,0.706212,0.290527,0.001449,0.000362,0.001087
CTCACATTTACTAAAT-1,0.000033,0.243668,0.100066,0.176957,0.323168,0.156108
CTCACCAGTACAAGTG-1,0.000012,0.006817,0.122399,0.571736,0.02832,0.270716
CTCACCGATCCAAACT-1,0.000152,0.382127,0.616509,0.000606,0.000152,0.000455
CTCACTGTGATACTTA-1,0.000024,0.055902,0.144918,0.343434,0.348149,0.107573
CTCACTTGGCTGGTAA-1,0.000041,0.007832,0.574339,0.127935,0.041749,0.248104
CTCAGAGCTAATGTCG-1,0.003956,0.544723,0.372871,0.000266,0.077984,0.0002
CTCAGATTGTGATAAG-1,0.000009,0.000009,0.000018,0.046885,0.028907,0.924171
CTCAGCAGACTGCCGA-1,0.000482,0.522489,0.473176,0.001927,0.000482,0.001445
CTCAGGACTCACCTGT-1,0.000157,0.162478,0.836113,0.000627,0.000157,0.00047
CTCAGTCACGACAAAT-1,0.00006,0.00006,0.705907,0.278485,0.015308,0.00018
CTCATAAATGTGTATA-1,0.00002,0.005566,0.128388,0.349711,0.06373,0.452586
CTCATGGCTCACAATC-1,0.000087,0.230163,0.2967,0.390396,0.000087,0.082568
CTCATGGTAATTTGCG-1,0.001039,0.027106,0.426311,0.222057,0.136747,0.18674
CTCATTCGTGAACATC-1,0.000023,0.007972,0.34516,0.542291,0.008112,0.096442
CTCATTGCTCTAACAA-1,0.000027,0.081423,0.355493,0.209906,0.228832,0.124318
CTCATTTGATGGGCGG-1,0.000071,0.000071,0.056712,0.862221,0.080715,0.000212
CTCCCAATGAGTCGCG-1,0.000014,0.001934,0.156084,0.658773,0.015789,0.167405
CTCCCTCCTTTCGATC-1,0.000021,0.02145,0.107135,0.078223,0.362024,0.431146
CTCCCTTGTATCAAGG-1,0.000111,0.998778,0.000222,0.000444,0.000111,0.000333
CTCCGCCCACATGAGG-1,0.000023,0.091378,0.116228,0.241172,0.073821,0.477377
CTCCGGCCTAATATGC-1,0.000121,0.000121,0.677984,0.321288,0.000121,0.000364
CTCCGGCTTGTAGACA-1,0.00017,0.107165,0.891307,0.000679,0.00017,0.000509
CTCCTAAGTTATGTCT-1,0.00009,0.811528,0.115523,0.072499,0.00009,0.00027
CTCCTAGTAATCGTGA-1,0.000287,0.996839,0.000575,0.001149,0.000287,0.000862
CTCCTCCAGCTCACAC-1,0.000034,0.13918,0.385216,0.067201,0.408266,0.000103
CTCCTGTTCAAGGCAG-1,0.000029,0.000029,0.394537,0.444974,0.005691,0.154739
CTCCTTTACGCAAGTC-1,0.00021,0.137669,0.860437,0.000842,0.00021,0.000631
CTCGAATGGAACGTAT-1,0.000146,0.049323,0.949361,0.000585,0.000146,0.000439
CTCGAGACATACGATA-1,0.000013,0.001607,0.050557,0.289295,0.249023,0.409505
CTCGAGATCCAAAGCA-1,0.000018,0.09957,0.148704,0.344444,0.101625,0.305639
CTCGAGGCAAGTTTCA-1,0.000055,0.999391,0.000111,0.000221,0.000055,0.000166
CTCGAGGTCGAACAGT-1,0.006905,0.041647,0.398933,0.488906,0.007759,0.055849
CTCGATATTTGCGAGC-1,0.000195,0.046242,0.941349,0.011436,0.000195,0.000584
CTCGCACCTATATAGT-1,0.000151,0.000151,0.729305,0.269789,0.000151,0.000453
CTCGCATTGCATAGCC-1,0.000049,0.221977,0.433872,0.166238,0.155911,0.021953
CTCGCCGAATGTAGGG-1,0.00067,0.121753,0.048895,0.324292,0.319428,0.184962
CTCGCTAGGTAAGCGA-1,0.000034,0.092601,0.066753,0.490511,0.033745,0.316356
CTCGGGATAACACCTA-1,0.000081,0.038022,0.961254,0.000322,0.000081,0.000242
CTCGGGCATCGTCGGG-1,0.000036,0.000036,0.191667,0.645057,0.000786,0.162418
CTCGGGTTCTCTGGCC-1,0.000035,0.250967,0.42658,0.132967,0.095791,0.09366
CTCGGTACCACTGCTC-1,0.000032,0.02253,0.339826,0.305591,0.034183,0.297837
CTCGGTCCGTAGCCTG-1,0.000137,0.000137,0.998629,0.000548,0.000137,0.000411
CTCGGTTGTCGGCCCT-1,0.000047,0.14468,0.323653,0.159468,0.283698,0.088453
CTCGTCGAGGGCTCAT-1,0.000024,0.027842,0.145584,0.27892,0.442607,0.105022
CTCGTCTGTGCCTTCG-1,0.000045,0.009994,0.586438,0.025128,0.312973,0.065423
CTCGTGGCACTGAAAG-1,0.000256,0.635612,0.362087,0.001023,0.000256,0.000767
CTCGTTACGGCTACCA-1,0.000053,0.907976,0.010287,0.0026,0.078926,0.000159
CTCGTTTCTAATGTTT-1,0.000225,0.189607,0.808371,0.000899,0.000225,0.000674
CTCTAACACCGGCAGC-1,0.000016,0.043771,0.077007,0.426707,0.249764,0.202735
CTCTAATGCATTGATC-1,0.000133,0.21671,0.782096,0.000531,0.000133,0.000398
CTCTACACTGGCGATT-1,0.000642,0.084509,0.042157,0.068584,0.047161,0.756946
CTCTACATCCTGCGTG-1,0.000033,0.126058,0.42591,0.03941,0.385058,0.023532
CTCTAGCCCTCGGAAA-1,0.000016,0.109025,0.175653,0.180094,0.118054,0.417158
CTCTATTTGGCTGCAG-1,0.000042,0.000042,0.433367,0.204807,0.097862,0.263879
CTCTCACAATCGATGA-1,0.000036,0.000036,0.485632,0.323338,0.003374,0.187586
CTCTCGATGTGCGCCT-1,0.00003,0.00003,0.140279,0.676529,0.00003,0.183103
CTCTCGCTGTACTATG-1,0.000031,0.004259,0.429703,0.539697,0.003153,0.023158
CTCTCTAACTGCCTAG-1,0.000027,0.14845,0.09614,0.25684,0.38702,0.111522
CTCTGCAGGCATTCTT-1,0.000299,0.996714,0.000597,0.001195,0.000299,0.000896
CTCTGCGAAGCAAGCA-1,0.000104,0.085734,0.825651,0.070002,0.018197,0.000312
CTCTGGACGCCTGGTG-1,0.000032,0.000032,0.219921,0.509323,0.001069,0.269623
CTCTGTCCATGCACCA-1,0.000028,0.02415,0.394396,0.247104,0.159133,0.175189
CTCTGTGCCTGCTATG-1,0.000033,0.000033,0.353801,0.5747,0.000033,0.0714
CTCTTCTATTGACTGG-1,0.000049,0.000049,0.569878,0.289646,0.000049,0.140327
CTCTTCTGGAAGTTAG-1,0.000043,0.20092,0.170303,0.195577,0.173605,0.259552
CTCTTGTCCCGCTTGG-1,0.000053,0.071053,0.485219,0.122561,0.156524,0.164591
CTGAAAGAGATCCGAC-1,0.000167,0.000167,0.597451,0.100751,0.036248,0.265215
CTGAATCCGAGACCTC-1,0.000029,0.188849,0.222975,0.22044,0.06279,0.304917
CTGAATTTATTGCCAG-1,0.000249,0.000249,0.997512,0.000995,0.000249,0.000746
CTGACATAGAAATAGA-1,0.000015,0.020311,0.255288,0.593219,0.020089,0.111076
CTGACTGCGCAGCTCG-1,0.000029,0.013308,0.106357,0.761775,0.017038,0.101494
CTGAGAAAGTTCGGCG-1,0.000016,0.014073,0.523258,0.396157,0.00923,0.057266
CTGAGAGTAGAAATAC-1,0.000016,0.000432,0.203756,0.628755,0.010792,0.156249
CTGAGCAAGTAACAAG-1,0.000094,0.182261,0.816895,0.000375,0.000094,0.000281
CTGAGCGAGACTTATT-1,0.000432,0.175192,0.820922,0.001727,0.000432,0.001295
CTGATAGTGTATCTCA-1,0.000034,0.014233,0.536736,0.163775,0.000062,0.285161
CTGATCCCTTTATGCA-1,0.000206,0.866288,0.000412,0.047134,0.000206,0.085756
CTGCAAATGGGCTCCA-1,0.000025,0.000025,0.240583,0.652557,0.0176,0.08921
CTGCAAGCACGTTCCG-1,0.000031,0.00656,0.450807,0.199657,0.013976,0.328969
CTGCACAACTACATAT-1,0.000018,0.023397,0.13871,0.168687,0.072906,0.596282
CTGCACCTAGTCCACA-1,0.000065,0.076366,0.92305,0.000259,0.000065,0.000195
CTGCACCTGGAACCGC-1,0.000127,0.083892,0.859901,0.055573,0.000127,0.000381
CTGCACTCCAGTACAG-1,0.000023,0.015145,0.215836,0.211576,0.275286,0.282133
CTGCAGAGAATCAGAG-1,0.000184,0.000006,0.000011,0.050275,0.019583,0.929941
CTGCAGGGTGACGCTC-1,0.000026,0.004403,0.1527,0.563772,0.011686,0.267413
CTGCAGGTGCTCGGCC-1,0.000016,0.018913,0.105518,0.765047,0.066578,0.043928
CTGCCAAGGTTGGAAG-1,0.000065,0.011882,0.345072,0.640995,0.001475,0.00051
CTGCCATGCATCACAT-1,0.000037,0.090627,0.318122,0.15336,0.074833,0.363022
CTGCCCACGAAGCGTT-1,0.000012,0.000012,0.10698,0.602676,0.017392,0.272928
CTGCCTAGCCACCAAG-1,0.000095,0.06699,0.932157,0.000379,0.000095,0.000284
CTGCCTCATATGCAAC-1,0.00008,0.037302,0.96198,0.000319,0.00008,0.000239
CTGCCTTTAATACCTT-1,0.000267,0.896798,0.100798,0.001068,0.000267,0.000801
CTGCCTTTCTAGTAAA-1,0.000014,0.025949,0.164266,0.155753,0.01124,0.642778
CTGCGACCTCGCCGAA-1,0.000038,0.146801,0.67082,0.033746,0.131647,0.016948
CTGCGATTTCGAGATT-1,0.000054,0.704231,0.294434,0.000217,0.000901,0.000163
CTGCGGGTGAAATGTT-1,0.000025,0.000025,0.638388,0.280124,0.00157,0.079868
CTGCGGTAGTCACGTG-1,0.000321,0.090424,0.906692,0.001282,0.000321,0.000962
CTGCGTTACGATATAA-1,0.000296,0.161772,0.835568,0.001182,0.000296,0.000887
CTGCTCTCAACACACC-1,0.000022,0.004327,0.252796,0.641303,0.000022,0.101529
CTGCTCTGACGGCAAA-1,0.000046,0.276654,0.585722,0.002948,0.134493,0.000137
CTGCTGAGGCCACGAA-1,0.000017,0.028396,0.375493,0.247613,0.240035,0.108446
CTGCTGTCTAACGAGC-1,0.000019,0.000019,0.281946,0.650324,0.029937,0.037754
CTGCTTGGCGATAGCT-1,0.000052,0.085222,0.504663,0.180175,0.194102,0.035786
CTGCTTTATGTCCGCG-1,0.000112,0.814456,0.184539,0.000447,0.000112,0.000335
CTGGAAATGGATGCTT-1,0.000042,0.003032,0.703056,0.267259,0.000042,0.026569
CTGGAAGACACGGTGG-1,0.000014,0.000014,0.072428,0.109936,0.023753,0.793855
CTGGACGCAGTCCGGC-1,0.00002,0.029289,0.251094,0.158061,0.160592,0.400944
CTGGATTTACACTTGA-1,0.000032,0.020253,0.121479,0.327275,0.072991,0.45797
CTGGCATCCGAATGAG-1,0.000672,0.29605,0.178186,0.175435,0.025683,0.323973
CTGGCGACATAAGTCC-1,0.000084,0.05811,0.593699,0.041194,0.172986,0.133928
CTGGCGATTTACATGT-1,0.000018,0.034183,0.037435,0.116058,0.099732,0.712574
CTGGCGCACAGGTCTG-1,0.000033,0.028855,0.444882,0.310144,0.040695,0.17539
CTGGCGGGAATAAGTA-1,0.000017,0.000017,0.134961,0.781514,0.051838,0.031653
CTGGCTCCTGCGGGAT-1,0.000082,0.027059,0.769184,0.203347,0.000082,0.000246
CTGGCTGATTCATCCT-1,0.000014,0.000014,0.007916,0.413135,0.00013,0.57879
CTGGCTGCTAACGTAA-1,0.001036,0.004873,0.214594,0.750151,0.015344,0.014002
CTGGCTGGTTGTCAGT-1,0.000058,0.073822,0.435109,0.120699,0.277385,0.092926
CTGGGATAAATAATGG-1,0.000032,0.015177,0.781234,0.172799,0.000032,0.030727
CTGGGATACGCTACCC-1,0.000013,0.001482,0.180861,0.741571,0.01481,0.061264
CTGGGATCGCCCAGAT-1,0.00003,0.00003,0.263421,0.585239,0.00003,0.15125
CTGGGCACTAGTCGGA-1,0.000069,0.000069,0.622264,0.377325,0.000069,0.000206
CTGGGCCTGCTATATC-1,0.000045,0.000045,0.583739,0.060901,0.044122,0.311148
CTGGGCGGCCAAATGT-1,0.001917,0.000045,0.492467,0.454363,0.000045,0.051162
CTGGGCTACTGGAGAG-1,0.000016,0.042073,0.045481,0.161921,0.071028,0.67948
CTGGGCTATCCTTTGG-1,0.000362,0.000362,0.996377,0.001449,0.000362,0.001087
CTGGGTAGGCAGTTAA-1,0.000026,0.000026,0.359342,0.295667,0.047866,0.297073
CTGGGTTGAGTTAAAG-1,0.002936,0.170239,0.065791,0.222505,0.171009,0.36752
CTGGTAAAGACTTACA-1,0.000029,0.009023,0.441444,0.101383,0.08285,0.36527
CTGGTAAAGTGTGGGC-1,0.001164,0.062823,0.526948,0.325349,0.001042,0.082673
CTGGTAACACATAGAA-1,0.000022,0.009445,0.480037,0.321564,0.05862,0.130311
CTGGTAACGAGCTCTT-1,0.000038,0.000038,0.217485,0.752266,0.008915,0.021258
CTGGTCATTCCAATCC-1,0.005545,0.000549,0.302802,0.603701,0.043293,0.044111
CTGGTCCTAACTTGGC-1,0.000068,0.000068,0.479951,0.399415,0.05994,0.060558
CTGGTGAATGGGCCTA-1,0.00002,0.310308,0.003945,0.026782,0.514901,0.144045
CTGGTTCAACGCATCA-1,0.000104,0.144441,0.481258,0.37378,0.000104,0.000313
CTGGTTCGCGAGCTAC-1,0.00003,0.00003,0.571227,0.425343,0.003281,0.00009
CTGGTTTCGAGCAAGA-1,0.000039,0.042466,0.441348,0.21681,0.010654,0.288683
CTGTACTTCTTAGCAT-1,0.007437,0.072344,0.35873,0.112686,0.053517,0.395287
CTGTAGCCATCTCACT-1,0.000036,0.039485,0.277799,0.191945,0.342564,0.148171
CTGTAGTGAGGATCGA-1,0.054103,0.623954,0.321338,0.000303,0.000076,0.000227
CTGTATGGTGTAGAAA-1,0.000034,0.000034,0.280864,0.664642,0.023552,0.030874
CTGTCAAATGGCTCGG-1,0.012463,0.000066,0.409256,0.568253,0.000066,0.009896
CTGTCACGCCAGGCGC-1,0.000111,0.228315,0.632254,0.138875,0.000111,0.000334
CTGTCTGTGGCTGGCT-1,0.000057,0.056225,0.939502,0.003988,0.000057,0.00017
CTGTGCAGGGTAGGTC-1,0.00003,0.171615,0.419159,0.130118,0.047599,0.231479
CTGTGGTCGGGAGATA-1,0.000034,0.162039,0.092265,0.104776,0.027429,0.613457
CTGTTACCCAATCTAG-1,0.000045,0.127205,0.593276,0.052162,0.046882,0.18043
CTGTTCACTGCCTGTG-1,0.00012,0.00012,0.503558,0.296386,0.00012,0.199695
CTGTTCATCTCACGGG-1,0.000051,0.006892,0.567391,0.410385,0.015005,0.000276
CTGTTGGCTCTTCTGA-1,0.000025,0.000025,0.275211,0.721847,0.002817,0.000075
CTGTTGTTCAGTCGTA-1,0.00012,0.617199,0.000239,0.008259,0.326967,0.047217
CTTAAATAAGACCCAT-1,0.000015,0.000015,0.432292,0.458222,0.046434,0.063022
CTTAACTTACAGTATA-1,0.000027,0.115412,0.348366,0.37774,0.011058,0.147397
CTTAACTTCGAAGTAC-1,0.000111,0.000111,0.456752,0.537316,0.000111,0.005597
CTTAAGCAGCGAGCCG-1,0.000014,0.047197,0.024504,0.121305,0.505775,0.301205
CTTAATCGACTTAGTA-1,0.000362,0.290157,0.317266,0.001457,0.254098,0.13666
CTTACACGGTATTCCA-1,0.005112,0.000019,0.021299,0.536722,0.000019,0.436829
CTTACACTGGGAAATA-1,0.000078,0.145305,0.851403,0.002902,0.000078,0.000233
CTTACATAGATTTCTT-1,0.000015,0.027725,0.00003,0.262175,0.261262,0.448794
CTTACTGACTCCTCTG-1,0.000105,0.000105,0.326968,0.531748,0.000105,0.140968
CTTAGATGTTTCATCC-1,0.000059,0.164446,0.640536,0.025473,0.162527,0.00696
CTTAGCCCGGATAGTG-1,0.001133,0.000038,0.34114,0.563998,0.050968,0.042722
CTTAGCCTTCCACATG-1,0.000034,0.000034,0.024279,0.788234,0.009495,0.177924
CTTAGGTATAGACCAG-1,0.00006,0.656482,0.320848,0.000238,0.022194,0.000179
CTTAGTAGGCCTACAG-1,0.000087,0.000087,0.816123,0.183354,0.000087,0.000262
CTTAGTGTAGTAGCAT-1,0.000024,0.139142,0.038148,0.157483,0.344727,0.320475
CTTAGTTGAGGAATCG-1,0.000134,0.998521,0.000269,0.000538,0.000134,0.000403
CTTATAGATGGCTGTT-1,0.000038,0.028666,0.246381,0.551592,0.000038,0.173284
CTTATGCGCTCAGGGC-1,0.000013,0.002306,0.015104,0.069011,0.056846,0.856719
CTTATGTTGACTACCA-1,0.000142,0.658256,0.340466,0.000568,0.000142,0.000426
CTTCAACTCCACTTGG-1,0.000011,0.000011,0.000022,0.229611,0.151164,0.619181
CTTCACGCCCTGGTAC-1,0.005799,0.99117,0.000606,0.001212,0.000303,0.000909
CTTCAGTGGTCGCCTA-1,0.000818,0.038703,0.180279,0.265656,0.254685,0.25986
CTTCAGTTGGACAACG-1,0.000023,0.038597,0.425708,0.129289,0.139609,0.266775
CTTCATAGCTCAAGAA-1,0.000023,0.000023,0.186777,0.783994,0.010172,0.019012
CTTCATCACCAGGGCT-1,0.001405,0.031705,0.033877,0.330705,0.234337,0.367971
CTTCATTGTCAGTGGA-1,0.000017,0.000017,0.000333,0.55973,0.000017,0.439885
CTTCCGCTCCGTGAAG-1,0.000024,0.044819,0.245925,0.362651,0.185281,0.1613
CTTCCTGCATATTTAC-1,0.000245,0.0889,0.908894,0.00098,0.000245,0.000735
CTTCGATTGCGCAAGC-1,0.000032,0.031942,0.263594,0.235877,0.346536,0.122019
CTTCGGCCAATTGTTT-1,0.000014,0.000014,0.080122,0.705732,0.003091,0.211027
CTTCGTAGATAGGTGA-1,0.000019,0.061631,0.00226,0.177185,0.011126,0.74778
CTTCGTGCCCGCATCG-1,0.000022,0.000022,0.207665,0.661553,0.032499,0.09824
CTTCTATGTTGAAGTA-1,0.000031,0.007691,0.185095,0.195808,0.028613,0.582762
CTTCTATTAATGCTAG-1,0.001161,0.017226,0.328923,0.292835,0.292219,0.067636
CTTCTGGGCGTACCTA-1,0.000057,0.999369,0.000115,0.00023,0.000057,0.000172
CTTCTTACGTCGTATA-1,0.0037,0.019092,0.483285,0.329139,0.000122,0.164663
CTTGACCCGAAAGATA-1,0.003628,0.000176,0.303199,0.621194,0.003444,0.06836
CTTGAGGTTATCCCGA-1,0.00009,0.728875,0.111378,0.116004,0.00009,0.043564
CTTGAGTTAGGGTAAT-1,0.000067,0.163035,0.615202,0.215814,0.005679,0.000202
CTTGATGACCATCCAG-1,0.00004,0.309379,0.169964,0.108168,0.085066,0.327383
CTTGCAACCGCCTCCT-1,0.00002,0.007248,0.096387,0.140957,0.048586,0.706802
CTTGCCCACCCACGCA-1,0.000652,0.306783,0.143076,0.038772,0.108615,0.402101
CTTGCCCAGGCTCTAC-1,0.000026,0.072452,0.226343,0.227877,0.071903,0.401399
CTTGGCCAAGCTGGGA-1,0.000031,0.118805,0.488357,0.077431,0.20345,0.111925
CTTGTACTTGTTGACT-1,0.000052,0.000052,0.342162,0.552994,0.05992,0.044819
CTTGTCAACATTCGAG-1,0.000031,0.024506,0.447113,0.254659,0.127561,0.146129
CTTGTCGTACGTGTCA-1,0.000055,0.08155,0.505053,0.406519,0.00635,0.000473
CTTGTGAGGACAGCGG-1,0.000034,0.11535,0.321132,0.540687,0.022695,0.000103
CTTGTGAGTCTTTGAC-1,0.000219,0.137153,0.860878,0.000875,0.000219,0.000656
CTTGTGCTCACCGATT-1,0.00007,0.00007,0.318532,0.561119,0.067354,0.052854
CTTGTTGCTGAGTCAA-1,0.00005,0.00005,0.978509,0.018548,0.00005,0.002792
CTTGTTTATGTAGCCA-1,0.000146,0.037579,0.831337,0.130352,0.000146,0.000439
CTTTAACTTTCAAAGG-1,0.000051,0.000051,0.308924,0.51281,0.058029,0.120133
CTTTAATATTGGTCGA-1,0.000034,0.005936,0.145328,0.427699,0.077541,0.343462
CTTTACCGAATAGTAG-1,0.000038,0.000038,0.723567,0.03771,0.004087,0.234561
CTTTAGGAACACTGTT-1,0.00002,0.040654,0.204502,0.305102,0.102109,0.347614
CTTTAGTGCTATTATT-1,0.000035,0.004007,0.225513,0.120926,0.131374,0.518145
CTTTATCCGACGCATG-1,0.000432,0.622673,0.373441,0.001727,0.000432,0.001295
CTTTCTGTGCGGGCTT-1,0.000048,0.149082,0.397377,0.337984,0.004802,0.110708
CTTTGAAACATATTCC-1,0.001113,0.000027,0.08588,0.878727,0.008336,0.025917
CTTTGACGTCGCTTCT-1,0.000019,0.004379,0.128661,0.167789,0.075088,0.624064
CTTTGCATCGCTCTTG-1,0.000031,0.023875,0.366381,0.130208,0.030214,0.449291
CTTTGCTGTCATGGAT-1,0.004516,0.00295,0.427818,0.525747,0.005295,0.033674
CTTTGGCAGACAGAGT-1,0.000319,0.4222,0.574926,0.001277,0.000319,0.000958
CTTTGGCGCTTTATAC-1,0.000027,0.000029,0.357285,0.460279,0.012847,0.169533
CTTTGGCTTTAGTAAA-1,0.000032,0.002015,0.721012,0.223541,0.000032,0.053369
CTTTGGGATTGTTGCA-1,0.000053,0.155607,0.548039,0.1052,0.074105,0.116997
CTTTGTCGAATGCTCC-1,0.000023,0.013728,0.102509,0.317792,0.449237,0.116711
GAAACAGATGACCACC-1,0.000572,0.000016,0.06475,0.444038,0.018532,0.472092
GAAACAGCCATGCAGT-1,0.000065,0.173609,0.326064,0.359314,0.000065,0.140884
GAAACATAGGAAACAG-1,0.000452,0.065268,0.264975,0.182879,0.379345,0.107081
GAAACCATGGTGCGCT-1,0.000076,0.024733,0.974581,0.000305,0.000076,0.000229
GAAACCGAATTACCTT-1,0.000025,0.067489,0.329886,0.149155,0.03981,0.413634
GAAACCTATACAAATG-1,0.000014,0.115008,0.244657,0.254057,0.259911,0.126353
GAAACTCGTGCGATGC-1,0.000874,0.026133,0.326412,0.524144,0.020447,0.101989
GAAACTCTAATGAAGG-1,0.000129,0.554735,0.212687,0.154672,0.000129,0.077647
GAAAGAACAGCGTTAT-1,0.000057,0.000057,0.968424,0.031232,0.000057,0.000172
GAAAGCAGTGCACTTT-1,0.000023,0.084109,0.491782,0.14782,0.249562,0.026704
GAAAGCCCTTTGGACC-1,0.000033,0.023363,0.593532,0.154118,0.005785,0.223169
GAAAGTGACTAACTGC-1,0.000018,0.003492,0.382185,0.486861,0.03017,0.097273
GAAATACCTGCTGGCT-1,0.000148,0.070812,0.927856,0.000592,0.000148,0.000444
GAAATACTAAACGTTT-1,0.000028,0.026793,0.497045,0.461147,0.014587,0.000401
GAAATATCACCATCAG-1,0.000023,0.005779,0.371622,0.474263,0.035489,0.112824
GAAATCGCGCGCAACT-1,0.000095,0.005707,0.983711,0.010105,0.000095,0.000286
GAAATCTGACCAAGTT-1,0.000027,0.013429,0.525012,0.386475,0.038724,0.036332
GAAATGGCGGTGTTAG-1,0.00002,0.00002,0.076309,0.600801,0.002021,0.320829
GAAATGGGATGTAAAC-1,0.000121,0.495063,0.50385,0.000483,0.000121,0.000362
GAAATTAGCACGGATA-1,0.00019,0.216494,0.781794,0.000761,0.00019,0.000571
GAAATTCACATCGCTG-1,0.002338,0.195168,0.544249,0.240878,0.000089,0.017279
GAAATTGTCTCTATAA-1,0.000018,0.075012,0.233632,0.199114,0.048364,0.443859
GAACAACTGGGATGAA-1,0.000009,0.12049,0.155314,0.133368,0.218487,0.372332
GAACACACATCAACCA-1,0.000037,0.004736,0.577366,0.387034,0.010007,0.02082
GAACAGATTACTAAAT-1,0.000018,0.010008,0.226327,0.263235,0.130337,0.370075
GAACCATCTGGGAGAC-1,0.016035,0.000028,0.378145,0.523126,0.014646,0.06802
GAACCCTCTGTGTTCT-1,0.000032,0.004113,0.310505,0.296583,0.192044,0.196722
GAACCTCGACCTACAC-1,0.000013,0.049966,0.127334,0.122963,0.095844,0.60388
GAACCTTTAACGATCC-1,0.000022,0.005314,0.261967,0.26768,0.281265,0.183752
GAACGACCGAATGATA-1,0.000081,0.000081,0.671128,0.328388,0.000081,0.000242
GAACGCGGGTCACACG-1,0.000018,0.001297,0.43314,0.476887,0.000018,0.08864
GAACGGTGTAAAGCAG-1,0.000189,0.167404,0.830899,0.000754,0.000189,0.000566
GAACGTCTCATGGTCG-1,0.000029,0.000029,0.331532,0.591804,0.015582,0.061022
GAACGTTAGGAAGACG-1,0.000029,0.067114,0.432982,0.371032,0.034353,0.09449
GAACGTTTGTATCCAC-1,0.000114,0.000114,0.654975,0.344342,0.000114,0.000342
GAACTGTGGAGAGACA-1,0.00002,0.067372,0.220928,0.205707,0.441786,0.064187
GAACTTAGCGCCCGGT-1,0.000156,0.159425,0.83917,0.000624,0.000156,0.000468
GAAGAAACGATATTGT-1,0.000017,0.067928,0.234253,0.176767,0.417641,0.103394
GAAGACTTCAATGCCG-1,0.000982,0.003506,0.350739,0.55446,0.008076,0.082238
GAAGCAAGGCAATGTT-1,0.000026,0.001056,0.686755,0.273535,0.013154,0.025473
GAAGCCACTGATTATG-1,0.000035,0.089897,0.603344,0.043906,0.237402,0.025416
GAAGCCGGGTAAGCTC-1,0.000015,0.000015,0.022885,0.887351,0.029392,0.060341
GAAGCCTGCACATTCC-1,0.000034,0.076568,0.345112,0.209737,0.298655,0.069894
GAAGCGTGAGGAATTT-1,0.000022,0.040265,0.012528,0.528917,0.003218,0.415049
GAAGCTCGGACCCGTC-1,0.000018,0.022443,0.129327,0.224006,0.098569,0.525637
GAAGCTCTTTGCTTAG-1,0.00014,0.412561,0.586181,0.000559,0.00014,0.000419
GAAGCTTGCTGACCGC-1,0.000032,0.000032,0.245446,0.595946,0.012714,0.145829
GAAGGACTAAATTGAA-1,0.000677,0.002724,0.230012,0.73828,0.016668,0.011639
GAAGGAGTCGAGTGCG-1,0.000022,0.084638,0.241713,0.167885,0.410454,0.095289
GAAGGGCATAACCATG-1,0.000026,0.055835,0.537638,0.386569,0.013149,0.006783
GAAGGGTCATTAAGAC-1,0.000025,0.104817,0.09932,0.18929,0.196137,0.41041
GAAGTCAGTTGCACTA-1,0.000021,0.000021,0.090354,0.310697,0.26226,0.336646
GAAGTCTCCCTAGCGA-1,0.000053,0.038968,0.909892,0.050875,0.000053,0.000159
GAAGTGATTTATCGTG-1,0.000032,0.074783,0.403544,0.245744,0.003931,0.271965
GAAGTGCTGGATAGCT-1,0.000119,0.155563,0.502016,0.328143,0.000119,0.01404
GAAGTTTCCACTCAAT-1,0.000029,0.029777,0.453922,0.396909,0.001621,0.117742
GAATAGACGCGACCCA-1,0.000043,0.093531,0.629297,0.129952,0.000043,0.147134
GAATAGCATTTAGGGT-1,0.000012,0.000012,0.112257,0.773657,0.014739,0.099323
GAATAGCCCTGCGGTC-1,0.000062,0.311567,0.598274,0.002446,0.072938,0.014711
GAATAGTGCTCGATTA-1,0.00005,0.427565,0.54557,0.007003,0.019663,0.000149
GAATATTCGGAGTCCC-1,0.000215,0.711544,0.286518,0.000861,0.000215,0.000646
GAATCGACATGGTCAC-1,0.000046,0.000046,0.528221,0.406931,0.000046,0.06471
GAATCGCCGGACACGG-1,0.000157,0.11464,0.883945,0.000629,0.000157,0.000472
GAATCTATACTCGGAC-1,0.000032,0.000032,0.214412,0.708484,0.014904,0.062136
GAATCTGAACATTCTC-1,0.000013,0.001505,0.018448,0.105506,0.030342,0.844186
GAATGAAGGTCTTCAG-1,0.00228,0.193816,0.788216,0.015375,0.000078,0.000235
GAATGCCGAAATGACC-1,0.000016,0.004314,0.111521,0.743283,0.035682,0.105184
GAATGCGAATCGGTTC-1,0.000013,0.018664,0.1717,0.22444,0.388635,0.196547
GAATGGGCTTATCGAC-1,0.000023,0.007576,0.270487,0.270537,0.01477,0.436608
GAATGTATGGCAGGTC-1,0.000327,0.242454,0.754605,0.001307,0.000327,0.00098
GAATGTGGTCCGGATT-1,0.000016,0.015985,0.054625,0.175678,0.064216,0.68948
GAATGTTGGGTAATCT-1,0.000065,0.000065,0.049103,0.846939,0.024896,0.078932
GAATTATAGTGAAAGG-1,0.000009,0.000009,0.023244,0.471631,0.000467,0.504641
GAATTCACCCGGGTGT-1,0.000026,0.074656,0.645807,0.055277,0.056071,0.168163
GAATTTCTCGCTGCAG-1,0.000511,0.000017,0.024668,0.733073,0.037201,0.20453
GACAAACATATGCAGG-1,0.000016,0.000016,0.134109,0.656568,0.003255,0.206037
GACAACGACCATTGAA-1,0.000087,0.000087,0.49319,0.448011,0.035255,0.023371
GACAACGCAGCTTACG-1,0.000062,0.000062,0.458158,0.516159,0.023632,0.001927
GACAAGACGCCCGTGC-1,0.000046,0.009999,0.586544,0.349611,0.000046,0.053754
GACAAGAGATGAGATT-1,0.000013,0.000775,0.249553,0.553997,0.007445,0.188217
GACACAAGGGAAGAAA-1,0.000043,0.000043,0.367863,0.424245,0.034674,0.173133
GACACAGCCGGGACTG-1,0.000016,0.042045,0.087082,0.161123,0.184613,0.525121
GACACCCAAAGACGCG-1,0.000166,0.99817,0.000333,0.000665,0.000166,0.000499
GACACGAGTTAGAGGA-1,0.001758,0.001613,0.345868,0.535453,0.106913,0.008395
GACACTGAGTTCAGTG-1,0.000802,0.008013,0.119665,0.069148,0.043745,0.758627
GACACTGGAACCCGAT-1,0.000019,0.045807,0.520044,0.321374,0.002779,0.109978
GACACTTCCAATTACC-1,0.000033,0.000033,0.133962,0.221892,0.098046,0.546033
GACAGAGGTCTTCAGT-1,0.000141,0.271994,0.000283,0.671558,0.002216,0.053807
GACAGATTTCTGGCTC-1,0.000029,0.027279,0.39825,0.136334,0.029137,0.408971
GACAGCCAGACCTGAC-1,0.000029,0.022691,0.386143,0.456118,0.000029,0.134991
GACAGGCACACACTAT-1,0.000045,0.000045,0.580172,0.280997,0.018115,0.120626
GACAGGTAATCCGTGT-1,0.000033,0.062143,0.155744,0.625346,0.006206,0.150528
GACATACTGTCGCAGA-1,0.000033,0.000033,0.238079,0.656487,0.087684,0.017684
GACATCCGTCGAACTG-1,0.000024,0.040725,0.59662,0.095887,0.223548,0.043196
GACATCGATTTATAAC-1,0.000022,0.068798,0.468477,0.206952,0.146398,0.109352
GACATTTCGCCCAGCC-1,0.006954,0.790252,0.000604,0.001208,0.000302,0.200681
GACCAAACGTTGACTG-1,0.000011,0.022126,0.142513,0.482879,0.012376,0.340096
GACCACACTTCCCTTT-1,0.000033,0.015731,0.363304,0.144614,0.408419,0.067898
GACCAGAGCCCTGTAG-1,0.000017,0.000017,0.044801,0.523622,0.017588,0.413956
GACCAGGTCATTCATA-1,0.000056,0.101674,0.325478,0.347022,0.000056,0.225714
GACCCAATTATGATAC-1,0.024551,0.014169,0.070591,0.269729,0.16034,0.460619
GACCCGTCGCCGGCTA-1,0.000089,0.035545,0.451593,0.425841,0.000089,0.086844
GACCGACCGCTAATAT-1,0.000014,0.002454,0.134121,0.734061,0.044113,0.085237
GACCGACGTGAAAGCA-1,0.000016,0.000016,0.459682,0.473082,0.03046,0.036745
GACCGACTGAAGCGTC-1,0.000029,0.037356,0.48128,0.330261,0.009342,0.141733
GACCGATTAAATATGT-1,0.002746,0.346417,0.022527,0.142353,0.241501,0.244455
GACCGCGTCTGACGTG-1,0.000008,0.000008,0.051286,0.730284,0.01921,0.199203
GACCGGTGATACTCTC-1,0.000233,0.750926,0.000466,0.027027,0.000233,0.221116
GACCGTCAGGTCGTGA-1,0.006878,0.99224,0.000176,0.000353,0.000088,0.000265
GACCGTGCTGACGGTG-1,0.000027,0.095696,0.181234,0.203294,0.135932,0.383816
GACCGTTACATGCGAC-1,0.000024,0.023518,0.45262,0.333176,0.012666,0.177997
GACCTGGTCTGGGCGT-1,0.000081,0.26499,0.734283,0.000323,0.000081,0.000242
GACCTTCCACGTCTAC-1,0.000038,0.093208,0.263088,0.243161,0.275465,0.125039
GACGACGATCCGCGTT-1,0.000037,0.012512,0.740291,0.150366,0.060484,0.03631
GACGACTTTCCAAGAA-1,0.000011,0.000011,0.103418,0.76317,0.014994,0.118397
GACGAGGCTAATAAAC-1,0.000013,0.072265,0.377446,0.216538,0.100265,0.233474
GACGATATCACTGGGT-1,0.000127,0.9986,0.000254,0.000509,0.000127,0.000382
GACGCATACCCGTCGG-1,0.000048,0.74481,0.097259,0.003701,0.11935,0.034833
GACGCCGTAAAGGCTA-1,0.000015,0.059836,0.139731,0.244557,0.402882,0.152979
GACGCCTGTTGCAGGG-1,0.000187,0.224392,0.773923,0.000749,0.000187,0.000562
GACGCTTGCTTCTAAA-1,0.000034,0.065558,0.631093,0.087193,0.038442,0.17768
GACGGACCGCGTTCCT-1,0.001594,0.000053,0.474074,0.464396,0.000053,0.05983
GACGGGATGTCTTATG-1,0.00003,0.00003,0.248597,0.711689,0.017062,0.022592
GACGGGCATCGAATTT-1,0.00002,0.00002,0.189189,0.21566,0.04095,0.554161
GACGGGTTGGCCCGTA-1,0.000809,0.260916,0.001335,0.247521,0.109827,0.379592
GACGGTCAATAGAAGC-1,0.000028,0.000028,0.372823,0.539175,0.000028,0.087919
GACGGTCCTAGGGTGT-1,0.000039,0.024519,0.957069,0.018219,0.000039,0.000116
GACGTGAGACTCCATG-1,0.000166,0.062046,0.837836,0.099286,0.000166,0.000499
GACGTGTAGGGATTAT-1,0.000176,0.000176,0.67357,0.325375,0.000176,0.000527
GACGTTCGTAAATACA-1,0.000152,0.04305,0.955581,0.000608,0.000152,0.000456
GACGTTGCTCGGCGGC-1,0.000088,0.999028,0.000177,0.000353,0.000088,0.000265
GACTAACACAGCACCT-1,0.000152,0.119485,0.879146,0.000608,0.000152,0.000456
GACTAAGATCATGCAC-1,0.000056,0.013682,0.394935,0.569089,0.002286,0.019953
GACTAAGTAGGCTCAC-1,0.000052,0.000052,0.560676,0.322821,0.000052,0.116347
GACTACAAAGCGGTGG-1,0.000009,0.004542,0.057443,0.222992,0.084551,0.630463
GACTACAATTGCTCGT-1,0.00018,0.058516,0.939867,0.000718,0.00018,0.000539
GACTAGGCCGTTAGGT-1,0.000014,0.001561,0.021521,0.351309,0.298838,0.326757
GACTCACCCACGTGAG-1,0.000046,0.000046,0.769648,0.225102,0.000046,0.005111
GACTCCCAGAATAAGG-1,0.000117,0.000117,0.99883,0.000468,0.000117,0.000351
GACTCCTTCCAATTGA-1,0.000026,0.029934,0.399238,0.187473,0.33311,0.050218
GACTCGCGGGAATGAC-1,0.000046,0.000046,0.386528,0.594149,0.018823,0.000409
GACTCGGTCGGCGGAT-1,0.000386,0.269136,0.727392,0.001543,0.000386,0.001157
GACTCTAGAGTTCCAA-1,0.001513,0.687989,0.30884,0.001464,0.000049,0.000146
GACTGATTGGTCACAA-1,0.000289,0.131828,0.865568,0.001157,0.000289,0.000868
GACTGCAAATCGAGCT-1,0.000022,0.000022,0.25227,0.340846,0.286865,0.119975
GACTGCACCAGCCCAG-1,0.000044,0.000066,0.60002,0.160957,0.001495,0.237418
GACTGCGGCACGTGTA-1,0.000023,0.000023,0.1734,0.645371,0.034529,0.146654
GACTGCTGGTGAGAAA-1,0.000109,0.873749,0.125268,0.000437,0.000109,0.000328
GACTGGGCGCCGCAAC-1,0.000111,0.027739,0.971264,0.000443,0.000111,0.000332
GACTTCAACGCATCAA-1,0.000024,0.022699,0.323834,0.212077,0.198726,0.242641
GACTTTCGAGCGGTTC-1,0.003446,0.290027,0.204617,0.334071,0.114455,0.053383
GAGAAACTGGATCCCA-1,0.000016,0.000016,0.12338,0.67115,0.00257,0.202868
GAGAACGGTTCTGACT-1,0.000016,0.007131,0.093914,0.06702,0.021607,0.810313
GAGAATCTCACGATCA-1,0.000017,0.004592,0.200012,0.579481,0.01169,0.204207
GAGACCCTGCAACGCC-1,0.000189,0.884316,0.113987,0.000754,0.000189,0.000566
GAGACTGATGGGTAGA-1,0.000038,0.000038,0.155102,0.759943,0.017812,0.067068
GAGACTTCGCGACCGA-1,0.000033,0.184121,0.358917,0.181236,0.212409,0.063283
GAGAGCGCAGTCCCTG-1,0.000012,0.000012,0.122707,0.66317,0.018674,0.195426
GAGAGGGCGCGAGGTT-1,0.000016,0.000016,0.093944,0.388028,0.036919,0.481077
GAGAGGTGCATTCTGG-1,0.000016,0.000016,0.05431,0.044911,0.107088,0.793659
GAGAGTCTCGGGAGAG-1,0.000661,0.889809,0.104238,0.002646,0.000661,0.001984
GAGATCGATCTTACTC-1,0.000078,0.787873,0.000164,0.079038,0.132615,0.000233
GAGATCTGCTTGGCAT-1,0.000039,0.000039,0.279193,0.45462,0.000039,0.266069
GAGATCTGTCACTCCG-1,0.000041,0.000041,0.001631,0.704841,0.021204,0.272243
GAGATCTTCCATGACA-1,0.000053,0.007681,0.534596,0.180494,0.041035,0.236141
GAGATGGCTTTAATCA-1,0.000019,0.255956,0.044361,0.168036,0.384127,0.147501
GAGATGGGAGTCGACA-1,0.000016,0.000016,0.029114,0.156131,0.223992,0.59073
GAGCACCTGTGTCCAG-1,0.000024,0.092155,0.037503,0.20377,0.339344,0.327204
GAGCACGGCGCCTCTT-1,0.000016,0.002042,0.291983,0.685731,0.015472,0.004755
GAGCATCAACAACTTG-1,0.000067,0.313761,0.005538,0.111986,0.567843,0.000805
GAGCATCATCCCTGGG-1,0.000206,0.184906,0.813242,0.000823,0.000206,0.000617
GAGCCACGGTAGTAGG-1,0.000174,0.038756,0.416259,0.544115,0.000174,0.000522
GAGCCAGCTACCTGTG-1,0.000035,0.071066,0.576145,0.071633,0.008526,0.272594
GAGCCGAGCGTTTATT-1,0.000179,0.658236,0.340154,0.000715,0.000179,0.000537
GAGCGAGGGAGTACCG-1,0.000086,0.048721,0.442434,0.334687,0.000086,0.173985
GAGCGCAAATACTCCG-1,0.000018,0.052225,0.637594,0.248152,0.011446,0.050565
GAGCGCGCACGAGTAG-1,0.000021,0.082213,0.284167,0.315902,0.021315,0.296382
GAGCGCTATGTCAGGC-1,0.000031,0.002942,0.438722,0.467812,0.000031,0.090462
GAGCGCTGTTAGGTAA-1,0.000728,0.177062,0.271354,0.126859,0.351591,0.072405
GAGCGGAATGCGGTGT-1,0.000032,0.838399,0.004077,0.04727,0.072738,0.037484
GAGCTAAGGGCATATC-1,0.00007,0.017395,0.625514,0.261455,0.00007,0.095496
GAGCTCAACATGAGCG-1,0.000047,0.31479,0.684783,0.00019,0.000048,0.000142
GAGCTCTCGGACCTAA-1,0.000067,0.154524,0.81453,0.030614,0.000067,0.0002
GAGCTGTCGTCTCGGA-1,0.000164,0.209253,0.789268,0.000657,0.000164,0.000493
GAGGAATATCTCTTTG-1,0.000074,0.99919,0.000147,0.000294,0.000074,0.000221
GAGGAATGGAGAGGTT-1,0.000041,0.008355,0.569964,0.289177,0.051727,0.080737
GAGGAGTAATTCCTAC-1,0.000026,0.000026,0.137096,0.754079,0.032391,0.076383
GAGGATAAACAGTGCT-1,0.000013,0.000013,0.245193,0.638578,0.03449,0.081712
GAGGCCCGACTCCGCA-1,0.000425,0.048053,0.055432,0.129012,0.327018,0.440059
GAGGCCTGTTGATACA-1,0.000027,0.05048,0.277842,0.156401,0.034277,0.480974
GAGGCTATCAAAGTCG-1,0.000018,0.031949,0.227686,0.398678,0.032356,0.309314
GAGGGAGTCAGATCGC-1,0.000059,0.534661,0.433085,0.031958,0.000059,0.000177
GAGGGCATCGCGTATC-1,0.000172,0.251825,0.746629,0.000687,0.000172,0.000515
GAGGGCGCAGCTCTGC-1,0.000058,0.000058,0.428415,0.535955,0.000058,0.035456
GAGGGTAGTAACAAAG-1,0.000068,0.384182,0.548032,0.00027,0.067245,0.000203
GAGGTACATCCATCTT-1,0.008284,0.248554,0.471646,0.270958,0.00014,0.000419
GAGGTACGCGTGTCCC-1,0.000016,0.264019,0.007182,0.312052,0.176937,0.239794
GAGGTCCCAAAGATCT-1,0.000062,0.035898,0.963543,0.000248,0.000062,0.000186
GAGGTCCGTTCGCTGT-1,0.000196,0.997848,0.000391,0.000783,0.000196,0.000587
GAGGTCTTAGTGGGTC-1,0.000033,0.000033,0.359488,0.636444,0.002639,0.001362
GAGTAAACCGGAAAGT-1,0.000008,0.000008,0.144804,0.688827,0.013978,0.152375
GAGTAAATTAAGAACC-1,0.000033,0.01164,0.381747,0.418309,0.000033,0.188238
GAGTAAGGCCACGGGA-1,0.000708,0.137589,0.228323,0.16098,0.103036,0.369364
GAGTACGGGTATACAA-1,0.000112,0.134326,0.86467,0.000446,0.000112,0.000335
GAGTAGATACTAGTTG-1,0.000023,0.011938,0.298928,0.112728,0.394558,0.181825
GAGTATACCCTAATCA-1,0.000135,0.93842,0.060366,0.000539,0.000135,0.000405
GAGTATCAAAGTTACA-1,0.000017,0.002052,0.404348,0.460545,0.000017,0.133021
GAGTATGCCCGCCTTG-1,0.00003,0.026267,0.314218,0.333545,0.271326,0.054614
GAGTATGCGCGTGCAT-1,0.000026,0.047568,0.831068,0.036715,0.06948,0.015143
GAGTCAGACCAGAATC-1,0.000023,0.12198,0.38516,0.19804,0.165141,0.129656
GAGTCCACCAGGTTTA-1,0.000018,0.069235,0.052767,0.313706,0.054767,0.509507
GAGTCCGCTTACCGGA-1,0.000046,0.062239,0.565748,0.043191,0.075797,0.252978
GAGTCGACAGACCCTC-1,0.000031,0.03845,0.355116,0.496224,0.012241,0.097937
GAGTCTTGTAAAGGAC-1,0.001738,0.02664,0.464194,0.095071,0.084404,0.327954
GAGTGTCAACCAGAAA-1,0.000016,0.032405,0.408278,0.175289,0.254223,0.129788
GAGTGTGCGGTACCCA-1,0.000023,0.043368,0.190261,0.558571,0.000023,0.207754
GAGTTCTGTGGGTGCT-1,0.00006,0.05218,0.700969,0.038215,0.208395,0.000181
GAGTTGATGGCAATTT-1,0.000599,0.002434,0.212962,0.15298,0.310957,0.320068
GAGTTGTCACCAGTCT-1,0.002243,0.671567,0.000234,0.032235,0.114945,0.178776
GATAACTCGCACTGTG-1,0.000023,0.01674,0.290612,0.464651,0.000023,0.227951
GATAAGGCAGATGCAA-1,0.00008,0.254164,0.705298,0.040136,0.00008,0.000241
GATAAGGGACGATTAG-1,0.000017,0.000017,0.040706,0.710448,0.013462,0.23535
GATACCGTGTCGGAGT-1,0.000104,0.131823,0.867243,0.000415,0.000104,0.000311
GATACGATGGGAGTCA-1,0.000041,0.06293,0.599355,0.101013,0.077756,0.158905
GATAGAACCCGCTAGG-1,0.000293,0.107563,0.001931,0.077253,0.580544,0.232416
GATAGATAGTACAGTC-1,0.000035,0.216632,0.090179,0.233871,0.09876,0.360522
GATAGCGTACCACGCG-1,0.000142,0.282774,0.71595,0.000567,0.000142,0.000425
GATAGGATTAATTACA-1,0.000122,0.084887,0.914012,0.000489,0.000122,0.000367
GATAGGTAACGTTGAC-1,0.000024,0.000024,0.235281,0.247442,0.242287,0.274943
GATAGGTGTCCCGGGC-1,0.001058,0.019584,0.968396,0.010824,0.000035,0.000104
GATAGTGCGAGTAAGT-1,0.000051,0.772233,0.227307,0.000205,0.000051,0.000153
GATATCAAGCAGGAGC-1,0.000011,0.015572,0.008564,0.318946,0.2215,0.435405
GATATCAGTATGTATC-1,0.000127,0.088525,0.910331,0.000508,0.000127,0.000381
GATATCTCATGCAATA-1,0.002269,0.061373,0.473605,0.346494,0.000075,0.116183
GATATGAGACACTAAC-1,0.000017,0.000017,0.097736,0.509823,0.014531,0.377877
GATATGCGGTAGCCAA-1,0.00026,0.871832,0.125831,0.001038,0.00026,0.000779
GATATGGATTACGCGG-1,0.00004,0.009742,0.731801,0.221977,0.004561,0.031878
GATATTTCCTACATGG-1,0.00029,0.135808,0.861579,0.001161,0.00029,0.000871
GATCAACATAAAGGGA-1,0.000021,0.319852,0.421139,0.124112,0.05644,0.078435
GATCATTCCAAACATT-1,0.000022,0.000022,0.179805,0.532339,0.002928,0.284884
GATCCAACCTTTAAAC-1,0.000078,0.999141,0.000156,0.000312,0.000078,0.000234
GATCCCTTTATACTGC-1,0.000088,0.000088,0.324913,0.487882,0.004967,0.182062
GATCCGAATATAAGTG-1,0.001448,0.102423,0.832692,0.06332,0.000029,0.000088
GATCCGGGAATTAACA-1,0.000686,0.007815,0.200788,0.377802,0.01079,0.402119
GATCCTAAATCGGGAC-1,0.000062,0.029472,0.797792,0.172426,0.000062,0.000186
GATCCTCGACACTGGC-1,0.000037,0.039257,0.534,0.065268,0.303862,0.057577
GATCCTCTTGCGCTTA-1,0.000097,0.084328,0.832816,0.081283,0.001185,0.000292
GATCGACACTATCTGA-1,0.000059,0.000059,0.487484,0.376714,0.002124,0.13356
GATCGCGGGCTCTCCA-1,0.000032,0.001029,0.387919,0.182162,0.030369,0.398488
GATCGCTACCCGATTT-1,0.000029,0.000029,0.229479,0.53946,0.004312,0.22669
GATCGCTATATCTCAG-1,0.00004,0.154802,0.204258,0.216806,0.322053,0.102042
GATCGCTGTGGTGCGT-1,0.000173,0.998102,0.000345,0.00069,0.000173,0.000518
GATCGGATAGAACCAT-1,0.000653,0.142203,0.282424,0.151915,0.02005,0.402755
GATCGGCGATAAGTCG-1,0.000012,0.004354,0.058292,0.854778,0.052247,0.030317
GATCGGTGGCCATAAC-1,0.000054,0.000054,0.413043,0.482442,0.013186,0.091221
GATCGTGACTGATATC-1,0.000025,0.000025,0.318629,0.259491,0.024469,0.397362
GATCTAACCGTATTCA-1,0.000019,0.023803,0.098474,0.282482,0.261743,0.333479
GATCTCGACGCTGTGG-1,0.000015,0.000015,0.251454,0.647911,0.006354,0.09425
GATCTGCTATCTAAGG-1,0.000503,0.000018,0.036014,0.361466,0.350275,0.251724
GATCTTCATTGTCCTC-1,0.00004,0.00004,0.526751,0.448203,0.024848,0.000119
GATCTTGGAGGGCATA-1,0.000022,0.025551,0.285924,0.10925,0.042025,0.537228
GATCTTTGCAGGGTAT-1,0.000031,0.041837,0.101031,0.53691,0.006576,0.313613
GATGACAAGTAGGGCA-1,0.000028,0.217593,0.187528,0.184369,0.195977,0.214504
GATGACGATGATCGCG-1,0.000132,0.586825,0.411982,0.00053,0.000132,0.000397
GATGAGGAACCTTCGG-1,0.00002,0.00002,0.358057,0.248823,0.277874,0.115207
GATGATTTGAAACTGG-1,0.000041,0.000041,0.67407,0.313391,0.008312,0.004144
GATGCCACACTACAGC-1,0.000032,0.000032,0.435821,0.534322,0.001015,0.028777
GATGCCAGCAGAAGGC-1,0.00002,0.00002,0.123589,0.715896,0.028637,0.131838
GATGCCTTCTGCGGCA-1,0.000024,0.080911,0.169674,0.301751,0.260086,0.187553
GATGCGAATGGTATTA-1,0.000012,0.001849,0.131181,0.718302,0.014084,0.134572
GATGCGTCCTGCATTC-1,0.000037,0.014972,0.273648,0.466552,0.001338,0.243453
GATGCTACAAGCGCCT-1,0.000111,0.078522,0.756099,0.164823,0.000111,0.000333
GATGCTACCTTCGATG-1,0.002118,0.488457,0.00005,0.203176,0.241695,0.064504
GATGCTGTATTTCATC-1,0.000057,0.000057,0.58366,0.139568,0.043451,0.233208
GATGGCGCACACATTA-1,0.00004,0.00423,0.38232,0.547674,0.049562,0.016174
GATGGTGAAATAACCC-1,0.000123,0.328265,0.670629,0.000492,0.000123,0.000369
GATGGTGCCCTAGGCA-1,0.000097,0.10353,0.708434,0.156823,0.000097,0.031018
GATGTAACGAACCACC-1,0.000019,0.102522,0.411601,0.106397,0.23108,0.148382
GATGTCCGGATCACAT-1,0.000051,0.031155,0.166357,0.690244,0.039397,0.072796
GATGTCGGTCAACTGC-1,0.00018,0.060564,0.542381,0.396157,0.00018,0.000539
GATGTGTTGTCACAAG-1,0.00007,0.00007,0.480211,0.491871,0.027569,0.000209
GATGTTCAATCCACGA-1,0.00003,0.040162,0.375642,0.138884,0.042878,0.402404
GATGTTTGTGCGAGAT-1,0.00003,0.00003,0.028836,0.898504,0.019021,0.053579
GATTAACCGAAAGCCC-1,0.000038,0.083387,0.650744,0.045876,0.064122,0.155832
GATTAATCCTGGCTCA-1,0.005469,0.0016,0.285087,0.69593,0.01181,0.000103
GATTACTGAATTTGGG-1,0.000022,0.027516,0.129315,0.137696,0.045012,0.660439
GATTAGAAACAAGCGT-1,0.000032,0.999646,0.000064,0.000129,0.000032,0.000096
GATTATCTTGCATTAT-1,0.00003,0.002181,0.216706,0.252554,0.320655,0.207875
GATTCCCTTGTCGCAG-1,0.000119,0.322378,0.222361,0.430192,0.024593,0.000357
GATTCCGCGTTTCCGT-1,0.000403,0.070581,0.925795,0.00161,0.000403,0.001208
GATTCCTATACGGCGC-1,0.000038,0.077586,0.492711,0.330272,0.002749,0.096644
GATTCGACGGTTCACG-1,0.000013,0.000013,0.011905,0.10766,0.024241,0.856167
GATTCTGTTAATGAGT-1,0.000068,0.383694,0.532403,0.000272,0.08336,0.000204
GATTGACACTCTGCTC-1,0.000046,0.000046,0.23509,0.644422,0.018043,0.102354
GATTGCTCCAGTTGCA-1,0.000067,0.540742,0.184248,0.056701,0.118121,0.10012
GATTGGGAAAGGTTGT-1,0.000017,0.042921,0.179592,0.299076,0.342838,0.135557
GATTTGCGCTAACACC-1,0.000031,0.999657,0.000062,0.000125,0.000031,0.000093
GCAAACCCTACATTAT-1,0.000009,0.000009,0.000018,0.102784,0.012072,0.885108
GCAAACCTTGGCCATA-1,0.000018,0.011081,0.201125,0.283632,0.267209,0.236934
GCAAACGTAAGCGACC-1,0.000078,0.662479,0.000156,0.19535,0.141702,0.000234
GCAAACGTCGCCAGGT-1,0.00001,0.00001,0.398787,0.549658,0.008808,0.042726
GCAAAGGGCGTTAGCC-1,0.000051,0.999436,0.000103,0.000205,0.000051,0.000154
GCAAATATTACGCTTT-1,0.000027,0.003658,0.245139,0.534095,0.004318,0.212763
GCAAATGAGGACACTT-1,0.000012,0.035547,0.107456,0.29072,0.065075,0.501189
GCAACACACTAGAACT-1,0.000355,0.01324,0.1512,0.229479,0.02992,0.575807
GCAACAGCAGTATGCG-1,0.000549,0.029723,0.208734,0.570889,0.044194,0.145911
GCAACCACCAGACCGG-1,0.000197,0.61909,0.230131,0.082169,0.000197,0.068215
GCAACCACGGCCGCGT-1,0.000026,0.015046,0.332649,0.142248,0.184715,0.325317
GCAACCCAAGTTGTTT-1,0.000019,0.012117,0.321964,0.490311,0.033966,0.141624
GCAACGGCTAGTTATG-1,0.753672,0.000012,0.036905,0.138985,0.000012,0.070413
GCAAGAATTCCTTGGC-1,0.000016,0.050046,0.107945,0.125463,0.264463,0.452066
GCAAGATGTGTTCGCG-1,0.000305,0.57319,0.424062,0.001221,0.000305,0.000916
GCAAGCTGGAAACCGC-1,0.00001,0.00086,0.132604,0.205785,0.471981,0.18876
GCAAGTGCACAGAGAA-1,0.00003,0.003473,0.426687,0.524839,0.018761,0.026211
GCAAGTGTAAAGCATG-1,0.000054,0.609999,0.335776,0.013066,0.040944,0.000161
GCAATTAGTCGCACCG-1,0.000237,0.000237,0.997632,0.000947,0.000237,0.00071
GCACAAACCCTAGATG-1,0.000023,0.999744,0.000046,0.000093,0.000023,0.00007
GCACAAACGAGGCGTG-1,0.000018,0.000018,0.401147,0.554204,0.001427,0.043186
GCACAACCTCGGGCGT-1,0.000018,0.277945,0.069367,0.189206,0.372727,0.090737
GCACAAGTGGATCATA-1,0.000071,0.079224,0.754905,0.135307,0.000071,0.030422
GCACAAGTGTCGGAAG-1,0.002388,0.010679,0.443309,0.374428,0.000086,0.16911
GCACACACTGGTAGCC-1,0.000031,0.005529,0.322641,0.160973,0.205871,0.304956
GCACACAGCTATTACC-1,0.000927,0.255064,0.554504,0.003894,0.185469,0.000141
GCACACGCCCATGGTC-1,0.000018,0.007276,0.275879,0.573953,0.01273,0.130145
GCACAGCACGGGCCGA-1,0.000646,0.992894,0.001292,0.002584,0.000646,0.001938
GCACCTAGGCGAGTCC-1,0.000025,0.046918,0.259786,0.260593,0.022732,0.409946
GCACCTTCCCGAAGGT-1,0.002028,0.000028,0.437319,0.40642,0.000028,0.154176
GCACGCCGATTCCCGC-1,0.000028,0.062694,0.426604,0.292856,0.143126,0.074692
GCACGCCTACTTAGAT-1,0.00004,0.09788,0.583256,0.122016,0.165888,0.030921
GCACGTGGTTTACTTA-1,0.000024,0.030796,0.139796,0.232854,0.01846,0.57807
GCACTAGTCGCGCTAT-1,0.000166,0.438957,0.559552,0.000663,0.000166,0.000497
GCACTCCCACAGTCCC-1,0.000048,0.000048,0.542599,0.411358,0.016768,0.029179
GCACTGCCTACCTTTA-1,0.000028,0.146449,0.109071,0.152346,0.562702,0.029404
GCACTGTGCAAATGTA-1,0.000128,0.045897,0.927242,0.026222,0.000128,0.000383
GCAGAAGGTAATCTCC-1,0.00002,0.00002,0.413491,0.505912,0.029841,0.050715
GCAGACCCAGCACGTA-1,0.000029,0.000029,0.277744,0.633439,0.004201,0.084558
GCAGATCCATAAGACT-1,0.000026,0.019682,0.537064,0.196524,0.031822,0.214881
GCAGATCCTCGCAAAT-1,0.000477,0.075377,0.586473,0.311707,0.000956,0.02501
GCAGATTAGGGATATC-1,0.000037,0.025015,0.439792,0.218716,0.006445,0.309996
GCAGCACACAGCCCAG-1,0.000022,0.007014,0.24394,0.206808,0.032804,0.509412
GCAGCCTATATCACAT-1,0.000023,0.000023,0.30437,0.669282,0.017628,0.008675
GCAGCGGTGGGCATTA-1,0.000093,0.339916,0.421399,0.238218,0.000093,0.00028
GCAGCTATGGACAGGT-1,0.000201,0.271987,0.675799,0.05121,0.000201,0.000602
GCAGCTGTCAACGCAT-1,0.000014,0.014298,0.22848,0.220819,0.157004,0.379386
GCAGGAACTTAGATCT-1,0.004312,0.0687,0.184957,0.290449,0.230949,0.220633
GCAGGACTATAGAATA-1,0.000015,0.00105,0.131932,0.508032,0.012833,0.346138
GCAGGTAGAGTATGGT-1,0.000328,0.000328,0.996719,0.001312,0.000328,0.000984
GCAGTGCGGGCGGATG-1,0.000044,0.018903,0.172755,0.72099,0.000044,0.087264
GCAGTGTGGCTATAGG-1,0.000024,0.005381,0.155363,0.262519,0.254223,0.32249
GCAGTTCGATCCGAGC-1,0.000023,0.000023,0.319242,0.527226,0.007498,0.145987
GCATACGAGGTCTTTA-1,0.000031,0.010167,0.426204,0.305632,0.013694,0.244271
GCATAGAGCACTCAGG-1,0.000034,0.023846,0.430945,0.350006,0.000034,0.195136
GCATCCCTAACTTTGA-1,0.00004,0.873896,0.000079,0.002439,0.00004,0.123506
GCATCCTCTCCTATTA-1,0.000016,0.000016,0.053512,0.713152,0.047556,0.185747
GCATCGGCCGTGTAGG-1,0.000195,0.000195,0.243108,0.735362,0.000195,0.020946
GCATGACACAAAGGAA-1,0.000027,0.000027,0.173892,0.71053,0.000027,0.115497
GCATGAGGGACGCGGC-1,0.000019,0.011119,0.099376,0.723749,0.009632,0.156105
GCATGCTAATAACGAT-1,0.000032,0.0703,0.516246,0.099694,0.094395,0.219332
GCATGGGTACTGACGC-1,0.000019,0.119973,0.018131,0.241495,0.057869,0.562512
GCATTCAAGGCAACGC-1,0.000047,0.000047,0.484051,0.446665,0.069047,0.000142
GCATTCGAAATGAACA-1,0.000028,0.018138,0.59798,0.228334,0.028319,0.127201
GCATTGACTTGCGGAA-1,0.000019,0.092668,0.175767,0.167989,0.129753,0.433804
GCATTGTAATTCATAT-1,0.000033,0.00048,0.365541,0.233354,0.128899,0.271692
GCATTTCCAAGGCTCC-1,0.000061,0.000061,0.460272,0.528185,0.000061,0.011361
GCCAACCATTTCCGGA-1,0.000111,0.02871,0.788428,0.182306,0.000111,0.000334
GCCAAGAATACTTCTG-1,0.000017,0.115711,0.217098,0.13269,0.076037,0.458447
GCCAATAGGGCATCTC-1,0.000144,0.000144,0.998558,0.000577,0.000144,0.000433
GCCACAATTTAAGGAC-1,0.000031,0.041395,0.544509,0.063169,0.127715,0.223181
GCCACCCATTCCACTT-1,0.000024,0.061202,0.318137,0.570557,0.007296,0.042783
GCCACCTTATTCGCGA-1,0.000113,0.99876,0.000226,0.000451,0.000113,0.000338
GCCACTCAGAGCGCGA-1,0.000021,0.041982,0.38659,0.11843,0.034526,0.418451
GCCACTCCTTACGGTA-1,0.00002,0.00002,0.132755,0.670138,0.01145,0.185617
GCCAGGAAAGAACACT-1,0.00007,0.864711,0.134659,0.00028,0.00007,0.00021
GCCAGGAGTAACCGAT-1,0.000067,0.000067,0.590616,0.408983,0.000067,0.000201
GCCAGGCGTTCGCATG-1,0.000167,0.706918,0.291582,0.000667,0.000167,0.0005
GCCAGGCTTAGTGGTA-1,0.000098,0.270477,0.72864,0.000393,0.000098,0.000294
GCCATATTGCACACAG-1,0.000037,0.000037,0.251651,0.633917,0.074293,0.040065
GCCATCGAGCTGCGTG-1,0.000514,0.019949,0.156317,0.303318,0.344397,0.175506
GCCATCGATGCTGCAT-1,0.000036,0.000036,0.359563,0.616459,0.02241,0.001495
GCCATTAGCCTCAAAC-1,0.000022,0.14006,0.200575,0.20271,0.172101,0.284533
GCCCACCAAGGCTGTC-1,0.000219,0.391529,0.606502,0.000875,0.000219,0.000656
GCCCAGATGCTGGAGA-1,0.000033,0.000033,0.983022,0.012556,0.004257,0.0001
GCCCAGTTGGTATGCC-1,0.001502,0.000027,0.152985,0.710053,0.008636,0.126798
GCCCATGGGTGCAATG-1,0.000067,0.003988,0.536157,0.459409,0.000067,0.000312
GCCCGACTTCTTCCCG-1,0.000017,0.034794,0.005896,0.043349,0.075202,0.840743
GCCCGAGAGTCTAAAT-1,0.000044,0.453933,0.519831,0.000177,0.025883,0.000132
GCCCGATCTGTGGTCG-1,0.000035,0.022427,0.357813,0.268149,0.250616,0.10096
GCCCGATGCCCAGTTC-1,0.000229,0.896491,0.000458,0.000916,0.000229,0.101677
GCCCGCGCGTAAACGG-1,0.000017,0.124979,0.173412,0.201711,0.159538,0.340344
GCCCGCGCGTTTGACA-1,0.000055,0.015551,0.706865,0.275011,0.002353,0.000164
GCCCGTAATACCTTCT-1,0.000027,0.000027,0.026313,0.757806,0.007528,0.2083
GCCCGTCAAGCCCAAT-1,0.000018,0.000018,0.27301,0.637277,0.000019,0.089657
GCCCGTTCACACAATT-1,0.024602,0.84136,0.13155,0.001244,0.000311,0.000933
GCCCTAAGTGCAGGAT-1,0.000048,0.188453,0.233488,0.314205,0.067016,0.196789
GCCCTAGCCGTCGCGA-1,0.029715,0.003566,0.245444,0.172103,0.24686,0.302313
GCCCTGAGGATGGGCT-1,0.000017,0.160382,0.14583,0.291437,0.254261,0.148074
GCCGAAATTCCTACGT-1,0.00002,0.010789,0.223372,0.485963,0.017641,0.262216
GCCGACCCACGACTGC-1,0.000051,0.574681,0.236279,0.146114,0.002559,0.040317
GCCGATTGGCCAAGCT-1,0.000015,0.023612,0.042012,0.105545,0.026459,0.802358
GCCGCACTCCGTTTCA-1,0.000018,0.000244,0.333677,0.637363,0.014061,0.014637
GCCGCATTAGTCCGGC-1,0.000019,0.00507,0.022089,0.519679,0.009555,0.443587
GCCGCTAGATACGCAG-1,0.000044,0.000044,0.508418,0.469999,0.010131,0.011364
GCCGCTTGTGAGAAAC-1,0.000022,0.024132,0.440397,0.26407,0.004204,0.267176
GCCGGAAACACATCTT-1,0.003394,0.007411,0.311053,0.654532,0.005928,0.017681
GCCGGGTTAGGGTCGC-1,0.000015,0.013589,0.037525,0.082806,0.03113,0.834935
GCCGGTCGTATCTCTC-1,0.000045,0.500437,0.243136,0.055754,0.131366,0.069262
GCCGGTTTGGGCGGAT-1,0.001385,0.015228,0.473935,0.506462,0.000045,0.002946
GCCGTCGGTTTCGGGC-1,0.000094,0.947077,0.052075,0.000377,0.000094,0.000282
GCCGTGGAAGAAATGT-1,0.000954,0.000018,0.444725,0.537558,0.001105,0.015641
GCCTACGTTCTGTGCA-1,0.000022,0.044466,0.288454,0.216082,0.245953,0.205024
GCCTAGCGATCTGACC-1,0.001471,0.000027,0.159927,0.721212,0.048218,0.069146
GCCTATAGTGTCAGGG-1,0.000072,0.000072,0.995643,0.003928,0.000072,0.000215
GCCTATCAGGTAAGAT-1,0.000062,0.000062,0.126698,0.779355,0.000062,0.09376
GCCTATTCCGATATAG-1,0.000038,0.000038,0.459952,0.358754,0.024467,0.156751
GCCTATTTGCTACACA-1,0.000074,0.000074,0.481099,0.486703,0.000074,0.031976
GCCTCAGGTACCGGTC-1,0.00007,0.999232,0.00014,0.000279,0.00007,0.00021
GCCTCATCTGGAAATA-1,0.000025,0.010264,0.523134,0.219993,0.075536,0.171049
GCCTCCGACAATTCAC-1,0.000014,0.002592,0.187969,0.119204,0.132944,0.557277
GCCTCTATACATAGCA-1,0.000049,0.01382,0.486142,0.05461,0.062612,0.382767
GCCTGCTACACTGAGA-1,0.006303,0.441226,0.550226,0.001122,0.000281,0.000842
GCCTGTCCCGGTGCAT-1,0.000024,0.127156,0.072809,0.280527,0.449197,0.070287
GCCTTCAGCCCTACCG-1,0.000073,0.605973,0.306356,0.087307,0.000073,0.000219
GCCTTGTATATGCAGT-1,0.000102,0.128792,0.685412,0.185288,0.000102,0.000305
GCCTTTGTCAGTGGAC-1,0.000029,0.719389,0.000057,0.114099,0.067821,0.098605
GCGAAACGATCGGGAG-1,0.000023,0.022784,0.392567,0.440159,0.001788,0.142679
GCGAAACTTAACTGGA-1,0.000014,0.009698,0.183303,0.197421,0.031955,0.577609
GCGAAGAATCTGACGG-1,0.000013,0.067207,0.064351,0.342807,0.249768,0.275854
GCGAAGCCATACCCGT-1,0.000018,0.000018,0.034089,0.545808,0.007347,0.412719
GCGAATGGACTAGCGA-1,0.00003,0.143431,0.314538,0.210248,0.282681,0.049072
GCGACATGTAAACATC-1,0.000033,0.000033,0.564348,0.386128,0.011987,0.037471
GCGACCCAACCATCTG-1,0.000032,0.155306,0.512875,0.037215,0.261724,0.032848
GCGACGATAGTTGTAC-1,0.000023,0.001999,0.094959,0.229034,0.088105,0.58588
GCGACGGTAGTCTCCT-1,0.000025,0.011964,0.095842,0.273855,0.482521,0.135793
GCGAGAAACGGGAGTT-1,0.000065,0.639855,0.191962,0.16786,0.000065,0.000194
GCGAGAGTTGCGTCCA-1,0.000062,0.000062,0.636064,0.2367,0.003022,0.12409
GCGAGCGCATGCTCCC-1,0.000034,0.000034,0.808501,0.191122,0.000034,0.000276
GCGAGGCCCGAGCAGA-1,0.00002,0.02779,0.40372,0.280485,0.009616,0.27837
GCGAGGGACTGCTAGA-1,0.000014,0.005702,0.154636,0.674523,0.04257,0.122555
GCGAGTTCTGCAAAGA-1,0.000032,0.000032,0.612667,0.20578,0.01121,0.170279
GCGATGTCTGTGCTTG-1,0.000043,0.023879,0.777718,0.198186,0.000043,0.00013
GCGATTCTGGAAGCAG-1,0.000202,0.07141,0.674204,0.253375,0.000202,0.000607
GCGATTGTTAACGTTA-1,0.00006,0.011904,0.983122,0.004672,0.00006,0.000181
GCGCAAATATATTCAA-1,0.000028,0.385549,0.379608,0.069281,0.125417,0.040118
GCGCAAGAGCGCGCTG-1,0.000039,0.000039,0.261848,0.599095,0.009889,0.129091
GCGCATCCAGTCAGCA-1,0.000045,0.000045,0.334992,0.59164,0.002291,0.070987
GCGCCGTTCCACGATA-1,0.000033,0.000033,0.230108,0.085775,0.032965,0.651087
GCGCCTCCCACTCCGA-1,0.000022,0.016347,0.257927,0.559423,0.003419,0.162862
GCGCGATGGGTCAAGT-1,0.000024,0.001851,0.094989,0.840956,0.007758,0.054422
GCGCGGTCTAGTAACT-1,0.000025,0.223531,0.133103,0.343669,0.147568,0.152105
GCGCGTCATTGGTACA-1,0.000029,0.011189,0.279923,0.211961,0.265088,0.23181
GCGCGTTTAAATCGTA-1,0.000019,0.007091,0.360529,0.585096,0.025573,0.021692
GCGCTAAGTATGCATG-1,0.000047,0.004001,0.454301,0.531689,0.004056,0.005907
GCGCTAATTGAATAGA-1,0.000023,0.000023,0.477763,0.374983,0.000023,0.147186
GCGCTATGCCGAGGCA-1,0.000025,0.075254,0.211347,0.11198,0.036417,0.564976
GCGCTCGATCACCTGT-1,0.000041,0.000041,0.733116,0.266641,0.000041,0.000122
GCGCTGATCCAGACTC-1,0.000211,0.238877,0.759224,0.000844,0.000211,0.000633
GCGCTGCTTTGCATTT-1,0.000082,0.000082,0.636232,0.311007,0.05235,0.000247
GCGCTGGCGGAAAGTC-1,0.000021,0.032404,0.321544,0.562891,0.068449,0.014691
GCGCTTAAATAATTGG-1,0.000031,0.081104,0.389526,0.129386,0.042293,0.357659
GCGGACCGCGTTGTGG-1,0.000026,0.105199,0.019476,0.279332,0.032479,0.563489
GCGGAGAAACTTCGCA-1,0.000014,0.076856,0.047209,0.291107,0.295935,0.28888
GCGGAGAGGGAGAACG-1,0.000033,0.009917,0.646927,0.12905,0.019954,0.194119
GCGGATTACTTGTTCT-1,0.000027,0.113976,0.17694,0.440604,0.000647,0.267807
GCGGCAAAGTATTGCC-1,0.000013,0.037623,0.068748,0.240206,0.333277,0.320132
GCGGCTCTGACGTACC-1,0.000045,0.060648,0.484143,0.221164,0.023783,0.210216
GCGGCTTTAGCAAGTT-1,0.000862,0.05552,0.137704,0.298437,0.383968,0.123509
GCGGGAACCAGGCCCT-1,0.000083,0.000083,0.663897,0.335605,0.000083,0.000249
GCGGGCAGACGGGTGA-1,0.000054,0.150585,0.629734,0.029895,0.18957,0.000161
GCGGGCATTACGATGC-1,0.000116,0.064088,0.934869,0.000464,0.000116,0.000348
GCGGGCGAGCCTTACC-1,0.000033,0.072424,0.498352,0.101415,0.164067,0.163709
GCGGTAACCCAAATGA-1,0.000023,0.014444,0.38967,0.54684,0.040814,0.008208
GCGGTCCCGGTGAAGG-1,0.000228,0.25209,0.745855,0.000913,0.000228,0.000685
GCGGTCCCTAGACGCA-1,0.00017,0.474096,0.52437,0.000682,0.00017,0.000511
GCGGTCTTGCTTTCAC-1,0.000026,0.021199,0.250036,0.252412,0.145665,0.330662
GCGGTGAACTGCGCTC-1,0.000178,0.000178,0.998215,0.000714,0.000178,0.000535
GCGGTGCGGAGCATCG-1,0.000013,0.00482,0.183489,0.729249,0.053541,0.028887
GCGGTTCCCTATCATG-1,0.000027,0.055367,0.133787,0.178031,0.275135,0.357653
GCGTAAATGGCCATAA-1,0.000084,0.019113,0.675836,0.304634,0.000084,0.000251
GCGTCCAGCTCGTGGC-1,0.000056,0.000056,0.478886,0.458495,0.010036,0.052472
GCGTCCCTAAGACATA-1,0.000054,0.359975,0.601488,0.024534,0.013786,0.000163
GCGTCGAAATGTCGGT-1,0.000077,0.097014,0.664133,0.223217,0.000077,0.015481
GCGTCGCCAGGGTGAT-1,0.000045,0.08344,0.370523,0.115508,0.160664,0.269819
GCGTCGTAACATGGTC-1,0.000051,0.13711,0.509794,0.169457,0.167912,0.015675
GCGTCTAACCTCCTAA-1,0.004948,0.395602,0.597824,0.000813,0.000203,0.00061
GCGTCTCTGCATTGGG-1,0.00002,0.000022,0.088363,0.116677,0.067991,0.726927
GCGTGGTACTGGGTTA-1,0.00007,0.00007,0.997728,0.00185,0.00007,0.000211
GCGTGTATGTCGTATT-1,0.000046,0.021172,0.246752,0.685827,0.000046,0.046158
GCGTTATATTTGGAAC-1,0.000013,0.000013,0.008849,0.618932,0.04699,0.325202
GCGTTCGGAGACCGGG-1,0.000409,0.061293,0.935031,0.001634,0.000409,0.001226
GCGTTCTGACTAAGCG-1,0.000114,0.000114,0.100237,0.804087,0.000114,0.095336
GCTAAACCTGAGGTGA-1,0.00002,0.00783,0.109448,0.720382,0.022167,0.140153
GCTAACTGAAGTCTGA-1,0.000016,0.002595,0.047753,0.245208,0.163757,0.540671
GCTAAGCCCAGTATGC-1,0.000327,0.001501,0.006707,0.350198,0.004392,0.636875
GCTAAGTAAAGGCGAT-1,0.000026,0.000026,0.432499,0.447139,0.005464,0.114845
GCTAAGTAGTTTCTCT-1,0.000016,0.004372,0.001984,0.560042,0.020263,0.413323
GCTAATACCGAATGCC-1,0.000049,0.000049,0.330949,0.588335,0.056883,0.023734
GCTACAATCGAGGATA-1,0.000017,0.018162,0.196037,0.319209,0.034504,0.432071
GCTACACTGTCCGAAC-1,0.000024,0.000024,0.350428,0.597783,0.039939,0.011802
GCTACAGTACGGACCG-1,0.000022,0.013219,0.226653,0.10024,0.134223,0.525641
GCTACGACTTATTGGG-1,0.00003,0.025766,0.315021,0.07898,0.107464,0.472739
GCTACTATAGTAGAGT-1,0.000037,0.001541,0.496048,0.265636,0.028046,0.208691
GCTACTCGGACGCAGA-1,0.000082,0.999094,0.000165,0.000329,0.000082,0.000247
GCTAGACCGTCTACTG-1,0.000032,0.000032,0.132767,0.667095,0.000032,0.200042
GCTAGAGTAGAGATGT-1,0.000026,0.00928,0.350857,0.131721,0.139432,0.368684
GCTAGCAACGCACCTA-1,0.000013,0.01452,0.028199,0.138712,0.067936,0.75062
GCTAGCACCTGGGCCA-1,0.000025,0.000025,0.822889,0.164993,0.011994,0.000074
GCTAGCAGGGAGTGGG-1,0.000211,0.587092,0.41101,0.000844,0.000211,0.000633
GCTAGCGATAGGTCTT-1,0.004118,0.561907,0.000355,0.0139,0.193184,0.226537
GCTAGCTTGAATAGCT-1,0.000028,0.095493,0.242933,0.188756,0.060837,0.411953
GCTAGGCACCACGGAG-1,0.000021,0.014584,0.08831,0.22301,0.024167,0.649908
GCTAGTAGAGCTTGTA-1,0.000037,0.0383,0.264044,0.446407,0.005086,0.246125
GCTAGTTTCATTGAGG-1,0.000133,0.013379,0.968406,0.017549,0.000133,0.000399
GCTATAAGGGCCAGGA-1,0.000019,0.016688,0.186972,0.276654,0.031101,0.488565
GCTATACGTCTCGGAC-1,0.000022,0.007317,0.181186,0.212715,0.03151,0.567251
GCTATCATACTCATGG-1,0.00007,0.00007,0.608787,0.029443,0.124453,0.237178
GCTATCGCGGCGCAAC-1,0.000033,0.000033,0.442448,0.519352,0.031304,0.00683
GCTATGCCAGCTTATG-1,0.000019,0.013934,0.16409,0.114002,0.080805,0.62715
GCTCAACCTCTTAGAG-1,0.00007,0.012681,0.968172,0.018798,0.00007,0.00021
GCTCAATCCGTTTATT-1,0.000033,0.05552,0.160589,0.244173,0.269254,0.270431
GCTCAATGTAATACCG-1,0.000023,0.214689,0.241761,0.216957,0.24179,0.084779
GCTCATTACTGCATGT-1,0.000455,0.502881,0.49302,0.001822,0.000455,0.001366
GCTCATTGATCATATC-1,0.000069,0.561627,0.323655,0.041143,0.014584,0.058922
GCTCCATGAGTGCAGA-1,0.000041,0.037811,0.183305,0.651296,0.001764,0.125783
GCTCCATGCAAAGCAA-1,0.001422,0.759263,0.089202,0.054622,0.08745,0.008041
GCTCCCAGTCGGTCCA-1,0.00064,0.000018,0.279511,0.617711,0.034639,0.067481
GCTCCGCTCGCTTCAG-1,0.000038,0.000038,0.384195,0.441489,0.135965,0.038275
GCTCCGGACGTTGATA-1,0.000145,0.000145,0.948381,0.050747,0.000145,0.000436
GCTCCTGACATACTGG-1,0.000045,0.049162,0.405129,0.243119,0.220729,0.081816
GCTCGACCGAACTGAA-1,0.00018,0.41252,0.585857,0.000722,0.00018,0.000541
GCTCGCGGTTCCGCTC-1,0.003321,0.000018,0.195391,0.613099,0.018605,0.169566
GCTCGCTCATGTCCAA-1,0.000059,0.000059,0.760302,0.208576,0.000059,0.030945
GCTCGGAATTTAAAGC-1,0.000046,0.000046,0.120544,0.870406,0.000046,0.008912
GCTCTAAACCCTGACG-1,0.000065,0.000065,0.514237,0.429764,0.000065,0.055803
GCTCTATGTTACGTGC-1,0.000052,0.000052,0.486821,0.502788,0.001033,0.009253
GCTCTCGGGTACCGAA-1,0.000021,0.000021,0.027171,0.654819,0.006625,0.311343
GCTCTTTCCGCTAGTG-1,0.000024,0.321905,0.177092,0.139413,0.225897,0.13567
GCTGAACTCTCCAGGG-1,0.00002,0.00002,0.577603,0.391867,0.019756,0.010734
GCTGAAGGGTTCTTGG-1,0.00017,0.593488,0.046026,0.000679,0.270017,0.089621
GCTGAATCTTCCAATC-1,0.000018,0.152275,0.007971,0.15609,0.522936,0.160711
GCTGAGCAACGGTTCT-1,0.000029,0.000029,0.386961,0.530048,0.066053,0.016879
GCTGAGGCGTGAGTAT-1,0.000042,0.020082,0.405278,0.119882,0.148195,0.306521
GCTGCACGGTTTCTTA-1,0.000032,0.030904,0.298945,0.269177,0.099355,0.301586
GCTGCGAAGAATTATT-1,0.000031,0.815962,0.023172,0.007347,0.111197,0.042292
GCTGCGCCTCCCACGT-1,0.000021,0.028866,0.216432,0.616388,0.090346,0.047947
GCTGCTAAGTAGTCGA-1,0.001107,0.042402,0.189333,0.330374,0.191283,0.2455
GCTGCTACTGCGTAGC-1,0.000036,0.014434,0.364236,0.220551,0.020891,0.379852
GCTGCTCTCCGGACAC-1,0.00004,0.004576,0.33351,0.388061,0.002484,0.271329
GCTGGCAGGTGCCGTG-1,0.000016,0.000016,0.194097,0.653489,0.035731,0.116651
GCTGGCATATTCACCT-1,0.000022,0.000022,0.066832,0.65592,0.022613,0.254591
GCTGGCGGCGCATGCT-1,0.000036,0.060091,0.619374,0.080541,0.198198,0.04176
GCTGGGAGCGCGTCAA-1,0.000041,0.717755,0.000082,0.035897,0.017354,0.228871
GCTGGGTCCGCTGTTA-1,0.000029,0.017841,0.263146,0.62252,0.080627,0.015836
GCTGGTGACTCGTAGT-1,0.000411,0.195865,0.80044,0.001642,0.000411,0.001232
GCTGGTTTAGGCCATA-1,0.002408,0.132637,0.006613,0.18802,0.396362,0.27396
GCTGTATTACTGGCCC-1,0.00002,0.00002,0.039935,0.16997,0.01362,0.776435
GCTGTCTGTGATCGAC-1,0.007041,0.000047,0.310873,0.662911,0.002227,0.0169
GCTTAATGTAACTAAC-1,0.000025,0.033908,0.319244,0.426412,0.006898,0.213511
GCTTACGTAGTTAGTA-1,0.000022,0.021345,0.317668,0.603778,0.019602,0.037587
GCTTATGAAGCAGGAA-1,0.000049,0.000049,0.661605,0.233693,0.000049,0.104554
GCTTCAGTGGGATTAC-1,0.000425,0.596262,0.399912,0.001701,0.000425,0.001276
GCTTCCAGCTTAGATT-1,0.000115,0.023917,0.975047,0.00046,0.000115,0.000345
GCTTCCATGTAACCGC-1,0.000036,0.03202,0.509326,0.057992,0.08959,0.311035
GCTTCCCGTAAGCTCC-1,0.000018,0.059779,0.001808,0.113783,0.072607,0.752005
GCTTCCGTCCCTAGAC-1,0.000058,0.000058,0.109994,0.646603,0.000058,0.243229
GCTTCGACGTTCAATC-1,0.000114,0.99874,0.00023,0.000458,0.000114,0.000343
GCTTGAGTGACCTCTG-1,0.000027,0.022707,0.281868,0.445382,0.000027,0.249988
GCTTGATGATAATCAG-1,0.000028,0.000028,0.079188,0.85652,0.007484,0.056752
GCTTGCAGCACAATTG-1,0.000048,0.717163,0.186796,0.095803,0.000048,0.000143
GCTTGGATCGATTAGG-1,0.00005,0.00005,0.641041,0.346988,0.00005,0.011823
GCTTTACACAACTGGG-1,0.000034,0.013204,0.663616,0.137135,0.006237,0.179773
GCTTTATTAAGTTACC-1,0.000029,0.092621,0.186582,0.333316,0.171745,0.215708
GCTTTCAGAGGAGGTG-1,0.000075,0.000075,0.872426,0.1263,0.000075,0.001049
GCTTTCTATCTCAACT-1,0.00043,0.212508,0.783626,0.001718,0.00043,0.001289
GGAAACAGAGCTTGGG-1,0.000106,0.998835,0.000212,0.000424,0.000106,0.000318
GGAAACCTTGTTGAAT-1,0.00017,0.133958,0.864511,0.00068,0.00017,0.00051
GGAAACTAAATGGGCC-1,0.000011,0.015715,0.240098,0.198855,0.07543,0.469892
GGAAAGGGAATTGAGC-1,0.000022,0.087653,0.478819,0.23917,0.139733,0.054603
GGAAAGTCTTGATTGT-1,0.005844,0.897676,0.094638,0.000921,0.00023,0.000691
GGAAAGTGCCCATGCC-1,0.000095,0.000095,0.781815,0.217616,0.000095,0.000284
GGAACCCGAACAAGAA-1,0.000499,0.000014,0.215138,0.722246,0.010567,0.051536
GGAACCGTGTAAATTG-1,0.001307,0.024325,0.022985,0.202106,0.168538,0.580739
GGAACCTTGACTCTGC-1,0.029525,0.028332,0.194004,0.287527,0.159402,0.30121
GGAACGGCCTGCAGCC-1,0.000014,0.000014,0.177033,0.742981,0.022858,0.057099
GGAACTCGTGAATACG-1,0.000772,0.701571,0.258831,0.03574,0.000772,0.002315
GGAACTTTGGCGATTA-1,0.000029,0.000029,0.440874,0.331247,0.000029,0.227791
GGAAGCTCGCTTACAG-1,0.000337,0.000337,0.996626,0.00135,0.000337,0.001012
GGAAGGACACCGTATA-1,0.000028,0.052047,0.402362,0.122711,0.260656,0.162196
GGAATAACCTCAAGAA-1,0.000814,0.000027,0.215365,0.670789,0.027851,0.085155
GGAATGCGCTAGCGTG-1,0.000032,0.000553,0.770711,0.172928,0.000032,0.055744
GGACAACCATGAAGCC-1,0.000025,0.054202,0.372801,0.080297,0.080185,0.41249
GGACAAGCCATGATCG-1,0.000094,0.710543,0.075901,0.093385,0.119795,0.000282
GGACAAGTTGCAGTGA-1,0.000022,0.001911,0.212706,0.491518,0.079301,0.214543
GGACACAAGTTTACAC-1,0.000016,0.000016,0.250469,0.553089,0.023091,0.173319
GGACACCTCGGTGTTG-1,0.000169,0.639105,0.162407,0.000676,0.009401,0.188242
GGACCAACAGGATAAC-1,0.000029,0.021663,0.595163,0.117848,0.220093,0.045204
GGACCTCTAGGCCGCC-1,0.000024,0.137172,0.145867,0.252754,0.226643,0.23754
GGACGGCTTGCGCAAC-1,0.000228,0.067717,0.930234,0.000911,0.000228,0.000683
GGACGTCCATAGTTGG-1,0.00027,0.18538,0.737863,0.075409,0.00027,0.000809
GGACTAAGTCAGGAGT-1,0.000017,0.000017,0.13288,0.675798,0.017285,0.174004
GGACTCACAAATTAGG-1,0.004635,0.007503,0.285162,0.632669,0.019353,0.050678
GGACTCGAAGCTTTCA-1,0.000049,0.000049,0.000097,0.695296,0.000049,0.304461
GGACTCGACAGCGCAT-1,0.000025,0.254297,0.008887,0.259872,0.281294,0.195627
GGACTCGTGAGTGGTC-1,0.000044,0.535351,0.000088,0.035462,0.328968,0.100087
GGACTCTTCCGGTTGA-1,0.000018,0.013938,0.085379,0.730496,0.004371,0.165797
GGACTCTTTGACTAAG-1,0.000029,0.014764,0.567012,0.135657,0.230743,0.051795
GGAGAAGTCATTGGCA-1,0.000036,0.099478,0.449066,0.442882,0.000036,0.008502
GGAGACATTCACGGGC-1,0.000016,0.018724,0.297495,0.637665,0.020204,0.025895
GGAGACCAATGTGCTT-1,0.000288,0.224379,0.773026,0.001153,0.000288,0.000865
GGAGACCATCTACATA-1,0.000023,0.116802,0.254788,0.185714,0.206673,0.236001
GGAGACGACACCTTTG-1,0.000022,0.008095,0.358037,0.137505,0.016854,0.479488
GGAGCAACATTTCAAG-1,0.000025,0.071798,0.510263,0.138228,0.024367,0.255319
GGAGCACCAAGAACTA-1,0.000077,0.011535,0.463799,0.356201,0.018868,0.149521
GGAGCGAGGCCTACTT-1,0.000022,0.03665,0.227384,0.288814,0.342828,0.104301
GGAGGAGTGTGTTTAT-1,0.000682,0.012504,0.147174,0.690715,0.0167,0.132225
GGAGGATTGAAAGGAG-1,0.000144,0.000144,0.633201,0.268367,0.055842,0.042302
GGAGGCCGAAGTCGTC-1,0.000019,0.006676,0.680208,0.31302,0.000019,0.000058
GGAGGCGAAGAACCGC-1,0.00006,0.00006,0.40174,0.587081,0.000455,0.010604
GGAGGGCTTGGTTGGC-1,0.000047,0.000047,0.471481,0.363246,0.003579,0.1616
GGAGGGTCAAGTAAGA-1,0.000016,0.000016,0.436907,0.367008,0.007393,0.188659
GGAGTACACATGAGCT-1,0.000073,0.576055,0.423293,0.00029,0.000073,0.000218
GGAGTGCCGCCCTGGA-1,0.000089,0.028001,0.541065,0.43049,0.000089,0.000266
GGAGTTGATTCTGTGT-1,0.000024,0.030438,0.087191,0.530939,0.029609,0.3218
GGATACTCATGAATTG-1,0.000068,0.852956,0.000138,0.132371,0.000068,0.014398
GGATCAAAGGACGAGG-1,0.000038,0.098028,0.326086,0.573519,0.000038,0.002292
GGATCAGAGCCATCAG-1,0.000018,0.020427,0.197771,0.145661,0.061492,0.574632
GGATCCCTACCAGCTA-1,0.000088,0.224852,0.774358,0.000351,0.000088,0.000263
GGATCCGGAATATACT-1,0.00002,0.00462,0.327865,0.40982,0.002204,0.255471
GGATCTACCGTTCGTC-1,0.006626,0.715306,0.276004,0.001032,0.000258,0.000774
GGATCTTACTGCCCTT-1,0.000061,0.820263,0.011025,0.148128,0.000061,0.020461
GGATCTTGACTCAACC-1,0.000602,0.078788,0.1801,0.249522,0.143934,0.347054
GGATGAAGATCGCTGA-1,0.000045,0.000482,0.509179,0.338473,0.000045,0.151776
GGATGACGCGAGTTTA-1,0.000036,0.074589,0.392295,0.191559,0.005785,0.335735
GGATGCTGGCGTTCCT-1,0.000029,0.033934,0.162478,0.419838,0.047776,0.335946
GGATGGCTTGAAGTAT-1,0.000052,0.013022,0.768308,0.059197,0.039911,0.119511
GGATGTCCTTACCGCA-1,0.000047,0.000047,0.444983,0.392395,0.000047,0.162482
GGATTAAGCTAAGGTC-1,0.000138,0.055498,0.943261,0.000552,0.000138,0.000414
GGATTAATCATGGACC-1,0.000017,0.048217,0.293724,0.230415,0.271698,0.15593
GGATTCAGTACGGTGG-1,0.00009,0.00009,0.709794,0.249917,0.039838,0.000271
GGATTCCGCTATACCC-1,0.000084,0.000084,0.535947,0.345808,0.099603,0.018474
GGATTGAAGTAGCCTC-1,0.000011,0.000011,0.005515,0.088952,0.011738,0.893773
GGATTGCTGTGACTCC-1,0.00002,0.000474,0.072816,0.228832,0.297205,0.400653
GGATTTCACTTCTATA-1,0.000058,0.000058,0.379774,0.525171,0.015332,0.079606
GGCAAAGGCGCCAATA-1,0.000014,0.04521,0.098684,0.243968,0.398935,0.213188
GGCAAATTACTTTACT-1,0.000011,0.007916,0.049809,0.111233,0.069504,0.761528
GGCAAGCCCATAGTGG-1,0.000034,0.400735,0.143336,0.187399,0.230823,0.037673
GGCAAGGCGAAATAGC-1,0.00003,0.100921,0.471706,0.096521,0.021603,0.309219
GGCAATAGTCAATGAG-1,0.000036,0.000036,0.284816,0.500077,0.023876,0.191158
GGCACGCTGCTACAGT-1,0.000015,0.142028,0.012205,0.4461,0.008617,0.391036
GGCACTCAGCCGACCC-1,0.001567,0.000028,0.157902,0.791574,0.001278,0.04765
GGCACTCCACTGGGCA-1,0.00004,0.012798,0.616903,0.238409,0.010137,0.121713
GGCACTGCGGTGGTTT-1,0.000016,0.019512,0.064747,0.550832,0.029774,0.335119
GGCAGAGAGATCGGGA-1,0.000016,0.083952,0.188493,0.485231,0.058385,0.183923
GGCAGCAAACCTATGC-1,0.000023,0.015082,0.582727,0.179956,0.004169,0.218043
GGCAGCGGTAATCCTA-1,0.000337,0.582852,0.414111,0.00135,0.000337,0.001012
GGCATACAGGTAGCGG-1,0.000017,0.000017,0.020401,0.591856,0.01059,0.377119
GGCATATCGGTTCTGC-1,0.0002,0.109962,0.888239,0.000799,0.0002,0.0006
GGCATCAACGAGCACG-1,0.000512,0.000016,0.09907,0.758186,0.015392,0.126823
GGCATTCCCTCCCTCG-1,0.000024,0.047132,0.059393,0.416002,0.00721,0.470241
GGCATTGAACATCTCA-1,0.002329,0.403235,0.046132,0.114106,0.307295,0.126904
GGCCAATTGTATAGAC-1,0.000026,0.020777,0.264214,0.092921,0.055056,0.567006
GGCCACAAGCGATGGC-1,0.000038,0.000038,0.338937,0.625342,0.002403,0.033242
GGCCACACGAAAGCCT-1,0.000021,0.000021,0.273528,0.661033,0.037861,0.027536
GGCCCAATCTAGAGGG-1,0.000164,0.456766,0.541761,0.000655,0.000164,0.000491
GGCCCAGCTGGTTTGC-1,0.00002,0.376438,0.005965,0.159177,0.259702,0.198699
GGCCCAGTTATCAGCA-1,0.000439,0.030964,0.70195,0.001754,0.000439,0.264455
GGCCCGGAGCATGTCT-1,0.000044,0.000044,0.980838,0.018901,0.000044,0.000131
GGCCCGTATACCATGC-1,0.006362,0.025542,0.966758,0.000669,0.000167,0.000502
GGCCCTCACCCACTTA-1,0.000031,0.035883,0.188771,0.406618,0.056774,0.311924
GGCCGAGACTCTGGTG-1,0.000053,0.383589,0.556662,0.003446,0.046059,0.010191
GGCCGGCGTCTGCTAT-1,0.00002,0.00704,0.142418,0.248863,0.415042,0.186617
GGCCGTTTGGGTTTCA-1,0.000054,0.149138,0.696318,0.02484,0.129489,0.000161
GGCCTGCTCTGATGTT-1,0.000028,0.059339,0.211585,0.166538,0.533776,0.028733
GGCCTGCTTCTCCCGA-1,0.000037,0.009684,0.49708,0.207705,0.010932,0.274564
GGCCTTTGCAACTGGC-1,0.000017,0.000962,0.134741,0.529052,0.045037,0.290191
GGCGAAATCTAACTTG-1,0.000025,0.032946,0.463314,0.360258,0.000025,0.143433
GGCGAGCATCGAGGAC-1,0.000043,0.000043,0.572407,0.415165,0.01001,0.002332
GGCGAGCGAAACGGCA-1,0.003343,0.019477,0.174929,0.2835,0.322818,0.195933
GGCGCACAGTTTACCT-1,0.000017,0.038087,0.038589,0.108135,0.012824,0.802348
GGCGCAGGACATCTTC-1,0.000031,0.017522,0.397485,0.391519,0.012145,0.181297
GGCGCATGAATTGATG-1,0.000023,0.053108,0.243895,0.193277,0.02857,0.481127
GGCGCGGAGATCTTTC-1,0.000034,0.027085,0.54034,0.069703,0.082481,0.280358
GGCGCGTTCGAGTTTA-1,0.000039,0.14811,0.332501,0.350944,0.064435,0.103971
GGCGCTCCTCATCAAT-1,0.00311,0.037957,0.906812,0.051765,0.000089,0.000266
GGCGCTTCATTCCCTG-1,0.000038,0.105785,0.620769,0.029822,0.215285,0.028302
GGCGGAGTAATATTAG-1,0.000036,0.021841,0.417909,0.422725,0.005691,0.131799
GGCGGGCTCTAAGAGT-1,0.000034,0.000034,0.095513,0.864464,0.02782,0.012135
GGCGGTAGGATCATTG-1,0.000046,0.000046,0.721422,0.185094,0.000046,0.093346
GGCGGTTTGCCGGTGC-1,0.00009,0.168802,0.830385,0.000361,0.00009,0.000271
GGCGTACCCTATATAA-1,0.000033,0.007675,0.696231,0.250337,0.016137,0.029586
GGCGTAGGGAAAGCTG-1,0.00002,0.017036,0.522359,0.082256,0.308602,0.069726
GGCGTCCTATCCGCTG-1,0.000038,0.026686,0.31962,0.427442,0.008226,0.217987
GGCTAATGATTGAAAT-1,0.000137,0.546566,0.452204,0.000546,0.000137,0.00041
GGCTACTATACACTCC-1,0.000041,0.414088,0.421674,0.060586,0.07969,0.023921
GGCTATTAAGTTGTAT-1,0.000044,0.000044,0.317311,0.562861,0.000044,0.119696
GGCTCCTCCACCTGTT-1,0.000073,0.099139,0.735977,0.000291,0.164303,0.000218
GGCTCGCGTTGAGGTA-1,0.000034,0.000034,0.351653,0.60771,0.000034,0.040534
GGCTCGTGCCACCAGC-1,0.000052,0.000052,0.662338,0.326249,0.011153,0.000156
GGCTCTGCTCCAACGC-1,0.000032,0.000032,0.017644,0.825246,0.023646,0.133399
GGCTGAAATAGCAAAG-1,0.000025,0.000025,0.382133,0.136772,0.043549,0.437496
GGCTGAGCATCGTAAG-1,0.000218,0.145019,0.853017,0.000873,0.000218,0.000654
GGCTGGCAATCCCACG-1,0.000018,0.014706,0.05291,0.430778,0.132366,0.369221
GGCTGGCAGCTTTATG-1,0.000027,0.0115,0.571802,0.384793,0.016049,0.015829
GGCTGGCTAGCTTAAA-1,0.000126,0.171933,0.826938,0.000502,0.000126,0.000377
GGCTGTCCTACTGCGG-1,0.006874,0.729304,0.097542,0.015288,0.098288,0.052703
GGCTTCTCGTGGGTGG-1,0.000025,0.035138,0.255415,0.318629,0.218617,0.172176
GGCTTGGCTCTCACCT-1,0.000023,0.317343,0.17368,0.431753,0.01089,0.066311
GGCTTTCAATAAGGGT-1,0.00004,0.192956,0.396357,0.244731,0.088715,0.077199
GGGAACCACCTGTTTC-1,0.00002,0.00002,0.076876,0.596195,0.011263,0.315626
GGGAACGGGAGGTTAG-1,0.000021,0.000021,0.161933,0.304997,0.114835,0.418193
GGGAACGGTTTCAGAT-1,0.000126,0.733031,0.189403,0.076934,0.000126,0.000379
GGGAAGACGGTCTGTC-1,0.000019,0.000019,0.103081,0.272915,0.492659,0.131306
GGGAAGGGCTTTCTCA-1,0.000015,0.018831,0.095108,0.145267,0.324275,0.416504
GGGAATGAGCCCTCAC-1,0.00022,0.148763,0.849259,0.00088,0.00022,0.00066
GGGAATTCTGTCCAGT-1,0.000015,0.000015,0.003703,0.788917,0.040722,0.166628
GGGACAGAGTTACTCC-1,0.000025,0.037984,0.132915,0.092865,0.313934,0.422276
GGGACCCGTATATCTT-1,0.00004,0.080851,0.486908,0.184089,0.169527,0.078585
GGGACTGCATAGATAG-1,0.00004,0.00004,0.459291,0.36919,0.00004,0.171398
GGGAGAACTCACAGTA-1,0.000021,0.000021,0.100635,0.597686,0.016909,0.284728
GGGAGCGACCGTAGTG-1,0.00072,0.026175,0.345742,0.216914,0.243661,0.166787
GGGAGGATGCCCGAAA-1,0.000024,0.025272,0.514498,0.329657,0.0287,0.101849
GGGAGTAATGGCTGGC-1,0.000164,0.180772,0.803266,0.015143,0.000164,0.000491
GGGAGTTAATGAGGCG-1,0.000047,0.000047,0.499359,0.36327,0.000047,0.13723
GGGATACGGTAATAAT-1,0.000018,0.014944,0.23918,0.675007,0.051811,0.01904
GGGATATTGATCGCCA-1,0.000153,0.998318,0.000306,0.000612,0.000153,0.000459
GGGATGGACCCGCGTC-1,0.000068,0.686187,0.304241,0.009233,0.000068,0.000203
GGGATGGTCGTAACCG-1,0.000018,0.013963,0.118941,0.166571,0.424337,0.276169
GGGATTATCTCACAAC-1,0.000014,0.000014,0.005033,0.868157,0.045213,0.081569
GGGATTTACCGCACCT-1,0.00006,0.044228,0.94943,0.006043,0.00006,0.000179
GGGCAACCGCACGTGC-1,0.00002,0.01985,0.11952,0.197939,0.273209,0.389462
GGGCACGAATTGGCCG-1,0.000013,0.01254,0.125194,0.597238,0.023725,0.24129
GGGCACGTAGTACTGT-1,0.00004,0.999559,0.00008,0.00016,0.00004,0.00012
GGGCACTATTGACCAT-1,0.000046,0.385481,0.020062,0.181848,0.375235,0.037328
GGGCAGACGTCACTGC-1,0.000017,0.11506,0.081459,0.202827,0.088019,0.512618
GGGCAGAGCAATCGTT-1,0.000021,0.001599,0.105583,0.217152,0.355574,0.320071
GGGCAGGATTTCTGTG-1,0.000063,0.999312,0.000125,0.00025,0.000063,0.000188
GGGCAGTCAACGCCAA-1,0.000016,0.053679,0.231972,0.12573,0.255218,0.333384
GGGCATGCATGTCGAG-1,0.000043,0.718586,0.280766,0.000434,0.000043,0.000128
GGGCCATTCGTGCTGG-1,0.000144,0.530715,0.020027,0.125826,0.268416,0.054872
GGGCCCGTCTTAAACA-1,0.000011,0.029037,0.13502,0.135423,0.029723,0.670786
GGGCCCTACGAAAGGG-1,0.000018,0.027918,0.371152,0.288902,0.114871,0.197138
GGGCCCTTATCTATAC-1,0.000025,0.01056,0.319811,0.391044,0.03861,0.23995
GGGCCGGCCGAAGTAC-1,0.00002,0.00002,0.299678,0.510537,0.001805,0.18794
GGGCCTAAATGGGCTA-1,0.000017,0.011155,0.295451,0.161297,0.083301,0.448779
GGGCCTATACAACCGG-1,0.000192,0.370329,0.627943,0.000768,0.000192,0.000576
GGGCGAATTTCTCCAC-1,0.002643,0.000084,0.91731,0.079628,0.000084,0.000251
GGGCGATATGTGTGAA-1,0.000094,0.000094,0.608264,0.391175,0.000094,0.000281
GGGCGATCCATAGGCC-1,0.000171,0.661684,0.000342,0.000683,0.09928,0.23784
GGGCGCAGCGTTACTC-1,0.000044,0.07828,0.921322,0.000177,0.000044,0.000133
GGGCGGCAAATGAATT-1,0.000015,0.034225,0.105342,0.416874,0.254418,0.189126
GGGCGGGTTCCCTACG-1,0.006111,0.011032,0.394055,0.208202,0.002495,0.378105
GGGCGGTCCTATTGTC-1,0.000066,0.107992,0.874904,0.008802,0.00073,0.007506
GGGCGTACATTTATAT-1,0.000062,0.000062,0.391014,0.531836,0.000062,0.076966
GGGCGTCACCACGTAA-1,0.00003,0.039419,0.420616,0.085656,0.214565,0.239714
GGGCGTCCACTGGCTC-1,0.000292,0.115364,0.882004,0.00117,0.000292,0.000877
GGGCGTGGTTTCCCAG-1,0.000023,0.000023,0.039272,0.354974,0.354736,0.250971
GGGCGTTTACATTCAT-1,0.000256,0.997179,0.000513,0.001026,0.000256,0.000769
GGGCTACTATTTCGTG-1,0.00004,0.084493,0.282427,0.29607,0.119487,0.217482
GGGCTATGATCGATGG-1,0.00055,0.018453,0.080042,0.258082,0.374629,0.268244
GGGCTCATCGAACCCA-1,0.000074,0.06934,0.852443,0.068772,0.000074,0.009296
GGGCTGCCTAGGGCGA-1,0.000025,0.000025,0.237522,0.489654,0.008323,0.264452
GGGCTGGTTAGTCGCG-1,0.000024,0.023169,0.093387,0.606109,0.002195,0.275114
GGGTAATGCTGTGTTT-1,0.000138,0.251429,0.690684,0.000553,0.056782,0.000415
GGGTACACTCTGGAGG-1,0.00005,0.057726,0.580433,0.340886,0.014052,0.006853
GGGTACCCACGGTCCT-1,0.000137,0.391943,0.606823,0.000548,0.000137,0.000411
GGGTACTTCATGAACT-1,0.000025,0.025532,0.117705,0.599797,0.017038,0.239904
GGGTATGTATGCACTT-1,0.000062,0.100732,0.458751,0.414301,0.000062,0.026092
GGGTATTCTAGCAAAC-1,0.000023,0.05837,0.250644,0.284669,0.166825,0.239469
GGGTCACCGTGACGGT-1,0.000029,0.109655,0.244938,0.539665,0.001864,0.103849
GGGTCACGTGCTTATG-1,0.000124,0.000124,0.497107,0.502148,0.000124,0.000373
GGGTCAGGAGCTAGAT-1,0.002298,0.357104,0.508961,0.036365,0.093194,0.002079
GGGTCATGCGTACCAT-1,0.008376,0.000026,0.264779,0.644552,0.024979,0.057287
GGGTCCTTGGAAGAAG-1,0.000108,0.637362,0.000216,0.08547,0.048232,0.228612
GGGTCGTGGCAAGTGT-1,0.000159,0.000159,0.998413,0.000635,0.000159,0.000476
GGGTCTATCGCTTTCC-1,0.000033,0.026591,0.477315,0.324327,0.00214,0.169595
GGGTGACACCTTAACT-1,0.000893,0.057852,0.192031,0.221598,0.100831,0.426795
GGGTGCATATGAAAGC-1,0.000063,0.000063,0.999369,0.000253,0.000063,0.000189
GGGTGGTCCAGCCTGT-1,0.006413,0.000079,0.680329,0.312864,0.000079,0.000236
GGGTGTTTCAGCTATG-1,0.000208,0.047425,0.9507,0.000833,0.000208,0.000625
GGGTTAACATTTGAGT-1,0.000031,0.046116,0.529043,0.103936,0.183532,0.137342
GGGTTCAGACGAACAA-1,0.000018,0.016665,0.333587,0.55738,0.050407,0.041943
GGGTTTAGGATAGGAT-1,0.014842,0.000029,0.462681,0.339932,0.036134,0.146381
GGGTTTCCGGCTTCCA-1,0.00002,0.026833,0.070734,0.702698,0.035429,0.164286
GGTAAACTCTGCGCTG-1,0.000014,0.000014,0.106038,0.509375,0.006753,0.377806
GGTAAATGTGCGTTAC-1,0.000231,0.039241,0.958676,0.000926,0.000231,0.000694
GGTAACCGGCAAAGGT-1,0.000013,0.005326,0.247322,0.689911,0.031257,0.026171
GGTAACCGGGAGGATA-1,0.000027,0.123359,0.232844,0.137568,0.262735,0.243468
GGTACAAACATGCTAT-1,0.000017,0.01245,0.183364,0.296571,0.052517,0.455081
GGTACACCAGATTTAT-1,0.000209,0.084086,0.914034,0.000835,0.000209,0.000627
GGTACATCTGGGACGA-1,0.000023,0.045849,0.247526,0.364543,0.077507,0.264553
GGTACCATTAAGACGG-1,0.000074,0.000074,0.801473,0.195549,0.002607,0.000223
GGTACGTTGCGGCCGG-1,0.000034,0.000034,0.698834,0.170885,0.001556,0.128658
GGTACTAAGTGCTTTG-1,0.000022,0.000022,0.298968,0.569538,0.010676,0.120774
GGTAGAAGACCGCCTG-1,0.000019,0.110541,0.201263,0.176963,0.210281,0.300932
GGTAGACCGTTGGGCG-1,0.000017,0.110736,0.293024,0.197433,0.224963,0.173827
GGTAGGCCAATATCAC-1,0.000045,0.563454,0.349816,0.086507,0.000045,0.000134
GGTAGTGCTCGCACCA-1,0.000029,0.000029,0.253806,0.467228,0.005272,0.273637
GGTATAGTGACACATA-1,0.000046,0.014334,0.562634,0.416637,0.002484,0.003865
GGTATCAAGCATAGAA-1,0.000014,0.000014,0.187394,0.748548,0.043422,0.020609
GGTATGAAAGAACTGA-1,0.000363,0.012501,0.257678,0.457751,0.019203,0.252504
GGTATTGCCGAGTTTA-1,0.000034,0.003382,0.383568,0.450723,0.001704,0.160589
GGTCAAGACTACTTCG-1,0.000014,0.026592,0.100198,0.476127,0.035248,0.361821
GGTCACGTTAGATTCA-1,0.000055,0.033138,0.370185,0.555528,0.033617,0.007477
GGTCAGTGGGTCCCAC-1,0.000023,0.032369,0.207146,0.303401,0.096887,0.360175
GGTCCACGTCTATTTG-1,0.000231,0.997461,0.000462,0.000923,0.000231,0.000693
GGTCCCATAACATAGA-1,0.02822,0.000058,0.307876,0.637049,0.015578,0.011218
GGTCCTTCATACGACT-1,0.000062,0.455778,0.520787,0.023122,0.000062,0.000187
GGTCGGATAAACGGCG-1,0.000114,0.050963,0.703842,0.244624,0.000114,0.000342
GGTCGGCCAGGAGCTT-1,0.000027,0.003078,0.244163,0.622968,0.00074,0.129025
GGTCGGTAATTAGACA-1,0.000212,0.365546,0.632551,0.000846,0.000212,0.000635
GGTCGGTCGTCCACAG-1,0.000035,0.158872,0.622204,0.06496,0.139231,0.014698
GGTCGTAAGCTCGCAC-1,0.003668,0.042279,0.003552,0.046623,0.062794,0.841085
GGTCTCCGTCCAGGTT-1,0.000011,0.000011,0.00233,0.104813,0.012311,0.880524
GGTCTCTGAATGGACT-1,0.000027,0.072887,0.2054,0.29203,0.31066,0.118996
GGTCTGAGAATCTGGA-1,0.000095,0.068275,0.477462,0.433233,0.000095,0.020841
GGTCTTGAGCGCTCTT-1,0.000036,0.152383,0.518648,0.071881,0.247026,0.010025
GGTCTTGGTGTTAACT-1,0.000026,0.030198,0.172667,0.736752,0.039867,0.02049
GGTGAAACCGGGAATG-1,0.000018,0.000018,0.049138,0.896707,0.035965,0.018155
GGTGAACGGGCTAGCC-1,0.00013,0.039659,0.740069,0.188164,0.031586,0.000391
GGTGAAGTACAGGGAT-1,0.000019,0.000019,0.080906,0.30184,0.100263,0.516954
GGTGACTGATAGAGAG-1,0.000049,0.000049,0.057611,0.695077,0.000049,0.247164
GGTGAGATGCAGATAA-1,0.000138,0.044742,0.954012,0.000554,0.000138,0.000415
GGTGATAAGGAGCAGT-1,0.000013,0.000013,0.021401,0.755095,0.000013,0.223464
GGTGATGAAGGAAGTG-1,0.000015,0.006188,0.142413,0.548824,0.006687,0.295872
GGTGATTTCATCTTGT-1,0.000192,0.027035,0.971241,0.000766,0.000192,0.000575
GGTGCAGAGCCTATCG-1,0.000174,0.639893,0.320107,0.039132,0.000174,0.000521
GGTGCATAAATGATTA-1,0.000019,0.134845,0.042756,0.216835,0.459978,0.145567
GGTGCGGATAAGTGGC-1,0.000154,0.086243,0.78846,0.116018,0.008662,0.000463
GGTGCTGATCACAAAG-1,0.000034,0.000034,0.706878,0.239105,0.006031,0.04792
GGTGCTGGTACACATT-1,0.000017,0.024387,0.009432,0.075526,0.107411,0.783228
GGTGGACCACGTGTTA-1,0.000339,0.110462,0.886489,0.001355,0.000339,0.001016
GGTGGACTGCTCTGGC-1,0.000026,0.00455,0.214012,0.091702,0.035051,0.654659
GGTGGAGGTTGATACG-1,0.000545,0.053639,0.458666,0.466844,0.002065,0.018242
GGTGGGATTAGGTCCC-1,0.000158,0.998261,0.000316,0.000633,0.000158,0.000474
GGTGTAAATCGATTGT-1,0.000031,0.065442,0.524823,0.142404,0.210732,0.056567
GGTGTAGGTAAGTAAA-1,0.000039,0.995311,0.000077,0.000154,0.004302,0.000116
GGTGTTCTGTTTCTAC-1,0.000061,0.000061,0.445388,0.547077,0.00723,0.000182
GGTGTTGGGCGTCTTA-1,0.000028,0.000028,0.487581,0.503069,0.000028,0.009267
GGTTACCACCCTCGGG-1,0.000045,0.068941,0.446659,0.100269,0.085511,0.298575
GGTTACCGCTCCCTAC-1,0.000161,0.574011,0.000321,0.208689,0.124791,0.092028
GGTTAGCTATATGTCT-1,0.001242,0.034773,0.589237,0.159739,0.011615,0.203393
GGTTAGGCTTGGAGAA-1,0.000024,0.000024,0.22669,0.684609,0.000296,0.088357
GGTTAGGGATGCTAAT-1,0.00008,0.999122,0.00016,0.000319,0.00008,0.000239
GGTTAGTTACGGCGCC-1,0.000024,0.000024,0.177629,0.697239,0.026306,0.098779
GGTTCCACCCGCTTCT-1,0.000045,0.000045,0.244208,0.721716,0.00285,0.031135
GGTTCCGTACGACTAA-1,0.000369,0.962145,0.000737,0.001475,0.034167,0.001106
GGTTCGATGCTGAGTT-1,0.000571,0.000571,0.994292,0.002283,0.000571,0.001712
GGTTCGCATTTGCCGT-1,0.000035,0.0283,0.280986,0.18981,0.06261,0.43826
GGTTCGGATTATACTA-1,0.000039,0.023926,0.247909,0.410709,0.067922,0.249495
GGTTCTACTCGTCTGA-1,0.000041,0.000041,0.328877,0.550325,0.001185,0.11953
GGTTGTATCGTGAAAT-1,0.000033,0.000033,0.421512,0.433238,0.00326,0.141925
GGTTGTGCTCTTGTCC-1,0.000013,0.000013,0.016575,0.831433,0.009483,0.142482
GGTTGTGTAGCCTGGC-1,0.000034,0.000034,0.251311,0.498881,0.000061,0.249679
GGTTTAATTACCATCG-1,0.000095,0.674539,0.141833,0.006485,0.176761,0.000286
GGTTTAATTGAGCAGG-1,0.00016,0.201768,0.796789,0.000641,0.00016,0.000481
GGTTTACAATCTCAAT-1,0.000139,0.000139,0.442478,0.556689,0.000139,0.000417
GGTTTAGCCTTTCTTG-1,0.000043,0.011643,0.491883,0.379082,0.007786,0.109564
GGTTTCAATCGGTCAG-1,0.00005,0.00005,0.483568,0.309014,0.017888,0.18943
GGTTTGACAAGAAGCT-1,0.000165,0.558311,0.440207,0.000659,0.000165,0.000494
GGTTTGAGTGCTGGAA-1,0.000209,0.296889,0.701231,0.000835,0.000209,0.000627
GGTTTGTGACCTGAGG-1,0.000033,0.040212,0.410135,0.292486,0.03386,0.223274
GTAACAGGTTAACGGC-1,0.0001,0.834469,0.164632,0.0004,0.0001,0.0003
GTAACATCAGCTCATC-1,0.000482,0.300772,0.694892,0.001927,0.000482,0.001445
GTAACATCTAAGATAA-1,0.000022,0.013535,0.515662,0.307534,0.021293,0.141954
GTAACTACGTAGACCT-1,0.000156,0.99828,0.000313,0.000625,0.000156,0.000469
GTAACTGCCCAAGGAG-1,0.001794,0.38425,0.001672,0.021483,0.519641,0.071161
GTAACTTGCGGCAGTC-1,0.000174,0.174079,0.824352,0.000697,0.000174,0.000523
GTAAGCGGGCAGTCAG-1,0.000081,0.000081,0.157432,0.680543,0.122174,0.039689
GTAAGGATTTGTCGGA-1,0.000116,0.16347,0.437546,0.398402,0.000116,0.000349
GTAAGTAACAGTCTGG-1,0.000027,0.000027,0.35952,0.330963,0.005313,0.304151
GTAAGTAGGGTATACC-1,0.000033,0.000033,0.309487,0.549696,0.007054,0.133697
GTAAGTCCACACTCTA-1,0.000017,0.000017,0.300936,0.676029,0.013797,0.009204
GTAATAAAGGGCTCCC-1,0.000041,0.000041,0.407556,0.55438,0.000041,0.03794
GTAATCTGATTCTTCG-1,0.000024,0.030377,0.052072,0.160583,0.372565,0.38438
GTACACTTACCTGAAG-1,0.000036,0.071297,0.336708,0.465803,0.003838,0.122317
GTACAGAGGCAAGGGT-1,0.000045,0.046592,0.711199,0.212511,0.000045,0.029609
GTACGACGGCGCTGCG-1,0.000059,0.833769,0.05403,0.111907,0.000059,0.000177
GTACGAGATTGCGACA-1,0.00006,0.00006,0.276458,0.723181,0.00006,0.000181
GTACGCTTCATTGCAC-1,0.000042,0.000042,0.257617,0.131048,0.016883,0.594369
GTACGTCACGTATTAA-1,0.000253,0.596097,0.401623,0.001013,0.000253,0.00076
GTACGTTTGCCCGTCA-1,0.00148,0.032811,0.101928,0.027164,0.036703,0.799915
GTACTAAGATTTGGAG-1,0.000031,0.010925,0.084235,0.770187,0.008544,0.126078
GTACTACGGCCTCGTT-1,0.000018,0.000018,0.012185,0.325133,0.303574,0.359072
GTACTCCCTTATCGCT-1,0.000051,0.022285,0.794315,0.103954,0.004673,0.074723
GTACTCCTGGGTATGC-1,0.000053,0.000053,0.717164,0.282518,0.000053,0.000159
GTACTGAGGTCGTAAC-1,0.000177,0.011228,0.730644,0.230335,0.000177,0.02744
GTACTGCATGAAGCGT-1,0.000166,0.297702,0.700807,0.000663,0.000166,0.000497
GTACTGGAGTTAGACC-1,0.000048,0.000048,0.630076,0.317121,0.013976,0.038731
GTACTTGGGCACTTCT-1,0.000167,0.000167,0.858078,0.140918,0.000167,0.000502
GTAGAAACGGGTGGAG-1,0.000019,0.007208,0.413326,0.542441,0.000019,0.036986
GTAGACAACCGATGAA-1,0.002377,0.007287,0.364092,0.519204,0.034915,0.072125
GTAGACACGCCTGACT-1,0.000025,0.017995,0.424686,0.053552,0.442,0.061741
GTAGACGTCGTTACAT-1,0.000138,0.79887,0.064115,0.136324,0.000138,0.000415
GTAGAGGGAGACAAGT-1,0.000026,0.12296,0.373424,0.104017,0.196739,0.202834
GTAGCCAAACATGGGA-1,0.000035,0.051797,0.846873,0.017993,0.057366,0.025935
GTAGCGCTGTTGTAGT-1,0.000045,0.000045,0.324456,0.63607,0.026838,0.012546
GTAGCGGCTATACACT-1,0.000032,0.181928,0.330856,0.149752,0.002731,0.334701
GTAGCTAGTAAGCGCG-1,0.000046,0.166449,0.279492,0.535412,0.000383,0.018219
GTAGCTCCGGGAGGCT-1,0.000042,0.40806,0.037242,0.120049,0.30221,0.132398
GTAGCTTCCTCTTGTT-1,0.000054,0.000054,0.847739,0.151938,0.000054,0.000161
GTAGGTGATCCGTGTA-1,0.00014,0.080953,0.917784,0.000561,0.00014,0.000421
GTAGTCGCGGGAATCA-1,0.00005,0.089073,0.761055,0.053623,0.014605,0.081594
GTAGTCTACGATATTG-1,0.000019,0.015448,0.115637,0.398001,0.261789,0.209106
GTAGTGAGCAACCTCA-1,0.000025,0.031307,0.294449,0.481507,0.014324,0.178389
GTAGTTCGAAGGCGAA-1,0.00009,0.485315,0.220648,0.029201,0.178091,0.086655
GTAGTTTAAGCACACG-1,0.000397,0.949154,0.047274,0.001587,0.000397,0.001191
GTATAATCTCCCGGAT-1,0.0001,0.514468,0.484634,0.000399,0.0001,0.000299
GTATAGGACTCAGTAG-1,0.00006,0.00006,0.232929,0.570793,0.04441,0.151747
GTATAGTGGCCCATGT-1,0.001181,0.000041,0.360082,0.637807,0.000768,0.000122
GTATATGTTACGGCGG-1,0.00006,0.078339,0.542444,0.310942,0.068034,0.000181
GTATCAAACGTTAGCT-1,0.000025,0.099298,0.335438,0.219983,0.02574,0.319516
GTATCAAGGTACTTCC-1,0.000018,0.070402,0.221928,0.252836,0.404044,0.050771
GTATCAGCTTGGGTTC-1,0.000048,0.000048,0.579837,0.40813,0.011791,0.000145
GTATCCTTTGGTAACC-1,0.000024,0.036461,0.322829,0.17693,0.218949,0.244808
GTATCGGGACGAGCTG-1,0.000025,0.071606,0.220771,0.650666,0.036891,0.020041
GTATCTCAGTCTTGAC-1,0.000029,0.000029,0.171146,0.291084,0.457441,0.080271
GTATCTCCCTAACTGT-1,0.000033,0.015119,0.409447,0.439644,0.00387,0.131886
GTATCTCGGGCGCTTT-1,0.000242,0.929161,0.000485,0.000969,0.000242,0.068901
GTATCTTGTTGCTCAC-1,0.00221,0.000031,0.158717,0.690586,0.025166,0.12329
GTATCTTTCATAACCA-1,0.000034,0.006974,0.456227,0.069115,0.100399,0.36725
GTATGAAATTTCACTC-1,0.000021,0.070883,0.037561,0.280625,0.356399,0.254511
GTATGACGTGGGAAAC-1,0.000088,0.076546,0.752335,0.169666,0.0011,0.000265
GTATGTGGGTCTAGTT-1,0.000032,0.000032,0.295229,0.561319,0.009624,0.133765
GTATTAAGGCGTCTAA-1,0.000025,0.000025,0.289635,0.644506,0.051043,0.014766
GTATTAGGGTTCGCGT-1,0.000382,0.081933,0.914626,0.001529,0.000382,0.001147
GTATTCTGAGAAACGA-1,0.00301,0.042994,0.265726,0.282706,0.066649,0.338915
GTATTCTTACCGTGCT-1,0.000039,0.078573,0.254452,0.618221,0.036128,0.012586
GTATTTAATGGCATAA-1,0.00001,0.00001,0.041085,0.747577,0.008675,0.202644
GTCAAAGAAGTGGTGT-1,0.000012,0.007535,0.060842,0.34391,0.390102,0.197599
GTCAAAGTTTACATAG-1,0.000106,0.60353,0.395514,0.000425,0.000106,0.000319
GTCAACCAGGCCTATA-1,0.000015,0.034065,0.087494,0.160188,0.094294,0.623945
GTCAAGCGGACTCGGG-1,0.000048,0.039006,0.584669,0.263239,0.007648,0.10539
GTCAATTGTACTGAAG-1,0.000021,0.000021,0.11233,0.836452,0.012014,0.039162
GTCACAAAGTTTCCAA-1,0.000053,0.000053,0.482636,0.462851,0.001342,0.053066
GTCACCTGTCTATGTC-1,0.000051,0.0249,0.389379,0.582234,0.000051,0.003384
GTCACTCATGAGCGAT-1,0.000071,0.754012,0.000142,0.190091,0.02214,0.033543
GTCACTCTCCAAATCT-1,0.000029,0.000029,0.250506,0.695632,0.012619,0.041185
GTCAGAATAGTCTATG-1,0.000055,0.000055,0.461985,0.41945,0.022984,0.095471
GTCAGACAGCGTTGGA-1,0.000058,0.098556,0.881434,0.019719,0.000058,0.000175
GTCAGTTGTGCTCGTT-1,0.000109,0.175169,0.425146,0.219518,0.000109,0.17995
GTCAGTTTGGTAGTCG-1,0.000782,0.000023,0.181251,0.625866,0.003039,0.189039
GTCATCCCAAACTCAC-1,0.00013,0.998565,0.000261,0.000522,0.00013,0.000391
GTCATGCACCTCCGTT-1,0.000059,0.000059,0.158215,0.540544,0.018388,0.282734
GTCATGCGCGAGGGCT-1,0.000008,0.000008,0.001505,0.041682,0.045589,0.911208
GTCATGGACATGACTA-1,0.004745,0.000043,0.000087,0.740698,0.000381,0.254046
GTCATTAGAGCGAACG-1,0.000019,0.003766,0.088426,0.502639,0.035907,0.369243
GTCATTGCATTGACCC-1,0.000034,0.040601,0.482018,0.325468,0.060679,0.0912
GTCCAATATTTAGCCT-1,0.000722,0.287809,0.276387,0.028062,0.331254,0.075766
GTCCACGTCGCATTCG-1,0.000026,0.000026,0.195402,0.556495,0.000026,0.248026
GTCCAGGCACGTGTGC-1,0.000065,0.972505,0.026913,0.000259,0.000065,0.000194
GTCCATTACTGCTACG-1,0.000028,0.000028,0.182171,0.679782,0.000028,0.137963
GTCCCAACGTAAAGTA-1,0.000017,0.000017,0.060241,0.5201,0.008005,0.411619
GTCCCAATCATCCCGC-1,0.00888,0.021723,0.205747,0.240196,0.07554,0.447915
GTCCCGCGACGTTATG-1,0.001436,0.04922,0.298538,0.066152,0.374383,0.210271
GTCCGAGAGCAATCAT-1,0.000013,0.000013,0.066137,0.659169,0.021935,0.252734
GTCCGGACCTGAAATT-1,0.000042,0.052595,0.576245,0.068788,0.050329,0.252
GTCCGGCTGAATTGCG-1,0.000037,0.000037,0.359165,0.506178,0.007183,0.1274
GTCCGGGTTCACATTA-1,0.000016,0.060581,0.063037,0.370464,0.418629,0.087272
GTCCGTTAGAGGGCCT-1,0.000039,0.11358,0.193495,0.358288,0.232228,0.10237
GTCCTACAGGCGGCTC-1,0.000049,0.079776,0.398987,0.500589,0.00183,0.018769
GTCCTACGAATAGTCT-1,0.000011,0.000011,0.000021,0.123399,0.022734,0.853825
GTCCTACTCTACGGGC-1,0.000019,0.0016,0.225482,0.338805,0.242038,0.192057
GTCCTAGGATACCTTA-1,0.000053,0.938889,0.000106,0.000212,0.000053,0.060686
GTCCTATTGTTGTGGT-1,0.000024,0.000024,0.258484,0.543193,0.017329,0.180946
GTCCTTCTACAACCCA-1,0.000017,0.012474,0.017559,0.806331,0.022022,0.141597
GTCCTTCTAGTGGGTT-1,0.000316,0.251186,0.745973,0.001263,0.000316,0.000947
GTCCTTTAATGACTTC-1,0.000106,0.178134,0.620712,0.060258,0.000106,0.140683
GTCGAATTTGGGCGCT-1,0.000149,0.998363,0.000298,0.000595,0.000149,0.000446
GTCGATAGGTGACTTT-1,0.000027,0.036517,0.28339,0.603031,0.006205,0.070831
GTCGCCGTTGTGTGTT-1,0.000023,0.000023,0.100759,0.220252,0.29158,0.387363
GTCGCGTAACCCGTTG-1,0.008736,0.050577,0.845595,0.094852,0.00006,0.000179
GTCGGAAGGATACCAG-1,0.000279,0.000279,0.654698,0.336458,0.000279,0.008008
GTCGGATATCTCAGAC-1,0.000021,0.000021,0.230463,0.609625,0.015195,0.144675
GTCGGATGTAGCGCGC-1,0.000191,0.000853,0.997427,0.000765,0.000191,0.000573
GTCGGGAACATGGTAG-1,0.000015,0.070752,0.118037,0.376935,0.103726,0.330535
GTCGGGAAGCAGAAAC-1,0.002773,0.028574,0.301209,0.203745,0.145715,0.317985
GTCGGGTGAAGTACCG-1,0.000015,0.014304,0.132103,0.459743,0.00237,0.391464
GTCGTACCATCTCGGG-1,0.000078,0.018817,0.980478,0.000313,0.000078,0.000235
GTCGTACCTACGATTG-1,0.000026,0.209889,0.043708,0.354322,0.065164,0.326892
GTCGTATTGGCGTACA-1,0.000258,0.000258,0.99742,0.001032,0.000258,0.000774
GTCGTCAATTATAAGG-1,0.00012,0.175786,0.503724,0.184322,0.135689,0.00036
GTCGTCTGGTTGGCTA-1,0.000241,0.063123,0.934709,0.000963,0.000241,0.000723
GTCGTGTCTGGTCATC-1,0.000253,0.038853,0.885858,0.001013,0.067296,0.006726
GTCGTTATTCGCTTAT-1,0.000077,0.08289,0.723422,0.033814,0.000077,0.15972
GTCTACTCAATTACAA-1,0.000029,0.070617,0.765435,0.099486,0.004753,0.059679
GTCTAGTGAGCCGCTT-1,0.000035,0.080919,0.255968,0.177713,0.166103,0.319262
GTCTATACACGCATGG-1,0.000059,0.535561,0.429362,0.034784,0.000059,0.000176
GTCTATCTGAGTTTCT-1,0.000017,0.002527,0.032016,0.105348,0.075275,0.784817
GTCTATTGCATGCTCG-1,0.000041,0.029025,0.406736,0.141349,0.029209,0.393639
GTCTATTGGTTCCGGT-1,0.000051,0.003999,0.81621,0.090763,0.000051,0.088927
GTCTCAAGGCCCGGCT-1,0.000021,0.089011,0.145545,0.30778,0.100613,0.35703
GTCTCCCGAGTCCCGT-1,0.000012,0.019813,0.031257,0.295278,0.064868,0.588772
GTCTCCGCCTCAATAC-1,0.000031,0.452704,0.295867,0.082276,0.169015,0.000107
GTCTCCTGCCAGTATG-1,0.000025,0.24839,0.394323,0.030346,0.283753,0.043164
GTCTCGACTAAGTTTG-1,0.000119,0.080472,0.918458,0.000476,0.000119,0.000357
GTCTCGATCTGCTTTC-1,0.000077,0.000077,0.454543,0.537121,0.005236,0.002947
GTCTCGCCAACACGCC-1,0.001002,0.000035,0.248292,0.622986,0.029141,0.098544
GTCTGCCGACTCGACG-1,0.000029,0.000356,0.319268,0.213163,0.308887,0.158297
GTCTGGGCGGTCGAGA-1,0.000025,0.079904,0.252454,0.382318,0.063525,0.221774
GTCTGTAGGTTGAACA-1,0.000441,0.814331,0.069478,0.001764,0.112664,0.001323
GTCTTACCACGCCAAG-1,0.000031,0.000031,0.337829,0.454434,0.003642,0.204033
GTCTTAGTACAGCCGG-1,0.000343,0.158803,0.83811,0.001372,0.000343,0.001029
GTCTTCCTCACCTAAG-1,0.000012,0.012648,0.055527,0.598013,0.043121,0.290678
GTCTTGAGGAGCAGTG-1,0.000017,0.000822,0.371693,0.569456,0.037403,0.02061
GTCTTGTAGCTATTCA-1,0.002386,0.006228,0.574332,0.380238,0.00009,0.036726
GTGAAACGGCGCCACC-1,0.000042,0.001027,0.737237,0.249898,0.000042,0.011754
GTGAAACGTGCTCCAC-1,0.000124,0.130371,0.86851,0.000498,0.000124,0.000373
GTGAACTCCCATTCGA-1,0.000031,0.000031,0.226378,0.75551,0.004502,0.013548
GTGAAGATTTCAAGTG-1,0.000271,0.000271,0.997294,0.001082,0.000271,0.000812
GTGAAGCCGTATAGTC-1,0.000207,0.087054,0.91108,0.000829,0.000207,0.000622
GTGAAGTCACGACTCG-1,0.000027,0.076583,0.40133,0.161154,0.145843,0.215064
GTGACAGCTTCCCACT-1,0.00004,0.042945,0.438083,0.164898,0.259911,0.094124
GTGACCGCACACTACG-1,0.000026,0.000026,0.219354,0.615044,0.000026,0.165524
GTGACCTAAAGAATAA-1,0.000117,0.160855,0.838092,0.000468,0.000117,0.000351
GTGACGAGGGTGACCC-1,0.000021,0.000021,0.606488,0.380648,0.012761,0.000062
GTGACGCAGGTTTCAT-1,0.000026,0.054628,0.243184,0.278577,0.313752,0.109833
GTGACTTCAGTAGTGC-1,0.000048,0.278832,0.138846,0.178196,0.025448,0.37863
GTGAGATAACCTTATA-1,0.000088,0.721285,0.27792,0.000353,0.000088,0.000265
GTGAGCGTGCTGCACT-1,0.000037,0.000037,0.462294,0.372862,0.006391,0.158378
GTGAGGACACTTAAGG-1,0.000024,0.147003,0.267293,0.408991,0.057637,0.119051
GTGAGGAGCGGTTGAG-1,0.000419,0.365454,0.630777,0.001675,0.000419,0.001256
GTGAGTCGACTAATAG-1,0.000025,0.013463,0.577885,0.240815,0.00967,0.158141
GTGAGTCTAAGACGGA-1,0.000015,0.008525,0.197684,0.67675,0.013449,0.103578
GTGAGTGGTACAACGC-1,0.002058,0.05471,0.704726,0.062471,0.127573,0.048461
GTGATCAAGCGTGCAC-1,0.00018,0.998024,0.000359,0.000718,0.00018,0.000539
GTGATCACTAACGCCT-1,0.000028,0.026958,0.285853,0.38308,0.01497,0.289112
GTGATCATAGATCTGC-1,0.000036,0.002299,0.254879,0.104376,0.046841,0.591569
GTGATCCTTGTCATGA-1,0.000031,0.008913,0.251327,0.268534,0.195569,0.275624
GTGATGCACAACATCT-1,0.000441,0.156612,0.839419,0.001764,0.000441,0.001323
GTGATTCGCCGCTCAA-1,0.000035,0.046516,0.226546,0.18632,0.055082,0.4855
GTGCAAATCACCAATA-1,0.000008,0.008868,0.057321,0.716416,0.046493,0.170894
GTGCAACAAATGTGGC-1,0.000075,0.136431,0.399526,0.38887,0.028977,0.046121
GTGCACCAGCTTCAAC-1,0.00004,0.403277,0.479931,0.025702,0.079653,0.011397
GTGCACGAAAGTGACT-1,0.000175,0.216919,0.781505,0.0007,0.000175,0.000525
GTGCAGCGTAGAGTAG-1,0.00001,0.00001,0.01497,0.846554,0.019812,0.118644
GTGCCAAACGTTTCGA-1,0.000065,0.880191,0.00013,0.089851,0.003427,0.026337
GTGCCATCACACGGTG-1,0.000512,0.023277,0.030048,0.13862,0.028632,0.778912
GTGCCCGTTCGGATTC-1,0.000025,0.099422,0.024585,0.455602,0.000025,0.420341
GTGCCGCTTCAAAGGT-1,0.000016,0.066002,0.145846,0.177613,0.038404,0.572118
GTGCCTAGCTATGCTT-1,0.000111,0.532032,0.446199,0.021215,0.000111,0.000332
GTGCCTGAGACCAAAC-1,0.003018,0.022803,0.117863,0.203621,0.177863,0.474832
GTGCGAAATCGAACAC-1,0.000019,0.146554,0.312806,0.236658,0.050038,0.253925
GTGCGACAGGGAGTGT-1,0.000091,0.025316,0.362485,0.580564,0.000091,0.031453
GTGCGCAGCTTGCTCC-1,0.000041,0.176613,0.325649,0.429161,0.023944,0.044591
GTGCGCTTACAAATGA-1,0.000601,0.00002,0.316427,0.579297,0.006022,0.097634
GTGCGGGACCATCGGC-1,0.000046,0.011694,0.402559,0.585517,0.000046,0.000138
GTGCGGGTCTCCAAAT-1,0.000085,0.000085,0.366643,0.577606,0.041833,0.013748
GTGCGTGTATATGAGC-1,0.000038,0.033051,0.437109,0.437947,0.000038,0.091816
GTGCTATCCAGCTGGA-1,0.00018,0.409361,0.283191,0.168961,0.137767,0.00054
GTGCTCAAGTACTGTC-1,0.000032,0.000032,0.33283,0.497052,0.000032,0.170022
GTGCTGCAGATAAGGA-1,0.000021,0.059669,0.510551,0.235136,0.013029,0.181594
GTGCTGTTAGAACATA-1,0.000012,0.043528,0.000808,0.285107,0.250263,0.420282
GTGCTTACATCAGCGC-1,0.000026,0.000026,0.463002,0.476103,0.012566,0.048278
GTGGAACCTACATGCG-1,0.000324,0.229421,0.76766,0.001297,0.000324,0.000973
GTGGACCAACCCGATT-1,0.000019,0.000019,0.138989,0.084804,0.206309,0.56986
GTGGACGCATTTGTCC-1,0.000018,0.003174,0.039477,0.361418,0.228068,0.367845
GTGGAGCATGTCGGCC-1,0.004373,0.114121,0.880898,0.000304,0.000076,0.000228
GTGGAGCGTTTACCGA-1,0.000034,0.160335,0.465145,0.052619,0.302335,0.019532
GTGGAGTCGGCGGTTG-1,0.000027,0.05448,0.24489,0.262344,0.289898,0.148362
GTGGCAAACAGCGGCA-1,0.000018,0.032728,0.314704,0.132437,0.214485,0.305629
GTGGCCGGTTTCTCGG-1,0.000099,0.768074,0.000197,0.000394,0.017263,0.213972
GTGGCCTAATATCATT-1,0.000011,0.000169,0.018856,0.564755,0.016786,0.399423
GTGGCGGGCCGTAGCT-1,0.000049,0.000049,0.545724,0.36691,0.000049,0.087219
GTGGCGGTCCCAGCGT-1,0.000021,0.018274,0.185912,0.320442,0.054919,0.420431
GTGGCGTGCACCAGAG-1,0.000041,0.004576,0.104651,0.807179,0.030166,0.053387
GTGGCTGTTTCTGTTC-1,0.000041,0.007383,0.380797,0.144771,0.304304,0.162704
GTGGGAACAAACCGGG-1,0.000055,0.945735,0.053766,0.000222,0.000055,0.000166
GTGGGAAGACTGAATC-1,0.000615,0.009626,0.130194,0.118747,0.08285,0.657968
GTGGGCTTAGACACAC-1,0.000039,0.000039,0.605404,0.227823,0.043564,0.123131
GTGGGTACTGAGCGTA-1,0.000015,0.000015,0.047929,0.208541,0.406895,0.336606
GTGGGTCTTCTTTGCG-1,0.000027,0.013816,0.308107,0.631533,0.010996,0.035521
GTGGTATAGTCTGCCG-1,0.000044,0.193708,0.603353,0.137583,0.052481,0.012831
GTGGTCAGCGAAGTAT-1,0.000196,0.488713,0.509522,0.000784,0.000196,0.000588
GTGGTGATGGTTTGTG-1,0.000032,0.021484,0.159302,0.795673,0.011143,0.012365
GTGGTGGCCAAGTGAA-1,0.000028,0.000211,0.403924,0.083703,0.024871,0.487263
GTGGTTACTTCTTTCG-1,0.001892,0.000035,0.110023,0.833649,0.040109,0.014292
GTGGTTTCCGCCTTTC-1,0.000039,0.019365,0.370577,0.225682,0.003174,0.381162
GTGTACCTTGGCTACG-1,0.007896,0.000079,0.205417,0.739934,0.006519,0.040155
GTGTACGAACCGTTCC-1,0.000102,0.033615,0.965464,0.00041,0.000102,0.000307
GTGTATATCAGCGGGC-1,0.000036,0.003524,0.261247,0.181313,0.39168,0.1622
GTGTATGACTTTAAAG-1,0.000033,0.000033,0.424028,0.54827,0.000033,0.027603
GTGTCAGTGTACGTGG-1,0.000059,0.794688,0.204779,0.000237,0.000059,0.000178
GTGTCCGATAAGGCAT-1,0.000069,0.000069,0.384993,0.584537,0.026763,0.003568
GTGTCGTATAGCGTTC-1,0.000073,0.065217,0.23653,0.25646,0.315512,0.126209
GTGTCGTATTCACCTT-1,0.000169,0.631259,0.367216,0.000678,0.000169,0.000508
GTGTGAATAACTTAGG-1,0.000017,0.000017,0.122909,0.64937,0.002618,0.22507
GTGTGAGCCGAGGTGC-1,0.000041,0.000041,0.273586,0.725967,0.000245,0.000122
GTGTGTCGACGTCGCT-1,0.00008,0.156071,0.843208,0.00032,0.00008,0.00024
GTGTTACTATGCGTCC-1,0.000035,0.014899,0.174506,0.371782,0.054765,0.384012
GTTAAAGTAGGACTGG-1,0.000028,0.028286,0.503969,0.080785,0.009553,0.37738
GTTAACATCACTTAAA-1,0.000029,0.091038,0.354721,0.278816,0.063406,0.211991
GTTAACTATGTTGTCA-1,0.000053,0.000053,0.480234,0.49624,0.000053,0.023368
GTTAAGGGTGCGATGT-1,0.000016,0.015575,0.073681,0.324857,0.264659,0.321212
GTTAAGTTAGAGTGGG-1,0.000027,0.001257,0.576142,0.36901,0.053224,0.000341
GTTAATAGCGTCATTA-1,0.00002,0.00002,0.062209,0.653009,0.002513,0.282229
GTTAATGTCTATCTTA-1,0.021594,0.000036,0.431564,0.329477,0.001116,0.216214
GTTACAATTGGTGACG-1,0.00006,0.033688,0.860007,0.091052,0.00006,0.015132
GTTACCAAGGCGTACG-1,0.000041,0.115493,0.337516,0.336598,0.000041,0.210312
GTTACCTACAACTTGC-1,0.000021,0.016264,0.162907,0.13678,0.067825,0.616203
GTTACGAAATCCACGC-1,0.000053,0.028034,0.635712,0.323243,0.008768,0.00419
GTTACGGCCCGACTGC-1,0.000028,0.000028,0.139533,0.688662,0.085324,0.086424
GTTACTTTGGGCCTAG-1,0.000019,0.010852,0.132683,0.10229,0.038442,0.715714
GTTAGAGTGTGCCGCT-1,0.000156,0.094541,0.448447,0.141712,0.000156,0.314987
GTTAGCCCATGACATC-1,0.000017,0.043559,0.019771,0.318755,0.459077,0.158821
GTTAGCCGTAAATCAA-1,0.00005,0.00005,0.646543,0.336048,0.017158,0.00015
GTTAGGCTACCCGTTT-1,0.000044,0.039327,0.478244,0.08879,0.333443,0.060152
GTTATAATACGGTGAA-1,0.000013,0.000013,0.21273,0.498727,0.028438,0.260079
GTTATATCAGGAGCCA-1,0.000109,0.179669,0.803004,0.016782,0.000109,0.000327
GTTATATTATCTCCCT-1,0.000055,0.000055,0.502744,0.141171,0.284394,0.07158
GTTATCAAGCTATCGA-1,0.000039,0.134044,0.476619,0.089978,0.084478,0.214842
GTTATCACCTTCTGAA-1,0.000043,0.000043,0.420046,0.51836,0.016353,0.045155
GTTATTAAATACGACC-1,0.000036,0.028693,0.341343,0.604676,0.000036,0.025215
GTTATTAACGTGGGAG-1,0.000038,0.000038,0.367496,0.425276,0.003179,0.203972
GTTCAAATCAGATGTC-1,0.000029,0.000029,0.43765,0.510632,0.017971,0.03369
GTTCAATCTATGTCAA-1,0.000045,0.012919,0.221295,0.760954,0.000045,0.004743
GTTCACAGGAGTCTAG-1,0.000026,0.016424,0.302044,0.45933,0.005767,0.21641
GTTCAGTCGCCAAATG-1,0.001948,0.363147,0.391954,0.028564,0.160103,0.054285
GTTCATCGTTTGGCTG-1,0.000081,0.000081,0.611331,0.38818,0.000081,0.000244
GTTCCAAGACAGCGAC-1,0.000036,0.017876,0.439501,0.535326,0.007153,0.000108
GTTCCAGTCTGACCAT-1,0.025293,0.013461,0.496425,0.171477,0.000085,0.293258
GTTCCCGTAAACATAT-1,0.000008,0.000008,0.000406,0.550089,0.001938,0.447551
GTTCCGTCCGCCTGCA-1,0.009745,0.084692,0.000022,0.062907,0.536808,0.305827
GTTCGACAATTGTATA-1,0.000319,0.996488,0.000639,0.001277,0.000319,0.000958
GTTCGCCATAAGTGCC-1,0.000021,0.007123,0.13491,0.440686,0.000021,0.417239
GTTCGCTGAGACGTCT-1,0.00001,0.00001,0.043646,0.71954,0.02882,0.207974
GTTCGGAGCACTCAAC-1,0.000028,0.01955,0.482821,0.363122,0.000409,0.134069
GTTCGGATCGGGAACA-1,0.00092,0.004835,0.262762,0.63757,0.021575,0.072339
GTTCGGGCGTACCATT-1,0.000022,0.000022,0.167412,0.767465,0.017969,0.04711
GTTCGGTGTGGATTTA-1,0.000024,0.288484,0.189494,0.466558,0.003774,0.051667
GTTCGTCTAAAGAACT-1,0.00003,0.04123,0.415242,0.074483,0.001537,0.467477
GTTCGTTGCGGACCAG-1,0.000042,0.03155,0.236987,0.687409,0.000042,0.043968
GTTCTTCCCTCGATGT-1,0.000138,0.044361,0.882195,0.072752,0.000138,0.000415
GTTCTTGTAACTCAAT-1,0.000101,0.483898,0.473657,0.000404,0.041638,0.000303
GTTGAACCGGTTCCAT-1,0.000028,0.01831,0.219638,0.279148,0.037174,0.445703
GTTGAGTCCCGCCGGT-1,0.000038,0.092893,0.315104,0.150238,0.164663,0.277064
GTTGCACGGAGTTTCG-1,0.000076,0.000076,0.550431,0.370762,0.02408,0.054575
GTTGCAGTCGACAACA-1,0.000042,0.023939,0.168011,0.602928,0.01092,0.194161
GTTGCCCTAACGGGTG-1,0.00609,0.990934,0.000595,0.001191,0.000298,0.000893
GTTGCGCTAACATTAC-1,0.000021,0.013005,0.471819,0.46073,0.038765,0.01566
GTTGCGGACGGTCAGG-1,0.000015,0.015333,0.106655,0.707198,0.025658,0.145142
GTTGGACCGCATCAGG-1,0.000037,0.999593,0.000074,0.000148,0.000037,0.000111
GTTGGATTCAGTGGCT-1,0.000242,0.377397,0.620423,0.000969,0.000242,0.000727
GTTGGATTGAGAACAC-1,0.000029,0.000029,0.440115,0.447684,0.016851,0.095292
GTTGGATTTGCGTTGG-1,0.000043,0.025791,0.556522,0.277242,0.014483,0.12592
GTTGGTCATGCTATCC-1,0.000024,0.002981,0.058899,0.18366,0.237923,0.516513
GTTGTAGATTTATGAG-1,0.000024,0.103537,0.138548,0.14749,0.491303,0.119098
GTTGTCGTGTTAGTTG-1,0.000274,0.189622,0.807911,0.001097,0.000274,0.000822
GTTGTTGCAAGATGGC-1,0.000025,0.000025,0.217099,0.591819,0.000232,0.1908
GTTTACGTTCCATCTG-1,0.000074,0.040356,0.69455,0.042047,0.098232,0.124741
GTTTATGGGATTTAGA-1,0.000027,0.007328,0.180691,0.711079,0.03653,0.064346
GTTTCAAACGAGTTGT-1,0.000012,0.000012,0.175508,0.544334,0.020465,0.259669
GTTTCATATCGTCGCT-1,0.000065,0.048781,0.53737,0.218549,0.195041,0.000194
GTTTCCTGGAGGGTGA-1,0.000031,0.000031,0.188523,0.698057,0.026603,0.086755
GTTTCTAGAGGCGCGG-1,0.00003,0.00003,0.433211,0.053679,0.2583,0.254751
GTTTCTGCAGTCTCCC-1,0.000041,0.018882,0.350926,0.397193,0.036991,0.195966
GTTTCTTGTTAGAGCT-1,0.000377,0.704502,0.000754,0.001508,0.000377,0.292481
GTTTGACCAAATCCTA-1,0.000029,0.020227,0.258239,0.519939,0.004121,0.197445
GTTTGAGCGGTTATGT-1,0.000048,0.019479,0.337167,0.589948,0.000048,0.05331
GTTTGGCCCAAGTTAT-1,0.000037,0.032175,0.319551,0.190891,0.00787,0.449476
GTTTGGCCGCTCAGCG-1,0.000143,0.730198,0.268511,0.000574,0.000143,0.00043
GTTTGGCGTCAGGCAC-1,0.000331,0.330082,0.666941,0.001323,0.000331,0.000992
GTTTGGGCTTGTGAGC-1,0.000055,0.077406,0.766269,0.036699,0.04374,0.075831
GTTTGGGTTTCGCCCG-1,0.000045,0.013889,0.726789,0.076408,0.013726,0.169143
GTTTGGTAGGGTCAAC-1,0.000035,0.062831,0.402085,0.1312,0.186267,0.217581
GTTTGGTGATCGGTGC-1,0.000073,0.603665,0.091508,0.07165,0.158973,0.074131
GTTTGTTAGCCAAGTA-1,0.000022,0.029237,0.11894,0.326804,0.452435,0.072563
TAAACCCAGGAGGGCA-1,0.000018,0.060245,0.129073,0.280532,0.302247,0.227885
TAAACGTCGTCAATGA-1,0.000038,0.047284,0.81634,0.136185,0.000038,0.000115
TAAAGACAACCCTTTA-1,0.000689,0.011599,0.578633,0.374307,0.022048,0.012724
TAAAGAGCCCGAAACC-1,0.000093,0.011515,0.963567,0.02445,0.000093,0.00028
TAAAGCGGTATTTCCA-1,0.000026,0.112954,0.46888,0.130574,0.284212,0.003356
TAAAGCGTTAGGAGAA-1,0.003315,0.000047,0.345363,0.646606,0.000047,0.004621
TAAAGCTGCAATAGGG-1,0.000206,0.102645,0.895498,0.000825,0.000206,0.000619
TAAAGGAGAAACTAGT-1,0.001052,0.000039,0.479993,0.467067,0.003724,0.048125
TAAAGTGCACGTCTCG-1,0.000027,0.628912,0.04922,0.10503,0.123022,0.093789
TAAATCTTTACACCTC-1,0.000049,0.016272,0.970613,0.012871,0.000049,0.000146
TAAATGAATCCGTTTC-1,0.000025,0.010427,0.246482,0.670279,0.048777,0.024009
TAAATGCCGTCTCATG-1,0.000272,0.295452,0.702097,0.001089,0.000272,0.000817
TAAATGGGCTACTGAG-1,0.000117,0.000117,0.000234,0.817316,0.000117,0.1821
TAAATTGTGGGTAAAG-1,0.000021,0.084539,0.382478,0.174333,0.262755,0.095873
TAAATTTAGTAACACC-1,0.000062,0.725319,0.181747,0.05991,0.012292,0.02067
TAACAAAGGGAGAAGC-1,0.00003,0.002738,0.329784,0.603237,0.031954,0.032258
TAACAATATTTGTTGC-1,0.000027,0.000027,0.514137,0.315436,0.015233,0.15514
TAACAGCGTTTGTGCT-1,0.000104,0.689218,0.000208,0.0141,0.227483,0.068887
TAACAGGTTCCCTTAG-1,0.00184,0.57129,0.248837,0.051374,0.122953,0.003707
TAACATACAATGTGGG-1,0.000014,0.001647,0.200486,0.351612,0.01344,0.432801
TAACATACACGCGATC-1,0.000022,0.099666,0.060247,0.339129,0.192128,0.308808
TAACCGCCCGCAGTGC-1,0.000121,0.089298,0.599501,0.304671,0.000121,0.006288
TAACCGTCCAGTTCAT-1,0.000026,0.010041,0.250671,0.69144,0.017152,0.03067
TAACCTAGGGAGTCCA-1,0.00002,0.050997,0.158115,0.549718,0.008585,0.232565
TAACGCTTTGAGAGCG-1,0.000032,0.000032,0.090947,0.672708,0.005412,0.230867
TAACTATCGAAGGTCC-1,0.000034,0.000034,0.29586,0.644371,0.030029,0.029672
TAACTATTACGCCAAA-1,0.000037,0.000037,0.423368,0.512391,0.026215,0.037952
TAACTCATCCGCGCGG-1,0.000011,0.003938,0.032903,0.125487,0.063853,0.773808
TAACTCCATGGAGGCT-1,0.000045,0.000045,0.393424,0.499832,0.092289,0.014364
TAACTGAAATACGCCT-1,0.002067,0.652072,0.020224,0.043758,0.083417,0.198462
TAAGAGGGACAGGGAC-1,0.000025,0.762185,0.067878,0.084632,0.036229,0.049051
TAAGATTTAGCGGGAG-1,0.000038,0.000038,0.232081,0.729827,0.000038,0.037979
TAAGCAGGCGACACGC-1,0.000024,0.016917,0.247006,0.322661,0.000024,0.413369
TAAGCCCTTACGACCA-1,0.000162,0.334255,0.664283,0.00065,0.000162,0.000487
TAAGCGCGAATCAAAT-1,0.002321,0.861408,0.000208,0.017064,0.033194,0.085805
TAAGGCAACATAAGAT-1,0.000087,0.000087,0.206308,0.759559,0.031527,0.002434
TAAGGCATAACATCAA-1,0.008071,0.127123,0.506894,0.106138,0.13797,0.113805
TAAGGCCCGTCACCCT-1,0.000024,0.000024,0.121143,0.240664,0.508175,0.12997
TAAGGCTGAATCCCTC-1,0.000038,0.031467,0.491523,0.280857,0.028834,0.16728
TAAGGGCCTGTCCGAT-1,0.00001,0.00001,0.00002,0.094666,0.034549,0.870744
TAAGGGCTGGGAGAGG-1,0.00003,0.053564,0.390564,0.338302,0.03709,0.18045
TAAGTAAATGTGCCGC-1,0.000081,0.013037,0.774505,0.212054,0.000081,0.000243
TAAGTAACATCTTGAC-1,0.000017,0.026013,0.058716,0.19833,0.02793,0.688994
TAAGTCGCCGAGTATC-1,0.000029,0.000032,0.263425,0.073996,0.313104,0.349414
TAAGTCGGTGAGCTAG-1,0.000051,0.000051,0.176819,0.725463,0.00157,0.096045
TAAGTGAATAGTCTAC-1,0.000319,0.996488,0.000639,0.001277,0.000319,0.000958
TAAGTTGCGACGTAGG-1,0.00001,0.000706,0.005688,0.087228,0.036829,0.869538
TAATAAACAAGGAGAT-1,0.000184,0.186512,0.811829,0.000737,0.000184,0.000553
TAATACACAGTAGTAT-1,0.002141,0.000073,0.210059,0.602016,0.044502,0.14121
TAATACTAGAACAGAC-1,0.000021,0.257034,0.613375,0.046119,0.083386,0.000064
TAATAGAACAGAGTTA-1,0.000011,0.006676,0.044084,0.274263,0.129579,0.545387
TAATAGGTCACCAGAA-1,0.002532,0.255183,0.393371,0.103059,0.19752,0.048334
TAATAGTGACGACCAG-1,0.000078,0.019718,0.381254,0.558846,0.011494,0.028609
TAATATTGAAATTCGC-1,0.000106,0.037413,0.829952,0.132107,0.000106,0.000317
TAATCAACCAAATGGG-1,0.000441,0.000009,0.033869,0.819009,0.009952,0.136721
TAATCAGGAATGCTGC-1,0.000054,0.028752,0.495671,0.446585,0.00259,0.026348
TAATCGATCCGTACGT-1,0.000058,0.020853,0.622325,0.351086,0.000524,0.005154
TAATGAAAGACCCTTG-1,0.000016,0.028118,0.23441,0.626177,0.012655,0.098624
TAATGTCGGTTCATGG-1,0.0002,0.997796,0.000401,0.000801,0.0002,0.000601
TAATTACGTCAGTAGA-1,0.000028,0.024537,0.307988,0.158058,0.160714,0.348674
TAATTAGATGGATATG-1,0.000178,0.260409,0.737992,0.000711,0.000178,0.000533
TAATTAGGACATCCGT-1,0.000035,0.000035,0.532057,0.435907,0.000035,0.031932
TAATTCCAATGCTTCA-1,0.001672,0.000052,0.517552,0.280182,0.000052,0.20049
TAATTGCGCTGATTAC-1,0.000164,0.532318,0.056493,0.079334,0.331199,0.000492
TAATTTCCGTCCAGTA-1,0.000019,0.005236,0.107219,0.208869,0.131894,0.546763
TACAAATTGCGGAGGT-1,0.000044,0.000044,0.31874,0.679325,0.000044,0.001802
TACAACAGCGCATACA-1,0.000021,0.0317,0.319622,0.353374,0.060092,0.235191
TACAACGCACAACTCA-1,0.000014,0.02257,0.222805,0.215203,0.081626,0.457782
TACAAGCTGTTCACTG-1,0.001006,0.000027,0.183347,0.647938,0.006427,0.161256
TACAAGGGCTTCTTTA-1,0.000033,0.081886,0.711953,0.08664,0.062503,0.056985
TACAAGTCTCGTGCAT-1,0.000032,0.000032,0.211408,0.595806,0.002201,0.190521
TACAATGAAACCAGCA-1,0.000843,0.000027,0.498256,0.402369,0.028428,0.070077
TACACAGCCGTGGTGC-1,0.000014,0.019019,0.134019,0.141878,0.455079,0.24999
TACACCGTCGTTAGTC-1,0.000246,0.132104,0.728351,0.138316,0.000246,0.000737
TACACCTCTTCGAATC-1,0.000412,0.000012,0.00729,0.22256,0.221275,0.548451
TACAGAAACGGTGGGC-1,0.000024,0.031812,0.410088,0.164189,0.193551,0.200335
TACATAGGCATACACC-1,0.000042,0.000042,0.597762,0.075769,0.055692,0.270693
TACATCCCTATCCCTG-1,0.008001,0.000014,0.073453,0.075001,0.033797,0.809734
TACATCTTGTTTCTTG-1,0.000064,0.000349,0.855061,0.144269,0.000064,0.000193
TACATGACCTTATCCG-1,0.000034,0.000034,0.349089,0.567449,0.049154,0.034241
TACATGCCGGAATTGT-1,0.00002,0.00002,0.02138,0.802621,0.001678,0.174282
TACATTTCTAACGTGC-1,0.00005,0.124483,0.569205,0.054642,0.00005,0.251569
TACCAAATAGCCCAGA-1,0.000029,0.085339,0.626458,0.055155,0.231923,0.001095
TACCAATAAAGTACCA-1,0.000028,0.049423,0.556245,0.100295,0.037008,0.257
TACCAGAAGTAGGTTC-1,0.000031,0.155997,0.494671,0.177813,0.090866,0.080622
TACCAGCTAGGTTTAA-1,0.000095,0.037132,0.7181,0.214247,0.000095,0.03033
TACCAGGAATCCCGTC-1,0.000028,0.31637,0.000057,0.127765,0.549865,0.005916
TACCATGTATTGATTT-1,0.000032,0.000032,0.418819,0.520096,0.004136,0.056885
TACCCTCGGTAACCCT-1,0.000204,0.000204,0.000408,0.968614,0.000204,0.030368
TACCGAATAATTGTAA-1,0.000022,0.036039,0.411202,0.228244,0.051794,0.272698
TACCGATCCAACACTT-1,0.000021,0.024622,0.260669,0.642938,0.017172,0.054578
TACCGCGGACTTGCAG-1,0.000018,0.000018,0.002489,0.761611,0.000199,0.235665
TACCGGCTCACTGCCC-1,0.000048,0.013179,0.795594,0.048912,0.033206,0.109062
TACCGGTCGTTTCCAT-1,0.000053,0.012222,0.336201,0.144499,0.061564,0.445461
TACCGTAGGTTAACTA-1,0.000055,0.079251,0.390876,0.076594,0.395093,0.058132
TACCGTGCCTCGGACC-1,0.000736,0.000018,0.129771,0.285999,0.326002,0.257474
TACCTACTCCCAGTAT-1,0.000037,0.019744,0.451229,0.194936,0.080076,0.253978
TACCTATCCCTAGAGG-1,0.00114,0.001624,0.339637,0.245589,0.073308,0.338703
TACCTCACCAATTGTA-1,0.000443,0.09535,0.162799,0.218958,0.095901,0.426549
TACCTCACGCTTGTAC-1,0.00016,0.134456,0.608962,0.131196,0.027395,0.097831
TACCTCAGTTGTCTGT-1,0.293791,0.000025,0.180761,0.204703,0.13258,0.18814
TACCTCCACACCAATG-1,0.000279,0.472805,0.524686,0.001115,0.000279,0.000836
TACCTCTTTACCATCC-1,0.011837,0.000033,0.065378,0.645899,0.006148,0.270705
TACCTGCTGCACTGTG-1,0.000027,0.019161,0.076368,0.758533,0.011877,0.134034
TACCTTAAGATTTCCC-1,0.000036,0.02853,0.262852,0.204772,0.237317,0.266492
TACGAACACGACTTCA-1,0.000022,0.000022,0.439153,0.430103,0.000022,0.130678
TACGACGCTTGCTGCG-1,0.000035,0.035484,0.473754,0.068471,0.109895,0.312361
TACGACTGCCTCTTAG-1,0.000012,0.000012,0.001474,0.080938,0.038712,0.878852
TACGAGAACTTCACGT-1,0.000034,0.091455,0.299397,0.484439,0.02032,0.104354
TACGATCCAAGCCACT-1,0.00019,0.055572,0.94272,0.000759,0.00019,0.00057
TACGATGTTGATCATC-1,0.004518,0.043237,0.114474,0.48359,0.005999,0.348182
TACGCAGTTCTTTCCT-1,0.000016,0.005744,0.142348,0.154945,0.028747,0.668199
TACGCCATATTCTAAT-1,0.00003,0.009597,0.22684,0.099613,0.089888,0.574031
TACGCCGAGGGTACCC-1,0.000033,0.105528,0.476071,0.140746,0.137975,0.139648
TACGCCGCCTCAGAAG-1,0.00011,0.030525,0.968486,0.00044,0.00011,0.00033
TACGCCTCCATTCCGA-1,0.000028,0.000028,0.042155,0.385341,0.270974,0.301474
TACGCTATAGAAACCT-1,0.000025,0.000025,0.262474,0.607692,0.000025,0.129758
TACGCTCCTAGAACTG-1,0.000041,0.998048,0.000083,0.001662,0.000041,0.000124
TACGCTCGGTATTGGA-1,0.000013,0.011881,0.000062,0.50868,0.027933,0.451431
TACGCTGATAGTTGTA-1,0.000187,0.997945,0.000374,0.000747,0.000187,0.000561
TACGCTGCACGGTCGT-1,0.000032,0.021268,0.266524,0.320881,0.000032,0.391262
TACGCTGCTGTGTTAA-1,0.000329,0.889186,0.10785,0.001318,0.000329,0.000988
TACGGAAGCCAAACCA-1,0.000021,0.074208,0.484481,0.116541,0.224784,0.099966
TACGGCATGGACGCTA-1,0.000014,0.005376,0.11426,0.565612,0.019457,0.295281
TACGGGATGCTAGCAG-1,0.000045,0.057648,0.392015,0.537764,0.011975,0.000553
TACGGGTAATAACATA-1,0.000716,0.063896,0.332262,0.14752,0.280925,0.17468
TACGTAAAGCGGAGTG-1,0.000013,0.060443,0.16272,0.266741,0.102089,0.407994
TACGTACTAGTGCTGA-1,0.000068,0.408999,0.510787,0.019369,0.060571,0.000205
TACGTGCACTATGCTG-1,0.000042,0.265368,0.208864,0.491484,0.02932,0.004921
TACGTGGGCCCAGGGC-1,0.000027,0.03942,0.160924,0.204154,0.338342,0.257134
TACGTTTACCGGCAAT-1,0.000037,0.004501,0.211985,0.405894,0.030255,0.347328
TACTACGTGCAATGCG-1,0.000026,0.053657,0.452702,0.1683,0.241424,0.083891
TACTATGGTTCCTCAG-1,0.003309,0.158853,0.837249,0.000294,0.000074,0.000221
TACTCACAACGTAGTA-1,0.000033,0.037,0.228067,0.702492,0.013046,0.019363
TACTCATTGACGCATC-1,0.000041,0.009743,0.366398,0.521489,0.000041,0.102287
TACTCCTCTAGTTGAC-1,0.000134,0.699693,0.000267,0.110556,0.177822,0.011528
TACTCGGCACGCCGGG-1,0.000028,0.072952,0.506667,0.281326,0.0082,0.130827
TACTCGTTTGAATCAA-1,0.000015,0.000015,0.073093,0.262823,0.425542,0.238511
TACTCTCCGAACAAAT-1,0.000058,0.000058,0.393612,0.577524,0.023197,0.005551
TACTCTTACTTTACTG-1,0.00004,0.00004,0.257463,0.462751,0.057995,0.221711
TACTCTTTCGTCTTCA-1,0.000042,0.079835,0.341235,0.14114,0.390845,0.046902
TACTGAACAGATTTAG-1,0.000029,0.052338,0.391873,0.174838,0.268946,0.111975
TACTGAGGGAAGAAAG-1,0.000616,0.100181,0.387346,0.087117,0.409874,0.014866
TACTGCAATCAATTAC-1,0.00022,0.119538,0.878478,0.000882,0.00022,0.000661
TACTGCATGATTAAAT-1,0.000087,0.529147,0.000174,0.128218,0.280062,0.062311
TACTGGACAGCTCGGC-1,0.000032,0.005184,0.130992,0.560403,0.002973,0.300416
TACTGTTTCTCTGGTA-1,0.000018,0.000018,0.3289,0.607729,0.000018,0.063317
TACTTAAACATGTACA-1,0.000017,0.000017,0.118247,0.467669,0.05221,0.36184
TACTTGTTAGTAGTCC-1,0.000082,0.038726,0.88979,0.051672,0.000082,0.019649
TACTTTACTGAGCCGG-1,0.00004,0.00004,0.426535,0.504125,0.056413,0.012847
TACTTTCCGCACGCCA-1,0.000028,0.012973,0.181906,0.245345,0.078769,0.48098
TAGAAACACAATAGTG-1,0.000036,0.127993,0.871681,0.000145,0.000036,0.000109
TAGAAACCACTAAGTA-1,0.000042,0.003171,0.430804,0.563826,0.000042,0.002115
TAGAAAGGTGGCGCTA-1,0.00004,0.00004,0.502471,0.387637,0.00004,0.109773
TAGAAATTCACGTATA-1,0.000008,0.000008,0.014283,0.509702,0.018731,0.457267
TAGAACGCCAGTAACG-1,0.000355,0.005205,0.189829,0.699867,0.081362,0.023383
TAGAAGAAGGGTTACA-1,0.00003,0.029739,0.257572,0.650297,0.00003,0.062333
TAGAATAGCCGATGAA-1,0.000013,0.014266,0.226332,0.125742,0.045452,0.588195
TAGAATTAAGGGCAAC-1,0.000106,0.26744,0.731605,0.000425,0.000106,0.000318
TAGACGAAACGCCAAT-1,0.000015,0.000015,0.106012,0.342978,0.268085,0.282895
TAGACGCCCGTACCGG-1,0.000016,0.000016,0.057406,0.609682,0.015229,0.317651
TAGACTACCTAGCGTT-1,0.000061,0.000061,0.863898,0.135737,0.000061,0.000182
TAGACTCAGTTGGCCT-1,0.469403,0.529685,0.000182,0.000365,0.000091,0.000274
TAGAGATCATGCAACT-1,0.000024,0.061248,0.138814,0.180653,0.076266,0.542995
TAGAGCTACGAAGAAC-1,0.000062,0.527935,0.087415,0.350522,0.000062,0.034004
TAGAGGGAGTTTATCT-1,0.004644,0.22634,0.58727,0.051765,0.129794,0.000187
TAGAGGTTCTACTTGT-1,0.000022,0.01094,0.01267,0.117325,0.158344,0.700698
TAGAGTCTAAGCGAAC-1,0.000037,0.019922,0.802474,0.136259,0.00582,0.035487
TAGAGTGTTCCGGGTA-1,0.000415,0.013734,0.028798,0.154413,0.020312,0.782328
TAGATATGGACTGGAA-1,0.000027,0.044296,0.175345,0.258879,0.254625,0.266827
TAGATCCGAAGTCGCA-1,0.000163,0.102781,0.487457,0.408948,0.000163,0.000488
TAGATGGTTCCTTACT-1,0.000025,0.054221,0.079617,0.177236,0.057506,0.631395
TAGATTCAAAGTGCGG-1,0.000038,0.99958,0.000076,0.000153,0.000038,0.000114
TAGATTCCTGGTTATT-1,0.000045,0.004345,0.645239,0.17951,0.028987,0.141874
TAGATTCTCTAGCAAA-1,0.00003,0.007357,0.405817,0.504888,0.005679,0.076229
TAGCAACCTGTCACAA-1,0.008389,0.000035,0.572783,0.408125,0.005914,0.004754
TAGCAGATACTTAGGG-1,0.000011,0.013788,0.000235,0.037332,0.049533,0.899101
TAGCAGTATGACTAAA-1,0.00001,0.00001,0.011684,0.060115,0.027767,0.900415
TAGCCAGAGGGTCCGG-1,0.000069,0.000069,0.983376,0.016212,0.000069,0.000206
TAGCCATGATTGCCTA-1,0.000186,0.997954,0.000372,0.000744,0.000186,0.000558
TAGCCATTTCAAAGTC-1,0.000021,0.000021,0.155797,0.463366,0.01301,0.367783
TAGCCGGCGGTCAGCG-1,0.00002,0.00002,0.324814,0.543787,0.013015,0.118346
TAGCGTCCCTCGATTG-1,0.000033,0.018621,0.426243,0.372892,0.005534,0.176677
TAGCGTCCGGTGTGGT-1,0.000044,0.051232,0.578076,0.200041,0.058396,0.112212
TAGCGTCGAATATTGA-1,0.000032,0.000032,0.320427,0.476761,0.027125,0.175624
TAGCGTTGGGTCTTAC-1,0.000019,0.000019,0.031563,0.358807,0.003364,0.606228
TAGCTAAGTCCGGGAG-1,0.000035,0.004783,0.161476,0.58186,0.012495,0.23935
TAGCTAGAAGGCATGA-1,0.000026,0.038477,0.444538,0.157896,0.224808,0.134255
TAGCTAGTGATGATGG-1,0.000042,0.190108,0.793331,0.000167,0.016227,0.000125
TAGCTCACTGTGTTTG-1,0.000032,0.051189,0.067677,0.522159,0.006573,0.352371
TAGCTCAGATCCTAGT-1,0.000098,0.786291,0.212824,0.000393,0.000098,0.000295
TAGCTCGCCTGATAAC-1,0.025787,0.012069,0.184974,0.289939,0.020777,0.466454
TAGCTGATGTGAAGCG-1,0.000031,0.28973,0.119289,0.144805,0.031534,0.414611
TAGGAACAGCCTCCAG-1,0.00007,0.00007,0.638011,0.350554,0.011083,0.000211
TAGGAGGCTCGAGAAC-1,0.000026,0.010522,0.405238,0.25429,0.000026,0.329898
TAGGATCTTAACCGCA-1,0.000035,0.113809,0.229542,0.137356,0.286402,0.232856
TAGGCATGTTACGCCA-1,0.000063,0.023402,0.067392,0.813905,0.010423,0.084815
TAGGCCTATATAGTCT-1,0.000041,0.043509,0.51087,0.148973,0.010348,0.286259
TAGGCGATGAGGTCTC-1,0.000036,0.098767,0.313176,0.379487,0.11786,0.090674
TAGGCGGCTGCAAAGA-1,0.002443,0.86977,0.000057,0.057528,0.000029,0.070173
TAGGCTAAAGTGGCAC-1,0.000012,0.060338,0.065917,0.116035,0.303517,0.45418
TAGGGAGCTTGGGATG-1,0.000031,0.000031,0.042014,0.623224,0.001704,0.332996
TAGGGTGTTTCAAGAG-1,0.000061,0.000061,0.236514,0.568783,0.191646,0.002935
TAGGTCCAAGTAAGGA-1,0.000031,0.000031,0.597823,0.277922,0.063842,0.060351
TAGGTCGCCGGAACTG-1,0.000038,0.000038,0.673564,0.306555,0.000038,0.019767
TAGGTGACGATAACCT-1,0.000033,0.007132,0.487821,0.213219,0.22657,0.065224
TAGGTGAGCCCTACTC-1,0.000049,0.000049,0.613603,0.208915,0.025635,0.151748
TAGGTGCTCGCCTAGC-1,0.000024,0.000024,0.12099,0.514004,0.000024,0.364933
TAGGTGTTCCACAGAT-1,0.000015,0.086077,0.000041,0.266956,0.318189,0.328723
TAGGTTCGAGTTCGTC-1,0.000023,0.000023,0.103246,0.519063,0.014461,0.363185
TAGGTTCTGCTGAGAA-1,0.000039,0.35209,0.346397,0.088754,0.212606,0.000116
TAGTACCACAACTTTC-1,0.000033,0.798954,0.001963,0.102858,0.045468,0.050724
TAGTACCTTAGTGGTC-1,0.000037,0.000037,0.329554,0.62029,0.049216,0.000867
TAGTAGCTTATACCAG-1,0.001077,0.18423,0.090331,0.185758,0.433827,0.104777
TAGTAGTTGCCGGACA-1,0.000039,0.232285,0.263287,0.253796,0.085697,0.164895
TAGTCCCGGAGACCAC-1,0.000071,0.608099,0.363838,0.000284,0.027496,0.000213
TAGTCCGCAGAGAATG-1,0.000037,0.051508,0.467168,0.072335,0.035997,0.372956
TAGTCCGTATGCATAA-1,0.000087,0.171024,0.828197,0.000346,0.000087,0.00026
TAGTCCTGCACTAAGC-1,0.000271,0.997024,0.000541,0.001082,0.000271,0.000812
TAGTCGATCACGGGTT-1,0.000035,0.025417,0.331067,0.305098,0.006969,0.331413
TAGTCGGGATTCTTCG-1,0.000195,0.34695,0.651298,0.000779,0.000195,0.000584
TAGTCTAACAACGAGA-1,0.000016,0.053887,0.088088,0.283481,0.033049,0.54148
TAGTCTGCGGCACATT-1,0.000689,0.992424,0.001378,0.002755,0.000689,0.002066
TAGTCTGTGACGTTGC-1,0.000211,0.000211,0.99789,0.000844,0.000211,0.000633
TAGTCTTTCCGAATTG-1,0.000018,0.043861,0.199678,0.583694,0.023648,0.149102
TAGTGACAAGCTCTAC-1,0.000029,0.010831,0.494738,0.466321,0.000029,0.028052
TAGTGAGAAGTGGTTG-1,0.000034,0.000034,0.196123,0.722204,0.021086,0.06052
TAGTGCCCTCCAGAGT-1,0.000029,0.08269,0.283041,0.47223,0.011119,0.150892
TAGTGCTTGAATCCTT-1,0.000098,0.310563,0.688557,0.000391,0.000098,0.000293
TAGTGGAACTCATACA-1,0.000051,0.008543,0.795107,0.176662,0.000051,0.019586
TAGTGTCAGAAACGGC-1,0.000037,0.000037,0.506825,0.343349,0.037661,0.112092
TAGTTAAGATAGGATA-1,0.000256,0.408969,0.58873,0.001023,0.000256,0.000767
TAGTTTATTCTTGCTT-1,0.000111,0.581946,0.108751,0.096533,0.000111,0.212549
TAGTTTGATCGGTCGC-1,0.00256,0.792446,0.11353,0.090991,0.000118,0.000355
TATAAATCCACAAGCT-1,0.000033,0.048061,0.524045,0.42236,0.003844,0.001657
TATAAGTGAGGATAGC-1,0.000059,0.000059,0.707448,0.292197,0.000059,0.000177
TATACACAGACGCCTT-1,0.000023,0.016855,0.205863,0.277384,0.181418,0.318455
TATACACGCAAAGTAT-1,0.000082,0.000082,0.989962,0.009545,0.000082,0.000247
TATACCGAGTGCCACA-1,0.000014,0.000014,0.084291,0.822318,0.014867,0.078498
TATACGCGTCATCACT-1,0.00003,0.009131,0.170809,0.367529,0.316835,0.135665
TATACTCATGCGGCAA-1,0.00002,0.00002,0.302528,0.617613,0.055304,0.024514
TATAGAGTCGCTTGAA-1,0.00006,0.341842,0.65517,0.002687,0.00006,0.000181
TATAGATGGTCGCAGT-1,0.000043,0.000043,0.187289,0.618134,0.041141,0.15335
TATAGCGCACGTTATC-1,0.000012,0.03335,0.007199,0.054983,0.084052,0.820404
TATAGCTATTATCTCT-1,0.00005,0.999445,0.000101,0.000202,0.00005,0.000151
TATAGGGTACTCATGA-1,0.000033,0.108027,0.271804,0.297142,0.013611,0.309384
TATAGTTAGGTGTACT-1,0.000405,0.99555,0.000809,0.001618,0.000405,0.001214
TATATAGGGCTTTACG-1,0.000057,0.618059,0.299836,0.036921,0.044957,0.000171
TATATATCGAGAAATG-1,0.000024,0.33044,0.09781,0.21665,0.204402,0.150674
TATATCAAAGTGATCT-1,0.000075,0.999176,0.00015,0.0003,0.000075,0.000225
TATATCATTGATCAGT-1,0.000018,0.000718,0.086709,0.714449,0.033438,0.164668
TATATGCTGGGTTGCC-1,0.000026,0.004789,0.176923,0.757442,0.035061,0.025759
TATATTCGCGTCGATA-1,0.00009,0.00009,0.333875,0.373219,0.00009,0.292637
TATCAAAGGTCTGTAA-1,0.000459,0.023847,0.371251,0.517348,0.033528,0.053566
TATCACAGCACGGGCA-1,0.000029,0.016854,0.205997,0.699352,0.007509,0.070258
TATCACCATGTAAAGT-1,0.000281,0.176529,0.820946,0.001122,0.000281,0.000842
TATCACCCAACCGACC-1,0.000097,0.003632,0.930207,0.065678,0.000097,0.00029
TATCACTTCGAGTAAC-1,0.000401,0.334266,0.662128,0.001603,0.000401,0.001202
TATCAGTGGCGTAGTC-1,0.001285,0.018872,0.231062,0.177934,0.271263,0.299585
TATCCAATTGGTTATC-1,0.000034,0.000034,0.182796,0.233604,0.161676,0.421856
TATCCATATCATGCGA-1,0.000116,0.000116,0.757522,0.241463,0.000434,0.000349
TATCCATCTCGGTTAG-1,0.000033,0.629175,0.031033,0.044564,0.235913,0.059281
TATCCCTCGATCTGCA-1,0.000023,0.047727,0.073523,0.381244,0.30208,0.195403
TATCCGCACCGTCGGG-1,0.000041,0.125658,0.73463,0.009324,0.12675,0.003596
TATCCTATCAACTGGT-1,0.000037,0.145723,0.33605,0.026526,0.447168,0.044496
TATCCTGCATGGGAAT-1,0.000123,0.123791,0.53837,0.337224,0.000123,0.000369
TATCGATCTATGCATA-1,0.000065,0.000065,0.48937,0.493555,0.01407,0.002875
TATCGATGATTAAACG-1,0.000026,0.008799,0.097986,0.784517,0.083805,0.024867
TATCTACAGAGGTAAT-1,0.000023,0.000651,0.126495,0.546225,0.005075,0.321531
TATCTACCACAGCGGG-1,0.000032,0.01609,0.318002,0.07643,0.008183,0.581264
TATCTAGCCTAAAGGA-1,0.000019,0.008817,0.320374,0.395882,0.018432,0.256477
TATCTGAGCCGATATT-1,0.000098,0.632697,0.366418,0.000394,0.000098,0.000295
TATCTTGCAATACAAC-1,0.000012,0.034839,0.059452,0.320591,0.448631,0.136475
TATGAAGAATTAAGGT-1,0.000026,0.038335,0.319825,0.100372,0.037602,0.50384
TATGAAGACAGGTGCG-1,0.000022,0.000022,0.320581,0.4753,0.0242,0.179876
TATGACCTTGCGCTGG-1,0.00002,0.021799,0.191726,0.052087,0.229931,0.504437
TATGATAAATCTAACG-1,0.000055,0.015049,0.49322,0.468951,0.019306,0.003418
TATGATCCGGCACGCC-1,0.000134,0.000134,0.998662,0.000535,0.000134,0.000401
TATGATCTTCTCTTTA-1,0.000029,0.050085,0.143617,0.446251,0.05371,0.306309
TATGATTCTGCTTGGT-1,0.000028,0.000028,0.137812,0.729375,0.030472,0.102286
TATGCTCCCTACTTAC-1,0.000147,0.000147,0.366392,0.632723,0.000147,0.000442
TATGGAGTTTCTCGTT-1,0.000046,0.000046,0.396742,0.580836,0.022193,0.000137
TATGGATGTGCTACGC-1,0.000068,0.000068,0.415601,0.583991,0.000068,0.000204
TATGGCAGACTTTCGA-1,0.000039,0.000039,0.704252,0.28018,0.015373,0.000117
TATGGCCCGGCCTCGC-1,0.000036,0.015972,0.589347,0.321157,0.000036,0.073452
TATGGGACCGAGCAGG-1,0.000031,0.005193,0.389545,0.378323,0.000031,0.226876
TATGGGTACGTATCGT-1,0.000041,0.064519,0.43054,0.379068,0.000041,0.125791
TATGGTCTGAGTAACA-1,0.000019,0.000019,0.23989,0.349152,0.000019,0.410902
TATGGTTAGTGGGAGA-1,0.000037,0.000037,0.304089,0.587551,0.006714,0.101573
TATGTAAAGTGCTTAA-1,0.000042,0.863277,0.136342,0.000169,0.000042,0.000127
TATGTAGAAACCCGGC-1,0.000038,0.360958,0.534193,0.043232,0.055731,0.005848
TATGTCAAGACCGACT-1,0.000147,0.108465,0.890214,0.000587,0.000147,0.00044
TATGTCTCATTGTGCC-1,0.000043,0.000043,0.448836,0.425088,0.005378,0.120611
TATTAACACCAAAGCA-1,0.006062,0.01514,0.151348,0.249286,0.196188,0.381976
TATTAACCTGACCGCG-1,0.000045,0.53653,0.36009,0.088726,0.014472,0.000136
TATTATGTTTGCCTGC-1,0.001043,0.072844,0.248641,0.161123,0.24518,0.271169
TATTCAATTCTAATCC-1,0.000014,0.000014,0.015277,0.503124,0.000581,0.48099
TATTCCACTCAGCTCG-1,0.000058,0.021604,0.577627,0.119209,0.241136,0.040366
TATTCCGAGCTGTTAT-1,0.000042,0.010154,0.556295,0.015328,0.002055,0.416126
TATTCCGGCAGTCCTA-1,0.002652,0.000035,0.121896,0.72391,0.077417,0.074089
TATTCCTCCGCCCACT-1,0.00094,0.000033,0.320073,0.053612,0.175682,0.449658
TATTCGTGCCAGAATA-1,0.000016,0.021982,0.006154,0.562809,0.01594,0.3931
TATTGACATTTCTGCC-1,0.000051,0.008298,0.96388,0.027565,0.000051,0.000154
TATTGCCGGGCTTGTA-1,0.000037,0.000037,0.508697,0.193159,0.000037,0.298034
TATTTAGTCTAGATCG-1,0.000117,0.000117,0.44515,0.554146,0.000117,0.000352
TATTTATACCGAGTAG-1,0.000453,0.11355,0.882374,0.001812,0.000453,0.001359
TATTTGATTTGCACAG-1,0.000036,0.000154,0.569591,0.248258,0.000036,0.181924
TATTTGTTACCCTTTA-1,0.000055,0.000055,0.040229,0.802052,0.003563,0.154045
TCAAACAACCGCGTCG-1,0.000057,0.000057,0.1508,0.691203,0.027492,0.130391
TCAAACAATTAGGACA-1,0.000192,0.485092,0.513176,0.00077,0.000192,0.000577
TCAAACTTAGATTGTT-1,0.00003,0.00003,0.171423,0.673737,0.001339,0.15344
TCAAAGAGCTATCTGT-1,0.000018,0.013363,0.225753,0.123975,0.372909,0.263982
TCAAAGTCACGGCGTC-1,0.000244,0.997312,0.000489,0.000978,0.000244,0.000733
TCAAATTATGTTCGAC-1,0.003752,0.000029,0.217791,0.682297,0.000025,0.096108
TCAAATTGTTGTGCCG-1,0.000021,0.022986,0.560742,0.116028,0.216155,0.084067
TCAAATTTGAGACTCA-1,0.00002,0.00002,0.159894,0.291805,0.352717,0.195545
TCAACAAAGATAATTC-1,0.000025,0.039266,0.469377,0.183571,0.219312,0.08845
TCAACACATTGGGTAA-1,0.000138,0.23489,0.763866,0.000553,0.000138,0.000415
TCAACATAGCGCCCTA-1,0.000039,0.211046,0.500923,0.114816,0.072645,0.10053
TCAACATCGACCGAGA-1,0.000019,0.142513,0.190811,0.073596,0.079663,0.513398
TCAACCATGTTCGGGC-1,0.000027,0.000027,0.088844,0.783909,0.016748,0.110444
TCAACGAGGAGACAAA-1,0.000025,0.014507,0.37893,0.063127,0.021717,0.521694
TCAACGCAGGAAATAA-1,0.000542,0.10874,0.306268,0.179611,0.264071,0.140768
TCAACGCGACCGGCAG-1,0.000016,0.056779,0.021099,0.392821,0.01493,0.514356
TCAACTAACGTATAAC-1,0.00002,0.008491,0.628077,0.325439,0.010486,0.027488
TCAACTGCAGAGTCAG-1,0.000025,0.015407,0.334236,0.495988,0.032292,0.122053
TCAAGAAATACTAGCT-1,0.000057,0.000057,0.916419,0.083242,0.000057,0.00017
TCAAGCGCGGACGGTA-1,0.000021,0.000204,0.387385,0.440971,0.00825,0.163169
TCAAGGTTACTACACC-1,0.000032,0.027487,0.319005,0.38,0.032717,0.240759
TCAATACAATTGCTGC-1,0.000014,0.010719,0.263996,0.469755,0.033385,0.222129
TCAATACGCCGTCATG-1,0.000049,0.161341,0.726315,0.041298,0.065386,0.00561
TCAATATACAGGAGGC-1,0.000026,0.048706,0.376441,0.36742,0.078401,0.129006
TCAATCCCGCGCCAAA-1,0.001304,0.029725,0.114806,0.632668,0.004476,0.217021
TCAATCCGGGAAGTTT-1,0.000029,0.080108,0.24356,0.253949,0.060438,0.361916
TCACAAACCGAGGTAC-1,0.000015,0.027015,0.428689,0.112404,0.092025,0.339853
TCACAGATCCTCAAAC-1,0.000049,0.087386,0.571691,0.178763,0.079339,0.082771
TCACAGCAAACTCGAA-1,0.000016,0.07919,0.348727,0.187311,0.2558,0.128956
TCACAGGAGAATAAGA-1,0.000415,0.066365,0.069568,0.332088,0.362696,0.168869
TCACAGGGAATCGCAA-1,0.000017,0.000017,0.144168,0.128593,0.062773,0.664432
TCACAGGTTATTGGGC-1,0.000035,0.000035,0.428788,0.311761,0.000035,0.259347
TCACATCTTATCTGAT-1,0.000039,0.000039,0.215259,0.580685,0.001576,0.202402
TCACCCTCTTAAGATT-1,0.000025,0.029968,0.048587,0.114238,0.003389,0.803791
TCACCGCTCGGCACTC-1,0.000027,0.000027,0.181699,0.609509,0.011111,0.197626
TCACGATGTCCGTGGA-1,0.002759,0.060154,0.342537,0.226112,0.217023,0.151415
TCACGATTAATACGTT-1,0.000318,0.724496,0.000636,0.001272,0.000318,0.272959
TCACGCATTGTAGATC-1,0.000037,0.029016,0.14853,0.668556,0.000037,0.153824
TCACGGCCCAAGAGAG-1,0.000109,0.998805,0.000217,0.000435,0.000109,0.000326
TCACGGTCATCGCACA-1,0.000039,0.000039,0.485599,0.382307,0.020216,0.111801
TCACGTGCCCGATTCA-1,0.000022,0.06626,0.177224,0.358556,0.013088,0.38485
TCACTACGACCAATGC-1,0.000399,0.46288,0.533531,0.001595,0.000399,0.001196
TCACTATCCCTTCGGT-1,0.000038,0.081319,0.462049,0.14589,0.085881,0.224823
TCACTATCGTGCAATC-1,0.000045,0.000045,0.151852,0.845494,0.001061,0.001504
TCACTCAGCGCATTAG-1,0.000041,0.000041,0.416914,0.518629,0.00385,0.060525
TCACTCGTGCAACGGC-1,0.000215,0.701601,0.296461,0.000861,0.000215,0.000646
TCACTCTTCGTCTGTC-1,0.00008,0.005772,0.972925,0.020903,0.00008,0.00024
TCAGAACCTCCACAGG-1,0.000056,0.018745,0.598424,0.344741,0.005125,0.032909
TCAGAACGGCGGTAAT-1,0.000012,0.016289,0.003759,0.21685,0.334246,0.428844
TCAGACGCTATAGAAG-1,0.000031,0.03783,0.411633,0.113042,0.020781,0.416684
TCAGAGCATGTCAACG-1,0.00009,0.999012,0.00018,0.000359,0.00009,0.000269
TCAGAGGACGCGTTAG-1,0.002063,0.001553,0.039586,0.248101,0.221101,0.487595
TCAGAGTGTGAGCATG-1,0.000124,0.044101,0.000249,0.882738,0.000124,0.072663
TCAGCAAATGCATCTC-1,0.000028,0.000028,0.256777,0.630158,0.023395,0.089613
TCAGCAGTAGGCCCTG-1,0.000046,0.11884,0.652816,0.023442,0.083275,0.121579
TCAGCCAATCCGTAAA-1,0.000018,0.03639,0.218097,0.332024,0.017939,0.395532
TCAGCGCACGCCGTTT-1,0.000026,0.116438,0.074657,0.298375,0.177359,0.333144
TCAGCTTGAGCTTTCG-1,0.000032,0.31208,0.000063,0.303957,0.194185,0.189683
TCAGGGCGACTTCCTT-1,0.000024,0.023408,0.380047,0.508265,0.007306,0.08095
TCAGGGCGCAAACTCG-1,0.000017,0.000017,0.088062,0.849703,0.023485,0.038717
TCAGGGTGCACGAAAC-1,0.000139,0.086637,0.912113,0.000556,0.000139,0.000417
TCAGGGTGTAACGTAA-1,0.000108,0.000108,0.457832,0.366696,0.000108,0.175147
TCAGGTTCTTTGAGAA-1,0.000047,0.039554,0.492449,0.216666,0.000047,0.251238
TCAGTACTGACCCGCG-1,0.000024,0.006572,0.221065,0.625646,0.047148,0.099546
TCAGTAGGGACTATAA-1,0.000025,0.121288,0.377506,0.214865,0.060045,0.226271
TCAGTGTATACGTCAT-1,0.000046,0.144694,0.397684,0.157203,0.184554,0.11582
TCAGTTACGGAATGAT-1,0.000051,0.000051,0.379597,0.597306,0.000051,0.022943
TCATAAGTCCAAGAAG-1,0.00002,0.000523,0.166069,0.674097,0.00375,0.155541
TCATACTTACAGATCC-1,0.000056,0.000056,0.642942,0.318557,0.000082,0.038307
TCATATGAGCTTTGTT-1,0.000041,0.213693,0.062876,0.280265,0.337053,0.106073
TCATCACTCGAGCTCG-1,0.000109,0.115531,0.883485,0.000437,0.000109,0.000328
TCATCCATCTGATCAC-1,0.000097,0.998935,0.000194,0.000387,0.000097,0.00029
TCATCCCAGAGGGTGG-1,0.000178,0.070738,0.927659,0.000712,0.000178,0.000534
TCATCCTCAGCTGCTT-1,0.00004,0.00004,0.486158,0.162091,0.150172,0.201498
TCATCGACGACCGTCG-1,0.000024,0.000024,0.045232,0.348492,0.389675,0.216554
TCATCGATGGTCCCAA-1,0.000582,0.005234,0.036941,0.294824,0.508433,0.153987
TCATGAAGCGCTGCAT-1,0.000098,0.998919,0.000197,0.000393,0.000098,0.000295
TCATGCAGGTTCTCAT-1,0.000223,0.000223,0.997766,0.000894,0.000223,0.00067
TCATGGAGGCCTTTGT-1,0.000029,0.02045,0.046221,0.763413,0.000029,0.169858
TCATTCGTATAATTTG-1,0.000223,0.204921,0.793068,0.000894,0.000223,0.00067
TCATTTAGAAGTGTGA-1,0.000026,0.003975,0.462535,0.412366,0.018618,0.10248
TCCAACTCAGCTATCT-1,0.00003,0.172852,0.288126,0.22676,0.120831,0.191401
TCCAACTTTAAATTCT-1,0.000022,0.027361,0.188661,0.198687,0.074526,0.510743
TCCAAGCCTAGACACA-1,0.000009,0.000009,0.005489,0.330885,0.375985,0.287622
TCCAATAAAGGCTACC-1,0.000029,0.232733,0.706223,0.025669,0.035261,0.000086
TCCAATGCGTCGCCGC-1,0.000053,0.71925,0.206055,0.000211,0.074272,0.000159
TCCACAATGGTTTACG-1,0.000022,0.02488,0.204566,0.491989,0.024468,0.254074
TCCACATCGTATATTG-1,0.000034,0.074657,0.317361,0.250931,0.320508,0.03651
TCCACCAAGACATAGG-1,0.000016,0.030066,0.18059,0.391951,0.073103,0.324273
TCCACCTCTAGCCTTT-1,0.000043,0.253812,0.730709,0.000172,0.015137,0.000128
TCCACTTTATCTAGGT-1,0.000109,0.029702,0.292467,0.628365,0.000109,0.049247
TCCAGAGCACCGGTTC-1,0.000023,0.040933,0.123373,0.289328,0.046943,0.4994
TCCAGATGTACGCCAA-1,0.000161,0.138141,0.860411,0.000644,0.000161,0.000483
TCCAGCGCTATAAGCG-1,0.000019,0.002443,0.349686,0.509377,0.017053,0.121422
TCCAGGCAGGACGATC-1,0.005876,0.657271,0.336473,0.00019,0.000047,0.000142
TCCAGGCGAGTACGGT-1,0.000046,0.000046,0.300711,0.520931,0.012626,0.16564
TCCAGGGTATATACGA-1,0.000039,0.09643,0.299103,0.276381,0.180596,0.147451
TCCATCAATACTAATC-1,0.000035,0.952703,0.000069,0.000138,0.039022,0.008034
TCCATTAGTTGGATAG-1,0.000059,0.000059,0.499122,0.375647,0.105303,0.01981
TCCATTGTGACCTCGT-1,0.000189,0.02505,0.602597,0.371411,0.000189,0.000566
TCCCAAACAGACAACG-1,0.00015,0.234618,0.764028,0.000602,0.00015,0.000451
TCCCAAACATCCTCTA-1,0.000149,0.998357,0.000299,0.000597,0.000149,0.000448
TCCCAAAGACGAAGGA-1,0.000058,0.014551,0.308357,0.642258,0.000058,0.034718
TCCCAAAGCCCTAAAT-1,0.000019,0.00172,0.468942,0.442131,0.071134,0.016055
TCCCAATATCGACGAC-1,0.000021,0.059881,0.079683,0.186104,0.033844,0.640467
TCCCACGGAGGGAGCT-1,0.000085,0.000085,0.692206,0.261889,0.044265,0.00147
TCCCACTCTCTTCCGG-1,0.000041,0.000041,0.377132,0.492165,0.001887,0.128734
TCCCAGCACACGACAT-1,0.000025,0.034906,0.024931,0.812816,0.013085,0.114238
TCCCAGCTTTAGTCTG-1,0.000028,0.000028,0.084973,0.507443,0.004027,0.4035
TCCCAGGCTTAGCTAA-1,0.000026,0.000026,0.312469,0.471282,0.003092,0.213105
TCCCGCGTACTCCTGG-1,0.007244,0.000031,0.072554,0.709299,0.03448,0.176393
TCCCGGGTGTGCTGCT-1,0.000032,0.003766,0.537231,0.282232,0.004125,0.172615
TCCCGGTCAGGAATTT-1,0.000175,0.059438,0.850503,0.089186,0.000175,0.000524
TCCCGTCAGTCCCGCA-1,0.000077,0.000077,0.169792,0.636436,0.012388,0.18123
TCCCGTCGCGTCATAG-1,0.000074,0.000074,0.999258,0.000297,0.000074,0.000223
TCCCGTGTGCAATTTG-1,0.002522,0.002861,0.222817,0.162904,0.051497,0.557399
TCCCTAGATCAATAGG-1,0.000116,0.026165,0.972794,0.000463,0.000116,0.000347
TCCCTCCGAAATCGTT-1,0.000034,0.154252,0.414456,0.415202,0.002642,0.013415
TCCCTCTTCTCAAGGG-1,0.000032,0.009471,0.524075,0.310191,0.000032,0.156199
TCCCTGGCGTATTAAC-1,0.000019,0.08548,0.098668,0.277963,0.417827,0.120044
TCCCTGGCTCGCTGGA-1,0.000036,0.01552,0.232276,0.424859,0.010994,0.316316
TCCCTTAGATTACTCG-1,0.000266,0.137027,0.860577,0.001065,0.000266,0.000799
TCCCTTGTCTGAAACT-1,0.000022,0.00751,0.351719,0.390824,0.01016,0.239765
TCCGAACGTTGCCGCT-1,0.00003,0.00003,0.352013,0.537148,0.013097,0.097682
TCCGAACTTGGCTTAC-1,0.000033,0.00762,0.343075,0.398702,0.012444,0.238125
TCCGAATGGTCCTGAG-1,0.000045,0.002873,0.960259,0.03565,0.00104,0.000134
TCCGACCGCTAATCAA-1,0.000037,0.999594,0.000074,0.000148,0.000037,0.000111
TCCGAGAAGGCTAAGC-1,0.058843,0.001182,0.262867,0.611353,0.015873,0.049882
TCCGATAATTGCCATA-1,0.000097,0.102797,0.81734,0.057393,0.022081,0.000292
TCCGATGACTGAGCTC-1,0.000031,0.000031,0.025661,0.71888,0.025461,0.229936
TCCGATGGTGCGACAT-1,0.000072,0.065207,0.241298,0.60214,0.000072,0.091211
TCCGATTACATTGCCG-1,0.000034,0.04289,0.39817,0.338664,0.004068,0.216173
TCCGCAGCCACCTAGC-1,0.000194,0.59242,0.405832,0.000777,0.000194,0.000583
TCCGCCTGTCTACAAG-1,0.000042,0.026975,0.44866,0.155487,0.151654,0.217183
TCCGCGGCAGCATCTG-1,0.000023,0.000023,0.258176,0.553188,0.003824,0.184766
TCCGCGGCCCAATGAA-1,0.000009,0.000009,0.028759,0.407609,0.006605,0.55701
TCCGCTGGGTCGATCG-1,0.000326,0.546207,0.000651,0.001302,0.000326,0.451189
TCCGCTGTCATCCCGG-1,0.000022,0.041517,0.120498,0.170705,0.056846,0.610411
TCCGCTTATCCCATTA-1,0.000034,0.019155,0.277059,0.075787,0.141296,0.486669
TCCGGCCTAGCGTACA-1,0.000057,0.000057,0.695875,0.280318,0.000057,0.023637
TCCGGCCTGCATCGAT-1,0.000031,0.000031,0.16572,0.734514,0.000342,0.099361
TCCGGCTGTCGGGTCG-1,0.000045,0.000045,0.00009,0.770502,0.000045,0.229272
TCCGGGCCACTAACGG-1,0.000017,0.002915,0.019255,0.20731,0.018998,0.751504
TCCGGGCTTGACGGGA-1,0.000025,0.144664,0.165948,0.161596,0.215584,0.312183
TCCGGTTCGTCCGGTC-1,0.000039,0.061498,0.312637,0.307843,0.129758,0.188225
TCCGTAACCACAATCC-1,0.000017,0.042258,0.216906,0.679681,0.035869,0.025269
TCCGTTAAGCTAATAT-1,0.00002,0.097772,0.203376,0.415603,0.0131,0.270128
TCCGTTTAGCCTTGAA-1,0.000079,0.034896,0.291544,0.629736,0.000079,0.043666
TCCTAAAGATTCAGAC-1,0.00002,0.217171,0.272257,0.137045,0.208794,0.164713
TCCTAAATTGGGAAGC-1,0.000021,0.011139,0.292014,0.253855,0.242925,0.200047
TCCTAACCGTCGGGCA-1,0.000017,0.008186,0.021593,0.090504,0.676924,0.202776
TCCTACATCCACGGCC-1,0.000021,0.015344,0.147961,0.182562,0.074297,0.579816
TCCTAGCAAAGAAGCT-1,0.000013,0.034306,0.118742,0.191907,0.071265,0.583767
TCCTATCATAGGTAAC-1,0.000846,0.000014,0.213376,0.726986,0.013011,0.045767
TCCTCCTAAGACATTC-1,0.000026,0.061011,0.317194,0.126318,0.209054,0.286397
TCCTCGGGCTGGGCTT-1,0.000038,0.059312,0.343123,0.385309,0.009081,0.203136
TCCTCTACGAGATGGC-1,0.000052,0.043752,0.358113,0.509897,0.000381,0.087805
TCCTCTCCAGTTGTCC-1,0.000038,0.038243,0.687298,0.214086,0.004515,0.055819
TCCTCTGGCCCATTAG-1,0.000468,0.000468,0.995318,0.001873,0.000468,0.001405
TCCTGCAGCCGCCAAT-1,0.000558,0.096619,0.172012,0.246205,0.260638,0.223968
TCCTGCCAACTGGAGA-1,0.000417,0.421492,0.574758,0.001667,0.000417,0.00125
TCCTGCGTTGATACTC-1,0.00004,0.052517,0.377838,0.290453,0.075288,0.203864
TCCTGGCGCTGCCTGG-1,0.000108,0.998809,0.000216,0.000433,0.000108,0.000325
TCCTTACGACGGTCCG-1,0.000034,0.036904,0.409082,0.390228,0.000136,0.163616
TCCTTCAATCCCTACG-1,0.001902,0.095527,0.247253,0.172776,0.04158,0.440962
TCCTTGTCCTTTAATT-1,0.000045,0.149812,0.61726,0.041969,0.178289,0.012625
TCCTTTAAATCCGCTT-1,0.000048,0.000048,0.505939,0.151521,0.036813,0.305632
TCCTTTCTTACGCTTA-1,0.000074,0.000074,0.556802,0.275291,0.015989,0.151769
TCGAAATTTAGGACCA-1,0.000028,0.000028,0.392274,0.396673,0.001181,0.209817
TCGAAGAACCGAGCAC-1,0.000021,0.000021,0.29882,0.523449,0.003346,0.174342
TCGAATATCCCGCAGG-1,0.000033,0.110225,0.25254,0.209948,0.21224,0.215014
TCGAATCGCAGGGTAG-1,0.004453,0.679474,0.190359,0.125503,0.000053,0.000159
TCGACAACTGAACCCG-1,0.000018,0.104885,0.43847,0.137348,0.20379,0.115489
TCGACATAGCGTAGCG-1,0.000258,0.911355,0.000516,0.086839,0.000258,0.000774
TCGACTGACGATGGCT-1,0.000028,0.000028,0.077905,0.628456,0.001342,0.292241
TCGAGACCAACACCGT-1,0.004989,0.057292,0.503355,0.245437,0.029373,0.159553
TCGAGCCAGGCAGGCC-1,0.000035,0.063928,0.298919,0.16729,0.331465,0.138363
TCGAGGGCAACAGACG-1,0.000018,0.012263,0.207719,0.640584,0.009784,0.129632
TCGAGTCTACGATTCG-1,0.000026,0.076435,0.282913,0.262392,0.163319,0.214916
TCGATAGGCTAGTCGC-1,0.000125,0.000125,0.479648,0.418025,0.000125,0.101952
TCGATGTTACGGCCGT-1,0.0002,0.847267,0.000401,0.000801,0.039361,0.11197
TCGATTTACGAAACGA-1,0.003688,0.325374,0.347701,0.226152,0.096628,0.000457
TCGCAAAGATGCATTT-1,0.000038,0.040772,0.509881,0.071675,0.047053,0.330581
TCGCACCAGGAGGCAG-1,0.000045,0.059374,0.650519,0.062148,0.011859,0.216055
TCGCACTAACGTTTGT-1,0.000056,0.739579,0.156936,0.103204,0.000056,0.000168
TCGCATAAAGGGCGCA-1,0.000012,0.000012,0.068065,0.559521,0.000303,0.372086
TCGCATCCCTAAGTGT-1,0.00013,0.137019,0.861814,0.000518,0.00013,0.000389
TCGCATTCAATGACTT-1,0.000202,0.000202,0.791566,0.20722,0.000202,0.000607
TCGCCACCCGGATTAC-1,0.000093,0.998972,0.000187,0.000374,0.000093,0.00028
TCGCCCAACTGACTCC-1,0.000282,0.404697,0.592769,0.001126,0.000282,0.000845
TCGCCCACTGCGAGAG-1,0.000019,0.000019,0.143832,0.437213,0.04036,0.378558
TCGCCGAAGTTGCGTC-1,0.000057,0.116826,0.592786,0.150623,0.027834,0.111875
TCGCCGACATATTCGC-1,0.000021,0.051984,0.385088,0.095892,0.224638,0.242377
TCGCCGCACCGCGTGA-1,0.000036,0.070272,0.440263,0.151409,0.087147,0.250874
TCGCCGGAGAGTCTTA-1,0.000022,0.000022,0.110781,0.810684,0.037235,0.041257
TCGCCGGATGGGCAAG-1,0.00002,0.000062,0.288575,0.49522,0.010035,0.206089
TCGCCGGTCGATCCGT-1,0.000087,0.477136,0.144752,0.306606,0.000087,0.071332
TCGCCTCCTTCGGCTC-1,0.00329,0.084022,0.152231,0.413047,0.068136,0.279274
TCGCCTCGACCTGTTG-1,0.000031,0.03129,0.42726,0.513957,0.02737,0.000093
TCGCGCGTTTACATGA-1,0.000186,0.540192,0.000372,0.026423,0.282187,0.150639
TCGCGTAGCAGTGTCC-1,0.001111,0.001111,0.294747,0.004445,0.001111,0.697475
TCGCGTCCAGAAGGTC-1,0.000021,0.061562,0.097673,0.541009,0.0286,0.271135
TCGCTAAACCGCTATC-1,0.000182,0.016729,0.98163,0.000729,0.000182,0.000547
TCGCTACTGGCTTTGA-1,0.000036,0.000036,0.227283,0.161937,0.521312,0.089396
TCGCTCGATATATTCC-1,0.000092,0.006967,0.647919,0.233876,0.000092,0.111055
TCGCTCGGCACCAGCG-1,0.000213,0.151172,0.846909,0.000853,0.000213,0.000639
TCGCTGCCAATGCTGT-1,0.000025,0.032575,0.231291,0.27854,0.321146,0.136422
TCGCTGGGCGGATTGT-1,0.000148,0.073377,0.282834,0.253046,0.37851,0.012085
TCGCTGTGCGTAAATC-1,0.000123,0.122708,0.678072,0.198604,0.000123,0.00037
TCGCTTTAAACGTTTG-1,0.000045,0.007679,0.467218,0.515485,0.00685,0.002723
TCGGAATGACCATCAA-1,0.000062,0.013438,0.475091,0.505455,0.005767,0.000187
TCGGAATGCGCTCTGA-1,0.000024,0.000024,0.099283,0.738212,0.00477,0.157687
TCGGACGCCCAGCCCA-1,0.000053,0.00525,0.618165,0.258526,0.000053,0.117953
TCGGAGAGTATCGGGA-1,0.000031,0.086688,0.22078,0.062924,0.222654,0.406923
TCGGAGTACATGAGTA-1,0.000061,0.000061,0.766489,0.072366,0.000061,0.160961
TCGGAGTCCTGGTTGC-1,0.00647,0.734015,0.000524,0.187916,0.070288,0.000786
TCGGATCTGGATGACC-1,0.000097,0.778599,0.000193,0.002384,0.011155,0.207573
TCGGCAGGGTTAAGGG-1,0.000067,0.165425,0.302664,0.294487,0.000067,0.23729
TCGGCGAACCCAAACC-1,0.000014,0.003633,0.35458,0.501513,0.026609,0.11365
TCGGCGTACTGCACAA-1,0.000013,0.033863,0.116104,0.149272,0.175776,0.524972
TCGGCTAACTTCCCTT-1,0.005909,0.000066,0.251897,0.735158,0.000066,0.006904
TCGGCTTGTATCGACG-1,0.000017,0.019354,0.013546,0.108733,0.094617,0.763732
TCGGGAACGTGCCTAG-1,0.000047,0.000047,0.519513,0.350819,0.119255,0.010319
TCGGGAGACAGCGTAC-1,0.000025,0.066895,0.218054,0.272845,0.346201,0.09598
TCGGGATTCAAACATA-1,0.000025,0.031485,0.406482,0.230071,0.056841,0.275096
TCGGGCACTTCTGGAT-1,0.000018,0.000018,0.05109,0.764576,0.036201,0.148096
TCGGGCCGTCGTGGTA-1,0.00006,0.00006,0.721225,0.256967,0.00006,0.021627
TCGGGTGAAACTGCTA-1,0.000072,0.003248,0.459985,0.5351,0.000072,0.001522
TCGGTCCCGACAATAG-1,0.000016,0.021793,0.057066,0.192617,0.468002,0.260506
TCGGTCCCTGACTCCA-1,0.000322,0.222135,0.774969,0.001287,0.000322,0.000965
TCGGTTAGCCATGTAG-1,0.000103,0.080945,0.871831,0.046708,0.000103,0.000309
TCGTAAGACGACATTG-1,0.000118,0.029076,0.306008,0.4583,0.000118,0.20638
TCGTACCGACGTCAAG-1,0.008229,0.077957,0.004762,0.27543,0.577923,0.0557
TCGTATAGTGCAATTA-1,0.000133,0.142226,0.520005,0.310057,0.000133,0.027447
TCGTATCACCAAGCTA-1,0.000166,0.195967,0.802539,0.000664,0.000166,0.000498
TCGTATTACCCATTGC-1,0.000045,0.015755,0.393345,0.300032,0.00078,0.290043
TCGTATTTCGTCCGGA-1,0.000097,0.000097,0.676982,0.322437,0.000097,0.00029
TCGTCAAGTACGCGCA-1,0.000035,0.094373,0.39309,0.095992,0.282982,0.133528
TCGTCACACTGTTAGC-1,0.000019,0.000019,0.045867,0.707515,0.000019,0.246561
TCGTCCGCTGGCGTCT-1,0.000021,0.000021,0.046161,0.822418,0.016272,0.115107
TCGTCTTAGGCGTTAA-1,0.002519,0.172065,0.228909,0.279399,0.032011,0.285098
TCGTGTACTATGGATG-1,0.000617,0.000617,0.530767,0.030169,0.000617,0.437212
TCGTGTATTGGTCACG-1,0.000067,0.000067,0.000135,0.562332,0.018089,0.41931
TCGTGTCACGCTGACA-1,0.00008,0.088474,0.383016,0.118845,0.00008,0.409505
TCGTGTTCGACCACAA-1,0.000035,0.044865,0.209952,0.526295,0.013782,0.20507
TCGTTAGGAGTCCCTA-1,0.000021,0.060054,0.053235,0.302775,0.346311,0.237604
TCGTTCGTTATTATGT-1,0.000074,0.352856,0.260246,0.233163,0.000074,0.153588
TCGTTGACAGGGTCCC-1,0.000018,0.012433,0.198927,0.594406,0.008288,0.185928
TCGTTGCTATCCGGTC-1,0.000046,0.073609,0.449288,0.286572,0.031268,0.159217
TCGTTGGCTCGTCAAT-1,0.000226,0.000226,0.88489,0.113755,0.000226,0.000678
TCGTTTACGCGACCCT-1,0.000038,0.057258,0.295123,0.145385,0.282258,0.219939
TCTAAAGAACAGTCTC-1,0.000521,0.015599,0.150224,0.169763,0.501163,0.162729
TCTAACCTAGCCTGCG-1,0.000013,0.000013,0.057309,0.483059,0.004084,0.455521
TCTAACTGTATGTAAA-1,0.000019,0.022768,0.290387,0.58724,0.022042,0.077544
TCTAATACTGCCTCAG-1,0.000036,0.261788,0.162957,0.277533,0.111517,0.18617
TCTACACGTTCATGCA-1,0.000059,0.000059,0.464143,0.533843,0.001718,0.000178
TCTACCCAATAGAGAG-1,0.000016,0.000016,0.183993,0.511097,0.054019,0.25086
TCTACCCGCATCATTT-1,0.000018,0.07821,0.008236,0.375558,0.000018,0.537959
TCTACCGTCCACAAGC-1,0.000104,0.000104,0.63443,0.266626,0.045665,0.053071
TCTACGCACGATCTCC-1,0.000122,0.99866,0.000244,0.000487,0.000122,0.000366
TCTAGCAATCTCCGCC-1,0.000039,0.224796,0.412045,0.059767,0.005408,0.297945
TCTAGCATCTTCGATG-1,0.000041,0.000041,0.348472,0.573124,0.000041,0.078281
TCTAGCATGCCCAGAA-1,0.000016,0.002376,0.132655,0.086744,0.024616,0.753592
TCTAGGTGGCGACGCT-1,0.000058,0.000058,0.343707,0.628745,0.017108,0.010325
TCTAGTGATATCGTGG-1,0.000047,0.031594,0.345379,0.612572,0.000047,0.01036
TCTAGTTATCAGAAGA-1,0.000052,0.000052,0.567176,0.3693,0.009672,0.053749
TCTATAGGTGGGTAAT-1,0.00003,0.00003,0.340937,0.271631,0.010135,0.377237
TCTATCATGCAGTTAC-1,0.000131,0.000131,0.998692,0.000523,0.000131,0.000392
TCTATCCGATTGCACA-1,0.000032,0.000617,0.345412,0.192883,0.361084,0.099973
TCTATCGGTCGCAACA-1,0.000118,0.000118,0.308514,0.654644,0.011015,0.025591
TCTATGCTATAACGAC-1,0.000029,0.094646,0.389169,0.121644,0.182516,0.211995
TCTATTACGCTGGCGA-1,0.000175,0.244581,0.753844,0.0007,0.000175,0.000525
TCTATTACTAGAGGAT-1,0.000028,0.002059,0.261065,0.329195,0.019981,0.387671
TCTCAAATCAATCGGG-1,0.000018,0.152666,0.207419,0.223964,0.143077,0.272857
TCTCAGGCTACTCGCT-1,0.001106,0.029965,0.442769,0.464375,0.00714,0.054646
TCTCATGAGATAGGGT-1,0.000027,0.000027,0.199578,0.200956,0.171226,0.428187
TCTCCAACGTAGGTTA-1,0.000052,0.000052,0.257678,0.704924,0.037137,0.000156
TCTCCACAAGTTGAAT-1,0.000021,0.067327,0.367158,0.124898,0.11279,0.327806
TCTCCCTGGGCAGCGT-1,0.000052,0.164602,0.549216,0.062596,0.051963,0.17157
TCTCGAACGAGGTCAC-1,0.000496,0.289677,0.705859,0.001984,0.000496,0.001488
TCTCGACGTATCGCCG-1,0.000017,0.000017,0.044038,0.709426,0.005267,0.241236
TCTCGAGGAGGTTCGC-1,0.000018,0.000018,0.353085,0.481093,0.005812,0.159974
TCTCGGCTCCAGGACT-1,0.000155,0.437824,0.560784,0.000618,0.000155,0.000464
TCTCGTGTTACGAGGA-1,0.000026,0.050565,0.207782,0.154525,0.111924,0.475178
TCTCTAATAGCTGGTA-1,0.000055,0.000055,0.452254,0.479338,0.055753,0.012545
TCTCTCGCCGCACATA-1,0.000008,0.000008,0.000016,0.63458,0.003189,0.362199
TCTCTTACCGCGAACC-1,0.000045,0.548219,0.250906,0.021231,0.179356,0.000243
TCTGAACCGGTCGGCT-1,0.000044,0.08708,0.582256,0.312876,0.012445,0.005299
TCTGAACTCGTACCCG-1,0.000025,0.060044,0.092266,0.623206,0.007524,0.216936
TCTGAAGCACGTGGTC-1,0.000034,0.1505,0.16666,0.416129,0.136179,0.130498
TCTGAATTCCGTACAA-1,0.000037,0.000037,0.48081,0.432477,0.005229,0.08141
TCTGACGGGCTAACCC-1,0.000161,0.067377,0.931172,0.000645,0.000161,0.000484
TCTGACTGTAATGGTT-1,0.000045,0.016964,0.285861,0.660451,0.036542,0.000136
TCTGAGCAATTGACTG-1,0.000029,0.022018,0.26964,0.45047,0.015037,0.242806
TCTGATCGGGTGCTAG-1,0.000089,0.011744,0.986283,0.000354,0.001265,0.000266
TCTGATGTATTCTGTC-1,0.00005,0.040095,0.722481,0.01582,0.023621,0.197932
TCTGATTGGAAATGGA-1,0.000041,0.147911,0.851718,0.000165,0.000041,0.000124
TCTGCAGATTCGAGTC-1,0.000028,0.000289,0.294826,0.622742,0.035779,0.046337
TCTGCATACCTTGCTT-1,0.00001,0.00001,0.003822,0.13308,0.035653,0.827425
TCTGCCAGAAACTGCA-1,0.005049,0.023025,0.529258,0.277943,0.023124,0.141601
TCTGCGTCCGGTTTCT-1,0.000215,0.28216,0.715907,0.000859,0.000215,0.000644
TCTGCTTAGAACAAGC-1,0.001459,0.000016,0.278986,0.678088,0.003566,0.037886
TCTGGAGCGTAAGAGT-1,0.000305,0.538816,0.458436,0.001221,0.000305,0.000916
TCTGGCCGTTCAAGTT-1,0.000035,0.081061,0.918622,0.000141,0.000035,0.000106
TCTGGCGCAAGCCGGG-1,0.000017,0.040798,0.1759,0.416096,0.013758,0.353431
TCTGGGAACCTTTGAA-1,0.00004,0.00004,0.330276,0.610883,0.013113,0.045648
TCTGGGTAGCGCTCAT-1,0.00004,0.00004,0.159708,0.38417,0.070605,0.385436
TCTGTCATACAAGAGC-1,0.000167,0.04803,0.589679,0.201128,0.000167,0.160828
TCTGTGACTGACCGTT-1,0.000015,0.000015,0.00916,0.878734,0.017936,0.09414
TCTGTGATGGAGGTTG-1,0.000316,0.796002,0.201157,0.001263,0.000316,0.000947
TCTGTGCCATCATAGT-1,0.000571,0.000018,0.01614,0.631454,0.004196,0.347621
TCTGTGGCTACATTTC-1,0.000049,0.030947,0.486879,0.411229,0.000049,0.070847
TCTGTTACCCAGCATA-1,0.00003,0.004691,0.193026,0.262051,0.424632,0.11557
TCTGTTTAGATTGTTC-1,0.000147,0.998378,0.000295,0.00059,0.000147,0.000442
TCTTAACTCGGATGTA-1,0.000106,0.016769,0.982273,0.000426,0.000106,0.000319
TCTTACAGAGGTACCG-1,0.00017,0.177622,0.820844,0.000682,0.00017,0.000511
TCTTACCGGAACTCGT-1,0.000054,0.007276,0.173139,0.679136,0.140234,0.000162
TCTTACGGCATCCGAC-1,0.000041,0.005916,0.434101,0.464908,0.003806,0.091227
TCTTACTTATGCCTCT-1,0.000066,0.010999,0.689948,0.20695,0.004329,0.087708
TCTTAGAGCTCCAATT-1,0.000033,0.006854,0.455863,0.479108,0.013717,0.044425
TCTTAGAGTGAACTCT-1,0.000015,0.000015,0.001083,0.577965,0.000775,0.420147
TCTTATGGGTAGTACC-1,0.000034,0.000034,0.407605,0.446514,0.000034,0.145778
TCTTCCCATGGGCACA-1,0.000025,0.032223,0.180404,0.703249,0.004853,0.079246
TCTTCGAATAGACGTT-1,0.000017,0.018328,0.039167,0.347576,0.05575,0.539162
TCTTCGATACCAATAA-1,0.000022,0.010052,0.194699,0.560251,0.005948,0.229028
TCTTCGCGGTGAGAGG-1,0.000018,0.000018,0.180655,0.576687,0.006702,0.235921
TCTTCTATAACCCGCC-1,0.000017,0.000017,0.116115,0.633966,0.009679,0.240206
TCTTGATGCGTAGCGA-1,0.000026,0.053847,0.177741,0.572901,0.000026,0.195459
TCTTGCTCCCGATACT-1,0.000025,0.032588,0.234248,0.168287,0.436213,0.128638
TCTTGGTAACACCAAA-1,0.000999,0.014673,0.099351,0.712153,0.130499,0.042324
TCTTGGTCAATGATAC-1,0.000103,0.998863,0.000207,0.000414,0.000103,0.00031
TCTTTAAGACTATGAA-1,0.000073,0.000073,0.797182,0.195727,0.000073,0.006871
TCTTTAGAGTCTAACA-1,0.00003,0.00003,0.497649,0.385991,0.009116,0.107185
TCTTTAGCAGGCGAAC-1,0.000049,0.009828,0.745563,0.22748,0.016934,0.000146
TCTTTCATCCGTCCTT-1,0.000072,0.999204,0.000145,0.000289,0.000072,0.000217
TCTTTCCTTCGAGATA-1,0.000028,0.000028,0.24583,0.580429,0.003324,0.17036
TCTTTCGGCGGGACAC-1,0.000019,0.000019,0.215597,0.70752,0.021873,0.054973
TCTTTCTCTTAAGGAG-1,0.000163,0.026011,0.582517,0.390655,0.000163,0.00049
TGAAACCTCAACTCAC-1,0.000883,0.000022,0.124928,0.758342,0.039824,0.076001
TGAAACTTATGCAAGC-1,0.000203,0.043413,0.910427,0.045143,0.000203,0.00061
TGAAAGGACCTGACTC-1,0.000039,0.000039,0.590682,0.229252,0.000039,0.179948
TGAACAAGCAGGGACT-1,0.000035,0.554208,0.145305,0.000147,0.296615,0.00369
TGAACACCCGAAGCAG-1,0.000012,0.000012,0.073146,0.773046,0.073013,0.080772
TGAACCTGAATGTGAG-1,0.00011,0.998786,0.000221,0.000442,0.00011,0.000331
TGAACTGCTATGACTT-1,0.000018,0.05285,0.056257,0.293685,0.008736,0.588454
TGAAGAGCGGTCCTAG-1,0.000027,0.774649,0.001099,0.219235,0.000027,0.004962
TGAAGTAGCTTACGGA-1,0.000063,0.031254,0.865463,0.102967,0.000063,0.00019
TGAATACCGACGCGTA-1,0.000009,0.000009,0.009287,0.244356,0.208161,0.538179
TGAATATGCTATAAAC-1,0.000035,0.316768,0.532151,0.068791,0.026676,0.055578
TGAATGAGTGTTTCCC-1,0.000034,0.494744,0.033815,0.053844,0.310814,0.106749
TGAATGTCAGCCGGCC-1,0.00001,0.00001,0.01845,0.579362,0.016843,0.385326
TGAATTTCACTTGCCT-1,0.000021,0.050059,0.227805,0.157168,0.038,0.526945
TGACAACGCATGTCGC-1,0.000042,0.000042,0.995901,0.003847,0.000042,0.000126
TGACAACTTAAAGGTG-1,0.000312,0.880793,0.116398,0.001248,0.000312,0.000936
TGACAGAAATCTTGCT-1,0.000081,0.876305,0.000162,0.006858,0.021739,0.094854
TGACAGGACAAGTCCA-1,0.000014,0.000014,0.07586,0.300786,0.24956,0.373765
TGACATATATGACGAT-1,0.000027,0.070777,0.246091,0.500025,0.053904,0.129176
TGACATCGAGCGGACC-1,0.000105,0.104499,0.3888,0.294726,0.000105,0.211765
TGACATGTAACGTGAC-1,0.00002,0.088325,0.023441,0.153358,0.637655,0.097201
TGACCAAATCTTAAAC-1,0.000613,0.209005,0.483418,0.035606,0.253541,0.017817
TGACCAGCTTCAAAGT-1,0.000257,0.208523,0.789162,0.001029,0.000257,0.000772
TGACCCAACTCACATT-1,0.00003,0.00003,0.131855,0.754377,0.017382,0.096326
TGACCCACGTTAGACA-1,0.000022,0.000022,0.116005,0.366354,0.000103,0.517495
TGACCCAGCATTCCCG-1,0.000169,0.000169,0.928388,0.0706,0.000169,0.000506
TGACGAATATTTCCCT-1,0.000031,0.025433,0.407055,0.080273,0.111626,0.375581
TGACGATGCACTAGAA-1,0.000082,0.000082,0.806723,0.18828,0.000082,0.004752
TGACTATAATCCTTTC-1,0.000036,0.049383,0.473467,0.051896,0.009781,0.415437
TGACTCCGAATCATAC-1,0.000052,0.640615,0.246435,0.060983,0.051759,0.000155
TGACTCTAACTGGTAA-1,0.000033,0.000291,0.532928,0.408727,0.000033,0.057988
TGAGAATGCTTTACCG-1,0.000122,0.092103,0.906802,0.000487,0.000122,0.000365
TGAGACGTACCTCTCA-1,0.000025,0.009216,0.199385,0.466474,0.059691,0.265209
TGAGAGATTTACCACG-1,0.00006,0.061264,0.65968,0.261005,0.00006,0.017932
TGAGATCAAATACTCA-1,0.000049,0.042222,0.35614,0.548537,0.011505,0.041548
TGAGATTAGGCCCTAA-1,0.000242,0.260555,0.737271,0.000966,0.000242,0.000725
TGAGCAGTCGTGAAGT-1,0.000042,0.000042,0.259851,0.739892,0.000042,0.000132
TGAGCCATACAGTCTC-1,0.001233,0.011873,0.219409,0.084637,0.141633,0.541215
TGAGCGGAAAGTGTTC-1,0.00002,0.00759,0.063638,0.308099,0.29447,0.326185
TGAGCTCAACTGTATA-1,0.000028,0.002827,0.241004,0.711022,0.000876,0.044242
TGAGCTTTAATGACGC-1,0.000182,0.018103,0.980263,0.000726,0.000182,0.000545
TGAGGAGTGCCAGCTT-1,0.000039,0.017838,0.315134,0.140363,0.502277,0.024349
TGAGGCATGTACTGTG-1,0.000028,0.067194,0.146702,0.270091,0.30692,0.209065
TGAGGTGTGTGGCGGA-1,0.000049,0.952674,0.046882,0.000197,0.000049,0.000148
TGAGGTTGATCCCAAG-1,0.000041,0.000041,0.556753,0.386585,0.038606,0.017973
TGAGTAAATTAGCGTA-1,0.000024,0.092946,0.103897,0.401118,0.001433,0.400582
TGAGTGCCTCTTAAAT-1,0.000042,0.10553,0.376562,0.200101,0.127969,0.189796
TGAGTGGTCCGTGACG-1,0.000036,0.001433,0.154009,0.589273,0.008248,0.247001
TGAGTGTAACAACGGG-1,0.000018,0.05282,0.134373,0.199571,0.024623,0.588596
TGAGTTAAAGACATTC-1,0.000022,0.000022,0.583885,0.347019,0.013159,0.055893
TGATACATTTAGCCGT-1,0.000034,0.021164,0.177423,0.372053,0.263661,0.165665
TGATAGCGGGATTCTA-1,0.000043,0.000043,0.361004,0.500254,0.053697,0.084958
TGATCACCACACTGAC-1,0.000044,0.679712,0.148752,0.027858,0.135583,0.008051
TGATCAGGGAACTGCT-1,0.000028,0.004061,0.098895,0.130522,0.22504,0.541455
TGATCCCAGCATTAGT-1,0.000106,0.000106,0.961955,0.037406,0.000106,0.000319
TGATCGGTTTGACCCT-1,0.000063,0.000063,0.450602,0.496341,0.005113,0.047819
TGATCTACGCTGATCT-1,0.0003,0.284933,0.712369,0.001199,0.0003,0.000899
TGATCTATCACACTCT-1,0.004857,0.039611,0.135316,0.204759,0.267184,0.348273
TGATCTCCGGCGCCAG-1,0.000019,0.000019,0.080414,0.70927,0.007108,0.203169
TGATGGCTGTTTCTGA-1,0.000088,0.000088,0.999117,0.000353,0.000088,0.000265
TGATGGGACTAAGTCA-1,0.00003,0.101504,0.558616,0.324165,0.013772,0.001913
TGATGTCAATTAAGTG-1,0.000029,0.036986,0.432355,0.292004,0.036293,0.202332
TGATTATGGCACGCAG-1,0.000173,0.29385,0.525901,0.130929,0.000173,0.048976
TGATTCAGGTCCCGCG-1,0.000025,0.034952,0.270769,0.139905,0.156594,0.397755
TGATTCCCGGTTACCT-1,0.000057,0.30311,0.696375,0.000229,0.000057,0.000172
TGATTCGTCTATCACT-1,0.000026,0.022927,0.066714,0.718905,0.033991,0.157438
TGATTCTGTCGCCGGT-1,0.00003,0.010179,0.136731,0.293022,0.140648,0.419389
TGATTTATTAGCTGTG-1,0.000017,0.000017,0.000034,0.295399,0.004336,0.700196
TGATTTCCTCCTGACG-1,0.000212,0.110854,0.887242,0.000846,0.000212,0.000635
TGCAAACCCACATCAA-1,0.000014,0.000014,0.184248,0.748515,0.014137,0.053072
TGCAAACGTACTAGTT-1,0.00495,0.81096,0.000181,0.024195,0.03441,0.125304
TGCAAAGTTCGTCTGT-1,0.001888,0.339214,0.06073,0.040148,0.47784,0.080179
TGCAACCCATCTGCGG-1,0.000022,0.048812,0.137224,0.150622,0.350772,0.312547
TGCAACTACTGGTTGA-1,0.000017,0.000017,0.027677,0.195537,0.418788,0.357963
TGCAAGAATGACGTAA-1,0.000027,0.044261,0.300848,0.53279,0.012182,0.109891
TGCAATCTAACACGGT-1,0.000024,0.061031,0.345695,0.234738,0.123698,0.234815
TGCACAGTGAAGTTAT-1,0.000448,0.492758,0.503209,0.001792,0.000448,0.001344
TGCACGAGTCGGCAGC-1,0.004591,0.000047,0.368251,0.566127,0.016454,0.044529
TGCACTATGTGAGTGC-1,0.00008,0.076549,0.922732,0.00032,0.00008,0.00024
TGCAGAACTATATCGT-1,0.000012,0.000012,0.005119,0.119897,0.019066,0.855894
TGCAGAGTACCGAGCA-1,0.000021,0.022105,0.333641,0.359912,0.01941,0.264911
TGCAGATCGTCCTAGG-1,0.000018,0.018395,0.183032,0.160876,0.047339,0.59034
TGCAGCTACGTACTTC-1,0.000032,0.056704,0.28321,0.193213,0.02444,0.442402
TGCAGGATCGGCAAAG-1,0.00012,0.00012,0.415589,0.583689,0.00012,0.000361
TGCAGTGGTAGGGAAC-1,0.007881,0.937141,0.05374,0.00062,0.000155,0.000465
TGCAGTTTCCTCCCAT-1,0.000037,0.000037,0.318229,0.456132,0.001647,0.223919
TGCATATGTCTGTCAC-1,0.000033,0.000033,0.333782,0.551931,0.000033,0.114188
TGCATGAGTAGATTCG-1,0.00003,0.010603,0.332383,0.604088,0.01958,0.033317
TGCATGGATCGGATCT-1,0.000119,0.000119,0.951748,0.04754,0.000119,0.000356
TGCATGGCAGTCTTGC-1,0.000057,0.000057,0.118757,0.878231,0.000057,0.00284
TGCATGTGACCCATAG-1,0.000029,0.999677,0.000059,0.000118,0.000029,0.000088
TGCATGTGGTAATCTA-1,0.000033,0.000033,0.07316,0.52768,0.002318,0.396775
TGCCAAAGTCAGACTT-1,0.003659,0.054504,0.385346,0.053508,0.023749,0.479234
TGCCAATGGGTACTCT-1,0.000018,0.010362,0.067272,0.407982,0.27397,0.240395
TGCCACACTAGAGGAA-1,0.000016,0.052935,0.091511,0.178727,0.087165,0.589646
TGCCACCTGGCGAAAC-1,0.000055,0.01006,0.456018,0.527888,0.005814,0.000165
TGCCAGTACGTGGAGA-1,0.000029,0.007867,0.474097,0.177353,0.186464,0.154189
TGCCATGGCTTATAAG-1,0.000068,0.000068,0.593986,0.397866,0.007808,0.000205
TGCCATTACTAAAGAA-1,0.000061,0.001665,0.405174,0.592858,0.000061,0.000182
TGCCCGATAGTTAGAA-1,0.00001,0.010899,0.02994,0.274915,0.209117,0.475118
TGCCCGTACCGTTAAA-1,0.000029,0.162691,0.335652,0.137565,0.002962,0.361101
TGCCGAAAGCGTATTC-1,0.000076,0.000076,0.99924,0.000304,0.000076,0.000228
TGCCGATGTCATCAAT-1,0.000029,0.011018,0.417683,0.539428,0.028678,0.003164
TGCCGGATGTACGAGC-1,0.000036,0.778846,0.013516,0.119257,0.026159,0.062185
TGCCGTGGATCGTCCT-1,0.000043,0.031736,0.187085,0.256685,0.404688,0.119763
TGCCGTGGGACCCAAT-1,0.000016,0.118381,0.069145,0.118836,0.547796,0.145826
TGCCGTTCTTAATCGG-1,0.000032,0.071407,0.304426,0.255553,0.112011,0.256571
TGCCTAAATTTAATAG-1,0.000286,0.236591,0.760831,0.001146,0.000286,0.000859
TGCCTAATTGAAGATT-1,0.000017,0.015203,0.203081,0.375969,0.019581,0.386149
TGCCTGACATCGGTCA-1,0.000116,0.103844,0.895108,0.000466,0.000116,0.000349
TGCCTGATCAAACGAT-1,0.002187,0.046395,0.411063,0.48398,0.049341,0.007034
TGCCTTGCCCTTACGG-1,0.000015,0.000015,0.022395,0.75226,0.011688,0.213629
TGCCTTGGCCAGGCAA-1,0.000017,0.150276,0.087328,0.300533,0.017586,0.444259
TGCGAATATGGGATTT-1,0.001968,0.016691,0.257701,0.170582,0.133037,0.420022
TGCGACACCCTAGTGC-1,0.000039,0.093297,0.445815,0.182555,0.053057,0.225236
TGCGACGGCCGAACGT-1,0.026383,0.316139,0.23851,0.188869,0.116235,0.113865
TGCGAGAAACGTTACG-1,0.000791,0.018303,0.153335,0.740595,0.048628,0.038348
TGCGAGAATATTACCC-1,0.000023,0.103754,0.142738,0.392424,0.156165,0.204896
TGCGAGATGGCGGCCA-1,0.000144,0.21387,0.78483,0.000578,0.000144,0.000433
TGCGATGCTAATGGCT-1,0.000018,0.000018,0.147565,0.752583,0.031884,0.067932
TGCGCAAAGCATTTGG-1,0.000962,0.000031,0.440937,0.278815,0.002283,0.276972
TGCGCCGTTAATAACG-1,0.000026,0.029699,0.705411,0.234894,0.029895,0.000077
TGCGCGATTAACGGAG-1,0.000023,0.000023,0.122554,0.722578,0.018977,0.135844
TGCGGACTTGACTCCG-1,0.000013,0.176761,0.012374,0.325092,0.251536,0.234224
TGCGGAGTAAAGGTGC-1,0.000046,0.000046,0.213922,0.653212,0.050088,0.082684
TGCGGCATAGTTCAAC-1,0.000092,0.111201,0.639144,0.10324,0.039903,0.10642
TGCGGGTATTGGGATC-1,0.00005,0.015487,0.401126,0.513765,0.018627,0.050945
TGCGGTCTACGAGTAA-1,0.000039,0.000039,0.246227,0.72178,0.01496,0.016956
TGCGGTGAAATTTCAT-1,0.000124,0.206503,0.468272,0.291648,0.000124,0.033329
TGCGTAAGAACCTGAT-1,0.000018,0.05957,0.269774,0.192078,0.100735,0.377825
TGCGTACGGCTAATTG-1,0.000017,0.000017,0.030404,0.169401,0.025079,0.775082
TGCGTCATGACTGAGC-1,0.001512,0.018581,0.138453,0.267659,0.297056,0.276739
TGCGTGATTGGGTGTC-1,0.004099,0.114975,0.87978,0.000573,0.000143,0.00043
TGCGTTTGTTGACACT-1,0.001708,0.000035,0.301765,0.150094,0.028406,0.517992
TGCTAAGTGTCTATTT-1,0.000051,0.020248,0.459624,0.0929,0.017308,0.409868
TGCTATACAAACGGAC-1,0.007359,0.000028,0.529066,0.415903,0.00715,0.040493
TGCTATGGCAAAGGGA-1,0.00043,0.995275,0.000859,0.001718,0.00043,0.001289
TGCTCAAAGGATGCAC-1,0.000064,0.937425,0.000129,0.000257,0.000064,0.062061
TGCTCACACAACAACC-1,0.000139,0.000139,0.998606,0.000557,0.000139,0.000418
TGCTCCACAGTTCTTA-1,0.000056,0.037284,0.547257,0.283343,0.002415,0.129645
TGCTCGGCGAAACCCA-1,0.000052,0.005511,0.474315,0.083153,0.43278,0.004189
TGCTCGGTGGGTCACC-1,0.000023,0.099297,0.070312,0.335955,0.331197,0.163215
TGCTCTTGAGAGTTTG-1,0.000031,0.019181,0.578795,0.13929,0.153523,0.109179
TGCTGGTTGGACAATT-1,0.000052,0.000052,0.429605,0.545583,0.00631,0.018397
TGCTGTTGAAGAACTC-1,0.000024,0.088253,0.168805,0.462343,0.018917,0.261658
TGCTTAGAGAGAATGC-1,0.000036,0.446088,0.218764,0.064732,0.270272,0.000108
TGCTTCCCAAGCAGTA-1,0.000026,0.000733,0.109948,0.328794,0.378744,0.181755
TGCTTGAAACCATGCA-1,0.00007,0.164896,0.834474,0.00028,0.00007,0.00021
TGGAAACGGAGTGAAC-1,0.000014,0.038239,0.173123,0.728157,0.054078,0.006389
TGGAACCACTGACACA-1,0.000173,0.095031,0.90341,0.000693,0.000173,0.00052
TGGAAGAAGGGAACGT-1,0.000038,0.07397,0.609379,0.224611,0.052665,0.039338
TGGAAGACGAACACCA-1,0.00008,0.402128,0.540349,0.057123,0.00008,0.00024
TGGAAGGATAAAGATG-1,0.002328,0.003195,0.479577,0.229954,0.047155,0.237791
TGGAATATCCTTGACC-1,0.000187,0.169122,0.829192,0.000749,0.000187,0.000562
TGGAATTAGACGCTTT-1,0.00003,0.015065,0.583401,0.34781,0.014056,0.039639
TGGACACCGTTGCTTG-1,0.000026,0.000026,0.408396,0.535197,0.01605,0.040305
TGGACCAATCTAAGAT-1,0.000016,0.034632,0.13021,0.298189,0.326136,0.210818
TGGACCACGGCGTTGA-1,0.000044,0.017971,0.599744,0.379595,0.002514,0.000131
TGGACGCAATCCAGCC-1,0.000018,0.228225,0.016129,0.114547,0.313655,0.327425
TGGACGTAGGCGAATC-1,0.000111,0.157248,0.841754,0.000443,0.000111,0.000332
TGGACTGTTCGCTCAA-1,0.000049,0.02441,0.755985,0.150314,0.000049,0.069192
TGGAGAATAATCGTCC-1,0.000113,0.908692,0.090293,0.000451,0.000113,0.000338
TGGAGCTAAAGTTCCC-1,0.000054,0.089527,0.381981,0.513987,0.004831,0.009621
TGGAGTGATGCGATGA-1,0.000045,0.009768,0.325932,0.511612,0.000994,0.151648
TGGATAGAGTAACAGA-1,0.000094,0.278911,0.720246,0.000375,0.000094,0.000281
TGGATGGCATCTTGGA-1,0.000264,0.997099,0.000527,0.001055,0.000264,0.000791
TGGCAAACTAAATTAC-1,0.000029,0.027281,0.494331,0.086175,0.037536,0.354649
TGGCAACTCGCGCGCC-1,0.000082,0.000082,0.495919,0.388988,0.114681,0.000247
TGGCAAGCACAAGTCG-1,0.000845,0.148674,0.424796,0.161888,0.199224,0.064572
TGGCAATGGGACGGCG-1,0.000015,0.064271,0.100902,0.399223,0.018391,0.417198
TGGCACGAGCTCGAGT-1,0.000109,0.028042,0.955576,0.015836,0.000109,0.000328
TGGCAGATTACGATCA-1,0.000038,0.015795,0.468735,0.18172,0.118438,0.215274
TGGCAGCAGTAATAGT-1,0.000031,0.083241,0.254136,0.189536,0.028092,0.444964
TGGCATGAAGTTTGGG-1,0.000025,0.01041,0.215552,0.282861,0.340441,0.15071
TGGCCAAACTGAAGTA-1,0.000063,0.000063,0.488595,0.24308,0.000063,0.268137
TGGCCAATTTGGTACT-1,0.000035,0.105543,0.372822,0.076316,0.103882,0.341402
TGGCCGTATATTGACC-1,0.000052,0.010632,0.558847,0.342791,0.015285,0.072392
TGGCGACTGCTCCAAA-1,0.000022,0.086796,0.1746,0.306764,0.222792,0.209026
TGGCGATCAAGTTATG-1,0.000025,0.031536,0.215276,0.282303,0.296985,0.173875
TGGCGGTGTGCGATTG-1,0.000058,0.020833,0.467587,0.482514,0.000058,0.028949
TGGCTACACTCTACCT-1,0.000022,0.008128,0.242227,0.112873,0.051514,0.585237
TGGCTATGTGACATAC-1,0.000037,0.021773,0.449707,0.174675,0.264529,0.089279
TGGCTCTTGTCGCGTA-1,0.000016,0.044384,0.026997,0.093654,0.015241,0.819708
TGGCTTATGTATAATG-1,0.00002,0.00002,0.176129,0.335404,0.279289,0.209139
TGGCTTGTACAAGCTT-1,0.000131,0.130419,0.411016,0.014447,0.436139,0.007848
TGGCTTTGGGTAGACA-1,0.000088,0.008129,0.685409,0.30602,0.000088,0.000265
TGGGAAATGCCTTTCC-1,0.00003,0.00003,0.273132,0.620796,0.025912,0.080101
TGGGACCATTGGGAGT-1,0.000027,0.040071,0.348513,0.512405,0.065711,0.033272
TGGGATGCACTCATTC-1,0.000415,0.445226,0.392246,0.160455,0.000415,0.001244
TGGGCAATAGTTGGGT-1,0.000016,0.000016,0.34306,0.534856,0.004187,0.117864
TGGGCACAAACAGAAC-1,0.000065,0.103605,0.344997,0.508346,0.027953,0.015035
TGGGCACGTTCTATGG-1,0.000253,0.485885,0.511836,0.001013,0.000253,0.00076
TGGGCAGGCCACCGCA-1,0.000009,0.000009,0.048875,0.611639,0.040379,0.299089
TGGGCCACAAGAGCGC-1,0.00016,0.047186,0.951377,0.000639,0.00016,0.000479
TGGGCCCATACTAATT-1,0.000029,0.02067,0.199762,0.280592,0.196734,0.302213
TGGGCCTTGCCTGCAT-1,0.000129,0.096694,0.902141,0.000518,0.000129,0.000388
TGGGCGATACAATAAG-1,0.000009,0.065745,0.002658,0.322226,0.389319,0.220043
TGGGTAAGGTTCCCGC-1,0.000186,0.691415,0.0427,0.200867,0.000186,0.064645
TGGGTGCACAAGCCAT-1,0.000014,0.006007,0.106346,0.154383,0.237557,0.495694
TGGGTGGGATGTCATT-1,0.000195,0.908478,0.08977,0.000779,0.000195,0.000584
TGGGTGTAATAGATTT-1,0.000017,0.068583,0.053367,0.13611,0.051474,0.69045
TGGGTGTTAAGTAGAA-1,0.000021,0.116705,0.180455,0.201986,0.348221,0.152613
TGGGTTCCCGGACGGA-1,0.00002,0.023965,0.205775,0.5627,0.090528,0.117012
TGGGTTTCGGGCGTAC-1,0.000149,0.585598,0.000298,0.197687,0.177861,0.038407
TGGTAAGCAGGATTGA-1,0.000021,0.033558,0.258329,0.150974,0.068912,0.488207
TGGTACCGGCACAGCC-1,0.000026,0.013434,0.173715,0.722814,0.025544,0.064467
TGGTAGAATATATGGG-1,0.000025,0.065701,0.270646,0.370476,0.006627,0.286524
TGGTATCGCATCCCAA-1,0.006092,0.0984,0.50257,0.392567,0.000093,0.000279
TGGTATCGGTCTGTAT-1,0.00346,0.000068,0.171531,0.601919,0.110468,0.112555
TGGTCCCACGCTACGG-1,0.000028,0.028452,0.276216,0.157744,0.26674,0.27082
TGGTCGATATACCTCT-1,0.000112,0.998763,0.000225,0.00045,0.000112,0.000337
TGGTCGGGTACAGGGC-1,0.000112,0.998763,0.000225,0.00045,0.000112,0.000337
TGGTCGTGCAAGGCAA-1,0.000014,0.0067,0.19509,0.250968,0.103607,0.443621
TGGTCGTTTGATAGAT-1,0.000198,0.000198,0.99802,0.000792,0.000198,0.000594
TGGTCTAGCTTACATG-1,0.000024,0.013154,0.211528,0.718772,0.039127,0.017395
TGGTCTGTTGGGCGTA-1,0.000044,0.043641,0.403344,0.367641,0.055137,0.130192
TGGTGATCGTATTTGT-1,0.00003,0.00003,0.241404,0.590053,0.06778,0.100703
TGGTGCCCTGCCTTAC-1,0.000056,0.999389,0.000111,0.000222,0.000056,0.000167
TGGTGTGACAGACGAT-1,0.000016,0.00286,0.08672,0.789685,0.067839,0.05288
TGGTTAACTTACATTT-1,0.000042,0.080412,0.485728,0.120563,0.297876,0.015379
TGGTTAAGGGCGCTGG-1,0.00008,0.092139,0.90714,0.000321,0.00008,0.00024
TGGTTATGCTTGCGGT-1,0.00002,0.007216,0.233498,0.659543,0.030395,0.069328
TGGTTCAACGGGTAAT-1,0.000027,0.022211,0.222756,0.277846,0.030726,0.446434
TGGTTCGTAGCAAAGG-1,0.000058,0.005638,0.227476,0.595648,0.047484,0.123696
TGGTTGGAGGATCCTG-1,0.000502,0.240538,0.754944,0.002008,0.000502,0.001506
TGGTTTAAACGTGGGT-1,0.000121,0.108146,0.890767,0.000483,0.000121,0.000362
TGTAACTTGTCAACCT-1,0.000056,0.000394,0.655445,0.339723,0.004215,0.000168
TGTAAGACTGATAAGA-1,0.000065,0.81942,0.119353,0.000261,0.060706,0.000195
TGTAATGACCACAATA-1,0.000013,0.005501,0.058214,0.423998,0.005389,0.506884
TGTAATGCCTTCGGAC-1,0.000379,0.000379,0.996212,0.001515,0.000379,0.001136
TGTACCCGACCCTAAT-1,0.000106,0.634426,0.004354,0.000424,0.016363,0.344327
TGTACCTACACGAGGG-1,0.000009,0.000009,0.000019,0.129262,0.004022,0.866678
TGTACGAACAAATCCG-1,0.000018,0.010623,0.372814,0.267349,0.010246,0.33895
TGTACGCTATCAGCTT-1,0.000033,0.006658,0.076944,0.766403,0.009151,0.140811
TGTACTATCGCTCGTT-1,0.000028,0.042987,0.077638,0.44085,0.238872,0.199625
TGTACTGTGCCAAAGT-1,0.000022,0.000022,0.173648,0.742631,0.039446,0.044232
TGTACTTCCGGGCATG-1,0.000044,0.072894,0.646857,0.113311,0.000044,0.16685
TGTAGCCAATTCCGTT-1,0.000033,0.059053,0.388776,0.085796,0.358073,0.10827
TGTAGCCATCCCATTC-1,0.000046,0.02165,0.614361,0.278771,0.000046,0.085126
TGTAGGAGAAATTTCC-1,0.000036,0.031104,0.355338,0.455084,0.005095,0.153343
TGTAGTGATCTATAAT-1,0.000041,0.000041,0.409811,0.332108,0.040547,0.217452
TGTATCCTTATTCCAT-1,0.000144,0.040744,0.657782,0.300756,0.000144,0.000431
TGTATGGCGCAGACAG-1,0.000039,0.004966,0.831735,0.10322,0.023012,0.037028
TGTATTTACCTAATGC-1,0.000425,0.142841,0.853332,0.001701,0.000425,0.001276
TGTCATTTGTTGGGAA-1,0.000255,0.207811,0.789895,0.001019,0.000255,0.000765
TGTCCACGGCTCAACT-1,0.000032,0.01872,0.502355,0.065293,0.069196,0.344405
TGTCCCGACATAGCAC-1,0.000096,0.02656,0.488839,0.386442,0.000096,0.097966
TGTCCGCAAACAATTC-1,0.000026,0.728731,0.028648,0.061457,0.100143,0.080995
TGTCCGTGGCGCCTTT-1,0.00002,0.00002,0.11435,0.534972,0.004204,0.346434
TGTCCTAAGTCACCGC-1,0.000033,0.01019,0.256682,0.594885,0.009577,0.128633
TGTCGGCATGGTGGAA-1,0.000102,0.264633,0.734452,0.000407,0.000102,0.000305
TGTCGTGGGTATAGGC-1,0.000075,0.137569,0.68556,0.061327,0.095159,0.020311
TGTCGTTATCACATAT-1,0.000034,0.11554,0.175248,0.155279,0.538842,0.015057
TGTCTACAGTTTCTGT-1,0.000143,0.000143,0.467152,0.531992,0.000143,0.000428
TGTGACTACGCCAGTC-1,0.000052,0.101893,0.209573,0.648177,0.028728,0.011576
TGTGACTAGAGTTTGC-1,0.000039,0.000039,0.333761,0.311201,0.004609,0.350352
TGTGAGACTAGCCCAA-1,0.001295,0.014489,0.48242,0.11058,0.131568,0.259647
TGTGATTCCAGCGCTT-1,0.000026,0.000026,0.001834,0.859844,0.009414,0.128856
TGTGCCAGAGGCAAAG-1,0.000015,0.01837,0.29647,0.285934,0.195176,0.204035
TGTGCCGGTGCCGGAA-1,0.000023,0.136209,0.428376,0.153951,0.019693,0.261748
TGTGCTTTACGTAAGA-1,0.000038,0.000038,0.667094,0.213849,0.021813,0.097169
TGTGGACTATCTACGT-1,0.000024,0.008431,0.110784,0.8556,0.011587,0.013574
TGTGGAGGAAGCTTAA-1,0.000016,0.000016,0.122094,0.658617,0.005764,0.213493
TGTGGCAAAGCGTATG-1,0.000052,0.001487,0.275393,0.68631,0.021063,0.015694
TGTGGCGGGCTTCTGG-1,0.00003,0.013934,0.29943,0.246281,0.34077,0.099555
TGTGGCTCCCACCAAC-1,0.000528,0.000012,0.266375,0.636223,0.027274,0.069588
TGTGGTAGGGTGCCTT-1,0.000017,0.000017,0.089721,0.883403,0.001469,0.025372
TGTGGTTGCTAAAGCT-1,0.000055,0.590471,0.409031,0.000221,0.000055,0.000166
TGTGTAGTAGCACGTG-1,0.000023,0.000023,0.192094,0.499337,0.006814,0.301708
TGTGTCGAAGTCGAGG-1,0.000015,0.009885,0.066569,0.14058,0.030285,0.752666
TGTGTCGCGAGTTGCA-1,0.000033,0.000033,0.152443,0.763075,0.00449,0.079925
TGTGTGACCATGAATC-1,0.000016,0.000016,0.086008,0.090363,0.088932,0.734665
TGTGTTCGTATCCAAG-1,0.000033,0.000033,0.374194,0.40447,0.013602,0.207667
TGTTAACAAAGTGACT-1,0.00003,0.00003,0.450081,0.377189,0.001248,0.171422
TGTTATTGTATGTGGC-1,0.000035,0.01783,0.49952,0.259842,0.035033,0.18774
TGTTCATAAATGTGCT-1,0.000016,0.029624,0.269662,0.52801,0.036972,0.135716
TGTTCCGCTTCCATGA-1,0.000041,0.00005,0.711924,0.23221,0.009877,0.045898
TGTTCCGGCCTGAGCT-1,0.000057,0.107468,0.766989,0.007182,0.070168,0.048136
TGTTCGTATTGCGGTG-1,0.000033,0.000033,0.257894,0.245886,0.336517,0.159637
TGTTCTCATACTATAG-1,0.000081,0.000081,0.073521,0.68189,0.000081,0.244346
TGTTCTTCCATTGACT-1,0.000033,0.000985,0.085238,0.602524,0.014822,0.296398
TGTTGCCGTCGTCCCA-1,0.000023,0.001103,0.548109,0.430889,0.00819,0.011687
TGTTGGCTGGCGGAAG-1,0.000021,0.031115,0.252241,0.565766,0.015129,0.135727
TGTTGTCAAGAAGTCT-1,0.000076,0.04285,0.366134,0.472616,0.000076,0.118248
TGTTTAATACTTCATC-1,0.008996,0.079132,0.510132,0.066533,0.03169,0.303517
TGTTTCGGTACTTCTC-1,0.000179,0.000179,0.733111,0.263602,0.000179,0.00275
TGTTTCTGAAGCGTGC-1,0.000015,0.17604,0.000031,0.058664,0.438102,0.327148
TGTTTGAGATCGTCAG-1,0.000034,0.000034,0.367637,0.552619,0.001959,0.077717
TTAAACAGAGTCCCGC-1,0.000086,0.190256,0.808966,0.000346,0.000086,0.000259
TTAAACCGGTAGCGAC-1,0.000061,0.041599,0.547826,0.375246,0.003466,0.031802
TTAAACCTGGTTCCTT-1,0.000538,0.007249,0.37494,0.521951,0.055889,0.039433
TTAAACTCGAATTCAT-1,0.000029,0.000029,0.268625,0.641591,0.0081,0.081625
TTAAAGGCGATGCTCG-1,0.000039,0.745165,0.191819,0.043841,0.019019,0.000117
TTAAAGTAAGTCGCCA-1,0.000009,0.008171,0.006132,0.0601,0.010457,0.91513
TTAACACCTCGAACAT-1,0.000023,0.003247,0.379092,0.472629,0.006366,0.138643
TTAACCAACCCTCCCT-1,0.000089,0.027678,0.572622,0.38704,0.000089,0.012482
TTAACCCGAGGCGTGT-1,0.000013,0.023018,0.005681,0.63753,0.004649,0.329109
TTAACGAACAAGCAGT-1,0.000098,0.42005,0.579068,0.000392,0.000098,0.000294
TTAACGTCGCAAGACC-1,0.00007,0.034422,0.78915,0.176076,0.00007,0.000211
TTAACGTTAAAGCCTG-1,0.000008,0.000008,0.021697,0.463961,0.008178,0.506149
TTAACTCACGCGTGGA-1,0.000022,0.022568,0.317444,0.610444,0.018237,0.031285
TTAACTGATCGTTTGG-1,0.000104,0.033546,0.000207,0.952705,0.000104,0.013334
TTAACTTCAGGTAGGA-1,0.000853,0.018421,0.222619,0.100588,0.028636,0.628883
TTAAGACGAACGAACC-1,0.000156,0.031412,0.967181,0.000625,0.000156,0.000469
TTAAGATACCCAGAGA-1,0.000076,0.999161,0.000152,0.000305,0.000076,0.000229
TTAAGATAGGATTGAC-1,0.000057,0.007774,0.898676,0.093266,0.000057,0.00017
TTAAGCCGACAACTTC-1,0.000173,0.64014,0.308604,0.050393,0.000173,0.000518
TTAAGCGCCTGACCCA-1,0.00005,0.00005,0.724671,0.231721,0.006779,0.036728
TTAAGGATACGGAGGT-1,0.000106,0.038618,0.657272,0.30358,0.000106,0.000318
TTAAGGCCCGTACTTT-1,0.000043,0.498959,0.273614,0.101069,0.090417,0.035898
TTAAGTATTGTTATCC-1,0.000026,0.063113,0.069557,0.072909,0.398316,0.396079
TTAATCAGTACGTCAG-1,0.00025,0.115212,0.882543,0.000998,0.00025,0.000749
TTAATGCGAGGTAACT-1,0.010292,0.02349,0.436212,0.521347,0.002557,0.006102
TTAATGTAGACCAGGT-1,0.000037,0.000037,0.117866,0.694889,0.000674,0.186497
TTAATTGCTTTGGGTG-1,0.000033,0.000033,0.333421,0.247637,0.363475,0.055402
TTAATTTCAGACGCGG-1,0.000175,0.166584,0.83184,0.0007,0.000175,0.000525
TTACAACTACGCATCC-1,0.000031,0.000031,0.123739,0.745426,0.000106,0.130667
TTACACGATCTGCGAC-1,0.00003,0.020319,0.298648,0.370122,0.013843,0.297038
TTACAGACCTAAATGA-1,0.000021,0.000021,0.144052,0.790794,0.005737,0.059374
TTACATCGTGGCCTGG-1,0.000031,0.000031,0.150741,0.760305,0.04414,0.044752
TTACATGCCACAACTA-1,0.000063,0.046473,0.743968,0.209244,0.000063,0.000188
TTACCATTGATTACCC-1,0.000027,0.024532,0.128612,0.432419,0.002836,0.411574
TTACCCATTGCCGGGT-1,0.000258,0.064474,0.835146,0.09909,0.000258,0.000774
TTACCCTAACAGTCCT-1,0.006108,0.014764,0.268298,0.553292,0.011135,0.146403
TTACCCTAGGGATTGG-1,0.000048,0.098163,0.664489,0.026808,0.210349,0.000143
TTACCGCCTTAGGGAA-1,0.000141,0.430322,0.568414,0.000562,0.000141,0.000422
TTACGGATGGTTCGAG-1,0.000067,0.019091,0.77365,0.206923,0.000067,0.000201
TTACGGTGTCACCGAG-1,0.000022,0.016287,0.329052,0.640801,0.012774,0.001064
TTACGTAGCGCGTGCT-1,0.000088,0.000088,0.639949,0.359523,0.000088,0.000264
TTACGTATCTATGACA-1,0.000028,0.000028,0.284215,0.596534,0.036442,0.082754
TTACTAAAGGACTTTA-1,0.00004,0.018354,0.584471,0.092823,0.108693,0.195619
TTACTATCGGCTTCTC-1,0.000023,0.000023,0.084713,0.546118,0.052774,0.316349
TTACTCCGGCCGGGAA-1,0.000012,0.000012,0.011404,0.646152,0.012376,0.330043
TTACTCTGGTACGTAC-1,0.00143,0.069831,0.188063,0.168075,0.113347,0.459253
TTACTGGGATATTTCA-1,0.000014,0.003685,0.00811,0.066231,0.10181,0.820151
TTACTGTCTAGAGCTC-1,0.000104,0.860004,0.139063,0.000415,0.000104,0.000311
TTACTGTTTCTCTACG-1,0.00005,0.00005,0.302985,0.450251,0.00005,0.246615
TTAGAAGAACATGACT-1,0.000014,0.000014,0.203369,0.280164,0.343805,0.172634
TTAGAATAAGGGTCGG-1,0.000035,0.556854,0.218839,0.073826,0.136015,0.014431
TTAGACACGATCGTTG-1,0.000372,0.074164,0.922488,0.001488,0.000372,0.001116
TTAGACGAGTCACCTC-1,0.000042,0.056745,0.406417,0.220016,0.036948,0.279832
TTAGAGGGATATACAG-1,0.000714,0.002673,0.134395,0.195008,0.446916,0.220294
TTAGAGTATTGTCGAG-1,0.000128,0.998594,0.000256,0.000511,0.000128,0.000383
TTAGAGTTTAGAAGGA-1,0.016873,0.02804,0.199509,0.43689,0.011487,0.307201
TTAGCAACATGGATGT-1,0.001085,0.000025,0.294427,0.603145,0.021861,0.079457
TTAGCATCCCTCACGT-1,0.000321,0.488339,0.000641,0.001282,0.237149,0.272268
TTAGCCATAGGGCTCG-1,0.000318,0.907323,0.089814,0.001272,0.000318,0.000954
TTAGCGAATAGATAGG-1,0.00002,0.042059,0.049852,0.330584,0.145452,0.432034
TTAGCTAATACGATCT-1,0.000127,0.55619,0.439984,0.003193,0.000127,0.00038
TTAGCTCTGTAATCCG-1,0.00002,0.00002,0.211383,0.41746,0.015397,0.35572
TTAGCTGATTTGCCGT-1,0.000092,0.036827,0.87288,0.089835,0.000092,0.000275
TTAGGTCATAACCGAC-1,0.000034,0.383138,0.227346,0.091158,0.240351,0.057973
TTAGGTGTGACTGGTC-1,0.000027,0.028355,0.333224,0.612544,0.019666,0.006185
TTAGTAAACCTGCTCT-1,0.000012,0.014552,0.169747,0.270715,0.047304,0.49767
TTAGTAGGGCGGCGGG-1,0.000052,0.000052,0.34907,0.421006,0.000052,0.229767
TTAGTTATTCGTGGCA-1,0.000049,0.039037,0.584533,0.228967,0.057521,0.089893
TTAGTTCAAGTGTTCG-1,0.000158,0.473575,0.525001,0.000633,0.000158,0.000474
TTATAGATGCACATTA-1,0.00628,0.000038,0.121333,0.776758,0.041431,0.054161
TTATAGGTAATTGTCT-1,0.000032,0.008528,0.140404,0.276175,0.48167,0.09319
TTATATACGCTGTCAC-1,0.000044,0.000044,0.612591,0.186342,0.004213,0.196766
TTATATTTGGCAATCC-1,0.000095,0.035923,0.631742,0.318908,0.000095,0.013237
TTATCATACTCGCAAA-1,0.001655,0.000543,0.639299,0.338786,0.019203,0.000514
TTATCCAATCGAACTC-1,0.000141,0.537347,0.461388,0.000562,0.000141,0.000422
TTATCCGGGATCTATA-1,0.000058,0.011286,0.670316,0.095007,0.038851,0.184482
TTATCCTCAAGGAATA-1,0.000492,0.01091,0.079756,0.228131,0.334773,0.345939
TTATCGCCTGCGAAGC-1,0.000025,0.000025,0.281962,0.563384,0.028412,0.126193
TTATCTGACATTAGGA-1,0.00003,0.062195,0.311892,0.174307,0.088955,0.362621
TTATCTGTATCATAAC-1,0.000148,0.000148,0.743922,0.255188,0.000148,0.000445
TTATGAATGAAAGGGA-1,0.000016,0.000016,0.142451,0.125872,0.050937,0.680709
TTATGACAAACTGGAT-1,0.000023,0.00393,0.124467,0.6878,0.030081,0.153699
TTATGATCTTAACGAA-1,0.000711,0.040731,0.092132,0.588017,0.029748,0.248661
TTATGCGTCCCGGTCC-1,0.000051,0.000051,0.146855,0.757957,0.023948,0.071138
TTATGTTTGCGATAGA-1,0.000023,0.000023,0.131177,0.596364,0.024554,0.247859
TTATTAGAGCGTGTTC-1,0.000018,0.000018,0.04629,0.222098,0.005093,0.726482
TTATTAGGGAAGCATC-1,0.00008,0.531057,0.193595,0.274949,0.00008,0.00024
TTATTATCTGGAAGGC-1,0.000034,0.000034,0.277217,0.488946,0.046361,0.187409
TTATTTAGGTTCCTTA-1,0.00008,0.00008,0.054701,0.811303,0.00008,0.133755
TTATTTCATCCCAAAC-1,0.000035,0.000035,0.460748,0.525419,0.001678,0.012084
TTCAAAGTCTCTAGCC-1,0.000022,0.000022,0.123101,0.507262,0.001505,0.368087
TTCAACGACCCGACCG-1,0.000039,0.000148,0.242171,0.753816,0.003711,0.000116
TTCAAGCCGAGCTGAG-1,0.000231,0.437662,0.281779,0.228542,0.000231,0.051556
TTCAATACTCTGAATC-1,0.00002,0.00002,0.113253,0.471196,0.013573,0.401939
TTCAATTAGCCATAAT-1,0.000109,0.015222,0.783564,0.200669,0.000109,0.000327
TTCACGAAAGGATCAC-1,0.000021,0.013852,0.278344,0.318549,0.057199,0.332034
TTCACGGTCGTCACGT-1,0.000758,0.505891,0.001515,0.488805,0.000758,0.002273
TTCACTCGAGCACCTA-1,0.000016,0.000016,0.011904,0.397598,0.226557,0.363909
TTCACTTCCTAGAACG-1,0.000035,0.486358,0.064396,0.113807,0.26232,0.073085
TTCAGAGTAACCTGAC-1,0.000036,0.017908,0.44559,0.510988,0.022659,0.002819
TTCAGCCCTGGTCCAC-1,0.000023,0.000023,0.184511,0.219635,0.028335,0.567473
TTCAGCTGGCGTGCCC-1,0.000016,0.000016,0.005995,0.107925,0.006627,0.879422
TTCAGGCGTCAAAGCC-1,0.000026,0.041227,0.348037,0.327547,0.026299,0.256864
TTCAGTTCAAGAGGAG-1,0.000712,0.898716,0.094874,0.002849,0.000712,0.002137
TTCAGTTTGTGGCAGC-1,0.00002,0.002811,0.164109,0.614437,0.035973,0.18265
TTCATAGCCTTGTAAC-1,0.000075,0.008131,0.972303,0.019192,0.000075,0.000224
TTCATAGGGTGTCCAT-1,0.000088,0.104408,0.783605,0.111546,0.000088,0.000265
TTCATGGCGCAACAGG-1,0.00012,0.012057,0.986865,0.000479,0.00012,0.000359
TTCCAATCAGAGCTAG-1,0.000061,0.015106,0.422986,0.548077,0.002448,0.011322
TTCCAATCTGGCTATC-1,0.00004,0.014047,0.189936,0.331516,0.281288,0.183173
TTCCACACAGATTTGA-1,0.000025,0.022889,0.120936,0.191686,0.337771,0.326693
TTCCACATTTCTCGTC-1,0.000028,0.000028,0.010792,0.932865,0.003842,0.052445
TTCCAGACGAGATTTA-1,0.000027,0.000027,0.181444,0.758728,0.020897,0.038875
TTCCAGTGGGTTTCGT-1,0.000063,0.346529,0.215484,0.0205,0.391048,0.026375
TTCCATCATGCGGTGA-1,0.000208,0.620431,0.377694,0.000833,0.000208,0.000625
TTCCATCGACAGCGTG-1,0.000026,0.096706,0.297002,0.286242,0.044871,0.275152
TTCCCAAAGTACTGAT-1,0.000018,0.009351,0.028534,0.568661,0.004972,0.388465
TTCCCGACGCTTCACT-1,0.000062,0.000062,0.461602,0.399934,0.036262,0.102077
TTCCCGGCGCCAATAG-1,0.000242,0.04725,0.002989,0.088997,0.180756,0.679766
TTCCGCAGAGAAATAT-1,0.000192,0.076007,0.92226,0.00077,0.000192,0.000577
TTCCGCGTGAGGCGAT-1,0.00004,0.051764,0.288332,0.071187,0.133926,0.45475
TTCCGGCCTTGAGGCT-1,0.000032,0.047902,0.304585,0.199777,0.113899,0.333806
TTCCGGCTCGACTTCT-1,0.000196,0.574189,0.338246,0.003016,0.000196,0.084157
TTCCGGTATCTGTGTC-1,0.00117,0.000026,0.333257,0.623832,0.000026,0.041688
TTCCGGTTACCCACTT-1,0.000048,0.028892,0.682317,0.125729,0.019454,0.143561
TTCCTCGAGGGTGTCT-1,0.000045,0.000045,0.245274,0.59236,0.024065,0.13821
TTCCTCGGACTAACCA-1,0.005091,0.00005,0.522717,0.181839,0.056222,0.23408
TTCCTCTGCCCGAATA-1,0.000023,0.066124,0.27076,0.470381,0.0212,0.171512
TTCCTTTCTGTGTTGC-1,0.000175,0.597419,0.401009,0.000699,0.000175,0.000524
TTCGAACGAAACATGC-1,0.000111,0.998779,0.000222,0.000444,0.000111,0.000333
TTCGACAGAGCCCGTG-1,0.000026,0.000026,0.164843,0.296566,0.352174,0.186365
TTCGACGGGAAGGGCG-1,0.000045,0.000045,0.212954,0.726364,0.036122,0.024469
TTCGCACTCGCGTGCT-1,0.000058,0.022957,0.374252,0.580487,0.000058,0.022187
TTCGCACTGTACGACA-1,0.000044,0.283922,0.296153,0.066261,0.285897,0.067724
TTCGCATCCGGAAGCA-1,0.000128,0.247281,0.751564,0.000514,0.000128,0.000385
TTCGCCGCTCGCGCTA-1,0.000015,0.015268,0.00003,0.269784,0.560819,0.154084
TTCGCGCGCCATACGA-1,0.000035,0.22117,0.318254,0.181012,0.137348,0.142181
TTCGCTAGGAAGTTGT-1,0.000018,0.001897,0.298422,0.674459,0.014751,0.010454
TTCGCTATCTGACGTG-1,0.000322,0.183946,0.813158,0.001287,0.000322,0.000965
TTCGGACTGATGCCTT-1,0.000267,0.02784,0.969756,0.001068,0.000267,0.000801
TTCGGACTGGGCATGG-1,0.000118,0.61829,0.000236,0.148385,0.110111,0.12286
TTCGGCAACCCGCTGA-1,0.000361,0.264613,0.693603,0.039981,0.000361,0.001082
TTCGGCTAGAGATGGT-1,0.000072,0.000072,0.999278,0.000289,0.000072,0.000217
TTCGGGACTAATCGCG-1,0.000035,0.000035,0.527798,0.252507,0.000035,0.219589
TTCGGGCGCTAGTCTT-1,0.00004,0.023281,0.125686,0.317617,0.293446,0.23993
TTCGGGTTGCCACGGG-1,0.000022,0.000022,0.100093,0.627049,0.047822,0.224991
TTCGGTACTGTAGAGG-1,0.000041,0.110076,0.386883,0.161762,0.272588,0.068649
TTCGGTGGAGACGCCC-1,0.005039,0.037937,0.397635,0.499341,0.039462,0.020586
TTCGTAATCCCAGCGG-1,0.000358,0.642138,0.354643,0.001431,0.000358,0.001073
TTCGTACTCCAGAACG-1,0.000026,0.0097,0.199161,0.575743,0.032714,0.182656
TTCGTGCATGTTATAG-1,0.000479,0.497777,0.000958,0.001916,0.368801,0.130069
TTCGTGGGCTGGAAGC-1,0.000331,0.398497,0.598527,0.001323,0.000331,0.000992
TTCGTTCAACGAAGTT-1,0.000182,0.153381,0.844985,0.000726,0.000182,0.000545
TTCTAACCGAAGCTTA-1,0.000023,0.000023,0.086621,0.712882,0.008537,0.191915
TTCTACCTCAATCGGT-1,0.000514,0.994341,0.001029,0.002058,0.000514,0.001543
TTCTACCTTTATGTTG-1,0.00008,0.008741,0.581868,0.408262,0.00008,0.000968
TTCTACTTGCGAGGGC-1,0.000049,0.000049,0.414959,0.522235,0.037672,0.025036
TTCTAGAAAGTCTTAT-1,0.000024,0.156921,0.164982,0.126607,0.479466,0.072
TTCTAGGCCAATTGTG-1,0.000035,0.000035,0.150563,0.835034,0.000035,0.014297
TTCTATGCCTTTCGCA-1,0.000093,0.073528,0.925635,0.000372,0.000093,0.000279
TTCTATTAAACGCAGC-1,0.00472,0.316616,0.204524,0.069559,0.2503,0.154282
TTCTCAATTGCTACAA-1,0.000126,0.998611,0.000253,0.000505,0.000126,0.000379
TTCTCTTACAGGTGAT-1,0.000063,0.244385,0.725419,0.007007,0.022938,0.000188
TTCTGACCGGGCTCAA-1,0.000025,0.024463,0.341352,0.323549,0.003897,0.306715
TTCTGCCGCGCCTAGA-1,0.000029,0.001188,0.273709,0.087296,0.127236,0.510541
TTCTGCGAGCGCCCTT-1,0.000024,0.000024,0.093973,0.546382,0.012815,0.346781
TTCTGCGGGTTAGCGG-1,0.000048,0.009944,0.529071,0.188653,0.000048,0.272236
TTCTGCTAGACTCCAA-1,0.000047,0.000047,0.287395,0.684952,0.008121,0.019439
TTCTGTTTCCTGTCGC-1,0.00381,0.000053,0.441951,0.528126,0.025418,0.000642
TTCTTAGTGAACGGTG-1,0.000138,0.000138,0.970135,0.000717,0.028456,0.000415
TTCTTAGTGGCTCAGA-1,0.000109,0.045583,0.760846,0.193029,0.000109,0.000326
TTCTTATCCGCTGGGT-1,0.000057,0.000057,0.66018,0.310953,0.001251,0.027502
TTCTTCCCTTTGATAT-1,0.004212,0.00004,0.160358,0.804014,0.009738,0.021638
TTCTTCGCAATAGAGC-1,0.00003,0.015235,0.076475,0.815726,0.004665,0.087868
TTCTTGAGCCGCGCTA-1,0.000042,0.03576,0.553795,0.063359,0.059659,0.287385
TTCTTGCTAGCATCTC-1,0.000052,0.037971,0.906467,0.055301,0.000052,0.000156
TTCTTGGACGATCTGC-1,0.000032,0.075905,0.061328,0.156159,0.351484,0.355091
TTCTTGGAGTAATGAG-1,0.000047,0.000047,0.149841,0.840588,0.005975,0.003502
TTCTTGTAACCTAATG-1,0.001544,0.000036,0.376475,0.560363,0.011753,0.049829
TTCTTGTGTCCATCAG-1,0.000493,0.017527,0.18776,0.659449,0.000808,0.133963
TTCTTTGGTCGCGACG-1,0.000219,0.045155,0.952871,0.000877,0.000219,0.000658
TTGAAACCCTCATTCC-1,0.000016,0.000016,0.101452,0.58789,0.001713,0.308913
TTGAAAGGTGTAAAGG-1,0.000075,0.944948,0.00015,0.002952,0.000075,0.0518
TTGAACGAATCCTTTG-1,0.000022,0.111706,0.363659,0.494412,0.018923,0.011279
TTGAACGACGTGCTGA-1,0.010336,0.040705,0.190609,0.232392,0.119972,0.405985
TTGAAGAATTCCCAGG-1,0.000024,0.000024,0.47314,0.387861,0.003585,0.135366
TTGAAGGATGGGCGCC-1,0.016225,0.244075,0.378536,0.158769,0.201065,0.00133
TTGAAGTGCATCTACA-1,0.000374,0.000374,0.000747,0.99701,0.000374,0.001121
TTGAATATGGACTTTC-1,0.000038,0.000038,0.34001,0.462048,0.000342,0.197523
TTGAATCGTTGTATAA-1,0.00002,0.182731,0.073429,0.217677,0.117143,0.409
TTGAATTCACGTGAGG-1,0.000072,0.079711,0.360142,0.219027,0.036956,0.304092
TTGACAGGAGCTCCCG-1,0.000035,0.005166,0.603542,0.2954,0.000035,0.095823
TTGACATGAACGTGGA-1,0.000034,0.023967,0.262443,0.144117,0.004431,0.565009
TTGACCAGGAACAACT-1,0.000018,0.204519,0.151671,0.295675,0.194,0.154116
TTGACCATGTTCTCCG-1,0.000112,0.000112,0.258997,0.734508,0.000112,0.006159
TTGACCGTGTTAATGA-1,0.000024,0.036945,0.174136,0.151551,0.300621,0.336723
TTGACGATTCAGCACG-1,0.000117,0.000117,0.687105,0.312191,0.000117,0.000352
TTGACGCTCCATGAGC-1,0.000076,0.000076,0.784943,0.2146,0.000076,0.000229
TTGACTACCATATGGT-1,0.000037,0.125034,0.250413,0.173576,0.00938,0.441561
TTGACTATTGTCCGGC-1,0.000035,0.000896,0.549585,0.339624,0.006837,0.103023
TTGAGAAGTTTAGCAT-1,0.000056,0.035496,0.673761,0.09624,0.009415,0.185032
TTGAGAGTACTGCTAA-1,0.000035,0.02021,0.56049,0.236177,0.049786,0.133303
TTGAGCAGCCCACGGT-1,0.003054,0.001173,0.398487,0.449757,0.011816,0.135712
TTGAGCGCCACGTGAT-1,0.000024,0.000024,0.344852,0.566437,0.063144,0.025519
TTGAGGCATTTAACTC-1,0.000238,0.070505,0.927352,0.000952,0.000238,0.000714
TTGAGTCCCGCTGCTG-1,0.000027,0.013218,0.634121,0.345301,0.003595,0.003738
TTGATAGTCAATACAT-1,0.000062,0.118952,0.880487,0.000249,0.000062,0.000187
TTGATCTAACTTTGTC-1,0.001025,0.000035,0.049602,0.685807,0.002018,0.261513
TTGATGCCGCTCGTCG-1,0.000055,0.529438,0.292332,0.030508,0.099492,0.048175
TTGATGTGTAGTCCCG-1,0.000041,0.000041,0.133254,0.707769,0.000041,0.158852
TTGATTAGCTGTTTCT-1,0.000042,0.007119,0.440653,0.034709,0.197554,0.319922
TTGATTATGCAGATGA-1,0.000046,0.000046,0.681419,0.31752,0.000046,0.000923
TTGCAAGAAGACTCCT-1,0.000027,0.060176,0.346238,0.234609,0.29101,0.06794
TTGCACAATTCAGAAA-1,0.000969,0.016838,0.479816,0.177264,0.088121,0.236992
TTGCACGGAGCAGCAC-1,0.000033,0.000033,0.091923,0.844612,0.017714,0.045685
TTGCAGGTCATGAAGT-1,0.00003,0.00045,0.241796,0.751069,0.006564,0.00009
TTGCATGCTGATCACG-1,0.000037,0.000037,0.309045,0.121784,0.102849,0.466248
TTGCCAAGCAGAACCC-1,0.000913,0.000022,0.464263,0.497261,0.018137,0.019404
TTGCCATAGCCCGCTC-1,0.002161,0.056212,0.189371,0.443571,0.157696,0.150989
TTGCCCTGATCACGGG-1,0.000031,0.028335,0.193152,0.568537,0.006032,0.203914
TTGCCGCAGACCTACA-1,0.005166,0.278191,0.519431,0.027323,0.147125,0.022764
TTGCCGCTTTCTAGTA-1,0.005801,0.002699,0.301185,0.219139,0.224386,0.246791
TTGCCGGTGATCCCTC-1,0.000417,0.16665,0.8296,0.001667,0.000417,0.00125
TTGCCTAATCCAAAGT-1,0.000108,0.998813,0.000216,0.000432,0.000108,0.000324
TTGCCTTCTCGCCGGG-1,0.00003,0.00003,0.270772,0.128308,0.067036,0.533824
TTGCGCACAACCACGT-1,0.000013,0.05365,0.050544,0.155162,0.040914,0.699717
TTGCGCTCTCTCGCTT-1,0.00002,0.008352,0.052134,0.848634,0.012213,0.078647
TTGCGCTTGATCAATA-1,0.000026,0.014042,0.350302,0.191448,0.06266,0.381522
TTGCGGAAAGCTGCCC-1,0.000321,0.74509,0.252025,0.001282,0.000321,0.000962
TTGCGGCATCAGAAAG-1,0.000016,0.018857,0.213329,0.312549,0.23454,0.22071
TTGCGGCGACTCATGC-1,0.000052,0.019681,0.438947,0.416255,0.000611,0.124454
TTGCGTAGTTTGAGGA-1,0.000023,0.341672,0.115404,0.509115,0.00046,0.033326
TTGCGTCGGCCAACCG-1,0.000023,0.051094,0.191177,0.169556,0.080733,0.507418
TTGCGTGAACGCTTAG-1,0.000311,0.60872,0.388482,0.001244,0.000311,0.000933
TTGCGTGTGTAGGCAT-1,0.000025,0.094142,0.00423,0.232363,0.112633,0.556608
TTGCTAGCTACCAATC-1,0.000043,0.063417,0.46439,0.469287,0.000043,0.00282
TTGCTCATAGTACGTG-1,0.000031,0.032464,0.148317,0.393573,0.020014,0.4056
TTGCTCCCATACCGGA-1,0.000067,0.000067,0.133266,0.866332,0.000067,0.000201
TTGCTGAAGGAACCAC-1,0.000077,0.145953,0.374934,0.477953,0.000077,0.001006
TTGCTGATCATGTTCG-1,0.000044,0.000044,0.175418,0.547163,0.000044,0.277287
TTGCTGCACCTATCCA-1,0.000045,0.011877,0.427185,0.474032,0.039175,0.047686
TTGCTGGCCGGGCTTC-1,0.000104,0.07221,0.826244,0.032693,0.000104,0.068645
TTGGAAGAATACAGTC-1,0.013484,0.126011,0.24752,0.163545,0.143422,0.306017
TTGGACATGTGGCTTA-1,0.000992,0.073877,0.236885,0.206128,0.041568,0.440549
TTGGACCATCTGGCAA-1,0.000025,0.009849,0.514008,0.348497,0.024117,0.103504
TTGGACCTATAACAGT-1,0.000021,0.015097,0.203829,0.081169,0.114676,0.585208
TTGGAGTCTCCCTTCT-1,0.000159,0.000159,0.660976,0.338071,0.000159,0.000476
TTGGATATCGTCTACG-1,0.000025,0.001185,0.1542,0.254966,0.221889,0.367735
TTGGATCGACTTCTGG-1,0.002468,0.103565,0.295534,0.42323,0.000414,0.17479
TTGGATTGGGTACCAC-1,0.000114,0.000129,0.599451,0.399851,0.000114,0.000342
TTGGCCAAATTGTATC-1,0.000013,0.000013,0.064703,0.277803,0.278159,0.379309
TTGGCCATCTTGCGCT-1,0.000076,0.099663,0.827594,0.072363,0.000076,0.000228
TTGGCCTAGAATTTCG-1,0.00026,0.255098,0.675409,0.068191,0.00026,0.000781
TTGGCGATCCGAATAT-1,0.001167,0.084186,0.914292,0.000178,0.000044,0.000133
TTGGCTCAATATGTGT-1,0.000026,0.000026,0.415635,0.399962,0.013178,0.171172
TTGGCTCGCATGAGAC-1,0.000033,0.000033,0.14864,0.740374,0.076311,0.034609
TTGGGAAGACGAGCCG-1,0.000025,0.269987,0.338562,0.173615,0.097935,0.119876
TTGGGACACTGCCCGC-1,0.004223,0.009387,0.32837,0.657564,0.000114,0.000342
TTGGGACGTAAGAGTT-1,0.000019,0.000019,0.425265,0.371094,0.002381,0.201221
TTGGGCGGCGGTTGCC-1,0.000029,0.000029,0.023887,0.727151,0.00164,0.247263
TTGGTATGGCTTGTGT-1,0.000082,0.000082,0.985156,0.014351,0.000082,0.000247
TTGGTCACACTCGTAA-1,0.000025,0.069695,0.164866,0.066868,0.23416,0.464387
TTGGTGCGGTGTTGAA-1,0.030389,0.00025,0.881396,0.086968,0.00025,0.000749
TTGGTTCGCTCAAAGG-1,0.000081,0.102574,0.8967,0.000322,0.000081,0.000242
TTGGTTGCGGTGCGCG-1,0.002562,0.010172,0.18131,0.216648,0.375611,0.213697
TTGTAACTTCATAGCG-1,0.008823,0.043421,0.946281,0.000737,0.000184,0.000553
TTGTAAGGACCTAAGT-1,0.000043,0.113071,0.349686,0.034827,0.231733,0.270641
TTGTAAGGCCAGTTGG-1,0.004013,0.000072,0.20922,0.710112,0.000644,0.075938
TTGTAATCCGTACTCG-1,0.000026,0.070482,0.234523,0.354214,0.004606,0.336149
TTGTACACCTCGAACA-1,0.000022,0.046076,0.314964,0.149192,0.27887,0.210876
TTGTATCACACAGAAT-1,0.000231,0.28672,0.711202,0.000923,0.000231,0.000693
TTGTCACCGCGGTATC-1,0.001001,0.029737,0.396496,0.077199,0.389019,0.106547
TTGTCGTTCAGTTACC-1,0.000063,0.018938,0.020907,0.900932,0.010434,0.048726
TTGTCTCGGCAAGATG-1,0.000098,0.99892,0.000196,0.000393,0.000098,0.000294
TTGTGAACCTAATCCG-1,0.000029,0.045036,0.292224,0.08866,0.031589,0.542461
TTGTGAGGCATGACGC-1,0.000029,0.066014,0.206265,0.20543,0.051742,0.47052
TTGTGATCTGTTCAGT-1,0.000049,0.063335,0.320634,0.241131,0.046367,0.328484
TTGTGCAGCCACGTCA-1,0.000031,0.002011,0.345967,0.282653,0.266795,0.102544
TTGTGCGGAAGCGGAT-1,0.000078,0.193586,0.608167,0.107287,0.090648,0.000234
TTGTGGAGACAGCCGG-1,0.00017,0.998125,0.000341,0.000682,0.00017,0.000511
TTGTGGCCCTGACAGT-1,0.000135,0.000135,0.657423,0.287608,0.054097,0.000602
TTGTGGTAGGAGGGAT-1,0.000033,0.137045,0.248261,0.178562,0.162322,0.273777
TTGTGGTGGTACTAAG-1,0.000036,0.146349,0.606875,0.11288,0.000036,0.133825
TTGTGTATGCCACCAA-1,0.000035,0.06629,0.210799,0.255547,0.285592,0.181736
TTGTGTTTCCCGAAAG-1,0.000034,0.000034,0.370298,0.085409,0.197624,0.346601
TTGTTAGCAAATTCGA-1,0.000036,0.003366,0.461116,0.508688,0.020103,0.006692
TTGTTCAGTGTGCTAC-1,0.000065,0.000065,0.032972,0.882009,0.005729,0.079159
TTGTTCTAGATACGCT-1,0.000026,0.110116,0.317626,0.431671,0.058587,0.081974
TTGTTGGCAATGACTG-1,0.000326,0.996419,0.000651,0.001302,0.000326,0.000977
TTGTTGTGTGTCAAGA-1,0.000114,0.039329,0.424172,0.442646,0.017233,0.076506
TTGTTTCACATCCAGG-1,0.000047,0.121091,0.481801,0.082314,0.292828,0.021919
TTGTTTCATTAGTCTA-1,0.000043,0.167833,0.453285,0.0621,0.304555,0.012184
TTGTTTCCATACAACT-1,0.000025,0.021894,0.209621,0.16288,0.096484,0.509096
TTGTTTGTATTACACG-1,0.00019,0.86963,0.00038,0.000759,0.00019,0.128851
TTGTTTGTGTAAATTC-1,0.000045,0.01902,0.18038,0.739101,0.041421,0.020034
