Barcode,Topic 1,Topic 2to3,Topic 4to6
AAACAACGAATAGTTC-1,0.000164,0.993633,0.006202
AAACAAGTATCTCCCA-1,0.000137,0.58345,0.416413
AAACAATCTACTAGCA-1,0.000061,0.472322,0.527617
AAACACCAATAACTGC-1,0.004285,0.613899,0.381816
AAACAGAGCGACTCCT-1,0.000148,0.279067,0.720785
AAACAGCTTTCAGAAG-1,0.002222,0.991034,0.006744
AAACAGGGTCTATATT-1,0.001812,0.436714,0.561475
AAACAGTGTTCCTGGG-1,0.000078,0.003219,0.996702
AAACATGGTGAGAGGA-1,0.001069,0.916117,0.082814
AAACATTTCCCGGATT-1,0.000173,0.776888,0.222939
AAACCCGAACGAAATC-1,0.000164,0.971213,0.028623
AAACCGGGTAGGTACC-1,0.001964,0.800292,0.197744
AAACCGTTCGTCCAGG-1,0.001389,0.547287,0.451324
AAACCTAAGCAGCCGG-1,0.000037,0.80964,0.190323
AAACCTCATGAAGTTG-1,0.000852,0.447355,0.551793
AAACGAAGAACATACC-1,0.000145,0.681343,0.318512
AAACGAAGATGGAGTA-1,0.002348,0.990538,0.007115
AAACGAGACGGTTGAT-1,0.000082,0.327466,0.672453
AAACGGGCGTACGGGT-1,0.000128,0.852041,0.147831
AAACGGGTTGGTATCC-1,0.000135,0.999457,0.000409
AAACGGTTGCGAACTG-1,0.000053,0.999763,0.000184
AAACTCGGTTCGCAAT-1,0.000024,0.645316,0.35466
AAACTCGTGATATAAG-1,0.000166,0.99933,0.000503
AAACTGCTGGCTCCAA-1,0.000076,0.668241,0.331683
AAACTTAATTGCACGC-1,0.002646,0.98934,0.008015
AAACTTGCAAACGTAT-1,0.002735,0.593198,0.404067
AAAGAATGACCTTAGA-1,0.001451,0.994153,0.004396
AAAGAATGTGGACTAA-1,0.001112,0.995521,0.003367
AAAGACCCAAGTCGCG-1,0.000065,0.261527,0.738408
AAAGACTGGGCGCTTT-1,0.00044,0.965989,0.033571
AAAGCTTGCCTACATA-1,0.0002,0.954407,0.045393
AAAGGCCCTATAATAC-1,0.001701,0.993141,0.005158
AAAGGCTACGGACCAT-1,0.000038,0.571852,0.42811
AAAGGCTCTCGCGCCG-1,0.000078,0.296076,0.703846
AAAGGGATGTAGCAAG-1,0.000115,0.450124,0.549761
AAAGGGCAGCTTGAAT-1,0.000475,0.707937,0.291588
AAAGTAGCATTGCTCA-1,0.004066,0.983583,0.012351
AAAGTCACTGATGTAA-1,0.000063,0.245742,0.754196
AAAGTCGACCCTCAGT-1,0.000657,0.247574,0.751769
AAAGTGTGATTTATCT-1,0.000066,0.633907,0.366028
AAAGTTGACTCCCGTA-1,0.00005,0.211871,0.788079
AAATAACCATACGGGA-1,0.000271,0.998906,0.000822
AAATAAGGTAGTGCCC-1,0.000193,0.996226,0.003581
AAATACCTATAAGCAT-1,0.000045,0.623359,0.376596
AAATAGCTTAGACTTT-1,0.000094,0.623836,0.37607
AAATAGGGTGCTATTG-1,0.000058,0.916452,0.08349
AAATCCGATACACGCC-1,0.000048,0.712939,0.287013
AAATCGCGGAAGGAGT-1,0.003145,0.987323,0.009532
AAATCGTGTACCACAA-1,0.00009,0.359035,0.640876
AAATCTAGCCCTGCTA-1,0.000288,0.985498,0.014214
AAATCTGCCCGCGTCC-1,0.000818,0.996707,0.002475
AAATGACTGATCAAAC-1,0.083335,0.665056,0.251609
AAATGATTCGATCAGC-1,0.000185,0.999256,0.000559
AAATGCTCGTTACGTT-1,0.000438,0.210045,0.789517
AAATGGCATGTCTTGT-1,0.000234,0.940645,0.059121
AAATGGCCCGTGCCCT-1,0.003482,0.753772,0.242746
AAATGGTCAATGTGCC-1,0.000171,0.493436,0.506393
AAATGTATCTTATCCC-1,0.000215,0.74288,0.256905
AAATGTGGGTGCTCCT-1,0.000089,0.56386,0.436051
AAATTAACGGGTAGCT-1,0.000054,0.403902,0.596044
AAATTAATAAGCGCGA-1,0.000419,0.957686,0.041895
AAATTACACGACTCTG-1,0.000189,0.792968,0.206843
AAATTACCTATCGATG-1,0.00019,0.671906,0.327905
AAATTCCAGGTCCAAA-1,0.000128,0.999486,0.000387
AAATTGATAGTCCTTT-1,0.003031,0.987783,0.009187
AAATTGCGGCGGTTCT-1,0.000046,0.658466,0.341488
AAATTTGCGGGTGTGG-1,0.002139,0.991374,0.006487
AACAACTGGTAGTTGC-1,0.000417,0.212751,0.786832
AACAATACATTGTCGA-1,0.000762,0.693688,0.30555
AACAATTACTCTACGC-1,0.000436,0.539889,0.459675
AACACACGCTCGCCGC-1,0.000096,0.687149,0.312754
AACACGACTGTACTGA-1,0.000211,0.976259,0.02353
AACACGAGACGCGGCC-1,0.001574,0.804314,0.194112
AACACGCGGCCGCGAA-1,0.000063,0.301,0.698937
AACAGCTGTGTGGCAA-1,0.002113,0.991478,0.006409
AACAGGAAATCGAATA-1,0.000303,0.673991,0.325706
AACAGGATGGGCCGCG-1,0.000492,0.773293,0.226215
AACAGGTAGTATGGAT-1,0.000264,0.957729,0.042007
AACATAGCGTGTATCG-1,0.004274,0.982759,0.012967
AACATATCAACTGGTG-1,0.000223,0.9991,0.000677
AACATTGAAGTTGATC-1,0.002874,0.988432,0.008695
AACATTGGTCAGCCGT-1,0.000083,0.838155,0.161762
AACATTGTGACTCGAG-1,0.000046,0.799968,0.199986
AACCAAGACTTCTCTG-1,0.000826,0.577187,0.421987
AACCATAGGGTTGAAC-1,0.002166,0.844521,0.153313
AACCATGGGATCGCTA-1,0.000295,0.77224,0.227465
AACCCAGAGACGGAGA-1,0.000273,0.449134,0.550593
AACCCATCCCATGATC-1,0.003145,0.987323,0.009532
AACCCGACAACCCGTG-1,0.000145,0.551552,0.448302
AACCCGAGCAGAATCG-1,0.000883,0.996442,0.002675
AACCCGCTGTATTCCA-1,0.006672,0.97306,0.020269
AACCCTACTGTCAATA-1,0.000095,0.822972,0.176933
AACCCTGGTGGAACCA-1,0.000145,0.972102,0.027753
AACCGAGCTTGGTCAT-1,0.00019,0.617718,0.382092
AACCGCTAAGGGATGC-1,0.000098,0.97381,0.026092
AACCGTTGTGTTTGCT-1,0.000269,0.76723,0.232501
AACCTCGCTTTAGCCC-1,0.000051,0.829723,0.170227
AACCTGTCACGGAATT-1,0.000181,0.98563,0.014189
AACCTTTAAATACGGT-1,0.000071,0.874214,0.125715
AACCTTTACGACGTCT-1,0.000201,0.357441,0.642359
AACGAAAGTCGTCCCA-1,0.002194,0.597751,0.400055
AACGATAATGCCGTAG-1,0.00006,0.856623,0.143316
AACGATAGAAGGGCCG-1,0.00021,0.530212,0.469577
AACGATATGTCAACTG-1,0.000262,0.417679,0.582059
AACGCATGATCTGGGT-1,0.00018,0.777453,0.222367
AACGCGAACGGCAACA-1,0.000073,0.802464,0.197463
AACGCGACCTTGGGCG-1,0.000099,0.858255,0.141646
AACGCGGTCTCCAGCC-1,0.000241,0.181558,0.8182
AACGCTGTTGCTGAAA-1,0.000071,0.291727,0.708202
AACGGACGTACGTATA-1,0.000058,0.520997,0.478945
AACGGCCATCTCCGGT-1,0.001275,0.994865,0.00386
AACGTACTGTGGGTAC-1,0.002529,0.624496,0.372974
AACGTAGTCTACCCAT-1,0.000162,0.999348,0.00049
AACGTCAGACTAGTGG-1,0.000483,0.638339,0.361179
AACGTCATCCGGCTTG-1,0.04167,0.832329,0.126
AACGTCGCTGCACTTC-1,0.003335,0.976029,0.020636
AACGTGATGAAGGACA-1,0.000164,0.607084,0.392752
AACGTGCGAAAGTCTC-1,0.000032,0.007576,0.992392
AACGTTATCAGCACCT-1,0.000494,0.998011,0.001496
AACTACCCGTTTGTCA-1,0.000234,0.919664,0.080102
AACTAGCGTATCGCAC-1,0.000103,0.589946,0.409951
AACTAGGCTTGGGTGT-1,0.000168,0.980559,0.019273
AACTCAAGTTAATTGC-1,0.000207,0.758718,0.241075
AACTCCAGAGCGTGTT-1,0.000163,0.68305,0.316788
AACTCCTAATCCCATG-1,0.000133,0.42112,0.578747
AACTCGATAAACACGT-1,0.000028,0.367189,0.632784
AACTCGATGGCGCAGT-1,0.000333,0.998658,0.001009
AACTCTCAATAGAGCG-1,0.000142,0.821286,0.178572
AACTCTCAGTGTGCTC-1,0.003273,0.986801,0.009926
AACTGATATTAGGCCT-1,0.000541,0.884067,0.115391
AACTGGGTCCCGACGT-1,0.000255,0.563106,0.436639
AACTGGTGTGGGCCTT-1,0.000151,0.88202,0.117829
AACTTCTGCGTCTATC-1,0.000497,0.712821,0.286683
AACTTGCCCGTATGCA-1,0.000583,0.477963,0.521454
AACTTGCGTTCTCGCG-1,0.000294,0.330935,0.668771
AACTTTACGGGAGCTT-1,0.000202,0.47185,0.527948
AACTTTAGCTGCTGAG-1,0.000088,0.54998,0.449932
AAGAAAGTTTGATGGG-1,0.023812,0.048145,0.928043
AAGAAGGATCAGTTAG-1,0.000253,0.589922,0.409826
AAGACATACGTGGTTT-1,0.000787,0.877558,0.121655
AAGACCAAATAACTCA-1,0.002137,0.991376,0.006487
AAGACCCAACTGAACA-1,0.00002,0.14934,0.85064
AAGACTAACCCGTTGT-1,0.000094,0.773395,0.22651
AAGACTGCAAGCTACT-1,0.000065,0.450801,0.549134
AAGAGATGAATCGGTA-1,0.000529,0.936169,0.063301
AAGAGCTCTTTATCGG-1,0.000061,0.309705,0.690234
AAGAGGATGTACGCGA-1,0.000931,0.692054,0.307015
AAGAGGCATGGATCGC-1,0.000115,0.750311,0.249575
AAGAGGCCCTTTGGAA-1,0.000644,0.898247,0.101109
AAGATGGCACCGGACC-1,0.000492,0.783087,0.216421
AAGATTGGCGGAACGT-1,0.000279,0.992351,0.00737
AAGCACCCTGCGTATC-1,0.000037,0.412997,0.586966
AAGCATACTCTCCTGA-1,0.000078,0.708648,0.291275
AAGCCACTTGCAGGTA-1,0.001833,0.992611,0.005557
AAGCCGAAGCGGTTTA-1,0.00022,0.980331,0.019449
AAGCCGCCGTGAAATC-1,0.004066,0.983605,0.01233
AAGCGCAGGGCTTTGA-1,0.000029,0.28834,0.711631
AAGCGTCCCTCATCGA-1,0.003704,0.488712,0.507584
AAGCTAGATCGAGTAA-1,0.000059,0.600187,0.399754
AAGCTATGGATTGACC-1,0.033341,0.067505,0.899154
AAGCTCGTGCCAAGTC-1,0.000032,0.001842,0.998127
AAGCTCTTTCATGGTG-1,0.000084,0.800979,0.198937
AAGGAGAACTTATAAG-1,0.000126,0.758398,0.241476
AAGGAGCGGTTGGTGC-1,0.000311,0.563048,0.43664
AAGGATCGATCGCTTG-1,0.000058,0.377826,0.622116
AAGGATGAGGGACCTC-1,0.00015,0.343106,0.656743
AAGGCAGGCTGTCTCC-1,0.000223,0.987908,0.011869
AAGGCGCGTAAAGCTT-1,0.000199,0.204718,0.795083
AAGGCTGTGCTCATCG-1,0.000275,0.316259,0.683465
AAGGGAACGACTGGCT-1,0.002881,0.988399,0.008721
AAGGGACAGATTCTGT-1,0.000154,0.489328,0.510518
AAGGGACTATGCATTC-1,0.004176,0.983178,0.012646
AAGGGTTTGATTTCAG-1,0.002138,0.991399,0.006463
AAGGTATCCTAATATA-1,0.000318,0.663706,0.335976
AAGGTGATAAACCAGC-1,0.000046,0.276239,0.723714
AAGTAAGCTTCCAAAC-1,0.000142,0.999426,0.000431
AAGTAGAAGACCGGGT-1,0.000366,0.695031,0.304603
AAGTAGTGACGCGAGG-1,0.000545,0.507853,0.491602
AAGTCAATTGTCGTCA-1,0.000068,0.524965,0.474967
AAGTCTTCTGTGGCCT-1,0.000976,0.391421,0.607603
AAGTGACGACCGAATT-1,0.000922,0.001863,0.997215
AAGTGAGTCGGGTTTA-1,0.000029,0.148117,0.851854
AAGTGCAAAGGTAGAC-1,0.00024,0.589009,0.410751
AAGTGCCTTGACTGTA-1,0.000059,0.398801,0.601141
AAGTGCGTTAGAATCT-1,0.001834,0.853158,0.145008
AAGTGCTTCTCTATTG-1,0.00046,0.406422,0.593119
AAGTGTTTGGAGACGG-1,0.00005,0.456416,0.543533
AAGTTCACTCCAAGCT-1,0.000128,0.648806,0.351066
AAGTTCAGTCTGCGTA-1,0.000187,0.860956,0.138857
AAGTTCGGCCAACAGG-1,0.00188,0.373694,0.624426
AAGTTGTGATGTTATA-1,0.000741,0.997012,0.002247
AAGTTTACTAATGGCA-1,0.0001,0.476275,0.523625
AAGTTTATGGGCCCAA-1,0.000059,0.600644,0.399297
AATAACAACGCTCGGC-1,0.00086,0.996533,0.002607
AATAACACTAGAACAA-1,0.001452,0.532548,0.465999
AATAAGTCCTCGAGAC-1,0.000199,0.824026,0.175775
AATAATCTTCGTATCG-1,0.000577,0.997673,0.00175
AATACAATGTTTCAGG-1,0.000855,0.714605,0.28454
AATACCGGAGGGCTGT-1,0.000981,0.645184,0.353836
AATACCTGATGTGAAC-1,0.001518,0.703959,0.294523
AATAGAACAGAGTGGC-1,0.000791,0.787265,0.211944
AATAGAATCTGTTTCA-1,0.000094,0.741579,0.258327
AATAGCTACCGCGTGC-1,0.000202,0.999186,0.000612
AATAGGCACGACCCTT-1,0.083333,0.665205,0.251462
AATAGTCCGTCCCGAC-1,0.00011,0.791038,0.208852
AATAGTCGCGAGTCGG-1,0.000208,0.775113,0.224679
AATATCAAGGTCGGAT-1,0.000138,0.805677,0.194185
AATATCCTAGCAAACT-1,0.000416,0.806571,0.193013
AATATCGAATCAATGC-1,0.000278,0.998828,0.000894
AATATCGAGGGTTCTC-1,0.000153,0.20186,0.797986
AATATTGGAGTATTGA-1,0.001834,0.727722,0.270445
AATCAGACTGCAGGAC-1,0.000078,0.810636,0.189285
AATCAGGTTTCATTTA-1,0.001126,0.995454,0.00342
AATCATGTAAAGACTC-1,0.000165,0.730817,0.269018
AATCCAAGGGCCTGAG-1,0.00016,0.411904,0.587936
AATCCATGCAAGGGTG-1,0.0001,0.662946,0.336955
AATCCCGCTCAGAGCC-1,0.083333,0.664834,0.251833
AATCGAGGTCTCAAGG-1,0.083346,0.168705,0.747949
AATCGCCTCAGCGCCA-1,0.000044,0.330998,0.668958
AATCGCGCAGAGGACT-1,0.000147,0.875904,0.123949
AATCGGGACACTACGA-1,0.000142,0.554886,0.444972
AATCGGTATAGCCCTC-1,0.002317,0.99066,0.007024
AATCGTGAGCCGAGCA-1,0.000047,0.447852,0.552101
AATCTAGGTTTACTTG-1,0.003338,0.665638,0.331024
AATCTATGCCGGAGCC-1,0.000222,0.839566,0.160211
AATCTCTACTGTGGTT-1,0.001739,0.992993,0.005269
AATCTGCGTTGGGACG-1,0.000206,0.979949,0.019845
AATCTGGCTTTCTAGT-1,0.004274,0.618862,0.376864
AATGACAGCAATGTCT-1,0.002564,0.42632,0.571116
AATGACGTAGGATGTC-1,0.00004,0.208535,0.791425
AATGACTGTCAGCCGG-1,0.000305,0.78173,0.217966
AATGAGTTCGCATATG-1,0.000486,0.417376,0.582139
AATGATGATACGCTAT-1,0.000351,0.978468,0.021181
AATGATGCGACTCCTG-1,0.000238,0.792115,0.207647
AATGCAACCGGGTACC-1,0.000048,0.095023,0.904929
AATGCACCAAGCAATG-1,0.000186,0.552105,0.447709
AATGGTCCACCGTTCA-1,0.000642,0.790293,0.209065
AATGGTTCTCACAAGC-1,0.00019,0.400151,0.599659
AATGTATGGCACTGTA-1,0.001603,0.527928,0.470468
AATGTGCCCGAGGTGT-1,0.004167,0.335636,0.660197
AATGTGCTAATCTGAG-1,0.00145,0.800618,0.197932
AATGTTAAGACCCTGA-1,0.003402,0.627619,0.368979
AATGTTGTCGTGAGAC-1,0.000642,0.944705,0.054653
AATTAAAGGTCGGCGT-1,0.000182,0.611562,0.388256
AATTAACGGATTTCCA-1,0.000074,0.883118,0.116808
AATTACGAGACCCATC-1,0.002063,0.991695,0.006242
AATTACTCGTACGCTC-1,0.000169,0.934813,0.065018
AATTAGCGCTGCAGCG-1,0.000114,0.963228,0.036658
AATTATACCCAGCAAG-1,0.003159,0.987298,0.009543
AATTCATAAGGGATCT-1,0.00027,0.998914,0.000817
AATTCATTGTCATGCA-1,0.001135,0.373835,0.62503
AATTCCAACTTGGTGA-1,0.000055,0.960589,0.039356
AATTCCAAGCATGTAC-1,0.000047,0.936641,0.063312
AATTCGATTCGAGGAT-1,0.000044,0.783233,0.216723
AATTCTAGAGTTAGGC-1,0.000073,0.363665,0.636262
AATTGAACGCTCTGGT-1,0.000069,0.901905,0.098025
AATTGCAGCAATCGAC-1,0.000388,0.736255,0.263357
AATTGCGTGGATTACA-1,0.001449,0.994152,0.004398
AATTTGGGACATAGTA-1,0.000192,0.442762,0.557046
AATTTGGTTCCAAAGA-1,0.000134,0.544916,0.45495
ACAAACCATGCGTCCT-1,0.002781,0.988803,0.008416
ACAAACTCCATCAGAG-1,0.055557,0.775807,0.168637
ACAAAGAAGGTAGGCC-1,0.001175,0.995262,0.003562
ACAAAGCATGACCTAG-1,0.000123,0.689584,0.310294
ACAAATCGCACCGAAT-1,0.000037,0.631038,0.368925
ACAAATGGTAGTGTTT-1,0.000068,0.784856,0.215076
ACAACAGCATGAGCTA-1,0.000056,0.16085,0.839094
ACAACGGTCCCTGCGA-1,0.000164,0.000464,0.999372
ACAAGCAGTGCCTAGC-1,0.000528,0.711921,0.287551
ACAAGCTATATGGAAG-1,0.001333,0.600565,0.398102
ACAAGGAAATCCGCCC-1,0.000042,0.57603,0.423928
ACAAGGACAAGAGGTT-1,0.000458,0.690327,0.309214
ACAAGGATGCTTTAGG-1,0.000058,0.370008,0.629934
ACAAGGGCAGGCTCTG-1,0.000084,0.764228,0.235688
ACAAGTAATTGTAAGG-1,0.166667,0.333333,0.5
ACAATAGTCGTACGTT-1,0.001635,0.620649,0.377716
ACAATCCATTTAAACC-1,0.000546,0.725345,0.274109
ACAATCGATCTTTATA-1,0.00021,0.836945,0.162845
ACAATGAATACGGAGA-1,0.002646,0.727066,0.270288
ACAATTGTGTCTCTTT-1,0.00008,0.235119,0.764801
ACAATTTAGGAGGCTC-1,0.000141,0.285115,0.714744
ACAATTTGAGCAGTGG-1,0.000307,0.614103,0.38559
ACAATTTGGCCATATT-1,0.000161,0.822835,0.177004
ACACAAAGACGGGTGG-1,0.000195,0.694854,0.304951
ACACACCAGGACCAGT-1,0.000107,0.579904,0.419988
ACACACTTTCTACACG-1,0.000199,0.527232,0.47257
ACACATGATCAAATCT-1,0.002284,0.990786,0.00693
ACACATTGACGCAACA-1,0.000067,0.871343,0.12859
ACACATTTCCGTAGAC-1,0.000062,0.000126,0.999812
ACACCACATAATTAGC-1,0.000176,0.939713,0.060111
ACACCCAGCATGCAGC-1,0.000451,0.948035,0.051515
ACACCCGAGAAATCCG-1,0.000385,0.904897,0.094717
ACACCGAGCGCTCTTT-1,0.000149,0.67697,0.322881
ACACCGGTCTGACCGC-1,0.002196,0.991154,0.00665
ACACCTTAAGTAGGGC-1,0.00021,0.259307,0.740483
ACACCTTACTACTTGC-1,0.000144,0.818129,0.181727
ACACGAGACTCCTTCT-1,0.000042,0.083523,0.916435
ACACGGCACTATGCAT-1,0.000215,0.880724,0.119061
ACACGGGAACTTAGGG-1,0.000122,0.579201,0.420677
ACACGTAGGCCACAAG-1,0.000442,0.423091,0.576466
ACACTCCAATGTCACT-1,0.000524,0.553637,0.445838
ACACTGATCAAGGTGT-1,0.000784,0.500061,0.499156
ACACTGGGACAGTCGT-1,0.001226,0.995058,0.003716
ACAGAACTGAGAACAA-1,0.002877,0.686443,0.310681
ACAGATTAGGTTAGTG-1,0.000262,0.799006,0.200732
ACAGCATAGAGCCAGT-1,0.000103,0.221925,0.777973
ACAGCGACATTCTCAT-1,0.000345,0.869936,0.129719
ACAGCGCACCCGCAGC-1,0.000218,0.808953,0.190829
ACAGGCACGGATCCTT-1,0.000498,0.995252,0.00425
ACAGGCTTGCCCGACT-1,0.000086,0.914639,0.085275
ACAGGTGGAGGTGAGG-1,0.005556,0.694381,0.300063
ACAGGTGTGTTGTTGC-1,0.000892,0.728587,0.270522
ACAGTAATACAACTTG-1,0.003876,0.014341,0.981783
ACATAAGTCGTGGTGA-1,0.002198,0.664282,0.33352
ACATAATAAGGCGGTG-1,0.000246,0.468442,0.531312
ACATACAATCAAGCGG-1,0.027973,0.056444,0.915583
ACATCAGCTGGGACGC-1,0.000451,0.770046,0.229504
ACATCCCGGCCATACG-1,0.000101,0.381287,0.618612
ACATCCTGGTAACTGT-1,0.000065,0.452188,0.547747
ACATCGATCGTTTACC-1,0.000107,0.585134,0.414758
ACATCGCAATATTCGG-1,0.166667,0.333333,0.5
ACATCGGTCAGCCGCG-1,0.001509,0.374961,0.62353
ACATCGTATGCAATGG-1,0.000064,0.629834,0.370102
ACATCGTTAACCTAGT-1,0.000253,0.890759,0.108989
ACATCTCAACGCGTAA-1,0.000246,0.999007,0.000747
ACATGCTTACGGCAGC-1,0.083337,0.168015,0.748648
ACATGGCGCCAAAGTA-1,0.00005,0.46193,0.53802
ACATGGCTCAATTTAG-1,0.000075,0.71682,0.283105
ACATTAGTTTATATCC-1,0.000108,0.534845,0.465047
ACATTCGCGCGGAATA-1,0.00086,0.996533,0.002607
ACATTTGAAACCTAAC-1,0.000404,0.591858,0.407738
ACCAAACTAGAAATCC-1,0.000137,0.970436,0.029428
ACCAACACCACACACT-1,0.000155,0.966673,0.033172
ACCAACCGCACTCCAC-1,0.000227,0.894264,0.105508
ACCAACGCTTATTTAT-1,0.000348,0.744444,0.255208
ACCAAGAACGCGTGTC-1,0.000293,0.679127,0.320581
ACCAAGTCATCGGCAG-1,0.001293,0.994789,0.003919
ACCAATATGCAAGTTA-1,0.000054,0.709834,0.290112
ACCACAACTCAGAACA-1,0.000176,0.962971,0.036853
ACCACAAGTTTCTATC-1,0.000096,0.272379,0.727525
ACCACACGGTTGATGG-1,0.002689,0.88208,0.115231
ACCACCAATGTAACAA-1,0.000029,0.36263,0.63734
ACCACGTGCAGCTATA-1,0.000058,0.360524,0.639419
ACCACTGTTCAAGAAG-1,0.000108,0.998993,0.000899
ACCAGACCATAACAAC-1,0.001293,0.672165,0.326542
ACCAGCCCGGTCTTTG-1,0.000305,0.998772,0.000923
ACCAGGAGTGTGATCT-1,0.000116,0.416776,0.583108
ACCAGTGCGGGAGACG-1,0.000074,0.536671,0.463255
ACCATATCCGCAATAA-1,0.000062,0.45537,0.544568
ACCATCCGCCAACTAG-1,0.003499,0.985969,0.010532
ACCATCGTATATGGTA-1,0.000577,0.433062,0.56636
ACCATTAAGGGTGTCA-1,0.000099,0.568606,0.431295
ACCCAACGCCCGTGGC-1,0.000322,0.998702,0.000976
ACCCACCTACATGCTC-1,0.000429,0.251696,0.747875
ACCCATCTTGAGGGTA-1,0.000355,0.149763,0.849882
ACCCATTTGTCCCTCT-1,0.000324,0.874836,0.12484
ACCCGAGCGAAATTAC-1,0.00463,0.981327,0.014043
ACCCGATTGGTTCCGA-1,0.000596,0.785442,0.213962
ACCCGGAAACTCCCAG-1,0.000049,0.392185,0.607766
ACCCGGATGACGCATC-1,0.000167,0.99375,0.006083
ACCCGGTTACACTTCC-1,0.000649,0.568435,0.430916
ACCCGTAGCAGAGAAT-1,0.000922,0.996287,0.00279
ACCCGTGTCATCAGTA-1,0.000052,0.241031,0.758917
ACCCTATAGGACTGAG-1,0.0002,0.404177,0.595622
ACCCTATGCCATATCG-1,0.002454,0.90611,0.091437
ACCCTCCCGTCAGGGC-1,0.000739,0.997024,0.002238
ACCCTCCCTTGCTATT-1,0.000125,0.997184,0.002691
ACCCTGGTAACGCCCT-1,0.000198,0.999202,0.0006
ACCCTTCATCTGCGAA-1,0.000284,0.896047,0.103669
ACCCTTTAGTTCTCCA-1,0.00037,0.991965,0.007666
ACCGAAAGGGCCCTGC-1,0.000124,0.717662,0.282214
ACCGAAGAGTCTGGTT-1,0.003876,0.714616,0.281508
ACCGACACATCTCCCA-1,0.000035,0.487095,0.51287
ACCGACTGAGTCCCAC-1,0.000123,0.720341,0.279537
ACCGAGTCTCCTTATT-1,0.000097,0.501338,0.498565
ACCGATAGGCATAACC-1,0.00053,0.973506,0.025965
ACCGATATTTAATCAT-1,0.000454,0.712624,0.286921
ACCGATGGTAGCATCG-1,0.000119,0.667887,0.331994
ACCGCAATAACTGCCT-1,0.000061,0.791747,0.208193
ACCGCGGTGGAAGTCG-1,0.000062,0.71525,0.284688
ACCGCTAGTCATTGGT-1,0.001589,0.865268,0.133142
ACCGGGCCTTTGTTGA-1,0.000086,0.896096,0.103818
ACCGGTCAGGTACACC-1,0.003561,0.98567,0.010769
ACCGTCCACTGGGCCC-1,0.002035,0.991805,0.00616
ACCGTGACCACGTGGG-1,0.000864,0.996516,0.00262
ACCGTTCCCGCTCTGA-1,0.000145,0.39394,0.605915
ACCTAAGTACCTTTCA-1,0.006174,0.816552,0.177273
ACCTAATCGACTTCCT-1,0.000602,0.565557,0.433841
ACCTACAGTATGTGGT-1,0.000183,0.895622,0.104196
ACCTACTATAAATCTA-1,0.000051,0.429942,0.570007
ACCTCAGCGAGGCGCA-1,0.299795,0.574147,0.126058
ACCTCCGCCCTCGCTG-1,0.001049,0.91101,0.087941
ACCTCCGTTATTCACC-1,0.000237,0.971877,0.027886
ACCTCGAACTTATGCT-1,0.002565,0.98965,0.007785
ACCTGCGTGTCATGTT-1,0.003877,0.984367,0.011755
ACGAAATGGGCGGCAC-1,0.000512,0.423131,0.576357
ACGACTCTAGGGCCGA-1,0.000355,0.998571,0.001075
ACGACTGGTCATACTC-1,0.002646,0.989326,0.008028
ACGAGAACCCATCACG-1,0.000093,0.430224,0.569683
ACGAGATATTTGCTTA-1,0.000253,0.593201,0.406545
ACGAGGATACCACTCT-1,0.004293,0.982735,0.012972
ACGAGGTTTACAACGT-1,0.003804,0.984719,0.011477
ACGAGTACGGATGCCC-1,0.000178,0.443673,0.556149
ACGAGTCGCCGGCGTT-1,0.000029,0.621226,0.378745
ACGATACATAGAACTA-1,0.000263,0.724836,0.274902
ACGATACCTATCCTGA-1,0.00045,0.682283,0.317267
ACGATCATACATAGAG-1,0.000154,0.604187,0.39566
ACGATCATCTTGTAAA-1,0.000072,0.160881,0.839047
ACGATGCATATGTTAT-1,0.000217,0.292427,0.707356
ACGATGGATCCGATGC-1,0.000242,0.85972,0.140038
ACGCAAACTAATAGAT-1,0.000023,0.195569,0.804408
ACGCAATCACTACAGC-1,0.00021,0.763004,0.236786
ACGCATACGTTTACTA-1,0.000471,0.939057,0.060472
ACGCATTCGTGAGTAC-1,0.000108,0.668342,0.33155
ACGCCACTCGAAACAG-1,0.490469,0.426535,0.082996
ACGCCAGATGATTTCT-1,0.000421,0.995328,0.00425
ACGCCAGTGCGTTTGC-1,0.001604,0.993534,0.004863
ACGCCCAGCTGTCGAT-1,0.000304,0.998777,0.000919
ACGCCGCTAGACGACC-1,0.000115,0.920934,0.078951
ACGCGAAGTCAGACGA-1,0.000081,0.5331,0.466819
ACGCGCTACACAGGGT-1,0.001356,0.56704,0.431604
ACGCGGGCCAAGGACA-1,0.000061,0.377174,0.622765
ACGCGTTTCTTAAGAG-1,0.000227,0.208479,0.791294
ACGCTAGTGATACACT-1,0.000211,0.266909,0.732881
ACGCTGTGAGGCGTAG-1,0.001191,0.530662,0.468147
ACGGAACACGAGTGCC-1,0.002688,0.534018,0.463293
ACGGAATTTAGCAAAT-1,0.000427,0.616915,0.382658
ACGGACGCAGCGACAA-1,0.002382,0.99041,0.007208
ACGGACTCTCAAAGCG-1,0.000043,0.880627,0.11933
ACGGAGCGCAAATTAC-1,0.000182,0.999267,0.000551
ACGGATGGTGCGGATA-1,0.000028,0.022151,0.977821
ACGGCACTTGCTTGGG-1,0.00011,0.467541,0.532349
ACGGCCAACATGGACT-1,0.000127,0.58814,0.411733
ACGGCGACGATGGGAA-1,0.00005,0.651925,0.348025
ACGGCGGGTTGCCCTG-1,0.000092,0.389268,0.61064
ACGGCTGGATGTAGAA-1,0.004174,0.983176,0.01265
ACGGGAGTGTCGGCCC-1,0.004168,0.983188,0.012644
ACGGGCGTATGCGACA-1,0.00019,0.999232,0.000577
ACGGGTCATGTGACTT-1,0.000157,0.417913,0.58193
ACGGGTTGTGACCTGT-1,0.000953,0.996159,0.002888
ACGGTACAGTTCAATG-1,0.000579,0.997666,0.001755
ACGGTCACCGAGAACA-1,0.000716,0.954083,0.045201
ACGTACAGATTTCTCT-1,0.000213,0.754752,0.245035
ACGTACTTTGGCACGG-1,0.000304,0.448507,0.551188
ACGTAGATTGCTGATG-1,0.000115,0.795858,0.204026
ACGTAGGAGAGTCGCT-1,0.000077,0.323041,0.676883
ACGTATTACTCCGATC-1,0.000103,0.565577,0.43432
ACGTCGGGCAACTCGG-1,0.000587,0.925721,0.073691
ACGTCTCGTTCCGGGA-1,0.002825,0.988615,0.008559
ACGTGACAAAGTAAGT-1,0.002089,0.720751,0.27716
ACGTGCGCCTCGTGCA-1,0.000466,0.949611,0.049923
ACGTTAATGTCGAAGA-1,0.000045,0.321714,0.678241
ACGTTAGATTTGCCCG-1,0.000634,0.508499,0.490867
ACGTTATTGGTCACTC-1,0.000353,0.723906,0.275742
ACGTTCACTATGCCGC-1,0.00047,0.048716,0.950814
ACGTTCCGCGCTCCGT-1,0.000152,0.379778,0.62007
ACGTTCGCAATCAATT-1,0.000204,0.987637,0.012159
ACGTTCGTTCAGGAAA-1,0.000475,0.619707,0.379818
ACGTTCTGTACAAGTC-1,0.000217,0.961722,0.03806
ACGTTGTCGTTGAAAG-1,0.01118,0.022419,0.966401
ACGTTTAGTTGTGATC-1,0.000347,0.559419,0.440234
ACTACAAAGAGAGGTG-1,0.000072,0.348147,0.651781
ACTACATCCCGACAAG-1,0.002417,0.990257,0.007325
ACTACCAGCTCTCTGG-1,0.000224,0.067248,0.932528
ACTACCATCCGAGGGC-1,0.002194,0.991155,0.006651
ACTACGCGTTAGAATT-1,0.000026,0.231352,0.768622
ACTAGTTGCGATCGTC-1,0.000399,0.725527,0.274074
ACTATATGCTGTGTTC-1,0.000483,0.983202,0.016315
ACTATCCAGGGCATGG-1,0.000085,0.810799,0.189116
ACTATCGCCGGCTAAA-1,0.000086,0.959392,0.040522
ACTATCTGCCCGCGTA-1,0.000548,0.997795,0.001657
ACTATGTCCAGCTGCC-1,0.003642,0.985367,0.010991
ACTATTCGTCCGTGGT-1,0.000283,0.802374,0.197343
ACTATTTCCGGGCCCA-1,0.001533,0.669751,0.328716
ACTCAACGAATGTATT-1,0.000088,0.353061,0.646851
ACTCAAGTGCAAGGCT-1,0.000067,0.64734,0.352593
ACTCAATAAAGGCACG-1,0.000152,0.601241,0.398608
ACTCAGACCTGCTTCT-1,0.000173,0.613211,0.386616
ACTCATGGCAGCCTTC-1,0.001875,0.992447,0.005679
ACTCCAATATCATCAT-1,0.002451,0.297354,0.700195
ACTCCCATTCCTAAAG-1,0.00201,0.634143,0.363848
ACTCCCGAATTCGTTT-1,0.000223,0.823543,0.176234
ACTCCCTAATGCTAAA-1,0.000033,0.378779,0.621187
ACTCCCTAGAATAGTA-1,0.000056,0.804162,0.195782
ACTCCGGCCGACCACT-1,0.000311,0.998748,0.000942
ACTCGATGTATTTCAT-1,0.000439,0.825466,0.174095
ACTCGCCGTTCGATAA-1,0.000906,0.996349,0.002745
ACTCGTAACCCGTCCT-1,0.003094,0.987554,0.009352
ACTCGTCAGTAATCCC-1,0.000106,0.545291,0.454603
ACTCTAAACCTGGGAT-1,0.000125,0.590654,0.409221
ACTCTCTGACTTAGGT-1,0.000105,0.554729,0.445166
ACTCTCTTATACACGA-1,0.000288,0.933109,0.066604
ACTCTGACCTAATAGA-1,0.000481,0.998062,0.001457
ACTCTTCAGCTCCCGC-1,0.000225,0.704523,0.295252
ACTCTTGTATAGTAAC-1,0.000063,0.616018,0.383919
ACTGAAACGCCGTTAG-1,0.000069,0.247616,0.752315
ACTGAATGGCGAAAGT-1,0.000062,0.955183,0.044754
ACTGATTTAGTGATTC-1,0.000605,0.997563,0.001833
ACTGCCCGCCATTCTC-1,0.000988,0.587324,0.411689
ACTGCCGTCGTAACTC-1,0.000323,0.719654,0.280024
ACTGCGGACACACCGT-1,0.000259,0.953677,0.046063
ACTGCTCGGAAGGATG-1,0.003402,0.98629,0.010308
ACTGGGATGCCAGTGC-1,0.000097,0.069309,0.930594
ACTGTACGATACACAT-1,0.000099,0.053363,0.946539
ACTGTAGCACTTTGGA-1,0.000328,0.154154,0.845518
ACTGTATACGCGAGCA-1,0.000237,0.975333,0.02443
ACTGTCCAGGATTATA-1,0.000083,0.469669,0.530248
ACTGTCTTCTTTAGAA-1,0.000134,0.871513,0.128353
ACTGTGCTAGTAGATC-1,0.000412,0.957706,0.041882
ACTGTTTAGTGTAGGC-1,0.000219,0.86543,0.134351
ACTTACCGGGCGCGCA-1,0.00029,0.782855,0.216855
ACTTACGCATCCACGC-1,0.000068,0.971121,0.028811
ACTTAGTACGACAAGA-1,0.00023,0.718103,0.281666
ACTTATACTTACCCGG-1,0.000178,0.990543,0.009278
ACTTATCTGATCTATA-1,0.000255,0.99897,0.000774
ACTTATTAGGATCGGT-1,0.000244,0.853516,0.146239
ACTTATTTATGTGCCA-1,0.000111,0.880523,0.119366
ACTTCAGGCTGATCCC-1,0.000029,0.034365,0.965606
ACTTCCAGTGGAAGCT-1,0.002737,0.865088,0.132176
ACTTCCATGCGGGACA-1,0.000058,0.701351,0.298591
ACTTCGCCATACGCAC-1,0.000388,0.997876,0.001736
ACTTCGCTAGCGAGTG-1,0.000348,0.85516,0.144492
ACTTGACTCCCTCTTT-1,0.000055,0.159573,0.840372
ACTTGCCATATTGTAC-1,0.000132,0.598279,0.40159
ACTTGCTCTATCTACC-1,0.000752,0.996971,0.002278
ACTTGGGACCCGGTGG-1,0.000281,0.952549,0.04717
ACTTGGGCTTTCGCCA-1,0.166667,0.333333,0.5
ACTTGTAGTCCCTTCA-1,0.003224,0.98705,0.009726
ACTTGTGGATGGAACG-1,0.000622,0.997491,0.001887
ACTTGTTACCGGATCA-1,0.006478,0.012991,0.980531
ACTTTACCCTCATGAA-1,0.000226,0.981282,0.018492
ACTTTATACACCACTT-1,0.001604,0.993535,0.004862
ACTTTCCTATAGCTTC-1,0.000209,0.620225,0.379566
ACTTTGACTGCATCCT-1,0.001451,0.498265,0.500284
ACTTTGGTCGTGCTCC-1,0.001775,0.850623,0.147603
ACTTTGTCGACGCACT-1,0.001438,0.845524,0.153038
AGAAATTATGACTCGC-1,0.00034,0.99456,0.0051
AGAACACGGCGATGGT-1,0.020836,0.042157,0.937007
AGAACCCTCAATTGGG-1,0.003624,0.985391,0.010985
AGAACGTGGTACATTC-1,0.000177,0.754191,0.245632
AGAACTGTACTTTGTA-1,0.001404,0.692341,0.306255
AGAAGAGCGCCGTTCC-1,0.001097,0.995577,0.003326
AGAAGGTACACTTCAC-1,0.001852,0.410637,0.587511
AGAAGGTTGCCGAATT-1,0.000838,0.484696,0.514466
AGAAGGTTGTAGGTCG-1,0.000056,0.953005,0.046939
AGAAGTGATTCGTGAT-1,0.004274,0.982768,0.012958
AGAATAAATCTTCAGG-1,0.000649,0.545707,0.453644
AGAATACAGGCTATCC-1,0.00388,0.675244,0.320877
AGAATTATGGATTCGA-1,0.000116,0.260495,0.739389
AGAATTGTTTGACATA-1,0.000403,0.724686,0.274911
AGACAGCTCAGAATCC-1,0.000244,0.390968,0.608788
AGACATAGATCCTTCC-1,0.000114,0.456156,0.543731
AGACCAAACCACACCT-1,0.003152,0.987302,0.009546
AGACCATGGGATACAA-1,0.000451,0.873091,0.126459
AGACCCACCGCTGATC-1,0.000039,0.061188,0.938773
AGACCCGCCCTCCTCG-1,0.000155,0.68266,0.317185
AGACCGCTCCGCGGTT-1,0.000741,0.944639,0.05462
AGACCGGGAAACCCTG-1,0.00153,0.993833,0.004637
AGACGAAGTGCCGGTC-1,0.000065,0.52958,0.470356
AGACGACGATGCCGCT-1,0.001227,0.995056,0.003716
AGACGCCCACTTCGCC-1,0.001462,0.994103,0.004435
AGACTAGCCTTCCAGA-1,0.000303,0.336387,0.663309
AGACTGTTACCGGGTC-1,0.000139,0.932022,0.067839
AGAGAAACACCAGAAA-1,0.000573,0.706142,0.293284
AGAGAACCGTCTAGGA-1,0.000204,0.865421,0.134375
AGAGAAGGAGTACAAT-1,0.000575,0.285945,0.71348
AGAGATCTCTAAAGCG-1,0.000495,0.209572,0.789933
AGAGCAGTTATGAGAC-1,0.000748,0.910267,0.088986
AGAGCCGCCGAGATTT-1,0.001005,0.99595,0.003045
AGAGCGGGCTAATCAT-1,0.000385,0.938703,0.060912
AGAGCGTACAAGCTCG-1,0.000448,0.725,0.274551
AGAGCTACGAAAGCAT-1,0.000154,0.999377,0.000468
AGAGGCTTCGGAAACC-1,0.0001,0.290721,0.709178
AGAGGTATCTCGGTCC-1,0.000122,0.670958,0.32892
AGAGTAAACTTCACTA-1,0.000152,0.999386,0.000461
AGAGTATAGTGTTACG-1,0.000341,0.984755,0.014904
AGATAACTTCAGGGCC-1,0.000358,0.869877,0.129765
AGATAATCACACCTAT-1,0.083336,0.168086,0.748578
AGATACCAATAGAACC-1,0.00057,0.997705,0.001725
AGATACCGGTGTTCAC-1,0.000787,0.745519,0.253694
AGATACGACTTCATAT-1,0.000374,0.773854,0.225772
AGATACTCAAGATCGA-1,0.000065,0.925551,0.074384
AGATATAATACGACTA-1,0.000039,0.93988,0.060081
AGATCGTGCATAAGAT-1,0.000124,0.299533,0.700343
AGATCTCAGGTGTGAT-1,0.000095,0.136983,0.862921
AGATCTGGAGAGGATA-1,0.02381,0.904136,0.072054
AGATGACTCGCCCACG-1,0.000255,0.245866,0.753879
AGATGAGGGTTGCGAT-1,0.000153,0.25922,0.740627
AGATGATGGAGTCTGG-1,0.000116,0.374422,0.625462
AGATGCAAGACGTGCA-1,0.002195,0.704222,0.293583
AGATGCATCCTGTGTC-1,0.002691,0.678713,0.318596
AGATGCTATAACGAGC-1,0.000041,0.468711,0.531248
AGATTATAGGACGTTT-1,0.00007,0.541916,0.458014
AGATTCACAACCGATA-1,0.003032,0.556758,0.44021
AGCAAAGGCCGCTAGT-1,0.000032,0.561554,0.438414
AGCAACATATCTTATT-1,0.000069,0.706352,0.293579
AGCAACCGAAAGTAAT-1,0.00194,0.689504,0.308557
AGCACACGTTTAGACT-1,0.002976,0.988008,0.009015
AGCACCAGTACTCACG-1,0.000167,0.882028,0.117805
AGCACTACCGGCCTGT-1,0.000873,0.555682,0.443445
AGCACTACCTCACCAG-1,0.000053,0.789814,0.210133
AGCACTTAAGGACGCC-1,0.000242,0.035952,0.963806
AGCAGAAGGAGAAAGA-1,0.000012,0.48236,0.517627
AGCAGCCAGATGAATA-1,0.000084,0.397534,0.602382
AGCAGTCGAAGCATGC-1,0.000603,0.737309,0.262088
AGCATATCAATATGCT-1,0.000066,0.213581,0.786354
AGCATCATTTCGAAAG-1,0.001427,0.28114,0.717433
AGCATCGTCGATAATT-1,0.000155,0.189549,0.810296
AGCATTACGAGGCAAG-1,0.000657,0.997353,0.00199
AGCCAAGCTTTGTGTC-1,0.000043,0.678872,0.321085
AGCCACAGGTTACCCG-1,0.000071,0.491129,0.5088
AGCCACTCCCGTGCTT-1,0.00047,0.980928,0.018602
AGCCATATAGTATGTG-1,0.000054,0.246091,0.753855
AGCCCATACATGTAAG-1,0.002977,0.987987,0.009036
AGCCCGCAACAAGCAG-1,0.000081,0.851961,0.147958
AGCCCGCACTACAATG-1,0.003271,0.986814,0.009915
AGCCCGGCATTAGAGG-1,0.003343,0.986553,0.010104
AGCCCGGTAGCCTGTA-1,0.000047,0.542589,0.457364
AGCCCTAAGCGAAGTT-1,0.000469,0.613822,0.38571
AGCCCTCCCTGGTGGC-1,0.002386,0.866645,0.130969
AGCCCTGTCGCACCGT-1,0.000242,0.798205,0.201552
AGCCCTTCTAATCCGA-1,0.000144,0.472947,0.526909
AGCCCTTGGACATCCC-1,0.001182,0.995234,0.003584
AGCCGCAAATTCAAAT-1,0.00051,0.365781,0.633709
AGCCGCTTGATTAGCG-1,0.000073,0.524415,0.475512
AGCCGTGGCTAAATGT-1,0.004902,0.471862,0.523236
AGCCTAATACCCACGT-1,0.002691,0.989143,0.008165
AGCCTTAAAGCGGAAG-1,0.00035,0.654113,0.345536
AGCCTTGTCACTGATA-1,0.000526,0.977378,0.022095
AGCGACAGGAACGGTC-1,0.002825,0.854246,0.142928
AGCGACATCCCATTCA-1,0.000442,0.846721,0.152837
AGCGACCAACGATATT-1,0.000181,0.437885,0.561934
AGCGACTTTGAAGACA-1,0.055556,0.776803,0.167641
AGCGAGACGTGAAGGC-1,0.001463,0.994101,0.004436
AGCGATGCGCCTAATA-1,0.000523,0.997893,0.001585
AGCGCATAATGAATCG-1,0.000045,0.156814,0.843141
AGCGCGGGTGCCAATG-1,0.000217,0.57191,0.427873
AGCGCTAGAGCGATGT-1,0.000249,0.899983,0.099768
AGCGGACACTTCGTAG-1,0.000024,0.117587,0.882389
AGCGGCGGTTAGCGGT-1,0.00355,0.69676,0.29969
AGCGGGAAGGGTCCAT-1,0.000351,0.998584,0.001065
AGCGGGTCTGACACTC-1,0.000028,0.656484,0.343489
AGCGTACGAGAGCTAG-1,0.000126,0.997845,0.002029
AGCGTAGCGCTAGACC-1,0.00009,0.868521,0.131389
AGCGTCTGAACCCGCA-1,0.000162,0.929545,0.070293
AGCGTGGTATTCTACT-1,0.000063,0.46766,0.532277
AGCTAACAAGCAATGT-1,0.003624,0.586434,0.409942
AGCTAAGCTCCGTCCG-1,0.055556,0.776872,0.167572
AGCTAAGTACGCAGGC-1,0.000034,0.559973,0.439993
AGCTACGAATGGTGGT-1,0.166667,0.333333,0.5
AGCTAGAAGCAGAAGT-1,0.000143,0.488187,0.51167
AGCTATTTAATCCAAC-1,0.000156,0.199463,0.800381
AGCTCCATATATGTTC-1,0.001049,0.995772,0.003179
AGCTCCTTCGCACATC-1,0.000061,0.553096,0.446843
AGCTCTAGACGTTCCA-1,0.000087,0.646671,0.353243
AGCTCTTCCCAGTGCA-1,0.000246,0.710435,0.289319
AGCTCTTCGTAACCTT-1,0.000051,0.186909,0.813039
AGCTCTTTACTCAGTT-1,0.000299,0.049998,0.949703
AGCTGAAGTAAACCAA-1,0.000169,0.845776,0.154056
AGCTGTAACCTCAATC-1,0.003969,0.983989,0.012042
AGCTTATAGAGACCTG-1,0.00014,0.958099,0.041761
AGCTTCTTCTCGAGCA-1,0.000629,0.997462,0.001909
AGCTTGATCAGGGTAG-1,0.001016,0.995904,0.00308
AGCTTGATCTTAACTT-1,0.002009,0.991903,0.006088
AGGAAAGCCTCTGATG-1,0.000044,0.759726,0.24023
AGGAAGCTGTCCGCCG-1,0.000035,0.637049,0.362916
AGGACAGTCGAATCCC-1,0.000037,0.231631,0.768332
AGGACATCGCACGTCG-1,0.00037,0.842438,0.157192
AGGACGACCCATTAGA-1,0.000947,0.384823,0.61423
AGGACGCTCGATGTTG-1,0.000198,0.339201,0.660601
AGGACTTATAGGAGAA-1,0.000042,0.320412,0.679546
AGGAGACATCCACAGT-1,0.000325,0.961307,0.038368
AGGAGAGTCTGGCTAC-1,0.000456,0.998162,0.001382
AGGAGGCCTTCGCGCG-1,0.000088,0.49821,0.501702
AGGATAAAGTCGGGAT-1,0.000064,0.676949,0.322987
AGGATATAGGGATTTA-1,0.000108,0.801197,0.198695
AGGATATCCGACTGCA-1,0.000424,0.99829,0.001286
AGGATCACGCGATCTG-1,0.003337,0.986539,0.010124
AGGATTGCTTACGACA-1,0.000303,0.764065,0.235632
AGGCAAAGAGGAATCA-1,0.000139,0.999441,0.00042
AGGCACGTGACTGTCC-1,0.001199,0.995166,0.003635
AGGCAGATGCGTAAAC-1,0.00021,0.727714,0.272075
AGGCAGGGAGCGTACT-1,0.000098,0.619227,0.380675
AGGCATTGTCGTAGGG-1,0.000071,0.244444,0.755485
AGGCCACCCGTTATGA-1,0.000672,0.99729,0.002038
AGGCCCAGTGACTGGT-1,0.000112,0.552029,0.447858
AGGCCCATTGTACAGG-1,0.000385,0.976282,0.023333
AGGCCCTAGAACGCCA-1,0.0022,0.991147,0.006653
AGGCCTATCATACCAA-1,0.000072,0.399759,0.600169
AGGCCTGAGAATCTCG-1,0.000057,0.55175,0.448193
AGGCGGTTTGTCCCGC-1,0.004762,0.980824,0.014414
AGGCTATGGTTAGCTT-1,0.000564,0.45759,0.541846
AGGCTTAAGTTGCACA-1,0.166667,0.333333,0.5
AGGCTTCCCGAAGAAG-1,0.002011,0.410073,0.587916
AGGCTTGCTAGACACC-1,0.000993,0.80974,0.189266
AGGGAAACGAGGTACT-1,0.000115,0.134166,0.86572
AGGGACAGCACGGCGG-1,0.000092,0.596924,0.402984
AGGGACCGGCTGCGTT-1,0.000128,0.885084,0.114788
AGGGACTCTACGCGAC-1,0.000122,0.485474,0.514404
AGGGAGACATACTTCG-1,0.000284,0.998855,0.000861
AGGGCAGCGGCGTGGT-1,0.000257,0.946668,0.053076
AGGGCGAGCAGCTGAT-1,0.003034,0.689887,0.307078
AGGGCGTGATCGGCTA-1,0.000237,0.365641,0.634122
AGGGCTGCAGTTACAG-1,0.00007,0.661729,0.338201
AGGGTCAGAGCACTCG-1,0.0004,0.746981,0.252619
AGGGTCGATGCGAACT-1,0.000083,0.289956,0.709961
AGGGTGCCGTTCTTTA-1,0.001517,0.993884,0.0046
AGGGTGCTCTCGAGGG-1,0.000134,0.460172,0.539694
AGGGTGGATAGTGCAT-1,0.000211,0.459316,0.540473
AGGGTTCAGACGGTCC-1,0.000067,0.003852,0.99608
AGGGTTCCCTTTGGTT-1,0.000191,0.382715,0.617095
AGGGTTTAGTTCGGGA-1,0.000071,0.568094,0.431835
AGGTAACCTCCTATTC-1,0.000221,0.817292,0.182486
AGGTACGATATTGCCA-1,0.000202,0.475482,0.524317
AGGTAGATCGAGATAT-1,0.002605,0.989489,0.007906
AGGTAGGTACAAAGCT-1,0.000681,0.185123,0.814196
AGGTATAATTGATAGT-1,0.000141,0.806226,0.193632
AGGTCAGGTGAGAGTG-1,0.003269,0.652129,0.344602
AGGTCGCCACTTCGGT-1,0.000117,0.788508,0.211376
AGGTCGCGGAGTTACT-1,0.000244,0.801304,0.198452
AGGTGCACGTCCACAT-1,0.000975,0.996069,0.002956
AGGTGGTGACCTTCGC-1,0.00004,0.327579,0.672381
AGGTGTATCGCCATGA-1,0.000896,0.310035,0.689068
AGGTTACACCATGCCG-1,0.000234,0.999058,0.000708
AGGTTCTCCTTTCCGG-1,0.00162,0.993483,0.004897
AGGTTGAGGCACGCTT-1,0.000377,0.587648,0.411974
AGGTTTCACACACCTT-1,0.00009,0.734697,0.265213
AGTAACTATAGCAGCC-1,0.001667,0.993285,0.005048
AGTAAGGGACAGAATC-1,0.083337,0.66419,0.252472
AGTAATCTAAGGGTGG-1,0.001031,0.849938,0.149031
AGTAATGTCTTGCCGC-1,0.000388,0.415232,0.58438
AGTAATTTGCAAGCGT-1,0.001794,0.99277,0.005437
AGTACAGAAGCTTATA-1,0.000088,0.412095,0.587817
AGTACATCATTTATCA-1,0.000115,0.171864,0.828022
AGTACGGCCCGTATCG-1,0.000667,0.6844,0.314933
AGTACGGGCACCTGGC-1,0.000194,0.260213,0.739593
AGTACTCTTATGCCCA-1,0.000131,0.937567,0.062302
AGTAGAAGGCGCCTCA-1,0.000078,0.362734,0.637188
AGTAGGAAGGAAGTTG-1,0.000308,0.998757,0.000935
AGTAGGTAACATACAT-1,0.000318,0.986196,0.013486
AGTATAATACTAGGCA-1,0.000364,0.662062,0.337573
AGTATACACAGCGACA-1,0.00004,0.620641,0.37932
AGTATCCATAATAACG-1,0.000072,0.78752,0.212408
AGTATGCTGGAGACCA-1,0.003881,0.98436,0.011759
AGTATTTGGCACGACC-1,0.000095,0.362904,0.637
AGTCAAATGATGTGAT-1,0.002253,0.489938,0.50781
AGTCAACACCACCATC-1,0.000701,0.967368,0.031931
AGTCAAGATGACACTT-1,0.000133,0.986982,0.012884
AGTCACTAGCTCTCGA-1,0.000343,0.936164,0.063493
AGTCACTCCGCCTCAT-1,0.000231,0.875846,0.123923
AGTCAGCCACCGCCTG-1,0.000315,0.385056,0.614628
AGTCCAGCGGGTACGT-1,0.00006,0.643183,0.356757
AGTCCATTGGCTGATG-1,0.000104,0.978024,0.021872
AGTCCCGCCTTTAATT-1,0.000321,0.998704,0.000974
AGTCGAAACGATTCAG-1,0.000735,0.997038,0.002227
AGTCGACGGTCTCAAG-1,0.000064,0.563246,0.43669
AGTCGGCCCAAACGAC-1,0.000245,0.319482,0.680273
AGTCGGCTCAACTTTA-1,0.002781,0.774098,0.22312
AGTCGGTTGCGTGAGA-1,0.000152,0.748776,0.251072
AGTCGTATAAAGCAGA-1,0.000037,0.611323,0.388641
AGTCGTCGACCACCAA-1,0.000098,0.429789,0.570112
AGTCGTGGGCATTACG-1,0.00463,0.584387,0.410983
AGTCTAAAGTATACTC-1,0.00019,0.876917,0.122893
AGTCTCACAAGACTAC-1,0.00211,0.991484,0.006406
AGTCTGGACATCCTTG-1,0.000689,0.965922,0.033389
AGTCTTCTCCTCAAAT-1,0.000246,0.692152,0.307602
AGTCTTTAAAGTGTCC-1,0.000037,0.45589,0.544073
AGTGAACAAACTTCTC-1,0.000061,0.881918,0.11802
AGTGACCTACTTTACG-1,0.000309,0.635477,0.364214
AGTGACTGTGACACAA-1,0.002929,0.988193,0.008878
AGTGAGACTTCCAGTA-1,0.000194,0.788928,0.210877
AGTGAGCCTCGCCGCC-1,0.000159,0.379089,0.620752
AGTGAGGGTTTCTGAC-1,0.00037,0.998509,0.001121
AGTGAGTCGAATTAAC-1,0.000729,0.997065,0.002207
AGTGATAACCTGCGCG-1,0.000052,0.393113,0.606835
AGTGATATGAGTAGTT-1,0.000814,0.99672,0.002466
AGTGATTCAAGCAGGA-1,0.000208,0.908666,0.091126
AGTGCACGCTTAAGAA-1,0.000073,0.40467,0.595257
AGTGCGTAGCTCGTAA-1,0.001652,0.60476,0.393588
AGTGCTAAACACAGCA-1,0.000095,0.732186,0.267719
AGTGCTTGCACGAATA-1,0.000074,0.727822,0.272105
AGTGGCCCGCAAATGG-1,0.000948,0.996182,0.00287
AGTGGCGGCAATTTGA-1,0.000133,0.34408,0.655787
AGTGGCGTCTGAAGGT-1,0.000048,0.441104,0.558848
AGTGGCTCCGTCGGCC-1,0.000878,0.595526,0.403595
AGTGGGAGTATACACG-1,0.000087,0.970955,0.028958
AGTGGTGTTACCCGTG-1,0.00309,0.699124,0.297786
AGTGGTTGCGTATAGG-1,0.000305,0.058064,0.94163
AGTGTATTGCGCATTG-1,0.00027,0.775742,0.223988
AGTGTGCTAAGATCGC-1,0.000194,0.749357,0.25045
AGTGTGGTCTATTGTG-1,0.000707,0.416534,0.582759
AGTTAAACACTTGCGA-1,0.000384,0.822979,0.176638
AGTTAAGCGGTCCCGG-1,0.000234,0.927238,0.072528
AGTTAAGTCAACCGCT-1,0.004274,0.982766,0.01296
AGTTACCCTTAAGACT-1,0.000223,0.220235,0.779543
AGTTACCGCACATGGT-1,0.000372,0.606233,0.393396
AGTTACTCTATCGTGG-1,0.000265,0.758018,0.241717
AGTTATTCAGACTGTG-1,0.020835,0.30645,0.672715
AGTTCACCGGTTGGAC-1,0.000301,0.608327,0.391372
AGTTCCTACAGAATTA-1,0.000182,0.514023,0.485795
AGTTCCTATTTATGTT-1,0.000098,0.55356,0.446342
AGTTCTGCGTTGTATC-1,0.000501,0.997981,0.001518
AGTTGACATCGGCTGG-1,0.000315,0.998729,0.000956
AGTTGACGGTCCTTGC-1,0.000057,0.807809,0.192133
AGTTGCGGTCCTCAAC-1,0.001199,0.995162,0.003639
AGTTGCTGACTGATAT-1,0.000367,0.316873,0.68276
AGTTGGCAAGGCTAGA-1,0.000744,0.996999,0.002257
AGTTTATGTAAAGACA-1,0.000239,0.783944,0.215817
AGTTTCGCAGGTCGGA-1,0.000189,0.426525,0.573287
AGTTTGCACCTGCCTC-1,0.000091,0.922497,0.077412
AGTTTGGCACGGGTTG-1,0.000161,0.898762,0.101077
AGTTTGGCCAGACCTA-1,0.002564,0.989646,0.00779
ATAAACCATTGGACGG-1,0.000073,0.550604,0.449323
ATAAACGGACCCGTAA-1,0.000044,0.242703,0.757253
ATAAACGTTGCACCAC-1,0.000563,0.997729,0.001708
ATAAAGGCTCGGTCGT-1,0.000126,0.35893,0.640944
ATAAATATTAGCAGCT-1,0.000752,0.293682,0.705567
ATAACGCCGGAGGGTC-1,0.000192,0.944717,0.055092
ATAACGGAGTCCAACG-1,0.000291,0.815402,0.184308
ATAAGGTGGAGAACAT-1,0.000058,0.538869,0.461073
ATAAGTAGGATTCAGA-1,0.000199,0.530267,0.469534
ATAAGTAGGGCGACTC-1,0.000094,0.701469,0.298437
ATAAGTTACCGCGACG-1,0.000241,0.568673,0.431086
ATAATACCGTTAGCCG-1,0.000354,0.607302,0.392345
ATAATAGCTGTTGAAT-1,0.000072,0.471085,0.528842
ATAATAGTGTAGGGAC-1,0.000205,0.371854,0.627941
ATAATCTTGGAGAACC-1,0.000032,0.615815,0.384153
ATAATTAGCTAAGTAG-1,0.000028,0.644924,0.355048
ATACAGCGTCCACTGA-1,0.001506,0.993936,0.004559
ATACAGGCCCTCCAAT-1,0.000076,0.835938,0.163986
ATACCACGGGCAACTT-1,0.001017,0.541544,0.45744
ATACCAGCAAATTGCT-1,0.000112,0.604494,0.395394
ATACCAGGCTAATAGA-1,0.000112,0.442335,0.557553
ATACCAGGTGAGCGAT-1,0.000193,0.999221,0.000586
ATACCCTCCCGGCCAA-1,0.083335,0.167992,0.748673
ATACCTAACCAAGAAA-1,0.000057,0.800577,0.199366
ATACGAAGGCTTTCCA-1,0.000297,0.90277,0.096933
ATACGAGGTTTGTAAG-1,0.00926,0.018689,0.972051
ATACGCCGATCTACCG-1,0.000127,0.881629,0.118245
ATACGCCGGCGAAACC-1,0.000065,0.588803,0.411132
ATACGGAACGTCGTTT-1,0.002194,0.991153,0.006653
ATACGGGTTTCGATTG-1,0.000212,0.182787,0.817002
ATACGGTGAAGATGCA-1,0.000272,0.19668,0.803048
ATACGTACTTAGCCAC-1,0.000067,0.633477,0.366455
ATACGTCCACTCCTGT-1,0.000085,0.7977,0.202215
ATACGTTATGCACGGA-1,0.000036,0.467902,0.532061
ATACTACCCGTACCAC-1,0.000834,0.785165,0.214001
ATACTAGCATGACCCT-1,0.000365,0.548651,0.450984
ATACTCTCGCCACTCT-1,0.000171,0.75885,0.240978
ATACTGCCTTACACCG-1,0.000123,0.83089,0.168987
ATACTTGTTCTCGAGC-1,0.000534,0.920722,0.078744
ATAGACAACGGGACCT-1,0.000219,0.73121,0.26857
ATAGACGAAGAGAAAG-1,0.000307,0.650029,0.349663
ATAGAGTACTGGGACA-1,0.000346,0.177296,0.822358
ATAGAGTTATCAACTT-1,0.000357,0.99856,0.001083
ATAGCAACTAGGGAAG-1,0.000173,0.760595,0.239232
ATAGCCATAACAGTCA-1,0.002227,0.991027,0.006746
ATAGCCTCAGTACCCA-1,0.000207,0.213785,0.786007
ATAGCTGCTCTTGTTA-1,0.000222,0.648029,0.351749
ATAGGCGGCTATAGAA-1,0.000927,0.803533,0.195541
ATAGGCTAGCTTCGCA-1,0.000253,0.464085,0.535661
ATAGGGATATCCTTGA-1,0.000174,0.170243,0.829583
ATAGGTTGGGCAGATG-1,0.000103,0.491004,0.508893
ATAGTCTTTGACGTGC-1,0.000168,0.665824,0.334009
ATAGTGAAGCGTTCTC-1,0.000149,0.427264,0.572587
ATAGTTCCACCCACTC-1,0.000173,0.981028,0.018799
ATATAAAGCGCTCGTG-1,0.000022,0.028356,0.971622
ATATAAATGTAGCTGC-1,0.000068,0.698492,0.301441
ATATAACACGGGCGCA-1,0.000099,0.754378,0.245523
ATATACATGTATGGTA-1,0.003147,0.536216,0.460637
ATATACGCTCGTGACG-1,0.000916,0.939947,0.059137
ATATAGAGTATTGGTC-1,0.00206,0.691921,0.306019
ATATCAACCTACAGAG-1,0.000076,0.544588,0.455336
ATATCAATTCCAGCCT-1,0.005557,0.759024,0.235419
ATATCGGTAGGGAGAT-1,0.0001,0.857859,0.142041
ATATCGTGCCAGACCC-1,0.000431,0.998262,0.001306
ATATCGTTCCTCGAAC-1,0.000093,0.307945,0.691962
ATATCTCCCTCGTTAA-1,0.000197,0.547648,0.452154
ATATCTTAGGGCCTTC-1,0.000059,0.231615,0.768326
ATATGGGATAGCAACT-1,0.000101,0.49249,0.507409
ATATGTCTAGAGCGTG-1,0.000348,0.042906,0.956746
ATATGTCTCCCTAGCC-1,0.000199,0.686467,0.313335
ATATTATCCCGTATTT-1,0.00008,0.943579,0.05634
ATATTCAGTTAAACCT-1,0.001939,0.833802,0.164259
ATATTCCACATAGTGA-1,0.000082,0.824477,0.175441
ATATTCCCACAGGTCA-1,0.00018,0.523879,0.475941
ATATTGCTGTCAAAGT-1,0.000144,0.029362,0.970494
ATATTTAACCCTCAAG-1,0.000086,0.384601,0.615312
ATCAAACACTGTTCCA-1,0.000092,0.843667,0.156241
ATCAAACGAAGGTTTG-1,0.004167,0.457468,0.538365
ATCAAAGAGCCGTGGT-1,0.041674,0.084135,0.874191
ATCAAGATCCCAGGAC-1,0.00005,0.035897,0.964054
ATCAATCTGGGCTGCA-1,0.000066,0.534583,0.465352
ATCAATGCCGTGGCTG-1,0.004074,0.983618,0.012308
ATCACATTAGAATATC-1,0.000222,0.997081,0.002697
ATCACGTGCTAATTAA-1,0.002194,0.64561,0.352196
ATCACTTCATCCTCGC-1,0.000471,0.597308,0.402221
ATCAGAAGCTGGTTGC-1,0.166667,0.333333,0.5
ATCAGACGGCACGCCG-1,0.002779,0.656254,0.340967
ATCAGCCTCATGCTGC-1,0.000069,0.208778,0.791153
ATCAGCTCGTCCACTA-1,0.003704,0.985055,0.011241
ATCAGGTAGCTGACAG-1,0.000292,0.941558,0.05815
ATCAGTAGGCAGGGAT-1,0.000211,0.341597,0.658192
ATCATAGATCGACGAG-1,0.000556,0.112461,0.886983
ATCATAGCCCTATGTA-1,0.000614,0.339183,0.660204
ATCATCCAATATTTGT-1,0.000172,0.743496,0.256332
ATCATTGTACCGCATT-1,0.001098,0.706768,0.292135
ATCCAACGCAGTCATA-1,0.000249,0.36848,0.631271
ATCCAATGGAGGGTCC-1,0.002253,0.726257,0.271489
ATCCAATGGTACCGAA-1,0.000485,0.268269,0.731247
ATCCACATCGACAGAA-1,0.000039,0.812891,0.18707
ATCCACGCTAAATGTT-1,0.000386,0.997504,0.00211
ATCCAGAGCAACAACC-1,0.000257,0.882526,0.117218
ATCCAGGATTCGTGAA-1,0.00049,0.850351,0.149158
ATCCCATCCACAGCGC-1,0.002255,0.990907,0.006838
ATCCCATTTCCGTGGG-1,0.000077,0.507432,0.492491
ATCCTACCTAAGCTCT-1,0.002084,0.384349,0.613566
ATCCTGAATCGCTGCG-1,0.000613,0.311448,0.687939
ATCCTGCGTGGAATGG-1,0.002348,0.766536,0.231116
ATCCTGCTGCAGATAG-1,0.000129,0.895716,0.104155
ATCGACCCAATACAGA-1,0.000053,0.28786,0.712087
ATCGACTCTTTCCGTT-1,0.000186,0.299061,0.700753
ATCGCACGATTGTTCA-1,0.000099,0.726466,0.273435
ATCGCACGCCGGGAGA-1,0.000068,0.172938,0.826994
ATCGCCAGTCAACATT-1,0.000057,0.425195,0.574748
ATCGCTGCGTGCAGCA-1,0.000269,0.998915,0.000816
ATCGCTTTACGTCTCA-1,0.000253,0.808874,0.190873
ATCGGAGACAGACGGC-1,0.00007,0.824787,0.175143
ATCGGCAAGCAGTCCA-1,0.000243,0.672873,0.326884
ATCGGTTACCTAGTAA-1,0.000639,0.526663,0.472698
ATCGTATTCCGAGAAC-1,0.000274,0.685648,0.314078
ATCGTCCAATCGAGTC-1,0.000071,0.533246,0.466683
ATCGTGGAAAGTCTGG-1,0.002977,0.558323,0.4387
ATCGTTAGCTAGCGGA-1,0.000307,0.977128,0.022566
ATCGTTCACTTTCGCC-1,0.00041,0.875639,0.12395
ATCTAACGTCCCTATG-1,0.000052,0.515939,0.484009
ATCTAATATCCTACGG-1,0.000082,0.696652,0.303266
ATCTACCATCTGCTCC-1,0.000345,0.998611,0.001045
ATCTAGCTTGTGAGGG-1,0.000039,0.6734,0.326561
ATCTATCGATGATCAA-1,0.000182,0.856559,0.143258
ATCTCCCACGGAATAT-1,0.000723,0.997087,0.002191
ATCTCCCTGCAATCTA-1,0.000263,0.676912,0.322825
ATCTCGTGAGCGAAAC-1,0.000349,0.998593,0.001058
ATCTGACATGGAAGGA-1,0.00055,0.69527,0.30418
ATCTGATAGTGTCTTA-1,0.000296,0.369797,0.629907
ATCTGCACCTCTGCGA-1,0.000219,0.567612,0.432169
ATCTGCTGTTATCGCC-1,0.000072,0.847453,0.152475
ATCTGGGCTGTTCTTG-1,0.000038,0.709379,0.290583
ATCTGGTTAAGACTGT-1,0.000394,0.619893,0.379713
ATCTGTAATTGTACCC-1,0.000285,0.572306,0.427409
ATCTTAGGGCATTAAT-1,0.00112,0.995484,0.003396
ATCTTATCGCACACCC-1,0.000232,0.950817,0.04895
ATCTTGACCTGCAACG-1,0.00024,0.225145,0.774616
ATCTTGACTTGTCCAA-1,0.00016,0.582654,0.417187
ATCTTTCGTATAACCA-1,0.000209,0.916098,0.083693
ATGAAGCCAAGGAGCC-1,0.000226,0.515927,0.483848
ATGAAGTGGACCCAGC-1,0.000352,0.858422,0.141226
ATGACGCCGGCTCTAA-1,0.000341,0.998625,0.001034
ATGACGCGTTCTATCC-1,0.001127,0.576222,0.422651
ATGACTATCAGCTGTG-1,0.000265,0.878835,0.1209
ATGACTATGCGACATT-1,0.000151,0.917234,0.082615
ATGAGGAGTGTTAATC-1,0.000218,0.021537,0.978245
ATGAGGGCAGCGGCTA-1,0.000228,0.819903,0.179869
ATGATCGGGAATAGAC-1,0.000308,0.81116,0.188532
ATGATGCAATGGTACA-1,0.000644,0.997404,0.001952
ATGCACCTTCCTTAAT-1,0.000232,0.689013,0.310755
ATGCACGCGCTGTTCA-1,0.002875,0.478738,0.518387
ATGCACTACCGCATTG-1,0.000369,0.71301,0.286621
ATGCATGATCCAGGAT-1,0.000192,0.737107,0.262702
ATGCATTCCGTGATGG-1,0.000168,0.804562,0.19527
ATGCCAATCGCTCTGC-1,0.000435,0.998248,0.001317
ATGCCATTTGCGACCA-1,0.000134,0.994595,0.005272
ATGCCGGTCTTGCATA-1,0.0001,0.542943,0.456958
ATGCCGGTTGATGGGA-1,0.000205,0.822607,0.177189
ATGCGACAGTCCCATT-1,0.000029,0.082735,0.917236
ATGCGAGTCCCACCAC-1,0.000126,0.55834,0.441534
ATGCTCAGTGTTGCAT-1,0.000446,0.791553,0.208001
ATGCTCTGGCGCGGTA-1,0.000034,0.414179,0.585787
ATGCTTAGGAGTTGAT-1,0.000622,0.997492,0.001886
ATGGAAATTTAAGGAG-1,0.002924,0.617317,0.379759
ATGGAACCTTTGCACA-1,0.000187,0.973076,0.026737
ATGGACTGCTTAGTTG-1,0.016668,0.033639,0.949693
ATGGAGCAGGCCGTGA-1,0.000058,0.398884,0.601058
ATGGATCCGGCGTCCG-1,0.000286,0.927621,0.072094
ATGGATTGACCAAACG-1,0.000101,0.926805,0.073093
ATGGCAGCATTACGAT-1,0.002749,0.988979,0.008272
ATGGCAGCCGAGAAAC-1,0.000164,0.054709,0.945127
ATGGCGGAATAGTCGC-1,0.000319,0.998714,0.000967
ATGGGACCTGCTGAAC-1,0.002874,0.696269,0.300857
ATGGGCCTCGGCCTCT-1,0.000132,0.950452,0.049416
ATGGGTGTATACCTCC-1,0.003547,0.985699,0.010755
ATGGTATTGGGAACCG-1,0.000091,0.190619,0.809289
ATGGTATTTACTGATT-1,0.001158,0.995329,0.003513
ATGGTCGCGTGGTTTC-1,0.000066,0.90989,0.090044
ATGGTGCTCAAAGCCA-1,0.00021,0.999153,0.000637
ATGTAAGGCTGCTCTT-1,0.000209,0.995368,0.004423
ATGTACATGCGGTGAG-1,0.000577,0.997673,0.001749
ATGTACGATGACGTCG-1,0.000036,0.838424,0.16154
ATGTAGCGCGCGTAGG-1,0.000063,0.812439,0.187498
ATGTCATAATAAACGA-1,0.166667,0.333333,0.5
ATGTCATTTCCCATTG-1,0.000194,0.485801,0.514005
ATGTCTTGTTTGACTC-1,0.000982,0.340887,0.658131
ATGTGAAAGCCTAATG-1,0.000903,0.218738,0.780359
ATGTGCATCCGACGCA-1,0.000345,0.675601,0.324054
ATGTGGACATCTTGAT-1,0.000058,0.505846,0.494096
ATGTGTAGTTTAGTCA-1,0.000111,0.509713,0.490175
ATGTTACGAGCAATAC-1,0.000387,0.437957,0.561656
ATGTTCCTGCCCACCT-1,0.000159,0.418146,0.581695
ATGTTCGTCGACCCAC-1,0.000921,0.996284,0.002795
ATGTTGATTAGAGACT-1,0.000266,0.998928,0.000806
ATGTTGTAGTCTGTTT-1,0.000074,0.869906,0.13002
ATGTTTCGGCCCGGAG-1,0.00038,0.998469,0.001152
ATTAAACATGCGGACC-1,0.000145,0.943664,0.056191
ATTAACACCTGAGATA-1,0.000131,0.925299,0.074571
ATTAATACTACGCGGG-1,0.00024,0.235557,0.764203
ATTAATGAACCAGTCG-1,0.000252,0.993587,0.006161
ATTAATTCGGTCACTC-1,0.000385,0.998193,0.001421
ATTACAACTACCGGCC-1,0.000124,0.45499,0.544885
ATTACATGTCAGTCTT-1,0.000462,0.998138,0.0014
ATTACCACACTGCCTG-1,0.000359,0.562413,0.437228
ATTACGCGCTGGCAGG-1,0.001854,0.78053,0.217615
ATTACGGGCTACGGTT-1,0.000817,0.996706,0.002477
ATTACTAGCCTCTTGC-1,0.00036,0.624063,0.375577
ATTACTTACTGGGCAT-1,0.000233,0.640842,0.358925
ATTAGATTCCTCAGCA-1,0.000225,0.739407,0.260368
ATTAGATTGATAGCGG-1,0.000659,0.997342,0.001999
ATTAGGCGATGCTTTC-1,0.000075,0.287375,0.71255
ATTATACTTTGCTCGT-1,0.000441,0.998221,0.001338
ATTATAGCTACTTTAC-1,0.000296,0.998806,0.000897
ATTATCGGAATGTACG-1,0.000096,0.549443,0.450461
ATTATCTCGACAGATC-1,0.000261,0.870456,0.129283
ATTATGAGACCCAATT-1,0.001437,0.994202,0.004361
ATTATGCCATAGGGAG-1,0.000382,0.361654,0.637964
ATTATTATGTCCGTCA-1,0.002383,0.793025,0.204592
ATTATTCAGAGTCACT-1,0.000363,0.96244,0.037197
ATTCAAAGTACCTGTT-1,0.000101,0.940256,0.059643
ATTCAACCATTTAAGG-1,0.000349,0.963202,0.036448
ATTCACTGATGTTGGA-1,0.000063,0.451436,0.548501
ATTCAGGACCTATTTC-1,0.000272,0.709809,0.289919
ATTCAGTAGCAGGGTC-1,0.000357,0.136511,0.863132
ATTCATATACTGTCCA-1,0.000073,0.329054,0.670873
ATTCATCGTTGAGGCA-1,0.000099,0.516182,0.483719
ATTCCCACATAAACAA-1,0.00017,0.036415,0.963415
ATTCCCGAAGGTACAG-1,0.002143,0.991382,0.006475
ATTCCTCCGCCAGTGC-1,0.000662,0.997332,0.002006
ATTCCTTCCAGGCGGT-1,0.000263,0.978748,0.020989
ATTCGACGCCGGGCCT-1,0.001174,0.708726,0.290099
ATTCGCGCCTTGAGAG-1,0.000516,0.997918,0.001566
ATTCGTGCTATCTCTT-1,0.000144,0.998703,0.001152
ATTCGTGTACCCATTC-1,0.083336,0.168811,0.747853
ATTCTCGTCTCTTTAG-1,0.000195,0.6903,0.309505
ATTCTGAGTATGAACT-1,0.000531,0.997859,0.00161
ATTCTTCGTACTTATG-1,0.000649,0.997384,0.001966
ATTGAAGATCTTAGTG-1,0.000367,0.452285,0.547348
ATTGACCGGCGATGAC-1,0.000141,0.91284,0.087018
ATTGACGTAACTCGGT-1,0.000223,0.999103,0.000674
ATTGATAGCAACGAGA-1,0.000224,0.851216,0.14856
ATTGATCACCACATTT-1,0.002789,0.988777,0.008433
ATTGATGAGTCCTAAC-1,0.000165,0.474507,0.525329
ATTGCCTATTAGACCG-1,0.002929,0.988194,0.008878
ATTGCCTTTATGTTTG-1,0.00005,0.542633,0.457317
ATTGCGATCAGTAACT-1,0.000078,0.161309,0.838613
ATTGCTGCTCCTCCAT-1,0.000542,0.755792,0.243666
ATTGGATTACAGCGTA-1,0.000453,0.805566,0.193981
ATTGGGAATATCTTGG-1,0.000335,0.777851,0.221814
ATTGGTAGGATCCGCT-1,0.000231,0.720344,0.279424
ATTGGTTGTGCATTAC-1,0.003788,0.984745,0.011467
ATTGTACAACTCGGCT-1,0.000109,0.861862,0.138029
ATTGTCGCAATACCTT-1,0.00023,0.643197,0.356573
ATTGTCTGTTTCATGT-1,0.000098,0.796491,0.203412
ATTTAACTCGTATTAC-1,0.000278,0.776544,0.223179
ATTTACAGTTTACTGG-1,0.000462,0.705876,0.293662
ATTTACTAAGTCCATT-1,0.000195,0.567333,0.432472
ATTTATACTGGTAAAG-1,0.002253,0.771576,0.226171
ATTTCATTATTTCGCG-1,0.000277,0.843529,0.156195
ATTTCCGGGTTCTGCG-1,0.003272,0.700272,0.296456
ATTTGCGCGAGTAGCT-1,0.002139,0.709964,0.287897
ATTTGGAGATTGCGGT-1,0.00257,0.989655,0.007775
ATTTGTCTTGGGAGCT-1,0.000071,0.385395,0.614534
ATTTGTTCCAGGGCTC-1,0.00035,0.678455,0.321195
CAAACCAGGTCTGCAT-1,0.0004,0.676517,0.323083
CAAACCATAAGCGTAT-1,0.166667,0.333333,0.5
CAAACCCTCCGGCGGG-1,0.000095,0.577678,0.422227
CAAACGAGTATCGCAG-1,0.001106,0.995544,0.00335
CAAACGGTCGCACTTT-1,0.000365,0.96019,0.039446
CAAACGTGGTCTTGCG-1,0.000288,0.998839,0.000872
CAAACTACGATAGAGA-1,0.000123,0.881305,0.118571
CAAACTATTGAGCTTC-1,0.000219,0.881878,0.117903
CAAACTCGCGACGCCG-1,0.000153,0.999382,0.000464
CAAAGATTATTGGGCC-1,0.001462,0.565248,0.43329
CAAAGGTCATCTGAAA-1,0.00023,0.905324,0.094446
CAAAGTCAGGTTAGCT-1,0.000132,0.956747,0.043122
CAAATCTCTCACAAGG-1,0.002168,0.41967,0.578161
CAAATGTCCTTCCGTG-1,0.000209,0.700688,0.299103
CAAATTGGATTATGCC-1,0.000213,0.981808,0.017979
CAAATTGTCAGCAAGC-1,0.000286,0.990342,0.009372
CAACACATCTCCTGCC-1,0.000271,0.998907,0.000822
CAACATGGCCTGATAA-1,0.00005,0.977309,0.022641
CAACCAGTGGCCTACC-1,0.000681,0.627909,0.37141
CAACCGCACCTAGACA-1,0.000104,0.999583,0.000314
CAACCTACCGAGCAGT-1,0.000417,0.890278,0.109305
CAACCTGAACCTGCCA-1,0.000268,0.998921,0.000812
CAACGACCCGTTTACA-1,0.000201,0.359982,0.639818
CAACGAGCTTATTATG-1,0.08335,0.167787,0.748863
CAACGCGATGAGCCAA-1,0.000741,0.001498,0.997761
CAACGGTTCTTGATAC-1,0.000349,0.623176,0.376475
CAACGTGGTGGAGTCT-1,0.000587,0.901696,0.097717
CAACTATATCGAATGC-1,0.000138,0.27386,0.726002
CAACTCCTTGATCCCG-1,0.000197,0.114108,0.885694
CAACTGCTCATCCGAT-1,0.000032,0.262267,0.737701
CAACTTGTAGTGGGCA-1,0.000104,0.623943,0.375953
CAAGACTCAGAAGCGC-1,0.000439,0.998231,0.001331
CAAGAGGGCGGAGTAC-1,0.000061,0.572854,0.427085
CAAGATATTATAACGT-1,0.000049,0.732439,0.267512
CAAGCAACGTCGGAGT-1,0.000387,0.681656,0.317957
CAAGCACCAAATGCCT-1,0.000272,0.579057,0.420672
CAAGCGGCACATAATT-1,0.000074,0.859051,0.140875
CAAGGATCGCATGTTC-1,0.000078,0.763466,0.236455
CAAGGCCAGTGGTGCA-1,0.000316,0.998726,0.000958
CAAGGGAGTGTATTTG-1,0.000158,0.997846,0.001995
CAAGGTCCTATAGGCT-1,0.000148,0.669637,0.330215
CAAGTAAGTGATAGAC-1,0.000111,0.347341,0.652547
CAAGTCGTTGAAATCT-1,0.166667,0.333333,0.5
CAAGTGAACTTTGGTT-1,0.000205,0.950959,0.048837
CAAGTGTGGTTGCAAA-1,0.000115,0.999538,0.000348
CAATAAACCTTGGCCC-1,0.000281,0.707354,0.292364
CAATACGAGAGTCTGA-1,0.000178,0.725476,0.274346
CAATACGCTCTGAGGC-1,0.001391,0.994393,0.004216
CAATATTCTTGACCTA-1,0.002384,0.645457,0.35216
CAATATTGGACTAGTG-1,0.000088,0.55897,0.440942
CAATCCCTATACCAGC-1,0.000157,0.593156,0.406687
CAATCCTGCCGTGGAG-1,0.000424,0.465364,0.534212
CAATGACCCTTAATTT-1,0.000063,0.060786,0.939152
CAATGAGGTTCGACTA-1,0.000238,0.948708,0.051054
CAATGCGAGAAGTATC-1,0.000028,0.228311,0.771661
CAATGGAATCTACATA-1,0.000315,0.96173,0.037955
CAATGGATCTCTACCA-1,0.000225,0.52418,0.475595
CAATGGTCGGCCTGGG-1,0.000159,0.729151,0.27069
CAATGTGCCAACCCTT-1,0.000173,0.980504,0.019323
CAATTAAGGGTGATGA-1,0.000103,0.649269,0.350628
CAATTGGGCCGCACTC-1,0.002874,0.712457,0.28467
CAATTTCGTATAAGGG-1,0.000067,0.577604,0.422329
CAATTTGACCGGGAAG-1,0.000078,0.946857,0.053065
CACAAGCTAAGAAAGG-1,0.001703,0.99314,0.005157
CACAATGAGCTGCTAT-1,0.000464,0.998131,0.001405
CACACACGCTAACGAG-1,0.000432,0.998258,0.00131
CACACAGCTTGCGCTC-1,0.000342,0.975611,0.024047
CACACAGGGATAGATT-1,0.000325,0.388335,0.61134
CACACGCGCTGTCTTA-1,0.000363,0.998535,0.001102
CACAGAGACGAGGACG-1,0.003337,0.759751,0.236912
CACAGCACCCACGGCA-1,0.000128,0.793646,0.206226
CACAGCTAGGGAGTGA-1,0.000258,0.603258,0.396484
CACAGGGCCATATAGT-1,0.000267,0.882034,0.117699
CACAGGGCCGTTGTCA-1,0.000023,0.327575,0.672402
CACAGTCCCGCTTCGC-1,0.00109,0.995607,0.003303
CACAGTTCGCTTCCCA-1,0.000787,0.996829,0.002385
CACATAAGGCGACCGT-1,0.000169,0.99932,0.000511
CACATATTAGCAGGAT-1,0.00006,0.516423,0.483517
CACATCGTGCACGCGC-1,0.000607,0.997554,0.001839
CACATCTCACCGACGA-1,0.000057,0.568209,0.431734
CACATGATTCAGCAAC-1,0.000071,0.822742,0.177187
CACATGTTTGGACATG-1,0.000271,0.979631,0.020099
CACATTCTTTCGATGG-1,0.000187,0.339971,0.659842
CACATTTCTTGTCAGA-1,0.000169,0.84959,0.150241
CACCAATCATCCGTCT-1,0.003145,0.987316,0.009539
CACCACGCCACACAGA-1,0.001701,0.993138,0.005161
CACCAGTCAGCATGCA-1,0.003877,0.984371,0.011753
CACCATCGGAGGAGAC-1,0.00027,0.82802,0.17171
CACCCAAATCTTATGT-1,0.000096,0.552463,0.447442
CACCCACACGTCACCC-1,0.00026,0.277258,0.722482
CACCCACGAGGCAATT-1,0.000233,0.821955,0.177812
CACCCGGTTTGTGACT-1,0.004505,0.981851,0.013644
CACCCTAACAAGATCT-1,0.000031,0.476962,0.523007
CACCCTTGGTGAGACC-1,0.002253,0.459438,0.538309
CACCCTTTCCTCGCTC-1,0.000098,0.337187,0.662715
CACCGATACACCGAGC-1,0.000204,0.58333,0.416466
CACCGCCAGAAGGTTT-1,0.00009,0.377716,0.622194
CACCGCCGACCAGCGA-1,0.000149,0.714816,0.285035
CACCGCGTCCACTCTA-1,0.000371,0.998503,0.001126
CACCGGGCATCACAAG-1,0.000332,0.998661,0.001007
CACCGGTAGAGACATT-1,0.003402,0.986299,0.010299
CACCGTATCCCATCCG-1,0.000451,0.998183,0.001366
CACCGTTAGGGATCAC-1,0.002112,0.719048,0.27884
CACCGTTGCGCGATAT-1,0.000484,0.855619,0.143898
CACCTAATAGAGTCGT-1,0.000325,0.477012,0.522662
CACCTAATCAGTTTAC-1,0.00036,0.820792,0.178848
CACCTCGATGGTGGAC-1,0.000274,0.710783,0.288943
CACCTTGCGAAACTCG-1,0.000242,0.893868,0.10589
CACCTTGGCGCCTTTG-1,0.000087,0.985694,0.014218
CACGAAAGTTAGTCCC-1,0.000586,0.232007,0.767407
CACGACTAAAGTTCTG-1,0.000088,0.673849,0.326063
CACGAGCAAACCAGAC-1,0.001402,0.994346,0.004251
CACGATTGGTCGTTAA-1,0.000157,0.982973,0.01687
CACGCACAGCGCAGCT-1,0.00027,0.460595,0.539135
CACGCAGCGAGGCTTT-1,0.000364,0.590126,0.40951
CACGCGGAACTGTTGC-1,0.000069,0.399123,0.600807
CACGGCGCGCCAAAGG-1,0.000293,0.99882,0.000887
CACGGGATTGAGGGTT-1,0.000306,0.299734,0.69996
CACGTCAATCAATGGA-1,0.000692,0.99721,0.002097
CACGTCGGCAACCTCT-1,0.002488,0.989962,0.00755
CACGTCGGGTTCTAGA-1,0.000091,0.70098,0.298929
CACGTTCGTGCTCTAG-1,0.000094,0.291078,0.708828
CACGTTTCGTACACAC-1,0.00013,0.786435,0.213435
CACTAAAGTTGCCTAT-1,0.00014,0.43903,0.56083
CACTACGGGAGCTGCC-1,0.000877,0.681002,0.318121
CACTACTCAGTTCTGT-1,0.00037,0.909327,0.090304
CACTCAAGAGCTATGG-1,0.000186,0.995525,0.004289
CACTCAGCTCTTGAGG-1,0.00017,0.542283,0.457547
CACTCCTATGTAAGAT-1,0.002111,0.928795,0.069094
CACTCCTCTCGGTCGG-1,0.000252,0.989844,0.009904
CACTCGAGCTGAACAA-1,0.000034,0.363066,0.636899
CACTCGGTTAGGAGGA-1,0.000621,0.607704,0.391676
CACTCTCAAGCATCGA-1,0.000155,0.40645,0.593394
CACTCTTCTGCTAGCC-1,0.000486,0.764754,0.23476
CACTGACGATTGTGGA-1,0.000049,0.589973,0.409978
CACTGTCCAAGTGAGA-1,0.000235,0.482439,0.517326
CACTTAATCAGACGGA-1,0.00013,0.11302,0.88685
CACTTCGCCACAGGCT-1,0.000426,0.863375,0.136199
CACTTCGTCTTATCTC-1,0.000298,0.904914,0.094788
CAGAACTTAGCCCTCT-1,0.000031,0.288191,0.711778
CAGAATAACACACGGA-1,0.00081,0.760135,0.239055
CAGACACCGATCGCTG-1,0.000294,0.976396,0.02331
CAGACCTGTAAGTGTT-1,0.000092,0.103256,0.896652
CAGACGAACCTGATAC-1,0.000326,0.720268,0.279406
CAGAGACGGTCACCCA-1,0.000082,0.350946,0.648971
CAGAGCATGAGCTTGC-1,0.000146,0.469777,0.530077
CAGAGGCGATGCATGA-1,0.00056,0.78075,0.21869
CAGAGTGATTTAACGT-1,0.000189,0.975777,0.024033
CAGATAATGGGCGGGT-1,0.000405,0.998368,0.001227
CAGATACTAACATAGT-1,0.000252,0.543099,0.456649
CAGATATGAAGATGAC-1,0.003408,0.986288,0.010304
CAGATCATTTAAAGTC-1,0.000222,0.976853,0.022925
CAGATCCTGGTTTGAA-1,0.003334,0.218323,0.778343
CAGATGTTTGTCCCAA-1,0.000842,0.048152,0.951005
CAGCAGCCCGTTCCTT-1,0.00027,0.46783,0.531901
CAGCAGTCCAGACTAT-1,0.000119,0.413101,0.58678
CAGCAGTCTGTGCTGC-1,0.000044,0.902787,0.097169
CAGCCCTCACAGGCAG-1,0.00015,0.453143,0.546706
CAGCCGGGCCCTCTAT-1,0.000236,0.762072,0.237692
CAGCCTCCTGCAGAGG-1,0.000383,0.874511,0.125105
CAGCCTCTCCTCAAGA-1,0.00016,0.263819,0.736021
CAGCGATTCCCTTCAA-1,0.002454,0.456253,0.541293
CAGCGCCAACACGATA-1,0.000888,0.742605,0.256507
CAGCTCACTGAGACAT-1,0.000103,0.669612,0.330285
CAGCTCGACAAGTTAA-1,0.000225,0.780368,0.219407
CAGCTCGTGCTTGTGT-1,0.000273,0.853343,0.146384
CAGCTCTGGGCTCACT-1,0.000237,0.257329,0.742434
CAGCTGGCGTAACCGT-1,0.00463,0.744298,0.251072
CAGCTTAGTAGGTAGC-1,0.000744,0.759416,0.239839
CAGGAAGACTTTATAT-1,0.000142,0.572363,0.427495
CAGGACAGCTGCCCTT-1,0.000225,0.915024,0.084751
CAGGATATATCGTTGT-1,0.000083,0.244608,0.755309
CAGGATCCGCCCGACC-1,0.000183,0.997609,0.002208
CAGGCAGTCTTACCAG-1,0.000061,0.555111,0.444829
CAGGCCAGTACCACCT-1,0.000772,0.996887,0.002341
CAGGCCGTTTGGGTGT-1,0.000518,0.770827,0.228656
CAGGCGCACGGTGGTC-1,0.001896,0.424742,0.573362
CAGGCGCCATGCTAGG-1,0.000062,0.54019,0.459749
CAGGGAGATAGGCCAG-1,0.003335,0.96444,0.032225
CAGGGCTAACGAAACC-1,0.000061,0.999754,0.000185
CAGTAACTATTTATTG-1,0.000198,0.540804,0.458999
CAGTAAGGGACGTCTC-1,0.002087,0.991596,0.006318
CAGTAATCCCTCCCAG-1,0.000696,0.792372,0.206933
CAGTACATTCTCTAAA-1,0.000099,0.464442,0.535459
CAGTACCAGTTTACGT-1,0.007253,0.482838,0.509909
CAGTAGATGATGTCCG-1,0.000098,0.524991,0.474911
CAGTAGCCCACGCGGT-1,0.000326,0.901818,0.097856
CAGTAGCGAGGTAGTA-1,0.000071,0.1835,0.816429
CAGTCGAGGATGCAAT-1,0.000142,0.407227,0.592631
CAGTCGGCCTAGATAT-1,0.000953,0.996158,0.002889
CAGTCTCTCGGCTAAT-1,0.00019,0.998791,0.001018
CAGTCTGTATACTGGG-1,0.000042,0.095984,0.903973
CAGTGAATAAATGACT-1,0.000249,0.839589,0.160162
CAGTGGTTGCACATGA-1,0.000426,0.978959,0.020615
CAGTGTCCGCAGAATG-1,0.00026,0.5569,0.44284
CAGTGTCGGCTGGCCC-1,0.000067,0.58539,0.414543
CAGTGTTAATCTCTCA-1,0.00067,0.997299,0.00203
CAGTTCAAATTGACAC-1,0.000112,0.088428,0.911461
CAGTTCCGCGGGTCGA-1,0.000464,0.885939,0.113597
CAGTTCGAGGACCCGA-1,0.000141,0.283686,0.716173
CATAACGGACAGTCGT-1,0.000145,0.994879,0.004977
CATAAGAAGCTTGGCT-1,0.000027,0.185914,0.814059
CATAAGCTCTCCGTCT-1,0.001235,0.204559,0.794206
CATAATGAGCGGGCGA-1,0.000093,0.429236,0.570671
CATACAAAGCCGAACC-1,0.000198,0.635101,0.3647
CATACACAAAGTCAGC-1,0.001939,0.992183,0.005877
CATACACGGTTCCCAC-1,0.000031,0.323242,0.676727
CATACCCGTACCCAGT-1,0.000701,0.32157,0.677728
CATACGAACTAGCTGG-1,0.002611,0.989482,0.007907
CATACGGCGTCTGGGC-1,0.000076,0.543024,0.4569
CATACGGGTGCATGAT-1,0.000062,0.864046,0.135892
CATACTATGTAATTGT-1,0.000541,0.294438,0.70502
CATACTTAGGCAATAC-1,0.000182,0.971603,0.028215
CATACTTCTTTCTCCG-1,0.00011,0.444375,0.555514
CATAGAGGAGATACTA-1,0.000291,0.998829,0.000881
CATAGCCGCCCGGGAT-1,0.000545,0.628986,0.370469
CATAGCGTTGCCCACC-1,0.002875,0.988402,0.008723
CATAGGGACACTTGTG-1,0.033336,0.067097,0.899567
CATAGTACATTGAGAG-1,0.0003,0.798167,0.201533
CATAGTAGCATAGTAG-1,0.000264,0.511332,0.488404
CATAGTCAAATACATA-1,0.000095,0.805009,0.194896
CATAGTCCACAAGAAC-1,0.001023,0.777997,0.220981
CATATACTACTGATAA-1,0.000208,0.560563,0.439229
CATATAGGTACAGTCA-1,0.000167,0.555378,0.444455
CATATGTCAGGCTACG-1,0.00417,0.198006,0.797824
CATATTATTTGCCCTA-1,0.000193,0.60887,0.390937
CATCAACACCTACTAA-1,0.000066,0.133524,0.866409
CATCATCTACCCGGAC-1,0.000289,0.998835,0.000876
CATCATTACCCTGAGG-1,0.000143,0.985272,0.014585
CATCCAATATAGTTTG-1,0.00253,0.837324,0.160146
CATCCGCAGGCCCGAA-1,0.000222,0.618499,0.381279
CATCCTCTCAAAGATC-1,0.000094,0.780954,0.218952
CATCGAATGGATCTCT-1,0.000086,0.915307,0.084606
CATCGCCCGCGGCCAA-1,0.000217,0.641507,0.358276
CATCGGACGGGTTAAT-1,0.000145,0.453001,0.546854
CATCGTCCGGTTACTA-1,0.000237,0.340721,0.659043
CATCTAGTGAAGGGAA-1,0.00022,0.855576,0.144204
CATCTATCCCGTGTCT-1,0.000256,0.422694,0.57705
CATCTGCAGGATCATT-1,0.000518,0.543346,0.456136
CATCTTACACCACCTC-1,0.00024,0.807019,0.192742
CATGAACCGACATTTG-1,0.000152,0.825618,0.17423
CATGAACCTCTTATCA-1,0.000102,0.536632,0.463266
CATGACTTCGCTGAAT-1,0.000069,0.483849,0.516083
CATGAGATGCACTCTC-1,0.000029,0.287249,0.712722
CATGAGTCCATCACGG-1,0.016668,0.932694,0.050638
CATGATACGGTGAAAC-1,0.023814,0.554165,0.422021
CATGATGCACAATTCT-1,0.000231,0.423332,0.576436
CATGATGGAAGTTAGC-1,0.000105,0.848624,0.151271
CATGCACATGAGAGGC-1,0.001063,0.99572,0.003217
CATGCATGGAGACCCT-1,0.000155,0.514818,0.485027
CATGCCAACTCGCAAA-1,0.002826,0.988611,0.008563
CATGCGACCAGTTTAA-1,0.000297,0.75914,0.240563
CATGCGTTAGACAGAA-1,0.000302,0.535476,0.464222
CATGCGTTGAGAGGAG-1,0.000042,0.027209,0.972749
CATGCTGGCTCCAATT-1,0.000212,0.66878,0.331008
CATGGATTGTCTTCCG-1,0.000442,0.998217,0.001341
CATGGCAGGAAGATCG-1,0.000281,0.539767,0.459952
CATGGCTCCCTATGTC-1,0.000386,0.998443,0.00117
CATGGGTATGCCTTAT-1,0.000069,0.632332,0.367599
CATGGGTCGGGTGTGG-1,0.000366,0.87706,0.122575
CATGGTAAGTAGCGTT-1,0.000064,0.536737,0.463199
CATGGTATTAGTTTGT-1,0.00214,0.991376,0.006484
CATGGTCTAGATACCG-1,0.000091,0.366908,0.633001
CATGGTTTATTAATCA-1,0.000898,0.996385,0.002716
CATGTAAGAGACATTT-1,0.000076,0.499366,0.500558
CATGTCTCATTTATGG-1,0.000094,0.847676,0.15223
CATGTGGGCTCATCAC-1,0.023812,0.047985,0.928203
CATTACATAGATTGTG-1,0.00027,0.929919,0.069811
CATTACGCAGGAAGGG-1,0.00083,0.878069,0.121101
CATTACGTCGGCCCGT-1,0.00034,0.687819,0.311841
CATTATCCCATTAACG-1,0.002085,0.656853,0.341062
CATTATGCTTGTTGTG-1,0.00016,0.141673,0.858167
CATTCACTGACAGCTA-1,0.000134,0.655233,0.344633
CATTCAGGTCAGTGCG-1,0.000049,0.500544,0.499408
CATTCCCATTCCGTCG-1,0.00022,0.963603,0.036177
CATTCCCTAAGTACAA-1,0.000234,0.965938,0.033828
CATTGCGAAATGGGCG-1,0.000976,0.409764,0.58926
CATTGCGGGTCAATTC-1,0.000177,0.898912,0.100911
CATTGTGTGCTAGATC-1,0.00016,0.211222,0.788618
CATTTAGCGGACCATG-1,0.000269,0.643855,0.355876
CATTTATCGTTCAAGA-1,0.000366,0.963879,0.035755
CATTTCTAGCAGACTA-1,0.000202,0.000408,0.99939
CATTTGAGTGGTACGT-1,0.001774,0.345994,0.652231
CCAAACAGAACCCTCG-1,0.000317,0.382768,0.616915
CCAAAGCAGTTGGTTG-1,0.00012,0.736753,0.263127
CCAAAGTCCCGCTAAC-1,0.000088,0.716044,0.283869
CCAAATAACAAGATTC-1,0.000268,0.99892,0.000812
CCAAATCAAAGGGCAA-1,0.000687,0.84441,0.154903
CCAACCTTATGTAACT-1,0.000327,0.713975,0.285698
CCAACGATGCACTGAT-1,0.000227,0.228164,0.771609
CCAACTTGATAGATCC-1,0.000378,0.933184,0.066438
CCAAGAAAGTGGGCGA-1,0.000194,0.843464,0.156342
CCAAGACTTCTGCGAA-1,0.000277,0.248438,0.751285
CCAAGCGTAACTCGTA-1,0.000124,0.718738,0.281137
CCAAGCTTGATCTCCT-1,0.000229,0.999078,0.000694
CCAAGGAACAGAGAGG-1,0.00018,0.772875,0.226945
CCAAGGTTGCCCTTTC-1,0.001135,0.995425,0.00344
CCAAGTTTCTACAGAT-1,0.000221,0.895279,0.1045
CCAATAGATTTCATCT-1,0.000256,0.890032,0.109712
CCAATAGTGCCGTCGA-1,0.000636,0.439682,0.559681
CCAATCGGTAGATCGA-1,0.000179,0.615197,0.384623
CCAATGTCACAGCAAG-1,0.00022,0.642576,0.357203
CCAATTACGGGTCGAG-1,0.000254,0.972458,0.027288
CCAATTGAATGTTAAT-1,0.000274,0.597429,0.402297
CCACAATGTACGTCTT-1,0.000146,0.511484,0.488371
CCACACTGAGATATTA-1,0.000104,0.264361,0.735535
CCACAGCTGAAATCAT-1,0.000099,0.776856,0.223045
CCACAGTACCCATCCT-1,0.000057,0.466965,0.532978
CCACATACTGCACCCA-1,0.000483,0.998052,0.001465
CCACATGGCTCTTTAT-1,0.002879,0.988399,0.008722
CCACCAACTTTACTGT-1,0.005051,0.979615,0.015334
CCACCCAAGGAAAGTG-1,0.000026,0.001105,0.998869
CCACGAATTTAACCTC-1,0.000069,0.577797,0.422134
CCACGAGAAGAGAATC-1,0.000179,0.486191,0.51363
CCACGGAGCCATAAGA-1,0.003547,0.985696,0.010758
CCACGGCAGGTGTAGG-1,0.000469,0.652674,0.346857
CCACGGTGCCCGGTAG-1,0.000151,0.91353,0.086318
CCACTAAACTGAATCG-1,0.00005,0.583094,0.416855
CCACTATCCGGGTCAC-1,0.000205,0.938907,0.060888
CCACTCAGATCCGCAA-1,0.000162,0.884408,0.11543
CCACTGGTGGCTGGTT-1,0.00201,0.448672,0.549318
CCACTGTTTGGATTAA-1,0.00074,0.767205,0.232055
CCACTTTCCTTCTAGG-1,0.166667,0.333333,0.5
CCAGAAAGCAACTCAT-1,0.002451,0.752086,0.245463
CCAGAGACAAAGCCGG-1,0.000533,0.577418,0.422049
CCAGATAGTTGAGTGA-1,0.000253,0.464428,0.535319
CCAGCCTGGACCAATA-1,0.000099,0.999602,0.000299
CCAGCGGGATCACCAG-1,0.000144,0.619862,0.379994
CCAGCTACGCCTCATA-1,0.000286,0.938998,0.060716
CCAGCTCGAACGCATT-1,0.000036,0.894699,0.105265
CCAGCTGATGGTACTT-1,0.001516,0.858901,0.139583
CCAGCTTCCGCCCGCA-1,0.000817,0.996704,0.002479
CCAGGCGAGATGGTCT-1,0.041671,0.084021,0.874308
CCAGGGACGTGGCCTC-1,0.000246,0.794519,0.205235
CCAGTAGTCTGATCCA-1,0.000247,0.703764,0.295989
CCAGTCAAATCTCTTA-1,0.000834,0.600132,0.399034
CCAGTCCATTATTCGA-1,0.000189,0.809259,0.190552
CCAGTCTAGACGGCGC-1,0.000331,0.998664,0.001005
CCAGTCTTGTCATAGA-1,0.000073,0.808825,0.191102
CCAGTGTACAGACCGA-1,0.000692,0.99721,0.002098
CCAGTTCGGTAACTCA-1,0.000473,0.998096,0.001432
CCATAAACAACCCGAC-1,0.000118,0.450445,0.549437
CCATAACCTGTGCAGT-1,0.002395,0.99038,0.007225
CCATACCTTTACTTGT-1,0.000097,0.024539,0.975364
CCATACTCGCCTCTCC-1,0.000278,0.722628,0.277095
CCATAGAGGCTGCCAG-1,0.001812,0.99269,0.005498
CCATAGGTTGGCGTGG-1,0.000311,0.391543,0.608146
CCATAGTCAGTAACCC-1,0.000396,0.855228,0.144376
CCATATGGAAACTATA-1,0.000252,0.776613,0.223134
CCATATTGGATCATGA-1,0.0002,0.999196,0.000605
CCATCCATACCAAGTC-1,0.00028,0.606535,0.393184
CCATCGCAGTTAAACT-1,0.000096,0.631066,0.368839
CCATCTCACCAGTGAA-1,0.000109,0.54501,0.45488
CCATCTTGTTCACAAT-1,0.000183,0.792128,0.207689
CCATGCCCTAGATTTC-1,0.000278,0.780907,0.218815
CCATGCCTGTTTAGTA-1,0.00013,0.571399,0.428471
CCATGCTCTGCAGGAA-1,0.000362,0.621787,0.377851
CCATGGCAAACGCTCA-1,0.000454,0.000916,0.99863
CCATGGCCCTTGTACC-1,0.000336,0.440156,0.559508
CCATGTTCATCTATAT-1,0.002111,0.991489,0.0064
CCATTAGCGATAATCC-1,0.000581,0.848655,0.150764
CCATTCCCTGCCCACA-1,0.000637,0.618866,0.380497
CCATTGTTTCCTCCAT-1,0.000391,0.989715,0.009894
CCATTTCTACCTATTA-1,0.000088,0.735912,0.264
CCCAAACATGCTGCTC-1,0.000144,0.841503,0.158353
CCCAACATACGTCGCG-1,0.000892,0.001803,0.997305
CCCAACCACACTAACA-1,0.000166,0.998773,0.001061
CCCAAGACAGAGTATG-1,0.000119,0.834623,0.165257
CCCAAGTCATTACACT-1,0.000311,0.580154,0.419536
CCCAATGAGATTTGCA-1,0.000606,0.879448,0.119946
CCCAATTTCACAACTT-1,0.000818,0.499172,0.500011
CCCACTCCACGGTATC-1,0.001704,0.738543,0.259753
CCCAGAGGAGGGCGTA-1,0.000135,0.547759,0.452107
CCCAGATTCCCGTGAC-1,0.083334,0.663661,0.253005
CCCAGGAAGAATTCGA-1,0.000206,0.000416,0.999378
CCCAGGTCTGAAGGCT-1,0.000665,0.902914,0.096421
CCCAGTAAACTTGGGA-1,0.001105,0.499782,0.499113
CCCAGTTAAGGCGCCG-1,0.000056,0.629574,0.370369
CCCGAAGTTTCGCGAA-1,0.001589,0.86433,0.134081
CCCGACCATAGTCCGC-1,0.000266,0.455198,0.544536
CCCGAGTTTCTCCGTA-1,0.00025,0.998991,0.000759
CCCGATAGCCTCGCCT-1,0.00031,0.99875,0.00094
CCCGCAAATAATCATC-1,0.055556,0.776713,0.167731
CCCGCAGCGCGAACTA-1,0.000076,0.733864,0.266061
CCCGCAGGGCCCAAAG-1,0.000154,0.709689,0.290157
CCCGCCATGCTCCCGT-1,0.000185,0.154365,0.84545
CCCGCGCAATGCACCC-1,0.000369,0.417893,0.581738
CCCGCTTGCCCTCGTC-1,0.000156,0.977896,0.021948
CCCGGCACGTGTCAGG-1,0.023813,0.048097,0.92809
CCCGGCTAGGTGAGAA-1,0.000099,0.999601,0.0003
CCCGGGTCGTTCAGGG-1,0.000045,0.99982,0.000135
CCCGGTGGAAGAACCT-1,0.000604,0.997556,0.00184
CCCGGTGTATCGGAAT-1,0.002058,0.991696,0.006245
CCCGTAAGTCTAGGCC-1,0.001475,0.507689,0.490836
CCCGTAGCTGGGAAGA-1,0.001853,0.535866,0.462281
CCCGTCAGCGTCTGAC-1,0.000454,0.449511,0.550035
CCCGTGACAGTGCCTT-1,0.083339,0.168051,0.74861
CCCGTGAGGGCGGTGA-1,0.000556,0.397008,0.602436
CCCGTGGGTTAATTGA-1,0.000064,0.889218,0.110718
CCCGTTTCGCAGATGT-1,0.000594,0.996972,0.002435
CCCTACCCACACCCAG-1,0.000847,0.719858,0.279295
CCCTACTTGAACAATG-1,0.000158,0.862962,0.13688
CCCTAGCTCTAAGGTC-1,0.055564,0.112239,0.832197
CCCTAGGCAACAAGAG-1,0.000307,0.998762,0.000931
CCCTAGTGTCAGGTGT-1,0.000268,0.998919,0.000813
CCCTATGTAGAGCAGA-1,0.003802,0.984728,0.01147
CCCTCAAGCTCTTAGT-1,0.00021,0.90758,0.092211
CCCTCAGATCGAGAAC-1,0.000704,0.997164,0.002133
CCCTCATCACAGAGTA-1,0.083335,0.66437,0.252295
CCCTCATTCTGGAATT-1,0.000284,0.320592,0.679124
CCCTCCTCGCTCGTAT-1,0.000399,0.998392,0.001209
CCCTCGATAATACACA-1,0.001292,0.994786,0.003922
CCCTCGGGAGCCTTGT-1,0.000184,0.99926,0.000557
CCCTGAAATGAGTTGA-1,0.000221,0.21375,0.786029
CCCTGACTAACAAATT-1,0.001005,0.598529,0.400466
CCCTGATGTAACTCGT-1,0.000278,0.723427,0.276295
CCCTGCCCAATCCGCT-1,0.002977,0.706804,0.29022
CCCTGCGCTACGCATA-1,0.00086,0.966359,0.032782
CCCTGGCTGTTCCTTC-1,0.001503,0.993946,0.004551
CCCTGGGAGGGATCCT-1,0.02778,0.055965,0.916255
CCCTGGTATGGGCGGC-1,0.00019,0.630791,0.36902
CCCTGTTGGCAAAGAC-1,0.000158,0.668108,0.331735
CCCTTCTCGTACGCGA-1,0.000136,0.821366,0.178497
CCCTTTAATGGAGTTC-1,0.00079,0.776612,0.222597
CCCTTTGACAGGTCTT-1,0.000169,0.49329,0.506541
CCGAAACACGACCTCT-1,0.055569,0.112199,0.832232
CCGAAAGTGGTGAGCA-1,0.00026,0.244648,0.755092
CCGAACACTGGGCCTC-1,0.001773,0.868344,0.129883
CCGAACCTTCCCGGCC-1,0.000057,0.431071,0.568872
CCGAAGCATTGACCAA-1,0.001603,0.993536,0.004861
CCGAAGGGCGTACCGC-1,0.000547,0.857113,0.14234
CCGAAGTATATTGTTC-1,0.000813,0.966545,0.032642
CCGACAAACACATGAG-1,0.00013,0.374042,0.625828
CCGACAAAGGGAGTGC-1,0.000719,0.477965,0.521316
CCGACAATAGGCCGCC-1,0.000634,0.908438,0.090928
CCGACGGGCATGAGGT-1,0.006177,0.975087,0.018736
CCGACGTAAACACAAC-1,0.000333,0.978703,0.020964
CCGACTCGCATAGTCT-1,0.00041,0.998348,0.001242
CCGAGAAGTCGCATAA-1,0.000183,0.928712,0.071105
CCGAGCTGTGCTTGTC-1,0.000322,0.979461,0.020217
CCGAGGGATGTTAGGC-1,0.000157,0.499804,0.500039
CCGATCTCAACCTTAT-1,0.000144,0.682596,0.317259
CCGATTCGAGGGACCC-1,0.002529,0.618572,0.378898
CCGCACAAAGACCAAC-1,0.000034,0.009911,0.990055
CCGCACACGAACGTGT-1,0.000253,0.793524,0.206223
CCGCACGTGACCTCGG-1,0.000449,0.366811,0.632739
CCGCACTTGCAATGAC-1,0.000692,0.743577,0.255731
CCGCATGTGGTACGAT-1,0.000077,0.641949,0.357974
CCGCCACCACAATCCA-1,0.000122,0.541442,0.458437
CCGCCGGAACTTCTCG-1,0.003711,0.985065,0.011223
CCGCCGGTCAACACAC-1,0.000205,0.578542,0.421253
CCGCCGTTGAGGATAA-1,0.000311,0.998748,0.000942
CCGCCTGCGAATTGGT-1,0.000223,0.370859,0.628918
CCGCCTTGCGATGTCG-1,0.001618,0.993475,0.004907
CCGCGATTTGGTAGGT-1,0.001174,0.931238,0.067587
CCGCGCAAGATACCCA-1,0.001737,0.598811,0.399452
CCGCGGAATGCGTCAC-1,0.000798,0.261376,0.737826
CCGCGGGTACGAAGAA-1,0.000262,0.205058,0.794679
CCGCGTAGGTAAGGGC-1,0.000829,0.611424,0.387746
CCGCTATCAGCACCAG-1,0.000114,0.631565,0.368322
CCGCTCCAGGGCGATC-1,0.0001,0.554758,0.445142
CCGCTCCGGATAAGCT-1,0.001652,0.993349,0.004998
CCGCTCTTCCGAACTA-1,0.000237,0.731761,0.268003
CCGCTGGTGCCATTCA-1,0.000214,0.769936,0.22985
CCGCTTACCTCACTCT-1,0.002165,0.766383,0.231452
CCGCTTCGCGGTTAAC-1,0.000132,0.936874,0.062994
CCGCTTGCTGACATGG-1,0.000248,0.998999,0.000752
CCGGAAGTGCAATATG-1,0.004764,0.980789,0.014448
CCGGAATGGTTTCAGT-1,0.000325,0.275829,0.723847
CCGGAGCGTACTTTCT-1,0.000054,0.238191,0.761756
CCGGCACGACCGTTTC-1,0.000167,0.696007,0.303827
CCGGCCGCGAGCATAT-1,0.001985,0.992011,0.006003
CCGGCGCATATTGGAT-1,0.000402,0.927593,0.072005
CCGGCGTGAGACTCTG-1,0.002451,0.789246,0.208302
CCGGGACCCGCAGAGA-1,0.000269,0.602195,0.397535
CCGGGCGGTCTCGTCA-1,0.000113,0.550612,0.449276
CCGGGCTAAGAATTTC-1,0.00153,0.993835,0.004635
CCGGGCTGCTCCATAC-1,0.000205,0.986785,0.01301
CCGGGTTCGAGGTTAC-1,0.000823,0.721335,0.277842
CCGGTAATGGCTAGTC-1,0.000191,0.99923,0.000579
CCGGTATCTGGCGACT-1,0.58299,0.166822,0.250189
CCGGTGCGAGTGATAG-1,0.000087,0.873528,0.126385
CCGGTTTGTAATTGTG-1,0.000988,0.595217,0.403795
CCGTAAGTTGGTCCCA-1,0.000118,0.37472,0.625161
CCGTACCCAAGCGCCA-1,0.000273,0.826622,0.173105
CCGTAGGAAATCCCTG-1,0.000184,0.954319,0.045497
CCGTAGGGTTGTTTAC-1,0.000794,0.847464,0.151742
CCGTATCTCGTCGTAG-1,0.005568,0.977604,0.016828
CCGTATTAGCGCAGTT-1,0.000302,0.998785,0.000914
CCGTCAACCTCTGGCG-1,0.000625,0.375508,0.623866
CCGTGAGGCATTCATG-1,0.000283,0.99886,0.000857
CCGTGCCCATGACGGC-1,0.000171,0.32527,0.67456
CCGTGGAACGATCCAA-1,0.00015,0.846907,0.152943
CCGTGTTAAATTCCAT-1,0.00112,0.433489,0.565391
CCGTTACGTTAGAACA-1,0.000273,0.998898,0.000829
CCGTTCCGAATCTCGG-1,0.002453,0.990109,0.007438
CCGTTTCCTTTCCGTG-1,0.083337,0.168344,0.74832
CCTAAAGGCTGACGCT-1,0.000128,0.602227,0.397645
CCTAAATTAACGGTTC-1,0.000094,0.893055,0.106851
CCTAAATTGTATCCTA-1,0.000222,0.663569,0.336208
CCTAACCCAAACAAGT-1,0.00009,0.926892,0.073018
CCTAACTAAGGCTCTA-1,0.000237,0.822057,0.177706
CCTAAGTGTCTAACCG-1,0.000096,0.988992,0.010912
CCTACAGTTGAGGGAG-1,0.166667,0.333333,0.5
CCTACATTCACAGACG-1,0.002735,0.857177,0.140088
CCTACGGCTCAGTCGA-1,0.000293,0.560146,0.439562
CCTACTGCTTACACTT-1,0.000203,0.210491,0.789306
CCTAGGCGTAGCGATC-1,0.000138,0.946705,0.053157
CCTAGGTAAAGGTAGC-1,0.003705,0.985079,0.011216
CCTAGTTAGTCGCATG-1,0.000386,0.933595,0.066019
CCTATAATGAGTGCCC-1,0.000048,0.491054,0.508898
CCTATACCGTCCTGTC-1,0.00121,0.995125,0.003666
CCTATATCGTGTCACG-1,0.003213,0.69445,0.302337
CCTATATTTGTCCTGG-1,0.000046,0.471497,0.528457
CCTATCTATATCGGAA-1,0.000167,0.388553,0.61128
CCTATGAAGTGGTGCC-1,0.000134,0.64506,0.354806
CCTATGGCTCCTAGTG-1,0.003707,0.985047,0.011246
CCTATGGGTTACCGTC-1,0.000123,0.475192,0.524685
CCTATGGTCAAAGCTG-1,0.000036,0.390583,0.609381
CCTATGTCCACTCCAC-1,0.000139,0.677245,0.322616
CCTATTATTCCGGCCG-1,0.001544,0.993777,0.004679
CCTCAACGATCGCTGT-1,0.002315,0.840913,0.156772
CCTCACCAATCTTGAC-1,0.000261,0.303316,0.696423
CCTCACCTGAGGGAGC-1,0.000328,0.998677,0.000995
CCTCACCTTAGCATCG-1,0.000252,0.895626,0.104121
CCTCATGCAGCTACGA-1,0.000249,0.998998,0.000753
CCTCCCGACAATCCCT-1,0.000184,0.674154,0.325662
CCTCCGACAATTCAAG-1,0.000625,0.818028,0.181347
CCTCCTAGCTAGAGTC-1,0.001987,0.992003,0.00601
CCTCCTGAGCCCACAT-1,0.001701,0.776311,0.221988
CCTCCTGTTGTGTCGT-1,0.000239,0.778995,0.220766
CCTCGAAGTGGACGGG-1,0.000322,0.834504,0.165174
CCTCGACCCACTGCCT-1,0.00032,0.99871,0.00097
CCTCGCCAGCAAATTA-1,0.000142,0.387871,0.611988
CCTCGCGCGATATAGG-1,0.000214,0.250594,0.749192
CCTCGCGCTGTGCGAT-1,0.000111,0.828955,0.170934
CCTCGGACCGGGATAG-1,0.000042,0.516921,0.483037
CCTCGGATGCTACCTG-1,0.000631,0.644303,0.355066
CCTCGGTTTCCTTGCC-1,0.0001,0.096845,0.903055
CCTCTAATCTGCCAAG-1,0.000416,0.687158,0.312426
CCTCTACAAGGATTGG-1,0.003335,0.986558,0.010107
CCTCTATCGATTAGCA-1,0.004171,0.129158,0.86667
CCTCTCTCCCATCTAG-1,0.000575,0.385915,0.61351
CCTCTGGCCTAGACGG-1,0.000231,0.354991,0.644778
CCTCTGTACTATTCTA-1,0.000111,0.514963,0.484926
CCTGAACGATATATTC-1,0.000108,0.747463,0.252429
CCTGAATATTTACATA-1,0.000383,0.743267,0.256349
CCTGACAAACTCGCGC-1,0.000111,0.984125,0.015764
CCTGACCACCGATGGT-1,0.000053,0.288587,0.71136
CCTGAGAATAAATGCA-1,0.000282,0.731191,0.268526
CCTGATTCGCGAAGAA-1,0.003788,0.984735,0.011477
CCTGCCCGTTGTCTAG-1,0.000754,0.501896,0.49735
CCTGCGATAGAACTGT-1,0.000064,0.602374,0.397562
CCTGCGTTCTACGCTT-1,0.000722,0.584337,0.414941
CCTGCTACAACCATAC-1,0.166667,0.333333,0.5
CCTGCTATTTGAGAAG-1,0.000326,0.625842,0.373832
CCTGGAAACGTTCTGC-1,0.00014,0.976904,0.022956
CCTGGCTAGACCCGCC-1,0.000634,0.997443,0.001923
CCTGGTCGAATGTGGG-1,0.00003,0.210287,0.789684
CCTGTAAGACATGATA-1,0.000479,0.466281,0.533239
CCTGTACTCACGCCCA-1,0.001403,0.410128,0.588469
CCTGTCACCCGGGCTC-1,0.000096,0.582673,0.417231
CCTGTCCCTCACGTTA-1,0.000191,0.99923,0.000579
CCTGTCGCCCGTAAAT-1,0.000046,0.616484,0.383469
CCTGTCGTGTATGAAG-1,0.001797,0.992776,0.005427
CCTGTGAAACCGTAAC-1,0.000356,0.804628,0.195015
CCTGTGCATAGGAGAC-1,0.000033,0.572241,0.427726
CCTGTTCAACCTCGGG-1,0.000059,0.279052,0.720888
CCTGTTTGAAGACACG-1,0.000103,0.383652,0.616245
CCTTAAGTACGCAATT-1,0.003167,0.727464,0.26937
CCTTCAGTTAAAGTGA-1,0.00006,0.554479,0.445461
CCTTCCGCAACGCTGC-1,0.000954,0.996157,0.002889
CCTTCGTATAGAATCC-1,0.000106,0.942774,0.05712
CCTTCTCAGCGTTCCT-1,0.002927,0.988208,0.008865
CCTTCTTGATCCAGTG-1,0.000234,0.550342,0.449424
CCTTGACCACTTTATT-1,0.000596,0.997599,0.001805
CCTTGTGAACGTGGTT-1,0.000088,0.267293,0.732619
CCTTTAAGGGAGCACT-1,0.000109,0.564847,0.435045
CCTTTCAATGAAGAAA-1,0.00018,0.757114,0.242706
CCTTTGAATTATGGCT-1,0.002315,0.990669,0.007016
CGAAACATAGATGGCA-1,0.000166,0.768657,0.231177
CGAAACGCAATTCATG-1,0.001176,0.330524,0.6683
CGAACAGTATGGGCGT-1,0.000074,0.413496,0.58643
CGAACCCGCATGCGTC-1,0.000563,0.997728,0.001709
CGAACCTCTTTCCTAG-1,0.000779,0.996861,0.00236
CGAACGCCCAGTGCCG-1,0.000246,0.805929,0.193825
CGAACGGCCGGACAAC-1,0.001314,0.865307,0.13338
CGAAGACGGTGAGTGC-1,0.000461,0.610944,0.388595
CGAAGACTGCCCGGGA-1,0.00015,0.999394,0.000455
CGAAGATCAGTTTCAT-1,0.000349,0.06997,0.929682
CGAAGCCACAGCATGG-1,0.00058,0.928421,0.070999
CGAAGCTATAAATTCA-1,0.000098,0.43645,0.563452
CGAAGGGTTTCAGATT-1,0.001475,0.99405,0.004475
CGAAGTTGCTCTGTGT-1,0.000397,0.690192,0.309411
CGAATCTGCTCGACGC-1,0.002564,0.989653,0.007783
CGAATGAAGTCATTGC-1,0.002977,0.987998,0.009026
CGAATGACGCATAATG-1,0.000025,0.467945,0.532031
CGAATGGTAGGTCGTC-1,0.000846,0.982618,0.016535
CGACAATTTGATCTAA-1,0.000085,0.92046,0.079454
CGACACGCTCCGACAG-1,0.000105,0.98885,0.011045
CGACAGTTCGCGTTAT-1,0.000538,0.084021,0.915441
CGACATGCGATCTTCT-1,0.000135,0.546367,0.453498
CGACCCTTAACGCCGG-1,0.003704,0.985059,0.011237
CGACCGTTGGTATTCG-1,0.013891,0.943996,0.042113
CGACCTACTAGACAAT-1,0.001346,0.994575,0.004079
CGACGCATCCGTACCT-1,0.002977,0.883175,0.113848
CGACTCAGGATGTTAT-1,0.000127,0.221504,0.778368
CGACTTGCCGGGAAAT-1,0.055557,0.112218,0.832224
CGACTTTGTATAGCCT-1,0.000098,0.209733,0.790169
CGAGACCCTAGAGTGT-1,0.000056,0.222294,0.77765
CGAGACTACTGCTGCT-1,0.000579,0.997667,0.001754
CGAGAGATGTGAACCT-1,0.000043,0.003021,0.996936
CGAGAGCGCGTAGATA-1,0.002255,0.990922,0.006823
CGAGAGCTTTCACTAC-1,0.000098,0.648083,0.351819
CGAGAGGGTAGCCGCG-1,0.00066,0.737336,0.262004
CGAGATGTTGCCTATA-1,0.000142,0.946008,0.05385
CGAGATTTCGCTCGGG-1,0.000213,0.89363,0.106157
CGAGCACTTCAAGTTT-1,0.000499,0.804977,0.194524
CGAGCCGAGCACTCGA-1,0.000112,0.999548,0.00034
CGAGCGTTGATCAGCC-1,0.000115,0.328495,0.67139
CGAGCTGGGCTTTAGG-1,0.000327,0.628263,0.37141
CGAGGATCGGGAACGA-1,0.000167,0.987834,0.011999
CGAGGCCAGGCATTGG-1,0.000496,0.984252,0.015252
CGAGGCTAAATATGGC-1,0.000083,0.481264,0.518652
CGAGGGACTGCGGTCG-1,0.00003,0.02783,0.97214
CGAGGGTATCCAGGTG-1,0.000035,0.650721,0.349244
CGAGTACTAAAGAGGA-1,0.001378,0.613424,0.385198
CGAGTGAAGGTACCAG-1,0.002652,0.386151,0.611197
CGAGTGCTATAGTTCG-1,0.000217,0.863334,0.136448
CGAGTTCTGTCCCACC-1,0.000255,0.673833,0.325912
CGAGTTTATCGGACTG-1,0.000136,0.814859,0.185005
CGATAATACTCAGGTT-1,0.000217,0.84387,0.155914
CGATACCTCGCGGACA-1,0.000302,0.559746,0.439952
CGATAGCGATACAGTG-1,0.000998,0.902887,0.096115
CGATAGTCGTACTGCA-1,0.000113,0.890395,0.109492
CGATATTAGCCGCAGG-1,0.000202,0.967961,0.031837
CGATCCACCATTGTTG-1,0.000099,0.481969,0.517932
CGATCCGACCCAGTGC-1,0.000075,0.163978,0.835947
CGATCCTCGCAACATA-1,0.000652,0.351375,0.647974
CGATCGAGAAGCACCA-1,0.00021,0.000425,0.999365
CGATCTGTTGGAGGAC-1,0.002977,0.988003,0.00902
CGATGGACCCTACGCC-1,0.000189,0.394629,0.605183
CGATGTTGTTATCTAC-1,0.003887,0.984374,0.011739
CGATTAAATATCTCCT-1,0.000124,0.931094,0.068782
CGATTCGCCTGGCTGC-1,0.000083,0.988025,0.011892
CGATTTGTCATTAATG-1,0.041668,0.831984,0.126348
CGCAAACACGAGTTAC-1,0.000217,0.204791,0.794992
CGCAATCGATCATTAG-1,0.000185,0.81534,0.184475
CGCAATTACTTTCGGT-1,0.000336,0.027845,0.971819
CGCAATTAGGGTAATA-1,0.000397,0.774324,0.225278
CGCAATTCTACAATAA-1,0.000461,0.522512,0.477027
CGCACATGTCCACTAC-1,0.000069,0.55379,0.446141
CGCACGTCTGTTTATG-1,0.001023,0.677708,0.321269
CGCACGTGCGCTATCA-1,0.000144,0.916412,0.083444
CGCAGAAACATTTGCG-1,0.000118,0.579063,0.420818
CGCAGATCTTCACCCG-1,0.000295,0.991631,0.008074
CGCAGGCGATCCAAAC-1,0.000235,0.689712,0.310053
CGCATCATGGCTTCAG-1,0.0002,0.555058,0.444741
CGCATCCATCAGCCAG-1,0.000185,0.851645,0.148169
CGCATGCCGAATGCGT-1,0.000139,0.999437,0.000424
CGCATGGTGCGATGCT-1,0.000058,0.370018,0.629924
CGCATTAGCTAATAGG-1,0.00005,0.131334,0.868616
CGCCAAGAAGCCGAGT-1,0.00083,0.473591,0.525579
CGCCAATTATTGCGTT-1,0.000056,0.598188,0.401756
CGCCACAGGTCGCGAT-1,0.00309,0.411929,0.58498
CGCCACCCGCATTAAC-1,0.000059,0.861115,0.138826
CGCCAGTAGTACCTTG-1,0.001686,0.849276,0.149038
CGCCATCCGATTATGA-1,0.000276,0.618439,0.381285
CGCCCAGCACGCCTAG-1,0.000069,0.448498,0.551432
CGCCCAGCGTTTCACG-1,0.000125,0.815407,0.184468
CGCCCGCTTCCGTACA-1,0.000212,0.654864,0.344924
CGCCCTAATTGTTCAA-1,0.000826,0.432875,0.566299
CGCCCTTGAAGGCTGA-1,0.000536,0.362092,0.637372
CGCCGACTATTCGCTA-1,0.000851,0.812818,0.186332
CGCCGCCCATGCCTGT-1,0.000112,0.719737,0.280151
CGCCGCGTTCTGAACG-1,0.000061,0.000123,0.999817
CGCCGTTCAGCATAGT-1,0.000927,0.996264,0.002809
CGCCTCCCTCCTCTAT-1,0.000043,0.012952,0.987005
CGCCTGGCCTACGTAA-1,0.001323,0.458247,0.54043
CGCCTTTAGCATGCTC-1,0.00042,0.998306,0.001273
CGCGAAGTGGCATACT-1,0.000221,0.71685,0.282928
CGCGACACTGCGCAGC-1,0.000201,0.567636,0.432164
CGCGACCGCGACAGAT-1,0.000073,0.89425,0.105677
CGCGAGAGGGACTTGT-1,0.000209,0.983584,0.016207
CGCGAGTCTGCCGGGT-1,0.003208,0.336754,0.660039
CGCGCAAATGTCCAGA-1,0.003707,0.985088,0.011205
CGCGCAAGGAACTACA-1,0.000084,0.774062,0.225853
CGCGCATGTTTGATTG-1,0.000089,0.056334,0.943577
CGCGCCCGACTTAATA-1,0.000357,0.715481,0.284161
CGCGGCAGTATTACGG-1,0.000249,0.924151,0.0756
CGCGGCTCAACTTGAA-1,0.000097,0.989894,0.010008
CGCGGGAATTAGGCAG-1,0.000237,0.558042,0.44172
CGCGGGAATTCCTTTC-1,0.000222,0.999107,0.000671
CGCGGTAAGTCTAGCT-1,0.000274,0.902132,0.097593
CGCGGTACGGTATACA-1,0.001284,0.994827,0.003889
CGCGGTCACAAACCAA-1,0.000172,0.996419,0.003408
CGCGTCATATTAAACC-1,0.000134,0.886188,0.113678
CGCGTGCTATCAACGA-1,0.000105,0.999575,0.00032
CGCGTGGGCCTGTGTT-1,0.000794,0.996799,0.002408
CGCGTTCATGAAATAC-1,0.000182,0.508951,0.490867
CGCTACCGCCCTATGA-1,0.000094,0.613623,0.386282
CGCTACGGGACATTTA-1,0.00027,0.842832,0.156898
CGCTAGAGACCGCTGC-1,0.000085,0.568839,0.431075
CGCTATACCGCCCACT-1,0.000286,0.465232,0.534482
CGCTATTCAATGTATG-1,0.000565,0.740102,0.259332
CGCTATTCTTAGGCTC-1,0.000071,0.460171,0.539758
CGCTCGACATAATGAT-1,0.000302,0.480595,0.519103
CGCTCTCCGTAGATTA-1,0.000618,0.563914,0.435468
CGCTGAGGACGTCCAA-1,0.000095,0.713615,0.28629
CGCTGGTGACTACCCT-1,0.000068,0.454168,0.545764
CGCTGTGACGCCGCAC-1,0.000563,0.997728,0.001708
CGCTGTGTGGATGTTG-1,0.000672,0.988907,0.01042
CGCTTAGTATTGATAC-1,0.000031,0.199549,0.800419
CGCTTATTCCCGGTCG-1,0.002455,0.446636,0.550909
CGCTTCCACTGAAATC-1,0.000281,0.314582,0.685136
CGCTTCGGTCTAAGAC-1,0.000563,0.816286,0.18315
CGCTTGGACGGATAGA-1,0.000704,0.642947,0.356348
CGCTTTCATACCGGTG-1,0.000244,0.514321,0.485435
CGCTTTCCGCCAAGGT-1,0.000195,0.340213,0.659592
CGCTTTCTTGCATTCG-1,0.000316,0.769097,0.230587
CGGAAAGAATCAAACG-1,0.000099,0.591604,0.408297
CGGAAAGCAAATGTGC-1,0.000214,0.667745,0.332042
CGGAAATTTCACATCC-1,0.000413,0.998336,0.001251
CGGAACGTAAACATAG-1,0.000729,0.685073,0.314198
CGGACCTCTGTAGTTA-1,0.041667,0.831877,0.126456
CGGACCTTTACGTCCC-1,0.000076,0.223839,0.776084
CGGACGTTACTTGAAG-1,0.000738,0.779959,0.219304
CGGAGCAATTTAATCG-1,0.000147,0.749607,0.250246
CGGAGCATGGCGATCC-1,0.000078,0.739026,0.260896
CGGAGCTTATAACACC-1,0.000169,0.492991,0.50684
CGGAGTTTGAGAGACA-1,0.000719,0.997102,0.002179
CGGATAAGCGGACATG-1,0.00069,0.997221,0.00209
CGGATCCTCAAGGACT-1,0.000059,0.770361,0.229579
CGGATGAATGCTGTGA-1,0.001303,0.994747,0.00395
CGGATTCTGCCTTATG-1,0.083344,0.168836,0.74782
CGGCAAACATCGTGCG-1,0.000088,0.714411,0.285501
CGGCAATAAGATCGCC-1,0.000744,0.827413,0.171843
CGGCACCGTTAGCGCC-1,0.000172,0.328739,0.671089
CGGCACTCAAGAAAGT-1,0.000202,0.514398,0.4854
CGGCAGGGTCGGGTTG-1,0.000105,0.34384,0.656055
CGGCCACGCACAAAGT-1,0.000039,0.375007,0.624954
CGGCCAGAGCGACCAT-1,0.000059,0.355344,0.644597
CGGCCCAACCTGTAGT-1,0.000193,0.935369,0.064439
CGGCCCAGGTATATCC-1,0.000071,0.711804,0.288125
CGGCGCCATCAATCCC-1,0.000084,0.518437,0.481479
CGGCTCTAAAGCTGCA-1,0.000161,0.974434,0.025405
CGGCTCTTCGTCGAAC-1,0.000387,0.998441,0.001173
CGGCTGCAAGATTAAG-1,0.000153,0.859049,0.140799
CGGCTTTGTATGATAA-1,0.000118,0.435443,0.564439
CGGGAACGCCCTGCAT-1,0.000372,0.868415,0.131212
CGGGAAGTACCGTGGC-1,0.001254,0.994948,0.003798
CGGGAATATAGTATAC-1,0.000097,0.797091,0.202812
CGGGAATTTATGTAAA-1,0.000082,0.762369,0.237549
CGGGAGCTTCAGTGTA-1,0.000109,0.991419,0.008472
CGGGAGTATACCGCCG-1,0.000382,0.820123,0.179495
CGGGATCAATGTAAGA-1,0.000222,0.891945,0.107834
CGGGCAGCTAAACCGC-1,0.00009,0.589128,0.410782
CGGGCCATAGCCGCAC-1,0.000332,0.557945,0.441723
CGGGCCTTCTTTGTAA-1,0.000148,0.434221,0.565631
CGGGCGATGGATCACG-1,0.000082,0.562278,0.43764
CGGGTGTACCCATTTA-1,0.000134,0.333529,0.666337
CGGGTTGTAGCTTTGG-1,0.000065,0.572856,0.427079
CGGGTTTGTTAGGGCT-1,0.00083,0.996656,0.002514
CGGTAACAAGATACAT-1,0.00011,0.97619,0.0237
CGGTACGGCAAACCCA-1,0.001588,0.881773,0.116639
CGGTACTAGAATCAAA-1,0.000067,0.983942,0.015992
CGGTAGAGGTGCAGGT-1,0.000311,0.981368,0.018321
CGGTATAGGTATTAGC-1,0.000798,0.996781,0.002421
CGGTATGGGCACTCTG-1,0.002825,0.988603,0.008572
CGGTCAAGTGGGAACC-1,0.000365,0.822246,0.177389
CGGTCCGTCGCAAGCC-1,0.000038,0.423984,0.575979
CGGTCTATCAACCCGT-1,0.000257,0.909472,0.09027
CGGTGAAGACTAAAGT-1,0.000765,0.580425,0.41881
CGGTGCAGATAGAACG-1,0.001168,0.37796,0.620872
CGGTGCGCGTTGGTCC-1,0.001369,0.93143,0.067202
CGGTGGGCTCCAGCCT-1,0.000277,0.998885,0.000839
CGGTGTACTTGATCCC-1,0.00027,0.103661,0.896069
CGGTTATCCAACAGTG-1,0.000157,0.289195,0.710648
CGGTTCAAGTAGGTGT-1,0.000219,0.38767,0.612111
CGGTTCCGGCTTCTTG-1,0.00017,0.825764,0.174066
CGGTTGACCTGGCATA-1,0.002255,0.668744,0.329001
CGGTTGAGTATCCTTC-1,0.003031,0.582331,0.414638
CGGTTGGGCAGGGTCC-1,0.000108,0.237134,0.762758
CGGTTTACTGAACATT-1,0.000699,0.659326,0.339976
CGTAAACGCTTGAGTG-1,0.000184,0.645372,0.354443
CGTAAAGCAAGAAATC-1,0.000479,0.825938,0.173582
CGTAAATAACAAAGGG-1,0.004068,0.008222,0.98771
CGTAACTTCGACACTT-1,0.000107,0.490515,0.509377
CGTAATAATTACGAGT-1,0.000122,0.693675,0.306203
CGTACCGAAAGTCTAG-1,0.000071,0.469967,0.529962
CGTACCTGATAGGCCT-1,0.000263,0.185543,0.814194
CGTAGAGAGTAATTAT-1,0.000094,0.796247,0.203659
CGTAGCGAATTGTCAG-1,0.000253,0.66791,0.331837
CGTAGCGCCGACGTTG-1,0.000206,0.999168,0.000626
CGTATTAAGAGATCTA-1,0.000092,0.463593,0.536315
CGTATTGTTTGGCGCC-1,0.000842,0.996606,0.002552
CGTCAAGGCTATAAAT-1,0.000355,0.692983,0.306662
CGTCAATCTTTAACAT-1,0.000175,0.995396,0.00443
CGTCACGTCCATTGGT-1,0.000248,0.527559,0.472193
CGTCAGCTATTTACTC-1,0.000412,0.855546,0.144042
CGTCAGTGCGCACAAG-1,0.000144,0.777666,0.22219
CGTCAGTTTATCGTCT-1,0.000262,0.998944,0.000794
CGTCATACCATATCCA-1,0.000673,0.7871,0.212227
CGTCCAGATGGCTCCA-1,0.000117,0.99953,0.000354
CGTCCTCATCGCGTGC-1,0.001944,0.992181,0.005876
CGTCGCATGTGAGCCA-1,0.000052,0.867121,0.132827
CGTCGCGGCGGGATTT-1,0.000122,0.577499,0.42238
CGTCGCTTGGTTATAC-1,0.004065,0.983634,0.012301
CGTCGGATAGTGTTGA-1,0.000281,0.854567,0.145152
CGTCGGGTCTAAGCGC-1,0.002605,0.989508,0.007887
CGTCGTCCTTCGCGAA-1,0.000057,0.841637,0.158307
CGTCTGGAAGGGCCCG-1,0.000478,0.873597,0.125925
CGTGAACTGACCCGAT-1,0.001719,0.993072,0.00521
CGTGAAGTTAATTCAC-1,0.000434,0.998249,0.001317
CGTGACATTGGGTCGT-1,0.000332,0.998664,0.001004
CGTGACCAGTCCTCTG-1,0.000029,0.352676,0.647295
CGTGCACACCACTGTA-1,0.000463,0.998135,0.001402
CGTGCAGACTGGGACA-1,0.000101,0.425717,0.574183
CGTGCATTGTCGACGC-1,0.001938,0.992176,0.005885
CGTGCCCGACATTTGT-1,0.000199,0.967834,0.031968
CGTGCCCTCCCGAAGA-1,0.000089,0.563058,0.436853
CGTGCTGGCCTAGTCG-1,0.000169,0.698032,0.301799
CGTGCTTCTACCTAAA-1,0.004386,0.479777,0.515836
CGTGGAAGCCTCGTAC-1,0.000575,0.997682,0.001744
CGTGGCCGAATATCTA-1,0.000122,0.842989,0.156889
CGTGGTACCCAAAGGC-1,0.000123,0.341522,0.658356
CGTGTATGGGAGCTGA-1,0.002607,0.989492,0.007901
CGTGTCCCATTCGCGA-1,0.000652,0.748482,0.250866
CGTGTCTCGTTACGAC-1,0.004167,0.983185,0.012648
CGTGTGTTAAACCCTG-1,0.000197,0.876382,0.12342
CGTTAAACTAGTTAGG-1,0.000159,0.743195,0.256646
CGTTAATGTCCCGACG-1,0.000072,0.615057,0.384871
CGTTAGCTCACAACTG-1,0.000168,0.341789,0.658042
CGTTATCATACTTCCA-1,0.001402,0.994349,0.00425
CGTTCAAGGAAACGGA-1,0.00008,0.426383,0.573537
CGTTCAGACCCGCGAA-1,0.000032,0.575079,0.424889
CGTTCATGGTGCGCGT-1,0.006417,0.974115,0.019467
CGTTCTTCGCACACCT-1,0.000235,0.996701,0.003064
CGTTGAATACCGCGCT-1,0.000069,0.76779,0.232142
CGTTGAGCGACCGTCG-1,0.000097,0.670266,0.329637
CGTTGAGTAATTGCGT-1,0.000843,0.996604,0.002553
CGTTGCCCGCGTGGGA-1,0.00005,0.668166,0.331784
CGTTGTAAACGTCAGG-1,0.000379,0.807729,0.191892
CGTTGTAAGATTGATT-1,0.000179,0.934854,0.064967
CGTTGTCGGCAATTGA-1,0.00003,0.930281,0.069689
CGTTGTTTCAATTCCC-1,0.000318,0.097739,0.901943
CGTTTAAGCGGAGCAC-1,0.000257,0.83141,0.168333
CGTTTCACTTCGGGCG-1,0.000431,0.998262,0.001306
CGTTTCGCTCATTACA-1,0.000159,0.171749,0.828092
CGTTTGTGTAGAGGGT-1,0.004282,0.708202,0.287516
CTAAACGGGTGTAATC-1,0.000077,0.428369,0.571554
CTAAAGAATGCCTACT-1,0.000719,0.28794,0.711341
CTAAAGGATGAGATAC-1,0.166667,0.333333,0.5
CTAAAGGGAAATAGGA-1,0.000045,0.26646,0.733496
CTAAAGTCCGAAGCTA-1,0.00006,0.804402,0.195538
CTAAATCCGGTGTACA-1,0.002167,0.855907,0.141926
CTAAATCCTATTCCGG-1,0.000157,0.181176,0.818667
CTAACAGCACAATAAC-1,0.00149,0.994,0.00451
CTAACCGCGCGCCCGT-1,0.000547,0.457778,0.541676
CTAACGAAACTTGCTG-1,0.000255,0.998972,0.000773
CTAACTGATAATCGCC-1,0.000497,0.792924,0.206579
CTAACTGGTCCGGTTC-1,0.004391,0.982304,0.013305
CTAAGGGAATGATTGG-1,0.000056,0.383971,0.615973
CTAATTCGCACGCGCT-1,0.000297,0.42032,0.579383
CTAATTCTCAGATATT-1,0.00024,0.781988,0.217772
CTAATTTCAACAACAC-1,0.000482,0.868826,0.130692
CTACAAGAAATAACCC-1,0.000415,0.726627,0.272959
CTACACTAGCTTGTTC-1,0.000103,0.403791,0.596106
CTACACTCGCAGATGG-1,0.000533,0.997851,0.001616
CTACATATCGCGGGAC-1,0.000883,0.840627,0.15849
CTACCCTAAGGTCATA-1,0.000316,0.985721,0.013963
CTACGAACTAGGTCGA-1,0.000173,0.681487,0.31834
CTACGACTAGCTATAA-1,0.000838,0.169704,0.829458
CTACGATCCTATCCTA-1,0.001355,0.904562,0.094082
CTACGCACGGAGTACC-1,0.00008,0.563892,0.436028
CTACGCCATTTCCGAT-1,0.000211,0.55123,0.44856
CTACGTGTTGCCACCA-1,0.000163,0.975927,0.02391
CTACTATCATAGGTTT-1,0.002165,0.562855,0.434981
CTACTATCTTTCAGAG-1,0.000345,0.827037,0.172618
CTACTCAAGGTATAGT-1,0.000657,0.299291,0.700052
CTACTCTAGGCCCGGC-1,0.00097,0.559653,0.439376
CTACTGCCACCTGACC-1,0.000099,0.328715,0.671186
CTAGACTGCATTTCGT-1,0.000457,0.998158,0.001385
CTAGATAAACTCCTCG-1,0.000143,0.919617,0.08024
CTAGATGTGAGTGTAA-1,0.000176,0.836274,0.16355
CTAGATTTACGACGGC-1,0.00014,0.737634,0.262226
CTAGCAACTAATTTAC-1,0.000094,0.959639,0.040267
CTAGCATAGTATAATG-1,0.000119,0.953668,0.046213
CTAGCCACAGGCGAGC-1,0.001057,0.995745,0.003198
CTAGCCCGGGAGACGA-1,0.083333,0.664932,0.251734
CTAGCCGATGTTATGA-1,0.000225,0.429287,0.570488
CTAGGCGCCCTATCAG-1,0.000056,0.249085,0.750859
CTAGGCGGCAGAGAAT-1,0.000137,0.911527,0.088335
CTAGGGATAGGGACAA-1,0.000075,0.353564,0.646361
CTAGGTCTGAAGGAAT-1,0.000106,0.86415,0.135744
CTAGGTTCGGACGTGA-1,0.000047,0.49644,0.503513
CTAGTAGAAAGGGATT-1,0.00003,0.725657,0.274313
CTAGTATTCGGAATTA-1,0.000249,0.691226,0.308524
CTAGTCACGTCTTAAG-1,0.000107,0.761728,0.238165
CTAGTGAAGGACAGGA-1,0.000312,0.41896,0.580728
CTAGTTACAACCCGGT-1,0.000054,0.625422,0.374524
CTAGTTGGGCCCGGTA-1,0.000117,0.641946,0.357937
CTATAAGAGCCAATCG-1,0.000205,0.856072,0.143723
CTATAAGTAGGGTTTG-1,0.00096,0.996135,0.002905
CTATACTTAAAGCGAG-1,0.002254,0.99091,0.006836
CTATAGGCGTTGATGT-1,0.000227,0.053454,0.946319
CTATATCCAGCCTGGC-1,0.001282,0.656142,0.342575
CTATCACAACGCTGGA-1,0.000498,0.46868,0.530822
CTATCGACGAAATACA-1,0.000077,0.844199,0.155725
CTATCGCGTAGAGAAC-1,0.001062,0.99572,0.003218
CTATCGGGTCTCAACA-1,0.000062,0.455841,0.544097
CTATGAACACCTTGCC-1,0.00049,0.922375,0.077135
CTATGCCCGAATGCAA-1,0.000017,0.063998,0.935985
CTATGGGAAGCGGAAT-1,0.000563,0.822783,0.176653
CTATGTCACTAGCCCA-1,0.000104,0.664074,0.335822
CTATGTCTATTGAAAC-1,0.000222,0.925086,0.074691
CTATGTGAGTCACGGC-1,0.003087,0.987546,0.009367
CTATTCATGTGTCCCA-1,0.000078,0.513604,0.486318
CTATTGTGTTTGGTCA-1,0.000412,0.828221,0.171367
CTATTTGCTTGGAGGA-1,0.000135,0.71157,0.288295
CTATTTGGTTACGGAT-1,0.000161,0.575252,0.424587
CTCAAACCACTGCCCG-1,0.000501,0.762835,0.236664
CTCAACTAACCCGGAT-1,0.00003,0.517411,0.482559
CTCAAGACATTAGCGC-1,0.000216,0.602397,0.397387
CTCACATTTACTAAAT-1,0.000028,0.775831,0.224141
CTCACCAGTACAAGTG-1,0.000429,0.91648,0.083092
CTCACTGTGATACTTA-1,0.000028,0.341591,0.658381
CTCACTTGGCTGGTAA-1,0.001069,0.549022,0.449909
CTCAGAGCTAATGTCG-1,0.000083,0.193527,0.806389
CTCAGATTGTGATAAG-1,0.003268,0.986823,0.009909
CTCAGGACTCACCTGT-1,0.000302,0.168408,0.83129
CTCAGTCACGACAAAT-1,0.000189,0.966804,0.033008
CTCATAAATGTGTATA-1,0.002876,0.988419,0.008705
CTCATCACTTAGTGAT-1,0.000686,0.997232,0.002081
CTCATGGCTCACAATC-1,0.000203,0.828719,0.171078
CTCATGGTAATTTGCG-1,0.004274,0.982762,0.012964
CTCATTCGTGAACATC-1,0.000307,0.761965,0.237728
CTCATTGCTCTAACAA-1,0.000026,0.417771,0.582203
CTCATTTGATGGGCGG-1,0.000403,0.423596,0.576001
CTCCCAATGAGTCGCG-1,0.000309,0.998752,0.000938
CTCCCTCCTTTCGATC-1,0.004505,0.681236,0.314259
CTCCCTTGTATCAAGG-1,0.013898,0.94404,0.042062
CTCCGCCCACATGAGG-1,0.002062,0.616314,0.381625
CTCCGGCCTAATATGC-1,0.000317,0.437,0.562683
CTCCGGCTTGTAGACA-1,0.000374,0.444354,0.555272
CTCCTAAGTTATGTCT-1,0.00022,0.609936,0.389844
CTCCTAGTAATCGTGA-1,0.166667,0.333333,0.5
CTCCTCCAGCTCACAC-1,0.000066,0.725314,0.274621
CTCCTGTTCAAGGCAG-1,0.000999,0.889868,0.109133
CTCCTTTACGCAAGTC-1,0.00028,0.998865,0.000855
CTCGAGACATACGATA-1,0.001917,0.992277,0.005805
CTCGAGATCCAAAGCA-1,0.000115,0.60754,0.392345
CTCGAGGCAAGTTTCA-1,0.000252,0.542873,0.456875
CTCGAGGTCGAACAGT-1,0.000083,0.30997,0.689947
CTCGATATTTGCGAGC-1,0.000287,0.937938,0.061774
CTCGCACCTATATAGT-1,0.000275,0.490623,0.509101
CTCGCATTGCATAGCC-1,0.002607,0.989501,0.007892
CTCGCCGAATGTAGGG-1,0.000023,0.106148,0.89383
CTCGCTAGGTAAGCGA-1,0.00054,0.997826,0.001634
CTCGGGATAACACCTA-1,0.000208,0.716034,0.283758
CTCGGGTTCTCTGGCC-1,0.005955,0.976019,0.018026
CTCGGTACCACTGCTC-1,0.000062,0.380815,0.619123
CTCGGTCCGTAGCCTG-1,0.000419,0.647164,0.352417
CTCGGTTGTCGGCCCT-1,0.004175,0.687859,0.307966
CTCGTCGAGGGCTCAT-1,0.003334,0.986552,0.010114
CTCGTCTGTGCCTTCG-1,0.000255,0.968854,0.03089
CTCGTGGCACTGAAAG-1,0.041677,0.083962,0.874361
CTCGTTACGGCTACCA-1,0.000153,0.301391,0.698456
CTCGTTTCTAATGTTT-1,0.000147,0.20488,0.794974
CTCTAACACCGGCAGC-1,0.055556,0.77657,0.167874
CTCTAATGCATTGATC-1,0.000261,0.973779,0.02596
CTCTACACTGGCGATT-1,0.002527,0.531326,0.466147
CTCTACATCCTGCGTG-1,0.000097,0.662984,0.336918
CTCTAGCCCTCGGAAA-1,0.000109,0.913265,0.086626
CTCTATTTGGCTGCAG-1,0.000111,0.856162,0.143727
CTCTCACAATCGATGA-1,0.000073,0.551295,0.448632
CTCTCGATGTGCGCCT-1,0.000124,0.62696,0.372916
CTCTCGCTGTACTATG-1,0.000389,0.783843,0.215768
CTCTCTAACTGCCTAG-1,0.002567,0.716787,0.280646
CTCTGCAGGCATTCTT-1,0.000585,0.575376,0.424038
CTCTGCGAAGCAAGCA-1,0.000201,0.429521,0.570278
CTCTGGACGCCTGGTG-1,0.000082,0.564241,0.435677
CTCTGTCCATGCACCA-1,0.003402,0.986275,0.010324
CTCTGTGCCTGCTATG-1,0.000123,0.767375,0.232501
CTCTGTTTGAGGATTC-1,0.000371,0.652046,0.347583
CTCTTCTATTGACTGG-1,0.000144,0.999415,0.00044
CTCTTCTGGAAGTTAG-1,0.00105,0.840918,0.158032
CTCTTGTCCCGCTTGG-1,0.000154,0.577891,0.421955
CTGAAAGAGATCCGAC-1,0.000332,0.842385,0.157283
CTGAATCCGAGACCTC-1,0.000244,0.690501,0.309255
CTGAATTTATTGCCAG-1,0.000135,0.397846,0.60202
CTGACATAGAAATAGA-1,0.000247,0.946324,0.05343
CTGACTGCGCAGCTCG-1,0.000173,0.719663,0.280163
CTGAGAAAGTTCGGCG-1,0.00033,0.996744,0.002926
CTGAGCAAGTAACAAG-1,0.000498,0.997992,0.00151
CTGAGCGAGACTTATT-1,0.000221,0.687945,0.311834
CTGATAGTGTATCTCA-1,0.000681,0.594803,0.404516
CTGATCCCTTTATGCA-1,0.000585,0.897876,0.101539
CTGCAAGCACGTTCCG-1,0.000817,0.996705,0.002478
CTGCACAACTACATAT-1,0.000057,0.711951,0.287992
CTGCACCTAGTCCACA-1,0.000233,0.949511,0.050256
CTGCACCTGGAACCGC-1,0.00036,0.819682,0.179958
CTGCACTCCAGTACAG-1,0.000067,0.399746,0.600187
CTGCAGAGAATCAGAG-1,0.000227,0.823446,0.176326
CTGCAGGTGCTCGGCC-1,0.000079,0.802444,0.197477
CTGCCAAGGTTGGAAG-1,0.000438,0.998235,0.001327
CTGCCATGCATCACAT-1,0.000119,0.771987,0.227895
CTGCCCACGAAGCGTT-1,0.000529,0.67605,0.323421
CTGCCTAGCCACCAAG-1,0.000206,0.87879,0.121004
CTGCCTCATATGCAAC-1,0.000323,0.965617,0.03406
CTGCCTTTAATACCTT-1,0.00269,0.989156,0.008153
CTGCCTTTCTAGTAAA-1,0.000114,0.710505,0.289381
CTGCGACCTCGCCGAA-1,0.000086,0.448938,0.550976
CTGCGATTTCGAGATT-1,0.00008,0.343895,0.656025
CTGCGGGTGAAATGTT-1,0.000485,0.813783,0.185732
CTGCGGTAGTCACGTG-1,0.000411,0.998344,0.001245
CTGCGTTACGATATAA-1,0.000261,0.912887,0.086852
CTGCTCTGACGGCAAA-1,0.002008,0.004058,0.993934
CTGCTGAGGCCACGAA-1,0.002567,0.63142,0.366013
CTGCTGTCTAACGAGC-1,0.000476,0.998079,0.001445
CTGCTTGGCGATAGCT-1,0.000061,0.872813,0.127126
CTGCTTTATGTCCGCG-1,0.000192,0.99234,0.007468
CTGGAAATGGATGCTT-1,0.000191,0.628803,0.371006
CTGGAAGACACGGTGG-1,0.000098,0.753366,0.246536
CTGGACGCAGTCCGGC-1,0.00334,0.812632,0.184028
CTGGATTTACACTTGA-1,0.000307,0.701289,0.298404
CTGGCATCCGAATGAG-1,0.003087,0.704903,0.29201
CTGGCGACATAAGTCC-1,0.000197,0.81596,0.183843
CTGGCGATTTACATGT-1,0.004902,0.980262,0.014836
CTGGCGCACAGGTCTG-1,0.000086,0.31222,0.687693
CTGGCGGGAATAAGTA-1,0.000467,0.485665,0.513868
CTGGCTCCTGCGGGAT-1,0.000171,0.99931,0.000519
CTGGCTGATTCATCCT-1,0.000107,0.638008,0.361885
CTGGCTGCTAACGTAA-1,0.000112,0.839777,0.160111
CTGGCTGGTTGTCAGT-1,0.000286,0.900663,0.099051
CTGGGATAAATAATGG-1,0.000095,0.965851,0.034054
CTGGGATACGCTACCC-1,0.000235,0.999054,0.000711
CTGGGCCTGCTATATC-1,0.002193,0.773771,0.224036
CTGGGCTACTGGAGAG-1,0.01852,0.037568,0.943912
CTGGGTAGGCAGTTAA-1,0.000096,0.868861,0.131043
CTGGGTTGAGTTAAAG-1,0.003269,0.986821,0.00991
CTGGTAAAGACTTACA-1,0.000452,0.907651,0.091897
CTGGTAAAGTGTGGGC-1,0.000654,0.997362,0.001984
CTGGTAACACATAGAA-1,0.00006,0.649133,0.350807
CTGGTAACGAGCTCTT-1,0.000258,0.84429,0.155452
CTGGTCATTCCAATCC-1,0.000407,0.630454,0.369139
CTGGTCCTAACTTGGC-1,0.000242,0.954625,0.045133
CTGGTGAATGGGCCTA-1,0.003205,0.987084,0.00971
CTGGTTCAACGCATCA-1,0.000162,0.930481,0.069357
CTGGTTTCGAGCAAGA-1,0.000069,0.687393,0.312538
CTGTACTTCTTAGCAT-1,0.000231,0.405782,0.593987
CTGTAGCCATCTCACT-1,0.000613,0.962029,0.037358
CTGTAGTGAGGATCGA-1,0.000183,0.631425,0.368392
CTGTATGGTGTAGAAA-1,0.00026,0.448764,0.550977
CTGTCAAATGGCTCGG-1,0.000317,0.998722,0.000961
CTGTCCTGCGCACTAC-1,0.166667,0.333333,0.5
CTGTCTGTGGCTGGCT-1,0.000071,0.995532,0.004397
CTGTGCAGGGTAGGTC-1,0.000104,0.9215,0.078396
CTGTGGTCGGGAGATA-1,0.000069,0.533511,0.46642
CTGTTACCCAATCTAG-1,0.000051,0.092778,0.907171
CTGTTCACTGCCTGTG-1,0.000365,0.618573,0.381062
CTGTTCATCTCACGGG-1,0.000566,0.447024,0.552411
CTGTTGGCTCTTCTGA-1,0.000304,0.849626,0.150069
CTGTTGTTCAGTCGTA-1,0.002489,0.98997,0.00754
CTTAAATAAGACCCAT-1,0.00014,0.361632,0.638228
CTTAACTTACAGTATA-1,0.00097,0.996091,0.002939
CTTAACTTCGAAGTAC-1,0.000178,0.554394,0.445428
CTTAAGCAGCGAGCCG-1,0.001604,0.993532,0.004864
CTTAATCGACTTAGTA-1,0.055563,0.112016,0.832422
CTTACACGGTATTCCA-1,0.000232,0.341494,0.658274
CTTACACTGGGAAATA-1,0.000347,0.632056,0.367597
CTTACATAGATTTCTT-1,0.000813,0.9363,0.062887
CTTAGATGTTTCATCC-1,0.000355,0.000717,0.998928
CTTAGCCCGGATAGTG-1,0.000416,0.50688,0.492704
CTTAGCCTTCCACATG-1,0.000335,0.667616,0.332049
CTTAGGTATAGACCAG-1,0.002195,0.991152,0.006653
CTTAGTAGGCCTACAG-1,0.000245,0.9491,0.050655
CTTAGTGTAGTAGCAT-1,0.000075,0.68016,0.319765
CTTAGTTGAGGAATCG-1,0.002033,0.991802,0.006165
CTTATAGATGGCTGTT-1,0.001226,0.995054,0.003719
CTTATGCGCTCAGGGC-1,0.004167,0.983196,0.012637
CTTATGTTGACTACCA-1,0.00025,0.470701,0.529048
CTTCAACTCCACTTGG-1,0.000057,0.790674,0.209268
CTTCACGCCCTGGTAC-1,0.001199,0.995166,0.003634
CTTCAGTGGTCGCCTA-1,0.004631,0.870424,0.124944
CTTCAGTTGGACAACG-1,0.00056,0.997745,0.001695
CTTCATAGCTCAAGAA-1,0.000267,0.727823,0.27191
CTTCATCACCAGGGCT-1,0.083333,0.664834,0.251833
CTTCATTGTCAGTGGA-1,0.000096,0.762805,0.237098
CTTCCGCTCCGTGAAG-1,0.000088,0.182083,0.817829
CTTCGATTGCGCAAGC-1,0.000179,0.999278,0.000543
CTTCGGCCAATTGTTT-1,0.000463,0.890249,0.109288
CTTCGTAGATAGGTGA-1,0.000528,0.956286,0.043186
CTTCTATGTTGAAGTA-1,0.003407,0.66137,0.335223
CTTCTATTAATGCTAG-1,0.000686,0.649898,0.349416
CTTCTGGGCGTACCTA-1,0.001357,0.830227,0.168416
CTTCTTACGTCGTATA-1,0.000282,0.628932,0.370786
CTTGACCCGAAAGATA-1,0.000121,0.635487,0.364392
CTTGAGGTTATCCCGA-1,0.000368,0.998516,0.001116
CTTGAGTTAGGGTAAT-1,0.000053,0.07517,0.924777
CTTGATGACCATCCAG-1,0.000855,0.996553,0.002592
CTTGCAACCGCCTCCT-1,0.001854,0.992525,0.005621
CTTGCCCACCCACGCA-1,0.000806,0.996751,0.002443
CTTGCCCAGGCTCTAC-1,0.000221,0.68381,0.315969
CTTGGCCAAGCTGGGA-1,0.000046,0.788158,0.211796
CTTGTACTTGTTGACT-1,0.000431,0.462959,0.53661
CTTGTCAACATTCGAG-1,0.00004,0.233519,0.766441
CTTGTCGTACGTGTCA-1,0.000196,0.99921,0.000594
CTTGTGAGGACAGCGG-1,0.000078,0.857426,0.142495
CTTGTGAGTCTTTGAC-1,0.000267,0.849114,0.150619
CTTGTGCTCACCGATT-1,0.00022,0.320393,0.679387
CTTGTTGCTGAGTCAA-1,0.000081,0.474439,0.52548
CTTGTTTATGTAGCCA-1,0.00039,0.515041,0.484569
CTTTAACTTTCAAAGG-1,0.000184,0.249124,0.750692
CTTTAATATTGGTCGA-1,0.00007,0.458035,0.541895
CTTTACCGAATAGTAG-1,0.000055,0.517917,0.482028
CTTTAGGAACACTGTT-1,0.000068,0.784225,0.215708
CTTTAGTGCTATTATT-1,0.000084,0.301263,0.698653
CTTTATCCGACGCATG-1,0.083333,0.664933,0.251734
CTTTCTGTGCGGGCTT-1,0.000141,0.789612,0.210247
CTTTGACGTCGCTTCT-1,0.002691,0.749895,0.247414
CTTTGCATCGCTCTTG-1,0.00029,0.68224,0.317471
CTTTGCTGTCATGGAT-1,0.00039,0.998429,0.001181
CTTTGGCGCTTTATAC-1,0.000651,0.364899,0.634449
CTTTGGCTTTAGTAAA-1,0.000794,0.639087,0.360119
CTTTGGGATTGTTGCA-1,0.000219,0.929756,0.070026
CTTTGTCGAATGCTCC-1,0.001962,0.992091,0.005947
GAAACAGATGACCACC-1,0.00005,0.335963,0.663988
GAAACAGCCATGCAGT-1,0.00018,0.528379,0.471441
GAAACATAGGAAACAG-1,0.004167,0.983184,0.012649
GAAACCATGGTGCGCT-1,0.000109,0.611865,0.388026
GAAACCGAATTACCTT-1,0.00031,0.698808,0.300882
GAAACCTATACAAATG-1,0.000023,0.280411,0.719566
GAAACTCGTGCGATGC-1,0.00052,0.405748,0.593733
GAAACTCTAATGAAGG-1,0.000134,0.57402,0.425846
GAAAGAACAGCGTTAT-1,0.000128,0.999484,0.000388
GAAAGCAGTGCACTTT-1,0.000081,0.513052,0.486867
GAAAGCCCTTTGGACC-1,0.001192,0.995196,0.003612
GAAAGTGACTAACTGC-1,0.000311,0.431878,0.567811
GAAATACCTGCTGGCT-1,0.000312,0.998741,0.000947
GAAATACTAAACGTTT-1,0.000473,0.681747,0.317781
GAAATATCACCATCAG-1,0.000337,0.107815,0.891848
GAAATATGCTTGAATG-1,0.000206,0.999168,0.000625
GAAATCGCGCGCAACT-1,0.000313,0.955752,0.043935
GAAATCTGACCAAGTT-1,0.000147,0.904146,0.095707
GAAATGGCGGTGTTAG-1,0.000161,0.616742,0.383097
GAAATGGGATGTAAAC-1,0.000245,0.999011,0.000743
GAAATTAGCACGGATA-1,0.000222,0.756571,0.243207
GAAATTCACATCGCTG-1,0.000204,0.821125,0.178671
GAAATTGTCTCTATAA-1,0.000128,0.108404,0.891468
GAACAACTGGGATGAA-1,0.000056,0.787277,0.212667
GAACACACATCAACCA-1,0.000302,0.653663,0.346035
GAACAGATTACTAAAT-1,0.000036,0.444846,0.555119
GAACCATCTGGGAGAC-1,0.000142,0.890654,0.109205
GAACCCTCTGTGTTCT-1,0.000057,0.700431,0.299512
GAACCTCGACCTACAC-1,0.00138,0.890633,0.107988
GAACCTTTAACGATCC-1,0.000021,0.079072,0.920907
GAACGACCGAATGATA-1,0.000299,0.56169,0.438012
GAACGATAAGTTAAAG-1,0.000243,0.830055,0.169702
GAACGCGGGTCACACG-1,0.000295,0.859745,0.13996
GAACGTCTCATGGTCG-1,0.000128,0.550573,0.449299
GAACGTTAGGAAGACG-1,0.000596,0.840755,0.158648
GAACTGTGGAGAGACA-1,0.000022,0.169014,0.830964
GAAGAAACGATATTGT-1,0.002456,0.475217,0.522327
GAAGAACGGTGCAGGT-1,0.000247,0.921251,0.078502
GAAGACTTCAATGCCG-1,0.000152,0.844776,0.155072
GAAGCAAGGCAATGTT-1,0.000099,0.9996,0.000301
GAAGCCACTGATTATG-1,0.000029,0.751825,0.248146
GAAGCCGGGTAAGCTC-1,0.000214,0.653547,0.346239
GAAGCCTGCACATTCC-1,0.000032,0.452966,0.547002
GAAGCGTGAGGAATTT-1,0.000094,0.647769,0.352137
GAAGCTCGGACCCGTC-1,0.003091,0.987553,0.009356
GAAGCTCTTTGCTTAG-1,0.000126,0.546403,0.453471
GAAGCTTGCTGACCGC-1,0.000371,0.545098,0.454531
GAAGGACTAAATTGAA-1,0.000031,0.699237,0.300733
GAAGGAGTCGAGTGCG-1,0.000028,0.530408,0.469564
GAAGGCTACCATTGTT-1,0.000172,0.999189,0.000638
GAAGGGCATAACCATG-1,0.000054,0.961154,0.038791
GAAGGGTCATTAAGAC-1,0.000204,0.999177,0.000619
GAAGTCAGTTGCACTA-1,0.000055,0.187632,0.812313
GAAGTCTCCCTAGCGA-1,0.000136,0.87971,0.120154
GAAGTGATTTATCGTG-1,0.00013,0.289311,0.710559
GAAGTGCTGGATAGCT-1,0.000304,0.619432,0.380263
GAAGTTTCCACTCAAT-1,0.000281,0.61602,0.383699
GAATAGACGCGACCCA-1,0.000122,0.835164,0.164714
GAATAGCATTTAGGGT-1,0.000305,0.894147,0.105548
GAATAGCCCTGCGGTC-1,0.000182,0.999265,0.000552
GAATAGTGCTCGATTA-1,0.002646,0.989324,0.00803
GAATATTCGGAGTCCC-1,0.000111,0.619876,0.380013
GAATCGACATGGTCAC-1,0.000341,0.487498,0.512161
GAATCGCCGGACACGG-1,0.000165,0.999334,0.000501
GAATCTGAACATTCTC-1,0.000075,0.675098,0.324826
GAATGCCGAAATGACC-1,0.000462,0.706665,0.292874
GAATGCGAATCGGTTC-1,0.000026,0.837568,0.162406
GAATGGGCTTATCGAC-1,0.001303,0.097293,0.901404
GAATGTATGGCAGGTC-1,0.000273,0.752045,0.247682
GAATGTGGTCCGGATT-1,0.000063,0.576105,0.423832
GAATGTTGGGTAATCT-1,0.000219,0.129835,0.869946
GAATTATAGTGAAAGG-1,0.000064,0.579559,0.420377
GAATTCACCCGGGTGT-1,0.00015,0.640733,0.359117
GAATTTCTCGCTGCAG-1,0.000459,0.502525,0.497016
GACAAACATATGCAGG-1,0.000035,0.476659,0.523306
GACAACGACCATTGAA-1,0.00026,0.706542,0.293198
GACAACGCAGCTTACG-1,0.00036,0.998548,0.001092
GACAAGAGATGAGATT-1,0.00053,0.997865,0.001605
GACACAAGGGAAGAAA-1,0.000049,0.451675,0.548276
GACACAGCCGGGACTG-1,0.000878,0.996463,0.002658
GACACCCAAAGACGCG-1,0.005558,0.01126,0.983182
GACACGAGTTAGAGGA-1,0.000408,0.509563,0.490029
GACACTGAGTTCAGTG-1,0.001062,0.995715,0.003223
GACACTGGAACCCGAT-1,0.000535,0.963057,0.036408
GACACTTCCAATTACC-1,0.000492,0.998016,0.001492
GACAGAGGTCTTCAGT-1,0.055566,0.776146,0.168288
GACAGATTTCTGGCTC-1,0.002351,0.990532,0.007117
GACAGCCAGACCTGAC-1,0.000082,0.961671,0.038247
GACAGGCACACACTAT-1,0.001685,0.993211,0.005105
GACATACTGTCGCAGA-1,0.000258,0.510563,0.489179
GACATCCGTCGAACTG-1,0.000042,0.998406,0.001552
GACATCGATTTATAAC-1,0.000202,0.493246,0.506553
GACATTTCGCCCAGCC-1,0.000702,0.997177,0.002122
GACCAAACGTTGACTG-1,0.000566,0.895739,0.103695
GACCACACTTCCCTTT-1,0.000112,0.403385,0.596503
GACCAGAGCCCTGTAG-1,0.000236,0.247994,0.751769
GACCAGGTCATTCATA-1,0.000166,0.961448,0.038386
GACCCAATTATGATAC-1,0.004762,0.629337,0.3659
GACCCGTCGCCGGCTA-1,0.000202,0.588717,0.411081
GACCGACCGCTAATAT-1,0.00006,0.843113,0.156827
GACCGACGTGAAAGCA-1,0.00013,0.964055,0.035815
GACCGACTGAAGCGTC-1,0.000435,0.449467,0.550099
GACCGATTAAATATGT-1,0.001814,0.992688,0.005498
GACCGCGTCTGACGTG-1,0.000245,0.591066,0.408689
GACCGGTGATACTCTC-1,0.002352,0.958354,0.039294
GACCGTCAGGTCGTGA-1,0.000076,0.295275,0.704649
GACCGTGCTGACGGTG-1,0.00027,0.863022,0.136708
GACCGTTACATGCGAC-1,0.001253,0.994945,0.003802
GACCTGGTCTGGGCGT-1,0.000046,0.89251,0.107443
GACCTTCCACGTCTAC-1,0.000045,0.787907,0.212048
GACGACGATCCGCGTT-1,0.000037,0.246417,0.753545
GACGAGGCTAATAAAC-1,0.000206,0.704714,0.29508
GACGATATCACTGGGT-1,0.000234,0.626894,0.372872
GACGCATACCCGTCGG-1,0.002348,0.990533,0.007119
GACGCCGTAAAGGCTA-1,0.000173,0.955638,0.04419
GACGCCTGTTGCAGGG-1,0.000132,0.4752,0.524669
GACGCTTGCTTCTAAA-1,0.000734,0.882017,0.117248
GACGGACCGCGTTCCT-1,0.000127,0.655258,0.344616
GACGGGATGTCTTATG-1,0.000151,0.999391,0.000458
GACGGGCATCGAATTT-1,0.004768,0.980784,0.014447
GACGGGTTGGCCCGTA-1,0.000066,0.844543,0.155391
GACGGTCAATAGAAGC-1,0.000198,0.787873,0.211929
GACGTGAGACTCCATG-1,0.000162,0.810299,0.189539
GACGTGTAGGGATTAT-1,0.001437,0.994201,0.004362
GACGTTCGTAAATACA-1,0.000116,0.942751,0.057133
GACGTTGCTCGGCGGC-1,0.000657,0.769785,0.229558
GACTAACACAGCACCT-1,0.000312,0.998741,0.000947
GACTAAGATCATGCAC-1,0.000558,0.968915,0.030527
GACTAAGTAGGCTCAC-1,0.000554,0.893802,0.105644
GACTACAAAGCGGTGG-1,0.005212,0.978984,0.015804
GACTACAATTGCTCGT-1,0.000151,0.387045,0.612803
GACTAGGCCGTTAGGT-1,0.000036,0.571379,0.428585
GACTCACCCACGTGAG-1,0.000081,0.605876,0.394043
GACTCCCAGAATAAGG-1,0.000237,0.970946,0.028817
GACTCCTTCCAATTGA-1,0.002253,0.452404,0.545344
GACTCGCGGGAATGAC-1,0.00022,0.896793,0.102986
GACTCTAGAGTTCCAA-1,0.000232,0.000468,0.9993
GACTGCAAATCGAGCT-1,0.000042,0.801796,0.198162
GACTGCACCAGCCCAG-1,0.00004,0.231845,0.768115
GACTGCGGCACGTGTA-1,0.000447,0.714441,0.285112
GACTGCTGGTGAGAAA-1,0.000348,0.852782,0.146871
GACTTCAACGCATCAA-1,0.001334,0.994619,0.004048
GACTTTCGAGCGGTTC-1,0.166667,0.333333,0.5
GAGAACGGTTCTGACT-1,0.000452,0.998178,0.00137
GAGAATCTCACGATCA-1,0.000308,0.43317,0.566522
GAGACTGATGGGTAGA-1,0.0002,0.66041,0.33939
GAGACTTCGCGACCGA-1,0.000087,0.453435,0.546478
GAGAGCGCAGTCCCTG-1,0.000302,0.64888,0.350818
GAGAGGGCGCGAGGTT-1,0.000432,0.74137,0.258198
GAGAGGTGCATTCTGG-1,0.001488,0.476869,0.521642
GAGAGTCTCGGGAGAG-1,0.000083,0.332485,0.667432
GAGATCGATCTTACTC-1,0.000927,0.702205,0.296868
GAGATCTGCTTGGCAT-1,0.000516,0.737462,0.262021
GAGATCTGTCACTCCG-1,0.000066,0.201274,0.79866
GAGATCTTCCATGACA-1,0.000046,0.279663,0.720291
GAGATGACAATCCTTA-1,0.000185,0.946013,0.053802
GAGATGGCTTTAATCA-1,0.000099,0.329313,0.670588
GAGATGGGAGTCGACA-1,0.000048,0.370104,0.629848
GAGCACCTGTGTCCAG-1,0.000089,0.981434,0.018477
GAGCATCAACAACTTG-1,0.002318,0.99066,0.007022
GAGCATCATCCCTGGG-1,0.000188,0.799283,0.200529
GAGCCACGGTAGTAGG-1,0.000181,0.877932,0.121887
GAGCCAGCTACCTGTG-1,0.00007,0.846994,0.152936
GAGCGAGGGAGTACCG-1,0.000284,0.993365,0.006351
GAGCGCAAATACTCCG-1,0.000294,0.923195,0.076511
GAGCGCGCACGAGTAG-1,0.00008,0.993165,0.006755
GAGCGCTGTTAGGTAA-1,0.004386,0.982321,0.013292
GAGCGGAATGCGGTGT-1,0.000101,0.667159,0.33274
GAGCTAAGGGCATATC-1,0.00026,0.58956,0.410181
GAGCTCAACATGAGCG-1,0.000098,0.209606,0.790296
GAGCTCTCGGACCTAA-1,0.000297,0.548116,0.451586
GAGCTGTCGTCTCGGA-1,0.00021,0.999154,0.000636
GAGGAATATCTCTTTG-1,0.000085,0.295978,0.703937
GAGGAATGGAGAGGTT-1,0.000495,0.805173,0.194332
GAGGAGATCCTCATGC-1,0.000105,0.637552,0.362343
GAGGAGTAATTCCTAC-1,0.000088,0.646789,0.353123
GAGGATAAACAGTGCT-1,0.000138,0.938097,0.061765
GAGGCCCGACTCCGCA-1,0.003334,0.98656,0.010106
GAGGCCTGTTGATACA-1,0.000613,0.997528,0.001859
GAGGCTATCAAAGTCG-1,0.000769,0.996901,0.00233
GAGGGAGTCAGATCGC-1,0.000214,0.852702,0.147084
GAGGGCATCGCGTATC-1,0.0001,0.27101,0.72889
GAGGGCGCAGCTCTGC-1,0.00022,0.964547,0.035233
GAGGGTAGTAACAAAG-1,0.004763,0.774187,0.221051
GAGGTACATCCATCTT-1,0.000421,0.998291,0.001288
GAGGTACGCGTGTCCC-1,0.000033,0.385078,0.614888
GAGGTCCCAAAGATCT-1,0.000177,0.218736,0.781087
GAGGTCCGTTCGCTGT-1,0.055556,0.776713,0.167731
GAGTAAACCGGAAAGT-1,0.000242,0.897947,0.101812
GAGTAAGGCCACGGGA-1,0.004918,0.980194,0.014888
GAGTACGGGTATACAA-1,0.000216,0.689166,0.310618
GAGTAGATACTAGTTG-1,0.000033,0.413432,0.586535
GAGTATACCCTAATCA-1,0.00112,0.995488,0.003392
GAGTATCAAAGTTACA-1,0.000913,0.996324,0.002763
GAGTATGCCCGCCTTG-1,0.001736,0.678507,0.319757
GAGTATGCGCGTGCAT-1,0.000024,0.641339,0.358637
GAGTCAGACCAGAATC-1,0.000235,0.991347,0.008418
GAGTCCACCAGGTTTA-1,0.083333,0.664594,0.252073
GAGTCCGCTTACCGGA-1,0.000112,0.360544,0.639344
GAGTCGACAGACCCTC-1,0.000269,0.532644,0.467087
GAGTCTTGTAAAGGAC-1,0.000776,0.844868,0.154357
GAGTGTCAACCAGAAA-1,0.000018,0.065534,0.934448
GAGTGTGCGGTACCCA-1,0.000128,0.829446,0.170426
GAGTTCTGTGGGTGCT-1,0.002193,0.991156,0.006651
GAGTTGATGGCAATTT-1,0.004505,0.981811,0.013684
GAGTTGTCACCAGTCT-1,0.001667,0.935265,0.063068
GATAAATCGGTGGATG-1,0.00017,0.140012,0.859818
GATAACTCGCACTGTG-1,0.000088,0.889123,0.110789
GATAAGGCAGATGCAA-1,0.000122,0.488748,0.51113
GATACGATGGGAGTCA-1,0.002781,0.988794,0.008425
GATAGAACCCGCTAGG-1,0.000105,0.730504,0.26939
GATAGATAGTACAGTC-1,0.000993,0.996,0.003007
GATAGCGTACCACGCG-1,0.000075,0.632356,0.367568
GATAGGTAACGTTGAC-1,0.00008,0.440135,0.559785
GATAGTGCGAGTAAGT-1,0.000105,0.323046,0.676849
GATATCAAGCAGGAGC-1,0.001391,0.994394,0.004215
GATATCAGTATGTATC-1,0.000087,0.601163,0.39875
GATATCTCATGCAATA-1,0.000121,0.329293,0.670586
GATATGAGACACTAAC-1,0.000074,0.685176,0.31475
GATATGCGGTAGCCAA-1,0.002348,0.990541,0.007111
GATATGGATTACGCGG-1,0.000716,0.997114,0.00217
GATATTGAGATTGGCG-1,0.000244,0.839719,0.160037
GATATTTCCTACATGG-1,0.000242,0.266283,0.733475
GATCAACATAAAGGGA-1,0.000928,0.88295,0.116122
GATCATTCCAAACATT-1,0.000077,0.275299,0.724624
GATCCAACCTTTAAAC-1,0.083337,0.16829,0.748372
GATCCCTTTATACTGC-1,0.000049,0.095182,0.904769
GATCCGAATATAAGTG-1,0.000156,0.748488,0.251357
GATCCGGGAATTAACA-1,0.000029,0.120789,0.879182
GATCCTAAATCGGGAC-1,0.000418,0.98266,0.016921
GATCCTCGACACTGGC-1,0.002416,0.706641,0.290943
GATCCTCTTGCGCTTA-1,0.000327,0.998682,0.000991
GATCGACACTATCTGA-1,0.000336,0.510402,0.489262
GATCGCGGGCTCTCCA-1,0.000086,0.253202,0.746712
GATCGCTACCCGATTT-1,0.000092,0.48196,0.517948
GATCGCTATATCTCAG-1,0.002651,0.989329,0.008019
GATCGCTGTGGTGCGT-1,0.001325,0.994663,0.004012
GATCGGATAGAACCAT-1,0.000563,0.322067,0.677369
GATCGGCGATAAGTCG-1,0.000196,0.453963,0.545841
GATCGGTGGCCATAAC-1,0.000046,0.220621,0.779333
GATCGTGACTGATATC-1,0.000083,0.941132,0.058785
GATCTAACCGTATTCA-1,0.001401,0.788444,0.210155
GATCTCGACGCTGTGG-1,0.00034,0.792028,0.207632
GATCTGCTATCTAAGG-1,0.000052,0.653,0.346948
GATCTTCATTGTCCTC-1,0.000154,0.373368,0.626478
GATCTTGGAGGGCATA-1,0.000078,0.879031,0.120892
GATCTTTGCAGGGTAT-1,0.000751,0.532727,0.466522
GATGACAAGTAGGGCA-1,0.002928,0.988199,0.008873
GATGAGGAACCTTCGG-1,0.000041,0.571054,0.428905
GATGATTTGAAACTGG-1,0.000149,0.947844,0.052007
GATGCCACACTACAGC-1,0.00026,0.998951,0.000789
GATGCCAGCAGAAGGC-1,0.000432,0.050847,0.948721
GATGCCTTCTGCGGCA-1,0.004274,0.982777,0.012949
GATGCGAATGGTATTA-1,0.000158,0.382892,0.616949
GATGCGTCCTGCATTC-1,0.000111,0.507715,0.492174
GATGCTACAAGCGCCT-1,0.000227,0.090242,0.909531
GATGCTACCTTCGATG-1,0.000107,0.846844,0.153049
GATGCTGTATTTCATC-1,0.000041,0.055707,0.944252
GATGGCGCACACATTA-1,0.000303,0.280295,0.719401
GATGGTGCCCTAGGCA-1,0.000179,0.579143,0.420678
GATGTAACGAACCACC-1,0.003714,0.985041,0.011245
GATGTCCGGATCACAT-1,0.000222,0.908445,0.091333
GATGTCGGTCAACTGC-1,0.000154,0.350046,0.6498
GATGTGTTGTCACAAG-1,0.000229,0.735932,0.263839
GATGTTCAATCCACGA-1,0.000357,0.422672,0.576971
GATGTTTGTGCGAGAT-1,0.000372,0.539705,0.459924
GATTAACCGAAAGCCC-1,0.000066,0.163298,0.836635
GATTAATCCTGGCTCA-1,0.000124,0.808895,0.190981
GATTACTGAATTTGGG-1,0.001367,0.994368,0.004265
GATTAGAAACAAGCGT-1,0.004903,0.261845,0.733253
GATTATCTTGCATTAT-1,0.033334,0.865643,0.101024
GATTCCCTTGTCGCAG-1,0.000111,0.367735,0.632154
GATTCCGCGTTTCCGT-1,0.000302,0.40828,0.591418
GATTCCTATACGGCGC-1,0.000397,0.225081,0.774522
GATTCGACGGTTCACG-1,0.000096,0.845916,0.153988
GATTCTGTTAATGAGT-1,0.000274,0.000554,0.999171
GATTGACACTCTGCTC-1,0.00018,0.689378,0.310442
GATTGCTCCAGTTGCA-1,0.003145,0.987322,0.009533
GATTGGGAAAGGTTGT-1,0.000026,0.315537,0.684438
GATTTGCGCTAACACC-1,0.006411,0.012972,0.980617
GCAAACCCTACATTAT-1,0.000054,0.853134,0.146812
GCAAACCTTGGCCATA-1,0.000053,0.58623,0.413717
GCAAACGTAAGCGACC-1,0.000911,0.996328,0.002761
GCAAACGTCGCCAGGT-1,0.000268,0.998921,0.000812
GCAAAGGGCGTTAGCC-1,0.002879,0.98841,0.008711
GCAAATATTACGCTTT-1,0.000316,0.547193,0.452491
GCAAATGAGGACACTT-1,0.001335,0.99462,0.004045
GCAACACACTAGAACT-1,0.003877,0.984354,0.011769
GCAACAGCAGTATGCG-1,0.00009,0.810872,0.189038
GCAACCACCAGACCGG-1,0.000147,0.32816,0.671692
GCAACCACGGCCGCGT-1,0.001334,0.002697,0.995968
GCAACCCAAGTTGTTT-1,0.000294,0.811563,0.188143
GCAACGGCTAGTTATG-1,0.000196,0.998622,0.001182
GCAAGAATTCCTTGGC-1,0.002882,0.675638,0.32148
GCAAGCTGGAAACCGC-1,0.000618,0.997509,0.001873
GCAAGTGCACAGAGAA-1,0.000362,0.632702,0.366935
GCAAGTGTAAAGCATG-1,0.000078,0.77819,0.221732
GCAATTAGTCGCACCG-1,0.000203,0.732204,0.267593
GCACAAACCCTAGATG-1,0.002488,0.989982,0.00753
GCACAAACGAGGCGTG-1,0.00018,0.990122,0.009698
GCACAACCTCGGGCGT-1,0.002525,0.950979,0.046496
GCACAAGTGGATCATA-1,0.000044,0.038735,0.961221
GCACAAGTGTCGGAAG-1,0.00016,0.79331,0.20653
GCACACACTGGTAGCC-1,0.000121,0.612963,0.386916
GCACACAGCTATTACC-1,0.000097,0.427032,0.57287
GCACACGCCCATGGTC-1,0.00045,0.288198,0.711352
GCACAGCACGGGCCGA-1,0.000064,0.070864,0.929072
GCACCTAGGCGAGTCC-1,0.002879,0.988413,0.008708
GCACGCCGATTCCCGC-1,0.000101,0.440922,0.558977
GCACGCCTACTTAGAT-1,0.001463,0.604722,0.393815
GCACGTGGTTTACTTA-1,0.000922,0.910092,0.088987
GCACTAGTCGCGCTAT-1,0.000134,0.333988,0.665879
GCACTCCCACAGTCCC-1,0.000136,0.808214,0.19165
GCACTGCCTACCTTTA-1,0.000032,0.804228,0.195741
GCACTGTGCAAATGTA-1,0.000107,0.422325,0.577568
GCAGAAGGTAATCTCC-1,0.000488,0.996352,0.003161
GCAGACCCAGCACGTA-1,0.000086,0.774533,0.225381
GCAGATCCATAAGACT-1,0.000027,0.274679,0.725294
GCAGATCCTCGCAAAT-1,0.000191,0.360348,0.639462
GCAGATTAGGGATATC-1,0.000058,0.363961,0.635981
GCAGCACACAGCCCAG-1,0.000522,0.997898,0.00158
GCAGCCTATATCACAT-1,0.000152,0.878208,0.12164
GCAGCGGTGGGCATTA-1,0.000177,0.660281,0.339543
GCAGCTGTCAACGCAT-1,0.000268,0.998919,0.000812
GCAGGAACTTAGATCT-1,0.003705,0.985069,0.011226
GCAGGACTATAGAATA-1,0.000504,0.788225,0.211271
GCAGGTAGAGTATGGT-1,0.000271,0.72798,0.271749
GCAGTGTGGCTATAGG-1,0.000051,0.450274,0.549674
GCAGTTCGATCCGAGC-1,0.000738,0.938165,0.061097
GCATACGAGGTCTTTA-1,0.001895,0.352207,0.645898
GCATAGAGCACTCAGG-1,0.000056,0.208289,0.791656
GCATCCCTAACTTTGA-1,0.000342,0.624304,0.375355
GCATCGGCCGTGTAGG-1,0.000765,0.996917,0.002318
GCATGAGGGACGCGGC-1,0.000196,0.558769,0.441035
GCATGCTAATAACGAT-1,0.000181,0.906791,0.093028
GCATGGGTACTGACGC-1,0.001335,0.901141,0.097524
GCATTCAAGGCAACGC-1,0.000264,0.893674,0.106062
GCATTCGAAATGAACA-1,0.00028,0.699838,0.299883
GCATTGACTTGCGGAA-1,0.002875,0.988416,0.008708
GCATTGTAATTCATAT-1,0.002778,0.653971,0.343251
GCATTTCCAAGGCTCC-1,0.000191,0.578001,0.421809
GCCAACCATTTCCGGA-1,0.00024,0.976315,0.023444
GCCAAGAATACTTCTG-1,0.002037,0.551697,0.446265
GCCAATAGGGCATCTC-1,0.000183,0.571956,0.427861
GCCACAATTTAAGGAC-1,0.001166,0.850748,0.148086
GCCACCCATTCCACTT-1,0.000049,0.506428,0.493523
GCCACCTTATTCGCGA-1,0.083333,0.664834,0.251833
GCCACTCAGAGCGCGA-1,0.000141,0.659286,0.340572
GCCACTCCTTACGGTA-1,0.001024,0.995877,0.003099
GCCAGGAAAGAACACT-1,0.000092,0.294165,0.705743
GCCAGGAGTAACCGAT-1,0.000191,0.419671,0.580137
GCCAGGCGTTCGCATG-1,0.000398,0.998396,0.001206
GCCAGGCTTAGTGGTA-1,0.000081,0.750807,0.249112
GCCATATTGCACACAG-1,0.000288,0.994675,0.005037
GCCATCGAGCTGCGTG-1,0.000751,0.532464,0.466785
GCCATCGATGCTGCAT-1,0.000142,0.692268,0.30759
GCCATTAGCCTCAAAC-1,0.002692,0.644953,0.352355
GCCCACCAAGGCTGTC-1,0.000076,0.031525,0.968399
GCCCAGATGCTGGAGA-1,0.000222,0.999105,0.000673
GCCCAGCGACACAAAG-1,0.083333,0.664932,0.251734
GCCCAGTTGGTATGCC-1,0.000444,0.85391,0.145646
GCCCGACTTCTTCCCG-1,0.004763,0.98079,0.014446
GCCCGAGAGTCTAAAT-1,0.001963,0.99209,0.005946
GCCCGATCTGTGGTCG-1,0.000126,0.848865,0.151009
GCCCGATGCCCAGTTC-1,0.001055,0.995747,0.003198
GCCCGCGCGTAAACGG-1,0.002564,0.989648,0.007788
GCCCGCGCGTTTGACA-1,0.000209,0.400283,0.599508
GCCCGTAATACCTTCT-1,0.000266,0.758047,0.241687
GCCCGTTCACACAATT-1,0.166667,0.333333,0.5
GCCCTAAGTGCAGGAT-1,0.02778,0.056005,0.916216
GCCCTAGCCGTCGCGA-1,0.00309,0.00625,0.99066
GCCCTGAGGATGGGCT-1,0.000048,0.453024,0.546928
GCCGAAATTCCTACGT-1,0.000382,0.56568,0.433938
GCCGACCCACGACTGC-1,0.003087,0.987545,0.009368
GCCGATTGGCCAAGCT-1,0.000033,0.005405,0.994561
GCCGCACTCCGTTTCA-1,0.000259,0.874588,0.125153
GCCGCATTAGTCCGGC-1,0.001502,0.584939,0.413559
GCCGCTTGTGAGAAAC-1,0.000434,0.7377,0.261866
GCCGGAAACACATCTT-1,0.000092,0.806906,0.193003
GCCGGGTTAGGGTCGC-1,0.000055,0.286817,0.713128
GCCGGTCGTATCTCTC-1,0.000121,0.537916,0.461963
GCCGGTTTGGGCGGAT-1,0.000128,0.948081,0.051791
GCCGTCGGTTTCGGGC-1,0.000081,0.347764,0.652155
GCCGTGGAAGAAATGT-1,0.000155,0.936787,0.063058
GCCTACGTTCTGTGCA-1,0.000108,0.799328,0.200564
GCCTAGCGATCTGACC-1,0.000188,0.113383,0.886429
GCCTATAGTGTCAGGG-1,0.0003,0.702789,0.296911
GCCTATTCCGATATAG-1,0.000477,0.998078,0.001445
GCCTATTTGCTACACA-1,0.000156,0.911128,0.088716
GCCTCAGGTACCGGTC-1,0.166667,0.333333,0.5
GCCTCATCTGGAAATA-1,0.00007,0.889147,0.110783
GCCTCCGACAATTCAC-1,0.000234,0.865421,0.134345
GCCTCTATACATAGCA-1,0.000052,0.397801,0.602147
GCCTGTCCCGGTGCAT-1,0.000072,0.158187,0.841741
GCCTTCAGCCCTACCG-1,0.000381,0.444579,0.55504
GCCTTGTATATGCAGT-1,0.000414,0.772586,0.227
GCCTTTGTCAGTGGAC-1,0.002084,0.687576,0.31034
GCGAAACGATCGGGAG-1,0.000322,0.987419,0.012259
GCGAAACTTAACTGGA-1,0.000063,0.830323,0.169615
GCGAAGAATCTGACGG-1,0.000048,0.742063,0.257889
GCGAAGCCATACCCGT-1,0.000089,0.427147,0.572765
GCGAATGGACTAGCGA-1,0.003088,0.305325,0.691586
GCGACATGTAAACATC-1,0.000073,0.652357,0.34757
GCGACCCAACCATCTG-1,0.001855,0.394502,0.603643
GCGACGATAGTTGTAC-1,0.000309,0.633284,0.366407
GCGACGGTAGTCTCCT-1,0.000116,0.19264,0.807244
GCGAGAAACGGGAGTT-1,0.000153,0.565814,0.434033
GCGAGAGGCCATGTAA-1,0.000169,0.99932,0.000511
GCGAGAGTTGCGTCCA-1,0.000161,0.566289,0.43355
GCGAGCGCATGCTCCC-1,0.000079,0.44087,0.55905
GCGAGGCCCGAGCAGA-1,0.000068,0.000582,0.999351
GCGAGTTCTGCAAAGA-1,0.000067,0.749606,0.250328
GCGATGTCTGTGCTTG-1,0.000163,0.863849,0.135988
GCGATTCTGGAAGCAG-1,0.000191,0.602875,0.396933
GCGATTGTTAACGTTA-1,0.000044,0.054438,0.945518
GCGCAAATATATTCAA-1,0.005076,0.010232,0.984692
GCGCAAGAGCGCGCTG-1,0.000097,0.717036,0.282868
GCGCATCCAGTCAGCA-1,0.000204,0.433849,0.565947
GCGCCGTTCCACGATA-1,0.00008,0.769267,0.230653
GCGCCTCCCACTCCGA-1,0.000252,0.991543,0.008205
GCGCGATGGGTCAAGT-1,0.000122,0.933373,0.066505
GCGCGGTCTAGTAACT-1,0.000079,0.892195,0.107727
GCGCGTCATTGGTACA-1,0.000092,0.652384,0.347524
GCGCTAATTGAATAGA-1,0.000035,0.092199,0.907766
GCGCTATGCCGAGGCA-1,0.000452,0.447543,0.552005
GCGCTGATCCAGACTC-1,0.00019,0.589617,0.410193
GCGCTGCTTTGCATTT-1,0.000378,0.956147,0.043475
GCGCTGGCGGAAAGTC-1,0.000056,0.897341,0.102604
GCGCTTAAATAATTGG-1,0.000088,0.889215,0.110697
GCGGACCGCGTTGTGG-1,0.001239,0.329828,0.668933
GCGGAGAAACTTCGCA-1,0.003631,0.661668,0.334701
GCGGAGAGGGAGAACG-1,0.000055,0.729538,0.270407
GCGGATTACTTGTTCT-1,0.003402,0.986295,0.010303
GCGGCAAAGTATTGCC-1,0.005209,0.978977,0.015814
GCGGCTCTGACGTACC-1,0.000725,0.647263,0.352012
GCGGCTTTAGCAAGTT-1,0.000127,0.49592,0.503953
GCGGGAACCAGGCCCT-1,0.000343,0.70991,0.289747
GCGGGCAGACGGGTGA-1,0.002924,0.654247,0.342828
GCGGGCATTACGATGC-1,0.000233,0.89333,0.106437
GCGGGCGAGCCTTACC-1,0.000078,0.228788,0.771135
GCGGTAACCCAAATGA-1,0.000089,0.990613,0.009298
GCGGTCCCTAGACGCA-1,0.000264,0.965576,0.03416
GCGGTCTTGCTTTCAC-1,0.000185,0.971441,0.028373
GCGGTGAACTGCGCTC-1,0.000278,0.976578,0.023143
GCGGTGCGGAGCATCG-1,0.000206,0.958176,0.041619
GCGGTTCCCTATCATG-1,0.000551,0.997781,0.001669
GCGTAAATGGCCATAA-1,0.000102,0.559195,0.440703
GCGTCCAGCTCGTGGC-1,0.000122,0.873905,0.125973
GCGTCCCTAAGACATA-1,0.000105,0.435485,0.56441
GCGTCGAAATGTCGGT-1,0.000336,0.671405,0.328259
GCGTCGCCAGGGTGAT-1,0.000113,0.729664,0.270223
GCGTCGTAACATGGTC-1,0.000562,0.192045,0.807393
GCGTCTAACCTCCTAA-1,0.000185,0.884687,0.115128
GCGTCTCTGCATTGGG-1,0.000351,0.482114,0.517535
GCGTGGTACTGGGTTA-1,0.000133,0.617628,0.382239
GCGTGTATGTCGTATT-1,0.000184,0.660189,0.339626
GCGTTATATTTGGAAC-1,0.000384,0.471235,0.528381
GCGTTCGGAGACCGGG-1,0.000179,0.707154,0.292667
GCTAAACCTGAGGTGA-1,0.000319,0.451427,0.548254
GCTAACTGAAGTCTGA-1,0.000169,0.648529,0.351302
GCTAAGCCCAGTATGC-1,0.002383,0.990404,0.007212
GCTAAGTAAAGGCGAT-1,0.000271,0.625324,0.374405
GCTAAGTAGTTTCTCT-1,0.000184,0.82349,0.176325
GCTAATACCGAATGCC-1,0.000235,0.415257,0.584509
GCTACAATCGAGGATA-1,0.00032,0.577885,0.421795
GCTACACTGTCCGAAC-1,0.000103,0.999584,0.000313
GCTACAGTACGGACCG-1,0.001191,0.748778,0.250031
GCTACGACTTATTGGG-1,0.000101,0.711713,0.288186
GCTACTATAGTAGAGT-1,0.000095,0.693025,0.30688
GCTACTCGGACGCAGA-1,0.001939,0.872512,0.125549
GCTAGACCGTCTACTG-1,0.000074,0.672682,0.327244
GCTAGAGTAGAGATGT-1,0.000065,0.070912,0.929023
GCTAGCAACGCACCTA-1,0.041674,0.084155,0.874171
GCTAGCACCTGGGCCA-1,0.000178,0.943391,0.056431
GCTAGCAGGGAGTGGG-1,0.000367,0.958916,0.040717
GCTAGCGATAGGTCTT-1,0.00269,0.989154,0.008155
GCTAGCTTGAATAGCT-1,0.001334,0.994621,0.004045
GCTAGGCACCACGGAG-1,0.000057,0.478961,0.520982
GCTAGTAGAGCTTGTA-1,0.000116,0.920923,0.078962
GCTAGTTTCATTGAGG-1,0.000279,0.593817,0.405904
GCTATAAGGGCCAGGA-1,0.006411,0.012989,0.9806
GCTATACGTCTCGGAC-1,0.000035,0.239398,0.760567
GCTATCATACTCATGG-1,0.000055,0.414534,0.585411
GCTATCGCGGCGCAAC-1,0.000275,0.36417,0.635555
GCTATGCCAGCTTATG-1,0.001345,0.649339,0.349316
GCTCAACCTCTTAGAG-1,0.000236,0.493884,0.505879
GCTCAATCCGTTTATT-1,0.001651,0.625642,0.372707
GCTCAATGTAATACCG-1,0.000042,0.825215,0.174743
GCTCATTACTGCATGT-1,0.000256,0.55122,0.448525
GCTCATTGATCATATC-1,0.000472,0.125629,0.8739
GCTCCATGCAAAGCAA-1,0.000098,0.654758,0.345145
GCTCCCAGTCGGTCCA-1,0.000149,0.999398,0.000453
GCTCCGCTCGCTTCAG-1,0.00018,0.944723,0.055096
GCTCCTGACATACTGG-1,0.002874,0.988406,0.00872
GCTCGCGGTTCCGCTC-1,0.000324,0.672962,0.326713
GCTCGCTCATGTCCAA-1,0.000114,0.913327,0.086559
GCTCGGAATTTAAAGC-1,0.000178,0.497924,0.501898
GCTCTAAACCCTGACG-1,0.00015,0.551782,0.448068
GCTCTATGTTACGTGC-1,0.000438,0.763907,0.235655
GCTCTCGGGTACCGAA-1,0.00004,0.005461,0.9945
GCTCTTTCCGCTAGTG-1,0.000064,0.923071,0.076865
GCTGAACTCTCCAGGG-1,0.000199,0.970651,0.02915
GCTGAAGGGTTCTTGG-1,0.000958,0.996136,0.002906
GCTGAATCTTCCAATC-1,0.002196,0.694511,0.303292
GCTGAGCAACGGTTCT-1,0.000199,0.69133,0.308471
GCTGAGGCGTGAGTAT-1,0.000042,0.101259,0.898699
GCTGCACGGTTTCTTA-1,0.000106,0.933838,0.066057
GCTGCGAAGAATTATT-1,0.000272,0.000549,0.99918
GCTGCGCCTCCCACGT-1,0.000215,0.870179,0.129606
GCTGCTAAGTAGTCGA-1,0.000074,0.137531,0.862395
GCTGCTACTGCGTAGC-1,0.000101,0.863665,0.136233
GCTGCTCTCCGGACAC-1,0.000113,0.829067,0.17082
GCTGGACCCAAAGTGG-1,0.000285,0.998851,0.000864
GCTGGCAGGTGCCGTG-1,0.000208,0.809969,0.189823
GCTGGCATATTCACCT-1,0.000595,0.544442,0.454963
GCTGGCGGCGCATGCT-1,0.000077,0.900089,0.099834
GCTGGGAGCGCGTCAA-1,0.000529,0.425226,0.574244
GCTGGGTCCGCTGTTA-1,0.000087,0.990153,0.00976
GCTGGTTTAGGCCATA-1,0.001544,0.993776,0.00468
GCTGTATTACTGGCCC-1,0.001737,0.595208,0.403055
GCTGTTGCTACCGAAC-1,0.000079,0.428974,0.570947
GCTTAATGTAACTAAC-1,0.000081,0.999044,0.000874
GCTTACGTAGTTAGTA-1,0.000171,0.960075,0.039755
GCTTATGAAGCAGGAA-1,0.000121,0.844758,0.155121
GCTTCCAGCTTAGATT-1,0.000061,0.52228,0.477659
GCTTCCATGTAACCGC-1,0.001985,0.69436,0.303655
GCTTCCCGTAAGCTCC-1,0.002611,0.989486,0.007903
GCTTCCGTCCCTAGAC-1,0.000203,0.445988,0.55381
GCTTCGACGTTCAATC-1,0.001191,0.995199,0.00361
GCTTGAGTGACCTCTG-1,0.003877,0.549292,0.446832
GCTTGATGATAATCAG-1,0.000299,0.660389,0.339312
GCTTGGATCGATTAGG-1,0.000315,0.922835,0.07685
GCTTTATTAAGTTACC-1,0.166667,0.333333,0.5
GCTTTCAGAGGAGGTG-1,0.000232,0.754491,0.245277
GGAAACAGAGCTTGGG-1,0.083337,0.168628,0.748035
GGAAACCTTGTTGAAT-1,0.00012,0.913863,0.086017
GGAAACTAAATGGGCC-1,0.000305,0.958082,0.041613
GGAAAGGGAATTGAGC-1,0.000095,0.124218,0.875687
GGAAAGTCTTGATTGT-1,0.008335,0.40871,0.582955
GGAAAGTGCCCATGCC-1,0.000157,0.649241,0.350603
GGAACCCGAACAAGAA-1,0.000293,0.775437,0.224271
GGAACCGTGTAAATTG-1,0.000981,0.79249,0.206529
GGAACCTTGACTCTGC-1,0.003794,0.891819,0.104387
GGAACGGCCTGCAGCC-1,0.000367,0.657831,0.341802
GGAACTCGTGAATACG-1,0.166667,0.333333,0.5
GGAACTTTGGCGATTA-1,0.000821,0.710051,0.289128
GGAAGCTCGCTTACAG-1,0.000161,0.295446,0.704393
GGAAGGACACCGTATA-1,0.000306,0.998766,0.000928
GGAATAACCTCAAGAA-1,0.000096,0.582356,0.417547
GGAATGCGCTAGCGTG-1,0.000212,0.845167,0.154621
GGACAACCATGAAGCC-1,0.000652,0.997375,0.001974
GGACAAGCCATGATCG-1,0.001263,0.994909,0.003827
GGACAAGTTGCAGTGA-1,0.000413,0.514123,0.485464
GGACACAAGTTTACAC-1,0.000167,0.993774,0.00606
GGACACCTCGGTGTTG-1,0.003788,0.007659,0.988553
GGACCAACAGGATAAC-1,0.00002,0.044233,0.955747
GGACCTACGGTAACGT-1,0.000246,0.999008,0.000746
GGACCTCTAGGCCGCC-1,0.005391,0.978287,0.016321
GGACTAAGTCAGGAGT-1,0.00035,0.880182,0.119467
GGACTCACAAATTAGG-1,0.000376,0.968291,0.031334
GGACTCGACAGCGCAT-1,0.00011,0.476034,0.523856
GGACTCGTGAGTGGTC-1,0.001756,0.992921,0.005324
GGACTCTTTGACTAAG-1,0.000186,0.976902,0.022912
GGAGAAGTCATTGGCA-1,0.000469,0.780777,0.218755
GGAGACATTCACGGGC-1,0.000033,0.662296,0.337671
GGAGACCATCTACATA-1,0.002609,0.98948,0.007911
GGAGACGACACCTTTG-1,0.000111,0.940221,0.059668
GGAGCAACATTTCAAG-1,0.000547,0.813694,0.185759
GGAGCACCAAGAACTA-1,0.000307,0.998764,0.000929
GGAGCGAGGCCTACTT-1,0.000037,0.516643,0.48332
GGAGGAGTGTGTTTAT-1,0.000113,0.995631,0.004257
GGAGGATTGAAAGGAG-1,0.000157,0.833001,0.166842
GGAGGCCGAAGTCGTC-1,0.000162,0.969453,0.030386
GGAGGGCTTGGTTGGC-1,0.000092,0.115451,0.884458
GGAGGGTCAAGTAAGA-1,0.00062,0.997499,0.00188
GGAGTACACATGAGCT-1,0.000067,0.541302,0.458631
GGAGTGCCGCCCTGGA-1,0.000261,0.678026,0.321713
GGAGTTGATTCTGTGT-1,0.000507,0.997957,0.001536
GGATACTCATGAATTG-1,0.000166,0.78133,0.218504
GGATCAAAGGACGAGG-1,0.000131,0.988492,0.011376
GGATCAGAGCCATCAG-1,0.000818,0.807291,0.191891
GGATCATCCCGTACGC-1,0.000259,0.801088,0.198653
GGATCCCTACCAGCTA-1,0.000046,0.421571,0.578383
GGATCCGGAATATACT-1,0.000103,0.400155,0.599742
GGATCTACCGTTCGTC-1,0.166667,0.333333,0.5
GGATCTTACTGCCCTT-1,0.002087,0.813457,0.184456
GGATCTTGACTCAACC-1,0.004387,0.982312,0.013301
GGATGAAGATCGCTGA-1,0.000109,0.953218,0.046673
GGATGACGCGAGTTTA-1,0.000613,0.369358,0.630028
GGATGCTGGCGTTCCT-1,0.001129,0.089734,0.909137
GGATGGCTTGAAGTAT-1,0.000266,0.545194,0.45454
GGATGTCCTTACCGCA-1,0.00009,0.41259,0.587319
GGATTAAGCTAAGGTC-1,0.00034,0.998628,0.001032
GGATTAATCATGGACC-1,0.000107,0.563297,0.436597
GGATTCAGTACGGTGG-1,0.000523,0.9225,0.076978
GGATTCCGCTATACCC-1,0.000276,0.880579,0.119145
GGATTGAAGTAGCCTC-1,0.015154,0.030678,0.954168
GGATTGCTGTGACTCC-1,0.000076,0.677963,0.321961
GGATTTCACTTCTATA-1,0.000135,0.46007,0.539795
GGCAAAGGCGCCAATA-1,0.001962,0.94089,0.057148
GGCAAATTACTTTACT-1,0.000253,0.875463,0.124284
GGCAAGCCCATAGTGG-1,0.000042,0.601817,0.398141
GGCAAGGCGAAATAGC-1,0.000018,0.000037,0.999945
GGCAATAGTCAATGAG-1,0.000053,0.243491,0.756457
GGCACGCTGCTACAGT-1,0.003276,0.986819,0.009905
GGCACTCCACTGGGCA-1,0.0002,0.152358,0.847442
GGCACTGCGGTGGTTT-1,0.001005,0.995951,0.003045
GGCAGAGAGATCGGGA-1,0.000343,0.241193,0.758464
GGCAGCAAACCTATGC-1,0.000255,0.827736,0.172008
GGCAGCGGTAATCCTA-1,0.000323,0.9987,0.000977
GGCATACAGGTAGCGG-1,0.000498,0.455338,0.544164
GGCATATCGGTTCTGC-1,0.000252,0.885809,0.113939
GGCATCAACGAGCACG-1,0.000152,0.993719,0.006129
GGCATTCCCTCCCTCG-1,0.083333,0.664594,0.252073
GGCATTGAACATCTCA-1,0.000323,0.000653,0.999024
GGCCAATTGTATAGAC-1,0.002084,0.991591,0.006325
GGCCACAAGCGATGGC-1,0.000077,0.539825,0.460098
GGCCACACGAAAGCCT-1,0.000298,0.875937,0.123765
GGCCCAGCTGGTTTGC-1,0.000087,0.267888,0.732025
GGCCCGGAGCATGTCT-1,0.000178,0.999282,0.00054
GGCCCGTATACCATGC-1,0.000285,0.998853,0.000863
GGCCCTCACCCACTTA-1,0.001413,0.713611,0.284977
GGCCGAGACTCTGGTG-1,0.002979,0.987994,0.009028
GGCCGGCGTCTGCTAT-1,0.000023,0.186656,0.81332
GGCCGTTTGGGTTTCA-1,0.000507,0.997956,0.001537
GGCCTGCTCTGATGTT-1,0.000061,0.132223,0.867717
GGCCTGCTTCTCCCGA-1,0.000917,0.996305,0.002778
GGCCTTTGCAACTGGC-1,0.000713,0.328696,0.670592
GGCGAAATCTAACTTG-1,0.000072,0.974255,0.025673
GGCGAGCGAAACGGCA-1,0.001151,0.995365,0.003485
GGCGCACAGTTTACCT-1,0.166667,0.333333,0.5
GGCGCAGGACATCTTC-1,0.001877,0.387662,0.610462
GGCGCATGAATTGATG-1,0.000199,0.580356,0.419445
GGCGCGGAGATCTTTC-1,0.000102,0.633149,0.366749
GGCGCGTTCGAGTTTA-1,0.000058,0.184987,0.814955
GGCGCTCCTCATCAAT-1,0.000357,0.294276,0.705367
GGCGCTTCATTCCCTG-1,0.00005,0.88887,0.11108
GGCGGAGTAATATTAG-1,0.000172,0.079465,0.920363
GGCGGTAGGATCATTG-1,0.000063,0.316085,0.683852
GGCGGTTTGCCGGTGC-1,0.000282,0.906625,0.093093
GGCGTACCCTATATAA-1,0.000091,0.708556,0.291352
GGCGTAGGGAAAGCTG-1,0.000035,0.611233,0.388733
GGCGTCCTATCCGCTG-1,0.00066,0.744375,0.254965
GGCTAAAGGGCGGGTC-1,0.000294,0.882668,0.117038
GGCTACTATACACTCC-1,0.000141,0.859797,0.140062
GGCTATTAAGTTGTAT-1,0.000667,0.758569,0.240764
GGCTCCTCCACCTGTT-1,0.00137,0.708639,0.289992
GGCTCGCGTTGAGGTA-1,0.000241,0.909812,0.089946
GGCTCGTGCCACCAGC-1,0.000402,0.921959,0.077639
GGCTCTGCTCCAACGC-1,0.00014,0.445222,0.554639
GGCTGAAATAGCAAAG-1,0.000021,0.108721,0.891258
GGCTGGCAATCCCACG-1,0.033335,0.865049,0.101616
GGCTGGCAGCTTTATG-1,0.00009,0.963629,0.036282
GGCTGGCTAGCTTAAA-1,0.000171,0.740952,0.258877
GGCTGTCCTACTGCGG-1,0.055562,0.11197,0.832468
GGCTTCTCGTGGGTGG-1,0.055564,0.112181,0.832255
GGCTTGGCTCTCACCT-1,0.000339,0.914186,0.085475
GGCTTTCAATAAGGGT-1,0.00004,0.592826,0.407134
GGGAAAGAATGCCAAC-1,0.000953,0.996162,0.002885
GGGAACCACCTGTTTC-1,0.000206,0.99917,0.000624
GGGAACGGGAGGTTAG-1,0.001121,0.827621,0.171258
GGGAACGGTTTCAGAT-1,0.004167,0.635558,0.360275
GGGAAGACGGTCTGTC-1,0.000026,0.436026,0.563948
GGGAAGGGCTTTCTCA-1,0.000037,0.437026,0.562937
GGGAATGAGCCCTCAC-1,0.000168,0.872252,0.12758
GGGAATTCTGTCCAGT-1,0.000264,0.667651,0.332084
GGGACAGAGTTACTCC-1,0.004167,0.983206,0.012627
GGGACCCGTATATCTT-1,0.00011,0.314316,0.685574
GGGACTGCATAGATAG-1,0.000076,0.542281,0.457643
GGGAGAACTCACAGTA-1,0.000075,0.958466,0.041459
GGGAGCGACCGTAGTG-1,0.000099,0.917997,0.081904
GGGAGGATGCCCGAAA-1,0.000139,0.836446,0.163415
GGGAGTAATGGCTGGC-1,0.000188,0.749832,0.24998
GGGAGTTAATGAGGCG-1,0.000106,0.392129,0.607766
GGGATACGGTAATAAT-1,0.000279,0.521669,0.478052
GGGATATTGATCGCCA-1,0.016669,0.033736,0.949595
GGGATGGACCCGCGTC-1,0.001762,0.680108,0.31813
GGGATGGTCGTAACCG-1,0.001673,0.769392,0.228935
GGGATTATCTCACAAC-1,0.000026,0.314403,0.685571
GGGATTTACCGCACCT-1,0.000115,0.974775,0.02511
GGGCAACCGCACGTGC-1,0.002288,0.990787,0.006925
GGGCACGAATTGGCCG-1,0.000314,0.788301,0.211385
GGGCACGTAGTACTGT-1,0.000139,0.4053,0.594561
GGGCACTATTGACCAT-1,0.001721,0.993072,0.005207
GGGCAGACGTCACTGC-1,0.001334,0.994618,0.004047
GGGCAGAGCAATCGTT-1,0.0001,0.952518,0.047382
GGGCAGGATTTCTGTG-1,0.001503,0.993945,0.004552
GGGCAGTCAACGCCAA-1,0.000098,0.365609,0.634293
GGGCATGCATGTCGAG-1,0.000089,0.3815,0.618411
GGGCCATTCGTGCTGG-1,0.001159,0.99533,0.003511
GGGCCCGTCTTAAACA-1,0.000294,0.885116,0.11459
GGGCCCTACGAAAGGG-1,0.001283,0.99483,0.003888
GGGCCCTTATCTATAC-1,0.00039,0.42926,0.57035
GGGCCGGCCGAAGTAC-1,0.000112,0.782769,0.217119
GGGCCTAAATGGGCTA-1,0.001069,0.928869,0.070062
GGGCGAATTTCTCCAC-1,0.000233,0.58377,0.415997
GGGCGATATGTGTGAA-1,0.00011,0.345101,0.654789
GGGCGATCCATAGGCC-1,0.000719,0.997102,0.002179
GGGCGCAGCGTTACTC-1,0.000222,0.999107,0.000672
GGGCGGCAAATGAATT-1,0.000993,0.878405,0.120602
GGGCGGGTTCCCTACG-1,0.002224,0.075214,0.922562
GGGCGGTCCTATTGTC-1,0.000471,0.820694,0.178834
GGGCGTACATTTATAT-1,0.000329,0.370041,0.62963
GGGCGTCACCACGTAA-1,0.00054,0.863336,0.136124
GGGCGTCCACTGGCTC-1,0.000236,0.99905,0.000714
GGGCGTGGTTTCCCAG-1,0.000065,0.877533,0.122402
GGGCGTTTACATTCAT-1,0.001668,0.993281,0.005051
GGGCTACTATTTCGTG-1,0.001917,0.992272,0.005811
GGGCTATGATCGATGG-1,0.000113,0.563255,0.436632
GGGCTCATCGAACCCA-1,0.000216,0.974715,0.025069
GGGCTGCCTAGGGCGA-1,0.000063,0.518809,0.481128
GGGCTGGTTAGTCGCG-1,0.000139,0.368198,0.631663
GGGTAATGCTGTGTTT-1,0.000151,0.799673,0.200177
GGGTACACTCTGGAGG-1,0.000085,0.874398,0.125516
GGGTACCCACGGTCCT-1,0.000307,0.340947,0.658746
GGGTACTTCATGAACT-1,0.000384,0.288133,0.711483
GGGTATGTATGCACTT-1,0.000513,0.592952,0.406535
GGGTATTCTAGCAAAC-1,0.00283,0.988608,0.008562
GGGTCACCGTGACGGT-1,0.000191,0.529473,0.470336
GGGTCAGGAGCTAGAT-1,0.000049,0.906964,0.092987
GGGTCATGCGTACCAT-1,0.000504,0.728459,0.271037
GGGTCCTTGGAAGAAG-1,0.000562,0.997737,0.001701
GGGTCGTGGCAAGTGT-1,0.000152,0.801363,0.198485
GGGTCTATCGCTTTCC-1,0.000734,0.997038,0.002227
GGGTGACACCTTAACT-1,0.000122,0.319252,0.680626
GGGTGCATATGAAAGC-1,0.000151,0.962645,0.037204
GGGTGGTCCAGCCTGT-1,0.000248,0.90917,0.090582
GGGTGTTTCAGCTATG-1,0.000344,0.666798,0.332858
GGGTTAACATTTGAGT-1,0.000217,0.384017,0.615766
GGGTTCAGACGAACAA-1,0.000341,0.666499,0.33316
GGGTTTAGGATAGGAT-1,0.000085,0.679588,0.320328
GGTAAACTCTGCGCTG-1,0.001143,0.995394,0.003464
GGTAAATGTGCGTTAC-1,0.000192,0.705831,0.293977
GGTAACCGGCAAAGGT-1,0.000048,0.906848,0.093104
GGTAACCGGGAGGATA-1,0.004634,0.009358,0.986008
GGTAACTATGTATCTG-1,0.000152,0.546116,0.453732
GGTACAAACATGCTAT-1,0.000129,0.540141,0.45973
GGTACACCAGATTTAT-1,0.000186,0.887672,0.112142
GGTACATCTGGGACGA-1,0.0012,0.103145,0.895655
GGTACCATTAAGACGG-1,0.000106,0.054837,0.945057
GGTACGTTGCGGCCGG-1,0.001293,0.994791,0.003916
GGTACTAAGTGCTTTG-1,0.000848,0.750694,0.248458
GGTAGAAGACCGCCTG-1,0.000042,0.37203,0.627927
GGTAGACCGTTGGGCG-1,0.000165,0.696369,0.303466
GGTAGGCCAATATCAC-1,0.000317,0.000641,0.999042
GGTAGTGCTCGCACCA-1,0.000098,0.817745,0.182157
GGTATAGTGACACATA-1,0.000158,0.997551,0.00229
GGTATCAAGCATAGAA-1,0.000053,0.985541,0.014406
GGTATGAAAGAACTGA-1,0.000338,0.760112,0.23955
GGTATTGCCGAGTTTA-1,0.000047,0.004951,0.995002
GGTCAAGACTACTTCG-1,0.00056,0.69132,0.30812
GGTCACGTTAGATTCA-1,0.000209,0.657443,0.342349
GGTCAGTGGGTCCCAC-1,0.000105,0.638593,0.361302
GGTCCACGTCTATTTG-1,0.000852,0.996568,0.00258
GGTCCTTCATACGACT-1,0.00023,0.896633,0.103137
GGTCGGATAAACGGCG-1,0.00022,0.871522,0.128257
GGTCGGCCAGGAGCTT-1,0.000135,0.422516,0.577348
GGTCGGTAATTAGACA-1,0.000271,0.871225,0.128504
GGTCGGTCGTCCACAG-1,0.000097,0.442874,0.557029
GGTCGTAAGCTCGCAC-1,0.00926,0.018746,0.971994
GGTCTCCGTCCAGGTT-1,0.000498,0.997993,0.001509
GGTCTCTGAATGGACT-1,0.000898,0.735531,0.263571
GGTCTGAGAATCTGGA-1,0.000186,0.230264,0.769549
GGTCTTGAGCGCTCTT-1,0.000035,0.829367,0.170598
GGTCTTGGTGTTAACT-1,0.000094,0.982972,0.016934
GGTGAAACCGGGAATG-1,0.000077,0.476176,0.523747
GGTGAACGGGCTAGCC-1,0.000056,0.176772,0.823172
GGTGAAGTACAGGGAT-1,0.002735,0.678271,0.318993
GGTGAGATGCAGATAA-1,0.000167,0.255766,0.744067
GGTGATAAGGAGCAGT-1,0.000069,0.332747,0.667184
GGTGATGAAGGAAGTG-1,0.0002,0.871122,0.128678
GGTGATTTCATCTTGT-1,0.000104,0.195584,0.804312
GGTGCATAAATGATTA-1,0.000055,0.476639,0.523306
GGTGCGGATAAGTGGC-1,0.000253,0.51832,0.481427
GGTGCTGATCACAAAG-1,0.000408,0.580533,0.419059
GGTGCTGGTACACATT-1,0.000219,0.143705,0.856076
GGTGGACTGCTCTGGC-1,0.000059,0.703453,0.296488
GGTGGAGGTTGATACG-1,0.000229,0.86537,0.134401
GGTGGGATTAGGTCCC-1,0.083338,0.168198,0.748463
GGTGTAAATCGATTGT-1,0.00006,0.457477,0.542463
GGTGTAGGTAAGTAAA-1,0.000107,0.582433,0.41746
GGTGTTGGGCGTCTTA-1,0.000498,0.974801,0.024701
GGTTACCACCCTCGGG-1,0.003152,0.406877,0.589971
GGTTACCGCTCCCTAC-1,0.055566,0.112401,0.832033
GGTTAGCTATATGTCT-1,0.000083,0.907344,0.092573
GGTTAGGCTTGGAGAA-1,0.000534,0.991745,0.007721
GGTTAGGGATGCTAAT-1,0.083336,0.663583,0.253081
GGTTAGTTACGGCGCC-1,0.00054,0.791607,0.207853
GGTTCCGTACGACTAA-1,0.166667,0.333333,0.5
GGTTCGCATTTGCCGT-1,0.005556,0.97757,0.016874
GGTTCGGATTATACTA-1,0.001817,0.906363,0.09182
GGTTCTACTCGTCTGA-1,0.000054,0.20426,0.795685
GGTTGTATCGTGAAAT-1,0.00007,0.485516,0.514414
GGTTGTGCTCTTGTCC-1,0.000181,0.136469,0.86335
GGTTGTGTAGCCTGGC-1,0.001049,0.861599,0.137352
GGTTTAATTACCATCG-1,0.000864,0.879051,0.120084
GGTTTAATTGAGCAGG-1,0.000245,0.999015,0.000741
GGTTTACAATCTCAAT-1,0.000312,0.824853,0.174835
GGTTTAGCCTTTCTTG-1,0.000122,0.691145,0.308733
GGTTTCAATCGGTCAG-1,0.000139,0.402389,0.597472
GGTTTGAGTGCTGGAA-1,0.000191,0.635962,0.363848
GGTTTGTGACCTGAGG-1,0.000798,0.733653,0.265549
GTAACAGGTTAACGGC-1,0.083333,0.66525,0.251417
GTAACATCTAAGATAA-1,0.000627,0.868179,0.131194
GTAACTACGTAGACCT-1,0.000742,0.997012,0.002246
GTAACTGCCCAAGGAG-1,0.000052,0.683958,0.31599
GTAACTTGCGGCAGTC-1,0.000195,0.999213,0.000592
GTAAGCGGGCAGTCAG-1,0.000357,0.889198,0.110445
GTAAGGATTTGTCGGA-1,0.000259,0.969376,0.030364
GTAAGTAACAGTCTGG-1,0.000065,0.491983,0.507953
GTAAGTAGGGTATACC-1,0.000264,0.340073,0.659663
GTAAGTCCACACTCTA-1,0.000196,0.889676,0.110128
GTAATAAAGGGCTCCC-1,0.00009,0.266383,0.733527
GTAATCTGATTCTTCG-1,0.002197,0.43299,0.564813
GTACACTTACCTGAAG-1,0.000109,0.813671,0.18622
GTACAGAGGCAAGGGT-1,0.000107,0.79532,0.204573
GTACGACGGCGCTGCG-1,0.000095,0.000192,0.999712
GTACGAGATTGCGACA-1,0.000512,0.898854,0.100634
GTACGCTTCATTGCAC-1,0.000077,0.509266,0.490657
GTACGTTTGCCCGTCA-1,0.000063,0.356246,0.643691
GTACTAAGATTTGGAG-1,0.000174,0.534448,0.465378
GTACTACGGCCTCGTT-1,0.002385,0.949053,0.048562
GTACTCCCTTATCGCT-1,0.001055,0.755167,0.243778
GTACTCCTGGGTATGC-1,0.000166,0.747874,0.251959
GTACTGAGGTCGTAAC-1,0.000137,0.742733,0.25713
GTACTGCATGAAGCGT-1,0.000125,0.535666,0.464209
GTACTGGAGTTAGACC-1,0.000143,0.145346,0.854511
GTACTTGGGCACTTCT-1,0.000285,0.424638,0.575077
GTAGAAACGGGTGGAG-1,0.000314,0.652725,0.346961
GTAGACAACCGATGAA-1,0.000137,0.905048,0.094814
GTAGACACGCCTGACT-1,0.000017,0.439494,0.560489
GTAGACGTCGTTACAT-1,0.000235,0.853501,0.146264
GTAGAGGGAGACAAGT-1,0.003789,0.984719,0.011493
GTAGCCAAACATGGGA-1,0.000031,0.258277,0.741692
GTAGCGCTGTTGTAGT-1,0.000147,0.721914,0.277939
GTAGCGGCTATACACT-1,0.000057,0.246148,0.753795
GTAGCTCCGGGAGGCT-1,0.002166,0.748186,0.249648
GTAGCTTCCTCTTGTT-1,0.000252,0.78354,0.216208
GTAGGTGATCCGTGTA-1,0.000356,0.787901,0.211743
GTAGTCGCGGGAATCA-1,0.000044,0.456023,0.543932
GTAGTCTACGATATTG-1,0.000044,0.523207,0.476749
GTAGTGAGCAACCTCA-1,0.000814,0.959665,0.039521
GTAGTTCGAAGGCGAA-1,0.000482,0.633581,0.365937
GTAGTTTAAGCACACG-1,0.000843,0.837678,0.161479
GTATAATCTCCCGGAT-1,0.000186,0.834827,0.164987
GTATAGGACTCAGTAG-1,0.000306,0.67088,0.328814
GTATATGTTACGGCGG-1,0.000066,0.782697,0.217236
GTATCAAACGTTAGCT-1,0.000142,0.50989,0.489968
GTATCAAGGTACTTCC-1,0.000055,0.086505,0.91344
GTATCAGCTTGGGTTC-1,0.000323,0.700643,0.299034
GTATCCTTTGGTAACC-1,0.000158,0.919435,0.080406
GTATCGGGACGAGCTG-1,0.000032,0.450563,0.549405
GTATCTCAGTCTTGAC-1,0.004513,0.981825,0.013662
GTATCTCGGGCGCTTT-1,0.000732,0.99705,0.002218
GTATCTTGTTGCTCAC-1,0.000261,0.998946,0.000793
GTATCTTTCATAACCA-1,0.000054,0.35297,0.646976
GTATGAAATTTCACTC-1,0.003402,0.98628,0.010318
GTATGACGTGGGAAAC-1,0.000166,0.912766,0.087068
GTATGTGGGTCTAGTT-1,0.00009,0.72075,0.27916
GTATTAAGGCGTCTAA-1,0.000312,0.768361,0.231327
GTATTCTGAGAAACGA-1,0.003087,0.75971,0.237204
GTATTCTTACCGTGCT-1,0.000094,0.81469,0.185215
GTATTTAATGGCATAA-1,0.000236,0.556579,0.443185
GTCAAAGAAGTGGTGT-1,0.005388,0.456439,0.538173
GTCAAAGTTTACATAG-1,0.00022,0.317434,0.682347
GTCAACCAGGCCTATA-1,0.000345,0.998608,0.001047
GTCAAGCGGACTCGGG-1,0.000056,0.122567,0.877377
GTCAATTGTACTGAAG-1,0.000116,0.843803,0.15608
GTCACAAAGTTTCCAA-1,0.00015,0.531363,0.468488
GTCACTCATGAGCGAT-1,0.000583,0.99765,0.001767
GTCACTCTCCAAATCT-1,0.000357,0.580718,0.418925
GTCAGAATAGTCTATG-1,0.000517,0.580083,0.4194
GTCAGACAGCGTTGGA-1,0.000063,0.954542,0.045396
GTCAGTTGTGCTCGTT-1,0.000262,0.916895,0.082843
GTCAGTTTGGTAGTCG-1,0.000512,0.978146,0.021343
GTCATCCCAAACTCAC-1,0.083356,0.168668,0.747976
GTCATCTCCTACAGCT-1,0.000309,0.998755,0.000936
GTCATGCACCTCCGTT-1,0.000125,0.690913,0.308963
GTCATGCGCGAGGGCT-1,0.000184,0.672014,0.327802
GTCATGGACATGACTA-1,0.000072,0.344325,0.655603
GTCATTAGAGCGAACG-1,0.000106,0.966526,0.033368
GTCATTGCATTGACCC-1,0.000835,0.996636,0.002529
GTCCAATATTTAGCCT-1,0.00004,0.684897,0.315063
GTCCAGGCACGTGTGC-1,0.000142,0.605429,0.394429
GTCCATTACTGCTACG-1,0.000086,0.645049,0.354866
GTCCCAACGTAAAGTA-1,0.000032,0.004024,0.995944
GTCCCAATCATCCCGC-1,0.001292,0.994786,0.003922
GTCCCGCGACGTTATG-1,0.000147,0.704708,0.295145
GTCCGAGAGCAATCAT-1,0.000263,0.473989,0.525749
GTCCGGACCTGAAATT-1,0.000043,0.584154,0.415803
GTCCGGCTGAATTGCG-1,0.000474,0.836585,0.16294
GTCCGGGTTCACATTA-1,0.000084,0.559313,0.440602
GTCCGTTAGAGGGCCT-1,0.041668,0.831973,0.126359
GTCCTACAGGCGGCTC-1,0.000492,0.502364,0.497144
GTCCTACGAATAGTCT-1,0.00007,0.596725,0.403205
GTCCTACTCTACGGGC-1,0.003413,0.986265,0.010321
GTCCTAGGATACCTTA-1,0.00153,0.993832,0.004637
GTCCTATTGTTGTGGT-1,0.000339,0.504975,0.494686
GTCCTTCTACAACCCA-1,0.000319,0.751979,0.247701
GTCCTTCTAGTGGGTT-1,0.000162,0.269376,0.730462
GTCGAATTTGGGCGCT-1,0.001152,0.841915,0.156933
GTCGATAGGTGACTTT-1,0.000547,0.997795,0.001658
GTCGCCGTTGTGTGTT-1,0.00159,0.993593,0.004817
GTCGCGTAACCCGTTG-1,0.000057,0.17966,0.820282
GTCGGATATCTCAGAC-1,0.000279,0.671199,0.328522
GTCGGATGTAGCGCGC-1,0.000257,0.604762,0.394981
GTCGGGAACATGGTAG-1,0.00067,0.863771,0.13556
GTCGGGAAGCAGAAAC-1,0.000038,0.448311,0.551652
GTCGTACCATCTCGGG-1,0.000093,0.421898,0.578009
GTCGTACCTACGATTG-1,0.001325,0.776848,0.221827
GTCGTATTGGCGTACA-1,0.000316,0.862467,0.137217
GTCGTCAATTATAAGG-1,0.000152,0.737855,0.261994
GTCGTCTGGTTGGCTA-1,0.000309,0.998755,0.000936
GTCGTGTCTGGTCATC-1,0.000551,0.99778,0.001669
GTCGTTATTCGCTTAT-1,0.000046,0.142191,0.857762
GTCTACTCAATTACAA-1,0.000389,0.304814,0.694797
GTCTAGTGAGCCGCTT-1,0.000161,0.999349,0.000489
GTCTATACACGCATGG-1,0.000427,0.103381,0.896192
GTCTATCTGAGTTTCT-1,0.000355,0.332633,0.667012
GTCTATTGCATGCTCG-1,0.0006,0.997582,0.001818
GTCTATTGGTTCCGGT-1,0.00008,0.629009,0.370912
GTCTCAAGGCCCGGCT-1,0.000031,0.477924,0.522045
GTCTCCCGAGTCCCGT-1,0.003268,0.986827,0.009905
GTCTCCGCCTCAATAC-1,0.000065,0.585562,0.414373
GTCTCCTGCCAGTATG-1,0.002778,0.98879,0.008432
GTCTCGACTAAGTTTG-1,0.000215,0.999135,0.000651
GTCTCGATCTGCTTTC-1,0.000355,0.814642,0.185003
GTCTGCCGACTCGACG-1,0.000474,0.998091,0.001435
GTCTGGGCGGTCGAGA-1,0.002452,0.99012,0.007427
GTCTGTAGGTTGAACA-1,0.00012,0.09989,0.89999
GTCTTAGTACAGCCGG-1,0.000228,0.66684,0.332931
GTCTTCCTCACCTAAG-1,0.000197,0.619078,0.380725
GTCTTGAGGAGCAGTG-1,0.00018,0.991956,0.007864
GTCTTGTAGCTATTCA-1,0.000307,0.998504,0.00119
GTGAAACGGCGCCACC-1,0.000168,0.721726,0.278105
GTGAAACGTGCTCCAC-1,0.000129,0.654779,0.345092
GTGAACTCCCATTCGA-1,0.000135,0.511201,0.488664
GTGAAGATTTCAAGTG-1,0.000232,0.53951,0.460259
GTGAAGCCGTATAGTC-1,0.000219,0.891496,0.108286
GTGAAGTCACGACTCG-1,0.001502,0.742542,0.255956
GTGACAGCTTCCCACT-1,0.000023,0.281768,0.718209
GTGACCGCACACTACG-1,0.000078,0.41443,0.585492
GTGACCTAAAGAATAA-1,0.000133,0.552688,0.447179
GTGACGAGGGTGACCC-1,0.00024,0.999033,0.000727
GTGACGCAGGTTTCAT-1,0.000051,0.995962,0.003987
GTGACTTCAGTAGTGC-1,0.000766,0.996915,0.002319
GTGAGATAACCTTATA-1,0.000215,0.588811,0.410974
GTGAGCGTGCTGCACT-1,0.00086,0.627062,0.372078
GTGAGGACACTTAAGG-1,0.000063,0.491213,0.508724
GTGAGGAGCGGTTGAG-1,0.000246,0.686666,0.313087
GTGAGTCGACTAATAG-1,0.001036,0.912353,0.086611
GTGAGTCTAAGACGGA-1,0.000233,0.64608,0.353687
GTGAGTGGTACAACGC-1,0.000099,0.514966,0.484934
GTGATCAAGCGTGCAC-1,0.002829,0.988595,0.008576
GTGATCACTAACGCCT-1,0.000047,0.207864,0.79209
GTGATCATAGATCTGC-1,0.000197,0.890254,0.109549
GTGATCCTTGTCATGA-1,0.000043,0.436522,0.563435
GTGATGCACAACATCT-1,0.000348,0.998596,0.001056
GTGATTCGCCGCTCAA-1,0.002825,0.988618,0.008557
GTGCAACAAATGTGGC-1,0.000229,0.672026,0.327745
GTGCACCAGCTTCAAC-1,0.000036,0.58906,0.410904
GTGCACGAAAGTGACT-1,0.000215,0.711917,0.287868
GTGCCAAACGTTTCGA-1,0.083338,0.664391,0.25227
GTGCCATCACACGGTG-1,0.00109,0.475288,0.523622
GTGCCCGTTCGGATTC-1,0.000092,0.704204,0.295703
GTGCCGCTTCAAAGGT-1,0.000932,0.73831,0.260758
GTGCCTAGCTATGCTT-1,0.000134,0.561364,0.438502
GTGCCTCAGTGTACGG-1,0.000232,0.55491,0.444859
GTGCCTGAGACCAAAC-1,0.000241,0.999027,0.000732
GTGCGAAATCGAACAC-1,0.00278,0.9888,0.00842
GTGCGACAGGGAGTGT-1,0.000214,0.998234,0.001552
GTGCGCAGCTTGCTCC-1,0.00011,0.554449,0.445441
GTGCGCTTACAAATGA-1,0.000132,0.999467,0.000401
GTGCGGGACCATCGGC-1,0.000117,0.34956,0.650323
GTGCGGGTCTCCAAAT-1,0.00034,0.706825,0.292836
GTGCGTGTATATGAGC-1,0.000062,0.618733,0.381205
GTGCTATCCAGCTGGA-1,0.055561,0.111927,0.832512
GTGCTCAAGTACTGTC-1,0.000065,0.008188,0.991746
GTGCTGCAGATAAGGA-1,0.000493,0.287922,0.711584
GTGCTGTTAGAACATA-1,0.041672,0.832088,0.12624
GTGCTTACATCAGCGC-1,0.000392,0.998421,0.001187
GTGGAACCTACATGCG-1,0.000168,0.35564,0.644191
GTGGACCAACCCGATT-1,0.001793,0.528136,0.470071
GTGGACGCATTTGTCC-1,0.000036,0.0304,0.969564
GTGGACGTGCTGAGAC-1,0.000309,0.528678,0.471013
GTGGAGCATGTCGGCC-1,0.000282,0.998862,0.000856
GTGGAGCGTTTACCGA-1,0.005954,0.976019,0.018027
GTGGAGTCGGCGGTTG-1,0.002194,0.99115,0.006656
GTGGCAAACAGCGGCA-1,0.003206,0.987068,0.009726
GTGGCCGGTTTCTCGG-1,0.001504,0.993943,0.004553
GTGGCCTAATATCATT-1,0.000486,0.485243,0.514271
GTGGCGGTCCCAGCGT-1,0.000846,0.213224,0.785929
GTGGCTGTTTCTGTTC-1,0.000403,0.998376,0.001221
GTGGGAACAAACCGGG-1,0.000065,0.435723,0.564212
GTGGGAAGACTGAATC-1,0.002759,0.279294,0.717947
GTGGGCTTAGACACAC-1,0.000508,0.814753,0.184738
GTGGGTACTGAGCGTA-1,0.001437,0.994206,0.004356
GTGGGTCTTCTTTGCG-1,0.000168,0.999324,0.000509
GTGGTATAGTCTGCCG-1,0.000969,0.648793,0.350238
GTGGTGGCCAAGTGAA-1,0.000042,0.409471,0.590487
GTGGTTACTTCTTTCG-1,0.000239,0.946008,0.053753
GTGGTTTCCGCCTTTC-1,0.001183,0.735762,0.263055
GTGTACCTTGGCTACG-1,0.000348,0.42219,0.577462
GTGTATATCAGCGGGC-1,0.000052,0.647353,0.352596
GTGTATGACTTTAAAG-1,0.000094,0.458586,0.541321
GTGTCAGTGTACGTGG-1,0.000228,0.551361,0.448411
GTGTCGTATAGCGTTC-1,0.000061,0.483924,0.516015
GTGTGAATAACTTAGG-1,0.000211,0.782436,0.217353
GTGTGAGCCGAGGTGC-1,0.000177,0.999287,0.000536
GTGTGTCGACGTCGCT-1,0.0001,0.577974,0.421926
GTGTTACTATGCGTCC-1,0.000081,0.537869,0.462049
GTTAAAGTAGGACTGG-1,0.000039,0.335275,0.664686
GTTAACATCACTTAAA-1,0.000037,0.392062,0.607901
GTTAACTATGTTGTCA-1,0.000166,0.955143,0.044691
GTTAAGGGTGCGATGT-1,0.000047,0.975263,0.02469
GTTAAGTTAGAGTGGG-1,0.000236,0.900246,0.099518
GTTAATGTCTATCTTA-1,0.00051,0.726425,0.273065
GTTACAATTGGTGACG-1,0.000719,0.001454,0.997827
GTTACCTACAACTTGC-1,0.000031,0.037825,0.962143
GTTACGAAATCCACGC-1,0.000076,0.584273,0.415651
GTTACGGCCCGACTGC-1,0.000117,0.561233,0.43865
GTTACTTTGGGCCTAG-1,0.000585,0.997642,0.001773
GTTAGAGTGTGCCGCT-1,0.000185,0.747566,0.252249
GTTAGCCCATGACATC-1,0.00004,0.361082,0.638879
GTTAGCCGTAAATCAA-1,0.000112,0.505642,0.494245
GTTAGGCTACCCGTTT-1,0.003473,0.98599,0.010538
GTTATAATACGGTGAA-1,0.000575,0.997681,0.001744
GTTATATCAGGAGCCA-1,0.00018,0.914016,0.085804
GTTATATTATCTCCCT-1,0.000267,0.790995,0.208738
GTTATCAAGCTATCGA-1,0.001495,0.993999,0.004506
GTTATCACCTTCTGAA-1,0.000182,0.527561,0.472258
GTTATTAACGTGGGAG-1,0.000692,0.529281,0.470027
GTTCAAATCAGATGTC-1,0.000361,0.935609,0.06403
GTTCACAGGAGTCTAG-1,0.000741,0.462369,0.53689
GTTCAGTCGCCAAATG-1,0.000096,0.643355,0.356549
GTTCATCGTTTGGCTG-1,0.000339,0.99863,0.001031
GTTCCAAGACAGCGAC-1,0.000099,0.879029,0.120872
GTTCCAGTCTGACCAT-1,0.000269,0.412962,0.58677
GTTCCCGTAAACATAT-1,0.000627,0.997471,0.001902
GTTCCGTCCGCCTGCA-1,0.000163,0.652576,0.347261
GTTCGACAATTGTATA-1,0.001119,0.708956,0.289924
GTTCGCCATAAGTGCC-1,0.000083,0.248553,0.751363
GTTCGCTGAGACGTCT-1,0.000729,0.831522,0.167749
GTTCGGAGCACTCAAC-1,0.000695,0.997199,0.002106
GTTCGGATCGGGAACA-1,0.000142,0.932601,0.067257
GTTCGGGCGTACCATT-1,0.000224,0.905278,0.094498
GTTCGGTGTGGATTTA-1,0.000056,0.681791,0.318153
GTTCGTCTAAAGAACT-1,0.000072,0.744571,0.255357
GTTCGTTGCGGACCAG-1,0.000275,0.998893,0.000833
GTTCTTCCCTCGATGT-1,0.000313,0.49784,0.501847
GTTCTTGTAACTCAAT-1,0.002382,0.317871,0.679747
GTTGAACCGGTTCCAT-1,0.00041,0.166871,0.832719
GTTGAGTCCCGCCGGT-1,0.00004,0.45803,0.54193
GTTGCACGGAGTTTCG-1,0.000283,0.041904,0.957814
GTTGCCCTAACGGGTG-1,0.001071,0.99569,0.003238
GTTGCGCTAACATTAC-1,0.000234,0.999057,0.000709
GTTGCGGACGGTCAGG-1,0.000436,0.99824,0.001323
GTTGGATTCAGTGGCT-1,0.000155,0.26114,0.738705
GTTGGATTGAGAACAC-1,0.000272,0.998903,0.000825
GTTGGATTTGCGTTGG-1,0.000202,0.678429,0.321369
GTTGGTCATGCTATCC-1,0.000129,0.559426,0.440444
GTTGTAGATTTATGAG-1,0.000093,0.479243,0.520664
GTTGTCGTGTTAGTTG-1,0.000531,0.678587,0.320882
GTTTACGTTCCATCTG-1,0.00012,0.39525,0.604629
GTTTATGGGATTTAGA-1,0.000646,0.997394,0.001959
GTTTCAAACGAGTTGT-1,0.000565,0.908869,0.090565
GTTTCATATCGTCGCT-1,0.001035,0.452237,0.546728
GTTTCCTGGAGGGTGA-1,0.000494,0.864443,0.135063
GTTTCTAGAGGCGCGG-1,0.000535,0.997845,0.00162
GTTTCTGCAGTCTCCC-1,0.000084,0.291224,0.708692
GTTTCTTGTTAGAGCT-1,0.000739,0.997025,0.002237
GTTTGACCAAATCCTA-1,0.000048,0.15102,0.848932
GTTTGAGCGGTTATGT-1,0.00019,0.999233,0.000577
GTTTGGCCCAAGTTAT-1,0.000064,0.488607,0.511329
GTTTGGCCGCTCAGCG-1,0.000211,0.439664,0.560125
GTTTGGGCTTGTGAGC-1,0.000109,0.505718,0.494173
GTTTGGGTTTCGCCCG-1,0.000202,0.934213,0.065585
GTTTGGTAGGGTCAAC-1,0.000109,0.66309,0.336802
GTTTGGTGATCGGTGC-1,0.001476,0.386079,0.612445
GTTTGTTAGCCAAGTA-1,0.003145,0.987323,0.009532
TAAACCCAGGAGGGCA-1,0.002417,0.818767,0.178817
TAAACGTCGTCAATGA-1,0.000513,0.99278,0.006707
TAAAGACAACCCTTTA-1,0.000155,0.861044,0.138801
TAAAGAGCCCGAAACC-1,0.000098,0.620005,0.379897
TAAAGCGGTATTTCCA-1,0.000035,0.530968,0.468997
TAAAGCGTTAGGAGAA-1,0.000199,0.857701,0.1421
TAAAGCTGCAATAGGG-1,0.00011,0.202298,0.797591
TAAAGTGCACGTCTCG-1,0.000074,0.256817,0.74311
TAAATCTTTACACCTC-1,0.000268,0.998919,0.000813
TAAATGAATCCGTTTC-1,0.000328,0.192174,0.807498
TAAATTGTGGGTAAAG-1,0.000291,0.006021,0.993688
TAAATTTAGTAACACC-1,0.000073,0.201242,0.798685
TAACAAAGGGAGAAGC-1,0.000163,0.341941,0.657896
TAACAATATTTGTTGC-1,0.000446,0.508274,0.49128
TAACAGCGTTTGTGCT-1,0.001853,0.99253,0.005617
TAACAGGTTCCCTTAG-1,0.000283,0.000572,0.999145
TAACATACAATGTGGG-1,0.000055,0.443802,0.556143
TAACATACACGCGATC-1,0.00192,0.992267,0.005813
TAACCGCCCGCAGTGC-1,0.000195,0.999215,0.00059
TAACCTACCGTCCGAG-1,0.00022,0.984759,0.015021
TAACCTAGGGAGTCCA-1,0.000798,0.996782,0.002419
TAACGCTTTGAGAGCG-1,0.000744,0.996999,0.002256
TAACTATCGAAGGTCC-1,0.000247,0.02083,0.978924
TAACTATTACGCCAAA-1,0.000145,0.678943,0.320912
TAACTCATCCGCGCGG-1,0.000719,0.808397,0.190885
TAACTCCATGGAGGCT-1,0.00029,0.593638,0.406072
TAACTGAAATACGCCT-1,0.000524,0.924291,0.075186
TAAGAGGGACAGGGAC-1,0.002977,0.582148,0.414876
TAAGATTTAGCGGGAG-1,0.000128,0.831009,0.168862
TAAGCAGGCGACACGC-1,0.000948,0.44739,0.551662
TAAGCGCGAATCAAAT-1,0.001985,0.991996,0.006019
TAAGGAACTTGTGGGA-1,0.000351,0.66436,0.335289
TAAGGCAACATAAGAT-1,0.000131,0.335107,0.664762
TAAGGCATAACATCAA-1,0.000195,0.854191,0.145615
TAAGGCCCGTCACCCT-1,0.000027,0.394909,0.605064
TAAGGCTGAATCCCTC-1,0.000067,0.675855,0.324078
TAAGGGCCTGTCCGAT-1,0.000117,0.645393,0.354491
TAAGGGCTGGGAGAGG-1,0.000855,0.601726,0.397419
TAAGTAACATCTTGAC-1,0.001938,0.99218,0.005882
TAAGTCGCCGAGTATC-1,0.002457,0.004959,0.992584
TAAGTGAATAGTCTAC-1,0.00054,0.84721,0.15225
TAAGTTGCGACGTAGG-1,0.000119,0.877393,0.122488
TAATAAACAAGGAGAT-1,0.000195,0.632489,0.367316
TAATACACAGTAGTAT-1,0.000381,0.473784,0.525836
TAATACTAGAACAGAC-1,0.000049,0.158654,0.841298
TAATAGAACAGAGTTA-1,0.003972,0.598734,0.397294
TAATAGCTAAATGATG-1,0.000267,0.998922,0.00081
TAATAGGTCACCAGAA-1,0.003283,0.986793,0.009924
TAATAGTGACGACCAG-1,0.000261,0.934606,0.065133
TAATATTGAAATTCGC-1,0.000191,0.276248,0.723561
TAATCGATCCGTACGT-1,0.00029,0.998832,0.000878
TAATGAAAGACCCTTG-1,0.000443,0.558344,0.441213
TAATGTCGGTTCATGG-1,0.002606,0.394182,0.603212
TAATTACGTCAGTAGA-1,0.00037,0.894566,0.105064
TAATTAGATGGATATG-1,0.000196,0.890476,0.109328
TAATTAGGACATCCGT-1,0.000116,0.849097,0.150787
TAATTGCGCTGATTAC-1,0.000747,0.996996,0.002257
TAATTGGAATCGGGAA-1,0.000334,0.998653,0.001013
TAATTTCCGTCCAGTA-1,0.001701,0.99314,0.005159
TACAACGCACAACTCA-1,0.000328,0.821174,0.178499
TACAAGCTGTTCACTG-1,0.000197,0.984,0.015803
TACAAGGGCTTCTTTA-1,0.000315,0.998729,0.000956
TACAAGTCTCGTGCAT-1,0.000618,0.336277,0.663105
TACAATGAAACCAGCA-1,0.000114,0.992954,0.006932
TACACAGCCGTGGTGC-1,0.000077,0.215218,0.784704
TACACCGTCGTTAGTC-1,0.000197,0.989251,0.010552
TACACCTCTTCGAATC-1,0.000267,0.998925,0.000808
TACAGAAACGGTGGGC-1,0.000075,0.577589,0.422336
TACATAGGCATACACC-1,0.000079,0.432365,0.567556
TACATCCCTATCCCTG-1,0.001619,0.557528,0.440853
TACATCTTGTTTCTTG-1,0.000239,0.605413,0.394348
TACATGACCTTATCCG-1,0.000479,0.946768,0.052753
TACATGCCGGAATTGT-1,0.00112,0.995486,0.003394
TACATTTCTAACGTGC-1,0.000214,0.944188,0.055598
TACCAAATAGCCCAGA-1,0.000046,0.738765,0.261189
TACCAATAAAGTACCA-1,0.000043,0.523622,0.476334
TACCAGAAGTAGGTTC-1,0.000282,0.479769,0.519949
TACCAGCTAGGTTTAA-1,0.00023,0.688401,0.311369
TACCAGGAATCCCGTC-1,0.000758,0.996943,0.002298
TACCGAATAATTGTAA-1,0.000161,0.899569,0.100271
TACCGCGGACTTGCAG-1,0.000298,0.997132,0.00257
TACCGGCTCACTGCCC-1,0.00006,0.244626,0.755314
TACCGGTCGTTTCCAT-1,0.002571,0.989653,0.007777
TACCGTAGGTTAACTA-1,0.000043,0.460247,0.53971
TACCGTGCCTCGGACC-1,0.000047,0.361973,0.63798
TACCTACTCCCAGTAT-1,0.0001,0.885326,0.114574
TACCTATCCCTAGAGG-1,0.001543,0.993774,0.004683
TACCTCACGCTTGTAC-1,0.000567,0.931025,0.068408
TACCTCAGTTGTCTGT-1,0.000061,0.324801,0.675138
TACCTCCACACCAATG-1,0.001812,0.99269,0.005498
TACCTGCTGCACTGTG-1,0.000625,0.402806,0.596569
TACCTTAAGATTTCCC-1,0.002165,0.669618,0.328217
TACGAACACGACTTCA-1,0.000089,0.355599,0.644312
TACGACGCTTGCTGCG-1,0.000229,0.531556,0.468215
TACGACTGCCTCTTAG-1,0.000091,0.388334,0.611576
TACGAGAACTTCACGT-1,0.000466,0.573565,0.425969
TACGATGTTGATCATC-1,0.000851,0.792897,0.206252
TACGCAGTTCTTTCCT-1,0.000288,0.466751,0.532961
TACGCCATATTCTAAT-1,0.000212,0.949643,0.050145
TACGCCGAGGGTACCC-1,0.469308,0.524954,0.005738
TACGCCTCCATTCCGA-1,0.000158,0.691213,0.308629
TACGCTATAGAAACCT-1,0.000171,0.872468,0.127361
TACGCTCCTAGAACTG-1,0.00007,0.008032,0.991897
TACGCTCGGTATTGGA-1,0.001075,0.746635,0.25229
TACGCTGATAGTTGTA-1,0.000942,0.996203,0.002854
TACGCTGCTGTGTTAA-1,0.001852,0.992528,0.00562
TACGGAAGCCAAACCA-1,0.000056,0.298132,0.701812
TACGGCATGGACGCTA-1,0.000718,0.997102,0.002179
TACGGGATGCTAGCAG-1,0.000366,0.786625,0.213009
TACGGGTAATAACATA-1,0.000185,0.999255,0.00056
TACGTAAAGCGGAGTG-1,0.00033,0.760375,0.239295
TACGTACTAGTGCTGA-1,0.000407,0.899363,0.10023
TACGTGCAAGGTTCCT-1,0.000393,0.841523,0.158084
TACGTGCACTATGCTG-1,0.000467,0.749334,0.250199
TACGTGGGCCCAGGGC-1,0.000162,0.57445,0.425388
TACGTTTACCGGCAAT-1,0.000735,0.724534,0.274731
TACTACGTGCAATGCG-1,0.000261,0.909715,0.090025
TACTATGGTTCCTCAG-1,0.000353,0.998575,0.001072
TACTCACAACGTAGTA-1,0.00007,0.570499,0.429431
TACTCCTCTAGTTGAC-1,0.001639,0.455321,0.543041
TACTCGGCACGCCGGG-1,0.001324,0.994662,0.004014
TACTCGTTTGAATCAA-1,0.000232,0.999064,0.000704
TACTCTCCGAACAAAT-1,0.000161,0.382416,0.617423
TACTCTTACTTTACTG-1,0.001344,0.994578,0.004078
TACTCTTTCGTCTTCA-1,0.000474,0.854417,0.145109
TACTGAACAGATTTAG-1,0.000964,0.844405,0.15463
TACTGAGGGAAGAAAG-1,0.002527,0.244222,0.753251
TACTGCAATCAATTAC-1,0.000196,0.830722,0.169082
TACTGCATGATTAAAT-1,0.166667,0.333333,0.5
TACTGGACAGCTCGGC-1,0.000927,0.311023,0.68805
TACTGTTTCTCTGGTA-1,0.000549,0.849087,0.150364
TACTTAAACATGTACA-1,0.000502,0.997974,0.001523
TACTTGTTAGTAGTCC-1,0.000074,0.107153,0.892772
TACTTTACTGAGCCGG-1,0.000213,0.570638,0.429149
TACTTTCCGCACGCCA-1,0.003477,0.842036,0.154487
TAGAAACACAATAGTG-1,0.000074,0.703782,0.296144
TAGAAACCACTAAGTA-1,0.000194,0.995385,0.004422
TAGAAAGGTGGCGCTA-1,0.000199,0.826391,0.17341
TAGAAATTCACGTATA-1,0.000605,0.579977,0.419418
TAGAACGCCAGTAACG-1,0.000031,0.595399,0.40457
TAGAATAGCCGATGAA-1,0.000244,0.796272,0.203484
TAGAATTAAGGGCAAC-1,0.000125,0.45261,0.547265
TAGACGAAACGCCAAT-1,0.000017,0.245575,0.754408
TAGACGCCCGTACCGG-1,0.000149,0.512527,0.487325
TAGACTACCTAGCGTT-1,0.000103,0.573476,0.426421
TAGACTCAGTTGGCCT-1,0.001134,0.995426,0.00344
TAGAGATCATGCAACT-1,0.000926,0.237543,0.76153
TAGAGCTACGAAGAAC-1,0.000132,0.510467,0.489401
TAGAGGGAGTTTATCT-1,0.000058,0.000118,0.999824
TAGAGGTTCTACTTGT-1,0.000221,0.832427,0.167352
TAGAGTCTAAGCGAAC-1,0.000115,0.538371,0.461514
TAGAGTGTTCCGGGTA-1,0.003473,0.986001,0.010526
TAGATATGGACTGGAA-1,0.000254,0.693085,0.306661
TAGATCCGAAGTCGCA-1,0.000195,0.679344,0.320461
TAGATGGTTCCTTACT-1,0.000293,0.989648,0.010058
TAGATTCAAAGTGCGG-1,0.000179,0.294485,0.705336
TAGATTCCTGGTTATT-1,0.000659,0.820062,0.179278
TAGCAACCTGTCACAA-1,0.000593,0.963917,0.03549
TAGCAGATACTTAGGG-1,0.000581,0.997658,0.001761
TAGCAGTATGACTAAA-1,0.000237,0.906206,0.093557
TAGCCAGAGGGTCCGG-1,0.00008,0.950933,0.048987
TAGCCATGATTGCCTA-1,0.000868,0.996498,0.002634
TAGCCATTTCAAAGTC-1,0.000087,0.885794,0.114119
TAGCCGGCGGTCAGCG-1,0.000255,0.99481,0.004935
TAGCGTCCCTCGATTG-1,0.000206,0.986851,0.012943
TAGCGTCCGGTGTGGT-1,0.000048,0.603465,0.396486
TAGCGTCGAATATTGA-1,0.000892,0.812102,0.187006
TAGCGTTGGGTCTTAC-1,0.000103,0.652404,0.347493
TAGCTAAGTCCGGGAG-1,0.000125,0.594406,0.40547
TAGCTAGAAGGCATGA-1,0.000209,0.251721,0.74807
TAGCTAGTGATGATGG-1,0.000122,0.679659,0.320219
TAGCTCGCCTGATAAC-1,0.000099,0.709163,0.290738
TAGCTGATGTGAAGCG-1,0.002927,0.739988,0.257086
TAGGATCTTAACCGCA-1,0.027778,0.888241,0.083981
TAGGCATGTTACGCCA-1,0.000277,0.744566,0.255157
TAGGCCTATATAGTCT-1,0.000871,0.996495,0.002634
TAGGCGATGAGGTCTC-1,0.002878,0.988404,0.008718
TAGGCGGCTGCAAAGA-1,0.001702,0.707573,0.290725
TAGGCTAAAGTGGCAC-1,0.000212,0.843561,0.156227
TAGGGAGCTTGGGATG-1,0.000123,0.510396,0.489482
TAGGGTGTTTCAAGAG-1,0.000387,0.564123,0.43549
TAGGTCCAAGTAAGGA-1,0.000485,0.782722,0.216792
TAGGTCGCCGGAACTG-1,0.000149,0.627135,0.372717
TAGGTGACGATAACCT-1,0.000025,0.26467,0.735305
TAGGTGAGCCCTACTC-1,0.000543,0.639482,0.359974
TAGGTGCTCGCCTAGC-1,0.00007,0.535852,0.464078
TAGGTGTTCCACAGAT-1,0.000055,0.637472,0.362473
TAGGTTCGAGTTCGTC-1,0.000046,0.217261,0.782693
TAGGTTCTGCTGAGAA-1,0.000081,0.266552,0.733367
TAGTACCACAACTTTC-1,0.002197,0.991147,0.006656
TAGTACCTTAGTGGTC-1,0.00034,0.108709,0.890951
TAGTAGCTTATACCAG-1,0.000573,0.893022,0.106405
TAGTAGTTGCCGGACA-1,0.083347,0.167688,0.748966
TAGTCCCGGAGACCAC-1,0.000065,0.493423,0.506512
TAGTCCGCAGAGAATG-1,0.000177,0.696981,0.302842
TAGTCCGTATGCATAA-1,0.000173,0.515591,0.484236
TAGTCCTGCACTAAGC-1,0.002225,0.991045,0.00673
TAGTCGATCACGGGTT-1,0.00008,0.7932,0.20672
TAGTCGGGATTCTTCG-1,0.000071,0.568118,0.43181
TAGTCTAACAACGAGA-1,0.001017,0.614012,0.384971
TAGTCTGCGGCACATT-1,0.000146,0.312778,0.687075
TAGTCTGTGACGTTGC-1,0.000216,0.591531,0.408253
TAGTCTTTCCGAATTG-1,0.000453,0.998173,0.001374
TAGTGAGAAGTGGTTG-1,0.00011,0.659986,0.339904
TAGTGCCCTCCAGAGT-1,0.000078,0.18319,0.816732
TAGTGCTTGAATCCTT-1,0.000038,0.356343,0.643618
TAGTGTCAGAAACGGC-1,0.000391,0.319145,0.680464
TAGTTAAGATAGGATA-1,0.000147,0.49856,0.501293
TAGTTTATTCTTGCTT-1,0.000326,0.374873,0.624801
TAGTTTGATCGGTCGC-1,0.000822,0.996691,0.002487
TATAAATCCACAAGCT-1,0.000239,0.681841,0.31792
TATAAGTGAGGATAGC-1,0.000407,0.825607,0.173986
TATACACAGACGCCTT-1,0.000116,0.602938,0.396946
TATACACGCAAAGTAT-1,0.000306,0.669203,0.330491
TATACCGAGTGCCACA-1,0.00052,0.997904,0.001576
TATACGCGTCATCACT-1,0.00003,0.168771,0.831199
TATACTCATGCGGCAA-1,0.000647,0.648404,0.350949
TATAGAGTCGCTTGAA-1,0.000117,0.999527,0.000355
TATAGATGGTCGCAGT-1,0.000076,0.307402,0.692522
TATAGCGCACGTTATC-1,0.004167,0.983181,0.012652
TATAGCTATTATCTCT-1,0.055556,0.776626,0.167819
TATAGGGTACTCATGA-1,0.000495,0.181583,0.817922
TATAGTTAGGTGTACT-1,0.000787,0.996826,0.002387
TATATAGGGCTTTACG-1,0.003551,0.686183,0.310266
TATATATCGAGAAATG-1,0.003479,0.985978,0.010542
TATATCAAAGTGATCT-1,0.000108,0.253208,0.746684
TATATCATTGATCAGT-1,0.000649,0.438786,0.560564
TATATCCCTGGGAGGA-1,0.000182,0.815721,0.184096
TATATGCTGGGTTGCC-1,0.000675,0.981624,0.017701
TATATTACAAATGTCG-1,0.000247,0.999003,0.00075
TATATTCGCGTCGATA-1,0.000213,0.749869,0.249918
TATCAAAGGTCTGTAA-1,0.000246,0.697695,0.302059
TATCACAGCACGGGCA-1,0.000115,0.643733,0.356152
TATCACCCAACCGACC-1,0.000229,0.907989,0.091782
TATCACTTCGAGTAAC-1,0.00019,0.578209,0.421601
TATCAGTGGCGTAGTC-1,0.003402,0.986305,0.010294
TATCCAATTGGTTATC-1,0.000077,0.749947,0.249976
TATCCATATCATGCGA-1,0.000457,0.716531,0.283012
TATCCATCTCGGTTAG-1,0.002924,0.988216,0.00886
TATCCCTCGATCTGCA-1,0.041671,0.83187,0.12646
TATCCGCACCGTCGGG-1,0.00008,0.578186,0.421734
TATCCTATCAACTGGT-1,0.000085,0.543477,0.456438
TATCCTGCATGGGAAT-1,0.000265,0.543414,0.456321
TATCGATCTATGCATA-1,0.000307,0.640148,0.359546
TATCGATGATTAAACG-1,0.000166,0.128442,0.871392
TATCTACAGAGGTAAT-1,0.000434,0.423684,0.575882
TATCTACCACAGCGGG-1,0.000151,0.783494,0.216355
TATCTAGCCTAAAGGA-1,0.000448,0.441445,0.558107
TATCTGAGCCGATATT-1,0.001918,0.630986,0.367096
TATCTTGCAATACAAC-1,0.003973,0.983986,0.012041
TATGAAGAATTAAGGT-1,0.00032,0.818552,0.181128
TATGAAGACAGGTGCG-1,0.000689,0.881905,0.117406
TATGACCTTGCGCTGG-1,0.002488,0.430846,0.566666
TATGATAAATCTAACG-1,0.000269,0.936911,0.062819
TATGATCCGGCACGCC-1,0.000234,0.999057,0.000709
TATGATCTTCTCTTTA-1,0.000149,0.301946,0.697905
TATGATTCTGCTTGGT-1,0.000174,0.818994,0.180832
TATGCTCCCTACTTAC-1,0.000114,0.441326,0.558561
TATGGAGTTTCTCGTT-1,0.000139,0.410196,0.589665
TATGGATGTGCTACGC-1,0.000139,0.283293,0.716568
TATGGCAGACTTTCGA-1,0.000179,0.999279,0.000542
TATGGCCCGGCCTCGC-1,0.000591,0.715492,0.283917
TATGGCTAGGCTAATT-1,0.000684,0.997244,0.002072
TATGGGACCGAGCAGG-1,0.000086,0.818312,0.181602
TATGGGTACGTATCGT-1,0.0001,0.507547,0.492353
TATGGTCTGAGTAACA-1,0.000096,0.898793,0.101112
TATGGTTAGTGGGAGA-1,0.000058,0.372385,0.627556
TATGTAAAGTGCTTAA-1,0.000095,0.858041,0.141864
TATGTAGAAACCCGGC-1,0.002348,0.990527,0.007125
TATGTCAAGACCGACT-1,0.000273,0.998898,0.000829
TATGTCTCATTGTGCC-1,0.000122,0.308695,0.691184
TATTAACACCAAAGCA-1,0.004274,0.98276,0.012966
TATTAACCTGACCGCG-1,0.001529,0.993827,0.004644
TATTACCATCCTGCTT-1,0.000125,0.549481,0.450394
TATTATGTTTGCCTGC-1,0.005556,0.977581,0.016863
TATTCAATTCTAATCC-1,0.000093,0.728344,0.271563
TATTCCACTCAGCTCG-1,0.000191,0.65386,0.345948
TATTCCGAGCTGTTAT-1,0.000042,0.120493,0.879465
TATTCCGGCAGTCCTA-1,0.000136,0.936853,0.06301
TATTCCTCCGCCCACT-1,0.002567,0.584236,0.413197
TATTCGTGCCAGAATA-1,0.000078,0.64723,0.352692
TATTGACATTTCTGCC-1,0.000257,0.998962,0.00078
TATTGCCGGGCTTGTA-1,0.001083,0.995636,0.003281
TATTTAGTCTAGATCG-1,0.000512,0.639552,0.359937
TATTTATACCGAGTAG-1,0.000317,0.788802,0.210881
TATTTGATTTGCACAG-1,0.000874,0.996479,0.002647
TATTTGTTACCCTTTA-1,0.000348,0.378907,0.620745
TCAAACAACCGCGTCG-1,0.000256,0.984096,0.015647
TCAAACTTAGATTGTT-1,0.000076,0.52999,0.469935
TCAAAGAGCTATCTGT-1,0.002565,0.520939,0.476496
TCAAAGTCACGGCGTC-1,0.000852,0.996569,0.002579
TCAAATTGTTGTGCCG-1,0.000058,0.678341,0.321601
TCAAATTTGAGACTCA-1,0.000028,0.740153,0.259819
TCAACAAAGATAATTC-1,0.002977,0.745458,0.251565
TCAACACATTGGGTAA-1,0.000101,0.285618,0.714281
TCAACATAGCGCCCTA-1,0.000868,0.996499,0.002633
TCAACATCGACCGAGA-1,0.001011,0.088151,0.910839
TCAACCATGTTCGGGC-1,0.000287,0.447141,0.552572
TCAACGAGGAGACAAA-1,0.00006,0.18112,0.818821
TCAACGCAGGAAATAA-1,0.002035,0.678667,0.319298
TCAACGCGACCGGCAG-1,0.001516,0.972873,0.025612
TCAACTAACGTATAAC-1,0.000356,0.014024,0.98562
TCAACTGCAGAGTCAG-1,0.000673,0.888044,0.111283
TCAAGAAATACTAGCT-1,0.00009,0.360189,0.639722
TCAAGCGCGGACGGTA-1,0.001029,0.995851,0.00312
TCAAGGTTACTACACC-1,0.000089,0.618768,0.381143
TCAATACAATTGCTGC-1,0.000158,0.323384,0.676458
TCAATACGCCGTCATG-1,0.000024,0.216098,0.783878
TCAATCCGGGAAGTTT-1,0.001861,0.992522,0.005617
TCACAAACCGAGGTAC-1,0.000122,0.803897,0.195981
TCACAGATCCTCAAAC-1,0.000106,0.684993,0.3149
TCACAGCAAACTCGAA-1,0.000531,0.841087,0.158382
TCACAGGAGAATAAGA-1,0.000278,0.807986,0.191736
TCACAGGGAATCGCAA-1,0.000039,0.486572,0.513389
TCACAGGTTATTGGGC-1,0.000212,0.197647,0.802141
TCACATCTTATCTGAT-1,0.000704,0.711422,0.287874
TCACCCTCTTAAGATT-1,0.000131,0.655642,0.344228
TCACCGCTCGGCACTC-1,0.000315,0.802429,0.197256
TCACGATGTCCGTGGA-1,0.004386,0.982309,0.013304
TCACGATTAATACGTT-1,0.006948,0.122478,0.870573
TCACGCATTGTAGATC-1,0.000189,0.317623,0.682188
TCACGGCCCAAGAGAG-1,0.002924,0.98822,0.008855
TCACGGTCATCGCACA-1,0.000526,0.687661,0.311813
TCACGTGCCCGATTCA-1,0.000073,0.63657,0.363357
TCACTACGACCAATGC-1,0.000143,0.108274,0.891583
TCACTATCCCTTCGGT-1,0.003087,0.987569,0.009344
TCACTATCGTGCAATC-1,0.000153,0.644984,0.354863
TCACTCAGCGCATTAG-1,0.000201,0.999192,0.000608
TCACTCGTGCAACGGC-1,0.000168,0.256546,0.743287
TCACTCTTCGTCTGTC-1,0.000356,0.976464,0.02318
TCAGAACCTCCACAGG-1,0.000131,0.467122,0.532747
TCAGAACGGCGGTAAT-1,0.000115,0.47038,0.529506
TCAGACGCTATAGAAG-1,0.000035,0.1645,0.835465
TCAGAGCATGTCAACG-1,0.083333,0.664594,0.252073
TCAGAGGACGCGTTAG-1,0.002526,0.306986,0.690488
TCAGCAAATGCATCTC-1,0.000055,0.177346,0.8226
TCAGCAGTAGGCCCTG-1,0.000917,0.334476,0.664606
TCAGCCAATCCGTAAA-1,0.000426,0.748571,0.251003
TCAGCGCACGCCGTTT-1,0.000675,0.585976,0.413349
TCAGCTTGAGCTTTCG-1,0.001961,0.992095,0.005944
TCAGGGCGACTTCCTT-1,0.000282,0.669596,0.330122
TCAGGGCGCAAACTCG-1,0.000552,0.910991,0.088457
TCAGGGTGTAACGTAA-1,0.000124,0.574851,0.425026
TCAGGTTCTTTGAGAA-1,0.000297,0.279056,0.720648
TCAGTACTGACCCGCG-1,0.000407,0.353536,0.646056
TCAGTAGGGACTATAA-1,0.000759,0.940087,0.059154
TCAGTGTATACGTCAT-1,0.002456,0.87277,0.124774
TCAGTTACGGAATGAT-1,0.000343,0.998617,0.00104
TCATACTTACAGATCC-1,0.000547,0.135761,0.863692
TCATATGAGCTTTGTT-1,0.000059,0.650716,0.349225
TCATCACTCGAGCTCG-1,0.000433,0.614518,0.385049
TCATCCATCTGATCAC-1,0.001589,0.911956,0.086455
TCATCCCAGAGGGTGG-1,0.000224,0.767696,0.232081
TCATCCTCAGCTGCTT-1,0.000431,0.998263,0.001306
TCATCGACGACCGTCG-1,0.000302,0.890864,0.108834
TCATCGATGGTCCCAA-1,0.005558,0.656303,0.338139
TCATGAAGCGCTGCAT-1,0.083337,0.168361,0.748302
TCATGCAGGTTCTCAT-1,0.000319,0.817135,0.182545
TCATTTAAGTCTCCGA-1,0.000126,0.401436,0.598438
TCATTTAGAAGTGTGA-1,0.000855,0.89635,0.102794
TCCAACTCAGCTATCT-1,0.000182,0.999265,0.000553
TCCAACTTTAAATTCT-1,0.000779,0.839441,0.15978
TCCAAGCCTAGACACA-1,0.000032,0.618135,0.381834
TCCAATAAAGGCTACC-1,0.00003,0.688072,0.311898
TCCAATGCGTCGCCGC-1,0.001097,0.995579,0.003323
TCCACAATGGTTTACG-1,0.000585,0.68769,0.311725
TCCACATCGTATATTG-1,0.000047,0.124139,0.875814
TCCACCAAGACATAGG-1,0.004386,0.982326,0.013288
TCCACCTCTAGCCTTT-1,0.000048,0.503365,0.496587
TCCACTTTATCTAGGT-1,0.000193,0.401839,0.597968
TCCAGAGCACCGGTTC-1,0.000073,0.537981,0.461947
TCCAGATGTACGCCAA-1,0.000181,0.999271,0.000548
TCCAGCGCTATAAGCG-1,0.00043,0.998267,0.001303
TCCAGGCAGGACGATC-1,0.000042,0.133712,0.866246
TCCAGGCGAGTACGGT-1,0.000087,0.026683,0.97323
TCCAGGGTATATACGA-1,0.000028,0.440694,0.559278
TCCATCAATACTAATC-1,0.002058,0.991698,0.006244
TCCATTAGTTGGATAG-1,0.000126,0.510398,0.489477
TCCATTGTGACCTCGT-1,0.000314,0.877474,0.122212
TCCCAAACAGACAACG-1,0.000189,0.986806,0.013005
TCCCAAACATCCTCTA-1,0.011944,0.951912,0.036144
TCCCAAAGACGAAGGA-1,0.000068,0.646245,0.353687
TCCCAAAGCCCTAAAT-1,0.000132,0.847205,0.152663
TCCCAATATCGACGAC-1,0.083335,0.168391,0.748274
TCCCACTCTCTTCCGG-1,0.000199,0.760519,0.239282
TCCCAGCTTTAGTCTG-1,0.00013,0.569317,0.430553
TCCCAGGCTTAGCTAA-1,0.000175,0.247537,0.752288
TCCCGCGTACTCCTGG-1,0.000087,0.214913,0.785
TCCCGGGTGTGCTGCT-1,0.000591,0.989932,0.009476
TCCCGGTCAGGAATTT-1,0.000222,0.943341,0.056437
TCCCGTCAGTCCCGCA-1,0.000258,0.493641,0.506101
TCCCGTCGCGTCATAG-1,0.000196,0.999212,0.000593
TCCCGTGTGCAATTTG-1,0.000088,0.835724,0.164188
TCCCTAGATCAATAGG-1,0.000234,0.999057,0.000709
TCCCTCCGAAATCGTT-1,0.000089,0.901578,0.098332
TCCCTCTTCTCAAGGG-1,0.001437,0.994207,0.004356
TCCCTGGCGTATTAAC-1,0.002418,0.990255,0.007327
TCCCTGGCTCGCTGGA-1,0.000803,0.650816,0.348381
TCCCTTAGATTACTCG-1,0.000247,0.479775,0.519978
TCCGAACGTTGCCGCT-1,0.000716,0.997114,0.00217
TCCGAACTTGGCTTAC-1,0.000583,0.638957,0.36046
TCCGAATGGTCCTGAG-1,0.000232,0.827372,0.172396
TCCGACCGCTAATCAA-1,0.000234,0.663877,0.335889
TCCGAGAAGGCTAAGC-1,0.000131,0.897937,0.101933
TCCGATAATTGCCATA-1,0.00027,0.31349,0.68624
TCCGATGACTGAGCTC-1,0.000183,0.290838,0.708979
TCCGATGGTGCGACAT-1,0.000204,0.188181,0.811614
TCCGATTACATTGCCG-1,0.00055,0.731128,0.268321
TCCGCAGCCACCTAGC-1,0.000154,0.986796,0.01305
TCCGCCTGTCTACAAG-1,0.000051,0.575232,0.424717
TCCGCGGCAGCATCTG-1,0.000136,0.443802,0.556062
TCCGCGGCCCAATGAA-1,0.000133,0.879547,0.12032
TCCGCTGGGTCGATCG-1,0.0004,0.973593,0.026007
TCCGCTGTCATCCCGG-1,0.000052,0.808557,0.191391
TCCGCTTATCCCATTA-1,0.000085,0.224173,0.775742
TCCGGCCTAGCGTACA-1,0.000349,0.998593,0.001058
TCCGGGCCACTAACGG-1,0.015153,0.030656,0.954191
TCCGGGCTTGACGGGA-1,0.000224,0.967711,0.032065
TCCGGTTCGTCCGGTC-1,0.000184,0.388299,0.611517
TCCGTAACCACAATCC-1,0.000604,0.873446,0.12595
TCCGTTAAGCTAATAT-1,0.000134,0.328239,0.671627
TCCGTTTAGCCTTGAA-1,0.000277,0.77457,0.225153
TCCTAAAGATTCAGAC-1,0.000081,0.671915,0.328003
TCCTAAATTGGGAAGC-1,0.000054,0.788173,0.211773
TCCTAACCGTCGGGCA-1,0.000063,0.551331,0.448606
TCCTACATCCACGGCC-1,0.000075,0.72816,0.271765
TCCTAGCAAAGAAGCT-1,0.00103,0.995846,0.003124
TCCTATCATAGGTAAC-1,0.000377,0.998479,0.001144
TCCTCCTAAGACATTC-1,0.002086,0.991589,0.006326
TCCTCGGGCTGGGCTT-1,0.000073,0.298023,0.701905
TCCTCTACGAGATGGC-1,0.000611,0.408734,0.590655
TCCTCTCCAGTTGTCC-1,0.000817,0.621231,0.377952
TCCTCTGGCCCATTAG-1,0.000164,0.446927,0.552909
TCCTGCAGCCGCCAAT-1,0.083333,0.664932,0.251734
TCCTGCCAACTGGAGA-1,0.000166,0.181562,0.818272
TCCTGCGTTGATACTC-1,0.000472,0.496129,0.503399
TCCTTACGACGGTCCG-1,0.000036,0.013435,0.986529
TCCTTCAATCCCTACG-1,0.001292,0.77722,0.221488
TCCTTCAGTGGTCGAA-1,0.000376,0.757912,0.241712
TCCTTGTCCTTTAATT-1,0.000073,0.474356,0.525571
TCCTTTAAATCCGCTT-1,0.000075,0.017582,0.982344
TCCTTTCTTACGCTTA-1,0.000132,0.448028,0.55184
TCGAAATTTAGGACCA-1,0.000362,0.783999,0.215639
TCGAAGAACCGAGCAC-1,0.000074,0.748759,0.251167
TCGAATATCCCGCAGG-1,0.003034,0.60409,0.392876
TCGAATCGCAGGGTAG-1,0.005377,0.010872,0.983751
TCGACAACTGAACCCG-1,0.003704,0.98506,0.011235
TCGACATAGCGTAGCG-1,0.000499,0.997986,0.001514
TCGAGACCAACACCGT-1,0.000161,0.757778,0.242062
TCGAGCCAGGCAGGCC-1,0.002733,0.988982,0.008285
TCGAGGGCAACAGACG-1,0.000986,0.996021,0.002993
TCGAGTCTACGATTCG-1,0.003277,0.986825,0.009898
TCGATAGGCTAGTCGC-1,0.000066,0.296311,0.703623
TCGATGTTACGGCCGT-1,0.033339,0.067228,0.899432
TCGATTTACGAAACGA-1,0.041668,0.084103,0.874229
TCGCAAAGATGCATTT-1,0.000021,0.104194,0.895785
TCGCACCAGGAGGCAG-1,0.000058,0.502498,0.497444
TCGCACTAACGTTTGT-1,0.000071,0.598784,0.401145
TCGCATAAAGGGCGCA-1,0.000596,0.997599,0.001805
TCGCATCCCTAAGTGT-1,0.000442,0.985363,0.014195
TCGCATTCAATGACTT-1,0.000212,0.75812,0.241668
TCGCCACCCGGATTAC-1,0.016668,0.033701,0.949631
TCGCCCACTGCGAGAG-1,0.000488,0.521706,0.477806
TCGCCGAAGTTGCGTC-1,0.003033,0.691155,0.305812
TCGCCGACATATTCGC-1,0.000091,0.935958,0.063951
TCGCCGCACCGCGTGA-1,0.003205,0.781364,0.215431
TCGCCGGAGAGTCTTA-1,0.000062,0.967114,0.032824
TCGCCGGATGGGCAAG-1,0.000168,0.380182,0.619649
TCGCCGGTCGATCCGT-1,0.000297,0.901698,0.098005
TCGCCTCCTTCGGCTC-1,0.001191,0.9952,0.003609
TCGCCTCGACCTGTTG-1,0.000054,0.741284,0.258662
TCGCGCGTTTACATGA-1,0.00079,0.768222,0.230987
TCGCGTAGCAGTGTCC-1,0.004505,0.981851,0.013645
TCGCGTCCAGAAGGTC-1,0.000627,0.799151,0.200222
TCGCTAAACCGCTATC-1,0.000323,0.973896,0.025782
TCGCTACTGGCTTTGA-1,0.000066,0.999733,0.000201
TCGCTCGATATATTCC-1,0.000117,0.511365,0.488518
TCGCTCGGCACCAGCG-1,0.000174,0.553344,0.446482
TCGCTGCCAATGCTGT-1,0.000097,0.740595,0.259309
TCGCTGGGCGGATTGT-1,0.000199,0.692626,0.307175
TCGCTGTGCGTAAATC-1,0.000148,0.043902,0.955949
TCGCTTTAAACGTTTG-1,0.000305,0.976808,0.022887
TCGGAATGACCATCAA-1,0.000206,0.972164,0.027629
TCGGAATGCGCTCTGA-1,0.000569,0.583761,0.41567
TCGGACGCCCAGCCCA-1,0.000154,0.451173,0.548672
TCGGAGAGTATCGGGA-1,0.000731,0.102469,0.8968
TCGGAGTACATGAGTA-1,0.000084,0.297978,0.701938
TCGGAGTCCTGGTTGC-1,0.00086,0.996538,0.002602
TCGGATCTGGATGACC-1,0.001245,0.994985,0.00377
TCGGCGAACCCAAACC-1,0.000216,0.968964,0.03082
TCGGCGTACTGCACAA-1,0.001413,0.443375,0.555212
TCGGCTAACTTCCCTT-1,0.000339,0.947563,0.052098
TCGGCTTGTATCGACG-1,0.000248,0.80321,0.196542
TCGGGAACGTGCCTAG-1,0.00013,0.527285,0.472585
TCGGGAGACAGCGTAC-1,0.000044,0.703073,0.296882
TCGGGATTCAAACATA-1,0.000783,0.607259,0.391958
TCGGGCACTTCTGGAT-1,0.000074,0.526895,0.473031
TCGGGCCGTCGTGGTA-1,0.000111,0.6925,0.307388
TCGGGTGAAACTGCTA-1,0.000078,0.13374,0.866183
TCGGTCCCGACAATAG-1,0.003424,0.780335,0.216241
TCGGTCCCTGACTCCA-1,0.000338,0.815738,0.183924
TCGTAAGACGACATTG-1,0.000362,0.509636,0.490002
TCGTAAGCTCCGAGGA-1,0.000307,0.998762,0.000931
TCGTACCGACGTCAAG-1,0.000116,0.869955,0.12993
TCGTATAGTGCAATTA-1,0.000288,0.562854,0.436859
TCGTATTACCCATTGC-1,0.002223,0.766831,0.230946
TCGTATTTCGTCCGGA-1,0.000392,0.998418,0.00119
TCGTCAAGTACGCGCA-1,0.002977,0.791954,0.205069
TCGTCACACTGTTAGC-1,0.000609,0.679561,0.31983
TCGTCCGCTGGCGTCT-1,0.000434,0.583308,0.416258
TCGTCTTAGGCGTTAA-1,0.000045,0.431112,0.568843
TCGTGTACTATGGATG-1,0.000461,0.347884,0.651655
TCGTGTATTGGTCACG-1,0.003032,0.743045,0.253923
TCGTGTCACGCTGACA-1,0.003341,0.413409,0.583251
TCGTGTTCGACCACAA-1,0.001302,0.994746,0.003952
TCGTTAGGAGTCCCTA-1,0.000138,0.502964,0.496898
TCGTTCGTTATTATGT-1,0.000141,0.407637,0.592222
TCGTTGACAGGGTCCC-1,0.000296,0.807883,0.19182
TCGTTGCTATCCGGTC-1,0.001427,0.716478,0.282095
TCGTTGGCTCGTCAAT-1,0.000265,0.982502,0.017233
TCGTTTACGCGACCCT-1,0.000443,0.998217,0.001341
TCTAAAGAACAGTCTC-1,0.003268,0.733198,0.263534
TCTAACCTAGCCTGCG-1,0.004065,0.521723,0.474211
TCTAACTGTATGTAAA-1,0.000245,0.552271,0.447484
TCTAATACTGCCTCAG-1,0.004066,0.572819,0.423115
TCTACCCAATAGAGAG-1,0.000556,0.997757,0.001686
TCTACCGTCCACAAGC-1,0.000148,0.810132,0.189719
TCTACGCACGATCTCC-1,0.016749,0.033695,0.949557
TCTAGCAATCTCCGCC-1,0.001111,0.903653,0.095236
TCTAGCATCTTCGATG-1,0.00045,0.609849,0.389701
TCTAGCATGCCCAGAA-1,0.000069,0.752896,0.247035
TCTAGGTGGCGACGCT-1,0.000211,0.398441,0.601348
TCTAGTGATATCGTGG-1,0.000117,0.776705,0.223178
TCTAGTTATCAGAAGA-1,0.000104,0.762089,0.237807
TCTATAGGTGGGTAAT-1,0.000719,0.997103,0.002178
TCTATCATGCAGTTAC-1,0.000244,0.165257,0.834499
TCTATCCGATTGCACA-1,0.000263,0.859872,0.139866
TCTATCGGTCGCAACA-1,0.00041,0.597395,0.402195
TCTATGCTATAACGAC-1,0.000196,0.857879,0.141925
TCTATTACGCTGGCGA-1,0.000363,0.755595,0.244042
TCTATTACTAGAGGAT-1,0.003547,0.627555,0.368898
TCTCAAATCAATCGGG-1,0.000298,0.998802,0.000901
TCTCATGAGATAGGGT-1,0.000088,0.973986,0.025926
TCTCCAACGTAGGTTA-1,0.000133,0.318885,0.680982
TCTCCACAAGTTGAAT-1,0.000181,0.811324,0.188496
TCTCCCTGGGCAGCGT-1,0.000073,0.845654,0.154273
TCTCGAACGAGGTCAC-1,0.000192,0.569175,0.430633
TCTCGACGTATCGCCG-1,0.000316,0.998724,0.000959
TCTCGAGGAGGTTCGC-1,0.000515,0.997927,0.001559
TCTCGGCTCCAGGACT-1,0.000415,0.505018,0.494567
TCTCGTGTTACGAGGA-1,0.001687,0.993205,0.005107
TCTCTAATAGCTGGTA-1,0.000264,0.54021,0.459526
TCTCTCGCCGCACATA-1,0.000825,0.996673,0.002502
TCTCTTACCGCGAACC-1,0.000095,0.603292,0.396613
TCTGAACCGGTCGGCT-1,0.000232,0.194086,0.805682
TCTGAACTCGTACCCG-1,0.000084,0.970046,0.02987
TCTGAAGCACGTGGTC-1,0.000079,0.928403,0.071517
TCTGAATTCCGTACAA-1,0.000173,0.662815,0.337012
TCTGACGGGCTAACCC-1,0.000338,0.998636,0.001025
TCTGACTGTAATGGTT-1,0.000039,0.337273,0.662688
TCTGAGCAATTGACTG-1,0.000486,0.998039,0.001474
TCTGATCGGGTGCTAG-1,0.000266,0.998928,0.000806
TCTGATGTATTCTGTC-1,0.000037,0.325457,0.674506
TCTGCAGATTCGAGTC-1,0.000425,0.935596,0.063979
TCTGCATACCTTGCTT-1,0.000312,0.716469,0.28322
TCTGCCAGAAACTGCA-1,0.000087,0.735294,0.264619
TCTGCGTCCGGTTTCT-1,0.000516,0.40756,0.591924
TCTGGCCGTTCAAGTT-1,0.0002,0.999192,0.000608
TCTGGCGCAAGCCGGG-1,0.000728,0.796807,0.202465
TCTGGGAACCTTTGAA-1,0.000141,0.976797,0.023062
TCTGGGTAGCGCTCAT-1,0.000482,0.26673,0.732788
TCTGTCATACAAGAGC-1,0.000098,0.475423,0.524479
TCTGTGACTGACCGTT-1,0.000039,0.610795,0.389166
TCTGTGCCATCATAGT-1,0.000194,0.641639,0.358167
TCTGTGGCTACATTTC-1,0.000102,0.161681,0.838217
TCTGTTACCCAGCATA-1,0.002825,0.5121,0.485075
TCTGTTTAGATTGTTC-1,0.033338,0.067258,0.899404
TCTTAACTCGGATGTA-1,0.000131,0.648516,0.351353
TCTTACAGAGGTACCG-1,0.000378,0.544151,0.455471
TCTTACCGGAACTCGT-1,0.00021,0.547121,0.452669
TCTTACGGCATCCGAC-1,0.000438,0.936577,0.062985
TCTTACTTATGCCTCT-1,0.000152,0.907459,0.092389
TCTTAGAGCTCCAATT-1,0.000066,0.34522,0.654714
TCTTAGAGTGAACTCT-1,0.000082,0.372483,0.627436
TCTTATGGGTAGTACC-1,0.000284,0.998857,0.00086
TCTTCCCATGGGCACA-1,0.000196,0.654455,0.345349
TCTTCGAATAGACGTT-1,0.000078,0.569883,0.43004
TCTTCGATACCAATAA-1,0.000072,0.678282,0.321647
TCTTCGCGGTGAGAGG-1,0.000969,0.996094,0.002937
TCTTCTATAACCCGCC-1,0.000122,0.981902,0.017976
TCTTGATGCGTAGCGA-1,0.00009,0.753605,0.246305
TCTTGCTCCCGATACT-1,0.000039,0.970379,0.029581
TCTTGGTAACACCAAA-1,0.000295,0.339193,0.660513
TCTTGGTCAATGATAC-1,0.001737,0.992996,0.005267
TCTTTAAGACTATGAA-1,0.000214,0.945595,0.054191
TCTTTAGAGTCTAACA-1,0.000394,0.998411,0.001195
TCTTTAGCAGGCGAAC-1,0.00026,0.998954,0.000786
TCTTTCATCCGTCCTT-1,0.001965,0.992086,0.00595
TCTTTCCTTCGAGATA-1,0.001574,0.993658,0.004769
TCTTTCGGCGGGACAC-1,0.000047,0.481902,0.518051
TCTTTCTCTTAAGGAG-1,0.000245,0.577398,0.422358
TGAAACCTCAACTCAC-1,0.00018,0.974555,0.025265
TGAAACTTATGCAAGC-1,0.000196,0.841284,0.15852
TGAAAGGACCTGACTC-1,0.000117,0.593244,0.406639
TGAACAAGCAGGGACT-1,0.001562,0.4588,0.539638
TGAACACCCGAAGCAG-1,0.000162,0.999347,0.000491
TGAACCTGAATGTGAG-1,0.083345,0.168173,0.748482
TGAACTGCTATGACTT-1,0.000629,0.64898,0.350391
TGAAGAGCGGTCCTAG-1,0.000316,0.631969,0.367715
TGAAGTAGCTTACGGA-1,0.000203,0.665742,0.334055
TGAATACCGACGCGTA-1,0.000045,0.745282,0.254673
TGAATGAGTGTTTCCC-1,0.000058,0.512803,0.487139
TGAATGTCAGCCGGCC-1,0.000147,0.999409,0.000445
TGAATTTCACTTGCCT-1,0.001939,0.624485,0.373576
TGACAACTTAAAGGTG-1,0.083356,0.168495,0.748149
TGACACTTCTCTTTGC-1,0.000366,0.708059,0.291575
TGACAGAAATCTTGCT-1,0.000478,0.998074,0.001448
TGACAGGACAAGTCCA-1,0.004274,0.772169,0.223557
TGACATATATGACGAT-1,0.00055,0.297299,0.702151
TGACATCGAGCGGACC-1,0.000066,0.112062,0.887872
TGACATGTAACGTGAC-1,0.000042,0.273937,0.726022
TGACCAAATCTTAAAC-1,0.000032,0.97588,0.024088
TGACCCAACTCACATT-1,0.000188,0.999244,0.000569
TGACCCACGTTAGACA-1,0.000111,0.104857,0.895032
TGACGAATATTTCCCT-1,0.002733,0.988971,0.008296
TGACGATGCACTAGAA-1,0.000081,0.6406,0.359319
TGACTATAATCCTTTC-1,0.000089,0.814727,0.185185
TGACTCCGAATCATAC-1,0.00249,0.989977,0.007533
TGAGAATGCTTTACCG-1,0.000472,0.81314,0.186387
TGAGACGTACCTCTCA-1,0.000798,0.531688,0.467514
TGAGAGATTTACCACG-1,0.000105,0.999576,0.000319
TGAGATCAAATACTCA-1,0.000123,0.668939,0.330938
TGAGATTAGGCCCTAA-1,0.000134,0.400017,0.599849
TGAGCAGTCGTGAAGT-1,0.000147,0.885919,0.113934
TGAGCCATACAGTCTC-1,0.000692,0.619833,0.379476
TGAGCGGAAAGTGTTC-1,0.000079,0.606946,0.392975
TGAGCTTTAATGACGC-1,0.000187,0.616461,0.383353
TGAGGAGTGCCAGCTT-1,0.000124,0.985901,0.013975
TGAGGCATGTACTGTG-1,0.003222,0.866073,0.130705
TGAGGTGTGTGGCGGA-1,0.000121,0.64591,0.353969
TGAGGTTGATCCCAAG-1,0.000215,0.999135,0.000651
TGAGTAAATTAGCGTA-1,0.000098,0.518269,0.481633
TGAGTGCCTCTTAAAT-1,0.002525,0.989812,0.007662
TGAGTGGTCCGTGACG-1,0.000296,0.847971,0.151733
TGAGTGTAACAACGGG-1,0.003969,0.984009,0.012023
TGAGTTAAAGACATTC-1,0.000158,0.927491,0.072351
TGATACATTTAGCCGT-1,0.001235,0.995019,0.003746
TGATAGCGGGATTCTA-1,0.000523,0.754854,0.244623
TGATCACCACACTGAC-1,0.000198,0.678613,0.321189
TGATCAGGGAACTGCT-1,0.001577,0.003183,0.99524
TGATCCCAGCATTAGT-1,0.000183,0.418943,0.580874
TGATCGGTTTGACCCT-1,0.000159,0.431619,0.568222
TGATCTACGCTGATCT-1,0.00019,0.337125,0.662685
TGATCTATCACACTCT-1,0.000213,0.998985,0.000803
TGATCTCCGGCGCCAG-1,0.00036,0.525428,0.474212
TGATGGCTGTTTCTGA-1,0.000234,0.999057,0.000709
TGATGGGACTAAGTCA-1,0.000033,0.559971,0.439995
TGATGTCAATTAAGTG-1,0.000627,0.834842,0.164531
TGATTCAGGTCCCGCG-1,0.003406,0.986281,0.010314
TGATTCCCGGTTACCT-1,0.000047,0.580208,0.419745
TGATTCGTCTATCACT-1,0.000304,0.378282,0.621414
TGATTCTGTCGCCGGT-1,0.001315,0.418431,0.580254
TGATTTATTAGCTGTG-1,0.001098,0.504302,0.494601
TGATTTCCTCCTGACG-1,0.000432,0.885946,0.113622
TGCAAACGTACTAGTT-1,0.083333,0.664785,0.251881
TGCAAAGTTCGTCTGT-1,0.000043,0.032229,0.967728
TGCAACCCATCTGCGG-1,0.00005,0.327875,0.672074
TGCAACTACTGGTTGA-1,0.000306,0.998766,0.000928
TGCAAGAATGACGTAA-1,0.000079,0.577616,0.422305
TGCAATCTAACACGGT-1,0.000065,0.656012,0.343923
TGCAATTTGGGCACGG-1,0.000335,0.998651,0.001015
TGCACAGTGAAGTTAT-1,0.000573,0.997689,0.001738
TGCACGAGTCGGCAGC-1,0.000145,0.622116,0.377739
TGCACTATGTGAGTGC-1,0.000185,0.153941,0.845875
TGCAGAACTATATCGT-1,0.001336,0.487962,0.510703
TGCAGAGTACCGAGCA-1,0.000067,0.03246,0.967472
TGCAGATCGTCCTAGG-1,0.00522,0.978965,0.015815
TGCAGCTACGTACTTC-1,0.002141,0.991375,0.006484
TGCAGGATCGGCAAAG-1,0.000287,0.9528,0.046913
TGCAGTGGTAGGGAAC-1,0.001415,0.994307,0.004278
TGCAGTTTCCTCCCAT-1,0.000136,0.975988,0.023877
TGCATATGTCTGTCAC-1,0.000212,0.806291,0.193497
TGCATGAGTAGATTCG-1,0.000087,0.999649,0.000264
TGCATGGATCGGATCT-1,0.000235,0.320039,0.679726
TGCATGTGACCCATAG-1,0.00045,0.590542,0.409009
TGCATGTGGTAATCTA-1,0.000247,0.72192,0.277833
TGCCAAAGTCAGACTT-1,0.002451,0.990107,0.007442
TGCCAATGGGTACTCT-1,0.000194,0.797393,0.202413
TGCCACACTAGAGGAA-1,0.000515,0.311654,0.687831
TGCCACCTGGCGAAAC-1,0.000202,0.830885,0.168912
TGCCAGTACGTGGAGA-1,0.000034,0.130769,0.869198
TGCCATTACTAAAGAA-1,0.00032,0.822319,0.177361
TGCCCGATAGTTAGAA-1,0.000096,0.343799,0.656105
TGCCCGTACCGTTAAA-1,0.000033,0.107221,0.892746
TGCCGAAAGCGTATTC-1,0.000217,0.957847,0.041936
TGCCGATGTCATCAAT-1,0.000097,0.999608,0.000295
TGCCGGATGTACGAGC-1,0.003031,0.987776,0.009193
TGCCGTGGATCGTCCT-1,0.000042,0.055774,0.944184
TGCCGTGGGACCCAAT-1,0.000076,0.488911,0.511013
TGCCGTTCTTAATCGG-1,0.001413,0.708673,0.289914
TGCCTAATTGAAGATT-1,0.000695,0.604113,0.395192
TGCCTGACATCGGTCA-1,0.000614,0.778354,0.221032
TGCCTGATCAAACGAT-1,0.000261,0.861954,0.137785
TGCCTTGGCCAGGCAA-1,0.000032,0.540349,0.459619
TGCGAATATGGGATTT-1,0.002384,0.004815,0.992801
TGCGACACCCTAGTGC-1,0.00176,0.992916,0.005323
TGCGACGGCCGAACGT-1,0.001963,0.534336,0.4637
TGCGAGAAACGTTACG-1,0.000042,0.736027,0.263932
TGCGAGAATATTACCC-1,0.005556,0.544738,0.449706
TGCGAGCCCTTCCGCG-1,0.000562,0.917509,0.081929
TGCGATGCTAATGGCT-1,0.000248,0.296984,0.702769
TGCGCAAAGCATTTGG-1,0.000074,0.588413,0.411513
TGCGCGATTAACGGAG-1,0.000431,0.998262,0.001307
TGCGGACTTGACTCCG-1,0.000085,0.845767,0.154148
TGCGGAGTAAAGGTGC-1,0.000197,0.386835,0.612968
TGCGGCATAGTTCAAC-1,0.000207,0.819015,0.180778
TGCGGTGAAATTTCAT-1,0.000223,0.687944,0.311833
TGCGTAAGAACCTGAT-1,0.001961,0.992086,0.005953
TGCGTACGGCTAATTG-1,0.000353,0.730402,0.269245
TGCGTCATGACTGAGC-1,0.003879,0.984359,0.011761
TGCGTGATTGGGTGTC-1,0.000252,0.887583,0.112166
TGCGTTTGTTGACACT-1,0.000105,0.394524,0.605371
TGCTAAGTGTCTATTT-1,0.000105,0.811601,0.188294
TGCTATACAAACGGAC-1,0.000111,0.758384,0.241505
TGCTATGGCAAAGGGA-1,0.001143,0.995396,0.003462
TGCTCAAAGGATGCAC-1,0.166667,0.333333,0.5
TGCTCCACAGTTCTTA-1,0.000155,0.999375,0.00047
TGCTCGGCGAAACCCA-1,0.000084,0.974915,0.025001
TGCTCGGTGGGTCACC-1,0.000048,0.958376,0.041577
TGCTCTTGAGAGTTTG-1,0.000044,0.99264,0.007315
TGCTGGTTGGACAATT-1,0.000259,0.239359,0.760382
TGCTGTTGAAGAACTC-1,0.000055,0.443751,0.556194
TGCTTAGAGAGAATGC-1,0.007577,0.969486,0.022937
TGCTTCCCAAGCAGTA-1,0.000035,0.742266,0.257699
TGCTTGAAACCATGCA-1,0.000075,0.388651,0.611274
TGGAAACGGAGTGAAC-1,0.000047,0.837493,0.16246
TGGAACCACTGACACA-1,0.000104,0.264914,0.734982
TGGAAGAAGGGAACGT-1,0.000931,0.960698,0.038371
TGGAAGACGAACACCA-1,0.000172,0.700594,0.299234
TGGAAGGATAAAGATG-1,0.000168,0.468599,0.531233
TGGAATATCCTTGACC-1,0.000137,0.56682,0.433043
TGGAATTAGACGCTTT-1,0.000314,0.399812,0.599874
TGGACACCGTTGCTTG-1,0.000232,0.739648,0.260121
TGGACCAATCTAAGAT-1,0.00004,0.684365,0.315596
TGGACCACGGCGTTGA-1,0.000035,0.16862,0.831345
TGGACGCAATCCAGCC-1,0.003704,0.985066,0.011229
TGGACGTAGGCGAATC-1,0.000119,0.669833,0.330048
TGGACTGTTCGCTCAA-1,0.00009,0.574756,0.425154
TGGAGAATAATCGTCC-1,0.000056,0.168233,0.831712
TGGAGCTAAAGTTCCC-1,0.000133,0.895073,0.104794
TGGAGTGATGCGATGA-1,0.000707,0.997151,0.002142
TGGATAGAGTAACAGA-1,0.000133,0.892179,0.107688
TGGATGGCATCTTGGA-1,0.166667,0.333333,0.5
TGGCAAACTAAATTAC-1,0.000056,0.935801,0.064143
TGGCAACTCGCGCGCC-1,0.000298,0.942431,0.057271
TGGCAAGCACAAGTCG-1,0.000045,0.850008,0.149947
TGGCAATGGGACGGCG-1,0.000892,0.911346,0.087762
TGGCAGATTACGATCA-1,0.000132,0.384199,0.615669
TGGCAGCAGTAATAGT-1,0.000084,0.681564,0.318352
TGGCATGAAGTTTGGG-1,0.005748,0.976836,0.017416
TGGCCAAACTGAAGTA-1,0.000104,0.225831,0.774066
TGGCCAATTTGGTACT-1,0.000959,0.474917,0.524123
TGGCCGTATATTGACC-1,0.000412,0.508324,0.491265
TGGCGACTGCTCCAAA-1,0.000585,0.997641,0.001774
TGGCGATCAAGTTATG-1,0.000149,0.424527,0.575324
TGGCGGTGTGCGATTG-1,0.000182,0.964807,0.035011
TGGCTACACTCTACCT-1,0.000326,0.934067,0.065607
TGGCTATGTGACATAC-1,0.000065,0.678569,0.321365
TGGCTCTTGTCGCGTA-1,0.002034,0.768811,0.229155
TGGCTTATGTATAATG-1,0.001084,0.728367,0.27055
TGGCTTTGGGTAGACA-1,0.000378,0.390319,0.609302
TGGGAAATGCCTTTCC-1,0.000308,0.353622,0.646069
TGGGACCATTGGGAGT-1,0.000066,0.815988,0.183946
TGGGATGCACTCATTC-1,0.000564,0.984662,0.014774
TGGGCAATAGTTGGGT-1,0.000138,0.93739,0.062472
TGGGCACAAACAGAAC-1,0.000114,0.47262,0.527266
TGGGCACGTTCTATGG-1,0.000315,0.782562,0.217123
TGGGCAGGCCACCGCA-1,0.000746,0.996999,0.002255
TGGGCCACAAGAGCGC-1,0.000272,0.738867,0.260861
TGGGCCCATACTAATT-1,0.000068,0.576909,0.423023
TGGGCCTTGCCTGCAT-1,0.000129,0.98333,0.016541
TGGGCGATACAATAAG-1,0.00003,0.381654,0.618316
TGGGTAAGGTTCCCGC-1,0.000222,0.706988,0.29279
TGGGTGCACAAGCCAT-1,0.000183,0.929027,0.070789
TGGGTGTAATAGATTT-1,0.000563,0.997728,0.001709
TGGGTGTTAAGTAGAA-1,0.00007,0.325926,0.674003
TGGGTTCCCGGACGGA-1,0.000257,0.998963,0.00078
TGGGTTTCGGGCGTAC-1,0.000822,0.996688,0.002489
TGGTAAGCAGGATTGA-1,0.000618,0.365793,0.633589
TGGTAGAATATATGGG-1,0.000063,0.204513,0.795424
TGGTATCGCATCCCAA-1,0.000198,0.795684,0.204118
TGGTATCGGTCTGTAT-1,0.000177,0.514237,0.485586
TGGTCCCACGCTACGG-1,0.000066,0.58487,0.415064
TGGTCGATATACCTCT-1,0.000123,0.00104,0.998837
TGGTCGGGTACAGGGC-1,0.015154,0.938889,0.045957
TGGTCGTGCAAGGCAA-1,0.001621,0.99347,0.004909
TGGTCTAGCTTACATG-1,0.000406,0.998365,0.00123
TGGTCTGTTGGGCGTA-1,0.001268,0.587554,0.411178
TGGTGATCGTATTTGT-1,0.00024,0.049519,0.950241
TGGTGCCCTGCCTTAC-1,0.000332,0.00067,0.998999
TGGTTAACTTACATTT-1,0.002317,0.990659,0.007024
TGGTTAAGGGCGCTGG-1,0.000215,0.999135,0.000651
TGGTTATGCTTGCGGT-1,0.000214,0.707841,0.291945
TGGTTCAACGGGTAAT-1,0.000034,0.173393,0.826573
TGGTTCGTAGCAAAGG-1,0.000233,0.28001,0.719757
TGGTTGGAGGATCCTG-1,0.000297,0.937518,0.062185
TGGTTTAAACGTGGGT-1,0.000176,0.999094,0.00073
TGTAACTTGTCAACCT-1,0.000112,0.550775,0.449113
TGTAAGACTGATAAGA-1,0.000752,0.99697,0.002279
TGTAATGACCACAATA-1,0.000662,0.78566,0.213679
TGTACCCGACCCTAAT-1,0.001105,0.961919,0.036976
TGTACCTACACGAGGG-1,0.000092,0.473197,0.526712
TGTACGAACAAATCCG-1,0.00013,0.875644,0.124226
TGTACTATCGCTCGTT-1,0.018535,0.037515,0.94395
TGTACTGTGCCAAAGT-1,0.000124,0.95932,0.040556
TGTAGCCAATTCCGTT-1,0.000157,0.810278,0.189565
TGTAGCCATCCCATTC-1,0.000953,0.836073,0.162974
TGTAGGAGAAATTTCC-1,0.000193,0.940881,0.058926
TGTAGTGATCTATAAT-1,0.000351,0.350713,0.648936
TGTATAACAGATCCTG-1,0.000169,0.247359,0.752472
TGTATACGGATGATGA-1,0.000896,0.902694,0.096409
TGTATCCTTATTCCAT-1,0.000255,0.900143,0.099602
TGTATGGCGCAGACAG-1,0.000076,0.173425,0.826499
TGTCATTTGTTGGGAA-1,0.000286,0.998847,0.000867
TGTCCACGGCTCAACT-1,0.000478,0.86308,0.136442
TGTCCCGACATAGCAC-1,0.000199,0.696841,0.30296
TGTCCGCAAACAATTC-1,0.000065,0.008235,0.9917
TGTCCGTGGCGCCTTT-1,0.000868,0.996499,0.002633
TGTCCTAAGTCACCGC-1,0.001151,0.578331,0.420518
TGTCGGCATGGTGGAA-1,0.0001,0.701448,0.298451
TGTCGTGGGTATAGGC-1,0.003624,0.007336,0.98904
TGTCGTTATCACATAT-1,0.001515,0.659899,0.338586
TGTCTACAGTTTCTGT-1,0.000219,0.800658,0.199123
TGTGACTACGCCAGTC-1,0.000445,0.998207,0.001348
TGTGACTAGAGTTTGC-1,0.001293,0.994791,0.003916
TGTGAGACTAGCCCAA-1,0.000041,0.513304,0.486655
TGTGCCAGAGGCAAAG-1,0.001894,0.992356,0.00575
TGTGCCGGTGCCGGAA-1,0.000087,0.410566,0.589347
TGTGCTTTACGTAAGA-1,0.001414,0.57726,0.421326
TGTGGAGGAAGCTTAA-1,0.000107,0.722941,0.276952
TGTGGCAAAGCGTATG-1,0.000219,0.705352,0.294428
TGTGGCGGGCTTCTGG-1,0.00005,0.904052,0.095898
TGTGGCTCCCACCAAC-1,0.000222,0.92331,0.076468
TGTGGTTGCTAAAGCT-1,0.000066,0.946807,0.053127
TGTGTAGTAGCACGTG-1,0.001588,0.993602,0.00481
TGTGTCGAAGTCGAGG-1,0.000873,0.937643,0.061484
TGTGTCGCGAGTTGCA-1,0.000397,0.670509,0.329093
TGTGTGACCATGAATC-1,0.001176,0.995263,0.003561
TGTGTTCGTATCCAAG-1,0.001042,0.604763,0.394195
TGTTATTGTATGTGGC-1,0.000082,0.655238,0.34468
TGTTCATAAATGTGCT-1,0.00041,0.716476,0.283114
TGTTCCGCTTCCATGA-1,0.000416,0.386057,0.613527
TGTTCCGGCCTGAGCT-1,0.000163,0.418831,0.581006
TGTTCGTATTGCGGTG-1,0.000097,0.304075,0.695829
TGTTCTTCCATTGACT-1,0.000547,0.255036,0.744417
TGTTGCCGTCGTCCCA-1,0.000464,0.989227,0.010309
TGTTGTCAAGAAGTCT-1,0.000339,0.998633,0.001028
TGTTTAATACTTCATC-1,0.000171,0.578887,0.420941
TGTTTCGGTACTTCTC-1,0.00037,0.723572,0.276058
TGTTTCTGAAGCGTGC-1,0.002878,0.988414,0.008707
TGTTTGAGATCGTCAG-1,0.000516,0.997918,0.001566
TTAAACAGAGTCCCGC-1,0.000154,0.833263,0.166583
TTAAACCGGTAGCGAC-1,0.000089,0.379792,0.620118
TTAAACCTGGTTCCTT-1,0.000199,0.639836,0.359965
TTAAACTCGAATTCAT-1,0.000209,0.400992,0.598799
TTAAAGGCGATGCTCG-1,0.000095,0.027048,0.972857
TTAAAGTAAGTCGCCA-1,0.001042,0.995798,0.00316
TTAACACCTCGAACAT-1,0.000379,0.438305,0.561316
TTAACCAACCCTCCCT-1,0.000361,0.626913,0.372726
TTAACGAACAAGCAGT-1,0.000145,0.998433,0.001423
TTAACGTCGCAAGACC-1,0.000112,0.525849,0.474039
TTAACGTTAAAGCCTG-1,0.000503,0.843738,0.155759
TTAACTCACGCGTGGA-1,0.000282,0.423393,0.576324
TTAACTTCAGGTAGGA-1,0.000927,0.259699,0.739374
TTAAGATACCCAGAGA-1,0.001986,0.992001,0.006013
TTAAGATAGGATTGAC-1,0.000085,0.754579,0.245336
TTAAGCCGACAACTTC-1,0.000084,0.223996,0.775921
TTAAGCGCCTGACCCA-1,0.000186,0.051751,0.948063
TTAAGGATACGGAGGT-1,0.000182,0.977487,0.022331
TTAAGGCCCGTACTTT-1,0.004066,0.983605,0.01233
TTAAGTATTGTTATCC-1,0.000144,0.850912,0.148944
TTAATCAGTACGTCAG-1,0.000189,0.345249,0.654562
TTAATGCGAGGTAACT-1,0.000148,0.845017,0.154835
TTAATGTAGACCAGGT-1,0.000123,0.762554,0.237322
TTAATGTGTTTGCAGG-1,0.000134,0.76837,0.231496
TTAATTGCTTTGGGTG-1,0.000035,0.609368,0.390596
TTAATTTCAGACGCGG-1,0.000447,0.998198,0.001356
TTACAACTACGCATCC-1,0.00029,0.465128,0.534582
TTACACGATCTGCGAC-1,0.000751,0.996971,0.002278
TTACAGACCTAAATGA-1,0.000196,0.74389,0.255914
TTACATCGTGGCCTGG-1,0.000363,0.998535,0.001101
TTACATGCCACAACTA-1,0.000071,0.581451,0.418478
TTACCATTGATTACCC-1,0.001084,0.033834,0.965082
TTACCCATTGCCGGGT-1,0.000185,0.386249,0.613566
TTACCCTAACAGTCCT-1,0.000265,0.20181,0.797925
TTACCCTAGGGATTGG-1,0.000048,0.594959,0.404993
TTACCGCCTTAGGGAA-1,0.00031,0.998751,0.00094
TTACGGATGGTTCGAG-1,0.000255,0.563076,0.436669
TTACGGTGTCACCGAG-1,0.000159,0.904899,0.094942
TTACGTATCTATGACA-1,0.000607,0.629124,0.37027
TTACTAAAGGACTTTA-1,0.000039,0.5359,0.464062
TTACTATCGGCTTCTC-1,0.000798,0.30674,0.692462
TTACTCCGGCCGGGAA-1,0.000096,0.548276,0.451628
TTACTCTGGTACGTAC-1,0.001368,0.553088,0.445544
TTACTGGGATATTTCA-1,0.000134,0.369676,0.630189
TTACTGTTTCTCTACG-1,0.000321,0.998705,0.000974
TTAGAAGAACATGACT-1,0.000065,0.665183,0.334752
TTAGAATAAGGGTCGG-1,0.000109,0.606175,0.393716
TTAGACACGATCGTTG-1,0.000247,0.990129,0.009624
TTAGACGAGTCACCTC-1,0.000073,0.902987,0.09694
TTAGAGGGATATACAG-1,0.001304,0.256751,0.741945
TTAGAGTATTGTCGAG-1,0.166667,0.333333,0.5
TTAGAGTTTAGAAGGA-1,0.000057,0.597116,0.402827
TTAGATAGGTCGATAC-1,0.000175,0.187346,0.812479
TTAGCAACATGGATGT-1,0.000291,0.48471,0.515
TTAGCATCCCTCACGT-1,0.000976,0.996066,0.002958
TTAGCCATAGGGCTCG-1,0.166667,0.333333,0.5
TTAGCGAATAGATAGG-1,0.166667,0.333333,0.5
TTAGCTAATACGATCT-1,0.000272,0.624794,0.374934
TTAGCTCTGTAATCCG-1,0.000393,0.411114,0.588493
TTAGCTGATTTGCCGT-1,0.000104,0.739273,0.260623
TTAGGTCATAACCGAC-1,0.001336,0.994619,0.004045
TTAGGTGTGACTGGTC-1,0.000082,0.999671,0.000247
TTAGTAAACCTGCTCT-1,0.000166,0.99652,0.003314
TTAGTAGGGCGGCGGG-1,0.000906,0.438966,0.560127
TTAGTTATTCGTGGCA-1,0.000133,0.999465,0.000402
TTAGTTCAAGTGTTCG-1,0.000282,0.998864,0.000854
TTATAGATGCACATTA-1,0.000149,0.694772,0.305079
TTATAGGTAATTGTCT-1,0.000055,0.671169,0.328776
TTATATACGCTGTCAC-1,0.00006,0.22833,0.77161
TTATATTTGGCAATCC-1,0.000138,0.559913,0.439949
TTATCATACTCGCAAA-1,0.000108,0.999566,0.000327
TTATCCAATCGAACTC-1,0.000219,0.777898,0.221883
TTATCCGGGATCTATA-1,0.000072,0.67224,0.327688
TTATCCTCAAGGAATA-1,0.003337,0.619289,0.377374
TTATCGCCTGCGAAGC-1,0.000684,0.714643,0.284673
TTATCTGACATTAGGA-1,0.00463,0.474988,0.520381
TTATCTGTATCATAAC-1,0.000131,0.02538,0.974489
TTATGAATGAAAGGGA-1,0.000048,0.348019,0.651934
TTATGACAAACTGGAT-1,0.00028,0.402437,0.597283
TTATGATCTTAACGAA-1,0.000092,0.693325,0.306583
TTATGCGTCCCGGTCC-1,0.000216,0.585564,0.414221
TTATGTTTGCGATAGA-1,0.000388,0.341978,0.657635
TTATTAGAGCGTGTTC-1,0.000089,0.527293,0.472617
TTATTAGGGAAGCATC-1,0.000311,0.683163,0.316526
TTATTATCTGGAAGGC-1,0.001105,0.995547,0.003348
TTATTTCATCCCAAAC-1,0.000131,0.999474,0.000396
TTCAAAGTCTCTAGCC-1,0.000077,0.568169,0.431754
TTCAACGACCCGACCG-1,0.000449,0.998188,0.001363
TTCAAGCCGAGCTGAG-1,0.000173,0.819644,0.180183
TTCAATACTCTGAATC-1,0.000087,0.595143,0.40477
TTCAATTAGCCATAAT-1,0.000231,0.898641,0.101128
TTCACGAAAGGATCAC-1,0.000147,0.839058,0.160795
TTCACGGTCGTCACGT-1,0.001062,0.995719,0.003218
TTCACTCGAGCACCTA-1,0.000106,0.860313,0.139581
TTCACTTCCTAGAACG-1,0.000077,0.682405,0.317518
TTCAGAGTAACCTGAC-1,0.000064,0.521743,0.478193
TTCAGCCCTGGTCCAC-1,0.000053,0.775045,0.224902
TTCAGCTGGCGTGCCC-1,0.000163,0.33027,0.669567
TTCAGGCGTCAAAGCC-1,0.001989,0.539164,0.458847
TTCAGTTCAAGAGGAG-1,0.000121,0.536705,0.463174
TTCAGTTTGTGGCAGC-1,0.000363,0.736655,0.262982
TTCATAGCCTTGTAAC-1,0.000078,0.887037,0.112886
TTCATAGGGTGTCCAT-1,0.000199,0.945085,0.054717
TTCATGGCGCAACAGG-1,0.00013,0.289394,0.710476
TTCCAATCAGAGCTAG-1,0.000269,0.702536,0.297195
TTCCAATCTGGCTATC-1,0.000942,0.601764,0.397294
TTCCACACAGATTTGA-1,0.001651,0.417855,0.580494
TTCCAGACGAGATTTA-1,0.0002,0.735311,0.264489
TTCCAGTGGGTTTCGT-1,0.006667,0.013498,0.979835
TTCCATCATGCGGTGA-1,0.000592,0.997615,0.001793
TTCCATCGACAGCGTG-1,0.001017,0.9959,0.003083
TTCCCGGCGCCAATAG-1,0.001076,0.995663,0.003261
TTCCGCAGAGAAATAT-1,0.000128,0.039917,0.959954
TTCCGCGTGAGGCGAT-1,0.000077,0.413775,0.586149
TTCCGGCCTTGAGGCT-1,0.000769,0.147599,0.851631
TTCCGGTATCTGTGTC-1,0.000238,0.922447,0.077315
TTCCGGTTACCCACTT-1,0.000081,0.489808,0.510112
TTCCTCGAGGGTGTCT-1,0.000406,0.650723,0.348871
TTCCTCGGACTAACCA-1,0.000076,0.851181,0.148743
TTCCTCTGCCCGAATA-1,0.000779,0.852245,0.146976
TTCCTTTCTGTGTTGC-1,0.000191,0.401548,0.598262
TTCGAACGAAACATGC-1,0.000566,0.001141,0.998293
TTCGACAGAGCCCGTG-1,0.000093,0.857071,0.142836
TTCGACGGGAAGGGCG-1,0.000367,0.406806,0.592826
TTCGCACTCGCGTGCT-1,0.000377,0.431512,0.568111
TTCGCACTGTACGACA-1,0.000056,0.755184,0.24476
TTCGCATCCGGAAGCA-1,0.000206,0.944753,0.055041
TTCGCCGCTCGCGCTA-1,0.003624,0.62804,0.368335
TTCGCGCGCCATACGA-1,0.000153,0.999383,0.000464
TTCGCTAGGAAGTTGT-1,0.000247,0.920287,0.079466
TTCGCTATCTGACGTG-1,0.000199,0.51303,0.486772
TTCGGACTGGGCATGG-1,0.001256,0.994947,0.003797
TTCGGCAACCCGCTGA-1,0.000195,0.463011,0.536794
TTCGGCTAGAGATGGT-1,0.000402,0.256029,0.743569
TTCGGGACTAATCGCG-1,0.000107,0.967824,0.032069
TTCGGGCGCTAGTCTT-1,0.002317,0.99066,0.007023
TTCGGGTTGCCACGGG-1,0.001142,0.995394,0.003464
TTCGGTACTGTAGAGG-1,0.000033,0.338566,0.661401
TTCGGTGGAGACGCCC-1,0.000523,0.997893,0.001584
TTCGTAATCCCAGCGG-1,0.000194,0.382055,0.617751
TTCGTACTCCAGAACG-1,0.000437,0.257516,0.742048
TTCGTGCATGTTATAG-1,0.083355,0.168044,0.748601
TTCGTTCAACGAAGTT-1,0.000197,0.812576,0.187227
TTCTAACCGAAGCTTA-1,0.000129,0.670801,0.32907
TTCTACCTCAATCGGT-1,0.002825,0.988624,0.008551
TTCTACCTTTATGTTG-1,0.000552,0.997774,0.001673
TTCTACTTGCGAGGGC-1,0.000528,0.695824,0.303648
TTCTAGAAAGTCTTAT-1,0.000162,0.929002,0.070836
TTCTAGGCCAATTGTG-1,0.000235,0.117754,0.882011
TTCTATGCCTTTCGCA-1,0.000318,0.89996,0.099722
TTCTATTAAACGCAGC-1,0.00006,0.766806,0.233134
TTCTCAATTGCTACAA-1,0.000769,0.996904,0.002327
TTCTCTTACAGGTGAT-1,0.002924,0.988212,0.008864
TTCTGACCGGGCTCAA-1,0.000052,0.663424,0.336524
TTCTGCCGCGCCTAGA-1,0.000076,0.721012,0.278912
TTCTGCGAGCGCCCTT-1,0.001263,0.62161,0.377126
TTCTGCGGGTTAGCGG-1,0.000074,0.267047,0.732879
TTCTGCTAGACTCCAA-1,0.000133,0.157644,0.842222
TTCTGTTTCCTGTCGC-1,0.00039,0.963029,0.036581
TTCTTAGTGAACGGTG-1,0.000281,0.134267,0.865452
TTCTTAGTGGCTCAGA-1,0.000473,0.998096,0.001432
TTCTTATCCGCTGGGT-1,0.000176,0.757824,0.242
TTCTTCCCTTTGATAT-1,0.00037,0.998509,0.001121
TTCTTGAGCCGCGCTA-1,0.002646,0.989331,0.008023
TTCTTGCTAGCATCTC-1,0.000161,0.675332,0.324507
TTCTTGGACGATCTGC-1,0.001702,0.993138,0.005161
TTCTTGGAGTAATGAG-1,0.000272,0.620784,0.378944
TTCTTGTAACCTAATG-1,0.000353,0.457824,0.541822
TTCTTGTGTCCATCAG-1,0.000571,0.720033,0.279397
TTCTTTGGTCGCGACG-1,0.000202,0.51889,0.480908
TTGAAAGGTGTAAAGG-1,0.000264,0.998937,0.000799
TTGAACGAATCCTTTG-1,0.00055,0.948687,0.050763
TTGAACGACGTGCTGA-1,0.00005,0.189703,0.810247
TTGAAGAATTCCCAGG-1,0.000074,0.188158,0.811767
TTGAAGGATGGGCGCC-1,0.001961,0.347378,0.65066
TTGAATATGGACTTTC-1,0.000074,0.144403,0.855522
TTGAATCGTTGTATAA-1,0.002652,0.737583,0.259765
TTGAATTCACGTGAGG-1,0.000119,0.702739,0.297142
TTGACAGGAGCTCCCG-1,0.00007,0.478384,0.521546
TTGACATGAACGTGGA-1,0.00192,0.992265,0.005816
TTGACCAGGAACAACT-1,0.000043,0.89778,0.102177
TTGACCATGTTCTCCG-1,0.000225,0.28392,0.715855
TTGACCGTGTTAATGA-1,0.002454,0.990118,0.007429
TTGACGATTCAGCACG-1,0.000212,0.822693,0.177095
TTGACGCTCCATGAGC-1,0.000082,0.470602,0.529317
TTGACTACCATATGGT-1,0.001253,0.451455,0.547292
TTGACTATTGTCCGGC-1,0.000056,0.126306,0.873638
TTGAGAAGTTTAGCAT-1,0.000108,0.774427,0.225465
TTGAGAGTACTGCTAA-1,0.000748,0.230107,0.769145
TTGAGCAGCCCACGGT-1,0.000166,0.999291,0.000543
TTGAGCGCCACGTGAT-1,0.000226,0.973393,0.026381
TTGAGTCCCGCTGCTG-1,0.000211,0.998856,0.000934
TTGATAGTCAATACAT-1,0.000219,0.999118,0.000663
TTGATCTAACTTTGTC-1,0.000576,0.918257,0.081167
TTGATGCCGCTCGTCG-1,0.000561,0.733355,0.266084
TTGATGTGTAGTCCCG-1,0.000314,0.838202,0.161484
TTGATTAGCTGTTTCT-1,0.003547,0.98569,0.010763
TTGATTATGCAGATGA-1,0.000637,0.655513,0.34385
TTGCAAGAAGACTCCT-1,0.000112,0.561277,0.43861
TTGCACAATTCAGAAA-1,0.000063,0.124582,0.875356
TTGCACGGAGCAGCAC-1,0.000247,0.113629,0.886124
TTGCATGCTGATCACG-1,0.000805,0.60755,0.391644
TTGCCAAGCAGAACCC-1,0.000161,0.999351,0.000488
TTGCCATAGCCCGCTC-1,0.003548,0.985696,0.010756
TTGCCCTGATCACGGG-1,0.000646,0.17484,0.824514
TTGCCGCAGACCTACA-1,0.003275,0.986812,0.009913
TTGCCGCTTTCTAGTA-1,0.000055,0.730241,0.269704
TTGCCGGTGATCCCTC-1,0.000403,0.974611,0.024986
TTGCCTAATCCAAAGT-1,0.001263,0.994907,0.00383
TTGCCTTCTCGCCGGG-1,0.00083,0.996656,0.002514
TTGCGCACAACCACGT-1,0.027784,0.888185,0.084031
TTGCGCTCTCTCGCTT-1,0.000538,0.997831,0.001631
TTGCGCTTGATCAATA-1,0.000768,0.996903,0.002329
TTGCGGAAAGCTGCCC-1,0.083334,0.663661,0.253005
TTGCGGCATCAGAAAG-1,0.000958,0.996134,0.002908
TTGCGGCGACTCATGC-1,0.000252,0.998983,0.000764
TTGCGTAGTTTGAGGA-1,0.000814,0.789148,0.210038
TTGCGTCGGCCAACCG-1,0.003788,0.598988,0.397224
TTGCGTGAACGCTTAG-1,0.000292,0.832019,0.16769
TTGCGTGTGTAGGCAT-1,0.000307,0.991719,0.007973
TTGCTAGCTACCAATC-1,0.000139,0.839974,0.159887
TTGCTCATAGTACGTG-1,0.000882,0.968174,0.030944
TTGCTCCCATACCGGA-1,0.000422,0.914959,0.084619
TTGCTGAAGGAACCAC-1,0.000344,0.559405,0.440252
TTGCTGATCATGTTCG-1,0.000136,0.620899,0.378965
TTGCTGCACCTATCCA-1,0.00042,0.05505,0.94453
TTGCTGGCCGGGCTTC-1,0.000117,0.221,0.778883
TTGGAAGAATACAGTC-1,0.005054,0.252831,0.742116
TTGGACATGTGGCTTA-1,0.001105,0.5494,0.449496
TTGGACCATCTGGCAA-1,0.000332,0.725579,0.274089
TTGGACCTATAACAGT-1,0.000064,0.818477,0.181459
TTGGAGTCTCCCTTCT-1,0.000118,0.513556,0.486326
TTGGATATCGTCTACG-1,0.000361,0.779057,0.220582
TTGGATCGACTTCTGG-1,0.00021,0.661463,0.338326
TTGGATTGGGTACCAC-1,0.000186,0.370246,0.629568
TTGGCCAAATTGTATC-1,0.00078,0.833695,0.165526
TTGGCCATCTTGCGCT-1,0.000216,0.080703,0.919081
TTGGCCTAGAATTTCG-1,0.000281,0.998866,0.000853
TTGGCGATCCGAATAT-1,0.000231,0.886506,0.113263
TTGGCTCAATATGTGT-1,0.000818,0.996704,0.002478
TTGGCTCGCATGAGAC-1,0.000595,0.905951,0.093454
TTGGGAAGACGAGCCG-1,0.000056,0.596613,0.403331
TTGGGACACTGCCCGC-1,0.000074,0.000604,0.999322
TTGGGACGTAAGAGTT-1,0.000759,0.786061,0.21318
TTGGGCGGCGGTTGCC-1,0.000157,0.614947,0.384896
TTGGTATGGCTTGTGT-1,0.000363,0.996041,0.003596
TTGGTCACACTCGTAA-1,0.000647,0.749917,0.249436
TTGGTTGCGGTGCGCG-1,0.002315,0.990668,0.007017
TTGTAAGGACCTAAGT-1,0.002433,0.990242,0.007325
TTGTAAGGCCAGTTGG-1,0.000276,0.464811,0.534912
TTGTAATCCGTACTCG-1,0.000091,0.265031,0.734878
TTGTACACCTCGAACA-1,0.001356,0.943438,0.055205
TTGTATCACACAGAAT-1,0.00031,0.746952,0.252738
TTGTCACCGCGGTATC-1,0.002253,0.990914,0.006833
TTGTCGTTCAGTTACC-1,0.000438,0.749387,0.250175
TTGTCTCGGCAAGATG-1,0.015167,0.938799,0.046034
TTGTGAACCTAATCCG-1,0.000088,0.654871,0.34504
TTGTGAGGCATGACGC-1,0.003883,0.984362,0.011754
TTGTGATCTGTTCAGT-1,0.002137,0.765758,0.232105
TTGTGCAGCCACGTCA-1,0.000063,0.767585,0.232352
TTGTGCGGAAGCGGAT-1,0.002874,0.988414,0.008712
TTGTGGAGACAGCCGG-1,0.05556,0.111808,0.832633
TTGTGGCCCTGACAGT-1,0.000418,0.76037,0.239212
TTGTGGTAGGAGGGAT-1,0.003791,0.608897,0.387312
TTGTGGTGGTACTAAG-1,0.000209,0.764051,0.23574
TTGTGTATGCCACCAA-1,0.000144,0.943561,0.056295
TTGTGTTTCCCGAAAG-1,0.000094,0.452212,0.547694
TTGTTAGCAAATTCGA-1,0.000458,0.823935,0.175606
TTGTTCAGTGTGCTAC-1,0.000176,0.316936,0.682888
TTGTTCTAGATACGCT-1,0.000138,0.264902,0.73496
TTGTTGGCAATGACTG-1,0.083333,0.664933,0.251734
TTGTTGTGTGTCAAGA-1,0.000127,0.172152,0.827721
TTGTTTCACATCCAGG-1,0.002037,0.844551,0.153412
TTGTTTCATTAGTCTA-1,0.003087,0.987544,0.009369
TTGTTTCCATACAACT-1,0.00172,0.993067,0.005214
TTGTTTGTATTACACG-1,0.000143,0.196134,0.803723
TTGTTTGTGTAAATTC-1,0.000135,0.755431,0.244434
