Barcode,Topic 1,Topic 2to3,Topic 4to6,Topic 7,Topic 8,Topic 9to10
AAACAACGAATAGTTC-1,0.99543,0.000054,0.000866,0.000027,0.001913,0.00171
AAACAAGTATCTCCCA-1,0.002791,0.318787,0.354012,0.163183,0.046533,0.114695
AAACAATCTACTAGCA-1,0.854535,0.000109,0.000163,0.061331,0.000054,0.083809
AAACACCAATAACTGC-1,0.000021,0.043338,0.038029,0.162766,0.018311,0.737534
AAACAGAGCGACTCCT-1,0.062791,0.022661,0.340439,0.48121,0.033078,0.059821
AAACAGCTTTCAGAAG-1,0.000007,0.259103,0.658025,0.037335,0.008285,0.037244
AAACAGGGTCTATATT-1,0.000021,0.004978,0.025034,0.795637,0.010605,0.163724
AAACAGTGTTCCTGGG-1,0.000007,0.608636,0.189588,0.09433,0.006482,0.100957
AAACATGGTGAGAGGA-1,0.000009,0.223822,0.155716,0.369466,0.006746,0.244241
AAACATTTCCCGGATT-1,0.000033,0.122992,0.030065,0.598866,0.004692,0.243351
AAACCACTACACAGAT-1,0.006964,0.04939,0.771587,0.041596,0.120817,0.009647
AAACCCGAACGAAATC-1,0.000009,0.088812,0.294548,0.474371,0.05217,0.090089
AAACCGGAAATGTTAA-1,0.001241,0.359769,0.091759,0.162604,0.089594,0.295032
AAACCGGGTAGGTACC-1,0.001623,0.018994,0.041709,0.131425,0.309099,0.497151
AAACCGTTCGTCCAGG-1,0.003845,0.189532,0.182961,0.334282,0.025746,0.263633
AAACCTAAGCAGCCGG-1,0.000012,0.340874,0.097787,0.388549,0.002581,0.170196
AAACCTCATGAAGTTG-1,0.038805,0.012593,0.116349,0.792571,0.014923,0.024759
AAACGAAGAACATACC-1,0.353128,0.077389,0.211658,0.079149,0.027226,0.251451
AAACGAAGATGGAGTA-1,0.00003,0.00006,0.000089,0.317985,0.00003,0.681807
AAACGACAGTCTTGCC-1,0.000018,0.048526,0.662487,0.041993,0.220813,0.026164
AAACGAGACGGTTGAT-1,0.000025,0.022691,0.138654,0.490209,0.08599,0.26243
AAACGCCCGAGATCGG-1,0.01196,0.079567,0.665525,0.111557,0.082569,0.048822
AAACGCTGGGCACGAC-1,0.000011,0.27914,0.240366,0.236782,0.004879,0.238822
AAACGGGCGTACGGGT-1,0.000015,0.197187,0.062836,0.5146,0.016964,0.208398
AAACGGGTTGGTATCC-1,0.999849,0.000034,0.00005,0.000017,0.000017,0.000034
AAACGGTTGCGAACTG-1,0.004988,0.479829,0.073665,0.219799,0.00607,0.215648
AAACGTGTTCGCCCTA-1,0.034666,0.055776,0.330199,0.241249,0.103863,0.234246
AAACTAACGTGGCGAC-1,0.000764,0.083723,0.776055,0.000028,0.139404,0.000025
AAACTCGGTTCGCAAT-1,0.000008,0.584806,0.290463,0.018972,0.019454,0.086297
AAACTCGTGATATAAG-1,0.01466,0.082207,0.400859,0.168047,0.156741,0.177487
AAACTGCTGGCTCCAA-1,0.000033,0.011226,0.022843,0.765825,0.016887,0.183186
AAACTTAATTGCACGC-1,0.000013,0.179299,0.165868,0.2852,0.034608,0.335012
AAACTTGCAAACGTAT-1,0.000006,0.604248,0.394047,0.000006,0.001297,0.000396
AAAGAATGACCTTAGA-1,0.000042,0.248345,0.291381,0.284779,0.004449,0.171003
AAAGAATGTGGACTAA-1,0.000007,0.811629,0.174384,0.000007,0.001812,0.012162
AAAGACATGAAGTTTA-1,0.033153,0.074041,0.479066,0.231724,0.127793,0.054224
AAAGACCCAAGTCGCG-1,0.626442,0.000639,0.01575,0.121081,0.09073,0.145358
AAAGACTGGGCGCTTT-1,0.023567,0.000085,0.227588,0.54763,0.185259,0.015872
AAAGCTTGCCTACATA-1,0.000008,0.135645,0.592726,0.258672,0.004935,0.008014
AAAGGCCCTATAATAC-1,0.000009,0.436757,0.143407,0.167043,0.033256,0.219527
AAAGGCTACGGACCAT-1,0.093688,0.262927,0.215702,0.254166,0.006179,0.167337
AAAGGCTCTCGCGCCG-1,0.000021,0.053696,0.041433,0.556003,0.020427,0.32842
AAAGGGATGTAGCAAG-1,0.092922,0.018175,0.0865,0.102256,0.592249,0.107897
AAAGGGCAGCTTGAAT-1,0.082834,0.075679,0.454439,0.223843,0.107878,0.055325
AAAGGTAAGCTGTACC-1,0.033543,0.081644,0.558456,0.11788,0.146194,0.062283
AAAGGTCAACGACATG-1,0.034736,0.054698,0.409007,0.267607,0.140124,0.093828
AAAGTAGCATTGCTCA-1,0.000016,0.326947,0.362103,0.06665,0.012447,0.231836
AAAGTCACTGATGTAA-1,0.548213,0.001205,0.001808,0.367458,0.080111,0.001205
AAAGTCGACCCTCAGT-1,0.005079,0.001028,0.016321,0.804144,0.029028,0.1444
AAAGTGCCATCAATTA-1,0.000013,0.370124,0.236359,0.158437,0.013557,0.221511
AAAGTGTGATTTATCT-1,0.000033,0.003727,0.035879,0.512373,0.029601,0.418386
AAAGTTGACTCCCGTA-1,0.01032,0.037378,0.091054,0.844565,0.000043,0.01664
AAATAACCATACGGGA-1,0.009353,0.152868,0.662051,0.008848,0.148668,0.018212
AAATAAGGTAGTGCCC-1,0.013955,0.10064,0.519814,0.287346,0.006876,0.071368
AAATACCTATAAGCAT-1,0.004147,0.000905,0.001656,0.553583,0.04615,0.393558
AAATAGCTTAGACTTT-1,0.021938,0.024841,0.043343,0.823921,0.003266,0.082691
AAATAGGGTGCTATTG-1,0.00003,0.051476,0.030328,0.66884,0.027147,0.222179
AAATCACTCCTAAACG-1,0.000011,0.101717,0.693145,0.024338,0.150643,0.030147
AAATCCGATACACGCC-1,0.010978,0.417069,0.469953,0.072815,0.004192,0.024993
AAATCGCGGAAGGAGT-1,0.00003,0.00006,0.000089,0.122283,0.011578,0.86596
AAATCGTGTACCACAA-1,0.043068,0.019212,0.090708,0.569142,0.058286,0.219583
AAATCTAGCCCTGCTA-1,0.000049,0.160664,0.005014,0.778735,0.000049,0.05549
AAATCTGCCCGCGTCC-1,0.000011,0.4906,0.220832,0.127101,0.006751,0.154705
AAATGACTGATCAAAC-1,0.006137,0.142055,0.024135,0.350956,0.0011,0.475617
AAATGATTCGATCAGC-1,0.023966,0.053526,0.561942,0.334997,0.011641,0.013928
AAATGCTCGTTACGTT-1,0.476818,0.052806,0.223471,0.028384,0.028726,0.189796
AAATGGCATGTCTTGT-1,0.035241,0.035128,0.586482,0.19283,0.146038,0.004281
AAATGGCCCGTGCCCT-1,0.015249,0.088702,0.045381,0.310617,0.002854,0.537196
AAATGGTCAATGTGCC-1,0.024909,0.000087,0.212868,0.548416,0.094249,0.119471
AAATGTATCTTATCCC-1,0.000011,0.06943,0.568918,0.017859,0.303252,0.040531
AAATGTGGGTGCTCCT-1,0.901273,0.001087,0.095465,0.000544,0.000544,0.001087
AAATTAACGGGTAGCT-1,0.011976,0.024319,0.355241,0.323942,0.158503,0.126018
AAATTAATAAGCGCGA-1,0.005519,0.027496,0.498526,0.442215,0.017094,0.00915
AAATTACACGACTCTG-1,0.036523,0.118248,0.54133,0.014261,0.276126,0.013513
AAATTACCTATCGATG-1,0.000016,0.091174,0.563004,0.231587,0.08525,0.028969
AAATTCCAGGTCCAAA-1,0.001865,0.039703,0.168204,0.460328,0.124817,0.205084
AAATTGATAGTCCTTT-1,0.000039,0.2023,0.122567,0.092467,0.036095,0.546531
AAATTGCGGCGGTTCT-1,0.775237,0.000135,0.000203,0.200027,0.000068,0.02433
AAATTGGTGAGAAGCA-1,0.020439,0.132065,0.650297,0.099303,0.061442,0.036453
AAATTTACCGAAATCC-1,0.011249,0.072591,0.620487,0.041628,0.214325,0.03972
AAATTTGCGGGTGTGG-1,0.000014,0.137034,0.691134,0.048489,0.022657,0.100672
AACAACTGGTAGTTGC-1,0.033897,0.000092,0.010135,0.737178,0.107658,0.11104
AACAATACATTGTCGA-1,0.000011,0.444428,0.137986,0.107214,0.011988,0.298373
AACAATTACTCTACGC-1,0.017919,0.01593,0.308386,0.281017,0.276208,0.100541
AACACACGCTCGCCGC-1,0.000027,0.028914,0.124513,0.539122,0.067985,0.239439
AACACGACTGTACTGA-1,0.264109,0.05841,0.123511,0.260278,0.101726,0.191966
AACACGAGACGCGGCC-1,0.00172,0.105379,0.304072,0.307325,0.053451,0.228053
AACACGCGGCCGCGAA-1,0.792614,0.0639,0.096662,0.045621,0.000035,0.001167
AACAGCTGTGTGGCAA-1,0.012773,0.341457,0.086587,0.008469,0.096486,0.454228
AACAGGAAATCGAATA-1,0.033419,0.07715,0.544652,0.254409,0.028888,0.061482
AACAGGATGGGCCGCG-1,0.041287,0.000044,0.173632,0.666838,0.090985,0.027214
AACAGGTAGTATGGAT-1,0.00002,0.16384,0.384354,0.386845,0.01462,0.050322
AACATAGCGTGTATCG-1,0.000019,0.405713,0.133144,0.164247,0.007089,0.289787
AACATATCAACTGGTG-1,0.000031,0.010736,0.067404,0.771817,0.01453,0.135482
AACATCGATACGTCTA-1,0.000028,0.01564,0.285013,0.362034,0.227552,0.109733
AACATTGAAGTTGATC-1,0.000009,0.543173,0.287577,0.038898,0.013781,0.116561
AACATTGGTCAGCCGT-1,0.911984,0.0001,0.00015,0.087615,0.00005,0.0001
AACATTGTGACTCGAG-1,0.00052,0.279983,0.120621,0.364783,0.004774,0.229319
AACCAAGACTTCTCTG-1,0.007818,0.012489,0.419233,0.459704,0.069951,0.030804
AACCAGTATCACTCTT-1,0.061434,0.163288,0.507803,0.00422,0.223445,0.03981
AACCATAGGGTTGAAC-1,0.000013,0.2301,0.144418,0.424446,0.011429,0.189595
AACCATGGGATCGCTA-1,0.609253,0.000135,0.000203,0.219286,0.095101,0.076023
AACCCAGAGACGGAGA-1,0.250804,0.175467,0.465714,0.035294,0.04041,0.03231
AACCCATCCCATGATC-1,0.012036,0.173297,0.037451,0.297581,0.000034,0.479601
AACCCGACAACCCGTG-1,0.000015,0.324017,0.100738,0.125109,0.014483,0.435639
AACCCGAGCAGAATCG-1,0.000022,0.035186,0.164801,0.26123,0.136355,0.402406
AACCCGATAGGGCTTC-1,0.006514,0.060057,0.476935,0.195782,0.129152,0.13156
AACCCGCTGTATTCCA-1,0.002616,0.666241,0.103979,0.080638,0.004892,0.141634
AACCCTACTGTCAATA-1,0.000018,0.082572,0.637101,0.263735,0.004322,0.012253
AACCCTGGTGGAACCA-1,0.149101,0.033606,0.35363,0.165555,0.024441,0.273667
AACCGAGCTTGGTCAT-1,0.00016,0.016619,0.332331,0.530476,0.094609,0.025804
AACCGCTAAGGGATGC-1,0.005503,0.103801,0.552395,0.116934,0.063002,0.158365
AACCGTTGTGTTTGCT-1,0.05963,0.246446,0.42557,0.000043,0.262271,0.006039
AACCTAAAGCCGTCCG-1,0.138045,0.02226,0.243183,0.370247,0.00023,0.226036
AACCTCGCTTTAGCCC-1,0.000033,0.142838,0.033219,0.34103,0.044499,0.438382
AACCTGTCACGGAATT-1,0.000013,0.156229,0.676802,0.128671,0.021101,0.017184
AACCTTTAAATACGGT-1,0.000017,0.240722,0.280467,0.393784,0.001961,0.083049
AACCTTTACGACGTCT-1,0.012585,0.098442,0.685603,0.004914,0.190008,0.008449
AACGAAAGTCGTCCCA-1,0.000033,0.000067,0.0001,0.305521,0.004136,0.690144
AACGACCTCCTAGCCG-1,0.000345,0.505221,0.165702,0.041053,0.019358,0.26832
AACGATAATGCCGTAG-1,0.000016,0.072552,0.185287,0.310771,0.087532,0.343842
AACGATAGAAGGGCCG-1,0.320338,0.014453,0.019705,0.312669,0.033581,0.299255
AACGATATGTCAACTG-1,0.000037,0.029925,0.169351,0.376339,0.149192,0.275156
AACGCATGATCTGGGT-1,0.073428,0.008284,0.055577,0.625234,0.048209,0.189267
AACGCGAACGGCAACA-1,0.999793,0.000046,0.000069,0.000023,0.000023,0.000046
AACGCGACCTTGGGCG-1,0.000163,0.539304,0.168024,0.072931,0.003888,0.21569
AACGCGGTCTCCAGCC-1,0.000028,0.058931,0.860186,0.009737,0.0329,0.038219
AACGCTGTTGCTGAAA-1,0.00003,0.156168,0.739782,0.087603,0.001521,0.014895
AACGGACGTACGTATA-1,0.000025,0.057772,0.021527,0.797874,0.000133,0.12267
AACGGCCATCTCCGGT-1,0.00952,0.101115,0.091784,0.605348,0.00789,0.184342
AACGTACTGTGGGTAC-1,0.000025,0.076996,0.179536,0.428503,0.057771,0.25717
AACGTAGTCTACCCAT-1,0.956724,0.00013,0.000195,0.000065,0.000065,0.042821
AACGTCAGACTAGTGG-1,0.046159,0.027662,0.153628,0.406082,0.248873,0.117596
AACGTCATCCGGCTTG-1,0.000673,0.125811,0.0129,0.230515,0.000036,0.630065
AACGTCGCTGCACTTC-1,0.00418,0.529031,0.128655,0.031762,0.009071,0.297299
AACGTGATGAAGGACA-1,0.00002,0.075256,0.410584,0.184964,0.249972,0.079203
AACGTGCGAAAGTCTC-1,0.00163,0.134779,0.604446,0.247011,0.003748,0.008386
AACGTTATCAGCACCT-1,0.080078,0.128587,0.531115,0.088487,0.120867,0.050865
AACGTTCTACCATTGT-1,0.011346,0.000073,0.000109,0.000036,0.034704,0.953731
AACTACCCGTTTGTCA-1,0.000028,0.023429,0.059479,0.647722,0.031911,0.237431
AACTAGCGTATCGCAC-1,0.633468,0.000207,0.01604,0.000104,0.053521,0.29666
AACTAGGCTTGGGTGT-1,0.000041,0.105572,0.208549,0.326285,0.011272,0.348282
AACTCAAGTTAATTGC-1,0.048011,0.033127,0.133263,0.395965,0.173493,0.216141
AACTCCAGAGCGTGTT-1,0.000018,0.291099,0.461585,0.125825,0.018959,0.102514
AACTCCTAATCCCATG-1,0.000038,0.023399,0.385387,0.274822,0.079921,0.236432
AACTCGATAAACACGT-1,0.967654,0.000054,0.000081,0.000644,0.004582,0.026986
AACTCGATGGCGCAGT-1,0.625972,0.000095,0.000143,0.028572,0.000048,0.34517
AACTCTCAATAGAGCG-1,0.000018,0.088568,0.551638,0.286136,0.023244,0.050395
AACTCTCAGTGTGCTC-1,0.000018,0.405225,0.436989,0.091969,0.006553,0.059247
AACTGAGGTCAGCGTC-1,0.019261,0.17088,0.710557,0.000017,0.099249,0.000035
AACTGAGTTATACTGA-1,0.000015,0.227586,0.52114,0.171763,0.006029,0.073468
AACTGATATTAGGCCT-1,0.000042,0.142035,0.311163,0.23546,0.23302,0.078279
AACTGGGTCCCGACGT-1,0.005495,0.002548,0.254801,0.713902,0.019552,0.003703
AACTGGGTTCGAGCCG-1,0.018247,0.133014,0.685563,0.002191,0.160274,0.000712
AACTGGTGTGGGCCTT-1,0.477559,0.318777,0.169364,0.000031,0.015445,0.018824
AACTTCTGCGTCTATC-1,0.183209,0.072652,0.016382,0.405712,0.04172,0.280326
AACTTGCCCGTATGCA-1,0.031863,0.005914,0.281513,0.291688,0.225296,0.163726
AACTTGCGTTCTCGCG-1,0.38884,0.103745,0.212019,0.056381,0.163337,0.075679
AACTTTACGGGAGCTT-1,0.010672,0.009376,0.268551,0.653496,0.023412,0.034493
AACTTTAGCTGCTGAG-1,0.793825,0.009153,0.000219,0.131544,0.000073,0.065187
AACTTTCTCGATCATG-1,0.016215,0.090145,0.790036,0.07937,0.018612,0.005622
AAGAAAGTTTGATGGG-1,0.000008,0.541356,0.170486,0.184028,0.004981,0.099141
AAGAAATCACCAGATT-1,0.022171,0.011567,0.249351,0.465684,0.038089,0.213138
AAGAAGGATCAGTTAG-1,0.585796,0.000108,0.000162,0.013116,0.052716,0.348102
AAGACATACGTGGTTT-1,0.000012,0.34756,0.509988,0.092758,0.010416,0.039266
AAGACCAAATAACTCA-1,0.000006,0.601895,0.272528,0.020382,0.012777,0.092411
AAGACCCAACTGAACA-1,0.008564,0.276972,0.221286,0.187526,0.007434,0.298219
AAGACTAACCCGTTGT-1,0.870727,0.046749,0.047517,0.001316,0.016491,0.017201
AAGACTCACGCCCACT-1,0.022796,0.059808,0.450066,0.237797,0.170646,0.058887
AAGACTGCAAGCTACT-1,0.000024,0.082773,0.359093,0.197383,0.162295,0.198432
AAGAGATGAATCGGTA-1,0.074767,0.025608,0.187574,0.669266,0.022658,0.020127
AAGAGCTCTTTATCGG-1,0.000042,0.060737,0.280938,0.490612,0.052781,0.11489
AAGAGGATGTACGCGA-1,0.005453,0.000307,0.016771,0.944239,0.006986,0.026245
AAGAGGCATGGATCGC-1,0.010566,0.023131,0.212748,0.538552,0.026216,0.188787
AAGAGGCCCTTTGGAA-1,0.000024,0.053968,0.15412,0.484327,0.050309,0.257251
AAGATGGCACCGGACC-1,0.000019,0.070114,0.069853,0.230082,0.062174,0.567758
AAGATTGGCGGAACGT-1,0.005127,0.002561,0.171235,0.812277,0.002623,0.006176
AAGCACCCTGCGTATC-1,0.000029,0.451537,0.257932,0.248429,0.000105,0.041968
AAGCATACTCTCCTGA-1,0.000018,0.072274,0.224948,0.392715,0.071243,0.238802
AAGCCACTTGCAGGTA-1,0.000012,0.583465,0.191513,0.174589,0.001339,0.049081
AAGCCGAAGCGGTTTA-1,0.000028,0.057365,0.096393,0.769056,0.00986,0.067299
AAGCCGCCGTGAAATC-1,0.000011,0.497239,0.172818,0.08922,0.017858,0.222854
AAGCCGCTTTACCTTG-1,0.024156,0.035234,0.553521,0.31288,0.013412,0.060797
AAGCCGGAGAGCAGGA-1,0.008566,0.058231,0.087664,0.511205,0.014886,0.319448
AAGCGCAGGGCTTTGA-1,0.000018,0.353404,0.141821,0.266597,0.002814,0.235346
AAGCGGAGTGCGCGCA-1,0.017124,0.038488,0.228588,0.24835,0.237567,0.229884
AAGCGGCGTCATGGGT-1,0.043752,0.123756,0.613215,0.149761,0.03706,0.032457
AAGCGTCCCTCATCGA-1,0.000012,0.649302,0.078324,0.000012,0.041083,0.231266
AAGCTAGATCGAGTAA-1,0.004924,0.355983,0.367323,0.107885,0.02479,0.139095
AAGCTATGGATTGACC-1,0.061403,0.056853,0.002301,0.371531,0.008503,0.499408
AAGCTCGTGCCAAGTC-1,0.007778,0.001341,0.266333,0.707365,0.00739,0.009792
AAGCTCTTTCATGGTG-1,0.000044,0.181982,0.162555,0.532595,0.008359,0.114466
AAGGAGAACTTATAAG-1,0.365788,0.001143,0.001715,0.000572,0.000572,0.63021
AAGGAGCGGTTGGTGC-1,0.098033,0.001049,0.19207,0.590763,0.112273,0.005811
AAGGATCGATCGCTTG-1,0.000026,0.007609,0.001664,0.930552,0.001442,0.058707
AAGGATGAGGGACCTC-1,0.000028,0.015532,0.477738,0.422839,0.076654,0.007209
AAGGCAGGCTGTCTCC-1,0.000035,0.007735,0.007595,0.960863,0.000035,0.023737
AAGGCGCGTAAAGCTT-1,0.000017,0.136629,0.447215,0.125613,0.221402,0.069124
AAGGCTGTGCTCATCG-1,0.026214,0.000087,0.162137,0.737713,0.065321,0.008528
AAGGGAACGACTGGCT-1,0.003793,0.533042,0.09965,0.008456,0.030418,0.324642
AAGGGACAGATTCTGT-1,0.004783,0.069187,0.612133,0.305721,0.008125,0.000051
AAGGGACTATGCATTC-1,0.000016,0.458493,0.119424,0.075639,0.015184,0.331242
AAGGGTTAGCCATGCG-1,0.000043,0.02377,0.000129,0.199136,0.002211,0.774712
AAGGGTTTGATTTCAG-1,0.021384,0.0747,0.104948,0.000814,0.100429,0.697725
AAGGTATCCTAATATA-1,0.000028,0.04118,0.599315,0.279176,0.033493,0.046808
AAGGTGATAAACCAGC-1,0.000016,0.111329,0.587009,0.271582,0.001612,0.028451
AAGTAAGCTTCCAAAC-1,0.973959,0.000089,0.000134,0.025685,0.000045,0.000089
AAGTAGAAGACCGGGT-1,0.086594,0.008088,0.046489,0.487769,0.076712,0.294348
AAGTAGTGACGCGAGG-1,0.004572,0.033598,0.414651,0.171084,0.356103,0.019992
AAGTCAATTGTCGTCA-1,0.000037,0.000073,0.081886,0.300333,0.122348,0.495323
AAGTCTAGTAGCTGCC-1,0.008306,0.249973,0.548933,0.035317,0.092428,0.065042
AAGTCTTCTGTGGCCT-1,0.000014,0.158618,0.58579,0.217139,0.003379,0.03506
AAGTGACGACCGAATT-1,0.010705,0.187136,0.447191,0.27199,0.032631,0.050347
AAGTGAGTCGGGTTTA-1,0.000022,0.284508,0.077711,0.473251,0.000022,0.164485
AAGTGCAAAGGTAGAC-1,0.011009,0.005565,0.354134,0.434081,0.167871,0.02734
AAGTGCCTTGACTGTA-1,0.016061,0.000131,0.589968,0.265028,0.000066,0.128747
AAGTGCGTTAGAATCT-1,0.000028,0.229634,0.113953,0.543738,0.003946,0.108702
AAGTGCTTCTCTATTG-1,0.000024,0.5353,0.065425,0.238342,0.018392,0.142517
AAGTGTTTGGAGACGG-1,0.000032,0.06822,0.079642,0.764554,0.000452,0.087101
AAGTTCACTCCAAGCT-1,0.000054,0.04044,0.04478,0.821495,0.000054,0.093177
AAGTTCAGTCTGCGTA-1,0.003503,0.079795,0.577677,0.232357,0.075626,0.031043
AAGTTCGGCCAACAGG-1,0.025378,0.013024,0.036923,0.395844,0.003095,0.525736
AAGTTGTGATGTTATA-1,0.000017,0.223961,0.138777,0.134063,0.130243,0.37294
AAGTTTACTAATGGCA-1,0.37614,0.034337,0.102158,0.025522,0.000096,0.461746
AAGTTTATGGGCCCAA-1,0.000006,0.669832,0.213566,0.003427,0.022958,0.09021
AATAACAACGCTCGGC-1,0.019032,0.001157,0.189179,0.765755,0.017141,0.007736
AATAACACTAGAACAA-1,0.000009,0.511604,0.459939,0.000986,0.013081,0.014381
AATAACGTCGCGCCCA-1,0.000151,0.022466,0.011769,0.004875,0.116813,0.843927
AATAAGTCCTCGAGAC-1,0.113774,0.000501,0.000752,0.539527,0.234636,0.110809
AATAATCTTCGTATCG-1,0.010444,0.200292,0.388925,0.362589,0.003263,0.034487
AATACAATGTTTCAGG-1,0.030202,0.067974,0.400886,0.439569,0.045986,0.015383
AATACCGGAGGGCTGT-1,0.000011,0.28042,0.255729,0.050632,0.017053,0.396155
AATACCTGATGTGAAC-1,0.001319,0.54574,0.131694,0.004222,0.034374,0.282652
AATAGAACAGAGTGGC-1,0.000023,0.025661,0.007427,0.47946,0.034522,0.452908
AATAGAATCTGTTTCA-1,0.000028,0.111145,0.168797,0.545101,0.014377,0.160552
AATAGCAAGCCTCCTG-1,0.000031,0.08899,0.642075,0.042503,0.220719,0.005682
AATAGCTACCGCGTGC-1,0.011201,0.00801,0.096086,0.187474,0.06575,0.631479
AATAGGCACGACCCTT-1,0.000012,0.607569,0.10521,0.169021,0.000939,0.117249
AATAGTCCGTCCCGAC-1,0.011908,0.313821,0.183649,0.331503,0.019875,0.139244
AATAGTCGCGAGTCGG-1,0.015882,0.009321,0.306203,0.434699,0.226345,0.00755
AATATCAAGGTCGGAT-1,0.999541,0.000102,0.000153,0.000051,0.000051,0.000102
AATATCCTAGCAAACT-1,0.026198,0.090325,0.035712,0.592898,0.014272,0.240596
AATATCGAATCAATGC-1,0.003308,0.206616,0.463525,0.291229,0.01554,0.019782
AATATCGAGGGTTCTC-1,0.00002,0.084529,0.84617,0.069067,0.000174,0.00004
AATATTGGAGTATTGA-1,0.072856,0.003675,0.470712,0.436424,0.008746,0.007587
AATCAGACTGCAGGAC-1,0.895374,0.000069,0.000104,0.000035,0.004103,0.100315
AATCAGGTTTCATTTA-1,0.000015,0.417494,0.143475,0.071213,0.081174,0.286628
AATCATGTAAAGACTC-1,0.000031,0.021706,0.024987,0.928471,0.001437,0.023368
AATCCAAGGGCCTGAG-1,0.506345,0.00012,0.000181,0.105519,0.035905,0.35193
AATCCATGCAAGGGTG-1,0.949136,0.000037,0.000056,0.000019,0.008927,0.041825
AATCCCGCTCAGAGCC-1,0.000025,0.277537,0.112485,0.061225,0.013378,0.53535
AATCGAGGTCTCAAGG-1,0.010684,0.096972,0.04841,0.109211,0.01383,0.720892
AATCGCCTCAGCGCCA-1,0.000019,0.213814,0.494606,0.047168,0.0851,0.159293
AATCGCGCAGAGGACT-1,0.000014,0.097364,0.288549,0.58142,0.002758,0.029895
AATCGGGACACTACGA-1,0.370074,0.00019,0.307107,0.017128,0.000095,0.305406
AATCGGTATAGCCCTC-1,0.000014,0.749833,0.149393,0.002398,0.010705,0.087656
AATCGTGAGCCGAGCA-1,0.000473,0.28806,0.242101,0.199582,0.018396,0.251388
AATCTAGGTTTACTTG-1,0.000018,0.173758,0.136518,0.320391,0.035648,0.333667
AATCTATGCCGGAGCC-1,0.000026,0.058214,0.389961,0.522776,0.007265,0.021758
AATCTCTACTGTGGTT-1,0.011626,0.042311,0.264337,0.605383,0.016942,0.059401
AATCTGCGTTGGGACG-1,0.000031,0.007809,0.055371,0.918192,0.000031,0.018565
AATCTGGCTTTCTAGT-1,0.000019,0.503946,0.243585,0.045352,0.025303,0.181795
AATCTGGGTAGACCCT-1,0.054797,0.156917,0.52899,0.105181,0.120935,0.03318
AATGACAGCAATGTCT-1,0.017349,0.000083,0.000124,0.745125,0.000148,0.237172
AATGACGTAGGATGTC-1,0.014576,0.119324,0.598879,0.213705,0.031551,0.021966
AATGACTGTCAGCCGG-1,0.061666,0.113655,0.262053,0.055221,0.38292,0.124485
AATGAGTTCGCATATG-1,0.533502,0.000153,0.001458,0.283749,0.034746,0.146392
AATGATGATACGCTAT-1,0.011979,0.102496,0.454239,0.369628,0.043242,0.018416
AATGATGCGACTCCTG-1,0.011272,0.03347,0.296056,0.385554,0.044624,0.229024
AATGCAACCGGGTACC-1,0.037493,0.01549,0.257867,0.518387,0.150495,0.020268
AATGCACCAAGCAATG-1,0.006877,0.069759,0.636049,0.047409,0.16432,0.075586
AATGGCCGCCAATGCG-1,0.009581,0.079628,0.542837,0.122907,0.196364,0.048683
AATGGTCCACCGTTCA-1,0.0243,0.000166,0.168813,0.427041,0.269326,0.110355
AATGGTTCTCACAAGC-1,0.329225,0.056343,0.1821,0.193473,0.21477,0.024088
AATGTATGGCACTGTA-1,0.000018,0.067361,0.094729,0.331203,0.055141,0.451548
AATGTGCCCGAGGTGT-1,0.000019,0.540607,0.271323,0.005417,0.036592,0.146041
AATGTGCTAATCTGAG-1,0.000016,0.416091,0.228664,0.158768,0.003414,0.193046
AATGTTAAGACCCTGA-1,0.006853,0.365646,0.194036,0.088834,0.003564,0.341066
AATGTTGTCGTGAGAC-1,0.000015,0.207688,0.268818,0.306853,0.028843,0.187782
AATTAAAGGTCGGCGT-1,0.020619,0.000094,0.029745,0.911429,0.000497,0.037615
AATTAACGGATTTCCA-1,0.000021,0.369114,0.192612,0.185297,0.020538,0.232419
AATTACGAGACCCATC-1,0.000044,0.001955,0.000132,0.292103,0.034581,0.671185
AATTACTCGTACGCTC-1,0.689141,0.000076,0.000114,0.000038,0.099091,0.21154
AATTAGCGCTGCAGCG-1,0.000021,0.31346,0.304067,0.155989,0.018865,0.207598
AATTATACCCAGCAAG-1,0.002521,0.205723,0.086572,0.008343,0.084288,0.612553
AATTCATAAGGGATCT-1,0.000024,0.087023,0.480891,0.107084,0.073663,0.251315
AATTCATTGTCATGCA-1,0.001766,0.572204,0.116136,0.005962,0.061563,0.24237
AATTCCAACTTGGTGA-1,0.984871,0.000086,0.000129,0.014784,0.000043,0.000086
AATTCCAAGCATGTAC-1,0.011438,0.260228,0.068303,0.294814,0.003531,0.361687
AATTCGATTCGAGGAT-1,0.000018,0.276269,0.24292,0.104883,0.031819,0.344091
AATTCTAGAGTTAGGC-1,0.000036,0.062546,0.071819,0.425203,0.123989,0.316407
AATTGAACGCTCTGGT-1,0.001454,0.034153,0.095264,0.676664,0.032418,0.160047
AATTGCAGCAATCGAC-1,0.000024,0.091827,0.030928,0.649493,0.004183,0.223544
AATTGCGTGGATTACA-1,0.00002,0.099124,0.052955,0.345419,0.023321,0.479161
AATTGTGGTTGCCAAA-1,0.007649,0.217842,0.15507,0.367445,0.014439,0.237555
AATTTGGGACATAGTA-1,0.017764,0.00012,0.406138,0.411016,0.059225,0.105737
AATTTGGTTCCAAAGA-1,0.143446,0.151567,0.604273,0.045316,0.040312,0.015086
ACAAACCATGCGTCCT-1,0.003558,0.446483,0.213359,0.058172,0.006165,0.272263
ACAAACCGACAAGGCG-1,0.133991,0.39226,0.024649,0.287827,0.00025,0.161022
ACAAACTCCATCAGAG-1,0.000006,0.718832,0.074745,0.001702,0.026576,0.178139
ACAAAGAAGGTAGGCC-1,0.012093,0.042735,0.014861,0.863509,0.000026,0.066776
ACAAAGCATGACCTAG-1,0.000016,0.141684,0.071799,0.606166,0.00577,0.174566
ACAAATCGCACCGAAT-1,0.000018,0.061337,0.202436,0.705553,0.001902,0.028754
ACAAATGGTAGTGTTT-1,0.000022,0.011366,0.047257,0.743022,0.007385,0.190948
ACAAATTCAGATCTGA-1,0.012446,0.000789,0.046474,0.100767,0.319716,0.519808
ACAACAGCATGAGCTA-1,0.000044,0.000088,0.081197,0.91237,0.000044,0.006258
ACAACGGTCCCTGCGA-1,0.022236,0.06768,0.156258,0.16402,0.307586,0.28222
ACAAGCAGTGCCTAGC-1,0.008197,0.003541,0.079887,0.427394,0.418627,0.062354
ACAAGCTATATGGAAG-1,0.001974,0.086511,0.117209,0.708225,0.007466,0.078616
ACAAGGAAATCCGCCC-1,0.00153,0.100433,0.148746,0.013953,0.000033,0.735304
ACAAGGACAAGAGGTT-1,0.021554,0.001606,0.062643,0.367969,0.343394,0.202833
ACAAGGATGCTTTAGG-1,0.000033,0.046348,0.062839,0.439273,0.056221,0.395285
ACAAGGCCTACCAGCC-1,0.010549,0.318804,0.446092,0.000028,0.222703,0.001825
ACAAGGGCAGGCTCTG-1,0.00002,0.068429,0.673773,0.254803,0.002935,0.000041
ACAAGTAATTGTAAGG-1,0.000014,0.12684,0.054234,0.199359,0.009201,0.610353
ACAATAGTCGTACGTT-1,0.000022,0.087408,0.249569,0.611473,0.002971,0.048557
ACAATCCATTTAAACC-1,0.000012,0.007252,0.215376,0.272112,0.270906,0.234342
ACAATCGATCTTTATA-1,0.651174,0.07774,0.114862,0.020791,0.000479,0.134955
ACAATGAATACGGAGA-1,0.00002,0.286476,0.208059,0.371063,0.003492,0.13089
ACAATGATTCTTCTAC-1,0.000021,0.215773,0.391153,0.000021,0.377518,0.015515
ACAATTGTGTCTCTTT-1,0.006665,0.079378,0.346492,0.183195,0.005932,0.378339
ACAATTTAGGAGGCTC-1,0.133727,0.032092,0.455097,0.266324,0.077916,0.034845
ACAATTTGAGCAGTGG-1,0.015547,0.029769,0.390658,0.382097,0.125306,0.056623
ACAATTTGGCCATATT-1,0.000022,0.221306,0.11705,0.557629,0.006258,0.097734
ACACAAAGACGGGTGG-1,0.052314,0.021024,0.377383,0.475701,0.032583,0.040994
ACACAAATATTCCTAG-1,0.000008,0.113809,0.513802,0.100236,0.168378,0.103767
ACACACCAGGACCAGT-1,0.000025,0.001093,0.017677,0.609569,0.087879,0.283757
ACACACTTTCTACACG-1,0.054201,0.055056,0.491704,0.168479,0.085872,0.144688
ACACATGATCAAATCT-1,0.000937,0.075693,0.020095,0.450403,0.004136,0.448736
ACACATTGACGCAACA-1,0.867756,0.000062,0.000093,0.12498,0.000031,0.007078
ACACATTTCCGTAGAC-1,0.004231,0.490774,0.09495,0.141598,0.00936,0.259087
ACACCACATAATTAGC-1,0.030025,0.098861,0.399574,0.181312,0.00382,0.286409
ACACCCAGCATGCAGC-1,0.060403,0.000079,0.020859,0.628996,0.124661,0.165002
ACACCCGAGAAATCCG-1,0.109372,0.133795,0.159601,0.290651,0.127294,0.179287
ACACCCGTAAATCTGT-1,0.015176,0.121712,0.630114,0.00719,0.209501,0.016307
ACACCGAGCGCTCTTT-1,0.734381,0.000191,0.000286,0.256649,0.000095,0.008397
ACACCGGTCTGACCGC-1,0.000011,0.427536,0.275399,0.087764,0.01014,0.19915
ACACCTTAAGTAGGGC-1,0.051809,0.004307,0.016502,0.470896,0.240823,0.215664
ACACCTTACTACTTGC-1,0.00003,0.039141,0.113167,0.841118,0.00003,0.006514
ACACGAGACTCCTTCT-1,0.000067,0.000135,0.032096,0.938093,0.029168,0.000442
ACACGGCACTATGCAT-1,0.074971,0.261932,0.421645,0.070333,0.042863,0.128256
ACACGGGAACTTAGGG-1,0.089788,0.000109,0.19089,0.103353,0.383467,0.232393
ACACGTAGGCCACAAG-1,0.000049,0.025746,0.010686,0.668672,0.000049,0.294797
ACACTCCAATGTCACT-1,0.515113,0.00009,0.000135,0.196491,0.093231,0.19494
ACACTGATCAAGGTGT-1,0.000017,0.388302,0.455507,0.000017,0.059036,0.097121
ACACTGGGACAGTCGT-1,0.000019,0.109098,0.839311,0.03121,0.00419,0.016172
ACAGAACTGAGAACAA-1,0.003716,0.290064,0.281214,0.077669,0.076356,0.270981
ACAGATTAGGTTAGTG-1,0.219505,0.216814,0.561434,0.000562,0.000562,0.001124
ACAGCATAGAGCCAGT-1,0.441738,0.001137,0.352899,0.000568,0.000568,0.20309
ACAGCGACATTCTCAT-1,0.000046,0.212578,0.197438,0.56238,0.000046,0.027513
ACAGCGCACCCGCAGC-1,0.017229,0.180016,0.727207,0.01067,0.064834,0.000044
ACAGGAGGCGCAGCCG-1,0.790965,0.025563,0.15018,0.009062,0.020838,0.003392
ACAGGCACGGATCCTT-1,0.0098,0.238624,0.109386,0.236783,0.000223,0.405184
ACAGGCTTGCCCGACT-1,0.000073,0.055264,0.176896,0.482745,0.026305,0.258717
ACAGGTGGAGGTGAGG-1,0.000026,0.263509,0.25167,0.416818,0.011729,0.056248
ACAGGTGTGTTGTTGC-1,0.000017,0.174399,0.347907,0.297621,0.036926,0.143131
ACAGTAATACAACTTG-1,0.000014,0.067797,0.109241,0.514378,0.071987,0.236581
ACAGTATACCGTGGGA-1,0.000023,0.049002,0.338209,0.552325,0.020144,0.040297
ACAGTGCAGCGCATTT-1,0.018461,0.021438,0.57378,0.17234,0.080426,0.133555
ACATAAGTCGTGGTGA-1,0.018759,0.000059,0.000088,0.382768,0.001037,0.597289
ACATAATAAGGCGGTG-1,0.039376,0.03446,0.242194,0.306942,0.319896,0.057131
ACATACAATCAAGCGG-1,0.000025,0.03932,0.004845,0.17365,0.016528,0.765633
ACATCAGCTGGGACGC-1,0.019032,0.026726,0.485283,0.244706,0.207932,0.016321
ACATCCCGGCCATACG-1,0.000037,0.068775,0.220872,0.335916,0.001702,0.372698
ACATCCTGGTAACTGT-1,0.010521,0.112077,0.183772,0.527348,0.022141,0.144142
ACATCGATCGTTTACC-1,0.028807,0.08487,0.274335,0.466326,0.085249,0.060412
ACATCGCAATATTCGG-1,0.005095,0.212238,0.015609,0.097443,0.079959,0.589655
ACATCGGTCAGCCGCG-1,0.000031,0.005803,0.056352,0.41497,0.014513,0.50833
ACATCGTATGCAATGG-1,0.000031,0.013027,0.157956,0.825231,0.000766,0.00299
ACATCGTTAACCTAGT-1,0.000067,0.189715,0.357602,0.130333,0.139939,0.182343
ACATCTCAACGCGTAA-1,0.150474,0.000299,0.121296,0.113803,0.300725,0.313404
ACATGCTTACGGCAGC-1,0.00186,0.532789,0.164671,0.075563,0.00862,0.216496
ACATGGCGCCAAAGTA-1,0.000015,0.067713,0.203485,0.231351,0.066275,0.431161
ACATGGCTCAATTTAG-1,0.963413,0.013942,0.00015,0.00005,0.00005,0.022396
ACATTAGTTTATATCC-1,0.00006,0.19351,0.27858,0.293251,0.005156,0.229443
ACATTCGCGCGGAATA-1,0.00001,0.477421,0.23026,0.189516,0.001164,0.101628
ACATTTGAAACCTAAC-1,0.000354,0.496302,0.132955,0.171132,0.003339,0.195917
ACCAAACACCCAGCGA-1,0.056738,0.101021,0.581588,0.043774,0.191484,0.025395
ACCAAACTAGAAATCC-1,0.401958,0.000807,0.302566,0.293459,0.000403,0.000807
ACCAACACCACACACT-1,0.001712,0.075087,0.693946,0.198568,0.016428,0.014259
ACCAACCGCACTCCAC-1,0.00002,0.248651,0.161622,0.458875,0.00312,0.127713
ACCAACGCTTATTTAT-1,0.000206,0.165948,0.2782,0.210541,0.00582,0.339285
ACCAAGAACGCGTGTC-1,0.233444,0.103675,0.162812,0.151716,0.046096,0.302257
ACCAAGTCATCGGCAG-1,0.00617,0.34311,0.080323,0.173081,0.018648,0.378668
ACCAATATGCAAGTTA-1,0.000037,0.07971,0.052495,0.458161,0.026692,0.382905
ACCACAACTCAGAACA-1,0.028184,0.078798,0.511032,0.236986,0.066289,0.078711
ACCACAAGTTTCTATC-1,0.031747,0.004099,0.42769,0.503947,0.030806,0.00171
ACCACACGGTTGATGG-1,0.001019,0.271353,0.099919,0.270139,0.007114,0.350456
ACCACCAATGTAACAA-1,0.000025,0.0177,0.031958,0.849376,0.003458,0.097483
ACCACCCTCTCTTCTA-1,0.000019,0.049231,0.33361,0.581325,0.010449,0.025366
ACCACGTGCAGCTATA-1,0.002703,0.010682,0.002081,0.277151,0.153539,0.553844
ACCACTGTTCAAGAAG-1,0.810293,0.000114,0.000171,0.129448,0.000057,0.059916
ACCAGACCATAACAAC-1,0.000004,0.233393,0.452479,0.039666,0.059024,0.215435
ACCAGCCCGGTCTTTG-1,0.3836,0.000834,0.22994,0.384376,0.000417,0.000834
ACCAGGAGTGTGATCT-1,0.595879,0.394908,0.003949,0.001316,0.001316,0.002632
ACCAGTGCCCGGTCAA-1,0.149137,0.119318,0.412513,0.001787,0.259659,0.057585
ACCAGTGCGGGAGACG-1,0.000033,0.004094,0.062179,0.383556,0.091052,0.459086
ACCATATCCGCAATAA-1,0.007287,0.022594,0.065059,0.591509,0.104323,0.209228
ACCATCCGCCAACTAG-1,0.000015,0.261908,0.396068,0.219964,0.016436,0.105609
ACCATCGTATATGGTA-1,0.0027,0.073649,0.141126,0.429362,0.238845,0.114318
ACCATTAAGGGTGTCA-1,0.650696,0.090239,0.000204,0.170469,0.01057,0.077821
ACCCAACGCCCGTGGC-1,0.000029,0.013824,0.254008,0.489626,0.091615,0.150898
ACCCACCTACATGCTC-1,0.05112,0.13434,0.573217,0.070982,0.123993,0.046347
ACCCATCTTGAGGGTA-1,0.02857,0.003858,0.046161,0.669669,0.121517,0.130225
ACCCATTTGTCCCTCT-1,0.000055,0.02647,0.000165,0.898134,0.000055,0.075121
ACCCGAGCGAAATTAC-1,0.009174,0.592632,0.11794,0.023249,0.017482,0.239523
ACCCGATTGGTTCCGA-1,0.000014,0.377856,0.109332,0.12668,0.042501,0.343616
ACCCGGAAACTCCCAG-1,0.000018,0.243235,0.527149,0.183237,0.005692,0.040669
ACCCGGAGCACCACAA-1,0.008227,0.258136,0.347771,0.314358,0.004238,0.06727
ACCCGGATGACGCATC-1,0.000039,0.025416,0.248612,0.627139,0.031963,0.066831
ACCCGGTTACACTTCC-1,0.000039,0.000077,0.060858,0.428582,0.042424,0.46802
ACCCGTAGCAGAGAAT-1,0.003004,0.429509,0.276749,0.019089,0.025899,0.24575
ACCCGTAGTCTAGTTG-1,0.000032,0.267197,0.308188,0.302072,0.008442,0.11407
ACCCGTGTCATCAGTA-1,0.000022,0.397593,0.286217,0.071976,0.011231,0.232961
ACCCTATAGGACTGAG-1,0.858691,0.000061,0.000091,0.00003,0.000396,0.140731
ACCCTATGCCATATCG-1,0.01434,0.154012,0.102395,0.48649,0.000801,0.241963
ACCCTCCCGTCAGGGC-1,0.000019,0.333804,0.110482,0.394143,0.026221,0.135331
ACCCTCCCTTGCTATT-1,0.000035,0.094113,0.387089,0.441598,0.004686,0.07248
ACCCTGGTAACGCCCT-1,0.015868,0.011109,0.62807,0.327268,0.003841,0.013844
ACCCTTCATCTGCGAA-1,0.03617,0.02272,0.053465,0.152527,0.373274,0.361844
ACCCTTGCCTGGGTCG-1,0.169781,0.025502,0.2636,0.352784,0.038231,0.150103
ACCCTTTAGTTCTCCA-1,0.011788,0.087994,0.307044,0.169246,0.234658,0.18927
ACCGAAAGGGCCCTGC-1,0.438036,0.000914,0.32196,0.000457,0.237721,0.000914
ACCGAAGAGTCTGGTT-1,0.011193,0.00012,0.00018,0.214427,0.00006,0.774021
ACCGACACATCTCCCA-1,0.000034,0.212193,0.178383,0.464945,0.003121,0.141323
ACCGACTGAGTCCCAC-1,0.051104,0.01645,0.411291,0.281282,0.168979,0.070894
ACCGAGTCTCCTTATT-1,0.005257,0.263604,0.157818,0.313822,0.020373,0.239128
ACCGATAGGCATAACC-1,0.00002,0.106525,0.131595,0.681392,0.005162,0.075305
ACCGATATTTAATCAT-1,0.015878,0.190061,0.142755,0.233795,0.113588,0.303922
ACCGATGGTAGCATCG-1,0.000031,0.017733,0.147607,0.475759,0.01856,0.340311
ACCGCAATAACTGCCT-1,0.000027,0.005084,0.007133,0.764321,0.001204,0.222231
ACCGCGGTGGAAGTCG-1,0.0246,0.015094,0.427785,0.471234,0.000044,0.061243
ACCGCTAGTCATTGGT-1,0.000013,0.75421,0.15291,0.009207,0.016348,0.067312
ACCGGGCCTTTGTTGA-1,0.00349,0.03184,0.775156,0.142696,0.026684,0.020133
ACCGGTCAGGTACACC-1,0.000043,0.000086,0.000128,0.270895,0.000043,0.728805
ACCGGTCTGAGTACGG-1,0.03245,0.010709,0.200964,0.102138,0.229053,0.424686
ACCGTCCACTGGGCCC-1,0.000013,0.445977,0.284521,0.046801,0.043289,0.1794
ACCGTGACCACGTGGG-1,0.010368,0.621362,0.146036,0.078699,0.003011,0.140524
ACCGTTCCCGCTCTGA-1,0.508966,0.070131,0.239683,0.069417,0.096872,0.014931
ACCTAAGTACCTTTCA-1,0.000045,0.094262,0.001824,0.73366,0.007497,0.162711
ACCTAATCGACTTCCT-1,0.055764,0.000874,0.103392,0.674087,0.121423,0.04446
ACCTACAGTATGTGGT-1,0.000025,0.00005,0.000076,0.726598,0.004625,0.268626
ACCTACTATAAATCTA-1,0.000012,0.528848,0.184146,0.11395,0.003197,0.169848
ACCTCAGCGAGGCGCA-1,0.000036,0.094455,0.025128,0.326529,0.002689,0.551162
ACCTCCGCCCTCGCTG-1,0.00003,0.228638,0.433244,0.177681,0.012475,0.147933
ACCTCCGTTATTCACC-1,0.000022,0.116078,0.502825,0.310794,0.002264,0.068016
ACCTCGAACTTATGCT-1,0.000013,0.531727,0.215379,0.048732,0.02247,0.181679
ACCTGCGTGTCATGTT-1,0.000021,0.196739,0.283068,0.335623,0.038146,0.146402
ACCTTTCCTTTAGAAG-1,0.713168,0.00146,0.00219,0.00073,0.00073,0.281721
ACGAAATGGGCGGCAC-1,0.056909,0.009429,0.102091,0.719267,0.076743,0.035562
ACGACCCATGAGTTGC-1,0.001533,0.200347,0.30066,0.393771,0.010031,0.093659
ACGACTCTAGGGCCGA-1,0.006571,0.648467,0.246965,0.009192,0.007237,0.081567
ACGACTGGTCATACTC-1,0.000022,0.194764,0.078795,0.11708,0.032436,0.576902
ACGAGAACCCATCACG-1,0.890679,0.000089,0.017125,0.059006,0.003494,0.029607
ACGAGATATTTGCTTA-1,0.045851,0.037864,0.335822,0.243318,0.227951,0.109195
ACGAGGATACCACTCT-1,0.002765,0.144585,0.416691,0.426521,0.000115,0.009323
ACGAGGTTTACAACGT-1,0.000046,0.052123,0.011092,0.455886,0.000046,0.480808
ACGAGTACGGATGCCC-1,0.000037,0.000074,0.00013,0.480666,0.094566,0.424526
ACGAGTCGCCGGCGTT-1,0.429234,0.309108,0.242868,0.000017,0.014485,0.004288
ACGATACATAGAACTA-1,0.014949,0.129727,0.729341,0.000019,0.124986,0.000978
ACGATACCTATCCTGA-1,0.023751,0.107567,0.452149,0.240317,0.081947,0.094269
ACGATCATACATAGAG-1,0.047947,0.020706,0.407295,0.09823,0.341249,0.084572
ACGATCATCTTGTAAA-1,0.000029,0.079306,0.289288,0.447892,0.053462,0.130023
ACGATGCATATGTTAT-1,0.016728,0.000092,0.049664,0.720432,0.014088,0.198996
ACGATGGATCCGATGC-1,0.003655,0.113602,0.181,0.274898,0.305273,0.121572
ACGCAAACTAATAGAT-1,0.000043,0.507599,0.140273,0.1685,0.009691,0.173895
ACGCAATCACTACAGC-1,0.000019,0.04097,0.610782,0.05314,0.187733,0.107356
ACGCATAAATGACATG-1,0.014861,0.012284,0.243852,0.572644,0.09133,0.06503
ACGCATACGTTTACTA-1,0.000032,0.211302,0.304733,0.116405,0.001447,0.36608
ACGCATTCGTGAGTAC-1,0.106413,0.000476,0.229247,0.629014,0.021076,0.013775
ACGCCACTCGAAACAG-1,0.000022,0.027198,0.024246,0.239177,0.029823,0.679534
ACGCCAGATGATTTCT-1,0.000042,0.008236,0.467593,0.161435,0.302866,0.059828
ACGCCAGTGCGTTTGC-1,0.000024,0.245824,0.126135,0.089238,0.037494,0.501285
ACGCCCAGCTGTCGAT-1,0.051831,0.194867,0.415332,0.000133,0.314671,0.023166
ACGCCGCTAGACGACC-1,0.01052,0.113644,0.495642,0.357112,0.010582,0.0125
ACGCCTGACACGCGCT-1,0.894511,0.000128,0.000192,0.000064,0.000064,0.105042
ACGCGAAGTCAGACGA-1,0.001385,0.097152,0.204071,0.552286,0.004449,0.140657
ACGCGCTACACAGGGT-1,0.006855,0.014221,0.076684,0.625907,0.008491,0.267843
ACGCGGGCCAAGGACA-1,0.000032,0.006952,0.176021,0.773795,0.018008,0.025191
ACGCGTTTCTTAAGAG-1,0.017212,0.082554,0.525493,0.204112,0.123201,0.047429
ACGCTACTGAATGGGC-1,0.000048,0.196231,0.118303,0.174413,0.003751,0.507254
ACGCTAGTATCAGTGC-1,0.000017,0.129998,0.761499,0.000017,0.108283,0.000186
ACGCTAGTGATACACT-1,0.000047,0.000535,0.00014,0.869281,0.017623,0.112375
ACGCTGTGAGGCGTAG-1,0.000017,0.026061,0.573238,0.357714,0.022211,0.020758
ACGCTTAGTGTCTCTC-1,0.048358,0.217881,0.328236,0.118215,0.221831,0.06548
ACGGAACACGAGTGCC-1,0.000989,0.766245,0.160276,0.020523,0.004944,0.047023
ACGGAATTTAGCAAAT-1,0.897097,0.012522,0.005053,0.000035,0.050379,0.034914
ACGGACGCAGCGACAA-1,0.000693,0.27099,0.082661,0.362359,0.004661,0.278636
ACGGACTCTCAAAGCG-1,0.000018,0.182185,0.197926,0.07403,0.05481,0.491031
ACGGAGCGCAAATTAC-1,0.003523,0.027109,0.128469,0.288367,0.338259,0.214273
ACGGATGGTGCGGATA-1,0.000026,0.17969,0.351541,0.27308,0.010582,0.185081
ACGGCACTTGCTTGGG-1,0.008782,0.035387,0.474062,0.357746,0.013888,0.110134
ACGGCCAACATGGACT-1,0.004539,0.075271,0.090855,0.572326,0.033404,0.223605
ACGGCGACGATGGGAA-1,0.000022,0.000045,0.001489,0.310573,0.179224,0.508646
ACGGCGGGTTGCCCTG-1,0.902576,0.000081,0.000121,0.00004,0.00004,0.097142
ACGGCTGGATGTAGAA-1,0.002948,0.346563,0.134451,0.086783,0.021946,0.407308
ACGGGAGTGTCGGCCC-1,0.023341,0.174125,0.099035,0.493126,0.031731,0.178642
ACGGGCGTATGCGACA-1,0.037842,0.056657,0.247656,0.602582,0.030452,0.024811
ACGGGTCATGTGACTT-1,0.658167,0.000112,0.001231,0.110573,0.118586,0.11133
ACGGGTTGTGACCTGT-1,0.000018,0.400588,0.188832,0.219472,0.004879,0.18621
ACGGTACAGTTCAATG-1,0.000017,0.69407,0.15569,0.032889,0.004143,0.113192
ACGGTCACCGAGAACA-1,0.000009,0.246048,0.121995,0.347225,0.00472,0.280003
ACGTACAGATTTCTCT-1,0.05609,0.012409,0.066825,0.180287,0.388215,0.296174
ACGTACTTTGGCACGG-1,0.000021,0.21737,0.167081,0.23084,0.049394,0.335295
ACGTAGATTGCTGATG-1,0.014254,0.000071,0.382639,0.512938,0.07208,0.018019
ACGTAGGAGAGTCGCT-1,0.000024,0.327894,0.066239,0.307302,0.010179,0.288363
ACGTATTACTCCGATC-1,0.000045,0.052914,0.178843,0.767693,0.000045,0.000461
ACGTCCTAAACGAGAT-1,0.721382,0.000803,0.145785,0.130824,0.000402,0.000803
ACGTCGGGCAACTCGG-1,0.000015,0.196812,0.150569,0.347851,0.019571,0.285181
ACGTCTCGTTCCGGGA-1,0.001869,0.188724,0.301206,0.386532,0.010824,0.110846
ACGTGACAAAGTAAGT-1,0.000008,0.41477,0.089443,0.002606,0.064524,0.428649
ACGTGCGCCTCGTGCA-1,0.021581,0.115901,0.662895,0.055843,0.131754,0.012026
ACGTGGTCGAATGTGC-1,0.145947,0.382081,0.000818,0.308014,0.141807,0.021331
ACGTTAATGTCGAAGA-1,0.000024,0.044286,0.079065,0.660418,0.065371,0.150836
ACGTTAGATTTGCCCG-1,0.006103,0.052055,0.359009,0.484831,0.019744,0.078257
ACGTTATTGGTCACTC-1,0.319097,0.000144,0.000216,0.60956,0.000072,0.07091
ACGTTCACTATGCCGC-1,0.025936,0.343252,0.084014,0.159501,0.035184,0.352113
ACGTTCCGCGCTCCGT-1,0.638763,0.002741,0.353015,0.00137,0.00137,0.002741
ACGTTCGCAATCAATT-1,0.016364,0.008008,0.209849,0.284562,0.00025,0.480966
ACGTTCGTTCAGGAAA-1,0.000018,0.317637,0.236402,0.323611,0.010995,0.111338
ACGTTCTGTACAAGTC-1,0.000034,0.341484,0.07814,0.418076,0.001598,0.160668
ACGTTGTCGTTGAAAG-1,0.000011,0.533477,0.088677,0.164035,0.020356,0.193443
ACGTTTAGTTGTGATC-1,0.021277,0.05012,0.331957,0.343565,0.191972,0.061109
ACGTTTCGGTGCACTT-1,0.000058,0.101332,0.018746,0.245752,0.000058,0.634054
ACTAAGGACGCACACC-1,0.006188,0.10935,0.423219,0.018539,0.232788,0.209916
ACTAATACGTCAGGCG-1,0.036162,0.115902,0.451167,0.181948,0.150107,0.064714
ACTACAAAGAGAGGTG-1,0.000011,0.563363,0.135243,0.124797,0.007021,0.169566
ACTACATCCCGACAAG-1,0.001972,0.260786,0.150742,0.085613,0.007624,0.493263
ACTACCAGCTCTCTGG-1,0.019287,0.10846,0.635031,0.034046,0.198959,0.004217
ACTACCATCCGAGGGC-1,0.000016,0.420915,0.153453,0.206215,0.017869,0.201532
ACTACGCGTTAGAATT-1,0.003561,0.153803,0.09716,0.264296,0.038195,0.442985
ACTAGTTGCGATCGTC-1,0.000036,0.020933,0.078764,0.460034,0.057187,0.383046
ACTATATGCTGTGTTC-1,0.000033,0.054918,0.38684,0.008006,0.441549,0.108654
ACTATCCAGGGCATGG-1,0.026317,0.071694,0.364408,0.254928,0.074263,0.208391
ACTATCGCCGGCTAAA-1,0.827078,0.039585,0.013947,0.116086,0.000044,0.00326
ACTATCTGCCCGCGTA-1,0.000017,0.162724,0.289626,0.054775,0.226106,0.266752
ACTATGTCCAGCTGCC-1,0.000998,0.288343,0.129057,0.132897,0.017945,0.430759
ACTATTCGTCCGTGGT-1,0.000074,0.000148,0.458361,0.258218,0.204387,0.078811
ACTATTTCCGGGCCCA-1,0.000014,0.716052,0.211655,0.004312,0.006353,0.061614
ACTCAACGAATGTATT-1,0.640165,0.000161,0.000241,0.041532,0.00008,0.31782
ACTCAAGTGCAAGGCT-1,0.00003,0.173266,0.128376,0.486985,0.020418,0.190926
ACTCAATAAAGGCACG-1,0.003989,0.034845,0.380399,0.487497,0.061997,0.031274
ACTCAGACCTGCTTCT-1,0.75756,0.00037,0.000555,0.240961,0.000185,0.00037
ACTCATGGCAGCCTTC-1,0.000017,0.188699,0.261137,0.196705,0.024224,0.329217
ACTCCAATATCATCAT-1,0.001357,0.469979,0.089576,0.022139,0.003706,0.413243
ACTCCCATTCCTAAAG-1,0.003438,0.141609,0.194279,0.404104,0.046259,0.21031
ACTCCCGAATTCGTTT-1,0.007917,0.154723,0.594625,0.205806,0.002482,0.034446
ACTCCCGTAGACTAGG-1,0.014776,0.007346,0.148911,0.435475,0.197078,0.196414
ACTCCCTAATGCTAAA-1,0.000014,0.23385,0.264237,0.121816,0.083418,0.296664
ACTCCCTAGAATAGTA-1,0.000022,0.093939,0.239304,0.420602,0.101406,0.144727
ACTCCGGCCGACCACT-1,0.000021,0.306107,0.085091,0.214784,0.017235,0.376762
ACTCGATGTATTTCAT-1,0.425213,0.000156,0.000234,0.223048,0.000078,0.351271
ACTCGCCGTTCGATAA-1,0.000017,0.120376,0.2563,0.255628,0.022983,0.344696
ACTCGCGATCTGACGC-1,0.000018,0.009615,0.060314,0.236864,0.133771,0.559418
ACTCGTAACCCGTCCT-1,0.003666,0.165007,0.164583,0.269469,0.024358,0.372917
ACTCGTCAGTAATCCC-1,0.000031,0.013605,0.386986,0.561239,0.024559,0.01358
ACTCTAAACCTGGGAT-1,0.015073,0.013791,0.330286,0.428509,0.165448,0.046893
ACTCTCTGACTTAGGT-1,0.020504,0.059369,0.275351,0.564471,0.001577,0.078727
ACTCTCTTATACACGA-1,0.013407,0.101983,0.488852,0.201684,0.070127,0.123948
ACTCTGACCTAATAGA-1,0.000008,0.533429,0.27239,0.032615,0.007793,0.153766
ACTCTTCAGCTCCCGC-1,0.000015,0.060864,0.257103,0.060084,0.166469,0.455466
ACTCTTGTATAGTAAC-1,0.000038,0.018368,0.201353,0.645306,0.029881,0.105054
ACTGAAACGCCGTTAG-1,0.000026,0.180973,0.197795,0.51448,0.014564,0.092162
ACTGAATGGCGAAAGT-1,0.004957,0.011516,0.048617,0.434649,0.122569,0.377692
ACTGATTTAGTGATTC-1,0.070586,0.084303,0.261694,0.184287,0.129654,0.269477
ACTGCCCGCCATTCTC-1,0.007569,0.351678,0.252243,0.044305,0.003351,0.340854
ACTGCCGTCGTAACTC-1,0.029748,0.007946,0.455072,0.359339,0.12132,0.026574
ACTGCGGACACACCGT-1,0.000022,0.084926,0.310791,0.138186,0.202501,0.263573
ACTGCTCGGAAGGATG-1,0.000027,0.262757,0.061464,0.145636,0.011988,0.518128
ACTGGCGAACCTGCGT-1,0.008175,0.137498,0.698208,0.018156,0.116438,0.021525
ACTGGGATGCCAGTGC-1,0.000014,0.060191,0.043525,0.119273,0.095508,0.681489
ACTGTACGATACACAT-1,0.012587,0.000114,0.253826,0.636161,0.057515,0.039798
ACTGTAGCACTTTGGA-1,0.021762,0.076121,0.312426,0.435387,0.047672,0.106631
ACTGTATACGCGAGCA-1,0.631837,0.014913,0.313986,0.000051,0.039111,0.000102
ACTGTCCAGGATTATA-1,0.021318,0.028719,0.202305,0.660191,0.064568,0.022898
ACTGTCTTCTTTAGAA-1,0.060856,0.000078,0.391952,0.400603,0.10309,0.043422
ACTGTGCTAGTAGATC-1,0.440736,0.141012,0.170026,0.106603,0.034119,0.107504
ACTGTTTAGTGTAGGC-1,0.779501,0.071627,0.081343,0.000088,0.058193,0.009248
ACTTACCGGGCGCGCA-1,0.049441,0.009497,0.412877,0.403726,0.108783,0.015675
ACTTACGCATCCACGC-1,0.000035,0.136485,0.09402,0.399776,0.033274,0.33641
ACTTAGTACGACAAGA-1,0.869923,0.000632,0.032629,0.01317,0.014121,0.069525
ACTTATACTTACCCGG-1,0.000038,0.034822,0.056277,0.594217,0.089743,0.224903
ACTTATCTGATCTATA-1,0.47182,0.310234,0.147693,0.000018,0.0702,0.000035
ACTTATTAGGATCGGT-1,0.020662,0.024434,0.321793,0.579802,0.03586,0.017449
ACTTATTTATGTGCCA-1,0.000039,0.12726,0.260783,0.503975,0.021509,0.086435
ACTTCAGGCTGATCCC-1,0.022571,0.000074,0.000733,0.656625,0.037331,0.282667
ACTTCCAGTGGAAGCT-1,0.000052,0.000103,0.000155,0.218241,0.000052,0.781398
ACTTCCATGCGGGACA-1,0.000664,0.232614,0.177131,0.189874,0.042727,0.35699
ACTTCCTGTCGTGCGA-1,0.000028,0.101615,0.543141,0.129582,0.161358,0.064275
ACTTCGCCATACGCAC-1,0.023881,0.071565,0.27313,0.410205,0.103732,0.117488
ACTTCGCTAGCGAGTG-1,0.029136,0.365185,0.538429,0.003279,0.024421,0.03955
ACTTGACTCCCTCTTT-1,0.036315,0.06787,0.302125,0.196394,0.073831,0.323465
ACTTGCCATATTGTAC-1,0.60185,0.001695,0.393064,0.000848,0.000848,0.001695
ACTTGCTCTATCTACC-1,0.000023,0.358847,0.256666,0.112723,0.013499,0.258242
ACTTGGGACCCGGTGG-1,0.073424,0.000086,0.179424,0.691185,0.030302,0.025578
ACTTGGGCTTTCGCCA-1,0.000073,0.054043,0.018606,0.347371,0.000073,0.579833
ACTTGTAGTCCCTTCA-1,0.000027,0.036178,0.067626,0.519014,0.120607,0.256548
ACTTGTGGATGGAACG-1,0.000022,0.266593,0.235622,0.437699,0.024196,0.035869
ACTTGTTACCGGATCA-1,0.000015,0.804378,0.040346,0.006123,0.001145,0.147994
ACTTTACCCTCATGAA-1,0.000025,0.093809,0.633348,0.203343,0.053087,0.016388
ACTTTATACACCACTT-1,0.0194,0.208121,0.098643,0.020448,0.000124,0.653265
ACTTTCCTATAGCTTC-1,0.000044,0.00262,0.697156,0.173179,0.06016,0.06684
ACTTTGACTGCATCCT-1,0.00377,0.12365,0.362856,0.478918,0.000935,0.02987
ACTTTGGTCGTGCTCC-1,0.008426,0.08865,0.113685,0.154446,0.020333,0.614461
ACTTTGTCGACGCACT-1,0.000016,0.321539,0.382684,0.26347,0.001693,0.030598
AGAAATTATGACTCGC-1,0.000238,0.256273,0.416836,0.232756,0.019005,0.074891
AGAACACGGCGATGGT-1,0.00001,0.375701,0.086611,0.34826,0.003856,0.185563
AGAACCCAGCGTGACA-1,0.00001,0.219901,0.376822,0.233485,0.030508,0.139274
AGAACCCTCAATTGGG-1,0.035028,0.56936,0.081552,0.061091,0.005184,0.247784
AGAACGTGGTACATTC-1,0.006156,0.024744,0.461084,0.41868,0.073981,0.015355
AGAACTGTACTTTGTA-1,0.00002,0.492965,0.075963,0.168189,0.00138,0.261482
AGAAGAGCGCCGTTCC-1,0.000356,0.000712,0.284097,0.684437,0.000356,0.030043
AGAAGGTACACTTCAC-1,0.000316,0.257225,0.274535,0.120764,0.014849,0.332311
AGAAGGTTGCCGAATT-1,0.000024,0.127411,0.420093,0.387276,0.009088,0.056109
AGAAGGTTGTAGGTCG-1,0.000023,0.265496,0.09855,0.295777,0.007781,0.332373
AGAAGTGATTCGTGAT-1,0.051877,0.002808,0.004277,0.833818,0.001386,0.105835
AGAATAAATCTTCAGG-1,0.000022,0.085625,0.351147,0.455594,0.030797,0.076815
AGAATACAGGCTATCC-1,0.000009,0.853681,0.030164,0.000009,0.024137,0.092
AGAATGCGGGTTCGGA-1,0.054852,0.081007,0.497421,0.058974,0.246424,0.061321
AGAATTATGGATTCGA-1,0.000029,0.017713,0.171643,0.58492,0.04364,0.182055
AGAATTGTTTGACATA-1,0.270843,0.005928,0.012796,0.000064,0.236303,0.474066
AGACAGCTCAGAATCC-1,0.073624,0.071482,0.322146,0.379188,0.102691,0.050869
AGACAGGCATCTCAGC-1,0.001546,0.237065,0.679259,0.046964,0.009504,0.025663
AGACATAGATCCTTCC-1,0.727607,0.000185,0.000278,0.034075,0.000094,0.23776
AGACCAAACCACACCT-1,0.000016,0.105327,0.161096,0.483875,0.004686,0.245
AGACCATGGGATACAA-1,0.077463,0.017355,0.082982,0.565629,0.101573,0.154997
AGACCCACCGCTGATC-1,0.050248,0.112481,0.224678,0.462629,0.011381,0.138583
AGACCCGCCCTCCTCG-1,0.115203,0.000089,0.033868,0.277593,0.067134,0.506113
AGACCGCTCCGCGGTT-1,0.033975,0.029616,0.021376,0.806502,0.00004,0.108491
AGACCGGGAAACCCTG-1,0.028681,0.046597,0.075467,0.667519,0.012424,0.169312
AGACGAAGTGCCGGTC-1,0.000046,0.000091,0.07058,0.531523,0.017458,0.380302
AGACGACGATGCCGCT-1,0.00003,0.088412,0.06175,0.551181,0.020199,0.278428
AGACGCCCACTTCGCC-1,0.000009,0.427601,0.321027,0.031498,0.045412,0.174452
AGACGGGATTGGTATA-1,0.022744,0.606996,0.269518,0.000106,0.100424,0.000212
AGACGGGCCGATTTAA-1,0.074192,0.005487,0.45566,0.001966,0.026301,0.436394
AGACTAGCCTTCCAGA-1,0.041397,0.000198,0.059467,0.836989,0.048737,0.013211
AGACTGTTACCGGGTC-1,0.000017,0.786121,0.120578,0.000017,0.017018,0.07625
AGAGAAACACCAGAAA-1,0.000009,0.143038,0.088152,0.111099,0.073777,0.583925
AGAGAACCGTCTAGGA-1,0.012897,0.105591,0.521789,0.283542,0.050731,0.02545
AGAGAAGGAGTACAAT-1,0.00997,0.406049,0.252347,0.18611,0.01195,0.133574
AGAGATCTCTAAAGCG-1,0.016804,0.098416,0.214983,0.631929,0.007559,0.030309
AGAGCAGTTATGAGAC-1,0.013412,0.015002,0.35998,0.364264,0.084099,0.163242
AGAGCCGCCGAGATTT-1,0.000046,0.000092,0.002229,0.618253,0.000046,0.379334
AGAGCGCTTGTAACGG-1,0.012991,0.010946,0.340605,0.591206,0.005825,0.038426
AGAGCGGGCTAATCAT-1,0.013713,0.013775,0.313175,0.570249,0.044677,0.04441
AGAGCGTACAAGCTCG-1,0.020114,0.164206,0.527498,0.129621,0.097395,0.061166
AGAGCTACGAAAGCAT-1,0.822569,0.003325,0.032965,0.001575,0.091304,0.048262
AGAGGCTTCGGAAACC-1,0.000023,0.070257,0.008878,0.721504,0.005089,0.194249
AGAGGGACAATTGTCC-1,0.004103,0.150189,0.701867,0.003111,0.138663,0.002067
AGAGGTATCTCGGTCC-1,0.421759,0.120368,0.285894,0.000645,0.170042,0.001291
AGAGTAAACTTCACTA-1,0.008158,0.058323,0.033967,0.843222,0.000032,0.056299
AGAGTATAGTGTTACG-1,0.000024,0.008334,0.027019,0.808509,0.017785,0.138329
AGAGTCTTAATGAAAG-1,0.006538,0.026044,0.035678,0.062587,0.002763,0.86639
AGAGTGAACAGACACC-1,0.01426,0.023867,0.473048,0.284855,0.140412,0.063558
AGAGTTAGAGACCGAT-1,0.015758,0.022632,0.604881,0.241842,0.057685,0.057202
AGAGTTGCAGGCCTCC-1,0.000881,0.068722,0.298463,0.345148,0.164978,0.121808
AGATAACTTCAGGGCC-1,0.031138,0.018019,0.232999,0.463344,0.089572,0.164929
AGATAATCACACCTAT-1,0.000017,0.177564,0.050403,0.317106,0.000517,0.454393
AGATACCAATAGAACC-1,0.007334,0.209275,0.253166,0.372309,0.010731,0.147185
AGATACCAGCACTTCA-1,0.000023,0.052955,0.289286,0.567528,0.039106,0.051102
AGATACCGGTGTTCAC-1,0.001428,0.058761,0.327613,0.497251,0.029555,0.085392
AGATACGACTTCATAT-1,0.548619,0.00018,0.006908,0.352657,0.008227,0.083409
AGATACTCAAGATCGA-1,0.000035,0.113023,0.218193,0.424697,0.013276,0.230777
AGATATAATACGACTA-1,0.000022,0.146779,0.083371,0.316557,0.049473,0.403797
AGATCGTGCATAAGAT-1,0.042517,0.053505,0.37021,0.384423,0.050877,0.098467
AGATCTCAGGTGTGAT-1,0.000055,0.00011,0.271186,0.563892,0.085517,0.079241
AGATCTGGAGAGGATA-1,0.000159,0.414139,0.306551,0.033731,0.020554,0.224865
AGATGACTCGCCCACG-1,0.133254,0.00011,0.120009,0.051048,0.017293,0.678286
AGATGAGGGTTGCGAT-1,0.006288,0.011501,0.5135,0.21888,0.214145,0.035686
AGATGATGGAGTCTGG-1,0.000029,0.002581,0.016687,0.128926,0.298875,0.552901
AGATGCAAGACGTGCA-1,0.000017,0.059319,0.029751,0.086199,0.17479,0.649923
AGATGCATCCTGTGTC-1,0.000023,0.241993,0.198139,0.326211,0.009647,0.223987
AGATGCTATAACGAGC-1,0.879708,0.000098,0.000147,0.116726,0.000049,0.003271
AGATTATAGGACGTTT-1,0.004471,0.085414,0.52787,0.06463,0.215513,0.102101
AGATTCAAGCGGGTCG-1,0.026089,0.022332,0.594903,0.206165,0.120093,0.030419
AGATTCACAACCGATA-1,0.001234,0.476812,0.117112,0.016431,0.046451,0.34196
AGCAAAGGCCGCTAGT-1,0.001245,0.11044,0.107832,0.390697,0.008817,0.380969
AGCAACATATCTTATT-1,0.000027,0.130658,0.297112,0.518963,0.002825,0.050415
AGCAACCGAAAGTAAT-1,0.001081,0.299468,0.106393,0.255759,0.020617,0.316682
AGCACACGTTTAGACT-1,0.000015,0.169089,0.247185,0.096381,0.060165,0.427165
AGCACCAGTACTCACG-1,0.003744,0.073615,0.837275,0.000973,0.084333,0.00006
AGCACTACCGGCCTGT-1,0.007219,0.039935,0.219624,0.409142,0.202562,0.121518
AGCACTACCTCACCAG-1,0.000025,0.148361,0.364195,0.43643,0.017334,0.033656
AGCACTTAAGGACGCC-1,0.000018,0.020943,0.729517,0.017331,0.227064,0.005128
AGCAGAAGGAGAAAGA-1,0.001014,0.469705,0.287021,0.038827,0.006212,0.197221
AGCAGCCAGATGAATA-1,0.019344,0.139171,0.120605,0.455744,0.000037,0.265099
AGCAGTCGAAGCATGC-1,0.000013,0.527889,0.12418,0.1422,0.008217,0.1975
AGCATATCAATATGCT-1,0.00929,0.000063,0.000517,0.499538,0.01446,0.476131
AGCATCATTTCGAAAG-1,0.000016,0.19189,0.194555,0.319201,0.026393,0.267945
AGCATCGTCGATAATT-1,0.036931,0.039045,0.127571,0.304216,0.341151,0.151085
AGCATTACGAGGCAAG-1,0.000013,0.252997,0.370149,0.188403,0.018954,0.169484
AGCCAAGCTTTGTGTC-1,0.00003,0.428231,0.058574,0.354152,0.005812,0.153201
AGCCACAGGTTACCCG-1,0.001108,0.327914,0.189937,0.209585,0.00306,0.268395
AGCCACTCCCGTGCTT-1,0.03106,0.044067,0.246254,0.340877,0.254134,0.083608
AGCCATATAGTATGTG-1,0.000017,0.690844,0.150912,0.06866,0.011408,0.078158
AGCCCATACATGTAAG-1,0.000021,0.000041,0.001976,0.497518,0.099684,0.40076
AGCCCGCAACAAGCAG-1,0.000012,0.445722,0.140631,0.212778,0.020977,0.17988
AGCCCGCACTACAATG-1,0.000011,0.65082,0.172363,0.024135,0.012313,0.140359
AGCCCGGCATTAGAGG-1,0.011154,0.703785,0.107086,0.001403,0.004426,0.172146
AGCCCGGTAGCCTGTA-1,0.000024,0.094252,0.312627,0.081083,0.069379,0.442634
AGCCCTAAGCGAAGTT-1,0.064211,0.000118,0.627464,0.000059,0.000059,0.308089
AGCCCTCCCTGGTGGC-1,0.001326,0.333715,0.146244,0.187083,0.005841,0.32579
AGCCCTGTCGCACCGT-1,0.000023,0.028646,0.123863,0.637034,0.001003,0.20943
AGCCCTTCTAATCCGA-1,0.017294,0.110295,0.405677,0.123193,0.162994,0.180547
AGCCCTTGGACATCCC-1,0.019166,0.274406,0.632188,0.007788,0.026668,0.039784
AGCCGCAAATTCAAAT-1,0.000008,0.093916,0.321555,0.408709,0.020746,0.155066
AGCCGCTTGATTAGCG-1,0.889222,0.000058,0.000087,0.000029,0.036983,0.073621
AGCCGTGGCTAAATGT-1,0.000011,0.306735,0.482531,0.120182,0.005181,0.08536
AGCCTAATACCCACGT-1,0.000019,0.373596,0.270275,0.04601,0.055087,0.255013
AGCCTTAAAGCGGAAG-1,0.281783,0.035517,0.189915,0.188276,0.074108,0.2304
AGCCTTGTCACTGATA-1,0.00002,0.179166,0.126685,0.324418,0.010011,0.359699
AGCGACAGGAACGGTC-1,0.000433,0.168498,0.239838,0.360902,0.013105,0.217225
AGCGACATCCCATTCA-1,0.047522,0.104237,0.475916,0.233412,0.087377,0.051537
AGCGACCAACGATATT-1,0.000335,0.090769,0.302155,0.091165,0.439595,0.075981
AGCGACTTTGAAGACA-1,0.00001,0.470198,0.138169,0.061878,0.003364,0.326382
AGCGAGACGTGAAGGC-1,0.000011,0.51599,0.222251,0.157414,0.006588,0.097746
AGCGATGCGCCTAATA-1,0.004992,0.10436,0.079676,0.474549,0.020486,0.315937
AGCGCATAATGAATCG-1,0.00004,0.022707,0.018476,0.278862,0.110752,0.569163
AGCGCGGGTGCCAATG-1,0.000034,0.003932,0.041143,0.415963,0.130634,0.408294
AGCGCTAGAGCGATGT-1,0.004671,0.06736,0.271877,0.490782,0.08205,0.083259
AGCGCTTATGGGCAAG-1,0.00002,0.237397,0.278124,0.00002,0.466249,0.01819
AGCGGACACTTCGTAG-1,0.005336,0.279237,0.059022,0.365508,0.013954,0.276944
AGCGGCGGTTAGCGGT-1,0.005566,0.127093,0.022413,0.52223,0.013241,0.309457
AGCGGGAAGGGTCCAT-1,0.529831,0.136343,0.317966,0.000037,0.015748,0.000074
AGCGGGTCTGACACTC-1,0.010536,0.540291,0.175033,0.152445,0.015115,0.10658
AGCGGTTGAGATGTAC-1,0.045291,0.055196,0.48073,0.106644,0.055216,0.256923
AGCGGTTGCCGCTCTG-1,0.010022,0.021147,0.596445,0.354698,0.011849,0.005839
AGCGTACGAGAGCTAG-1,0.995118,0.004769,0.000048,0.000016,0.000016,0.000032
AGCGTAGCGCTAGACC-1,0.681831,0.000078,0.000117,0.000039,0.012381,0.305555
AGCGTCTGAACCCGCA-1,0.676615,0.024455,0.118036,0.000048,0.015736,0.16511
AGCGTGGTATTCTACT-1,0.004061,0.068265,0.248668,0.462962,0.047445,0.168598
AGCGTTCCGATTTAAA-1,0.029849,0.093719,0.313009,0.171529,0.090376,0.301519
AGCTAACAAGCAATGT-1,0.000006,0.809481,0.059738,0.000006,0.029252,0.101517
AGCTAAGCTCCGTCCG-1,0.000017,0.182981,0.093043,0.031926,0.110274,0.581759
AGCTAAGTACGCAGGC-1,0.000018,0.177414,0.104448,0.487259,0.029886,0.200974
AGCTACGAATGGTGGT-1,0.020303,0.039699,0.030534,0.194811,0.023093,0.691561
AGCTAGAAGCAGAAGT-1,0.000036,0.049056,0.310746,0.345483,0.102818,0.191861
AGCTATTTAATCCAAC-1,0.178111,0.00009,0.287665,0.349637,0.167817,0.016679
AGCTCCATATATGTTC-1,0.000045,0.135561,0.01484,0.75486,0.000045,0.094648
AGCTCCTTCGCACATC-1,0.000028,0.191734,0.338615,0.423299,0.000265,0.046059
AGCTCGTTGATGGAAA-1,0.022279,0.028013,0.443182,0.356889,0.031639,0.117998
AGCTCTAGACGTTCCA-1,0.000024,0.094651,0.510384,0.213501,0.061125,0.120315
AGCTCTTCCCAGTGCA-1,0.000037,0.037651,0.493678,0.038167,0.229504,0.200962
AGCTCTTCGTAACCTT-1,0.00003,0.00999,0.231458,0.757616,0.00003,0.000875
AGCTCTTTACTCAGTT-1,0.000527,0.121803,0.728407,0.081324,0.029116,0.038822
AGCTGAAGTAAACCAA-1,0.022237,0.042901,0.183945,0.333314,0.263956,0.153646
AGCTGCATTTGAGGTG-1,0.000022,0.140421,0.50217,0.013253,0.307459,0.036675
AGCTGCTGTGCCGAAT-1,0.039237,0.030201,0.186355,0.110522,0.208411,0.425274
AGCTGTAACCTCAATC-1,0.00203,0.216298,0.14967,0.244447,0.046076,0.34148
AGCTTATAGAGACCTG-1,0.967416,0.000174,0.00026,0.03189,0.000087,0.000174
AGCTTCAATACTTTGA-1,0.224568,0.0007,0.273017,0.00035,0.225412,0.275953
AGCTTCTTCTCGAGCA-1,0.000017,0.094571,0.111265,0.184094,0.07168,0.538372
AGCTTGATCAGGGTAG-1,0.00001,0.555432,0.228952,0.153306,0.003669,0.058631
AGCTTGATCTTAACTT-1,0.006622,0.202239,0.442031,0.286867,0.033209,0.029032
AGGAAAGCCTCTGATG-1,0.571242,0.210047,0.121849,0.000018,0.094843,0.002001
AGGAACGAACGACTTC-1,0.000009,0.365925,0.534443,0.067554,0.002635,0.029434
AGGAAGCTGTCCGCCG-1,0.000027,0.073191,0.062434,0.246863,0.024384,0.593102
AGGACAGTCGAATCCC-1,0.000021,0.152937,0.325245,0.273428,0.023798,0.224571
AGGACATCGCACGTCG-1,0.17719,0.154918,0.19298,0.000042,0.385752,0.089119
AGGACATCGGCACACT-1,0.000021,0.079661,0.084339,0.138426,0.060888,0.636665
AGGACGACCCATTAGA-1,0.000035,0.067926,0.272838,0.489545,0.023994,0.145662
AGGACGCTCGATGTTG-1,0.000025,0.185572,0.532412,0.000025,0.2797,0.002265
AGGACTTATAGGAGAA-1,0.710312,0.000179,0.000268,0.288973,0.000089,0.000179
AGGAGACATCCACAGT-1,0.000016,0.072455,0.458277,0.244739,0.045007,0.179507
AGGAGAGTCTGGCTAC-1,0.053531,0.068258,0.304981,0.362105,0.067851,0.143274
AGGAGCGTTTATTATC-1,0.000086,0.006959,0.000258,0.14982,0.032201,0.810675
AGGAGGCCTTCGCGCG-1,0.041002,0.00009,0.000135,0.940299,0.000045,0.018428
AGGATAAAGTCGGGAT-1,0.000017,0.187052,0.146918,0.520001,0.002549,0.143464
AGGATATAGGGATTTA-1,0.000026,0.155075,0.532849,0.178096,0.049877,0.084078
AGGATATCCGACTGCA-1,0.000007,0.899069,0.072168,0.000007,0.014702,0.014046
AGGATCACGCGATCTG-1,0.007864,0.295377,0.450121,0.17123,0.015641,0.059766
AGGATTGCTTACGACA-1,0.020077,0.162897,0.483506,0.210258,0.027344,0.095918
AGGCAAAGAGGAATCA-1,0.98646,0.009153,0.000066,0.004255,0.000022,0.000044
AGGCAATACGGAGGAC-1,0.59734,0.020756,0.055438,0.000041,0.031103,0.295321
AGGCACGTGACTGTCC-1,0.000029,0.225953,0.048564,0.28963,0.010509,0.425314
AGGCAGATGCGTAAAC-1,0.000013,0.105869,0.795794,0.089743,0.007351,0.00123
AGGCAGGGAGCGTACT-1,0.006382,0.175003,0.143429,0.292422,0.114221,0.268542
AGGCATTGTCGTAGGG-1,0.000073,0.008672,0.00022,0.967663,0.000073,0.023299
AGGCCACATTGGTTAC-1,0.000017,0.046951,0.149898,0.278635,0.086395,0.438104
AGGCCACCCGTTATGA-1,0.016814,0.020729,0.12886,0.177224,0.39292,0.263454
AGGCCCAGTGACTGGT-1,0.885217,0.000119,0.000178,0.000059,0.000059,0.114368
AGGCCCATTGTACAGG-1,0.119718,0.063729,0.39528,0.275098,0.063749,0.082427
AGGCCCTAGAACGCCA-1,0.000018,0.115705,0.19663,0.56467,0.02697,0.096007
AGGCCTATCATACCAA-1,0.000019,0.703605,0.037344,0.050383,0.000084,0.208564
AGGCCTGAGAATCTCG-1,0.000027,0.039763,0.133917,0.470357,0.041136,0.314801
AGGCGATAACTGGCGT-1,0.055627,0.206764,0.339284,0.369845,0.008084,0.020396
AGGCGGTTTGTCCCGC-1,0.005797,0.01556,0.003474,0.426182,0.000045,0.548941
AGGCGTCTATGGACGG-1,0.01221,0.075742,0.384779,0.33694,0.068603,0.121726
AGGCTATGGTTAGCTT-1,0.059239,0.000093,0.195936,0.602436,0.092213,0.050082
AGGCTTAAGTTGCACA-1,0.008193,0.044692,0.00283,0.431418,0.000036,0.512831
AGGCTTCCCGAAGAAG-1,0.009811,0.123569,0.177879,0.64121,0.005212,0.042318
AGGCTTGCTAGACACC-1,0.020556,0.06178,0.278277,0.48445,0.097002,0.057935
AGGGAAACGAGGTACT-1,0.041815,0.009813,0.324966,0.451612,0.074188,0.097606
AGGGACAGCACGGCGG-1,0.564998,0.039359,0.000337,0.154432,0.000112,0.240762
AGGGACCGGCTGCGTT-1,0.020043,0.025159,0.228991,0.711612,0.000035,0.014159
AGGGACTCTACGCGAC-1,0.006052,0.269321,0.247509,0.176089,0.028262,0.272766
AGGGAGACATACTTCG-1,0.000035,0.003227,0.279922,0.421702,0.073385,0.221728
AGGGCAGCGGCGTGGT-1,0.025839,0.100933,0.287041,0.134412,0.242162,0.209614
AGGGCCCTAATGTTCT-1,0.000024,0.242357,0.25943,0.259662,0.009706,0.228821
AGGGCGAGCAGCTGAT-1,0.000022,0.001663,0.002065,0.709206,0.024593,0.262451
AGGGCGTGATCGGCTA-1,0.197483,0.0001,0.000151,0.037443,0.244469,0.520354
AGGGCTGCAGTTACAG-1,0.000775,0.005637,0.06944,0.40849,0.398604,0.117054
AGGGTCAGAGCACTCG-1,0.003115,0.766131,0.182553,0.001656,0.008186,0.038359
AGGGTCAGTAACCCTA-1,0.018389,0.123893,0.512088,0.048931,0.186732,0.109967
AGGGTCGATGCGAACT-1,0.011732,0.201173,0.506543,0.073104,0.049975,0.157472
AGGGTCTGGACGCAGT-1,0.000033,0.065722,0.025761,0.508198,0.001158,0.399128
AGGGTGCCGTTCTTTA-1,0.005445,0.382723,0.246066,0.003389,0.015357,0.347021
AGGGTGCTCTCGAGGG-1,0.000028,0.063665,0.508546,0.398846,0.00967,0.019245
AGGGTGGATAGTGCAT-1,0.000026,0.021102,0.516581,0.314865,0.113105,0.034322
AGGGTGTGCTACACGC-1,0.000012,0.145173,0.593882,0.000012,0.233901,0.02702
AGGGTTCAGACGGTCC-1,0.000015,0.763903,0.149872,0.016798,0.001145,0.068267
AGGGTTCCCTTTGGTT-1,0.03687,0.005134,0.008022,0.47286,0.124765,0.352349
AGGGTTTAGTTCGGGA-1,0.120112,0.030344,0.427499,0.285883,0.11182,0.024344
AGGTAACCTCCTATTC-1,0.585678,0.000135,0.000202,0.029837,0.044268,0.33988
AGGTACGATATTGCCA-1,0.014005,0.160785,0.251748,0.34405,0.178639,0.050774
AGGTAGATCGAGATAT-1,0.00638,0.358643,0.132279,0.160528,0.009287,0.332884
AGGTAGGTACAAAGCT-1,0.010138,0.004606,0.308994,0.459848,0.1358,0.080614
AGGTATAATTGATAGT-1,0.012482,0.175008,0.175013,0.554355,0.00555,0.077593
AGGTATGCGGACATTA-1,0.004524,0.120599,0.668981,0.116657,0.024042,0.065197
AGGTCAGGTGAGAGTG-1,0.003435,0.030959,0.029564,0.802997,0.002997,0.130048
AGGTCGCCACTTCGGT-1,0.982251,0.00011,0.000165,0.000055,0.009532,0.007887
AGGTCGCCTCCCAACA-1,0.000019,0.109134,0.06495,0.695722,0.004842,0.125333
AGGTCGCGGAGTTACT-1,0.031156,0.019464,0.147488,0.45694,0.029352,0.3156
AGGTGCACGTCCACAT-1,0.00001,0.557645,0.093732,0.00001,0.108346,0.240258
AGGTGGTGACCTTCGC-1,0.00003,0.476912,0.130682,0.207461,0.017363,0.167551
AGGTGTATCGCCATGA-1,0.008128,0.032751,0.331455,0.38693,0.078418,0.162317
AGGTGTTGCCGACCAC-1,0.00002,0.260091,0.143416,0.318634,0.029341,0.248497
AGGTTACACCATGCCG-1,0.000024,0.000047,0.000071,0.282508,0.052598,0.664752
AGGTTCTCCTTTCCGG-1,0.000013,0.396948,0.291717,0.002937,0.092415,0.21597
AGGTTGAGGCACGCTT-1,0.014555,0.043624,0.359718,0.410341,0.140806,0.030955
AGGTTTCACACACCTT-1,0.00002,0.117214,0.641304,0.222232,0.009583,0.009647
AGTAACGTTCATCCTG-1,0.012931,0.098575,0.303284,0.337108,0.178123,0.06998
AGTAACTATAGCAGCC-1,0.000009,0.836884,0.138433,0.000009,0.00426,0.020406
AGTAAGGGACAGAATC-1,0.005898,0.063181,0.021298,0.112784,0.000032,0.796807
AGTAATCTAAGGGTGG-1,0.000018,0.367225,0.149602,0.171325,0.019698,0.292132
AGTAATGTCTTGCCGC-1,0.000505,0.084699,0.761451,0.031703,0.112758,0.008884
AGTAATTTGCAAGCGT-1,0.000017,0.065626,0.058669,0.080877,0.048068,0.746743
AGTACAGAAGCTTATA-1,0.000014,0.406701,0.190908,0.175264,0.016505,0.210607
AGTACATCATTTATCA-1,0.000052,0.000104,0.054421,0.910553,0.018226,0.016644
AGTACCTTCGAGTGCT-1,0.00851,0.176746,0.753462,0.00485,0.049474,0.006958
AGTACGGCCCGTATCG-1,0.00448,0.002935,0.060174,0.870137,0.044521,0.017752
AGTACGGGCACCTGGC-1,0.034055,0.110105,0.430369,0.227719,0.182982,0.01477
AGTACGTGGCCTGTCT-1,0.045254,0.03796,0.365458,0.224749,0.230637,0.095942
AGTACTCTTATGCCCA-1,0.026316,0.214399,0.289736,0.374123,0.007911,0.087515
AGTAGAAGGCGCCTCA-1,0.000013,0.45138,0.152415,0.052196,0.026346,0.31765
AGTAGCGTGAACGAAC-1,0.317811,0.165982,0.081048,0.375879,0.05849,0.000791
AGTAGCTAGACGCCGA-1,0.0469,0.12366,0.384752,0.173286,0.209671,0.061731
AGTAGGAAGGAAGTTG-1,0.022525,0.037165,0.435232,0.344491,0.084506,0.076081
AGTAGGTAACATACAT-1,0.258054,0.000532,0.000798,0.11634,0.176291,0.447986
AGTATAATACTAGGCA-1,0.09575,0.000075,0.010095,0.703427,0.077971,0.112681
AGTATACACAGCGACA-1,0.00002,0.309742,0.187094,0.143462,0.025856,0.333826
AGTATCCATAATAACG-1,0.93594,0.042399,0.003883,0.000581,0.000037,0.01716
AGTATGCTGGAGACCA-1,0.004891,0.536475,0.107875,0.068842,0.015995,0.265923
AGTATTTGGCACGACC-1,0.000031,0.183064,0.150716,0.299157,0.020581,0.346449
AGTCAAATGATGTGAT-1,0.000017,0.323641,0.141117,0.208632,0.017774,0.30882
AGTCAACACCACCATC-1,0.000039,0.005229,0.051575,0.935282,0.000039,0.007837
AGTCAAGATGACACTT-1,0.000016,0.219167,0.740851,0.003511,0.008323,0.028132
AGTCACTAGCTCTCGA-1,0.00005,0.012818,0.000151,0.803831,0.00005,0.183099
AGTCACTCCGCCTCAT-1,0.82918,0.00006,0.00009,0.00003,0.033846,0.136794
AGTCAGCCACCGCCTG-1,0.661796,0.000095,0.000142,0.000047,0.04459,0.293329
AGTCCAGCGGGTACGT-1,0.967732,0.000083,0.000125,0.000042,0.000042,0.031977
AGTCCATTGGCTGATG-1,0.003166,0.09187,0.310156,0.117068,0.27901,0.198729
AGTCCCGCCTTTAATT-1,0.000025,0.103182,0.719096,0.000025,0.177621,0.000051
AGTCCCTCGCAGAAAG-1,0.012813,0.034206,0.482485,0.232335,0.059679,0.178483
AGTCGAAACGATTCAG-1,0.005099,0.319117,0.193443,0.163409,0.010121,0.308811
AGTCGAATTAGCGTAA-1,0.027517,0.025561,0.000159,0.275647,0.000053,0.671064
AGTCGACGGTCTCAAG-1,0.00326,0.024643,0.085402,0.848544,0.001488,0.036664
AGTCGGCCCAAACGAC-1,0.006643,0.004142,0.046882,0.190977,0.292899,0.458458
AGTCGGCTCAACTTTA-1,0.000024,0.015852,0.028775,0.362332,0.044314,0.548702
AGTCGGTTGCGTGAGA-1,0.000022,0.003639,0.065187,0.411569,0.059676,0.459907
AGTCGTATAAAGCAGA-1,0.000014,0.318637,0.136568,0.119596,0.004214,0.42097
AGTCGTCGACCACCAA-1,0.001411,0.111859,0.173755,0.520704,0.01218,0.18009
AGTCGTGGGCATTACG-1,0.000047,0.050144,0.134174,0.513081,0.071207,0.231347
AGTCTAAAGTATACTC-1,0.000033,0.085821,0.291756,0.592719,0.000033,0.029638
AGTCTCACAAGACTAC-1,0.000027,0.415515,0.342604,0.079282,0.026892,0.13568
AGTCTGGACATCCTTG-1,0.269015,0.000154,0.000231,0.503756,0.000077,0.226767
AGTCTTCTCCTCAAAT-1,0.035665,0.051928,0.804708,0.007261,0.093023,0.007414
AGTCTTTAAAGTGTCC-1,0.000014,0.304298,0.126617,0.285708,0.009736,0.273627
AGTGAACAAACTTCTC-1,0.004546,0.033015,0.431945,0.211962,0.001188,0.317343
AGTGAAGATGGTGTCC-1,0.080071,0.041045,0.346214,0.438676,0.014401,0.079593
AGTGACCTACTTTACG-1,0.140084,0.065687,0.50872,0.256333,0.012522,0.016653
AGTGACTGTGACACAA-1,0.000017,0.391837,0.109189,0.151904,0.010918,0.336136
AGTGAGACTTCCAGTA-1,0.000258,0.000079,0.014155,0.712575,0.0249,0.248033
AGTGAGCCTCGCCGCC-1,0.000044,0.000087,0.000131,0.979732,0.000044,0.019962
AGTGAGGGTTTCTGAC-1,0.018068,0.021799,0.114317,0.048088,0.367191,0.430537
AGTGAGTCGAATTAAC-1,0.000011,0.172828,0.313284,0.115998,0.079185,0.318694
AGTGATAACCTGCGCG-1,0.004019,0.077018,0.000115,0.689949,0.000038,0.22886
AGTGATATGAGTAGTT-1,0.000014,0.112221,0.831695,0.041616,0.002379,0.012074
AGTGATTCAAGCAGGA-1,0.000031,0.027165,0.388593,0.35199,0.124351,0.107869
AGTGCACGCTTAAGAA-1,0.000017,0.132644,0.325725,0.478484,0.005831,0.057299
AGTGCGTAGCTCGTAA-1,0.000024,0.022218,0.037839,0.524829,0.033899,0.381191
AGTGCTAAACACAGCA-1,0.000026,0.047333,0.005879,0.804018,0.001983,0.14076
AGTGCTTGCACGAATA-1,0.021967,0.042502,0.119241,0.454083,0.011227,0.350979
AGTGGCCCGCAAATGG-1,0.000007,0.617696,0.282697,0.048179,0.004263,0.047157
AGTGGCGGCAATTTGA-1,0.000028,0.051707,0.55938,0.369952,0.014737,0.004195
AGTGGCGTCTGAAGGT-1,0.000039,0.174531,0.046168,0.721617,0.000976,0.056668
AGTGGCTCCGTCGGCC-1,0.010832,0.040665,0.234774,0.444866,0.028554,0.240308
AGTGGGAGTATACACG-1,0.873286,0.000094,0.000141,0.043268,0.000047,0.083166
AGTGGTGTTACCCGTG-1,0.000024,0.014348,0.061901,0.534304,0.025458,0.363965
AGTGGTTGCGTATAGG-1,0.010138,0.014025,0.094273,0.763912,0.042038,0.075614
AGTGTATTGCGCATTG-1,0.00419,0.124213,0.520059,0.064745,0.198145,0.088648
AGTGTGCTAAGATCGC-1,0.696595,0.000451,0.003293,0.147178,0.010334,0.142148
AGTGTGGTCTATTGTG-1,0.083308,0.072842,0.516816,0.19233,0.114647,0.020058
AGTTAAACACTTGCGA-1,0.001393,0.000052,0.002811,0.579683,0.145572,0.270488
AGTTAAGCGGTCCCGG-1,0.081525,0.000156,0.243342,0.426011,0.118214,0.130751
AGTTAAGTCAACCGCT-1,0.001638,0.287259,0.253925,0.163225,0.017941,0.276012
AGTTACCCTTAAGACT-1,0.025196,0.007638,0.440369,0.429777,0.09615,0.000871
AGTTACCGCACATGGT-1,0.041057,0.009146,0.203906,0.548894,0.102048,0.09495
AGTTACTCTATCGTGG-1,0.059044,0.017895,0.61373,0.196953,0.067899,0.044479
AGTTATTCAGACTGTG-1,0.000037,0.040617,0.036448,0.000037,0.138721,0.784141
AGTTATTGAAAGGTAA-1,0.222942,0.000564,0.059473,0.373239,0.060563,0.28322
AGTTCACCGGTTGGAC-1,0.103808,0.012937,0.002045,0.39318,0.091562,0.396467
AGTTCCTACAGAATTA-1,0.005544,0.000085,0.196063,0.55081,0.214046,0.033452
AGTTCCTATTTATGTT-1,0.000058,0.004048,0.062993,0.769592,0.003845,0.159464
AGTTCTGCGTTGTATC-1,0.892299,0.026204,0.052104,0.013031,0.007193,0.009168
AGTTGACATCGGCTGG-1,0.337533,0.248335,0.057271,0.000031,0.307205,0.049625
AGTTGACGGTCCTTGC-1,0.002935,0.489983,0.168705,0.01622,0.011391,0.310766
AGTTGCGGTCCTCAAC-1,0.022674,0.431963,0.204332,0.136506,0.01584,0.188685
AGTTGCTGACTGATAT-1,0.4401,0.030189,0.102706,0.07908,0.081225,0.2667
AGTTGGCAAGGCTAGA-1,0.000016,0.256183,0.1905,0.348461,0.005802,0.199038
AGTTTATGTAAAGACA-1,0.010746,0.037819,0.154086,0.095113,0.099821,0.602415
AGTTTCGCAGGTCGGA-1,0.036652,0.209034,0.263553,0.015322,0.420523,0.054915
AGTTTGCACCTGCCTC-1,0.000024,0.247796,0.229342,0.001259,0.179258,0.342321
AGTTTGGCACGGGTTG-1,0.003708,0.085588,0.213309,0.68874,0.000041,0.008615
AGTTTGGCCAGACCTA-1,0.000036,0.004288,0.000109,0.851368,0.002092,0.142107
ATAAACCATTGGACGG-1,0.791623,0.000222,0.000333,0.207489,0.000111,0.000222
ATAAACGGACCCGTAA-1,0.048555,0.060267,0.050689,0.805703,0.006247,0.028538
ATAAACGTTGCACCAC-1,0.013067,0.087324,0.107346,0.596301,0.002043,0.193919
ATAAAGGCTCGGTCGT-1,0.000022,0.009693,0.088712,0.172932,0.504073,0.224567
ATAAAGGTCAAGTACG-1,0.000029,0.023356,0.08175,0.124461,0.433737,0.336667
ATAAATATTAGCAGCT-1,0.001017,0.008188,0.103994,0.798744,0.026671,0.061385
ATAACGCCGGAGGGTC-1,0.003653,0.030616,0.229524,0.509172,0.120746,0.106289
ATAACGGAGTCCAACG-1,0.012364,0.032638,0.133739,0.515232,0.071963,0.234064
ATAACGTTACCTCCAC-1,0.024691,0.044242,0.485736,0.274463,0.102344,0.068524
ATAAGCAAACACCGAG-1,0.000926,0.068135,0.712224,0.018993,0.182328,0.017394
ATAAGGTGGAGAACAT-1,0.01936,0.180726,0.126638,0.613773,0.007822,0.051681
ATAAGTACCCGATTGT-1,0.029245,0.084993,0.648352,0.041896,0.134723,0.06079
ATAAGTAGGATTCAGA-1,0.000036,0.000071,0.000278,0.713447,0.149764,0.136405
ATAAGTAGGGCGACTC-1,0.128104,0.00897,0.06704,0.508236,0.020364,0.267286
ATAAGTTACCGCGACG-1,0.000022,0.094832,0.21495,0.387662,0.043337,0.259197
ATAATACCGTTAGCCG-1,0.640404,0.025187,0.050321,0.271815,0.000127,0.012145
ATAATAGCTGTTGAAT-1,0.000025,0.068134,0.282746,0.279641,0.085644,0.28381
ATAATAGTGTAGGGAC-1,0.106644,0.379374,0.347119,0.000246,0.100338,0.066279
ATAATCTTGGAGAACC-1,0.01982,0.254894,0.12143,0.502309,0.006571,0.094976
ATAATTAGCTAAGTAG-1,0.000023,0.237206,0.083953,0.30431,0.005506,0.369001
ATACAGCGTCCACTGA-1,0.000019,0.608407,0.143716,0.091419,0.012438,0.144001
ATACAGGCCCTCCAAT-1,0.018848,0.269855,0.08722,0.504642,0.001486,0.117951
ATACCACGGGCAACTT-1,0.024099,0.002656,0.252486,0.708664,0.00457,0.007525
ATACCAGCAAATTGCT-1,0.51988,0.038252,0.212373,0.101505,0.001768,0.126223
ATACCAGGCTAATAGA-1,0.449073,0.001471,0.546514,0.000736,0.000736,0.001471
ATACCAGGTGAGCGAT-1,0.820944,0.001389,0.174888,0.000695,0.000695,0.001389
ATACCCTCCCGGCCAA-1,0.000013,0.331431,0.070616,0.112487,0.021654,0.4638
ATACCCTGGCTCAAAT-1,0.999827,0.000039,0.000058,0.000019,0.000019,0.000039
ATACCGTCATCCATAA-1,0.013532,0.247448,0.409474,0.038878,0.130813,0.159855
ATACCTAACCAAGAAA-1,0.00018,0.201802,0.106743,0.434819,0.014829,0.241627
ATACGAAGGCTTTCCA-1,0.040709,0.130475,0.100218,0.46865,0.00302,0.256928
ATACGACAGATGGGTA-1,0.000035,0.011127,0.377074,0.425941,0.095001,0.090822
ATACGAGGTTTGTAAG-1,0.000011,0.618925,0.082429,0.012392,0.036021,0.250223
ATACGCCGATCTACCG-1,0.999788,0.000047,0.000071,0.000024,0.000024,0.000047
ATACGCCGGCGAAACC-1,0.000018,0.176291,0.397843,0.282363,0.019982,0.123503
ATACGGAACGTCGTTT-1,0.000021,0.058063,0.085019,0.029227,0.234544,0.593126
ATACGGGTTTCGATTG-1,0.024592,0.072697,0.451356,0.012085,0.387645,0.051624
ATACGGTGAAGATGCA-1,0.000209,0.026456,0.286481,0.599211,0.054885,0.032759
ATACGTACTTAGCCAC-1,0.000042,0.040395,0.076208,0.423213,0.064141,0.396001
ATACGTCCACTCCTGT-1,0.000027,0.15008,0.489441,0.172153,0.02153,0.166768
ATACGTTATGCACGGA-1,0.008618,0.10713,0.192143,0.454065,0.000051,0.237993
ATACTACCCGTACCAC-1,0.000039,0.101772,0.207515,0.683484,0.000039,0.007151
ATACTAGCATGACCCT-1,0.023214,0.020944,0.384347,0.207883,0.330448,0.033164
ATACTCTCGCCACTCT-1,0.772214,0.0001,0.00015,0.008017,0.00005,0.219469
ATACTGCCTTACACCG-1,0.023849,0.142584,0.065031,0.65051,0.002947,0.115078
ATACTTGTTCTCGAGC-1,0.025787,0.052497,0.443591,0.318669,0.124268,0.035189
ATAGACAACGGGACCT-1,0.000025,0.00005,0.023707,0.502627,0.207478,0.266113
ATAGACGAAGAGAAAG-1,0.000747,0.03179,0.301456,0.31442,0.279897,0.07169
ATAGAGTACTGGGACA-1,0.0121,0.00965,0.346652,0.312491,0.282907,0.0362
ATAGAGTTATCAACTT-1,0.000018,0.298121,0.615799,0.00158,0.080126,0.004357
ATAGATTTGCAGTCGG-1,0.535963,0.001212,0.001819,0.000606,0.000606,0.459793
ATAGCAACTAGGGAAG-1,0.000026,0.004569,0.005835,0.321971,0.091654,0.575945
ATAGCCATAACAGTCA-1,0.000011,0.317381,0.186519,0.014317,0.044582,0.43719
ATAGCCTCAGTACCCA-1,0.214565,0.029194,0.049567,0.1794,0.186393,0.34088
ATAGCTGCTCTTGTTA-1,0.780576,0.04153,0.042152,0.135538,0.000068,0.000137
ATAGGAATCTAAGCTT-1,0.008707,0.115265,0.364414,0.173079,0.173792,0.164743
ATAGGCGGCTATAGAA-1,0.00118,0.012283,0.080976,0.376526,0.093094,0.435941
ATAGGCTAGCTTCGCA-1,0.072428,0.179714,0.576121,0.126214,0.021953,0.023569
ATAGGGATATCCTTGA-1,0.000027,0.048461,0.861731,0.019881,0.054234,0.015666
ATAGGTTGGGCAGATG-1,0.003149,0.000093,0.076189,0.359907,0.298589,0.262073
ATAGTCTTTGACGTGC-1,0.197728,0.011404,0.267473,0.174667,0.001406,0.347322
ATAGTGAAGCGTTCTC-1,0.000045,0.094605,0.250558,0.588349,0.026494,0.039951
ATAGTTCCACCCACTC-1,0.013379,0.001445,0.011099,0.973899,0.00006,0.000119
ATATAAAGCGCTCGTG-1,0.000527,0.134267,0.069461,0.48095,0.007219,0.307576
ATATAAATGTAGCTGC-1,0.000026,0.234529,0.144705,0.469538,0.019152,0.132048
ATATAACACGGGCGCA-1,0.00315,0.299112,0.178612,0.345983,0.024605,0.148539
ATATACATGTATGGTA-1,0.001439,0.205688,0.039603,0.515171,0.002111,0.235989
ATATACGCTCGTGACG-1,0.000012,0.543592,0.439539,0.005556,0.006048,0.005252
ATATAGAGTATTGGTC-1,0.00002,0.573418,0.139421,0.046541,0.027843,0.212758
ATATCAACCTACAGAG-1,0.0378,0.012156,0.031567,0.781606,0.003612,0.133258
ATATCAATTCCAGCCT-1,0.015687,0.000114,0.000171,0.268356,0.000057,0.715615
ATATCGGTAGGGAGAT-1,0.000019,0.043973,0.300524,0.655428,0.000019,0.000037
ATATCGTGCCAGACCC-1,0.000074,0.015594,0.100238,0.089872,0.338105,0.456118
ATATCGTTCCTCGAAC-1,0.00002,0.376468,0.610932,0.008041,0.002028,0.002512
ATATCTCCCTCGTTAA-1,0.049235,0.156553,0.657213,0.00003,0.136717,0.000251
ATATCTTAGGGCCTTC-1,0.04539,0.00014,0.005412,0.892622,0.00007,0.056367
ATATGGGATAGCAACT-1,0.000011,0.622168,0.184974,0.029432,0.011038,0.152378
ATATGTCTAGAGCGTG-1,0.001068,0.707003,0.084126,0.036005,0.003563,0.168234
ATATGTCTCCCTAGCC-1,0.00213,0.003229,0.066697,0.861375,0.001878,0.064691
ATATGTGCACAAACCA-1,0.021452,0.053249,0.68473,0.133788,0.076654,0.030126
ATATTATCCCGTATTT-1,0.999607,0.000087,0.000131,0.000044,0.000044,0.000087
ATATTCAGTTAAACCT-1,0.000023,0.138417,0.422772,0.255802,0.06228,0.120706
ATATTCCACATAGTGA-1,0.000027,0.088732,0.124629,0.196329,0.115826,0.474457
ATATTCCCACAGGTCA-1,0.18522,0.20616,0.135126,0.000256,0.472726,0.000512
ATATTGCTGTCAAAGT-1,0.263515,0.258381,0.293492,0.018419,0.144175,0.022018
ATATTGGAGAGGCCTT-1,0.000016,0.237744,0.367326,0.199122,0.031076,0.164716
ATATTTAACCCTCAAG-1,0.005148,0.007654,0.717745,0.200711,0.011672,0.05707
ATCAAACACTGTTCCA-1,0.00002,0.113022,0.362567,0.447413,0.01015,0.066829
ATCAAACGAAGGTTTG-1,0.000027,0.161174,0.107679,0.624079,0.003992,0.10305
ATCAAAGAGCCGTGGT-1,0.022702,0.158415,0.012874,0.434047,0.000024,0.371938
ATCAAGATCCCAGGAC-1,0.011176,0.499537,0.120055,0.037083,0.043082,0.289068
ATCAATCTGGGCTGCA-1,0.013085,0.000072,0.004941,0.894415,0.017107,0.070379
ATCAATGCCGTGGCTG-1,0.000027,0.134177,0.122022,0.184797,0.012647,0.546329
ATCACATTAGAATATC-1,0.042497,0.005692,0.139634,0.436756,0.151154,0.224267
ATCACGTGCTAATTAA-1,0.000039,0.000475,0.000118,0.725098,0.000166,0.274104
ATCACTTCATCCTCGC-1,0.000068,0.000135,0.032595,0.313839,0.164082,0.489282
ATCAGAAGCTGGTTGC-1,0.008351,0.126288,0.061367,0.148227,0.012927,0.642841
ATCAGACGGCACGCCG-1,0.02362,0.069557,0.092925,0.770812,0.004835,0.038251
ATCAGCCTCATGCTGC-1,0.00236,0.200546,0.519229,0.162332,0.000039,0.115493
ATCAGCTCGTCCACTA-1,0.000028,0.329036,0.395765,0.151684,0.021597,0.10189
ATCAGGTAGCTGACAG-1,0.005752,0.029636,0.176952,0.422889,0.058198,0.306573
ATCAGGTCGCCATTGC-1,0.079425,0.35633,0.45277,0.000023,0.111407,0.000045
ATCAGTAGGCAGGGAT-1,0.024972,0.020694,0.080825,0.108726,0.403258,0.361525
ATCATAGATCGACGAG-1,0.000017,0.557813,0.115575,0.181011,0.006124,0.13946
ATCATAGCCCTATGTA-1,0.000028,0.099213,0.103825,0.237359,0.059116,0.500458
ATCATCCAATATTTGT-1,0.00796,0.026533,0.161232,0.547664,0.157779,0.098831
ATCATCTGCCCAGTGT-1,0.033161,0.119211,0.252879,0.184386,0.308465,0.101897
ATCATGGACTACCGAC-1,0.005524,0.249774,0.542679,0.160589,0.009818,0.031617
ATCATTGTACCGCATT-1,0.000022,0.123592,0.036843,0.573405,0.000973,0.265166
ATCCAACGCAGTCATA-1,0.058377,0.052551,0.305044,0.239192,0.233946,0.110889
ATCCAATGGAGGGTCC-1,0.012519,0.197917,0.608973,0.133183,0.021536,0.025872
ATCCAATGGTACCGAA-1,0.003566,0.055886,0.165317,0.549238,0.04095,0.185042
ATCCACATCGACAGAA-1,0.000029,0.183056,0.108285,0.365321,0.004003,0.339306
ATCCACGCTAAATGTT-1,0.05667,0.131736,0.56712,0.136777,0.059623,0.048075
ATCCACTTTCAGACTA-1,0.000028,0.087842,0.667509,0.009569,0.207686,0.027366
ATCCAGAGCAACAACC-1,0.00246,0.359923,0.562363,0.005551,0.03981,0.029893
ATCCAGGATTCGTGAA-1,0.000022,0.200429,0.40104,0.214552,0.050051,0.133906
ATCCCATCCACAGCGC-1,0.000147,0.434431,0.096931,0.081796,0.031953,0.354742
ATCCCATTTCCGTGGG-1,0.000019,0.306771,0.077763,0.042051,0.074484,0.498912
ATCCGGACCAGCCTGA-1,0.000015,0.481886,0.245696,0.107104,0.012589,0.152709
ATCCTACCTAAGCTCT-1,0.013587,0.041109,0.253524,0.535452,0.025578,0.13075
ATCCTGAATCGCTGCG-1,0.076893,0.000044,0.013039,0.795397,0.013838,0.100789
ATCCTGCGTGGAATGG-1,0.031134,0.085236,0.406341,0.306245,0.011089,0.159955
ATCCTGCTGCAGATAG-1,0.857035,0.000135,0.000203,0.135499,0.000068,0.00706
ATCCTTCTGAAAGAAC-1,0.000012,0.137287,0.366842,0.38206,0.009431,0.104368
ATCGACCCAATACAGA-1,0.014455,0.13502,0.427395,0.332418,0.023919,0.066794
ATCGACTCTTTCCGTT-1,0.056188,0.170014,0.184653,0.421542,0.127572,0.04003
ATCGCACGATTGTTCA-1,0.99973,0.00006,0.00009,0.00003,0.00003,0.00006
ATCGCACGCCGGGAGA-1,0.055594,0.047569,0.604823,0.134164,0.148488,0.009362
ATCGCCAGTCAACATT-1,0.007932,0.02661,0.449679,0.388267,0.003014,0.124498
ATCGCCGTGGTTCATG-1,0.000023,0.398669,0.111985,0.0981,0.011352,0.379871
ATCGCTGCGTGCAGCA-1,0.012804,0.092619,0.237896,0.301992,0.066348,0.288341
ATCGCTTTACGTCTCA-1,0.027244,0.161479,0.354771,0.246785,0.008746,0.200975
ATCGGAGACAGACGGC-1,0.005977,0.298268,0.540069,0.049848,0.057274,0.048564
ATCGGCAAGCAGTCCA-1,0.000032,0.016429,0.466523,0.165222,0.144906,0.206888
ATCGGTTACCTAGTAA-1,0.00065,0.007302,0.172456,0.608575,0.131303,0.079714
ATCGTATTCCGAGAAC-1,0.056732,0.054739,0.417651,0.179447,0.127463,0.163969
ATCGTCCAATCGAGTC-1,0.32877,0.222267,0.359967,0.000034,0.088893,0.000068
ATCGTGGAAAGTCTGG-1,0.000059,0.508505,0.151455,0.019298,0.035614,0.285069
ATCGTTAGCTAGCGGA-1,0.000044,0.014636,0.000534,0.420203,0.17875,0.385832
ATCGTTCACTTTCGCC-1,0.033187,0.107226,0.374321,0.191971,0.203861,0.089434
ATCTAACGTCCCTATG-1,0.959007,0.007552,0.03328,0.00004,0.00004,0.00008
ATCTAATATCCTACGG-1,0.000027,0.118107,0.121476,0.432731,0.026133,0.301526
ATCTACCATCTGCTCC-1,0.003478,0.357109,0.262503,0.082037,0.030132,0.264741
ATCTAGCTTGTGAGGG-1,0.000413,0.347384,0.096357,0.416686,0.003527,0.135633
ATCTATCGATGATCAA-1,0.803561,0.100582,0.043072,0.000055,0.037341,0.01539
ATCTCATAAACCTACC-1,0.000017,0.108415,0.589076,0.03412,0.255187,0.013185
ATCTCCCACGGAATAT-1,0.000032,0.184163,0.114222,0.334046,0.072011,0.295526
ATCTCCCTGCAATCTA-1,0.047174,0.02038,0.166156,0.385156,0.216289,0.164846
ATCTCGTGAGCGAAAC-1,0.000017,0.107904,0.410308,0.418193,0.016009,0.047569
ATCTGACATGGAAGGA-1,0.000016,0.328931,0.204364,0.112302,0.033451,0.320937
ATCTGATAGTGTCTTA-1,0.722742,0.000166,0.000248,0.276596,0.000083,0.000166
ATCTGCACCTCTGCGA-1,0.005667,0.000081,0.00034,0.34157,0.058545,0.593796
ATCTGCTGTTATCGCC-1,0.000021,0.105312,0.057414,0.141179,0.034483,0.661591
ATCTGGGCTGTTCTTG-1,0.00004,0.163596,0.167811,0.483447,0.000132,0.184974
ATCTGGTTAAGACTGT-1,0.024313,0.021458,0.395746,0.501472,0.034592,0.022418
ATCTGTAATTGTACCC-1,0.199135,0.008166,0.027391,0.644766,0.045947,0.074595
ATCTTAGGGCATTAAT-1,0.000014,0.47746,0.302002,0.181441,0.000687,0.038396
ATCTTATCGCACACCC-1,0.00003,0.249407,0.371836,0.333747,0.001996,0.042984
ATCTTGACCTGCAACG-1,0.020535,0.003629,0.295942,0.331664,0.306369,0.041861
ATCTTGACTTGTCCAA-1,0.010716,0.034808,0.263387,0.568286,0.074741,0.048061
ATCTTTCGTATAACCA-1,0.000013,0.013242,0.180098,0.192908,0.206103,0.407636
ATGAAGCCAAGGAGCC-1,0.039247,0.079393,0.186891,0.165839,0.28288,0.245749
ATGAAGTGGACCCAGC-1,0.016965,0.036104,0.523357,0.308652,0.086547,0.028376
ATGACGCCGGCTCTAA-1,0.06811,0.007709,0.313975,0.514666,0.060364,0.035176
ATGACGCGTTCTATCC-1,0.000037,0.288844,0.293736,0.181431,0.022254,0.213698
ATGACTATCAGCTGTG-1,0.000025,0.464364,0.074817,0.271176,0.006137,0.183481
ATGACTATGCGACATT-1,0.000094,0.022365,0.170969,0.674859,0.000036,0.131676
ATGAGGAGTGTTAATC-1,0.000022,0.04723,0.706948,0.108876,0.124241,0.012683
ATGAGGGCAGCGGCTA-1,0.008888,0.24638,0.507895,0.074247,0.050411,0.11218
ATGATCGGGAATAGAC-1,0.052477,0.14255,0.390195,0.170456,0.102367,0.141955
ATGATGCAATGGTACA-1,0.026654,0.148249,0.332297,0.277412,0.082534,0.132854
ATGCACCTTCCTTAAT-1,0.274861,0.090224,0.384486,0.160993,0.031772,0.057664
ATGCACGCGCTGTTCA-1,0.000038,0.000077,0.000115,0.177207,0.026158,0.796404
ATGCACTACCGCATTG-1,0.118207,0.000671,0.167289,0.649392,0.037909,0.026532
ATGCATGATCCAGGAT-1,0.074989,0.03831,0.814318,0.048942,0.023377,0.000064
ATGCATTCCGTGATGG-1,0.899048,0.000909,0.001364,0.000455,0.097315,0.000909
ATGCCAATCGCTCTGC-1,0.026912,0.166815,0.731052,0.001693,0.063202,0.010325
ATGCCATTTGCGACCA-1,0.000037,0.00753,0.044675,0.482494,0.080383,0.384881
ATGCCGGTCTTGCATA-1,0.000067,0.000133,0.040013,0.934445,0.025209,0.000133
ATGCCGGTTGATGGGA-1,0.008644,0.005807,0.200178,0.660461,0.087339,0.037572
ATGCGACAATTGGTCC-1,0.000022,0.214276,0.516534,0.000022,0.240365,0.02878
ATGCGACAGTCCCATT-1,0.054353,0.055075,0.394908,0.4146,0.035308,0.045755
ATGCGAGTCCCACCAC-1,0.000034,0.010182,0.070073,0.805354,0.004127,0.110229
ATGCTCAGTGTTGCAT-1,0.126478,0.145585,0.274677,0.060126,0.257983,0.135151
ATGCTCTGGCGCGGTA-1,0.016838,0.188661,0.199667,0.466608,0.005049,0.123176
ATGCTTAGGAGTTGAT-1,0.000037,0.081784,0.089059,0.709536,0.013881,0.105704
ATGGAAATTTAAGGAG-1,0.000012,0.418658,0.117218,0.065787,0.041962,0.356363
ATGGAACAGAATAAAC-1,0.024136,0.160105,0.715213,0.016987,0.065827,0.017731
ATGGAACCTTTGCACA-1,0.000015,0.080715,0.67452,0.118729,0.051179,0.074842
ATGGACTGCTTAGTTG-1,0.000013,0.672147,0.162777,0.005151,0.029272,0.130639
ATGGAGCAGGCCGTGA-1,0.002565,0.003326,0.136465,0.676874,0.096123,0.084646
ATGGATCCGGCGTCCG-1,0.012128,0.023672,0.870539,0.010639,0.081971,0.001051
ATGGATTGACCAAACG-1,0.009127,0.005338,0.117542,0.6191,0.142151,0.106743
ATGGCAGCATTACGAT-1,0.000013,0.39646,0.201102,0.016053,0.037627,0.348744
ATGGCAGCCGAGAAAC-1,0.011646,0.020137,0.308527,0.530388,0.093047,0.036255
ATGGCCCGAAAGGTTA-1,0.000046,0.034674,0.007086,0.119743,0.003257,0.835194
ATGGCGGAATAGTCGC-1,0.000474,0.084214,0.252817,0.526905,0.074345,0.061245
ATGGCTGGAAATGGCC-1,0.007408,0.042929,0.65526,0.132093,0.127222,0.035088
ATGGGAACGGAAGCGG-1,0.047645,0.156803,0.296212,0.32862,0.124138,0.046581
ATGGGACCTGCTGAAC-1,0.001147,0.214306,0.167926,0.049704,0.066278,0.500639
ATGGGCCTCGGCCTCT-1,0.014626,0.002978,0.03339,0.764752,0.047213,0.13704
ATGGGTGTATACCTCC-1,0.000022,0.601054,0.079734,0.059427,0.004467,0.255296
ATGGTATTGGGAACCG-1,0.000017,0.411386,0.129279,0.054182,0.020808,0.384328
ATGGTATTTACTGATT-1,0.00001,0.674218,0.282021,0.000605,0.012924,0.030222
ATGGTCGCGTGGTTTC-1,0.000038,0.163819,0.311197,0.51002,0.000038,0.014889
ATGGTGCTCAAAGCCA-1,0.88994,0.107703,0.00101,0.000337,0.000337,0.000674
ATGGTTACGAAACATG-1,0.046265,0.061967,0.588958,0.163459,0.101029,0.038322
ATGTAAGGCTGCTCTT-1,0.000052,0.044196,0.143399,0.403951,0.000052,0.408351
ATGTACATGCGGTGAG-1,0.001808,0.191793,0.166085,0.437439,0.001233,0.201642
ATGTACGATGACGTCG-1,0.000021,0.152022,0.062218,0.111464,0.048046,0.626229
ATGTAGCGCGCGTAGG-1,0.000021,0.142056,0.056957,0.261957,0.08296,0.456048
ATGTCATAATAAACGA-1,0.010692,0.036543,0.015785,0.232916,0.001248,0.702816
ATGTCATTTCCCATTG-1,0.216611,0.000165,0.000247,0.402612,0.016464,0.363902
ATGTCTTGTTTGACTC-1,0.020251,0.445897,0.167506,0.103522,0.006782,0.256042
ATGTGAAAGCCTAATG-1,0.002442,0.145317,0.301416,0.451831,0.013477,0.085517
ATGTGCATCCGACGCA-1,0.079837,0.001751,0.15855,0.545097,0.134953,0.079812
ATGTGGACATCTTGAT-1,0.048563,0.025895,0.103786,0.746503,0.019068,0.056185
ATGTGTAGTTTAGTCA-1,0.682355,0.000206,0.173128,0.144002,0.000103,0.000206
ATGTTACGAGCAATAC-1,0.552414,0.000132,0.000198,0.015947,0.048979,0.38233
ATGTTCCTGCCCACCT-1,0.731361,0.000098,0.000147,0.106799,0.012281,0.149315
ATGTTCGTCGACCCAC-1,0.008535,0.003966,0.130695,0.744941,0.034734,0.077129
ATGTTGATTAGAGACT-1,0.000015,0.19784,0.161265,0.171693,0.038497,0.430689
ATGTTGTAGTCTGTTT-1,0.000025,0.566134,0.138681,0.125908,0.009054,0.160199
ATGTTTCGGCCCGGAG-1,0.002887,0.182166,0.323205,0.092918,0.205938,0.192886
ATGTTTGTAAGATCAT-1,0.020444,0.164879,0.497748,0.011645,0.244069,0.061215
ATTAAACATGCGGACC-1,0.000015,0.180109,0.643329,0.028238,0.049484,0.098825
ATTAAAGCGGACGAGC-1,0.881715,0.000075,0.000113,0.000038,0.007152,0.110907
ATTAACACCTGAGATA-1,0.262317,0.003365,0.02503,0.298398,0.183546,0.227344
ATTAATACTACGCGGG-1,0.019855,0.000602,0.211846,0.491797,0.153895,0.122004
ATTAATGAACCAGTCG-1,0.047594,0.018584,0.158353,0.222406,0.356113,0.19695
ATTAATTCGGTCACTC-1,0.036319,0.000116,0.000174,0.079814,0.36718,0.516397
ATTACAACTACCGGCC-1,0.001322,0.079362,0.51679,0.222539,0.163248,0.016739
ATTACATGTCAGTCTT-1,0.000051,0.14911,0.024317,0.661355,0.003464,0.161704
ATTACCACACTGCCTG-1,0.028,0.297559,0.432998,0.132272,0.029846,0.079324
ATTACGACTCCACAGT-1,0.004061,0.063545,0.323276,0.28603,0.084763,0.238326
ATTACGCGCTGGCAGG-1,0.000025,0.003158,0.017893,0.545337,0.119443,0.314143
ATTACGGGCTACGGTT-1,0.000012,0.246647,0.631518,0.017731,0.054534,0.04956
ATTACTAGCCTCTTGC-1,0.224674,0.074506,0.180512,0.340902,0.15866,0.020745
ATTACTTACTGGGCAT-1,0.007178,0.000369,0.226,0.573395,0.053422,0.139636
ATTAGATTCCTCAGCA-1,0.000036,0.000072,0.084232,0.915552,0.000036,0.000072
ATTAGATTGATAGCGG-1,0.057392,0.245413,0.59247,0.001895,0.102786,0.000044
ATTAGGCGATGCTTTC-1,0.000032,0.045967,0.504056,0.446533,0.000503,0.002909
ATTATACTTTGCTCGT-1,0.00404,0.000115,0.017822,0.22051,0.40006,0.357455
ATTATAGCTACTTTAC-1,0.000053,0.01251,0.056542,0.389741,0.02187,0.519285
ATTATCGGAATGTACG-1,0.000026,0.373194,0.02999,0.403336,0.001176,0.192279
ATTATCTCGACAGATC-1,0.519705,0.048678,0.150279,0.012269,0.018137,0.250931
ATTATGAGACCCAATT-1,0.000025,0.252432,0.150406,0.316071,0.014679,0.266387
ATTATGCCATAGGGAG-1,0.025509,0.060242,0.41421,0.115588,0.299803,0.084649
ATTATGCTCAGTATTG-1,0.000014,0.276857,0.668058,0.000014,0.055028,0.000028
ATTATTATGTCCGTCA-1,0.000037,0.181299,0.135185,0.29029,0.023324,0.369865
ATTATTCAGAGTCACT-1,0.015313,0.078754,0.089001,0.425803,0.019503,0.371626
ATTCAAAGTACCTGTT-1,0.625296,0.180045,0.040943,0.000035,0.082106,0.071575
ATTCAACCATTTAAGG-1,0.000043,0.138355,0.020971,0.635913,0.006663,0.198055
ATTCACTGATGTTGGA-1,0.000023,0.284008,0.237583,0.160119,0.05848,0.259787
ATTCAGATGAATCCCT-1,0.033151,0.027836,0.702102,0.09843,0.100892,0.037588
ATTCAGGACCTATTTC-1,0.036061,0.047277,0.383648,0.009479,0.04988,0.473655
ATTCAGGATCGCCTCT-1,0.069017,0.067713,0.173317,0.241682,0.18875,0.25952
ATTCAGTAGCAGGGTC-1,0.031372,0.02727,0.277979,0.212915,0.309983,0.140482
ATTCATATACTGTCCA-1,0.002677,0.313834,0.595319,0.0271,0.027615,0.033454
ATTCATCGTTGAGGCA-1,0.000037,0.020852,0.008995,0.229419,0.113873,0.626823
ATTCCCACATAAACAA-1,0.028405,0.068303,0.338838,0.276511,0.219567,0.068376
ATTCCCGAAGGTACAG-1,0.004122,0.704019,0.124778,0.023973,0.018992,0.124117
ATTCCTAAGACGTGGA-1,0.006379,0.15137,0.668714,0.000019,0.171403,0.002114
ATTCCTCCGCCAGTGC-1,0.02128,0.117102,0.464311,0.170841,0.169266,0.0572
ATTCCTTCCAGGCGGT-1,0.737055,0.000092,0.000138,0.000046,0.02078,0.24189
ATTCGACGCCGGGCCT-1,0.010717,0.025124,0.655247,0.244588,0.037182,0.027142
ATTCGCAGAGGACACT-1,0.000014,0.157997,0.55146,0.076614,0.106848,0.107066
ATTCGCGCCTTGAGAG-1,0.000023,0.260439,0.288567,0.280482,0.004489,0.166
ATTCGTCCCGAGGTTA-1,0.000062,0.080405,0.002854,0.281408,0.000059,0.635213
ATTCGTGCTATCTCTT-1,0.000042,0.000083,0.130949,0.868445,0.000042,0.00044
ATTCGTGTACCCATTC-1,0.017969,0.000157,0.000235,0.164322,0.000078,0.81724
ATTCGTTTATCGTATT-1,0.000053,0.139658,0.080028,0.219655,0.000053,0.560554
ATTCTCGTCTCTTTAG-1,0.256769,0.00244,0.627718,0.00122,0.109413,0.00244
ATTCTGAGTATGAACT-1,0.000037,0.243967,0.271146,0.022039,0.341661,0.12115
ATTCTTCGTACTTATG-1,0.000024,0.248738,0.443667,0.00029,0.305993,0.001287
ATTGAAGATCTTAGTG-1,0.034722,0.031101,0.351391,0.407847,0.140086,0.034852
ATTGAATTCCCTGTAG-1,0.000074,0.013369,0.000221,0.069449,0.000074,0.916813
ATTGACCGGCGATGAC-1,0.00003,0.00661,0.137948,0.606206,0.086429,0.162777
ATTGACGTAACTCGGT-1,0.213187,0.125989,0.309281,0.029469,0.100274,0.2218
ATTGATAGCAACGAGA-1,0.747542,0.000073,0.000109,0.007124,0.055236,0.189917
ATTGATCACCACATTT-1,0.00003,0.267885,0.182745,0.172108,0.076517,0.300714
ATTGATGAGTCCTAAC-1,0.000034,0.012962,0.240654,0.716794,0.014295,0.015261
ATTGCCTATTAGACCG-1,0.000027,0.290655,0.144986,0.090093,0.038451,0.435789
ATTGCCTTTATGTTTG-1,0.000015,0.54956,0.362142,0.000015,0.057071,0.031196
ATTGCGATCAGTAACT-1,0.039437,0.121818,0.125887,0.431164,0.049746,0.231948
ATTGCTGCTCCTCCAT-1,0.017917,0.039742,0.503757,0.397438,0.040479,0.000667
ATTGGATTACAGCGTA-1,0.000059,0.003505,0.001445,0.323758,0.019384,0.651849
ATTGGGAATATCTTGG-1,0.2517,0.001389,0.002084,0.572238,0.1712,0.001389
ATTGGGAGTTCTGTAA-1,0.002374,0.062619,0.493936,0.186832,0.131615,0.122623
ATTGGTAGGATCCGCT-1,0.087864,0.000716,0.157133,0.609013,0.110415,0.034859
ATTGGTTGTGCATTAC-1,0.000025,0.286775,0.115682,0.063553,0.031444,0.502522
ATTGTACAACTCGGCT-1,0.000035,0.012366,0.054534,0.917186,0.000035,0.015844
ATTGTCGCAATACCTT-1,0.024034,0.002103,0.023107,0.13993,0.390422,0.420404
ATTGTCTGTTTCATGT-1,0.000029,0.663939,0.126834,0.001171,0.012369,0.195658
ATTGTGACTTCGCTGC-1,0.012259,0.080196,0.722441,0.003175,0.178061,0.003867
ATTGTTCAACGATCCG-1,0.004812,0.380307,0.168186,0.096979,0.214076,0.135641
ATTTAACTCGTATTAC-1,0.256307,0.130636,0.000984,0.407035,0.000328,0.20471
ATTTACAGTTTACTGG-1,0.062149,0.013649,0.507633,0.378342,0.022584,0.015643
ATTTACTAAGTCCATT-1,0.000051,0.012916,0.1197,0.721964,0.044613,0.100755
ATTTATACTGGTAAAG-1,0.032791,0.17562,0.039193,0.338014,0.003862,0.41052
ATTTCATTATTTCGCG-1,0.021273,0.00585,0.002004,0.376759,0.416067,0.178048
ATTTCCGGGTTCTGCG-1,0.000031,0.291125,0.09556,0.523987,0.000031,0.089266
ATTTGCCTAGTTACGA-1,0.568474,0.000206,0.000308,0.000103,0.211464,0.219445
ATTTGCGCGAGTAGCT-1,0.00004,0.045807,0.031753,0.334718,0.13549,0.452192
ATTTGGAGATTGCGGT-1,0.026255,0.002878,0.070482,0.15557,0.080673,0.664142
ATTTGTCTTGGGAGCT-1,0.00004,0.022371,0.2433,0.348327,0.045039,0.340922
ATTTGTTCCAGGGCTC-1,0.075159,0.000728,0.219526,0.302778,0.338655,0.063153
CAAACCAGGTCTGCAT-1,0.01494,0.033549,0.043256,0.679096,0.03769,0.191469
CAAACCATAAGCGTAT-1,0.018356,0.060634,0.04107,0.203064,0.006782,0.670094
CAAACCCTCCGGCGGG-1,0.000013,0.384086,0.133353,0.390982,0.000559,0.091007
CAAACGAGTATCGCAG-1,0.000021,0.008972,0.06325,0.334559,0.094482,0.498716
CAAACGGTCGCACTTT-1,0.000025,0.003255,0.110392,0.517125,0.2126,0.156603
CAAACGTGGTCTTGCG-1,0.087479,0.000204,0.153524,0.383743,0.058389,0.316661
CAAACTATTGAGCTTC-1,0.119945,0.124745,0.533916,0.000984,0.202473,0.017937
CAAACTCGCGACGCCG-1,0.00002,0.016628,0.126574,0.817895,0.004667,0.034215
CAAAGATTATTGGGCC-1,0.000018,0.458477,0.319952,0.087503,0.025256,0.108795
CAAAGGTCATCTGAAA-1,0.000015,0.097614,0.248883,0.546931,0.004397,0.102162
CAAAGGTTAAATTCAG-1,0.009886,0.049266,0.836753,0.001109,0.102962,0.000024
CAAAGTCAGGTTAGCT-1,0.879812,0.000127,0.00019,0.081731,0.000063,0.038077
CAAATCTCTCACAAGG-1,0.004063,0.000045,0.001192,0.541887,0.083001,0.369813
CAAATGCGGAGTGTTC-1,0.634459,0.00027,0.000406,0.093592,0.000135,0.271138
CAAATGTCCTTCCGTG-1,0.013298,0.012918,0.238608,0.362246,0.044963,0.327967
CAAATTGGATTATGCC-1,0.000026,0.000263,0.067633,0.605849,0.112374,0.213855
CAAATTGTCAGCAAGC-1,0.091455,0.042058,0.37456,0.331045,0.083805,0.077078
CAACACATCTCCTGCC-1,0.002363,0.425412,0.564055,0.000007,0.003748,0.004414
CAACAGAATAACGCTA-1,0.001055,0.004056,0.061553,0.278546,0.258991,0.395799
CAACAGTGCCAAACGG-1,0.474912,0.000995,0.407024,0.115575,0.000498,0.000995
CAACATGGCCTGATAA-1,0.999813,0.000041,0.000062,0.000021,0.000021,0.000041
CAACCAGTGGCCTACC-1,0.000023,0.089277,0.062885,0.593235,0.013404,0.241176
CAACCGCACCTAGACA-1,0.999767,0.000052,0.000078,0.000026,0.000026,0.000052
CAACCTACCGAGCAGT-1,0.000026,0.155897,0.024191,0.5064,0.003404,0.310082
CAACCTGAACCTGCCA-1,0.026855,0.140832,0.429832,0.159062,0.105566,0.137852
CAACGACCCGTTTACA-1,0.123413,0.025168,0.059614,0.740519,0.013019,0.038267
CAACGAGCTTATTATG-1,0.004376,0.405057,0.083968,0.177111,0.005435,0.324053
CAACGATCGATCCAAT-1,0.00858,0.114634,0.081739,0.179969,0.000995,0.614083
CAACGCGATGAGCCAA-1,0.015282,0.46538,0.179157,0.198394,0.001778,0.14001
CAACGGTTCTTGATAC-1,0.25227,0.021466,0.012776,0.413728,0.076169,0.223592
CAACGTGGTGGAGTCT-1,0.000026,0.02839,0.01619,0.538794,0.0773,0.3393
CAACTATATCGAATGC-1,0.032624,0.000878,0.02343,0.116674,0.340049,0.486344
CAACTCCAACGTTTAG-1,0.026874,0.151431,0.438604,0.031164,0.298079,0.053849
CAACTCCGTAACTTGC-1,0.014817,0.078875,0.643953,0.034702,0.208069,0.019584
CAACTCCTTGATCCCG-1,0.108175,0.065868,0.052003,0.137728,0.35157,0.284656
CAACTGAGGGTATGAC-1,0.000014,0.053681,0.495929,0.028899,0.250797,0.17068
CAACTTGTAGTGGGCA-1,0.610774,0.000457,0.300738,0.013018,0.008431,0.066582
CAAGAAACCCTAAACT-1,0.026708,0.044733,0.431077,0.185823,0.165089,0.146569
CAAGACTCAGAAGCGC-1,0.000424,0.11922,0.418238,0.317476,0.029633,0.115008
CAAGAGGGCGGAGTAC-1,0.002017,0.154342,0.242853,0.547409,0.009263,0.044115
CAAGATATTATAACGT-1,0.011533,0.197837,0.40986,0.300003,0.020285,0.060482
CAAGCAACGTCGGAGT-1,0.038265,0.04132,0.795389,0.013196,0.111257,0.000573
CAAGCACCAAATGCCT-1,0.030639,0.034306,0.311787,0.382253,0.127062,0.113953
CAAGCGGCACATAATT-1,0.000029,0.092885,0.184636,0.708003,0.001576,0.012872
CAAGGATCGCATGTTC-1,0.000026,0.099554,0.430236,0.33951,0.068283,0.062391
CAAGGCCAGTGGTGCA-1,0.000012,0.475722,0.315974,0.140952,0.007248,0.060092
CAAGGGAGTGTATTTG-1,0.846041,0.000061,0.000092,0.000031,0.030366,0.123409
CAAGGTCCTATAGGCT-1,0.017609,0.057029,0.299425,0.593598,0.011424,0.020915
CAAGTAAGTGATAGAC-1,0.000016,0.396077,0.116726,0.328002,0.005796,0.153382
CAAGTCGTTGAAATCT-1,0.006203,0.603532,0.153831,0.006217,0.020218,0.209999
CAAGTGAACTTTGGTT-1,0.154316,0.002273,0.572334,0.001137,0.267667,0.002273
CAAGTGTGGTTGCAAA-1,0.017221,0.081565,0.171719,0.674922,0.000608,0.053965
CAATAAACCTTGGCCC-1,0.015246,0.013088,0.23259,0.527599,0.115043,0.096434
CAATACGAGAGTCTGA-1,0.000015,0.121786,0.370734,0.471939,0.007132,0.028393
CAATACGCTCTGAGGC-1,0.018458,0.000802,0.003963,0.828441,0.010779,0.137556
CAATATGTAGATTTAC-1,0.108287,0.140062,0.430194,0.0168,0.268418,0.036239
CAATATTCTTGACCTA-1,0.000028,0.158127,0.300249,0.055239,0.064417,0.42194
CAATATTGGACTAGTG-1,0.776127,0.000151,0.000226,0.055274,0.000075,0.168145
CAATCCATTATCCGTT-1,0.028726,0.128264,0.543821,0.212812,0.080529,0.005848
CAATCCCTATACCAGC-1,0.000024,0.081706,0.718325,0.000025,0.196792,0.003128
CAATCCTGCCGTGGAG-1,0.520854,0.07259,0.06958,0.000053,0.097228,0.239695
CAATGACCCTTAATTT-1,0.000015,0.466582,0.106186,0.146591,0.008708,0.271918
CAATGAGGTTCGACTA-1,0.005109,0.12038,0.521295,0.328221,0.003554,0.021441
CAATGCGAGAAGTATC-1,0.000017,0.136783,0.664695,0.08524,0.03797,0.075295
CAATGGAATCTACATA-1,0.01392,0.008103,0.079737,0.206408,0.349941,0.341892
CAATGGATCTCTACCA-1,0.048573,0.016887,0.191642,0.558844,0.007837,0.176218
CAATGGTCGGCCTGGG-1,0.49034,0.001299,0.505763,0.00065,0.00065,0.001299
CAATGTGCCAACCCTT-1,0.02501,0.025384,0.056659,0.741713,0.001262,0.149971
CAATTAAGGGTGATGA-1,0.028069,0.013435,0.357359,0.3095,0.156675,0.134962
CAATTGGGCCGCACTC-1,0.016399,0.0001,0.000149,0.319241,0.00005,0.664061
CAATTTCGTATAAGGG-1,0.000046,0.007857,0.037112,0.540703,0.237483,0.176799
CAATTTGACCGGGAAG-1,0.89294,0.000059,0.000088,0.000029,0.022843,0.084041
CACAAACCGCAGAACT-1,0.000008,0.468581,0.314699,0.008032,0.036985,0.171694
CACAAGAAAGATATTA-1,0.005628,0.04262,0.224466,0.089314,0.416884,0.221089
CACAAGCTAAGAAAGG-1,0.021619,0.228082,0.160718,0.322745,0.020996,0.245839
CACAATGAGCTGCTAT-1,0.026998,0.033045,0.312721,0.552231,0.02251,0.052496
CACACACGCTAACGAG-1,0.000037,0.014322,0.000112,0.712709,0.016867,0.255954
CACACAGCTTGCGCTC-1,0.000025,0.132498,0.494826,0.357878,0.003531,0.011242
CACACAGGGATAGATT-1,0.015131,0.058436,0.508616,0.267177,0.125871,0.024769
CACACGCGCTGTCTTA-1,0.006535,0.073184,0.584128,0.33278,0.001555,0.001817
CACACGTTTCAATGGG-1,0.022076,0.38678,0.475603,0.000022,0.1153,0.000219
CACACTTGTATTGCGA-1,0.000021,0.164695,0.754016,0.000021,0.081207,0.000041
CACAGAGACGAGGACG-1,0.000011,0.400639,0.144624,0.077366,0.021367,0.355992
CACAGCACCCACGGCA-1,0.016673,0.006811,0.584012,0.354334,0.033286,0.004885
CACAGCTAGGGAGTGA-1,0.032735,0.070618,0.202526,0.122555,0.513819,0.057746
CACAGGGCCATATAGT-1,0.039844,0.099471,0.069853,0.702318,0.039288,0.049226
CACAGGGCCGTTGTCA-1,0.000031,0.185398,0.082998,0.357071,0.022414,0.352088
CACAGTCCCGCTTCGC-1,0.000031,0.038914,0.055325,0.705312,0.004938,0.19548
CACAGTTCGCTTCCCA-1,0.000035,0.247577,0.096326,0.538853,0.011017,0.106193
CACATAAGGCGACCGT-1,0.976747,0.000063,0.000094,0.016148,0.000031,0.006916
CACATATTAGCAGGAT-1,0.000035,0.168847,0.171245,0.57723,0.006119,0.076524
CACATCGTGCACGCGC-1,0.000023,0.377382,0.141392,0.196883,0.005816,0.278505
CACATCTCACCGACGA-1,0.009201,0.223193,0.048041,0.52667,0.00331,0.189585
CACATGATTCAGCAAC-1,0.006872,0.017187,0.182354,0.549515,0.096876,0.147197
CACATGTTTGGACATG-1,0.793707,0.000139,0.013339,0.192607,0.000069,0.000139
CACATTCTTTCGATGG-1,0.000046,0.084995,0.426966,0.113794,0.269179,0.10502
CACATTTCTTGTCAGA-1,0.000049,0.099969,0.27047,0.52101,0.000147,0.108355
CACCAATCATCCGTCT-1,0.000026,0.000051,0.000077,0.003376,0.024548,0.971922
CACCACGCCACACAGA-1,0.000007,0.143668,0.689481,0.077142,0.026897,0.062806
CACCAGTCAGCATGCA-1,0.000026,0.177798,0.050259,0.24809,0.015713,0.508115
CACCATCGGAGGAGAC-1,0.238507,0.090874,0.222105,0.149933,0.285915,0.012666
CACCATGATCGCAAAG-1,0.000016,0.125027,0.645909,0.004534,0.162587,0.061926
CACCCAAATCTTATGT-1,0.015455,0.056733,0.169329,0.436058,0.065412,0.257012
CACCCACACGTCACCC-1,0.185115,0.095426,0.228008,0.360594,0.074998,0.055859
CACCCACGAGGCAATT-1,0.019611,0.024207,0.32711,0.238979,0.059503,0.330589
CACCCGCGTTTGACAC-1,0.000039,0.342742,0.053289,0.27641,0.001012,0.326509
CACCCGGTTTGTGACT-1,0.00534,0.091393,0.357095,0.384228,0.013208,0.148736
CACCCTAACAAGATCT-1,0.000021,0.195637,0.251719,0.437015,0.002674,0.112933
CACCCTTGGTGAGACC-1,0.00149,0.251092,0.282661,0.229845,0.046683,0.188229
CACCCTTTCCTCGCTC-1,0.951443,0.000167,0.000251,0.047888,0.000084,0.000167
CACCGATACACCGAGC-1,0.000032,0.016041,0.084609,0.32803,0.381463,0.189825
CACCGATGATGGGTAC-1,0.000015,0.338368,0.103348,0.002196,0.109468,0.446604
CACCGCCAGAAGGTTT-1,0.097902,0.000138,0.062901,0.640979,0.098498,0.099582
CACCGCCGACCAGCGA-1,0.031707,0.277526,0.234381,0.000037,0.2725,0.183851
CACCGCGTCCACTCTA-1,0.033819,0.175818,0.57313,0.030147,0.03543,0.151655
CACCGGAGATATCTCC-1,0.109487,0.002322,0.130939,0.582374,0.137984,0.036893
CACCGGGCATCACAAG-1,0.000011,0.362397,0.131958,0.179903,0.013071,0.31266
CACCGGTAGAGACATT-1,0.000012,0.517191,0.271318,0.119108,0.017215,0.075155
CACCGTATCCCATCCG-1,0.001676,0.071574,0.130903,0.359517,0.101449,0.33488
CACCGTTAGGGATCAC-1,0.000029,0.358974,0.391266,0.067018,0.042461,0.140251
CACCGTTGCGCGATAT-1,0.000023,0.183194,0.514769,0.215906,0.020017,0.06609
CACCTAATAGAGTCGT-1,0.486504,0.002311,0.042677,0.410205,0.034297,0.024006
CACCTAATCAGTTTAC-1,0.020725,0.000144,0.152924,0.552035,0.106021,0.168151
CACCTCGATGGTGGAC-1,0.02418,0.081687,0.152934,0.476121,0.217846,0.047232
CACCTCTACGAGTGTG-1,0.015525,0.305873,0.65858,0.000013,0.019983,0.000025
CACCTTGCGAAACTCG-1,0.05134,0.084046,0.476643,0.266721,0.048654,0.072597
CACCTTGGCGCCTTTG-1,0.000069,0.066745,0.456079,0.300602,0.000069,0.176435
CACGAAAGTTAGTCCC-1,0.054005,0.063069,0.541638,0.087507,0.145545,0.108236
CACGACCACAGACTTT-1,0.021254,0.193135,0.536813,0.005779,0.238042,0.004978
CACGACGTAATAGTAA-1,0.101976,0.115064,0.648645,0.014185,0.088166,0.031963
CACGACTAAAGTTCTG-1,0.80114,0.00187,0.002805,0.000935,0.191381,0.00187
CACGAGCAAACCAGAC-1,0.000009,0.291236,0.046737,0.171645,0.040137,0.450236
CACGATTGGTCGTTAA-1,0.993075,0.001539,0.002308,0.00077,0.000769,0.001539
CACGCACAGCGCAGCT-1,0.039346,0.007902,0.223037,0.590847,0.057049,0.081818
CACGCAGCGAGGCTTT-1,0.000026,0.038289,0.226289,0.134667,0.371436,0.229294
CACGCGGAACTGTTGC-1,0.000032,0.009529,0.218102,0.684138,0.011516,0.076683
CACGGACGTGGATGGC-1,0.01151,0.018176,0.32484,0.621732,0.003591,0.020151
CACGGCGCGCCAAAGG-1,0.002028,0.027244,0.459992,0.218799,0.225151,0.066787
CACGGGATTGAGGGTT-1,0.028973,0.00715,0.089945,0.592144,0.192691,0.089097
CACGTCAATCAATGGA-1,0.000015,0.182228,0.229179,0.36793,0.011828,0.208821
CACGTCGGCAACCTCT-1,0.026006,0.173945,0.148217,0.341027,0.001365,0.30944
CACGTCGGGTTCTAGA-1,0.63866,0.010535,0.017498,0.327921,0.005241,0.000145
CACGTCTATGATGTGG-1,0.034006,0.037779,0.407584,0.313452,0.098511,0.108669
CACGTTCGTGCTCTAG-1,0.000031,0.090547,0.337685,0.525273,0.01461,0.031854
CACGTTTCGTACACAC-1,0.000048,0.103358,0.262686,0.462421,0.05125,0.120236
CACTAAAGTTGCCTAT-1,0.093024,0.000062,0.017768,0.765306,0.058961,0.064879
CACTACGGGAGCTGCC-1,0.00003,0.146464,0.16261,0.422938,0.018061,0.249897
CACTACTCAGTTCTGT-1,0.026479,0.505323,0.16911,0.000082,0.288522,0.010484
CACTCAAGAGCTATGG-1,0.021253,0.045326,0.406313,0.379903,0.081935,0.065269
CACTCAGCTCTTGAGG-1,0.02894,0.050933,0.601646,0.224638,0.077092,0.01675
CACTCCTATGTAAGAT-1,0.001581,0.154205,0.067621,0.481203,0.004109,0.291281
CACTCCTCTCGGTCGG-1,0.094852,0.070915,0.574274,0.000029,0.259872,0.000058
CACTCGAGCTGAACAA-1,0.026363,0.041479,0.128914,0.70268,0.018494,0.08207
CACTCGGTTAGGAGGA-1,0.018003,0.00999,0.316764,0.582662,0.03568,0.0369
CACTCTCAAGCATCGA-1,0.000523,0.676464,0.219332,0.035069,0.008222,0.06039
CACTCTTCTGCTAGCC-1,0.014678,0.412938,0.426722,0.006386,0.030782,0.108494
CACTGACGATTGTGGA-1,0.000023,0.341885,0.061804,0.362213,0.000023,0.234052
CACTGTCCAAGTGAGA-1,0.164409,0.000131,0.004531,0.417032,0.14703,0.266867
CACTTAATCAGACGGA-1,0.00002,0.018818,0.592474,0.233285,0.135842,0.019562
CACTTCGCCACAGGCT-1,0.086495,0.120944,0.11223,0.398749,0.102832,0.17875
CACTTCGTCTTATCTC-1,0.53918,0.000108,0.003106,0.015577,0.164924,0.277106
CAGAACTTAGCCCTCT-1,0.000031,0.065164,0.143033,0.577679,0.0043,0.209792
CAGAATAACACACGGA-1,0.000029,0.211005,0.001957,0.756114,0.000029,0.030867
CAGAATATTCGTTATC-1,0.000013,0.156661,0.430027,0.174392,0.039837,0.199069
CAGACACCGATCGCTG-1,0.000026,0.371384,0.355046,0.129596,0.005787,0.138161
CAGACCTGTAAGTGTT-1,0.000043,0.000087,0.00013,0.994714,0.000043,0.004982
CAGACGAACCTGATAC-1,0.024808,0.164581,0.542462,0.125003,0.000038,0.143109
CAGAGACGGTCACCCA-1,0.024007,0.133051,0.28678,0.39859,0.055367,0.102205
CAGAGCATGAGCTTGC-1,0.0285,0.044639,0.410992,0.267532,0.236357,0.011979
CAGAGCGATGGATGCT-1,0.000008,0.787394,0.164076,0.00043,0.004189,0.043903
CAGAGGCGATGCATGA-1,0.003211,0.370121,0.281343,0.08505,0.02649,0.233784
CAGAGTGATTTAACGT-1,0.032248,0.086618,0.192804,0.188128,0.281392,0.21881
CAGATAATGGGCGGGT-1,0.010216,0.167014,0.148246,0.508142,0.023379,0.143003
CAGATACTAACATAGT-1,0.207145,0.000874,0.137303,0.36379,0.139313,0.151574
CAGATATGAAGATGAC-1,0.000012,0.354794,0.167033,0.233624,0.01049,0.234047
CAGATCATTTAAAGTC-1,0.022031,0.086576,0.35311,0.339074,0.065605,0.133604
CAGATCCTGGTTTGAA-1,0.000018,0.042293,0.090741,0.218125,0.055311,0.593512
CAGATGTTTGTCCCAA-1,0.000029,0.026548,0.002907,0.17483,0.013895,0.781791
CAGCAGCCCGTTCCTT-1,0.057358,0.000108,0.371557,0.303935,0.07011,0.196932
CAGCAGTCCAGACTAT-1,0.00003,0.15984,0.174006,0.416906,0.019798,0.22942
CAGCAGTCTGTGCTGC-1,0.000039,0.255868,0.043044,0.350674,0.015457,0.334919
CAGCCCTCACAGGCAG-1,0.662201,0.172202,0.050719,0.01287,0.074332,0.027676
CAGCCGGGCCCTCTAT-1,0.001854,0.219601,0.509171,0.003467,0.121648,0.144259
CAGCCTCCTGCAGAGG-1,0.01793,0.076822,0.707361,0.026182,0.171642,0.000062
CAGCCTCGATAGCGGT-1,0.000031,0.13367,0.084134,0.559417,0.000543,0.222205
CAGCCTCTCCTCAAGA-1,0.013348,0.025251,0.491393,0.28605,0.14333,0.040629
CAGCGATTCCCTTCAA-1,0.000024,0.218283,0.46533,0.289982,0.00216,0.024222
CAGCGCCAACACGATA-1,0.007978,0.067907,0.147279,0.717875,0.012852,0.046108
CAGCTCACTGAGACAT-1,0.015698,0.051843,0.747062,0.021173,0.142562,0.021661
CAGCTCGACAAGTTAA-1,0.000035,0.000069,0.042675,0.957117,0.000035,0.000069
CAGCTCGTGCTTGTGT-1,0.685146,0.022116,0.224656,0.060395,0.007603,0.000084
CAGCTCTGGGCTCACT-1,0.000885,0.314702,0.256013,0.183072,0.008427,0.236901
CAGCTGGCGTAACCGT-1,0.006858,0.110008,0.345531,0.29881,0.014107,0.224687
CAGCTTAGTAGGTAGC-1,0.024026,0.006765,0.137187,0.521079,0.1623,0.148642
CAGGAAGACTTTATAT-1,0.044257,0.020089,0.34468,0.321731,0.112166,0.157077
CAGGACAGCTGCCCTT-1,0.006317,0.137057,0.463525,0.364825,0.00298,0.025297
CAGGATATATCGTTGT-1,0.000043,0.046628,0.051017,0.465945,0.158064,0.278302
CAGGATCCGCCCGACC-1,0.89459,0.001235,0.001852,0.000617,0.000617,0.101088
CAGGCAGTCTTACCAG-1,0.000025,0.293279,0.090371,0.530632,0.000025,0.085668
CAGGCCAGTACCACCT-1,0.000015,0.282448,0.129247,0.243029,0.008831,0.336431
CAGGCCGTTTGGGTGT-1,0.053217,0.10725,0.449195,0.210173,0.079571,0.100594
CAGGCGCACGGTGGTC-1,0.000034,0.143772,0.072814,0.556042,0.005011,0.222328
CAGGCGCCATGCTAGG-1,0.000035,0.115304,0.128877,0.656537,0.004526,0.09472
CAGGGAGATAGGCCAG-1,0.000009,0.666935,0.192539,0.066758,0.010858,0.062901
CAGGGCTAACGAAACC-1,0.887431,0.000065,0.000097,0.099701,0.000032,0.012673
CAGGTTTAGTACTACA-1,0.008271,0.009684,0.286143,0.581454,0.083689,0.030759
CAGTAACTATTTATTG-1,0.012473,0.092208,0.702735,0.103581,0.057684,0.031318
CAGTAAGGGACGTCTC-1,0.000011,0.377744,0.481693,0.094562,0.009438,0.036553
CAGTAATCCCTCCCAG-1,0.188313,0.121525,0.307113,0.041893,0.16565,0.175506
CAGTACATTCTCTAAA-1,0.00338,0.005153,0.061983,0.026095,0.42896,0.474429
CAGTACCAGTTTACGT-1,0.000035,0.204583,0.06992,0.642669,0.000035,0.082757
CAGTAGATGATGTCCG-1,0.412165,0.051014,0.018359,0.193695,0.000065,0.324703
CAGTAGCCCACGCGGT-1,0.000033,0.043028,0.369613,0.482831,0.007768,0.096727
CAGTAGCGAGGTAGTA-1,0.958009,0.000086,0.000129,0.002031,0.000043,0.039702
CAGTCCAACGCCTTCT-1,0.063868,0.086964,0.69615,0.00588,0.117251,0.029888
CAGTCGAGGATGCAAT-1,0.027222,0.015818,0.280057,0.590677,0.032097,0.054128
CAGTCGGCCTAGATAT-1,0.031937,0.161186,0.030866,0.337227,0.000064,0.438719
CAGTCTCTCGGCTAAT-1,0.709035,0.005337,0.112127,0.023613,0.000072,0.149817
CAGTCTGTATACTGGG-1,0.008338,0.067187,0.286188,0.298705,0.042276,0.297306
CAGTGAATAAATGACT-1,0.014289,0.070427,0.431546,0.433363,0.025249,0.025127
CAGTGGTTGCACATGA-1,0.557913,0.00009,0.000136,0.030155,0.072385,0.33932
CAGTGTCCGCAGAATG-1,0.455616,0.000098,0.000146,0.001096,0.090448,0.452597
CAGTGTCGGCTGGCCC-1,0.000031,0.064401,0.068859,0.39425,0.069624,0.402836
CAGTGTTAATCTCTCA-1,0.000751,0.562446,0.166305,0.072217,0.030096,0.168185
CAGTTCAAATTGACAC-1,0.009639,0.059537,0.774447,0.000863,0.154309,0.001203
CAGTTCCGCGGGTCGA-1,0.088158,0.222314,0.542761,0.000884,0.145146,0.000737
CAGTTCGAGGACCCGA-1,0.000016,0.640016,0.157674,0.03343,0.037968,0.130896
CATAACGGACAGTCGT-1,0.000013,0.142455,0.24134,0.003649,0.229022,0.383521
CATAAGAAGCTTGGCT-1,0.000027,0.242149,0.077718,0.329211,0.001281,0.349614
CATAAGCTCTCCGTCT-1,0.007534,0.279597,0.502141,0.043022,0.060779,0.106926
CATAATGAGCGGGCGA-1,0.838229,0.000088,0.000132,0.000044,0.00573,0.155778
CATACAAAGCCGAACC-1,0.719897,0.000094,0.002801,0.276906,0.000047,0.000255
CATACACAAAGTCAGC-1,0.021676,0.000051,0.000077,0.481843,0.000026,0.496327
CATACACGGTTCCCAC-1,0.000034,0.207841,0.027134,0.411489,0.000037,0.353466
CATACCCGTACCCAGT-1,0.000019,0.000038,0.000056,0.273824,0.171965,0.554098
CATACGAACTAGCTGG-1,0.004093,0.305338,0.287391,0.015208,0.042119,0.345852
CATACGGCGTCTGGGC-1,0.022769,0.100646,0.724703,0.137472,0.002614,0.011797
CATACGGGTGCATGAT-1,0.899351,0.000141,0.000212,0.084999,0.000071,0.015227
CATACTATGTAATTGT-1,0.000041,0.000082,0.103155,0.307004,0.248083,0.341634
CATACTTAGGCAATAC-1,0.000024,0.111323,0.417703,0.388743,0.006157,0.07605
CATACTTCTTTCTCCG-1,0.000016,0.637651,0.188657,0.087013,0.006723,0.07994
CATAGAGGAGATACTA-1,0.000019,0.408296,0.187667,0.109046,0.016771,0.278201
CATAGCCGCCCGGGAT-1,0.008411,0.105173,0.252525,0.163689,0.373718,0.096484
CATAGCGTTGCCCACC-1,0.002843,0.15002,0.318418,0.059057,0.114618,0.355045
CATAGGGACACTTGTG-1,0.000013,0.484302,0.112652,0.147596,0.007017,0.24842
CATAGTACATTGAGAG-1,0.034527,0.015062,0.094075,0.707066,0.048184,0.101085
CATAGTAGCATAGTAG-1,0.045925,0.111934,0.14998,0.231849,0.24574,0.214571
CATAGTCAAATACATA-1,0.000017,0.280199,0.241807,0.289509,0.003977,0.184491
CATAGTCCACAAGAAC-1,0.000013,0.375601,0.409364,0.094938,0.021584,0.098501
CATAGTGGGCACGCCT-1,0.000014,0.447836,0.104357,0.06589,0.026664,0.355238
CATATACTACTGATAA-1,0.000028,0.11296,0.230579,0.014268,0.316124,0.326041
CATATAGGTACAGTCA-1,0.000041,0.038118,0.192771,0.41013,0.133014,0.225925
CATATGTCAGGCTACG-1,0.000033,0.201169,0.242878,0.432604,0.008949,0.114367
CATATTATTTGCCCTA-1,0.07062,0.153505,0.309951,0.304305,0.096966,0.064652
CATCAAACTGGCGCCC-1,0.019544,0.116784,0.493586,0.109184,0.112632,0.148271
CATCAACACCTACTAA-1,0.7672,0.000102,0.030937,0.179731,0.019393,0.002637
CATCATCTACCCGGAC-1,0.083255,0.078674,0.564195,0.112998,0.086884,0.073995
CATCATTACCCTGAGG-1,0.000042,0.060728,0.045323,0.673677,0.027229,0.193001
CATCCAATATAGTTTG-1,0.000017,0.411639,0.109586,0.380226,0.000067,0.098465
CATCCCGAGATTCATA-1,0.000026,0.432437,0.272513,0.128669,0.01286,0.153495
CATCCGCAGGCCCGAA-1,0.61801,0.000092,0.01986,0.136239,0.108594,0.117205
CATCCTCTCAAAGATC-1,0.00004,0.201207,0.270825,0.476965,0.00004,0.050923
CATCGAATGGATCTCT-1,0.999592,0.000091,0.000136,0.000045,0.000045,0.000091
CATCGCCCGCGGCCAA-1,0.22051,0.249395,0.357862,0.000026,0.162657,0.009549
CATCGGACGGGTTAAT-1,0.011062,0.036789,0.155051,0.249331,0.238375,0.309393
CATCGTCCGGTTACTA-1,0.033239,0.08694,0.601494,0.083388,0.167248,0.027691
CATCTACCCGAGAACG-1,0.001178,0.02767,0.242493,0.189717,0.334144,0.204797
CATCTAGTGAAGGGAA-1,0.000014,0.093808,0.353701,0.479276,0.003979,0.069221
CATCTATCCCGTGTCT-1,0.033216,0.151474,0.687408,0.035741,0.091523,0.000638
CATCTGCAGGATCATT-1,0.017361,0.053037,0.715943,0.059033,0.143216,0.01141
CATCTTACACCACCTC-1,0.0023,0.13951,0.359895,0.45575,0.010113,0.032432
CATGAACCGACATTTG-1,0.674718,0.080492,0.187478,0.057045,0.000089,0.000178
CATGAACCTCTTATCA-1,0.279825,0.024711,0.427564,0.157769,0.082712,0.02742
CATGACTTCGCTGAAT-1,0.000032,0.028894,0.215568,0.621056,0.04651,0.08794
CATGAGATGCACTCTC-1,0.000028,0.130031,0.104291,0.465502,0.050997,0.24915
CATGAGTCCATCACGG-1,0.000014,0.583017,0.214249,0.083005,0.004972,0.114743
CATGATACGGTGAAAC-1,0.013285,0.118696,0.048403,0.367815,0.00003,0.45177
CATGATCGCTTTGAGA-1,0.000015,0.377894,0.378338,0.169454,0.008563,0.065737
CATGATGCACAATTCT-1,0.00737,0.026655,0.428719,0.144864,0.230105,0.162286
CATGATGGAAGTTAGC-1,0.000067,0.026303,0.521706,0.169234,0.000067,0.282623
CATGCACATGAGAGGC-1,0.000013,0.270004,0.162422,0.211226,0.032179,0.324157
CATGCACGTGTTACTG-1,0.004147,0.190451,0.197821,0.10366,0.448049,0.055872
CATGCATGGAGACCCT-1,0.386767,0.00019,0.009442,0.405557,0.044633,0.153411
CATGCCAACTCGCAAA-1,0.008522,0.008843,0.008938,0.678711,0.007404,0.287582
CATGCGACCAGTTTAA-1,0.000015,0.219565,0.718572,0.038199,0.006947,0.016703
CATGCGTTAGACAGAA-1,0.276281,0.0072,0.326684,0.244728,0.124828,0.020279
CATGCGTTGAGAGGAG-1,0.001599,0.556671,0.156871,0.12919,0.005912,0.149757
CATGCTGGCTCCAATT-1,0.269695,0.167437,0.055877,0.176846,0.329753,0.000393
CATGGAAATGGGACCA-1,0.038202,0.010374,0.119529,0.419962,0.15781,0.254123
CATGGATTGTCTTCCG-1,0.000049,0.103485,0.009265,0.354856,0.108664,0.42368
CATGGCAGGAAGATCG-1,0.033095,0.067077,0.497283,0.186884,0.168207,0.047453
CATGGCTCCCTATGTC-1,0.045199,0.035926,0.372999,0.321464,0.150779,0.073634
CATGGGTATGCCTTAT-1,0.000044,0.11256,0.197716,0.423814,0.000109,0.265758
CATGGGTCGGGTGTGG-1,0.000042,0.059438,0.588858,0.131009,0.199187,0.021465
CATGGTAAGTAGCGTT-1,0.017464,0.182188,0.780434,0.014043,0.004864,0.001006
CATGGTATTAGTTTGT-1,0.015738,0.074077,0.01401,0.109545,0.011073,0.775557
CATGGTCTAGATACCG-1,0.033556,0.042979,0.557083,0.192008,0.146647,0.027728
CATGGTTTATTAATCA-1,0.000019,0.334778,0.122093,0.192722,0.003781,0.346607
CATGTAAGAGACATTT-1,0.000038,0.114374,0.368234,0.383168,0.00118,0.133006
CATGTAGGAGCGCCAA-1,0.058773,0.138639,0.293142,0.250518,0.156636,0.102293
CATGTCTCATTTATGG-1,0.026314,0.083338,0.089293,0.641007,0.011178,0.14887
CATGTGGGCTCATCAC-1,0.000025,0.002214,0.0032,0.201353,0.009918,0.78329
CATTACATAGATTGTG-1,0.077958,0.025499,0.226364,0.533003,0.03595,0.101226
CATTACGCAGGAAGGG-1,0.000015,0.625206,0.252661,0.00795,0.027484,0.086683
CATTACGTCGGCCCGT-1,0.000036,0.06579,0.467333,0.174194,0.240662,0.051984
CATTATAACAGGGTCC-1,0.470904,0.001198,0.001797,0.000599,0.29871,0.226792
CATTATCCCATTAACG-1,0.011469,0.408011,0.284752,0.079481,0.006322,0.209965
CATTATGCTTGTTGTG-1,0.050158,0.000113,0.20714,0.681931,0.050397,0.010262
CATTCACTGACAGCTA-1,0.214975,0.000221,0.000331,0.139286,0.00011,0.645077
CATTCAGGTCAGTGCG-1,0.889846,0.000136,0.000204,0.106644,0.003033,0.000136
CATTCCCATTCCGTCG-1,0.019709,0.166453,0.77034,0.020084,0.000242,0.023172
CATTCCCTAAGTACAA-1,0.959944,0.018487,0.000106,0.000035,0.000035,0.021392
CATTCGTCGTAGCGGT-1,0.000021,0.000043,0.000064,0.092821,0.103025,0.804026
CATTGATGAACACGCC-1,0.096293,0.174783,0.570001,0.011563,0.116195,0.031165
CATTGCAAAGCATAAT-1,0.04874,0.207302,0.41028,0.036601,0.234816,0.062261
CATTGCGAAATGGGCG-1,0.03781,0.022073,0.256888,0.642753,0.015681,0.024795
CATTGCGGGTCAATTC-1,0.002411,0.084711,0.357824,0.166848,0.047818,0.340389
CATTGTGTGCTAGATC-1,0.897732,0.00013,0.000195,0.089036,0.000065,0.012841
CATTTAGCGGACCATG-1,0.059859,0.051997,0.27027,0.396855,0.044183,0.176835
CATTTATCGTTCAAGA-1,0.039563,0.000235,0.019997,0.081149,0.000117,0.858939
CATTTCTAGCAGACTA-1,0.586849,0.035197,0.147788,0.000054,0.172761,0.057351
CCAAACAGAACCCTCG-1,0.196642,0.063991,0.319561,0.310144,0.061985,0.047678
CCAAAGCAGTTGGTTG-1,0.913749,0.000078,0.000117,0.040167,0.000039,0.045852
CCAAAGTCCCGCTAAC-1,0.973743,0.024104,0.00008,0.000027,0.000027,0.00202
CCAAATAACAAGATTC-1,0.000016,0.308088,0.213675,0.206831,0.053147,0.218243
CCAAATCAAAGGGCAA-1,0.000015,0.261653,0.07523,0.229118,0.01159,0.422394
CCAACCTTATGTAACT-1,0.009599,0.645742,0.171806,0.021643,0.000791,0.150418
CCAACGATGCACTGAT-1,0.000029,0.000059,0.038703,0.172111,0.525218,0.263879
CCAACGCTTGCCAGGG-1,0.025493,0.058496,0.794537,0.045876,0.042886,0.032711
CCAACTTGATAGATCC-1,0.000165,0.044341,0.092271,0.618792,0.007493,0.236938
CCAAGAAAGTGGGCGA-1,0.005184,0.129487,0.225407,0.41407,0.023976,0.201876
CCAAGACTTCTGCGAA-1,0.095041,0.06664,0.496082,0.149807,0.097447,0.094982
CCAAGCGTAACTCGTA-1,0.000035,0.00007,0.137262,0.828905,0.023283,0.010446
CCAAGCTTGATCTCCT-1,0.999651,0.000078,0.000116,0.000039,0.000039,0.000078
CCAAGGAACAGAGAGG-1,0.188841,0.000458,0.000687,0.485126,0.000229,0.32466
CCAAGGTTGCCCTTTC-1,0.003331,0.387979,0.287185,0.155959,0.003173,0.162372
CCAAGTTTCTACAGAT-1,0.658522,0.00013,0.000195,0.042605,0.023484,0.275063
CCAATAGATTTCATCT-1,0.043455,0.01368,0.161565,0.629836,0.102248,0.049215
CCAATAGTGCCGTCGA-1,0.017019,0.015247,0.317913,0.537466,0.100348,0.012006
CCAATCGGTAGATCGA-1,0.000736,0.01266,0.14175,0.157154,0.238313,0.449388
CCAATGTCACAGCAAG-1,0.014859,0.061489,0.464226,0.120003,0.223565,0.115858
CCAATTACGGGTCGAG-1,0.143802,0.094077,0.223746,0.174684,0.299358,0.064333
CCAATTGAATGTTAAT-1,0.029788,0.164734,0.461304,0.209603,0.089633,0.044938
CCACAATGTACGTCTT-1,0.020313,0.004506,0.340581,0.518093,0.040787,0.075719
CCACACTGAGATATTA-1,0.013294,0.039528,0.637968,0.284252,0.014122,0.010836
CCACAGCTGAAATCAT-1,0.934942,0.018113,0.024596,0.000022,0.018713,0.003615
CCACAGTACCCATCCT-1,0.000038,0.184438,0.111936,0.613291,0.000633,0.089664
CCACATACTGCACCCA-1,0.000024,0.190952,0.122019,0.411533,0.03939,0.236081
CCACATGGCTCTTTAT-1,0.039306,0.000139,0.000209,0.409614,0.00007,0.550663
CCACCAACTTTACTGT-1,0.018179,0.274477,0.62557,0.015771,0.009125,0.056878
CCACCCAAGGAAAGTG-1,0.001323,0.017908,0.191684,0.748295,0.005664,0.035126
CCACCTGTATGGAATA-1,0.000024,0.08091,0.006303,0.703048,0.000024,0.20969
CCACGAATTTAACCTC-1,0.000015,0.163998,0.243739,0.318618,0.065713,0.207916
CCACGAGAAGAGAATC-1,0.003251,0.017125,0.530695,0.121335,0.287258,0.040335
CCACGGAGCCATAAGA-1,0.00271,0.067765,0.061068,0.665302,0.012082,0.191073
CCACGGCAGGTGTAGG-1,0.000009,0.60705,0.266633,0.061639,0.008781,0.055887
CCACGGTGCCCGGTAG-1,0.000029,0.104885,0.123879,0.691616,0.030349,0.049242
CCACGTAAATTAGACT-1,0.00023,0.146739,0.23509,0.421321,0.02105,0.175569
CCACTAAACTGAATCG-1,0.986083,0.000049,0.000073,0.000024,0.000024,0.013747
CCACTATCCGGGTCAC-1,0.000036,0.069646,0.257686,0.574681,0.006416,0.091534
CCACTCAGATCCGCAA-1,0.000014,0.404682,0.196197,0.153617,0.018808,0.226683
CCACTGGTGGCTGGTT-1,0.007711,0.016104,0.172563,0.682184,0.073221,0.048217
CCACTGTTTGGATTAA-1,0.000035,0.290802,0.456369,0.193365,0.005384,0.054046
CCACTTTCCTTCTAGG-1,0.000083,0.030159,0.007109,0.146344,0.000083,0.816221
CCAGAAACTGATGCGA-1,0.000017,0.449132,0.173642,0.231642,0.003127,0.142439
CCAGAAAGCAACTCAT-1,0.000018,0.04751,0.156114,0.508739,0.044384,0.243235
CCAGAGACAAAGCCGG-1,0.107797,0.082533,0.499858,0.15992,0.139754,0.010138
CCAGATAGTTGAGTGA-1,0.000048,0.000096,0.031002,0.884725,0.033674,0.050454
CCAGATGTAAATGGGT-1,0.022674,0.037752,0.553464,0.354974,0.016157,0.014979
CCAGCCTGGACCAATA-1,0.000026,0.018658,0.158176,0.619583,0.058523,0.145033
CCAGCGGGATCACCAG-1,0.000014,0.047189,0.273168,0.610031,0.011909,0.057689
CCAGCTACGCCTCATA-1,0.955634,0.000095,0.000142,0.000047,0.000047,0.044034
CCAGCTCGAACGCATT-1,0.000044,0.18067,0.263949,0.121025,0.000044,0.434268
CCAGCTGATGGTACTT-1,0.017007,0.113672,0.348661,0.28514,0.029297,0.206224
CCAGCTTCCGCCCGCA-1,0.014005,0.002134,0.177107,0.175828,0.439067,0.191859
CCAGGCGAGATGGTCT-1,0.000011,0.529223,0.158394,0.07299,0.010323,0.229059
CCAGGCTGGCGTCTGA-1,0.000008,0.332712,0.610189,0.027244,0.007592,0.022255
CCAGGGACGTGGCCTC-1,0.019454,0.000073,0.00056,0.24628,0.312072,0.42156
CCAGTAGTCTGATCCA-1,0.064419,0.005413,0.204287,0.646245,0.071427,0.008209
CCAGTCAAATCTCTTA-1,0.009775,0.067726,0.034884,0.720598,0.00253,0.164487
CCAGTCCATTATTCGA-1,0.713301,0.000163,0.000244,0.25315,0.000081,0.033061
CCAGTCTAGACGGCGC-1,0.099036,0.122381,0.592726,0.104458,0.060947,0.020452
CCAGTCTTGTCATAGA-1,0.015949,0.157368,0.053471,0.510875,0.001468,0.260868
CCAGTGAGCTCCTTGT-1,0.999712,0.000064,0.000096,0.000032,0.000032,0.000064
CCAGTGTACAGACCGA-1,0.000008,0.4054,0.258076,0.011288,0.054024,0.271203
CCAGTTCGGTAACTCA-1,0.000011,0.509815,0.164875,0.065155,0.019939,0.240205
CCATAAACAACCCGAC-1,0.030741,0.009897,0.139537,0.498243,0.184294,0.137287
CCATAACCTGTGCAGT-1,0.000014,0.232573,0.099808,0.024457,0.052848,0.590301
CCATACCTTTACTTGT-1,0.029951,0.00011,0.012931,0.912184,0.011606,0.033219
CCATACTCGCCTCTCC-1,0.00975,0.010558,0.24348,0.662557,0.031686,0.041969
CCATAGAGGCTGCCAG-1,0.000019,0.38036,0.124594,0.029457,0.030194,0.435376
CCATAGGTTGGCGTGG-1,0.007072,0.000123,0.000185,0.105182,0.300275,0.587163
CCATAGTCAGTAACCC-1,0.670643,0.016735,0.036635,0.236675,0.022698,0.016613
CCATATGGAAACTATA-1,0.000051,0.226254,0.068555,0.50863,0.000051,0.196458
CCATATTGGATCATGA-1,0.858482,0.000119,0.000178,0.060299,0.000059,0.080863
CCATCATAAGAACAGG-1,0.041098,0.087125,0.468809,0.087494,0.106842,0.208632
CCATCCATACCAAGTC-1,0.727978,0.007325,0.069192,0.195362,0.000048,0.000096
CCATCTCACCAGTGAA-1,0.000033,0.05697,0.453278,0.48481,0.000033,0.004875
CCATCTTGTTCACAAT-1,0.938823,0.000108,0.000163,0.060743,0.000054,0.000108
CCATGCCCTAGATTTC-1,0.000054,0.040979,0.000161,0.524461,0.052721,0.381624
CCATGCCTGTTTAGTA-1,0.006028,0.012336,0.645873,0.318899,0.013905,0.002958
CCATGCTCTGCAGGAA-1,0.035315,0.046481,0.098778,0.126242,0.450505,0.24268
CCATGGCAAACGCTCA-1,0.000013,0.389804,0.091754,0.315821,0.004741,0.197868
CCATGGCCCTTGTACC-1,0.000016,0.030423,0.331846,0.140933,0.401247,0.095536
CCATGTTCATCTATAT-1,0.00002,0.476614,0.158896,0.052576,0.018206,0.293688
CCATTAGCGATAATCC-1,0.049476,0.030949,0.606589,0.102703,0.187021,0.023262
CCATTCCCTGCCCACA-1,0.03484,0.007555,0.140235,0.470609,0.23828,0.108482
CCATTGTTTCCTCCAT-1,0.003409,0.071155,0.203787,0.443065,0.03688,0.241704
CCATTTCTACCTATTA-1,0.000031,0.075826,0.090868,0.73308,0.001385,0.098809
CCCAAACATGCTGCTC-1,0.014581,0.0621,0.538929,0.374513,0.004277,0.0056
CCCAACATACGTCGCG-1,0.00798,0.10837,0.323985,0.480908,0.030607,0.04815
CCCAACCACACTAACA-1,0.135958,0.069066,0.256356,0.107918,0.02647,0.404232
CCCAAGAATGCACGGT-1,0.01564,0.141405,0.624132,0.017523,0.176569,0.024731
CCCAAGACAGAGTATG-1,0.880851,0.001725,0.002587,0.000862,0.112251,0.001725
CCCAAGTCATTACACT-1,0.002777,0.179722,0.059104,0.342916,0.018008,0.397473
CCCAATGAGATTTGCA-1,0.004974,0.235212,0.098882,0.10706,0.020904,0.532968
CCCAATTTCACAACTT-1,0.040501,0.01086,0.129815,0.643898,0.119291,0.055635
CCCACTCCACGGTATC-1,0.006755,0.058892,0.012866,0.502317,0.018409,0.40076
CCCAGAGGAGGGCGTA-1,0.000115,0.000045,0.02103,0.364234,0.203608,0.410968
CCCAGATTCCCGTGAC-1,0.000017,0.28675,0.106088,0.031635,0.035085,0.540425
CCCAGGAAGAATTCGA-1,0.011106,0.329061,0.09122,0.165749,0.001947,0.400917
CCCAGGTCTGAAGGCT-1,0.000023,0.110704,0.286699,0.575069,0.005385,0.022121
CCCAGTAAACTTGGGA-1,0.00001,0.42442,0.289636,0.111648,0.018223,0.156064
CCCAGTTAAGGCGCCG-1,0.000022,0.013258,0.200378,0.167969,0.15545,0.462924
CCCATATAGGTCGATT-1,0.006495,0.101102,0.109537,0.519498,0.02725,0.236118
CCCATTATTGTATCCT-1,0.000031,0.621233,0.15866,0.073461,0.000031,0.146585
CCCGAAGTTTCGCGAA-1,0.000011,0.316381,0.57483,0.098856,0.001398,0.008524
CCCGACCATAGTCCGC-1,0.001343,0.001212,0.123113,0.210245,0.452957,0.21113
CCCGAGTTTCTCCGTA-1,0.000034,0.090382,0.175699,0.689603,0.000034,0.044249
CCCGATAGCCTCGCCT-1,0.001073,0.105254,0.609582,0.217957,0.014098,0.052037
CCCGCAAATAATCATC-1,0.010966,0.192411,0.092225,0.096991,0.011372,0.596035
CCCGCAGCGCGAACTA-1,0.000019,0.029912,0.082412,0.459478,0.101721,0.326458
CCCGCAGGGCCCAAAG-1,0.033836,0.039749,0.654983,0.189918,0.075691,0.005822
CCCGCCATGCTCCCGT-1,0.081996,0.174516,0.508615,0.060366,0.160157,0.014349
CCCGCGCAATGCACCC-1,0.267022,0.097128,0.296394,0.128283,0.17494,0.036232
CCCGCTAGAGGGTTAA-1,0.051011,0.063024,0.335588,0.122161,0.330094,0.098122
CCCGCTTGCCCTCGTC-1,0.700245,0.078951,0.151862,0.00005,0.068794,0.000099
CCCGGCACGTGTCAGG-1,0.014087,0.239338,0.058928,0.261102,0.003286,0.423259
CCCGGCTAGGTGAGAA-1,0.712849,0.000136,0.000205,0.143927,0.000068,0.142814
CCCGGGTCGTTCAGGG-1,0.000017,0.497547,0.180015,0.230675,0.002902,0.088845
CCCGGTGGAAGAACCT-1,0.02765,0.109211,0.551415,0.186053,0.098734,0.026937
CCCGGTGTATCGGAAT-1,0.000012,0.345107,0.228463,0.153572,0.011519,0.261327
CCCGTAAGTCTAGGCC-1,0.026809,0.050876,0.160854,0.590801,0.031975,0.138685
CCCGTAGCTGGGAAGA-1,0.001349,0.21554,0.204532,0.359294,0.034767,0.184517
CCCGTCAGCGTCTGAC-1,0.006372,0.064949,0.819299,0.002361,0.106968,0.00005
CCCGTGACAGTGCCTT-1,0.021379,0.047285,0.028634,0.193138,0.015417,0.694148
CCCGTGAGGGCGGTGA-1,0.030195,0.118485,0.083331,0.59387,0.010837,0.163283
CCCGTGGGTTAATTGA-1,0.833875,0.000055,0.000082,0.000027,0.017563,0.148397
CCCGTTTCGCAGATGT-1,0.033296,0.183298,0.156029,0.372685,0.004794,0.249898
CCCTACCCACACCCAG-1,0.000019,0.562137,0.143708,0.107559,0.016712,0.169865
CCCTACTTGAACAATG-1,0.000016,0.263869,0.136472,0.261642,0.000462,0.337539
CCCTAGCTCTAAGGTC-1,0.001033,0.567036,0.118225,0.070567,0.010355,0.232784
CCCTAGGCAACAAGAG-1,0.014087,0.167676,0.040449,0.688303,0.000254,0.08923
CCCTAGTGTCAGGTGT-1,0.805048,0.000104,0.000156,0.146705,0.000052,0.047935
CCCTATGTAGAGCAGA-1,0.000651,0.591145,0.053838,0.008715,0.017773,0.327878
CCCTCAAGCTCTTAGT-1,0.062607,0.112716,0.532288,0.106658,0.112985,0.072746
CCCTCAGATCGAGAAC-1,0.000013,0.359704,0.296324,0.18285,0.005855,0.155254
CCCTCATCACAGAGTA-1,0.000733,0.281516,0.103055,0.048391,0.000279,0.566027
CCCTCATTCTGGAATT-1,0.757732,0.031077,0.078441,0.105737,0.026914,0.0001
CCCTCCTCGCTCGTAT-1,0.000032,0.072607,0.133116,0.373328,0.103465,0.317452
CCCTCGATAATACACA-1,0.000009,0.402586,0.334151,0.092607,0.011871,0.158775
CCCTCGGGAGCCTTGT-1,0.391304,0.001156,0.001735,0.000578,0.000578,0.604649
CCCTGAAATGAGTTGA-1,0.014673,0.017647,0.627781,0.163111,0.149719,0.027069
CCCTGACTAACAAATT-1,0.034136,0.00295,0.052788,0.849997,0.019967,0.040162
CCCTGATGTAACTCGT-1,0.738604,0.00013,0.030745,0.229038,0.000065,0.001418
CCCTGCCCAATCCGCT-1,0.033876,0.005438,0.091198,0.644028,0.048843,0.176618
CCCTGCGCTACGCATA-1,0.026604,0.007037,0.242411,0.57111,0.117324,0.035515
CCCTGGCTGTTCCTTC-1,0.000027,0.000575,0.000081,0.084255,0.220274,0.694788
CCCTGGGAGGGATCCT-1,0.00296,0.073823,0.00515,0.322488,0.000036,0.595542
CCCTGGTATGGGCGGC-1,0.198649,0.008758,0.084346,0.517264,0.050883,0.1401
CCCTGTTGGCAAAGAC-1,0.897122,0.000076,0.001211,0.088914,0.000038,0.012639
CCCTTCTCGTACGCGA-1,0.895457,0.000116,0.017419,0.035838,0.000058,0.051112
CCCTTTAATGGAGTTC-1,0.000018,0.677829,0.180366,0.02455,0.073645,0.043592
CCCTTTGACAGGTCTT-1,0.007149,0.169264,0.144457,0.093095,0.221862,0.364174
CCGAAACACGACCTCT-1,0.000014,0.577869,0.088523,0.148343,0.003149,0.182103
CCGAAAGTGGTGAGCA-1,0.283943,0.160285,0.10442,0.083702,0.2211,0.14655
CCGAACACTGGGCCTC-1,0.020386,0.137657,0.128981,0.469591,0.028292,0.215093
CCGAACCTTCCCGGCC-1,0.000034,0.095575,0.134379,0.412712,0.053485,0.303813
CCGAAGCATTGACCAA-1,0.005308,0.758982,0.091165,0.003264,0.016474,0.124808
CCGAAGGGCGTACCGC-1,0.012099,0.231498,0.517443,0.103165,0.052639,0.083156
CCGAAGTATATTGTTC-1,0.028069,0.052336,0.379078,0.387925,0.088379,0.064213
CCGACAAACACATGAG-1,0.800318,0.00006,0.00009,0.184744,0.00003,0.014758
CCGACAAAGGGAGTGC-1,0.014882,0.009759,0.351704,0.57487,0.041795,0.006991
CCGACAATAGGCCGCC-1,0.000018,0.139043,0.490686,0.351162,0.003348,0.015743
CCGACGGGCATGAGGT-1,0.000027,0.471591,0.152242,0.153135,0.005155,0.21785
CCGACGTAAACACAAC-1,0.006851,0.039424,0.42418,0.271199,0.142377,0.11597
CCGACTCGCATAGTCT-1,0.136027,0.152626,0.553828,0.000052,0.157363,0.000104
CCGAGAAGTCGCATAA-1,0.007339,0.000047,0.00007,0.915654,0.000023,0.076867
CCGAGCTGTGCTTGTC-1,0.015365,0.007412,0.186379,0.552164,0.072325,0.166356
CCGAGGGATGTTAGGC-1,0.569345,0.000145,0.152884,0.214709,0.00433,0.058587
CCGATATGACGTAAGG-1,0.001306,0.107087,0.183693,0.251569,0.087212,0.369133
CCGATCTCAACCTTAT-1,0.000025,0.106857,0.658159,0.201493,0.006463,0.027002
CCGATCTTAAGAGGCT-1,0.013152,0.043496,0.407585,0.120473,0.361748,0.053546
CCGATTCGAGGGACCC-1,0.012714,0.000038,0.000808,0.745457,0.012982,0.228002
CCGATTGGTCAATGAA-1,0.01712,0.036628,0.576112,0.132244,0.143507,0.094389
CCGCACAAAGACCAAC-1,0.012392,0.05028,0.272707,0.599396,0.0146,0.050626
CCGCACACGAACGTGT-1,0.000021,0.189993,0.348049,0.407068,0.023093,0.031776
CCGCACGTGACCTCGG-1,0.01546,0.003859,0.131734,0.626175,0.191111,0.031661
CCGCACTTGCAATGAC-1,0.000012,0.314254,0.169836,0.218413,0.020922,0.276563
CCGCATGTGGTACGAT-1,0.00002,0.167073,0.230423,0.20337,0.089508,0.309606
CCGCCACCACAATCCA-1,0.647669,0.000127,0.000191,0.000064,0.051252,0.300697
CCGCCGGAACTTCTCG-1,0.000015,0.58419,0.176248,0.02734,0.005937,0.206271
CCGCCGGTCAACACAC-1,0.167765,0.041308,0.040886,0.140407,0.294647,0.314986
CCGCCGTTGAGGATAA-1,0.000023,0.069319,0.155501,0.624941,0.006241,0.143975
CCGCCTGCGAATTGGT-1,0.053866,0.007601,0.428975,0.371968,0.033009,0.104581
CCGCCTTGCGATGTCG-1,0.000017,0.262185,0.319765,0.23992,0.029652,0.148461
CCGCGATTTGGTAGGT-1,0.000021,0.006855,0.006432,0.817415,0.008432,0.160846
CCGCGCAAGATACCCA-1,0.00001,0.249116,0.167645,0.491732,0.001577,0.089921
CCGCGGAATGCGTCAC-1,0.000037,0.076107,0.054685,0.644832,0.015299,0.209039
CCGCGGGTACGAAGAA-1,0.059364,0.015164,0.164889,0.650717,0.060151,0.049714
CCGCGTAGGTAAGGGC-1,0.131692,0.003095,0.291453,0.497597,0.054275,0.021889
CCGCTATCAGCACCAG-1,0.000044,0.011949,0.060761,0.739166,0.021883,0.166196
CCGCTCCAGGGCGATC-1,0.000027,0.501515,0.103704,0.302199,0.008519,0.084037
CCGCTCCGGATAAGCT-1,0.000011,0.596252,0.186697,0.041205,0.008877,0.166958
CCGCTCTTCCGAACTA-1,0.000024,0.178279,0.158701,0.502186,0.018211,0.142599
CCGCTGGTGCCATTCA-1,0.107994,0.084612,0.042779,0.328202,0.21859,0.217823
CCGCTTACCTCACTCT-1,0.000534,0.099573,0.229129,0.451439,0.059664,0.15966
CCGCTTCGCGGTTAAC-1,0.684078,0.03095,0.087001,0.000087,0.000087,0.197796
CCGCTTGCTGACATGG-1,0.034283,0.123511,0.35373,0.333725,0.020456,0.134296
CCGGAAGTGCAATATG-1,0.007401,0.293224,0.103356,0.210556,0.001129,0.384333
CCGGAAGTTATCAGTC-1,0.000018,0.150877,0.505248,0.258606,0.024237,0.061015
CCGGAATGGTTTCAGT-1,0.059078,0.019831,0.357845,0.507863,0.02041,0.034974
CCGGAGGTCTTATGGT-1,0.006539,0.134141,0.56613,0.226571,0.020707,0.045912
CCGGCACGACCGTTTC-1,0.000021,0.213508,0.644673,0.141169,0.000479,0.000149
CCGGCCGCGAGCATAT-1,0.011439,0.0001,0.000151,0.447169,0.00005,0.54109
CCGGCGCATATTGGAT-1,0.267549,0.000162,0.185322,0.063814,0.224926,0.258226
CCGGCGTGAGACTCTG-1,0.000012,0.172682,0.530362,0.202448,0.007262,0.087235
CCGGGACCCGCAGAGA-1,0.1182,0.000105,0.039566,0.556559,0.126288,0.159283
CCGGGCGGTCTCGTCA-1,0.000057,0.000114,0.004847,0.993839,0.000057,0.001085
CCGGGCTAAGAATTTC-1,0.001586,0.484724,0.327625,0.05865,0.004683,0.122733
CCGGGCTGCTCCATAC-1,0.000035,0.126465,0.249741,0.556723,0.004056,0.06298
CCGGGTTCGAGGTTAC-1,0.019179,0.014081,0.09022,0.801192,0.028065,0.047263
CCGGTAATGGCTAGTC-1,0.000035,0.009728,0.021634,0.954145,0.000035,0.014422
CCGGTATCTGGCGACT-1,0.009438,0.185725,0.058948,0.221401,0.009935,0.514554
CCGGTGCGAGTGATAG-1,0.632539,0.10376,0.174958,0.000032,0.062009,0.026701
CCGGTTTGTAATTGTG-1,0.000042,0.095548,0.054947,0.480731,0.000042,0.368689
CCGTAAGTTGGTCCCA-1,0.022691,0.000154,0.000231,0.976692,0.000077,0.000154
CCGTACCCAAGCGCCA-1,0.804113,0.00015,0.000225,0.160393,0.000075,0.035044
CCGTAGGAAATCCCTG-1,0.000027,0.156516,0.346609,0.445473,0.002415,0.04896
CCGTAGGGTTGTTTAC-1,0.000041,0.287229,0.071012,0.488656,0.012976,0.140085
CCGTATCTCGTCGTAG-1,0.000029,0.195515,0.22387,0.268442,0.023274,0.28887
CCGTATTAGCGCAGTT-1,0.028072,0.160239,0.511892,0.144796,0.057001,0.098
CCGTCAACCTCTGGCG-1,0.000015,0.322773,0.171685,0.319934,0.023097,0.162497
CCGTGAGGCATTCATG-1,0.013097,0.071921,0.087335,0.535578,0.003842,0.288227
CCGTGCCCATGACGGC-1,0.419557,0.000147,0.039123,0.044647,0.173272,0.323255
CCGTGGAACGATCCAA-1,0.019029,0.000065,0.092605,0.774087,0.009361,0.104853
CCGTGTTAAATTCCAT-1,0.000044,0.007689,0.000654,0.675025,0.00962,0.306968
CCGTTACGTTAGAACA-1,0.00003,0.054358,0.489304,0.257948,0.138789,0.059571
CCGTTCCGAATCTCGG-1,0.016982,0.006357,0.077818,0.747879,0.042947,0.108017
CCGTTTCCTTTCCGTG-1,0.000016,0.744724,0.136463,0.028081,0.000016,0.090699
CCTAAACAGGGTCCGT-1,0.248051,0.436854,0.008905,0.000054,0.305038,0.001097
CCTAAAGGCTGACGCT-1,0.038718,0.010553,0.198179,0.163135,0.3315,0.257916
CCTAAATTAACGGTTC-1,0.000026,0.056973,0.132149,0.749907,0.005713,0.055232
CCTAAATTGTATCCTA-1,0.009412,0.235515,0.045062,0.641696,0.002304,0.06601
CCTAACCCAAACAAGT-1,0.000023,0.102272,0.180855,0.514313,0.014205,0.188331
CCTAACTAAGGCTCTA-1,0.007529,0.034544,0.360382,0.49976,0.045717,0.052068
CCTAAGTGTCTAACCG-1,0.999848,0.000034,0.000051,0.000017,0.000017,0.000034
CCTACAAGTCCGGAAT-1,0.020589,0.057049,0.618341,0.013771,0.214237,0.076013
CCTACAGTTGAGGGAG-1,0.002139,0.055423,0.055261,0.081128,0.02174,0.784309
CCTACATTCACAGACG-1,0.000031,0.179311,0.15591,0.121574,0.031359,0.511815
CCTACGCGACCTTACA-1,0.114955,0.122352,0.442209,0.05152,0.231913,0.037052
CCTACGGCTCAGTCGA-1,0.379038,0.000119,0.000179,0.17684,0.087207,0.356617
CCTACTCAACACGATT-1,0.000017,0.000034,0.000051,0.163881,0.079343,0.756673
CCTACTGCGGCGGCCA-1,0.014666,0.041765,0.385282,0.383112,0.020637,0.154538
CCTACTGCTTACACTT-1,0.06027,0.01783,0.091294,0.594172,0.177643,0.05879
CCTAGGCGTAGCGATC-1,0.000036,0.006552,0.065409,0.909505,0.00013,0.018368
CCTAGGTAAAGGTAGC-1,0.000009,0.192128,0.243871,0.024942,0.080732,0.458318
CCTAGTTAGTCGCATG-1,0.035219,0.000369,0.168783,0.327824,0.147963,0.319843
CCTATAATGAGTGCCC-1,0.000027,0.197504,0.307583,0.250618,0.072389,0.171878
CCTATACCGTCCTGTC-1,0.000032,0.09536,0.134079,0.250869,0.036594,0.483067
CCTATATCGTGTCACG-1,0.013253,0.102075,0.013537,0.344309,0.018392,0.508433
CCTATCTATATCGGAA-1,0.017893,0.002053,0.154435,0.360384,0.346865,0.11837
CCTATGAAGTGGTGCC-1,0.012133,0.000138,0.0071,0.966689,0.000037,0.013902
CCTATGGCTCCTAGTG-1,0.000028,0.203355,0.070034,0.242686,0.01106,0.472838
CCTATGGGTTACCGTC-1,0.000041,0.064625,0.769587,0.065208,0.08426,0.016279
CCTATGGTCAAAGCTG-1,0.000011,0.389942,0.09275,0.298083,0.005771,0.213443
CCTATGTCCACTCCAC-1,0.000028,0.210773,0.383492,0.207894,0.035397,0.162416
CCTATTATTCCGGCCG-1,0.000016,0.350063,0.353086,0.195216,0.01453,0.08709
CCTCAACGATCGCTGT-1,0.006741,0.001742,0.000117,0.152099,0.000039,0.839262
CCTCACCAATCTTGAC-1,0.549231,0.0001,0.001891,0.329377,0.015423,0.103977
CCTCACCTGAGGGAGC-1,0.000039,0.000078,0.111474,0.869042,0.012082,0.007285
CCTCACCTTAGCATCG-1,0.000032,0.016342,0.326178,0.594824,0.022875,0.039749
CCTCACGTCAGCTAAT-1,0.000009,0.532615,0.343282,0.001726,0.054009,0.068359
CCTCATGCAGCTACGA-1,0.896784,0.000112,0.000167,0.035526,0.000056,0.067356
CCTCCCGACAATCCCT-1,0.23387,0.152113,0.202752,0.00019,0.212321,0.198754
CCTCCGACAATTCAAG-1,0.000012,0.021333,0.186412,0.100052,0.565277,0.126914
CCTCCTAGCTAGAGTC-1,0.000014,0.290339,0.200656,0.036494,0.104646,0.367851
CCTCCTGAGCCCACAT-1,0.011448,0.156434,0.651605,0.14064,0.015759,0.024114
CCTCCTGTTGTGTCGT-1,0.00003,0.298774,0.192988,0.464372,0.007009,0.036827
CCTCGAAGTGGACGGG-1,0.008483,0.048062,0.129901,0.554274,0.140161,0.119118
CCTCGACCCACTGCCT-1,0.212291,0.126576,0.58501,0.000268,0.000268,0.075587
CCTCGCCAGCAAATTA-1,0.011429,0.020286,0.688558,0.084933,0.188418,0.006376
CCTCGCGCGATATAGG-1,0.036228,0.00498,0.254262,0.339372,0.008272,0.356885
CCTCGCGCTGTGCGAT-1,0.004118,0.022553,0.076762,0.173022,0.163102,0.560444
CCTCGGACCGGGATAG-1,0.000022,0.028779,0.354556,0.580923,0.007564,0.028157
CCTCGGATGCTACCTG-1,0.015157,0.016041,0.468034,0.343803,0.107286,0.049679
CCTCGGTTTCCTTGCC-1,0.000016,0.151094,0.041304,0.008162,0.177045,0.622379
CCTCGTTACGCCTGTT-1,0.031099,0.047451,0.401422,0.225302,0.202348,0.092377
CCTCTAATCTGCCAAG-1,0.00002,0.04647,0.860315,0.00002,0.093137,0.000039
CCTCTACAAGGATTGG-1,0.000012,0.799017,0.139235,0.002796,0.008305,0.050634
CCTCTATCGATTAGCA-1,0.000032,0.119159,0.118207,0.19079,0.105909,0.465903
CCTCTCTCCCATCTAG-1,0.002537,0.044165,0.373321,0.214904,0.305112,0.059961
CCTCTGGCCTAGACGG-1,0.094293,0.001993,0.250139,0.603915,0.012176,0.037483
CCTCTGTACTATTCTA-1,0.000032,0.03124,0.137349,0.04533,0.228308,0.557741
CCTGAACGATATATTC-1,0.000031,0.073651,0.056671,0.861229,0.000031,0.008388
CCTGAATATTTACATA-1,0.000033,0.020963,0.234059,0.125405,0.538114,0.081425
CCTGACAAACTCGCGC-1,0.219999,0.046494,0.161169,0.479712,0.042329,0.050297
CCTGACCACCGATGGT-1,0.089274,0.000062,0.032188,0.325186,0.011073,0.542216
CCTGACGCAACCTTTA-1,0.006013,0.131553,0.224371,0.048971,0.42871,0.160381
CCTGAGAATAAATGCA-1,0.000013,0.333347,0.11641,0.293358,0.0081,0.248772
CCTGATTCGCGAAGAA-1,0.000018,0.323246,0.055122,0.108717,0.005588,0.507308
CCTGCCCGTTGTCTAG-1,0.027398,0.009404,0.232117,0.69644,0.019163,0.015478
CCTGCGATAGAACTGT-1,0.871366,0.000091,0.000137,0.006489,0.000046,0.121871
CCTGCGTTCTACGCTT-1,0.015931,0.034474,0.318722,0.42095,0.123016,0.086907
CCTGCTACAACCATAC-1,0.001383,0.134035,0.025918,0.133239,0.005315,0.70011
CCTGCTATTTGAGAAG-1,0.063492,0.0001,0.001457,0.477888,0.041189,0.415874
CCTGGAAACGTTCTGC-1,0.006054,0.000654,0.003699,0.983033,0.000025,0.006535
CCTGGCTAGACCCGCC-1,0.057558,0.003995,0.138097,0.374456,0.248182,0.177712
CCTGGTCGAATGTGGG-1,0.014187,0.067043,0.093945,0.355387,0.032807,0.43663
CCTGTAAGACATGATA-1,0.000035,0.000167,0.072749,0.825243,0.036258,0.065549
CCTGTACTCACGCCCA-1,0.004407,0.175661,0.678899,0.01366,0.099016,0.028357
CCTGTCACCCGGGCTC-1,0.004905,0.000062,0.022892,0.445992,0.287863,0.238286
CCTGTCCCTCACGTTA-1,0.00004,0.035065,0.143279,0.358053,0.086419,0.377145
CCTGTCGCCCGTAAAT-1,0.004227,0.047468,0.245836,0.511509,0.120858,0.070102
CCTGTCGTGTATGAAG-1,0.000036,0.297565,0.141865,0.225706,0.013952,0.320875
CCTGTGAAACCGTAAC-1,0.002055,0.08541,0.524152,0.290151,0.035312,0.06292
CCTGTGCATAGGAGAC-1,0.900675,0.000081,0.000121,0.00004,0.007371,0.091712
CCTGTGCGGATTGTAA-1,0.006285,0.029667,0.281809,0.250842,0.186063,0.245334
CCTGTTCAACCTCGGG-1,0.001769,0.467686,0.08282,0.05046,0.003635,0.393629
CCTGTTTGAAGACACG-1,0.049571,0.07225,0.032787,0.800286,0.000039,0.045067
CCTTAAGTACGCAATT-1,0.000024,0.28947,0.090537,0.185236,0.013727,0.421006
CCTTCAGTTAAAGTGA-1,0.000019,0.171397,0.08655,0.281584,0.030351,0.430099
CCTTCCGCAACGCTGC-1,0.00087,0.261513,0.102447,0.056827,0.012619,0.565724
CCTTCGTATAGAATCC-1,0.00002,0.523784,0.155966,0.198459,0.011655,0.110116
CCTTCTCAGCGTTCCT-1,0.000021,0.163159,0.238596,0.315056,0.042841,0.240327
CCTTCTTGATCCAGTG-1,0.02692,0.06608,0.54535,0.000028,0.349147,0.012474
CCTTGACCACTTTATT-1,0.00005,0.294205,0.207989,0.467193,0.002161,0.028402
CCTTGTGAACGTGGTT-1,0.009248,0.56407,0.08897,0.142033,0.018978,0.176702
CCTTTAAGGGAGCACT-1,0.010893,0.48247,0.255167,0.120768,0.013075,0.117627
CCTTTCAATGAAGAAA-1,0.019039,0.003155,0.062045,0.872686,0.023328,0.019748
CCTTTGAATTATGGCT-1,0.008343,0.000143,0.000215,0.241952,0.000072,0.749275
CGAAACATAGATGGCA-1,0.019396,0.035659,0.284105,0.431323,0.185539,0.043977
CGAAACGCAATTCATG-1,0.000837,0.000461,0.035089,0.624051,0.120781,0.218781
CGAACAGTATGGGCGT-1,0.000042,0.000085,0.000869,0.670421,0.019937,0.308647
CGAACATAGTCAGAAA-1,0.008224,0.090055,0.771078,0.001737,0.127703,0.001203
CGAACCCGCATGCGTC-1,0.008211,0.148275,0.430148,0.358129,0.00508,0.050156
CGAACCTCTTTCCTAG-1,0.000014,0.259104,0.154958,0.136447,0.085059,0.364418
CGAACGCCCAGTGCCG-1,0.032906,0.161202,0.659279,0.034844,0.087904,0.023866
CGAACGGCCGGACAAC-1,0.000016,0.267233,0.19509,0.345091,0.010231,0.182339
CGAAGACGGTGAGTGC-1,0.001007,0.072121,0.713715,0.190984,0.0101,0.012075
CGAAGACTGCCCGGGA-1,0.896239,0.001325,0.001987,0.000662,0.000662,0.099124
CGAAGATCAGTTTCAT-1,0.000031,0.46858,0.08368,0.17419,0.002553,0.270967
CGAAGCCACAGCATGG-1,0.000009,0.520474,0.322081,0.117641,0.001835,0.037962
CGAAGCTATAAATTCA-1,0.004591,0.128212,0.727565,0.011099,0.086154,0.042379
CGAAGGGTTTCAGATT-1,0.000016,0.410052,0.187754,0.186166,0.024016,0.191996
CGAAGTTGCTCTGTGT-1,0.052356,0.00007,0.204568,0.677542,0.061553,0.003911
CGAATCTGCTCGACGC-1,0.00126,0.084031,0.018026,0.004546,0.127178,0.764959
CGAATGAAGTCATTGC-1,0.003352,0.053936,0.023546,0.092666,0.041745,0.784754
CGAATGACGCATAATG-1,0.000019,0.28839,0.150006,0.235802,0.006389,0.319395
CGAATGGTAGGTCGTC-1,0.00001,0.518598,0.200554,0.145532,0.012579,0.122728
CGAATTACATGGTGTT-1,0.050521,0.061563,0.350217,0.316807,0.102649,0.118243
CGAATTCCCGGTTCAA-1,0.000015,0.350745,0.153151,0.264328,0.018022,0.213739
CGACAATTTGATCTAA-1,0.000022,0.042855,0.249892,0.572763,0.022938,0.111531
CGACACCGCTTAAGGA-1,0.065668,0.183174,0.599684,0.000011,0.149994,0.001469
CGACACGCTCCGACAG-1,0.000036,0.060008,0.077022,0.472121,0.089412,0.301401
CGACACGGATGCCCAC-1,0.000015,0.059942,0.550128,0.067958,0.178833,0.143124
CGACAGTTCGCGTTAT-1,0.000013,0.031164,0.101041,0.000013,0.533169,0.3346
CGACATGCGATCTTCT-1,0.261837,0.000395,0.000592,0.599201,0.000197,0.137778
CGACCCTTAACGCCGG-1,0.000125,0.035657,0.015366,0.5249,0.037696,0.386257
CGACCGTTGGTATTCG-1,0.001207,0.49632,0.166769,0.141585,0.010732,0.183387
CGACCTACTAGACAAT-1,0.019062,0.36103,0.229505,0.121833,0.005069,0.263501
CGACGCATCCGTACCT-1,0.000015,0.153226,0.302872,0.28948,0.02092,0.233486
CGACTCAGGATGTTAT-1,0.018833,0.080759,0.301097,0.148864,0.254266,0.196182
CGACTCGGTACACGGT-1,0.000017,0.029549,0.217418,0.0525,0.39998,0.300537
CGACTTGCCGGGAAAT-1,0.008649,0.212136,0.030347,0.388095,0.000027,0.360746
CGACTTTGTATAGCCT-1,0.001414,0.189387,0.407127,0.099516,0.119589,0.182967
CGAGACCCTAGAGTGT-1,0.000032,0.081274,0.284469,0.380299,0.048941,0.204984
CGAGACTACTGCTGCT-1,0.000014,0.696872,0.216587,0.017299,0.003148,0.066081
CGAGAGATGTGAACCT-1,0.00003,0.038916,0.64135,0.280137,0.026686,0.01288
CGAGAGCGCGTAGATA-1,0.000013,0.125486,0.105415,0.625027,0.00993,0.134129
CGAGAGCTTTCACTAC-1,0.00004,0.295245,0.006875,0.533796,0.000961,0.163083
CGAGAGGGTAGCCGCG-1,0.000045,0.015126,0.000135,0.865567,0.003984,0.115143
CGAGATGTTGCCTATA-1,0.886067,0.000057,0.000085,0.021291,0.000028,0.092471
CGAGATTTCGCTCGGG-1,0.000016,0.079408,0.50896,0.410309,0.000016,0.001292
CGAGCACTTCAAGTTT-1,0.015383,0.065135,0.553117,0.249238,0.109437,0.00769
CGAGCCGAGCACTCGA-1,0.83065,0.000082,0.000122,0.097231,0.006148,0.065767
CGAGCGTTGATCAGCC-1,0.826783,0.000115,0.003863,0.168335,0.000058,0.000845
CGAGCTGGGCTTTAGG-1,0.046154,0.021028,0.500966,0.26728,0.116641,0.047931
CGAGGAGCTTCCATAT-1,0.001955,0.056401,0.469312,0.228578,0.117852,0.125902
CGAGGATCGGGAACGA-1,0.074401,0.013781,0.122216,0.514381,0.074374,0.200846
CGAGGCCAGGCATTGG-1,0.620107,0.000937,0.044352,0.183494,0.064831,0.08628
CGAGGCTAAATATGGC-1,0.000029,0.00806,0.231589,0.463373,0.174238,0.122711
CGAGGGACTGCGGTCG-1,0.000946,0.229629,0.623353,0.052529,0.011986,0.081558
CGAGGGTATCCAGGTG-1,0.000025,0.36977,0.087481,0.323832,0.001032,0.217861
CGAGTACTAAAGAGGA-1,0.009489,0.001392,0.00441,0.407191,0.063246,0.514272
CGAGTGAAGGTACCAG-1,0.00711,0.256283,0.16303,0.346718,0.004337,0.222522
CGAGTGCTATAGTTCG-1,0.921369,0.000114,0.000171,0.045007,0.017708,0.015631
CGAGTTCTGTCCCACC-1,0.00004,0.001586,0.424692,0.559735,0.008865,0.005082
CGAGTTTATCGGACTG-1,0.000037,0.000074,0.185443,0.287208,0.03391,0.493328
CGATAACCAATTTGAG-1,0.01065,0.10842,0.698612,0.014308,0.149333,0.018676
CGATAATACTCAGGTT-1,0.006695,0.062874,0.117125,0.746707,0.009842,0.056758
CGATACCTCGCGGACA-1,0.004042,0.000082,0.000239,0.845442,0.069771,0.080424
CGATAGCGATACAGTG-1,0.00002,0.24256,0.194677,0.32899,0.009668,0.224084
CGATAGTCGTACTGCA-1,0.000021,0.51266,0.064197,0.312573,0.003964,0.106585
CGATATTAGCCGCAGG-1,0.309974,0.297148,0.059301,0.000025,0.320029,0.013522
CGATCATTAGAGGCAC-1,0.011666,0.187937,0.595742,0.006786,0.145816,0.052052
CGATCCACCATTGTTG-1,0.000017,0.381026,0.109006,0.206601,0.0232,0.280151
CGATCCGACCCAGTGC-1,0.031603,0.001057,0.029562,0.762129,0.070499,0.105149
CGATCCTCGCAACATA-1,0.000178,0.291311,0.107548,0.032897,0.073161,0.494904
CGATCGAGAAGCACCA-1,0.000025,0.325783,0.082159,0.276375,0.003253,0.312405
CGATCTGTTGGAGGAC-1,0.014479,0.215101,0.215971,0.429286,0.023248,0.101915
CGATGGACCCTACGCC-1,0.000031,0.047244,0.697139,0.24955,0.003771,0.002265
CGATGTTGTTATCTAC-1,0.000045,0.00009,0.000136,0.000045,0.111241,0.888442
CGATTAAATATCTCCT-1,0.000024,0.225508,0.19405,0.487367,0.003521,0.08953
CGATTCGCCTGGCTGC-1,0.000027,0.166425,0.120102,0.463539,0.006873,0.243033
CGATTTGTCATTAATG-1,0.000012,0.493815,0.096798,0.06003,0.05092,0.298424
CGCAAACACGAGTTAC-1,0.019559,0.019019,0.516544,0.361052,0.080238,0.003589
CGCAATCGATCATTAG-1,0.039476,0.000055,0.0028,0.676542,0.063646,0.217482
CGCAATTACTTTCGGT-1,0.093992,0.013488,0.129091,0.652637,0.029136,0.081656
CGCAATTAGGGTAATA-1,0.086535,0.000462,0.29845,0.530607,0.078182,0.005764
CGCAATTCTACAATAA-1,0.027208,0.03706,0.165002,0.389555,0.202711,0.178465
CGCACATGTCCACTAC-1,0.000032,0.030328,0.235505,0.565914,0.01843,0.149791
CGCACGTCTGTTTATG-1,0.000025,0.284039,0.112899,0.33181,0.001838,0.269388
CGCACGTGCGCTATCA-1,0.000039,0.093854,0.279853,0.625947,0.000039,0.000267
CGCAGAAACATTTGCG-1,0.410104,0.001516,0.002273,0.065366,0.519226,0.001516
CGCAGATCTTCACCCG-1,0.004637,0.033696,0.425631,0.414875,0.016616,0.104545
CGCAGGCGATCCAAAC-1,0.001007,0.027577,0.018164,0.835072,0.000029,0.118151
CGCAGTTCTATCTTTC-1,0.013262,0.021932,0.046702,0.024165,0.00092,0.893019
CGCATCATGGCTTCAG-1,0.024908,0.035301,0.285476,0.365503,0.159244,0.129569
CGCATCCATCAGCCAG-1,0.007252,0.106361,0.5909,0.268711,0.007097,0.019679
CGCATGCCGAATGCGT-1,0.000022,0.347045,0.091208,0.32447,0.005667,0.231588
CGCATGGTGCGATGCT-1,0.000018,0.121391,0.600765,0.1345,0.052297,0.091029
CGCATTAGCTAATAGG-1,0.027989,0.001691,0.144542,0.39315,0.317936,0.114693
CGCCAAGAAGCCGAGT-1,0.020197,0.004997,0.028373,0.825139,0.023144,0.098151
CGCCAATTATTGCGTT-1,0.965931,0.0001,0.00015,0.033669,0.00005,0.0001
CGCCACAGGTCGCGAT-1,0.000009,0.49417,0.441504,0.010524,0.015685,0.038108
CGCCACCCGCATTAAC-1,0.965881,0.000868,0.000088,0.000029,0.000097,0.033038
CGCCAGTAGTACCTTG-1,0.000013,0.474865,0.192941,0.07474,0.013113,0.244328
CGCCATCCGATTATGA-1,0.000044,0.028082,0.414019,0.457934,0.08731,0.012612
CGCCCAGCACGCCTAG-1,0.017965,0.317908,0.088552,0.309577,0.021492,0.244505
CGCCCAGCGTTTCACG-1,0.014359,0.412605,0.250714,0.004497,0.041965,0.27586
CGCCCGCTTCCGTACA-1,0.000031,0.131398,0.467045,0.000031,0.328252,0.073243
CGCCCTAATTGTTCAA-1,0.000011,0.296046,0.304592,0.067907,0.056314,0.27513
CGCCCTTACATCCACC-1,0.000043,0.065481,0.309805,0.266494,0.212432,0.145745
CGCCCTTGAAGGCTGA-1,0.019332,0.070057,0.610838,0.016986,0.279438,0.003349
CGCCGACTATTCGCTA-1,0.000048,0.086202,0.82538,0.061219,0.010658,0.016494
CGCCGCCCATGCCTGT-1,0.000025,0.085214,0.377031,0.286755,0.057186,0.193789
CGCCGCGTTCTGAACG-1,0.00062,0.35208,0.137528,0.131877,0.019624,0.358271
CGCCGGTGTCGCAGTA-1,0.051448,0.096325,0.389877,0.277257,0.074465,0.110628
CGCCGTCTACCCATCG-1,0.002891,0.071219,0.154862,0.722624,0.000278,0.048126
CGCCGTTCAGCATAGT-1,0.01448,0.200304,0.359032,0.282789,0.020082,0.123313
CGCCTCCCTCCTCTAT-1,0.082908,0.110275,0.396343,0.292077,0.044236,0.074161
CGCCTGGCCTACGTAA-1,0.019326,0.09167,0.345275,0.398484,0.105982,0.039264
CGCCTTTAGCATGCTC-1,0.000035,0.001456,0.013824,0.968507,0.000035,0.016143
CGCGAAGTGGCATACT-1,0.000024,0.385652,0.067407,0.254578,0.030006,0.262334
CGCGACACTGCGCAGC-1,0.008426,0.161183,0.446627,0.054749,0.263079,0.065936
CGCGACCGCGACAGAT-1,0.000033,0.134558,0.03168,0.456341,0.027343,0.350045
CGCGAGAGGGACTTGT-1,0.04171,0.102303,0.510971,0.162323,0.114035,0.068658
CGCGAGTCTGCCGGGT-1,0.000031,0.097421,0.18306,0.305136,0.003089,0.411263
CGCGCAAATGTCCAGA-1,0.001552,0.218588,0.068364,0.391336,0.011717,0.308443
CGCGCAAGGAACTACA-1,0.589674,0.024279,0.141788,0.050611,0.05966,0.133987
CGCGCATGTTTGATTG-1,0.008849,0.156634,0.140041,0.34849,0.09338,0.252605
CGCGCCCGACTTAATA-1,0.002799,0.073765,0.555367,0.11217,0.235971,0.019929
CGCGGCAGTATTACGG-1,0.825699,0.000103,0.000154,0.000894,0.002473,0.170678
CGCGGCTCAACTTGAA-1,0.000021,0.014593,0.25029,0.259305,0.221328,0.254463
CGCGGGAATTAGGCAG-1,0.045381,0.006871,0.676608,0.268071,0.003011,0.000058
CGCGGGAATTCCTTTC-1,0.000011,0.60454,0.272489,0.081376,0.002683,0.0389
CGCGGTAAGTCTAGCT-1,0.00002,0.046475,0.072241,0.069685,0.360096,0.451483
CGCGGTACGGTATACA-1,0.000017,0.093787,0.086763,0.397357,0.04214,0.379935
CGCGGTCACAAACCAA-1,0.040464,0.121327,0.378437,0.183085,0.126405,0.150283
CGCGTACATTCTGGAA-1,0.01811,0.035363,0.724062,0.079004,0.129321,0.014141
CGCGTCATATTAAACC-1,0.737277,0.000466,0.0007,0.000233,0.000243,0.261081
CGCGTGCTATCAACGA-1,0.45303,0.265473,0.140558,0.000016,0.135663,0.00526
CGCGTGGGCCTGTGTT-1,0.000014,0.286052,0.193357,0.01501,0.121034,0.384533
CGCGTTCATGAAATAC-1,0.101908,0.000083,0.003428,0.668961,0.048881,0.176739
CGCTACCGCCCTATGA-1,0.999552,0.000099,0.000149,0.00005,0.00005,0.000099
CGCTACGGGACATTTA-1,0.021145,0.01366,0.110284,0.793174,0.028608,0.033129
CGCTAGAGACCGCTGC-1,0.000037,0.075864,0.206756,0.678839,0.012666,0.025839
CGCTATACCGCCCACT-1,0.548504,0.088726,0.303694,0.011585,0.046415,0.001074
CGCTATCGTGGCTTTA-1,0.025306,0.090254,0.483186,0.27473,0.080129,0.046394
CGCTATTCAATGTATG-1,0.224491,0.014502,0.065981,0.521867,0.014137,0.159023
CGCTATTCTTAGGCTC-1,0.030167,0.008611,0.021429,0.828947,0.017377,0.09347
CGCTCGACATAATGAT-1,0.146327,0.045884,0.288491,0.44819,0.034846,0.036263
CGCTCTCCGTAGATTA-1,0.076021,0.066894,0.538222,0.242038,0.059856,0.016969
CGCTGAGGACGTCCAA-1,0.73491,0.000165,0.000248,0.264429,0.000083,0.000165
CGCTGGTGACTACCCT-1,0.000065,0.069679,0.022702,0.707787,0.000065,0.199701
CGCTGTGACGCCGCAC-1,0.156936,0.005445,0.112609,0.346134,0.221005,0.157871
CGCTGTGTGGATGTTG-1,0.000022,0.223113,0.209961,0.173307,0.016256,0.377342
CGCTTAGTATTGATAC-1,0.005971,0.587033,0.239521,0.012611,0.000766,0.154097
CGCTTATTCCCGGTCG-1,0.000082,0.080887,0.24702,0.438168,0.101608,0.132234
CGCTTCCACTGAAATC-1,0.376278,0.041411,0.083487,0.159686,0.208143,0.130995
CGCTTCGGTCTAAGAC-1,0.000018,0.241161,0.305846,0.329812,0.004586,0.118577
CGCTTGGACGGATAGA-1,0.000024,0.021004,0.037697,0.540288,0.017994,0.382993
CGCTTTCATACCGGTG-1,0.34319,0.000517,0.000775,0.053565,0.000258,0.601693
CGCTTTCCGCCAAGGT-1,0.000015,0.630142,0.130786,0.096241,0.000486,0.14233
CGCTTTCTTGCATTCG-1,0.017984,0.030588,0.542348,0.360558,0.010339,0.038182
CGGAAAGAATCAAACG-1,0.000011,0.612741,0.31576,0.02266,0.021335,0.027494
CGGAAAGCAAATGTGC-1,0.37387,0.059599,0.155444,0.005739,0.242389,0.16296
CGGAAATTTCACATCC-1,0.047218,0.071334,0.297224,0.258177,0.227393,0.098655
CGGAACGTAAACATAG-1,0.004277,0.178119,0.567251,0.207657,0.004887,0.037809
CGGACCTCTGTAGTTA-1,0.00002,0.485261,0.063784,0.194568,0.000621,0.255745
CGGACCTTTACGTCCC-1,0.014605,0.268647,0.160016,0.183469,0.009167,0.364096
CGGACGTTACTTGAAG-1,0.000017,0.000035,0.000052,0.298027,0.030663,0.671205
CGGAGCAATTTAATCG-1,0.002924,0.042812,0.039379,0.415129,0.082147,0.417609
CGGAGCATGGCGATCC-1,0.000027,0.038304,0.161816,0.765021,0.020714,0.014119
CGGAGCTTATAACACC-1,0.030413,0.004714,0.130599,0.204512,0.116056,0.513706
CGGAGTCCTAACCTGG-1,0.066107,0.083658,0.207937,0.060238,0.388595,0.193466
CGGAGTTTGAGAGACA-1,0.102654,0.018935,0.247981,0.466512,0.113858,0.05006
CGGATAAGCGGACATG-1,0.106615,0.063374,0.216462,0.044289,0.424005,0.145254
CGGATCCTCAAGGACT-1,0.000027,0.150839,0.062879,0.393631,0.031497,0.361128
CGGATGAATGCTGTGA-1,0.000014,0.423228,0.216651,0.219376,0.002915,0.137815
CGGATTCTGCCTTATG-1,0.006961,0.800546,0.052087,0.000456,0.00425,0.135699
CGGCAAACATCGTGCG-1,0.001927,0.050614,0.042145,0.666584,0.026541,0.212189
CGGCAATAAGATCGCC-1,0.000037,0.092588,0.072512,0.807853,0.000037,0.026973
CGGCACCGTTAGCGCC-1,0.000053,0.028622,0.617765,0.059693,0.226355,0.067513
CGGCACTCAAGAAAGT-1,0.716382,0.000113,0.000169,0.283166,0.000056,0.000113
CGGCAGGGTCGGGTTG-1,0.028628,0.057108,0.310183,0.437347,0.017856,0.148878
CGGCCACGCACAAAGT-1,0.02896,0.006053,0.232432,0.477432,0.104179,0.150944
CGGCCAGAGCGACCAT-1,0.000015,0.528127,0.109869,0.238563,0.008886,0.11454
CGGCCCAACCTGTAGT-1,0.004681,0.025959,0.105066,0.760773,0.011972,0.091549
CGGCCCAGGTATATCC-1,0.000037,0.126922,0.633715,0.209836,0.000037,0.029452
CGGCGCCATCAATCCC-1,0.000026,0.017677,0.016888,0.28492,0.117043,0.563446
CGGCTCTAAAGCTGCA-1,0.000013,0.018174,0.327432,0.653852,0.000013,0.000515
CGGCTCTTCGTCGAAC-1,0.028886,0.075292,0.580985,0.105078,0.196297,0.013461
CGGCTGAAGGTTACGC-1,0.003369,0.109264,0.303026,0.000585,0.518299,0.065457
CGGCTGCAAGATTAAG-1,0.159319,0.001399,0.002099,0.606056,0.045052,0.186075
CGGCTTTGTATGATAA-1,0.483058,0.001924,0.207604,0.000962,0.304529,0.001924
CGGGAACGCCCTGCAT-1,0.000012,0.444405,0.204606,0.249227,0.003097,0.098652
CGGGAAGTACCGTGGC-1,0.000013,0.231592,0.285619,0.290792,0.001018,0.190966
CGGGAATATAGTATAC-1,0.023048,0.050775,0.03727,0.685872,0.001459,0.201576
CGGGAATTTATGTAAA-1,0.000019,0.138275,0.54258,0.146906,0.046399,0.125822
CGGGAGCTTCAGTGTA-1,0.000025,0.00005,0.000075,0.021536,0.290483,0.68783
CGGGAGTATACCGCCG-1,0.292312,0.003105,0.001966,0.58225,0.051788,0.068579
CGGGATCAATGTAAGA-1,0.081519,0.041743,0.230997,0.500152,0.076825,0.068765
CGGGCAGCTAAACCGC-1,0.009455,0.000103,0.095072,0.544836,0.08507,0.265464
CGGGCCATAGCCGCAC-1,0.798564,0.001192,0.086641,0.10921,0.003446,0.000947
CGGGCCTTCTTTGTAA-1,0.009086,0.081199,0.393925,0.480658,0.002263,0.03287
CGGGCGATGGATCACG-1,0.002272,0.551337,0.218015,0.07681,0.013239,0.138328
CGGGCTACTTAAATTG-1,0.023118,0.116877,0.675919,0.013358,0.160953,0.009774
CGGGTGTACCCATTTA-1,0.000024,0.108616,0.382599,0.081268,0.161882,0.265612
CGGGTTCGGCACGTAT-1,0.023798,0.211739,0.543098,0.000027,0.221283,0.000054
CGGGTTGTAGCTTTGG-1,0.835436,0.000131,0.000197,0.066745,0.032251,0.065239
CGGGTTTGTTAGGGCT-1,0.004894,0.259065,0.029921,0.534688,0.017083,0.154349
CGGTAACAAGATACAT-1,0.955543,0.000047,0.00007,0.002023,0.009426,0.032892
CGGTACGGCAAACCCA-1,0.006659,0.001303,0.000089,0.525327,0.00003,0.466592
CGGTACTAGAATCAAA-1,0.035833,0.019637,0.035258,0.718745,0.042426,0.148101
CGGTAGAGGTGCAGGT-1,0.000038,0.003274,0.012736,0.216369,0.508599,0.258984
CGGTATAGGTATTAGC-1,0.015186,0.000123,0.333038,0.489696,0.121457,0.0405
CGGTATGGGCACTCTG-1,0.004892,0.235313,0.080677,0.14198,0.005461,0.531677
CGGTCAAGTGGGAACC-1,0.000025,0.037464,0.515954,0.155036,0.181296,0.110223
CGGTCAGTCCATATTT-1,0.000027,0.137404,0.281911,0.425492,0.025616,0.12955
CGGTCCATGAGACTCC-1,0.000019,0.03253,0.445959,0.342944,0.057758,0.12079
CGGTCCGTCGCAAGCC-1,0.010548,0.235128,0.236612,0.307431,0.005468,0.204814
CGGTCTATCAACCCGT-1,0.000057,0.000114,0.000175,0.129692,0.460392,0.409569
CGGTGAAGACTAAAGT-1,0.020612,0.005392,0.14656,0.761793,0.028356,0.037287
CGGTGCAGATAGAACG-1,0.034996,0.079601,0.274383,0.362735,0.043039,0.205246
CGGTGCGCGTTGGTCC-1,0.000038,0.025049,0.035586,0.581488,0.039338,0.3185
CGGTGGGCTCCAGCCT-1,0.000043,0.00075,0.18785,0.261223,0.196562,0.353572
CGGTGTACTTGATCCC-1,0.594933,0.023459,0.000153,0.100553,0.027872,0.25303
CGGTTATCCAACAGTG-1,0.010754,0.000086,0.000128,0.939617,0.000043,0.049372
CGGTTCAAGTAGGTGT-1,0.000023,0.085809,0.781481,0.099438,0.017792,0.015456
CGGTTCCGGCTTCTTG-1,0.767825,0.165757,0.055228,0.000037,0.011079,0.000074
CGGTTGACCTGGCATA-1,0.033673,0.14856,0.7607,0.024186,0.025101,0.007781
CGGTTGAGTATCCTTC-1,0.000025,0.502815,0.275528,0.076935,0.009829,0.134868
CGGTTGGGCAGGGTCC-1,0.000016,0.444434,0.251773,0.125992,0.006008,0.171777
CGGTTGGGTTCAAGTT-1,0.000047,0.101045,0.316489,0.026189,0.090674,0.465556
CGGTTTACTGAACATT-1,0.000015,0.401844,0.301162,0.239553,0.004506,0.05292
CGGTTTATGAAGGAAC-1,0.015935,0.019409,0.500202,0.195727,0.215365,0.053362
CGTAAACGCTTGAGTG-1,0.898084,0.000069,0.000103,0.099066,0.000034,0.002643
CGTAAAGCAAGAAATC-1,0.000012,0.347561,0.076678,0.400696,0.001648,0.173405
CGTAAATAACAAAGGG-1,0.00001,0.338246,0.085414,0.042235,0.041056,0.493038
CGTAACGGAACGATCA-1,0.006801,0.009212,0.081385,0.248332,0.336406,0.317863
CGTAACTTCGACACTT-1,0.000019,0.651356,0.132563,0.005265,0.002074,0.208723
CGTAATAATTACGAGT-1,0.507982,0.000117,0.000175,0.054961,0.000526,0.43624
CGTAATATGGCCCTTG-1,0.02678,0.000088,0.000132,0.061536,0.001332,0.910133
CGTACCGAAAGTCTAG-1,0.743053,0.000101,0.000151,0.137934,0.00005,0.118711
CGTACCTGATAGGCCT-1,0.003664,0.000135,0.130545,0.391199,0.40905,0.065407
CGTAGAGAGTAATTAT-1,0.000016,0.262247,0.225265,0.146698,0.031337,0.334436
CGTAGCGAATTGTCAG-1,0.085773,0.081144,0.676174,0.006502,0.15033,0.000078
CGTAGCGCCGACGTTG-1,0.455112,0.002175,0.003262,0.001087,0.001087,0.537277
CGTATCTAGAACTAAG-1,0.000017,0.139402,0.145004,0.140983,0.180504,0.39409
CGTATTAAGAGATCTA-1,0.015116,0.018965,0.380771,0.504541,0.062929,0.017677
CGTATTGTTTCCTAAT-1,0.003835,0.042012,0.343552,0.304873,0.107582,0.198147
CGTATTGTTTGGCGCC-1,0.000027,0.202003,0.102745,0.354543,0.005148,0.335534
CGTCAAATGGTCGCAG-1,0.009195,0.039624,0.202839,0.551513,0.054319,0.14251
CGTCAAGGCTATAAAT-1,0.048192,0.011889,0.467046,0.330123,0.130781,0.011969
CGTCAATCTTTAACAT-1,0.725594,0.086501,0.042827,0.000041,0.08682,0.058217
CGTCACGTCCATTGGT-1,0.000042,0.183287,0.404675,0.197949,0.041482,0.172564
CGTCAGCTATTTACTC-1,0.328897,0.098773,0.048382,0.225445,0.016809,0.281694
CGTCAGTGCGCACAAG-1,0.400453,0.224706,0.188053,0.00319,0.146249,0.037349
CGTCAGTTTATCGTCT-1,0.946117,0.00016,0.053404,0.00008,0.00008,0.00016
CGTCATACCATATCCA-1,0.167833,0.046542,0.089061,0.371169,0.095457,0.229939
CGTCCAGATGGCTCCA-1,0.607502,0.000236,0.000353,0.387597,0.000118,0.004194
CGTCCTCATCGCGTGC-1,0.000012,0.598869,0.204655,0.000627,0.052245,0.143592
CGTCGCATGTGAGCCA-1,0.000026,0.091979,0.023164,0.38233,0.018964,0.483536
CGTCGCGGCGGGATTT-1,0.613386,0.020414,0.038191,0.250578,0.017873,0.059557
CGTCGCTTGGTTATAC-1,0.00003,0.318938,0.066363,0.177466,0.033465,0.403738
CGTCGGATAGTGTTGA-1,0.000045,0.058409,0.580242,0.174582,0.067878,0.118845
CGTCGGGTCTAAGCGC-1,0.000022,0.164486,0.105165,0.423249,0.016567,0.290512
CGTCGTCCTTCGCGAA-1,0.011846,0.191736,0.390293,0.288821,0.022676,0.094628
CGTCTCTCGCCGAGGC-1,0.000012,0.205205,0.711392,0.000416,0.07933,0.003646
CGTCTGGAAGGGCCCG-1,0.011416,0.118408,0.768933,0.000942,0.09835,0.001952
CGTCTTGAGTGTGACG-1,0.000015,0.240399,0.56359,0.109535,0.029546,0.056914
CGTGAACTGACCCGAT-1,0.002313,0.361099,0.226467,0.244182,0.003584,0.162354
CGTGAAGTTAATTCAC-1,0.005615,0.000066,0.283358,0.512362,0.091019,0.107581
CGTGACATTGGGTCGT-1,0.056066,0.000165,0.266679,0.387699,0.205409,0.083983
CGTGACCAGTCCTCTG-1,0.000022,0.369853,0.140951,0.102803,0.028771,0.3576
CGTGCACACCACTGTA-1,0.000016,0.29401,0.138748,0.028708,0.031198,0.50732
CGTGCAGACTGGGACA-1,0.000086,0.156566,0.416889,0.291296,0.012503,0.12266
CGTGCATTGTCGACGC-1,0.000021,0.078163,0.331929,0.213768,0.055909,0.32021
CGTGCCCGACATTTGT-1,0.646642,0.011158,0.239734,0.101986,0.00016,0.00032
CGTGCCCTCCCGAAGA-1,0.00003,0.00135,0.082359,0.434398,0.06846,0.413403
CGTGCTGGCCTAGTCG-1,0.841028,0.000121,0.000181,0.086492,0.012292,0.059886
CGTGCTTCTACCTAAA-1,0.000018,0.373662,0.095185,0.123251,0.023952,0.38393
CGTGGAAGCCTCGTAC-1,0.000016,0.184227,0.442809,0.329658,0.005521,0.037769
CGTGGCCGAATATCTA-1,0.000033,0.023569,0.299778,0.583761,0.014325,0.078535
CGTGGTACCCAAAGGC-1,0.010176,0.325697,0.114576,0.177758,0.023702,0.348092
CGTGTATGGGAGCTGA-1,0.000061,0.28889,0.031416,0.475314,0.002534,0.201785
CGTGTCCCATTCGCGA-1,0.015456,0.000098,0.36583,0.600429,0.017643,0.000544
CGTGTCTCGTTACGAC-1,0.000029,0.600436,0.146468,0.033004,0.013307,0.206756
CGTGTGTTAAACCCTG-1,0.003857,0.021954,0.033458,0.686941,0.054767,0.199023
CGTTAAACTAGTTAGG-1,0.000025,0.154653,0.144877,0.65835,0.004872,0.037224
CGTTAAATACGACCAG-1,0.000014,0.785981,0.101198,0.001764,0.006804,0.104239
CGTTAATGTCCCGACG-1,0.000039,0.25053,0.116026,0.484831,0.023647,0.124927
CGTTAGCTCACAACTG-1,0.005048,0.013,0.239109,0.427907,0.232085,0.082852
CGTTATCATACTTCCA-1,0.01216,0.011897,0.018029,0.346128,0.02318,0.588606
CGTTCAAGGAAACGGA-1,0.000009,0.328455,0.153514,0.100424,0.033875,0.383722
CGTTCAGACCCGCGAA-1,0.012477,0.606813,0.181457,0.006238,0.014307,0.178708
CGTTCATGGTGCGCGT-1,0.000025,0.350347,0.112969,0.439683,0.001362,0.095614
CGTTCTTCGCACACCT-1,0.027412,0.021241,0.242801,0.570477,0.038135,0.099934
CGTTGAATACCGCGCT-1,0.000039,0.106645,0.108735,0.624395,0.002842,0.157343
CGTTGAGCGACCGTCG-1,0.005805,0.192443,0.686342,0.054695,0.036503,0.024213
CGTTGAGTAATTGCGT-1,0.04563,0.059905,0.771589,0.010626,0.112182,0.000068
CGTTGCCCGCGTGGGA-1,0.000011,0.702619,0.197744,0.009538,0.003531,0.086556
CGTTGTAAACGTCAGG-1,0.269549,0.081819,0.270051,0.261263,0.103864,0.013454
CGTTGTAAGATTGATT-1,0.019244,0.015585,0.142332,0.616758,0.076702,0.129379
CGTTGTCGGCAATTGA-1,0.00769,0.304106,0.257212,0.24667,0.000033,0.184288
CGTTGTTTCAATTCCC-1,0.001204,0.000072,0.030427,0.411164,0.156957,0.400175
CGTTTAAGCGGAGCAC-1,0.163368,0.000588,0.141024,0.533204,0.161228,0.000588
CGTTTACAAGGCAGCT-1,0.003962,0.022833,0.158886,0.185664,0.221715,0.40694
CGTTTCACTTCGGGCG-1,0.000063,0.025699,0.384595,0.48964,0.078921,0.021082
CGTTTCGCTCATTACA-1,0.000036,0.003249,0.170319,0.684004,0.110746,0.031646
CGTTTCGGTTATATGC-1,0.000032,0.214929,0.06805,0.007229,0.150664,0.559096
CGTTTGGTGTTGTGGG-1,0.000036,0.016223,0.006827,0.700271,0.01733,0.259313
CGTTTGTGTAGAGGGT-1,0.007544,0.025329,0.053959,0.263419,0.009912,0.639837
CTAAACGGGTGTAATC-1,0.768323,0.000147,0.000221,0.038923,0.000074,0.192312
CTAAAGAATGCCTACT-1,0.000022,0.000043,0.000595,0.240486,0.339248,0.419606
CTAAAGGATGAGATAC-1,0.020521,0.011631,0.000094,0.35463,0.000031,0.613093
CTAAAGGGAAATAGGA-1,0.006241,0.000039,0.000078,0.116962,0.144566,0.732114
CTAAAGTCCGAAGCTA-1,0.999709,0.000065,0.000097,0.000032,0.000032,0.000065
CTAAATCCGGTGTACA-1,0.00001,0.454508,0.156656,0.014398,0.038689,0.33574
CTAAATCCTATTCCGG-1,0.101222,0.048409,0.444994,0.313701,0.047876,0.043799
CTAACAGCACAATAAC-1,0.000009,0.306984,0.143445,0.10177,0.023056,0.424737
CTAACCGCGCGCCCGT-1,0.002277,0.016448,0.256974,0.616204,0.063222,0.044875
CTAACGAAACTTGCTG-1,0.000037,0.000075,0.070343,0.921524,0.004879,0.003142
CTAACTGATAATCGCC-1,0.000034,0.186244,0.161996,0.529296,0.001785,0.120645
CTAACTGGTCCGGTTC-1,0.000028,0.234884,0.216043,0.471697,0.000139,0.07721
CTAAGGGAATGATTGG-1,0.009475,0.173881,0.372132,0.38802,0.013734,0.042758
CTAAGTACAGGGCTAC-1,0.066651,0.002572,0.126502,0.706196,0.052553,0.045526
CTAATGCGCCCAACAA-1,0.964483,0.000046,0.000069,0.001901,0.000023,0.033478
CTAATTATGAAGCGTA-1,0.000018,0.064982,0.158323,0.103809,0.375749,0.297119
CTAATTCGCACGCGCT-1,0.017913,0.000226,0.442205,0.417215,0.113381,0.009059
CTAATTCTCAGATATT-1,0.016425,0.000789,0.049991,0.826963,0.047025,0.058806
CTAATTTCAACAACAC-1,0.22991,0.013929,0.038786,0.376577,0.022312,0.318486
CTACAAGAAATAACCC-1,0.000011,0.472312,0.181326,0.191415,0.010246,0.144691
CTACACTAGCTTGTTC-1,0.683892,0.000243,0.000365,0.234868,0.000122,0.080511
CTACACTCGCAGATGG-1,0.000054,0.107936,0.073681,0.489488,0.024939,0.303902
CTACATATCGCGGGAC-1,0.004757,0.304196,0.149434,0.281286,0.009586,0.250742
CTACCCTAAGGTCATA-1,0.00722,0.007405,0.017736,0.883911,0.009626,0.074102
CTACGAACTAGGTCGA-1,0.037268,0.172721,0.331897,0.032687,0.15341,0.272018
CTACGACTAGCTATAA-1,0.003634,0.000035,0.005876,0.602915,0.078578,0.308963
CTACGATCCTATCCTA-1,0.000013,0.607989,0.1798,0.122987,0.018965,0.070246
CTACGCACGGAGTACC-1,0.034183,0.004201,0.245711,0.616129,0.037695,0.062082
CTACGCCATTTCCGAT-1,0.026417,0.019899,0.499304,0.075273,0.013726,0.365382
CTACGTGTTGCCACCA-1,0.883254,0.00007,0.000105,0.000035,0.002276,0.114261
CTACTATCATAGGTTT-1,0.000034,0.240266,0.208566,0.385357,0.00037,0.165406
CTACTATCTTTCAGAG-1,0.000057,0.000113,0.000355,0.971348,0.000057,0.02807
CTACTCAAGGTATAGT-1,0.000026,0.488936,0.142015,0.203897,0.000026,0.165099
CTACTCTAGGCCCGGC-1,0.01799,0.002558,0.109603,0.760348,0.060783,0.048718
CTACTGCCACCTGACC-1,0.057719,0.085304,0.676686,0.018969,0.142192,0.01913
CTAGACATATATGTAG-1,0.000046,0.037179,0.349943,0.225396,0.262687,0.124749
CTAGACTGCATTTCGT-1,0.093688,0.065927,0.334706,0.29391,0.037574,0.174195
CTAGATAAACTCCTCG-1,0.745814,0.000087,0.000125,0.000058,0.016335,0.237581
CTAGATGTGAGTGTAA-1,0.013717,0.234086,0.331123,0.264922,0.010936,0.145216
CTAGATTTACGACGGC-1,0.00004,0.003399,0.014076,0.96392,0.00004,0.018525
CTAGCAACTAATTTAC-1,0.635275,0.294,0.064332,0.000014,0.00635,0.000029
CTAGCATAGTATAATG-1,0.011554,0.090773,0.488569,0.150473,0.03416,0.224471
CTAGCCACAGGCGAGC-1,0.000019,0.231083,0.299132,0.236454,0.028468,0.204844
CTAGCCCGGGAGACGA-1,0.002603,0.24941,0.086893,0.184858,0.023141,0.453095
CTAGCCGATGTTATGA-1,0.043533,0.075088,0.205897,0.530136,0.039557,0.10579
CTAGCGCCAATCCTAC-1,0.002046,0.27394,0.698087,0.000015,0.021363,0.00455
CTAGCTTAATGGTCCC-1,0.000016,0.083297,0.318228,0.463907,0.026063,0.10849
CTAGGCGCCCTATCAG-1,0.022202,0.006406,0.010297,0.896149,0.000048,0.064898
CTAGGCGGCAGAGAAT-1,0.776866,0.000131,0.000196,0.035701,0.031988,0.155117
CTAGGGATAGGGACAA-1,0.000011,0.53629,0.155937,0.205403,0.005337,0.097023
CTAGGTCTGAAGGAAT-1,0.004281,0.098373,0.205389,0.676818,0.002024,0.013115
CTAGGTTCGGACGTGA-1,0.000036,0.202108,0.171868,0.229452,0.021526,0.37501
CTAGTAGAAAGGGATT-1,0.000015,0.2779,0.227213,0.219476,0.022482,0.252914
CTAGTATTCGGAATTA-1,0.00311,0.152191,0.411551,0.102567,0.184894,0.145687
CTAGTCACGTCTTAAG-1,0.004652,0.003492,0.106602,0.694133,0.030278,0.160843
CTAGTGAAGGACAGGA-1,0.173661,0.045176,0.249992,0.371725,0.112672,0.046774
CTAGTTACAACCCGGT-1,0.000015,0.133062,0.138895,0.536192,0.034996,0.15684
CTAGTTGGGCCCGGTA-1,0.028624,0.003907,0.315882,0.367504,0.260719,0.023364
CTATAAGAGCCAATCG-1,0.006292,0.065597,0.479258,0.351314,0.016975,0.080565
CTATAAGTAGGGTTTG-1,0.000012,0.518984,0.118394,0.173259,0.02159,0.167762
CTATACTTAAAGCGAG-1,0.000018,0.314481,0.179446,0.171826,0.009119,0.325111
CTATAGGCGTTGATGT-1,0.000022,0.316288,0.158482,0.120336,0.027716,0.377156
CTATATCCAGCCTGGC-1,0.000021,0.342131,0.198212,0.191931,0.012977,0.254728
CTATCACAACGCTGGA-1,0.003246,0.839557,0.07249,0.000439,0.007972,0.076296
CTATCGACGAAATACA-1,0.005208,0.348878,0.630102,0.006586,0.00351,0.005716
CTATCGCGTAGAGAAC-1,0.019855,0.139369,0.149432,0.532489,0.00408,0.154775
CTATCGGGTCTCAACA-1,0.000036,0.005701,0.026958,0.769622,0.023915,0.173768
CTATGAACACCTTGCC-1,0.003068,0.493834,0.209801,0.040251,0.02753,0.225516
CTATGCCCGAATGCAA-1,0.000015,0.351435,0.27294,0.078134,0.068927,0.228549
CTATGGGAAGCGGAAT-1,0.008641,0.030307,0.15498,0.498668,0.013818,0.293586
CTATGTCACTAGCCCA-1,0.005806,0.076623,0.471205,0.19558,0.125665,0.125121
CTATGTCTATTGAAAC-1,0.715223,0.002106,0.003159,0.212384,0.065022,0.002106
CTATGTGAGTCACGGC-1,0.012645,0.085002,0.034861,0.493374,0.013669,0.360448
CTATTCATGTGTCCCA-1,0.000832,0.000075,0.000113,0.435103,0.139135,0.424742
CTATTGTGTTTGGTCA-1,0.038521,0.154798,0.107877,0.429844,0.135495,0.133463
CTATTTGCTTGGAGGA-1,0.000021,0.241779,0.163451,0.054005,0.10574,0.435004
CTATTTGGTTACGGAT-1,0.000043,0.011392,0.151552,0.820036,0.000134,0.016844
CTCAAACCACTGCCCG-1,0.000013,0.237749,0.115457,0.052886,0.059444,0.53445
CTCAACTAACCCGGAT-1,0.000017,0.143822,0.136704,0.511494,0.02453,0.183433
CTCAAGACATTAGCGC-1,0.000045,0.044244,0.164055,0.309166,0.406212,0.076278
CTCACACGCAAGCCTA-1,0.000011,0.019825,0.596557,0.307066,0.035263,0.041277
CTCACATTTACTAAAT-1,0.000022,0.33185,0.216007,0.202941,0.010364,0.238816
CTCACCAGTACAAGTG-1,0.0118,0.00226,0.034045,0.802598,0.055343,0.093953
CTCACCGATCCAAACT-1,0.006216,0.084868,0.297208,0.01804,0.521013,0.072655
CTCACTGTGATACTTA-1,0.000036,0.244843,0.060293,0.383253,0.0687,0.242876
CTCACTTGGCTGGTAA-1,0.012771,0.098681,0.202413,0.643511,0.004313,0.038311
CTCAGAGCTAATGTCG-1,0.007135,0.333381,0.083413,0.13354,0.02162,0.420911
CTCAGATTGTGATAAG-1,0.000013,0.33674,0.296838,0.057416,0.054208,0.254784
CTCAGCAGACTGCCGA-1,0.157537,0.023655,0.475754,0.15701,0.17323,0.012815
CTCAGGACTCACCTGT-1,0.353499,0.00015,0.000225,0.012426,0.07657,0.557131
CTCAGTCACGACAAAT-1,0.004067,0.079602,0.431852,0.3279,0.067169,0.089409
CTCATAAATGTGTATA-1,0.000013,0.629103,0.067245,0.008352,0.024645,0.270641
CTCATCACTTAGTGAT-1,0.000021,0.019074,0.106007,0.603472,0.040159,0.231267
CTCATGGCTCACAATC-1,0.110805,0.148851,0.48591,0.088148,0.053414,0.112871
CTCATGGTAATTTGCG-1,0.002536,0.348122,0.443391,0.075941,0.04962,0.08039
CTCATTAACGTTGCCC-1,0.033725,0.050288,0.158756,0.375136,0.107794,0.2743
CTCATTCGTGAACATC-1,0.042723,0.000052,0.027744,0.880572,0.017838,0.031071
CTCATTGCTCTAACAA-1,0.000023,0.29266,0.299033,0.241323,0.01293,0.15403
CTCATTTGATGGGCGG-1,0.008842,0.001718,0.10664,0.209523,0.460617,0.21266
CTCCCAATGAGTCGCG-1,0.000024,0.293511,0.331812,0.322446,0.005164,0.047043
CTCCCTCCTTTCGATC-1,0.023369,0.200211,0.260584,0.05472,0.014278,0.446838
CTCCCTTGTATCAAGG-1,0.000014,0.390188,0.177875,0.27149,0.003533,0.156899
CTCCGAGTAAATCCGC-1,0.036947,0.083086,0.481923,0.051911,0.272935,0.073197
CTCCGCCCACATGAGG-1,0.016433,0.147081,0.272038,0.509316,0.009779,0.045353
CTCCGGCCTAATATGC-1,0.0273,0.00759,0.245102,0.49017,0.128927,0.100912
CTCCGGCTTGTAGACA-1,0.657466,0.10613,0.081761,0.000022,0.121869,0.032752
CTCCTAAGTTATGTCT-1,0.524817,0.052509,0.173313,0.122853,0.056893,0.069615
CTCCTAGTAATCGTGA-1,0.000012,0.824255,0.096022,0.007974,0.007151,0.064586
CTCCTGTTCAAGGCAG-1,0.016618,0.108634,0.020872,0.774201,0.000059,0.079616
CTCCTTTACGCAAGTC-1,0.027818,0.069456,0.205825,0.655717,0.006744,0.03444
CTCGAATGGAACGTAT-1,0.017366,0.03151,0.135566,0.207096,0.116312,0.492151
CTCGAGACATACGATA-1,0.029988,0.000076,0.000114,0.305091,0.000177,0.664555
CTCGAGATCCAAAGCA-1,0.915374,0.000055,0.000083,0.000028,0.008086,0.076374
CTCGAGGCAAGTTTCA-1,0.000015,0.571398,0.264961,0.109107,0.000251,0.054267
CTCGAGGTCGAACAGT-1,0.032656,0.000095,0.047527,0.779721,0.09181,0.048191
CTCGATATTTGCGAGC-1,0.013265,0.212574,0.503671,0.090567,0.108617,0.071306
CTCGCACCTATATAGT-1,0.083232,0.000136,0.068254,0.71619,0.107903,0.024285
CTCGCATTGCATAGCC-1,0.000043,0.084711,0.010598,0.48432,0.004914,0.415414
CTCGCCGAATGTAGGG-1,0.000022,0.34769,0.354129,0.116066,0.020512,0.16158
CTCGCTAGGTAAGCGA-1,0.003814,0.740674,0.173677,0.024311,0.002333,0.055191
CTCGGGATAACACCTA-1,0.003443,0.164545,0.417405,0.16676,0.045975,0.201872
CTCGGGCATCGTCGGG-1,0.42344,0.001235,0.309848,0.000617,0.263625,0.001235
CTCGGGTTCTCTGGCC-1,0.000025,0.243905,0.101133,0.188983,0.014972,0.450983
CTCGGTACCACTGCTC-1,0.010284,0.06587,0.21368,0.564424,0.056133,0.08961
CTCGGTCCGTAGCCTG-1,0.18192,0.050134,0.348656,0.338673,0.065109,0.015508
CTCGGTTGTCGGCCCT-1,0.000031,0.191507,0.24467,0.176099,0.012078,0.375614
CTCGTCGAGGGCTCAT-1,0.000044,0.066897,0.002776,0.420166,0.007515,0.502602
CTCGTCTGTGCCTTCG-1,0.000023,0.307631,0.08526,0.389543,0.010261,0.207282
CTCGTGGCACTGAAAG-1,0.002466,0.252978,0.129794,0.203481,0.002134,0.409147
CTCGTTACGGCTACCA-1,0.000017,0.676921,0.157839,0.032485,0.031933,0.100805
CTCGTTTCTAATGTTT-1,0.180611,0.077555,0.470527,0.216498,0.039563,0.015245
CTCTAACACCGGCAGC-1,0.000035,0.235959,0.088811,0.099175,0.000035,0.575985
CTCTAATGCATTGATC-1,0.042524,0.0402,0.296634,0.558721,0.001668,0.060254
CTCTACACTGGCGATT-1,0.011076,0.05951,0.159173,0.761116,0.000026,0.0091
CTCTACATCCTGCGTG-1,0.000022,0.214174,0.071391,0.13526,0.03699,0.542163
CTCTAGCCCTCGGAAA-1,0.000018,0.338958,0.114544,0.338761,0.011426,0.196292
CTCTATTTGGCTGCAG-1,0.003804,0.202582,0.383147,0.221666,0.08089,0.10791
CTCTCACAATCGATGA-1,0.000052,0.000103,0.332819,0.638235,0.019341,0.00945
CTCTCGATGTGCGCCT-1,0.732901,0.000157,0.000236,0.264466,0.000079,0.002161
CTCTCGCTGTACTATG-1,0.062517,0.009598,0.110448,0.531005,0.197864,0.088567
CTCTCTAACTGCCTAG-1,0.000028,0.391616,0.115036,0.112262,0.000632,0.380425
CTCTGCAGGCATTCTT-1,0.005781,0.270741,0.286497,0.213328,0.022187,0.201466
CTCTGCGAAGCAAGCA-1,0.371954,0.000678,0.001017,0.293996,0.000339,0.332016
CTCTGGACGCCTGGTG-1,0.082278,0.005691,0.313292,0.574915,0.003245,0.02058
CTCTGTCCATGCACCA-1,0.000024,0.413714,0.099736,0.08409,0.010892,0.391544
CTCTGTGCCTGCTATG-1,0.345192,0.001177,0.001765,0.000588,0.650101,0.001177
CTCTGTTTGAGGATTC-1,0.036816,0.068495,0.104387,0.194659,0.247702,0.347941
CTCTTCTATTGACTGG-1,0.000049,0.000098,0.013552,0.356551,0.070622,0.559129
CTCTTCTGGAAGTTAG-1,0.000025,0.391194,0.181215,0.093845,0.030615,0.303107
CTCTTGTCCCGCTTGG-1,0.016538,0.095365,0.034779,0.632632,0.000044,0.220643
CTGAAACGGCCCTCAG-1,0.00001,0.0447,0.323776,0.014059,0.47219,0.145265
CTGAAAGAGATCCGAC-1,0.034944,0.008611,0.340614,0.354364,0.135351,0.126116
CTGAATCCGAGACCTC-1,0.000022,0.199806,0.491324,0.171589,0.048246,0.089014
CTGAATTTATTGCCAG-1,0.029888,0.018682,0.165177,0.748169,0.020902,0.017183
CTGACATAGAAATAGA-1,0.002719,0.182826,0.101679,0.495274,0.010064,0.207438
CTGACTGCGCAGCTCG-1,0.020171,0.062645,0.308449,0.458708,0.038756,0.111271
CTGAGAAAGTTCGGCG-1,0.00002,0.103163,0.28685,0.550908,0.002668,0.056391
CTGAGAGTAGAAATAC-1,0.000014,0.091419,0.172479,0.346084,0.011071,0.378933
CTGAGCAAGTAACAAG-1,0.507068,0.107391,0.140141,0.000034,0.225247,0.02012
CTGAGCGAGACTTATT-1,0.000011,0.158002,0.696404,0.043456,0.055766,0.046361
CTGATAGTGTATCTCA-1,0.017507,0.004696,0.437727,0.445882,0.066836,0.027351
CTGATCCCTTTATGCA-1,0.000009,0.669354,0.323552,0.000009,0.002509,0.004567
CTGCAAATGGGCTCCA-1,0.610115,0.001653,0.384925,0.000827,0.000827,0.001653
CTGCAAGCACGTTCCG-1,0.000024,0.209937,0.086747,0.55404,0.00143,0.147821
CTGCACAACTACATAT-1,0.000021,0.005313,0.035699,0.252798,0.176979,0.529191
CTGCACCTAGTCCACA-1,0.013102,0.118133,0.455901,0.374154,0.001336,0.037374
CTGCACCTGGAACCGC-1,0.567204,0.018458,0.000163,0.000054,0.038793,0.375328
CTGCACTCCAGTACAG-1,0.000022,0.145669,0.295957,0.291194,0.050071,0.217088
CTGCAGAGAATCAGAG-1,0.000017,0.279656,0.620222,0.018438,0.01465,0.067016
CTGCAGGGTGACGCTC-1,0.000058,0.057888,0.021867,0.20437,0.04335,0.672467
CTGCAGGTGCTCGGCC-1,0.948472,0.000087,0.00013,0.046692,0.004532,0.000087
CTGCCAAGGTTGGAAG-1,0.000199,0.040149,0.018074,0.213033,0.361789,0.366757
CTGCCATGCATCACAT-1,0.008384,0.201561,0.541464,0.08584,0.032086,0.130664
CTGCCCACGAAGCGTT-1,0.004047,0.046526,0.516547,0.32902,0.070862,0.032997
CTGCCTAGCCACCAAG-1,0.00003,0.154598,0.76467,0.015103,0.065539,0.00006
CTGCCTCATATGCAAC-1,0.021643,0.035989,0.130906,0.561697,0.008412,0.241353
CTGCCTTTAATACCTT-1,0.000024,0.340323,0.245191,0.026016,0.003953,0.384492
CTGCCTTTCTAGTAAA-1,0.000035,0.036686,0.004003,0.142664,0.052061,0.764551
CTGCGACCTCGCCGAA-1,0.002152,0.747607,0.19758,0.004474,0.007423,0.040765
CTGCGATTTCGAGATT-1,0.005689,0.398472,0.068819,0.205003,0.006733,0.315284
CTGCGGGTGAAATGTT-1,0.010891,0.003475,0.116063,0.658877,0.180991,0.029703
CTGCGGTAGTCACGTG-1,0.00833,0.000077,0.089108,0.131064,0.355948,0.415472
CTGCGTTACGATATAA-1,0.000025,0.063138,0.489734,0.047157,0.32062,0.079327
CTGCTCTCAACACACC-1,0.020752,0.225005,0.209709,0.028962,0.009573,0.505999
CTGCTCTGACGGCAAA-1,0.000027,0.09442,0.009187,0.375147,0.000027,0.521191
CTGCTGAGGCCACGAA-1,0.00003,0.042271,0.064551,0.670434,0.00633,0.216384
CTGCTGTCTAACGAGC-1,0.000014,0.133957,0.492557,0.073294,0.137597,0.162582
CTGCTTGGCGATAGCT-1,0.00004,0.220685,0.269843,0.438302,0.039041,0.032089
CTGCTTTATGTCCGCG-1,0.000033,0.012467,0.592893,0.363455,0.021644,0.009508
CTGGAAATGGATGCTT-1,0.013916,0.01453,0.214865,0.117715,0.475121,0.163853
CTGGAAGACACGGTGG-1,0.000031,0.052393,0.087181,0.679766,0.027402,0.153227
CTGGACGCAGTCCGGC-1,0.000017,0.474948,0.222304,0.168345,0.000017,0.134369
CTGGATTTACACTTGA-1,0.000037,0.072475,0.290091,0.604145,0.006077,0.027174
CTGGCATCCGAATGAG-1,0.003919,0.088396,0.063969,0.603614,0.000037,0.240064
CTGGCGACATAAGTCC-1,0.037187,0.146232,0.505538,0.000025,0.135802,0.175216
CTGGCGATTTACATGT-1,0.00002,0.277501,0.121418,0.145588,0.038666,0.416808
CTGGCGCACAGGTCTG-1,0.043906,0.161356,0.591359,0.194588,0.001307,0.007484
CTGGCGGGAATAAGTA-1,0.082966,0.196595,0.319532,0.201026,0.130324,0.069557
CTGGCTCCTGCGGGAT-1,0.870736,0.055113,0.026961,0.031662,0.000505,0.015023
CTGGCTGATTCATCCT-1,0.008635,0.004323,0.097044,0.688359,0.000049,0.20159
CTGGCTGCTAACGTAA-1,0.624798,0.030281,0.010798,0.000027,0.098171,0.235926
CTGGCTGGTTGTCAGT-1,0.016638,0.214431,0.221102,0.382008,0.003526,0.162295
CTGGGATAAATAATGG-1,0.000016,0.047206,0.489845,0.433268,0.008514,0.021151
CTGGGATACGCTACCC-1,0.007169,0.292107,0.373664,0.181136,0.045155,0.100769
CTGGGATCGCCCAGAT-1,0.904745,0.001361,0.002041,0.089811,0.00068,0.001361
CTGGGCACTAGTCGGA-1,0.029298,0.111552,0.660475,0.043885,0.135964,0.018826
CTGGGCCTGCTATATC-1,0.031753,0.05541,0.031995,0.644352,0.047374,0.189115
CTGGGCGGCCAAATGT-1,0.111648,0.0671,0.713485,0.00021,0.107136,0.00042
CTGGGCTACTGGAGAG-1,0.006697,0.117232,0.07179,0.085766,0.040491,0.678024
CTGGGCTATCCTTTGG-1,0.011092,0.020483,0.304496,0.185552,0.222108,0.256268
CTGGGTAGGCAGTTAA-1,0.000017,0.240606,0.548288,0.05961,0.015563,0.135917
CTGGGTTGAGTTAAAG-1,0.002408,0.536808,0.137367,0.033976,0.01181,0.277631
CTGGTAAAGACTTACA-1,0.001137,0.516504,0.180401,0.125571,0.008373,0.168013
CTGGTAAAGTGTGGGC-1,0.000025,0.042609,0.069384,0.791315,0.006696,0.089971
CTGGTAACACATAGAA-1,0.040318,0.010094,0.141158,0.630743,0.015116,0.162571
CTGGTAACGAGCTCTT-1,0.000043,0.000087,0.000573,0.955851,0.000043,0.043402
CTGGTCATTCCAATCC-1,0.151549,0.096284,0.304038,0.375314,0.018809,0.054005
CTGGTCCTAACTTGGC-1,0.250126,0.000155,0.057033,0.251472,0.063604,0.37761
CTGGTGAATGGGCCTA-1,0.000011,0.512244,0.146281,0.150141,0.00643,0.184894
CTGGTTCAACGCATCA-1,0.892644,0.000114,0.000171,0.101055,0.000057,0.00596
CTGGTTCGCGAGCTAC-1,0.000013,0.410466,0.58687,0.000599,0.002025,0.000026
CTGGTTTCGAGCAAGA-1,0.000471,0.02738,0.026122,0.64645,0.047715,0.251862
CTGTACTTCTTAGCAT-1,0.000034,0.105292,0.49848,0.229693,0.099455,0.067047
CTGTAGCCATCTCACT-1,0.000029,0.241267,0.141594,0.323897,0.007232,0.285982
CTGTAGTGAGGATCGA-1,0.000751,0.70039,0.221596,0.00566,0.013228,0.058375
CTGTATGGTGTAGAAA-1,0.078138,0.003327,0.001852,0.030438,0.482026,0.404219
CTGTCAAATGGCTCGG-1,0.032299,0.071632,0.515142,0.231528,0.125688,0.023711
CTGTCACGCCAGGCGC-1,0.000032,0.034488,0.391673,0.106419,0.255535,0.211853
CTGTCCTGCGCACTAC-1,0.000018,0.624726,0.076503,0.053659,0.004259,0.240835
CTGTCTGTGGCTGGCT-1,0.837818,0.000115,0.000173,0.0581,0.000058,0.103735
CTGTGCAGGGTAGGTC-1,0.000022,0.214791,0.626255,0.132916,0.013406,0.012609
CTGTGGTCGGGAGATA-1,0.000053,0.105028,0.030105,0.582524,0.040688,0.241602
CTGTTACCCAATCTAG-1,0.000038,0.069458,0.177428,0.638117,0.031052,0.083907
CTGTTCACTGCCTGTG-1,0.000049,0.000898,0.01734,0.118784,0.443906,0.419023
CTGTTCATCTCACGGG-1,0.096386,0.114813,0.590664,0.138803,0.046837,0.012497
CTGTTGGCTCTTCTGA-1,0.123436,0.065578,0.312236,0.130567,0.020906,0.347276
CTGTTGTTCAGTCGTA-1,0.000013,0.622933,0.275624,0.004731,0.019278,0.077422
CTTAAATAAGACCCAT-1,0.102615,0.025807,0.316725,0.481099,0.05906,0.014694
CTTAACTTACAGTATA-1,0.000026,0.29654,0.1969,0.182088,0.009439,0.315007
CTTAACTTCGAAGTAC-1,0.051205,0.439117,0.331025,0.000049,0.178506,0.000098
CTTAAGCAGCGAGCCG-1,0.000021,0.115701,0.079771,0.169385,0.029915,0.605207
CTTAATCGACTTAGTA-1,0.01968,0.135096,0.060532,0.202684,0.000642,0.581367
CTTACACGGTATTCCA-1,0.049208,0.00365,0.147269,0.692682,0.076687,0.030504
CTTACACTGGGAAATA-1,0.045928,0.266222,0.344122,0.000014,0.341923,0.001791
CTTACATAGATTTCTT-1,0.000021,0.416059,0.055983,0.138252,0.080807,0.308878
CTTACTGACTCCTCTG-1,0.000016,0.40654,0.398575,0.15276,0.000625,0.041483
CTTAGATGTTTCATCC-1,0.000037,0.220802,0.047177,0.342255,0.001129,0.3886
CTTAGCCCGGATAGTG-1,0.045737,0.000067,0.159501,0.301303,0.296072,0.197321
CTTAGCCTTCCACATG-1,0.006625,0.080877,0.663711,0.190794,0.054379,0.003614
CTTAGGTATAGACCAG-1,0.000034,0.224216,0.134415,0.346505,0.001444,0.293386
CTTAGGTCCCAATCGT-1,0.00001,0.091259,0.737406,0.039415,0.0628,0.06911
CTTAGTAGGCCTACAG-1,0.042859,0.014323,0.061528,0.713393,0.041509,0.126388
CTTAGTGTAGTAGCAT-1,0.000055,0.169451,0.001171,0.682473,0.000055,0.146795
CTTAGTTGAGGAATCG-1,0.000044,0.577022,0.216349,0.025308,0.032516,0.148762
CTTATAGATGGCTGTT-1,0.000039,0.235335,0.139397,0.462401,0.000039,0.162788
CTTATGCGCTCAGGGC-1,0.007764,0.129613,0.357127,0.459918,0.003123,0.042455
CTTATGTTGACTACCA-1,0.951491,0.047656,0.000168,0.000056,0.000056,0.000574
CTTCAACTCCACTTGG-1,0.000036,0.071744,0.015339,0.453003,0.000155,0.459723
CTTCACGCCCTGGTAC-1,0.000017,0.312972,0.130283,0.360144,0.007416,0.189168
CTTCAGTGGTCGCCTA-1,0.000022,0.26858,0.242396,0.221628,0.010167,0.257207
CTTCAGTTGGACAACG-1,0.000014,0.345031,0.118021,0.280404,0.012203,0.244327
CTTCATAGCTCAAGAA-1,0.124249,0.089277,0.048737,0.366414,0.006922,0.364401
CTTCATCACCAGGGCT-1,0.013901,0.085663,0.095961,0.206563,0.003103,0.594808
CTTCATTGTCAGTGGA-1,0.000069,0.000138,0.058594,0.917289,0.000069,0.023841
CTTCCGCTCCGTGAAG-1,0.000027,0.287277,0.172718,0.398432,0.013147,0.128399
CTTCCTGCATATTTAC-1,0.048027,0.05652,0.184975,0.001434,0.497514,0.211531
CTTCGATTGCGCAAGC-1,0.000009,0.547497,0.278379,0.021133,0.013489,0.139492
CTTCGGCCAATTGTTT-1,0.000044,0.188616,0.266491,0.443637,0.000044,0.101168
CTTCGTAGATAGGTGA-1,0.000226,0.008497,0.042741,0.866014,0.011879,0.070643
CTTCGTGCCCGCATCG-1,0.999675,0.000072,0.000108,0.000036,0.000036,0.000072
CTTCTATGTTGAAGTA-1,0.010771,0.077764,0.055721,0.774065,0.022209,0.059471
CTTCTATTAATGCTAG-1,0.000042,0.044882,0.135868,0.258287,0.058075,0.502845
CTTCTGGGCGTACCTA-1,0.000017,0.57304,0.111385,0.055401,0.009282,0.250875
CTTCTTACGTCGTATA-1,0.121414,0.026105,0.117468,0.391202,0.041933,0.301877
CTTGACCCGAAAGATA-1,0.107857,0.001352,0.002028,0.200931,0.098414,0.589418
CTTGAGGTTATCCCGA-1,0.559521,0.000088,0.000132,0.000044,0.089098,0.351116
CTTGAGTTAGGGTAAT-1,0.000052,0.033852,0.198725,0.681448,0.000564,0.085358
CTTGATGACCATCCAG-1,0.000021,0.6172,0.196774,0.053121,0.005835,0.127048
CTTGCAACCGCCTCCT-1,0.000024,0.287182,0.54528,0.135586,0.006252,0.025676
CTTGCCCACCCACGCA-1,0.013244,0.419498,0.184623,0.193527,0.001486,0.187622
CTTGCCCAGGCTCTAC-1,0.034362,0.029078,0.029018,0.442085,0.117752,0.347704
CTTGGCCAAGCTGGGA-1,0.00003,0.365863,0.099775,0.462755,0.00003,0.071546
CTTGTACTTGTTGACT-1,0.024882,0.093272,0.539093,0.166298,0.154123,0.022331
CTTGTCAACATTCGAG-1,0.000013,0.298864,0.530977,0.011455,0.053579,0.105112
CTTGTCGTACGTGTCA-1,0.999496,0.000078,0.000117,0.000039,0.000039,0.000231
CTTGTGAGGACAGCGG-1,0.857011,0.000087,0.00013,0.000043,0.056979,0.08575
CTTGTGAGTCTTTGAC-1,0.547744,0.000153,0.031299,0.208942,0.154597,0.057265
CTTGTGCTCACCGATT-1,0.02054,0.093914,0.409177,0.094584,0.265262,0.116524
CTTGTTGCTGAGTCAA-1,0.000035,0.01917,0.088901,0.832394,0.000035,0.059464
CTTGTTTATGTAGCCA-1,0.252614,0.000134,0.000201,0.076654,0.092201,0.578197
CTTTAACTTTCAAAGG-1,0.000097,0.026029,0.267173,0.480765,0.079571,0.146365
CTTTAATATTGGTCGA-1,0.007356,0.285203,0.563465,0.081972,0.022253,0.039752
CTTTACCGAATAGTAG-1,0.069603,0.029948,0.003599,0.813026,0.000736,0.083088
CTTTAGGAACACTGTT-1,0.000017,0.165786,0.818607,0.0122,0.002506,0.000884
CTTTAGTGCTATTATT-1,0.023623,0.001743,0.091938,0.659884,0.011593,0.211218
CTTTATCCGACGCATG-1,0.002153,0.096263,0.081763,0.126626,0.002486,0.690708
CTTTCTGTGCGGGCTT-1,0.036884,0.090615,0.3538,0.434347,0.005941,0.078412
CTTTGAAACATATTCC-1,0.100255,0.089234,0.276176,0.186337,0.254231,0.093767
CTTTGACGTCGCTTCT-1,0.002069,0.267493,0.314756,0.226391,0.024891,0.1644
CTTTGCATCGCTCTTG-1,0.014691,0.34892,0.497184,0.098499,0.004587,0.03612
CTTTGCTGTCATGGAT-1,0.01052,0.07859,0.326042,0.525775,0.016702,0.042371
CTTTGGCAGACAGAGT-1,0.003921,0.034686,0.329549,0.163497,0.296247,0.1721
CTTTGGCGCTTTATAC-1,0.063258,0.013684,0.591924,0.157751,0.166461,0.006922
CTTTGGCTTTAGTAAA-1,0.052872,0.00966,0.411669,0.294182,0.202467,0.02915
CTTTGGGATTGTTGCA-1,0.000021,0.365655,0.258053,0.030739,0.012622,0.332909
CTTTGTCGAATGCTCC-1,0.03064,0.000125,0.000188,0.327768,0.0116,0.629679
GAAACAGATGACCACC-1,0.000021,0.09196,0.213116,0.582701,0.007519,0.104683
GAAACAGCCATGCAGT-1,0.058552,0.025067,0.065887,0.225069,0.225582,0.399844
GAAACATAGGAAACAG-1,0.003563,0.05632,0.033632,0.415409,0.003881,0.487194
GAAACCATGGTGCGCT-1,0.027963,0.01809,0.188772,0.50945,0.040513,0.215212
GAAACCGAATTACCTT-1,0.00002,0.110445,0.617644,0.239496,0.020003,0.012391
GAAACTCGTGCGATGC-1,0.00002,0.015644,0.249319,0.239869,0.397815,0.097333
GAAACTCTAATGAAGG-1,0.006747,0.001592,0.090089,0.288461,0.392876,0.220234
GAAAGAACAGCGTTAT-1,0.000033,0.007321,0.215588,0.754142,0.010965,0.011952
GAAAGCAGTGCACTTT-1,0.000018,0.046267,0.051171,0.607719,0.012316,0.28251
GAAAGCCCTTTGGACC-1,0.075056,0.028437,0.28298,0.410952,0.122625,0.079949
GAAAGTGACTAACTGC-1,0.098548,0.028392,0.302798,0.088066,0.035354,0.446842
GAAATACCTGCTGGCT-1,0.000803,0.282959,0.558004,0.002205,0.151194,0.004835
GAAATACTAAACGTTT-1,0.304382,0.070677,0.115597,0.045229,0.199015,0.2651
GAAATATCACCATCAG-1,0.048991,0.033094,0.606608,0.187752,0.105595,0.017961
GAAATATGCTTGAATG-1,0.041042,0.045961,0.552816,0.177561,0.150404,0.032217
GAAATCGCGCGCAACT-1,0.025136,0.044621,0.452347,0.301364,0.144382,0.03215
GAAATCTGACCAAGTT-1,0.267163,0.000056,0.000084,0.095955,0.227294,0.409448
GAAATGGCGGTGTTAG-1,0.005996,0.027896,0.270615,0.314834,0.321658,0.059
GAAATGGGATGTAAAC-1,0.802831,0.000089,0.000133,0.196814,0.000044,0.000089
GAAATTAGCACGGATA-1,0.000029,0.077122,0.28771,0.204321,0.31823,0.112588
GAAATTCACATCGCTG-1,0.468456,0.000509,0.000764,0.083388,0.143221,0.303662
GAAATTGTCTCTATAA-1,0.015584,0.074231,0.199777,0.09767,0.216844,0.395894
GAACAACTGGGATGAA-1,0.00045,0.240809,0.123337,0.144999,0.002509,0.487895
GAACACACATCAACCA-1,0.070115,0.008343,0.119203,0.507552,0.17037,0.124416
GAACAGATTACTAAAT-1,0.003415,0.115764,0.052085,0.546732,0.008349,0.273654
GAACATTAGTATGTTA-1,0.000778,0.129041,0.491396,0.180974,0.142513,0.055298
GAACCATCTGGGAGAC-1,0.69302,0.00171,0.002565,0.106104,0.194891,0.00171
GAACCCTCTGTGTTCT-1,0.00002,0.490891,0.293659,0.000422,0.132179,0.082829
GAACCTCGACCTACAC-1,0.000016,0.000031,0.000047,0.683477,0.007197,0.309231
GAACCTTTAACGATCC-1,0.000017,0.239574,0.210076,0.327935,0.016853,0.205545
GAACGACCGAATGATA-1,0.252076,0.016736,0.268299,0.251564,0.117278,0.094047
GAACGATAAGTTAAAG-1,0.001729,0.02275,0.105072,0.660153,0.039308,0.170987
GAACGCGGGTCACACG-1,0.000031,0.01624,0.035152,0.929973,0.000031,0.018573
GAACGGTGTAAAGCAG-1,0.031,0.048807,0.784617,0.061933,0.033854,0.039789
GAACGTCTCATGGTCG-1,0.002799,0.078223,0.453278,0.419749,0.010369,0.035582
GAACGTTAGGAAGACG-1,0.013416,0.058867,0.391187,0.478986,0.042551,0.014991
GAACGTTTGTATCCAC-1,0.047546,0.018694,0.000119,0.110626,0.005573,0.817442
GAACTGTGGAGAGACA-1,0.000007,0.670418,0.190744,0.069133,0.005779,0.063919
GAACTTAGCGCCCGGT-1,0.011638,0.023175,0.190539,0.186082,0.202175,0.38639
GAACTTGTGCACGGGA-1,0.014366,0.02739,0.344442,0.440121,0.022532,0.151148
GAAGAAACGATATTGT-1,0.000006,0.47741,0.05145,0.000006,0.104504,0.366624
GAAGAACGGTGCAGGT-1,0.501535,0.000083,0.000124,0.368565,0.000051,0.129642
GAAGACTTCAATGCCG-1,0.368379,0.000301,0.000451,0.07093,0.089767,0.470171
GAAGCAAGGCAATGTT-1,0.911099,0.00024,0.000359,0.00012,0.00012,0.088062
GAAGCCACTGATTATG-1,0.000017,0.180944,0.091015,0.277572,0.04361,0.406842
GAAGCCGGGTAAGCTC-1,0.057454,0.009206,0.18294,0.589804,0.048882,0.111714
GAAGCCTGCACATTCC-1,0.000046,0.203242,0.094409,0.454414,0.000046,0.247843
GAAGCGTGAGGAATTT-1,0.049486,0.009285,0.511772,0.282088,0.11468,0.032688
GAAGCTCGGACCCGTC-1,0.000021,0.086009,0.14199,0.201721,0.113156,0.457103
GAAGCTCTTTGCTTAG-1,0.748808,0.000143,0.000214,0.248683,0.000071,0.002081
GAAGCTTGCTGACCGC-1,0.00002,0.055461,0.623376,0.052259,0.251633,0.017251
GAAGGACTAAATTGAA-1,0.543099,0.004156,0.066813,0.25688,0.018714,0.110338
GAAGGAGTCGAGTGCG-1,0.010204,0.368384,0.281038,0.223448,0.004495,0.112431
GAAGGCTACCATTGTT-1,0.014739,0.084877,0.783128,0.052182,0.029241,0.035833
GAAGGGCATAACCATG-1,0.943408,0.000055,0.004186,0.043286,0.000618,0.008447
GAAGGGTCATTAAGAC-1,0.000092,0.598863,0.308693,0.038458,0.008715,0.045179
GAAGTCAGTTGCACTA-1,0.000096,0.074709,0.222171,0.407409,0.012424,0.28319
GAAGTCTCCCTAGCGA-1,0.000024,0.037505,0.12175,0.426253,0.137361,0.277108
GAAGTGATTTATCGTG-1,0.012466,0.013372,0.079101,0.590291,0.096749,0.208021
GAAGTGCTGGATAGCT-1,0.0215,0.082739,0.500898,0.114539,0.194205,0.086119
GAAGTTTCCACTCAAT-1,0.000032,0.022044,0.256754,0.388205,0.250624,0.082341
GAATAGACGCGACCCA-1,0.000021,0.027982,0.195562,0.519554,0.021743,0.235139
GAATAGCATTTAGGGT-1,0.000018,0.202864,0.577737,0.142079,0.048318,0.028983
GAATAGCCCTGCGGTC-1,0.056059,0.040421,0.290915,0.502252,0.049086,0.061266
GAATAGTGCTCGATTA-1,0.00002,0.311274,0.167233,0.210874,0.010967,0.299632
GAATATTCGGAGTCCC-1,0.065671,0.093202,0.54508,0.012252,0.104535,0.179261
GAATCGACATGGTCAC-1,0.008008,0.008088,0.216535,0.474133,0.237699,0.055538
GAATCGCCGGACACGG-1,0.745652,0.000168,0.000253,0.251595,0.000084,0.002247
GAATCTATACTCGGAC-1,0.091791,0.00912,0.21681,0.40019,0.037402,0.244687
GAATCTGAACATTCTC-1,0.026937,0.026331,0.171613,0.014755,0.00338,0.756984
GAATGAAGGTCTTCAG-1,0.022386,0.060577,0.299831,0.541054,0.019632,0.05652
GAATGCCGAAATGACC-1,0.182788,0.038203,0.15081,0.420253,0.099203,0.108743
GAATGCGAATCGGTTC-1,0.000021,0.221782,0.214231,0.379246,0.000955,0.183764
GAATGGGCTTATCGAC-1,0.000015,0.113331,0.275613,0.424166,0.029953,0.156922
GAATGTATGGCAGGTC-1,0.003667,0.013534,0.178813,0.196629,0.213304,0.394052
GAATGTGGTCCGGATT-1,0.007441,0.029139,0.135581,0.643043,0.000033,0.184762
GAATGTTGGGTAATCT-1,0.00005,0.001722,0.484837,0.305449,0.146095,0.061846
GAATTATAGTGAAAGG-1,0.000024,0.011193,0.263946,0.458156,0.125641,0.141039
GAATTATGCAACCTAC-1,0.000244,0.10978,0.751324,0.00843,0.122769,0.007452
GAATTCACCCGGGTGT-1,0.000014,0.153877,0.671972,0.146641,0.010797,0.016699
GAATTTCTCGCTGCAG-1,0.010332,0.000064,0.006293,0.234244,0.317278,0.431789
GACAAACATATGCAGG-1,0.000024,0.027775,0.172934,0.764639,0.012248,0.022379
GACAACGACCATTGAA-1,0.075115,0.072817,0.735758,0.07055,0.035139,0.010621
GACAACGCAGCTTACG-1,0.052906,0.006935,0.129749,0.306571,0.201628,0.302211
GACAAGACGCCCGTGC-1,0.00001,0.400473,0.275974,0.071998,0.017102,0.234443
GACAAGAGATGAGATT-1,0.010691,0.171036,0.061347,0.62944,0.006146,0.12134
GACACAAGGGAAGAAA-1,0.000028,0.000056,0.11722,0.851126,0.027688,0.003881
GACACAGCCGGGACTG-1,0.00002,0.350367,0.100878,0.43048,0.00002,0.118235
GACACCCAAAGACGCG-1,0.000012,0.364489,0.118501,0.20994,0.009503,0.297555
GACACGAGTTAGAGGA-1,0.211934,0.032069,0.144198,0.276189,0.106152,0.229458
GACACTGAGTTCAGTG-1,0.104576,0.003426,0.062108,0.581761,0.116699,0.131429
GACACTGGAACCCGAT-1,0.000018,0.110006,0.11531,0.735278,0.002805,0.036583
GACACTTCCAATTACC-1,0.000011,0.667914,0.237932,0.01372,0.018996,0.061426
GACAGAGGTCTTCAGT-1,0.00004,0.039533,0.011975,0.356034,0.00004,0.592378
GACAGATTTCTGGCTC-1,0.000018,0.040195,0.057007,0.528701,0.035743,0.338338
GACAGCCAGACCTGAC-1,0.020551,0.119675,0.405248,0.269714,0.029932,0.154881
GACAGGCACACACTAT-1,0.00002,0.004355,0.132332,0.850651,0.005553,0.007089
GACAGGTAATCCGTGT-1,0.007775,0.027542,0.000161,0.102774,0.005717,0.85603
GACATACTGTCGCAGA-1,0.076228,0.098204,0.218966,0.232926,0.11138,0.262296
GACATCCGTCGAACTG-1,0.000011,0.469663,0.257607,0.07502,0.019459,0.178239
GACATCGATTTATAAC-1,0.000013,0.279433,0.4641,0.102566,0.017487,0.136402
GACATTTCGCCCAGCC-1,0.000015,0.510227,0.287707,0.089859,0.003892,0.108301
GACCAAACGTTGACTG-1,0.000023,0.092016,0.113604,0.449115,0.019942,0.3253
GACCACACTTCCCTTT-1,0.000021,0.340049,0.131113,0.244024,0.018215,0.266579
GACCAGAGCCCTGTAG-1,0.013971,0.00247,0.177555,0.702435,0.089851,0.013718
GACCAGGTCATTCATA-1,0.174312,0.001419,0.002128,0.820013,0.000709,0.001419
GACCCAATTATGATAC-1,0.000023,0.033996,0.076727,0.186234,0.054487,0.648533
GACCCGTCGCCGGCTA-1,0.164566,0.001551,0.002326,0.409935,0.000775,0.420847
GACCGACCGCTAATAT-1,0.955767,0.000049,0.000073,0.000024,0.0108,0.033287
GACCGACGTGAAAGCA-1,0.000019,0.004109,0.044001,0.790687,0.027532,0.133653
GACCGACTGAAGCGTC-1,0.00001,0.042937,0.589675,0.302554,0.049429,0.015395
GACCGATTAAATATGT-1,0.00001,0.369845,0.407812,0.138087,0.003242,0.081003
GACCGCGTCTGACGTG-1,0.000016,0.40285,0.577401,0.011721,0.000627,0.007385
GACCGGTGATACTCTC-1,0.000009,0.648535,0.132731,0.010138,0.046954,0.161633
GACCGTCAGGTCGTGA-1,0.006449,0.023895,0.412647,0.248889,0.237815,0.070304
GACCGTGCTGACGGTG-1,0.014408,0.012358,0.26237,0.702411,0.000041,0.008412
GACCGTTACATGCGAC-1,0.000551,0.080961,0.367815,0.51112,0.005495,0.034058
GACCTGGTCTGGGCGT-1,0.936293,0.000101,0.000152,0.063301,0.000051,0.000101
GACCTTCCACGTCTAC-1,0.000014,0.56461,0.325105,0.013993,0.019766,0.076511
GACGACGATCCGCGTT-1,0.000015,0.407276,0.462564,0.011834,0.029531,0.088781
GACGACTTTCCAAGAA-1,0.999727,0.000061,0.000091,0.00003,0.00003,0.000061
GACGAGGCTAATAAAC-1,0.000031,0.067892,0.000094,0.900025,0.000031,0.031927
GACGATATCACTGGGT-1,0.000013,0.365505,0.115515,0.020392,0.134889,0.363686
GACGCATACCCGTCGG-1,0.000014,0.329213,0.255018,0.22106,0.014589,0.180106
GACGCCGTAAAGGCTA-1,0.000024,0.120609,0.057587,0.668323,0.001041,0.152416
GACGCCTGTTGCAGGG-1,0.959077,0.000076,0.015386,0.000038,0.002945,0.022478
GACGCTTGCTTCTAAA-1,0.009915,0.05766,0.410733,0.473528,0.031583,0.016581
GACGGACCGCGTTCCT-1,0.231738,0.34168,0.258902,0.000046,0.167544,0.000091
GACGGGATGTCTTATG-1,0.799677,0.000148,0.000222,0.199732,0.000074,0.000148
GACGGGCATCGAATTT-1,0.00003,0.448497,0.061058,0.135148,0.001541,0.353727
GACGGTCAATAGAAGC-1,0.000427,0.005555,0.010021,0.539051,0.036382,0.408564
GACGGTCCTAGGGTGT-1,0.000019,0.035039,0.334542,0.569455,0.021166,0.039779
GACGTGAGACTCCATG-1,0.498458,0.251529,0.220198,0.000025,0.02974,0.00005
GACGTGTAGGGATTAT-1,0.138525,0.000431,0.000647,0.792886,0.004732,0.062778
GACGTTCGTAAATACA-1,0.02389,0.063295,0.23839,0.49639,0.036679,0.141357
GACGTTGCTCGGCGGC-1,0.002503,0.508342,0.264578,0.116783,0.002911,0.104884
GACTAACACAGCACCT-1,0.003138,0.055446,0.699047,0.055944,0.170785,0.01564
GACTAAGATCATGCAC-1,0.113214,0.002851,0.279851,0.365463,0.23421,0.004411
GACTAAGTAGGCTCAC-1,0.042898,0.001307,0.021898,0.684133,0.055766,0.193997
GACTACAAAGCGGTGG-1,0.000013,0.339217,0.177183,0.146441,0.07462,0.262525
GACTACAATTGCTCGT-1,0.008392,0.055825,0.39053,0.230997,0.249049,0.065208
GACTAGGCCGTTAGGT-1,0.000011,0.318637,0.060317,0.000489,0.105294,0.515252
GACTCACCCACGTGAG-1,0.000037,0.005074,0.08581,0.853903,0.004364,0.050813
GACTCCCAGAATAAGG-1,0.027322,0.002442,0.046747,0.794873,0.01078,0.117836
GACTCCTTCCAATTGA-1,0.000061,0.000123,0.000184,0.435512,0.000061,0.564059
GACTCGCGGGAATGAC-1,0.05371,0.049309,0.077758,0.806745,0.000989,0.011488
GACTCGGTCGGCGGAT-1,0.000029,0.061111,0.687007,0.043676,0.168287,0.039889
GACTCTAGAGTTCCAA-1,0.000637,0.455575,0.077869,0.090871,0.0191,0.355949
GACTGATTGGTCACAA-1,0.005415,0.044649,0.569701,0.124938,0.177206,0.078092
GACTGCAAATCGAGCT-1,0.000024,0.501673,0.375827,0.018391,0.00486,0.099225
GACTGCACCAGCCCAG-1,0.000024,0.08189,0.226886,0.445335,0.022536,0.223329
GACTGCGGCACGTGTA-1,0.064757,0.040005,0.117742,0.540111,0.147199,0.090185
GACTGCTGGTGAGAAA-1,0.000015,0.424483,0.121506,0.214917,0.006932,0.232148
GACTGGGCGCCGCAAC-1,0.137484,0.033624,0.141919,0.31452,0.295548,0.076904
GACTTCAACGCATCAA-1,0.000385,0.6743,0.133163,0.026421,0.006753,0.158978
GACTTTCGAGCGGTTC-1,0.007126,0.071569,0.054843,0.279039,0.004772,0.582651
GAGAAACTGGATCCCA-1,0.000014,0.259693,0.327348,0.213099,0.022827,0.17702
GAGAACGGTTCTGACT-1,0.000013,0.35576,0.216231,0.179268,0.025283,0.223446
GAGAATCTCACGATCA-1,0.051231,0.011098,0.292302,0.475914,0.11314,0.056315
GAGACCCTGCAACGCC-1,0.019454,0.070109,0.674076,0.042748,0.170644,0.022969
GAGACTGATGGGTAGA-1,0.040115,0.00042,0.064686,0.397787,0.387502,0.109491
GAGACTTCGCGACCGA-1,0.009327,0.057047,0.04255,0.687749,0.017575,0.185753
GAGAGCGCAGTCCCTG-1,0.03611,0.028909,0.432191,0.433163,0.041297,0.028331
GAGAGGCCTATGTGTA-1,0.000016,0.290342,0.356069,0.252084,0.007398,0.094091
GAGAGGGCGCGAGGTT-1,0.000025,0.011792,0.091756,0.875348,0.00588,0.015199
GAGAGGTGCATTCTGG-1,0.000036,0.013605,0.03065,0.734063,0.000898,0.220748
GAGAGTCTCGGGAGAG-1,0.000012,0.344436,0.119201,0.333323,0.007119,0.195908
GAGATCGATCTTACTC-1,0.000018,0.309362,0.198648,0.36749,0.001379,0.123103
GAGATCTGCTTGGCAT-1,0.026429,0.034102,0.367055,0.518172,0.015602,0.038639
GAGATCTGTCACTCCG-1,0.000074,0.000147,0.085647,0.704663,0.119956,0.089512
GAGATCTTCCATGACA-1,0.000995,0.238221,0.614381,0.127932,0.004494,0.013977
GAGATGACAATCCTTA-1,0.00178,0.118322,0.408121,0.253368,0.036707,0.181702
GAGATGGCTTTAATCA-1,0.00001,0.52172,0.277888,0.003876,0.066855,0.129651
GAGATGGGAGTCGACA-1,0.000018,0.015974,0.076847,0.322206,0.080779,0.504177
GAGCACCTGTGTCCAG-1,0.062598,0.12633,0.063062,0.385973,0.054722,0.307315
GAGCACGGCGCCTCTT-1,0.000025,0.004426,0.026496,0.411214,0.043025,0.514814
GAGCATCAACAACTTG-1,0.002474,0.435054,0.134892,0.119848,0.003847,0.303886
GAGCATCATCCCTGGG-1,0.762752,0.005956,0.000093,0.000031,0.140067,0.091102
GAGCCACGGTAGTAGG-1,0.792749,0.000167,0.000251,0.206582,0.000084,0.000167
GAGCCAGCTACCTGTG-1,0.000031,0.170812,0.351259,0.44052,0.005366,0.032012
GAGCCGAGCGTTTATT-1,0.029941,0.165519,0.441844,0.067528,0.088346,0.206822
GAGCGAGGGAGTACCG-1,0.089141,0.212417,0.264904,0.013986,0.380304,0.039249
GAGCGCAAATACTCCG-1,0.000023,0.056966,0.068101,0.693965,0.001908,0.179038
GAGCGCGCACGAGTAG-1,0.016712,0.048161,0.217349,0.567005,0.051914,0.098859
GAGCGCTATGTCAGGC-1,0.929106,0.004327,0.000075,0.006398,0.000025,0.060069
GAGCGCTGTTAGGTAA-1,0.000513,0.052591,0.064353,0.116275,0.049539,0.716729
GAGCGGAATGCGGTGT-1,0.000008,0.65787,0.270411,0.016569,0.01403,0.041112
GAGCTAAGGGCATATC-1,0.010423,0.000079,0.319966,0.509127,0.053763,0.106641
GAGCTCAACATGAGCG-1,0.000111,0.194391,0.085038,0.265532,0.020967,0.433962
GAGCTCTCGGACCTAA-1,0.545622,0.065797,0.247689,0.000362,0.140459,0.000071
GAGCTGTCGTCTCGGA-1,0.015767,0.055563,0.579726,0.268424,0.044896,0.035623
GAGGAATATCTCTTTG-1,0.000012,0.601423,0.255161,0.054554,0.017119,0.07173
GAGGAATGGAGAGGTT-1,0.000541,0.044168,0.792248,0.088054,0.066352,0.008637
GAGGAGATCCTCATGC-1,0.833821,0.071203,0.094863,0.000028,0.000028,0.000056
GAGGAGTAATTCCTAC-1,0.988458,0.002565,0.003847,0.001282,0.001283,0.002565
GAGGATAAACAGTGCT-1,0.000015,0.007805,0.035119,0.863261,0.016679,0.077122
GAGGCATTTGCAGCAG-1,0.000014,0.022025,0.519299,0.278909,0.041628,0.138125
GAGGCCCGACTCCGCA-1,0.010417,0.36202,0.084781,0.386897,0.003719,0.152166
GAGGCCTGTTGATACA-1,0.004642,0.19549,0.000122,0.689956,0.000056,0.109733
GAGGCTATCAAAGTCG-1,0.027867,0.002437,0.205057,0.655261,0.050448,0.058929
GAGGGAGTCAGATCGC-1,0.000016,0.306707,0.103994,0.030581,0.035525,0.523177
GAGGGCATCGCGTATC-1,0.751575,0.000092,0.000139,0.000046,0.020297,0.227851
GAGGGCCATAATATTA-1,0.000006,0.071362,0.845353,0.077432,0.002719,0.003129
GAGGGCCGGCAGAGTC-1,0.012451,0.057782,0.416869,0.091973,0.196301,0.224624
GAGGGCGCAGCTCTGC-1,0.000037,0.000073,0.157401,0.840295,0.0012,0.000994
GAGGGTAGTAACAAAG-1,0.00005,0.418823,0.104438,0.209076,0.009413,0.258201
GAGGTACATCCATCTT-1,0.000097,0.012085,0.180049,0.406465,0.383616,0.017689
GAGGTACGCGTGTCCC-1,0.000017,0.420688,0.113687,0.419831,0.001784,0.043994
GAGGTCCCAAAGATCT-1,0.629671,0.036974,0.10451,0.145122,0.064989,0.018734
GAGGTCCGTTCGCTGT-1,0.000017,0.545698,0.102276,0.127729,0.010276,0.214004
GAGGTCTTAGTGGGTC-1,0.017773,0.086005,0.322901,0.204608,0.256313,0.1124
GAGTAAACCGGAAAGT-1,0.000705,0.340455,0.457644,0.153678,0.018979,0.028539
GAGTAAATTAAGAACC-1,0.000251,0.436203,0.19573,0.203623,0.013709,0.150484
GAGTAAGGCCACGGGA-1,0.004153,0.152679,0.139059,0.378173,0.007799,0.318136
GAGTACGGGTATACAA-1,0.317305,0.085311,0.196924,0.286527,0.086707,0.027226
GAGTAGATACTAGTTG-1,0.001569,0.081141,0.117969,0.169811,0.083709,0.545801
GAGTATACCCTAATCA-1,0.00001,0.3773,0.253582,0.045962,0.03289,0.290256
GAGTATCAAAGTTACA-1,0.000013,0.253591,0.2324,0.382243,0.005591,0.126162
GAGTATGCCCGCCTTG-1,0.000031,0.148834,0.125585,0.551209,0.007202,0.167139
GAGTATGCGCGTGCAT-1,0.003579,0.095802,0.13312,0.432871,0.012607,0.322021
GAGTCAGACCAGAATC-1,0.000009,0.305861,0.489032,0.031969,0.009847,0.163281
GAGTCCACCAGGTTTA-1,0.000044,0.010527,0.001976,0.404163,0.000044,0.583247
GAGTCCGCTTACCGGA-1,0.015999,0.131171,0.141932,0.62716,0.010818,0.07292
GAGTCGACAGACCCTC-1,0.083726,0.0189,0.170275,0.383043,0.185921,0.158135
GAGTCTTGTAAAGGAC-1,0.000035,0.081778,0.045669,0.356545,0.004744,0.511229
GAGTGCACGGACAACA-1,0.000008,0.013041,0.330304,0.252369,0.190151,0.214126
GAGTGTCAACCAGAAA-1,0.000017,0.103027,0.035743,0.517997,0.014803,0.328414
GAGTGTGCGGTACCCA-1,0.000031,0.052714,0.161279,0.673722,0.012461,0.099793
GAGTTCTGTGGGTGCT-1,0.000034,0.000068,0.000102,0.000034,0.066827,0.932936
GAGTTGATGGCAATTT-1,0.000022,0.166758,0.222481,0.336892,0.025285,0.248562
GAGTTGTCACCAGTCT-1,0.000026,0.147075,0.061119,0.538219,0.006605,0.246955
GATAAATCGGTGGATG-1,0.163919,0.274727,0.433542,0.002013,0.124467,0.001332
GATAACTCGCACTGTG-1,0.000017,0.095447,0.455348,0.407851,0.016269,0.025067
GATAAGGCAGATGCAA-1,0.729065,0.065541,0.004464,0.000024,0.117849,0.083057
GATAAGGGACGATTAG-1,0.942106,0.00852,0.000095,0.040145,0.000857,0.008278
GATACCGTGTCGGAGT-1,0.008749,0.168505,0.388536,0.354921,0.013202,0.066087
GATACGATGGGAGTCA-1,0.00926,0.171828,0.256288,0.472444,0.016686,0.073495
GATAGAACCCGCTAGG-1,0.003002,0.516683,0.153659,0.149118,0.018735,0.158804
GATAGATAGTACAGTC-1,0.000459,0.677531,0.142733,0.101214,0.00305,0.075013
GATAGCGTACCACGCG-1,0.856955,0.000162,0.000243,0.142397,0.000081,0.000162
GATAGGATTAATTACA-1,0.000013,0.094601,0.362975,0.392126,0.021976,0.12831
GATAGGTAACGTTGAC-1,0.000018,0.243385,0.553673,0.058814,0.03588,0.108229
GATAGGTGTCCCGGGC-1,0.000013,0.151102,0.361046,0.421644,0.005983,0.060211
GATAGTGCGAGTAAGT-1,0.009631,0.657372,0.096558,0.000577,0.014631,0.22123
GATATCAAGCAGGAGC-1,0.012104,0.000079,0.000119,0.490254,0.00004,0.497405
GATATCAGTATGTATC-1,0.900802,0.000084,0.000127,0.000042,0.000042,0.098902
GATATCTCATGCAATA-1,0.052391,0.288642,0.292691,0.000119,0.365919,0.000238
GATATGAGACACTAAC-1,0.002747,0.119025,0.208996,0.508749,0.020551,0.139931
GATATGCGGTAGCCAA-1,0.000223,0.022475,0.750843,0.225789,0.000223,0.000447
GATATGGATTACGCGG-1,0.061177,0.000089,0.087362,0.815408,0.018891,0.017073
GATATTGAGATTGGCG-1,0.000045,0.008402,0.068298,0.361824,0.093461,0.46797
GATATTTCCTACATGG-1,0.001022,0.013304,0.164415,0.320446,0.371507,0.129305
GATCAACATAAAGGGA-1,0.000012,0.21385,0.1406,0.202439,0.008737,0.434363
GATCATTCCAAACATT-1,0.001103,0.003537,0.050247,0.138658,0.466538,0.339918
GATCCAACCTTTAAAC-1,0.002807,0.130756,0.044455,0.362634,0.00517,0.454178
GATCCCTTTATACTGC-1,0.007982,0.043533,0.515561,0.170313,0.228616,0.033995
GATCCGAATATAAGTG-1,0.00579,0.113543,0.286674,0.537146,0.008801,0.048045
GATCCGGGAATTAACA-1,0.005572,0.078821,0.293406,0.581968,0.02535,0.014883
GATCCTAAATCGGGAC-1,0.035423,0.028638,0.03824,0.864371,0.001022,0.032306
GATCCTCGACACTGGC-1,0.047233,0.013967,0.018028,0.431023,0.031226,0.458523
GATCCTCTTGCGCTTA-1,0.041622,0.116801,0.336905,0.316693,0.033265,0.154715
GATCGACACTATCTGA-1,0.000449,0.076137,0.796135,0.02739,0.096477,0.003412
GATCGCGGGCTCTCCA-1,0.007823,0.02179,0.095439,0.747051,0.058619,0.069279
GATCGCTACCCGATTT-1,0.000038,0.024427,0.05479,0.866864,0.017525,0.036355
GATCGCTATATCTCAG-1,0.000025,0.009063,0.004837,0.03779,0.204771,0.743513
GATCGCTGTGGTGCGT-1,0.000007,0.746278,0.231816,0.003888,0.001323,0.016689
GATCGGATAGAACCAT-1,0.01243,0.032585,0.037869,0.847229,0.005579,0.064308
GATCGGCGATAAGTCG-1,0.080188,0.113173,0.418834,0.270543,0.051121,0.066141
GATCGGTGGCCATAAC-1,0.010952,0.014612,0.554558,0.222946,0.176001,0.020931
GATCGTGACTGATATC-1,0.00003,0.042025,0.189153,0.547651,0.095203,0.125938
GATCTAACCGTATTCA-1,0.007485,0.229524,0.016375,0.380369,0.001967,0.364279
GATCTCGACGCTGTGG-1,0.009906,0.109178,0.08601,0.399673,0.060672,0.334562
GATCTGCTATCTAAGG-1,0.000027,0.314016,0.191277,0.326847,0.00066,0.167173
GATCTTAGTGAACGTG-1,0.004151,0.086545,0.617489,0.023805,0.24711,0.020901
GATCTTCATTGTCCTC-1,0.191246,0.014162,0.01045,0.301401,0.078164,0.404576
GATCTTGGAGGGCATA-1,0.0037,0.22927,0.373279,0.254409,0.023964,0.115378
GATCTTTGCAGGGTAT-1,0.01341,0.004646,0.102729,0.643913,0.027442,0.20786
GATCTTTGCTCAAAGA-1,0.03668,0.049638,0.224164,0.299427,0.232049,0.158041
GATGACAAGTAGGGCA-1,0.000025,0.197066,0.11446,0.471065,0.012472,0.204912
GATGACGATGATCGCG-1,0.054114,0.09253,0.578295,0.244231,0.01315,0.01768
GATGAGGAACCTTCGG-1,0.006101,0.469206,0.10099,0.2338,0.019564,0.17034
GATGATTTGAAACTGG-1,0.971393,0.000058,0.000087,0.028375,0.000029,0.000058
GATGCCACACTACAGC-1,0.853526,0.000075,0.000113,0.000038,0.000038,0.146211
GATGCCAGCAGAAGGC-1,0.078452,0.079048,0.288824,0.415682,0.058293,0.079701
GATGCCTTCTGCGGCA-1,0.018484,0.081624,0.056008,0.175823,0.000483,0.667579
GATGCGAATGGTATTA-1,0.063771,0.002613,0.044801,0.576773,0.196143,0.115898
GATGCGTCCTGCATTC-1,0.003106,0.016414,0.311556,0.578722,0.029431,0.060772
GATGCTACAAGCGCCT-1,0.103809,0.120517,0.594894,0.143609,0.017214,0.019956
GATGCTACCTTCGATG-1,0.00002,0.573166,0.131219,0.161353,0.000694,0.133548
GATGCTGTATTTCATC-1,0.000025,0.15774,0.479063,0.087577,0.131952,0.143643
GATGGCGCACACATTA-1,0.254947,0.029447,0.114412,0.149713,0.072031,0.37945
GATGGTGAAATAACCC-1,0.000897,0.067671,0.56881,0.072154,0.219873,0.070594
GATGGTGCCCTAGGCA-1,0.01087,0.120752,0.671392,0.02621,0.150333,0.020442
GATGTAACGAACCACC-1,0.000321,0.111633,0.133121,0.287753,0.056345,0.410827
GATGTCCGGATCACAT-1,0.933057,0.000101,0.000152,0.066538,0.000051,0.000101
GATGTCGGTCAACTGC-1,0.062758,0.142661,0.423584,0.066237,0.001198,0.303563
GATGTGTTGTCACAAG-1,0.014198,0.084301,0.253017,0.378334,0.050422,0.219729
GATGTTCAATCCACGA-1,0.013452,0.156945,0.713776,0.107266,0.006957,0.001603
GATGTTTGTGCGAGAT-1,0.166162,0.220122,0.469568,0.015835,0.113796,0.014517
GATTAACCGAAAGCCC-1,0.000058,0.180788,0.234708,0.361918,0.000734,0.221795
GATTAATCCTGGCTCA-1,0.871828,0.013571,0.000176,0.105238,0.000059,0.009129
GATTACTGAATTTGGG-1,0.009163,0.075472,0.534693,0.284208,0.05175,0.044715
GATTAGAAACAAGCGT-1,0.000011,0.542129,0.07679,0.19935,0.00718,0.17454
GATTATCTTGCATTAT-1,0.009629,0.181909,0.024778,0.238773,0.000043,0.544868
GATTCCCTTGTCGCAG-1,0.020828,0.025638,0.621506,0.185404,0.144997,0.001627
GATTCCGCGTTTCCGT-1,0.02332,0.002637,0.42886,0.45971,0.085326,0.000148
GATTCCTATACGGCGC-1,0.025267,0.072394,0.646407,0.18331,0.06611,0.006511
GATTCGACGGTTCACG-1,0.02297,0.002196,0.050625,0.920924,0.000039,0.003246
GATTCTGTTAATGAGT-1,0.000037,0.331143,0.063435,0.131211,0.007692,0.466484
GATTGACACTCTGCTC-1,0.662292,0.018689,0.232486,0.031548,0.05488,0.000105
GATTGCTCCAGTTGCA-1,0.001781,0.406661,0.162669,0.090609,0.00546,0.332821
GATTGGGAAAGGTTGT-1,0.011657,0.113267,0.059491,0.499457,0.011514,0.304614
GATTTAGTGCGTACTG-1,0.000014,0.056133,0.478892,0.259643,0.117872,0.087446
GATTTGCGCTAACACC-1,0.000013,0.347658,0.081901,0.292333,0.005485,0.27261
GCAAACCCTACATTAT-1,0.000029,0.019353,0.043243,0.774145,0.005632,0.157598
GCAAACCTTGGCCATA-1,0.004561,0.034523,0.067346,0.205965,0.131756,0.555849
GCAAACGTAAGCGACC-1,0.000014,0.127185,0.073993,0.446724,0.006669,0.345415
GCAAACGTCGCCAGGT-1,0.010181,0.022555,0.023854,0.715495,0.002864,0.225052
GCAAAGGGCGTTAGCC-1,0.002335,0.501089,0.199894,0.058881,0.013875,0.223926
GCAAATATTACGCTTT-1,0.000024,0.021232,0.472916,0.347043,0.083472,0.075314
GCAAATGAGGACACTT-1,0.000013,0.025086,0.104507,0.470412,0.036407,0.363575
GCAACACACTAGAACT-1,0.000508,0.226553,0.367805,0.190941,0.054173,0.16002
GCAACAGCAGTATGCG-1,0.000036,0.00315,0.006258,0.867174,0.014707,0.108675
GCAACCACCAGACCGG-1,0.038833,0.024612,0.638504,0.244568,0.030319,0.023164
GCAACCACGGCCGCGT-1,0.001251,0.16698,0.329062,0.088238,0.103199,0.311271
GCAACCCAAGTTGTTT-1,0.014485,0.03627,0.384004,0.546803,0.008869,0.00957
GCAACGGCTAGTTATG-1,0.000017,0.162001,0.318191,0.501325,0.000017,0.018448
GCAAGAATTCCTTGGC-1,0.017268,0.098906,0.293645,0.552418,0.007778,0.029985
GCAAGATGTGTTCGCG-1,0.02568,0.198318,0.639704,0.000023,0.136231,0.000045
GCAAGCTGGAAACCGC-1,0.004404,0.00631,0.000066,0.463499,0.000022,0.5257
GCAAGTGCACAGAGAA-1,0.044487,0.034625,0.377023,0.370014,0.157284,0.016566
GCAAGTGTAAAGCATG-1,0.000019,0.42761,0.099124,0.146927,0.01718,0.309141
GCAATTAGTCGCACCG-1,0.000012,0.182365,0.457098,0.271916,0.018237,0.070372
GCACAAACCCTAGATG-1,0.00005,0.266056,0.160999,0.160958,0.011937,0.399999
GCACAAACGAGGCGTG-1,0.000017,0.002738,0.009844,0.982637,0.000017,0.004747
GCACAACCTCGGGCGT-1,0.008733,0.000058,0.000087,0.424374,0.000029,0.566718
GCACAAGTGGATCATA-1,0.376305,0.301018,0.272267,0.000035,0.050305,0.00007
GCACAAGTGTCGGAAG-1,0.198948,0.173843,0.247027,0.007019,0.322598,0.050566
GCACACACTGGTAGCC-1,0.000038,0.102193,0.283788,0.527829,0.000038,0.086113
GCACACAGCTATTACC-1,0.000008,0.939524,0.042198,0.000008,0.000534,0.017729
GCACACGCCCATGGTC-1,0.000012,0.080606,0.404479,0.20279,0.157117,0.154996
GCACAGCACGGGCCGA-1,0.000008,0.688272,0.27842,0.007081,0.004043,0.022177
GCACCTAGGCGAGTCC-1,0.000012,0.530267,0.209909,0.111921,0.010589,0.137302
GCACCTTCCCGAAGGT-1,0.021608,0.107633,0.106969,0.399737,0.002997,0.361056
GCACGCCGATTCCCGC-1,0.01394,0.651117,0.234332,0.0383,0.005016,0.057296
GCACGCCTACTTAGAT-1,0.000034,0.278614,0.187345,0.274852,0.000734,0.258421
GCACGTGGTTTACTTA-1,0.000024,0.23598,0.220215,0.186312,0.066689,0.29078
GCACTAGTCGCGCTAT-1,0.652929,0.000106,0.013828,0.006941,0.136883,0.189312
GCACTCCCACAGTCCC-1,0.734551,0.002223,0.003334,0.256557,0.001111,0.002223
GCACTGCCTACCTTTA-1,0.000026,0.310062,0.033857,0.576251,0.000026,0.079778
GCACTGTGCAAATGTA-1,0.689581,0.000089,0.000134,0.000045,0.028827,0.281324
GCAGAAACGTAATCCA-1,0.003793,0.059077,0.411516,0.140834,0.194833,0.189948
GCAGAAGGTAATCTCC-1,0.000012,0.163719,0.479474,0.306297,0.015451,0.035046
GCAGACCCAGCACGTA-1,0.000046,0.010283,0.041351,0.731935,0.036452,0.179932
GCAGATCCATAAGACT-1,0.007861,0.038986,0.053539,0.776246,0.003476,0.119892
GCAGATCCTCGCAAAT-1,0.002915,0.084532,0.254702,0.103211,0.40477,0.14987
GCAGATTAGGGATATC-1,0.027692,0.059348,0.408251,0.455296,0.017655,0.03176
GCAGCACACAGCCCAG-1,0.008026,0.092364,0.462745,0.303596,0.045803,0.087465
GCAGCCTATATCACAT-1,0.061136,0.036209,0.003144,0.744366,0.000043,0.155103
GCAGCGGTGGGCATTA-1,0.865775,0.000075,0.054416,0.063875,0.015784,0.000075
GCAGCTATGGACAGGT-1,0.020128,0.043943,0.335693,0.238655,0.200335,0.161245
GCAGCTGTCAACGCAT-1,0.001336,0.38167,0.197331,0.23472,0.006976,0.177967
GCAGGAACTTAGATCT-1,0.000009,0.426486,0.21716,0.023184,0.045057,0.288105
GCAGGACTATAGAATA-1,0.012197,0.03295,0.300291,0.46445,0.087137,0.102976
GCAGGTAGAGTATGGT-1,0.001683,0.009192,0.607353,0.141402,0.190436,0.049934
GCAGTGCGGGCGGATG-1,0.000013,0.112876,0.574457,0.176709,0.024145,0.1118
GCAGTGTGGCTATAGG-1,0.032897,0.291552,0.414692,0.221543,0.006217,0.033099
GCAGTTCGATCCGAGC-1,0.027749,0.28262,0.637842,0.034127,0.007171,0.010491
GCATAAATTGAACGCC-1,0.010613,0.185838,0.47804,0.002419,0.267035,0.056055
GCATACGAGGTCTTTA-1,0.009128,0.003304,0.03404,0.696991,0.014192,0.242344
GCATAGAGCACTCAGG-1,0.000036,0.008169,0.378781,0.601017,0.008991,0.003007
GCATCCCTAACTTTGA-1,0.140091,0.448106,0.322315,0.000015,0.089444,0.000029
GCATCCTCTCCTATTA-1,0.839252,0.00008,0.000119,0.00004,0.003863,0.156647
GCATCGGCCGTGTAGG-1,0.000214,0.006305,0.708068,0.222133,0.000214,0.063065
GCATGACACAAAGGAA-1,0.002422,0.289157,0.216057,0.090806,0.012765,0.388794
GCATGAGGGACGCGGC-1,0.000024,0.037078,0.394685,0.360113,0.082735,0.125366
GCATGCTAATAACGAT-1,0.003126,0.32888,0.265485,0.136026,0.018591,0.247892
GCATGGGTACTGACGC-1,0.00002,0.034907,0.074877,0.673243,0.035404,0.181548
GCATTCAAGGCAACGC-1,0.000012,0.194308,0.714218,0.02044,0.04588,0.025142
GCATTCGAAATGAACA-1,0.028506,0.002314,0.421057,0.439211,0.096109,0.012804
GCATTGACTTGCGGAA-1,0.000022,0.184154,0.05098,0.357849,0.018962,0.388033
GCATTGTAATTCATAT-1,0.000024,0.005978,0.092123,0.818128,0.017306,0.066441
GCATTTCCAAGGCTCC-1,0.000017,0.13754,0.658295,0.031564,0.034998,0.137587
GCCAACCATTTCCGGA-1,0.014671,0.010441,0.205918,0.729089,0.01771,0.022172
GCCAAGAATACTTCTG-1,0.000514,0.05678,0.100565,0.566977,0.013866,0.261298
GCCAATAGGGCATCTC-1,0.000029,0.130098,0.30916,0.498194,0.004734,0.057786
GCCACAATTTAAGGAC-1,0.006331,0.011394,0.053181,0.42007,0.054777,0.454247
GCCACCCATTCCACTT-1,0.999765,0.000052,0.000078,0.000026,0.000026,0.000052
GCCACCTTATTCGCGA-1,0.00002,0.02416,0.032651,0.084612,0.037826,0.820731
GCCACTCAGAGCGCGA-1,0.000036,0.160503,0.079549,0.716171,0.009209,0.034532
GCCACTCCTTACGGTA-1,0.000022,0.102273,0.215996,0.612571,0.003571,0.065566
GCCAGGAAAGAACACT-1,0.000338,0.347968,0.147817,0.303267,0.005454,0.195157
GCCAGGAGTAACCGAT-1,0.000029,0.038174,0.235656,0.146736,0.360674,0.218732
GCCAGGCGTTCGCATG-1,0.000033,0.033371,0.42918,0.299393,0.213439,0.024583
GCCAGGCTTAGTGGTA-1,0.999694,0.000068,0.000102,0.000034,0.000034,0.000068
GCCATATTGCACACAG-1,0.006807,0.040642,0.100702,0.393396,0.129848,0.328604
GCCATCGAGCTGCGTG-1,0.008406,0.207463,0.22168,0.101423,0.015384,0.445644
GCCATCGATGCTGCAT-1,0.00004,0.050301,0.215683,0.558774,0.00082,0.174382
GCCATTAGCCTCAAAC-1,0.000026,0.176271,0.024189,0.524522,0.00073,0.274262
GCCCACCAAGGCTGTC-1,0.247799,0.391617,0.257173,0.000023,0.103343,0.000045
GCCCACTGGTCCACAA-1,0.000011,0.066809,0.5191,0.028045,0.296213,0.089823
GCCCAGATGCTGGAGA-1,0.000016,0.046819,0.388481,0.202509,0.177851,0.184324
GCCCAGCGACACAAAG-1,0.000015,0.14662,0.052645,0.359405,0.002168,0.439148
GCCCAGTTGGTATGCC-1,0.142932,0.017666,0.227549,0.432123,0.073912,0.105818
GCCCATGGGTGCAATG-1,0.04452,0.164888,0.180506,0.354584,0.225382,0.03012
GCCCGACTTCTTCCCG-1,0.00003,0.061717,0.043868,0.528146,0.076494,0.289745
GCCCGAGAGTCTAAAT-1,0.00001,0.56426,0.130061,0.073871,0.009252,0.222546
GCCCGATCTGTGGTCG-1,0.000028,0.03846,0.062471,0.789483,0.005002,0.104556
GCCCGATGCCCAGTTC-1,0.000014,0.584109,0.185684,0.106071,0.000864,0.123259
GCCCGCGCGTAAACGG-1,0.000014,0.182017,0.364654,0.364675,0.006717,0.081923
GCCCGCGCGTTTGACA-1,0.129873,0.073854,0.066752,0.277319,0.221464,0.230738
GCCCGTAATACCTTCT-1,0.021735,0.031612,0.230827,0.664031,0.031704,0.020092
GCCCGTCAAGCCCAAT-1,0.015291,0.225674,0.027472,0.18992,0.000034,0.541608
GCCCGTTCACACAATT-1,0.00001,0.358557,0.079095,0.043951,0.035932,0.482455
GCCCTAAGTGCAGGAT-1,0.000048,0.115356,0.012456,0.406794,0.000048,0.465299
GCCCTAGCCGTCGCGA-1,0.000013,0.595892,0.203666,0.030776,0.006316,0.163338
GCCCTGAGGATGGGCT-1,0.000253,0.260428,0.223906,0.086614,0.030434,0.398365
GCCGAAATTCCTACGT-1,0.028399,0.01114,0.129934,0.52321,0.097837,0.209479
GCCGACCCACGACTGC-1,0.000015,0.428127,0.13742,0.016246,0.012441,0.405751
GCCGATTGGCCAAGCT-1,0.012921,0.1344,0.79724,0.03659,0.01776,0.001089
GCCGCACTCCGTTTCA-1,0.000009,0.357899,0.522517,0.000877,0.048505,0.070193
GCCGCATTAGTCCGGC-1,0.000026,0.000052,0.078002,0.856145,0.043904,0.021871
GCCGCTAGATACGCAG-1,0.004206,0.089003,0.760122,0.022383,0.109547,0.014739
GCCGCTTGTGAGAAAC-1,0.015386,0.015926,0.146108,0.523445,0.069687,0.229449
GCCGGAAACACATCTT-1,0.798738,0.001802,0.002704,0.000901,0.194053,0.001802
GCCGGGTTAGGGTCGC-1,0.014331,0.013437,0.302817,0.51457,0.124491,0.030353
GCCGGTCGTATCTCTC-1,0.000025,0.675082,0.20491,0.010333,0.045015,0.064636
GCCGGTTTGGGCGGAT-1,0.64019,0.006736,0.023472,0.05566,0.168056,0.105886
GCCGTCGGTTTCGGGC-1,0.00001,0.572804,0.120298,0.003267,0.058232,0.245389
GCCGTGGAAGAAATGT-1,0.000623,0.021159,0.129546,0.72221,0.016215,0.110247
GCCTACGTTCTGTGCA-1,0.008236,0.456092,0.275358,0.170715,0.004429,0.085171
GCCTAGCGATCTGACC-1,0.157263,0.057368,0.207787,0.406052,0.062873,0.108658
GCCTATAGTGTCAGGG-1,0.018445,0.000077,0.088641,0.875254,0.002693,0.014891
GCCTATCAGGTAAGAT-1,0.000018,0.150523,0.3859,0.347224,0.011323,0.105012
GCCTATGCTGGGCCTT-1,0.000025,0.032938,0.296743,0.1166,0.239191,0.314503
GCCTATTCCGATATAG-1,0.022431,0.098201,0.800442,0.036827,0.036192,0.005906
GCCTATTTGCTACACA-1,0.415164,0.001021,0.001531,0.046183,0.00051,0.535591
GCCTCAGGTACCGGTC-1,0.00001,0.529539,0.138084,0.141971,0.005132,0.185264
GCCTCATCTGGAAATA-1,0.00003,0.061446,0.087429,0.810861,0.000488,0.039746
GCCTCCGACAATTCAC-1,0.026371,0.062683,0.009612,0.777242,0.00004,0.124053
GCCTCTATACATAGCA-1,0.000025,0.06257,0.16829,0.287384,0.093816,0.387915
GCCTGCTACACTGAGA-1,0.072242,0.192761,0.560168,0.000748,0.166588,0.007493
GCCTGTCCCGGTGCAT-1,0.000013,0.459745,0.200831,0.125307,0.007241,0.206863
GCCTTCAGCCCTACCG-1,0.158151,0.000108,0.000162,0.246025,0.126131,0.469424
GCCTTGTATATGCAGT-1,0.278771,0.000074,0.000111,0.000037,0.042032,0.678975
GCCTTTGTCAGTGGAC-1,0.000642,0.373627,0.229568,0.106575,0.026969,0.262618
GCGAAACGATCGGGAG-1,0.028633,0.131559,0.077821,0.706462,0.000029,0.055496
GCGAAACTTAACTGGA-1,0.000018,0.033393,0.249547,0.688732,0.007215,0.021095
GCGAAGAATCTGACGG-1,0.000011,0.380007,0.205641,0.207538,0.008717,0.198085
GCGAAGCCATACCCGT-1,0.047846,0.000074,0.250288,0.653596,0.030516,0.017679
GCGAATGGACTAGCGA-1,0.035312,0.087553,0.00317,0.27874,0.025127,0.570098
GCGACATGTAAACATC-1,0.000019,0.064659,0.125377,0.277075,0.160746,0.372124
GCGACCCAACCATCTG-1,0.000013,0.553822,0.308905,0.01298,0.009034,0.115246
GCGACGATAGTTGTAC-1,0.000042,0.016257,0.003804,0.785627,0.006531,0.187739
GCGACGGTAGTCTCCT-1,0.000013,0.580576,0.124219,0.026869,0.003045,0.265277
GCGAGAAACGGGAGTT-1,0.728029,0.000088,0.000132,0.134318,0.000044,0.13739
GCGAGAGGCCATGTAA-1,0.000023,0.086942,0.316725,0.026852,0.187245,0.382213
GCGAGAGTTGCGTCCA-1,0.00512,0.387574,0.530718,0.02776,0.030074,0.018753
GCGAGCGCATGCTCCC-1,0.000018,0.150062,0.52869,0.300017,0.008694,0.012519
GCGAGGCCCGAGCAGA-1,0.009603,0.066116,0.526373,0.384101,0.007419,0.006387
GCGAGGGACTGCTAGA-1,0.946597,0.000071,0.000107,0.009255,0.000036,0.043935
GCGAGTTCTGCAAAGA-1,0.019388,0.000067,0.032368,0.791716,0.028721,0.12774
GCGATGTCTGTGCTTG-1,0.18433,0.253733,0.145411,0.000024,0.242224,0.174276
GCGATTCTGGAAGCAG-1,0.118966,0.03733,0.290555,0.277071,0.211548,0.064531
GCGATTGTTAACGTTA-1,0.000029,0.034452,0.240328,0.713093,0.003088,0.00901
GCGCAAATATATTCAA-1,0.000014,0.531521,0.240546,0.095453,0.010666,0.1218
GCGCAAGAGCGCGCTG-1,0.009369,0.086424,0.142177,0.633696,0.000039,0.128296
GCGCATCCAGTCAGCA-1,0.000045,0.00009,0.02853,0.967535,0.000045,0.003754
GCGCCGTTCCACGATA-1,0.016276,0.159757,0.711657,0.03576,0.043942,0.032608
GCGCCTCCCACTCCGA-1,0.028076,0.035706,0.05513,0.744398,0.00238,0.13431
GCGCGATGGGTCAAGT-1,0.799715,0.000213,0.00032,0.000107,0.000107,0.199539
GCGCGGTCTAGTAACT-1,0.000009,0.669669,0.194536,0.036756,0.010773,0.088257
GCGCGTCATTGGTACA-1,0.01156,0.17422,0.198787,0.479623,0.008248,0.127563
GCGCGTTTAAATCGTA-1,0.847647,0.000112,0.000168,0.151905,0.000056,0.000112
GCGCTAAGTATGCATG-1,0.026001,0.114654,0.26094,0.21949,0.322696,0.056218
GCGCTAATTGAATAGA-1,0.021173,0.025374,0.08557,0.641262,0.023996,0.202624
GCGCTATGCCGAGGCA-1,0.000033,0.101957,0.187779,0.647743,0.004435,0.058053
GCGCTCGATCACCTGT-1,0.000018,0.129382,0.404778,0.415896,0.004028,0.045898
GCGCTGATCCAGACTC-1,0.015281,0.032105,0.650567,0.121068,0.170156,0.010821
GCGCTGCTTTGCATTT-1,0.000062,0.000611,0.004977,0.555247,0.192139,0.246964
GCGCTGGCGGAAAGTC-1,0.672726,0.000121,0.071594,0.255379,0.00006,0.000121
GCGCTTAAATAATTGG-1,0.000021,0.175079,0.322784,0.284176,0.021002,0.196936
GCGGACCGCGTTGTGG-1,0.008918,0.46938,0.436924,0.076798,0.003244,0.004736
GCGGAGAAACTTCGCA-1,0.000136,0.16606,0.207631,0.506751,0.019928,0.099494
GCGGAGAGGGAGAACG-1,0.000022,0.132358,0.397329,0.309719,0.019721,0.140851
GCGGATTACTTGTTCT-1,0.011084,0.397568,0.074677,0.158989,0.004834,0.352849
GCGGCAAAGTATTGCC-1,0.029422,0.814241,0.074917,0.000009,0.014164,0.067247
GCGGCTCTGACGTACC-1,0.000041,0.000083,0.010299,0.595798,0.121689,0.27209
GCGGCTTTAGCAAGTT-1,0.002686,0.782803,0.144346,0.007263,0.00581,0.057093
GCGGGAACCAGGCCCT-1,0.193824,0.030447,0.372868,0.264078,0.080119,0.058664
GCGGGCAGACGGGTGA-1,0.005139,0.036868,0.005598,0.233755,0.002856,0.715783
GCGGGCATTACGATGC-1,0.006423,0.096537,0.500729,0.276049,0.001073,0.119189
GCGGGCGAGCCTTACC-1,0.000022,0.107122,0.072392,0.391399,0.045056,0.384009
GCGGTAACCCAAATGA-1,0.946209,0.000054,0.000082,0.053573,0.000027,0.000054
GCGGTCCCGGTGAAGG-1,0.045228,0.119121,0.565744,0.109093,0.06449,0.096323
GCGGTCCCTAGACGCA-1,0.606688,0.000122,0.000183,0.107711,0.004648,0.280648
GCGGTCTTGCTTTCAC-1,0.000019,0.394284,0.28637,0.176208,0.006516,0.136603
GCGGTGAACTGCGCTC-1,0.0141,0.0601,0.361578,0.428453,0.10921,0.02656
GCGGTGCGGAGCATCG-1,0.401811,0.000065,0.000097,0.31866,0.051541,0.227826
GCGGTTCCCTATCATG-1,0.000032,0.138812,0.220005,0.526283,0.004444,0.110425
GCGTAAATGGCCATAA-1,0.022125,0.178544,0.506073,0.258422,0.015212,0.019625
GCGTCCAGCTCGTGGC-1,0.740513,0.000089,0.000134,0.000045,0.05857,0.200649
GCGTCCCTAAGACATA-1,0.000015,0.740657,0.078036,0.006199,0.00683,0.168262
GCGTCGAAATGTCGGT-1,0.017549,0.009651,0.183199,0.509408,0.140767,0.139426
GCGTCGCCAGGGTGAT-1,0.011682,0.009212,0.028938,0.465839,0.027972,0.456357
GCGTCGTAACATGGTC-1,0.000013,0.843348,0.022089,0.000013,0.017399,0.117136
GCGTCTAACCTCCTAA-1,0.005312,0.049804,0.220556,0.625056,0.010105,0.089167
GCGTCTCTGCATTGGG-1,0.000047,0.000094,0.015898,0.28385,0.299779,0.400332
GCGTGGTACTGGGTTA-1,0.000028,0.089188,0.250879,0.50807,0.031654,0.120182
GCGTGTATGTCGTATT-1,0.904191,0.067992,0.000338,0.027142,0.000113,0.000225
GCGTTATATTTGGAAC-1,0.02249,0.007612,0.289376,0.352145,0.149916,0.178462
GCGTTCGGAGACCGGG-1,0.000034,0.031995,0.454005,0.271774,0.146429,0.095764
GCGTTCTGACTAAGCG-1,0.000021,0.206731,0.397361,0.209693,0.033416,0.152777
GCTAAACCTGAGGTGA-1,0.045267,0.149639,0.4287,0.027223,0.21005,0.139121
GCTAACTGAAGTCTGA-1,0.000035,0.116027,0.069051,0.617665,0.008509,0.188713
GCTAAGCCCAGTATGC-1,0.000024,0.348712,0.101272,0.18894,0.007332,0.353721
GCTAAGTAAAGGCGAT-1,0.041915,0.04188,0.370147,0.312161,0.157155,0.076742
GCTAAGTAGTTTCTCT-1,0.006809,0.143716,0.703092,0.12112,0.011538,0.013725
GCTAATACCGAATGCC-1,0.042748,0.031854,0.375229,0.401776,0.101925,0.046468
GCTACAATCGAGGATA-1,0.000025,0.076151,0.019984,0.709061,0.00057,0.194208
GCTACACTGTCCGAAC-1,0.999821,0.00004,0.00006,0.00002,0.00002,0.00004
GCTACAGTACGGACCG-1,0.013981,0.029353,0.055889,0.843427,0.001034,0.056316
GCTACGACTTATTGGG-1,0.000027,0.164815,0.469523,0.282361,0.01801,0.065265
GCTACTATAGTAGAGT-1,0.000046,0.016295,0.370935,0.535873,0.000046,0.076804
GCTACTCGGACGCAGA-1,0.000011,0.529379,0.098178,0.050137,0.054808,0.267487
GCTAGACCGTCTACTG-1,0.000045,0.050383,0.115322,0.643452,0.000131,0.190666
GCTAGAGTAGAGATGT-1,0.000048,0.226841,0.069477,0.449108,0.000048,0.254477
GCTAGCAACGCACCTA-1,0.000022,0.234091,0.075095,0.214295,0.000185,0.476313
GCTAGCACCTGGGCCA-1,0.006822,0.039018,0.100679,0.693692,0.008848,0.150941
GCTAGCAGGGAGTGGG-1,0.000029,0.094417,0.648487,0.09609,0.106693,0.054283
GCTAGCGATAGGTCTT-1,0.000024,0.412047,0.15802,0.115592,0.031454,0.282864
GCTAGCTTGAATAGCT-1,0.006347,0.068345,0.191576,0.661924,0.00005,0.071757
GCTAGGCACCACGGAG-1,0.000222,0.042932,0.023727,0.894316,0.00004,0.038763
GCTAGTAGAGCTTGTA-1,0.000029,0.034205,0.339345,0.493547,0.064877,0.067996
GCTAGTTTCATTGAGG-1,0.336881,0.00013,0.000195,0.436681,0.011946,0.214167
GCTATAAGGGCCAGGA-1,0.006927,0.702749,0.092703,0.032763,0.003688,0.161169
GCTATACGTCTCGGAC-1,0.000031,0.186115,0.323677,0.264057,0.036495,0.189625
GCTATCATACTCATGG-1,0.000057,0.247742,0.033867,0.637091,0.000057,0.081186
GCTATCGCGGCGCAAC-1,0.215022,0.024063,0.0654,0.241717,0.179062,0.274735
GCTATGCCAGCTTATG-1,0.004815,0.041298,0.030074,0.640427,0.00743,0.275956
GCTCAACCTCTTAGAG-1,0.595906,0.00014,0.000211,0.396362,0.00007,0.007311
GCTCAATCCGTTTATT-1,0.000046,0.10316,0.033493,0.512634,0.000046,0.350621
GCTCAATGTAATACCG-1,0.000015,0.523089,0.239286,0.084164,0.006455,0.146991
GCTCATTACTGCATGT-1,0.000034,0.011042,0.460563,0.016192,0.336742,0.175426
GCTCATTGATCATATC-1,0.000016,0.505109,0.165049,0.052695,0.010146,0.266986
GCTCCATGAGTGCAGA-1,0.000015,0.299492,0.556236,0.038785,0.03481,0.070663
GCTCCATGCAAAGCAA-1,0.000892,0.518587,0.137595,0.20279,0.004715,0.135421
GCTCCCAGTCGGTCCA-1,0.012153,0.017807,0.618724,0.224122,0.000075,0.12712
GCTCCGCTCGCTTCAG-1,0.000022,0.035706,0.390928,0.565342,0.001776,0.006226
GCTCCGGACGTTGATA-1,0.041551,0.014254,0.507375,0.129519,0.134417,0.172883
GCTCCTGACATACTGG-1,0.000052,0.192071,0.109705,0.382654,0.000231,0.315287
GCTCGACCGAACTGAA-1,0.041223,0.039699,0.358046,0.267702,0.149152,0.144178
GCTCGCGGTTCCGCTC-1,0.024492,0.000063,0.088035,0.479343,0.16728,0.240787
GCTCGCTCATGTCCAA-1,0.000034,0.040418,0.303763,0.607501,0.015416,0.032869
GCTCGGAATTTAAAGC-1,0.027496,0.09337,0.096884,0.476594,0.143896,0.16176
GCTCTAAACCCTGACG-1,0.026572,0.019006,0.413258,0.238435,0.132362,0.170365
GCTCTATGTTACGTGC-1,0.061981,0.083392,0.300236,0.310397,0.168952,0.075041
GCTCTCGGGTACCGAA-1,0.000029,0.008667,0.501368,0.17767,0.261077,0.051189
GCTCTTTCCGCTAGTG-1,0.000034,0.236516,0.238087,0.230618,0.000042,0.294704
GCTGAACTCTCCAGGG-1,0.00001,0.341939,0.564835,0.003224,0.051404,0.038588
GCTGAAGGGTTCTTGG-1,0.000017,0.468725,0.221606,0.069433,0.031318,0.208901
GCTGAATCTTCCAATC-1,0.000018,0.349457,0.130594,0.10429,0.033098,0.382543
GCTGAGCAACGGTTCT-1,0.145969,0.009975,0.063407,0.267519,0.164504,0.348627
GCTGAGGCGTGAGTAT-1,0.000031,0.060349,0.33915,0.479472,0.060673,0.060326
GCTGCACGGTTTCTTA-1,0.000041,0.000082,0.020872,0.31022,0.235133,0.433652
GCTGCGAAGAATTATT-1,0.000011,0.403221,0.084133,0.039877,0.018105,0.454653
GCTGCGCCTCCCACGT-1,0.088435,0.016312,0.100197,0.507543,0.146338,0.141175
GCTGCTAAGTAGTCGA-1,0.020175,0.066105,0.013373,0.443666,0.011101,0.44558
GCTGCTACTGCGTAGC-1,0.000022,0.144429,0.362837,0.114899,0.164608,0.213203
GCTGCTCTCCGGACAC-1,0.057093,0.017134,0.407872,0.180455,0.112239,0.225208
GCTGGACCCAAAGTGG-1,0.000016,0.121644,0.388191,0.000016,0.439603,0.050529
GCTGGCAGGTGCCGTG-1,0.000017,0.000128,0.207202,0.402978,0.341588,0.048087
GCTGGCATATTCACCT-1,0.021585,0.005122,0.345679,0.393211,0.191805,0.042598
GCTGGCGGCGCATGCT-1,0.000017,0.193163,0.345222,0.409427,0.007832,0.044338
GCTGGGAGCGCGTCAA-1,0.002263,0.668383,0.234598,0.011866,0.007937,0.074953
GCTGGGTCCGCTGTTA-1,0.999788,0.000047,0.000071,0.000024,0.000024,0.000047
GCTGGTGACTCGTAGT-1,0.000014,0.091552,0.680978,0.000014,0.225845,0.001596
GCTGGTTTAGGCCATA-1,0.001793,0.070513,0.000159,0.484609,0.000053,0.442872
GCTGTATTACTGGCCC-1,0.01314,0.037841,0.090654,0.680622,0.056681,0.121062
GCTGTCTGTGATCGAC-1,0.042854,0.103124,0.313556,0.248437,0.165473,0.126555
GCTGTTGCTACCGAAC-1,0.000026,0.044569,0.762648,0.173441,0.009668,0.009648
GCTTAATGTAACTAAC-1,0.012352,0.050696,0.196493,0.633939,0.0058,0.100721
GCTTACGTAGTTAGTA-1,0.000042,0.097038,0.250361,0.582576,0.020127,0.049856
GCTTAGGGAAGCGGTA-1,0.000382,0.148182,0.635911,0.003095,0.180461,0.03197
GCTTATGAAGCAGGAA-1,0.00002,0.121572,0.512682,0.310948,0.008334,0.046444
GCTTCAGTGGGATTAC-1,0.000029,0.056345,0.835393,0.009366,0.086492,0.012375
GCTTCCAGCTTAGATT-1,0.775737,0.000148,0.006494,0.197018,0.000074,0.020528
GCTTCCATGTAACCGC-1,0.002893,0.759176,0.105666,0.003391,0.016604,0.112271
GCTTCCCGTAAGCTCC-1,0.000676,0.393647,0.044252,0.018598,0.005465,0.53736
GCTTCCGTCCCTAGAC-1,0.045906,0.004423,0.218797,0.557905,0.04629,0.126679
GCTTCGACGTTCAATC-1,0.00002,0.119063,0.18458,0.493068,0.010342,0.192927
GCTTGAGTGACCTCTG-1,0.002329,0.602963,0.140828,0.008588,0.029886,0.215406
GCTTGATGATAATCAG-1,0.089096,0.192341,0.406248,0.168601,0.091801,0.051912
GCTTGCAGCACAATTG-1,0.048677,0.054677,0.24453,0.477212,0.034194,0.14071
GCTTGGATCGATTAGG-1,0.000031,0.014562,0.066627,0.736869,0.029752,0.15216
GCTTTACACAACTGGG-1,0.000018,0.367483,0.220063,0.2631,0.007492,0.141844
GCTTTATTAAGTTACC-1,0.029265,0.000107,0.000161,0.179715,0.005503,0.78525
GCTTTCAGAGGAGGTG-1,0.013812,0.115966,0.18135,0.438759,0.044548,0.205566
GCTTTCTATCTCAACT-1,0.010989,0.031893,0.498362,0.279465,0.114636,0.064656
GCTTTGCTGCCGGGTA-1,0.001483,0.093314,0.73028,0.02738,0.126239,0.021304
GGAAACAGAGCTTGGG-1,0.000011,0.501975,0.096093,0.143464,0.011678,0.24678
GGAAACCTTGTTGAAT-1,0.000019,0.01326,0.32533,0.47053,0.087956,0.102904
GGAAACTAAATGGGCC-1,0.000019,0.022506,0.003056,0.624961,0.040772,0.308686
GGAAAGGGAATTGAGC-1,0.000017,0.455775,0.086534,0.245095,0.000271,0.212309
GGAAAGTCTTGATTGT-1,0.000016,0.427119,0.094494,0.292742,0.007206,0.178423
GGAAAGTGCCCATGCC-1,0.000023,0.11356,0.659664,0.016704,0.176683,0.033366
GGAACCCGAACAAGAA-1,0.024039,0.083158,0.638396,0.154571,0.093989,0.005847
GGAACCGTGTAAATTG-1,0.000021,0.118165,0.141474,0.292842,0.082924,0.364573
GGAACCTTGACTCTGC-1,0.03737,0.414812,0.116458,0.098325,0.010608,0.322427
GGAACGGCCTGCAGCC-1,0.114134,0.003491,0.135954,0.662505,0.066569,0.017347
GGAACTCGTGAATACG-1,0.005178,0.384928,0.086853,0.189077,0.00207,0.331893
GGAACTTTGGCGATTA-1,0.000036,0.116825,0.009199,0.81781,0.000113,0.056016
GGAAGATAAGACTGTA-1,0.025282,0.093983,0.534684,0.010709,0.28463,0.050713
GGAAGCTCGCTTACAG-1,0.000031,0.071202,0.494799,0.061274,0.320663,0.052031
GGAAGGACACCGTATA-1,0.000009,0.547987,0.171948,0.15203,0.005576,0.12245
GGAATAACCTCAAGAA-1,0.825722,0.001631,0.086953,0.078622,0.006779,0.000293
GGAATGCGCTAGCGTG-1,0.000035,0.002786,0.086674,0.872965,0.000038,0.037502
GGACAACCATGAAGCC-1,0.004123,0.33812,0.318908,0.224158,0.00409,0.110601
GGACAAGCCATGATCG-1,0.000015,0.186353,0.139572,0.387406,0.007513,0.279141
GGACAAGTTGCAGTGA-1,0.000015,0.03289,0.416527,0.535824,0.005642,0.009102
GGACACAAGTTTACAC-1,0.000022,0.041559,0.103453,0.848838,0.000022,0.006107
GGACACCTCGGTGTTG-1,0.102091,0.06442,0.019276,0.213803,0.053313,0.547096
GGACCAACAGGATAAC-1,0.000451,0.246699,0.368643,0.225546,0.065637,0.093024
GGACCTACGGTAACGT-1,0.032104,0.055263,0.276311,0.309236,0.084171,0.242915
GGACCTCTAGGCCGCC-1,0.006884,0.699219,0.152086,0.016512,0.021792,0.103508
GGACGGCTTGCGCAAC-1,0.06302,0.046641,0.323401,0.262951,0.128063,0.175923
GGACGGGCGACCAACC-1,0.000013,0.3972,0.290508,0.196513,0.002168,0.113599
GGACGTCCATAGTTGG-1,0.072873,0.088879,0.451105,0.094514,0.228515,0.064113
GGACTAAGTCAGGAGT-1,0.014697,0.013038,0.560605,0.192865,0.209972,0.008823
GGACTCACAAATTAGG-1,0.000805,0.132723,0.461393,0.375082,0.007391,0.022607
GGACTCGAAGCTTTCA-1,0.000026,0.100115,0.084984,0.653909,0.01588,0.145086
GGACTCGACAGCGCAT-1,0.000017,0.573581,0.229787,0.092803,0.012354,0.091458
GGACTCGTGAGTGGTC-1,0.006995,0.316609,0.136831,0.121081,0.023272,0.395212
GGACTCTTCCGGTTGA-1,0.000016,0.293837,0.433026,0.188081,0.007866,0.077174
GGACTCTTTGACTAAG-1,0.000015,0.413195,0.210235,0.106869,0.046098,0.223589
GGAGAAGTCATTGGCA-1,0.072126,0.039325,0.342155,0.302507,0.126507,0.117381
GGAGACATTCACGGGC-1,0.899301,0.000088,0.002354,0.086743,0.000044,0.01147
GGAGACCAATGTGCTT-1,0.01517,0.03795,0.411893,0.481933,0.021413,0.031641
GGAGACCATCTACATA-1,0.005518,0.184229,0.0866,0.497289,0.010337,0.216027
GGAGACGACACCTTTG-1,0.008799,0.193642,0.469396,0.123174,0.067499,0.137491
GGAGCAACATTTCAAG-1,0.001774,0.000057,0.000085,0.111634,0.068632,0.817819
GGAGCACCAAGAACTA-1,0.019437,0.092532,0.494399,0.359668,0.010151,0.023812
GGAGCGAGGCCTACTT-1,0.000016,0.269889,0.076566,0.545866,0.001712,0.105952
GGAGGAGTGTGTTTAT-1,0.728195,0.000104,0.000156,0.002302,0.000052,0.26919
GGAGGATTGAAAGGAG-1,0.146694,0.064861,0.100956,0.121933,0.230702,0.334855
GGAGGCCGAAGTCGTC-1,0.000025,0.00163,0.005936,0.917827,0.00168,0.072902
GGAGGCGAAGAACCGC-1,0.027835,0.079663,0.662012,0.014857,0.198021,0.017612
GGAGGGCTTGGTTGGC-1,0.000066,0.000131,0.01461,0.984995,0.000066,0.000131
GGAGGGTCAAGTAAGA-1,0.000013,0.061091,0.082111,0.279739,0.066211,0.510834
GGAGTACACATGAGCT-1,0.554533,0.042619,0.335934,0.043288,0.023543,0.000083
GGAGTGCCGCCCTGGA-1,0.167324,0.001411,0.135449,0.499167,0.154807,0.041841
GGAGTTGATTCTGTGT-1,0.001119,0.587021,0.36939,0.007151,0.00975,0.025569
GGATACTCATGAATTG-1,0.89392,0.000149,0.021915,0.000075,0.024163,0.059778
GGATCAAAGGACGAGG-1,0.42411,0.000827,0.439013,0.13481,0.000413,0.000827
GGATCAGAGCCATCAG-1,0.00002,0.101592,0.270674,0.484905,0.00757,0.135239
GGATCATCCCGTACGC-1,0.022861,0.141829,0.416593,0.176642,0.162294,0.079782
GGATCCCTACCAGCTA-1,0.999635,0.000081,0.000122,0.000041,0.000041,0.000081
GGATCCGGAATATACT-1,0.022077,0.003508,0.088572,0.592872,0.056179,0.236791
GGATCTACCGTTCGTC-1,0.000018,0.335183,0.280225,0.014782,0.000363,0.369429
GGATCTTACTGCCCTT-1,0.02245,0.386755,0.188249,0.028814,0.049509,0.324224
GGATCTTGACTCAACC-1,0.00001,0.52998,0.372925,0.041416,0.008162,0.047508
GGATGAAGATCGCTGA-1,0.013431,0.045517,0.108733,0.686625,0.000425,0.145269
GGATGACGCGAGTTTA-1,0.007078,0.028059,0.283298,0.419904,0.069428,0.192233
GGATGCTGGCGTTCCT-1,0.000019,0.002226,0.172242,0.809279,0.008437,0.007797
GGATGGCTTGAAGTAT-1,0.007393,0.459589,0.268324,0.148601,0.011631,0.104462
GGATGTCCTTACCGCA-1,0.015174,0.001186,0.030009,0.9149,0.000765,0.037967
GGATTAAGCTAAGGTC-1,0.033512,0.128374,0.338974,0.100642,0.133983,0.264514
GGATTAATCATGGACC-1,0.000013,0.386925,0.158283,0.213511,0.022175,0.219093
GGATTCAGTACGGTGG-1,0.153844,0.123754,0.34173,0.12781,0.177582,0.075281
GGATTCCGCTATACCC-1,0.019957,0.000151,0.002685,0.39644,0.238979,0.341789
GGATTGAAGTAGCCTC-1,0.02019,0.272228,0.118749,0.115768,0.000039,0.473025
GGATTGCTGTGACTCC-1,0.000037,0.170512,0.13809,0.569468,0.000037,0.121855
GGATTTCACTTCTATA-1,0.00005,0.004006,0.227754,0.686449,0.048676,0.033066
GGCAAAGGCGCCAATA-1,0.032034,0.293953,0.286854,0.201183,0.00801,0.177965
GGCAAATTACTTTACT-1,0.000032,0.041272,0.18674,0.701602,0.012935,0.057419
GGCAAGCCAGGGATAG-1,0.006335,0.03008,0.402869,0.334113,0.042203,0.184401
GGCAAGCCCATAGTGG-1,0.008055,0.343511,0.147207,0.232639,0.005224,0.263364
GGCAAGGCGAAATAGC-1,0.000016,0.191384,0.373695,0.135175,0.103797,0.195933
GGCAATAGTCAATGAG-1,0.026917,0.000079,0.000118,0.850042,0.0129,0.109943
GGCACGCTGCTACAGT-1,0.000014,0.359719,0.115023,0.019058,0.07928,0.426906
GGCACTCAGCCGACCC-1,0.016237,0.288794,0.450412,0.094779,0.028063,0.121715
GGCACTCCACTGGGCA-1,0.024392,0.03227,0.59341,0.183801,0.098095,0.068033
GGCACTGCGGTGGTTT-1,0.000029,0.449556,0.208411,0.288255,0.008924,0.044825
GGCAGAGAGATCGGGA-1,0.016915,0.092409,0.272949,0.467924,0.013226,0.136577
GGCAGCAAACCTATGC-1,0.000028,0.143719,0.260625,0.475705,0.008419,0.111503
GGCAGCGGTAATCCTA-1,0.000022,0.154254,0.525264,0.000022,0.282452,0.037986
GGCATACAGGTAGCGG-1,0.003009,0.046579,0.704789,0.117244,0.103515,0.024864
GGCATATCGGTTCTGC-1,0.133936,0.00465,0.513792,0.232391,0.114726,0.000503
GGCATCAACGAGCACG-1,0.792457,0.000261,0.000392,0.206498,0.000131,0.000261
GGCATTCCCTCCCTCG-1,0.010808,0.039324,0.000189,0.1951,0.000063,0.754515
GGCATTGAACATCTCA-1,0.000017,0.391672,0.18216,0.137655,0.006993,0.281503
GGCCAATTGTATAGAC-1,0.000018,0.446663,0.090173,0.020586,0.053241,0.389319
GGCCACAAGCGATGGC-1,0.80435,0.000208,0.000312,0.194819,0.000104,0.000208
GGCCACACGAAAGCCT-1,0.027836,0.054151,0.567111,0.18989,0.144101,0.016911
GGCCCAATCTAGAGGG-1,0.026394,0.050604,0.60325,0.183551,0.113448,0.022753
GGCCCAGCTGGTTTGC-1,0.000018,0.435638,0.08109,0.275901,0.004139,0.203213
GGCCCAGTTATCAGCA-1,0.007522,0.160895,0.640346,0.083942,0.089756,0.017539
GGCCCGGAGCATGTCT-1,0.001665,0.057044,0.26727,0.296486,0.095413,0.282121
GGCCCGTATACCATGC-1,0.0186,0.029722,0.182768,0.638715,0.018099,0.112096
GGCCCTCACCCACTTA-1,0.004033,0.039927,0.297991,0.557894,0.02975,0.070405
GGCCGAGACTCTGGTG-1,0.002766,0.23615,0.094677,0.003125,0.096216,0.567066
GGCCGCAGGAACCGCA-1,0.000331,0.395276,0.235654,0.277404,0.005357,0.085978
GGCCGGCGTCTGCTAT-1,0.106685,0.137661,0.066407,0.511707,0.009038,0.168503
GGCCGTTTGGGTTTCA-1,0.000029,0.082433,0.166799,0.160127,0.02707,0.563543
GGCCTGCTCTGATGTT-1,0.000018,0.387,0.123396,0.072689,0.014294,0.402603
GGCCTGCTTCTCCCGA-1,0.000038,0.092089,0.216889,0.477373,0.025993,0.187618
GGCCTTTGCAACTGGC-1,0.009277,0.044771,0.14254,0.612844,0.021419,0.16915
GGCGAAATCTAACTTG-1,0.024565,0.084088,0.113039,0.695586,0.004441,0.078281
GGCGAACCGTTCTGAT-1,0.000017,0.023805,0.375579,0.472437,0.064067,0.064095
GGCGAGCATCGAGGAC-1,0.941612,0.000067,0.0001,0.000033,0.000033,0.058154
GGCGAGCGAAACGGCA-1,0.000014,0.175249,0.097709,0.252725,0.036251,0.438053
GGCGCACAGTTTACCT-1,0.026801,0.186341,0.068392,0.246351,0.000048,0.472066
GGCGCAGGACATCTTC-1,0.000021,0.037082,0.430042,0.528629,0.001471,0.002755
GGCGCATGAATTGATG-1,0.000025,0.075755,0.363437,0.426848,0.029747,0.104188
GGCGCGGAGATCTTTC-1,0.000049,0.032326,0.044433,0.465466,0.013091,0.444635
GGCGCGTTCGAGTTTA-1,0.000029,0.200186,0.479796,0.250851,0.027765,0.041374
GGCGCTCCTCATCAAT-1,0.694917,0.006133,0.086051,0.184978,0.016453,0.011469
GGCGCTTCATTCCCTG-1,0.000016,0.420688,0.187244,0.221333,0.002583,0.168136
GGCGGAGTAATATTAG-1,0.00098,0.023241,0.506197,0.182379,0.244103,0.0431
GGCGGGCTCTAAGAGT-1,0.000016,0.197465,0.217478,0.32625,0.041153,0.217637
GGCGGTAGGATCATTG-1,0.00295,0.00011,0.113058,0.021185,0.004208,0.858489
GGCGGTTTGCCGGTGC-1,0.143387,0.498409,0.184638,0.000025,0.170667,0.002875
GGCGTACCCTATATAA-1,0.742053,0.001482,0.002223,0.116506,0.000741,0.136996
GGCGTAGGGAAAGCTG-1,0.00009,0.201779,0.080488,0.306269,0.040418,0.370957
GGCGTCCTATCCGCTG-1,0.000021,0.006486,0.544673,0.358142,0.087516,0.003162
GGCTAAAGGGCGGGTC-1,0.016668,0.189169,0.646961,0.036305,0.104307,0.00659
GGCTAATGATTGAAAT-1,0.003856,0.114482,0.650335,0.044998,0.154786,0.031542
GGCTACTATACACTCC-1,0.000019,0.70996,0.132214,0.045012,0.003423,0.109371
GGCTATTAAGTTGTAT-1,0.049775,0.075176,0.328659,0.259158,0.251484,0.035749
GGCTCCTCCACCTGTT-1,0.010399,0.379376,0.170355,0.218146,0.018575,0.203149
GGCTCGCGTTGAGGTA-1,0.000034,0.00208,0.150339,0.840241,0.000078,0.007227
GGCTCGTGCCACCAGC-1,0.115519,0.139678,0.419801,0.1712,0.048541,0.105261
GGCTCTGCTCCAACGC-1,0.043151,0.037205,0.318724,0.422086,0.101952,0.076882
GGCTGAAATAGCAAAG-1,0.000022,0.008572,0.026005,0.874733,0.007064,0.083604
GGCTGAGCATCGTAAG-1,0.013509,0.086247,0.504687,0.006164,0.356658,0.032735
GGCTGGCAATCCCACG-1,0.016248,0.130171,0.142575,0.025556,0.019962,0.665488
GGCTGGCAGCTTTATG-1,0.540111,0.168692,0.199979,0.000019,0.091162,0.000038
GGCTGGCTAGCTTAAA-1,0.713073,0.000115,0.000172,0.227935,0.000057,0.058648
GGCTGTCCTACTGCGG-1,0.00002,0.322421,0.065434,0.30511,0.002907,0.304108
GGCTTCTCGTGGGTGG-1,0.006294,0.172986,0.075144,0.036387,0.013943,0.695247
GGCTTGGCTCTCACCT-1,0.045036,0.025966,0.36208,0.279807,0.162729,0.124382
GGCTTTCAATAAGGGT-1,0.000016,0.337775,0.512017,0.067242,0.008376,0.074574
GGGAAAGAATGCCAAC-1,0.001204,0.354598,0.297625,0.177941,0.01377,0.154862
GGGAACCACCTGTTTC-1,0.999767,0.000052,0.000078,0.000026,0.000026,0.000052
GGGAACGGGAGGTTAG-1,0.007515,0.032182,0.209119,0.468019,0.021863,0.261303
GGGAACGGTTTCAGAT-1,0.000018,0.421141,0.13788,0.200247,0.003095,0.237619
GGGAAGACGGTCTGTC-1,0.000024,0.329481,0.118133,0.346848,0.008107,0.197407
GGGAAGGGCTTTCTCA-1,0.000032,0.234521,0.151011,0.550435,0.002318,0.061683
GGGAATGAGCCCTCAC-1,0.020905,0.19703,0.346926,0.055784,0.226867,0.152489
GGGAATTCTGTCCAGT-1,0.034119,0.000053,0.031466,0.89882,0.03426,0.001283
GGGACAGAGTTACTCC-1,0.000027,0.235572,0.056026,0.262172,0.008665,0.437538
GGGACCCGTATATCTT-1,0.00002,0.290339,0.407821,0.118476,0.03113,0.152214
GGGACTGCATAGATAG-1,0.000039,0.000078,0.140414,0.771169,0.029376,0.058924
GGGAGAACTCACAGTA-1,0.000015,0.134452,0.482459,0.077439,0.24206,0.063574
GGGAGCGACCGTAGTG-1,0.000012,0.367577,0.20419,0.257368,0.005083,0.16577
GGGAGGATGCCCGAAA-1,0.011706,0.009517,0.464293,0.464704,0.027673,0.022107
GGGAGTAATGGCTGGC-1,0.783041,0.000243,0.000365,0.202673,0.000122,0.013557
GGGAGTTAATGAGGCG-1,0.009165,0.000098,0.052709,0.718709,0.136142,0.083178
GGGATACGGTAATAAT-1,0.031248,0.060187,0.439912,0.245458,0.17176,0.051436
GGGATATTGATCGCCA-1,0.002847,0.431162,0.114797,0.095877,0.018479,0.336838
GGGATCCCAATACAAA-1,0.00365,0.111969,0.604798,0.193699,0.029336,0.056547
GGGATGGACCCGCGTC-1,0.003105,0.483957,0.385565,0.057243,0.014228,0.055902
GGGATGGTCGTAACCG-1,0.000834,0.157812,0.2814,0.225135,0.034602,0.300218
GGGATTATCTCACAAC-1,0.606382,0.168932,0.202168,0.00003,0.021143,0.001345
GGGATTTACCGCACCT-1,0.012041,0.196391,0.538544,0.217632,0.010094,0.025299
GGGCAACCGCACGTGC-1,0.000015,0.153783,0.133661,0.316004,0.020073,0.376464
GGGCACGAATTGGCCG-1,0.004068,0.086934,0.543657,0.179703,0.098761,0.086878
GGGCACGTAGTACTGT-1,0.000015,0.562631,0.167117,0.066416,0.03436,0.169462
GGGCACTATTGACCAT-1,0.02538,0.535022,0.206738,0.09903,0.004924,0.128907
GGGCAGACGTCACTGC-1,0.000027,0.046646,0.043062,0.47529,0.036438,0.398537
GGGCAGAGCAATCGTT-1,0.021427,0.245001,0.284644,0.303242,0.015468,0.130218
GGGCAGGATTTCTGTG-1,0.000016,0.207103,0.42315,0.233985,0.028921,0.106824
GGGCAGTCAACGCCAA-1,0.000009,0.395091,0.16475,0.206647,0.029411,0.204092
GGGCATGCATGTCGAG-1,0.000012,0.233547,0.078499,0.10016,0.05938,0.528402
GGGCCATTCGTGCTGG-1,0.00116,0.611475,0.317278,0.003318,0.025841,0.040927
GGGCCCGTCTTAAACA-1,0.000014,0.062974,0.494284,0.416748,0.011368,0.014611
GGGCCCTACGAAAGGG-1,0.000012,0.054536,0.394858,0.45602,0.030655,0.06392
GGGCCCTTATCTATAC-1,0.01114,0.030518,0.3014,0.458477,0.105957,0.092508
GGGCCGGCCGAAGTAC-1,0.010607,0.031597,0.069881,0.859609,0.00346,0.024846
GGGCCTAAATGGGCTA-1,0.000016,0.008261,0.00643,0.594505,0.007772,0.383017
GGGCCTATACAACCGG-1,0.009408,0.027973,0.313699,0.306576,0.11912,0.223224
GGGCCTATTTAAGTAT-1,0.085104,0.096138,0.331965,0.039664,0.116056,0.331074
GGGCGAATTTCTCCAC-1,0.604718,0.100717,0.116899,0.000037,0.059514,0.118115
GGGCGATATGTGTGAA-1,0.041676,0.000134,0.143995,0.393844,0.154578,0.265772
GGGCGATCCATAGGCC-1,0.000015,0.46001,0.327901,0.067635,0.022668,0.121773
GGGCGCAGCGTTACTC-1,0.00001,0.222916,0.544287,0.066641,0.04844,0.117706
GGGCGGCAAATGAATT-1,0.006196,0.105785,0.304444,0.318702,0.050562,0.214311
GGGCGGGTTCCCTACG-1,0.000745,0.176393,0.519691,0.212798,0.029497,0.060876
GGGCGGTCCTATTGTC-1,0.671807,0.050951,0.058853,0.161264,0.001596,0.055529
GGGCGTACATTTATAT-1,0.070282,0.044489,0.102088,0.432725,0.249438,0.100979
GGGCGTCACCACGTAA-1,0.000035,0.094453,0.30397,0.371918,0.004382,0.225243
GGGCGTCCACTGGCTC-1,0.051658,0.000128,0.257524,0.641336,0.036525,0.012829
GGGCGTGGTTTCCCAG-1,0.009495,0.191058,0.25825,0.446602,0.025478,0.069117
GGGCGTTTACATTCAT-1,0.001204,0.250586,0.110238,0.018215,0.005006,0.614751
GGGCTACTATTTCGTG-1,0.000034,0.17163,0.126427,0.436225,0.02311,0.242575
GGGCTATGATCGATGG-1,0.000025,0.19317,0.166771,0.186783,0.020601,0.43265
GGGCTCATCGAACCCA-1,0.012492,0.100357,0.572085,0.156163,0.066287,0.092615
GGGCTGCCTAGGGCGA-1,0.000039,0.000079,0.101685,0.889451,0.005591,0.003154
GGGCTGGTTAGTCGCG-1,0.062872,0.118951,0.37851,0.293925,0.132709,0.013033
GGGTAATGCTGTGTTT-1,0.683203,0.067546,0.219318,0.000035,0.029829,0.00007
GGGTACACTCTGGAGG-1,0.99964,0.00008,0.00012,0.00004,0.00004,0.00008
GGGTACCCACGGTCCT-1,0.741821,0.000115,0.000172,0.074757,0.009688,0.173447
GGGTACTTCATGAACT-1,0.01073,0.070549,0.447661,0.396134,0.044933,0.029994
GGGTATGTATGCACTT-1,0.098695,0.003999,0.070652,0.711533,0.086058,0.029061
GGGTATTCTAGCAAAC-1,0.000028,0.170625,0.053323,0.307854,0.000028,0.468143
GGGTCACCGTGACGGT-1,0.000038,0.049397,0.233844,0.549801,0.03891,0.128009
GGGTCACGTGCTTATG-1,0.0448,0.029165,0.423462,0.266488,0.067597,0.168489
GGGTCACTGAGTAGTG-1,0.002697,0.11501,0.648029,0.073707,0.076123,0.084434
GGGTCAGGAGCTAGAT-1,0.000019,0.425612,0.113777,0.350111,0.005935,0.104547
GGGTCATGCGTACCAT-1,0.009272,0.029306,0.192303,0.143787,0.385396,0.239936
GGGTCCTTGGAAGAAG-1,0.00001,0.215664,0.17416,0.29378,0.008977,0.307409
GGGTCGTGGCAAGTGT-1,0.098888,0.033334,0.180229,0.563905,0.076552,0.047093
GGGTCTATCGCTTTCC-1,0.000022,0.080502,0.336408,0.311155,0.00051,0.271402
GGGTGACACCTTAACT-1,0.026932,0.000667,0.055099,0.239476,0.083892,0.593935
GGGTGCATATGAAAGC-1,0.000022,0.085958,0.643925,0.257685,0.004155,0.008254
GGGTGGTCCAGCCTGT-1,0.214721,0.091899,0.289198,0.154962,0.064402,0.184819
GGGTGTTTCAGCTATG-1,0.000032,0.181598,0.518423,0.037805,0.253224,0.008917
GGGTTAACATTTGAGT-1,0.00002,0.25125,0.394999,0.283069,0.005806,0.064856
GGGTTCAGACGAACAA-1,0.321277,0.155352,0.323229,0.032038,0.155845,0.012259
GGGTTTAGGATAGGAT-1,0.013538,0.071311,0.433804,0.266956,0.000062,0.21433
GGGTTTCCGGCTTCCA-1,0.999742,0.000057,0.000086,0.000029,0.000029,0.000057
GGTAAACTCTGCGCTG-1,0.00002,0.082306,0.045093,0.556527,0.010513,0.305541
GGTAAATGTGCGTTAC-1,0.049693,0.330987,0.432728,0.003966,0.159616,0.023011
GGTAACCGGCAAAGGT-1,0.988912,0.000045,0.000068,0.009606,0.000023,0.001346
GGTAACCGGGAGGATA-1,0.000019,0.266398,0.184409,0.330736,0.003327,0.215111
GGTAACTATGTATCTG-1,0.599036,0.000189,0.019661,0.142446,0.00229,0.236377
GGTACAAACATGCTAT-1,0.102949,0.099766,0.397259,0.224215,0.067821,0.107989
GGTACACCAGATTTAT-1,0.039193,0.07887,0.7369,0.127618,0.013595,0.003825
GGTACATCTGGGACGA-1,0.012719,0.00004,0.004152,0.832005,0.047616,0.103468
GGTACCATTAAGACGG-1,0.000027,0.057689,0.176998,0.759692,0.001197,0.004397
GGTACGTTGCGGCCGG-1,0.000017,0.073664,0.075351,0.389081,0.051747,0.41014
GGTACTAAGTGCTTTG-1,0.031773,0.186945,0.077292,0.656979,0.006678,0.040332
GGTAGAAGACCGCCTG-1,0.000016,0.069487,0.130092,0.621144,0.02777,0.151491
GGTAGACCGTTGGGCG-1,0.01303,0.293889,0.295783,0.335791,0.000028,0.06148
GGTAGGCCAATATCAC-1,0.000017,0.351974,0.062716,0.208955,0.015674,0.360664
GGTAGTGCTCGCACCA-1,0.000045,0.00009,0.019327,0.726563,0.177122,0.076853
GGTATAGTGACACATA-1,0.000034,0.017798,0.262982,0.68175,0.002061,0.035375
GGTATCAAGCATAGAA-1,0.961045,0.000059,0.000089,0.038717,0.00003,0.000059
GGTATGAAAGAACTGA-1,0.000542,0.089222,0.726821,0.174546,0.004271,0.004597
GGTATTGCCGAGTTTA-1,0.000042,0.000146,0.540625,0.41223,0.023357,0.023601
GGTCAAGACTACTTCG-1,0.000033,0.126993,0.178989,0.497661,0.033176,0.163148
GGTCACGTTAGATTCA-1,0.956249,0.000142,0.000212,0.043185,0.000071,0.000142
GGTCAGTGGGTCCCAC-1,0.000019,0.209003,0.506978,0.080152,0.07963,0.124217
GGTCATTGTAGTCATA-1,0.000016,0.08765,0.417567,0.23292,0.143869,0.117977
GGTCCACGTCTATTTG-1,0.000021,0.348166,0.206187,0.089095,0.034497,0.322033
GGTCCCATAACATAGA-1,0.017966,0.027138,0.477214,0.173605,0.051757,0.25232
GGTCCTTCATACGACT-1,0.470296,0.253294,0.214816,0.000037,0.01139,0.050167
GGTCGGATAAACGGCG-1,0.009465,0.027684,0.667101,0.238149,0.045251,0.012351
GGTCGGCCAGGAGCTT-1,0.000464,0.000838,0.017099,0.201256,0.273949,0.506393
GGTCGGTAATTAGACA-1,0.554826,0.18001,0.221929,0.000026,0.007981,0.035228
GGTCGGTCGTCCACAG-1,0.000032,0.069497,0.019744,0.647584,0.01091,0.252233
GGTCGTAAGCTCGCAC-1,0.000016,0.255313,0.264566,0.353056,0.020029,0.10702
GGTCTCCAAGTAGTGC-1,0.000022,0.035007,0.20315,0.676671,0.007875,0.077276
GGTCTCCGTCCAGGTT-1,0.014111,0.201089,0.446015,0.308232,0.003669,0.026883
GGTCTCTGAATGGACT-1,0.000044,0.024638,0.016074,0.70974,0.004268,0.245236
GGTCTGAGAATCTGGA-1,0.00002,0.088243,0.538107,0.277658,0.055258,0.040714
GGTCTTGAGCGCTCTT-1,0.000021,0.378088,0.12322,0.286269,0.01788,0.194523
GGTCTTGGTGTTAACT-1,0.971055,0.000066,0.0001,0.000033,0.000033,0.028713
GGTGAAACCGGGAATG-1,0.397285,0.170115,0.274628,0.000029,0.090413,0.067531
GGTGAACGGGCTAGCC-1,0.504367,0.234496,0.090822,0.00003,0.14436,0.025925
GGTGAAGTACAGGGAT-1,0.000022,0.259702,0.283804,0.440481,0.003759,0.012233
GGTGACTGATAGAGAG-1,0.000702,0.265743,0.366276,0.213956,0.010407,0.142916
GGTGAGATGCAGATAA-1,0.111943,0.282065,0.396731,0.001954,0.19902,0.008287
GGTGATAAGGAGCAGT-1,0.000027,0.022429,0.195282,0.765539,0.005021,0.011702
GGTGATGAAGGAAGTG-1,0.016021,0.022802,0.436217,0.450111,0.0387,0.036149
GGTGATTTCATCTTGT-1,0.581578,0.000317,0.000476,0.271955,0.045353,0.100322
GGTGCAGAGCCTATCG-1,0.000027,0.093677,0.18318,0.00241,0.571566,0.14914
GGTGCATAAATGATTA-1,0.000014,0.492738,0.125368,0.162641,0.003011,0.216229
GGTGCGGATAAGTGGC-1,0.31527,0.000148,0.000223,0.430454,0.041906,0.211999
GGTGCTGATCACAAAG-1,0.044714,0.05245,0.523091,0.204352,0.151424,0.02397
GGTGCTGGTACACATT-1,0.000045,0.053163,0.049276,0.790171,0.012597,0.094747
GGTGGACCACGTGTTA-1,0.005296,0.047421,0.791243,0.000022,0.155974,0.000043
GGTGGACTGCTCTGGC-1,0.00005,0.042491,0.098912,0.776483,0.00005,0.082012
GGTGGAGGTTGATACG-1,0.000012,0.195909,0.49739,0.059326,0.061283,0.18608
GGTGGGATTAGGTCCC-1,0.000011,0.836855,0.106082,0.009276,0.001844,0.045932
GGTGTAAATCGATTGT-1,0.000014,0.471477,0.260766,0.07731,0.012259,0.178175
GGTGTAGGTAAGTAAA-1,0.00001,0.415427,0.124364,0.013845,0.081102,0.365251
GGTGTTCTGTTTCTAC-1,0.000066,0.011821,0.000219,0.089802,0.567243,0.330848
GGTGTTGGGCGTCTTA-1,0.000022,0.008677,0.036885,0.464188,0.129695,0.360533
GGTTACCACCCTCGGG-1,0.000024,0.251545,0.305386,0.089009,0.145326,0.20871
GGTTACCCGACACTTT-1,0.000017,0.115619,0.205167,0.521181,0.026886,0.131132
GGTTACCGCTCCCTAC-1,0.000016,0.674545,0.16514,0.051928,0.000316,0.108055
GGTTAGCTATATGTCT-1,0.000037,0.035608,0.117309,0.722162,0.011535,0.113349
GGTTAGGCTTGGAGAA-1,0.028779,0.00071,0.117332,0.530598,0.211993,0.110588
GGTTAGGGATGCTAAT-1,0.000014,0.380143,0.09012,0.360061,0.000499,0.169163
GGTTAGTTACGGCGCC-1,0.000015,0.131662,0.592703,0.013657,0.25745,0.004513
GGTTCCACCCGCTTCT-1,0.047785,0.101604,0.482433,0.090814,0.20867,0.068693
GGTTCCCTAGTGTCTC-1,0.000012,0.089053,0.764758,0.009082,0.135009,0.002086
GGTTCCGTACGACTAA-1,0.000013,0.368105,0.148144,0.183066,0.001928,0.298744
GGTTCGATGCTGAGTT-1,0.076866,0.120081,0.528813,0.073906,0.143012,0.057323
GGTTCGCATTTGCCGT-1,0.031779,0.715512,0.031486,0.017283,0.001918,0.202022
GGTTCGGATTATACTA-1,0.000016,0.025817,0.114478,0.666329,0.051137,0.142222
GGTTCTACTCGTCTGA-1,0.000051,0.000102,0.027155,0.760777,0.053295,0.158621
GGTTGTATCGTGAAAT-1,0.99237,0.001695,0.002543,0.000848,0.000848,0.001696
GGTTGTGCTCTTGTCC-1,0.055935,0.011716,0.302779,0.477392,0.105502,0.046676
GGTTGTGTAGCCTGGC-1,0.001913,0.026597,0.662915,0.180622,0.084211,0.043742
GGTTTAATTACCATCG-1,0.000016,0.499251,0.185894,0.044721,0.014064,0.256054
GGTTTAATTGAGCAGG-1,0.000017,0.166178,0.454211,0.021696,0.151633,0.206266
GGTTTACAATCTCAAT-1,0.029549,0.011467,0.422742,0.16918,0.268823,0.098239
GGTTTAGCCTTTCTTG-1,0.000056,0.115168,0.471581,0.265921,0.016651,0.130623
GGTTTCAATCGGTCAG-1,0.000051,0.032606,0.126564,0.584812,0.000546,0.255422
GGTTTGACAAGAAGCT-1,0.05261,0.076979,0.35457,0.173705,0.177151,0.164985
GGTTTGAGTGCTGGAA-1,0.678646,0.000202,0.000304,0.320521,0.000101,0.000226
GGTTTGCGAACACGTA-1,0.011114,0.09299,0.417544,0.164399,0.090312,0.223641
GGTTTGTGACCTGAGG-1,0.002137,0.093346,0.188189,0.520982,0.081532,0.113813
GTAACAACTGACCTTG-1,0.01153,0.09155,0.45883,0.159526,0.199762,0.078802
GTAACAGGTTAACGGC-1,0.00001,0.182859,0.08981,0.028124,0.053554,0.645643
GTAACATCAGCTCATC-1,0.000024,0.156358,0.808869,0.000013,0.034709,0.000027
GTAACATCTAAGATAA-1,0.013701,0.082435,0.075028,0.790047,0.009044,0.029746
GTAACTACGTAGACCT-1,0.00002,0.334035,0.165849,0.078082,0.081197,0.340817
GTAACTGCCCAAGGAG-1,0.000013,0.423316,0.104149,0.122988,0.009502,0.340031
GTAACTTGCGGCAGTC-1,0.664188,0.00028,0.00042,0.177305,0.00014,0.157668
GTAAGCGGGCAGTCAG-1,0.089505,0.02894,0.120866,0.661425,0.022616,0.076648
GTAAGGATTTGTCGGA-1,0.050511,0.063685,0.594381,0.144686,0.025554,0.121182
GTAAGTAACAGTCTGG-1,0.005621,0.019971,0.088308,0.78553,0.017415,0.083155
GTAAGTAGGGTATACC-1,0.036986,0.037748,0.126401,0.604748,0.140001,0.054116
GTAAGTCCACACTCTA-1,0.000027,0.009068,0.058084,0.497569,0.03248,0.402772
GTAATAAAGGGCTCCC-1,0.026953,0.032425,0.126079,0.706809,0.027852,0.079883
GTAATCTGATTCTTCG-1,0.01087,0.255677,0.282379,0.387976,0.005709,0.05739
GTACACTTACCTGAAG-1,0.000024,0.273875,0.649439,0.06771,0.003719,0.005234
GTACAGAGGCAAGGGT-1,0.004093,0.034335,0.300462,0.651798,0.000027,0.009286
GTACGACGGCGCTGCG-1,0.887257,0.000095,0.000143,0.013549,0.000048,0.098908
GTACGAGATTGCGACA-1,0.049024,0.000089,0.066945,0.345672,0.281644,0.256626
GTACGCTTCATTGCAC-1,0.00003,0.061409,0.158021,0.277441,0.255594,0.247504
GTACGTCACGTATTAA-1,0.079637,0.033207,0.568705,0.140864,0.170186,0.007401
GTACGTTTGCCCGTCA-1,0.000028,0.16537,0.553913,0.229111,0.016198,0.035379
GTACTAAGATTTGGAG-1,0.044725,0.017317,0.242733,0.54691,0.030924,0.117392
GTACTACGGCCTCGTT-1,0.000029,0.672236,0.095275,0.023711,0.001211,0.207538
GTACTCCCTTATCGCT-1,0.001933,0.023801,0.304456,0.567073,0.055342,0.047395
GTACTCCTGGGTATGC-1,0.000025,0.112251,0.527697,0.086842,0.056063,0.217121
GTACTGAGGTCGTAAC-1,0.723531,0.000164,0.000246,0.247545,0.000082,0.028432
GTACTGCATGAAGCGT-1,0.956577,0.024735,0.018548,0.000035,0.000035,0.00007
GTACTGGAGTTAGACC-1,0.000056,0.000112,0.00639,0.990405,0.000056,0.002981
GTACTTGGGCACTTCT-1,0.421473,0.026422,0.139244,0.2185,0.04157,0.152791
GTAGAAACGGGTGGAG-1,0.015084,0.054228,0.396099,0.294247,0.157443,0.0829
GTAGACAACCGATGAA-1,0.75701,0.001419,0.002128,0.000709,0.000709,0.238024
GTAGACACGCCTGACT-1,0.000031,0.229105,0.292818,0.089888,0.006069,0.382089
GTAGACGTCGTTACAT-1,0.751395,0.000128,0.000192,0.008636,0.001171,0.238478
GTAGAGGGAGACAAGT-1,0.004075,0.326075,0.321215,0.020326,0.092091,0.236218
GTAGCCAAACATGGGA-1,0.00995,0.091674,0.155273,0.563573,0.013911,0.165619
GTAGCGCTGTTGTAGT-1,0.806767,0.000123,0.000184,0.000061,0.000061,0.192803
GTAGCGGCTATACACT-1,0.01328,0.016401,0.18863,0.730837,0.017315,0.033538
GTAGCTAGTAAGCGCG-1,0.095426,0.272222,0.529812,0.000107,0.102219,0.000214
GTAGCTCCGGGAGGCT-1,0.007328,0.530716,0.18438,0.021881,0.011728,0.243966
GTAGCTTCCTCTTGTT-1,0.000032,0.057662,0.413631,0.272374,0.087617,0.168684
GTAGGTGATCCGTGTA-1,0.013863,0.103112,0.713961,0.029331,0.06687,0.072864
GTAGTCGCGGGAATCA-1,0.008974,0.220064,0.35248,0.346726,0.018866,0.052888
GTAGTCTACGATATTG-1,0.00004,0.2431,0.318524,0.156841,0.023044,0.258451
GTAGTGAGCAACCTCA-1,0.00001,0.710629,0.216717,0.004277,0.023722,0.044645
GTAGTTAGACAATATA-1,0.001108,0.013801,0.138255,0.15712,0.227392,0.462325
GTAGTTCGAAGGCGAA-1,0.009795,0.297123,0.099028,0.183978,0.029949,0.380127
GTAGTTTAAGCACACG-1,0.000016,0.348511,0.218946,0.129285,0.021061,0.282181
GTATAATCTCCCGGAT-1,0.866914,0.064946,0.007403,0.040949,0.004048,0.01574
GTATAGGACTCAGTAG-1,0.002185,0.006705,0.229347,0.090968,0.598776,0.07202
GTATAGTGGCCCATGT-1,0.000038,0.192408,0.29131,0.041517,0.310223,0.164504
GTATATGTTACGGCGG-1,0.935641,0.000088,0.000132,0.000044,0.006672,0.057424
GTATCAAACGTTAGCT-1,0.000021,0.309059,0.636774,0.02529,0.00066,0.028196
GTATCAAGGTACTTCC-1,0.000012,0.66286,0.155129,0.034488,0.014563,0.132949
GTATCAGCTTGGGTTC-1,0.109937,0.090022,0.221578,0.294951,0.089565,0.193948
GTATCCTTTGGTAACC-1,0.000043,0.253856,0.003419,0.620888,0.000043,0.121752
GTATCGGGACGAGCTG-1,0.933923,0.000093,0.000139,0.000046,0.000046,0.065753
GTATCTCAGTCTTGAC-1,0.000034,0.176373,0.024901,0.295029,0.00094,0.502723
GTATCTCCCTAACTGT-1,0.714005,0.001389,0.002084,0.000695,0.000695,0.281132
GTATCTCGGGCGCTTT-1,0.000291,0.488353,0.272598,0.055648,0.005242,0.177868
GTATCTTGTTGCTCAC-1,0.794344,0.001212,0.001819,0.000606,0.000606,0.201412
GTATCTTTCATAACCA-1,0.011123,0.001567,0.036752,0.120593,0.252967,0.576997
GTATGAAATTTCACTC-1,0.000018,0.161874,0.272266,0.359738,0.016488,0.189616
GTATGACGTGGGAAAC-1,0.689171,0.00322,0.191729,0.043313,0.027234,0.045332
GTATGTGGGTCTAGTT-1,0.000042,0.000084,0.049,0.509102,0.008474,0.433298
GTATTAAGGCGTCTAA-1,0.150618,0.000238,0.001649,0.101137,0.384214,0.362144
GTATTAGGGTTCGCGT-1,0.000022,0.153098,0.326268,0.000022,0.476908,0.043683
GTATTCTGAGAAACGA-1,0.0367,0.082759,0.375824,0.409474,0.005778,0.089465
GTATTCTTACCGTGCT-1,0.938516,0.000073,0.000109,0.000036,0.001422,0.059844
GTATTTAATGGCATAA-1,0.000018,0.357393,0.349823,0.175365,0.028093,0.089309
GTCAAAGAAGTGGTGT-1,0.000017,0.103096,0.090928,0.342071,0.021824,0.442063
GTCAAAGTTTACATAG-1,0.849286,0.000127,0.000324,0.150073,0.000063,0.000127
GTCAACCAGGCCTATA-1,0.005518,0.29276,0.196685,0.395446,0.000696,0.108895
GTCAAGCGGACTCGGG-1,0.000034,0.123686,0.178554,0.63503,0.006247,0.056449
GTCAATGCTATAATTT-1,0.058201,0.019056,0.230706,0.397221,0.065852,0.228964
GTCAATTGTACTGAAG-1,0.727892,0.000159,0.000239,0.08836,0.00008,0.18327
GTCACAAAGTTTCCAA-1,0.33316,0.15889,0.28837,0.217609,0.001488,0.000484
GTCACCTGTCTATGTC-1,0.030389,0.04679,0.384441,0.058148,0.2409,0.239332
GTCACTCATGAGCGAT-1,0.000011,0.222408,0.263781,0.303621,0.012939,0.197239
GTCACTCTCCAAATCT-1,0.03572,0.012839,0.091651,0.268249,0.264514,0.327026
GTCAGAATAGTCTATG-1,0.104579,0.013143,0.570821,0.230777,0.064168,0.016512
GTCAGACAGCGTTGGA-1,0.77701,0.000109,0.000164,0.209866,0.000055,0.012795
GTCAGTTGTGCTCGTT-1,0.023948,0.005488,0.207943,0.15989,0.201217,0.401514
GTCAGTTTGGTAGTCG-1,0.00003,0.029533,0.568252,0.132287,0.257114,0.012783
GTCATCCCAAACTCAC-1,0.000013,0.173429,0.102019,0.153166,0.015776,0.555597
GTCATCTCCTACAGCT-1,0.930766,0.016919,0.01679,0.000047,0.019237,0.016241
GTCATGCACCTCCGTT-1,0.000083,0.000165,0.107722,0.678057,0.040269,0.173704
GTCATGCGCGAGGGCT-1,0.023576,0.281806,0.216314,0.465541,0.000179,0.012585
GTCATGGACATGACTA-1,0.011372,0.01257,0.23985,0.307429,0.330062,0.098717
GTCATTAGAGCGAACG-1,0.000028,0.033272,0.351654,0.589717,0.009747,0.015582
GTCATTGCATTGACCC-1,0.047815,0.002699,0.241773,0.540019,0.129568,0.038127
GTCCAATATTTAGCCT-1,0.000024,0.643164,0.121539,0.060588,0.004278,0.170407
GTCCACGTCGCATTCG-1,0.000023,0.142693,0.229382,0.507809,0.005884,0.114209
GTCCAGGCACGTGTGC-1,0.000012,0.605518,0.090174,0.094384,0.033019,0.176892
GTCCATTACTGCTACG-1,0.019038,0.001761,0.023509,0.570678,0.011447,0.373567
GTCCCAACGTAAAGTA-1,0.003892,0.000097,0.014309,0.975995,0.003109,0.002599
GTCCCAATCATCCCGC-1,0.000019,0.028044,0.118052,0.425383,0.080133,0.348369
GTCCCGCGACGTTATG-1,0.007123,0.15892,0.088442,0.503365,0.003367,0.238783
GTCCGAGAGCAATCAT-1,0.000012,0.043543,0.371756,0.367802,0.129822,0.087066
GTCCGGACCTGAAATT-1,0.00003,0.088021,0.257952,0.553299,0.004969,0.09573
GTCCGGCTGAATTGCG-1,0.027262,0.000262,0.135107,0.207724,0.448594,0.181051
GTCCGGGTTCACATTA-1,0.004882,0.517439,0.057237,0.252379,0.003813,0.16425
GTCCGTTAGAGGGCCT-1,0.000912,0.085479,0.03521,0.311555,0.000157,0.566686
GTCCTACAGGCGGCTC-1,0.332706,0.012133,0.057386,0.182283,0.156922,0.258569
GTCCTACGAATAGTCT-1,0.000028,0.004408,0.123323,0.579838,0.131047,0.161355
GTCCTACTCTACGGGC-1,0.000407,0.00747,0.000295,0.419915,0.001337,0.570576
GTCCTAGGATACCTTA-1,0.000018,0.162756,0.168484,0.251751,0.040871,0.376119
GTCCTATTGTTGTGGT-1,0.01767,0.019938,0.14613,0.420341,0.151774,0.244147
GTCCTTCTACAACCCA-1,0.061519,0.135534,0.526968,0.045161,0.217746,0.013072
GTCCTTCTAGTGGGTT-1,0.000052,0.063225,0.480534,0.210135,0.198204,0.04785
GTCCTTTAATGACTTC-1,0.03061,0.020741,0.417977,0.376354,0.122798,0.03152
GTCGAATTTGGGCGCT-1,0.000013,0.650811,0.227388,0.074005,0.001151,0.046632
GTCGATAGGTGACTTT-1,0.000015,0.240734,0.691685,0.039254,0.017504,0.010808
GTCGCCGTTGTGTGTT-1,0.000034,0.18158,0.04798,0.591619,0.000034,0.178752
GTCGCGTAACCCGTTG-1,0.000046,0.004214,0.131836,0.847858,0.000048,0.015999
GTCGGAAGGATACCAG-1,0.002457,0.091022,0.258893,0.0576,0.405247,0.184783
GTCGGATATCTCAGAC-1,0.00921,0.047336,0.641332,0.199877,0.079807,0.022439
GTCGGATGTAGCGCGC-1,0.039056,0.070149,0.3408,0.219725,0.115193,0.215077
GTCGGGAACATGGTAG-1,0.000016,0.025498,0.038182,0.767166,0.004417,0.164721
GTCGGGAAGCAGAAAC-1,0.000021,0.179487,0.25586,0.204978,0.011687,0.347967
GTCGGGTGAAGTACCG-1,0.004082,0.314696,0.218479,0.244927,0.002737,0.215079
GTCGTACCATCTCGGG-1,0.00004,0.065361,0.087426,0.595152,0.125466,0.126555
GTCGTACCTACGATTG-1,0.021407,0.04858,0.316624,0.561784,0.027797,0.023808
GTCGTATTGGCGTACA-1,0.019706,0.078529,0.827008,0.011372,0.037196,0.026189
GTCGTCAATTATAAGG-1,0.644232,0.000145,0.03963,0.187262,0.000072,0.128659
GTCGTCTGGTTGGCTA-1,0.005508,0.048559,0.355297,0.538363,0.012227,0.040047
GTCGTGTCTGGTCATC-1,0.000157,0.000315,0.03358,0.760128,0.000157,0.205663
GTCGTTATTCGCTTAT-1,0.000034,0.19279,0.639211,0.149341,0.010894,0.007729
GTCTAAGATGCCCAGC-1,0.001055,0.063054,0.178158,0.041624,0.407931,0.308178
GTCTACTCAATTACAA-1,0.02493,0.005493,0.651931,0.301916,0.009547,0.006183
GTCTAGTGAGCCGCTT-1,0.000028,0.019229,0.002116,0.166732,0.073693,0.738203
GTCTATACACGCATGG-1,0.000016,0.531147,0.121972,0.076869,0.004804,0.265192
GTCTATCTGAGTTTCT-1,0.00004,0.100978,0.360613,0.472178,0.014544,0.051647
GTCTATTGCATGCTCG-1,0.00002,0.183739,0.228267,0.478426,0.020366,0.089183
GTCTATTGGTTCCGGT-1,0.000047,0.000094,0.000141,0.724648,0.005823,0.269245
GTCTCAAGGCCCGGCT-1,0.008941,0.119814,0.050821,0.456109,0.000045,0.36427
GTCTCCCGAGTCCCGT-1,0.004201,0.598226,0.140675,0.030513,0.024429,0.201956
GTCTCCGCCTCAATAC-1,0.00001,0.674268,0.264564,0.019416,0.004346,0.037396
GTCTCCTGCCAGTATG-1,0.000045,0.00009,0.000136,0.444879,0.000045,0.554805
GTCTCGACTAAGTTTG-1,0.108705,0.03548,0.284184,0.335677,0.034936,0.201018
GTCTCGATCTGCTTTC-1,0.02029,0.062053,0.034524,0.503985,0.151014,0.228134
GTCTCGCCAACACGCC-1,0.401368,0.132872,0.001383,0.412096,0.000461,0.051821
GTCTGCCGACTCGACG-1,0.00022,0.691715,0.146842,0.039751,0.01373,0.107742
GTCTGGGCGGTCGAGA-1,0.025914,0.03543,0.13524,0.425702,0.027116,0.350597
GTCTGTAGGTTGAACA-1,0.000725,0.146243,0.05974,0.198248,0.03975,0.555295
GTCTTACCACGCCAAG-1,0.013607,0.595906,0.097259,0.02158,0.015757,0.255891
GTCTTAGTACAGCCGG-1,0.015061,0.122424,0.526889,0.095333,0.181351,0.058942
GTCTTCCTCACCTAAG-1,0.000015,0.010428,0.273456,0.596497,0.068131,0.051473
GTCTTGAGGAGCAGTG-1,0.010855,0.00802,0.174292,0.686757,0.020652,0.099424
GTCTTGTAGCTATTCA-1,0.000096,0.000191,0.000287,0.972199,0.000096,0.027132
GTGAAACGGCGCCACC-1,0.035454,0.014869,0.429724,0.337165,0.00723,0.175557
GTGAAACGTGCTCCAC-1,0.612338,0.007489,0.000264,0.102849,0.06449,0.21257
GTGAACTCCCATTCGA-1,0.014233,0.039735,0.185926,0.7376,0.002416,0.02009
GTGAAGATTTCAAGTG-1,0.05513,0.043432,0.158736,0.532009,0.004599,0.206094
GTGAAGCCGTATAGTC-1,0.000022,0.004378,0.182138,0.197188,0.321752,0.294522
GTGAAGTCACGACTCG-1,0.014864,0.037705,0.051524,0.262092,0.002059,0.631755
GTGACAGCTTCCCACT-1,0.000018,0.579509,0.159565,0.035349,0.035636,0.189923
GTGACCGCACACTACG-1,0.006121,0.015015,0.063886,0.751434,0.008843,0.154701
GTGACCTAAAGAATAA-1,0.001999,0.175512,0.57418,0.174661,0.024682,0.048966
GTGACGAGGGTGACCC-1,0.005178,0.011054,0.118708,0.518942,0.024751,0.321366
GTGACGCAGGTTTCAT-1,0.000024,0.217465,0.186557,0.293272,0.018027,0.284654
GTGACTTCAGTAGTGC-1,0.000017,0.312498,0.460494,0.033443,0.090198,0.10335
GTGAGATAACCTTATA-1,0.001089,0.508938,0.099219,0.172974,0.002288,0.215492
GTGAGCGTGCTGCACT-1,0.01861,0.092272,0.422235,0.278504,0.116122,0.072257
GTGAGGACACTTAAGG-1,0.009385,0.010825,0.046913,0.74936,0.018984,0.164533
GTGAGGAGCGGTTGAG-1,0.005202,0.00288,0.077304,0.397567,0.229163,0.287885
GTGAGTCGACTAATAG-1,0.000018,0.621817,0.216447,0.041995,0.004966,0.114756
GTGAGTCTAAGACGGA-1,0.034512,0.020356,0.288017,0.267037,0.212889,0.177189
GTGAGTGGTACAACGC-1,0.000022,0.093728,0.137135,0.644168,0.016403,0.108544
GTGATCAAGCGTGCAC-1,0.000019,0.401175,0.077575,0.092044,0.013456,0.415731
GTGATCACTAACGCCT-1,0.000023,0.107275,0.436392,0.178263,0.057953,0.220094
GTGATCATAGATCTGC-1,0.000044,0.038988,0.029513,0.703884,0.022241,0.205329
GTGATCCTTGTCATGA-1,0.000037,0.288811,0.000349,0.54394,0.003211,0.163653
GTGATGCACAACATCT-1,0.023918,0.050192,0.659375,0.092536,0.145499,0.028479
GTGATTCGCCGCTCAA-1,0.008076,0.108158,0.178576,0.595976,0.006951,0.102263
GTGCAAATCACCAATA-1,0.788604,0.096444,0.097452,0.00002,0.00002,0.01746
GTGCAACAAATGTGGC-1,0.166214,0.003526,0.075922,0.028227,0.050611,0.675499
GTGCACCAGCTTCAAC-1,0.000013,0.526037,0.177347,0.071441,0.010595,0.214567
GTGCACGAAAGTGACT-1,0.008957,0.011366,0.480422,0.33243,0.134573,0.032252
GTGCAGCGTAGAGTAG-1,0.000016,0.115973,0.29283,0.299035,0.051431,0.240715
GTGCCAAACGTTTCGA-1,0.000831,0.379593,0.11058,0.25666,0.006763,0.245574
GTGCCATCACACGGTG-1,0.034233,0.000081,0.01781,0.803734,0.018114,0.126028
GTGCCCGTTCGGATTC-1,0.000031,0.07175,0.344801,0.455204,0.028323,0.099892
GTGCCGCTTCAAAGGT-1,0.003885,0.017974,0.059261,0.704183,0.030513,0.184184
GTGCCTAGCTATGCTT-1,0.81433,0.000163,0.000245,0.185016,0.000082,0.000163
GTGCCTCAGTGTACGG-1,0.046429,0.021678,0.493662,0.378152,0.036507,0.023571
GTGCCTGAGACCAAAC-1,0.000009,0.036364,0.059995,0.151858,0.055946,0.695828
GTGCGAAATCGAACAC-1,0.000122,0.155805,0.34509,0.139503,0.132549,0.226932
GTGCGACAGGGAGTGT-1,0.004244,0.155772,0.671698,0.159769,0.003199,0.005319
GTGCGCAGCTTGCTCC-1,0.95096,0.000091,0.000136,0.000045,0.026334,0.022434
GTGCGCTTACAAATGA-1,0.990997,0.002001,0.003001,0.001,0.001,0.002001
GTGCGGGACCATCGGC-1,0.415886,0.165008,0.343933,0.000039,0.075057,0.000077
GTGCGGGTCTCCAAAT-1,0.140691,0.024212,0.328566,0.383828,0.09064,0.032063
GTGCGTGTATATGAGC-1,0.000035,0.036477,0.214901,0.690142,0.000035,0.05841
GTGCTATCCAGCTGGA-1,0.000031,0.000062,0.000093,0.164919,0.00193,0.832965
GTGCTCAAGTACTGTC-1,0.013924,0.016278,0.340579,0.564391,0.035193,0.029636
GTGCTGCAGATAAGGA-1,0.000629,0.238456,0.533768,0.078385,0.058146,0.090615
GTGCTGTTAGAACATA-1,0.012947,0.142316,0.012385,0.221671,0.002823,0.607858
GTGCTTACATCAGCGC-1,0.000037,0.003309,0.004624,0.847285,0.000146,0.144598
GTGGAACCTACATGCG-1,0.203874,0.080232,0.339611,0.364923,0.011211,0.00015
GTGGACCAACCCGATT-1,0.000009,0.477946,0.502931,0.002389,0.011295,0.00543
GTGGACGCATTTGTCC-1,0.000032,0.056018,0.069824,0.229862,0.156087,0.488177
GTGGACGTGCTGAGAC-1,0.166243,0.209782,0.324439,0.150659,0.089509,0.059369
GTGGAGCATGTCGGCC-1,0.012409,0.142269,0.306553,0.390403,0.02066,0.127706
GTGGAGCGTTTACCGA-1,0.021644,0.000593,0.000126,0.461025,0.000042,0.516571
GTGGAGTCGGCGGTTG-1,0.000022,0.10948,0.251178,0.262542,0.022002,0.354777
GTGGCAAACAGCGGCA-1,0.000011,0.260641,0.361728,0.314983,0.003385,0.059251
GTGGCCGGTTTCTCGG-1,0.000018,0.313892,0.14102,0.363196,0.011082,0.170792
GTGGCCTAATATCATT-1,0.015404,0.077027,0.324934,0.53882,0.01576,0.028055
GTGGCGGGCCGTAGCT-1,0.261094,0.610446,0.042677,0.000167,0.085282,0.000334
GTGGCGGTCCCAGCGT-1,0.000016,0.081108,0.28664,0.445966,0.033052,0.153218
GTGGCGTGCACCAGAG-1,0.031951,0.090818,0.163262,0.076128,0.496532,0.141309
GTGGCTGTTTCTGTTC-1,0.000026,0.344328,0.23675,0.26476,0.003847,0.150288
GTGGGAACAAACCGGG-1,0.000008,0.261223,0.071244,0.075533,0.04988,0.542112
GTGGGAAGACTGAATC-1,0.000015,0.1499,0.318903,0.359357,0.011782,0.160043
GTGGGCTTAGACACAC-1,0.057621,0.002071,0.141408,0.649593,0.099281,0.050027
GTGGGTACTGAGCGTA-1,0.000027,0.09074,0.022395,0.214583,0.005227,0.66703
GTGGGTCTTCTTTGCG-1,0.915201,0.000065,0.000097,0.000032,0.004274,0.08033
GTGGTATAGTCTGCCG-1,0.000033,0.249625,0.073833,0.395089,0.001353,0.280068
GTGGTCAGCGAAGTAT-1,0.018194,0.155685,0.213806,0.146134,0.379406,0.086775
GTGGTGATGGTTTGTG-1,0.001093,0.227643,0.151566,0.47238,0.015795,0.131524
GTGGTGGCCAAGTGAA-1,0.000014,0.208758,0.579932,0.158161,0.026284,0.026851
GTGGTTACTTCTTTCG-1,0.000046,0.000092,0.047949,0.906423,0.005145,0.040345
GTGGTTTCCGCCTTTC-1,0.000036,0.101617,0.545383,0.270945,0.025046,0.056973
GTGTACCTTGGCTACG-1,0.001175,0.056301,0.52288,0.316397,0.085668,0.017578
GTGTACGAACCGTTCC-1,0.00258,0.231848,0.469663,0.147796,0.058413,0.0897
GTGTATATCAGCGGGC-1,0.000054,0.290841,0.060364,0.503861,0.000054,0.144825
GTGTATGACTTTAAAG-1,0.731016,0.059567,0.021038,0.000049,0.152876,0.035453
GTGTCAGTGTACGTGG-1,0.000024,0.612865,0.13608,0.08954,0.003675,0.157816
GTGTCCGATAAGGCAT-1,0.000032,0.214266,0.332111,0.023087,0.326195,0.10431
GTGTCGTATAGCGTTC-1,0.000032,0.310972,0.471387,0.139456,0.025023,0.053131
GTGTCGTATTCACCTT-1,0.000032,0.015539,0.217009,0.164914,0.423953,0.178554
GTGTGAATAACTTAGG-1,0.000027,0.095056,0.252345,0.632687,0.003908,0.015977
GTGTGAGCCGAGGTGC-1,0.961715,0.000047,0.00007,0.000023,0.001359,0.036786
GTGTGTCGACGTCGCT-1,0.718057,0.010315,0.062096,0.209404,0.000043,0.000086
GTGTTACTATGCGTCC-1,0.000028,0.144471,0.716083,0.064755,0.049133,0.025531
GTTAAAGTAGGACTGG-1,0.000022,0.053067,0.13459,0.288864,0.052361,0.471096
GTTAACATCACTTAAA-1,0.000027,0.115009,0.174335,0.553149,0.001694,0.155787
GTTAACTATGTTGTCA-1,0.000053,0.004702,0.186394,0.761746,0.000053,0.047051
GTTAAGGGTGCGATGT-1,0.012052,0.057585,0.019638,0.352654,0.045866,0.512205
GTTAAGTTAGAGTGGG-1,0.000023,0.089314,0.411848,0.312252,0.102014,0.084549
GTTAATAGCGTCATTA-1,0.003998,0.620244,0.060389,0.00062,0.046481,0.268269
GTTAATGTCTATCTTA-1,0.012924,0.022932,0.15363,0.172388,0.359696,0.27843
GTTACAATTGGTGACG-1,0.029015,0.000069,0.030908,0.885399,0.020475,0.034133
GTTACCAAGGCGTACG-1,0.000014,0.468557,0.195764,0.157933,0.006561,0.171172
GTTACCTACAACTTGC-1,0.000033,0.076341,0.112203,0.574223,0.037139,0.200062
GTTACGAAATCCACGC-1,0.912262,0.0568,0.030824,0.000028,0.000028,0.000057
GTTACGGCCCGACTGC-1,0.919081,0.042365,0.02147,0.016938,0.000049,0.000097
GTTACTTTGGGCCTAG-1,0.000028,0.136014,0.774109,0.026512,0.011291,0.052046
GTTAGAGTGTGCCGCT-1,0.020278,0.419317,0.373321,0.000039,0.175518,0.011528
GTTAGCCCATGACATC-1,0.000015,0.443463,0.361877,0.116236,0.00769,0.070718
GTTAGCCGTAAATCAA-1,0.01239,0.027471,0.363416,0.540306,0.016338,0.040079
GTTAGGCTACCCGTTT-1,0.00002,0.554791,0.13958,0.012396,0.01322,0.279992
GTTATAATACGGTGAA-1,0.032116,0.043677,0.000113,0.877273,0.000038,0.046783
GTTATATCAGGAGCCA-1,0.019394,0.045804,0.565388,0.332527,0.006963,0.029925
GTTATATTATCTCCCT-1,0.000051,0.035724,0.033093,0.807752,0.000051,0.12333
GTTATCAAGCTATCGA-1,0.000012,0.814071,0.169203,0.000012,0.005417,0.011285
GTTATCACCTTCTGAA-1,0.424889,0.213052,0.238323,0.000195,0.093653,0.029889
GTTATTAAATACGACC-1,0.014909,0.132881,0.307428,0.194594,0.236492,0.113696
GTTATTAACGTGGGAG-1,0.041024,0.357188,0.354013,0.003169,0.227005,0.017602
GTTCAAATCAGATGTC-1,0.071483,0.035322,0.394154,0.433979,0.038772,0.02629
GTTCAATCTATGTCAA-1,0.060002,0.086548,0.633233,0.048134,0.151376,0.020707
GTTCACAGGAGTCTAG-1,0.014614,0.006858,0.183931,0.538864,0.193137,0.062595
GTTCAGTCGCCAAATG-1,0.000012,0.213755,0.052046,0.05295,0.100033,0.581205
GTTCATCGTTTGGCTG-1,0.022308,0.09244,0.342423,0.453469,0.005581,0.08378
GTTCCAAGACAGCGAC-1,0.939578,0.000086,0.000129,0.000043,0.008595,0.051568
GTTCCAGTCTGACCAT-1,0.077593,0.000092,0.000138,0.259819,0.276543,0.385815
GTTCCCGTAAACATAT-1,0.000019,0.196653,0.139134,0.436053,0.012714,0.215426
GTTCCGTCCGCCTGCA-1,0.001539,0.719281,0.196473,0.014515,0.019685,0.048506
GTTCGACAATTGTATA-1,0.000009,0.58379,0.219792,0.036022,0.011167,0.14922
GTTCGCCATAAGTGCC-1,0.072868,0.000063,0.030316,0.355415,0.224716,0.316622
GTTCGCTGAGACGTCT-1,0.012214,0.077176,0.049825,0.647393,0.000043,0.213349
GTTCGGAGCACTCAAC-1,0.000017,0.102276,0.135913,0.627602,0.005807,0.128384
GTTCGGATCGGGAACA-1,0.000022,0.012324,0.056576,0.912036,0.000313,0.018729
GTTCGGGCGTACCATT-1,0.030032,0.017162,0.135193,0.794412,0.006282,0.016919
GTTCGGTGTGGATTTA-1,0.725047,0.157187,0.110282,0.000034,0.000034,0.007417
GTTCGTCTAAAGAACT-1,0.007396,0.086411,0.100476,0.591934,0.034442,0.179341
GTTCGTCTGGGTCCCT-1,0.042967,0.006279,0.162418,0.730167,0.025463,0.032705
GTTCGTTGCGGACCAG-1,0.948628,0.000105,0.000158,0.050864,0.000053,0.000193
GTTCTTCCCTCGATGT-1,0.048099,0.415632,0.507857,0.000044,0.028281,0.000088
GTTCTTGTAACTCAAT-1,0.003361,0.18837,0.084418,0.24372,0.002233,0.477898
GTTGAACCGGTTCCAT-1,0.014581,0.105567,0.185001,0.628426,0.027967,0.038459
GTTGAGTCCCGCCGGT-1,0.000021,0.138786,0.461943,0.267249,0.046054,0.085947
GTTGCACGGAGTTTCG-1,0.076666,0.000092,0.024,0.605283,0.109871,0.184088
GTTGCAGTCGACAACA-1,0.000018,0.00059,0.001986,0.296193,0.042723,0.658491
GTTGCCCTAACGGGTG-1,0.000016,0.185508,0.054261,0.266182,0.010017,0.484015
GTTGCGCTAACATTAC-1,0.012636,0.058651,0.108373,0.587941,0.000031,0.232368
GTTGCGGACGGTCAGG-1,0.007368,0.119774,0.103514,0.289796,0.067186,0.412361
GTTGGACCGCATCAGG-1,0.042185,0.04774,0.652084,0.120043,0.055995,0.081954
GTTGGATTCAGTGGCT-1,0.045221,0.362601,0.493696,0.000024,0.098409,0.000048
GTTGGATTGAGAACAC-1,0.009127,0.124112,0.257285,0.494557,0.020213,0.094706
GTTGGATTTGCGTTGG-1,0.000025,0.037242,0.73438,0.226757,0.000435,0.001161
GTTGGTCATGCTATCC-1,0.000027,0.02526,0.09914,0.220135,0.14866,0.506778
GTTGTAGATTTATGAG-1,0.002625,0.702767,0.155618,0.023563,0.014305,0.101122
GTTGTCGTGTTAGTTG-1,0.381873,0.000217,0.000325,0.30649,0.098135,0.21296
GTTGTTACATTGCGCT-1,0.028493,0.030558,0.452309,0.362127,0.100403,0.026109
GTTGTTGCAAGATGGC-1,0.000012,0.275428,0.427583,0.190501,0.016788,0.089688
GTTTACGTTCCATCTG-1,0.000035,0.203251,0.257889,0.426923,0.009799,0.102103
GTTTATGGGATTTAGA-1,0.050578,0.078402,0.495543,0.248833,0.112032,0.014613
GTTTCAAACGAGTTGT-1,0.000016,0.052157,0.00548,0.016825,0.231144,0.694378
GTTTCATATCGTCGCT-1,0.014278,0.013454,0.274284,0.601131,0.01524,0.081612
GTTTCCTGGAGGGTGA-1,0.07559,0.035575,0.450082,0.091713,0.325233,0.021807
GTTTCTAGAGGCGCGG-1,0.00002,0.284358,0.168001,0.357503,0.004402,0.185717
GTTTCTGCAGTCTCCC-1,0.000037,0.089546,0.264622,0.218431,0.111694,0.315671
GTTTCTTGTTAGAGCT-1,0.000022,0.531413,0.196186,0.119768,0.01129,0.141321
GTTTGACCAAATCCTA-1,0.031829,0.020183,0.413743,0.303201,0.184273,0.04677
GTTTGAGCGGTTATGT-1,0.79162,0.000353,0.00053,0.000177,0.031369,0.175951
GTTTGGCCCAAGTTAT-1,0.030871,0.08827,0.255497,0.554188,0.004421,0.066753
GTTTGGCCGCTCAGCG-1,0.896799,0.083618,0.003647,0.00005,0.0058,0.010084
GTTTGGCGTCAGGCAC-1,0.003894,0.156016,0.650394,0.034296,0.125761,0.02964
GTTTGGGCTTGTGAGC-1,0.000016,0.283364,0.290866,0.060224,0.098589,0.26694
GTTTGGGTTTCGCCCG-1,0.000047,0.307716,0.010739,0.561597,0.000047,0.119854
GTTTGGTAGGGTCAAC-1,0.000026,0.000052,0.000078,0.330837,0.036196,0.632811
GTTTGGTGATCGGTGC-1,0.000027,0.400906,0.210365,0.177302,0.001403,0.209997
GTTTGTTAGCCAAGTA-1,0.000026,0.062598,0.144516,0.145121,0.009136,0.638603
TAAACCCAGGAGGGCA-1,0.001182,0.124724,0.109231,0.564854,0.001889,0.198119
TAAACGTCGTCAATGA-1,0.205423,0.000072,0.000108,0.124506,0.088771,0.581119
TAAAGACAACCCTTTA-1,0.000582,0.060823,0.165697,0.586754,0.00907,0.177074
TAAAGAGCCCGAAACC-1,0.965926,0.033816,0.000112,0.000036,0.000036,0.000073
TAAAGCGGTATTTCCA-1,0.00002,0.015283,0.024261,0.06512,0.132824,0.762493
TAAAGCGTTAGGAGAA-1,0.000028,0.005126,0.199115,0.795645,0.000028,0.000059
TAAAGCTGCAATAGGG-1,0.092391,0.096744,0.566207,0.023564,0.216462,0.004633
TAAAGGAGAAACTAGT-1,0.235183,0.105399,0.364458,0.000161,0.213125,0.081675
TAAAGTGCACGTCTCG-1,0.000012,0.389269,0.073727,0.367955,0.002147,0.16689
TAAATCTTTACACCTC-1,0.010039,0.182763,0.501546,0.187478,0.076168,0.042005
TAAATGAATCCGTTTC-1,0.027647,0.11679,0.533684,0.075805,0.157182,0.088893
TAAATGCCGTCTCATG-1,0.002697,0.000421,0.012959,0.089939,0.306472,0.587512
TAAATGGGCTACTGAG-1,0.000017,0.181202,0.269587,0.447795,0.0035,0.097899
TAAATTGTGGGTAAAG-1,0.000014,0.258067,0.074958,0.159803,0.005669,0.501488
TAAATTTAGTAACACC-1,0.01706,0.592491,0.252643,0.015623,0.017931,0.104252
TAACAAAGGGAGAAGC-1,0.089998,0.056701,0.252247,0.25523,0.212914,0.13291
TAACAATATTTGTTGC-1,0.002006,0.000057,0.046367,0.42621,0.202704,0.322655
TAACAGCGTTTGTGCT-1,0.009909,0.296238,0.076354,0.166148,0.002557,0.448794
TAACAGGTTCCCTTAG-1,0.003368,0.322046,0.102188,0.102764,0.003505,0.466129
TAACATACAATGTGGG-1,0.000018,0.054448,0.269133,0.599,0.025941,0.051459
TAACATACACGCGATC-1,0.00904,0.225319,0.174671,0.303532,0.007197,0.280241
TAACCGCCCGCAGTGC-1,0.749452,0.00018,0.000269,0.197613,0.00009,0.052396
TAACCGTCCAGTTCAT-1,0.920181,0.000064,0.000096,0.000032,0.000038,0.07959
TAACCTACCGTCCGAG-1,0.000031,0.002102,0.036662,0.288812,0.274749,0.397644
TAACCTAGGGAGTCCA-1,0.000035,0.089783,0.089258,0.719907,0.002652,0.098365
TAACGCTTTGAGAGCG-1,0.039247,0.001659,0.409779,0.39743,0.144734,0.007151
TAACTATCGAAGGTCC-1,0.079413,0.000094,0.170647,0.556176,0.13189,0.061779
TAACTATTACGCCAAA-1,0.008523,0.026145,0.179684,0.777081,0.003405,0.005161
TAACTCATCCGCGCGG-1,0.000028,0.098627,0.288135,0.082436,0.162164,0.368611
TAACTCCATGGAGGCT-1,0.149338,0.056184,0.182535,0.241597,0.191071,0.179275
TAACTGAAATACGCCT-1,0.000009,0.3599,0.157173,0.366549,0.009701,0.106668
TAAGAGGGACAGGGAC-1,0.000448,0.451231,0.156903,0.105989,0.022679,0.262749
TAAGATTTAGCGGGAG-1,0.99958,0.000093,0.00014,0.000047,0.000047,0.000093
TAAGCAGGCGACACGC-1,0.022395,0.018186,0.142837,0.579701,0.02417,0.212711
TAAGCCCTTACGACCA-1,0.00044,0.102721,0.228705,0.05131,0.512694,0.10413
TAAGCGCGAATCAAAT-1,0.000013,0.43659,0.12938,0.238219,0.002255,0.193543
TAAGGAACTTGTGGGA-1,0.237722,0.000102,0.000153,0.129097,0.076009,0.556917
TAAGGCAACATAAGAT-1,0.009624,0.038856,0.361514,0.126014,0.362335,0.101657
TAAGGCATAACATCAA-1,0.000903,0.133594,0.149131,0.355477,0.008293,0.352602
TAAGGCCCGTCACCCT-1,0.012739,0.209073,0.148116,0.404885,0.016514,0.208672
TAAGGCTGAATCCCTC-1,0.000044,0.003495,0.016197,0.973016,0.000044,0.007204
TAAGGGCCTGTCCGAT-1,0.000048,0.000096,0.000144,0.887714,0.003904,0.108094
TAAGGGCTGGGAGAGG-1,0.050825,0.004008,0.117518,0.78643,0.024968,0.016251
TAAGTAAATGTGCCGC-1,0.000898,0.032315,0.200215,0.207278,0.16929,0.390004
TAAGTAACATCTTGAC-1,0.110883,0.03816,0.130496,0.488351,0.030989,0.201121
TAAGTCGCCGAGTATC-1,0.000036,0.218463,0.14239,0.44672,0.007845,0.184546
TAAGTCGGTGAGCTAG-1,0.000015,0.306835,0.127382,0.31881,0.006144,0.240814
TAAGTGAATAGTCTAC-1,0.000016,0.551907,0.095463,0.202263,0.003436,0.146916
TAAGTTGCGACGTAGG-1,0.000919,0.118177,0.503272,0.266294,0.019482,0.091855
TAATAAACAAGGAGAT-1,0.000015,0.263992,0.645878,0.000015,0.09007,0.00003
TAATACACAGTAGTAT-1,0.000039,0.000078,0.070787,0.264361,0.42355,0.241185
TAATACTAGAACAGAC-1,0.000009,0.23881,0.160109,0.215434,0.050788,0.33485
TAATAGAACAGAGTTA-1,0.004783,0.25333,0.270748,0.392142,0.014809,0.064188
TAATAGCTAAATGATG-1,0.000469,0.124766,0.43997,0.252212,0.068533,0.114051
TAATAGGTCACCAGAA-1,0.000024,0.086217,0.082417,0.276715,0.007786,0.54684
TAATAGTGACGACCAG-1,0.000046,0.000092,0.003361,0.109323,0.177748,0.70943
TAATATTGAAATTCGC-1,0.124902,0.037868,0.278384,0.293087,0.094236,0.171522
TAATCAACCAAATGGG-1,0.008293,0.127526,0.271446,0.308459,0.030892,0.253384
TAATCAGGAATGCTGC-1,0.000024,0.041626,0.063041,0.054719,0.591167,0.249423
TAATCGATCCGTACGT-1,0.000028,0.046774,0.496348,0.280442,0.141732,0.034675
TAATGAAAGACCCTTG-1,0.037491,0.022414,0.103156,0.500941,0.210652,0.125348
TAATGTCGGTTCATGG-1,0.000009,0.733812,0.19165,0.021537,0.004653,0.048339
TAATTACGTCAGTAGA-1,0.018322,0.011508,0.007009,0.651997,0.011594,0.29957
TAATTAGATGGATATG-1,0.749229,0.000154,0.000231,0.000077,0.049586,0.200723
TAATTAGGACATCCGT-1,0.00005,0.090274,0.444599,0.361399,0.00005,0.103629
TAATTCCAATGCTTCA-1,0.000013,0.390234,0.486871,0.06221,0.004319,0.056352
TAATTGCGCTGATTAC-1,0.00271,0.451206,0.298317,0.15154,0.015074,0.081153
TAATTGGAATCGGGAA-1,0.011192,0.064376,0.606965,0.042077,0.060032,0.215358
TAATTTCCGTCCAGTA-1,0.000036,0.048197,0.037314,0.606574,0.007308,0.300571
TACAAATTGCGGAGGT-1,0.087697,0.224094,0.613546,0.009199,0.057306,0.008157
TACAACAGCGCATACA-1,0.01561,0.458257,0.075231,0.046179,0.015074,0.389648
TACAACGCACAACTCA-1,0.01404,0.017547,0.169441,0.769894,0.013811,0.015267
TACAAGCTGTTCACTG-1,0.686362,0.000944,0.310807,0.000472,0.000472,0.000944
TACAAGGGCTTCTTTA-1,0.000022,0.260759,0.173362,0.372324,0.012186,0.181347
TACAAGTCTCGTGCAT-1,0.005672,0.052452,0.490677,0.070032,0.334523,0.046644
TACAATGAAACCAGCA-1,0.36584,0.630711,0.001478,0.000493,0.000493,0.000985
TACACAGCCGTGGTGC-1,0.000019,0.246613,0.074149,0.256868,0.010984,0.411367
TACACCGTCGTTAGTC-1,0.007068,0.01262,0.14238,0.36637,0.141298,0.330265
TACACCTCTTCGAATC-1,0.000026,0.475556,0.24415,0.09241,0.00668,0.181177
TACAGAAACGGTGGGC-1,0.000032,0.072702,0.024659,0.745531,0.000032,0.157043
TACATAGGCATACACC-1,0.000039,0.000079,0.062353,0.213315,0.396467,0.327746
TACATCCCTATCCCTG-1,0.000013,0.354041,0.396545,0.118879,0.024064,0.106457
TACATCTTGTTTCTTG-1,0.487744,0.047013,0.040763,0.380742,0.035609,0.008129
TACATGACCTTATCCG-1,0.047014,0.045341,0.214907,0.337249,0.195536,0.159954
TACATGCCGGAATTGT-1,0.000223,0.286028,0.516217,0.100185,0.03859,0.058757
TACATTTCTAACGTGC-1,0.005794,0.00009,0.093662,0.673883,0.039511,0.187059
TACCAAATAGCCCAGA-1,0.001621,0.48204,0.160159,0.224148,0.006513,0.125518
TACCAATAAAGTACCA-1,0.000034,0.041497,0.018853,0.893997,0.000034,0.045584
TACCAGCTAGGTTTAA-1,0.084752,0.040221,0.170349,0.346394,0.044507,0.313778
TACCAGGAATCCCGTC-1,0.000011,0.655818,0.20655,0.003486,0.03153,0.102605
TACCATGTATTGATTT-1,0.026941,0.047731,0.250251,0.580846,0.011275,0.082956
TACCCTCGGTAACCCT-1,0.00002,0.05221,0.092901,0.130609,0.053425,0.670835
TACCGAATAATTGTAA-1,0.017057,0.388461,0.218486,0.130982,0.010051,0.234963
TACCGATCCAACACTT-1,0.999699,0.000067,0.0001,0.000033,0.000033,0.000067
TACCGCGGACTTGCAG-1,0.000631,0.028186,0.066001,0.683846,0.009053,0.212283
TACCGGCTCACTGCCC-1,0.000017,0.330085,0.657574,0.005079,0.006475,0.00077
TACCGGTCGTTTCCAT-1,0.000035,0.163362,0.302912,0.109282,0.140981,0.283428
TACCGTAGGTTAACTA-1,0.000019,0.110443,0.051497,0.784849,0.002403,0.05079
TACCGTGCCTCGGACC-1,0.000025,0.04732,0.032076,0.426619,0.016246,0.477714
TACCTACTCCCAGTAT-1,0.000026,0.327504,0.257141,0.079575,0.066131,0.269623
TACCTATCCCTAGAGG-1,0.004313,0.010302,0.010256,0.883865,0.003839,0.087426
TACCTCACCAATTGTA-1,0.024199,0.000155,0.000233,0.023095,0.030574,0.921744
TACCTCACGCTTGTAC-1,0.073216,0.058665,0.506615,0.124952,0.131814,0.104737
TACCTCAGTTGTCTGT-1,0.000028,0.101316,0.104285,0.224973,0.036169,0.533229
TACCTCCACACCAATG-1,0.000019,0.301113,0.136289,0.247872,0.00259,0.312118
TACCTCTTTACCATCC-1,0.000027,0.35049,0.192578,0.367752,0.005949,0.083204
TACCTGCTGCACTGTG-1,0.018269,0.000059,0.076688,0.166112,0.381763,0.357109
TACCTTAAGATTTCCC-1,0.000022,0.317443,0.378592,0.005528,0.113721,0.184694
TACGAACACGACTTCA-1,0.021839,0.065786,0.473109,0.274298,0.079248,0.08572
TACGACGCTTGCTGCG-1,0.011843,0.001761,0.015093,0.631184,0.032096,0.308024
TACGACTGCCTCTTAG-1,0.000021,0.133693,0.497666,0.027004,0.161422,0.180193
TACGAGAACTTCACGT-1,0.065565,0.001247,0.126542,0.764861,0.0349,0.006886
TACGATCCAAGCCACT-1,0.024829,0.053166,0.70334,0.088246,0.07297,0.05745
TACGATGTTGATCATC-1,0.044604,0.004497,0.125926,0.282935,0.169224,0.372814
TACGCAGTTCTTTCCT-1,0.000057,0.000115,0.037006,0.85802,0.001878,0.102924
TACGCCATATTCTAAT-1,0.000066,0.134416,0.406302,0.212539,0.175667,0.07101
TACGCCGAGGGTACCC-1,0.000028,0.042876,0.046565,0.299251,0.031788,0.579492
TACGCCGCCTCAGAAG-1,0.000019,0.143908,0.207413,0.435935,0.009502,0.203224
TACGCCTCCATTCCGA-1,0.000043,0.026156,0.060067,0.32085,0.053398,0.539486
TACGCTATAGAAACCT-1,0.008456,0.00054,0.003833,0.752182,0.006472,0.228516
TACGCTCCTAGAACTG-1,0.008195,0.589599,0.143748,0.130858,0.007311,0.120288
TACGCTCGGTATTGGA-1,0.000034,0.132438,0.10699,0.618891,0.000034,0.141612
TACGCTGATAGTTGTA-1,0.022225,0.357789,0.054461,0.36492,0.000026,0.200579
TACGCTGCACGGTCGT-1,0.00004,0.3165,0.097984,0.142687,0.013897,0.428892
TACGCTGCTGTGTTAA-1,0.076229,0.274275,0.067701,0.41838,0.001124,0.162292
TACGGAAGCCAAACCA-1,0.000011,0.349044,0.212216,0.174318,0.010333,0.254077
TACGGCATGGACGCTA-1,0.000022,0.132865,0.289107,0.485209,0.002241,0.090556
TACGGGATGCTAGCAG-1,0.008469,0.065036,0.696175,0.074797,0.142428,0.013096
TACGGGTAATAACATA-1,0.006674,0.591486,0.197081,0.069079,0.012929,0.122751
TACGTAAAGCGGAGTG-1,0.016479,0.366544,0.409042,0.132906,0.026702,0.048327
TACGTACTAGTGCTGA-1,0.000023,0.243061,0.085555,0.289738,0.022137,0.359486
TACGTGCAAGGTTCCT-1,0.000013,0.098968,0.722039,0.161122,0.004924,0.012934
TACGTGCACTATGCTG-1,0.140607,0.073507,0.199781,0.20415,0.047551,0.334404
TACGTGGGCCCAGGGC-1,0.000007,0.469188,0.282053,0.147722,0.016715,0.084315
TACGTTTACCGGCAAT-1,0.00581,0.088312,0.355069,0.301453,0.115179,0.134177
TACTACGTGCAATGCG-1,0.002838,0.404416,0.126484,0.31378,0.005438,0.147045
TACTATGGTTCCTCAG-1,0.000023,0.383865,0.173874,0.104044,0.010026,0.328169
TACTCACAACGTAGTA-1,0.773485,0.000125,0.000187,0.001648,0.000062,0.224493
TACTCATTGACGCATC-1,0.005389,0.576671,0.096252,0.020854,0.026801,0.274032
TACTCCTCTAGTTGAC-1,0.001909,0.354083,0.193459,0.093335,0.000185,0.357029
TACTCGGCACGCCGGG-1,0.055872,0.000037,0.009577,0.531926,0.202935,0.199653
TACTCGTTTGAATCAA-1,0.003228,0.537717,0.192752,0.112929,0.01585,0.137525
TACTCTCCGAACAAAT-1,0.000024,0.162111,0.414837,0.000756,0.397345,0.024927
TACTCTTACTTTACTG-1,0.021492,0.118725,0.094055,0.715798,0.000048,0.049882
TACTCTTTCGTCTTCA-1,0.000029,0.269707,0.232227,0.404948,0.00985,0.083239
TACTGAACAGATTTAG-1,0.000031,0.309863,0.111446,0.240192,0.082374,0.256095
TACTGAGGGAAGAAAG-1,0.002888,0.174884,0.132941,0.121626,0.03712,0.53054
TACTGCAATCAATTAC-1,0.001237,0.014869,0.152981,0.152632,0.14668,0.531601
TACTGCATGATTAAAT-1,0.000016,0.433568,0.07611,0.110038,0.001512,0.378755
TACTGGACAGCTCGGC-1,0.030053,0.034141,0.246046,0.60747,0.057495,0.024795
TACTGTTTCTCTGGTA-1,0.007872,0.01344,0.13037,0.443742,0.252868,0.151708
TACTTAAACATGTACA-1,0.00001,0.191902,0.588138,0.189465,0.005016,0.025469
TACTTGTTAGTAGTCC-1,0.000036,0.016741,0.172512,0.398435,0.042692,0.369584
TACTTTACTGAGCCGG-1,0.000032,0.009019,0.073587,0.230722,0.166773,0.519868
TACTTTCCGCACGCCA-1,0.000031,0.142038,0.109213,0.388515,0.027756,0.332447
TAGAAACACAATAGTG-1,0.628696,0.00008,0.005861,0.352938,0.00004,0.012385
TAGAAACCACTAAGTA-1,0.052947,0.071591,0.568275,0.216908,0.066812,0.023467
TAGAAAGGTGGCGCTA-1,0.044505,0.013452,0.115464,0.593691,0.119405,0.113483
TAGAAATTCACGTATA-1,0.00638,0.020159,0.037187,0.87633,0.010515,0.049429
TAGAACGCCAGTAACG-1,0.893999,0.00006,0.00009,0.00003,0.002653,0.103169
TAGAAGAAGGGTTACA-1,0.000019,0.19048,0.217453,0.496897,0.000177,0.094973
TAGAATAGCCGATGAA-1,0.032322,0.02772,0.000092,0.912105,0.000031,0.02773
TAGAATTAAGGGCAAC-1,0.054741,0.014156,0.099708,0.334644,0.120662,0.37609
TAGACGAAACGCCAAT-1,0.000015,0.411377,0.306826,0.06028,0.065284,0.156217
TAGACGCCCGTACCGG-1,0.023097,0.018488,0.07264,0.570967,0.044463,0.270344
TAGACTACCTAGCGTT-1,0.000066,0.000132,0.091112,0.897013,0.000066,0.011611
TAGACTCAGTTGGCCT-1,0.043724,0.187978,0.103347,0.385843,0.003676,0.275431
TAGAGATCATGCAACT-1,0.008972,0.151349,0.245872,0.427917,0.006054,0.159837
TAGAGCTACGAAGAAC-1,0.398873,0.000244,0.000366,0.545769,0.000122,0.054625
TAGAGGGAGTTTATCT-1,0.000014,0.625777,0.16282,0.026102,0.015017,0.17027
TAGAGGTTCTACTTGT-1,0.00009,0.159293,0.193616,0.450821,0.00009,0.196089
TAGAGTCTAAGCGAAC-1,0.045452,0.068105,0.236508,0.290343,0.27829,0.081301
TAGAGTGTTCCGGGTA-1,0.000019,0.646182,0.105843,0.000019,0.011372,0.236563
TAGATATGGACTGGAA-1,0.000032,0.085429,0.619789,0.187991,0.012675,0.094084
TAGATCCGAAGTCGCA-1,0.047607,0.112009,0.38525,0.10423,0.251781,0.099124
TAGATGGTTCCTTACT-1,0.035056,0.103561,0.040557,0.671329,0.001404,0.148094
TAGATTCAAAGTGCGG-1,0.000011,0.605395,0.180928,0.03424,0.013322,0.166104
TAGATTCCTGGTTATT-1,0.016811,0.000064,0.049343,0.87316,0.049557,0.011065
TAGATTCTCTAGCAAA-1,0.000022,0.359771,0.135311,0.078825,0.011297,0.414775
TAGCAACCTGTCACAA-1,0.011669,0.254354,0.46122,0.05784,0.171402,0.043515
TAGCAGATACTTAGGG-1,0.000014,0.582456,0.19825,0.062102,0.016933,0.140246
TAGCAGTAAATACGCG-1,0.067657,0.091301,0.489121,0.032752,0.214087,0.105083
TAGCAGTATGACTAAA-1,0.000016,0.029793,0.008746,0.27865,0.06036,0.622436
TAGCCAGAGGGTCCGG-1,0.4272,0.18093,0.246674,0.000043,0.127475,0.017679
TAGCCATGATTGCCTA-1,0.000011,0.734514,0.139747,0.000011,0.03772,0.087996
TAGCCATTTCAAAGTC-1,0.000023,0.185055,0.334745,0.369173,0.020214,0.090791
TAGCCGGCGGTCAGCG-1,0.000469,0.016873,0.144843,0.827367,0.005294,0.005153
TAGCGTCCCTCGATTG-1,0.000034,0.000068,0.012203,0.985952,0.000034,0.00171
TAGCGTCCGGTGTGGT-1,0.000026,0.106974,0.117256,0.437019,0.020238,0.318487
TAGCGTCGAATATTGA-1,0.055475,0.031545,0.147807,0.589697,0.046789,0.128687
TAGCGTTGGGTCTTAC-1,0.023085,0.015952,0.104624,0.654423,0.080646,0.12127
TAGCTAAGTCCGGGAG-1,0.063549,0.047439,0.504422,0.181046,0.190119,0.013424
TAGCTAGAAGGCATGA-1,0.000699,0.111468,0.141795,0.335257,0.033914,0.376867
TAGCTAGTGATGATGG-1,0.00004,0.215622,0.140369,0.353306,0.02375,0.266914
TAGCTCACTGTGTTTG-1,0.000011,0.807833,0.14292,0.000619,0.008991,0.039626
TAGCTCAGATCCTAGT-1,0.050411,0.057938,0.225763,0.144599,0.37166,0.149629
TAGCTCGCCTGATAAC-1,0.000014,0.297721,0.461333,0.134514,0.033933,0.072485
TAGCTGATGTGAAGCG-1,0.028434,0.107577,0.169996,0.636841,0.011384,0.045769
TAGGAACAGCCTCCAG-1,0.002828,0.110723,0.479976,0.174057,0.18751,0.044906
TAGGAGGCTCGAGAAC-1,0.000016,0.491119,0.131717,0.060349,0.013353,0.303446
TAGGATCTTAACCGCA-1,0.016814,0.176405,0.000104,0.442337,0.000035,0.364304
TAGGCATGTTACGCCA-1,0.043954,0.123716,0.735201,0.004183,0.092677,0.000269
TAGGCCTATATAGTCT-1,0.000023,0.235068,0.135361,0.497305,0.012454,0.11979
TAGGCGATGAGGTCTC-1,0.000058,0.025705,0.003111,0.274019,0.0002,0.696908
TAGGCGGCTGCAAAGA-1,0.00001,0.161187,0.117416,0.230223,0.063926,0.427237
TAGGCTAAAGTGGCAC-1,0.000018,0.24262,0.253752,0.462838,0.000778,0.039995
TAGGGAGCTTGGGATG-1,0.003202,0.288169,0.46422,0.225296,0.000049,0.019064
TAGGGTGTTTCAAGAG-1,0.061502,0.000114,0.139586,0.437117,0.211826,0.149855
TAGGTCCAAGTAAGGA-1,0.016286,0.024977,0.790595,0.11081,0.052292,0.005039
TAGGTCGCCGGAACTG-1,0.019324,0.084836,0.642892,0.208561,0.016551,0.027836
TAGGTGACGATAACCT-1,0.006177,0.361159,0.213746,0.162355,0.027672,0.228891
TAGGTGAGCCCTACTC-1,0.054315,0.000073,0.008789,0.328469,0.27733,0.331024
TAGGTGCTCGCCTAGC-1,0.000017,0.147578,0.670923,0.091469,0.02538,0.064634
TAGGTGTTCCACAGAT-1,0.00004,0.337222,0.414978,0.137871,0.000891,0.108997
TAGGTTCGAGTTCGTC-1,0.002572,0.060243,0.659117,0.232764,0.031078,0.014226
TAGGTTCTGCTGAGAA-1,0.000089,0.767921,0.122161,0.000008,0.020254,0.089567
TAGTACCACAACTTTC-1,0.008187,0.406483,0.204596,0.093397,0.021808,0.265529
TAGTACCTTAGTGGTC-1,0.061844,0.197776,0.416782,0.037288,0.253874,0.032436
TAGTAGCTTATACCAG-1,0.001726,0.205374,0.300789,0.225602,0.014849,0.25166
TAGTAGTTGCCGGACA-1,0.000047,0.018142,0.000141,0.272533,0.000047,0.709089
TAGTCCCGGAGACCAC-1,0.000026,0.302278,0.114488,0.197145,0.023769,0.362295
TAGTCCGCAGAGAATG-1,0.021608,0.018662,0.394636,0.402215,0.04238,0.120499
TAGTCCGTATGCATAA-1,0.856359,0.100871,0.021254,0.000033,0.000033,0.021451
TAGTCCTGCACTAAGC-1,0.000017,0.460644,0.238901,0.100914,0.013656,0.185867
TAGTCGATCACGGGTT-1,0.035123,0.013024,0.107523,0.34629,0.067797,0.430242
TAGTCGGGATTCTTCG-1,0.891974,0.098446,0.000156,0.000052,0.000052,0.00932
TAGTCTAACAACGAGA-1,0.000016,0.142689,0.691082,0.086389,0.052953,0.026871
TAGTCTGCGGCACATT-1,0.000017,0.346156,0.14733,0.145597,0.02968,0.331221
TAGTCTGTGACGTTGC-1,0.000034,0.012636,0.068915,0.553162,0.232309,0.132943
TAGTCTTTCCGAATTG-1,0.000032,0.187838,0.169373,0.50221,0.015507,0.125039
TAGTGACAAGCTCTAC-1,0.009492,0.435679,0.059881,0.155105,0.000034,0.339808
TAGTGAGAAGTGGTTG-1,0.976446,0.000154,0.00023,0.014208,0.000077,0.008885
TAGTGCCCTCCAGAGT-1,0.096044,0.00009,0.045794,0.822901,0.015405,0.019766
TAGTGCTTGAATCCTT-1,0.576356,0.023442,0.116661,0.00005,0.066416,0.217076
TAGTGGAACTCATACA-1,0.148056,0.106476,0.298524,0.222666,0.13409,0.090187
TAGTGTCAGAAACGGC-1,0.296686,0.031961,0.123106,0.425202,0.090259,0.032786
TAGTTAAGATAGGATA-1,0.041118,0.020458,0.47787,0.228846,0.166424,0.065285
TAGTTTATTCTTGCTT-1,0.155659,0.000736,0.175608,0.118269,0.34905,0.200678
TAGTTTGATCGGTCGC-1,0.002245,0.142004,0.136308,0.516061,0.017075,0.186307
TATAAATCCACAAGCT-1,0.087236,0.008424,0.06016,0.360841,0.275619,0.20772
TATAAGTGAGGATAGC-1,0.056936,0.145873,0.412983,0.188074,0.15397,0.042163
TATACACAGACGCCTT-1,0.014464,0.178586,0.112656,0.57478,0.005449,0.114066
TATACACGCAAAGTAT-1,0.146869,0.015581,0.014132,0.14283,0.188702,0.491886
TATACCGAGTGCCACA-1,0.000025,0.09855,0.093072,0.644666,0.01037,0.153317
TATACGCGTCATCACT-1,0.00003,0.104344,0.055749,0.133806,0.075744,0.630326
TATACTCATGCGGCAA-1,0.147033,0.219169,0.188734,0.246689,0.07511,0.123265
TATAGAGTCGCTTGAA-1,0.000016,0.397213,0.127929,0.036914,0.040814,0.397115
TATAGATGGTCGCAGT-1,0.000045,0.054992,0.244198,0.659517,0.00009,0.041157
TATAGCGCACGTTATC-1,0.000033,0.037226,0.094391,0.588918,0.012332,0.2671
TATAGCTATTATCTCT-1,0.022703,0.730929,0.054017,0.002642,0.002012,0.187697
TATAGGGTACTCATGA-1,0.01876,0.000056,0.025316,0.729278,0.114119,0.112471
TATAGTTAGGTGTACT-1,0.00002,0.304962,0.095976,0.440855,0.004516,0.153671
TATATAGGGCTTTACG-1,0.002439,0.385029,0.179111,0.251299,0.005175,0.176948
TATATATCGAGAAATG-1,0.000011,0.547658,0.147971,0.000011,0.049976,0.254373
TATATCAAAGTGATCT-1,0.000016,0.364214,0.143723,0.206571,0.015522,0.269954
TATATCATTGATCAGT-1,0.018924,0.051334,0.476943,0.358352,0.061376,0.033071
TATATCCCTGGGAGGA-1,0.007861,0.00087,0.060907,0.539055,0.193413,0.197893
TATATGCTGGGTTGCC-1,0.023678,0.060579,0.576178,0.259541,0.074805,0.005219
TATATTACAAATGTCG-1,0.113451,0.066315,0.245268,0.39897,0.092493,0.083503
TATATTCGCGTCGATA-1,0.311784,0.035338,0.145215,0.201034,0.000161,0.306468
TATCAAAGGTCTGTAA-1,0.023632,0.032533,0.317033,0.209405,0.208424,0.208974
TATCACAGCACGGGCA-1,0.569492,0.000147,0.001151,0.174297,0.038585,0.216328
TATCACCATGTAAAGT-1,0.108402,0.001524,0.106084,0.595317,0.076048,0.112624
TATCACCCAACCGACC-1,0.046179,0.024885,0.105491,0.57012,0.08581,0.167515
TATCACTTCGAGTAAC-1,0.000032,0.014939,0.163928,0.087233,0.33568,0.398189
TATCAGTGGCGTAGTC-1,0.000044,0.025215,0.00106,0.151975,0.00872,0.812986
TATCCAATTGGTTATC-1,0.000043,0.044037,0.029555,0.672721,0.035433,0.21821
TATCCATATCATGCGA-1,0.065544,0.176052,0.552433,0.160765,0.037401,0.007806
TATCCATCTCGGTTAG-1,0.000032,0.120704,0.057525,0.233,0.030908,0.55783
TATCCCTCGATCTGCA-1,0.000047,0.424836,0.086944,0.115105,0.000047,0.37302
TATCCGCACCGTCGGG-1,0.000033,0.216883,0.069925,0.499079,0.000033,0.214047
TATCCTATCAACTGGT-1,0.000015,0.59845,0.12197,0.150341,0.003719,0.125504
TATCCTGCATGGGAAT-1,0.564051,0.028699,0.161434,0.098752,0.065296,0.081767
TATCGATCTATGCATA-1,0.004592,0.071631,0.388859,0.098102,0.221388,0.215428
TATCGATGATTAAACG-1,0.131038,0.003918,0.031709,0.373585,0.274851,0.1849
TATCTACAGAGGTAAT-1,0.000021,0.026392,0.608441,0.077103,0.226343,0.0617
TATCTACCACAGCGGG-1,0.00004,0.013496,0.281771,0.618171,0.027824,0.058698
TATCTAGCCTAAAGGA-1,0.006421,0.016566,0.456827,0.469403,0.034102,0.016681
TATCTGAGCCGATATT-1,0.001719,0.45406,0.200059,0.104425,0.027657,0.212081
TATCTTGCAATACAAC-1,0.002752,0.085362,0.021146,0.501578,0.000141,0.389022
TATGAAGAATTAAGGT-1,0.000011,0.276664,0.164068,0.078082,0.094353,0.386823
TATGAAGACAGGTGCG-1,0.007065,0.020067,0.598858,0.146847,0.217845,0.009317
TATGACCTTGCGCTGG-1,0.000042,0.44185,0.162082,0.200662,0.000042,0.195323
TATGATAAATCTAACG-1,0.065377,0.099015,0.262576,0.355253,0.131233,0.086547
TATGATCCGGCACGCC-1,0.004637,0.102359,0.76756,0.079151,0.01984,0.026452
TATGATCTTCTCTTTA-1,0.000081,0.093871,0.00925,0.868432,0.000081,0.028285
TATGATTCTGCTTGGT-1,0.832308,0.00022,0.00033,0.166813,0.00011,0.00022
TATGCTCCCTACTTAC-1,0.019492,0.021341,0.27652,0.193398,0.271306,0.217943
TATGGAGTTTCTCGTT-1,0.895467,0.000097,0.000145,0.000048,0.029198,0.075045
TATGGATGTGCTACGC-1,0.030853,0.000129,0.204914,0.553649,0.095703,0.114752
TATGGCAGACTTTCGA-1,0.894913,0.000083,0.000125,0.045842,0.000042,0.058996
TATGGCCCGGCCTCGC-1,0.016906,0.003975,0.21948,0.444375,0.213501,0.101764
TATGGCTAGGCTAATT-1,0.013008,0.158876,0.680125,0.062402,0.037813,0.047777
TATGGGACCGAGCAGG-1,0.000041,0.000083,0.093838,0.851236,0.040041,0.014761
TATGGGTACGTATCGT-1,0.00005,0.000101,0.329081,0.574015,0.017646,0.079107
TATGGTCTGAGTAACA-1,0.000029,0.013754,0.226047,0.552081,0.116753,0.091336
TATGGTTAGTGGGAGA-1,0.000038,0.000075,0.00948,0.566126,0.031124,0.393156
TATGTAAAGTGCTTAA-1,0.005428,0.357718,0.153688,0.114962,0.020428,0.347777
TATGTAGAAACCCGGC-1,0.002666,0.626028,0.1235,0.033177,0.007551,0.207078
TATGTCAAGACCGACT-1,0.000046,0.031703,0.394779,0.408332,0.10304,0.062098
TATGTCTCATTGTGCC-1,0.000033,0.037871,0.458092,0.228507,0.146523,0.128974
TATTAACACCAAAGCA-1,0.001647,0.115369,0.141581,0.117177,0.042373,0.581854
TATTAACCTGACCGCG-1,0.000023,0.319251,0.325222,0.198409,0.014034,0.143061
TATTACCATCCTGCTT-1,0.000019,0.249395,0.480287,0.000215,0.150425,0.119659
TATTATGTTTGCCTGC-1,0.000041,0.058871,0.083186,0.160223,0.029324,0.668355
TATTCAATTCTAATCC-1,0.055089,0.000124,0.004056,0.924634,0.000062,0.016033
TATTCCACTCAGCTCG-1,0.00002,0.176852,0.680851,0.085987,0.030824,0.025466
TATTCCGAGCTGTTAT-1,0.000036,0.048487,0.171153,0.299005,0.114701,0.366618
TATTCCGGCAGTCCTA-1,0.299618,0.353783,0.345574,0.000256,0.000256,0.000513
TATTCCTCCGCCCACT-1,0.015488,0.000193,0.000125,0.537273,0.049684,0.397237
TATTCGTGCCAGAATA-1,0.012583,0.004392,0.429671,0.505592,0.038319,0.009443
TATTGACATTTCTGCC-1,0.00002,0.159213,0.711946,0.114931,0.009027,0.004863
TATTGCCGGGCTTGTA-1,0.000028,0.040636,0.022575,0.465833,0.028306,0.442622
TATTTAGTCTAGATCG-1,0.047843,0.000167,0.001478,0.597599,0.332541,0.020371
TATTTATACCGAGTAG-1,0.124582,0.09338,0.401016,0.000283,0.358803,0.021936
TATTTGATTTGCACAG-1,0.000032,0.149384,0.023509,0.362384,0.016934,0.447757
TATTTGTTACCCTTTA-1,0.052716,0.095622,0.304743,0.2616,0.163106,0.122214
TCAAACAACCGCGTCG-1,0.035977,0.036148,0.704267,0.033215,0.179527,0.010866
TCAAACAATTAGGACA-1,0.03184,0.03457,0.415559,0.269923,0.10804,0.140068
TCAAACTTAGATTGTT-1,0.010567,0.000058,0.145981,0.827176,0.015519,0.0007
TCAAAGAGCTATCTGT-1,0.000025,0.038513,0.019335,0.408141,0.010203,0.523782
TCAAAGTCACGGCGTC-1,0.000008,0.567153,0.291428,0.012924,0.018781,0.109707
TCAAATTATGTTCGAC-1,0.006442,0.096664,0.055396,0.288025,0.000046,0.553427
TCAAATTGTTGTGCCG-1,0.000009,0.323126,0.140157,0.127958,0.044144,0.364607
TCAAATTTGAGACTCA-1,0.000017,0.539895,0.342814,0.079349,0.001033,0.03689
TCAACAAAGATAATTC-1,0.013772,0.12048,0.065062,0.488256,0.006257,0.306174
TCAACACATTGGGTAA-1,0.682212,0.055139,0.183049,0.049649,0.01723,0.012721
TCAACATAGCGCCCTA-1,0.006163,0.038494,0.052681,0.248624,0.127536,0.526502
TCAACATCGACCGAGA-1,0.00001,0.194371,0.587732,0.203135,0.005036,0.009715
TCAACCATGTTCGGGC-1,0.043926,0.000097,0.13546,0.63362,0.142765,0.044132
TCAACGAGGAGACAAA-1,0.005371,0.166823,0.659845,0.05386,0.048126,0.065975
TCAACGCAGGAAATAA-1,0.008516,0.161437,0.167669,0.422921,0.002544,0.236913
TCAACGCGACCGGCAG-1,0.003834,0.075559,0.410826,0.347172,0.05412,0.108489
TCAACTAACGTATAAC-1,0.000013,0.000025,0.033849,0.354048,0.257182,0.354884
TCAACTGCAGAGTCAG-1,0.000016,0.321642,0.419198,0.009817,0.018968,0.230359
TCAAGAAATACTAGCT-1,0.012824,0.107059,0.473591,0.292844,0.02034,0.093342
TCAAGCGCGGACGGTA-1,0.000026,0.111616,0.126166,0.534425,0.029404,0.198362
TCAAGCTGCCTTGAAA-1,0.014751,0.134335,0.594102,0.18746,0.010526,0.058825
TCAAGGTTACTACACC-1,0.000034,0.149871,0.576899,0.164884,0.011972,0.09634
TCAATACAATTGCTGC-1,0.002289,0.01955,0.139103,0.337348,0.274024,0.227687
TCAATACGCCGTCATG-1,0.005896,0.322139,0.164265,0.366083,0.006566,0.135051
TCAATATACAGGAGGC-1,0.000008,0.922757,0.077076,0.000008,0.000008,0.000143
TCAATCCCGCGCCAAA-1,0.000011,0.602114,0.252326,0.042021,0.013968,0.089561
TCAATCCGGGAAGTTT-1,0.002534,0.294676,0.175719,0.170844,0.011422,0.344805
TCACAAACCGAGGTAC-1,0.000018,0.192926,0.179788,0.319844,0.002543,0.30488
TCACAGATCCTCAAAC-1,0.774745,0.027452,0.157345,0.022087,0.00523,0.01314
TCACAGCAAACTCGAA-1,0.005207,0.091487,0.102183,0.640026,0.018089,0.143009
TCACAGGAGAATAAGA-1,0.001554,0.121234,0.133702,0.528758,0.001573,0.213179
TCACAGGGAATCGCAA-1,0.000023,0.019622,0.137308,0.262693,0.124377,0.455977
TCACAGGTTATTGGGC-1,0.000021,0.079754,0.589013,0.130112,0.181053,0.020048
TCACATCTTATCTGAT-1,0.01858,0.029966,0.639119,0.15275,0.130778,0.028807
TCACCCTCTTAAGATT-1,0.000037,0.085584,0.14975,0.525209,0.01954,0.21988
TCACCGCTCGGCACTC-1,0.000048,0.044896,0.135363,0.795884,0.000048,0.023762
TCACGATGTCCGTGGA-1,0.00003,0.018261,0.075827,0.344981,0.038927,0.521974
TCACGATTAATACGTT-1,0.000016,0.61648,0.15406,0.071769,0.007521,0.150155
TCACGCATTGTAGATC-1,0.051056,0.012226,0.227032,0.546298,0.077772,0.085615
TCACGGCCCAAGAGAG-1,0.00001,0.376155,0.247546,0.231817,0.005239,0.139234
TCACGGTCATCGCACA-1,0.045841,0.12747,0.671214,0.002998,0.147434,0.005043
TCACGTGCCCGATTCA-1,0.00234,0.000083,0.008257,0.450263,0.086176,0.45288
TCACTACGACCAATGC-1,0.021759,0.06417,0.37105,0.100466,0.354929,0.087626
TCACTATCCCTTCGGT-1,0.000019,0.702167,0.150379,0.0502,0.010817,0.086419
TCACTATCGTGCAATC-1,0.682093,0.000138,0.000208,0.000069,0.00145,0.316042
TCACTCAGCGCATTAG-1,0.554757,0.003126,0.004689,0.001563,0.001563,0.434303
TCACTCGTGCAACGGC-1,0.000027,0.044199,0.766904,0.000464,0.188351,0.000055
TCACTCTTCGTCTGTC-1,0.551597,0.023425,0.083176,0.257633,0.014689,0.069481
TCAGAACCTCCACAGG-1,0.059383,0.194911,0.436504,0.255248,0.024037,0.029916
TCAGAACGGCGGTAAT-1,0.00001,0.371384,0.088762,0.298341,0.009027,0.232476
TCAGACGCTATAGAAG-1,0.006666,0.106381,0.118632,0.628619,0.012632,0.12707
TCAGAGCATGTCAACG-1,0.000023,0.135814,0.097726,0.119864,0.043535,0.603038
TCAGAGGACGCGTTAG-1,0.000015,0.451655,0.111086,0.08355,0.011844,0.34185
TCAGAGTGTGAGCATG-1,0.001783,0.088114,0.249305,0.358755,0.008891,0.293152
TCAGATGGAGACGTAG-1,0.006227,0.039286,0.50498,0.309781,0.059963,0.079763
TCAGCAAATGCATCTC-1,0.000068,0.000136,0.019105,0.978048,0.000068,0.002575
TCAGCAGTAGGCCCTG-1,0.000017,0.325431,0.161313,0.078696,0.013561,0.420982
TCAGCCAATCCGTAAA-1,0.000029,0.093248,0.08396,0.525876,0.002413,0.294475
TCAGCGCACGCCGTTT-1,0.129054,0.285346,0.094912,0.025375,0.039593,0.42572
TCAGCTTGAGCTTTCG-1,0.000014,0.723015,0.22831,0.005576,0.00857,0.034515
TCAGGGCGACTTCCTT-1,0.058142,0.001573,0.090813,0.427985,0.195043,0.226445
TCAGGGCGCAAACTCG-1,0.064487,0.092036,0.424286,0.23188,0.066018,0.121293
TCAGGGTGCACGAAAC-1,0.022225,0.166168,0.420516,0.091542,0.226647,0.072902
TCAGGGTGTAACGTAA-1,0.00004,0.000435,0.126215,0.449339,0.227387,0.196583
TCAGGTTCTTTGAGAA-1,0.006782,0.002339,0.199748,0.526967,0.258964,0.005199
TCAGTACTGACCCGCG-1,0.136006,0.003678,0.196256,0.277729,0.163181,0.22315
TCAGTAGGGACTATAA-1,0.00764,0.155608,0.379559,0.361381,0.040932,0.05488
TCAGTGTATACGTCAT-1,0.000023,0.24417,0.232005,0.003112,0.080839,0.439851
TCAGTTACGGAATGAT-1,0.000244,0.107424,0.000732,0.053102,0.000244,0.838254
TCATAAGTCCAAGAAG-1,0.000029,0.043288,0.001626,0.787413,0.000029,0.167616
TCATACTTACAGATCC-1,0.070375,0.19891,0.348512,0.100286,0.230259,0.051659
TCATATGAGCTTTGTT-1,0.00003,0.417492,0.256833,0.07997,0.008325,0.23735
TCATCACTCGAGCTCG-1,0.374481,0.000155,0.000233,0.314277,0.043544,0.26731
TCATCCATCTGATCAC-1,0.000013,0.561631,0.168099,0.012033,0.048317,0.209907
TCATCCCAGAGGGTGG-1,0.006273,0.236523,0.569321,0.001161,0.186666,0.000056
TCATCCTCAGCTGCTT-1,0.000016,0.100011,0.069966,0.224261,0.0467,0.559046
TCATCGACGACCGTCG-1,0.000015,0.463628,0.261452,0.1644,0.009778,0.100727
TCATCGATGGTCCCAA-1,0.000018,0.242437,0.291492,0.027218,0.101816,0.337019
TCATGAAGCGCTGCAT-1,0.000017,0.03128,0.012618,0.124392,0.017277,0.814416
TCATGCAGGTTCTCAT-1,0.05697,0.021315,0.63166,0.032232,0.257737,0.000086
TCATGGAGGCCTTTGT-1,0.000057,0.000113,0.00017,0.183475,0.021522,0.794663
TCATTCGTATAATTTG-1,0.000047,0.008888,0.173289,0.152096,0.340269,0.325411
TCATTTAAGTCTCCGA-1,0.001023,0.001073,0.013689,0.830651,0.00675,0.146814
TCATTTAGAAGTGTGA-1,0.024193,0.138247,0.527766,0.233314,0.023794,0.052686
TCCAACTCAGCTATCT-1,0.000022,0.434392,0.000252,0.18516,0.042567,0.337608
TCCAACTTTAAATTCT-1,0.000215,0.058427,0.324655,0.404552,0.098471,0.113681
TCCAAGCCTAGACACA-1,0.026649,0.179637,0.038917,0.374617,0.011127,0.369053
TCCAATAAAGGCTACC-1,0.001902,0.095226,0.042512,0.322745,0.034582,0.503033
TCCAATGCGTCGCCGC-1,0.000013,0.131053,0.153872,0.244833,0.051715,0.418513
TCCACAATGGTTTACG-1,0.000763,0.000056,0.033735,0.149404,0.476454,0.339588
TCCACATCGTATATTG-1,0.000008,0.742046,0.254336,0.000585,0.00021,0.002815
TCCACCAAGACATAGG-1,0.000012,0.526057,0.233484,0.049065,0.027336,0.164046
TCCACCTCTAGCCTTT-1,0.000033,0.108918,0.018356,0.60602,0.000168,0.266506
TCCACTTTATCTAGGT-1,0.004079,0.000115,0.330057,0.619755,0.004389,0.041604
TCCAGAGCACCGGTTC-1,0.093589,0.054694,0.349276,0.494991,0.00505,0.0024
TCCAGATGTACGCCAA-1,0.062577,0.070522,0.425839,0.333656,0.01535,0.092056
TCCAGCGCTATAAGCG-1,0.00002,0.250959,0.233282,0.117185,0.091012,0.307541
TCCAGGCAGGACGATC-1,0.000017,0.399437,0.090855,0.116625,0.037835,0.355231
TCCAGGCGAGTACGGT-1,0.021753,0.045492,0.371133,0.10994,0.392839,0.058844
TCCAGGGTATATACGA-1,0.009279,0.195699,0.150241,0.451403,0.008364,0.185014
TCCATCAATACTAATC-1,0.002036,0.517168,0.233216,0.002604,0.030205,0.21477
TCCATTAGTTGGATAG-1,0.895685,0.037946,0.041092,0.00004,0.025159,0.000079
TCCATTCCCACTAGAG-1,0.000274,0.005762,0.45133,0.4643,0.031418,0.046916
TCCATTGTGACCTCGT-1,0.030705,0.086848,0.194753,0.165476,0.286026,0.236192
TCCCAAACAGACAACG-1,0.002164,0.098243,0.72686,0.116955,0.023133,0.032646
TCCCAAACATCCTCTA-1,0.000013,0.525261,0.110499,0.012416,0.0439,0.307911
TCCCAAAGACGAAGGA-1,0.013015,0.002708,0.053484,0.415338,0.333746,0.181708
TCCCAAAGCCCTAAAT-1,0.00002,0.005069,0.01894,0.781971,0.01435,0.17965
TCCCAATATCGACGAC-1,0.002805,0.206138,0.054658,0.136603,0.001919,0.597877
TCCCACGGAGGGAGCT-1,0.323994,0.00072,0.090266,0.258186,0.00036,0.326474
TCCCACTCTCTTCCGG-1,0.000045,0.008535,0.024061,0.622503,0.03428,0.310576
TCCCAGCACACGACAT-1,0.00003,0.183763,0.486914,0.084524,0.00003,0.244738
TCCCAGCTTTAGTCTG-1,0.000078,0.000156,0.058054,0.811287,0.074951,0.055474
TCCCAGGCTTAGCTAA-1,0.007252,0.04602,0.290819,0.538384,0.077832,0.039693
TCCCGCCTATGTGCGT-1,0.000011,0.279558,0.531672,0.087941,0.016303,0.084515
TCCCGCGTACTCCTGG-1,0.041697,0.119601,0.563787,0.12263,0.140351,0.011935
TCCCGGGTGTGCTGCT-1,0.027523,0.036121,0.414815,0.428829,0.083279,0.009433
TCCCGGTCAGGAATTT-1,0.902552,0.000142,0.037724,0.056856,0.000071,0.002655
TCCCGTCAGTCCCGCA-1,0.000036,0.053422,0.540136,0.053224,0.256244,0.096937
TCCCGTCGCGTCATAG-1,0.000013,0.295093,0.397575,0.000013,0.159724,0.147581
TCCCGTGTGCAATTTG-1,0.000015,0.098573,0.658988,0.001132,0.083635,0.157657
TCCCTAGATCAATAGG-1,0.000035,0.050947,0.117374,0.468577,0.015645,0.347422
TCCCTCCGAAATCGTT-1,0.836435,0.000049,0.000074,0.000025,0.014339,0.149078
TCCCTCTTCTCAAGGG-1,0.000027,0.018912,0.000081,0.592397,0.014614,0.37397
TCCCTGGCGTATTAAC-1,0.000036,0.000073,0.000109,0.11039,0.023491,0.8659
TCCCTGGCTCGCTGGA-1,0.02113,0.014069,0.180239,0.342752,0.191837,0.249973
TCCCTTAGATTACTCG-1,0.030888,0.121611,0.757172,0.000027,0.090249,0.000053
TCCCTTGTCTGAAACT-1,0.000018,0.08768,0.093111,0.472835,0.016588,0.329769
TCCGAACGTTGCCGCT-1,0.000017,0.047623,0.006713,0.15627,0.218817,0.570559
TCCGAACTTGGCTTAC-1,0.000017,0.048832,0.559941,0.16087,0.212699,0.017642
TCCGAAGTAGTCACCA-1,0.026959,0.041819,0.529237,0.167623,0.106287,0.128075
TCCGAATGGTCCTGAG-1,0.014046,0.172965,0.667022,0.085001,0.01732,0.043645
TCCGACCGCTAATCAA-1,0.000011,0.312576,0.095278,0.011249,0.116681,0.464204
TCCGAGAAGGCTAAGC-1,0.999563,0.000097,0.000146,0.000049,0.000049,0.000097
TCCGATAATTGCCATA-1,0.054116,0.031462,0.261805,0.435274,0.164012,0.05333
TCCGATGACTGAGCTC-1,0.04327,0.040967,0.526784,0.344837,0.035936,0.008206
TCCGATGGTGCGACAT-1,0.09227,0.044669,0.174914,0.077869,0.304139,0.306139
TCCGATTACATTGCCG-1,0.030995,0.030943,0.27015,0.388969,0.226856,0.052088
TCCGCAGCCACCTAGC-1,0.813151,0.000123,0.000185,0.113697,0.000062,0.072782
TCCGCCTGTCTACAAG-1,0.000027,0.246382,0.158637,0.53023,0.009983,0.054741
TCCGCGGCAGCATCTG-1,0.000038,0.024327,0.17137,0.772866,0.000038,0.031361
TCCGCGGCCCAATGAA-1,0.000026,0.031155,0.04935,0.84768,0.000035,0.071754
TCCGCTGGGTCGATCG-1,0.006599,0.424012,0.199627,0.202797,0.002804,0.164161
TCCGCTGTCATCCCGG-1,0.014986,0.060132,0.065948,0.641884,0.002372,0.214678
TCCGCTTATCCCATTA-1,0.000029,0.176651,0.341828,0.45249,0.004929,0.024074
TCCGGAGGAAGGGCTG-1,0.091109,0.068425,0.590099,0.16666,0.037122,0.046585
TCCGGCCTAGCGTACA-1,0.048465,0.024606,0.212836,0.657467,0.010266,0.04636
TCCGGCCTGCATCGAT-1,0.073617,0.160657,0.008199,0.000066,0.605267,0.152194
TCCGGCTGTCGGGTCG-1,0.000023,0.071337,0.073765,0.546218,0.005701,0.302957
TCCGGGCCACTAACGG-1,0.000029,0.274658,0.050344,0.225025,0.000029,0.449916
TCCGGGCTTGACGGGA-1,0.000024,0.182047,0.013765,0.257372,0.00951,0.537282
TCCGGTTCGTCCGGTC-1,0.000024,0.309791,0.430428,0.110353,0.051111,0.098294
TCCGTAACCACAATCC-1,0.296774,0.072407,0.36938,0.198089,0.054619,0.008731
TCCGTTAAGCTAATAT-1,0.00004,0.050909,0.011765,0.92042,0.00004,0.016824
TCCGTTTAGCCTTGAA-1,0.006845,0.006571,0.204137,0.44809,0.224447,0.10991
TCCTAAAGATTCAGAC-1,0.000012,0.332494,0.096978,0.365217,0.007659,0.19764
TCCTAAATTGGGAAGC-1,0.003213,0.37457,0.406929,0.168415,0.01218,0.034693
TCCTAACCGTCGGGCA-1,0.000021,0.23326,0.055113,0.378346,0.01343,0.31983
TCCTACATCCACGGCC-1,0.037105,0.02221,0.139386,0.772498,0.000072,0.028729
TCCTAGCAAAGAAGCT-1,0.00033,0.000044,0.000566,0.259256,0.118038,0.621766
TCCTATCATAGGTAAC-1,0.000026,0.036454,0.103159,0.681923,0.009958,0.168481
TCCTCCTAAGACATTC-1,0.022604,0.32164,0.412697,0.063175,0.08754,0.092345
TCCTCGGGCTGGGCTT-1,0.017397,0.036732,0.110806,0.805995,0.001352,0.027717
TCCTCTACGAGATGGC-1,0.023696,0.031615,0.218449,0.228909,0.41911,0.078222
TCCTCTCCAGTTGTCC-1,0.022065,0.013935,0.293525,0.230082,0.360286,0.080107
TCCTCTGGCCCATTAG-1,0.005963,0.045101,0.571831,0.022191,0.294265,0.060648
TCCTGCAGCCGCCAAT-1,0.009405,0.025623,0.02426,0.267928,0.001008,0.671778
TCCTGCCAACTGGAGA-1,0.04389,0.000092,0.276295,0.592867,0.056568,0.030287
TCCTGCGTTGATACTC-1,0.004093,0.00918,0.103369,0.461947,0.078577,0.342834
TCCTGGCGCTGCCTGG-1,0.008481,0.107342,0.642995,0.059793,0.137036,0.044353
TCCTTACGACGGTCCG-1,0.000052,0.000104,0.013114,0.414065,0.040778,0.531887
TCCTTCAATCCCTACG-1,0.002734,0.044508,0.405235,0.491326,0.005884,0.050314
TCCTTCAGTGGTCGAA-1,0.0532,0.096441,0.382921,0.113797,0.222169,0.131472
TCCTTGTCCTTTAATT-1,0.000018,0.273859,0.09433,0.216099,0.05219,0.363505
TCCTTTAAATCCGCTT-1,0.00005,0.185742,0.022354,0.396698,0.015643,0.379513
TCCTTTCTTACGCTTA-1,0.042843,0.000143,0.57127,0.267698,0.075926,0.042119
TCGAAATTTAGGACCA-1,0.051728,0.008396,0.407945,0.404871,0.107211,0.019849
TCGAAGAACCGAGCAC-1,0.000035,0.00007,0.001607,0.963465,0.002684,0.032139
TCGAATATCCCGCAGG-1,0.000027,0.348571,0.16474,0.34638,0.009139,0.131143
TCGAATCGCAGGGTAG-1,0.000013,0.278075,0.10276,0.056585,0.070033,0.492535
TCGACAACTGAACCCG-1,0.016448,0.024144,0.000504,0.558659,0.006265,0.39398
TCGACATAGCGTAGCG-1,0.000012,0.437496,0.290494,0.198492,0.001037,0.07247
TCGACTGACGATGGCT-1,0.000638,0.058107,0.028619,0.13837,0.000056,0.77421
TCGAGACCAACACCGT-1,0.000026,0.000674,0.169813,0.187459,0.272308,0.36972
TCGAGCCAGGCAGGCC-1,0.000029,0.010998,0.008967,0.144541,0.040292,0.795174
TCGAGGGCAACAGACG-1,0.000014,0.203322,0.196609,0.438731,0.018052,0.143271
TCGAGTCTACGATTCG-1,0.069545,0.000093,0.000139,0.483524,0.000046,0.446654
TCGATAGGCTAGTCGC-1,0.634424,0.000111,0.001915,0.000055,0.054399,0.309096
TCGATGTTACGGCCGT-1,0.008506,0.68415,0.152157,0.049134,0.023156,0.082897
TCGATTTACGAAACGA-1,0.00696,0.000055,0.000078,0.107097,0.011227,0.874583
TCGCAAAGATGCATTT-1,0.000023,0.190107,0.403252,0.363226,0.003624,0.039768
TCGCACCAGGAGGCAG-1,0.007145,0.133722,0.375296,0.192894,0.075252,0.215691
TCGCACTAACGTTTGT-1,0.51645,0.044669,0.026377,0.256744,0.143702,0.012058
TCGCATAAAGGGCGCA-1,0.000019,0.17636,0.098952,0.642823,0.003993,0.077853
TCGCATCCCTAAGTGT-1,0.511073,0.098168,0.23661,0.082238,0.040983,0.030928
TCGCATTCAATGACTT-1,0.781602,0.15602,0.035304,0.000041,0.026952,0.000082
TCGCCACCCGGATTAC-1,0.005572,0.827713,0.117088,0.002149,0.010451,0.037028
TCGCCCAACTGACTCC-1,0.002308,0.074536,0.315503,0.063752,0.327749,0.216152
TCGCCCACTGCGAGAG-1,0.009034,0.057838,0.092062,0.531866,0.079801,0.229399
TCGCCGAAGTTGCGTC-1,0.01916,0.025464,0.018253,0.50406,0.089284,0.343778
TCGCCGACATATTCGC-1,0.010633,0.537941,0.23917,0.036745,0.007636,0.167875
TCGCCGCACCGCGTGA-1,0.000028,0.075824,0.068105,0.620702,0.007333,0.228009
TCGCCGGAGAGTCTTA-1,0.879969,0.000071,0.000107,0.00011,0.000036,0.119708
TCGCCGGATGGGCAAG-1,0.022393,0.002795,0.403898,0.509522,0.058812,0.00258
TCGCCGGTCGATCCGT-1,0.00274,0.030021,0.494178,0.110086,0.291062,0.071914
TCGCCTCCTTCGGCTC-1,0.000023,0.509559,0.138657,0.089829,0.007342,0.254591
TCGCCTCGACCTGTTG-1,0.999758,0.000054,0.000081,0.000027,0.000027,0.000054
TCGCGCGTTTACATGA-1,0.000415,0.326862,0.231962,0.254564,0.001358,0.184839
TCGCGTAGCAGTGTCC-1,0.001389,0.002778,0.004168,0.001389,0.018734,0.971541
TCGCGTCCAGAAGGTC-1,0.000652,0.009791,0.510968,0.394404,0.079955,0.00423
TCGCTAAACCGCTATC-1,0.00002,0.150858,0.454918,0.00002,0.372164,0.02202
TCGCTACTGGCTTTGA-1,0.000028,0.417814,0.257579,0.055779,0.015721,0.25308
TCGCTCGATATATTCC-1,0.047029,0.012547,0.199465,0.650765,0.055925,0.034269
TCGCTCGGCACCAGCG-1,0.038151,0.027254,0.115085,0.781063,0.004111,0.034336
TCGCTGCCAATGCTGT-1,0.000013,0.363394,0.221007,0.131429,0.017448,0.266709
TCGCTGGGCGGATTGT-1,0.006318,0.060585,0.427596,0.388162,0.117199,0.000141
TCGCTGTGCGTAAATC-1,0.178363,0.004875,0.000187,0.648063,0.010253,0.15826
TCGCTTAATTACGAAG-1,0.019918,0.210407,0.46707,0.000012,0.27899,0.023603
TCGCTTTAAACGTTTG-1,0.041131,0.022891,0.193767,0.573833,0.069153,0.099224
TCGGAATGACCATCAA-1,0.033103,0.194142,0.27842,0.173864,0.286973,0.033499
TCGGAATGCGCTCTGA-1,0.007012,0.000054,0.152765,0.415522,0.288137,0.13651
TCGGACGCCCAGCCCA-1,0.000059,0.000118,0.14513,0.840491,0.008259,0.005943
TCGGAGAGTATCGGGA-1,0.005174,0.041746,0.053751,0.769316,0.000031,0.129982
TCGGAGTACATGAGTA-1,0.000069,0.000138,0.000208,0.999377,0.000069,0.000138
TCGGAGTCCTGGTTGC-1,0.000026,0.280374,0.065654,0.361565,0.007102,0.285279
TCGGATCTGGATGACC-1,0.000014,0.273331,0.298772,0.058859,0.064463,0.304561
TCGGCAGGGTTAAGGG-1,0.000008,0.804437,0.149851,0.001183,0.010244,0.034277
TCGGCGAACCCAAACC-1,0.000015,0.130228,0.240215,0.399673,0.041803,0.188066
TCGGCGGTATTAGATT-1,0.000012,0.150008,0.643798,0.000012,0.20552,0.000649
TCGGCGTACTGCACAA-1,0.000022,0.097519,0.135452,0.380522,0.048087,0.338398
TCGGCTAACTTCCCTT-1,0.000224,0.000449,0.000673,0.022029,0.000224,0.976401
TCGGCTTGTATCGACG-1,0.000052,0.061979,0.116547,0.672754,0.003992,0.144676
TCGGGAACGTGCCTAG-1,0.017648,0.014549,0.087301,0.650367,0.025875,0.20426
TCGGGAGACAGCGTAC-1,0.000036,0.076952,0.043637,0.481776,0.015127,0.382471
TCGGGATTCAAACATA-1,0.015737,0.055943,0.32969,0.311665,0.120827,0.166139
TCGGGCACTTCTGGAT-1,0.75235,0.002151,0.241196,0.001076,0.001076,0.002151
TCGGGCCGTCGTGGTA-1,0.000029,0.163141,0.690357,0.108203,0.001922,0.036349
TCGGGTGAAACTGCTA-1,0.632071,0.001026,0.247177,0.000513,0.000513,0.1187
TCGGTCCCGACAATAG-1,0.000018,0.2069,0.110934,0.132498,0.049587,0.500063
TCGGTCCCTGACTCCA-1,0.000038,0.055582,0.405927,0.218068,0.193342,0.127043
TCGGTGACCGCTCCGG-1,0.00002,0.124216,0.575982,0.001171,0.287378,0.011232
TCGGTTAGCCATGTAG-1,0.047436,0.030035,0.338457,0.278507,0.277903,0.027661
TCGTAACTCCCAAGAC-1,0.000019,0.289823,0.256475,0.213696,0.03108,0.208907
TCGTAAGACGACATTG-1,0.000056,0.020942,0.401399,0.567716,0.006321,0.003565
TCGTAAGCTCCGAGGA-1,0.000026,0.072851,0.52406,0.096127,0.229983,0.076953
TCGTACCGACGTCAAG-1,0.003159,0.647019,0.144065,0.07837,0.01062,0.116767
TCGTATAGTGCAATTA-1,0.339661,0.00137,0.002055,0.591572,0.000685,0.064656
TCGTATCACCAAGCTA-1,0.009521,0.057219,0.578112,0.151005,0.13571,0.068433
TCGTATTACCCATTGC-1,0.002543,0.002388,0.120443,0.025054,0.495308,0.354264
TCGTATTTCGTCCGGA-1,0.109028,0.142437,0.59015,0.061063,0.096536,0.000787
TCGTCAAGTACGCGCA-1,0.000035,0.128323,0.159953,0.33504,0.000641,0.376008
TCGTCACACTGTTAGC-1,0.063068,0.010871,0.285329,0.411885,0.103951,0.124896
TCGTCCGCTGGCGTCT-1,0.012578,0.102829,0.404224,0.081234,0.355399,0.043736
TCGTCCGGGTACACTC-1,0.033396,0.033923,0.616511,0.123143,0.124042,0.068985
TCGTCTTAGGCGTTAA-1,0.000032,0.054969,0.084079,0.836561,0.000534,0.023825
TCGTGTACTATGGATG-1,0.000272,0.050383,0.819849,0.09588,0.023093,0.010524
TCGTGTATTGGTCACG-1,0.00017,0.078411,0.17164,0.312483,0.010441,0.426856
TCGTGTCACGCTGACA-1,0.000046,0.282274,0.34389,0.269223,0.02663,0.077936
TCGTGTTCGACCACAA-1,0.000066,0.054534,0.12121,0.682909,0.001526,0.139755
TCGTTAGGAGTCCCTA-1,0.000032,0.017435,0.107503,0.345025,0.041711,0.488293
TCGTTCGTTATTATGT-1,0.18364,0.382667,0.00134,0.431014,0.000447,0.000893
TCGTTGACAGGGTCCC-1,0.00002,0.001529,0.342246,0.588491,0.053331,0.014384
TCGTTGCTATCCGGTC-1,0.000037,0.108864,0.227183,0.477022,0.09316,0.093733
TCGTTGGCTCGTCAAT-1,0.973076,0.000155,0.000233,0.026302,0.000078,0.000155
TCGTTTACGCGACCCT-1,0.000021,0.164894,0.143359,0.186381,0.057232,0.448113
TCTAAAGAACAGTCTC-1,0.000007,0.566934,0.327475,0.016182,0.012622,0.07678
TCTAACCTAGCCTGCG-1,0.00477,0.334569,0.047863,0.211406,0.010343,0.391049
TCTAACTGTATGTAAA-1,0.000016,0.021628,0.484141,0.183783,0.264893,0.04554
TCTAATACTGCCTCAG-1,0.000038,0.05548,0.066049,0.249098,0.046255,0.58308
TCTACACGTTCATGCA-1,0.038055,0.074578,0.44939,0.281209,0.096389,0.060378
TCTACCCAATAGAGAG-1,0.000011,0.497228,0.485816,0.000011,0.015945,0.00099
TCTACCCGCATCATTT-1,0.007632,0.580314,0.109807,0.000026,0.015951,0.28627
TCTACCGTCCACAAGC-1,0.001178,0.000089,0.003359,0.155172,0.555798,0.284405
TCTACGCACGATCTCC-1,0.000014,0.668807,0.160011,0.095599,0.000938,0.07463
TCTACGGGCTCAGTTG-1,0.000018,0.056293,0.270198,0.158889,0.260488,0.254114
TCTAGCAATCTCCGCC-1,0.026553,0.106724,0.267051,0.288192,0.022319,0.289161
TCTAGCATCTTCGATG-1,0.08395,0.031387,0.135888,0.639452,0.088855,0.020468
TCTAGCATGCCCAGAA-1,0.012231,0.024515,0.112411,0.361446,0.176256,0.31314
TCTAGGTGGCGACGCT-1,0.05882,0.007937,0.023004,0.777943,0.001454,0.130841
TCTAGTGATATCGTGG-1,0.000058,0.033307,0.264731,0.629116,0.000087,0.072701
TCTAGTTATCAGAAGA-1,0.000761,0.05062,0.340824,0.504475,0.096758,0.006562
TCTATAGGTGGGTAAT-1,0.000025,0.106804,0.061128,0.598343,0.005425,0.228274
TCTATCATGCAGTTAC-1,0.270618,0.104936,0.173403,0.11127,0.308596,0.031177
TCTATCCGATTGCACA-1,0.000009,0.276305,0.169711,0.126526,0.014845,0.412605
TCTATCGGTCGCAACA-1,0.11414,0.0108,0.188375,0.56476,0.106147,0.015779
TCTATGCTATAACGAC-1,0.023756,0.137473,0.000868,0.747373,0.000033,0.090498
TCTATTACGCTGGCGA-1,0.479259,0.009875,0.000389,0.451577,0.014243,0.044658
TCTATTACTAGAGGAT-1,0.008572,0.097591,0.3034,0.384994,0.030578,0.174865
TCTCAAATCAATCGGG-1,0.002828,0.417558,0.092864,0.310618,0.001071,0.17506
TCTCAGGCTACTCGCT-1,0.000044,0.156435,0.234903,0.231622,0.000044,0.376952
TCTCATGAGATAGGGT-1,0.021135,0.000099,0.000149,0.673831,0.00005,0.304736
TCTCCAACGTAGGTTA-1,0.008356,0.078604,0.516186,0.133336,0.145976,0.117541
TCTCCACAAGTTGAAT-1,0.00003,0.0604,0.113399,0.679208,0.031714,0.115248
TCTCCCTGGGCAGCGT-1,0.000035,0.196069,0.359489,0.252828,0.000555,0.191024
TCTCGAACGAGGTCAC-1,0.053966,0.004278,0.418173,0.375995,0.077632,0.069955
TCTCGACGTATCGCCG-1,0.000041,0.000082,0.000123,0.84305,0.006506,0.150197
TCTCGAGGAGGTTCGC-1,0.000033,0.196563,0.025149,0.59523,0.030175,0.15285
TCTCGGCTCCAGGACT-1,0.898061,0.00013,0.012725,0.059717,0.000065,0.029302
TCTCGTGTTACGAGGA-1,0.000037,0.00821,0.000117,0.867374,0.001765,0.122496
TCTCTAATAGCTGGTA-1,0.042259,0.075226,0.292085,0.212311,0.181973,0.196146
TCTCTCGCCGCACATA-1,0.01986,0.169572,0.011326,0.754513,0.000037,0.044692
TCTCTTACCGCGAACC-1,0.010866,0.875796,0.05892,0.00001,0.003809,0.050598
TCTGAACCGGTCGGCT-1,0.100622,0.105019,0.343035,0.009999,0.172213,0.269112
TCTGAACTCGTACCCG-1,0.000027,0.138006,0.35358,0.422768,0.000651,0.084969
TCTGAAGCACGTGGTC-1,0.000025,0.260685,0.423588,0.184951,0.021398,0.109353
TCTGAATTCCGTACAA-1,0.000027,0.145647,0.48161,0.324085,0.01995,0.028681
TCTGACGGGCTAACCC-1,0.030548,0.045273,0.152544,0.697291,0.004835,0.06951
TCTGACTGTAATGGTT-1,0.872869,0.000177,0.000265,0.000088,0.000088,0.126512
TCTGAGCAATTGACTG-1,0.020943,0.050779,0.103696,0.820397,0.000039,0.004146
TCTGATCGGGTGCTAG-1,0.000024,0.002306,0.045629,0.220543,0.145666,0.585831
TCTGATGTATTCTGTC-1,0.000045,0.005969,0.06647,0.907696,0.000045,0.019774
TCTGATTGGAAATGGA-1,0.000009,0.19808,0.390773,0.098178,0.064979,0.247982
TCTGCACCATTAGTAA-1,0.000015,0.104806,0.354091,0.197149,0.06759,0.276348
TCTGCAGATTCGAGTC-1,0.040181,0.000078,0.000133,0.93118,0.000039,0.02839
TCTGCATACCTTGCTT-1,0.033707,0.043985,0.00016,0.879212,0.000053,0.042882
TCTGCCAGAAACTGCA-1,0.000019,0.091834,0.288242,0.539988,0.019269,0.060648
TCTGCGAATCGTTCGC-1,0.008667,0.033676,0.491977,0.319593,0.012473,0.133613
TCTGCGTCCGGTTTCT-1,0.437417,0.214581,0.139538,0.062074,0.059736,0.086653
TCTGCTTAGAACAAGC-1,0.000628,0.028966,0.226335,0.41645,0.086095,0.241526
TCTGGAGCGTAAGAGT-1,0.009497,0.130555,0.442835,0.310725,0.029483,0.076905
TCTGGCCGTTCAAGTT-1,0.000915,0.100659,0.289965,0.537318,0.000059,0.071083
TCTGGCGCAAGCCGGG-1,0.015597,0.054499,0.45925,0.45716,0.008592,0.004901
TCTGGGAACCTTTGAA-1,0.000032,0.067991,0.253573,0.6706,0.000032,0.007772
TCTGGGTAGCGCTCAT-1,0.005154,0.020166,0.173795,0.735968,0.015331,0.049586
TCTGTCATACAAGAGC-1,0.495967,0.000366,0.136323,0.000183,0.016095,0.351066
TCTGTGACTGACCGTT-1,0.813528,0.000158,0.000237,0.030614,0.000079,0.155384
TCTGTGATGGAGGTTG-1,0.000039,0.092615,0.482212,0.064088,0.33066,0.030386
TCTGTGCCATCATAGT-1,0.000067,0.000135,0.050537,0.779528,0.007942,0.161791
TCTGTGGCTACATTTC-1,0.596791,0.000616,0.07203,0.208074,0.022721,0.099769
TCTGTTACCCAGCATA-1,0.000036,0.031264,0.056385,0.567232,0.057858,0.287225
TCTGTTTAGATTGTTC-1,0.000015,0.675809,0.112165,0.058695,0.013849,0.139467
TCTTAACTCGGATGTA-1,0.593226,0.008464,0.203718,0.183658,0.007601,0.003333
TCTTACAGAGGTACCG-1,0.437174,0.000218,0.000328,0.560417,0.00013,0.001734
TCTTACCGGAACTCGT-1,0.000035,0.183453,0.567512,0.12101,0.088831,0.039158
TCTTACGGCATCCGAC-1,0.043028,0.03569,0.096953,0.413769,0.192415,0.218145
TCTTACTTATGCCTCT-1,0.000034,0.150416,0.446052,0.389841,0.000034,0.013624
TCTTAGAGCTCCAATT-1,0.000042,0.002155,0.002551,0.988236,0.000042,0.006975
TCTTAGAGTGAACTCT-1,0.000034,0.109892,0.358306,0.252779,0.043754,0.235235
TCTTATGGGTAGTACC-1,0.849616,0.001429,0.002144,0.000714,0.144668,0.001429
TCTTCCCATGGGCACA-1,0.000027,0.06503,0.303255,0.381529,0.069157,0.181002
TCTTCGAATAGACGTT-1,0.000031,0.000062,0.000378,0.324379,0.042736,0.632414
TCTTCGATACCAATAA-1,0.024392,0.003347,0.194545,0.702625,0.044758,0.030334
TCTTCGCGGTGAGAGG-1,0.00003,0.110549,0.197504,0.5645,0.004852,0.122565
TCTTCTATAACCCGCC-1,0.000027,0.057068,0.346074,0.271286,0.08506,0.240485
TCTTGATGCGTAGCGA-1,0.016973,0.007763,0.278394,0.474865,0.044573,0.177431
TCTTGCTCCCGATACT-1,0.014886,0.351369,0.15072,0.173926,0.022941,0.286157
TCTTGGTAACACCAAA-1,0.00004,0.000206,0.107704,0.203565,0.226759,0.461726
TCTTGGTCAATGATAC-1,0.000015,0.352565,0.14193,0.333542,0.000015,0.171934
TCTTTAAGACTATGAA-1,0.05377,0.014958,0.151284,0.095701,0.000055,0.684232
TCTTTAGAGTCTAACA-1,0.00003,0.117194,0.186959,0.50443,0.008959,0.182429
TCTTTAGCAGGCGAAC-1,0.000024,0.143097,0.580341,0.203278,0.013339,0.059922
TCTTTCATCCGTCCTT-1,0.000021,0.265561,0.188442,0.135301,0.04806,0.362615
TCTTTCCTTCGAGATA-1,0.00003,0.032212,0.065777,0.442245,0.047719,0.412018
TCTTTCGGCGGGACAC-1,0.953739,0.000081,0.000122,0.029268,0.000041,0.01675
TCTTTCTCTTAAGGAG-1,0.013715,0.145829,0.443718,0.262096,0.092613,0.042028
TGAAACCTCAACTCAC-1,0.940073,0.000078,0.000116,0.059617,0.000039,0.000078
TGAAACTTATGCAAGC-1,0.060388,0.081938,0.264504,0.404248,0.117229,0.071693
TGAAAGGACCTGACTC-1,0.007652,0.008731,0.087001,0.857095,0.007291,0.032229
TGAACAAGCAGGGACT-1,0.000011,0.572561,0.227922,0.055691,0.007728,0.136087
TGAACACCCGAAGCAG-1,0.939503,0.000045,0.000068,0.03502,0.000023,0.025341
TGAACCTGAATGTGAG-1,0.031649,0.472406,0.053481,0.180667,0.001669,0.260128
TGAACTGCTATGACTT-1,0.012076,0.116426,0.212688,0.490241,0.028672,0.139897
TGAAGAGCGGTCCTAG-1,0.258079,0.000098,0.000147,0.308232,0.049111,0.384332
TGAAGTAGCTTACGGA-1,0.490517,0.000155,0.000232,0.47573,0.000077,0.033288
TGAATACCGACGCGTA-1,0.000771,0.366694,0.256592,0.180679,0.020439,0.174825
TGAATATGCTATAAAC-1,0.021175,0.078709,0.370825,0.351328,0.088896,0.089066
TGAATGAGATACAGCA-1,0.008525,0.03229,0.283382,0.41468,0.048776,0.212346
TGAATGAGTGTTTCCC-1,0.00001,0.875409,0.086304,0.00001,0.000845,0.037422
TGAATGTCAGCCGGCC-1,0.014658,0.000063,0.000095,0.981232,0.000032,0.003919
TGAATTTCACTTGCCT-1,0.001082,0.03148,0.028859,0.564364,0.019632,0.354583
TGACAACGCATGTCGC-1,0.012966,0.169969,0.576761,0.182571,0.014117,0.043616
TGACAACTTAAAGGTG-1,0.003497,0.430319,0.136624,0.131596,0.001775,0.296189
TGACACTTCTCTTTGC-1,0.043826,0.11244,0.413477,0.043942,0.27328,0.113037
TGACAGAAATCTTGCT-1,0.000144,0.212079,0.117266,0.290726,0.018963,0.360822
TGACAGGACAAGTCCA-1,0.011817,0.085732,0.127581,0.112844,0.035741,0.626285
TGACATATATGACGAT-1,0.003806,0.111732,0.410134,0.137033,0.064735,0.272561
TGACATCGAGCGGACC-1,0.000035,0.073256,0.103577,0.537664,0.063782,0.221686
TGACATGTAACGTGAC-1,0.000072,0.55184,0.195201,0.070108,0.007028,0.175752
TGACCAAATCTTAAAC-1,0.000014,0.480911,0.095558,0.315883,0.000384,0.10725
TGACCAGCTTCAAAGT-1,0.064848,0.10195,0.597479,0.036851,0.163837,0.035035
TGACCCAACTCACATT-1,0.99965,0.000078,0.000117,0.000039,0.000039,0.000078
TGACCCACGTTAGACA-1,0.023433,0.021853,0.416165,0.306059,0.163662,0.068828
TGACCCAGCATTCCCG-1,0.018977,0.095293,0.425639,0.082573,0.239013,0.138505
TGACGAATATTTCCCT-1,0.008181,0.023517,0.028405,0.6535,0.014316,0.272081
TGACGATGCACTAGAA-1,0.000018,0.122085,0.265515,0.522805,0.041204,0.048373
TGACTATAATCCTTTC-1,0.062488,0.10484,0.115046,0.517184,0.026692,0.17375
TGACTCCGAATCATAC-1,0.018153,0.19694,0.097783,0.139158,0.021112,0.526854
TGACTCTAACTGGTAA-1,0.000019,0.345452,0.313383,0.21196,0.002471,0.126715
TGAGAATGCTTTACCG-1,0.003216,0.076309,0.316412,0.136828,0.324534,0.142701
TGAGACGTACCTCTCA-1,0.00002,0.001885,0.004735,0.509056,0.112123,0.372182
TGAGAGATTTACCACG-1,0.000037,0.040032,0.125534,0.743085,0.000711,0.0906
TGAGATCAAATACTCA-1,0.447883,0.000095,0.000142,0.128758,0.062465,0.360657
TGAGATTAGGCCCTAA-1,0.000029,0.07214,0.388756,0.018249,0.461299,0.059528
TGAGCAGTCGTGAAGT-1,0.947898,0.000224,0.000336,0.051207,0.000112,0.000224
TGAGCCATACAGTCTC-1,0.000034,0.000067,0.019356,0.72769,0.076714,0.176139
TGAGCGGAAAGTGTTC-1,0.000028,0.036676,0.062641,0.60383,0.009809,0.287016
TGAGCTCAACTGTATA-1,0.000011,0.370307,0.391507,0.056311,0.034946,0.146918
TGAGCTTTAATGACGC-1,0.000036,0.096516,0.107385,0.000036,0.514172,0.281855
TGAGGAGTGCCAGCTT-1,0.000343,0.522067,0.272441,0.105374,0.012304,0.087471
TGAGGCATGTACTGTG-1,0.042908,0.003952,0.000215,0.265659,0.000072,0.687194
TGAGGTGTGTGGCGGA-1,0.001588,0.587604,0.254954,0.053778,0.015161,0.086915
TGAGGTTGATCCCAAG-1,0.946,0.006512,0.036656,0.000808,0.000028,0.009997
TGAGTAAATTAGCGTA-1,0.000025,0.045217,0.378295,0.188653,0.185194,0.202616
TGAGTGCCTCTTAAAT-1,0.020079,0.114851,0.26942,0.503348,0.008702,0.083601
TGAGTGGTCCGTGACG-1,0.075494,0.026032,0.25125,0.385524,0.098637,0.163063
TGAGTGTAACAACGGG-1,0.000007,0.614069,0.07924,0.000945,0.03978,0.265959
TGAGTTAAAGACATTC-1,0.000025,0.090427,0.222507,0.523416,0.022638,0.140987
TGATACATTTAGCCGT-1,0.016898,0.441726,0.276898,0.095541,0.008717,0.16022
TGATAGCGGGATTCTA-1,0.023497,0.024307,0.712547,0.153469,0.084938,0.001242
TGATCACCACACTGAC-1,0.000105,0.403,0.097493,0.0492,0.027636,0.422565
TGATCAGGGAACTGCT-1,0.002852,0.012563,0.112576,0.132181,0.144925,0.594902
TGATCCCAGCATTAGT-1,0.000046,0.000092,0.029619,0.255579,0.122896,0.591767
TGATCGGTTTGACCCT-1,0.061247,0.000117,0.005246,0.334886,0.228083,0.370422
TGATCTACGCTGATCT-1,0.000058,0.022469,0.24757,0.261771,0.231769,0.236364
TGATCTATCACACTCT-1,0.000021,0.529105,0.222743,0.070426,0.010057,0.167648
TGATCTCCGGCGCCAG-1,0.044815,0.004608,0.198197,0.505584,0.237685,0.009111
TGATGCTCACGTAGTC-1,0.014255,0.130834,0.627922,0.056893,0.141655,0.028441
TGATGGCTGTTTCTGA-1,0.007156,0.00007,0.01982,0.427261,0.248216,0.297477
TGATGGGACTAAGTCA-1,0.986981,0.00008,0.00012,0.00004,0.000082,0.012697
TGATGTCAATTAAGTG-1,0.000028,0.065081,0.089842,0.334526,0.057934,0.452589
TGATTATGGCACGCAG-1,0.002537,0.328445,0.508321,0.000026,0.151706,0.008965
TGATTCAGGTCCCGCG-1,0.000015,0.105793,0.26803,0.191535,0.121297,0.313331
TGATTCCCGGTTACCT-1,0.000024,0.365664,0.33556,0.013397,0.026502,0.258853
TGATTCGTCTATCACT-1,0.027135,0.001513,0.073003,0.722481,0.163852,0.012017
TGATTCTGTCGCCGGT-1,0.00004,0.082809,0.222184,0.545586,0.008531,0.140851
TGATTTATTAGCTGTG-1,0.012287,0.022473,0.233334,0.649348,0.020069,0.062489
TGATTTCCTCCTGACG-1,0.441488,0.000174,0.000262,0.531794,0.000087,0.026195
TGCAAACCCACATCAA-1,0.840176,0.029689,0.077597,0.01721,0.015822,0.019507
TGCAAACGTACTAGTT-1,0.005128,0.457014,0.178716,0.113903,0.010041,0.235198
TGCAAAGTTCGTCTGT-1,0.000017,0.121767,0.029028,0.000512,0.098485,0.750193
TGCAACCCATCTGCGG-1,0.014556,0.178226,0.128823,0.505151,0.016832,0.156412
TGCAACTACTGGTTGA-1,0.00143,0.539021,0.293768,0.041596,0.00694,0.117245
TGCAAGAATGACGTAA-1,0.025157,0.000056,0.031485,0.425976,0.195025,0.322301
TGCAATCTAACACGGT-1,0.00003,0.18303,0.114285,0.627929,0.002671,0.072055
TGCAATTTGGGCACGG-1,0.00874,0.070931,0.455708,0.273882,0.06951,0.12123
TGCACAGTGAAGTTAT-1,0.031553,0.033064,0.328723,0.305077,0.147143,0.154439
TGCACGAGTCGGCAGC-1,0.295144,0.084772,0.308691,0.12005,0.047627,0.143717
TGCACTATGTGAGTGC-1,0.400509,0.00013,0.000195,0.037795,0.000065,0.561306
TGCAGAACTATATCGT-1,0.008894,0.16979,0.228974,0.547002,0.014506,0.030834
TGCAGAGTACCGAGCA-1,0.022171,0.013985,0.31664,0.627757,0.002316,0.01713
TGCAGATCGTCCTAGG-1,0.020222,0.110886,0.228543,0.5129,0.022508,0.104941
TGCAGCTACGTACTTC-1,0.000182,0.098165,0.174141,0.508287,0.069796,0.149429
TGCAGGATCGGCAAAG-1,0.024446,0.019305,0.632888,0.241117,0.073046,0.009197
TGCAGTGAGGCTCGGG-1,0.17805,0.03523,0.256721,0.277699,0.046948,0.205352
TGCAGTGGTAGGGAAC-1,0.00001,0.324344,0.282857,0.25506,0.009726,0.128004
TGCAGTTTCCTCCCAT-1,0.025685,0.096424,0.535701,0.280282,0.028307,0.033602
TGCATATGTCTGTCAC-1,0.000039,0.034159,0.079395,0.507516,0.076537,0.302353
TGCATCTCCGGATCTT-1,0.000036,0.015072,0.389112,0.273563,0.248112,0.074105
TGCATGAGTAGATTCG-1,0.697103,0.000079,0.000119,0.00004,0.000417,0.302242
TGCATGGATCGGATCT-1,0.009871,0.005614,0.393871,0.101803,0.231241,0.257599
TGCATGGCAGTCTTGC-1,0.008304,0.075861,0.483613,0.075625,0.312329,0.044268
TGCATGTGACCCATAG-1,0.001975,0.562318,0.18987,0.102195,0.00984,0.1338
TGCATGTGGTAATCTA-1,0.000987,0.054243,0.188799,0.687803,0.013551,0.054616
TGCCAAAGTCAGACTT-1,0.006804,0.07242,0.13252,0.216695,0.077653,0.493908
TGCCAATGGGTACTCT-1,0.000029,0.195292,0.232689,0.392187,0.009065,0.170738
TGCCACACTAGAGGAA-1,0.000028,0.01082,0.016481,0.680853,0.013093,0.278726
TGCCACCTGGCGAAAC-1,0.020839,0.018129,0.154218,0.644503,0.125595,0.036717
TGCCAGTACGTGGAGA-1,0.000027,0.0176,0.008894,0.87897,0.002477,0.092032
TGCCATGGCTTATAAG-1,0.020445,0.114949,0.520322,0.176522,0.150388,0.017373
TGCCATTACTAAAGAA-1,0.000019,0.134883,0.457355,0.000252,0.362102,0.045389
TGCCCGATAGTTAGAA-1,0.000011,0.287464,0.117126,0.102759,0.097006,0.395634
TGCCCGTACCGTTAAA-1,0.00002,0.107712,0.394263,0.460695,0.005917,0.031393
TGCCGAAAGCGTATTC-1,0.00002,0.064003,0.330791,0.441267,0.005528,0.158392
TGCCGATGTCATCAAT-1,0.999832,0.000037,0.000056,0.000019,0.000019,0.000037
TGCCGGATGTACGAGC-1,0.00002,0.327531,0.127099,0.045242,0.06084,0.439267
TGCCGTGGATCGTCCT-1,0.004785,0.376089,0.460783,0.113449,0.013018,0.031876
TGCCGTGGGACCCAAT-1,0.00002,0.242905,0.045912,0.044607,0.049133,0.617424
TGCCGTTCTTAATCGG-1,0.023099,0.0001,0.000149,0.368052,0.001681,0.60692
TGCCTAAATTTAATAG-1,0.000012,0.118615,0.338474,0.455602,0.014302,0.072994
TGCCTAATTGAAGATT-1,0.104635,0.010797,0.016754,0.781197,0.000052,0.086565
TGCCTGACATCGGTCA-1,0.801191,0.010968,0.12012,0.043794,0.018652,0.005276
TGCCTGATCAAACGAT-1,0.029521,0.037338,0.562532,0.100509,0.252977,0.017123
TGCCTTGCCCTTACGG-1,0.971874,0.000113,0.027787,0.000056,0.000056,0.000113
TGCCTTGGCCAGGCAA-1,0.00002,0.009263,0.000175,0.758193,0.011545,0.220803
TGCGAATATGGGATTT-1,0.000018,0.059517,0.071571,0.287281,0.165403,0.416209
TGCGACACCCTAGTGC-1,0.000029,0.170293,0.107618,0.415696,0.035244,0.27112
TGCGACGGCCGAACGT-1,0.000013,0.637783,0.204889,0.035819,0.003489,0.118007
TGCGAGAAACGTTACG-1,0.970877,0.000049,0.000074,0.028926,0.000025,0.000049
TGCGAGAATATTACCC-1,0.011475,0.164473,0.155849,0.548029,0.021293,0.098881
TGCGAGATGGCGGCCA-1,0.004007,0.202211,0.684799,0.000015,0.108777,0.000191
TGCGAGCCCTTCCGCG-1,0.047865,0.01196,0.219042,0.549284,0.118625,0.053223
TGCGATGCTAATGGCT-1,0.047944,0.283002,0.499839,0.01236,0.133172,0.023684
TGCGCAAAGCATTTGG-1,0.024866,0.082057,0.424408,0.173824,0.180142,0.114704
TGCGCCGTTAATAACG-1,0.001567,0.124631,0.639534,0.164088,0.015555,0.054626
TGCGCGATTAACGGAG-1,0.048291,0.0726,0.277642,0.48443,0.101178,0.01586
TGCGGACTTGACTCCG-1,0.000015,0.464065,0.197183,0.116306,0.048745,0.173686
TGCGGAGTAAAGGTGC-1,0.006898,0.002006,0.150249,0.366335,0.216831,0.257681
TGCGGCATAGTTCAAC-1,0.502697,0.000931,0.001396,0.233344,0.260703,0.000931
TGCGGGTATTGGGATC-1,0.045712,0.642569,0.183536,0.000372,0.127067,0.000744
TGCGGTCTACGAGTAA-1,0.041817,0.097188,0.374517,0.087041,0.339023,0.060415
TGCGGTGAAATTTCAT-1,0.025781,0.045809,0.245868,0.398986,0.221068,0.062489
TGCGTAAGAACCTGAT-1,0.000022,0.113263,0.269352,0.557288,0.013283,0.046793
TGCGTACGGCTAATTG-1,0.005694,0.166821,0.114988,0.464971,0.007858,0.239668
TGCGTCATGACTGAGC-1,0.00002,0.087427,0.13417,0.02862,0.166485,0.583277
TGCGTGATTGGGTGTC-1,0.696353,0.000149,0.000223,0.253209,0.000074,0.049991
TGCGTTTGTTGACACT-1,0.000023,0.418759,0.522195,0.01187,0.02619,0.020964
TGCTAAGTGTCTATTT-1,0.000043,0.138347,0.112978,0.511028,0.000043,0.237561
TGCTATACAAACGGAC-1,0.380804,0.018513,0.014178,0.150611,0.000676,0.435217
TGCTATGGCAAAGGGA-1,0.000012,0.38843,0.217048,0.222262,0.006365,0.165883
TGCTCAAAGGATGCAC-1,0.000898,0.080597,0.069857,0.097905,0.06109,0.689652
TGCTCACACAACAACC-1,0.031563,0.061397,0.284777,0.245286,0.271606,0.10537
TGCTCCACAGTTCTTA-1,0.000026,0.17676,0.532257,0.176481,0.028481,0.085996
TGCTCGGCGAAACCCA-1,0.027205,0.062552,0.036598,0.664375,0.022369,0.186901
TGCTCGGTGGGTCACC-1,0.000019,0.166061,0.124494,0.157037,0.069374,0.483015
TGCTCTGCCGGTTCAC-1,0.00712,0.045553,0.410568,0.284881,0.076211,0.175667
TGCTCTTGAGAGTTTG-1,0.000027,0.405395,0.071235,0.361471,0.00221,0.159662
TGCTGCGTCAGAGTTA-1,0.029344,0.033608,0.305558,0.31816,0.118476,0.194853
TGCTGGTTGGACAATT-1,0.143611,0.007766,0.180842,0.386042,0.102431,0.179307
TGCTGTTGAAGAACTC-1,0.000022,0.018581,0.62932,0.34412,0.003299,0.004659
TGCTTAGAGAGAATGC-1,0.023089,0.103474,0.148434,0.027171,0.033717,0.664116
TGCTTCCCAAGCAGTA-1,0.000125,0.316516,0.372285,0.121025,0.002876,0.187173
TGCTTGAAACCATGCA-1,0.704953,0.003707,0.119652,0.062394,0.008413,0.100881
TGGAAACGGAGTGAAC-1,0.545401,0.180945,0.112329,0.000016,0.159149,0.002159
TGGAACCACTGACACA-1,0.000031,0.012806,0.030417,0.571595,0.034153,0.350998
TGGAAGAAGGGAACGT-1,0.007444,0.140285,0.585588,0.212509,0.022631,0.031543
TGGAAGACGAACACCA-1,0.47013,0.000074,0.000111,0.221737,0.08181,0.226139
TGGAAGGATAAAGATG-1,0.042963,0.020986,0.29739,0.512677,0.120964,0.005021
TGGAATATCCTTGACC-1,0.011608,0.035822,0.132353,0.182904,0.311036,0.326277
TGGAATTAGACGCTTT-1,0.051051,0.004267,0.046199,0.62198,0.068396,0.208106
TGGACACCGTTGCTTG-1,0.145533,0.067825,0.221132,0.046287,0.366092,0.15313
TGGACCAATCTAAGAT-1,0.000022,0.181549,0.164763,0.327198,0.028699,0.297769
TGGACCACGGCGTTGA-1,0.960323,0.000489,0.000145,0.034517,0.000048,0.004478
TGGACGCAATCCAGCC-1,0.00169,0.253158,0.090386,0.187026,0.026882,0.440857
TGGACGTAGGCGAATC-1,0.953592,0.000086,0.000129,0.000043,0.000043,0.046108
TGGACTGTTCGCTCAA-1,0.001592,0.000068,0.163008,0.689611,0.02116,0.124562
TGGAGAATAATCGTCC-1,0.000007,0.442336,0.155079,0.090693,0.015557,0.296328
TGGAGCTAAAGTTCCC-1,0.189369,0.106273,0.138409,0.22131,0.067062,0.277578
TGGAGGGAAACACCTC-1,0.061701,0.024431,0.231808,0.55093,0.017279,0.11385
TGGAGTGATGCGATGA-1,0.040216,0.004668,0.568994,0.336189,0.044946,0.004988
TGGATAGAGTAACAGA-1,0.594891,0.000105,0.000157,0.000052,0.010873,0.393921
TGGATGGCATCTTGGA-1,0.00219,0.296719,0.09513,0.098601,0.01684,0.490518
TGGCAAACTAAATTAC-1,0.000022,0.022213,0.049307,0.824946,0.019812,0.083701
TGGCAACTCGCGCGCC-1,0.000038,0.046664,0.580138,0.050299,0.279056,0.043805
TGGCAAGCACAAGTCG-1,0.022708,0.331545,0.14616,0.112229,0.032248,0.35511
TGGCAATGGGACGGCG-1,0.030591,0.243116,0.204705,0.455065,0.008791,0.057731
TGGCACGAGCTCGAGT-1,0.083928,0.000105,0.116899,0.321609,0.250342,0.227117
TGGCAGATTACGATCA-1,0.000025,0.22012,0.446202,0.271756,0.006915,0.054982
TGGCAGCAGTAATAGT-1,0.036227,0.00328,0.109277,0.420451,0.15164,0.279125
TGGCATGAAGTTTGGG-1,0.000039,0.106618,0.045924,0.287493,0.021612,0.538315
TGGCCAAACTGAAGTA-1,0.034645,0.029275,0.340574,0.497485,0.050412,0.047608
TGGCCAATTTGGTACT-1,0.007714,0.046113,0.055805,0.457714,0.014642,0.418012
TGGCCGTATATTGACC-1,0.000023,0.091344,0.335585,0.028437,0.48376,0.060851
TGGCGACTGCTCCAAA-1,0.000023,0.244218,0.164045,0.416803,0.006679,0.168233
TGGCGATCAAGTTATG-1,0.025837,0.191154,0.390775,0.269601,0.013867,0.108766
TGGCGGTGTGCGATTG-1,0.882589,0.000152,0.000229,0.092792,0.000076,0.024163
TGGCTACACTCTACCT-1,0.000025,0.290642,0.329127,0.330355,0.002692,0.04716
TGGCTATGTGACATAC-1,0.000034,0.340878,0.225268,0.369995,0.000034,0.063792
TGGCTCTTGTCGCGTA-1,0.012816,0.101499,0.099952,0.702936,0.01174,0.071058
TGGCTTATGTATAATG-1,0.034864,0.000099,0.000148,0.221018,0.000049,0.743821
TGGCTTGTACAAGCTT-1,0.005507,0.02691,0.142555,0.34604,0.246725,0.232263
TGGCTTTGGGTAGACA-1,0.019918,0.129349,0.794534,0.0216,0.03455,0.000048
TGGGAAATGCCTTTCC-1,0.029138,0.139454,0.52281,0.216967,0.06678,0.024851
TGGGACCATTGGGAGT-1,0.999641,0.00008,0.00012,0.00004,0.00004,0.00008
TGGGATGCACTCATTC-1,0.176137,0.050565,0.240155,0.002405,0.18926,0.341478
TGGGCAATAGTTGGGT-1,0.000042,0.000084,0.01422,0.976301,0.000042,0.009311
TGGGCACAAACAGAAC-1,0.920074,0.0001,0.00015,0.078094,0.00005,0.001533
TGGGCACGTTCTATGG-1,0.049109,0.000507,0.151272,0.713321,0.065869,0.019922
TGGGCAGGCCACCGCA-1,0.014319,0.334843,0.155509,0.322621,0.038472,0.134236
TGGGCCACAAGAGCGC-1,0.017659,0.034209,0.550984,0.135758,0.236035,0.025354
TGGGCCCATACTAATT-1,0.000042,0.024827,0.150574,0.632558,0.023791,0.168209
TGGGCCTTGCCTGCAT-1,0.734067,0.00016,0.00024,0.007045,0.00008,0.258407
TGGGCGATACAATAAG-1,0.000008,0.532392,0.185675,0.231723,0.000323,0.049879
TGGGTAAGGTTCCCGC-1,0.042246,0.049154,0.379552,0.200545,0.257818,0.070685
TGGGTGCACAAGCCAT-1,0.014126,0.314032,0.195099,0.30175,0.017116,0.157877
TGGGTGGGATGTCATT-1,0.022338,0.055751,0.689599,0.181793,0.036828,0.013691
TGGGTGTAATAGATTT-1,0.000016,0.17311,0.169843,0.40233,0.015971,0.23873
TGGGTGTTAAGTAGAA-1,0.000015,0.496818,0.075207,0.257132,0.002899,0.167929
TGGGTTCCCGGACGGA-1,0.110396,0.001443,0.166714,0.66145,0.034835,0.025163
TGGGTTTCGGGCGTAC-1,0.000016,0.347799,0.150926,0.372425,0.008811,0.120021
TGGTAAGCAGGATTGA-1,0.010488,0.001063,0.004258,0.618363,0.062209,0.30362
TGGTACCGGCACAGCC-1,0.999605,0.000088,0.000132,0.000044,0.000044,0.000088
TGGTAGAATATATGGG-1,0.00003,0.029838,0.091099,0.564853,0.060998,0.253182
TGGTATCGCATCCCAA-1,0.309739,0.001815,0.294711,0.293728,0.016387,0.083621
TGGTATCGGTCTGTAT-1,0.784277,0.038727,0.133817,0.022963,0.009069,0.011147
TGGTCCCACGCTACGG-1,0.000927,0.159704,0.167632,0.403962,0.030258,0.237515
TGGTCGATATACCTCT-1,0.031486,0.406828,0.056215,0.000116,0.000025,0.50533
TGGTCGGGTACAGGGC-1,0.000042,0.27027,0.069574,0.406134,0.002336,0.251643
TGGTCGTGCAAGGCAA-1,0.024954,0.18214,0.321597,0.380045,0.017503,0.073761
TGGTCGTTTGATAGAT-1,0.000051,0.004873,0.345863,0.216133,0.24619,0.186889
TGGTCTAGCTTACATG-1,0.085657,0.086886,0.277062,0.389202,0.109703,0.051489
TGGTCTGTTGGGCGTA-1,0.010956,0.002261,0.126994,0.766099,0.057213,0.036477
TGGTGATCGTATTTGT-1,0.119205,0.051255,0.29548,0.307662,0.223253,0.003145
TGGTGCCCTGCCTTAC-1,0.000013,0.748324,0.136646,0.00404,0.010745,0.100231
TGGTGTGACAGACGAT-1,0.8554,0.000115,0.000173,0.131146,0.000058,0.013108
TGGTTAACTTACATTT-1,0.00005,0.049389,0.025175,0.387872,0.004389,0.533125
TGGTTAAGGGCGCTGG-1,0.000015,0.103304,0.758662,0.082624,0.026988,0.028408
TGGTTATGCTTGCGGT-1,0.014505,0.005542,0.28905,0.491208,0.17696,0.022736
TGGTTCAACGGGTAAT-1,0.000019,0.098425,0.397546,0.46592,0.005536,0.032554
TGGTTCGTAGCAAAGG-1,0.050211,0.001935,0.153052,0.486942,0.19156,0.116298
TGGTTGGAGGATCCTG-1,0.024751,0.013176,0.475328,0.422902,0.042642,0.0212
TGGTTTAAACGTGGGT-1,0.000029,0.012567,0.12533,0.727256,0.005007,0.129811
TGTAACTTGTCAACCT-1,0.772974,0.120265,0.056899,0.00003,0.042881,0.006951
TGTAAGACTGATAAGA-1,0.000007,0.384724,0.299926,0.19223,0.009704,0.113409
TGTAATGACCACAATA-1,0.006345,0.009207,0.101864,0.661817,0.017991,0.202776
TGTAATGCCTTCGGAC-1,0.003678,0.037249,0.368417,0.349283,0.137049,0.104324
TGTACCCGACCCTAAT-1,0.000019,0.130144,0.064653,0.449402,0.00369,0.352092
TGTACCTACACGAGGG-1,0.000043,0.037238,0.005984,0.850939,0.000043,0.105753
TGTACGAACAAATCCG-1,0.006715,0.041815,0.441015,0.270117,0.103274,0.137064
TGTACGCTATCAGCTT-1,0.075975,0.031769,0.510746,0.202225,0.030106,0.149178
TGTACTACTCTCACGG-1,0.025579,0.08107,0.396772,0.163988,0.099005,0.233585
TGTACTATCGCTCGTT-1,0.000033,0.158754,0.070638,0.052641,0.009281,0.708653
TGTACTGTGCCAAAGT-1,0.916122,0.000088,0.000132,0.040849,0.005227,0.037583
TGTACTTCCGGGCATG-1,0.000017,0.532534,0.17673,0.0152,0.058577,0.216941
TGTAGCCAATTCCGTT-1,0.005656,0.390529,0.254407,0.160981,0.011774,0.176653
TGTAGCCATCCCATTC-1,0.000058,0.075624,0.088245,0.71299,0.000058,0.123025
TGTAGGAGAAATTTCC-1,0.000025,0.045329,0.201184,0.493868,0.103206,0.156387
TGTAGTGATCTATAAT-1,0.005041,0.013854,0.352968,0.495513,0.083455,0.049169
TGTATAACAGATCCTG-1,0.000032,0.001292,0.769362,0.226991,0.001523,0.0008
TGTATACGGATGATGA-1,0.000992,0.085531,0.323078,0.398773,0.055997,0.13563
TGTATCAGACTGAAGC-1,0.008148,0.075856,0.595022,0.145984,0.147931,0.027058
TGTATCCTTATTCCAT-1,0.534719,0.115601,0.001245,0.000415,0.347189,0.00083
TGTATGGCGCAGACAG-1,0.000021,0.086582,0.813335,0.090441,0.00079,0.008832
TGTATTTACCTAATGC-1,0.099186,0.085938,0.690734,0.00003,0.124053,0.000059
TGTCATTTGTTGGGAA-1,0.000547,0.100626,0.663197,0.129699,0.032284,0.073647
TGTCCACGGCTCAACT-1,0.004149,0.365602,0.230501,0.338947,0.009877,0.050924
TGTCCCGACATAGCAC-1,0.563004,0.001361,0.002041,0.185131,0.00068,0.247783
TGTCCGCAAACAATTC-1,0.000006,0.621269,0.171678,0.018981,0.004802,0.183265
TGTCCGTGGCGCCTTT-1,0.055992,0.052488,0.54932,0.104076,0.185823,0.052301
TGTCCTAAGTCACCGC-1,0.031078,0.00683,0.212756,0.464775,0.10147,0.183091
TGTCGGCATGGTGGAA-1,0.90015,0.000054,0.000081,0.033883,0.000027,0.065806
TGTCGTGGGTATAGGC-1,0.003424,0.255461,0.063951,0.400764,0.000785,0.275615
TGTCGTTATCACATAT-1,0.039394,0.179443,0.04223,0.120905,0.047189,0.570838
TGTCTACAGTTTCTGT-1,0.431629,0.001059,0.001588,0.120629,0.000529,0.444567
TGTGACTACGCCAGTC-1,0.169051,0.000088,0.02516,0.469487,0.275086,0.061128
TGTGACTAGAGTTTGC-1,0.000028,0.17502,0.0672,0.636792,0.004339,0.11662
TGTGAGACTAGCCCAA-1,0.000022,0.201019,0.268902,0.372831,0.004891,0.152334
TGTGATTCCAGCGCTT-1,0.130995,0.012294,0.341066,0.389949,0.000105,0.125591
TGTGCCAGAGGCAAAG-1,0.005886,0.000064,0.000096,0.597641,0.000032,0.39628
TGTGCCGGTGCCGGAA-1,0.004551,0.189936,0.198556,0.586626,0.00204,0.018291
TGTGCTTTACGTAAGA-1,0.023557,0.004642,0.030638,0.891362,0.007825,0.041977
TGTGGACTATCTACGT-1,0.009514,0.338959,0.553983,0.066705,0.008792,0.022046
TGTGGAGGAAGCTTAA-1,0.46443,0.467302,0.002308,0.000769,0.063651,0.001539
TGTGGCAAAGCGTATG-1,0.000029,0.000058,0.007983,0.929609,0.008894,0.053427
TGTGGCGGGCTTCTGG-1,0.000013,0.635599,0.303276,0.032729,0.000989,0.027394
TGTGGCTCCCACCAAC-1,0.00002,0.101908,0.201116,0.562038,0.029465,0.105453
TGTGGTAGGGTGCCTT-1,0.000014,0.240373,0.436545,0.126603,0.025537,0.170929
TGTGGTTGCTAAAGCT-1,0.003533,0.47877,0.203939,0.132266,0.020141,0.161351
TGTGTAGTAGCACGTG-1,0.006587,0.127008,0.18273,0.378542,0.05423,0.250904
TGTGTCGAAGTCGAGG-1,0.006053,0.010132,0.078009,0.482886,0.075449,0.347471
TGTGTCGCGAGTTGCA-1,0.063923,0.028421,0.059803,0.675113,0.065806,0.106934
TGTGTGACCATGAATC-1,0.003974,0.181755,0.11527,0.467065,0.017365,0.214571
TGTGTTCGTATCCAAG-1,0.021823,0.034353,0.569363,0.183075,0.17123,0.020155
TGTTAACAAAGTGACT-1,0.000973,0.672047,0.156387,0.021396,0.011237,0.137961
TGTTATTGTATGTGGC-1,0.000045,0.024919,0.258948,0.684054,0.006034,0.026
TGTTCATAAATGTGCT-1,0.029911,0.000057,0.02806,0.842527,0.090183,0.009262
TGTTCCGCTTCCATGA-1,0.065584,0.00008,0.021018,0.904783,0.00064,0.007895
TGTTCCGGCCTGAGCT-1,0.015595,0.636038,0.184764,0.00755,0.006733,0.14932
TGTTCGTATTGCGGTG-1,0.000033,0.189729,0.332109,0.284179,0.035933,0.158017
TGTTCTCATACTATAG-1,0.002956,0.133413,0.218884,0.071612,0.046387,0.526748
TGTTCTCTACTCCCTA-1,0.015224,0.121269,0.519729,0.02161,0.208186,0.113983
TGTTCTTCCATTGACT-1,0.063255,0.000113,0.368912,0.428378,0.116643,0.022699
TGTTGATCACTGTTTA-1,0.06231,0.038876,0.365175,0.151843,0.222518,0.159279
TGTTGCCGTCGTCCCA-1,0.00003,0.081006,0.101199,0.319616,0.036492,0.461657
TGTTGGCTGGCGGAAG-1,0.95722,0.000123,0.000184,0.022872,0.000061,0.01954
TGTTGTCAAGAAGTCT-1,0.000038,0.00281,0.673676,0.312812,0.00401,0.006653
TGTTTAATACTTCATC-1,0.005116,0.04127,0.704236,0.072951,0.161228,0.015199
TGTTTCGGTACTTCTC-1,0.065472,0.050602,0.201696,0.46368,0.047927,0.170624
TGTTTCTGAAGCGTGC-1,0.00002,0.451149,0.188881,0.102292,0.037047,0.220611
TGTTTGAGATCGTCAG-1,0.000027,0.174981,0.612238,0.144272,0.034026,0.034456
TTAAACAGAGTCCCGC-1,0.838258,0.000041,0.000062,0.000021,0.018362,0.143256
TTAAACCGGTAGCGAC-1,0.672194,0.0016,0.002401,0.077769,0.0008,0.245236
TTAAACCTGGTTCCTT-1,0.023714,0.043559,0.582132,0.22149,0.118572,0.010533
TTAAACTCGAATTCAT-1,0.015901,0.001737,0.009306,0.896114,0.000147,0.076796
TTAAAGGCGATGCTCG-1,0.000008,0.600931,0.160163,0.093275,0.009192,0.136431
TTAAAGTAAGTCGCCA-1,0.000013,0.004515,0.007422,0.095637,0.098227,0.794185
TTAACACCTCGAACAT-1,0.021746,0.016835,0.153217,0.502107,0.087187,0.218908
TTAACCAACCCTCCCT-1,0.006519,0.02456,0.141727,0.213303,0.364131,0.249759
TTAACCCGAGGCGTGT-1,0.000804,0.060932,0.001647,0.237202,0.000145,0.699269
TTAACGAACAAGCAGT-1,0.000746,0.108753,0.496901,0.141338,0.09197,0.160291
TTAACGTCGCAAGACC-1,0.558532,0.002958,0.108781,0.000347,0.000347,0.329035
TTAACGTTAAAGCCTG-1,0.000009,0.099566,0.280851,0.493766,0.026556,0.099254
TTAACTCACGCGTGGA-1,0.045917,0.004197,0.185619,0.630158,0.107432,0.026677
TTAACTGATCGTTTGG-1,0.000015,0.57045,0.224782,0.057456,0.004358,0.142938
TTAACTTCAGGTAGGA-1,0.01918,0.231092,0.162158,0.424777,0.002907,0.159887
TTAAGACGAACGAACC-1,0.000016,0.182383,0.596068,0.000016,0.220661,0.000856
TTAAGATACCCAGAGA-1,0.000007,0.724121,0.200432,0.036759,0.001895,0.036785
TTAAGATAGGATTGAC-1,0.000032,0.081933,0.425671,0.477074,0.00268,0.012609
TTAAGCCGACAACTTC-1,0.037201,0.035816,0.075667,0.043857,0.6028,0.204657
TTAAGCGCCTGACCCA-1,0.042215,0.000101,0.032836,0.676413,0.196842,0.051593
TTAAGGATACGGAGGT-1,0.999307,0.000082,0.000123,0.000041,0.000041,0.000406
TTAAGGCCCGTACTTT-1,0.000035,0.220959,0.040403,0.357944,0.000036,0.380623
TTAAGTATTGTTATCC-1,0.000032,0.429308,0.203742,0.308754,0.002235,0.055928
TTAATCAGTACGTCAG-1,0.000027,0.091658,0.542166,0.038666,0.284684,0.042799
TTAATGCGAGGTAACT-1,0.369085,0.000966,0.00145,0.627049,0.000483,0.000966
TTAATGTAGACCAGGT-1,0.039288,0.021212,0.213563,0.609541,0.053949,0.062449
TTAATGTGTTTGCAGG-1,0.784552,0.000149,0.000224,0.047944,0.000075,0.167056
TTAATTGCTTTGGGTG-1,0.008399,0.486723,0.245658,0.057465,0.012266,0.18949
TTAATTTCAGACGCGG-1,0.058508,0.002287,0.196364,0.536023,0.140278,0.066541
TTACAACTACGCATCC-1,0.217987,0.009779,0.067564,0.456569,0.154134,0.093967
TTACACGATCTGCGAC-1,0.000038,0.067212,0.055659,0.638971,0.001107,0.237013
TTACAGACCTAAATGA-1,0.006913,0.000044,0.031134,0.356137,0.135529,0.470243
TTACATCGTGGCCTGG-1,0.159502,0.081064,0.142679,0.233656,0.181857,0.201242
TTACATGCCACAACTA-1,0.015326,0.009786,0.074344,0.712819,0.033294,0.154431
TTACCATTGATTACCC-1,0.015825,0.040683,0.375794,0.262358,0.16768,0.13766
TTACCCATTGCCGGGT-1,0.028142,0.000877,0.162031,0.258597,0.031824,0.518529
TTACCCTAACAGTCCT-1,0.079254,0.078971,0.231909,0.519551,0.031951,0.058364
TTACCCTAGGGATTGG-1,0.000038,0.158966,0.149636,0.41787,0.004377,0.269113
TTACCGCCTTAGGGAA-1,0.886708,0.000079,0.030986,0.062582,0.016774,0.002871
TTACGGATGGTTCGAG-1,0.000045,0.02955,0.124168,0.449983,0.12422,0.272033
TTACGGTGTCACCGAG-1,0.777017,0.000182,0.000273,0.201708,0.000091,0.020728
TTACGTAGCGCGTGCT-1,0.034018,0.13803,0.253994,0.022471,0.490954,0.060533
TTACGTATCTATGACA-1,0.000024,0.013673,0.010614,0.511519,0.02446,0.439711
TTACTAAAGGACTTTA-1,0.014229,0.056798,0.061561,0.667098,0.00076,0.199555
TTACTATCGGCTTCTC-1,0.018941,0.000257,0.267824,0.682838,0.010048,0.020092
TTACTCCGGCCGGGAA-1,0.000039,0.000079,0.058318,0.930058,0.000039,0.011466
TTACTCTGGTACGTAC-1,0.003517,0.164824,0.290673,0.182354,0.1274,0.231231
TTACTGGGATATTTCA-1,0.005441,0.026161,0.030399,0.684767,0.061816,0.191415
TTACTGTCTAGAGCTC-1,0.049362,0.000102,0.135996,0.742362,0.01322,0.058958
TTACTGTTTCTCTACG-1,0.497942,0.002084,0.003126,0.493722,0.001042,0.002084
TTAGAAGAACATGACT-1,0.001774,0.24628,0.268854,0.242492,0.034873,0.205728
TTAGAATAAGGGTCGG-1,0.000016,0.263014,0.169489,0.148659,0.034087,0.384735
TTAGACACGATCGTTG-1,0.03933,0.003579,0.111063,0.113102,0.217576,0.515351
TTAGACGAGTCACCTC-1,0.000017,0.263313,0.702298,0.028403,0.003812,0.002156
TTAGAGGGATATACAG-1,0.000023,0.515457,0.127095,0.094708,0.00795,0.254766
TTAGAGTATTGTCGAG-1,0.004619,0.580594,0.152416,0.075648,0.012116,0.174607
TTAGAGTTTAGAAGGA-1,0.023372,0.093151,0.275415,0.55034,0.008911,0.048812
TTAGATAGGTCGATAC-1,0.536065,0.03638,0.166799,0.121326,0.12549,0.01394
TTAGCAACATGGATGT-1,0.207759,0.047272,0.16609,0.062643,0.169975,0.34626
TTAGCATCCCTCACGT-1,0.005622,0.772376,0.129381,0.015865,0.012948,0.063807
TTAGCCATAGGGCTCG-1,0.000019,0.476396,0.082887,0.187819,0.010909,0.241972
TTAGCGAATAGATAGG-1,0.003184,0.004284,0.000099,0.083545,0.000033,0.908854
TTAGCTAATACGATCT-1,0.000027,0.035784,0.79269,0.1393,0.02549,0.006708
TTAGCTCTGTAATCCG-1,0.001298,0.00006,0.032795,0.285831,0.418803,0.261214
TTAGCTGATTTGCCGT-1,0.00004,0.081095,0.117811,0.61345,0.011251,0.176353
TTAGGATGGGAGGGTA-1,0.000021,0.037791,0.095904,0.562645,0.049141,0.254497
TTAGGTCATAACCGAC-1,0.000015,0.524167,0.389558,0.004803,0.026485,0.054973
TTAGGTGTGACTGGTC-1,0.981729,0.000089,0.000134,0.000045,0.000045,0.017959
TTAGTAAACCTGCTCT-1,0.000027,0.311533,0.467774,0.120722,0.01652,0.083424
TTAGTAGGGCGGCGGG-1,0.013959,0.032389,0.393284,0.429812,0.080071,0.050484
TTAGTTATTCGTGGCA-1,0.00005,0.029309,0.175855,0.761061,0.002061,0.031663
TTAGTTCAAGTGTTCG-1,0.010796,0.036086,0.392197,0.525581,0.002847,0.032493
TTATAGATGCACATTA-1,0.876103,0.002198,0.003298,0.001099,0.115103,0.002198
TTATAGGTAATTGTCT-1,0.000045,0.198207,0.119969,0.158259,0.064885,0.458634
TTATAGTCCAAGGTGC-1,0.029934,0.026031,0.383748,0.178991,0.18754,0.193756
TTATATACGCTGTCAC-1,0.000043,0.02322,0.062081,0.873355,0.033346,0.007955
TTATATTTGGCAATCC-1,0.012956,0.000131,0.198909,0.548033,0.112229,0.127743
TTATCATACTCGCAAA-1,0.859196,0.000095,0.000143,0.140423,0.000048,0.000095
TTATCCAATCGAACTC-1,0.883047,0.06929,0.023384,0.000038,0.024164,0.000077
TTATCCGGGATCTATA-1,0.000039,0.091025,0.224307,0.624381,0.000224,0.060024
TTATCCTCAAGGAATA-1,0.00002,0.162083,0.069734,0.515522,0.001555,0.251086
TTATCGCCTGCGAAGC-1,0.026461,0.003244,0.245319,0.514773,0.204346,0.005857
TTATCTGACATTAGGA-1,0.009028,0.104625,0.048505,0.759471,0.00123,0.07714
TTATCTGTATCATAAC-1,0.000069,0.000138,0.04323,0.630414,0.169944,0.156205
TTATGAATGAAAGGGA-1,0.017108,0.226767,0.555413,0.117509,0.037481,0.045723
TTATGACAAACTGGAT-1,0.010463,0.006268,0.132273,0.256651,0.432156,0.162189
TTATGATCTTAACGAA-1,0.005992,0.013067,0.08928,0.429442,0.052219,0.41
TTATGCGTCCCGGTCC-1,0.855434,0.014366,0.000185,0.129829,0.000062,0.000124
TTATGTTTGCGATAGA-1,0.068901,0.017299,0.193764,0.176835,0.505057,0.038144
TTATTAGAGCGTGTTC-1,0.00004,0.063665,0.221437,0.662001,0.00004,0.052818
TTATTAGGGAAGCATC-1,0.03938,0.073692,0.291493,0.208817,0.217371,0.169247
TTATTATCTGGAAGGC-1,0.000017,0.22013,0.454673,0.078448,0.064991,0.18174
TTATTTAGGTTCCTTA-1,0.000029,0.374436,0.198007,0.31944,0.000664,0.107426
TTATTTCATCCCAAAC-1,0.834015,0.000128,0.000192,0.165472,0.000064,0.000128
TTCAAAGTCTCTAGCC-1,0.057051,0.032126,0.269089,0.611876,0.002121,0.027738
TTCAACGACCCGACCG-1,0.079567,0.068663,0.166126,0.513159,0.097235,0.07525
TTCAAGCCGAGCTGAG-1,0.046493,0.030444,0.491443,0.358578,0.053214,0.019828
TTCAATACTCTGAATC-1,0.00003,0.132382,0.316471,0.530271,0.002279,0.018566
TTCAATTAGCCATAAT-1,0.192476,0.135656,0.350859,0.262706,0.012062,0.046241
TTCACGAAAGGATCAC-1,0.031505,0.034016,0.313441,0.60053,0.012402,0.008107
TTCACGGTCGTCACGT-1,0.000018,0.316656,0.225528,0.283883,0.030395,0.14352
TTCACTCGAGCACCTA-1,0.000028,0.133253,0.177209,0.317056,0.051276,0.321179
TTCACTTCCTAGAACG-1,0.000018,0.409182,0.099699,0.117901,0.018164,0.355035
TTCAGAGTAACCTGAC-1,0.604811,0.128734,0.007803,0.00004,0.097531,0.161081
TTCAGCCCTGGTCCAC-1,0.000027,0.000101,0.00682,0.239457,0.248451,0.505144
TTCAGCTGGCGTGCCC-1,0.000087,0.001688,0.470161,0.227911,0.000087,0.300066
TTCAGGCGTCAAAGCC-1,0.007266,0.100105,0.153224,0.537825,0.01255,0.189029
TTCAGTTCAAGAGGAG-1,0.004506,0.164491,0.069293,0.149045,0.034372,0.578293
TTCAGTTTGTGGCAGC-1,0.06672,0.026779,0.297423,0.275472,0.29511,0.038495
TTCATAGCCTTGTAAC-1,0.864698,0.085979,0.049126,0.000049,0.000049,0.000099
TTCATAGGGTGTCCAT-1,0.755189,0.000146,0.00022,0.244225,0.000073,0.000146
TTCATGGCGCAACAGG-1,0.048982,0.000077,0.033339,0.2327,0.249359,0.435543
TTCCAATCAGAGCTAG-1,0.000022,0.024963,0.85114,0.113227,0.009902,0.000746
TTCCAATCTGGCTATC-1,0.000031,0.208998,0.296308,0.38105,0.009246,0.104368
TTCCACACAGATTTGA-1,0.000031,0.167278,0.204757,0.41561,0.049992,0.162332
TTCCACATTTCTCGTC-1,0.20517,0.00058,0.00087,0.00029,0.00029,0.7928
TTCCAGACGAGATTTA-1,0.000029,0.001504,0.002792,0.941822,0.006609,0.047244
TTCCAGTGGGTTTCGT-1,0.000024,0.488515,0.054626,0.248285,0.007382,0.201167
TTCCATCATGCGGTGA-1,0.082946,0.064906,0.581212,0.067004,0.203184,0.000748
TTCCATCGACAGCGTG-1,0.000041,0.099167,0.206562,0.64163,0.007446,0.045156
TTCCCAAAGTACTGAT-1,0.000055,0.072269,0.00287,0.239894,0.000055,0.684855
TTCCCGACGCTTCACT-1,0.056075,0.188758,0.218883,0.234591,0.115692,0.186001
TTCCCGGCGCCAATAG-1,0.00001,0.26362,0.243613,0.09685,0.052847,0.343059
TTCCGCAGAGAAATAT-1,0.015241,0.038332,0.491137,0.413629,0.027143,0.014517
TTCCGCGTGAGGCGAT-1,0.000022,0.203713,0.666428,0.051264,0.027491,0.051082
TTCCGGCCTTGAGGCT-1,0.000034,0.065604,0.129375,0.502623,0.036657,0.265708
TTCCGGCTCGACTTCT-1,0.000023,0.20987,0.47536,0.000023,0.307398,0.007327
TTCCGGTATCTGTGTC-1,0.001098,0.232967,0.497043,0.258398,0.002781,0.007712
TTCCGGTTACCCACTT-1,0.00005,0.003524,0.086743,0.835847,0.00005,0.073786
TTCCTCGAGGGTGTCT-1,0.000365,0.049291,0.035542,0.003675,0.628396,0.28273
TTCCTCGGACTAACCA-1,0.000022,0.098847,0.198852,0.639662,0.001159,0.061457
TTCCTCTGCCCGAATA-1,0.000022,0.000043,0.01135,0.56157,0.140401,0.286614
TTCCTTTCTGTGTTGC-1,0.861574,0.048629,0.068103,0.000062,0.000062,0.02157
TTCGAACGAAACATGC-1,0.00856,0.350603,0.152459,0.172911,0.008603,0.306863
TTCGACAGAGCCCGTG-1,0.000023,0.189089,0.393692,0.294362,0.021804,0.101032
TTCGACGGGAAGGGCG-1,0.038642,0.007659,0.06476,0.340947,0.260705,0.287286
TTCGAGCCGGCGCTAC-1,0.001844,0.100593,0.498368,0.040134,0.312873,0.046188
TTCGCACTCGCGTGCT-1,0.035282,0.009376,0.127506,0.476276,0.243393,0.108167
TTCGCACTGTACGACA-1,0.000046,0.387335,0.052868,0.491571,0.000046,0.068134
TTCGCATCCGGAAGCA-1,0.742606,0.117475,0.087875,0.000034,0.023502,0.028509
TTCGCCGCTCGCGCTA-1,0.000063,0.000126,0.000189,0.269089,0.001693,0.72884
TTCGCGCGCCATACGA-1,0.002578,0.559554,0.406181,0.004435,0.012361,0.014892
TTCGCTAGGAAGTTGT-1,0.000038,0.063571,0.131483,0.795385,0.000038,0.009486
TTCGCTATCTGACGTG-1,0.010578,0.004801,0.075132,0.114364,0.587774,0.207351
TTCGGACTGATGCCTT-1,0.022804,0.033617,0.163406,0.002926,0.542213,0.235035
TTCGGACTGGGCATGG-1,0.021375,0.344326,0.327622,0.035721,0.011925,0.25903
TTCGGCAACCCGCTGA-1,0.000024,0.126862,0.408071,0.002114,0.385509,0.07742
TTCGGCTAGAGATGGT-1,0.253928,0.000146,0.008303,0.277364,0.168679,0.291579
TTCGGGACTAATCGCG-1,0.000021,0.038875,0.636938,0.290424,0.015119,0.018623
TTCGGGCGCTAGTCTT-1,0.000048,0.152312,0.11045,0.580912,0.008747,0.147531
TTCGGGTTGCCACGGG-1,0.000026,0.170488,0.186879,0.51641,0.017422,0.108775
TTCGGTACTGTAGAGG-1,0.000018,0.258588,0.345297,0.147489,0.023254,0.225354
TTCGGTGGAGACGCCC-1,0.002678,0.054562,0.238095,0.246703,0.044019,0.413943
TTCGTAATCCCAGCGG-1,0.000054,0.000117,0.021723,0.268269,0.322329,0.387508
TTCGTACTCCAGAACG-1,0.059114,0.000074,0.216569,0.507493,0.063205,0.153544
TTCGTGCATGTTATAG-1,0.000045,0.07704,0.022182,0.188362,0.002096,0.710276
TTCGTGGGCTGGAAGC-1,0.000036,0.098341,0.738909,0.076376,0.06856,0.017777
TTCGTTCAACGAAGTT-1,0.014778,0.02637,0.418878,0.452781,0.054402,0.032789
TTCTAACCGAAGCTTA-1,0.000041,0.046717,0.293526,0.599794,0.007496,0.052426
TTCTACCTCAATCGGT-1,0.000023,0.303537,0.313941,0.118024,0.005605,0.258869
TTCTACCTTTATGTTG-1,0.000043,0.117701,0.516859,0.155283,0.139227,0.070887
TTCTACTTGCGAGGGC-1,0.005312,0.097004,0.243915,0.102208,0.296266,0.255296
TTCTAGAAAGTCTTAT-1,0.000033,0.155333,0.043828,0.432787,0.003771,0.364247
TTCTAGGCCAATTGTG-1,0.044436,0.105291,0.372438,0.223222,0.168478,0.086135
TTCTATGCCTTTCGCA-1,0.006793,0.011434,0.065446,0.575706,0.035093,0.305528
TTCTATTAAACGCAGC-1,0.005751,0.535322,0.137756,0.121083,0.016461,0.183628
TTCTCAATTGCTACAA-1,0.00001,0.430864,0.185826,0.303855,0.003307,0.076138
TTCTCTTACAGGTGAT-1,0.000021,0.475126,0.139194,0.092367,0.008047,0.285246
TTCTGACCGGGCTCAA-1,0.000034,0.119788,0.128895,0.538476,0.012408,0.200399
TTCTGCCGCGCCTAGA-1,0.000025,0.1252,0.349892,0.315701,0.022552,0.18663
TTCTGCGAGCGCCCTT-1,0.00002,0.053176,0.312823,0.077209,0.459981,0.09679
TTCTGCGGGTTAGCGG-1,0.001475,0.015125,0.145532,0.773781,0.004521,0.059568
TTCTGCTAGACTCCAA-1,0.000043,0.000085,0.000128,0.531975,0.072763,0.395006
TTCTGTTTCCTGTCGC-1,0.137176,0.012196,0.030617,0.398059,0.151183,0.270768
TTCTTAGTGAACGGTG-1,0.200967,0.159046,0.204489,0.243535,0.008642,0.183321
TTCTTAGTGGCTCAGA-1,0.02493,0.146508,0.631699,0.016277,0.152412,0.028174
TTCTTATCCGCTGGGT-1,0.000037,0.110609,0.484664,0.23204,0.009305,0.163345
TTCTTCCCTTTGATAT-1,0.496932,0.00137,0.002055,0.497587,0.000685,0.00137
TTCTTCGCAATAGAGC-1,0.291904,0.066161,0.179364,0.21106,0.216942,0.034569
TTCTTGAGCCGCGCTA-1,0.000045,0.105289,0.197024,0.434854,0.026265,0.236523
TTCTTGCTAGCATCTC-1,0.050271,0.000074,0.002061,0.808881,0.008588,0.130125
TTCTTGGACGATCTGC-1,0.023851,0.007336,0.023262,0.005949,0.000055,0.939547
TTCTTGGAGTAATGAG-1,0.000039,0.012571,0.205826,0.070362,0.523204,0.187999
TTCTTGTAACCTAATG-1,0.056169,0.000728,0.015342,0.730785,0.053816,0.14316
TTCTTGTGTCCATCAG-1,0.026932,0.066583,0.593184,0.045473,0.237192,0.030636
TTCTTTGGTCGCGACG-1,0.019593,0.003502,0.219851,0.716266,0.013172,0.027617
TTGAAACCCTCATTCC-1,0.000022,0.332388,0.12946,0.424084,0.009667,0.104379
TTGAAAGGTGTAAAGG-1,0.000038,0.051167,0.291197,0.284592,0.209096,0.16391
TTGAACGAATCCTTTG-1,0.177032,0.031813,0.149958,0.426007,0.005249,0.209941
TTGAACGACGTGCTGA-1,0.000024,0.168494,0.365733,0.40431,0.00418,0.057258
TTGAAGAATTCCCAGG-1,0.033852,0.011331,0.214749,0.628137,0.072573,0.039358
TTGAAGGATGGGCGCC-1,0.004081,0.239723,0.144041,0.156549,0.011487,0.444119
TTGAAGTGCATCTACA-1,0.035087,0.106047,0.000321,0.234665,0.000107,0.623773
TTGAATATGGACTTTC-1,0.021126,0.000129,0.028232,0.947637,0.000064,0.002812
TTGAATCGTTGTATAA-1,0.002086,0.068349,0.056302,0.4595,0.001954,0.411809
TTGAATTCACGTGAGG-1,0.011686,0.000452,0.005428,0.873245,0.000735,0.108454
TTGACAGGAGCTCCCG-1,0.000015,0.35103,0.637439,0.000016,0.008384,0.003116
TTGACATGAACGTGGA-1,0.000021,0.111002,0.273802,0.379582,0.015175,0.220418
TTGACCAGGAACAACT-1,0.00001,0.369558,0.351213,0.180905,0.008157,0.090157
TTGACCATGTTCTCCG-1,0.010799,0.049053,0.150533,0.412983,0.293037,0.083596
TTGACCGTGTTAATGA-1,0.000013,0.395764,0.482885,0.015581,0.0627,0.043057
TTGACGATTCAGCACG-1,0.211872,0.001389,0.002084,0.000695,0.000695,0.783266
TTGACGCTCCATGAGC-1,0.000047,0.216606,0.472587,0.175814,0.000047,0.134899
TTGACTACCATATGGT-1,0.000035,0.055302,0.192522,0.636836,0.040056,0.075249
TTGACTATTGTCCGGC-1,0.040407,0.136738,0.314453,0.360215,0.000073,0.148113
TTGAGAAGTTTAGCAT-1,0.000043,0.115052,0.244515,0.602547,0.002852,0.034991
TTGAGAGTACTGCTAA-1,0.017373,0.028876,0.081789,0.263602,0.038503,0.569857
TTGAGCAGCCCACGGT-1,0.007367,0.010983,0.021659,0.796492,0.039478,0.124021
TTGAGCGCCACGTGAT-1,0.000019,0.092712,0.569086,0.06552,0.076508,0.196154
TTGAGGCATTTAACTC-1,0.034439,0.070276,0.416976,0.162615,0.23656,0.079134
TTGAGGGTCGAACGCG-1,0.048923,0.009109,0.287795,0.391749,0.193634,0.06879
TTGAGTCCCGCTGCTG-1,0.005861,0.159789,0.129417,0.619595,0.008742,0.076595
TTGATAGTCAATACAT-1,0.009745,0.007734,0.04993,0.854942,0.00418,0.073469
TTGATCTAACTTTGTC-1,0.041736,0.000124,0.138681,0.640922,0.174766,0.003771
TTGATGCCGCTCGTCG-1,0.000019,0.476418,0.264746,0.146014,0.000695,0.112108
TTGATGTGTAGTCCCG-1,0.032577,0.061611,0.338676,0.369776,0.134618,0.062743
TTGATTAGCTGTTTCT-1,0.000032,0.202605,0.448185,0.17088,0.054122,0.124175
TTGATTATGCAGATGA-1,0.032323,0.04137,0.510297,0.171054,0.238323,0.006632
TTGCAAGAAGACTCCT-1,0.004931,0.625459,0.119281,0.06157,0.005183,0.183576
TTGCACAATTCAGAAA-1,0.000017,0.165553,0.365622,0.168206,0.117322,0.18328
TTGCACGGAGCAGCAC-1,0.032501,0.044979,0.673033,0.06133,0.184331,0.003826
TTGCAGGTCATGAAGT-1,0.110081,0.01773,0.66063,0.133034,0.07478,0.003744
TTGCATGCTGATCACG-1,0.013899,0.056201,0.185298,0.500223,0.027797,0.216582
TTGCCAAGCAGAACCC-1,0.000018,0.000037,0.000055,0.985914,0.000018,0.013957
TTGCCATAGCCCGCTC-1,0.056072,0.236744,0.110912,0.09357,0.03261,0.470092
TTGCCCTGATCACGGG-1,0.02848,0.001997,0.103379,0.649063,0.063229,0.153852
TTGCCGCAGACCTACA-1,0.002395,0.227426,0.08261,0.106704,0.05407,0.526795
TTGCCGCTTTCTAGTA-1,0.017654,0.292635,0.02852,0.284989,0.010689,0.365513
TTGCCGGTGATCCCTC-1,0.019609,0.162707,0.423553,0.056002,0.206103,0.132026
TTGCCTAATCCAAAGT-1,0.000013,0.420046,0.210714,0.160973,0.013254,0.195
TTGCCTTCTCGCCGGG-1,0.000019,0.139878,0.121014,0.311027,0.009446,0.418615
TTGCGCACAACCACGT-1,0.005884,0.151196,0.156804,0.053256,0.001234,0.631627
TTGCGCTCTCTCGCTT-1,0.056449,0.09756,0.749711,0.022439,0.068469,0.005371
TTGCGCTTGATCAATA-1,0.001579,0.188903,0.305171,0.186942,0.028326,0.289079
TTGCGGAAAGCTGCCC-1,0.004837,0.531273,0.184961,0.02036,0.008203,0.250367
TTGCGGCATCAGAAAG-1,0.026895,0.111246,0.350358,0.17332,0.021473,0.316708
TTGCGGCGACTCATGC-1,0.292875,0.002106,0.003159,0.698701,0.001053,0.002106
TTGCGTAGTTTGAGGA-1,0.23077,0.007788,0.335778,0.272761,0.086775,0.066128
TTGCGTCGGCCAACCG-1,0.013419,0.42922,0.174218,0.142165,0.019901,0.221077
TTGCGTGAACGCTTAG-1,0.00005,0.005988,0.184936,0.114301,0.438889,0.255836
TTGCGTGTGTAGGCAT-1,0.000019,0.381884,0.260147,0.139076,0.008382,0.210493
TTGCTAGCTACCAATC-1,0.622116,0.00005,0.000075,0.000025,0.113372,0.264363
TTGCTCATAGTACGTG-1,0.000019,0.242407,0.196292,0.252944,0.015979,0.29236
TTGCTCCCATACCGGA-1,0.002262,0.001558,0.362134,0.250042,0.221921,0.162084
TTGCTGAAGGAACCAC-1,0.012669,0.000072,0.053868,0.408951,0.276888,0.247553
TTGCTGATCATGTTCG-1,0.000099,0.000197,0.000296,0.917579,0.020302,0.061527
TTGCTGCACCTATCCA-1,0.033501,0.090385,0.310908,0.337697,0.168831,0.058679
TTGCTGGCCGGGCTTC-1,0.010752,0.048452,0.212429,0.000616,0.387193,0.340558
TTGGAAGAATACAGTC-1,0.000019,0.193592,0.462344,0.285988,0.005749,0.052309
TTGGACATGTGGCTTA-1,0.012751,0.139051,0.667071,0.095189,0.018891,0.067048
TTGGACCATCTGGCAA-1,0.017683,0.140292,0.275278,0.526744,0.002766,0.037237
TTGGACCTATAACAGT-1,0.000038,0.023408,0.001265,0.838564,0.000038,0.136687
TTGGAGTCTCCCTTCT-1,0.777478,0.000266,0.000399,0.156279,0.000133,0.065446
TTGGATATCGTCTACG-1,0.000027,0.166595,0.350211,0.27322,0.068726,0.14122
TTGGATCGACTTCTGG-1,0.479116,0.001942,0.002913,0.513115,0.000971,0.001942
TTGGATTGGGTACCAC-1,0.177182,0.196863,0.42383,0.013227,0.171256,0.017642
TTGGCCAAATTGTATC-1,0.000263,0.408453,0.244743,0.016579,0.06679,0.263173
TTGGCCATCTTGCGCT-1,0.600347,0.000153,0.00659,0.387014,0.000076,0.005819
TTGGCCTAGAATTTCG-1,0.03644,0.000146,0.154062,0.72364,0.051053,0.034659
TTGGCGATCCGAATAT-1,0.002579,0.057627,0.246908,0.624535,0.004913,0.063438
TTGGCTCAATATGTGT-1,0.00002,0.197229,0.038443,0.605536,0.003519,0.155253
TTGGCTCGCATGAGAC-1,0.002948,0.042859,0.767367,0.052336,0.134447,0.000044
TTGGGAAGACGAGCCG-1,0.000007,0.68157,0.254015,0.030364,0.003312,0.030733
TTGGGACACTGCCCGC-1,0.021016,0.000129,0.251215,0.636491,0.000069,0.09108
TTGGGACGTAAGAGTT-1,0.000042,0.069757,0.028136,0.760321,0.000042,0.141702
TTGGGCGGCGGTTGCC-1,0.000035,0.002981,0.683091,0.305171,0.006755,0.001967
TTGGGTTTATTCAGCG-1,0.023904,0.088314,0.266962,0.521088,0.021505,0.078227
TTGGTATGGCTTGTGT-1,0.033569,0.061273,0.393183,0.445751,0.038823,0.027401
TTGGTCACACTCGTAA-1,0.006014,0.093593,0.084136,0.774199,0.00194,0.040118
TTGGTGCGGTGTTGAA-1,0.020198,0.096114,0.435718,0.164475,0.138374,0.14512
TTGGTTCGCTCAAAGG-1,0.003909,0.158197,0.533838,0.215323,0.025924,0.06281
TTGGTTGCGGTGCGCG-1,0.00002,0.179687,0.144336,0.435126,0.013761,0.227069
TTGTAACTTCATAGCG-1,0.028474,0.087559,0.833979,0.000025,0.049914,0.00005
TTGTAAGGACCTAAGT-1,0.009478,0.108292,0.230571,0.506448,0.010854,0.134358
TTGTAAGGCCAGTTGG-1,0.023902,0.000122,0.011363,0.96443,0.000061,0.000122
TTGTAATCCGTACTCG-1,0.007445,0.000092,0.13495,0.855075,0.000046,0.002392
TTGTACACCTCGAACA-1,0.000025,0.125071,0.010564,0.519907,0.000514,0.343919
TTGTATCACACAGAAT-1,0.120744,0.10906,0.26176,0.084447,0.311398,0.112593
TTGTCACCGCGGTATC-1,0.000031,0.122609,0.031781,0.470358,0.003275,0.371946
TTGTCGTTCAGTTACC-1,0.013079,0.022616,0.359197,0.247422,0.260628,0.097057
TTGTCTCGGCAAGATG-1,0.001985,0.729568,0.080121,0.006547,0.006377,0.175403
TTGTGAACCTAATCCG-1,0.000048,0.086501,0.011003,0.829155,0.000048,0.073246
TTGTGAGGCATGACGC-1,0.025135,0.044733,0.171822,0.267628,0.239054,0.251628
TTGTGATCTGTTCAGT-1,0.000015,0.612494,0.27952,0.02219,0.006561,0.07922
TTGTGCAGCCACGTCA-1,0.000037,0.211642,0.326637,0.360097,0.035102,0.066485
TTGTGCGGAAGCGGAT-1,0.003768,0.649613,0.076898,0.004702,0.007274,0.257745
TTGTGGAGACAGCCGG-1,0.001673,0.541673,0.094094,0.038154,0.040135,0.284271
TTGTGGCCCTGACAGT-1,0.092473,0.123189,0.598481,0.015824,0.167701,0.002332
TTGTGGTAGGAGGGAT-1,0.003827,0.109262,0.213816,0.321963,0.099985,0.251148
TTGTGGTATAGGTATG-1,0.015544,0.05177,0.630068,0.256736,0.022079,0.023803
TTGTGGTGGTACTAAG-1,0.000032,0.043389,0.022949,0.385497,0.058858,0.489275
TTGTGTATGCCACCAA-1,0.000054,0.161582,0.154695,0.368692,0.000054,0.314922
TTGTGTTTCCCGAAAG-1,0.013384,0.000061,0.00245,0.263202,0.021703,0.6992
TTGTTAGCAAATTCGA-1,0.075221,0.007644,0.070435,0.435502,0.266287,0.144911
TTGTTCAGTGTGCTAC-1,0.025163,0.000108,0.057544,0.216031,0.39559,0.305564
TTGTTCTAGATACGCT-1,0.070389,0.16173,0.602738,0.083109,0.052373,0.029661
TTGTTGGCAATGACTG-1,0.000018,0.503996,0.159833,0.203557,0.003976,0.128619
TTGTTGTGTGTCAAGA-1,0.000064,0.000128,0.333447,0.66617,0.000064,0.000128
TTGTTTCACATCCAGG-1,0.000045,0.233373,0.159615,0.435079,0.000045,0.171843
TTGTTTCATTAGTCTA-1,0.003808,0.56898,0.177312,0.069406,0.003278,0.177216
TTGTTTCCATACAACT-1,0.004346,0.232745,0.418831,0.232611,0.037958,0.073508
TTGTTTGTATTACACG-1,0.000014,0.42928,0.247243,0.130918,0.002747,0.189798
TTGTTTGTGTAAATTC-1,0.607717,0.01579,0.00122,0.374053,0.000407,0.000813
