Barcode,Topic 1,Topic 2,Topic 3,Topic 4,Topic 5,Topic 6,Topic 7,Topic 8,Topic 9,Topic 10,Topic 11,Topic 12,Topic 13
AAACAACGAATAGTTC-1,0.000026,0.25745,0.668993,0.027715,0.004514,0.000026,0.000026,0.007081,0.000026,0.034067,0.000026,0.000026,0.000026
AAACAAGTATCTCCCA-1,0.000026,0.000026,0.000026,0.346087,0.005618,0.014128,0.059206,0.455163,0.103694,0.006551,0.000026,0.007132,0.002318
AAACAATCTACTAGCA-1,0.000019,0.444655,0.439906,0.015041,0.000019,0.044145,0.004237,0.008778,0.000019,0.000019,0.000019,0.013224,0.029919
AAACACCAATAACTGC-1,0.000141,0.000141,0.096632,0.624481,0.277473,0.000141,0.000141,0.000141,0.000141,0.000141,0.000141,0.000141,0.000141
AAACAGAGCGACTCCT-1,0.000026,0.2215,0.309387,0.064609,0.17061,0.064338,0.009226,0.000026,0.001761,0.094041,0.039863,0.008115,0.016496
AAACAGCTTTCAGAAG-1,0.000028,0.000028,0.000028,0.022004,0.48799,0.070035,0.000406,0.000399,0.042608,0.006663,0.365351,0.003702,0.00076
AAACAGGGTCTATATT-1,0.000039,0.000039,0.000039,0.027382,0.526444,0.001871,0.000039,0.014313,0.05578,0.003297,0.198657,0.151369,0.020731
AAACAGTGTTCCTGGG-1,0.000401,0.00001,0.00001,0.003051,0.083565,0.018346,0.045237,0.194362,0.376203,0.008817,0.197511,0.05974,0.012747
AAACATGGTGAGAGGA-1,0.000233,0.000233,0.385704,0.03004,0.177083,0.000233,0.12759,0.277719,0.000233,0.000233,0.000233,0.000233,0.000233
AAACCACTACACAGAT-1,0.000015,0.000015,0.000015,0.034545,0.235683,0.003537,0.003826,0.009091,0.00851,0.033284,0.63172,0.025343,0.014417
AAACCCGAACGAAATC-1,0.000102,0.000007,0.000007,0.003974,0.000007,0.087226,0.066523,0.219247,0.510448,0.001162,0.012561,0.08048,0.018258
AAACCGGAAATGTTAA-1,0.00013,0.00013,0.038209,0.840047,0.00013,0.00013,0.00013,0.00013,0.00013,0.00013,0.073813,0.046762,0.00013
AAACCGGGTAGGTACC-1,0.000032,0.024268,0.000032,0.055421,0.240337,0.025741,0.02868,0.013415,0.066659,0.004154,0.537342,0.003402,0.000518
AAACCGTTCGTCCAGG-1,0.000041,0.000041,0.000041,0.132053,0.489533,0.005092,0.003271,0.334017,0.010304,0.000041,0.014911,0.000041,0.010616
AAACCTAAGCAGCCGG-1,0.000963,0.000067,0.021305,0.521296,0.455833,0.000067,0.000067,0.000067,0.000067,0.000067,0.000067,0.000067,0.000067
AAACCTCATGAAGTTG-1,0.000024,0.001227,0.000024,0.065734,0.290665,0.028597,0.007359,0.007219,0.013562,0.018975,0.285653,0.196533,0.084427
AAACGAAGAACATACC-1,0.000008,0.375136,0.007106,0.000008,0.000008,0.004111,0.36476,0.18119,0.048977,0.001465,0.000008,0.013473,0.00375
AAACGAAGATGGAGTA-1,0.00008,0.00008,0.046591,0.582006,0.370606,0.00008,0.00008,0.00008,0.00008,0.00008,0.00008,0.00008,0.00008
AAACGACAGTCTTGCC-1,0.000011,0.001602,0.004788,0.000056,0.100958,0.048738,0.06979,0.055564,0.170801,0.019277,0.308711,0.200889,0.018816
AAACGAGACGGTTGAT-1,0.000616,0.000016,0.000016,0.103885,0.141449,0.107912,0.013006,0.078882,0.240782,0.045168,0.230129,0.009429,0.02871
AAACGCCCGAGATCGG-1,0.000015,0.009468,0.082309,0.018266,0.177509,0.038901,0.086019,0.058123,0.015536,0.038012,0.221687,0.079394,0.174761
AAACGGGCGTACGGGT-1,0.000063,0.000063,0.000063,0.717978,0.281328,0.000063,0.000063,0.000063,0.000063,0.000063,0.000063,0.000063,0.000063
AAACGGGTTGGTATCC-1,0.000021,0.621203,0.232026,0.000021,0.000021,0.005637,0.108899,0.018369,0.00928,0.000069,0.000021,0.000842,0.00359
AAACGGTTGCGAACTG-1,0.000036,0.000036,0.000036,0.206742,0.200335,0.000036,0.001732,0.30123,0.052804,0.000036,0.003014,0.172598,0.061363
AAACGTGTTCGCCCTA-1,0.000017,0.000017,0.000017,0.091445,0.183792,0.194695,0.028691,0.007325,0.098291,0.047901,0.217312,0.0354,0.095097
AAACTAACGTGGCGAC-1,0.000008,0.043283,0.013201,0.032353,0.091268,0.068464,0.276121,0.041999,0.032277,0.111775,0.11216,0.074616,0.102476
AAACTCGGTTCGCAAT-1,0.000041,0.018592,0.000041,0.484487,0.276552,0.000041,0.000041,0.113973,0.055489,0.000041,0.001384,0.008314,0.041004
AAACTCGTGATATAAG-1,0.000011,0.003507,0.017832,0.027693,0.108624,0.09483,0.250731,0.0804,0.082479,0.086255,0.121068,0.041247,0.085323
AAACTGCTGGCTCCAA-1,0.000031,0.009781,0.000031,0.180705,0.351863,0.001866,0.014088,0.333992,0.081666,0.002995,0.01415,0.007314,0.001515
AAACTTAATTGCACGC-1,0.000208,0.000208,0.908796,0.000208,0.000208,0.000208,0.000208,0.088917,0.000208,0.000208,0.000208,0.000208,0.000208
AAACTTGCAAACGTAT-1,0.000032,0.000032,0.000032,0.017068,0.666995,0.002274,0.000032,0.000465,0.017169,0.031213,0.262766,0.000032,0.001892
AAAGAATGACCTTAGA-1,0.000282,0.000282,0.57273,0.000282,0.000282,0.000282,0.000282,0.424171,0.000282,0.000282,0.000282,0.000282,0.000282
AAAGAATGTGGACTAA-1,0.000037,0.000037,0.063137,0.353091,0.140599,0.000037,0.039579,0.322867,0.010775,0.026451,0.021555,0.01752,0.004315
AAAGACATGAAGTTTA-1,0.000015,0.328266,0.000209,0.003921,0.006988,0.008888,0.472465,0.035553,0.058568,0.010186,0.021407,0.0384,0.015134
AAAGACCCAAGTCGCG-1,0.000044,0.169522,0.156212,0.454278,0.217417,0.000044,0.000044,0.000044,0.000044,0.002215,0.000044,0.000044,0.000044
AAAGACTGGGCGCTTT-1,0.000019,0.11959,0.000019,0.021957,0.10747,0.107247,0.12031,0.025068,0.097683,0.224936,0.103832,0.026981,0.044889
AAAGCTTGCCTACATA-1,0.000192,0.000011,0.041075,0.052009,0.17754,0.030116,0.123651,0.023772,0.025633,0.042056,0.186775,0.14414,0.15303
AAAGGCCCTATAATAC-1,0.000076,0.000076,0.12322,0.875939,0.000076,0.000076,0.000076,0.000076,0.000076,0.000076,0.000076,0.000076,0.000076
AAAGGCTACGGACCAT-1,0.000062,0.000062,0.129403,0.305647,0.257526,0.000062,0.000062,0.164106,0.112112,0.000062,0.028613,0.00222,0.000062
AAAGGCTCTCGCGCCG-1,0.000105,0.041412,0.000105,0.853523,0.028677,0.000105,0.000105,0.000105,0.000105,0.000105,0.075443,0.000105,0.000105
AAAGGGATGTAGCAAG-1,0.000005,0.000005,0.000005,0.000005,0.000005,0.630082,0.20824,0.039604,0.101034,0.001179,0.001133,0.006301,0.012402
AAAGGGCAGCTTGAAT-1,0.001148,0.092046,0.003053,0.07837,0.152219,0.065327,0.088353,0.022624,0.082547,0.227207,0.145426,0.024963,0.016718
AAAGGTAAGCTGTACC-1,0.000212,0.005369,0.022399,0.020097,0.122849,0.042068,0.258813,0.169717,0.093689,0.106948,0.066378,0.016513,0.074949
AAAGGTCAACGACATG-1,0.000014,0.004441,0.00457,0.000014,0.02644,0.127516,0.129434,0.076226,0.156662,0.019296,0.265069,0.108478,0.08184
AAAGTAGCATTGCTCA-1,0.00003,0.00003,0.006875,0.077525,0.40476,0.00003,0.007337,0.278569,0.223521,0.00003,0.001232,0.00003,0.00003
AAAGTCACTGATGTAA-1,0.000013,0.426359,0.000817,0.002162,0.012967,0.051166,0.183819,0.118449,0.131923,0.025969,0.005592,0.011605,0.029158
AAAGTCGACCCTCAGT-1,0.000016,0.027046,0.000016,0.017162,0.044709,0.112399,0.02664,0.016772,0.018756,0.037383,0.275761,0.329509,0.09383
AAAGTGTGATTTATCT-1,0.000826,0.000036,0.006909,0.320866,0.016311,0.117559,0.001025,0.167761,0.203041,0.000146,0.133617,0.009975,0.021926
AAAGTTGACTCCCGTA-1,0.000025,0.000025,0.000025,0.156817,0.127493,0.042831,0.010581,0.098046,0.221035,0.040932,0.174751,0.090003,0.037437
AAATAACCATACGGGA-1,0.000018,0.223319,0.399266,0.276204,0.039627,0.01478,0.011582,0.015232,0.001749,0.01244,0.005319,0.000018,0.000444
AAATAAGGTAGTGCCC-1,0.000005,0.000005,0.000005,0.000005,0.001294,0.443224,0.281827,0.020647,0.144533,0.006435,0.030243,0.042859,0.028919
AAATACCTATAAGCAT-1,0.000176,0.000012,0.000012,0.093184,0.0603,0.087056,0.049123,0.445697,0.178293,0.012288,0.016101,0.043308,0.014451
AAATAGCTTAGACTTT-1,0.000026,0.004607,0.020874,0.071059,0.258098,0.076058,0.007466,0.043067,0.018114,0.062665,0.336488,0.029383,0.072094
AAATAGGGTGCTATTG-1,0.000081,0.000081,0.000081,0.818323,0.180783,0.000081,0.000081,0.000081,0.000081,0.000081,0.000081,0.000081,0.000081
AAATCCGATACACGCC-1,0.000056,0.000056,0.000056,0.784367,0.18871,0.000056,0.000056,0.020378,0.000056,0.000056,0.000056,0.006042,0.000056
AAATCGCGGAAGGAGT-1,0.00007,0.00007,0.02979,0.916763,0.052747,0.00007,0.00007,0.00007,0.00007,0.00007,0.00007,0.00007,0.00007
AAATCGTGTACCACAA-1,0.00002,0.06095,0.00002,0.162193,0.081204,0.027966,0.032657,0.311984,0.137867,0.045973,0.10928,0.010847,0.019041
AAATCTAGCCCTGCTA-1,0.000072,0.000072,0.095247,0.903964,0.000072,0.000072,0.000072,0.000072,0.000072,0.000072,0.000072,0.000072,0.000072
AAATCTGCCCGCGTCC-1,0.000153,0.055944,0.000153,0.687782,0.122133,0.000153,0.000153,0.000153,0.000153,0.000153,0.000153,0.132767,0.000153
AAATGACTGATCAAAC-1,0.000012,0.015323,0.000918,0.033995,0.01784,0.059742,0.01676,0.127881,0.418542,0.012871,0.180257,0.090973,0.024886
AAATGATTCGATCAGC-1,0.000009,0.000009,0.001177,0.014129,0.041616,0.18177,0.211159,0.108609,0.0957,0.053778,0.113211,0.148668,0.030165
AAATGCTCGTTACGTT-1,0.000757,0.000045,0.089549,0.111706,0.302501,0.012714,0.138669,0.021821,0.030753,0.223216,0.068181,0.000045,0.000045
AAATGGCATGTCTTGT-1,0.000036,0.030643,0.158617,0.227461,0.18365,0.056073,0.09719,0.02564,0.017331,0.130509,0.036809,0.026524,0.009518
AAATGGCCCGTGCCCT-1,0.000015,0.000015,0.000015,0.000124,0.026939,0.09948,0.042489,0.32524,0.385518,0.013633,0.077126,0.018124,0.011284
AAATGGTCAATGTGCC-1,0.000019,0.019755,0.000019,0.002558,0.047049,0.307658,0.019252,0.079334,0.210856,0.025748,0.188844,0.049447,0.049462
AAATGTATCTTATCCC-1,0.000024,0.013992,0.000024,0.032694,0.130171,0.081321,0.152967,0.060272,0.065742,0.305844,0.076258,0.039488,0.041202
AAATGTGGGTGCTCCT-1,0.000025,0.411655,0.253919,0.000025,0.020794,0.000029,0.14418,0.117308,0.042775,0.003828,0.002362,0.003074,0.000025
AAATTAACGGGTAGCT-1,0.000012,0.000012,0.000012,0.026245,0.042025,0.286908,0.040761,0.151729,0.169684,0.025592,0.218235,0.019826,0.01896
AAATTAATAAGCGCGA-1,0.000008,0.043685,0.000456,0.03149,0.049239,0.21009,0.058875,0.013876,0.023748,0.079249,0.062088,0.062449,0.364747
AAATTACACGACTCTG-1,0.000434,0.109768,0.238957,0.309756,0.16095,0.026573,0.067837,0.00003,0.00208,0.069459,0.012108,0.002017,0.00003
AAATTACCTATCGATG-1,0.000288,0.00002,0.011855,0.071138,0.094107,0.085962,0.015233,0.003481,0.00148,0.198327,0.165445,0.143794,0.208872
AAATTCCAGGTCCAAA-1,0.000008,0.000008,0.006737,0.014011,0.018457,0.102137,0.103639,0.042597,0.177147,0.046478,0.084231,0.233964,0.170586
AAATTGATAGTCCTTT-1,0.000085,0.000085,0.029559,0.94367,0.025919,0.000085,0.000085,0.000085,0.000085,0.000085,0.000085,0.000085,0.000085
AAATTGCGGCGGTTCT-1,0.000027,0.35944,0.495907,0.068269,0.07613,0.000027,0.000027,0.000027,0.000027,0.000027,0.000037,0.000027,0.000027
AAATTGGTGAGAAGCA-1,0.000008,0.000008,0.000008,0.000164,0.016025,0.366573,0.098324,0.009914,0.1202,0.021465,0.097478,0.058039,0.211794
AAATTTACCGAAATCC-1,0.000023,0.472162,0.305322,0.108199,0.089774,0.000023,0.000023,0.000023,0.000023,0.008391,0.01599,0.000023,0.000023
AAATTTGCGGGTGTGG-1,0.000039,0.000039,0.000039,0.085465,0.308147,0.037423,0.000507,0.043657,0.314675,0.000039,0.200188,0.009732,0.000049
AACAACTGGTAGTTGC-1,0.000015,0.005384,0.000015,0.013682,0.013791,0.614475,0.129961,0.045093,0.03028,0.034004,0.027863,0.014552,0.070884
AACAATACATTGTCGA-1,0.000134,0.000134,0.776687,0.000134,0.000134,0.000134,0.000134,0.221834,0.000134,0.000134,0.000134,0.000134,0.000134
AACAATTACTCTACGC-1,0.000258,0.002459,0.000018,0.000525,0.061707,0.307762,0.142332,0.046808,0.032823,0.152963,0.124442,0.025509,0.102393
AACACACGCTCGCCGC-1,0.0001,0.0001,0.012547,0.875932,0.0001,0.110518,0.0001,0.0001,0.0001,0.0001,0.0001,0.0001,0.0001
AACACGACTGTACTGA-1,0.000038,0.272068,0.140463,0.286786,0.240923,0.000038,0.01655,0.000038,0.000038,0.028555,0.007544,0.000038,0.006921
AACACGAGACGCGGCC-1,0.000015,0.000015,0.000015,0.052689,0.077989,0.129871,0.012169,0.108737,0.164224,0.007707,0.267466,0.141313,0.037791
AACACGCGGCCGCGAA-1,0.000024,0.840363,0.051941,0.010321,0.037289,0.000024,0.000024,0.000024,0.000024,0.006041,0.001574,0.042347,0.010003
AACAGCTGTGTGGCAA-1,0.000232,0.000232,0.433667,0.072799,0.401235,0.000232,0.090207,0.000232,0.000232,0.000232,0.000232,0.000232,0.000232
AACAGGAAATCGAATA-1,0.000149,0.189302,0.00767,0.078403,0.045484,0.018385,0.456783,0.065336,0.010173,0.015628,0.045578,0.050484,0.016627
AACAGGATGGGCCGCG-1,0.000016,0.000016,0.000016,0.022926,0.033262,0.325451,0.120071,0.054022,0.035706,0.070918,0.030463,0.049933,0.2572
AACAGGTAGTATGGAT-1,0.000028,0.000028,0.004204,0.125903,0.000028,0.000028,0.045851,0.516737,0.276408,0.000028,0.000028,0.024066,0.006664
AACATAGCGTGTATCG-1,0.000023,0.000023,0.01739,0.037328,0.229862,0.077592,0.021223,0.090379,0.13693,0.044046,0.162575,0.176214,0.006415
AACATATCAACTGGTG-1,0.000015,0.001443,0.086926,0.062347,0.051072,0.131735,0.170516,0.064385,0.080519,0.083255,0.070551,0.015637,0.1816
AACATCGATACGTCTA-1,0.00003,0.012763,0.070033,0.090024,0.256052,0.006813,0.000985,0.028824,0.014888,0.183521,0.188399,0.073665,0.074004
AACATTGAAGTTGATC-1,0.000085,0.000085,0.056327,0.792811,0.150016,0.000085,0.000085,0.000085,0.000085,0.000085,0.000085,0.000085,0.000085
AACATTGGTCAGCCGT-1,0.000016,0.676703,0.000949,0.000016,0.000016,0.001699,0.243718,0.056399,0.020421,0.000016,0.000016,0.000016,0.000016
AACATTGTGACTCGAG-1,0.000035,0.027322,0.070887,0.722748,0.006618,0.000035,0.000035,0.094478,0.071594,0.000035,0.000035,0.006141,0.000035
AACCAAGACTTCTCTG-1,0.000027,0.000027,0.000027,0.143967,0.092809,0.109118,0.010977,0.035822,0.016123,0.036959,0.158377,0.048841,0.346927
AACCAGTATCACTCTT-1,0.000035,0.301865,0.148548,0.106506,0.134461,0.053613,0.057479,0.001737,0.021924,0.085403,0.002363,0.000037,0.086029
AACCATAGGGTTGAAC-1,0.000304,0.000304,0.703159,0.224472,0.000304,0.000304,0.000304,0.069328,0.000304,0.000304,0.000304,0.000304,0.000304
AACCATGGGATCGCTA-1,0.000157,0.044502,0.00859,0.000009,0.000009,0.062804,0.584478,0.169224,0.114946,0.009358,0.0015,0.000886,0.003536
AACCCAGAGACGGAGA-1,0.000025,0.058848,0.093595,0.13937,0.181749,0.020352,0.260717,0.046349,0.0082,0.035396,0.00907,0.008384,0.137945
AACCCATCCCATGATC-1,0.000078,0.000078,0.099752,0.630791,0.156661,0.000078,0.000078,0.004778,0.000078,0.000078,0.000078,0.107395,0.000078
AACCCGACAACCCGTG-1,0.000025,0.000025,0.025755,0.24142,0.247047,0.003229,0.029196,0.285714,0.12177,0.001185,0.011553,0.032733,0.00035
AACCCGCTGTATTCCA-1,0.000025,0.000025,0.000025,0.116824,0.100959,0.036377,0.016918,0.139204,0.083936,0.046449,0.249396,0.1872,0.022661
AACCCTACTGTCAATA-1,0.000029,0.000029,0.000029,0.072404,0.334932,0.028526,0.008365,0.012709,0.012221,0.011475,0.489507,0.020773,0.009
AACCCTGGTGGAACCA-1,0.000023,0.146968,0.525667,0.129649,0.000023,0.104687,0.014344,0.009889,0.034276,0.004748,0.000023,0.01539,0.014314
AACCGAGCTTGGTCAT-1,0.00019,0.024476,0.004187,0.057321,0.053412,0.238535,0.024972,0.012294,0.012726,0.252912,0.081739,0.177189,0.060048
AACCGCTAAGGGATGC-1,0.00002,0.00002,0.00002,0.068908,0.098398,0.00002,0.013613,0.756655,0.029115,0.00002,0.013246,0.0112,0.008764
AACCGTTGTGTTTGCT-1,0.000041,0.096032,0.15335,0.124844,0.235325,0.100925,0.025898,0.061587,0.016963,0.158608,0.026344,0.000041,0.000041
AACCTAAAGCCGTCCG-1,0.00043,0.522679,0.289222,0.022854,0.039415,0.003022,0.049309,0.000232,0.004724,0.00943,0.027472,0.028934,0.002277
AACCTCGCTTTAGCCC-1,0.000285,0.000285,0.600071,0.046672,0.000285,0.000285,0.000285,0.17437,0.000285,0.000285,0.176323,0.000285,0.000285
AACCTGTCACGGAATT-1,0.000016,0.000016,0.000016,0.001568,0.018894,0.068196,0.002392,0.003117,0.131853,0.003741,0.55114,0.200485,0.018568
AACCTTTAAATACGGT-1,0.000071,0.04101,0.121291,0.787432,0.049624,0.000071,0.000071,0.000071,0.000071,0.000071,0.000071,0.000071,0.000071
AACCTTTACGACGTCT-1,0.000031,0.041081,0.083276,0.101313,0.296348,0.016175,0.169627,0.009345,0.00805,0.115633,0.051174,0.002031,0.105917
AACGAAAGTCGTCCCA-1,0.000089,0.000089,0.084687,0.623058,0.291367,0.000089,0.000089,0.000089,0.000089,0.000089,0.000089,0.000089,0.000089
AACGACCTCCTAGCCG-1,0.00043,0.000029,0.000029,0.066334,0.075434,0.000029,0.013648,0.585899,0.235965,0.003619,0.005491,0.01266,0.000432
AACGATAATGCCGTAG-1,0.000084,0.000084,0.000099,0.898134,0.100929,0.000084,0.000084,0.000084,0.000084,0.000084,0.000084,0.000084,0.000084
AACGATAGAAGGGCCG-1,0.000011,0.050752,0.000122,0.00388,0.016954,0.149613,0.2664,0.172978,0.123144,0.079154,0.056745,0.057798,0.022449
AACGATATGTCAACTG-1,0.000016,0.000016,0.000016,0.007247,0.084493,0.599162,0.061539,0.037729,0.047202,0.057811,0.063375,0.011067,0.030329
AACGCATGATCTGGGT-1,0.000007,0.029608,0.000007,0.003086,0.050894,0.034253,0.479787,0.110157,0.093131,0.083992,0.030414,0.054573,0.030088
AACGCGAACGGCAACA-1,0.00002,0.551459,0.264093,0.010617,0.004206,0.080271,0.017768,0.001441,0.00416,0.041677,0.001191,0.003355,0.019743
AACGCGACCTTGGGCG-1,0.000048,0.000048,0.000048,0.448932,0.125191,0.015144,0.000048,0.200964,0.018446,0.02298,0.093136,0.065718,0.009299
AACGCGGTCTCCAGCC-1,0.000021,0.030031,0.010818,0.024581,0.118805,0.361013,0.073539,0.009327,0.0502,0.064425,0.104361,0.024037,0.128841
AACGGACGTACGTATA-1,0.00006,0.00006,0.000303,0.792376,0.00006,0.00006,0.00006,0.02552,0.181261,0.00006,0.00006,0.00006,0.00006
AACGGCCATCTCCGGT-1,0.000044,0.000044,0.000044,0.089159,0.471472,0.034468,0.004396,0.146236,0.098372,0.000044,0.08196,0.072106,0.001655
AACGTACTGTGGGTAC-1,0.000042,0.000042,0.000042,0.085638,0.456058,0.017182,0.027905,0.186372,0.080097,0.007661,0.09675,0.028982,0.013228
AACGTAGTCTACCCAT-1,0.000045,0.30858,0.672523,0.018446,0.000045,0.000045,0.000045,0.000045,0.000045,0.000045,0.000045,0.000045,0.000045
AACGTCAGACTAGTGG-1,0.000027,0.068497,0.001872,0.089635,0.055776,0.197717,0.007416,0.001492,0.015658,0.012415,0.382566,0.014794,0.152135
AACGTCATCCGGCTTG-1,0.00002,0.00002,0.00002,0.031806,0.090574,0.056135,0.012223,0.0696,0.209304,0.02121,0.180365,0.310668,0.018055
AACGTCGCTGCACTTC-1,0.00062,0.000041,0.000041,0.011161,0.000041,0.015503,0.02813,0.141379,0.658725,0.000041,0.03824,0.024777,0.0813
AACGTGATGAAGGACA-1,0.000029,0.618273,0.177852,0.084091,0.113738,0.000029,0.000029,0.000029,0.000029,0.000029,0.005815,0.000029,0.000029
AACGTGCGAAAGTCTC-1,0.000013,0.002969,0.000013,0.051381,0.146146,0.097194,0.017004,0.193977,0.19331,0.027811,0.128015,0.1169,0.025267
AACGTTATCAGCACCT-1,0.000034,0.114396,0.028809,0.167033,0.003435,0.037669,0.022449,0.067233,0.039307,0.017437,0.016211,0.060856,0.42513
AACGTTCTACCATTGT-1,0.000051,0.000051,0.028974,0.274017,0.255118,0.000051,0.000051,0.246142,0.051437,0.000051,0.018957,0.125049,0.000051
AACTACCCGTTTGTCA-1,0.000056,0.000056,0.031562,0.210823,0.056844,0.003649,0.012651,0.433449,0.205214,0.000056,0.000056,0.035281,0.010303
AACTAGCGTATCGCAC-1,0.000017,0.917305,0.029628,0.009164,0.000017,0.000932,0.000017,0.002584,0.040266,0.000017,0.000017,0.000017,0.000017
AACTAGGCTTGGGTGT-1,0.000092,0.101916,0.000092,0.874517,0.006579,0.000092,0.000092,0.016158,0.000092,0.000092,0.000092,0.000092,0.000092
AACTCAAGTTAATTGC-1,0.000019,0.020946,0.000019,0.077051,0.201984,0.111144,0.022236,0.082674,0.045177,0.012477,0.214875,0.144564,0.066833
AACTCCTAATCCCATG-1,0.000037,0.357613,0.303192,0.094919,0.193144,0.002793,0.000037,0.008404,0.008378,0.007484,0.023927,0.000037,0.000037
AACTCGATAAACACGT-1,0.000047,0.159427,0.840056,0.000047,0.000047,0.000047,0.000047,0.000047,0.000047,0.000047,0.000047,0.000047,0.000047
AACTCGATGGCGCAGT-1,0.000021,0.195411,0.15927,0.033629,0.000021,0.000612,0.580832,0.025272,0.000024,0.00049,0.000021,0.004374,0.000021
AACTCTCAATAGAGCG-1,0.000022,0.035173,0.000022,0.041576,0.205604,0.033437,0.061597,0.06033,0.049219,0.159123,0.173561,0.029796,0.150538
AACTCTCAGTGTGCTC-1,0.000133,0.000133,0.08828,0.700434,0.20996,0.000133,0.000133,0.000133,0.000133,0.000133,0.000133,0.000133,0.000133
AACTGAGGTCAGCGTC-1,0.000014,0.026416,0.043065,0.050936,0.165834,0.151479,0.047934,0.033603,0.055475,0.101411,0.111533,0.063653,0.148648
AACTGAGTTATACTGA-1,0.000207,0.000207,0.000207,0.750476,0.068704,0.000207,0.000207,0.000207,0.000207,0.000207,0.148318,0.030642,0.000207
AACTGATATTAGGCCT-1,0.000023,0.050823,0.031045,0.025487,0.078394,0.064424,0.012053,0.091414,0.031164,0.394823,0.052924,0.103246,0.06418
AACTGGGTCCCGACGT-1,0.000011,0.073638,0.016138,0.056588,0.034752,0.102856,0.356588,0.052355,0.072138,0.05177,0.038461,0.056019,0.088685
AACTGGGTTCGAGCCG-1,0.000016,0.393917,0.01986,0.000818,0.000016,0.013804,0.392846,0.120036,0.0151,0.003182,0.001782,0.029048,0.009575
AACTGGTGTGGGCCTT-1,0.000032,0.355937,0.12153,0.114481,0.143377,0.008114,0.06598,0.019964,0.011897,0.127027,0.019214,0.000032,0.012415
AACTTCTGCGTCTATC-1,0.000042,0.064176,0.08515,0.202907,0.111933,0.013589,0.335337,0.050635,0.015752,0.111678,0.005241,0.000042,0.003517
AACTTGCCCGTATGCA-1,0.000029,0.023243,0.000029,0.074482,0.114566,0.39289,0.021897,0.018983,0.017683,0.06826,0.069941,0.026901,0.171098
AACTTGCGTTCTCGCG-1,0.000058,0.310411,0.086308,0.144299,0.373759,0.000058,0.000058,0.000058,0.000058,0.084763,0.000058,0.000058,0.000058
AACTTTACGGGAGCTT-1,0.000027,0.036698,0.000027,0.071968,0.156606,0.025689,0.024377,0.052539,0.038771,0.014034,0.032039,0.049446,0.497781
AACTTTAGCTGCTGAG-1,0.000051,0.173473,0.642149,0.133101,0.050817,0.000051,0.000051,0.000051,0.000051,0.000051,0.000051,0.000051,0.000051
AACTTTCTCGATCATG-1,0.000281,0.000018,0.057143,0.016868,0.323241,0.019228,0.040295,0.004147,0.00209,0.037041,0.392636,0.057097,0.049913
AAGAAAGTTTGATGGG-1,0.000089,0.000089,0.0309,0.436101,0.505176,0.000089,0.000089,0.000089,0.000089,0.000089,0.027026,0.000089,0.000089
AAGAAATCACCAGATT-1,0.000004,0.000004,0.000004,0.000004,0.006187,0.113806,0.033566,0.012032,0.163773,0.011197,0.535325,0.116371,0.007726
AAGAAGGATCAGTTAG-1,0.001072,0.388994,0.167876,0.363213,0.009301,0.00003,0.055876,0.00785,0.003413,0.002282,0.00003,0.00003,0.00003
AAGACATACGTGGTTT-1,0.000049,0.000049,0.000049,0.717133,0.261919,0.000049,0.000049,0.012944,0.000049,0.000049,0.000049,0.007566,0.000049
AAGACCAAATAACTCA-1,0.000121,0.000121,0.722595,0.000121,0.000121,0.000121,0.022623,0.167699,0.085995,0.000121,0.000121,0.000121,0.000121
AAGACCCAACTGAACA-1,0.000067,0.000067,0.256043,0.153563,0.138204,0.000067,0.000067,0.204521,0.013308,0.000067,0.003652,0.000101,0.230273
AAGACTAACCCGTTGT-1,0.000678,0.843559,0.126479,0.024929,0.004095,0.000032,0.000032,0.000032,0.000032,0.000032,0.000032,0.000032,0.000032
AAGACTCACGCCCACT-1,0.000045,0.039126,0.141967,0.098737,0.350204,0.000045,0.001095,0.000314,0.000045,0.207571,0.119551,0.027858,0.01344
AAGACTGCAAGCTACT-1,0.000026,0.000026,0.000026,0.048825,0.363557,0.071356,0.000749,0.037982,0.173982,0.022277,0.230202,0.025664,0.025328
AAGAGATGAATCGGTA-1,0.000033,0.021251,0.063246,0.070055,0.199419,0.109328,0.056131,0.016925,0.02305,0.250108,0.104959,0.047912,0.037582
AAGAGCTCTTTATCGG-1,0.000018,0.012736,0.000018,0.066958,0.029046,0.157319,0.000018,0.032604,0.070782,0.019788,0.272531,0.247345,0.090836
AAGAGGATGTACGCGA-1,0.000032,0.010851,0.000958,0.01561,0.186518,0.087217,0.05247,0.027911,0.136887,0.084716,0.35391,0.013041,0.029878
AAGAGGCATGGATCGC-1,0.000016,0.000016,0.000016,0.086538,0.068898,0.137915,0.043807,0.072969,0.121796,0.033861,0.350909,0.045999,0.03726
AAGATGGCACCGGACC-1,0.000139,0.000139,0.899041,0.000139,0.000139,0.000139,0.000139,0.099432,0.000139,0.000139,0.000139,0.000139,0.000139
AAGATTGGCGGAACGT-1,0.000715,0.020883,0.00838,0.062566,0.477282,0.033285,0.067078,0.000041,0.000026,0.139669,0.133784,0.003329,0.052963
AAGCATACTCTCCTGA-1,0.003914,0.000061,0.000061,0.714361,0.000061,0.007738,0.010543,0.000429,0.004427,0.000061,0.000061,0.118782,0.139502
AAGCCACTTGCAGGTA-1,0.000026,0.000026,0.000026,0.04724,0.247065,0.000357,0.031794,0.340255,0.149926,0.000026,0.016563,0.1389,0.027796
AAGCCGAAGCGGTTTA-1,0.000724,0.003598,0.03666,0.39052,0.014065,0.001904,0.01091,0.32136,0.218591,0.000034,0.000034,0.001559,0.000041
AAGCCGCCGTGAAATC-1,0.000077,0.000077,0.241351,0.411974,0.345904,0.000077,0.000077,0.000077,0.000077,0.000077,0.000077,0.000077,0.000077
AAGCCGCTTTACCTTG-1,0.000006,0.000006,0.000006,0.000006,0.009511,0.484989,0.123732,0.021165,0.13507,0.009878,0.065472,0.122849,0.027312
AAGCGCAGGGCTTTGA-1,0.000027,0.000027,0.000027,0.266568,0.047964,0.000027,0.00813,0.579823,0.09194,0.000565,0.000027,0.004851,0.000027
AAGCGGAGTGCGCGCA-1,0.000011,0.000011,0.003039,0.026587,0.464839,0.000011,0.006216,0.006918,0.001026,0.005826,0.461044,0.022257,0.002215
AAGCGGCGTCATGGGT-1,0.000046,0.355239,0.059027,0.284896,0.254398,0.000046,0.000046,0.000046,0.000046,0.038245,0.007877,0.000046,0.000046
AAGCGTCCCTCATCGA-1,0.000154,0.000154,0.014918,0.841923,0.141621,0.000154,0.000154,0.000154,0.000154,0.000154,0.000154,0.000154,0.000154
AAGCTAGATCGAGTAA-1,0.000032,0.000032,0.000032,0.43353,0.133933,0.000032,0.000032,0.423765,0.008226,0.000032,0.000032,0.000291,0.000032
AAGCTATGGATTGACC-1,0.000037,0.015699,0.005168,0.161978,0.367413,0.000037,0.007893,0.339577,0.020493,0.004824,0.057174,0.01967,0.000037
AAGCTCGTGCCAAGTC-1,0.000022,0.038527,0.000022,0.0461,0.038317,0.169249,0.025421,0.096513,0.112042,0.023772,0.411355,0.007921,0.030741
AAGCTCTTTCATGGTG-1,0.000359,0.000359,0.158188,0.78249,0.055728,0.000359,0.000359,0.000359,0.000359,0.000359,0.000359,0.000359,0.000359
AAGGAGAACTTATAAG-1,0.00002,0.853723,0.044674,0.000091,0.00002,0.014808,0.015007,0.055711,0.005178,0.00144,0.00002,0.002293,0.007015
AAGGAGCGGTTGGTGC-1,0.000018,0.000018,0.000018,0.034134,0.037189,0.692806,0.080706,0.013808,0.042953,0.03857,0.036488,0.010294,0.012997
AAGGATCGATCGCTTG-1,0.000015,0.000015,0.000015,0.026259,0.029785,0.186465,0.015265,0.027337,0.18127,0.021603,0.25672,0.245227,0.010023
AAGGATGAGGGACCTC-1,0.002273,0.00002,0.002477,0.048754,0.080069,0.268042,0.032237,0.026693,0.019049,0.097916,0.081965,0.107563,0.232942
AAGGCAGGCTGTCTCC-1,0.00003,0.00003,0.014875,0.113324,0.007184,0.075671,0.01895,0.13999,0.42199,0.001311,0.073872,0.10186,0.030915
AAGGCGCGTAAAGCTT-1,0.000032,0.131251,0.000032,0.11132,0.216244,0.123752,0.004344,0.000032,0.000032,0.11036,0.250221,0.0324,0.019982
AAGGCTGTGCTCATCG-1,0.000026,0.001159,0.000026,0.114212,0.10652,0.314616,0.061863,0.037366,0.020551,0.002559,0.06114,0.02921,0.250753
AAGGGACAGATTCTGT-1,0.000028,0.004215,0.026648,0.020993,0.225494,0.031932,0.025494,0.007569,0.0284,0.535482,0.074613,0.008581,0.010553
AAGGGACTATGCATTC-1,0.000372,0.000372,0.827898,0.000372,0.000372,0.000372,0.000372,0.168014,0.000372,0.000372,0.000372,0.000372,0.000372
AAGGGTTAGCCATGCG-1,0.00002,0.00002,0.00002,0.146269,0.175086,0.006856,0.010199,0.084249,0.317738,0.007729,0.098454,0.148903,0.004456
AAGGGTTTGATTTCAG-1,0.000163,0.000163,0.098643,0.762215,0.137512,0.000163,0.000163,0.000163,0.000163,0.000163,0.000163,0.000163,0.000163
AAGGTATCCTAATATA-1,0.000033,0.06627,0.039144,0.079706,0.242741,0.058703,0.019058,0.001305,0.000033,0.109125,0.348689,0.002438,0.032755
AAGGTGATAAACCAGC-1,0.000788,0.000987,0.000021,0.250737,0.142318,0.089953,0.020196,0.069074,0.150943,0.070298,0.111536,0.056947,0.036201
AAGTAAGCTTCCAAAC-1,0.000026,0.190977,0.418725,0.009232,0.000026,0.000026,0.314475,0.025046,0.0374,0.00046,0.000026,0.003553,0.000026
AAGTAGAAGACCGGGT-1,0.001581,0.021358,0.224639,0.227156,0.135052,0.07271,0.06546,0.064203,0.121671,0.011828,0.029718,0.000594,0.024028
AAGTAGTGACGCGAGG-1,0.000033,0.000033,0.000033,0.028538,0.333493,0.211755,0.022383,0.022953,0.003375,0.127091,0.113845,0.024552,0.111915
AAGTCAATTGTCGTCA-1,0.00002,0.00002,0.005811,0.003226,0.023327,0.094552,0.043333,0.151021,0.569772,0.020336,0.036243,0.04146,0.010877
AAGTCTAGTAGCTGCC-1,0.000006,0.000006,0.000006,0.000006,0.000251,0.134983,0.053178,0.027365,0.062737,0.00107,0.689644,0.028298,0.00245
AAGTCTTCTGTGGCCT-1,0.000038,0.000038,0.000038,0.01584,0.351936,0.051594,0.012714,0.014074,0.033663,0.083493,0.266757,0.009453,0.160362
AAGTGACGACCGAATT-1,0.000033,0.04177,0.000033,0.021119,0.343374,0.028482,0.000033,0.009714,0.013668,0.007624,0.500768,0.024618,0.008765
AAGTGAGTCGGGTTTA-1,0.000138,0.000138,0.154539,0.295151,0.271972,0.000138,0.000138,0.100141,0.000138,0.020186,0.157042,0.000138,0.000138
AAGTGCAAAGGTAGAC-1,0.000024,0.058388,0.020307,0.073769,0.375581,0.01736,0.120787,0.021465,0.034982,0.09931,0.121654,0.023917,0.032457
AAGTGCCTTGACTGTA-1,0.000013,0.000013,0.000013,0.001764,0.000013,0.094904,0.018677,0.105319,0.131662,0.000013,0.031088,0.584375,0.032145
AAGTGCGTTAGAATCT-1,0.00003,0.00003,0.00003,0.159999,0.210776,0.075767,0.008172,0.180186,0.196555,0.011537,0.094491,0.010475,0.051954
AAGTGCTTCTCTATTG-1,0.000025,0.000025,0.013779,0.125264,0.195481,0.000025,0.023613,0.554069,0.05177,0.004105,0.011256,0.010266,0.010321
AAGTGTTTGGAGACGG-1,0.000121,0.000121,0.000121,0.981053,0.017619,0.000121,0.000121,0.000121,0.000121,0.000121,0.000121,0.000121,0.000121
AAGTTCAGTCTGCGTA-1,0.000016,0.007062,0.073829,0.21424,0.00348,0.135697,0.190079,0.104017,0.058676,0.081844,0.016311,0.048707,0.066041
AAGTTCGGCCAACAGG-1,0.000608,0.000029,0.000029,0.149324,0.276163,0.065242,0.006919,0.141152,0.106782,0.001117,0.144616,0.089233,0.018786
AAGTTGTGATGTTATA-1,0.000106,0.04105,0.008242,0.949653,0.000106,0.000106,0.000106,0.000106,0.000106,0.000106,0.000106,0.000106,0.000106
AAGTTTACTAATGGCA-1,0.000035,0.606001,0.283166,0.004864,0.000041,0.000035,0.000035,0.074969,0.000035,0.000035,0.004876,0.000035,0.025875
AAGTTTATGGGCCCAA-1,0.000011,0.000011,0.000011,0.075952,0.090435,0.016522,0.0174,0.531806,0.210756,0.004963,0.009401,0.027284,0.015448
AATAACAACGCTCGGC-1,0.00002,0.008492,0.021885,0.05239,0.333506,0.043431,0.053908,0.050054,0.020363,0.051668,0.19198,0.073095,0.099209
AATAACACTAGAACAA-1,0.000159,0.000009,0.000009,0.02703,0.069322,0.004008,0.032832,0.78425,0.051164,0.008628,0.006427,0.007287,0.008873
AATAACGTCGCGCCCA-1,0.000018,0.000018,0.000018,0.060118,0.315255,0.008441,0.00791,0.032676,0.023837,0.016847,0.365776,0.144859,0.024225
AATAAGTCCTCGAGAC-1,0.000025,0.22008,0.432162,0.015492,0.052388,0.000025,0.19637,0.040256,0.000025,0.022819,0.003112,0.00058,0.016666
AATAATCTTCGTATCG-1,0.000073,0.000073,0.204594,0.692672,0.000073,0.000073,0.000073,0.008832,0.060471,0.000073,0.000073,0.032846,0.000073
AATACAATGTTTCAGG-1,0.000019,0.000019,0.000019,0.022238,0.047902,0.315475,0.198092,0.147113,0.098901,0.052365,0.071106,0.006128,0.040624
AATACCGGAGGGCTGT-1,0.000046,0.000046,0.013154,0.462868,0.138522,0.000046,0.03049,0.19541,0.04177,0.00085,0.043709,0.03509,0.037998
AATACCTGATGTGAAC-1,0.000044,0.000044,0.000044,0.046951,0.263104,0.054239,0.002256,0.174734,0.124547,0.037313,0.137337,0.152655,0.006733
AATAGAACAGAGTGGC-1,0.00003,0.00003,0.00003,0.295491,0.183307,0.003699,0.00003,0.408949,0.036268,0.00003,0.06415,0.007469,0.000517
AATAGAATCTGTTTCA-1,0.000064,0.000064,0.000064,0.265831,0.114889,0.000064,0.000064,0.234301,0.140001,0.000064,0.000064,0.019853,0.22468
AATAGCAAGCCTCCTG-1,0.000015,0.048259,0.003007,0.041334,0.113577,0.197758,0.07619,0.02479,0.03073,0.170119,0.066295,0.070537,0.157389
AATAGCTACCGCGTGC-1,0.00001,0.019728,0.012469,0.01272,0.027586,0.11317,0.449311,0.052412,0.080169,0.056731,0.066716,0.054453,0.054525
AATAGGCACGACCCTT-1,0.00002,0.00002,0.00002,0.095698,0.045334,0.003127,0.000256,0.014821,0.012319,0.00002,0.232781,0.579983,0.015599
AATAGTCCGTCCCGAC-1,0.000141,0.000141,0.000141,0.591034,0.407411,0.000141,0.000141,0.000141,0.000141,0.000141,0.000141,0.000141,0.000141
AATAGTCGCGAGTCGG-1,0.000012,0.002108,0.000012,0.017178,0.060358,0.046673,0.475393,0.218114,0.051188,0.049121,0.046082,0.01427,0.019488
AATATCAAGGTCGGAT-1,0.000053,0.161129,0.460822,0.079211,0.178233,0.000053,0.000053,0.000053,0.000053,0.054023,0.052089,0.014173,0.000053
AATATCCTAGCAAACT-1,0.000035,0.000035,0.000035,0.097673,0.197012,0.032285,0.015259,0.213158,0.057132,0.021027,0.30944,0.056351,0.000555
AATATCGAATCAATGC-1,0.000038,0.000038,0.07374,0.329866,0.019304,0.030562,0.000038,0.396339,0.1108,0.000038,0.000038,0.017679,0.021521
AATATCGAGGGTTCTC-1,0.000561,0.111504,0.00003,0.013616,0.249734,0.099536,0.001884,0.003519,0.054287,0.204583,0.05666,0.01757,0.186515
AATATTGGAGTATTGA-1,0.001193,0.204259,0.00003,0.079384,0.170995,0.049777,0.00003,0.006213,0.020661,0.020463,0.182994,0.063703,0.200299
AATCAGACTGCAGGAC-1,0.000532,0.319399,0.631803,0.047941,0.000036,0.000036,0.000036,0.000036,0.000036,0.000036,0.000036,0.000036,0.000036
AATCAGGTTTCATTTA-1,0.000028,0.008086,0.010985,0.213664,0.081729,0.000028,0.008427,0.618813,0.032978,0.00077,0.000674,0.020394,0.003426
AATCATGTAAAGACTC-1,0.000076,0.000076,0.000076,0.987557,0.011611,0.000076,0.000076,0.000076,0.000076,0.000076,0.000076,0.000076,0.000076
AATCCAAGGGCCTGAG-1,0.001052,0.170919,0.000013,0.000013,0.000013,0.261995,0.118521,0.059161,0.02207,0.000882,0.000013,0.226939,0.13841
AATCCATGCAAGGGTG-1,0.000653,0.454311,0.167554,0.36049,0.016629,0.000046,0.000046,0.000046,0.000046,0.000046,0.000046,0.000046,0.000046
AATCCCGCTCAGAGCC-1,0.000034,0.027494,0.000034,0.044498,0.438533,0.000034,0.000034,0.055933,0.03138,0.000034,0.275688,0.118562,0.007741
AATCGAGGTCTCAAGG-1,0.000046,0.000046,0.000046,0.092064,0.559625,0.000046,0.000046,0.000046,0.000235,0.00613,0.315665,0.025962,0.000046
AATCGCCTCAGCGCCA-1,0.000014,0.000014,0.000014,0.000014,0.000014,0.448393,0.033562,0.130338,0.320411,0.00438,0.019701,0.023829,0.019317
AATCGCGCAGAGGACT-1,0.00006,0.00006,0.00006,0.375401,0.261793,0.088997,0.014469,0.00006,0.006419,0.00006,0.140163,0.077833,0.034623
AATCGGGACACTACGA-1,0.000066,0.128777,0.423073,0.011703,0.231629,0.000066,0.006091,0.008092,0.027541,0.059515,0.098894,0.003376,0.001176
AATCGGTATAGCCCTC-1,0.000025,0.000025,0.000025,0.068056,0.014816,0.013453,0.003879,0.312383,0.07106,0.000025,0.003806,0.374828,0.137619
AATCGTGAGCCGAGCA-1,0.000055,0.000055,0.000055,0.257284,0.531994,0.048968,0.056043,0.034345,0.000055,0.035558,0.012761,0.000055,0.022774
AATCTAGGTTTACTTG-1,0.000033,0.006702,0.000033,0.256791,0.282626,0.000033,0.005711,0.300803,0.09486,0.007066,0.005228,0.038122,0.001992
AATCTATGCCGGAGCC-1,0.00002,0.00002,0.01187,0.047514,0.155869,0.186635,0.066798,0.013714,0.029581,0.14628,0.12412,0.050672,0.166909
AATCTCTACTGTGGTT-1,0.000018,0.000018,0.000018,0.000018,0.01312,0.438128,0.037884,0.030092,0.169798,0.01104,0.073503,0.048352,0.178012
AATCTGCGTTGGGACG-1,0.000018,0.118295,0.010825,0.210947,0.015841,0.097182,0.035569,0.175985,0.02414,0.041088,0.005189,0.046322,0.2186
AATCTGGCTTTCTAGT-1,0.000019,0.000019,0.000019,0.010722,0.029837,0.025211,0.046851,0.260493,0.387269,0.005647,0.041206,0.094436,0.098273
AATCTGGGTAGACCCT-1,0.000043,0.015151,0.206804,0.224935,0.178145,0.032609,0.009927,0.000043,0.000043,0.321371,0.010841,0.000043,0.000043
AATGACAGCAATGTCT-1,0.000032,0.006452,0.000032,0.274646,0.202224,0.018694,0.002176,0.154615,0.082707,0.006736,0.055005,0.162062,0.034619
AATGACGTAGGATGTC-1,0.000045,0.000045,0.000045,0.155826,0.381712,0.000045,0.000045,0.138582,0.264615,0.000045,0.004332,0.052899,0.001766
AATGACTGTCAGCCGG-1,0.000019,0.123784,0.000691,0.08743,0.018369,0.447532,0.003094,0.012173,0.033007,0.004619,0.14413,0.065077,0.060073
AATGAGTTCGCATATG-1,0.000057,0.122369,0.210452,0.19244,0.340169,0.000057,0.021811,0.000057,0.000057,0.032196,0.08022,0.000057,0.000057
AATGATGATACGCTAT-1,0.000018,0.023257,0.005493,0.072021,0.03304,0.060348,0.133944,0.099473,0.049308,0.084813,0.024226,0.299132,0.114927
AATGATGCGACTCCTG-1,0.000013,0.000336,0.000013,0.041616,0.020856,0.062563,0.42531,0.069326,0.141832,0.070341,0.041961,0.067514,0.05832
AATGCAACCGGGTACC-1,0.000029,0.032241,0.000179,0.113076,0.264362,0.080909,0.028072,0.002857,0.002314,0.109066,0.159419,0.066731,0.140744
AATGCACCAAGCAATG-1,0.000026,0.010485,0.095241,0.103108,0.496259,0.000026,0.004155,0.000633,0.001098,0.163018,0.114562,0.0103,0.001089
AATGGCCGCCAATGCG-1,0.000014,0.000014,0.003601,0.014596,0.190886,0.012873,0.021828,0.110164,0.092405,0.009054,0.409926,0.131209,0.003432
AATGGTCCACCGTTCA-1,0.000042,0.071221,0.055206,0.089437,0.308966,0.140094,0.01979,0.000042,0.000042,0.053456,0.099257,0.000042,0.162407
AATGGTTCTCACAAGC-1,0.000045,0.111449,0.027247,0.046063,0.49694,0.005348,0.070802,0.057817,0.011496,0.105632,0.067069,0.000045,0.000045
AATGTATGGCACTGTA-1,0.000389,0.000389,0.824342,0.000389,0.000389,0.000389,0.000389,0.000389,0.000389,0.000389,0.000389,0.036313,0.13546
AATGTGCCCGAGGTGT-1,0.00008,0.00008,0.00008,0.89315,0.0727,0.00008,0.00008,0.033354,0.00008,0.00008,0.00008,0.00008,0.00008
AATGTGCTAATCTGAG-1,0.000104,0.012721,0.10439,0.881852,0.000104,0.000104,0.000104,0.000104,0.000104,0.000104,0.000104,0.000104,0.000104
AATGTTAAGACCCTGA-1,0.00002,0.00002,0.00002,0.007234,0.097691,0.049657,0.007454,0.09254,0.37376,0.017733,0.086021,0.212664,0.055186
AATGTTGTCGTGAGAC-1,0.000074,0.000074,0.040186,0.809079,0.040566,0.000074,0.000074,0.102539,0.000074,0.000421,0.000074,0.000074,0.006691
AATTAAAGGTCGGCGT-1,0.000016,0.000016,0.000016,0.009157,0.172777,0.079687,0.046956,0.106313,0.134306,0.056757,0.200127,0.117669,0.076206
AATTAACGGATTTCCA-1,0.000145,0.000145,0.234375,0.189246,0.243785,0.000145,0.2317,0.074835,0.021374,0.000145,0.000145,0.000145,0.003814
AATTACGAGACCCATC-1,0.000162,0.000162,0.033052,0.56235,0.402975,0.000162,0.000162,0.000162,0.000162,0.000162,0.000162,0.000162,0.000162
AATTACTCGTACGCTC-1,0.000054,0.443272,0.449158,0.100383,0.000054,0.000054,0.000054,0.000054,0.000054,0.006699,0.000054,0.000054,0.000054
AATTAGCGCTGCAGCG-1,0.007174,0.000073,0.000073,0.459225,0.043965,0.008638,0.000073,0.096979,0.026334,0.000073,0.008786,0.001723,0.346884
AATTATACCCAGCAAG-1,0.000036,0.000036,0.020985,0.101557,0.319838,0.021453,0.000036,0.117158,0.045686,0.021193,0.25011,0.096618,0.005295
AATTCATAAGGGATCT-1,0.000019,0.000019,0.00002,0.008282,0.146794,0.023988,0.280742,0.118355,0.105969,0.095633,0.095764,0.106495,0.01792
AATTCCAACTTGGTGA-1,0.000724,0.613615,0.376016,0.009423,0.000025,0.000025,0.000025,0.000025,0.000025,0.000025,0.000025,0.000025,0.000025
AATTCCAAGCATGTAC-1,0.000083,0.000083,0.000083,0.376127,0.418451,0.000083,0.000083,0.091198,0.026721,0.000083,0.06799,0.018934,0.000083
AATTCGATTCGAGGAT-1,0.000077,0.037469,0.022921,0.652653,0.12885,0.000077,0.000077,0.052495,0.105072,0.000077,0.000077,0.000077,0.000077
AATTCTAGAGTTAGGC-1,0.001078,0.000045,0.000045,0.419411,0.028813,0.000195,0.020836,0.165674,0.032241,0.002156,0.066025,0.119496,0.143985
AATTGAACGCTCTGGT-1,0.000061,0.000061,0.000061,0.257639,0.321288,0.05461,0.000061,0.146963,0.077011,0.000638,0.141486,0.000061,0.000061
AATTGCAGCAATCGAC-1,0.000138,0.000138,0.168996,0.690853,0.138773,0.000138,0.000138,0.000138,0.000138,0.000138,0.000138,0.000138,0.000138
AATTGCGTGGATTACA-1,0.000191,0.000191,0.128281,0.869614,0.000191,0.000191,0.000191,0.000191,0.000191,0.000191,0.000191,0.000191,0.000191
AATTTGGGACATAGTA-1,0.000043,0.182944,0.379485,0.042835,0.359283,0.000043,0.000043,0.000043,0.000043,0.000043,0.035112,0.000043,0.000043
AATTTGGTTCCAAAGA-1,0.000014,0.494163,0.012851,0.128363,0.012275,0.042524,0.073656,0.137896,0.020872,0.031968,0.008908,0.008883,0.027627
ACAAACCGACAAGGCG-1,0.00002,0.255555,0.315382,0.00002,0.000466,0.002632,0.301087,0.05726,0.007679,0.001044,0.004636,0.045856,0.008364
ACAAACTCCATCAGAG-1,0.000023,0.007563,0.037325,0.035574,0.271276,0.000393,0.015765,0.056667,0.190509,0.025287,0.137666,0.203521,0.018431
ACAAAGAAGGTAGGCC-1,0.000025,0.000025,0.000025,0.123855,0.310989,0.023632,0.001209,0.015493,0.045499,0.028186,0.406566,0.023097,0.021398
ACAAAGCATGACCTAG-1,0.000074,0.000074,0.109505,0.531875,0.357877,0.000074,0.000074,0.000074,0.000074,0.000074,0.000074,0.000074,0.000074
ACAAATCGCACCGAAT-1,0.000037,0.000037,0.008315,0.309791,0.151393,0.004909,0.035619,0.4171,0.070114,0.000037,0.000037,0.002574,0.000037
ACAAATGGTAGTGTTT-1,0.000022,0.000022,0.000022,0.185491,0.106673,0.024551,0.023654,0.165316,0.306434,0.042123,0.029179,0.062906,0.05361
ACAAATTCAGATCTGA-1,0.000017,0.000017,0.04341,0.07233,0.179393,0.020807,0.22892,0.077918,0.093087,0.180718,0.06194,0.029247,0.012196
ACAACAGCATGAGCTA-1,0.000015,0.000015,0.000015,0.096254,0.087565,0.042036,0.00229,0.014758,0.005459,0.007878,0.207127,0.373274,0.163314
ACAACGGTCCCTGCGA-1,0.000025,0.034496,0.000025,0.043659,0.050757,0.17537,0.187218,0.025644,0.111558,0.239877,0.052927,0.030734,0.047709
ACAAGCAGTGCCTAGC-1,0.000036,0.016679,0.011662,0.077043,0.287915,0.217413,0.001921,0.001745,0.018703,0.048335,0.240917,0.000036,0.077594
ACAAGCTATATGGAAG-1,0.00001,0.009008,0.005734,0.052367,0.034082,0.43963,0.077114,0.056547,0.110798,0.021384,0.038018,0.03467,0.120638
ACAAGGAAATCCGCCC-1,0.000033,0.000033,0.011982,0.215689,0.146113,0.017646,0.001678,0.447458,0.12323,0.006797,0.000913,0.004009,0.024418
ACAAGGACAAGAGGTT-1,0.000019,0.013514,0.03106,0.047972,0.18744,0.16111,0.070792,0.027479,0.027836,0.033577,0.097491,0.037526,0.264184
ACAAGGCCTACCAGCC-1,0.000016,0.097055,0.030689,0.071778,0.096739,0.068495,0.103584,0.056042,0.080059,0.087271,0.126304,0.027439,0.154528
ACAAGGGCAGGCTCTG-1,0.000026,0.000026,0.000026,0.201222,0.222894,0.024365,0.023764,0.398815,0.068772,0.011055,0.01488,0.024619,0.009538
ACAAGTAATTGTAAGG-1,0.000202,0.022921,0.031999,0.3092,0.090652,0.009946,0.016768,0.180528,0.053615,0.004129,0.058874,0.216211,0.004956
ACAATAGTCGTACGTT-1,0.000011,0.000011,0.000011,0.000011,0.003561,0.142069,0.000851,0.037443,0.0991,0.000011,0.29719,0.324694,0.095036
ACAATCCATTTAAACC-1,0.000013,0.034889,0.005998,0.052926,0.044903,0.039228,0.007743,0.05076,0.015326,0.008872,0.150507,0.502723,0.08611
ACAATCGATCTTTATA-1,0.000018,0.79363,0.007114,0.000018,0.000018,0.035113,0.148302,0.006938,0.000018,0.003552,0.000018,0.003935,0.001325
ACAATGAATACGGAGA-1,0.000093,0.029995,0.011186,0.534087,0.423897,0.000093,0.000093,0.000093,0.000093,0.000093,0.000093,0.000093,0.000093
ACAATGATTCTTCTAC-1,0.000033,0.01001,0.043116,0.058023,0.453664,0.003627,0.000033,0.000033,0.000033,0.213155,0.193044,0.000033,0.025198
ACAATTGTGTCTCTTT-1,0.000035,0.000035,0.000035,0.175438,0.089453,0.000035,0.031,0.685481,0.009476,0.000035,0.000035,0.008907,0.000035
ACAATTTAGGAGGCTC-1,0.000026,0.011515,0.002502,0.048193,0.252158,0.037143,0.056857,0.00281,0.014563,0.056928,0.084134,0.003651,0.42952
ACAATTTGAGCAGTGG-1,0.000016,0.01336,0.002555,0.024265,0.134281,0.266201,0.086395,0.063523,0.04516,0.087311,0.13764,0.013417,0.125877
ACAATTTGGCCATATT-1,0.000041,0.000041,0.000041,0.134081,0.21059,0.000041,0.008367,0.057953,0.052167,0.000378,0.081128,0.454634,0.000537
ACACAAAGACGGGTGG-1,0.000013,0.044986,0.005199,0.022334,0.080681,0.05778,0.076646,0.018756,0.012843,0.090416,0.048095,0.02261,0.519639
ACACAAATATTCCTAG-1,0.00001,0.000584,0.038488,0.014641,0.442048,0.014636,0.015035,0.005145,0.002405,0.037479,0.366299,0.028767,0.034463
ACACACCAGGACCAGT-1,0.000039,0.000039,0.000039,0.293174,0.073133,0.017956,0.005958,0.231623,0.07053,0.000392,0.234196,0.072881,0.000039
ACACACTTTCTACACG-1,0.000026,0.192536,0.000026,0.032885,0.178999,0.008825,0.120842,0.085362,0.023918,0.287005,0.039571,0.024448,0.005559
ACACATGATCAAATCT-1,0.000297,0.000297,0.623271,0.09463,0.000297,0.097074,0.000297,0.000297,0.166624,0.000297,0.000297,0.000297,0.016024
ACACATTGACGCAACA-1,0.000032,0.234578,0.360493,0.062132,0.016572,0.010699,0.230656,0.001682,0.001167,0.055278,0.003389,0.000032,0.023289
ACACATTTCCGTAGAC-1,0.000038,0.000038,0.000038,0.037641,0.130124,0.120081,0.000038,0.124676,0.238434,0.001998,0.156532,0.131299,0.059064
ACACCACATAATTAGC-1,0.000017,0.028727,0.000017,0.003081,0.032766,0.191456,0.099853,0.018148,0.030104,0.054469,0.084287,0.185279,0.271795
ACACCCAGCATGCAGC-1,0.000019,0.020922,0.013178,0.03825,0.016074,0.50848,0.075157,0.062217,0.077978,0.10193,0.015634,0.01754,0.052622
ACACCCGAGAAATCCG-1,0.000018,0.089918,0.075178,0.319212,0.041544,0.151093,0.119826,0.034753,0.054027,0.071732,0.034027,0.00742,0.001253
ACACCGAGCGCTCTTT-1,0.000097,0.000101,0.619757,0.000097,0.172766,0.000097,0.033237,0.000097,0.000097,0.170195,0.003263,0.000097,0.000097
ACACCGGTCTGACCGC-1,0.000113,0.000113,0.509435,0.425605,0.063834,0.000113,0.000113,0.000113,0.000113,0.000113,0.000113,0.000113,0.000113
ACACCTTAAGTAGGGC-1,0.000032,0.049263,0.000032,0.044232,0.240977,0.269913,0.047127,0.010273,0.001877,0.118137,0.078426,0.003495,0.136217
ACACCTTACTACTTGC-1,0.000022,0.000022,0.022521,0.081911,0.06347,0.200832,0.028497,0.136761,0.206961,0.027616,0.144972,0.039463,0.046951
ACACGAGACTCCTTCT-1,0.00002,0.00002,0.00002,0.043922,0.115379,0.05711,0.044079,0.10592,0.153706,0.054519,0.283343,0.086622,0.05534
ACACGGCACTATGCAT-1,0.000043,0.237583,0.291431,0.24139,0.034197,0.024827,0.004108,0.005422,0.127108,0.001429,0.001848,0.018167,0.012448
ACACGGGAACTTAGGG-1,0.000007,0.000007,0.000007,0.008227,0.011064,0.602571,0.092974,0.023582,0.14332,0.017989,0.021238,0.009142,0.069872
ACACTCCAATGTCACT-1,0.000068,0.123861,0.046628,0.284743,0.436295,0.000068,0.000068,0.000068,0.000068,0.098095,0.009903,0.000068,0.000068
ACACTGATCAAGGTGT-1,0.000032,0.000032,0.000032,0.188273,0.252869,0.000032,0.004524,0.398932,0.012887,0.015304,0.014789,0.061744,0.050552
ACAGAACTGAGAACAA-1,0.000031,0.000031,0.000031,0.099573,0.474673,0.000031,0.032498,0.21213,0.052702,0.01239,0.013205,0.079868,0.022835
ACAGATTAGGTTAGTG-1,0.00003,0.490631,0.040551,0.202389,0.007223,0.045794,0.131187,0.017942,0.011272,0.024511,0.007926,0.004034,0.016511
ACAGCATAGAGCCAGT-1,0.000175,0.058192,0.040577,0.006231,0.000012,0.041831,0.567898,0.17501,0.059572,0.004773,0.000562,0.024366,0.0208
ACAGCGCACCCGCAGC-1,0.000053,0.132644,0.30889,0.189872,0.1701,0.010098,0.000053,0.001968,0.01014,0.039327,0.016756,0.022314,0.097785
ACAGGAGGCGCAGCCG-1,0.00003,0.422551,0.52352,0.00003,0.051816,0.00003,0.00003,0.00003,0.00003,0.00003,0.001844,0.00003,0.00003
ACAGGCACGGATCCTT-1,0.000351,0.000023,0.000023,0.010946,0.102241,0.004526,0.003783,0.652689,0.146079,0.000232,0.032958,0.041878,0.00427
ACAGGCTTGCCCGACT-1,0.000117,0.000117,0.036632,0.962082,0.000117,0.000117,0.000117,0.000117,0.000117,0.000117,0.000117,0.000117,0.000117
ACAGGTGGAGGTGAGG-1,0.000251,0.000014,0.000014,0.008485,0.05311,0.002119,0.032968,0.644111,0.238823,0.001495,0.006148,0.010329,0.002133
ACAGGTGTGTTGTTGC-1,0.000025,0.036291,0.000025,0.126065,0.117414,0.221939,0.014102,0.022236,0.07316,0.073276,0.080591,0.101289,0.133587
ACAGTAATACAACTTG-1,0.000874,0.000021,0.000021,0.045056,0.14164,0.029946,0.036764,0.252728,0.1963,0.046493,0.15718,0.058029,0.034947
ACAGTATACCGTGGGA-1,0.000009,0.000009,0.000009,0.000009,0.00019,0.522124,0.140432,0.007922,0.093001,0.004707,0.160267,0.056126,0.015197
ACAGTGCAGCGCATTT-1,0.000019,0.021296,0.008372,0.05,0.255853,0.006804,0.039855,0.007354,0.000019,0.028345,0.534026,0.026335,0.021721
ACATAAGTCGTGGTGA-1,0.000106,0.000106,0.000106,0.686981,0.311855,0.000106,0.000106,0.000106,0.000106,0.000106,0.000106,0.000106,0.000106
ACATAATAAGGCGGTG-1,0.000016,0.01327,0.032145,0.0357,0.088195,0.219575,0.059233,0.013227,0.022879,0.103474,0.373982,0.018055,0.020248
ACATACAATCAAGCGG-1,0.000021,0.013378,0.007664,0.061052,0.367733,0.009146,0.01119,0.060401,0.097016,0.002815,0.235764,0.123089,0.010732
ACATCAGCTGGGACGC-1,0.000015,0.037866,0.000015,0.00144,0.012527,0.501596,0.004087,0.005817,0.007399,0.033362,0.318956,0.021617,0.055303
ACATCCCGGCCATACG-1,0.000111,0.000111,0.000111,0.506171,0.304767,0.000111,0.000111,0.000111,0.000111,0.01064,0.020923,0.156609,0.000111
ACATCCTGGTAACTGT-1,0.000016,0.000016,0.000016,0.004028,0.00595,0.162771,0.043826,0.214469,0.402214,0.017835,0.121631,0.013451,0.013778
ACATCGATCGTTTACC-1,0.000038,0.000038,0.000038,0.281008,0.014416,0.056969,0.000038,0.155032,0.166539,0.084396,0.086832,0.134106,0.020551
ACATCGCAATATTCGG-1,0.00002,0.00002,0.00002,0.063521,0.066236,0.005138,0.009986,0.157589,0.194411,0.000109,0.12653,0.361573,0.014846
ACATCGGTCAGCCGCG-1,0.000051,0.000051,0.000051,0.074313,0.512409,0.003832,0.000051,0.001947,0.016918,0.03125,0.344836,0.010888,0.003405
ACATCGTATGCAATGG-1,0.000039,0.000039,0.000039,0.180785,0.113003,0.016014,0.003064,0.155231,0.04621,0.005701,0.039674,0.351579,0.088623
ACATCGTTAACCTAGT-1,0.000017,0.508718,0.037392,0.007549,0.000017,0.050662,0.356284,0.001996,0.004315,0.016221,0.001719,0.003782,0.011328
ACATCTCAACGCGTAA-1,0.000025,0.220831,0.090394,0.000025,0.000025,0.000025,0.534079,0.089456,0.023164,0.020221,0.000025,0.011669,0.010062
ACATGCTTACGGCAGC-1,0.000056,0.000056,0.017802,0.356493,0.102812,0.000056,0.002269,0.299818,0.072275,0.000056,0.049213,0.032248,0.066846
ACATGGCGCCAAAGTA-1,0.000005,0.00255,0.000005,0.000005,0.000005,0.311793,0.070306,0.050964,0.464863,0.00692,0.037787,0.034632,0.020168
ACATGGCTCAATTTAG-1,0.000072,0.368897,0.466808,0.035271,0.119735,0.000072,0.000072,0.000072,0.000072,0.000072,0.008716,0.000072,0.000072
ACATTAGTTTATATCC-1,0.000115,0.000115,0.000115,0.530096,0.009668,0.000115,0.009395,0.44765,0.000115,0.000115,0.000115,0.002272,0.000115
ACATTCGCGCGGAATA-1,0.000009,0.001784,0.001741,0.064767,0.01877,0.013291,0.050299,0.494683,0.104871,0.001978,0.014407,0.211143,0.022256
ACATTTGAAACCTAAC-1,0.000593,0.00002,0.00002,0.005879,0.00002,0.107107,0.039575,0.222873,0.510717,0.003529,0.00002,0.085824,0.023824
ACCAAACACCCAGCGA-1,0.000019,0.007454,0.041375,0.113542,0.391934,0.051355,0.034275,0.010556,0.009612,0.098899,0.151504,0.041822,0.047653
ACCAAACTAGAAATCC-1,0.000024,0.806994,0.069874,0.001682,0.111802,0.000024,0.000024,0.000024,0.000024,0.003356,0.006121,0.000024,0.000024
ACCAACACCACACACT-1,0.001464,0.008819,0.050705,0.027136,0.019822,0.044387,0.277092,0.117303,0.042964,0.029461,0.059089,0.191182,0.130575
ACCAACCGCACTCCAC-1,0.000075,0.000075,0.080786,0.87991,0.038558,0.000075,0.000075,0.000075,0.000075,0.000075,0.000075,0.000075,0.000075
ACCAACGCTTATTTAT-1,0.000036,0.000036,0.000036,0.231577,0.039856,0.00999,0.00377,0.511463,0.040015,0.007613,0.104463,0.031733,0.019412
ACCAAGAACGCGTGTC-1,0.000018,0.041023,0.0093,0.072958,0.015731,0.077411,0.076961,0.042909,0.020897,0.119545,0.022342,0.405529,0.095375
ACCAAGTCATCGGCAG-1,0.000042,0.000042,0.000042,0.395962,0.085672,0.057271,0.015394,0.255271,0.129874,0.023583,0.000045,0.036763,0.000042
ACCAATATGCAAGTTA-1,0.000064,0.000064,0.041978,0.672794,0.28459,0.000064,0.000064,0.000064,0.000064,0.000064,0.000064,0.000064,0.000064
ACCACAACTCAGAACA-1,0.000015,0.161583,0.113073,0.005255,0.067842,0.036023,0.385076,0.021185,0.035639,0.044609,0.055835,0.034845,0.039021
ACCACAAGTTTCTATC-1,0.000019,0.030699,0.000019,0.009983,0.046568,0.316305,0.002932,0.01649,0.189162,0.022629,0.352429,0.007839,0.004925
ACCACACGGTTGATGG-1,0.000023,0.000023,0.000023,0.036321,0.010367,0.13526,0.051234,0.046224,0.545323,0.000472,0.045064,0.05916,0.070507
ACCACCAATGTAACAA-1,0.000119,0.000786,0.004082,0.02918,0.028034,0.084323,0.036425,0.175125,0.17777,0.016006,0.162385,0.14719,0.138576
ACCACCCTCTCTTCTA-1,0.000013,0.000013,0.004179,0.007212,0.109843,0.246301,0.078426,0.023185,0.046548,0.088589,0.112425,0.169462,0.113805
ACCACGTGCAGCTATA-1,0.000044,0.000044,0.000044,0.12242,0.182233,0.000054,0.020104,0.653124,0.018312,0.000044,0.00045,0.000919,0.002207
ACCACTGTTCAAGAAG-1,0.000054,0.267631,0.694562,0.037268,0.000054,0.000054,0.000054,0.000054,0.000054,0.000054,0.000054,0.000054,0.000054
ACCAGACCATAACAAC-1,0.000017,0.013598,0.002628,0.031525,0.341159,0.077211,0.002733,0.002666,0.004846,0.151309,0.27523,0.027875,0.069202
ACCAGCCCGGTCTTTG-1,0.000026,0.459155,0.033391,0.000026,0.004229,0.018799,0.330096,0.006894,0.004175,0.090752,0.006034,0.010496,0.035928
ACCAGGAGTGTGATCT-1,0.000022,0.747563,0.208866,0.015792,0.001144,0.000125,0.000022,0.000022,0.000022,0.000022,0.000022,0.020381,0.005997
ACCAGTGCCCGGTCAA-1,0.000032,0.02679,0.106718,0.060152,0.41169,0.041283,0.06419,0.010599,0.010933,0.097547,0.151577,0.000032,0.018457
ACCAGTGCGGGAGACG-1,0.000018,0.000018,0.000018,0.017181,0.018284,0.014159,0.0598,0.295648,0.558199,0.004583,0.012151,0.01174,0.008202
ACCATATCCGCAATAA-1,0.000025,0.000025,0.000025,0.070846,0.153449,0.070595,0.013034,0.269164,0.144579,0.006426,0.261126,0.004239,0.006468
ACCATCCGCCAACTAG-1,0.000023,0.000023,0.000023,0.044048,0.062284,0.143848,0.005424,0.042838,0.153488,0.011012,0.387895,0.058516,0.090579
ACCATCGTATATGGTA-1,0.00006,0.00006,0.00006,0.342507,0.218541,0.077665,0.000405,0.077316,0.000386,0.00006,0.276873,0.006009,0.00006
ACCATTAAGGGTGTCA-1,0.000067,0.708405,0.072225,0.070344,0.148423,0.000067,0.000067,0.000067,0.000067,0.000067,0.000067,0.000067,0.000067
ACCCAACGCCCGTGGC-1,0.000009,0.000009,0.000009,0.001788,0.023124,0.681585,0.046525,0.027112,0.063385,0.034135,0.024881,0.023415,0.074024
ACCCACCTACATGCTC-1,0.00002,0.104236,0.00002,0.036068,0.049714,0.144608,0.111615,0.200399,0.07823,0.034764,0.080489,0.1044,0.055438
ACCCATCTTGAGGGTA-1,0.000026,0.013621,0.000026,0.058035,0.118496,0.129822,0.069089,0.045183,0.053079,0.033207,0.35848,0.057394,0.063541
ACCCGAGCGAAATTAC-1,0.000276,0.000276,0.415668,0.203584,0.000276,0.000276,0.000276,0.329484,0.000276,0.000276,0.000276,0.000276,0.048783
ACCCGATTGGTTCCGA-1,0.000012,0.000012,0.000012,0.071377,0.003847,0.02155,0.091979,0.643239,0.044095,0.005957,0.001299,0.078956,0.037668
ACCCGGATGACGCATC-1,0.000014,0.000014,0.000014,0.000014,0.004266,0.219048,0.011965,0.017709,0.247557,0.007501,0.399311,0.066386,0.0262
ACCCGGTTACACTTCC-1,0.000051,0.000051,0.000051,0.157165,0.349878,0.080901,0.002737,0.114134,0.03042,0.051222,0.190317,0.001377,0.021695
ACCCGTAGCAGAGAAT-1,0.000144,0.021486,0.000144,0.712535,0.264539,0.000144,0.000144,0.000144,0.000144,0.000144,0.000144,0.000144,0.000144
ACCCGTAGTCTAGTTG-1,0.000078,0.000078,0.000078,0.790992,0.208153,0.000078,0.000078,0.000078,0.000078,0.000078,0.000078,0.000078,0.000078
ACCCGTGTCATCAGTA-1,0.000092,0.000092,0.254106,0.538342,0.016561,0.000092,0.114887,0.000092,0.000092,0.000092,0.000092,0.039084,0.036376
ACCCTATAGGACTGAG-1,0.000023,0.919608,0.000139,0.050837,0.000023,0.000023,0.002849,0.024543,0.000023,0.000023,0.000023,0.001863,0.000023
ACCCTATGCCATATCG-1,0.000243,0.000243,0.000243,0.581372,0.41595,0.000243,0.000243,0.000243,0.000243,0.000243,0.000243,0.000243,0.000243
ACCCTCCCGTCAGGGC-1,0.000034,0.000034,0.000034,0.205462,0.243134,0.001405,0.000034,0.24829,0.060416,0.002754,0.124256,0.050321,0.063828
ACCCTCCCTTGCTATT-1,0.000058,0.000058,0.000058,0.533596,0.000058,0.007788,0.075516,0.222223,0.135931,0.000058,0.000058,0.005803,0.018794
ACCCTGGTAACGCCCT-1,0.000019,0.000019,0.018055,0.066454,0.086002,0.011135,0.093296,0.05387,0.005627,0.042633,0.084397,0.380564,0.15793
ACCCTTCATCTGCGAA-1,0.000023,0.071067,0.04736,0.15324,0.096994,0.048789,0.170041,0.118001,0.16917,0.090676,0.029493,0.00311,0.002037
ACCCTTGCCTGGGTCG-1,0.000011,0.000011,0.000011,0.011709,0.078685,0.02884,0.063281,0.023453,0.095401,0.007805,0.58578,0.073783,0.031228
ACCCTTTAGTTCTCCA-1,0.000035,0.662783,0.057596,0.073035,0.156699,0.000035,0.000035,0.000035,0.000035,0.022123,0.026424,0.000035,0.001133
ACCGAAAGGGCCCTGC-1,0.000027,0.089679,0.14874,0.274233,0.128805,0.005869,0.14151,0.049441,0.027127,0.104944,0.020269,0.007744,0.001612
ACCGAAGAGTCTGGTT-1,0.000153,0.000153,0.000153,0.990119,0.008196,0.000153,0.000153,0.000153,0.000153,0.000153,0.000153,0.000153,0.000153
ACCGACACATCTCCCA-1,0.000169,0.000169,0.320543,0.323468,0.004063,0.280866,0.000169,0.000169,0.069711,0.000169,0.000169,0.000169,0.000169
ACCGACTGAGTCCCAC-1,0.000008,0.000008,0.000008,0.000008,0.000008,0.426321,0.021938,0.021302,0.110635,0.001819,0.378443,0.034204,0.005297
ACCGAGTCTCCTTATT-1,0.000014,0.000014,0.000014,0.017586,0.092407,0.052551,0.006505,0.188304,0.524974,0.004478,0.077152,0.022655,0.013347
ACCGATATTTAATCAT-1,0.000165,0.147909,0.252253,0.519412,0.078937,0.000165,0.000165,0.000165,0.000165,0.000165,0.000165,0.000165,0.000165
ACCGATGGTAGCATCG-1,0.000518,0.000032,0.000032,0.001172,0.316573,0.066152,0.000032,0.027873,0.034397,0.013605,0.468924,0.026044,0.044647
ACCGCGGTGGAAGTCG-1,0.000237,0.014106,0.043198,0.183603,0.021147,0.066747,0.008675,0.225212,0.058399,0.007049,0.033172,0.15904,0.179415
ACCGCTAGTCATTGGT-1,0.000013,0.000013,0.000013,0.000135,0.000013,0.01557,0.059572,0.335539,0.527651,0.000013,0.007171,0.051981,0.002316
ACCGGGCCTTTGTTGA-1,0.000015,0.000015,0.000015,0.088498,0.007299,0.028625,0.010166,0.19421,0.085691,0.000015,0.019762,0.461482,0.104205
ACCGGTCAGGTACACC-1,0.000139,0.000139,0.127435,0.864904,0.006267,0.000139,0.000139,0.000139,0.000139,0.000139,0.000139,0.000139,0.000139
ACCGGTCTGAGTACGG-1,0.000012,0.000012,0.000012,0.004433,0.019322,0.150625,0.335331,0.044916,0.269352,0.040371,0.073957,0.044744,0.016913
ACCGTGACCACGTGGG-1,0.000249,0.000249,0.532358,0.000249,0.200299,0.000328,0.168201,0.000249,0.000249,0.000249,0.000249,0.096823,0.000249
ACCGTTCCCGCTCTGA-1,0.000017,0.782025,0.02094,0.009781,0.000017,0.029435,0.027552,0.02832,0.015284,0.000017,0.000017,0.063934,0.02266
ACCTAAGTACCTTTCA-1,0.000069,0.000069,0.000069,0.355355,0.20382,0.000069,0.000069,0.172425,0.045601,0.000069,0.206173,0.01614,0.000069
ACCTAATCGACTTCCT-1,0.000241,0.001872,0.000016,0.000016,0.003554,0.510016,0.0959,0.066159,0.030148,0.061344,0.030822,0.036061,0.16385
ACCTACAGTATGTGGT-1,0.000047,0.000047,0.000047,0.12417,0.138743,0.191897,0.000047,0.059768,0.110759,0.02782,0.254658,0.076944,0.015053
ACCTACTATAAATCTA-1,0.000036,0.008992,0.000036,0.207897,0.236551,0.000405,0.005311,0.216526,0.191413,0.040515,0.045867,0.038831,0.007619
ACCTCAGCGAGGCGCA-1,0.000013,0.057985,0.000013,0.01618,0.012865,0.097142,0.03119,0.030812,0.343099,0.005593,0.246198,0.130739,0.02817
ACCTCCGCCCTCGCTG-1,0.000208,0.000208,0.231976,0.364669,0.401276,0.000208,0.000208,0.000208,0.000208,0.000208,0.000208,0.000208,0.000208
ACCTCCGTTATTCACC-1,0.000026,0.000026,0.012138,0.144652,0.135984,0.180183,0.072537,0.030638,0.097233,0.069529,0.071956,0.076499,0.108598
ACCTCGAACTTATGCT-1,0.00028,0.00028,0.456976,0.018261,0.521966,0.00028,0.00028,0.00028,0.00028,0.00028,0.00028,0.00028,0.00028
ACCTGCGTGTCATGTT-1,0.000035,0.000035,0.002937,0.034564,0.338623,0.012319,0.006448,0.170432,0.243673,0.008056,0.172666,0.010174,0.000035
ACCTTTCCTTTAGAAG-1,0.000028,0.702761,0.098189,0.007091,0.000028,0.008248,0.005711,0.001927,0.000028,0.000028,0.000028,0.150145,0.025788
ACGAAATGGGCGGCAC-1,0.000322,0.014558,0.000015,0.049332,0.09306,0.544943,0.030681,0.032463,0.064962,0.062718,0.037243,0.020422,0.049281
ACGACTCTAGGGCCGA-1,0.00001,0.000136,0.00001,0.00001,0.00001,0.014186,0.088459,0.474774,0.164031,0.00001,0.002489,0.223722,0.03215
ACGACTGGTCATACTC-1,0.000081,0.000081,0.133686,0.865427,0.000081,0.000081,0.000081,0.000081,0.000081,0.000081,0.000081,0.000081,0.000081
ACGAGAACCCATCACG-1,0.000043,0.110693,0.734526,0.113204,0.041191,0.000043,0.000043,0.000043,0.000043,0.000043,0.000043,0.000043,0.000043
ACGAGATATTTGCTTA-1,0.001547,0.347616,0.369334,0.020473,0.238001,0.000054,0.000054,0.000054,0.000054,0.022649,0.000054,0.000054,0.000054
ACGAGGATACCACTCT-1,0.00003,0.00003,0.00003,0.052242,0.164291,0.039459,0.005426,0.163936,0.325208,0.020917,0.094002,0.099461,0.034967
ACGAGGTTTACAACGT-1,0.000095,0.000095,0.097999,0.654793,0.07306,0.000095,0.000095,0.000095,0.000095,0.000095,0.000095,0.000095,0.173289
ACGAGTACGGATGCCC-1,0.00001,0.000039,0.005452,0.067149,0.026236,0.513226,0.127256,0.030748,0.04763,0.053779,0.061327,0.015466,0.051683
ACGAGTCGCCGGCGTT-1,0.000034,0.20912,0.352491,0.035691,0.007086,0.005563,0.351657,0.021512,0.000034,0.007747,0.000034,0.000034,0.008999
ACGATACATAGAACTA-1,0.000023,0.066778,0.017741,0.084525,0.155315,0.182908,0.089006,0.046744,0.064919,0.129831,0.152837,0.003353,0.006021
ACGATACCTATCCTGA-1,0.00003,0.040258,0.032831,0.163653,0.121838,0.219461,0.009226,0.011485,0.019168,0.163856,0.108886,0.056826,0.052482
ACGATCATACATAGAG-1,0.000024,0.046577,0.000024,0.03157,0.031018,0.130762,0.022683,0.032827,0.027882,0.011863,0.095336,0.223886,0.345548
ACGATCATCTTGTAAA-1,0.000033,0.000033,0.000033,0.093125,0.451543,0.016662,0.000033,0.001646,0.000033,0.043673,0.328856,0.042295,0.022036
ACGATGCATATGTTAT-1,0.000013,0.000013,0.000013,0.006136,0.012225,0.146023,0.109696,0.241009,0.185794,0.006594,0.094621,0.107471,0.09039
ACGATGGATCCGATGC-1,0.000016,0.054856,0.104712,0.0234,0.033379,0.009094,0.500579,0.121199,0.108661,0.020757,0.011037,0.008327,0.003984
ACGCAAACTAATAGAT-1,0.000045,0.000045,0.055325,0.452434,0.491786,0.000045,0.000045,0.000045,0.000045,0.000045,0.000045,0.000045,0.000045
ACGCAATCACTACAGC-1,0.000016,0.00038,0.034331,0.034249,0.044288,0.081257,0.27689,0.125696,0.070606,0.043517,0.108197,0.088918,0.091655
ACGCATAAATGACATG-1,0.000014,0.006298,0.004441,0.062285,0.293899,0.126166,0.054566,0.013424,0.013588,0.088062,0.102178,0.105407,0.129672
ACGCATACGTTTACTA-1,0.000188,0.000188,0.000188,0.990643,0.007293,0.000188,0.000188,0.000188,0.000188,0.000188,0.000188,0.000188,0.000188
ACGCATTCGTGAGTAC-1,0.000013,0.008636,0.000013,0.000013,0.000013,0.410762,0.024384,0.038408,0.389645,0.002346,0.105843,0.016417,0.003505
ACGCCACTCGAAACAG-1,0.000017,0.000017,0.000017,0.084476,0.154211,0.04336,0.00463,0.127658,0.028605,0.010196,0.079322,0.429892,0.037602
ACGCCAGATGATTTCT-1,0.00003,0.128632,0.055628,0.077522,0.260765,0.086917,0.120756,0.053816,0.00003,0.123942,0.076244,0.00003,0.015686
ACGCCAGTGCGTTTGC-1,0.000033,0.000033,0.000033,0.041963,0.023313,0.014939,0.074589,0.392723,0.411556,0.000967,0.000033,0.039786,0.000033
ACGCCCAGCTGTCGAT-1,0.00007,0.203791,0.546446,0.063736,0.185397,0.00007,0.00007,0.00007,0.00007,0.00007,0.00007,0.00007,0.00007
ACGCCGCTAGACGACC-1,0.000049,0.000049,0.038564,0.05353,0.439855,0.039519,0.007356,0.133632,0.037982,0.009303,0.047944,0.182626,0.009591
ACGCCTGACACGCGCT-1,0.000027,0.853961,0.058276,0.009235,0.078281,0.000027,0.000027,0.000027,0.000027,0.000027,0.000027,0.000027,0.000027
ACGCGAAGTCAGACGA-1,0.000049,0.000049,0.000049,0.115207,0.187088,0.024358,0.014285,0.547888,0.047283,0.000049,0.02021,0.043433,0.000049
ACGCGCTACACAGGGT-1,0.000041,0.000041,0.000041,0.009085,0.516723,0.055775,0.000041,0.02951,0.037376,0.000041,0.155357,0.052517,0.143452
ACGCGGGCCAAGGACA-1,0.000022,0.000022,0.024085,0.097563,0.08854,0.105784,0.010533,0.06991,0.099903,0.012387,0.424709,0.018977,0.047566
ACGCGTTTCTTAAGAG-1,0.000016,0.005637,0.000016,0.037353,0.032083,0.163214,0.220815,0.106043,0.083683,0.155666,0.06283,0.019084,0.11356
ACGCTACTGAATGGGC-1,0.000035,0.000035,0.017414,0.44874,0.126527,0.015841,0.000035,0.060731,0.048592,0.000144,0.14634,0.135531,0.000035
ACGCTAGTGATACACT-1,0.000041,0.073489,0.026081,0.088403,0.384057,0.036806,0.000041,0.000041,0.000041,0.046164,0.313003,0.003612,0.028219
ACGCTGTGAGGCGTAG-1,0.000049,0.133487,0.000049,0.020335,0.464348,0.010215,0.000049,0.000049,0.000049,0.016943,0.35433,0.000049,0.000049
ACGCTTAGTGTCTCTC-1,0.000048,0.131662,0.326388,0.000048,0.045903,0.098028,0.101783,0.000048,0.017455,0.210747,0.019616,0.04574,0.002532
ACGGAACACGAGTGCC-1,0.019174,0.000019,0.000019,0.052788,0.000383,0.018392,0.023908,0.123915,0.196206,0.000019,0.001344,0.203787,0.360045
ACGGAATTTAGCAAAT-1,0.000018,0.153784,0.093553,0.064084,0.106811,0.063204,0.233832,0.089612,0.025768,0.059843,0.02623,0.025642,0.057619
ACGGACGCAGCGACAA-1,0.000016,0.005874,0.000016,0.151469,0.021649,0.00095,0.047187,0.37503,0.055203,0.020938,0.006376,0.143806,0.171486
ACGGACTCTCAAAGCG-1,0.000207,0.000207,0.513943,0.000207,0.303239,0.000207,0.000207,0.000207,0.180751,0.000207,0.000207,0.000207,0.000207
ACGGAGCGCAAATTAC-1,0.000015,0.030621,0.050641,0.145766,0.140985,0.03102,0.051857,0.064032,0.118283,0.202206,0.068488,0.02107,0.075014
ACGGATGGTGCGGATA-1,0.000258,0.000258,0.187708,0.515167,0.192306,0.000258,0.000258,0.000258,0.000258,0.000258,0.102496,0.000258,0.000258
ACGGCACTTGCTTGGG-1,0.000096,0.000096,0.000096,0.682277,0.000096,0.000096,0.088567,0.228197,0.000096,0.000096,0.000096,0.000096,0.000096
ACGGCCAACATGGACT-1,0.000019,0.000019,0.000019,0.022308,0.031148,0.014566,0.032141,0.738217,0.082657,0.02787,0.012949,0.004886,0.033201
ACGGCGGGTTGCCCTG-1,0.000035,0.688239,0.118306,0.1527,0.000035,0.000035,0.000035,0.014274,0.000035,0.00657,0.000035,0.01967,0.000035
ACGGCTGGATGTAGAA-1,0.000205,0.000205,0.431542,0.055801,0.223371,0.000205,0.000205,0.287439,0.000205,0.000205,0.000205,0.000205,0.000205
ACGGGAGTGTCGGCCC-1,0.000291,0.000015,0.000015,0.016946,0.034565,0.153525,0.015697,0.127116,0.29757,0.018605,0.086194,0.196232,0.05323
ACGGGCGTATGCGACA-1,0.00002,0.010354,0.004632,0.066406,0.135656,0.072337,0.113301,0.01659,0.030941,0.250324,0.140083,0.113146,0.046209
ACGGGTCATGTGACTT-1,0.000419,0.612006,0.011391,0.1206,0.022341,0.029962,0.069013,0.018558,0.033338,0.015973,0.045473,0.002322,0.018604
ACGGGTTGTGACCTGT-1,0.000134,0.011872,0.222558,0.764231,0.000134,0.000134,0.000134,0.000134,0.000134,0.000134,0.000134,0.000134,0.000134
ACGGTACAGTTCAATG-1,0.000446,0.000031,0.010683,0.247794,0.244829,0.016987,0.017803,0.191957,0.066427,0.009985,0.119353,0.034624,0.039082
ACGGTCACCGAGAACA-1,0.00007,0.00007,0.075306,0.923921,0.00007,0.00007,0.00007,0.00007,0.00007,0.00007,0.00007,0.00007,0.00007
ACGTACAGATTTCTCT-1,0.000029,0.201381,0.145399,0.169473,0.00047,0.048461,0.031515,0.03611,0.000086,0.016647,0.000029,0.266,0.084401
ACGTACTTTGGCACGG-1,0.000028,0.022201,0.000028,0.234918,0.065691,0.000028,0.004726,0.508122,0.074956,0.002272,0.004909,0.024253,0.057868
ACGTAGATTGCTGATG-1,0.000036,0.002366,0.000036,0.128474,0.168358,0.035546,0.002868,0.004622,0.029172,0.105606,0.522843,0.000036,0.000038
ACGTAGGAGAGTCGCT-1,0.000015,0.000015,0.000015,0.034273,0.105601,0.065952,0.047144,0.429185,0.244691,0.005086,0.028625,0.02686,0.012539
ACGTATTACTCCGATC-1,0.000028,0.000028,0.000028,0.150848,0.105255,0.093542,0.071235,0.08534,0.184419,0.017351,0.195823,0.045987,0.050117
ACGTCCTAAACGAGAT-1,0.000031,0.274946,0.377222,0.000031,0.000031,0.000031,0.107596,0.045008,0.000031,0.004955,0.012812,0.121633,0.055673
ACGTCGGGCAACTCGG-1,0.000195,0.000195,0.287979,0.709874,0.000195,0.000195,0.000195,0.000195,0.000195,0.000195,0.000195,0.000195,0.000195
ACGTCTCGTTCCGGGA-1,0.000057,0.014967,0.001958,0.121387,0.429927,0.000057,0.000057,0.000057,0.000057,0.000057,0.431306,0.000057,0.000057
ACGTGACAAAGTAAGT-1,0.000015,0.000015,0.000015,0.077128,0.081298,0.017185,0.021391,0.344861,0.375936,0.000298,0.062037,0.018742,0.001078
ACGTGCGCCTCGTGCA-1,0.000018,0.000018,0.030405,0.032564,0.038158,0.144469,0.318534,0.080045,0.107503,0.129644,0.045258,0.005349,0.068035
ACGTGGTCGAATGTGC-1,0.000054,0.151688,0.421492,0.02774,0.296637,0.000054,0.006917,0.000054,0.000054,0.095138,0.000054,0.000054,0.000062
ACGTTAATGTCGAAGA-1,0.000031,0.000031,0.000031,0.217537,0.309108,0.030288,0.000031,0.062769,0.133334,0.058856,0.166268,0.006144,0.015573
ACGTTAGATTTGCCCG-1,0.000044,0.031855,0.000044,0.17932,0.322492,0.07969,0.000044,0.017427,0.043771,0.000044,0.316787,0.000044,0.008438
ACGTTATTGGTCACTC-1,0.000048,0.127382,0.117224,0.382567,0.008901,0.000048,0.221752,0.020584,0.018847,0.098285,0.000048,0.000048,0.004266
ACGTTCACTATGCCGC-1,0.000033,0.000033,0.000033,0.089746,0.227016,0.005625,0.052057,0.212611,0.093113,0.000033,0.030038,0.277021,0.012642
ACGTTCCGCGCTCCGT-1,0.000035,0.135318,0.305403,0.261287,0.008683,0.000035,0.134869,0.034017,0.000035,0.095573,0.000035,0.000035,0.024675
ACGTTCGCAATCAATT-1,0.000022,0.000022,0.000022,0.013787,0.214505,0.251128,0.040496,0.012389,0.011725,0.07223,0.144935,0.076213,0.162525
ACGTTCGTTCAGGAAA-1,0.000227,0.000227,0.363434,0.000227,0.291629,0.000227,0.122957,0.218994,0.000227,0.00117,0.000227,0.000227,0.000227
ACGTTCTGTACAAGTC-1,0.000124,0.000124,0.152562,0.764321,0.081877,0.000124,0.000124,0.000124,0.000124,0.000124,0.000124,0.000124,0.000124
ACGTTGTCGTTGAAAG-1,0.000018,0.000018,0.000454,0.085167,0.181077,0.013132,0.02503,0.19944,0.193222,0.062634,0.101729,0.132277,0.005802
ACGTTTAGTTGTGATC-1,0.000027,0.060591,0.010193,0.099564,0.127663,0.077947,0.1697,0.182081,0.052916,0.153975,0.051757,0.003273,0.010313
ACGTTTCGGTGCACTT-1,0.000021,0.000021,0.000021,0.082479,0.147399,0.004381,0.057439,0.254144,0.370852,0.004179,0.037961,0.038512,0.002594
ACTAAGGACGCACACC-1,0.00001,0.00001,0.0002,0.017724,0.65421,0.00001,0.00001,0.00001,0.00001,0.00001,0.327773,0.00001,0.00001
ACTAATACGTCAGGCG-1,0.000034,0.039471,0.140663,0.40855,0.137149,0.028603,0.035468,0.014219,0.002239,0.075891,0.056698,0.042932,0.018083
ACTACAAAGAGAGGTG-1,0.000015,0.005677,0.000015,0.057605,0.199332,0.009783,0.043203,0.304566,0.2379,0.01386,0.056926,0.04616,0.024957
ACTACATCCCGACAAG-1,0.000472,0.000472,0.494502,0.235717,0.000472,0.000472,0.000472,0.000472,0.265061,0.000472,0.000472,0.000472,0.000472
ACTACCAGCTCTCTGG-1,0.00003,0.175829,0.00003,0.054541,0.082919,0.294636,0.033932,0.013241,0.032754,0.095075,0.148573,0.009563,0.058877
ACTACCATCCGAGGGC-1,0.000013,0.000013,0.000013,0.015454,0.004401,0.060194,0.033976,0.363124,0.091704,0.000857,0.02565,0.335622,0.068981
ACTACGCGTTAGAATT-1,0.000114,0.000114,0.452044,0.180212,0.000114,0.000114,0.000114,0.260334,0.072377,0.000114,0.000114,0.034119,0.000114
ACTAGTTGCGATCGTC-1,0.000563,0.000036,0.026452,0.336527,0.000036,0.000036,0.01012,0.557823,0.062938,0.000036,0.000036,0.00408,0.001317
ACTATATGCTGTGTTC-1,0.000011,0.077802,0.003353,0.005996,0.006647,0.101067,0.310379,0.127576,0.128192,0.052118,0.030131,0.102686,0.054043
ACTATCCAGGGCATGG-1,0.000022,0.000022,0.001644,0.075643,0.177646,0.045748,0.016172,0.064554,0.053516,0.024501,0.395608,0.074442,0.070483
ACTATCGCCGGCTAAA-1,0.00004,0.173851,0.642373,0.159236,0.00004,0.00004,0.00004,0.02418,0.00004,0.00004,0.00004,0.00004,0.00004
ACTATCTGCCCGCGTA-1,0.000121,0.000121,0.042806,0.688138,0.267846,0.000121,0.000121,0.000121,0.000121,0.000121,0.000121,0.000121,0.000121
ACTATTCGTCCGTGGT-1,0.000021,0.121217,0.01858,0.033687,0.023928,0.069131,0.413405,0.030403,0.067407,0.062298,0.01861,0.031158,0.110155
ACTATTTCCGGGCCCA-1,0.000138,0.000138,0.669079,0.000138,0.000138,0.000138,0.000138,0.329407,0.000138,0.000138,0.000138,0.000138,0.000138
ACTCAACGAATGTATT-1,0.000052,0.1526,0.498284,0.273225,0.000052,0.000052,0.011077,0.000052,0.000052,0.009829,0.003393,0.000052,0.051282
ACTCAATAAAGGCACG-1,0.000011,0.010035,0.006005,0.046335,0.056577,0.15581,0.079611,0.071755,0.033339,0.107496,0.107178,0.180774,0.145074
ACTCAGACCTGCTTCT-1,0.00005,0.542434,0.118218,0.232045,0.106858,0.00005,0.00005,0.00005,0.00005,0.00005,0.00005,0.00005,0.00005
ACTCATGGCAGCCTTC-1,0.000117,0.000117,0.092965,0.734396,0.171472,0.000117,0.000117,0.000117,0.000117,0.000117,0.000117,0.000117,0.000117
ACTCCCATTCCTAAAG-1,0.000028,0.000028,0.000028,0.036811,0.30246,0.029004,0.00762,0.115775,0.153542,0.003757,0.182787,0.056829,0.111329
ACTCCCGAATTCGTTT-1,0.000016,0.000016,0.000016,0.010502,0.043134,0.45181,0.035561,0.011159,0.021766,0.226034,0.081826,0.066274,0.051887
ACTCCCGTAGACTAGG-1,0.000007,0.000007,0.000007,0.000007,0.005905,0.467116,0.158311,0.026396,0.140299,0.013099,0.061705,0.085337,0.041804
ACTCCCTAATGCTAAA-1,0.000152,0.000152,0.233242,0.473,0.027847,0.000152,0.000152,0.189628,0.050694,0.000152,0.000152,0.000152,0.024525
ACTCCCTAGAATAGTA-1,0.000019,0.000019,0.000019,0.207651,0.04981,0.00908,0.006957,0.524694,0.175018,0.012612,0.004196,0.004637,0.005285
ACTCCGGCCGACCACT-1,0.000011,0.000011,0.000011,0.054406,0.028714,0.001954,0.028627,0.560437,0.27482,0.003723,0.019477,0.020186,0.007623
ACTCGATGTATTTCAT-1,0.000053,0.495719,0.003281,0.376374,0.018782,0.053685,0.000053,0.000053,0.000053,0.000053,0.020651,0.031191,0.000053
ACTCGCCGTTCGATAA-1,0.000049,0.000049,0.000049,0.611756,0.083609,0.000049,0.018592,0.004835,0.022642,0.000049,0.000049,0.220704,0.037569
ACTCGCGATCTGACGC-1,0.000022,0.000022,0.000022,0.007693,0.008346,0.022352,0.064162,0.012028,0.500918,0.006393,0.053181,0.268624,0.056239
ACTCGTAACCCGTCCT-1,0.00002,0.017625,0.00002,0.026337,0.097069,0.029702,0.041982,0.361727,0.216456,0.005671,0.094654,0.060894,0.047843
ACTCGTCAGTAATCCC-1,0.000034,0.001886,0.000034,0.102395,0.182621,0.053583,0.002206,0.021447,0.07001,0.07444,0.357902,0.111925,0.021517
ACTCTAAACCTGGGAT-1,0.000334,0.129486,0.000622,0.106343,0.10198,0.040495,0.048089,0.051381,0.085638,0.294586,0.094416,0.028917,0.017714
ACTCTCTGACTTAGGT-1,0.00067,0.000038,0.008112,0.16211,0.037614,0.060144,0.025883,0.359489,0.231466,0.034049,0.030559,0.026736,0.023129
ACTCTCTTATACACGA-1,0.000033,0.060045,0.350691,0.018101,0.087512,0.01214,0.305932,0.012879,0.004274,0.13382,0.000033,0.000033,0.014506
ACTCTGACCTAATAGA-1,0.00002,0.00002,0.007631,0.097334,0.039268,0.002008,0.013433,0.591189,0.231611,0.006613,0.003308,0.007545,0.00002
ACTCTTCAGCTCCCGC-1,0.00001,0.00001,0.00001,0.000013,0.002446,0.076173,0.03622,0.008325,0.419223,0.001255,0.319203,0.129864,0.00725
ACTCTTGTATAGTAAC-1,0.000409,0.000029,0.002832,0.129875,0.1275,0.027316,0.008376,0.100515,0.124024,0.088977,0.223513,0.055144,0.11149
ACTGAAACGCCGTTAG-1,0.00022,0.00022,0.392395,0.040181,0.274171,0.00022,0.00022,0.196492,0.00022,0.00022,0.00022,0.00022,0.095001
ACTGAATGGCGAAAGT-1,0.000013,0.000013,0.000013,0.033082,0.021334,0.003781,0.026609,0.517232,0.353794,0.004938,0.003663,0.025058,0.010469
ACTGATTTAGTGATTC-1,0.000025,0.010623,0.18432,0.000025,0.022728,0.01521,0.642262,0.036928,0.004591,0.076279,0.004465,0.000025,0.002519
ACTGCCCGCCATTCTC-1,0.000109,0.000109,0.081771,0.913195,0.00394,0.000109,0.000109,0.000109,0.000109,0.000109,0.000109,0.000109,0.000109
ACTGCCGTCGTAACTC-1,0.000008,0.050875,0.000133,0.00228,0.02407,0.049575,0.550128,0.140584,0.108864,0.027502,0.025042,0.011322,0.009617
ACTGCGGACACACCGT-1,0.000031,0.000031,0.000031,0.015529,0.177569,0.021919,0.000031,0.000433,0.004167,0.037898,0.643118,0.047313,0.051932
ACTGCTCGGAAGGATG-1,0.000034,0.000034,0.000034,0.160141,0.126237,0.0047,0.002887,0.442628,0.176389,0.000034,0.060558,0.018376,0.007947
ACTGGCGAACCTGCGT-1,0.000004,0.000004,0.000004,0.000069,0.019787,0.109185,0.052451,0.031552,0.271951,0.009565,0.391156,0.098453,0.015821
ACTGGGATGCCAGTGC-1,0.000036,0.144941,0.000036,0.093968,0.335244,0.025187,0.012577,0.094102,0.089287,0.038482,0.156509,0.009593,0.000037
ACTGTACGATACACAT-1,0.000031,0.012633,0.002233,0.104525,0.344992,0.040809,0.013997,0.019064,0.008363,0.033978,0.231776,0.040273,0.147328
ACTGTAGCACTTTGGA-1,0.000047,0.04415,0.021659,0.108068,0.04228,0.367964,0.011636,0.016045,0.070383,0.074992,0.055831,0.016135,0.17081
ACTGTATACGCGAGCA-1,0.000076,0.000076,0.620487,0.045488,0.33326,0.000076,0.000076,0.000076,0.000076,0.000076,0.000076,0.000076,0.000076
ACTGTCCAGGATTATA-1,0.00003,0.00003,0.00003,0.00003,0.138924,0.082824,0.03143,0.018788,0.081635,0.018365,0.550669,0.042975,0.034273
ACTGTCTTCTTTAGAA-1,0.000044,0.02333,0.000044,0.041456,0.435385,0.05593,0.016653,0.044154,0.000044,0.054601,0.215954,0.026631,0.085773
ACTGTGCTAGTAGATC-1,0.000056,0.024268,0.252824,0.357832,0.000056,0.000056,0.281191,0.074702,0.002563,0.006281,0.000056,0.000056,0.000056
ACTGTTTAGTGTAGGC-1,0.00005,0.399638,0.207465,0.021063,0.124829,0.00005,0.00005,0.00005,0.00131,0.233222,0.006968,0.00005,0.005256
ACTTACCGGGCGCGCA-1,0.000041,0.156727,0.251738,0.101736,0.100279,0.033964,0.012193,0.044952,0.016025,0.122466,0.06289,0.01142,0.085571
ACTTACGCATCCACGC-1,0.000379,0.000379,0.616438,0.184789,0.01448,0.000379,0.000379,0.000379,0.000379,0.000379,0.000379,0.180882,0.000379
ACTTAGTACGACAAGA-1,0.000013,0.023753,0.081894,0.010489,0.023993,0.092164,0.396175,0.136577,0.136484,0.039697,0.021694,0.023046,0.014019
ACTTATACTTACCCGG-1,0.000014,0.000014,0.013742,0.049282,0.008549,0.347348,0.007463,0.068693,0.206333,0.03257,0.170706,0.043247,0.052039
ACTTATCTGATCTATA-1,0.000037,0.837987,0.104552,0.000037,0.003444,0.000037,0.000037,0.023059,0.000037,0.000037,0.03066,0.000037,0.000037
ACTTATTAGGATCGGT-1,0.000019,0.000019,0.000019,0.017669,0.069255,0.24511,0.011993,0.147532,0.254954,0.006457,0.123282,0.093112,0.030579
ACTTATTTATGTGCCA-1,0.001391,0.01388,0.000033,0.067329,0.004445,0.024186,0.001924,0.230518,0.114724,0.002973,0.00413,0.296579,0.237888
ACTTCAGGCTGATCCC-1,0.000151,0.000151,0.016039,0.628065,0.35439,0.000151,0.000151,0.000151,0.000151,0.000151,0.000151,0.000151,0.000151
ACTTCCAGTGGAAGCT-1,0.000112,0.000112,0.000112,0.969763,0.029008,0.000112,0.000112,0.000112,0.000112,0.000112,0.000112,0.000112,0.000112
ACTTCCTGTCGTGCGA-1,0.000023,0.000023,0.033789,0.002237,0.725898,0.000023,0.000023,0.000023,0.000023,0.000023,0.237865,0.000023,0.000023
ACTTCGCCATACGCAC-1,0.000018,0.000018,0.000018,0.016536,0.025696,0.095034,0.014927,0.032929,0.020005,0.004052,0.025887,0.289164,0.475715
ACTTCGCTAGCGAGTG-1,0.000011,0.000011,0.000011,0.036191,0.017535,0.128638,0.044133,0.01072,0.199202,0.027436,0.252624,0.250917,0.03257
ACTTGACTCCCTCTTT-1,0.000038,0.000038,0.000038,0.169408,0.122748,0.092322,0.033929,0.173953,0.269412,0.013481,0.038263,0.003755,0.082615
ACTTGCCATATTGTAC-1,0.000027,0.290846,0.129654,0.000027,0.000027,0.011116,0.320042,0.11828,0.062324,0.058034,0.000027,0.000027,0.009571
ACTTGCTCTATCTACC-1,0.002269,0.000253,0.073451,0.92175,0.000253,0.000253,0.000253,0.000253,0.000253,0.000253,0.000253,0.000253,0.000253
ACTTGGGACCCGGTGG-1,0.000017,0.040061,0.000017,0.016851,0.066661,0.29057,0.128114,0.115109,0.034629,0.057014,0.031408,0.040579,0.178971
ACTTGGGCTTTCGCCA-1,0.000031,0.000031,0.000031,0.04905,0.188623,0.038161,0.035106,0.134867,0.119226,0.020726,0.346403,0.052095,0.015649
ACTTGTAGTCCCTTCA-1,0.000039,0.000039,0.000039,0.02568,0.251881,0.239354,0.000039,0.023023,0.198415,0.022436,0.160489,0.052411,0.026156
ACTTGTGGATGGAACG-1,0.000111,0.000111,0.04442,0.939572,0.014896,0.000111,0.000111,0.000111,0.000111,0.000111,0.000111,0.000111,0.000111
ACTTGTTACCGGATCA-1,0.000043,0.000043,0.000043,0.056056,0.379548,0.022987,0.000043,0.018494,0.094216,0.059977,0.156109,0.164075,0.048366
ACTTTACCCTCATGAA-1,0.000815,0.000019,0.023778,0.041609,0.118359,0.165548,0.083617,0.039396,0.028229,0.039682,0.111353,0.055048,0.292546
ACTTTATACACCACTT-1,0.000197,0.000197,0.198415,0.581724,0.217888,0.000197,0.000197,0.000197,0.000197,0.000197,0.000197,0.000197,0.000197
ACTTTCCTATAGCTTC-1,0.00003,0.044061,0.0055,0.081314,0.117313,0.221172,0.066904,0.062434,0.106132,0.161681,0.082368,0.004037,0.047051
ACTTTGACTGCATCCT-1,0.000027,0.043502,0.000909,0.265975,0.014035,0.053418,0.042182,0.07071,0.007531,0.010994,0.08256,0.264315,0.143841
ACTTTGGTCGTGCTCC-1,0.000636,0.000636,0.591161,0.000636,0.000636,0.000636,0.000636,0.401846,0.000636,0.000636,0.000636,0.000636,0.000636
ACTTTGTCGACGCACT-1,0.002707,0.000249,0.359783,0.578947,0.000249,0.000249,0.000249,0.056322,0.000249,0.000249,0.000249,0.000249,0.000249
AGAAATTATGACTCGC-1,0.00379,0.028168,0.060542,0.505636,0.000025,0.005944,0.091016,0.008694,0.002345,0.000025,0.000025,0.265553,0.028239
AGAACACGGCGATGGT-1,0.00086,0.000019,0.005859,0.07759,0.194078,0.000019,0.009394,0.619574,0.035306,0.011042,0.016065,0.023184,0.00701
AGAACCCAGCGTGACA-1,0.000022,0.000022,0.000022,0.195908,0.099821,0.006976,0.032766,0.132569,0.218564,0.000538,0.085066,0.212998,0.014729
AGAACCCTCAATTGGG-1,0.000197,0.000197,0.568441,0.000197,0.327167,0.000197,0.000197,0.000197,0.000197,0.000197,0.000197,0.10242,0.000197
AGAACGTGGTACATTC-1,0.000031,0.036526,0.000031,0.011252,0.382113,0.061423,0.008506,0.0011,0.012916,0.081053,0.224493,0.04561,0.134946
AGAACTGTACTTTGTA-1,0.000043,0.010872,0.000043,0.199391,0.297476,0.011687,0.010142,0.156584,0.091187,0.00833,0.048446,0.161719,0.004081
AGAAGAGCGCCGTTCC-1,0.00011,0.09467,0.00011,0.013873,0.0149,0.014221,0.00011,0.022943,0.264355,0.036717,0.503343,0.013194,0.021452
AGAAGGTACACTTCAC-1,0.000032,0.000032,0.000032,0.27891,0.174727,0.000032,0.000032,0.109556,0.028639,0.000032,0.209979,0.173207,0.024788
AGAAGGTTGCCGAATT-1,0.000052,0.000052,0.000052,0.151208,0.333898,0.004598,0.000052,0.100927,0.047169,0.00538,0.263876,0.092682,0.000052
AGAAGGTTGTAGGTCG-1,0.000099,0.032492,0.02854,0.539394,0.398679,0.000099,0.000099,0.000099,0.000099,0.000099,0.000099,0.000099,0.000099
AGAAGTGATTCGTGAT-1,0.000037,0.000037,0.000037,0.161503,0.288244,0.000114,0.000037,0.100262,0.308784,0.001109,0.092802,0.025974,0.02106
AGAATAAATCTTCAGG-1,0.000017,0.000226,0.025855,0.220242,0.105961,0.19522,0.03042,0.027807,0.020612,0.102552,0.047518,0.045756,0.177814
AGAATACAGGCTATCC-1,0.000027,0.000027,0.017125,0.154331,0.272112,0.017217,0.061147,0.094495,0.10093,0.027977,0.111775,0.130054,0.012783
AGAATGCGGGTTCGGA-1,0.000016,0.003183,0.015158,0.076847,0.199943,0.029397,0.114345,0.077629,0.076414,0.287463,0.08739,0.023162,0.009054
AGAATTATGGATTCGA-1,0.000027,0.000027,0.053128,0.014074,0.216275,0.045884,0.063204,0.004894,0.017512,0.125672,0.364768,0.013396,0.081138
AGAATTGTTTGACATA-1,0.000027,0.064135,0.017158,0.230199,0.019597,0.091349,0.195957,0.025421,0.215805,0.110814,0.017451,0.009048,0.003038
AGACAGCTCAGAATCC-1,0.000027,0.038578,0.021497,0.120118,0.095672,0.063459,0.339088,0.092552,0.021646,0.157264,0.018446,0.00855,0.023104
AGACAGGCATCTCAGC-1,0.000236,0.000236,0.569833,0.327323,0.000236,0.000236,0.000236,0.000236,0.000236,0.000236,0.000236,0.000236,0.100484
AGACATAGATCCTTCC-1,0.00006,0.212957,0.373036,0.135487,0.135415,0.00006,0.008773,0.01722,0.01857,0.024094,0.007981,0.000813,0.065533
AGACCAAACCACACCT-1,0.000013,0.000013,0.000013,0.033648,0.077546,0.0399,0.023362,0.382827,0.262383,0.022295,0.126734,0.021799,0.009469
AGACCATGGGATACAA-1,0.001015,0.097517,0.034558,0.13865,0.258422,0.042145,0.088899,0.020056,0.022152,0.114394,0.145706,0.005986,0.0305
AGACCCACCGCTGATC-1,0.000647,0.000044,0.000044,0.2808,0.022095,0.029447,0.002378,0.331575,0.300513,0.005141,0.026507,0.000765,0.000044
AGACCCGCCCTCCTCG-1,0.00003,0.009741,0.03497,0.097924,0.170741,0.130938,0.038666,0.024491,0.005,0.023327,0.130508,0.088303,0.245361
AGACCGCTCCGCGGTT-1,0.000117,0.000117,0.000117,0.596888,0.012393,0.000117,0.000117,0.292581,0.000117,0.097088,0.000117,0.000117,0.000117
AGACCGGGAAACCCTG-1,0.000019,0.000019,0.000019,0.008269,0.161324,0.044013,0.023675,0.089513,0.104212,0.032842,0.493135,0.018583,0.024379
AGACGAAGTGCCGGTC-1,0.000024,0.000024,0.000024,0.18717,0.006176,0.017181,0.013546,0.519233,0.202717,0.01801,0.000024,0.019646,0.016226
AGACGACGATGCCGCT-1,0.000039,0.000039,0.000039,0.213222,0.189608,0.000039,0.000039,0.577992,0.012741,0.000039,0.000039,0.002837,0.003328
AGACGGGATTGGTATA-1,0.000033,0.199503,0.445974,0.092693,0.071049,0.010907,0.111679,0.000033,0.000033,0.010506,0.018542,0.013076,0.025972
AGACGGGCCGATTTAA-1,0.000029,0.142093,0.004204,0.056195,0.276524,0.055851,0.042888,0.01696,0.019676,0.165285,0.203601,0.001313,0.015381
AGACTAGCCTTCCAGA-1,0.000047,0.008993,0.000047,0.052653,0.309361,0.049222,0.015928,0.004074,0.0013,0.210471,0.269408,0.007076,0.071419
AGACTGTTACCGGGTC-1,0.000085,0.000085,0.24877,0.750294,0.000085,0.000085,0.000085,0.000085,0.000085,0.000085,0.000085,0.000085,0.000085
AGAGAAACACCAGAAA-1,0.000025,0.037365,0.009428,0.652083,0.004582,0.000025,0.0164,0.219276,0.005367,0.00417,0.000185,0.012219,0.038875
AGAGAACCGTCTAGGA-1,0.000029,0.000029,0.006865,0.06686,0.510033,0.057904,0.00319,0.000029,0.001047,0.150679,0.133323,0.010501,0.059513
AGAGAAGGAGTACAAT-1,0.001404,0.030441,0.242509,0.364373,0.360576,0.000087,0.000087,0.000087,0.000087,0.000087,0.000087,0.000087,0.000087
AGAGATCTCTAAAGCG-1,0.000005,0.013365,0.000005,0.000461,0.003066,0.418065,0.008132,0.031496,0.23056,0.00539,0.240189,0.030356,0.01891
AGAGCAGTTATGAGAC-1,0.000035,0.000035,0.021767,0.216664,0.118014,0.173849,0.035832,0.003009,0.001464,0.093634,0.143119,0.004438,0.18814
AGAGCGCTTGTAACGG-1,0.00001,0.001837,0.000681,0.033645,0.179964,0.024267,0.026234,0.011989,0.024878,0.042544,0.57478,0.065765,0.013407
AGAGCGGGCTAATCAT-1,0.000018,0.191921,0.000207,0.042165,0.058256,0.012159,0.127949,0.097159,0.039864,0.332621,0.074143,0.01045,0.013089
AGAGCGTACAAGCTCG-1,0.000024,0.036619,0.000024,0.039809,0.109388,0.158789,0.093224,0.163762,0.059944,0.239283,0.047442,0.007743,0.04395
AGAGCTACGAAAGCAT-1,0.000023,0.945509,0.049763,0.004474,0.000047,0.000023,0.000023,0.000023,0.000023,0.000023,0.000023,0.000023,0.000023
AGAGGCTTCGGAAACC-1,0.000046,0.000046,0.030663,0.683575,0.000687,0.015555,0.002411,0.266786,0.000046,0.000046,0.000046,0.000046,0.000046
AGAGGGACAATTGTCC-1,0.000012,0.018053,0.053717,0.103137,0.011637,0.031872,0.020178,0.019148,0.009466,0.004728,0.152344,0.438315,0.137392
AGAGGTATCTCGGTCC-1,0.000044,0.074211,0.51488,0.054955,0.106799,0.008139,0.131606,0.000044,0.000044,0.06262,0.046571,0.000044,0.000044
AGAGTAAACTTCACTA-1,0.000027,0.000027,0.025905,0.168578,0.100255,0.015556,0.024307,0.411386,0.047622,0.024636,0.032418,0.090059,0.059223
AGAGTATAGTGTTACG-1,0.000007,0.000007,0.000007,0.000007,0.001235,0.363261,0.234009,0.067288,0.101094,0.005664,0.093947,0.08609,0.047383
AGAGTCTTAATGAAAG-1,0.000009,0.000009,0.000009,0.024987,0.027295,0.011238,0.011194,0.034384,0.169924,0.001799,0.20438,0.50986,0.004911
AGAGTTAGAGACCGAT-1,0.000022,0.541141,0.000022,0.000022,0.015246,0.037789,0.228803,0.069213,0.040768,0.025302,0.007505,0.032574,0.001592
AGAGTTGCAGGCCTCC-1,0.000009,0.000009,0.000009,0.020219,0.275367,0.004515,0.008885,0.003217,0.006289,0.013271,0.650959,0.014255,0.002996
AGATAACTTCAGGGCC-1,0.000018,0.008194,0.01736,0.088915,0.075306,0.262661,0.037668,0.040306,0.08308,0.053986,0.292351,0.023599,0.016555
AGATAATCACACCTAT-1,0.000429,0.002184,0.002201,0.188932,0.239987,0.0024,0.035711,0.285119,0.162803,0.010205,0.009989,0.04192,0.01812
AGATACCAATAGAACC-1,0.002491,0.000108,0.264482,0.36273,0.000108,0.000108,0.000108,0.095878,0.000108,0.000108,0.000108,0.224471,0.049189
AGATACCAGCACTTCA-1,0.000012,0.048059,0.008014,0.050313,0.017323,0.220222,0.213474,0.016142,0.056993,0.066349,0.064898,0.135732,0.102469
AGATACCGGTGTTCAC-1,0.000021,0.000021,0.000021,0.007564,0.063151,0.150954,0.000511,0.055969,0.279819,0.01087,0.326011,0.098152,0.006935
AGATACGACTTCATAT-1,0.000036,0.039586,0.040865,0.119827,0.099602,0.042509,0.149872,0.086172,0.064726,0.329857,0.018961,0.000036,0.00795
AGATACTCAAGATCGA-1,0.000041,0.004846,0.000041,0.175482,0.219867,0.003545,0.013552,0.392238,0.056988,0.017432,0.001605,0.008977,0.105385
AGATATAATACGACTA-1,0.000058,0.000058,0.107653,0.697271,0.194494,0.000058,0.000058,0.000058,0.000058,0.000058,0.000058,0.000058,0.000058
AGATCGTGCATAAGAT-1,0.000019,0.111123,0.003935,0.032729,0.268084,0.014697,0.0845,0.050397,0.045719,0.222675,0.132705,0.025844,0.007572
AGATCTCAGGTGTGAT-1,0.000022,0.164976,0.000022,0.073386,0.097768,0.122325,0.014126,0.012374,0.021357,0.054835,0.311858,0.08204,0.04491
AGATCTGGAGAGGATA-1,0.000016,0.000016,0.000016,0.037438,0.052809,0.004411,0.035423,0.660548,0.15973,0.005861,0.003279,0.029372,0.011079
AGATGACTCGCCCACG-1,0.000038,0.069128,0.037179,0.086448,0.220271,0.16508,0.046687,0.007323,0.025046,0.176685,0.105285,0.006322,0.054508
AGATGAGGGTTGCGAT-1,0.000034,0.336361,0.064595,0.169641,0.239693,0.000034,0.013751,0.000034,0.000034,0.075718,0.049787,0.000034,0.050282
AGATGATGGAGTCTGG-1,0.000013,0.000013,0.000013,0.00333,0.001177,0.156107,0.076111,0.034482,0.110522,0.042088,0.010549,0.172279,0.393318
AGATGCAAGACGTGCA-1,0.000165,0.000165,0.070742,0.916534,0.011076,0.000165,0.000165,0.000165,0.000165,0.000165,0.000165,0.000165,0.000165
AGATGCATCCTGTGTC-1,0.000045,0.000045,0.000045,0.18897,0.170748,0.000045,0.000045,0.05037,0.110226,0.003472,0.312135,0.0911,0.072754
AGATGCTATAACGAGC-1,0.000449,0.214216,0.208523,0.000026,0.000026,0.000026,0.359032,0.091645,0.000026,0.006222,0.000026,0.087782,0.031999
AGATTATAGGACGTTT-1,0.000051,0.02776,0.029195,0.212047,0.255462,0.000051,0.000051,0.000051,0.000051,0.002096,0.473081,0.000051,0.000051
AGATTCAAGCGGGTCG-1,0.000013,0.000352,0.014462,0.023177,0.111905,0.282967,0.140635,0.026919,0.052504,0.041978,0.100626,0.084152,0.12031
AGATTCACAACCGATA-1,0.001001,0.000019,0.000019,0.075289,0.330907,0.00409,0.00019,0.431119,0.011666,0.010132,0.071491,0.027567,0.036511
AGCAAAGGCCGCTAGT-1,0.000167,0.000167,0.299498,0.072074,0.291383,0.000167,0.000167,0.268697,0.000167,0.000167,0.000167,0.067013,0.000167
AGCAACATATCTTATT-1,0.00004,0.00004,0.00004,0.083005,0.317303,0.036111,0.00004,0.045317,0.133315,0.011494,0.285681,0.060144,0.02747
AGCAACCGAAAGTAAT-1,0.000074,0.000074,0.000074,0.941737,0.057454,0.000074,0.000074,0.000074,0.000074,0.000074,0.000074,0.000074,0.000074
AGCACACGTTTAGACT-1,0.000072,0.000072,0.025607,0.961285,0.000072,0.000072,0.000072,0.000072,0.000072,0.000072,0.000072,0.012385,0.000072
AGCACCAGTACTCACG-1,0.000029,0.032782,0.000029,0.047568,0.327684,0.131573,0.006739,0.008097,0.021419,0.075635,0.102683,0.01438,0.231383
AGCACTACCGGCCTGT-1,0.000041,0.003546,0.000041,0.066814,0.174057,0.122515,0.003125,0.032743,0.025719,0.235301,0.131949,0.061111,0.143036
AGCACTACCTCACCAG-1,0.000117,0.000117,0.000117,0.98883,0.009886,0.000117,0.000117,0.000117,0.000117,0.000117,0.000117,0.000117,0.000117
AGCACTTAAGGACGCC-1,0.000041,0.035636,0.018873,0.101088,0.447793,0.115588,0.059573,0.000041,0.000041,0.025615,0.116866,0.001044,0.0778
AGCAGAAGGAGAAAGA-1,0.000032,0.000032,0.000032,0.929007,0.065897,0.000032,0.000032,0.000032,0.000032,0.000032,0.000032,0.004774,0.000032
AGCAGCCAGATGAATA-1,0.000072,0.000072,0.019472,0.970752,0.009052,0.000072,0.000072,0.000072,0.000072,0.000072,0.000072,0.000072,0.000072
AGCAGTCGAAGCATGC-1,0.000028,0.000028,0.000028,0.153175,0.281521,0.017233,0.009436,0.127887,0.089908,0.032192,0.206926,0.07376,0.007877
AGCATATCAATATGCT-1,0.000099,0.000099,0.000099,0.479676,0.077088,0.000099,0.000099,0.331837,0.000099,0.000099,0.000099,0.000099,0.110508
AGCATCATTTCGAAAG-1,0.000017,0.000017,0.000017,0.11453,0.076125,0.01061,0.036456,0.491995,0.157443,0.012316,0.01023,0.056801,0.033442
AGCATCGTCGATAATT-1,0.000044,0.00732,0.059024,0.099126,0.184692,0.111572,0.007466,0.000044,0.000044,0.276028,0.212886,0.000044,0.041711
AGCATTACGAGGCAAG-1,0.000116,0.000116,0.000116,0.974699,0.024025,0.000116,0.000116,0.000116,0.000116,0.000116,0.000116,0.000116,0.000116
AGCCAAGCTTTGTGTC-1,0.000087,0.030249,0.000087,0.830312,0.109852,0.000087,0.000087,0.000087,0.000376,0.000087,0.010197,0.018403,0.000087
AGCCACAGGTTACCCG-1,0.000102,0.000102,0.544027,0.35614,0.000102,0.000102,0.000102,0.098808,0.000102,0.000102,0.000102,0.000102,0.000102
AGCCACTCCCGTGCTT-1,0.000023,0.004097,0.008705,0.082965,0.004029,0.029795,0.000023,0.000023,0.000083,0.001431,0.07492,0.396421,0.397486
AGCCATATAGTATGTG-1,0.000036,0.000036,0.000036,0.149987,0.329424,0.008787,0.000036,0.20585,0.120395,0.011809,0.10221,0.057437,0.013956
AGCCCATACATGTAAG-1,0.000016,0.000016,0.000016,0.000016,0.002484,0.256508,0.003563,0.022441,0.40623,0.002253,0.286197,0.017754,0.002507
AGCCCGCAACAAGCAG-1,0.000012,0.000012,0.000012,0.040391,0.145729,0.010205,0.002219,0.705869,0.030673,0.006662,0.021868,0.011986,0.024362
AGCCCGCACTACAATG-1,0.000024,0.000024,0.000024,0.166656,0.01796,0.012486,0.019857,0.121231,0.501896,0.000024,0.049914,0.099702,0.0102
AGCCCTAAGCGAAGTT-1,0.000026,0.076119,0.073195,0.026673,0.236716,0.022893,0.189418,0.031373,0.021019,0.253086,0.039285,0.017761,0.012437
AGCCCTCCCTGGTGGC-1,0.001165,0.196575,0.089256,0.359259,0.000038,0.000038,0.025402,0.012236,0.000138,0.000038,0.000038,0.204951,0.110866
AGCCCTGTCGCACCGT-1,0.000042,0.000042,0.000042,0.083997,0.347334,0.000042,0.004801,0.015198,0.037678,0.012707,0.308746,0.18933,0.000042
AGCCCTTCTAATCCGA-1,0.00002,0.014135,0.040323,0.089426,0.035181,0.04593,0.269521,0.064793,0.029017,0.339438,0.017923,0.02951,0.024782
AGCCGCAAATTCAAAT-1,0.000009,0.02973,0.000009,0.03533,0.12781,0.295212,0.04083,0.031931,0.037488,0.047406,0.096742,0.030751,0.226752
AGCCGCTTGATTAGCG-1,0.000062,0.684507,0.233208,0.000062,0.081667,0.000062,0.000062,0.000062,0.000062,0.000062,0.000062,0.000062,0.000062
AGCCGTGGCTAAATGT-1,0.000208,0.049883,0.011424,0.179871,0.057596,0.017536,0.04944,0.351215,0.144092,0.007287,0.080769,0.040729,0.009951
AGCCTAATACCCACGT-1,0.000038,0.000038,0.000038,0.244499,0.13761,0.021196,0.006224,0.236756,0.176475,0.005445,0.130417,0.028752,0.012511
AGCCTTAAAGCGGAAG-1,0.000017,0.013487,0.017121,0.165679,0.035948,0.026822,0.211798,0.219125,0.202702,0.082662,0.016164,0.006336,0.002139
AGCCTTGTCACTGATA-1,0.000222,0.000222,0.000222,0.437588,0.559967,0.000222,0.000222,0.000222,0.000222,0.000222,0.000222,0.000222,0.000222
AGCGACAGGAACGGTC-1,0.000018,0.000018,0.000018,0.037076,0.048827,0.010374,0.014015,0.703142,0.138806,0.003373,0.00364,0.031711,0.008982
AGCGACATCCCATTCA-1,0.000017,0.001905,0.019169,0.019169,0.066642,0.091723,0.30992,0.157726,0.045884,0.158041,0.06389,0.014894,0.051019
AGCGACCAACGATATT-1,0.000376,0.020756,0.000024,0.084075,0.17076,0.252326,0.012312,0.002249,0.00954,0.13275,0.263464,0.005078,0.046291
AGCGACTTTGAAGACA-1,0.000016,0.005053,0.023195,0.086067,0.092206,0.026386,0.026758,0.027348,0.206284,0.024838,0.149284,0.330207,0.002358
AGCGAGACGTGAAGGC-1,0.000083,0.000083,0.031246,0.925668,0.042259,0.000083,0.000083,0.000083,0.000083,0.000083,0.000083,0.000083,0.000083
AGCGATGCGCCTAATA-1,0.001442,0.000091,0.179692,0.746449,0.071595,0.000091,0.000091,0.000091,0.000091,0.000091,0.000091,0.000091,0.000091
AGCGCATAATGAATCG-1,0.000091,0.000091,0.025408,0.844639,0.129045,0.000091,0.000091,0.000091,0.000091,0.000091,0.000091,0.000091,0.000091
AGCGCGGGTGCCAATG-1,0.000024,0.000024,0.000096,0.024337,0.264296,0.037477,0.193963,0.041945,0.030344,0.237544,0.124662,0.014264,0.031024
AGCGCTAGAGCGATGT-1,0.001229,0.000015,0.000015,0.034051,0.001083,0.005713,0.000015,0.000015,0.009177,0.000015,0.19424,0.6963,0.058133
AGCGCTTATGGGCAAG-1,0.000055,0.226489,0.284647,0.006598,0.478637,0.000055,0.000055,0.000055,0.000055,0.000055,0.00319,0.000055,0.000055
AGCGGACACTTCGTAG-1,0.000091,0.000091,0.067728,0.686266,0.245099,0.000091,0.000091,0.000091,0.000091,0.000091,0.000091,0.000091,0.000091
AGCGGCGGTTAGCGGT-1,0.000041,0.000041,0.000041,0.146917,0.427515,0.016627,0.000041,0.055412,0.073862,0.009819,0.224263,0.039507,0.005915
AGCGGGAAGGGTCCAT-1,0.000018,0.02723,0.047945,0.000018,0.000018,0.043599,0.380798,0.404293,0.078437,0.009347,0.000018,0.00178,0.006498
AGCGGGTCTGACACTC-1,0.000045,0.000045,0.024532,0.486717,0.060597,0.000045,0.013946,0.339688,0.00325,0.000045,0.000057,0.036016,0.035016
AGCGGTTGAGATGTAC-1,0.000037,0.622401,0.019727,0.031323,0.128365,0.000037,0.011293,0.003414,0.000037,0.094492,0.086633,0.000037,0.002202
AGCGGTTGCCGCTCTG-1,0.000022,0.057344,0.021041,0.079482,0.10695,0.234831,0.022142,0.008706,0.066803,0.0459,0.279674,0.039048,0.038057
AGCGTACGAGAGCTAG-1,0.000026,0.589485,0.32428,0.084762,0.000026,0.000026,0.000026,0.000026,0.000026,0.000026,0.000026,0.001241,0.000026
AGCGTAGCGCTAGACC-1,0.000026,0.72236,0.262817,0.014568,0.000026,0.000026,0.000026,0.000026,0.000026,0.000026,0.000026,0.000026,0.000026
AGCGTCTGAACCCGCA-1,0.000023,0.277026,0.14687,0.000023,0.006221,0.000086,0.253809,0.271963,0.040066,0.003743,0.000023,0.000124,0.000023
AGCGTGGTATTCTACT-1,0.000091,0.000091,0.000091,0.190981,0.213252,0.007716,0.000091,0.000093,0.062325,0.439413,0.085676,0.000091,0.000091
AGCGTTCCGATTTAAA-1,0.000014,0.011206,0.124535,0.02432,0.017472,0.008053,0.461211,0.15143,0.088915,0.048972,0.007293,0.039309,0.01727
AGCTAACAAGCAATGT-1,0.000127,0.000127,0.713899,0.000127,0.000127,0.000127,0.000127,0.248728,0.000127,0.000127,0.000127,0.000127,0.036099
AGCTAAGCTCCGTCCG-1,0.000021,0.000021,0.000731,0.0457,0.148287,0.016192,0.14684,0.086559,0.178002,0.004544,0.153121,0.209011,0.01097
AGCTAAGTACGCAGGC-1,0.000085,0.000085,0.039766,0.330774,0.62861,0.000085,0.000085,0.000085,0.000085,0.000085,0.000085,0.000085,0.000085
AGCTACGAATGGTGGT-1,0.000038,0.033215,0.024891,0.023488,0.28647,0.007308,0.028055,0.02786,0.091362,0.001635,0.405905,0.06224,0.007533
AGCTAGAAGCAGAAGT-1,0.000029,0.015555,0.041292,0.062157,0.615647,0.010113,0.024352,0.013886,0.008973,0.154295,0.050107,0.000133,0.003461
AGCTATTTAATCCAAC-1,0.000009,0.037464,0.002909,0.007265,0.000009,0.158249,0.277073,0.106205,0.267532,0.03201,0.002554,0.068476,0.040246
AGCTCCATATATGTTC-1,0.000193,0.000193,0.485845,0.393238,0.000193,0.000193,0.11899,0.000193,0.000193,0.000193,0.000193,0.000193,0.000193
AGCTCCTTCGCACATC-1,0.000142,0.000142,0.000142,0.742479,0.06795,0.000142,0.000142,0.000142,0.000142,0.000142,0.000142,0.038845,0.149443
AGCTCGTTGATGGAAA-1,0.000005,0.000005,0.011045,0.025997,0.021443,0.194537,0.048025,0.060459,0.139382,0.010623,0.354494,0.092478,0.041507
AGCTCTAGACGTTCCA-1,0.000016,0.000016,0.000016,0.007378,0.060206,0.124084,0.018926,0.15931,0.443467,0.024556,0.114007,0.027261,0.020758
AGCTCTTCCCAGTGCA-1,0.000525,0.032077,0.190313,0.308913,0.00397,0.201307,0.051515,0.002874,0.060491,0.094717,0.002436,0.011247,0.039614
AGCTCTTCGTAACCTT-1,0.000039,0.006448,0.000039,0.005066,0.384386,0.042164,0.000215,0.013151,0.004104,0.085262,0.427499,0.01911,0.012517
AGCTCTTTACTCAGTT-1,0.000061,0.014549,0.000061,0.192186,0.369155,0.000061,0.000061,0.055954,0.033026,0.05931,0.275452,0.000061,0.000061
AGCTGAAGTAAACCAA-1,0.00031,0.09126,0.002348,0.019987,0.283231,0.014522,0.123928,0.054901,0.025347,0.237402,0.113881,0.019005,0.013878
AGCTGCATTTGAGGTG-1,0.000027,0.024477,0.0057,0.120192,0.215668,0.05888,0.096744,0.000958,0.001408,0.033587,0.221891,0.132036,0.088432
AGCTGCTGTGCCGAAT-1,0.000021,0.018823,0.003295,0.030522,0.125891,0.195109,0.0737,0.028634,0.043001,0.033156,0.193137,0.144611,0.1101
AGCTGTAACCTCAATC-1,0.000042,0.000042,0.027403,0.247831,0.13016,0.000042,0.018496,0.501814,0.028572,0.000042,0.000042,0.03025,0.015267
AGCTTATAGAGACCTG-1,0.000027,0.534751,0.044095,0.023288,0.000027,0.100868,0.155117,0.044198,0.026906,0.023583,0.000027,0.007528,0.039586
AGCTTCAATACTTTGA-1,0.000043,0.648509,0.179618,0.031817,0.061055,0.022422,0.000043,0.000043,0.000043,0.006288,0.050031,0.000043,0.000043
AGCTTCTTCTCGAGCA-1,0.000059,0.000059,0.000059,0.547502,0.01486,0.000059,0.000059,0.397949,0.034786,0.000059,0.000059,0.003736,0.000756
AGCTTGATCAGGGTAG-1,0.00006,0.209947,0.00006,0.694962,0.00006,0.00006,0.00006,0.068111,0.00006,0.00006,0.00006,0.026442,0.00006
AGCTTGATCTTAACTT-1,0.000653,0.000021,0.000021,0.02068,0.147612,0.177587,0.015314,0.108809,0.127396,0.016837,0.323105,0.039874,0.022091
AGGAAAGCCTCTGATG-1,0.000022,0.577499,0.031901,0.000022,0.000022,0.018459,0.342764,0.000055,0.003471,0.005101,0.000022,0.000553,0.020108
AGGAAGCTGTCCGCCG-1,0.000122,0.000122,0.230279,0.290216,0.069638,0.000122,0.000122,0.167424,0.040086,0.000122,0.000122,0.201502,0.000122
AGGACAGTCGAATCCC-1,0.000052,0.000052,0.000052,0.087871,0.383897,0.008334,0.000052,0.176025,0.151723,0.008462,0.130963,0.021118,0.0314
AGGACATCGCACGTCG-1,0.000021,0.045823,0.000156,0.024441,0.01043,0.045268,0.219231,0.17514,0.053252,0.009925,0.021054,0.15878,0.236478
AGGACATCGGCACACT-1,0.000354,0.000354,0.189666,0.806434,0.000354,0.000354,0.000354,0.000354,0.000354,0.000354,0.000354,0.000354,0.000354
AGGACGACCCATTAGA-1,0.000045,0.000045,0.000045,0.101108,0.09609,0.097395,0.019466,0.101112,0.1746,0.065742,0.329504,0.005527,0.00932
AGGACGCTCGATGTTG-1,0.000025,0.200886,0.000025,0.01327,0.100897,0.001478,0.127921,0.205166,0.146296,0.167665,0.012356,0.004203,0.019811
AGGACTTATAGGAGAA-1,0.000067,0.346746,0.517237,0.036239,0.099172,0.000067,0.000067,0.000067,0.000067,0.000067,0.000067,0.000067,0.000067
AGGAGACATCCACAGT-1,0.000017,0.000017,0.011344,0.088842,0.174159,0.099592,0.043597,0.018137,0.024246,0.083483,0.168695,0.15558,0.132289
AGGAGAGTCTGGCTAC-1,0.000019,0.000019,0.004324,0.024833,0.299964,0.005596,0.009699,0.065083,0.002297,0.030801,0.484545,0.054903,0.017917
AGGAGCGTTTATTATC-1,0.000034,0.000034,0.000034,0.029405,0.365721,0.006579,0.016789,0.026178,0.182067,0.000636,0.269081,0.100301,0.003141
AGGAGGCCTTCGCGCG-1,0.00014,0.00014,0.00014,0.553727,0.396329,0.00014,0.00014,0.048542,0.00014,0.00014,0.00014,0.00014,0.00014
AGGATAAAGTCGGGAT-1,0.000054,0.000054,0.01272,0.973126,0.013611,0.000054,0.000054,0.000054,0.000054,0.000054,0.000054,0.000054,0.000054
AGGATATAGGGATTTA-1,0.000046,0.000046,0.029576,0.164121,0.164995,0.033199,0.020492,0.182575,0.188142,0.036481,0.124469,0.042742,0.013115
AGGATATCCGACTGCA-1,0.000023,0.000023,0.030365,0.072441,0.166658,0.014434,0.003806,0.391451,0.170572,0.004353,0.074744,0.059797,0.011332
AGGATCACGCGATCTG-1,0.000034,0.000034,0.000034,0.17219,0.213184,0.016785,0.007221,0.11159,0.159753,0.004365,0.115748,0.194498,0.004563
AGGATTGCTTACGACA-1,0.000013,0.000013,0.000013,0.00112,0.027464,0.298095,0.128089,0.03436,0.139495,0.029326,0.078143,0.121901,0.141969
AGGCAAAGAGGAATCA-1,0.000018,0.52216,0.28954,0.000018,0.007807,0.025502,0.062154,0.005801,0.010481,0.019325,0.0151,0.014012,0.028083
AGGCAATACGGAGGAC-1,0.000028,0.638228,0.305191,0.000028,0.056301,0.000028,0.000028,0.000028,0.000028,0.000028,0.000028,0.000028,0.000028
AGGCAGATGCGTAAAC-1,0.000649,0.04743,0.000768,0.097177,0.115794,0.034355,0.017621,0.020062,0.005505,0.038127,0.12018,0.209701,0.292631
AGGCAGGGAGCGTACT-1,0.000262,0.000262,0.419515,0.092634,0.114036,0.000262,0.000262,0.329157,0.000262,0.000262,0.042564,0.000262,0.000262
AGGCATTGTCGTAGGG-1,0.000042,0.000042,0.029996,0.087155,0.272852,0.021894,0.023107,0.550216,0.006805,0.000042,0.007766,0.000042,0.000042
AGGCCACATTGGTTAC-1,0.000059,0.000059,0.000059,0.169126,0.144123,0.00146,0.011196,0.185168,0.287798,0.026484,0.009063,0.165346,0.000059
AGGCCACCCGTTATGA-1,0.000019,0.063233,0.000019,0.019159,0.057653,0.256124,0.109054,0.077659,0.106076,0.151491,0.047574,0.012515,0.099422
AGGCCCAGTGACTGGT-1,0.070512,0.11467,0.076954,0.000015,0.000015,0.007929,0.31036,0.077501,0.004561,0.000015,0.000015,0.013658,0.323794
AGGCCCATTGTACAGG-1,0.000028,0.027835,0.025541,0.1395,0.082373,0.070595,0.175129,0.080935,0.046385,0.203301,0.042177,0.067709,0.038492
AGGCCCTAGAACGCCA-1,0.000031,0.000031,0.000031,0.126388,0.653421,0.001498,0.000031,0.006806,0.04187,0.00215,0.114061,0.053653,0.000031
AGGCCTATCATACCAA-1,0.000027,0.000027,0.000027,0.235013,0.122613,0.008979,0.018263,0.131257,0.061649,0.042755,0.056863,0.28692,0.035605
AGGCGGTTTGTCCCGC-1,0.000197,0.000197,0.27564,0.599897,0.122495,0.000197,0.000197,0.000197,0.000197,0.000197,0.000197,0.000197,0.000197
AGGCGTCTATGGACGG-1,0.000011,0.000011,0.000011,0.012956,0.027453,0.178094,0.399545,0.060789,0.111164,0.054082,0.068704,0.038846,0.048335
AGGCTATGGTTAGCTT-1,0.000048,0.046416,0.000048,0.13626,0.102081,0.274691,0.110391,0.023568,0.020527,0.027178,0.105441,0.015982,0.137369
AGGCTTAAGTTGCACA-1,0.00002,0.00002,0.026202,0.050527,0.106202,0.073423,0.016152,0.12829,0.059593,0.003753,0.100143,0.266971,0.168703
AGGCTTCCCGAAGAAG-1,0.00003,0.009885,0.00003,0.13585,0.300077,0.00003,0.001323,0.37129,0.13471,0.000867,0.014849,0.030506,0.000553
AGGCTTGCTAGACACC-1,0.000757,0.088049,0.004461,0.028648,0.02742,0.074355,0.144785,0.119004,0.031536,0.042665,0.015157,0.122932,0.300231
AGGGAAACGAGGTACT-1,0.000022,0.492194,0.030612,0.031032,0.064376,0.055991,0.082148,0.009553,0.002401,0.094493,0.064023,0.00632,0.066835
AGGGACAGCACGGCGG-1,0.000024,0.909535,0.090203,0.000024,0.000024,0.000024,0.000024,0.000024,0.000024,0.000024,0.000024,0.000024,0.000024
AGGGACCGGCTGCGTT-1,0.000024,0.035115,0.015306,0.086237,0.315311,0.057477,0.007639,0.019674,0.011356,0.022172,0.232574,0.142919,0.054197
AGGGACTCTACGCGAC-1,0.000101,0.000101,0.036348,0.520677,0.441962,0.000101,0.000101,0.000101,0.000101,0.000101,0.000101,0.000101,0.000101
AGGGAGACATACTTCG-1,0.000027,0.003184,0.036331,0.11076,0.143231,0.274679,0.033762,0.009272,0.014344,0.218366,0.100122,0.018367,0.037555
AGGGCAGCGGCGTGGT-1,0.000034,0.555311,0.152702,0.017032,0.081684,0.066973,0.042186,0.0015,0.000034,0.042704,0.035814,0.000034,0.003991
AGGGCGAGCAGCTGAT-1,0.000015,0.000015,0.000015,0.007671,0.110049,0.074281,0.029408,0.124327,0.436055,0.013922,0.128973,0.059948,0.01532
AGGGCGTGATCGGCTA-1,0.000041,0.00787,0.146688,0.091011,0.053664,0.040084,0.346891,0.144341,0.029294,0.072677,0.000041,0.000041,0.067358
AGGGCTGCAGTTACAG-1,0.00003,0.00003,0.00003,0.231966,0.138668,0.048344,0.00003,0.135652,0.020894,0.009754,0.366187,0.045461,0.002954
AGGGTCAGAGCACTCG-1,0.00002,0.00002,0.00002,0.082255,0.122959,0.003484,0.009071,0.642334,0.02907,0.016317,0.021415,0.055948,0.017088
AGGGTCAGTAACCCTA-1,0.000014,0.000014,0.005778,0.06753,0.132552,0.070827,0.073653,0.047362,0.12253,0.214672,0.199206,0.023317,0.042545
AGGGTCGATGCGAACT-1,0.000013,0.000013,0.000013,0.07919,0.052228,0.313798,0.002304,0.046087,0.163549,0.017741,0.287656,0.024319,0.01309
AGGGTCTGGACGCAGT-1,0.000094,0.000094,0.026885,0.622645,0.000134,0.000094,0.000094,0.107522,0.020315,0.000094,0.000094,0.000126,0.221809
AGGGTGCCGTTCTTTA-1,0.000117,0.000117,0.053312,0.945406,0.000117,0.000117,0.000117,0.000117,0.000117,0.000117,0.000117,0.000117,0.000117
AGGGTGCTCTCGAGGG-1,0.000036,0.000036,0.01169,0.064579,0.276304,0.008773,0.000036,0.000036,0.004317,0.042997,0.539611,0.008851,0.042733
AGGGTGGATAGTGCAT-1,0.00001,0.017358,0.00001,0.026316,0.010577,0.383485,0.168857,0.176036,0.097356,0.056003,0.037752,0.007231,0.01901
AGGGTGTGCTACACGC-1,0.000008,0.000008,0.000008,0.020611,0.033599,0.103345,0.037009,0.026494,0.232001,0.013408,0.403649,0.120939,0.008921
AGGGTTCAGACGGTCC-1,0.000013,0.000013,0.000013,0.072321,0.043763,0.019063,0.043304,0.493077,0.250848,0.006059,0.013225,0.045192,0.013109
AGGGTTCCCTTTGGTT-1,0.000025,0.000025,0.000025,0.056248,0.13668,0.200367,0.013585,0.027418,0.142562,0.093171,0.056222,0.047702,0.22597
AGGGTTTAGTTCGGGA-1,0.000025,0.017162,0.001503,0.040816,0.086717,0.255771,0.007025,0.05849,0.187829,0.043037,0.221634,0.042413,0.037578
AGGTAACCTCCTATTC-1,0.002127,0.10776,0.038408,0.156347,0.187309,0.000172,0.374994,0.000555,0.015106,0.11707,0.000051,0.000051,0.000051
AGGTACGATATTGCCA-1,0.000742,0.100436,0.271285,0.14919,0.341226,0.000144,0.012196,0.00005,0.00005,0.120435,0.004146,0.00005,0.00005
AGGTAGATCGAGATAT-1,0.000101,0.000101,0.445006,0.530618,0.023369,0.000101,0.000101,0.000101,0.000101,0.000101,0.000101,0.000101,0.000101
AGGTAGGTACAAAGCT-1,0.00003,0.00003,0.00003,0.021973,0.622358,0.006083,0.00003,0.00003,0.00003,0.018077,0.229458,0.009493,0.092379
AGGTATAATTGATAGT-1,0.000017,0.000017,0.001047,0.046963,0.082896,0.111948,0.001368,0.017509,0.016803,0.0347,0.110522,0.295334,0.280874
AGGTATGCGGACATTA-1,0.000284,0.00002,0.00002,0.032773,0.08594,0.015906,0.024198,0.010793,0.212043,0.009233,0.377815,0.214954,0.01602
AGGTCAGGTGAGAGTG-1,0.000012,0.023274,0.000012,0.004845,0.058165,0.045526,0.087585,0.321806,0.293971,0.021067,0.078799,0.01815,0.046786
AGGTCGCCACTTCGGT-1,0.000031,0.520715,0.228057,0.000031,0.011222,0.008979,0.091507,0.024626,0.000031,0.043336,0.000774,0.000625,0.070064
AGGTCGCGGAGTTACT-1,0.000021,0.020839,0.036608,0.044639,0.178413,0.077366,0.088607,0.021097,0.022921,0.260588,0.182002,0.019609,0.047289
AGGTGCACGTCCACAT-1,0.000022,0.000022,0.000022,0.000242,0.004599,0.006072,0.022894,0.811858,0.149256,0.000022,0.000022,0.004192,0.000775
AGGTGGTGACCTTCGC-1,0.000095,0.015465,0.000095,0.532168,0.415244,0.000095,0.000095,0.000095,0.000095,0.000095,0.01776,0.018604,0.000095
AGGTGTATCGCCATGA-1,0.000053,0.017267,0.000053,0.000053,0.509967,0.007569,0.000053,0.000053,0.000053,0.017142,0.306388,0.082076,0.059272
AGGTTACACCATGCCG-1,0.000033,0.000033,0.000033,0.137861,0.010133,0.191774,0.053335,0.09167,0.284574,0.00348,0.060177,0.138474,0.028422
AGGTTCTCCTTTCCGG-1,0.000445,0.000445,0.571912,0.346125,0.000445,0.000445,0.000445,0.077517,0.000445,0.000445,0.000445,0.000445,0.000445
AGGTTGAGGCACGCTT-1,0.000037,0.088743,0.000037,0.032636,0.338665,0.069724,0.065991,0.002764,0.008917,0.092928,0.179164,0.008034,0.11236
AGGTTTCACACACCTT-1,0.000033,0.036845,0.000033,0.211415,0.003792,0.071086,0.006345,0.271295,0.259042,0.000218,0.073202,0.036812,0.029882
AGTAACGTTCATCCTG-1,0.000024,0.031266,0.145858,0.029323,0.042121,0.000087,0.368956,0.049234,0.00176,0.25718,0.049552,0.001974,0.022666
AGTAACTATAGCAGCC-1,0.000042,0.000042,0.000042,0.437524,0.049546,0.005384,0.059529,0.222505,0.202233,0.018008,0.000042,0.001383,0.003721
AGTAAGGGACAGAATC-1,0.000022,0.003053,0.005723,0.020571,0.478681,0.003794,0.000379,0.007277,0.028433,0.021622,0.402965,0.023614,0.003866
AGTAATCTAAGGGTGG-1,0.000031,0.000031,0.000031,0.100687,0.370429,0.002655,0.005668,0.108776,0.087444,0.005309,0.299945,0.018743,0.000253
AGTAATGTCTTGCCGC-1,0.00004,0.090639,0.007173,0.05066,0.353863,0.002337,0.127347,0.044808,0.018831,0.199494,0.092215,0.00004,0.012552
AGTAATTTGCAAGCGT-1,0.000182,0.000182,0.063123,0.691263,0.243795,0.000182,0.000182,0.000182,0.000182,0.000182,0.000182,0.000182,0.000182
AGTACAGAAGCTTATA-1,0.000021,0.000021,0.012299,0.060255,0.187497,0.015617,0.046171,0.19858,0.129084,0.007059,0.112095,0.230722,0.000579
AGTACATCATTTATCA-1,0.004135,0.000507,0.01825,0.073205,0.109701,0.363695,0.043963,0.024841,0.052677,0.04613,0.136962,0.042387,0.083547
AGTACCTTCGAGTGCT-1,0.00001,0.00001,0.00001,0.000859,0.006664,0.055693,0.386019,0.174248,0.085771,0.031114,0.046591,0.147166,0.065842
AGTACGGCCCGTATCG-1,0.000015,0.001976,0.007202,0.080177,0.058666,0.426672,0.094091,0.052289,0.078045,0.032424,0.040435,0.013527,0.114482
AGTACGGGCACCTGGC-1,0.000032,0.028076,0.03829,0.112553,0.142857,0.018938,0.015314,0.004944,0.023511,0.253261,0.124492,0.123166,0.114566
AGTACGTGGCCTGTCT-1,0.000016,0.434265,0.011695,0.000016,0.000016,0.014458,0.456217,0.037957,0.018889,0.001563,0.000016,0.005578,0.019314
AGTACTCTTATGCCCA-1,0.000186,0.000186,0.016512,0.858489,0.123141,0.000186,0.000186,0.000186,0.000186,0.000186,0.000186,0.000186,0.000186
AGTAGAAGGCGCCTCA-1,0.000014,0.000014,0.000014,0.022371,0.205202,0.01473,0.029483,0.279287,0.332882,0.006724,0.054976,0.033475,0.020827
AGTAGCGTGAACGAAC-1,0.000032,0.089637,0.698305,0.079379,0.019833,0.019389,0.008907,0.000032,0.000032,0.06477,0.009606,0.000032,0.010045
AGTAGCTAGACGCCGA-1,0.000034,0.0441,0.019082,0.045397,0.261499,0.033008,0.131215,0.002701,0.0249,0.148054,0.228813,0.021448,0.039749
AGTAGGAAGGAAGTTG-1,0.000018,0.115433,0.024154,0.133161,0.044315,0.065109,0.142338,0.065035,0.163115,0.142569,0.018403,0.020947,0.065404
AGTAGGTAACATACAT-1,0.000027,0.077266,0.068777,0.305425,0.032461,0.058136,0.230931,0.05228,0.044951,0.071655,0.024092,0.016211,0.017787
AGTATAATACTAGGCA-1,0.00003,0.026243,0.00003,0.017163,0.257704,0.119704,0.020428,0.00003,0.019205,0.077273,0.348831,0.038219,0.075141
AGTATACACAGCGACA-1,0.000063,0.000063,0.000063,0.427888,0.571417,0.000063,0.000063,0.000063,0.000063,0.000063,0.000063,0.000063,0.000063
AGTATCCATAATAACG-1,0.000024,0.960041,0.039697,0.000024,0.000024,0.000024,0.000024,0.000024,0.000024,0.000024,0.000024,0.000024,0.000024
AGTATGCTGGAGACCA-1,0.000161,0.000161,0.13232,0.712634,0.153433,0.000161,0.000161,0.000161,0.000161,0.000161,0.000161,0.000161,0.000161
AGTATTTGGCACGACC-1,0.000167,0.000167,0.256298,0.490268,0.000167,0.000167,0.000167,0.000167,0.128498,0.000167,0.00145,0.122151,0.000167
AGTCAAATGATGTGAT-1,0.000059,0.014697,0.000059,0.622106,0.069114,0.000059,0.095998,0.006876,0.000059,0.000059,0.000059,0.037788,0.153068
AGTCAACACCACCATC-1,0.000043,0.116038,0.000043,0.029933,0.5423,0.026692,0.000043,0.019887,0.000043,0.005701,0.213568,0.04566,0.000048
AGTCAAGATGACACTT-1,0.000053,0.000053,0.095844,0.346746,0.05845,0.000053,0.000053,0.466871,0.031666,0.000053,0.000053,0.000053,0.000053
AGTCACTAGCTCTCGA-1,0.000103,0.043503,0.000103,0.416986,0.538484,0.000103,0.000103,0.000103,0.000103,0.000103,0.000103,0.000103,0.000103
AGTCACTCCGCCTCAT-1,0.00005,0.40659,0.514942,0.077966,0.00005,0.00005,0.00005,0.00005,0.00005,0.00005,0.00005,0.00005,0.00005
AGTCAGCCACCGCCTG-1,0.000045,0.058333,0.064253,0.197353,0.234641,0.000049,0.036293,0.02682,0.000045,0.299433,0.036086,0.036051,0.010597
AGTCCAGCGGGTACGT-1,0.00004,0.479932,0.354242,0.124627,0.003025,0.003104,0.00004,0.00004,0.00004,0.007459,0.00004,0.00004,0.027368
AGTCCATTGGCTGATG-1,0.000022,0.000022,0.000022,0.096644,0.006901,0.035782,0.014574,0.086371,0.019304,0.001586,0.007524,0.604044,0.127202
AGTCCCGCCTTTAATT-1,0.0004,0.011121,0.065469,0.155672,0.079799,0.020749,0.388298,0.066064,0.005023,0.148483,0.033818,0.01446,0.010645
AGTCCCTCGCAGAAAG-1,0.00001,0.00001,0.033859,0.035514,0.14881,0.028946,0.012981,0.004022,0.001547,0.039609,0.348989,0.280868,0.064834
AGTCGAAACGATTCAG-1,0.000179,0.000179,0.000179,0.997848,0.000179,0.000179,0.000179,0.000179,0.000179,0.000179,0.000179,0.000179,0.000179
AGTCGAATTAGCGTAA-1,0.000255,0.000017,0.000017,0.222372,0.205463,0.000845,0.014549,0.201793,0.134425,0.002273,0.04081,0.166231,0.01095
AGTCGACGGTCTCAAG-1,0.000012,0.004423,0.000012,0.014949,0.029711,0.226114,0.01934,0.059189,0.348932,0.030187,0.19135,0.042184,0.033598
AGTCGGCCCAAACGAC-1,0.000029,0.034599,0.049068,0.071552,0.364125,0.235331,0.00677,0.000029,0.000029,0.023839,0.09819,0.041622,0.074816
AGTCGGCTCAACTTTA-1,0.000014,0.000014,0.000014,0.04878,0.053945,0.119921,0.031861,0.173997,0.411035,0.010715,0.107057,0.017257,0.025388
AGTCGGTTGCGTGAGA-1,0.000009,0.000009,0.000009,0.000009,0.000009,0.327081,0.013567,0.025097,0.502349,0.000482,0.113182,0.012892,0.005306
AGTCGTATAAAGCAGA-1,0.000057,0.027162,0.062639,0.585301,0.324388,0.000057,0.000057,0.000057,0.000057,0.000057,0.000057,0.000057,0.000057
AGTCGTCGACCACCAA-1,0.00022,0.00022,0.742613,0.000224,0.101754,0.00022,0.00022,0.00022,0.00022,0.00022,0.00022,0.153426,0.00022
AGTCGTGGGCATTACG-1,0.000054,0.015162,0.000054,0.47028,0.002467,0.002103,0.011396,0.261994,0.236272,0.000054,0.000054,0.000056,0.000054
AGTCTAAAGTATACTC-1,0.000181,0.000012,0.000356,0.015596,0.008208,0.391091,0.118392,0.025472,0.107543,0.065636,0.03393,0.056761,0.176822
AGTCTCACAAGACTAC-1,0.000053,0.032049,0.004963,0.557974,0.000053,0.051176,0.000053,0.017161,0.000053,0.000053,0.000053,0.288743,0.047619
AGTCTGGACATCCTTG-1,0.000016,0.12379,0.033764,0.027048,0.002487,0.045315,0.371677,0.108949,0.158839,0.087412,0.003765,0.008368,0.02857
AGTCTTCTCCTCAAAT-1,0.000027,0.003878,0.01714,0.047403,0.187435,0.130012,0.089612,0.022747,0.028676,0.25651,0.135761,0.020918,0.05988
AGTCTTTAAAGTGTCC-1,0.000591,0.061894,0.000036,0.373438,0.120042,0.001634,0.000036,0.183729,0.140145,0.001254,0.031704,0.085029,0.000467
AGTGAACAAACTTCTC-1,0.000024,0.000024,0.000024,0.108285,0.199907,0.085047,0.006101,0.134005,0.0719,0.015469,0.32707,0.050799,0.001344
AGTGAAGATGGTGTCC-1,0.000011,0.000011,0.019617,0.035127,0.033909,0.146947,0.23901,0.052693,0.057137,0.041713,0.18079,0.122204,0.070832
AGTGACCTACTTTACG-1,0.000032,0.000032,0.000032,0.105733,0.193291,0.033129,0.034185,0.270188,0.28832,0.023467,0.015953,0.008446,0.027194
AGTGACTGTGACACAA-1,0.000106,0.000106,0.09799,0.599297,0.30165,0.000106,0.000106,0.000106,0.000106,0.000106,0.000106,0.000106,0.000106
AGTGAGACTTCCAGTA-1,0.000013,0.000013,0.002095,0.030458,0.008552,0.290926,0.042606,0.095343,0.347013,0.006214,0.062224,0.053203,0.061339
AGTGAGCCTCGCCGCC-1,0.000307,0.019113,0.046151,0.04815,0.082834,0.388542,0.017221,0.004272,0.012577,0.032356,0.281377,0.049635,0.017464
AGTGAGGGTTTCTGAC-1,0.000019,0.958113,0.008837,0.003382,0.000019,0.029493,0.000019,0.000019,0.000019,0.000019,0.000019,0.000019,0.000019
AGTGAGTCGAATTAAC-1,0.000071,0.000071,0.000071,0.755431,0.233579,0.000071,0.000071,0.000071,0.000071,0.000071,0.010282,0.000071,0.000071
AGTGATATGAGTAGTT-1,0.000034,0.013418,0.000034,0.032936,0.061259,0.041264,0.020701,0.312669,0.3476,0.0019,0.066015,0.059038,0.043132
AGTGATTCAAGCAGGA-1,0.000033,0.010913,0.022099,0.082117,0.305188,0.17047,0.105602,0.036336,0.027425,0.026957,0.096155,0.033571,0.083133
AGTGCACGCTTAAGAA-1,0.000097,0.000097,0.000097,0.951893,0.047041,0.000097,0.000097,0.000097,0.000097,0.000097,0.000097,0.000097,0.000097
AGTGCGTAGCTCGTAA-1,0.000057,0.000057,0.000057,0.150889,0.475954,0.000057,0.000057,0.138555,0.023764,0.015521,0.148932,0.046042,0.000057
AGTGCTTGCACGAATA-1,0.000032,0.000032,0.052034,0.510244,0.050727,0.044739,0.003631,0.013266,0.108456,0.051095,0.03787,0.066785,0.061091
AGTGGCCCGCAAATGG-1,0.000028,0.000028,0.000028,0.132247,0.003841,0.008207,0.01376,0.081335,0.022386,0.000028,0.000028,0.515067,0.223019
AGTGGCGGCAATTTGA-1,0.000023,0.028647,0.000023,0.014702,0.143227,0.06425,0.101101,0.081532,0.04485,0.236214,0.224108,0.025519,0.035803
AGTGGCGTCTGAAGGT-1,0.000354,0.000354,0.654759,0.000354,0.143234,0.000354,0.000354,0.000354,0.000354,0.000354,0.198461,0.000354,0.000354
AGTGGCTCCGTCGGCC-1,0.00002,0.00002,0.00002,0.000266,0.021972,0.212554,0.01617,0.047681,0.138633,0.007764,0.453253,0.080532,0.021115
AGTGGGAGTATACACG-1,0.001649,0.844029,0.04124,0.013266,0.099548,0.000034,0.000034,0.000034,0.000034,0.000034,0.000034,0.000034,0.000034
AGTGGTGTTACCCGTG-1,0.00006,0.00006,0.00006,0.249669,0.389296,0.00006,0.00006,0.00006,0.031841,0.00006,0.223174,0.067319,0.038279
AGTGGTTGCGTATAGG-1,0.000021,0.000021,0.007039,0.044384,0.247048,0.336549,0.004405,0.00426,0.009978,0.039937,0.08642,0.001225,0.218712
AGTGTATTGCGCATTG-1,0.000034,0.033353,0.101932,0.14136,0.269501,0.082085,0.070095,0.050899,0.055929,0.101028,0.074621,0.005682,0.013481
AGTGTGCTAAGATCGC-1,0.000041,0.522493,0.175708,0.073005,0.190363,0.000041,0.000041,0.000041,0.000041,0.038006,0.00014,0.000041,0.000041
AGTGTGGTCTATTGTG-1,0.000044,0.083429,0.016884,0.135289,0.171952,0.011411,0.092944,0.046904,0.092699,0.231922,0.032053,0.055602,0.028868
AGTTAAACACTTGCGA-1,0.000032,0.000032,0.000032,0.031982,0.218358,0.063776,0.029145,0.173299,0.083747,0.022845,0.257518,0.080106,0.039127
AGTTAAGCGGTCCCGG-1,0.000015,0.024889,0.057798,0.031082,0.074487,0.031836,0.307518,0.120119,0.135942,0.031775,0.052569,0.008657,0.123311
AGTTAAGTCAACCGCT-1,0.000198,0.00822,0.000014,0.000014,0.000014,0.082233,0.058405,0.330493,0.483497,0.002466,0.005255,0.013213,0.015979
AGTTACCCTTAAGACT-1,0.000015,0.005424,0.000015,0.019045,0.008469,0.097552,0.342854,0.159299,0.079788,0.051594,0.017084,0.148998,0.069862
AGTTACCGCACATGGT-1,0.000033,0.0075,0.018462,0.170606,0.198733,0.059052,0.127842,0.134584,0.04772,0.159775,0.016991,0.016426,0.042275
AGTTACTCTATCGTGG-1,0.000462,0.485329,0.052659,0.314897,0.057094,0.026547,0.00008,0.000032,0.013232,0.023113,0.024801,0.000789,0.000966
AGTTATTCAGACTGTG-1,0.00003,0.00003,0.00003,0.068212,0.209359,0.017942,0.000734,0.009238,0.142079,0.002727,0.258405,0.288495,0.002718
AGTTATTGAAAGGTAA-1,0.000031,0.719711,0.166276,0.0055,0.091555,0.000031,0.000031,0.000031,0.000031,0.000603,0.016134,0.000031,0.000031
AGTTCACCGGTTGGAC-1,0.000047,0.13322,0.025304,0.156288,0.306065,0.042442,0.124365,0.096334,0.039155,0.055966,0.000047,0.004413,0.016354
AGTTCCTACAGAATTA-1,0.000031,0.000031,0.018861,0.024398,0.260098,0.131595,0.031929,0.027043,0.051681,0.104971,0.131589,0.020139,0.197632
AGTTCCTATTTATGTT-1,0.003188,0.000059,0.000059,0.145117,0.371867,0.004063,0.000059,0.258639,0.02125,0.073802,0.008,0.10593,0.00797
AGTTCTGCGTTGTATC-1,0.000031,0.149745,0.136239,0.149321,0.001847,0.075653,0.135805,0.222183,0.046655,0.063839,0.000031,0.014875,0.003777
AGTTGACATCGGCTGG-1,0.000691,0.654979,0.132701,0.039858,0.089351,0.012873,0.000047,0.016157,0.030202,0.023,0.000047,0.000047,0.000047
AGTTGACGGTCCTTGC-1,0.000063,0.033635,0.000063,0.334487,0.32153,0.000472,0.000063,0.213464,0.006153,0.063532,0.005052,0.01469,0.006798
AGTTGCGGTCCTCAAC-1,0.000083,0.000083,0.165139,0.833943,0.000083,0.000083,0.000083,0.000083,0.000083,0.000083,0.000083,0.000083,0.000083
AGTTGCTGACTGATAT-1,0.000064,0.146487,0.20803,0.189391,0.229463,0.000064,0.094698,0.000064,0.000064,0.131483,0.000064,0.000064,0.000064
AGTTGGCAAGGCTAGA-1,0.000051,0.000051,0.001209,0.565146,0.156367,0.000051,0.000051,0.247153,0.019619,0.000051,0.000051,0.007899,0.002299
AGTTTATGTAAAGACA-1,0.000127,0.000435,0.008466,0.015096,0.092793,0.348065,0.1058,0.023238,0.060451,0.048848,0.127403,0.117203,0.052076
AGTTTCGCAGGTCGGA-1,0.000025,0.089749,0.024686,0.221469,0.00479,0.033527,0.346501,0.105226,0.083784,0.069601,0.000025,0.012932,0.007686
AGTTTGCACCTGCCTC-1,0.000271,0.000271,0.530158,0.000271,0.377619,0.000271,0.000271,0.000271,0.000271,0.000271,0.000271,0.000271,0.089514
AGTTTGGCACGGGTTG-1,0.000018,0.000018,0.000018,0.048085,0.001774,0.012962,0.041649,0.473766,0.389941,0.000018,0.000018,0.029663,0.002068
AGTTTGGCCAGACCTA-1,0.000032,0.000032,0.000032,0.024494,0.213411,0.025459,0.00559,0.305938,0.239901,0.017091,0.122136,0.033608,0.012277
ATAAACCATTGGACGG-1,0.000018,0.443096,0.144352,0.000067,0.000018,0.096793,0.210209,0.071404,0.006505,0.005902,0.000018,0.000018,0.021602
ATAAACGGACCCGTAA-1,0.000017,0.000017,0.000017,0.083606,0.077189,0.037755,0.016693,0.527462,0.188084,0.008505,0.027504,0.015567,0.017584
ATAAACGTTGCACCAC-1,0.0001,0.0001,0.719904,0.133552,0.0001,0.0001,0.0001,0.11114,0.0001,0.0001,0.0001,0.0001,0.034503
ATAAAGGCTCGGTCGT-1,0.000013,0.004562,0.000013,0.053198,0.029241,0.140504,0.006868,0.038603,0.088204,0.004769,0.269905,0.212714,0.151406
ATAAAGGTCAAGTACG-1,0.000022,0.822263,0.062032,0.020684,0.089184,0.000022,0.000022,0.000022,0.000022,0.005662,0.000022,0.000022,0.000022
ATAAATATTAGCAGCT-1,0.000021,0.000021,0.000021,0.032959,0.273293,0.066145,0.007434,0.008908,0.041184,0.063105,0.363975,0.063656,0.079277
ATAACGCCGGAGGGTC-1,0.000016,0.008489,0.005259,0.031247,0.095566,0.176751,0.053961,0.102955,0.227103,0.036438,0.17681,0.031357,0.054049
ATAACGGAGTCCAACG-1,0.000504,0.004079,0.002846,0.118328,0.106442,0.184651,0.112531,0.024068,0.011777,0.142651,0.044567,0.022258,0.225298
ATAACGTTACCTCCAC-1,0.000178,0.000012,0.000012,0.008802,0.020813,0.044897,0.210073,0.071454,0.022875,0.07722,0.04014,0.097156,0.406369
ATAAGCAAACACCGAG-1,0.000004,0.000004,0.005211,0.024086,0.214073,0.008294,0.020043,0.034579,0.030981,0.011475,0.604487,0.039093,0.00767
ATAAGGTGGAGAACAT-1,0.000052,0.029386,0.019635,0.664671,0.001324,0.039886,0.000052,0.058221,0.169341,0.000052,0.000052,0.017273,0.000052
ATAAGTACCCGATTGT-1,0.000022,0.000172,0.05084,0.026534,0.311697,0.073021,0.00952,0.010779,0.008119,0.107477,0.328721,0.01254,0.060558
ATAAGTAGGATTCAGA-1,0.000035,0.000035,0.177041,0.081616,0.178984,0.140806,0.023725,0.013547,0.049928,0.242394,0.023462,0.021127,0.047301
ATAAGTAGGGCGACTC-1,0.000023,0.051053,0.001122,0.049516,0.210581,0.063214,0.00709,0.064421,0.081366,0.16835,0.13983,0.062004,0.101427
ATAAGTTACCGCGACG-1,0.000181,0.000012,0.000012,0.003172,0.003791,0.118522,0.062774,0.348722,0.388024,0.002462,0.021028,0.026605,0.024696
ATAATACCGTTAGCCG-1,0.001293,0.136629,0.333831,0.221109,0.122243,0.011513,0.068611,0.000049,0.000049,0.102625,0.00195,0.000049,0.000049
ATAATAGCTGTTGAAT-1,0.001088,0.000046,0.006106,0.19603,0.27228,0.006761,0.038454,0.342491,0.030252,0.000363,0.001421,0.067856,0.036851
ATAATAGTGTAGGGAC-1,0.000028,0.018336,0.037732,0.047497,0.357651,0.063659,0.123953,0.061377,0.070872,0.102533,0.10293,0.005652,0.007779
ATAATCTTGGAGAACC-1,0.000253,0.000253,0.469644,0.000253,0.147713,0.000253,0.000253,0.000253,0.287665,0.000253,0.0927,0.000253,0.000253
ATAATTAGCTAAGTAG-1,0.000037,0.000037,0.000654,0.984305,0.013603,0.000037,0.000037,0.000037,0.000037,0.000037,0.001106,0.000037,0.000037
ATACAGCGTCCACTGA-1,0.000145,0.065601,0.000145,0.745972,0.077942,0.000145,0.000145,0.000145,0.000145,0.000145,0.109183,0.000145,0.000145
ATACAGGCCCTCCAAT-1,0.000111,0.000111,0.355524,0.643258,0.000111,0.000111,0.000111,0.000111,0.000111,0.000111,0.000111,0.000111,0.000111
ATACCACGGGCAACTT-1,0.000033,0.05281,0.000033,0.179945,0.233858,0.1207,0.003774,0.01956,0.003092,0.066407,0.079023,0.041323,0.199443
ATACCAGCAAATTGCT-1,0.000028,0.682234,0.009084,0.010473,0.065324,0.027185,0.09612,0.001446,0.023951,0.04839,0.010794,0.000028,0.024943
ATACCAGGCTAATAGA-1,0.000037,0.166466,0.158359,0.115237,0.052016,0.072689,0.150715,0.009266,0.026869,0.125556,0.042433,0.006829,0.073529
ATACCAGGTGAGCGAT-1,0.000014,0.477146,0.039707,0.000014,0.000014,0.01739,0.004229,0.000014,0.000014,0.000014,0.004233,0.381657,0.075551
ATACCCTCCCGGCCAA-1,0.000044,0.000044,0.007444,0.393524,0.100152,0.001495,0.016749,0.124386,0.019347,0.000044,0.00423,0.304613,0.027928
ATACCCTGGCTCAAAT-1,0.000016,0.335345,0.287614,0.009796,0.000016,0.026554,0.290781,0.018155,0.01651,0.001349,0.000016,0.002264,0.011585
ATACCGTCATCCATAA-1,0.000016,0.000371,0.007254,0.032803,0.097222,0.045699,0.091036,0.028964,0.008207,0.063457,0.067132,0.143031,0.414808
ATACGAAGGCTTTCCA-1,0.000029,0.084476,0.013937,0.045158,0.261392,0.000029,0.008098,0.020538,0.02074,0.029549,0.346821,0.164705,0.004527
ATACGACAGATGGGTA-1,0.000013,0.000801,0.023666,0.027864,0.102386,0.033548,0.039527,0.055054,0.072143,0.011819,0.576506,0.0519,0.004773
ATACGAGGTTTGTAAG-1,0.000016,0.000016,0.000016,0.023631,0.07601,0.031963,0.116471,0.147174,0.374692,0.014608,0.132349,0.074928,0.008127
ATACGCCGATCTACCG-1,0.000024,0.941685,0.058057,0.000024,0.000024,0.000024,0.000024,0.000024,0.000024,0.000024,0.000024,0.000024,0.000024
ATACGCCGGCGAAACC-1,0.000022,0.000022,0.000022,0.208024,0.14024,0.024551,0.016852,0.076794,0.035467,0.025537,0.233234,0.198434,0.040802
ATACGGAACGTCGTTT-1,0.000116,0.029817,0.03234,0.886686,0.05011,0.000116,0.000116,0.000116,0.000116,0.000116,0.000116,0.000116,0.000116
ATACGGGTTTCGATTG-1,0.000048,0.14278,0.022502,0.037146,0.528515,0.018353,0.007223,0.000048,0.000048,0.176664,0.054525,0.000048,0.012099
ATACGGTGAAGATGCA-1,0.00002,0.049373,0.00491,0.02031,0.145105,0.357736,0.056653,0.015043,0.027707,0.110174,0.133676,0.020953,0.058342
ATACGTACTTAGCCAC-1,0.000168,0.000168,0.000168,0.624279,0.37387,0.000168,0.000168,0.000168,0.000168,0.000168,0.000168,0.000168,0.000168
ATACGTCCACTCCTGT-1,0.000044,0.000044,0.000044,0.271948,0.110866,0.000044,0.000044,0.292244,0.151966,0.000044,0.000044,0.165236,0.007431
ATACGTTATGCACGGA-1,0.0001,0.0001,0.0001,0.547349,0.342269,0.0001,0.0001,0.0001,0.0001,0.0001,0.109385,0.0001,0.0001
ATACTAGCATGACCCT-1,0.000245,0.000013,0.000034,0.000013,0.000013,0.57496,0.025518,0.028693,0.101776,0.007718,0.153045,0.036112,0.071861
ATACTCTCGCCACTCT-1,0.000053,0.523716,0.316529,0.100313,0.004375,0.000053,0.000053,0.000053,0.000053,0.004418,0.000053,0.000053,0.05028
ATACTTGTTCTCGAGC-1,0.000027,0.008334,0.014605,0.076639,0.209997,0.154282,0.106186,0.036638,0.039054,0.128035,0.034592,0.007563,0.184048
ATAGACAACGGGACCT-1,0.000023,0.000023,0.024945,0.031511,0.160842,0.283912,0.068438,0.043226,0.027617,0.125199,0.135707,0.039765,0.058792
ATAGACGAAGAGAAAG-1,0.000028,0.012527,0.000028,0.194102,0.307968,0.022742,0.000028,0.003662,0.008576,0.035214,0.326629,0.014421,0.074076
ATAGAGTACTGGGACA-1,0.000015,0.000015,0.000015,0.010952,0.026718,0.529018,0.160532,0.039078,0.039092,0.095059,0.081852,0.004786,0.012869
ATAGAGTTATCAACTT-1,0.000473,0.050481,0.016208,0.065512,0.145054,0.10942,0.082715,0.104943,0.066412,0.163194,0.072108,0.044174,0.079307
ATAGATTTGCAGTCGG-1,0.000037,0.588067,0.305447,0.106115,0.000043,0.000037,0.000037,0.000037,0.000037,0.000037,0.000037,0.000037,0.000037
ATAGCCATAACAGTCA-1,0.000014,0.000014,0.000014,0.000014,0.00922,0.063603,0.054378,0.208516,0.595797,0.003788,0.042696,0.01893,0.003016
ATAGCCTCAGTACCCA-1,0.000047,0.083963,0.09297,0.038425,0.402075,0.020943,0.153091,0.020021,0.119065,0.032658,0.0029,0.014332,0.019511
ATAGCTGCTCTTGTTA-1,0.000015,0.137846,0.037701,0.016518,0.000015,0.012424,0.597126,0.107393,0.063122,0.001001,0.000015,0.01434,0.012483
ATAGGAATCTAAGCTT-1,0.000019,0.000019,0.001926,0.088939,0.07697,0.072442,0.185908,0.050426,0.085857,0.138152,0.102612,0.150636,0.046093
ATAGGCGGCTATAGAA-1,0.00004,0.00004,0.00004,0.030587,0.611941,0.00099,0.00004,0.012651,0.145798,0.00004,0.149443,0.048033,0.000356
ATAGGCTAGCTTCGCA-1,0.000023,0.009167,0.000448,0.025644,0.158742,0.020848,0.107178,0.09097,0.03581,0.307029,0.163446,0.07193,0.008765
ATAGGGATATCCTTGA-1,0.00002,0.03967,0.005631,0.029873,0.139413,0.119818,0.081424,0.038289,0.010911,0.103902,0.090175,0.172458,0.168415
ATAGGTTGGGCAGATG-1,0.000029,0.090584,0.000029,0.040774,0.259981,0.044221,0.000029,0.010746,0.004212,0.173754,0.235946,0.030041,0.109656
ATAGTCTTTGACGTGC-1,0.000057,0.084679,0.557722,0.038112,0.152639,0.000057,0.111832,0.000057,0.000057,0.047931,0.006745,0.000057,0.000057
ATAGTGAAGCGTTCTC-1,0.000529,0.037901,0.000035,0.071711,0.134998,0.093652,0.024947,0.136359,0.250294,0.0062,0.164786,0.063084,0.015505
ATAGTTCCACCCACTC-1,0.000021,0.007805,0.000394,0.067573,0.022126,0.157662,0.037911,0.141616,0.132047,0.035446,0.069075,0.10168,0.226644
ATATAAAGCGCTCGTG-1,0.000195,0.000195,0.144946,0.206032,0.31532,0.000195,0.000195,0.168798,0.000195,0.000195,0.000195,0.163342,0.000195
ATATAAATGTAGCTGC-1,0.000073,0.000073,0.069214,0.914208,0.01585,0.000073,0.000073,0.000073,0.000073,0.000073,0.000073,0.000073,0.000073
ATATAACACGGGCGCA-1,0.000096,0.000096,0.000096,0.968928,0.030019,0.000096,0.000096,0.000096,0.000096,0.000096,0.000096,0.000096,0.000096
ATATACATGTATGGTA-1,0.000051,0.000051,0.000051,0.515678,0.053179,0.024127,0.000051,0.105575,0.04425,0.000051,0.199976,0.05691,0.000051
ATATAGAGTATTGGTC-1,0.000506,0.000506,0.640705,0.000506,0.008453,0.000506,0.000506,0.267331,0.000506,0.000506,0.078956,0.000506,0.000506
ATATCAACCTACAGAG-1,0.000018,0.057493,0.000018,0.005311,0.055896,0.082216,0.005342,0.049427,0.093093,0.004323,0.415236,0.140017,0.09161
ATATCAATTCCAGCCT-1,0.000095,0.000095,0.001744,0.977856,0.019449,0.000095,0.000095,0.000095,0.000095,0.000095,0.000095,0.000095,0.000095
ATATCGGTAGGGAGAT-1,0.000028,0.000028,0.018265,0.044673,0.20289,0.019364,0.000028,0.000028,0.00003,0.007413,0.516758,0.133188,0.057305
ATATCGTGCCAGACCC-1,0.000022,0.939106,0.000022,0.000022,0.000022,0.020457,0.037946,0.000022,0.000022,0.000022,0.000022,0.000022,0.002291
ATATCGTTCCTCGAAC-1,0.000523,0.000523,0.392348,0.000523,0.601895,0.000523,0.000523,0.000523,0.000523,0.000523,0.000523,0.000523,0.000523
ATATCTCCCTCGTTAA-1,0.003184,0.264465,0.013379,0.136024,0.137518,0.042733,0.013976,0.044778,0.021654,0.271994,0.044997,0.00527,0.000028
ATATCTTAGGGCCTTC-1,0.000022,0.000022,0.000022,0.026318,0.038751,0.192659,0.002954,0.054447,0.3012,0.035532,0.318794,0.015153,0.014127
ATATGGGATAGCAACT-1,0.000037,0.019594,0.057003,0.186961,0.275021,0.000037,0.049872,0.162741,0.088026,0.028071,0.024702,0.107898,0.000037
ATATGTCTAGAGCGTG-1,0.000015,0.000015,0.000015,0.023634,0.051361,0.044134,0.055138,0.170781,0.428402,0.004568,0.101025,0.098671,0.022242
ATATGTCTCCCTAGCC-1,0.000032,0.012623,0.000032,0.075538,0.235549,0.24607,0.011084,0.005525,0.015336,0.017219,0.234781,0.086663,0.059547
ATATGTGCACAAACCA-1,0.000008,0.000008,0.009145,0.042191,0.096634,0.048485,0.038956,0.013713,0.038313,0.02592,0.176391,0.397535,0.112698
ATATTATCCCGTATTT-1,0.000055,0.734739,0.156809,0.000055,0.067281,0.000055,0.000055,0.000055,0.000055,0.000055,0.040675,0.000055,0.000055
ATATTCAGTTAAACCT-1,0.000033,0.000033,0.000033,0.134875,0.178236,0.020624,0.047219,0.092633,0.238019,0.042817,0.145071,0.080555,0.019851
ATATTCCACATAGTGA-1,0.00014,0.00014,0.00014,0.884982,0.107317,0.00014,0.00014,0.00014,0.00014,0.00014,0.00014,0.00014,0.006305
ATATTCCCACAGGTCA-1,0.000029,0.26509,0.072663,0.125634,0.098591,0.04959,0.153936,0.078725,0.038871,0.040378,0.018724,0.012372,0.045397
ATATTGCTGTCAAAGT-1,0.000401,0.092106,0.012127,0.090288,0.085252,0.102138,0.029258,0.143655,0.043137,0.316162,0.069073,0.004974,0.011427
ATATTTAACCCTCAAG-1,0.000029,0.016537,0.018957,0.151849,0.210318,0.11508,0.014788,0.018771,0.005959,0.122167,0.286418,0.012244,0.026884
ATCAAACACTGTTCCA-1,0.001341,0.000024,0.003866,0.167817,0.006237,0.092098,0.053375,0.358637,0.231208,0.000024,0.006536,0.036677,0.04216
ATCAAACGAAGGTTTG-1,0.000021,0.000021,0.000021,0.118195,0.130654,0.007309,0.01473,0.332243,0.176211,0.008989,0.048529,0.151756,0.011322
ATCAAAGAGCCGTGGT-1,0.000015,0.031629,0.000015,0.048025,0.041648,0.05007,0.032072,0.108608,0.27012,0.059636,0.319344,0.029426,0.009394
ATCAAGATCCCAGGAC-1,0.000042,0.000042,0.000042,0.163171,0.305651,0.035701,0.031287,0.174501,0.094009,0.040401,0.108507,0.046603,0.000042
ATCAATCTGGGCTGCA-1,0.000023,0.004547,0.07023,0.183495,0.215846,0.077699,0.008684,0.05516,0.196155,0.020194,0.118583,0.022535,0.026848
ATCAATGCCGTGGCTG-1,0.00035,0.00035,0.537052,0.046851,0.00035,0.00035,0.00035,0.05722,0.270161,0.00035,0.00035,0.00035,0.08592
ATCACATTAGAATATC-1,0.000326,0.017574,0.025126,0.116007,0.095678,0.066666,0.243421,0.038914,0.01775,0.198367,0.054645,0.026979,0.098547
ATCACGTGCTAATTAA-1,0.000022,0.000022,0.000022,0.04325,0.129604,0.104588,0.046336,0.309151,0.215707,0.041066,0.097412,0.007175,0.005647
ATCACTTCATCCTCGC-1,0.00004,0.057667,0.012881,0.448839,0.052747,0.018612,0.009134,0.00004,0.00004,0.057331,0.198946,0.138329,0.005394
ATCAGAAGCTGGTTGC-1,0.000025,0.000025,0.000025,0.328464,0.238878,0.000025,0.015407,0.344034,0.027752,0.002228,0.017367,0.025357,0.000414
ATCAGACGGCACGCCG-1,0.00003,0.00003,0.00003,0.110494,0.159763,0.022713,0.003996,0.138353,0.056841,0.054169,0.188145,0.236648,0.028788
ATCAGCTCGTCCACTA-1,0.000052,0.016326,0.000052,0.053533,0.263302,0.030494,0.002154,0.165268,0.112553,0.013391,0.326125,0.004321,0.012428
ATCAGGTAGCTGACAG-1,0.000018,0.000018,0.000884,0.047019,0.226061,0.000018,0.000018,0.000018,0.000018,0.00002,0.560776,0.152782,0.012348
ATCAGGTCGCCATTGC-1,0.000022,0.009745,0.231965,0.02519,0.000022,0.023117,0.261317,0.329066,0.086957,0.022784,0.000022,0.001257,0.008536
ATCAGTAGGCAGGGAT-1,0.000035,0.031776,0.01575,0.055661,0.330288,0.025407,0.102115,0.04555,0.011686,0.260442,0.080869,0.007482,0.03294
ATCATAGATCGACGAG-1,0.000021,0.000021,0.000021,0.057298,0.171067,0.004653,0.026857,0.136259,0.246025,0.018075,0.12776,0.211921,0.000021
ATCATCCAATATTTGT-1,0.000046,0.000046,0.000046,0.240204,0.131165,0.049961,0.001699,0.041109,0.184582,0.007869,0.246408,0.057184,0.03968
ATCATCTGCCCAGTGT-1,0.00002,0.543527,0.108016,0.00002,0.00002,0.001592,0.279997,0.034655,0.018363,0.008764,0.00002,0.004181,0.000828
ATCATGGACTACCGAC-1,0.000014,0.000014,0.000014,0.000014,0.000014,0.003882,0.023557,0.031357,0.835866,0.000014,0.003852,0.095616,0.005786
ATCATTGTACCGCATT-1,0.000239,0.000239,0.704684,0.000239,0.000239,0.000239,0.000239,0.292688,0.000239,0.000239,0.000239,0.000239,0.000239
ATCCAACGCAGTCATA-1,0.000024,0.041876,0.000024,0.072427,0.17041,0.164031,0.085974,0.004032,0.021888,0.112332,0.242711,0.002632,0.081641
ATCCAATGGAGGGTCC-1,0.000028,0.000028,0.000028,0.004886,0.13631,0.108724,0.016947,0.128845,0.239072,0.069684,0.213845,0.046996,0.034608
ATCCAATGGTACCGAA-1,0.000014,0.021916,0.000014,0.079232,0.056943,0.319652,0.034661,0.129744,0.028392,0.029442,0.057198,0.036499,0.206293
ATCCACATCGACAGAA-1,0.000146,0.000146,0.147052,0.070501,0.356181,0.000146,0.044105,0.198726,0.114294,0.000146,0.000146,0.000146,0.068264
ATCCACGCTAAATGTT-1,0.000059,0.060028,0.668299,0.005106,0.266039,0.000059,0.000059,0.000059,0.000059,0.000059,0.000059,0.000059,0.000059
ATCCACTTTCAGACTA-1,0.000008,0.000008,0.000008,0.001241,0.000288,0.371099,0.074635,0.046806,0.095571,0.007012,0.010826,0.221167,0.17133
ATCCAGAGCAACAACC-1,0.000029,0.000029,0.000029,0.261455,0.372332,0.021695,0.00145,0.125586,0.130552,0.000029,0.031411,0.024216,0.031187
ATCCAGGATTCGTGAA-1,0.001406,0.000062,0.000062,0.101328,0.584687,0.006267,0.000062,0.090547,0.046218,0.000062,0.167537,0.000062,0.001701
ATCCCATCCACAGCGC-1,0.000472,0.000472,0.32584,0.000472,0.000472,0.000472,0.000472,0.000472,0.000472,0.000472,0.000472,0.000472,0.668969
ATCCCATTTCCGTGGG-1,0.00003,0.00104,0.00003,0.264701,0.122345,0.013627,0.077334,0.224182,0.025999,0.004067,0.006965,0.228613,0.031069
ATCCTACCTAAGCTCT-1,0.000024,0.000024,0.000024,0.010292,0.028517,0.205366,0.001572,0.329598,0.247877,0.012015,0.137476,0.001861,0.025354
ATCCTGAATCGCTGCG-1,0.000031,0.000031,0.000031,0.057646,0.269869,0.053855,0.004218,0.118984,0.022004,0.018846,0.265507,0.108556,0.08042
ATCCTGCGTGGAATGG-1,0.000073,0.000073,0.000073,0.268441,0.179157,0.01911,0.055867,0.238522,0.036516,0.006728,0.133189,0.012095,0.050157
ATCCTGCTGCAGATAG-1,0.000035,0.293706,0.281354,0.098128,0.016351,0.088564,0.122767,0.010014,0.000035,0.065466,0.000035,0.002873,0.020672
ATCCTTCTGAAAGAAC-1,0.000036,0.000036,0.003879,0.16912,0.038855,0.000036,0.069265,0.426906,0.071327,0.000036,0.001175,0.20874,0.010589
ATCGACCCAATACAGA-1,0.000024,0.006248,0.000024,0.058705,0.130209,0.03028,0.03239,0.111122,0.360904,0.019847,0.094375,0.071931,0.083941
ATCGACTCTTTCCGTT-1,0.000466,0.051789,0.007955,0.039935,0.005819,0.148542,0.020491,0.003148,0.008821,0.004649,0.125582,0.098888,0.483914
ATCGCACGATTGTTCA-1,0.00004,0.716055,0.282205,0.001335,0.00004,0.00004,0.00004,0.00004,0.00004,0.00004,0.00004,0.00004,0.00004
ATCGCACGCCGGGAGA-1,0.000529,0.000025,0.053858,0.063641,0.086677,0.189377,0.04967,0.022787,0.015796,0.122141,0.291419,0.008723,0.095358
ATCGCCAGTCAACATT-1,0.002218,0.00004,0.106156,0.269723,0.044532,0.053661,0.005816,0.071708,0.160148,0.034586,0.0331,0.121516,0.096796
ATCGCCGTGGTTCATG-1,0.000079,0.000079,0.097891,0.393272,0.007301,0.000079,0.000079,0.356169,0.075398,0.000079,0.000079,0.069417,0.000079
ATCGCTGCGTGCAGCA-1,0.000283,0.000019,0.04943,0.123817,0.254704,0.022213,0.135696,0.042841,0.029434,0.048154,0.121099,0.09504,0.077271
ATCGCTTTACGTCTCA-1,0.000013,0.000013,0.000013,0.003015,0.01265,0.046405,0.045902,0.017862,0.159311,0.005505,0.53199,0.175007,0.002313
ATCGGAGACAGACGGC-1,0.000174,0.000174,0.000174,0.888225,0.018801,0.000174,0.000174,0.000174,0.000174,0.091126,0.000281,0.000174,0.000174
ATCGGCAAGCAGTCCA-1,0.00004,0.050877,0.048956,0.065827,0.334663,0.003355,0.038362,0.01356,0.00313,0.27847,0.150061,0.010738,0.001962
ATCGGTTACCTAGTAA-1,0.000021,0.023803,0.000021,0.097322,0.053485,0.203902,0.055603,0.054446,0.029543,0.029682,0.071842,0.107161,0.27317
ATCGTATTCCGAGAAC-1,0.000015,0.000015,0.000015,0.00874,0.074852,0.203421,0.135113,0.0204,0.235039,0.168055,0.085394,0.008467,0.060474
ATCGTCCAATCGAGTC-1,0.000034,0.584635,0.141842,0.001338,0.035223,0.008456,0.117547,0.012193,0.014386,0.040141,0.007043,0.037128,0.000034
ATCGTGGAAAGTCTGG-1,0.0001,0.0001,0.903131,0.0001,0.0001,0.0001,0.0001,0.095772,0.0001,0.0001,0.0001,0.0001,0.0001
ATCGTTCACTTTCGCC-1,0.000909,0.282144,0.116077,0.056612,0.121632,0.006403,0.176336,0.022106,0.000871,0.058659,0.064384,0.039666,0.054203
ATCTAACGTCCCTATG-1,0.000706,0.127185,0.625866,0.052696,0.000049,0.015142,0.174991,0.000049,0.003117,0.000049,0.000049,0.000049,0.000049
ATCTAATATCCTACGG-1,0.000123,0.000123,0.046034,0.887002,0.065731,0.000123,0.000123,0.000123,0.000123,0.000123,0.000123,0.000123,0.000123
ATCTACCATCTGCTCC-1,0.000029,0.000029,0.000029,0.085725,0.266846,0.008476,0.017855,0.294689,0.211965,0.004074,0.025009,0.017739,0.067536
ATCTAGCTTGTGAGGG-1,0.000046,0.000046,0.000046,0.487186,0.101462,0.000046,0.000046,0.330831,0.077393,0.000046,0.000046,0.002763,0.000046
ATCTATCGATGATCAA-1,0.000016,0.715591,0.005959,0.000016,0.000016,0.015683,0.230601,0.020834,0.010744,0.000016,0.000016,0.000099,0.000413
ATCTCATAAACCTACC-1,0.000021,0.023876,0.077029,0.009353,0.090536,0.090003,0.059219,0.076823,0.041853,0.211485,0.192535,0.106233,0.021035
ATCTCCCTGCAATCTA-1,0.000527,0.041222,0.00058,0.116953,0.248393,0.052627,0.172397,0.021742,0.015706,0.215073,0.044109,0.015817,0.054853
ATCTCGTGAGCGAAAC-1,0.000034,0.000034,0.029033,0.22057,0.063918,0.049966,0.018095,0.402707,0.165753,0.000309,0.000034,0.025611,0.023937
ATCTGACATGGAAGGA-1,0.000112,0.000112,0.13124,0.565876,0.301761,0.000112,0.000112,0.000112,0.000112,0.000112,0.000112,0.000112,0.000112
ATCTGATAGTGTCTTA-1,0.00004,0.274181,0.177927,0.015548,0.123308,0.00004,0.04064,0.191795,0.02853,0.044414,0.024368,0.00004,0.079169
ATCTGCACCTCTGCGA-1,0.000034,0.13185,0.015534,0.073074,0.312641,0.126192,0.007176,0.000713,0.025625,0.114174,0.139547,0.025422,0.028017
ATCTGCTGTTATCGCC-1,0.000061,0.034847,0.000061,0.351824,0.039038,0.000143,0.000061,0.117101,0.219558,0.010628,0.048609,0.144313,0.033755
ATCTGGGCTGTTCTTG-1,0.000211,0.000211,0.301008,0.126659,0.383707,0.02242,0.053595,0.111132,0.000211,0.000211,0.000211,0.000211,0.000211
ATCTGGTTAAGACTGT-1,0.000028,0.070105,0.000028,0.016785,0.202568,0.31738,0.012779,0.002519,0.023386,0.043948,0.258197,0.018914,0.033363
ATCTGTAATTGTACCC-1,0.000019,0.022378,0.000019,0.013947,0.038401,0.051973,0.488389,0.040897,0.032216,0.200018,0.040424,0.029616,0.041705
ATCTTAGGGCATTAAT-1,0.000132,0.000132,0.098793,0.621425,0.278457,0.000132,0.000132,0.000132,0.000132,0.000132,0.000132,0.000132,0.000132
ATCTTATCGCACACCC-1,0.000311,0.000311,0.356578,0.238657,0.401651,0.000311,0.000311,0.000311,0.000311,0.000311,0.000311,0.000311,0.000311
ATCTTGACCTGCAACG-1,0.000016,0.001967,0.000016,0.042628,0.035674,0.395855,0.055769,0.038135,0.012328,0.048726,0.041814,0.144836,0.182234
ATCTTGACTTGTCCAA-1,0.000459,0.002916,0.063043,0.048456,0.232815,0.12424,0.032844,0.006918,0.00003,0.110192,0.325293,0.005958,0.046837
ATCTTTCGTATAACCA-1,0.000005,0.000005,0.000387,0.000406,0.001491,0.396536,0.095176,0.020475,0.086485,0.007647,0.023705,0.254691,0.112989
ATGAAGCCAAGGAGCC-1,0.00481,0.094618,0.000018,0.000655,0.000194,0.142326,0.077453,0.021822,0.015205,0.007985,0.033949,0.023422,0.577544
ATGAAGTGGACCCAGC-1,0.002373,0.068312,0.000017,0.033825,0.023063,0.063493,0.050498,0.128075,0.098982,0.120093,0.03132,0.081608,0.298342
ATGACGCCGGCTCTAA-1,0.00001,0.031256,0.0048,0.060644,0.011354,0.141858,0.505033,0.088657,0.058399,0.038568,0.027541,0.005485,0.026398
ATGACGCGTTCTATCC-1,0.000047,0.000047,0.000047,0.164265,0.104784,0.021632,0.000047,0.596706,0.036132,0.014213,0.031733,0.000801,0.029547
ATGACTATCAGCTGTG-1,0.000104,0.000104,0.259606,0.607972,0.118977,0.000104,0.000104,0.000104,0.000104,0.000104,0.012507,0.000104,0.000104
ATGACTATGCGACATT-1,0.001146,0.000037,0.000037,0.351672,0.003636,0.000037,0.012949,0.288362,0.005332,0.029322,0.00193,0.153986,0.151553
ATGAGGAGTGTTAATC-1,0.000034,0.01349,0.000034,0.237085,0.062179,0.233621,0.037532,0.107332,0.066092,0.019495,0.168846,0.025829,0.028432
ATGAGGGCAGCGGCTA-1,0.000011,0.000011,0.000011,0.000011,0.000011,0.101132,0.019161,0.014625,0.652511,0.000304,0.099268,0.104351,0.008592
ATGATCGGGAATAGAC-1,0.000347,0.029751,0.031875,0.004553,0.121845,0.029901,0.384024,0.065159,0.101336,0.068055,0.072755,0.047609,0.042791
ATGATGCAATGGTACA-1,0.000056,0.000056,0.000056,0.128214,0.358869,0.075279,0.019301,0.121465,0.049956,0.000295,0.202957,0.012775,0.03072
ATGCACCTTCCTTAAT-1,0.000645,0.082843,0.073634,0.209531,0.008799,0.004813,0.04132,0.042107,0.110384,0.417802,0.000043,0.005723,0.002356
ATGCACGCGCTGTTCA-1,0.000126,0.000126,0.400806,0.543388,0.054549,0.000126,0.000126,0.000126,0.000126,0.000126,0.000126,0.000126,0.000126
ATGCACTACCGCATTG-1,0.000026,0.022189,0.000026,0.068716,0.044254,0.278915,0.055847,0.021585,0.052967,0.028949,0.181717,0.07342,0.171389
ATGCATGATCCAGGAT-1,0.000011,0.001353,0.000011,0.000011,0.001565,0.563703,0.156371,0.025753,0.120604,0.015342,0.022424,0.019609,0.073244
ATGCATTCCGTGATGG-1,0.000033,0.415397,0.258278,0.020894,0.067147,0.013272,0.078336,0.099532,0.023572,0.023439,0.000033,0.000033,0.000033
ATGCCAATCGCTCTGC-1,0.000021,0.060327,0.02402,0.009213,0.097528,0.056136,0.163896,0.143556,0.235071,0.10142,0.058978,0.009114,0.04072
ATGCCATTTGCGACCA-1,0.000034,0.000034,0.000034,0.354802,0.028049,0.146738,0.048336,0.112487,0.183237,0.005694,0.01956,0.100963,0.000034
ATGCCGGTCTTGCATA-1,0.00003,0.000436,0.00003,0.030388,0.445797,0.092579,0.064671,0.006378,0.00003,0.116986,0.192615,0.023132,0.026927
ATGCCGGTTGATGGGA-1,0.000013,0.000013,0.000013,0.052748,0.039439,0.056221,0.572895,0.067636,0.031908,0.062192,0.064031,0.018891,0.034
ATGCGACAATTGGTCC-1,0.000013,0.015785,0.000504,0.012602,0.036625,0.261176,0.163588,0.087582,0.210018,0.053491,0.122599,0.019652,0.016365
ATGCGACAGTCCCATT-1,0.00053,0.012833,0.000036,0.108413,0.201714,0.056737,0.000487,0.001987,0.06792,0.031291,0.453539,0.036054,0.028459
ATGCGAGTCCCACCAC-1,0.000028,0.029069,0.011109,0.561312,0.000028,0.030934,0.091898,0.112889,0.162619,0.000028,0.000028,0.000028,0.000028
ATGCTCAGTGTTGCAT-1,0.000048,0.04719,0.063902,0.147551,0.206182,0.094469,0.024611,0.007352,0.029115,0.305349,0.031911,0.000048,0.042272
ATGCTCTGGCGCGGTA-1,0.00029,0.00029,0.252619,0.163961,0.213046,0.00029,0.174773,0.193279,0.00029,0.00029,0.00029,0.00029,0.00029
ATGCTTAGGAGTTGAT-1,0.000158,0.000158,0.419501,0.468838,0.110082,0.000158,0.000158,0.000158,0.000158,0.000158,0.000158,0.000158,0.000158
ATGGAAATTTAAGGAG-1,0.000171,0.00001,0.00001,0.0845,0.13403,0.014002,0.018617,0.464433,0.158581,0.007753,0.035454,0.065844,0.016593
ATGGAACAGAATAAAC-1,0.000011,0.003418,0.020882,0.012144,0.167452,0.143947,0.061027,0.018209,0.041287,0.049208,0.272463,0.091605,0.118346
ATGGAACCTTTGCACA-1,0.000032,0.000032,0.000032,0.099582,0.277666,0.005739,0.002137,0.009503,0.068164,0.004394,0.435228,0.094324,0.003166
ATGGACTGCTTAGTTG-1,0.000022,0.000022,0.000022,0.066745,0.097405,0.004335,0.02742,0.040632,0.45983,0.006047,0.050663,0.206065,0.040791
ATGGAGCAGGCCGTGA-1,0.000342,0.000024,0.000024,0.076951,0.221066,0.154672,0.009053,0.05363,0.071402,0.011772,0.354353,0.019445,0.027267
ATGGATCCGGCGTCCG-1,0.000013,0.056561,0.002028,0.01193,0.018705,0.14394,0.303303,0.116069,0.216102,0.085352,0.024554,0.008376,0.013067
ATGGATTGACCAAACG-1,0.000171,0.032234,0.006742,0.012153,0.016853,0.318982,0.104733,0.064928,0.132296,0.017614,0.018133,0.014212,0.26095
ATGGCAGCCGAGAAAC-1,0.000224,0.082933,0.002284,0.072997,0.224995,0.022132,0.000518,0.006022,0.000015,0.01499,0.2233,0.094254,0.255337
ATGGCCCGAAAGGTTA-1,0.000025,0.000025,0.000025,0.039657,0.592019,0.000025,0.000025,0.015373,0.046611,0.000587,0.28472,0.020884,0.000025
ATGGCGGAATAGTCGC-1,0.000018,0.000018,0.054897,0.085343,0.07835,0.02956,0.009854,0.032831,0.065963,0.014085,0.449794,0.16255,0.016737
ATGGCTGGAAATGGCC-1,0.00004,0.051362,0.398736,0.213738,0.185248,0.00004,0.00004,0.00004,0.00004,0.141532,0.009102,0.00004,0.00004
ATGGGAACGGAAGCGG-1,0.000045,0.674993,0.073139,0.028806,0.220134,0.000045,0.000045,0.000045,0.000045,0.000045,0.002567,0.000045,0.000045
ATGGGACCTGCTGAAC-1,0.000319,0.000319,0.473344,0.292271,0.000319,0.000319,0.000319,0.231193,0.000319,0.000319,0.000319,0.000319,0.000319
ATGGGCCTCGGCCTCT-1,0.000737,0.000051,0.000051,0.100877,0.227048,0.020651,0.000051,0.349949,0.018184,0.000051,0.28225,0.000051,0.000051
ATGGTATTGGGAACCG-1,0.000023,0.000023,0.000023,0.072394,0.16629,0.024951,0.003303,0.135197,0.432649,0.009596,0.07828,0.060944,0.016327
ATGGTATTTACTGATT-1,0.000102,0.000102,0.450102,0.548777,0.000102,0.000102,0.000102,0.000102,0.000102,0.000102,0.000102,0.000102,0.000102
ATGGTCGCGTGGTTTC-1,0.001268,0.000049,0.000049,0.027353,0.418229,0.000049,0.000049,0.250558,0.15912,0.000049,0.059526,0.020999,0.0627
ATGGTGCTCAAAGCCA-1,0.000014,0.321968,0.110234,0.006155,0.017788,0.007118,0.396771,0.026973,0.024218,0.037659,0.004567,0.032853,0.013682
ATGGTTACGAAACATG-1,0.000019,0.004953,0.015016,0.012169,0.312957,0.063709,0.045591,0.016966,0.022687,0.090836,0.122956,0.143794,0.148347
ATGTAAGGCTGCTCTT-1,0.000013,0.000013,0.000013,0.000013,0.000013,0.322949,0.159171,0.058071,0.131173,0.029596,0.016824,0.062181,0.219968
ATGTACATGCGGTGAG-1,0.000354,0.000354,0.339781,0.000354,0.65632,0.000354,0.000354,0.000354,0.000354,0.000354,0.000354,0.000354,0.000354
ATGTACGATGACGTCG-1,0.000028,0.121432,0.00032,0.350224,0.014517,0.004032,0.067545,0.173196,0.05058,0.000028,0.008109,0.184863,0.025125
ATGTAGCGCGCGTAGG-1,0.000049,0.068656,0.001507,0.254575,0.271993,0.034859,0.000053,0.139262,0.100833,0.057563,0.019915,0.050671,0.000065
ATGTCATAATAAACGA-1,0.000013,0.000013,0.000013,0.012727,0.051686,0.113569,0.021279,0.091289,0.372517,0.013932,0.25941,0.059409,0.004141
ATGTCATTTCCCATTG-1,0.000057,0.105843,0.201555,0.03489,0.279631,0.016247,0.115902,0.023717,0.047906,0.129119,0.031664,0.004526,0.008944
ATGTCTTGTTTGACTC-1,0.000022,0.013957,0.000022,0.02603,0.065394,0.010744,0.031934,0.2793,0.422628,0.00401,0.039303,0.093269,0.013386
ATGTGAAAGCCTAATG-1,0.000018,0.000018,0.000018,0.265047,0.10249,0.047801,0.001614,0.123866,0.11081,0.010096,0.133668,0.163465,0.041089
ATGTGCATCCGACGCA-1,0.000032,0.0629,0.045971,0.328145,0.017957,0.1968,0.076418,0.006065,0.008953,0.115847,0.019211,0.060553,0.06115
ATGTGTAGTTTAGTCA-1,0.00004,0.721131,0.123303,0.078462,0.054115,0.00004,0.00004,0.00004,0.00004,0.00004,0.02267,0.00004,0.00004
ATGTTACGAGCAATAC-1,0.000039,0.022618,0.202829,0.181554,0.424162,0.000039,0.001057,0.000039,0.000039,0.156616,0.008565,0.000388,0.002057
ATGTTCCTGCCCACCT-1,0.000067,0.429931,0.181563,0.291739,0.02347,0.000067,0.038922,0.014207,0.000067,0.000067,0.008775,0.000067,0.011059
ATGTTCGTCGACCCAC-1,0.000014,0.000014,0.000014,0.000014,0.01039,0.583231,0.055493,0.049823,0.080149,0.022698,0.055616,0.014528,0.128015
ATGTTGATTAGAGACT-1,0.000053,0.000053,0.000053,0.389311,0.074046,0.001792,0.000053,0.160157,0.331975,0.000053,0.016727,0.025676,0.000053
ATGTTGTAGTCTGTTT-1,0.000078,0.000078,0.014394,0.936212,0.04861,0.000078,0.000078,0.000078,0.000078,0.000078,0.000078,0.000078,0.000078
ATGTTTCGGCCCGGAG-1,0.000013,0.000013,0.011567,0.015938,0.093328,0.003881,0.009462,0.016755,0.005699,0.000749,0.362404,0.376129,0.104063
ATGTTTGTAAGATCAT-1,0.00002,0.073075,0.004417,0.075053,0.053992,0.059758,0.159161,0.089738,0.076312,0.118924,0.087728,0.092555,0.109269
ATTAAACATGCGGACC-1,0.000032,0.000032,0.000032,0.162817,0.344523,0.042825,0.002012,0.050721,0.241401,0.004768,0.092732,0.052194,0.005912
ATTAAAGCGGACGAGC-1,0.000025,0.812448,0.104751,0.000025,0.000025,0.000025,0.000025,0.013577,0.000025,0.000025,0.000025,0.063466,0.005554
ATTAACACCTGAGATA-1,0.000021,0.403295,0.000059,0.009987,0.040885,0.014696,0.36961,0.043034,0.100235,0.008168,0.002804,0.000368,0.006839
ATTAATACTACGCGGG-1,0.000021,0.027886,0.008428,0.241027,0.000564,0.28846,0.102061,0.042257,0.064428,0.160185,0.035306,0.015032,0.014344
ATTAATGAACCAGTCG-1,0.000009,0.000756,0.000009,0.001328,0.043077,0.471304,0.165836,0.026261,0.055558,0.066401,0.04123,0.01382,0.114411
ATTAATTCGGTCACTC-1,0.000015,0.277272,0.000015,0.000015,0.000015,0.121381,0.359368,0.029482,0.150987,0.04982,0.004316,0.00521,0.002104
ATTACAACTACCGGCC-1,0.001676,0.473844,0.17608,0.141399,0.076868,0.001676,0.009553,0.016051,0.055913,0.021635,0.00003,0.018004,0.007272
ATTACATGTCAGTCTT-1,0.00005,0.00005,0.025048,0.301007,0.008396,0.022607,0.00357,0.496714,0.048687,0.00005,0.00005,0.00005,0.09372
ATTACCACACTGCCTG-1,0.000027,0.000027,0.000027,0.004835,0.012497,0.004656,0.03812,0.755278,0.17722,0.000038,0.000027,0.00452,0.002729
ATTACGACTCCACAGT-1,0.000012,0.000012,0.012319,0.001298,0.044278,0.263641,0.087285,0.030147,0.078989,0.025431,0.151513,0.138436,0.166641
ATTACGCGCTGGCAGG-1,0.000026,0.000026,0.000026,0.012177,0.10693,0.080669,0.008289,0.052009,0.165736,0.016957,0.404587,0.096465,0.056103
ATTACGGGCTACGGTT-1,0.000383,0.000383,0.206493,0.789297,0.000383,0.000383,0.000383,0.000383,0.000383,0.000383,0.000383,0.000383,0.000383
ATTACTAGCCTCTTGC-1,0.00066,0.070998,0.000022,0.036658,0.027397,0.204005,0.26252,0.055701,0.089191,0.050635,0.099408,0.090906,0.011899
ATTACTTACTGGGCAT-1,0.000037,0.040076,0.045138,0.143681,0.285791,0.020152,0.108639,0.036161,0.03383,0.111819,0.089843,0.031829,0.053003
ATTAGATTCCTCAGCA-1,0.000023,0.040518,0.011377,0.016037,0.221978,0.091632,0.23043,0.036558,0.043167,0.099634,0.12619,0.036909,0.045546
ATTAGATTGATAGCGG-1,0.00003,0.028825,0.023074,0.024152,0.137022,0.0746,0.336772,0.10778,0.074182,0.06578,0.095216,0.001293,0.031274
ATTAGGCGATGCTTTC-1,0.000032,0.000032,0.000032,0.057461,0.106115,0.07566,0.004801,0.059016,0.339549,0.01251,0.302964,0.004422,0.037405
ATTATACTTTGCTCGT-1,0.000037,0.061999,0.016823,0.009254,0.413946,0.158433,0.032619,0.053194,0.070264,0.028121,0.092552,0.010643,0.052115
ATTATAGCTACTTTAC-1,0.000025,0.000025,0.000025,0.011335,0.115141,0.278168,0.111069,0.012697,0.114751,0.094941,0.085691,0.08791,0.088223
ATTATCGGAATGTACG-1,0.000035,0.000035,0.000035,0.041333,0.470891,0.016562,0.001755,0.398998,0.040963,0.001122,0.020945,0.007289,0.000036
ATTATCTCGACAGATC-1,0.000037,0.664491,0.059758,0.14293,0.101598,0.012059,0.000037,0.000037,0.000037,0.01516,0.003781,0.000037,0.000037
ATTATGAGACCCAATT-1,0.000141,0.000141,0.355695,0.642755,0.000141,0.000141,0.000141,0.000141,0.000141,0.000141,0.000141,0.000141,0.000141
ATTATGCCATAGGGAG-1,0.000032,0.000032,0.021264,0.13984,0.067487,0.188811,0.102117,0.119724,0.088814,0.116564,0.042485,0.07061,0.04222
ATTATGCTCAGTATTG-1,0.000008,0.000008,0.000008,0.004084,0.051564,0.046219,0.070949,0.062273,0.269866,0.019213,0.300041,0.166477,0.009289
ATTATTATGTCCGTCA-1,0.000353,0.000353,0.792705,0.06628,0.000353,0.000353,0.000353,0.137486,0.000353,0.000353,0.000353,0.000353,0.000353
ATTATTCAGAGTCACT-1,0.000122,0.08427,0.000122,0.654799,0.131324,0.000122,0.000122,0.128511,0.000122,0.000122,0.000122,0.000122,0.000122
ATTCAAAGTACCTGTT-1,0.002984,0.502406,0.328196,0.000042,0.000042,0.005946,0.058818,0.054716,0.00532,0.041405,0.000042,0.000042,0.000042
ATTCACTGATGTTGGA-1,0.000104,0.000104,0.0191,0.759645,0.220212,0.000104,0.000104,0.000104,0.000104,0.000104,0.000104,0.000104,0.000104
ATTCAGATGAATCCCT-1,0.000011,0.016163,0.000011,0.000011,0.012896,0.362919,0.164026,0.032805,0.083622,0.0842,0.092182,0.091216,0.059938
ATTCAGGACCTATTTC-1,0.000029,0.028006,0.022156,0.117608,0.214674,0.037533,0.114571,0.05967,0.216728,0.139661,0.039893,0.0009,0.00857
ATTCAGGATCGCCTCT-1,0.000031,0.555811,0.081501,0.001738,0.056939,0.028304,0.063432,0.049377,0.047276,0.037829,0.062026,0.01232,0.003417
ATTCAGTAGCAGGGTC-1,0.000018,0.000018,0.000018,0.003917,0.02559,0.481903,0.121953,0.043446,0.121882,0.088174,0.023809,0.033125,0.056146
ATTCATATACTGTCCA-1,0.000031,0.000031,0.000031,0.158369,0.095796,0.013712,0.045896,0.421243,0.127635,0.00866,0.009383,0.093651,0.025562
ATTCATCGTTGAGGCA-1,0.000385,0.000385,0.553316,0.000385,0.06775,0.000385,0.000385,0.348164,0.000385,0.000385,0.000385,0.027308,0.000385
ATTCCCACATAAACAA-1,0.000012,0.012653,0.014064,0.042091,0.032622,0.103363,0.078651,0.111792,0.049115,0.160317,0.031739,0.054717,0.308864
ATTCCTAAGACGTGGA-1,0.000017,0.000017,0.021353,0.086485,0.094279,0.015038,0.14771,0.199423,0.042087,0.212275,0.039332,0.0293,0.112684
ATTCCTCCGCCAGTGC-1,0.000015,0.000015,0.000263,0.053475,0.000015,0.456613,0.278392,0.101714,0.065047,0.019072,0.016676,0.006109,0.002593
ATTCCTTCCAGGCGGT-1,0.000975,0.552704,0.09998,0.232831,0.003692,0.025223,0.024608,0.000041,0.000041,0.053176,0.000041,0.000041,0.006646
ATTCGACGCCGGGCCT-1,0.001517,0.081227,0.006647,0.080314,0.278272,0.061294,0.000043,0.000043,0.000043,0.056031,0.406774,0.000043,0.027751
ATTCGCAGAGGACACT-1,0.000011,0.000011,0.000011,0.016682,0.344889,0.017608,0.019497,0.020623,0.025759,0.029742,0.398332,0.117572,0.009263
ATTCGCGCCTTGAGAG-1,0.000125,0.000125,0.140245,0.807441,0.051063,0.000125,0.000125,0.000125,0.000125,0.000125,0.000125,0.000125,0.000125
ATTCGTCCCGAGGTTA-1,0.000026,0.017623,0.005652,0.155383,0.28147,0.000026,0.002544,0.182821,0.22522,0.000273,0.033945,0.093589,0.001428
ATTCGTGCTATCTCTT-1,0.000056,0.000056,0.000056,0.189529,0.294308,0.053514,0.000056,0.045568,0.031558,0.003976,0.286354,0.071954,0.023013
ATTCGTGTACCCATTC-1,0.000044,0.000044,0.000044,0.053495,0.464103,0.015213,0.000044,0.016064,0.124096,0.000044,0.256867,0.069897,0.000044
ATTCGTTTATCGTATT-1,0.000051,0.000051,0.000051,0.001577,0.506378,0.000051,0.000051,0.000051,0.000052,0.000051,0.456933,0.031807,0.002897
ATTCTCGTCTCTTTAG-1,0.000013,0.069345,0.000013,0.000013,0.000013,0.143464,0.403194,0.083516,0.247244,0.03178,0.005754,0.007843,0.007809
ATTCTGAGTATGAACT-1,0.0017,0.090191,0.533582,0.064245,0.159812,0.000063,0.012494,0.00165,0.000063,0.071965,0.064106,0.000063,0.000063
ATTCTTCGTACTTATG-1,0.000018,0.999784,0.000018,0.000018,0.000018,0.000018,0.000018,0.000018,0.000018,0.000018,0.000018,0.000018,0.000018
ATTGAAGATCTTAGTG-1,0.000027,0.01277,0.009132,0.078264,0.093058,0.145563,0.017535,0.016623,0.027999,0.028887,0.190109,0.311512,0.068521
ATTGAATTCCCTGTAG-1,0.000036,0.000036,0.000036,0.077744,0.373398,0.000036,0.003074,0.116301,0.113904,0.000037,0.189665,0.125695,0.000036
ATTGACCGGCGATGAC-1,0.000015,0.017528,0.020092,0.063877,0.069697,0.302493,0.054642,0.038728,0.0444,0.175071,0.109841,0.041048,0.062567
ATTGACGTAACTCGGT-1,0.000539,0.128366,0.531754,0.025155,0.030072,0.001644,0.037806,0.156239,0.027121,0.0141,0.000035,0.037337,0.009831
ATTGATAGCAACGAGA-1,0.000179,0.300434,0.062707,0.06432,0.000832,0.03078,0.452482,0.029797,0.02087,0.016241,0.002369,0.011949,0.007039
ATTGATCACCACATTT-1,0.00005,0.00005,0.00005,0.183665,0.2579,0.000136,0.01599,0.380705,0.061436,0.004216,0.03446,0.057436,0.003907
ATTGATGAGTCCTAAC-1,0.000029,0.000029,0.000029,0.07377,0.118721,0.117347,0.032797,0.033027,0.029247,0.031601,0.149681,0.117226,0.296496
ATTGCCTATTAGACCG-1,0.000211,0.000211,0.000211,0.602621,0.395055,0.000211,0.000211,0.000211,0.000211,0.000211,0.000211,0.000211,0.000211
ATTGCCTTTATGTTTG-1,0.000132,0.000132,0.084225,0.845315,0.069138,0.000132,0.000132,0.000132,0.000132,0.000132,0.000132,0.000132,0.000132
ATTGCGATCAGTAACT-1,0.000082,0.000082,0.014613,0.368682,0.149153,0.000082,0.000082,0.285573,0.000182,0.181225,0.000082,0.000082,0.000082
ATTGCTGCTCCTCCAT-1,0.00002,0.00002,0.00002,0.003139,0.054793,0.113964,0.080676,0.210681,0.204216,0.020336,0.264686,0.027625,0.019823
ATTGGATTACAGCGTA-1,0.000153,0.071485,0.009529,0.880629,0.036979,0.000153,0.000153,0.000153,0.000153,0.000153,0.000153,0.000153,0.000153
ATTGGGAATATCTTGG-1,0.000039,0.13945,0.031629,0.204249,0.111062,0.076052,0.144556,0.048875,0.044688,0.089289,0.049091,0.017919,0.043102
ATTGGGAGTTCTGTAA-1,0.000019,0.000077,0.0052,0.078814,0.189521,0.129815,0.085572,0.023329,0.012664,0.08476,0.156248,0.102913,0.131067
ATTGGTAGGATCCGCT-1,0.000204,0.000014,0.000014,0.006212,0.020356,0.123044,0.231611,0.10038,0.202667,0.20425,0.089185,0.003712,0.01835
ATTGGTTGTGCATTAC-1,0.000051,0.000051,0.000051,0.060473,0.082853,0.05085,0.023546,0.181151,0.524244,0.000051,0.029304,0.023691,0.023684
ATTGTACAACTCGGCT-1,0.000025,0.000025,0.001014,0.016875,0.261926,0.078811,0.055027,0.010075,0.055907,0.090779,0.386127,0.020446,0.022964
ATTGTCGCAATACCTT-1,0.000042,0.023303,0.234248,0.179909,0.113211,0.015035,0.004643,0.057633,0.019647,0.333683,0.000042,0.005254,0.01335
ATTGTCTGTTTCATGT-1,0.000035,0.000035,0.000035,0.16405,0.118913,0.007809,0.001441,0.195377,0.442937,0.018053,0.01856,0.028844,0.003913
ATTGTGACTTCGCTGC-1,0.000016,0.000016,0.003824,0.017406,0.093302,0.105845,0.251123,0.082994,0.047931,0.093714,0.146481,0.033083,0.124265
ATTGTTCAACGATCCG-1,0.001062,0.000068,0.140599,0.768886,0.000068,0.000068,0.000068,0.000475,0.000068,0.000068,0.000068,0.067933,0.020571
ATTTAACTCGTATTAC-1,0.000036,0.122116,0.025623,0.02493,0.255329,0.100151,0.051412,0.027607,0.011113,0.254609,0.008707,0.006617,0.11175
ATTTACAGTTTACTGG-1,0.000049,0.067228,0.012552,0.120344,0.181189,0.155189,0.000454,0.000049,0.000049,0.065951,0.363559,0.000049,0.033341
ATTTACTAAGTCCATT-1,0.000024,0.000024,0.000024,0.079097,0.085175,0.143683,0.068676,0.024809,0.03081,0.125564,0.159882,0.066641,0.215589
ATTTATACTGGTAAAG-1,0.000026,0.000026,0.000026,0.054993,0.324958,0.028824,0.011711,0.24402,0.084856,0.002704,0.165842,0.058291,0.023725
ATTTCATTATTTCGCG-1,0.000966,0.255763,0.000021,0.006962,0.038828,0.055836,0.165723,0.184763,0.08905,0.018768,0.016774,0.125713,0.040833
ATTTCCGGGTTCTGCG-1,0.000183,0.000183,0.000183,0.89836,0.09963,0.000183,0.000183,0.000183,0.000183,0.000183,0.000183,0.000183,0.000183
ATTTGCCTAGTTACGA-1,0.000037,0.605122,0.275651,0.000037,0.009191,0.000037,0.001365,0.065826,0.000055,0.017432,0.000037,0.025175,0.000037
ATTTGCGCGAGTAGCT-1,0.000035,0.000035,0.000035,0.048153,0.125124,0.000035,0.002172,0.777918,0.040175,0.000035,0.002175,0.004074,0.000035
ATTTGGAGATTGCGGT-1,0.000167,0.000167,0.000167,0.644809,0.353355,0.000167,0.000167,0.000167,0.000167,0.000167,0.000167,0.000167,0.000167
ATTTGTCTTGGGAGCT-1,0.000052,0.000052,0.000052,0.004309,0.20096,0.088729,0.000052,0.157159,0.182066,0.005657,0.20666,0.062587,0.091666
ATTTGTTCCAGGGCTC-1,0.000031,0.001701,0.000114,0.056781,0.097201,0.015371,0.000793,0.001146,0.014636,0.720371,0.065346,0.025231,0.001278
CAAACCAGGTCTGCAT-1,0.000011,0.01199,0.000011,0.075381,0.053299,0.400742,0.048462,0.033448,0.0571,0.08477,0.099437,0.043524,0.091825
CAAACCATAAGCGTAT-1,0.00002,0.00002,0.000528,0.087685,0.299524,0.016387,0.013684,0.059299,0.122099,0.037127,0.114672,0.23895,0.010006
CAAACCCTCCGGCGGG-1,0.000008,0.000008,0.000008,0.050985,0.078687,0.011253,0.028263,0.344216,0.346611,0.0058,0.040988,0.066508,0.026668
CAAACGAGTATCGCAG-1,0.000049,0.000049,0.000049,0.162214,0.284253,0.038055,0.022761,0.180341,0.152925,0.004489,0.043066,0.111698,0.000049
CAAACGGTCGCACTTT-1,0.000027,0.000027,0.000027,0.018653,0.197681,0.134938,0.032901,0.034891,0.015543,0.054619,0.018396,0.000351,0.491947
CAAACGTGGTCTTGCG-1,0.000015,0.35251,0.084988,0.002718,0.000157,0.007598,0.42879,0.023259,0.005964,0.032908,0.000266,0.02396,0.036865
CAAACTACGATAGAGA-1,0.000011,0.42761,0.051894,0.01002,0.009349,0.015912,0.372415,0.0425,0.030036,0.01268,0.001925,0.008332,0.017317
CAAACTATTGAGCTTC-1,0.000019,0.488532,0.005003,0.023676,0.006955,0.052809,0.244905,0.061483,0.064649,0.025433,0.008828,0.000494,0.017215
CAAACTCGCGACGCCG-1,0.000016,0.000016,0.000016,0.028588,0.027828,0.117123,0.023692,0.140381,0.543058,0.017612,0.014329,0.0497,0.037641
CAAAGATTATTGGGCC-1,0.00011,0.00011,0.06091,0.911315,0.026671,0.00011,0.00011,0.00011,0.00011,0.00011,0.00011,0.00011,0.00011
CAAAGGTCATCTGAAA-1,0.000018,0.000018,0.001205,0.12014,0.152301,0.000018,0.023095,0.150122,0.206313,0.007315,0.060199,0.267577,0.011682
CAAAGGTTAAATTCAG-1,0.000008,0.001076,0.044312,0.026281,0.078097,0.148474,0.101955,0.040056,0.01917,0.037498,0.169834,0.214732,0.118507
CAAAGTCAGGTTAGCT-1,0.000058,0.393714,0.389946,0.047481,0.104225,0.000058,0.000058,0.000058,0.000058,0.000058,0.064167,0.000058,0.000058
CAAATCTCTCACAAGG-1,0.000036,0.000036,0.000036,0.106127,0.504621,0.027973,0.000036,0.020864,0.074134,0.000036,0.263127,0.002938,0.000036
CAAATGCGGAGTGTTC-1,0.000027,0.650391,0.319321,0.02129,0.008752,0.000027,0.000027,0.000027,0.000027,0.000027,0.000027,0.000027,0.000027
CAAATGTCCTTCCGTG-1,0.000045,0.010716,0.000045,0.111939,0.387101,0.015837,0.000045,0.033057,0.036044,0.01938,0.112187,0.257968,0.015635
CAAATTGGATTATGCC-1,0.000022,0.000022,0.008001,0.018319,0.087799,0.157453,0.059069,0.008254,0.02049,0.408988,0.125574,0.047093,0.058916
CAAATTGTCAGCAAGC-1,0.000024,0.134321,0.079943,0.145367,0.213271,0.021892,0.062536,0.045521,0.029778,0.202472,0.048415,0.012571,0.00389
CAACACATCTCCTGCC-1,0.000013,0.012263,0.005985,0.072281,0.07115,0.009818,0.123603,0.07481,0.027816,0.011691,0.142104,0.249227,0.19924
CAACAGAATAACGCTA-1,0.000015,0.123267,0.197259,0.008599,0.009289,0.006153,0.29119,0.284743,0.048767,0.007621,0.009419,0.008224,0.005453
CAACAGTGCCAAACGG-1,0.000014,0.761547,0.22296,0.007918,0.000568,0.000014,0.000014,0.000014,0.000014,0.000014,0.000014,0.000014,0.006892
CAACATGGCCTGATAA-1,0.000357,0.543648,0.432611,0.023159,0.000025,0.000025,0.000025,0.000025,0.000025,0.000025,0.000025,0.000025,0.000025
CAACCGCACCTAGACA-1,0.000024,0.989291,0.010447,0.000024,0.000024,0.000024,0.000024,0.000024,0.000024,0.000024,0.000024,0.000024,0.000024
CAACCTGAACCTGCCA-1,0.000013,0.002348,0.009471,0.023028,0.219091,0.015606,0.043241,0.026644,0.020583,0.059016,0.324995,0.135026,0.120939
CAACGACCCGTTTACA-1,0.000019,0.008487,0.007918,0.02352,0.065125,0.07066,0.115888,0.055185,0.050636,0.445476,0.086202,0.032721,0.038163
CAACGAGCTTATTATG-1,0.000043,0.000043,0.016713,0.254768,0.231662,0.000043,0.000043,0.244201,0.013292,0.00323,0.045681,0.181917,0.008363
CAACGATCGATCCAAT-1,0.000092,0.000092,0.139456,0.678027,0.001139,0.000092,0.000092,0.022642,0.157999,0.000092,0.000092,0.000092,0.000092
CAACGCGATGAGCCAA-1,0.00001,0.00001,0.00001,0.033324,0.063645,0.010904,0.11931,0.290329,0.238993,0.007749,0.082932,0.145719,0.007064
CAACGGTTCTTGATAC-1,0.000036,0.030128,0.093505,0.072726,0.145405,0.074259,0.225991,0.132876,0.083589,0.093148,0.013606,0.00468,0.030051
CAACGTGGTGGAGTCT-1,0.000117,0.000117,0.012358,0.746921,0.23955,0.000117,0.000117,0.000117,0.000117,0.000117,0.000117,0.000117,0.000117
CAACTATATCGAATGC-1,0.000034,0.076791,0.016868,0.163652,0.180183,0.008024,0.071409,0.008683,0.005664,0.452373,0.001149,0.004373,0.010797
CAACTCCAACGTTTAG-1,0.000028,0.854687,0.040648,0.00249,0.076256,0.000028,0.000028,0.000028,0.000028,0.00769,0.007591,0.000028,0.01047
CAACTCCGTAACTTGC-1,0.000018,0.002551,0.041114,0.026458,0.134416,0.101271,0.044792,0.006422,0.030122,0.077752,0.247987,0.126806,0.160291
CAACTCCTTGATCCCG-1,0.000047,0.034487,0.07035,0.131976,0.101885,0.162101,0.219298,0.053089,0.07119,0.049539,0.005771,0.014892,0.085374
CAACTGAGGGTATGAC-1,0.000011,0.022726,0.034141,0.059036,0.073994,0.092797,0.055672,0.028321,0.041419,0.101947,0.209643,0.157415,0.122877
CAACTGCTCATCCGAT-1,0.000183,0.000183,0.509062,0.085585,0.071955,0.000183,0.000183,0.33175,0.000183,0.000183,0.000183,0.000183,0.000183
CAACTTGTAGTGGGCA-1,0.000045,0.398247,0.094848,0.097987,0.098955,0.000045,0.002094,0.027181,0.000045,0.113568,0.001113,0.091769,0.074103
CAAGAAACCCTAAACT-1,0.000007,0.000007,0.075314,0.05608,0.280054,0.002294,0.00668,0.005282,0.000007,0.008436,0.465728,0.067577,0.032534
CAAGACTCAGAAGCGC-1,0.000226,0.000015,0.004114,0.030238,0.194088,0.053884,0.037125,0.026017,0.036879,0.02726,0.486969,0.075337,0.027846
CAAGAGGGCGGAGTAC-1,0.00001,0.00001,0.00001,0.007909,0.00001,0.088798,0.020365,0.266392,0.270651,0.000398,0.009302,0.258966,0.077181
CAAGATATTATAACGT-1,0.000032,0.000032,0.000032,0.512825,0.000032,0.042124,0.024722,0.176105,0.18818,0.000032,0.010874,0.037535,0.007477
CAAGCAACGTCGGAGT-1,0.000023,0.000023,0.000023,0.036698,0.195665,0.320772,0.006477,0.045993,0.010592,0.060759,0.090406,0.014052,0.218519
CAAGCACCAAATGCCT-1,0.000017,0.068372,0.007716,0.068335,0.262507,0.103476,0.098468,0.028505,0.038702,0.209443,0.053034,0.044044,0.017382
CAAGCGGCACATAATT-1,0.000077,0.028324,0.180762,0.789073,0.001149,0.000077,0.000077,0.000077,0.000077,0.000077,0.000077,0.000077,0.000077
CAAGGATCGCATGTTC-1,0.000037,0.000037,0.000037,0.115438,0.190945,0.034094,0.000037,0.111285,0.012884,0.041969,0.172095,0.262862,0.058281
CAAGGCCAGTGGTGCA-1,0.000077,0.000077,0.034573,0.914159,0.050497,0.000077,0.000077,0.000077,0.000077,0.000077,0.000077,0.000077,0.000077
CAAGGGAGTGTATTTG-1,0.000038,0.324472,0.675107,0.000038,0.000038,0.000038,0.000038,0.000038,0.000038,0.000038,0.000038,0.000038,0.000038
CAAGGTCCTATAGGCT-1,0.000019,0.000019,0.000234,0.019312,0.117095,0.205199,0.058604,0.054038,0.053853,0.03454,0.035501,0.061191,0.360396
CAAGTAAGTGATAGAC-1,0.000021,0.000021,0.012709,0.093252,0.378416,0.00311,0.008018,0.326514,0.11508,0.017347,0.017899,0.02071,0.006902
CAAGTCGTTGAAATCT-1,0.000026,0.000026,0.066989,0.183596,0.171524,0.000026,0.018299,0.082439,0.071063,0.005915,0.285418,0.113976,0.000702
CAAGTGAACTTTGGTT-1,0.00002,0.644212,0.016705,0.00002,0.00002,0.030013,0.190813,0.052152,0.058043,0.00002,0.00002,0.000477,0.007485
CAAGTGTGGTTGCAAA-1,0.000016,0.000016,0.000016,0.032925,0.136977,0.162785,0.006788,0.082726,0.326886,0.009887,0.195916,0.035248,0.009814
CAATAAACCTTGGCCC-1,0.00001,0.041767,0.010627,0.014973,0.023343,0.302143,0.073943,0.057386,0.137903,0.015883,0.175251,0.049312,0.097458
CAATACGAGAGTCTGA-1,0.00472,0.023502,0.01436,0.031784,0.000011,0.035861,0.121069,0.20372,0.317824,0.00234,0.007488,0.226381,0.01094
CAATACGCTCTGAGGC-1,0.000035,0.034531,0.000067,0.025587,0.291658,0.042906,0.009178,0.017909,0.014624,0.008545,0.532844,0.004406,0.017712
CAATATGTAGATTTAC-1,0.000016,0.044047,0.000016,0.038619,0.077584,0.08283,0.218448,0.159032,0.053115,0.073415,0.1068,0.094197,0.051881
CAATATTCTTGACCTA-1,0.000145,0.040733,0.000145,0.777516,0.062379,0.000145,0.000145,0.000145,0.000145,0.097664,0.000145,0.000145,0.020552
CAATATTGGACTAGTG-1,0.000041,0.225052,0.415639,0.014395,0.011159,0.018718,0.115448,0.015473,0.000198,0.16484,0.018953,0.000041,0.000041
CAATCCATTATCCGTT-1,0.000562,0.057966,0.004813,0.08624,0.189059,0.112845,0.037885,0.026405,0.02259,0.096199,0.122936,0.105469,0.137031
CAATCCCTATACCAGC-1,0.00003,0.478639,0.126825,0.118113,0.190359,0.00335,0.00003,0.00003,0.00003,0.080158,0.002375,0.00003,0.00003
CAATCCTGCCGTGGAG-1,0.000017,0.029388,0.018138,0.011377,0.021236,0.055785,0.544372,0.17703,0.099506,0.016471,0.010913,0.005636,0.01013
CAATGACCCTTAATTT-1,0.000037,0.000037,0.000037,0.075008,0.342923,0.026143,0.000037,0.185741,0.175455,0.004713,0.074585,0.086636,0.028649
CAATGAGGTTCGACTA-1,0.000023,0.000023,0.050793,0.012463,0.013837,0.183806,0.185657,0.04282,0.144068,0.007771,0.071826,0.202462,0.084449
CAATGCGAGAAGTATC-1,0.000135,0.000135,0.09347,0.403961,0.501217,0.000135,0.000135,0.000135,0.000135,0.000135,0.000135,0.000135,0.000135
CAATGGAATCTACATA-1,0.000016,0.283234,0.009925,0.000631,0.028925,0.054956,0.370849,0.063237,0.046254,0.061055,0.01245,0.021199,0.047271
CAATGGATCTCTACCA-1,0.000387,0.021092,0.010357,0.198504,0.098377,0.301224,0.01736,0.033323,0.021233,0.100054,0.120622,0.000766,0.076703
CAATGGTCGGCCTGGG-1,0.000043,0.239895,0.317919,0.283888,0.063781,0.078549,0.000043,0.000043,0.004516,0.006753,0.004485,0.000043,0.000043
CAATGTGCCAACCCTT-1,0.000032,0.025793,0.000032,0.103303,0.326072,0.125762,0.008176,0.003993,0.020345,0.013699,0.292278,0.0238,0.056714
CAATTAAGGGTGATGA-1,0.000314,0.011001,0.072716,0.073207,0.252458,0.112463,0.046862,0.019797,0.059282,0.0694,0.216792,0.010337,0.05537
CAATTGGGCCGCACTC-1,0.000109,0.000109,0.000109,0.444692,0.554113,0.000109,0.000109,0.000109,0.000109,0.000109,0.000109,0.000109,0.000109
CAATTTCGTATAAGGG-1,0.000033,0.045124,0.000033,0.038379,0.208521,0.0602,0.00423,0.145522,0.10661,0.012958,0.265032,0.031723,0.081636
CAATTTGACCGGGAAG-1,0.000418,0.652568,0.28997,0.00737,0.000029,0.008042,0.035349,0.006107,0.000029,0.000029,0.000029,0.000029,0.000029
CACAAACCGCAGAACT-1,0.000018,0.000018,0.000018,0.11724,0.012154,0.010985,0.035809,0.197484,0.571628,0.022728,0.005429,0.016659,0.00983
CACAAGAAAGATATTA-1,0.000004,0.000004,0.000004,0.000004,0.000004,0.428509,0.092198,0.023536,0.091972,0.00816,0.020565,0.255914,0.079128
CACAAGCTAAGAAAGG-1,0.000084,0.000084,0.04154,0.65307,0.304554,0.000084,0.000084,0.000084,0.000084,0.000084,0.000084,0.000084,0.000084
CACAATGAGCTGCTAT-1,0.000033,0.000033,0.000033,0.039558,0.227506,0.065041,0.01754,0.205016,0.214699,0.02575,0.07841,0.094694,0.031689
CACACACGCTAACGAG-1,0.000107,0.000107,0.014881,0.966473,0.017577,0.000107,0.000107,0.000107,0.000107,0.000107,0.000107,0.000107,0.000107
CACACAGCTTGCGCTC-1,0.000038,0.000038,0.000038,0.079363,0.002319,0.051859,0.037391,0.44414,0.329612,0.000038,0.001837,0.000466,0.05286
CACACAGGGATAGATT-1,0.000036,0.104775,0.017109,0.144037,0.238372,0.029365,0.131082,0.02424,0.031834,0.065893,0.137917,0.005138,0.070202
CACACGCGCTGTCTTA-1,0.00003,0.015048,0.05411,0.105199,0.167294,0.154231,0.016361,0.030714,0.029613,0.05234,0.187758,0.033571,0.153732
CACACGTTTCAATGGG-1,0.000276,0.478679,0.015735,0.000018,0.000018,0.044682,0.364681,0.029926,0.006753,0.01733,0.003841,0.006015,0.032045
CACACTTGTATTGCGA-1,0.000013,0.034371,0.000802,0.000013,0.009492,0.410949,0.22784,0.02662,0.06934,0.044993,0.047954,0.099628,0.027987
CACAGCACCCACGGCA-1,0.000039,0.000039,0.000039,0.030506,0.255831,0.111343,0.039973,0.056109,0.051518,0.010885,0.254543,0.047972,0.141205
CACAGCTAGGGAGTGA-1,0.00025,0.013867,0.000017,0.000017,0.044364,0.530169,0.237319,0.026092,0.025048,0.024336,0.048356,0.028774,0.021393
CACAGGGCCATATAGT-1,0.000318,0.000318,0.665799,0.13791,0.072257,0.000318,0.000318,0.000318,0.000318,0.121172,0.000318,0.000318,0.000318
CACAGGGCCGTTGTCA-1,0.000084,0.000084,0.103309,0.575348,0.299729,0.000084,0.000084,0.000084,0.000084,0.000084,0.020859,0.000084,0.000084
CACAGTTCGCTTCCCA-1,0.000205,0.000205,0.081319,0.801718,0.114917,0.000205,0.000205,0.000205,0.000205,0.000205,0.000205,0.000205,0.000205
CACATAAGGCGACCGT-1,0.00002,0.851895,0.147881,0.00002,0.00002,0.00002,0.00002,0.00002,0.00002,0.00002,0.00002,0.00002,0.00002
CACATATTAGCAGGAT-1,0.000083,0.000083,0.000083,0.257978,0.174708,0.070235,0.000083,0.430141,0.004654,0.000083,0.052956,0.008511,0.000403
CACATCGTGCACGCGC-1,0.000232,0.000232,0.807223,0.000232,0.000232,0.000232,0.000232,0.115981,0.000232,0.000232,0.000232,0.000232,0.074472
CACATCTCACCGACGA-1,0.00009,0.00009,0.197146,0.129884,0.00009,0.00009,0.020142,0.463848,0.00009,0.00009,0.00009,0.163832,0.024514
CACATGATTCAGCAAC-1,0.000015,0.000015,0.000015,0.062948,0.083348,0.190961,0.004135,0.100662,0.222152,0.023961,0.078761,0.145504,0.087521
CACATGTTTGGACATG-1,0.000045,0.540035,0.324286,0.119792,0.015485,0.000045,0.000045,0.000045,0.000045,0.000045,0.000045,0.000045,0.000045
CACATTCTTTCGATGG-1,0.00005,0.174255,0.067069,0.183753,0.289367,0.00005,0.00005,0.00005,0.00005,0.255497,0.026097,0.003661,0.00005
CACATTTCTTGTCAGA-1,0.000044,0.000044,0.003742,0.178848,0.08422,0.090785,0.003083,0.066967,0.263589,0.006553,0.162284,0.039195,0.100647
CACCAATCATCCGTCT-1,0.000048,0.000048,0.000048,0.474984,0.257555,0.000048,0.011477,0.231498,0.00678,0.000048,0.008788,0.008629,0.000048
CACCACGCCACACAGA-1,0.000014,0.010087,0.000014,0.000014,0.025128,0.303735,0.091135,0.046148,0.21693,0.053156,0.189804,0.014687,0.049147
CACCAGTCAGCATGCA-1,0.0003,0.0003,0.65133,0.0003,0.0003,0.0003,0.0003,0.272357,0.07255,0.0003,0.0003,0.001059,0.0003
CACCATCGGAGGAGAC-1,0.000033,0.230729,0.114471,0.301372,0.033777,0.061738,0.147426,0.010817,0.030802,0.026301,0.015335,0.008918,0.018281
CACCATGATCGCAAAG-1,0.000019,0.000019,0.00428,0.067138,0.185406,0.109487,0.051363,0.028632,0.021538,0.032434,0.066598,0.13266,0.300425
CACCCAAATCTTATGT-1,0.000013,0.006772,0.000013,0.012949,0.016089,0.06213,0.000461,0.00848,0.001589,0.000511,0.130432,0.282162,0.4784
CACCCACACGTCACCC-1,0.000037,0.049791,0.104713,0.317362,0.068335,0.153625,0.139934,0.037399,0.001642,0.039644,0.061011,0.00882,0.017685
CACCCACGAGGCAATT-1,0.000386,0.012942,0.022955,0.214785,0.170616,0.024126,0.203871,0.045527,0.020657,0.20377,0.050225,0.007624,0.022516
CACCCGCGTTTGACAC-1,0.000048,0.000048,0.000048,0.212292,0.343849,0.012406,0.000048,0.035159,0.089168,0.0059,0.19488,0.106106,0.000048
CACCCGGTTTGTGACT-1,0.000114,0.000114,0.000114,0.46289,0.321482,0.000114,0.000114,0.154837,0.059766,0.000114,0.000114,0.000114,0.000114
CACCCTAACAAGATCT-1,0.000126,0.000126,0.068321,0.206451,0.723967,0.000126,0.000126,0.000126,0.000126,0.000126,0.000126,0.000126,0.000126
CACCCTTGGTGAGACC-1,0.000055,0.000055,0.000055,0.032513,0.442533,0.009541,0.000055,0.119279,0.307358,0.010721,0.07033,0.007451,0.000055
CACCCTTTCCTCGCTC-1,0.000045,0.360555,0.30805,0.018274,0.004693,0.025145,0.079726,0.010239,0.000045,0.174048,0.000045,0.000045,0.01909
CACCGATACACCGAGC-1,0.000027,0.310948,0.473111,0.047812,0.029304,0.000027,0.038689,0.000027,0.000027,0.065196,0.034777,0.000027,0.000027
CACCGATGATGGGTAC-1,0.00005,0.00005,0.00005,0.315455,0.143655,0.00005,0.00005,0.191787,0.338815,0.00005,0.001557,0.00838,0.00005
CACCGCCAGAAGGTTT-1,0.000017,0.015176,0.001722,0.115017,0.037312,0.314366,0.099574,0.047866,0.038062,0.054634,0.075265,0.021357,0.179632
CACCGCCGACCAGCGA-1,0.000024,0.418779,0.158379,0.307375,0.00593,0.006764,0.018684,0.044636,0.013036,0.008994,0.000024,0.017209,0.000165
CACCGCGTCCACTCTA-1,0.000022,0.014425,0.070953,0.015538,0.147092,0.083699,0.172829,0.081369,0.037843,0.062009,0.087686,0.165714,0.060821
CACCGGAGATATCTCC-1,0.000032,0.28903,0.205814,0.149149,0.067829,0.060522,0.053265,0.000032,0.010647,0.068037,0.05392,0.000032,0.04169
CACCGGGCATCACAAG-1,0.000019,0.000019,0.000019,0.043907,0.017328,0.069491,0.003745,0.100079,0.212843,0.00301,0.028025,0.441539,0.079975
CACCGGTAGAGACATT-1,0.000108,0.13275,0.241785,0.528139,0.09635,0.000108,0.000108,0.000108,0.000108,0.000108,0.000108,0.000108,0.000108
CACCGTATCCCATCCG-1,0.00366,0.000072,0.000072,0.542801,0.000072,0.008428,0.082502,0.03067,0.000072,0.000072,0.000072,0.034228,0.29728
CACCGTTAGGGATCAC-1,0.000032,0.000032,0.000032,0.223026,0.040199,0.008123,0.004438,0.50594,0.023305,0.031847,0.013741,0.11476,0.034526
CACCGTTGCGCGATAT-1,0.000015,0.000015,0.000015,0.000748,0.015004,0.137031,0.028337,0.237004,0.462067,0.006566,0.05218,0.041786,0.019231
CACCTAATAGAGTCGT-1,0.000035,0.181305,0.104591,0.43403,0.032143,0.037979,0.142387,0.01059,0.005973,0.040843,0.005095,0.000035,0.004995
CACCTAATCAGTTTAC-1,0.000033,0.038805,0.041955,0.011057,0.164909,0.066369,0.108915,0.075753,0.004532,0.28379,0.060324,0.017256,0.126301
CACCTCGATGGTGGAC-1,0.000017,0.000595,0.015721,0.003678,0.103335,0.0328,0.389463,0.066899,0.06417,0.204076,0.073926,0.010672,0.034647
CACCTCTACGAGTGTG-1,0.000013,0.000013,0.003967,0.00185,0.076389,0.023014,0.063986,0.054504,0.066497,0.007424,0.497065,0.182204,0.023075
CACCTTGCGAAACTCG-1,0.000894,0.013189,0.063901,0.066668,0.05876,0.026302,0.073211,0.130728,0.041078,0.31599,0.115171,0.027729,0.06638
CACCTTGGCGCCTTTG-1,0.000625,0.000018,0.000018,0.033034,0.011816,0.13047,0.013905,0.16104,0.27321,0.002762,0.088815,0.253353,0.030933
CACGAAAGTTAGTCCC-1,0.00002,0.034878,0.013214,0.102809,0.14939,0.175368,0.066361,0.041618,0.028489,0.135411,0.064268,0.04032,0.147853
CACGACCACAGACTTT-1,0.000015,0.024636,0.033478,0.039285,0.032956,0.048153,0.426673,0.066296,0.05136,0.040704,0.044472,0.138439,0.053533
CACGACGTAATAGTAA-1,0.000014,0.000014,0.003112,0.128724,0.09394,0.119386,0.10084,0.054935,0.057513,0.156568,0.131747,0.077085,0.076119
CACGACTAAAGTTCTG-1,0.000028,0.378157,0.395964,0.001239,0.006686,0.000028,0.116787,0.065656,0.010936,0.012925,0.000028,0.000028,0.011541
CACGAGCAAACCAGAC-1,0.000013,0.000013,0.007707,0.045627,0.102375,0.001846,0.032729,0.483308,0.266881,0.002884,0.015393,0.037968,0.003255
CACGATTGGTCGTTAA-1,0.000036,0.778591,0.136032,0.000558,0.084497,0.000036,0.000036,0.000036,0.000036,0.000036,0.000036,0.000036,0.000036
CACGCACAGCGCAGCT-1,0.00001,0.004047,0.02032,0.011985,0.008456,0.645954,0.071724,0.035732,0.077674,0.019449,0.02075,0.017397,0.066503
CACGCAGCGAGGCTTT-1,0.000023,0.000023,0.000023,0.014755,0.100979,0.193161,0.056797,0.109078,0.076918,0.078689,0.119547,0.032776,0.21723
CACGCGGAACTGTTGC-1,0.000045,0.000045,0.000045,0.168907,0.336474,0.05549,0.039173,0.033154,0.032123,0.012101,0.283871,0.03691,0.001661
CACGGACGTGGATGGC-1,0.000017,0.007227,0.003091,0.025703,0.290246,0.034214,0.025655,0.000986,0.003196,0.106155,0.368747,0.037894,0.09687
CACGGCGCGCCAAAGG-1,0.000017,0.079678,0.122917,0.127698,0.138672,0.032166,0.112096,0.072986,0.069965,0.1195,0.113478,0.010316,0.000511
CACGGGATTGAGGGTT-1,0.000024,0.103303,0.000024,0.20253,0.072206,0.139502,0.006363,0.024036,0.015809,0.020306,0.022311,0.052194,0.341393
CACGTCGGCAACCTCT-1,0.001509,0.000041,0.000041,0.333291,0.144661,0.000041,0.000041,0.120441,0.050991,0.000041,0.035143,0.166727,0.147034
CACGTCGGGTTCTAGA-1,0.003098,0.824144,0.003764,0.03684,0.028954,0.005999,0.000055,0.000055,0.000055,0.037384,0.059545,0.000055,0.000055
CACGTCTATGATGTGG-1,0.000021,0.082749,0.017546,0.030659,0.037796,0.085441,0.230201,0.024748,0.023758,0.124466,0.061772,0.092518,0.188324
CACGTTCGTGCTCTAG-1,0.000024,0.072358,0.001294,0.105027,0.157301,0.160329,0.026178,0.122434,0.077327,0.031205,0.213126,0.016366,0.017032
CACGTTTCGTACACAC-1,0.00008,0.00008,0.064684,0.141655,0.792863,0.00008,0.00008,0.00008,0.00008,0.00008,0.00008,0.00008,0.00008
CACTAAAGTTGCCTAT-1,0.000035,0.033014,0.000035,0.042333,0.491392,0.033966,0.011737,0.009965,0.038782,0.016097,0.3165,0.000358,0.005785
CACTACTCAGTTCTGT-1,0.000655,0.436532,0.020499,0.016601,0.000019,0.031114,0.26641,0.095679,0.020232,0.000019,0.000019,0.054111,0.058111
CACTCAAGAGCTATGG-1,0.000028,0.000028,0.000028,0.088161,0.116165,0.107655,0.000582,0.136982,0.123338,0.022036,0.121813,0.231108,0.052077
CACTCAGCTCTTGAGG-1,0.000037,0.274688,0.121571,0.205835,0.116937,0.078629,0.086195,0.034672,0.021028,0.039617,0.011021,0.007266,0.002504
CACTCCTATGTAAGAT-1,0.000132,0.000132,0.053234,0.945315,0.000132,0.000132,0.000132,0.000132,0.000132,0.000132,0.000132,0.000132,0.000132
CACTCCTCTCGGTCGG-1,0.001852,0.248385,0.124132,0.163487,0.102199,0.000367,0.010596,0.020155,0.000035,0.143816,0.056757,0.108143,0.020074
CACTCGAGCTGAACAA-1,0.000025,0.000025,0.000025,0.123591,0.144108,0.009712,0.012607,0.593491,0.10262,0.011336,0.000025,0.000418,0.002017
CACTCGGTTAGGAGGA-1,0.000013,0.000013,0.000013,0.000338,0.025003,0.530973,0.133572,0.051702,0.042552,0.045238,0.066442,0.038633,0.065509
CACTCTCAAGCATCGA-1,0.000015,0.000015,0.000015,0.094172,0.090879,0.010168,0.010317,0.515238,0.129707,0.001671,0.030674,0.108323,0.008806
CACTGACGATTGTGGA-1,0.000058,0.004575,0.023123,0.808343,0.000058,0.000058,0.000058,0.010657,0.151136,0.000058,0.000058,0.00176,0.000058
CACTGTCCAAGTGAGA-1,0.000039,0.046691,0.000039,0.049752,0.208679,0.056769,0.175831,0.048902,0.007315,0.160117,0.214887,0.011359,0.019619
CACTTAATCAGACGGA-1,0.000034,0.000034,0.000034,0.085093,0.146642,0.061188,0.011663,0.125989,0.058773,0.0242,0.362671,0.095791,0.027887
CACTTCGCCACAGGCT-1,0.000248,0.000017,0.026121,0.05752,0.016692,0.081586,0.628302,0.050439,0.066133,0.026662,0.00908,0.00956,0.027642
CACTTCGTCTTATCTC-1,0.00008,0.008338,0.494732,0.223387,0.272822,0.00008,0.00008,0.00008,0.00008,0.00008,0.00008,0.00008,0.00008
CAGAACTTAGCCCTCT-1,0.000124,0.000124,0.000124,0.862331,0.136302,0.000124,0.000124,0.000124,0.000124,0.000124,0.000124,0.000124,0.000124
CAGAATAACACACGGA-1,0.000073,0.000073,0.137724,0.737727,0.123816,0.000073,0.000073,0.000073,0.000073,0.000073,0.000073,0.000073,0.000073
CAGAATATTCGTTATC-1,0.000913,0.000061,0.000061,0.625973,0.000061,0.000061,0.000064,0.169127,0.014823,0.000061,0.000061,0.188606,0.000125
CAGACACCGATCGCTG-1,0.000039,0.000039,0.000039,0.169183,0.242183,0.001628,0.000039,0.30939,0.069681,0.016795,0.003431,0.181657,0.005895
CAGACCTGTAAGTGTT-1,0.000019,0.021887,0.000019,0.061305,0.074555,0.472748,0.060474,0.042954,0.057357,0.023019,0.072379,0.016861,0.096424
CAGACGAACCTGATAC-1,0.000024,0.000024,0.000024,0.137844,0.506322,0.000024,0.01273,0.230875,0.016431,0.001332,0.00576,0.038289,0.05032
CAGAGACGGTCACCCA-1,0.000116,0.000116,0.000116,0.176994,0.444167,0.001058,0.000116,0.328183,0.047187,0.000116,0.000116,0.001599,0.000116
CAGAGCATGAGCTTGC-1,0.000011,0.002994,0.004761,0.005865,0.002218,0.239154,0.003079,0.004477,0.003609,0.000983,0.040128,0.42952,0.263202
CAGAGCGATGGATGCT-1,0.000287,0.000287,0.249409,0.385399,0.362322,0.000287,0.000287,0.000287,0.000287,0.000287,0.000287,0.000287,0.000287
CAGAGGCGATGCATGA-1,0.000069,0.053165,0.000069,0.914953,0.000069,0.000069,0.000069,0.02407,0.007189,0.000069,0.000069,0.000069,0.000069
CAGAGTGATTTAACGT-1,0.000039,0.613234,0.080836,0.030325,0.257225,0.000039,0.000039,0.000039,0.000039,0.000039,0.018069,0.000039,0.000039
CAGATAATGGGCGGGT-1,0.000069,0.000069,0.112769,0.885119,0.001422,0.000069,0.000069,0.000069,0.000069,0.000069,0.000069,0.000069,0.000069
CAGATACTAACATAGT-1,0.000013,0.033303,0.00107,0.06539,0.003273,0.490554,0.078696,0.046847,0.077049,0.116767,0.007658,0.010482,0.068899
CAGATATGAAGATGAC-1,0.000054,0.000054,0.000054,0.825805,0.173602,0.000054,0.000054,0.000054,0.000054,0.000054,0.000054,0.000054,0.000054
CAGATCATTTAAAGTC-1,0.000014,0.000014,0.009539,0.030213,0.030257,0.10307,0.121386,0.057492,0.100801,0.18242,0.066465,0.123202,0.175127
CAGATCCTGGTTTGAA-1,0.00004,0.00004,0.055393,0.396823,0.038744,0.00004,0.087752,0.305635,0.101502,0.00004,0.00004,0.012916,0.001037
CAGATGTTTGTCCCAA-1,0.000014,0.000014,0.000014,0.010326,0.003519,0.153775,0.039701,0.262583,0.461647,0.001733,0.016491,0.031602,0.018581
CAGCAGCCCGTTCCTT-1,0.00003,0.00003,0.00003,0.042885,0.073073,0.054939,0.023585,0.013586,0.061136,0.443208,0.093726,0.040565,0.153204
CAGCAGTCCAGACTAT-1,0.000069,0.000069,0.000069,0.169613,0.221351,0.000069,0.000069,0.40887,0.188584,0.000069,0.000069,0.011033,0.000069
CAGCAGTCTGTGCTGC-1,0.000204,0.000204,0.637811,0.000204,0.213768,0.000204,0.146386,0.000204,0.000204,0.000204,0.000204,0.000204,0.000204
CAGCCCTCACAGGCAG-1,0.000024,0.840464,0.012211,0.000024,0.001562,0.014319,0.106208,0.016764,0.007992,0.00036,0.000024,0.000024,0.000024
CAGCCGGGCCCTCTAT-1,0.000027,0.250849,0.210111,0.157677,0.016317,0.000027,0.128463,0.15084,0.061895,0.014215,0.002289,0.004243,0.003048
CAGCCTCCTGCAGAGG-1,0.000027,0.192085,0.002069,0.1149,0.336147,0.090347,0.011375,0.017723,0.001563,0.085012,0.030051,0.025404,0.093297
CAGCCTCTCCTCAAGA-1,0.000036,0.02445,0.266986,0.03212,0.35413,0.018611,0.055714,0.013781,0.001869,0.06191,0.056915,0.002287,0.111193
CAGCGATTCCCTTCAA-1,0.000111,0.000111,0.043961,0.686358,0.126364,0.000111,0.000111,0.142319,0.000111,0.000111,0.000111,0.000111,0.000111
CAGCGCCAACACGATA-1,0.000012,0.000012,0.000012,0.003246,0.072422,0.47477,0.086098,0.095055,0.069191,0.041548,0.077297,0.029828,0.050508
CAGCTCACTGAGACAT-1,0.000044,0.000044,0.000044,0.070893,0.400424,0.028376,0.020728,0.019379,0.008844,0.023802,0.311188,0.034605,0.081629
CAGCTCGACAAGTTAA-1,0.000282,0.000019,0.000019,0.070421,0.027474,0.154686,0.096048,0.060505,0.014312,0.084609,0.057186,0.020815,0.413624
CAGCTCGTGCTTGTGT-1,0.000012,0.184852,0.000012,0.000012,0.000012,0.037039,0.662771,0.071872,0.028231,0.000012,0.000012,0.006934,0.008231
CAGCTCTGGGCTCACT-1,0.000029,0.010077,0.000029,0.219371,0.098576,0.018794,0.033196,0.35749,0.088514,0.003967,0.077127,0.053051,0.039777
CAGCTGGCGTAACCGT-1,0.000028,0.000028,0.000028,0.018023,0.186752,0.015339,0.014153,0.275232,0.288366,0.017467,0.173398,0.004925,0.006261
CAGCTTAGTAGGTAGC-1,0.000024,0.000024,0.000024,0.018218,0.187188,0.34666,0.019704,0.016116,0.022372,0.034017,0.171996,0.03717,0.146485
CAGGAAGACTTTATAT-1,0.000045,0.332049,0.195442,0.17643,0.142221,0.026974,0.012572,0.000045,0.017108,0.088798,0.008227,0.000045,0.000045
CAGGACAGCTGCCCTT-1,0.000008,0.000008,0.000008,0.000008,0.000008,0.051209,0.032199,0.005803,0.62613,0.002036,0.081209,0.18745,0.013924
CAGGATATATCGTTGT-1,0.000026,0.000026,0.000026,0.039762,0.104843,0.058493,0.055828,0.432835,0.175426,0.021338,0.086684,0.01583,0.008885
CAGGATCCGCCCGACC-1,0.000034,0.526011,0.41959,0.000508,0.004904,0.000034,0.002227,0.010724,0.000034,0.000034,0.035832,0.000034,0.000034
CAGGCAGTCTTACCAG-1,0.00009,0.00009,0.055592,0.835207,0.108299,0.00009,0.00009,0.00009,0.00009,0.00009,0.00009,0.00009,0.00009
CAGGCCAGTACCACCT-1,0.000087,0.046487,0.007903,0.479611,0.315857,0.000087,0.000087,0.000087,0.000087,0.000087,0.149443,0.000087,0.000087
CAGGCCGTTTGGGTGT-1,0.000043,0.000043,0.000043,0.026147,0.405279,0.018045,0.000043,0.025451,0.061636,0.037998,0.352894,0.011402,0.060975
CAGGCGCACGGTGGTC-1,0.000153,0.000153,0.000153,0.88362,0.114695,0.000153,0.000153,0.000153,0.000153,0.000153,0.000153,0.000153,0.000153
CAGGCGCCATGCTAGG-1,0.000044,0.000044,0.000044,0.269759,0.049547,0.000044,0.000044,0.563338,0.071736,0.000044,0.000044,0.02822,0.017091
CAGGGAGATAGGCCAG-1,0.000026,0.000026,0.000026,0.082068,0.333724,0.000026,0.013239,0.361172,0.022458,0.001202,0.012721,0.13893,0.034381
CAGGGCTAACGAAACC-1,0.000657,0.074518,0.912547,0.002404,0.000625,0.005566,0.003548,0.000022,0.000022,0.000022,0.000022,0.000022,0.000022
CAGGTTTAGTACTACA-1,0.000009,0.015566,0.00367,0.031644,0.259762,0.010706,0.001045,0.003292,0.021513,0.006006,0.594258,0.051613,0.000917
CAGTAACTATTTATTG-1,0.000025,0.050051,0.019312,0.260823,0.036203,0.065254,0.195709,0.050547,0.025396,0.121895,0.007665,0.106558,0.060562
CAGTAATCCCTCCCAG-1,0.000016,0.025075,0.000016,0.007488,0.004747,0.268342,0.038189,0.189536,0.04344,0.035391,0.095936,0.144194,0.147629
CAGTACATTCTCTAAA-1,0.000009,0.04035,0.015483,0.025514,0.014914,0.016954,0.474121,0.170058,0.184036,0.007761,0.018836,0.028728,0.003236
CAGTACCAGTTTACGT-1,0.000019,0.000019,0.000019,0.000195,0.009548,0.175578,0.031278,0.096037,0.37897,0.010608,0.061005,0.183146,0.053579
CAGTAGATGATGTCCG-1,0.000028,0.99966,0.000028,0.000028,0.000028,0.000028,0.000028,0.000028,0.000028,0.000028,0.000028,0.000028,0.000028
CAGTAGCCCACGCGGT-1,0.000019,0.000019,0.031699,0.018982,0.067765,0.11169,0.145732,0.066053,0.114893,0.152907,0.13805,0.080391,0.0718
CAGTAGCGAGGTAGTA-1,0.000037,0.819096,0.180502,0.000037,0.000037,0.000037,0.000037,0.000037,0.000037,0.000037,0.000037,0.000037,0.000037
CAGTCCAACGCCTTCT-1,0.000014,0.000014,0.013986,0.052027,0.300921,0.015077,0.038158,0.03204,0.027337,0.035687,0.324114,0.047317,0.113309
CAGTCGAGGATGCAAT-1,0.000015,0.100939,0.000082,0.000033,0.005829,0.13366,0.399128,0.064898,0.117468,0.022379,0.105876,0.028179,0.021515
CAGTCGGCCTAGATAT-1,0.000028,0.000028,0.000028,0.014582,0.209582,0.059086,0.005558,0.073612,0.211038,0.009789,0.329395,0.033963,0.05331
CAGTCTCTCGGCTAAT-1,0.000051,0.616926,0.34233,0.006807,0.002478,0.000051,0.000051,0.000051,0.000051,0.031049,0.000051,0.000051,0.000051
CAGTCTGTATACTGGG-1,0.000039,0.000039,0.000039,0.114093,0.106823,0.04263,0.000039,0.236571,0.252405,0.054049,0.113777,0.024493,0.055004
CAGTGAATAAATGACT-1,0.000013,0.00261,0.029977,0.099694,0.073046,0.397717,0.04109,0.016853,0.040785,0.162655,0.076976,0.017727,0.040858
CAGTGGTTGCACATGA-1,0.000026,0.265529,0.000026,0.146812,0.050009,0.013534,0.415725,0.031492,0.011542,0.051286,0.002107,0.000026,0.011886
CAGTGTCCGCAGAATG-1,0.00003,0.029379,0.01513,0.101977,0.113665,0.131423,0.241584,0.099477,0.031558,0.114463,0.046549,0.00012,0.074645
CAGTGTTAATCTCTCA-1,0.000133,0.000133,0.000133,0.808166,0.190373,0.000133,0.000133,0.000133,0.000133,0.000133,0.000133,0.000133,0.000133
CAGTTCAAATTGACAC-1,0.000011,0.000011,0.000159,0.028479,0.013642,0.41731,0.066424,0.047701,0.118011,0.029508,0.032238,0.062802,0.183704
CAGTTCCGCGGGTCGA-1,0.000028,0.103329,0.053859,0.087176,0.155766,0.02314,0.130665,0.078114,0.024882,0.095238,0.171973,0.039474,0.036356
CAGTTCGAGGACCCGA-1,0.001398,0.000015,0.003211,0.17357,0.048768,0.017003,0.013018,0.438249,0.104727,0.006064,0.040511,0.118026,0.035439
CATAACGGACAGTCGT-1,0.000033,0.000033,0.048537,0.196715,0.336287,0.000033,0.000033,0.000033,0.000033,0.010152,0.408046,0.000033,0.000033
CATAAGAAGCTTGGCT-1,0.000168,0.000168,0.493347,0.05519,0.050015,0.000168,0.000168,0.305391,0.094717,0.000168,0.000168,0.000168,0.000168
CATAAGCTCTCCGTCT-1,0.000041,0.028051,0.002404,0.040718,0.346243,0.038327,0.015537,0.064686,0.071358,0.038236,0.316292,0.025298,0.012809
CATAATGAGCGGGCGA-1,0.00003,0.035107,0.168597,0.017968,0.086679,0.00594,0.443182,0.047366,0.030475,0.078502,0.002555,0.018284,0.065314
CATACAAAGCCGAACC-1,0.000772,0.108499,0.133474,0.153432,0.068431,0.010314,0.324726,0.054395,0.016626,0.049515,0.024279,0.038393,0.017146
CATACACAAAGTCAGC-1,0.000073,0.000073,0.000073,0.877343,0.014654,0.000073,0.000073,0.011764,0.095582,0.000073,0.000073,0.000073,0.000073
CATACACGGTTCCCAC-1,0.000122,0.000122,0.148053,0.077247,0.291905,0.000122,0.000122,0.000257,0.418983,0.000122,0.060748,0.002076,0.000122
CATACCCGTACCCAGT-1,0.000015,0.000015,0.000015,0.000015,0.027856,0.370624,0.006656,0.019087,0.315153,0.01542,0.203703,0.017281,0.024158
CATACGAACTAGCTGG-1,0.000119,0.000119,0.024923,0.757203,0.216687,0.000119,0.000119,0.000119,0.000119,0.000119,0.000119,0.000119,0.000119
CATACGGCGTCTGGGC-1,0.000025,0.000025,0.000025,0.029181,0.116746,0.17888,0.009698,0.073658,0.256204,0.064796,0.170676,0.037198,0.062888
CATACGGGTGCATGAT-1,0.000033,0.848958,0.150684,0.000033,0.000033,0.000033,0.000033,0.000033,0.000033,0.000033,0.000033,0.000033,0.000033
CATACTATGTAATTGT-1,0.000015,0.000015,0.000015,0.000015,0.000015,0.361779,0.003568,0.027434,0.288238,0.001059,0.302629,0.008728,0.006491
CATACTTAGGCAATAC-1,0.000017,0.000017,0.000017,0.052029,0.093212,0.09214,0.016435,0.02521,0.330505,0.021585,0.197714,0.100452,0.070664
CATACTTCTTTCTCCG-1,0.00003,0.00003,0.00003,0.174887,0.085972,0.010128,0.001208,0.370531,0.137703,0.033412,0.028305,0.129308,0.028457
CATAGAGGAGATACTA-1,0.000029,0.000029,0.000156,0.247236,0.306883,0.000029,0.00035,0.260975,0.099175,0.001734,0.023861,0.057784,0.001759
CATAGCCGCCCGGGAT-1,0.000036,0.02103,0.026252,0.082877,0.151782,0.25093,0.032105,0.018412,0.031688,0.077572,0.181228,0.112116,0.013971
CATAGCGTTGCCCACC-1,0.000123,0.035751,0.021717,0.941299,0.000123,0.000123,0.000123,0.000123,0.000123,0.000123,0.000123,0.000123,0.000123
CATAGGGACACTTGTG-1,0.000037,0.000037,0.000037,0.026697,0.313988,0.000312,0.046374,0.210508,0.208599,0.000037,0.028244,0.165095,0.000037
CATAGTACATTGAGAG-1,0.000033,0.060962,0.10103,0.128949,0.119045,0.064934,0.046639,0.041551,0.042468,0.114269,0.044321,0.094267,0.141532
CATAGTAGCATAGTAG-1,0.000029,0.096676,0.008586,0.124476,0.028767,0.012396,0.014996,0.026239,0.030084,0.532605,0.125088,0.000029,0.000029
CATAGTCAAATACATA-1,0.000093,0.000093,0.000093,0.755211,0.243765,0.000093,0.000093,0.000093,0.000093,0.000093,0.000093,0.000093,0.000093
CATAGTCCACAAGAAC-1,0.000021,0.011964,0.000021,0.083177,0.10082,0.012863,0.005386,0.032288,0.059158,0.001607,0.201713,0.381807,0.109176
CATAGTGGGCACGCCT-1,0.000143,0.000143,0.384712,0.42793,0.000143,0.000143,0.049807,0.131446,0.000143,0.000143,0.000143,0.004959,0.000143
CATATACTACTGATAA-1,0.000034,0.04047,0.057998,0.05444,0.579552,0.01296,0.05621,0.013212,0.009116,0.090938,0.08406,0.000034,0.000976
CATATAGGTACAGTCA-1,0.000037,0.003043,0.006023,0.067156,0.159121,0.008133,0.008368,0.328578,0.099285,0.010363,0.299454,0.001896,0.008543
CATATGTCAGGCTACG-1,0.000043,0.000043,0.000043,0.155747,0.217568,0.035378,0.018111,0.242116,0.107315,0.012955,0.17004,0.033579,0.007063
CATATTATTTGCCCTA-1,0.000044,0.135949,0.30394,0.114394,0.167442,0.000044,0.068448,0.06523,0.000044,0.141083,0.003292,0.000044,0.000044
CATCAAACTGGCGCCC-1,0.000018,0.014167,0.005131,0.053285,0.187406,0.026627,0.018037,0.006843,0.010086,0.18119,0.334443,0.090053,0.072714
CATCAACACCTACTAA-1,0.000017,0.370135,0.052627,0.0108,0.003077,0.029441,0.211477,0.249598,0.042626,0.010123,0.000272,0.003479,0.016329
CATCATCTACCCGGAC-1,0.004995,0.181084,0.001452,0.000476,0.000012,0.060987,0.129955,0.051693,0.037613,0.001541,0.000012,0.251994,0.278188
CATCATTACCCTGAGG-1,0.000187,0.02283,0.000187,0.975116,0.000187,0.000187,0.000187,0.000187,0.000187,0.000187,0.000187,0.000187,0.000187
CATCCAATATAGTTTG-1,0.000113,0.000113,0.126978,0.861848,0.010044,0.000113,0.000113,0.000113,0.000113,0.000113,0.000113,0.000113,0.000113
CATCCCGAGATTCATA-1,0.000038,0.000038,0.000038,0.226199,0.024768,0.052004,0.0423,0.549225,0.06504,0.000038,0.007201,0.014575,0.018535
CATCCGCAGGCCCGAA-1,0.00524,0.442758,0.150193,0.071601,0.113423,0.000694,0.028776,0.000039,0.000036,0.013035,0.014074,0.002013,0.158117
CATCGAATGGATCTCT-1,0.000033,0.510978,0.159169,0.000275,0.027133,0.021781,0.088869,0.014101,0.000033,0.013928,0.113403,0.002726,0.047572
CATCGCCCGCGGCCAA-1,0.00003,0.128676,0.177356,0.206157,0.042918,0.032612,0.104892,0.04221,0.077393,0.06876,0.106424,0.002667,0.009906
CATCGGACGGGTTAAT-1,0.000032,0.000032,0.000032,0.099298,0.036296,0.144367,0.003125,0.251401,0.127135,0.013659,0.288533,0.032394,0.003695
CATCGTCCGGTTACTA-1,0.000026,0.118176,0.001833,0.101845,0.000026,0.014819,0.062557,0.043653,0.009443,0.015944,0.006296,0.05039,0.574993
CATCTACCCGAGAACG-1,0.000029,0.000029,0.072848,0.178133,0.174756,0.012539,0.034205,0.000029,0.000029,0.124974,0.326848,0.026579,0.048999
CATCTAGTGAAGGGAA-1,0.00078,0.000032,0.043385,0.143787,0.101464,0.005293,0.01046,0.374943,0.051192,0.000157,0.14888,0.11478,0.004847
CATCTATCCCGTGTCT-1,0.000217,0.061353,0.00391,0.042481,0.014572,0.32765,0.217563,0.010637,0.026057,0.052062,0.034373,0.048559,0.160567
CATCTGCAGGATCATT-1,0.000029,0.095446,0.012333,0.082386,0.13027,0.069422,0.158589,0.115806,0.045051,0.103913,0.163026,0.016414,0.007315
CATCTTACACCACCTC-1,0.000048,0.096992,0.000048,0.01088,0.237825,0.011101,0.000048,0.001137,0.026171,0.020132,0.476064,0.11661,0.002947
CATGAACCGACATTTG-1,0.000067,0.1826,0.287122,0.158737,0.180497,0.000075,0.004613,0.000067,0.000067,0.049069,0.000067,0.023564,0.113456
CATGAACCTCTTATCA-1,0.00002,0.719667,0.042649,0.00002,0.00002,0.041764,0.113073,0.034479,0.018264,0.007587,0.000307,0.000045,0.022107
CATGACTTCGCTGAAT-1,0.000032,0.000032,0.038086,0.121782,0.338572,0.02947,0.000032,0.02684,0.051897,0.020336,0.285691,0.044664,0.042565
CATGAGATGCACTCTC-1,0.000244,0.000244,0.652719,0.000244,0.019062,0.165448,0.000244,0.160573,0.000244,0.000244,0.000244,0.000244,0.000244
CATGAGTCCATCACGG-1,0.000025,0.000025,0.000025,0.116916,0.239277,0.000025,0.021684,0.211935,0.075142,0.000025,0.2804,0.054009,0.000512
CATGATACGGTGAAAC-1,0.000018,0.000018,0.000018,0.050532,0.17201,0.032601,0.009039,0.069378,0.188862,0.006128,0.322899,0.144013,0.004484
CATGATCGCTTTGAGA-1,0.000081,0.000081,0.093061,0.278841,0.000896,0.000081,0.026781,0.000081,0.000081,0.000081,0.000081,0.465016,0.134841
CATGATGCACAATTCT-1,0.000038,0.11239,0.007764,0.202172,0.171356,0.065344,0.053255,0.02739,0.0011,0.110232,0.144707,0.005352,0.098899
CATGATGGAAGTTAGC-1,0.000711,0.000024,0.000757,0.058601,0.043306,0.194892,0.034065,0.191796,0.288435,0.051926,0.028087,0.040974,0.066426
CATGCACATGAGAGGC-1,0.000019,0.000019,0.001653,0.110926,0.098156,0.007975,0.043063,0.461115,0.115116,0.001564,0.029238,0.094816,0.036338
CATGCACGTGTTACTG-1,0.000031,0.178981,0.218072,0.064066,0.113925,0.069733,0.018171,0.000527,0.000031,0.036669,0.04398,0.20127,0.054544
CATGCATGGAGACCCT-1,0.000028,0.657925,0.14995,0.164768,0.012687,0.003344,0.000028,0.000028,0.000028,0.011128,0.000028,0.000028,0.000028
CATGCCAACTCGCAAA-1,0.00002,0.036707,0.006773,0.167186,0.161939,0.054549,0.00623,0.069195,0.063532,0.005263,0.338161,0.037662,0.052783
CATGCGACCAGTTTAA-1,0.000021,0.000085,0.007222,0.044352,0.203381,0.089006,0.139458,0.079443,0.068658,0.182215,0.067677,0.09083,0.027652
CATGCGTTAGACAGAA-1,0.000015,0.044495,0.015788,0.025339,0.006962,0.264511,0.208868,0.088114,0.170012,0.092635,0.050683,0.018638,0.013942
CATGCGTTGAGAGGAG-1,0.000025,0.000025,0.000025,0.065541,0.155537,0.019603,0.046279,0.225405,0.246566,0.002711,0.054795,0.153632,0.029856
CATGCTGGCTCCAATT-1,0.000012,0.077566,0.003328,0.012279,0.001909,0.165146,0.340132,0.120312,0.217819,0.032483,0.017933,0.00723,0.003851
CATGGAAATGGGACCA-1,0.000013,0.037629,0.001267,0.022375,0.193807,0.017835,0.121238,0.073034,0.083215,0.295124,0.110971,0.02832,0.015172
CATGGATTGTCTTCCG-1,0.000133,0.000133,0.020208,0.649459,0.329004,0.000133,0.000133,0.000133,0.000133,0.000133,0.000133,0.000133,0.000133
CATGGCAGGAAGATCG-1,0.000235,0.077574,0.0011,0.013082,0.099154,0.074888,0.165428,0.111302,0.099809,0.243738,0.055011,0.023871,0.034809
CATGGCTCCCTATGTC-1,0.000035,0.072788,0.040587,0.127125,0.233844,0.085434,0.089164,0.088381,0.142158,0.102784,0.00579,0.006548,0.005361
CATGGGTATGCCTTAT-1,0.000128,0.000128,0.154297,0.76075,0.083678,0.000128,0.000128,0.000128,0.000128,0.000128,0.000128,0.000128,0.000128
CATGGGTCGGGTGTGG-1,0.000028,0.068394,0.00163,0.153999,0.1827,0.172775,0.1771,0.012917,0.022993,0.091439,0.022341,0.026898,0.066787
CATGGTAAGTAGCGTT-1,0.000028,0.000028,0.000028,0.077608,0.115802,0.023204,0.0117,0.246249,0.429879,0.008689,0.026194,0.014755,0.045836
CATGGTATTAGTTTGT-1,0.000131,0.000131,0.026329,0.900679,0.071678,0.000131,0.000131,0.000131,0.000131,0.000131,0.000131,0.000131,0.000131
CATGGTCTAGATACCG-1,0.000018,0.035854,0.013313,0.064794,0.047789,0.153521,0.158458,0.03056,0.038174,0.183654,0.070638,0.032612,0.170615
CATGGTTTATTAATCA-1,0.000064,0.000064,0.000064,0.234395,0.169887,0.000064,0.028265,0.522309,0.014227,0.000064,0.000064,0.002689,0.027841
CATGTAAGAGACATTT-1,0.000131,0.000131,0.000131,0.763612,0.234942,0.000131,0.000131,0.000131,0.000131,0.000131,0.000131,0.000131,0.000131
CATGTAGGAGCGCCAA-1,0.000041,0.000041,0.000041,0.000041,0.000041,0.125394,0.232858,0.055447,0.455705,0.093406,0.000041,0.016689,0.020252
CATGTCTCATTTATGG-1,0.000069,0.000069,0.000069,0.258207,0.22296,0.000069,0.000069,0.337019,0.068171,0.004431,0.000069,0.02293,0.08587
CATGTGGGCTCATCAC-1,0.000027,0.000027,0.000027,0.02662,0.072249,0.029411,0.088643,0.025743,0.26203,0.004776,0.20327,0.215664,0.071514
CATTACATAGATTGTG-1,0.000014,0.000923,0.007775,0.000014,0.000014,0.223208,0.081542,0.0092,0.02548,0.009375,0.024793,0.487597,0.130064
CATTACGCAGGAAGGG-1,0.000035,0.000035,0.023496,0.131157,0.045011,0.012429,0.009898,0.393912,0.250808,0.000035,0.001859,0.117558,0.013767
CATTACGTCGGCCCGT-1,0.000023,0.071083,0.007877,0.05702,0.06987,0.196253,0.249705,0.046603,0.041066,0.056027,0.093343,0.039849,0.071282
CATTATAACAGGGTCC-1,0.000039,0.437383,0.429505,0.037162,0.017152,0.003086,0.063015,0.000039,0.000039,0.012464,0.000039,0.000039,0.000039
CATTATCCCATTAACG-1,0.000101,0.000101,0.135234,0.863659,0.000101,0.000101,0.000101,0.000101,0.000101,0.000101,0.000101,0.000101,0.000101
CATTATGCTTGTTGTG-1,0.000013,0.094937,0.000013,0.000013,0.004849,0.533748,0.136271,0.058333,0.053447,0.026899,0.035896,0.028378,0.027203
CATTCACTGACAGCTA-1,0.000027,0.789926,0.12836,0.081023,0.000451,0.000027,0.000027,0.000027,0.000027,0.000027,0.000027,0.000027,0.000027
CATTCAGGTCAGTGCG-1,0.000043,0.138328,0.687684,0.173556,0.000043,0.000043,0.000043,0.000043,0.000043,0.000043,0.000043,0.000043,0.000043
CATTCCCATTCCGTCG-1,0.000011,0.01288,0.015584,0.000159,0.000011,0.080317,0.01834,0.001972,0.00355,0.000589,0.001635,0.82361,0.041341
CATTCCCTAAGTACAA-1,0.000502,0.172902,0.111399,0.041309,0.033842,0.034822,0.464134,0.023264,0.016082,0.068036,0.005528,0.011779,0.016401
CATTGATGAACACGCC-1,0.00002,0.00002,0.027042,0.018726,0.071002,0.141211,0.065434,0.03223,0.14936,0.156135,0.175706,0.05561,0.107505
CATTGCAAAGCATAAT-1,0.000025,0.943749,0.009729,0.000025,0.000025,0.023008,0.000393,0.002231,0.009341,0.000025,0.000025,0.011397,0.000025
CATTGCGAAATGGGCG-1,0.000023,0.000023,0.010463,0.147353,0.222622,0.189213,0.082969,0.038617,0.02294,0.047013,0.038259,0.029063,0.171443
CATTGCGGGTCAATTC-1,0.000033,0.000033,0.07389,0.063319,0.483777,0.03625,0.085732,0.013242,0.00005,0.036094,0.109489,0.016395,0.081696
CATTGTGTGCTAGATC-1,0.000864,0.082071,0.541682,0.061114,0.148097,0.000061,0.165747,0.000061,0.000061,0.000061,0.000061,0.000061,0.000061
CATTTAGCGGACCATG-1,0.000034,0.042528,0.005873,0.082947,0.324841,0.076917,0.023099,0.002648,0.011263,0.185301,0.229104,0.000034,0.015409
CATTTATCGTTCAAGA-1,0.000041,0.700793,0.133476,0.000041,0.063408,0.000041,0.000041,0.000041,0.000041,0.061219,0.040778,0.000041,0.000041
CATTTCTAGCAGACTA-1,0.00357,0.042622,0.020916,0.000016,0.021134,0.047469,0.35604,0.221385,0.081284,0.066822,0.011233,0.047784,0.079725
CATTTGAGTGGTACGT-1,0.00004,0.00004,0.00004,0.260017,0.049327,0.00918,0.00004,0.113246,0.01632,0.00447,0.015979,0.383397,0.147905
CCAAACAGAACCCTCG-1,0.000014,0.005561,0.0104,0.008344,0.060026,0.131189,0.158264,0.068525,0.047376,0.132827,0.045052,0.054035,0.278388
CCAAAGCAGTTGGTTG-1,0.000039,0.664336,0.313517,0.021761,0.000039,0.000039,0.000039,0.000039,0.000039,0.000039,0.000039,0.000039,0.000039
CCAAAGTCCCGCTAAC-1,0.000014,0.144626,0.14066,0.000014,0.000014,0.0028,0.642767,0.047122,0.011364,0.000625,0.000014,0.005228,0.004752
CCAAATAACAAGATTC-1,0.000034,0.000034,0.056686,0.373389,0.041911,0.006761,0.000034,0.455744,0.057928,0.000034,0.000034,0.004589,0.002819
CCAAATCAAAGGGCAA-1,0.000031,0.000031,0.000031,0.289785,0.207465,0.000031,0.004534,0.330126,0.044018,0.008194,0.010676,0.094457,0.010621
CCAACCTTATGTAACT-1,0.000049,0.000049,0.000049,0.228819,0.368801,0.000049,0.015496,0.324528,0.015476,0.006354,0.000049,0.040233,0.000049
CCAACGATGCACTGAT-1,0.000017,0.000017,0.000017,0.044515,0.062853,0.424962,0.044853,0.065409,0.043709,0.109964,0.070251,0.032774,0.100659
CCAACGCTTGCCAGGG-1,0.000027,0.243776,0.057991,0.24965,0.085447,0.056749,0.042919,0.026332,0.027735,0.106433,0.033585,0.029698,0.039657
CCAACTTGATAGATCC-1,0.000015,0.000015,0.017226,0.021448,0.00631,0.009301,0.071324,0.227579,0.148963,0.000015,0.013006,0.479089,0.005708
CCAAGAAAGTGGGCGA-1,0.000029,0.018174,0.052031,0.430273,0.117038,0.015475,0.000029,0.249392,0.011642,0.000029,0.026853,0.063946,0.015091
CCAAGACTTCTGCGAA-1,0.000023,0.146704,0.023699,0.134009,0.152211,0.133429,0.052262,0.018566,0.00901,0.10513,0.198395,0.010445,0.016118
CCAAGCGTAACTCGTA-1,0.000017,0.000017,0.000017,0.013784,0.09483,0.300201,0.006234,0.019569,0.131038,0.004704,0.394663,0.023018,0.011907
CCAAGCTTGATCTCCT-1,0.00003,0.850446,0.149221,0.00003,0.00003,0.00003,0.00003,0.00003,0.00003,0.00003,0.00003,0.00003,0.00003
CCAAGGAACAGAGAGG-1,0.000009,0.017296,0.028308,0.072963,0.032357,0.143087,0.3188,0.136629,0.117471,0.068261,0.028298,0.015629,0.020892
CCAAGGTTGCCCTTTC-1,0.000021,0.000021,0.000021,0.048733,0.013426,0.001971,0.086032,0.30996,0.521709,0.000034,0.000021,0.002047,0.016005
CCAAGTTTCTACAGAT-1,0.000019,0.533254,0.020308,0.000425,0.000019,0.051041,0.303461,0.061945,0.020884,0.000019,0.000019,0.000181,0.008423
CCAATAGATTTCATCT-1,0.001837,0.06705,0.001723,0.077684,0.071751,0.282188,0.058271,0.068732,0.033821,0.178121,0.030077,0.035536,0.09321
CCAATAGTGCCGTCGA-1,0.000041,0.000041,0.000041,0.079984,0.256259,0.03578,0.000041,0.000041,0.000428,0.067702,0.365664,0.091872,0.102109
CCAATCGGTAGATCGA-1,0.000033,0.034501,0.290616,0.473622,0.038256,0.012293,0.039995,0.001147,0.015121,0.060249,0.034101,0.000033,0.000033
CCAATGTCACAGCAAG-1,0.000041,0.032936,0.000041,0.044705,0.454996,0.042905,0.03848,0.000356,0.008627,0.008796,0.334706,0.024732,0.008679
CCAATTACGGGTCGAG-1,0.000014,0.041717,0.003265,0.013233,0.035557,0.010016,0.359201,0.131916,0.269783,0.045721,0.033626,0.046433,0.009518
CCAATTGAATGTTAAT-1,0.000017,0.090162,0.005153,0.172652,0.006085,0.108721,0.243316,0.074531,0.174908,0.085074,0.020702,0.009969,0.00871
CCACAATGTACGTCTT-1,0.000439,0.000013,0.000013,0.006169,0.096428,0.447647,0.039017,0.03673,0.073597,0.053391,0.10353,0.018472,0.124554
CCACACTGAGATATTA-1,0.000049,0.000049,0.000049,0.109791,0.283296,0.000557,0.000049,0.029121,0.04722,0.005818,0.518668,0.00299,0.002345
CCACAGCTGAAATCAT-1,0.00003,0.318679,0.428335,0.143954,0.015383,0.00003,0.001813,0.009841,0.00003,0.075826,0.002042,0.00003,0.004006
CCACAGTACCCATCCT-1,0.000033,0.000033,0.000033,0.157115,0.012737,0.0809,0.016584,0.541889,0.088645,0.000033,0.004343,0.063812,0.033845
CCACATACTGCACCCA-1,0.000123,0.000123,0.024958,0.834683,0.139133,0.000123,0.000123,0.000123,0.000123,0.000123,0.000123,0.000123,0.000123
CCACATGGCTCTTTAT-1,0.003199,0.000123,0.000123,0.365286,0.446566,0.000123,0.000123,0.183843,0.000123,0.000123,0.000123,0.000123,0.000123
CCACCAACTTTACTGT-1,0.000026,0.000026,0.000026,0.125593,0.016025,0.000026,0.024201,0.687382,0.041918,0.000026,0.0146,0.079534,0.010617
CCACCCAAGGAAAGTG-1,0.000014,0.000014,0.000014,0.092871,0.111968,0.073991,0.064713,0.130608,0.163616,0.034076,0.132034,0.085902,0.11018
CCACGAATTTAACCTC-1,0.000034,0.013512,0.009982,0.098154,0.351339,0.07774,0.000034,0.061008,0.069247,0.002227,0.116705,0.152592,0.047425
CCACGAGAAGAGAATC-1,0.000011,0.005577,0.020054,0.034072,0.073145,0.146965,0.282661,0.052664,0.143386,0.088498,0.068284,0.040969,0.043714
CCACGGAGCCATAAGA-1,0.000018,0.000018,0.000018,0.018073,0.16502,0.043668,0.085274,0.202884,0.359682,0.017179,0.087258,0.020129,0.000779
CCACGGCAGGTGTAGG-1,0.000013,0.000013,0.000013,0.074775,0.064541,0.00323,0.017642,0.511727,0.100449,0.001513,0.017754,0.168444,0.039885
CCACGGTGCCCGGTAG-1,0.000013,0.000013,0.04023,0.10582,0.026441,0.274458,0.099751,0.077352,0.020578,0.040433,0.014807,0.073739,0.226363
CCACGTAAATTAGACT-1,0.000019,0.010435,0.006796,0.032749,0.138172,0.017932,0.023559,0.012077,0.026685,0.02207,0.342391,0.29505,0.072067
CCACTAAACTGAATCG-1,0.000019,0.774237,0.221527,0.000019,0.000019,0.000019,0.001845,0.00222,0.000019,0.000019,0.000019,0.000019,0.000019
CCACTATCCGGGTCAC-1,0.00027,0.000018,0.024982,0.013116,0.066016,0.326757,0.146053,0.030883,0.071741,0.071991,0.076988,0.050563,0.120622
CCACTCAGATCCGCAA-1,0.000036,0.000036,0.000036,0.153885,0.103526,0.005474,0.01462,0.156025,0.075015,0.031903,0.14815,0.253104,0.058192
CCACTGGTGGCTGGTT-1,0.000028,0.02022,0.000028,0.043973,0.270982,0.112099,0.000028,0.01494,0.1386,0.003908,0.329553,0.015535,0.050105
CCACTTTCCTTCTAGG-1,0.000029,0.000029,0.000029,0.006537,0.284757,0.035695,0.009802,0.025646,0.240204,0.009674,0.304969,0.070062,0.012568
CCAGAAACTGATGCGA-1,0.000377,0.000026,0.009291,0.561405,0.039898,0.000026,0.01463,0.325305,0.048743,0.000026,0.000026,0.000218,0.000026
CCAGAAAGCAACTCAT-1,0.000036,0.000036,0.000036,0.24056,0.131479,0.000777,0.039148,0.43301,0.02467,0.010216,0.064182,0.030738,0.025114
CCAGAGACAAAGCCGG-1,0.000011,0.016599,0.000011,0.00634,0.030486,0.089574,0.359791,0.168034,0.19359,0.05009,0.051945,0.016471,0.017058
CCAGATAGTTGAGTGA-1,0.000724,0.000011,0.000011,0.000011,0.001992,0.747496,0.054986,0.045857,0.055391,0.020095,0.031653,0.008231,0.033544
CCAGATGTAAATGGGT-1,0.000011,0.000011,0.000011,0.008386,0.048758,0.168174,0.033223,0.010947,0.052171,0.03791,0.259396,0.239607,0.141397
CCAGCCTGGACCAATA-1,0.000322,0.001683,0.01951,0.098296,0.303285,0.046948,0.002575,0.072201,0.072584,0.033154,0.309849,0.020564,0.019029
CCAGCGGGATCACCAG-1,0.000007,0.000007,0.000022,0.000007,0.003333,0.193777,0.074277,0.020295,0.264786,0.011908,0.261035,0.13429,0.036254
CCAGCTACGCCTCATA-1,0.000059,0.303688,0.333663,0.223901,0.138215,0.000059,0.000059,0.000059,0.000059,0.000059,0.000059,0.000059,0.000059
CCAGCTCGAACGCATT-1,0.000055,0.000055,0.018624,0.392766,0.588062,0.000055,0.000055,0.000055,0.000055,0.000055,0.000055,0.000055,0.000055
CCAGCTGATGGTACTT-1,0.000025,0.006276,0.000025,0.062275,0.033744,0.145932,0.015827,0.054947,0.170416,0.004674,0.351515,0.034539,0.119806
CCAGCTTCCGCCCGCA-1,0.000034,0.000034,0.006132,0.080796,0.145676,0.11547,0.062463,0.150117,0.018905,0.217897,0.084471,0.011264,0.10674
CCAGGCGAGATGGTCT-1,0.000033,0.000033,0.000033,0.082513,0.401279,0.000033,0.066094,0.239374,0.037657,0.000747,0.010308,0.161861,0.000033
CCAGGCTGGCGTCTGA-1,0.000181,0.000181,0.219056,0.778953,0.000181,0.000181,0.000181,0.000181,0.000181,0.000181,0.000181,0.000181,0.000181
CCAGGGACGTGGCCTC-1,0.000011,0.000011,0.000011,0.000011,0.017764,0.576388,0.102465,0.043535,0.061354,0.049774,0.044029,0.054722,0.049924
CCAGTAGTCTGATCCA-1,0.000033,0.002987,0.143035,0.208151,0.172853,0.099728,0.07876,0.004365,0.008435,0.147344,0.102787,0.005684,0.025839
CCAGTCAAATCTCTTA-1,0.000025,0.000025,0.000025,0.096415,0.134149,0.097066,0.003839,0.033275,0.072248,0.020425,0.45155,0.049884,0.041073
CCAGTCCATTATTCGA-1,0.000028,0.592914,0.152261,0.139976,0.008187,0.019484,0.026496,0.021086,0.010277,0.001394,0.000028,0.000028,0.027842
CCAGTCTAGACGGCGC-1,0.000032,0.026142,0.021908,0.064547,0.333877,0.106942,0.098238,0.012876,0.009063,0.111713,0.158558,0.008576,0.047528
CCAGTCTTGTCATAGA-1,0.000215,0.000215,0.122791,0.000215,0.59758,0.000215,0.000215,0.196661,0.081034,0.000215,0.000215,0.000215,0.000215
CCAGTGAGCTCCTTGT-1,0.000027,0.895287,0.104413,0.000027,0.000027,0.000027,0.000027,0.000027,0.000027,0.000027,0.000027,0.000027,0.000027
CCAGTGTACAGACCGA-1,0.000035,0.020413,0.002923,0.334571,0.096201,0.000035,0.009808,0.21846,0.010457,0.000035,0.026841,0.271667,0.008553
CCAGTTCGGTAACTCA-1,0.000301,0.00002,0.00002,0.058993,0.049446,0.040791,0.020143,0.119274,0.548417,0.021827,0.055246,0.066379,0.019141
CCATAAACAACCCGAC-1,0.000015,0.059189,0.033674,0.096665,0.181504,0.034186,0.291976,0.031644,0.024227,0.156953,0.034085,0.021234,0.034647
CCATAACCTGTGCAGT-1,0.00003,0.00003,0.00003,0.133884,0.220804,0.072962,0.01523,0.321575,0.120311,0.028858,0.050599,0.022239,0.013449
CCATACCTTTACTTGT-1,0.000035,0.025367,0.000035,0.029474,0.042724,0.415109,0.026522,0.001487,0.064861,0.055193,0.32687,0.001658,0.010666
CCATACTCGCCTCTCC-1,0.000034,0.03337,0.024679,0.018331,0.379611,0.015495,0.155954,0.055315,0.025719,0.228019,0.040637,0.013843,0.008993
CCATAGGTTGGCGTGG-1,0.000237,0.000015,0.000015,0.000015,0.013564,0.118258,0.307408,0.143693,0.229418,0.113757,0.041147,0.026829,0.005644
CCATAGTCAGTAACCC-1,0.000055,0.137555,0.336246,0.131097,0.379848,0.000055,0.000055,0.000055,0.000055,0.002722,0.011568,0.000055,0.000635
CCATATGGAAACTATA-1,0.001864,0.000038,0.000038,0.630316,0.000038,0.000038,0.000211,0.019061,0.000038,0.000038,0.000038,0.260221,0.088064
CCATATTGGATCATGA-1,0.024576,0.286452,0.528001,0.128108,0.000058,0.032402,0.000058,0.000058,0.000058,0.000058,0.000058,0.000058,0.000058
CCATCATAAGAACAGG-1,0.000012,0.000607,0.000012,0.014205,0.016733,0.193725,0.065909,0.012037,0.030451,0.066503,0.097896,0.145326,0.356583
CCATCCATACCAAGTC-1,0.000055,0.092544,0.084129,0.037198,0.40056,0.000055,0.010046,0.000055,0.000055,0.371762,0.000136,0.000055,0.003351
CCATCGCAGTTAAACT-1,0.000023,0.000023,0.000023,0.010288,0.048725,0.014051,0.006211,0.685592,0.207612,0.003458,0.01053,0.01333,0.000132
CCATCTCACCAGTGAA-1,0.000016,0.000016,0.000016,0.027656,0.016937,0.153403,0.019884,0.069027,0.266265,0.029228,0.33649,0.048337,0.032727
CCATCTTGTTCACAAT-1,0.000739,0.589781,0.179967,0.045329,0.136251,0.000051,0.000051,0.000051,0.000051,0.024197,0.02343,0.000051,0.000051
CCATGCCCTAGATTTC-1,0.000315,0.000315,0.085716,0.579946,0.331186,0.000315,0.000315,0.000315,0.000315,0.000315,0.000315,0.000315,0.000315
CCATGCCTGTTTAGTA-1,0.000052,0.000052,0.050893,0.136852,0.321079,0.01675,0.000052,0.000052,0.000052,0.000052,0.474008,0.000052,0.000052
CCATGCTCTGCAGGAA-1,0.000032,0.05795,0.019405,0.204759,0.141187,0.042171,0.04088,0.041695,0.014223,0.185425,0.032161,0.15206,0.068052
CCATGGCAAACGCTCA-1,0.000018,0.017759,0.000018,0.11138,0.186833,0.001666,0.047525,0.176644,0.184135,0.03685,0.121861,0.095851,0.01946
CCATGGCCCTTGTACC-1,0.000022,0.052115,0.000022,0.086768,0.069624,0.306711,0.12163,0.018784,0.032264,0.092029,0.066159,0.042431,0.111441
CCATGTTCATCTATAT-1,0.000175,0.106324,0.093927,0.797996,0.000175,0.000175,0.000175,0.000175,0.000175,0.000175,0.000175,0.000175,0.000175
CCATTAGCGATAATCC-1,0.000029,0.057714,0.000029,0.000173,0.280918,0.231078,0.048325,0.018393,0.003102,0.184859,0.132648,0.014462,0.028269
CCATTCCCTGCCCACA-1,0.000026,0.002359,0.016462,0.081866,0.080198,0.069851,0.160416,0.095981,0.040336,0.025504,0.152191,0.047229,0.227581
CCATTGTTTCCTCCAT-1,0.000186,0.000013,0.02645,0.021269,0.019963,0.067728,0.099007,0.039617,0.053139,0.042358,0.069043,0.421288,0.139939
CCATTTCTACCTATTA-1,0.000132,0.000132,0.068852,0.65662,0.273204,0.000132,0.000132,0.000132,0.000132,0.000132,0.000132,0.000132,0.000132
CCCAAACATGCTGCTC-1,0.000008,0.000008,0.000008,0.001989,0.000431,0.316158,0.035426,0.049891,0.456362,0.014195,0.090712,0.013779,0.021033
CCCAACATACGTCGCG-1,0.000036,0.000036,0.000036,0.044952,0.321595,0.045061,0.008069,0.199269,0.127513,0.021531,0.202454,0.020923,0.008525
CCCAACCACACTAACA-1,0.000021,0.121593,0.287769,0.088398,0.113553,0.0194,0.038009,0.047173,0.014339,0.26021,0.007739,0.000021,0.001776
CCCAAGAATGCACGGT-1,0.000025,0.016373,0.680082,0.236699,0.000025,0.007594,0.021388,0.012029,0.018125,0.000025,0.000025,0.000025,0.007587
CCCAAGACAGAGTATG-1,0.00002,0.690325,0.009811,0.002666,0.01672,0.00002,0.190142,0.030277,0.014658,0.012947,0.000084,0.018594,0.013737
CCCAAGTCATTACACT-1,0.000061,0.000061,0.000061,0.263337,0.252819,0.000061,0.000061,0.408756,0.013415,0.000061,0.027984,0.000446,0.032877
CCCAATGAGATTTGCA-1,0.000265,0.000265,0.640039,0.000265,0.000265,0.000265,0.000265,0.357044,0.000265,0.000265,0.000265,0.000265,0.000265
CCCAATTTCACAACTT-1,0.000025,0.000025,0.000025,0.156485,0.062568,0.117089,0.01436,0.039438,0.198571,0.023469,0.265681,0.075762,0.046502
CCCACTCCACGGTATC-1,0.000064,0.000064,0.000064,0.143507,0.496573,0.000064,0.000064,0.143101,0.049508,0.000064,0.161804,0.005057,0.000064
CCCAGAGGAGGGCGTA-1,0.000012,0.00085,0.003095,0.089775,0.019515,0.059704,0.246705,0.127224,0.071057,0.086885,0.033323,0.166269,0.095586
CCCAGATTCCCGTGAC-1,0.00002,0.006304,0.024253,0.016779,0.021183,0.018485,0.078977,0.232995,0.082807,0.043809,0.048336,0.379018,0.047032
CCCAGGAAGAATTCGA-1,0.000862,0.00002,0.00002,0.121555,0.334195,0.023783,0.002343,0.160252,0.02258,0.009834,0.172975,0.085788,0.065793
CCCAGGTCTGAAGGCT-1,0.000095,0.000095,0.022933,0.786696,0.18942,0.000095,0.000095,0.000095,0.000095,0.000095,0.000095,0.000095,0.000095
CCCAGTAAACTTGGGA-1,0.000008,0.000008,0.000008,0.019981,0.008478,0.140415,0.037612,0.280461,0.435686,0.009887,0.035799,0.02165,0.010006
CCCAGTTAAGGCGCCG-1,0.000027,0.000027,0.000027,0.052518,0.08749,0.183096,0.017169,0.334864,0.151036,0.034998,0.093144,0.040288,0.005315
CCCATTATTGTATCCT-1,0.000042,0.000042,0.000042,0.190531,0.010881,0.000042,0.000042,0.103695,0.042841,0.000042,0.000042,0.095069,0.556692
CCCGAAGTTTCGCGAA-1,0.000041,0.000041,0.000041,0.032849,0.507697,0.00036,0.021091,0.05605,0.055535,0.016606,0.302941,0.006708,0.000041
CCCGACCATAGTCCGC-1,0.000026,0.0192,0.035955,0.089217,0.180596,0.035887,0.097067,0.039724,0.005347,0.042759,0.069359,0.08732,0.297544
CCCGAGTTTCTCCGTA-1,0.000024,0.000024,0.000024,0.071253,0.035361,0.026221,0.031023,0.508976,0.245,0.018323,0.008043,0.047247,0.008481
CCCGATAGCCTCGCCT-1,0.000027,0.000027,0.000027,0.070205,0.180459,0.015713,0.020294,0.07628,0.097445,0.014329,0.330527,0.164035,0.030632
CCCGCAAATAATCATC-1,0.000015,0.000015,0.000015,0.065788,0.237822,0.010108,0.014486,0.055229,0.12849,0.015491,0.374202,0.060852,0.037485
CCCGCAGCGCGAACTA-1,0.000027,0.000027,0.000027,0.345216,0.013023,0.020203,0.018724,0.45359,0.123822,0.003227,0.000027,0.007075,0.015011
CCCGCAGGGCCCAAAG-1,0.000015,0.41972,0.02406,0.004326,0.03486,0.011019,0.136422,0.217427,0.059935,0.074114,0.003874,0.009536,0.004691
CCCGCCATGCTCCCGT-1,0.00003,0.10311,0.003924,0.024337,0.005181,0.113347,0.200887,0.11284,0.155299,0.059528,0.071083,0.029727,0.120707
CCCGCGCAATGCACCC-1,0.00003,0.042153,0.086849,0.122516,0.169683,0.03835,0.202504,0.055169,0.031725,0.176732,0.042568,0.004055,0.027667
CCCGCTAGAGGGTTAA-1,0.000032,0.933632,0.036214,0.009442,0.008636,0.000032,0.000032,0.000032,0.000032,0.000032,0.011823,0.000032,0.000032
CCCGCTTGCCCTCGTC-1,0.000033,0.37875,0.503897,0.052944,0.000033,0.000033,0.029595,0.032841,0.000033,0.000033,0.000033,0.001743,0.000033
CCCGGCACGTGTCAGG-1,0.000029,0.003506,0.000029,0.164437,0.376919,0.001331,0.00406,0.033819,0.163535,0.004888,0.148769,0.089091,0.009585
CCCGGCTAGGTGAGAA-1,0.000041,0.891088,0.108461,0.000041,0.000041,0.000041,0.000041,0.000041,0.000041,0.000041,0.000041,0.000041,0.000041
CCCGGGTCGTTCAGGG-1,0.000064,0.000064,0.000064,0.415024,0.475478,0.000064,0.000064,0.010639,0.038668,0.009722,0.006242,0.043846,0.000064
CCCGGTGGAAGAACCT-1,0.00002,0.002889,0.004969,0.017982,0.119905,0.397419,0.048963,0.007068,0.006726,0.173171,0.097216,0.002265,0.121408
CCCGGTGTATCGGAAT-1,0.000011,0.000374,0.004915,0.07968,0.021875,0.105065,0.025744,0.483449,0.196171,0.010401,0.019517,0.026529,0.026268
CCCGTAAGTCTAGGCC-1,0.000022,0.000022,0.000022,0.068496,0.048823,0.215719,0.009425,0.034648,0.220184,0.034096,0.320305,0.029878,0.018358
CCCGTAGCTGGGAAGA-1,0.000133,0.000133,0.018477,0.826709,0.153485,0.000133,0.000133,0.000133,0.000133,0.000133,0.000133,0.000133,0.000133
CCCGTCAGCGTCTGAC-1,0.000029,0.075412,0.007491,0.103892,0.039418,0.265188,0.028988,0.008754,0.022142,0.219159,0.199632,0.009588,0.020306
CCCGTGACAGTGCCTT-1,0.000048,0.025004,0.000048,0.064151,0.510131,0.000048,0.001752,0.009069,0.156185,0.000048,0.166713,0.066754,0.000048
CCCGTGAGGGCGGTGA-1,0.000041,0.031824,0.000041,0.12425,0.35052,0.031588,0.000041,0.010411,0.029827,0.021108,0.397133,0.00171,0.001508
CCCGTGGGTTAATTGA-1,0.000626,0.438969,0.56013,0.000027,0.000027,0.000027,0.000027,0.000027,0.000027,0.000027,0.000027,0.000027,0.000027
CCCGTTTCGCAGATGT-1,0.000154,0.057176,0.043572,0.842185,0.055679,0.000154,0.000154,0.000154,0.000154,0.000154,0.000154,0.000154,0.000154
CCCTACCCACACCCAG-1,0.000525,0.063482,0.000014,0.001767,0.004281,0.086321,0.089179,0.209628,0.27198,0.003576,0.066985,0.164157,0.038106
CCCTACTTGAACAATG-1,0.000016,0.002666,0.002866,0.158779,0.217028,0.021926,0.022373,0.248989,0.178986,0.003205,0.100157,0.02832,0.014688
CCCTAGCTCTAAGGTC-1,0.000025,0.000025,0.000025,0.026123,0.244893,0.014408,0.003448,0.081644,0.087744,0.003329,0.346524,0.185475,0.006337
CCCTAGGCAACAAGAG-1,0.000026,0.000026,0.000026,0.138498,0.433493,0.01433,0.002134,0.020337,0.119395,0.014436,0.247348,0.000462,0.00949
CCCTAGTGTCAGGTGT-1,0.000047,0.234766,0.49516,0.166719,0.097528,0.000047,0.000047,0.000047,0.000047,0.000047,0.005449,0.000047,0.000047
CCCTATGTAGAGCAGA-1,0.000368,0.000368,0.583831,0.000368,0.23196,0.000368,0.000368,0.180528,0.000368,0.000368,0.000368,0.000368,0.000368
CCCTCAAGCTCTTAGT-1,0.000038,0.208899,0.040664,0.186495,0.108949,0.031784,0.098056,0.020937,0.028602,0.184534,0.060352,0.003624,0.027065
CCCTCAGATCGAGAAC-1,0.000016,0.010646,0.006198,0.094052,0.018341,0.001836,0.059461,0.53865,0.097609,0.012213,0.013572,0.13708,0.010326
CCCTCATCACAGAGTA-1,0.000019,0.008589,0.000019,0.068678,0.026295,0.016012,0.03396,0.267278,0.144377,0.005078,0.105366,0.312902,0.011426
CCCTCATTCTGGAATT-1,0.000044,0.059213,0.156757,0.181843,0.018251,0.006918,0.182993,0.238494,0.030003,0.081981,0.000044,0.025923,0.017535
CCCTCCTCGCTCGTAT-1,0.000039,0.000039,0.000039,0.373088,0.011252,0.015454,0.054394,0.451659,0.093879,0.000039,0.000039,0.000039,0.000039
CCCTCGATAATACACA-1,0.000083,0.000083,0.070776,0.682006,0.24639,0.000083,0.000083,0.000083,0.000083,0.000083,0.000083,0.000083,0.000083
CCCTCGGGAGCCTTGT-1,0.000048,0.770093,0.080662,0.046848,0.101969,0.000048,0.000048,0.000048,0.000048,0.000048,0.000048,0.000048,0.000048
CCCTGAAATGAGTTGA-1,0.00001,0.00001,0.004118,0.00292,0.042677,0.454064,0.113144,0.023347,0.099724,0.036052,0.031793,0.020772,0.171369
CCCTGACTAACAAATT-1,0.000028,0.032556,0.000028,0.045186,0.665505,0.00014,0.000028,0.000028,0.000028,0.000028,0.192516,0.01581,0.048122
CCCTGATGTAACTCGT-1,0.000642,0.172694,0.338439,0.367019,0.000042,0.022145,0.034102,0.000042,0.000042,0.002127,0.000042,0.022869,0.039793
CCCTGCCCAATCCGCT-1,0.000048,0.000048,0.000048,0.190422,0.191048,0.001726,0.000048,0.000048,0.000098,0.005787,0.604823,0.001765,0.004089
CCCTGCGCTACGCATA-1,0.000026,0.000026,0.012827,0.032378,0.116097,0.231232,0.023489,0.088313,0.074924,0.123616,0.061677,0.136042,0.099354
CCCTGGCTGTTCCTTC-1,0.000066,0.000066,0.017223,0.07372,0.368449,0.000066,0.001582,0.067361,0.090579,0.045252,0.285425,0.027508,0.022704
CCCTGGGAGGGATCCT-1,0.000034,0.000034,0.000034,0.166976,0.508243,0.005709,0.000034,0.010611,0.011364,0.018281,0.27642,0.002226,0.000034
CCCTGGTATGGGCGGC-1,0.000012,0.380974,0.000722,0.000012,0.000012,0.00404,0.577893,0.022849,0.008385,0.000013,0.000012,0.000864,0.004214
CCCTGTTGGCAAAGAC-1,0.000461,0.372967,0.000011,0.000011,0.000011,0.005265,0.557105,0.046967,0.009797,0.000011,0.000011,0.004478,0.002905
CCCTTCTCGTACGCGA-1,0.000038,0.352007,0.602754,0.044861,0.000038,0.000038,0.000038,0.000038,0.000038,0.000038,0.000038,0.000038,0.000038
CCCTTTAATGGAGTTC-1,0.000385,0.000385,0.230733,0.483498,0.107375,0.174932,0.000385,0.000385,0.000385,0.000385,0.000385,0.000385,0.000385
CCCTTTGACAGGTCTT-1,0.000079,0.000079,0.015059,0.588467,0.001679,0.122364,0.000079,0.154234,0.117577,0.000079,0.000079,0.000145,0.000079
CCGAAACACGACCTCT-1,0.000049,0.019514,0.000049,0.481634,0.421064,0.000049,0.000049,0.055816,0.000049,0.008037,0.009718,0.003924,0.000049
CCGAAAGTGGTGAGCA-1,0.000018,0.105634,0.020171,0.144705,0.054685,0.043015,0.260438,0.085409,0.051962,0.15662,0.023086,0.015494,0.038762
CCGAACACTGGGCCTC-1,0.000027,0.000027,0.000027,0.001788,0.221436,0.061003,0.000594,0.250041,0.137266,0.010049,0.206255,0.060736,0.05075
CCGAACCTTCCCGGCC-1,0.000013,0.000013,0.000896,0.025807,0.000013,0.00661,0.089035,0.705652,0.164253,0.000013,0.000013,0.006417,0.001266
CCGAAGCATTGACCAA-1,0.000269,0.000269,0.6621,0.109722,0.000269,0.000269,0.000269,0.225488,0.000269,0.000269,0.000269,0.000269,0.000269
CCGAAGGGCGTACCGC-1,0.000242,0.000017,0.001216,0.086539,0.201208,0.035138,0.015985,0.021133,0.046423,0.03188,0.416587,0.097496,0.046137
CCGAAGTATATTGTTC-1,0.000013,0.000013,0.000013,0.000013,0.000013,0.12236,0.418822,0.102786,0.226355,0.014291,0.043701,0.039985,0.031637
CCGACAAACACATGAG-1,0.001349,0.092053,0.3314,0.269362,0.29572,0.00004,0.00004,0.00004,0.00004,0.00984,0.00004,0.00004,0.00004
CCGACAAAGGGAGTGC-1,0.000364,0.019227,0.017677,0.115553,0.095949,0.281244,0.03065,0.014051,0.024373,0.209436,0.10873,0.021021,0.061726
CCGACAATAGGCCGCC-1,0.000168,0.000168,0.30618,0.428905,0.105207,0.000168,0.000168,0.158193,0.000168,0.000168,0.000168,0.000168,0.000168
CCGACGGGCATGAGGT-1,0.000834,0.000053,0.108286,0.279879,0.118108,0.000053,0.028099,0.35241,0.019898,0.000053,0.008431,0.053183,0.030715
CCGACGTAAACACAAC-1,0.000034,0.018081,0.274419,0.032065,0.617521,0.000034,0.000034,0.000034,0.000034,0.008407,0.046527,0.000034,0.002774
CCGACTCGCATAGTCT-1,0.003506,0.494815,0.287876,0.061955,0.077181,0.00005,0.00005,0.020255,0.00005,0.00005,0.00005,0.054114,0.00005
CCGAGAAGTCGCATAA-1,0.002095,0.000029,0.000029,0.186045,0.043071,0.077397,0.037904,0.191889,0.231529,0.0094,0.026496,0.146264,0.047853
CCGAGCTGTGCTTGTC-1,0.000031,0.000031,0.029259,0.183265,0.160608,0.062495,0.031257,0.067573,0.015344,0.351835,0.068823,0.028913,0.000566
CCGAGGGATGTTAGGC-1,0.00005,0.081092,0.279479,0.001168,0.182502,0.024165,0.03795,0.014317,0.070418,0.222928,0.069877,0.007585,0.00847
CCGATCTCAACCTTAT-1,0.000021,0.000021,0.00818,0.015961,0.157977,0.011187,0.042416,0.095,0.016316,0.009289,0.08965,0.107302,0.446682
CCGATCTTAAGAGGCT-1,0.000016,0.000016,0.049075,0.023521,0.194545,0.000016,0.001468,0.000606,0.000016,0.000853,0.627244,0.090646,0.011976
CCGATTCGAGGGACCC-1,0.000031,0.000758,0.005994,0.0472,0.34898,0.043827,0.005097,0.023095,0.034614,0.151949,0.222233,0.038217,0.078005
CCGATTGGTCAATGAA-1,0.000023,0.045736,0.13149,0.048351,0.151998,0.068573,0.068151,0.025141,0.038642,0.235447,0.09033,0.05189,0.044229
CCGCACAAAGACCAAC-1,0.00002,0.006301,0.009162,0.059452,0.333474,0.016759,0.002582,0.029976,0.033201,0.022843,0.452564,0.021933,0.011732
CCGCACACGAACGTGT-1,0.000034,0.000034,0.000034,0.11057,0.098033,0.009512,0.018361,0.095086,0.284475,0.046599,0.107517,0.223387,0.006358
CCGCACGTGACCTCGG-1,0.000027,0.032738,0.037053,0.053968,0.00466,0.306843,0.177834,0.052909,0.064628,0.016627,0.002782,0.031274,0.218656
CCGCACTTGCAATGAC-1,0.000038,0.000038,0.000038,0.486792,0.049076,0.000038,0.03376,0.415731,0.009443,0.000038,0.000038,0.004402,0.000567
CCGCATGTGGTACGAT-1,0.000058,0.036007,0.019519,0.646514,0.233711,0.000058,0.000058,0.000058,0.000058,0.000058,0.001037,0.062806,0.000058
CCGCCACCACAATCCA-1,0.000018,0.532237,0.185367,0.000018,0.000018,0.007798,0.171214,0.079703,0.006518,0.004755,0.000018,0.008558,0.003778
CCGCCGGAACTTCTCG-1,0.000049,0.000049,0.008631,0.248166,0.344969,0.000049,0.007342,0.332291,0.057799,0.000049,0.000049,0.000507,0.000049
CCGCCGGTCAACACAC-1,0.000014,0.249694,0.000804,0.050119,0.023672,0.071674,0.310474,0.081398,0.121906,0.040021,0.030019,0.005308,0.014896
CCGCCGTTGAGGATAA-1,0.00002,0.00002,0.00002,0.087853,0.001221,0.020059,0.005544,0.015461,0.002489,0.00002,0.015786,0.78219,0.069318
CCGCCTGCGAATTGGT-1,0.000022,0.025534,0.10795,0.207595,0.00785,0.037361,0.203252,0.103078,0.015227,0.017633,0.001045,0.113978,0.159475
CCGCCTTGCGATGTCG-1,0.000019,0.000019,0.000019,0.003023,0.006004,0.178148,0.000019,0.015724,0.175815,0.004006,0.591166,0.010093,0.015944
CCGCGATTTGGTAGGT-1,0.000049,0.081928,0.000049,0.031328,0.453745,0.024063,0.006941,0.000049,0.000049,0.009326,0.304618,0.01833,0.069523
CCGCGCAAGATACCCA-1,0.003225,0.000167,0.655856,0.000167,0.000167,0.000167,0.000167,0.339251,0.000167,0.000167,0.000167,0.000167,0.000167
CCGCGGAATGCGTCAC-1,0.000045,0.000045,0.000045,0.272143,0.148797,0.013829,0.006592,0.451791,0.060144,0.002559,0.030468,0.00542,0.00812
CCGCGGGTACGAAGAA-1,0.000019,0.009656,0.001821,0.122254,0.192391,0.138247,0.013176,0.009984,0.018694,0.059619,0.159656,0.05668,0.217803
CCGCGTAGGTAAGGGC-1,0.000075,0.000075,0.06226,0.053121,0.104188,0.101999,0.019157,0.000075,0.017891,0.234516,0.021173,0.000211,0.385259
CCGCTATCAGCACCAG-1,0.000043,0.000043,0.000043,0.260502,0.124303,0.032853,0.017791,0.187049,0.006389,0.000043,0.078622,0.165928,0.126389
CCGCTCCAGGGCGATC-1,0.000018,0.000018,0.000018,0.125114,0.017407,0.021016,0.04552,0.368145,0.030379,0.010757,0.011583,0.310386,0.05964
CCGCTCCGGATAAGCT-1,0.000057,0.000057,0.025594,0.232546,0.334205,0.000057,0.000057,0.348862,0.031853,0.000057,0.006549,0.02005,0.000057
CCGCTCTTCCGAACTA-1,0.001414,0.00016,0.207945,0.492664,0.296538,0.00016,0.00016,0.00016,0.00016,0.00016,0.00016,0.00016,0.00016
CCGCTGGTGCCATTCA-1,0.000014,0.999828,0.000014,0.000014,0.000014,0.000014,0.000014,0.000014,0.000014,0.000014,0.000014,0.000014,0.000014
CCGCTTACCTCACTCT-1,0.000034,0.000034,0.000034,0.052664,0.102928,0.012678,0.005089,0.550368,0.198865,0.006902,0.061184,0.005812,0.00341
CCGCTTCGCGGTTAAC-1,0.000031,0.835213,0.065698,0.016103,0.071614,0.000031,0.000031,0.000031,0.000031,0.000031,0.011127,0.000031,0.000031
CCGCTTGCTGACATGG-1,0.000192,0.030866,0.007828,0.039944,0.007438,0.416262,0.033087,0.010532,0.051514,0.023617,0.24321,0.071072,0.064438
CCGGAAGTGCAATATG-1,0.000029,0.021298,0.016486,0.09625,0.155937,0.041849,0.046718,0.092227,0.305708,0.019962,0.053413,0.137339,0.012785
CCGGAAGTTATCAGTC-1,0.000063,0.000063,0.000063,0.093982,0.025433,0.000063,0.000081,0.517427,0.012555,0.000063,0.000063,0.350078,0.000063
CCGGAATGGTTTCAGT-1,0.000025,0.089046,0.000025,0.101424,0.114888,0.162705,0.029811,0.093639,0.087415,0.270339,0.040131,0.003579,0.006972
CCGGAGCGTACTTTCT-1,0.00021,0.00021,0.039318,0.331453,0.627133,0.00021,0.00021,0.00021,0.00021,0.00021,0.00021,0.00021,0.00021
CCGGAGGTCTTATGGT-1,0.000131,0.000008,0.000008,0.000048,0.000008,0.275129,0.06024,0.003045,0.013968,0.003197,0.119946,0.403441,0.12083
CCGGCACGACCGTTTC-1,0.000019,0.001899,0.000019,0.038464,0.095189,0.059183,0.03469,0.04797,0.039615,0.077826,0.122957,0.209756,0.272412
CCGGCCGCGAGCATAT-1,0.000119,0.000119,0.036871,0.523628,0.438314,0.000119,0.000119,0.000119,0.000119,0.000119,0.000119,0.000119,0.000119
CCGGCGCATATTGGAT-1,0.000016,0.000891,0.012375,0.011701,0.026161,0.107304,0.484399,0.117101,0.065177,0.142515,0.016465,0.00177,0.014123
CCGGCGTGAGACTCTG-1,0.000036,0.000036,0.000036,0.00083,0.301796,0.027598,0.016123,0.140608,0.121814,0.002095,0.290759,0.092276,0.005992
CCGGGACCCGCAGAGA-1,0.000613,0.00887,0.014016,0.026852,0.107223,0.039982,0.08615,0.105459,0.052151,0.275851,0.083071,0.10121,0.098552
CCGGGCGGTCTCGTCA-1,0.00003,0.011738,0.007887,0.02135,0.30442,0.055726,0.002532,0.019213,0.029128,0.033711,0.39923,0.036248,0.078787
CCGGGCTAAGAATTTC-1,0.000054,0.000054,0.084723,0.851732,0.047015,0.000054,0.000054,0.000054,0.000054,0.000054,0.016042,0.000054,0.000054
CCGGGCTGCTCCATAC-1,0.00004,0.00004,0.00004,0.094795,0.443615,0.015409,0.00004,0.013005,0.021289,0.126078,0.282516,0.00004,0.003092
CCGGGTTCGAGGTTAC-1,0.000046,0.038198,0.005115,0.026036,0.432786,0.006046,0.000046,0.000046,0.000046,0.000046,0.481921,0.008593,0.001075
CCGGTAATGGCTAGTC-1,0.000012,0.065734,0.000012,0.000012,0.009632,0.101445,0.092576,0.042918,0.37152,0.0484,0.118565,0.100544,0.048632
CCGGTATCTGGCGACT-1,0.000054,0.026736,0.016134,0.145492,0.428665,0.000054,0.000054,0.002598,0.000054,0.000054,0.281507,0.094728,0.003868
CCGGTGCGAGTGATAG-1,0.000038,0.933421,0.066164,0.000038,0.000038,0.000038,0.000038,0.000038,0.000038,0.000038,0.000038,0.000038,0.000038
CCGGTTTGTAATTGTG-1,0.000145,0.000145,0.000145,0.958438,0.039971,0.000145,0.000145,0.000145,0.000145,0.000145,0.000145,0.000145,0.000145
CCGTAAGTTGGTCCCA-1,0.000027,0.000027,0.000027,0.030322,0.155132,0.102803,0.000027,0.011274,0.034202,0.004768,0.299438,0.131817,0.230133
CCGTACCCAAGCGCCA-1,0.000059,0.318467,0.091331,0.129894,0.355103,0.025943,0.000658,0.000059,0.000059,0.035937,0.008043,0.000059,0.03439
CCGTATCTCGTCGTAG-1,0.000058,0.000058,0.000058,0.076646,0.421477,0.000058,0.000058,0.481347,0.008626,0.003599,0.000058,0.007903,0.000058
CCGTATTAGCGCAGTT-1,0.000015,0.022486,0.010404,0.054853,0.062834,0.101822,0.229243,0.047502,0.055528,0.2357,0.048994,0.065108,0.065511
CCGTCAACCTCTGGCG-1,0.000073,0.000073,0.169362,0.829837,0.000073,0.000073,0.000073,0.000073,0.000073,0.000073,0.000073,0.000073,0.000073
CCGTGAGGCATTCATG-1,0.000033,0.000033,0.000033,0.080589,0.050381,0.046368,0.008775,0.034634,0.056561,0.025496,0.444048,0.204943,0.048106
CCGTGCCCATGACGGC-1,0.000016,0.052382,0.024846,0.001723,0.000023,0.015843,0.676327,0.13783,0.029909,0.003603,0.005617,0.020718,0.031162
CCGTGGAACGATCCAA-1,0.000008,0.000008,0.008263,0.036228,0.053522,0.100598,0.23477,0.150385,0.104498,0.139991,0.111701,0.030706,0.029321
CCGTGTTAAATTCCAT-1,0.000052,0.000052,0.000052,0.21934,0.033911,0.11022,0.017173,0.381015,0.067785,0.000052,0.039778,0.04343,0.087142
CCGTTACGTTAGAACA-1,0.00257,0.041558,0.028807,0.177874,0.079878,0.076978,0.040236,0.041686,0.030927,0.156032,0.042493,0.112173,0.168789
CCGTTCCGAATCTCGG-1,0.000012,0.000012,0.000012,0.000045,0.0115,0.238856,0.006488,0.039187,0.290135,0.009963,0.338543,0.050011,0.015237
CCGTTTCCTTTCCGTG-1,0.000039,0.000039,0.104569,0.17266,0.036338,0.036486,0.059121,0.136221,0.182026,0.047721,0.047031,0.177651,0.000098
CCTAAACAGGGTCCGT-1,0.000024,0.70934,0.11446,0.005067,0.039095,0.012929,0.027583,0.000024,0.000024,0.008935,0.078934,0.002681,0.000904
CCTAAAGGCTGACGCT-1,0.000031,0.146753,0.06021,0.043215,0.355982,0.025904,0.129248,0.01566,0.013527,0.093173,0.044806,0.001187,0.070303
CCTAAATTAACGGTTC-1,0.000043,0.000043,0.000043,0.490012,0.168301,0.020761,0.002531,0.075133,0.080009,0.000043,0.084043,0.040277,0.038762
CCTAAATTGTATCCTA-1,0.000094,0.000094,0.000094,0.99887,0.000094,0.000094,0.000094,0.000094,0.000094,0.000094,0.000094,0.000094,0.000094
CCTAACCCAAACAAGT-1,0.000014,0.000014,0.003383,0.068557,0.041885,0.000876,0.023151,0.748804,0.091464,0.000014,0.001745,0.011921,0.008174
CCTAACTAAGGCTCTA-1,0.00002,0.052697,0.009671,0.042509,0.133078,0.028306,0.14608,0.042649,0.117263,0.228478,0.085373,0.055909,0.057966
CCTAAGTGTCTAACCG-1,0.000029,0.475977,0.341584,0.014551,0.013328,0.024326,0.043804,0.000029,0.000029,0.036823,0.004055,0.030483,0.014983
CCTACAAGTCCGGAAT-1,0.000015,0.045454,0.015052,0.019181,0.082555,0.086782,0.092728,0.074751,0.13965,0.243873,0.034319,0.067115,0.098525
CCTACAGTTGAGGGAG-1,0.000034,0.000034,0.013628,0.071632,0.14545,0.007001,0.000034,0.042542,0.158525,0.000034,0.379072,0.176911,0.005103
CCTACATTCACAGACG-1,0.004895,0.00003,0.00003,0.15692,0.102912,0.00003,0.024022,0.582605,0.045375,0.00003,0.049488,0.021974,0.01169
CCTACGCGACCTTACA-1,0.000044,0.115249,0.239728,0.109105,0.390767,0.000044,0.000044,0.000044,0.000044,0.144232,0.000078,0.000044,0.000581
CCTACGGCTCAGTCGA-1,0.000027,0.115774,0.004181,0.11652,0.064175,0.110009,0.004869,0.020861,0.004467,0.024183,0.202703,0.285485,0.046745
CCTACTGCGGCGGCCA-1,0.000018,0.000018,0.002565,0.031468,0.233021,0.033881,0.004242,0.006593,0.006442,0.041331,0.602019,0.02482,0.013582
CCTACTGCTTACACTT-1,0.000017,0.000017,0.000017,0.056424,0.059828,0.480161,0.069668,0.043835,0.067741,0.042776,0.09198,0.009886,0.07765
CCTAGGCGTAGCGATC-1,0.000035,0.000035,0.011097,0.086246,0.225838,0.042074,0.005785,0.058741,0.032492,0.005988,0.388249,0.004567,0.138853
CCTAGGTAAAGGTAGC-1,0.000021,0.013243,0.000021,0.106094,0.213869,0.021857,0.025597,0.274893,0.227932,0.013558,0.056172,0.031647,0.015097
CCTAGTTAGTCGCATG-1,0.000453,0.330339,0.114809,0.188299,0.024383,0.010097,0.029953,0.105761,0.135561,0.021207,0.013118,0.01757,0.008449
CCTATAATGAGTGCCC-1,0.000076,0.042526,0.000076,0.570154,0.19439,0.000076,0.000076,0.000076,0.000076,0.000076,0.000076,0.18702,0.005303
CCTATACCGTCCTGTC-1,0.000132,0.000132,0.140525,0.672581,0.04127,0.000132,0.000132,0.000132,0.000132,0.000132,0.144439,0.000132,0.000132
CCTATCTATATCGGAA-1,0.000036,0.000036,0.007015,0.156062,0.304475,0.030965,0.157357,0.056389,0.067016,0.12717,0.055732,0.002233,0.035513
CCTATGAAGTGGTGCC-1,0.00003,0.00003,0.000051,0.047231,0.346705,0.02448,0.011541,0.023938,0.007083,0.044342,0.393604,0.059295,0.04167
CCTATGGCTCCTAGTG-1,0.000155,0.000155,0.779128,0.000155,0.000155,0.000155,0.000155,0.21917,0.000155,0.000155,0.000155,0.000155,0.000155
CCTATGGGTTACCGTC-1,0.000034,0.007372,0.018246,0.044921,0.385299,0.129723,0.005745,0.000034,0.003691,0.162012,0.170286,0.043047,0.029589
CCTATGGTCAAAGCTG-1,0.000016,0.000016,0.000016,0.230857,0.125862,0.024288,0.0209,0.322274,0.15541,0.011915,0.025382,0.071228,0.011836
CCTATTATTCCGGCCG-1,0.000578,0.000578,0.501118,0.000578,0.235612,0.000578,0.000578,0.257487,0.000578,0.000578,0.000578,0.000578,0.000578
CCTCAACGATCGCTGT-1,0.000027,0.000027,0.000027,0.025823,0.278701,0.01723,0.024309,0.280456,0.206658,0.000027,0.06772,0.08658,0.012414
CCTCACCAATCTTGAC-1,0.000041,0.005035,0.077732,0.12856,0.1421,0.055707,0.102369,0.140949,0.024922,0.124537,0.104191,0.045878,0.047978
CCTCACCTGAGGGAGC-1,0.000039,0.000039,0.022186,0.035304,0.335185,0.169945,0.012977,0.006788,0.000849,0.191239,0.137326,0.005193,0.082929
CCTCACCTTAGCATCG-1,0.000027,0.036304,0.027059,0.037176,0.138077,0.101447,0.068919,0.038619,0.075732,0.09604,0.10401,0.03952,0.23707
CCTCATGCAGCTACGA-1,0.000804,0.095191,0.517989,0.150215,0.000053,0.001657,0.162725,0.029229,0.031897,0.002391,0.000053,0.000053,0.007742
CCTCCCGACAATCCCT-1,0.000018,0.276897,0.086366,0.028415,0.005953,0.007416,0.259677,0.287829,0.013345,0.007506,0.000018,0.016489,0.01007
CCTCCGACAATTCAAG-1,0.000012,0.000012,0.000012,0.000233,0.003612,0.607389,0.090372,0.061266,0.080759,0.024415,0.021528,0.014064,0.096326
CCTCCTAGCTAGAGTC-1,0.000185,0.000185,0.17758,0.771451,0.049116,0.000185,0.000185,0.000185,0.000185,0.000185,0.000185,0.000185,0.000185
CCTCCTGAGCCCACAT-1,0.000036,0.025763,0.000036,0.037692,0.401761,0.046666,0.000234,0.000036,0.000036,0.06842,0.216446,0.011578,0.191297
CCTCGAAGTGGACGGG-1,0.000015,0.018813,0.019956,0.280755,0.000015,0.073623,0.433537,0.074201,0.06503,0.028788,0.002619,0.000015,0.002633
CCTCGACCCACTGCCT-1,0.000024,0.978817,0.02092,0.000024,0.000024,0.000024,0.000024,0.000024,0.000024,0.000024,0.000024,0.000024,0.000024
CCTCGCCAGCAAATTA-1,0.000021,0.025655,0.008732,0.064361,0.136089,0.021644,0.222998,0.073494,0.040926,0.202587,0.137684,0.018834,0.046978
CCTCGCGCGATATAGG-1,0.000012,0.000012,0.000012,0.022652,0.029155,0.07882,0.391785,0.160381,0.129471,0.096234,0.044428,0.030963,0.016074
CCTCGCGCTGTGCGAT-1,0.000125,0.000125,0.032932,0.553842,0.411977,0.000125,0.000125,0.000125,0.000125,0.000125,0.000125,0.000125,0.000125
CCTCGGACCGGGATAG-1,0.000028,0.006328,0.005218,0.084695,0.287248,0.144172,0.004824,0.075293,0.131901,0.052503,0.155208,0.041471,0.011109
CCTCGGATGCTACCTG-1,0.000024,0.078869,0.000024,0.016934,0.067316,0.433378,0.066676,0.007716,0.027515,0.10946,0.04183,0.008733,0.141525
CCTCGGTTTCCTTGCC-1,0.000021,0.000021,0.000349,0.097759,0.0432,0.024625,0.011779,0.454725,0.099714,0.004129,0.007786,0.20485,0.051042
CCTCGTTACGCCTGTT-1,0.000823,0.000042,0.013188,0.031318,0.593488,0.024844,0.001693,0.000042,0.000042,0.025523,0.08067,0.038445,0.189883
CCTCTAATCTGCCAAG-1,0.000031,0.060256,0.000036,0.089312,0.239124,0.085839,0.061988,0.032875,0.029471,0.045713,0.138694,0.106745,0.109915
CCTCTACAAGGATTGG-1,0.000106,0.000106,0.059948,0.93889,0.000106,0.000106,0.000106,0.000106,0.000106,0.000106,0.000106,0.000106,0.000106
CCTCTATCGATTAGCA-1,0.000809,0.012092,0.00004,0.344716,0.037039,0.000334,0.002399,0.365554,0.086197,0.027927,0.003281,0.000316,0.119297
CCTCTCTCCCATCTAG-1,0.00004,0.017722,0.00004,0.025351,0.270863,0.018422,0.00004,0.006568,0.00533,0.024394,0.22986,0.173756,0.227614
CCTCTGGCCTAGACGG-1,0.00003,0.044139,0.048008,0.175402,0.207096,0.032289,0.205048,0.065529,0.025341,0.130206,0.015581,0.010378,0.040953
CCTCTGTACTATTCTA-1,0.000102,0.000102,0.010603,0.875766,0.014442,0.000102,0.000102,0.000532,0.097841,0.000102,0.000102,0.000102,0.000102
CCTGAACGATATATTC-1,0.000039,0.000039,0.000039,0.197145,0.185072,0.038387,0.002999,0.016127,0.074894,0.00475,0.368687,0.059924,0.051899
CCTGAATATTTACATA-1,0.000335,0.060303,0.022635,0.039905,0.03072,0.256677,0.010254,0.004085,0.004971,0.018162,0.372857,0.119933,0.059164
CCTGACAAACTCGCGC-1,0.000296,0.227534,0.033474,0.042757,0.034967,0.016165,0.196941,0.284379,0.066763,0.0403,0.007552,0.035091,0.013781
CCTGACCACCGATGGT-1,0.000032,0.000032,0.000032,0.09662,0.090954,0.021971,0.000728,0.297698,0.299617,0.003262,0.131502,0.054054,0.003497
CCTGACGCAACCTTTA-1,0.000018,0.999778,0.000018,0.000018,0.000018,0.000018,0.000018,0.000018,0.000018,0.000018,0.000018,0.000018,0.000018
CCTGAGAATAAATGCA-1,0.00001,0.00001,0.003089,0.133741,0.057952,0.003055,0.024646,0.298345,0.046347,0.006121,0.034439,0.350723,0.041521
CCTGATTCGCGAAGAA-1,0.00002,0.005375,0.00002,0.071158,0.237362,0.013981,0.011365,0.095937,0.176592,0.005078,0.197734,0.183528,0.00185
CCTGCCCGTTGTCTAG-1,0.000029,0.007052,0.023182,0.090373,0.103142,0.110551,0.026322,0.020332,0.019532,0.172346,0.114229,0.030979,0.281933
CCTGCGATAGAACTGT-1,0.000048,0.009099,0.712372,0.22966,0.044636,0.000048,0.000048,0.000048,0.000048,0.000048,0.003852,0.000048,0.000048
CCTGCGTTCTACGCTT-1,0.000035,0.138909,0.000654,0.10146,0.117287,0.098639,0.000035,0.000035,0.000035,0.058906,0.062649,0.074514,0.346843
CCTGCTACAACCATAC-1,0.000013,0.000013,0.000013,0.001113,0.02514,0.007881,0.001844,0.010277,0.028473,0.000013,0.219438,0.687974,0.017808
CCTGCTATTTGAGAAG-1,0.000303,0.000077,0.000014,0.070834,0.017088,0.38404,0.151713,0.013886,0.038917,0.027973,0.032391,0.092582,0.170181
CCTGGAAACGTTCTGC-1,0.000032,0.022063,0.059382,0.49015,0.10921,0.007082,0.080956,0.018392,0.014904,0.000706,0.174831,0.022259,0.000032
CCTGGCTAGACCCGCC-1,0.000026,0.001284,0.000026,0.237845,0.008359,0.499165,0.054632,0.009728,0.01596,0.069468,0.011903,0.014381,0.077224
CCTGGTCGAATGTGGG-1,0.00016,0.00016,0.353993,0.002414,0.29687,0.00016,0.00016,0.311086,0.034354,0.00016,0.00016,0.00016,0.00016
CCTGTAAGACATGATA-1,0.000025,0.003811,0.000025,0.111962,0.089993,0.070257,0.019602,0.080805,0.100173,0.020152,0.055813,0.266926,0.180457
CCTGTACTCACGCCCA-1,0.000024,0.000024,0.000024,0.032195,0.179074,0.2229,0.025604,0.061422,0.203648,0.061198,0.179358,0.01772,0.016808
CCTGTCACCCGGGCTC-1,0.000025,0.066462,0.043243,0.159535,0.058658,0.059113,0.00885,0.061266,0.018171,0.130218,0.268088,0.037996,0.088374
CCTGTCCCTCACGTTA-1,0.000019,0.000019,0.000019,0.007652,0.074795,0.067568,0.025242,0.032881,0.102975,0.071975,0.35013,0.18982,0.076906
CCTGTCGCCCGTAAAT-1,0.000027,0.004809,0.042829,0.080763,0.1756,0.068328,0.005824,0.050833,0.151753,0.113085,0.264786,0.030876,0.010487
CCTGTCGTGTATGAAG-1,0.000403,0.000403,0.000403,0.995167,0.000403,0.000403,0.000403,0.000403,0.000403,0.000403,0.000403,0.000403,0.000403
CCTGTGAAACCGTAAC-1,0.000014,0.017724,0.000584,0.008221,0.169424,0.299025,0.029638,0.013343,0.020254,0.10058,0.124301,0.053674,0.163219
CCTGTGCATAGGAGAC-1,0.000015,0.31783,0.009141,0.000015,0.000015,0.007512,0.64871,0.001525,0.000019,0.001085,0.000015,0.004781,0.009336
CCTGTGCGGATTGTAA-1,0.000034,0.0795,0.017222,0.269522,0.086695,0.02541,0.065438,0.031518,0.018928,0.207129,0.101447,0.091174,0.005985
CCTGTTCAACCTCGGG-1,0.000012,0.004891,0.000012,0.025471,0.022144,0.010829,0.063404,0.402652,0.382432,0.004958,0.015187,0.050416,0.017591
CCTGTTTGAAGACACG-1,0.004097,0.000321,0.358203,0.014494,0.420915,0.000321,0.000321,0.199728,0.000321,0.000321,0.000321,0.000321,0.000321
CCTTAAGTACGCAATT-1,0.000025,0.000025,0.000025,0.07807,0.073629,0.021037,0.098951,0.128271,0.047677,0.008744,0.100619,0.332738,0.110189
CCTTCCGCAACGCTGC-1,0.0012,0.000085,0.000085,0.99787,0.000085,0.000085,0.000085,0.000085,0.000085,0.000085,0.000085,0.000085,0.000085
CCTTCGTATAGAATCC-1,0.000016,0.000016,0.000016,0.033812,0.022182,0.022005,0.031495,0.599778,0.170708,0.011554,0.009636,0.085606,0.013176
CCTTCTCAGCGTTCCT-1,0.000045,0.000045,0.000045,0.111813,0.221213,0.064398,0.000045,0.012507,0.096088,0.000045,0.414964,0.078266,0.000523
CCTTCTTGATCCAGTG-1,0.00003,0.00003,0.007622,0.186083,0.100823,0.094415,0.084848,0.030498,0.044223,0.300906,0.089537,0.010853,0.050131
CCTTGACCACTTTATT-1,0.000151,0.000151,0.096843,0.901491,0.000151,0.000151,0.000151,0.000151,0.000151,0.000151,0.000151,0.000151,0.000151
CCTTGTGAACGTGGTT-1,0.000027,0.000027,0.000027,0.050924,0.190937,0.011454,0.037538,0.2174,0.336689,0.018054,0.110204,0.023343,0.003376
CCTTTAAGGGAGCACT-1,0.000255,0.000255,0.262594,0.456666,0.278192,0.000255,0.000255,0.000255,0.000255,0.000255,0.000255,0.000255,0.000255
CCTTTCAATGAAGAAA-1,0.00001,0.009777,0.008486,0.043932,0.156229,0.025607,0.359931,0.069419,0.052365,0.078707,0.091116,0.027919,0.076501
CCTTTGAATTATGGCT-1,0.000135,0.000135,0.096887,0.842983,0.058776,0.000135,0.000135,0.000135,0.000135,0.000135,0.000135,0.000135,0.000135
CGAAACATAGATGGCA-1,0.00002,0.442655,0.098291,0.041152,0.085495,0.043965,0.186321,0.026808,0.006673,0.033262,0.021442,0.004627,0.009289
CGAAACGCAATTCATG-1,0.000031,0.000031,0.000031,0.22034,0.345444,0.070591,0.011261,0.010199,0.03267,0.017357,0.278024,0.001667,0.012353
CGAACAGTATGGGCGT-1,0.000011,0.000011,0.000011,0.000039,0.002769,0.008185,0.0236,0.812801,0.152316,0.000011,0.000011,0.000218,0.000017
CGAACATAGTCAGAAA-1,0.000007,0.017076,0.007164,0.001934,0.014371,0.473934,0.182704,0.040624,0.095777,0.017537,0.053163,0.038352,0.057359
CGAACCCGCATGCGTC-1,0.000033,0.000033,0.000033,0.173553,0.031107,0.124516,0.01217,0.448717,0.064754,0.001508,0.108372,0.016992,0.018213
CGAACCTCTTTCCTAG-1,0.000044,0.000044,0.000044,0.313906,0.237981,0.000044,0.004046,0.278711,0.013913,0.000044,0.006226,0.099482,0.045515
CGAACGCCCAGTGCCG-1,0.000028,0.098604,0.050119,0.19372,0.118356,0.054872,0.163001,0.018658,0.055059,0.11056,0.070413,0.01747,0.04914
CGAACGGCCGGACAAC-1,0.000011,0.000011,0.000011,0.032577,0.079588,0.046654,0.035102,0.123061,0.499227,0.025045,0.08695,0.051937,0.019825
CGAAGACGGTGAGTGC-1,0.00001,0.019383,0.00001,0.00001,0.00001,0.814104,0.100852,0.013521,0.029541,0.002593,0.012333,0.00315,0.004483
CGAAGACTGCCCGGGA-1,0.000025,0.769669,0.065264,0.000025,0.096942,0.014791,0.02115,0.001549,0.000025,0.008081,0.017375,0.005079,0.000025
CGAAGATCAGTTTCAT-1,0.000044,0.000044,0.000044,0.186393,0.527698,0.000509,0.005513,0.052473,0.07365,0.002283,0.129202,0.008412,0.013735
CGAAGCCACAGCATGG-1,0.000117,0.326232,0.016272,0.470557,0.185885,0.000117,0.000117,0.000117,0.000117,0.000117,0.000117,0.000117,0.000117
CGAAGCTATAAATTCA-1,0.000007,0.000007,0.000007,0.018809,0.098948,0.035513,0.426559,0.16775,0.075586,0.086218,0.03777,0.025097,0.027729
CGAAGGGTTTCAGATT-1,0.000136,0.000136,0.264737,0.725481,0.008418,0.000136,0.000136,0.000136,0.000136,0.000136,0.000136,0.000136,0.000136
CGAAGTTGCTCTGTGT-1,0.000022,0.027736,0.000022,0.064874,0.033297,0.201047,0.077327,0.043906,0.105938,0.081718,0.040382,0.039194,0.284538
CGAATCTGCTCGACGC-1,0.000243,0.000243,0.89001,0.000243,0.000243,0.000243,0.000243,0.107321,0.000243,0.000243,0.000243,0.000243,0.000243
CGAATGACGCATAATG-1,0.000861,0.000059,0.034178,0.449289,0.515112,0.000059,0.000059,0.000059,0.000059,0.000059,0.000085,0.000059,0.000059
CGAATGGTAGGTCGTC-1,0.000308,0.000019,0.000019,0.077204,0.097211,0.026454,0.04877,0.539999,0.063436,0.004361,0.030999,0.099147,0.012071
CGAATTACATGGTGTT-1,0.000035,0.003004,0.229743,0.116628,0.222759,0.016588,0.130527,0.053413,0.14799,0.032375,0.022872,0.022893,0.001173
CGACAATTTGATCTAA-1,0.000024,0.000024,0.000024,0.26488,0.19075,0.03076,0.000024,0.079945,0.037229,0.010394,0.347119,0.021116,0.017713
CGACACCGCTTAAGGA-1,0.000014,0.021997,0.013713,0.079162,0.085061,0.181741,0.079589,0.056728,0.027749,0.057779,0.121916,0.127115,0.147437
CGACACGCTCCGACAG-1,0.000028,0.000028,0.000028,0.123728,0.043931,0.023468,0.005193,0.260864,0.072464,0.002183,0.052423,0.090969,0.324695
CGACAGTTCGCGTTAT-1,0.000023,0.042177,0.000023,0.0306,0.095095,0.10062,0.021693,0.190861,0.146746,0.01854,0.244163,0.03763,0.07183
CGACATGCGATCTTCT-1,0.000041,0.416208,0.144389,0.208345,0.156541,0.000041,0.000041,0.000041,0.000041,0.073754,0.000478,0.000041,0.000041
CGACCCTTAACGCCGG-1,0.000024,0.013588,0.000024,0.074062,0.263605,0.037273,0.008384,0.073564,0.141467,0.002377,0.325359,0.05048,0.009793
CGACCGTTGGTATTCG-1,0.00003,0.00003,0.015334,0.024494,0.181209,0.000416,0.045489,0.343304,0.124656,0.000215,0.143245,0.115523,0.006055
CGACCTACTAGACAAT-1,0.000022,0.003534,0.013338,0.011602,0.145515,0.177857,0.009548,0.098435,0.239506,0.020571,0.12747,0.133185,0.019418
CGACGCATCCGTACCT-1,0.000049,0.000049,0.000049,0.0053,0.322275,0.046115,0.049897,0.06806,0.167175,0.000049,0.212197,0.125085,0.003699
CGACTCAGGATGTTAT-1,0.000031,0.043652,0.000031,0.122571,0.125464,0.049314,0.169302,0.21333,0.049063,0.096374,0.02829,0.018691,0.083888
CGACTCGGTACACGGT-1,0.000006,0.000006,0.000006,0.000006,0.017482,0.12323,0.059365,0.021994,0.153427,0.017101,0.350273,0.210159,0.046946
CGACTTGCCGGGAAAT-1,0.000015,0.027721,0.005726,0.031477,0.232851,0.003008,0.016223,0.40163,0.106929,0.004461,0.07935,0.089974,0.000634
CGACTTTGTATAGCCT-1,0.000017,0.000017,0.000017,0.000705,0.118534,0.208264,0.132933,0.057377,0.08782,0.056846,0.037315,0.044786,0.25537
CGAGACCCTAGAGTGT-1,0.000046,0.000046,0.000046,0.050654,0.526129,0.010493,0.000046,0.094975,0.106888,0.001651,0.154636,0.04747,0.006921
CGAGACTACTGCTGCT-1,0.000076,0.000076,0.000076,0.110783,0.407075,0.019366,0.021262,0.198976,0.176681,0.000076,0.05362,0.008799,0.003135
CGAGAGATGTGAACCT-1,0.000013,0.058678,0.007558,0.00563,0.049928,0.085619,0.069114,0.16827,0.044657,0.110313,0.107618,0.05635,0.23625
CGAGAGCGCGTAGATA-1,0.000048,0.043145,0.000048,0.046554,0.415847,0.000048,0.000048,0.000048,0.000048,0.000048,0.49367,0.000048,0.000399
CGAGAGCTTTCACTAC-1,0.000112,0.000112,0.058837,0.79533,0.144713,0.000112,0.000112,0.000112,0.000112,0.000112,0.000112,0.000112,0.000112
CGAGAGGGTAGCCGCG-1,0.002539,0.000098,0.084286,0.687652,0.224641,0.000098,0.000098,0.000098,0.000098,0.000098,0.000098,0.000098,0.000098
CGAGATGTTGCCTATA-1,0.000032,0.296423,0.502427,0.057638,0.051953,0.000032,0.028347,0.000032,0.000032,0.024988,0.01999,0.018072,0.000032
CGAGATTTCGCTCGGG-1,0.000053,0.010428,0.048086,0.311341,0.041677,0.152716,0.053778,0.049747,0.102248,0.002065,0.049383,0.136394,0.042084
CGAGCACTTCAAGTTT-1,0.000726,0.09249,0.000024,0.004536,0.010755,0.180005,0.206167,0.181688,0.190387,0.036125,0.041352,0.01006,0.045685
CGAGCCGAGCACTCGA-1,0.000484,0.999143,0.000034,0.000034,0.000034,0.000034,0.000034,0.000034,0.000034,0.000034,0.000034,0.000034,0.000034
CGAGCGTTGATCAGCC-1,0.00001,0.115661,0.000011,0.00001,0.00001,0.033307,0.739738,0.05017,0.047381,0.000905,0.000188,0.005241,0.007367
CGAGCTGGGCTTTAGG-1,0.000021,0.016805,0.041292,0.180952,0.060066,0.030207,0.118498,0.089299,0.009889,0.21593,0.031958,0.094508,0.110577
CGAGGAGCTTCCATAT-1,0.00002,0.000101,0.042778,0.055662,0.018744,0.098171,0.012045,0.000206,0.000932,0.003484,0.088947,0.493169,0.18574
CGAGGATCGGGAACGA-1,0.000715,0.022021,0.017335,0.024443,0.233432,0.153137,0.045147,0.002362,0.023044,0.07442,0.254652,0.042639,0.106653
CGAGGCCAGGCATTGG-1,0.000039,0.182716,0.065216,0.25316,0.189523,0.068163,0.09779,0.04645,0.024294,0.052352,0.01622,0.004037,0.000039
CGAGGCTAAATATGGC-1,0.000019,0.001401,0.015032,0.043422,0.347548,0.100305,0.01841,0.031652,0.033107,0.165674,0.18526,0.00702,0.05115
CGAGGGACTGCGGTCG-1,0.000014,0.000014,0.007263,0.022296,0.077633,0.129516,0.020144,0.127779,0.412456,0.036211,0.135612,0.019283,0.011777
CGAGGGTATCCAGGTG-1,0.000071,0.000071,0.000071,0.660697,0.246649,0.000071,0.000071,0.000071,0.000071,0.000071,0.089088,0.002924,0.000071
CGAGTACTAAAGAGGA-1,0.000037,0.000037,0.000037,0.108097,0.488957,0.000037,0.000037,0.000505,0.012435,0.000432,0.389314,0.000037,0.000037
CGAGTGAAGGTACCAG-1,0.000098,0.000098,0.063008,0.837938,0.016447,0.000098,0.000098,0.000098,0.000098,0.000098,0.000098,0.000098,0.081728
CGAGTGCTATAGTTCG-1,0.000049,0.308662,0.219179,0.193047,0.209846,0.000049,0.000049,0.000049,0.000049,0.064359,0.002963,0.000049,0.001651
CGAGTTCTGTCCCACC-1,0.00162,0.018693,0.000033,0.241319,0.112085,0.064167,0.06803,0.007529,0.009213,0.119902,0.335529,0.0115,0.010379
CGAGTTTATCGGACTG-1,0.000035,0.020581,0.000035,0.025106,0.464701,0.04996,0.000035,0.014862,0.046272,0.015082,0.361808,0.000035,0.001485
CGATAACCAATTTGAG-1,0.000008,0.000008,0.000008,0.001567,0.480804,0.000008,0.000008,0.000008,0.000008,0.000008,0.517552,0.000008,0.000008
CGATAATACTCAGGTT-1,0.000215,0.001374,0.002152,0.000011,0.000011,0.012189,0.158168,0.123316,0.673087,0.000011,0.000011,0.021372,0.008083
CGATACCTCGCGGACA-1,0.000019,0.000019,0.000019,0.008212,0.025592,0.140322,0.039076,0.145789,0.453516,0.013456,0.154016,0.011534,0.008431
CGATAGCGATACAGTG-1,0.000083,0.000083,0.460557,0.53853,0.000083,0.000083,0.000083,0.000083,0.000083,0.000083,0.000083,0.000083,0.000083
CGATAGTCGTACTGCA-1,0.000085,0.000085,0.0235,0.803809,0.171837,0.000085,0.000085,0.000085,0.000085,0.000085,0.000085,0.000085,0.000085
CGATATTAGCCGCAGG-1,0.000037,0.773064,0.066915,0.064169,0.066071,0.000037,0.000037,0.000037,0.000037,0.000037,0.017413,0.000037,0.01211
CGATCATTAGAGGCAC-1,0.000016,0.0551,0.004659,0.029806,0.28835,0.008791,0.00337,0.00165,0.000016,0.067739,0.383332,0.112245,0.044925
CGATCCACCATTGTTG-1,0.000352,0.0073,0.000018,0.006974,0.04146,0.009319,0.080709,0.357457,0.405971,0.000789,0.031456,0.04059,0.017605
CGATCCGACCCAGTGC-1,0.000023,0.007251,0.000023,0.195105,0.072328,0.037116,0.001073,0.127004,0.021642,0.014665,0.071287,0.098843,0.353641
CGATCCTCGCAACATA-1,0.000052,0.025369,0.015877,0.504163,0.24166,0.000052,0.016597,0.117104,0.051895,0.000052,0.002408,0.02471,0.000061
CGATCGAGAAGCACCA-1,0.000023,0.000023,0.004485,0.104997,0.298445,0.013825,0.004943,0.129655,0.194602,0.037889,0.181167,0.01461,0.015337
CGATCTGTTGGAGGAC-1,0.000063,0.000063,0.000063,0.093125,0.49465,0.001728,0.000063,0.035187,0.132458,0.000063,0.146706,0.095768,0.000063
CGATGGACCCTACGCC-1,0.000019,0.000019,0.00653,0.05696,0.064256,0.036894,0.283193,0.107766,0.070532,0.212401,0.128414,0.015198,0.017816
CGATGTTGTTATCTAC-1,0.000172,0.042604,0.000172,0.9167,0.03898,0.000172,0.000172,0.000172,0.000172,0.000172,0.000172,0.000172,0.000172
CGATTAAATATCTCCT-1,0.000095,0.000095,0.082555,0.857886,0.058615,0.000095,0.000095,0.000095,0.000095,0.000095,0.000095,0.000095,0.000095
CGATTCGCCTGGCTGC-1,0.000279,0.000279,0.273616,0.010422,0.559128,0.000279,0.000279,0.154326,0.000279,0.000279,0.000279,0.000279,0.000279
CGATTTGTCATTAATG-1,0.000042,0.015988,0.014611,0.309608,0.113586,0.000042,0.016644,0.28282,0.059391,0.030787,0.081059,0.075379,0.000042
CGCAAACACGAGTTAC-1,0.000032,0.000032,0.118297,0.191071,0.101287,0.325609,0.011421,0.016421,0.047888,0.027992,0.084171,0.028993,0.046786
CGCAATCGATCATTAG-1,0.000014,0.105867,0.002038,0.035771,0.053479,0.04152,0.581522,0.054797,0.013088,0.053354,0.016134,0.016898,0.025519
CGCAATTACTTTCGGT-1,0.000051,0.021067,0.020818,0.154002,0.187516,0.030642,0.083316,0.040008,0.015076,0.214923,0.104255,0.000051,0.128274
CGCAATTAGGGTAATA-1,0.000033,0.038021,0.000033,0.012517,0.167364,0.177328,0.085109,0.132285,0.021705,0.199616,0.13964,0.011812,0.014538
CGCAATTCTACAATAA-1,0.000022,0.021116,0.007613,0.143009,0.104548,0.023843,0.008739,0.004375,0.000636,0.070111,0.200312,0.195441,0.220235
CGCACATGTCCACTAC-1,0.000039,0.022741,0.000039,0.113718,0.228017,0.110294,0.000039,0.041709,0.112943,0.012326,0.322795,0.028934,0.006405
CGCACGTCTGTTTATG-1,0.000068,0.026212,0.027446,0.764621,0.001617,0.000068,0.000068,0.043687,0.000068,0.000068,0.000068,0.135944,0.000068
CGCACGTGCGCTATCA-1,0.000017,0.000473,0.000017,0.026525,0.005445,0.32185,0.005643,0.077566,0.171484,0.002935,0.339802,0.039957,0.008287
CGCAGAAACATTTGCG-1,0.000022,0.046537,0.278749,0.093214,0.0759,0.015572,0.041487,0.220486,0.014076,0.073651,0.00798,0.064239,0.068086
CGCAGATCTTCACCCG-1,0.000421,0.000021,0.011737,0.061513,0.16794,0.076376,0.003194,0.002329,0.007158,0.060446,0.062169,0.396229,0.150468
CGCAGGCGATCCAAAC-1,0.00005,0.031977,0.004101,0.53012,0.00005,0.166818,0.036001,0.095551,0.026357,0.00005,0.00005,0.048978,0.059899
CGCAGTTCTATCTTTC-1,0.000032,0.000032,0.000032,0.000032,0.035755,0.022655,0.066408,0.094195,0.266247,0.00078,0.438892,0.071987,0.002954
CGCATCATGGCTTCAG-1,0.000023,0.293075,0.120138,0.009997,0.015253,0.022818,0.20435,0.145713,0.04947,0.0938,0.000482,0.004806,0.040076
CGCATCCATCAGCCAG-1,0.000026,0.000026,0.036531,0.106134,0.007807,0.122799,0.113208,0.056939,0.032972,0.0847,0.043374,0.225969,0.169516
CGCATGCCGAATGCGT-1,0.000065,0.000065,0.000065,0.389879,0.131903,0.000065,0.006181,0.356752,0.068884,0.007663,0.020433,0.017978,0.000065
CGCATGGTGCGATGCT-1,0.000035,0.000035,0.000035,0.112624,0.246946,0.02491,0.000273,0.207907,0.230779,0.010113,0.15849,0.007819,0.000035
CGCATTAGCTAATAGG-1,0.000021,0.000021,0.015641,0.007824,0.125234,0.413023,0.113405,0.094051,0.019146,0.071826,0.038728,0.005436,0.095644
CGCCAAGAAGCCGAGT-1,0.000025,0.000025,0.000025,0.062702,0.268474,0.046284,0.000026,0.010525,0.010573,0.011536,0.407269,0.05343,0.129106
CGCCAATTATTGCGTT-1,0.000907,0.786252,0.11781,0.022399,0.045638,0.000034,0.000034,0.000034,0.000034,0.000034,0.006313,0.000034,0.020473
CGCCACAGGTCGCGAT-1,0.000651,0.000022,0.000022,0.003897,0.082747,0.090166,0.00346,0.043391,0.542989,0.054044,0.132164,0.024734,0.021713
CGCCACCCGCATTAAC-1,0.000031,0.118898,0.73296,0.050961,0.067817,0.00774,0.000031,0.007233,0.000031,0.005359,0.008874,0.000031,0.000033
CGCCAGTAGTACCTTG-1,0.00018,0.00018,0.241031,0.633856,0.123316,0.00018,0.00018,0.00018,0.00018,0.00018,0.00018,0.00018,0.00018
CGCCATCCGATTATGA-1,0.000018,0.057101,0.009023,0.046391,0.015601,0.438055,0.03247,0.035585,0.036786,0.008015,0.213623,0.07362,0.033711
CGCCCAGCACGCCTAG-1,0.000226,0.000226,0.171788,0.249009,0.57694,0.000226,0.000226,0.000226,0.000226,0.000226,0.000226,0.000226,0.000226
CGCCCAGCGTTTCACG-1,0.00011,0.00011,0.026796,0.728607,0.243497,0.00011,0.00011,0.00011,0.00011,0.00011,0.00011,0.00011,0.00011
CGCCCGCTTCCGTACA-1,0.00003,0.050014,0.062246,0.11494,0.163357,0.117144,0.041613,0.024392,0.029245,0.25501,0.02794,0.06682,0.047248
CGCCCTAATTGTTCAA-1,0.000089,0.000089,0.092469,0.805475,0.000089,0.000089,0.000089,0.000089,0.000089,0.000089,0.000089,0.101168,0.000089
CGCCCTTACATCCACC-1,0.000035,0.040825,0.072125,0.364399,0.008949,0.098838,0.188664,0.016741,0.008374,0.102831,0.008448,0.075036,0.014735
CGCCCTTGAAGGCTGA-1,0.00269,0.041666,0.003064,0.007324,0.000018,0.076531,0.13028,0.094645,0.026835,0.009947,0.00109,0.105259,0.500649
CGCCGACTATTCGCTA-1,0.000025,0.000025,0.000025,0.051395,0.163974,0.243959,0.027243,0.008801,0.000145,0.062954,0.181627,0.091663,0.168163
CGCCGCCCATGCCTGT-1,0.001549,0.000045,0.000045,0.219445,0.13711,0.097296,0.025215,0.028374,0.0639,0.058995,0.216819,0.079094,0.072113
CGCCGCGTTCTGAACG-1,0.000029,0.000029,0.000029,0.087718,0.331444,0.000029,0.066768,0.178797,0.094969,0.06331,0.14855,0.027405,0.000925
CGCCGTCTACCCATCG-1,0.000026,0.000026,0.000026,0.006629,0.132279,0.014406,0.017612,0.030824,0.240318,0.000026,0.293234,0.264569,0.000026
CGCCTCCCTCCTCTAT-1,0.000031,0.000031,0.000031,0.08824,0.057075,0.138148,0.015875,0.239594,0.380484,0.002996,0.055854,0.012999,0.008642
CGCCTGGCCTACGTAA-1,0.000021,0.004765,0.000021,0.058006,0.132196,0.122678,0.007941,0.041683,0.197652,0.020796,0.304148,0.067813,0.042279
CGCCTTTAGCATGCTC-1,0.000061,0.002125,0.000061,0.157077,0.084657,0.141432,0.024484,0.077039,0.321574,0.000061,0.126815,0.002918,0.061695
CGCGAAGTGGCATACT-1,0.000134,0.000134,0.000134,0.642509,0.356012,0.000134,0.000134,0.000134,0.000134,0.000134,0.000134,0.000134,0.000134
CGCGACACTGCGCAGC-1,0.000018,0.015586,0.001532,0.030803,0.125692,0.021485,0.349563,0.103596,0.082216,0.126388,0.02937,0.02189,0.091859
CGCGACCGCGACAGAT-1,0.003849,0.000287,0.53056,0.000287,0.368409,0.000287,0.000287,0.000287,0.091143,0.000287,0.000287,0.003743,0.000287
CGCGAGAGGGACTTGT-1,0.000014,0.000014,0.000618,0.036395,0.053402,0.092503,0.202648,0.150275,0.086776,0.147594,0.077521,0.082637,0.069606
CGCGAGTCTGCCGGGT-1,0.000032,0.051792,0.000032,0.16512,0.24767,0.005052,0.000032,0.18829,0.158471,0.000032,0.176716,0.00561,0.001151
CGCGCAAATGTCCAGA-1,0.000107,0.000107,0.000107,0.998713,0.000107,0.000107,0.000107,0.000107,0.000107,0.000107,0.000107,0.000107,0.000107
CGCGCAAGGAACTACA-1,0.000025,0.922645,0.076367,0.000742,0.000025,0.000025,0.000025,0.000025,0.000025,0.000025,0.000025,0.000025,0.000025
CGCGCATGTTTGATTG-1,0.000046,0.000046,0.000046,0.322288,0.000046,0.00271,0.097309,0.444285,0.083593,0.000046,0.000046,0.049495,0.000046
CGCGCCCGACTTAATA-1,0.000031,0.062073,0.051641,0.170999,0.176909,0.052421,0.03069,0.041692,0.029459,0.183351,0.079615,0.03491,0.086208
CGCGGCAGTATTACGG-1,0.000869,0.212727,0.431853,0.318981,0.033246,0.000059,0.000059,0.000059,0.000059,0.001908,0.000059,0.000059,0.000059
CGCGGCTCAACTTGAA-1,0.000022,0.000022,0.004284,0.160671,0.200346,0.036069,0.018328,0.076574,0.281063,0.023767,0.186083,0.010024,0.002748
CGCGGGAATTAGGCAG-1,0.000015,0.002714,0.000015,0.009947,0.045859,0.255759,0.067219,0.10511,0.127964,0.102897,0.094271,0.036003,0.152227
CGCGGGAATTCCTTTC-1,0.000015,0.000015,0.052546,0.060996,0.00144,0.053184,0.041779,0.128278,0.130055,0.008084,0.005368,0.423734,0.094505
CGCGGTAAGTCTAGCT-1,0.000012,0.000012,0.013275,0.006604,0.018137,0.375917,0.08513,0.04676,0.142027,0.052775,0.028758,0.068391,0.162202
CGCGGTCACAAACCAA-1,0.000012,0.063241,0.026063,0.066542,0.186734,0.053773,0.112166,0.076377,0.065805,0.128005,0.132593,0.030621,0.058066
CGCGTACATTCTGGAA-1,0.000011,0.000011,0.019356,0.045318,0.092885,0.042081,0.010542,0.014488,0.008414,0.035384,0.607439,0.077682,0.04639
CGCGTCATATTAAACC-1,0.000023,0.827448,0.102052,0.007874,0.062417,0.000023,0.000023,0.000023,0.000023,0.000023,0.000023,0.000023,0.000023
CGCGTGCTATCAACGA-1,0.000028,0.846044,0.153647,0.000028,0.000028,0.000028,0.000028,0.000028,0.000028,0.000028,0.000028,0.000028,0.000028
CGCGTGGGCCTGTGTT-1,0.000126,0.000126,0.200196,0.624362,0.004442,0.000126,0.000126,0.000126,0.000126,0.000126,0.000126,0.082581,0.08741
CGCGTTCATGAAATAC-1,0.000013,0.007368,0.012974,0.146226,0.053122,0.273838,0.056622,0.038137,0.039143,0.123462,0.067585,0.082138,0.099373
CGCTACCGCCCTATGA-1,0.000478,0.510313,0.314864,0.14978,0.000033,0.000033,0.015194,0.009138,0.000033,0.000033,0.000033,0.000033,0.000033
CGCTACGGGACATTTA-1,0.00003,0.00003,0.00003,0.024763,0.24779,0.124542,0.018387,0.091172,0.098006,0.012409,0.285294,0.035936,0.061613
CGCTAGAGACCGCTGC-1,0.000048,0.000048,0.000048,0.07824,0.294609,0.017977,0.000048,0.001054,0.000048,0.118966,0.451022,0.020029,0.017861
CGCTATACCGCCCACT-1,0.000043,0.306114,0.000043,0.051301,0.230793,0.039866,0.044906,0.029721,0.036132,0.207852,0.034228,0.000195,0.018806
CGCTATTCAATGTATG-1,0.000029,0.035692,0.034001,0.180367,0.0551,0.13816,0.113204,0.101205,0.016754,0.278093,0.038095,0.00222,0.00708
CGCTATTCTTAGGCTC-1,0.00058,0.018663,0.000038,0.12103,0.236674,0.063884,0.000038,0.009853,0.267459,0.000038,0.24557,0.016367,0.019805
CGCTCGACATAATGAT-1,0.000026,0.209039,0.01348,0.147875,0.043642,0.14617,0.058571,0.040291,0.081158,0.139878,0.077838,0.030156,0.011876
CGCTCTCCGTAGATTA-1,0.000054,0.097371,0.000054,0.088926,0.172274,0.172574,0.000054,0.005075,0.010856,0.074503,0.305572,0.026837,0.04585
CGCTGAGGACGTCCAA-1,0.000029,0.446314,0.30278,0.141821,0.000029,0.000119,0.087536,0.016341,0.004914,0.000029,0.000029,0.000029,0.000029
CGCTGGTGACTACCCT-1,0.00002,0.00002,0.002001,0.105658,0.030849,0.010482,0.088308,0.591733,0.119929,0.00412,0.01456,0.020249,0.012071
CGCTGTGACGCCGCAC-1,0.000049,0.000049,0.000049,0.089566,0.216652,0.006133,0.000161,0.000049,0.000049,0.611373,0.052377,0.012815,0.010678
CGCTGTGTGGATGTTG-1,0.003788,0.000263,0.492191,0.024568,0.336938,0.000263,0.066976,0.073701,0.000263,0.000263,0.000263,0.000263,0.000263
CGCTTAGTATTGATAC-1,0.000055,0.000055,0.000055,0.466466,0.039497,0.015661,0.000055,0.075956,0.099821,0.000055,0.055601,0.190948,0.055774
CGCTTATTCCCGGTCG-1,0.000076,0.000076,0.000076,0.03842,0.500481,0.004384,0.000076,0.000076,0.086797,0.034071,0.289152,0.04103,0.005284
CGCTTCCACTGAAATC-1,0.000025,0.1312,0.028128,0.151932,0.064879,0.120628,0.180816,0.050781,0.0795,0.132163,0.027549,0.023583,0.008816
CGCTTCGGTCTAAGAC-1,0.000076,0.000076,0.089883,0.909277,0.000076,0.000076,0.000076,0.000076,0.000076,0.000076,0.000076,0.000076,0.000076
CGCTTTCATACCGGTG-1,0.000041,0.004085,0.133283,0.14876,0.273874,0.001254,0.042323,0.012393,0.0034,0.332603,0.017871,0.000072,0.030041
CGCTTTCCGCCAAGGT-1,0.000783,0.086845,0.000055,0.273498,0.032929,0.019745,0.000493,0.184716,0.084821,0.00245,0.042462,0.063089,0.208114
CGCTTTCTTGCATTCG-1,0.000037,0.000037,0.000037,0.088973,0.373823,0.187032,0.002098,0.000037,0.002198,0.063032,0.147058,0.005087,0.130552
CGGAAAGAATCAAACG-1,0.00016,0.00016,0.381662,0.145866,0.266833,0.00016,0.00016,0.204196,0.00016,0.00016,0.00016,0.00016,0.00016
CGGAAAGCAAATGTGC-1,0.000016,0.552692,0.013588,0.007212,0.005821,0.112346,0.071242,0.046013,0.070559,0.054839,0.004718,0.022312,0.038642
CGGAAATTTCACATCC-1,0.050713,0.687045,0.049891,0.014314,0.000017,0.112009,0.019251,0.000017,0.004212,0.002334,0.000017,0.024893,0.035287
CGGAACGTAAACATAG-1,0.000023,0.000023,0.000023,0.08152,0.277579,0.027194,0.027634,0.25411,0.056758,0.017344,0.224975,0.027564,0.005252
CGGACCTCTGTAGTTA-1,0.000032,0.17119,0.000032,0.051068,0.350779,0.00061,0.000032,0.046867,0.044349,0.002929,0.264332,0.06775,0.000032
CGGACCTTTACGTCCC-1,0.000021,0.000021,0.000021,0.069347,0.050632,0.081871,0.009349,0.215159,0.129377,0.007564,0.086321,0.274017,0.0763
CGGACGTTACTTGAAG-1,0.000026,0.000026,0.000026,0.016271,0.157325,0.032543,0.001822,0.111849,0.100916,0.00665,0.545282,0.011962,0.015302
CGGAGCAATTTAATCG-1,0.000085,0.000085,0.000085,0.905172,0.000085,0.000085,0.000085,0.000085,0.000085,0.000085,0.000085,0.000086,0.093896
CGGAGCATGGCGATCC-1,0.000029,0.000029,0.000029,0.098886,0.153018,0.062075,0.039163,0.093402,0.206146,0.037066,0.246036,0.020645,0.043477
CGGAGCTTATAACACC-1,0.000033,0.551994,0.20486,0.192696,0.048305,0.000033,0.000033,0.000033,0.000033,0.000033,0.001881,0.000033,0.000033
CGGAGTCCTAACCTGG-1,0.000333,0.044238,0.006435,0.054997,0.062323,0.069786,0.265942,0.029001,0.054319,0.213208,0.17357,0.013501,0.012346
CGGAGTTTGAGAGACA-1,0.000032,0.06918,0.010884,0.107343,0.160337,0.126774,0.01215,0.019179,0.036491,0.083501,0.153116,0.074725,0.146289
CGGATAAGCGGACATG-1,0.000464,0.110236,0.037337,0.188863,0.174564,0.075779,0.156602,0.031906,0.0365,0.095334,0.028461,0.007594,0.05636
CGGATGAATGCTGTGA-1,0.000078,0.000078,0.022589,0.706465,0.270165,0.000078,0.000078,0.000078,0.000078,0.000078,0.000078,0.000078,0.000078
CGGATTCTGCCTTATG-1,0.000485,0.000034,0.000034,0.113294,0.21255,0.000034,0.002502,0.086437,0.187733,0.020394,0.208878,0.164607,0.003019
CGGCAAACATCGTGCG-1,0.000073,0.000073,0.038004,0.461622,0.499642,0.000073,0.000073,0.000073,0.000073,0.000073,0.000073,0.000073,0.000073
CGGCAATAAGATCGCC-1,0.000088,0.000088,0.006531,0.428998,0.563596,0.000088,0.000088,0.000088,0.000088,0.000088,0.000088,0.000088,0.000088
CGGCACCGTTAGCGCC-1,0.000028,0.631367,0.141552,0.016664,0.08055,0.008811,0.004773,0.03781,0.022817,0.002609,0.031746,0.015847,0.005426
CGGCACTCAAGAAAGT-1,0.000363,0.461001,0.000165,0.000013,0.000013,0.020879,0.309065,0.162758,0.030968,0.003515,0.000013,0.002162,0.009086
CGGCAGGGTCGGGTTG-1,0.000013,0.008256,0.016561,0.05823,0.012564,0.26236,0.118896,0.113294,0.02729,0.088269,0.019071,0.130023,0.145175
CGGCCACGCACAAAGT-1,0.000015,0.000015,0.000015,0.057732,0.160512,0.249422,0.000052,0.030762,0.091572,0.020152,0.313845,0.024778,0.051127
CGGCCAGAGCGACCAT-1,0.00002,0.00002,0.00002,0.276217,0.029741,0.013583,0.023825,0.531695,0.044243,0.005236,0.009667,0.032393,0.033342
CGGCCCAACCTGTAGT-1,0.000159,0.013147,0.00001,0.00001,0.000605,0.794839,0.058822,0.008112,0.04782,0.019952,0.021901,0.013616,0.021008
CGGCCCAGGTATATCC-1,0.00004,0.00004,0.00004,0.241614,0.157845,0.046953,0.01215,0.053267,0.091968,0.036486,0.206231,0.107663,0.045702
CGGCGCCATCAATCCC-1,0.000231,0.000231,0.403715,0.081552,0.144321,0.000231,0.284779,0.07312,0.000231,0.000231,0.000231,0.000231,0.010897
CGGCTCTAAAGCTGCA-1,0.000229,0.000018,0.014567,0.124,0.103003,0.053977,0.016706,0.225963,0.296276,0.012776,0.028905,0.035753,0.087828
CGGCTCTTCGTCGAAC-1,0.000064,0.041869,0.633344,0.000064,0.000064,0.033467,0.006551,0.160179,0.071272,0.045298,0.000064,0.007697,0.000064
CGGCTGAAGGTTACGC-1,0.000017,0.000017,0.004977,0.001026,0.174738,0.024404,0.057859,0.015582,0.035021,0.134007,0.360125,0.153748,0.038479
CGGCTGCAAGATTAAG-1,0.000011,0.248002,0.052637,0.000011,0.000011,0.044429,0.600671,0.022809,0.011178,0.005752,0.000011,0.001279,0.013197
CGGCTTTGTATGATAA-1,0.000034,0.032114,0.2697,0.346597,0.017023,0.024218,0.123828,0.070912,0.001923,0.096037,0.00255,0.000034,0.015029
CGGGAACGCCCTGCAT-1,0.000161,0.000161,0.116065,0.882161,0.000161,0.000161,0.000161,0.000161,0.000161,0.000161,0.000161,0.000161,0.000161
CGGGAAGTACCGTGGC-1,0.000098,0.000098,0.035957,0.952428,0.010639,0.000098,0.000098,0.000098,0.000098,0.000098,0.000098,0.000098,0.000098
CGGGAATATAGTATAC-1,0.001664,0.000023,0.008582,0.096229,0.088559,0.106647,0.034,0.361046,0.215849,0.021269,0.004238,0.034604,0.027289
CGGGAATTTATGTAAA-1,0.000035,0.000035,0.000035,0.289878,0.125176,0.004632,0.002612,0.242373,0.122272,0.046218,0.027423,0.101174,0.038139
CGGGAGCTTCAGTGTA-1,0.000057,0.000057,0.080168,0.665345,0.000066,0.000057,0.000057,0.220195,0.033772,0.000057,0.000057,0.000057,0.000057
CGGGAGTATACCGCCG-1,0.00002,0.147562,0.003711,0.075376,0.068195,0.032853,0.344024,0.101423,0.071399,0.09584,0.016868,0.004588,0.038141
CGGGATCAATGTAAGA-1,0.000019,0.037572,0.014669,0.02885,0.194183,0.223943,0.07376,0.05711,0.022777,0.169134,0.077746,0.051406,0.048834
CGGGCAGCTAAACCGC-1,0.000029,0.048647,0.000029,0.08715,0.271625,0.028232,0.020165,0.004916,0.000495,0.091597,0.257482,0.104644,0.084989
CGGGCCATAGCCGCAC-1,0.000066,0.119148,0.384202,0.106729,0.332368,0.000066,0.000066,0.000066,0.000066,0.039099,0.017991,0.000066,0.000066
CGGGCCTTCTTTGTAA-1,0.000026,0.000026,0.000026,0.101665,0.048404,0.031782,0.081898,0.306371,0.211353,0.001026,0.13747,0.0684,0.011554
CGGGCGATGGATCACG-1,0.000016,0.000016,0.000016,0.142554,0.110435,0.023272,0.020993,0.278618,0.171129,0.007489,0.014957,0.172565,0.05794
CGGGCTACTTAAATTG-1,0.000006,0.000006,0.000006,0.005429,0.054666,0.078607,0.052769,0.038108,0.264051,0.019852,0.392482,0.077407,0.016613
CGGGTGTACCCATTTA-1,0.000139,0.000009,0.000009,0.000009,0.00001,0.553935,0.003119,0.008911,0.037396,0.001683,0.36779,0.014343,0.012646
CGGGTTCGGCACGTAT-1,0.00001,0.018019,0.016961,0.060882,0.014238,0.20658,0.175102,0.065026,0.092739,0.090813,0.050811,0.121177,0.087641
CGGGTTGTAGCTTTGG-1,0.000046,0.075863,0.829744,0.077088,0.000046,0.000046,0.000046,0.003283,0.000046,0.013655,0.000046,0.000046,0.000046
CGGGTTTGTTAGGGCT-1,0.000158,0.000158,0.214229,0.684062,0.100133,0.000158,0.000158,0.000158,0.000158,0.000158,0.000158,0.000158,0.000158
CGGTAACAAGATACAT-1,0.075769,0.447133,0.137547,0.000013,0.001594,0.020221,0.034186,0.016621,0.001015,0.003103,0.027027,0.038372,0.197401
CGGTACGGCAAACCCA-1,0.000008,0.025985,0.000008,0.067224,0.020023,0.012614,0.04532,0.374305,0.397889,0.017346,0.006782,0.024402,0.008092
CGGTACTAGAATCAAA-1,0.000022,0.000022,0.001041,0.164797,0.247671,0.101173,0.035005,0.155671,0.14926,0.01182,0.064359,0.040466,0.028694
CGGTAGAGGTGCAGGT-1,0.000035,0.085703,0.035252,0.036734,0.190452,0.016188,0.187491,0.008067,0.036212,0.191127,0.110929,0.039545,0.062264
CGGTATAGGTATTAGC-1,0.000019,0.158225,0.038321,0.073496,0.061401,0.039263,0.12598,0.066252,0.142538,0.221736,0.017672,0.010837,0.044259
CGGTATGGGCACTCTG-1,0.000013,0.025493,0.000013,0.000013,0.000013,0.119065,0.018143,0.115426,0.519218,0.007218,0.070692,0.096805,0.027888
CGGTCAAGTGGGAACC-1,0.000017,0.040129,0.015204,0.202632,0.091866,0.168301,0.016685,0.039287,0.034087,0.02087,0.231367,0.07289,0.066665
CGGTCCATGAGACTCC-1,0.000161,0.076013,0.000312,0.021455,0.00489,0.292092,0.055585,0.014766,0.028201,0.012874,0.16898,0.280579,0.044093
CGGTCCGTCGCAAGCC-1,0.000102,0.000102,0.000102,0.504697,0.365387,0.000102,0.000102,0.088505,0.040026,0.000102,0.000568,0.000102,0.000102
CGGTCTATCAACCCGT-1,0.000025,0.011793,0.025719,0.178229,0.069337,0.160229,0.066252,0.012215,0.046084,0.364147,0.056912,0.00225,0.00681
CGGTGAAGACTAAAGT-1,0.000017,0.03744,0.001059,0.012843,0.226019,0.116016,0.050896,0.04095,0.10489,0.034888,0.0904,0.196637,0.087944
CGGTGCAGATAGAACG-1,0.000021,0.000021,0.000021,0.151171,0.275043,0.059538,0.014328,0.089045,0.096188,0.016025,0.276071,0.011719,0.010809
CGGTGCGCGTTGGTCC-1,0.000833,0.000039,0.000039,0.210508,0.150258,0.049885,0.008931,0.326672,0.184483,0.002402,0.021822,0.037174,0.006953
CGGTGGGCTCCAGCCT-1,0.000029,0.15041,0.011516,0.065368,0.104579,0.062859,0.245074,0.126513,0.045651,0.057912,0.056635,0.024894,0.048561
CGGTGTACTTGATCCC-1,0.000039,0.154975,0.003025,0.010181,0.350284,0.038957,0.183351,0.004336,0.000039,0.133434,0.046419,0.005204,0.069755
CGGTTATCCAACAGTG-1,0.000018,0.000018,0.000018,0.026517,0.058626,0.549335,0.041124,0.03049,0.120101,0.062435,0.030822,0.024754,0.055741
CGGTTCAAGTAGGTGT-1,0.000021,0.000021,0.000021,0.048555,0.158542,0.035099,0.174209,0.055779,0.145954,0.171087,0.131504,0.043998,0.035212
CGGTTCCGGCTTCTTG-1,0.000033,0.008238,0.191266,0.000033,0.000033,0.138594,0.461729,0.108613,0.004689,0.079996,0.000033,0.000033,0.006708
CGGTTGACCTGGCATA-1,0.00003,0.052032,0.00003,0.091571,0.159812,0.105334,0.00003,0.059722,0.066127,0.007492,0.294868,0.022781,0.14017
CGGTTGAGTATCCTTC-1,0.000095,0.000095,0.000095,0.998858,0.000095,0.000095,0.000095,0.000095,0.000095,0.000095,0.000095,0.000095,0.000095
CGGTTGGGCAGGGTCC-1,0.000024,0.003516,0.000024,0.064852,0.091669,0.127366,0.023242,0.231723,0.29801,0.02514,0.08092,0.050079,0.003435
CGGTTGGGTTCAAGTT-1,0.000034,0.042448,0.095896,0.156488,0.264868,0.027722,0.20849,0.025408,0.081586,0.065851,0.023629,0.000034,0.007546
CGGTTTACTGAACATT-1,0.000425,0.000425,0.627397,0.000425,0.000425,0.000425,0.000425,0.367928,0.000425,0.000425,0.000425,0.000425,0.000425
CGGTTTATGAAGGAAC-1,0.000027,0.020735,0.035208,0.106003,0.228946,0.007359,0.122984,0.056818,0.01451,0.131136,0.171644,0.011644,0.092987
CGTAAACGCTTGAGTG-1,0.000017,0.282486,0.116109,0.044884,0.024481,0.010343,0.377194,0.034489,0.048939,0.026639,0.003188,0.018425,0.012806
CGTAAAGCAAGAAATC-1,0.000029,0.000029,0.008507,0.230833,0.187309,0.000029,0.01129,0.52179,0.021275,0.000029,0.002766,0.016085,0.000029
CGTAAATAACAAAGGG-1,0.000018,0.000018,0.000018,0.052022,0.392924,0.029482,0.031204,0.12446,0.088084,0.007217,0.249631,0.018707,0.006216
CGTAACGGAACGATCA-1,0.000007,0.000007,0.000007,0.004484,0.082161,0.004201,0.026865,0.066748,0.065391,0.002095,0.739061,0.008954,0.000018
CGTAACTTCGACACTT-1,0.000025,0.000025,0.000025,0.179517,0.145112,0.005095,0.010999,0.459287,0.13062,0.006913,0.00913,0.019221,0.034031
CGTAATAATTACGAGT-1,0.000694,0.319151,0.242844,0.104546,0.011081,0.030835,0.000042,0.000042,0.000042,0.03365,0.039771,0.150086,0.067215
CGTAATATGGCCCTTG-1,0.000028,0.000028,0.000028,0.260706,0.410278,0.000028,0.000028,0.06038,0.042453,0.000028,0.161291,0.064698,0.000028
CGTACCGAAAGTCTAG-1,0.000075,0.084014,0.597709,0.000075,0.306804,0.000075,0.000075,0.000075,0.000075,0.000075,0.010801,0.000075,0.000075
CGTACCTGATAGGCCT-1,0.000043,0.038368,0.000548,0.165263,0.091053,0.010107,0.003408,0.000043,0.000043,0.49068,0.146049,0.011066,0.043329
CGTAGAGAGTAATTAT-1,0.000068,0.000068,0.000068,0.589132,0.157914,0.000068,0.000068,0.191245,0.034373,0.000068,0.026788,0.000068,0.000068
CGTAGCGAATTGTCAG-1,0.00002,0.031972,0.150208,0.215485,0.00002,0.071551,0.284413,0.109218,0.094099,0.041305,0.00002,0.00002,0.001671
CGTAGCGCCGACGTTG-1,0.000051,0.082443,0.341772,0.310702,0.232875,0.000051,0.000051,0.000051,0.000051,0.031805,0.000051,0.000051,0.000051
CGTATTAAGAGATCTA-1,0.000024,0.085421,0.000024,0.052597,0.12394,0.104715,0.018804,0.033402,0.009979,0.038219,0.414174,0.039937,0.078764
CGTATTGTTTCCTAAT-1,0.000446,0.000016,0.007024,0.016778,0.186037,0.031306,0.017779,0.006143,0.008778,0.039432,0.632718,0.024795,0.028747
CGTATTGTTTGGCGCC-1,0.000181,0.000181,0.1674,0.782493,0.048296,0.000181,0.000181,0.000181,0.000181,0.000181,0.000181,0.000181,0.000181
CGTCAAATGGTCGCAG-1,0.000007,0.000007,0.000574,0.015558,0.114142,0.081974,0.105892,0.038835,0.034933,0.048722,0.202972,0.148704,0.207679
CGTCAAGGCTATAAAT-1,0.00002,0.019069,0.00002,0.107147,0.165063,0.059095,0.032429,0.05057,0.014361,0.094819,0.087914,0.008596,0.360897
CGTCAATCTTTAACAT-1,0.000867,0.663838,0.261967,0.01307,0.059769,0.000061,0.000061,0.000061,0.000061,0.000061,0.000061,0.000061,0.000061
CGTCACGTCCATTGGT-1,0.000021,0.065591,0.000021,0.04838,0.107583,0.0786,0.018611,0.258301,0.254309,0.0183,0.02566,0.08922,0.035404
CGTCAGCTATTTACTC-1,0.000053,0.439686,0.016185,0.190931,0.079592,0.000075,0.026151,0.003555,0.006656,0.155443,0.025322,0.000053,0.0563
CGTCAGTGCGCACAAG-1,0.000016,0.144963,0.013318,0.087507,0.125025,0.028816,0.326047,0.089315,0.036606,0.066689,0.039403,0.004492,0.037802
CGTCAGTTTATCGTCT-1,0.000034,0.404167,0.159284,0.000192,0.028145,0.018124,0.313381,0.024907,0.026881,0.013909,0.01068,0.000034,0.000261
CGTCATACCATATCCA-1,0.000029,0.010704,0.013106,0.167165,0.04941,0.015678,0.446804,0.074033,0.029378,0.174618,0.01429,0.004752,0.000035
CGTCCAGATGGCTCCA-1,0.000068,0.074379,0.760992,0.155953,0.008067,0.000068,0.000068,0.000068,0.000068,0.000068,0.000068,0.000068,0.000068
CGTCCTCATCGCGTGC-1,0.000086,0.000086,0.000086,0.305088,0.257544,0.000086,0.000086,0.244976,0.191622,0.000086,0.000086,0.000086,0.000086
CGTCGCATGTGAGCCA-1,0.000074,0.000074,0.000074,0.648447,0.350739,0.000074,0.000074,0.000074,0.000074,0.000074,0.000074,0.000074,0.000074
CGTCGCGGCGGGATTT-1,0.001141,0.599161,0.275679,0.050083,0.073609,0.000041,0.000041,0.000041,0.000041,0.000041,0.000041,0.000041,0.000041
CGTCGCTTGGTTATAC-1,0.000399,0.000399,0.718894,0.000399,0.276722,0.000399,0.000399,0.000399,0.000399,0.000399,0.000399,0.000399,0.000399
CGTCGGATAGTGTTGA-1,0.000019,0.000019,0.000019,0.005091,0.07935,0.197718,0.131255,0.046304,0.118033,0.069127,0.153499,0.08535,0.114215
CGTCGGGTCTAAGCGC-1,0.000811,0.000057,0.000057,0.430816,0.011033,0.011631,0.006425,0.179741,0.032633,0.000057,0.014916,0.227864,0.083959
CGTCGTCCTTCGCGAA-1,0.00008,0.00008,0.051981,0.789273,0.157943,0.00008,0.00008,0.00008,0.00008,0.00008,0.00008,0.00008,0.00008
CGTCTGGAAGGGCCCG-1,0.000018,0.012552,0.003798,0.076607,0.071349,0.116698,0.368716,0.040131,0.08533,0.071197,0.104804,0.012829,0.035972
CGTCTTGAGTGTGACG-1,0.000597,0.000041,0.000041,0.104213,0.264106,0.002086,0.013774,0.014226,0.129387,0.032844,0.329729,0.108914,0.000041
CGTGAACTGACCCGAT-1,0.000078,0.362774,0.000078,0.39173,0.087314,0.000078,0.000078,0.023682,0.000078,0.000078,0.004515,0.129422,0.000095
CGTGAAGTTAATTCAC-1,0.000063,0.000063,0.000063,0.029285,0.575466,0.007487,0.034397,0.106497,0.045796,0.023452,0.168187,0.000063,0.009182
CGTGACATTGGGTCGT-1,0.000533,0.125177,0.050988,0.165813,0.321055,0.070874,0.026365,0.019968,0.000037,0.189874,0.018563,0.003597,0.007156
CGTGACCAGTCCTCTG-1,0.000077,0.000077,0.005806,0.618517,0.373659,0.000077,0.000077,0.000077,0.000077,0.000077,0.001323,0.000077,0.000077
CGTGCACACCACTGTA-1,0.00002,0.00002,0.00002,0.081187,0.003694,0.050225,0.0477,0.13789,0.411084,0.00571,0.131219,0.123429,0.007801
CGTGCAGACTGGGACA-1,0.000063,0.000063,0.000063,0.071712,0.061438,0.190972,0.000063,0.01836,0.338874,0.006456,0.311809,0.000063,0.000063
CGTGCATTGTCGACGC-1,0.000045,0.000045,0.000045,0.047954,0.404056,0.025946,0.000045,0.000045,0.005884,0.01796,0.496564,0.000045,0.001365
CGTGCCCGACATTTGT-1,0.000038,0.822773,0.139173,0.022219,0.015492,0.000038,0.000038,0.000038,0.000038,0.000038,0.000038,0.000038,0.000038
CGTGCCCTCCCGAAGA-1,0.000026,0.000026,0.000026,0.099219,0.106179,0.033991,0.074306,0.23726,0.325663,0.048954,0.024778,0.029322,0.020252
CGTGCTGGCCTAGTCG-1,0.000033,0.731403,0.009288,0.080733,0.01148,0.0164,0.093629,0.015659,0.000685,0.018797,0.000033,0.000033,0.021826
CGTGCTTCTACCTAAA-1,0.000241,0.000241,0.688266,0.000241,0.000241,0.000241,0.000241,0.000241,0.000241,0.000241,0.000241,0.309081,0.000241
CGTGGAAGCCTCGTAC-1,0.000013,0.000013,0.000013,0.000013,0.000013,0.001974,0.150225,0.594886,0.139468,0.000013,0.000013,0.107611,0.005747
CGTGGCCGAATATCTA-1,0.000028,0.000028,0.000028,0.04366,0.103638,0.076056,0.043003,0.276426,0.37055,0.003507,0.0484,0.010307,0.02437
CGTGGTACCCAAAGGC-1,0.000054,0.021464,0.009545,0.384349,0.377131,0.000054,0.007044,0.157361,0.019739,0.000054,0.001231,0.020552,0.001423
CGTGTATGGGAGCTGA-1,0.000401,0.000401,0.000401,0.94616,0.049433,0.000401,0.000401,0.000401,0.000401,0.000401,0.000401,0.000401,0.000401
CGTGTCCCATTCGCGA-1,0.000044,0.000044,0.000044,0.037192,0.166962,0.477493,0.023925,0.031832,0.04992,0.022429,0.100386,0.013115,0.076615
CGTGTCTCGTTACGAC-1,0.000314,0.000314,0.836735,0.000314,0.000314,0.000314,0.000314,0.013727,0.146362,0.000314,0.000314,0.000314,0.00035
CGTGTGTTAAACCCTG-1,0.000019,0.000019,0.000019,0.040623,0.003937,0.328329,0.077961,0.05046,0.11312,0.04314,0.020667,0.22424,0.097465
CGTTAAACTAGTTAGG-1,0.000513,0.001406,0.031909,0.155586,0.000017,0.002245,0.046019,0.619323,0.128943,0.000017,0.000017,0.013011,0.000994
CGTTAAATACGACCAG-1,0.000029,0.000029,0.05888,0.424761,0.130082,0.012063,0.001064,0.015178,0.08698,0.00251,0.15129,0.116154,0.000981
CGTTAGCTCACAACTG-1,0.000034,0.366796,0.141393,0.075139,0.248002,0.000034,0.000034,0.050834,0.003522,0.099421,0.008134,0.006623,0.000034
CGTTATCATACTTCCA-1,0.00002,0.00002,0.00002,0.00002,0.000945,0.288285,0.025398,0.061845,0.410173,0.004273,0.170776,0.021889,0.016337
CGTTCAAGGAAACGGA-1,0.000011,0.034601,0.003016,0.042401,0.102971,0.029296,0.025413,0.478384,0.189511,0.007401,0.027878,0.054387,0.004728
CGTTCAGACCCGCGAA-1,0.000059,0.000059,0.000059,0.600585,0.19142,0.000059,0.000059,0.034638,0.014722,0.000059,0.020114,0.138111,0.000059
CGTTCATGGTGCGCGT-1,0.000056,0.000056,0.000056,0.028787,0.500468,0.000056,0.035304,0.139593,0.038012,0.000072,0.257425,0.000056,0.000057
CGTTCTTCGCACACCT-1,0.000029,0.000029,0.011759,0.037897,0.312817,0.061466,0.022341,0.042232,0.094789,0.327695,0.069655,0.00242,0.016872
CGTTGAATACCGCGCT-1,0.000178,0.000178,0.270023,0.583088,0.145113,0.000178,0.000178,0.000178,0.000178,0.000178,0.000178,0.000178,0.000178
CGTTGAGCGACCGTCG-1,0.000049,0.000049,0.000049,0.049368,0.541318,0.025286,0.040322,0.112365,0.085144,0.006688,0.058427,0.050024,0.030914
CGTTGAGTAATTGCGT-1,0.000021,0.068369,0.047136,0.211221,0.006698,0.086,0.294051,0.065031,0.048393,0.049284,0.032901,0.068151,0.022743
CGTTGCCCGCGTGGGA-1,0.000043,0.000043,0.000043,0.760903,0.002531,0.000043,0.000043,0.07415,0.016958,0.000043,0.000043,0.128545,0.016613
CGTTGTAAACGTCAGG-1,0.000978,0.069891,0.012687,0.017287,0.010853,0.074392,0.09612,0.167048,0.010141,0.038059,0.019876,0.196038,0.28663
CGTTGTAAGATTGATT-1,0.000419,0.000015,0.000015,0.017578,0.011765,0.340507,0.108834,0.022451,0.043213,0.049751,0.118097,0.194986,0.09237
CGTTGTCGGCAATTGA-1,0.000063,0.020986,0.000063,0.687321,0.206528,0.000063,0.000063,0.000063,0.000063,0.000063,0.084595,0.000063,0.000063
CGTTGTTTCAATTCCC-1,0.000025,0.013198,0.003789,0.038687,0.090569,0.128471,0.048014,0.029692,0.012162,0.212416,0.095586,0.105738,0.221652
CGTTTAAGCGGAGCAC-1,0.000021,0.047188,0.008926,0.247776,0.000021,0.059733,0.457334,0.082927,0.038853,0.054529,0.000021,0.002318,0.000354
CGTTTACAAGGCAGCT-1,0.000025,0.000025,0.032927,0.068647,0.191712,0.084898,0.02569,0.000025,0.006994,0.091211,0.302991,0.10682,0.088035
CGTTTCACTTCGGGCG-1,0.000033,0.028333,0.069851,0.127487,0.086379,0.030669,0.093382,0.076773,0.014996,0.310724,0.075204,0.048525,0.037646
CGTTTCGCTCATTACA-1,0.000021,0.000021,0.000021,0.000021,0.003008,0.466124,0.004373,0.014458,0.272134,0.009314,0.219845,0.010085,0.000574
CGTTTCGGTTATATGC-1,0.000036,0.000036,0.078403,0.105116,0.257687,0.025534,0.000036,0.095551,0.318948,0.000036,0.075389,0.035404,0.007823
CGTTTGTGTAGAGGGT-1,0.000193,0.000193,0.000193,0.887644,0.110236,0.000193,0.000193,0.000193,0.000193,0.000193,0.000193,0.000193,0.000193
CTAAACGGGTGTAATC-1,0.000032,0.800195,0.082916,0.073463,0.020169,0.000032,0.000032,0.000032,0.000032,0.020796,0.000032,0.000032,0.002235
CTAAAGAATGCCTACT-1,0.000015,0.000015,0.000015,0.032391,0.065446,0.144398,0.004711,0.046898,0.075058,0.013086,0.514378,0.076245,0.027345
CTAAAGGATGAGATAC-1,0.000014,0.000014,0.000014,0.031715,0.068828,0.082552,0.011004,0.066444,0.32904,0.004043,0.306822,0.088967,0.010544
CTAAAGGGAAATAGGA-1,0.000024,0.000024,0.000024,0.28291,0.293341,0.042642,0.000024,0.131197,0.092201,0.001698,0.077228,0.033798,0.04489
CTAAAGTCCGAAGCTA-1,0.000025,0.825525,0.083617,0.010667,0.035488,0.01544,0.000025,0.000025,0.000025,0.021546,0.000045,0.000025,0.007549
CTAAATCCGGTGTACA-1,0.00017,0.00017,0.696171,0.00017,0.00017,0.00017,0.00017,0.301957,0.00017,0.00017,0.00017,0.00017,0.00017
CTAAATCCTATTCCGG-1,0.000007,0.000007,0.000007,0.000007,0.000007,0.727576,0.021135,0.013329,0.162499,0.000957,0.051565,0.01761,0.005294
CTAACAGCACAATAAC-1,0.004755,0.000339,0.292903,0.013107,0.523153,0.000339,0.000339,0.000339,0.000339,0.000339,0.000339,0.163371,0.000339
CTAACCGCGCGCCCGT-1,0.000021,0.012547,0.000021,0.031803,0.106825,0.156256,0.001108,0.012731,0.038252,0.00879,0.42882,0.131171,0.071653
CTAACGAAACTTGCTG-1,0.000155,0.00733,0.007356,0.057643,0.069578,0.170733,0.102411,0.062903,0.055821,0.05776,0.037613,0.087915,0.282783
CTAACTGGTCCGGTTC-1,0.000366,0.000015,0.000015,0.073792,0.006024,0.032639,0.048876,0.37223,0.160188,0.018038,0.004912,0.101341,0.181564
CTAAGGGAATGATTGG-1,0.001757,0.000084,0.000084,0.125286,0.496313,0.000084,0.000084,0.26994,0.044184,0.000084,0.061729,0.000286,0.000084
CTAAGTACAGGGCTAC-1,0.000015,0.034398,0.000015,0.016053,0.050434,0.049201,0.235184,0.062588,0.046682,0.049209,0.093992,0.21063,0.151601
CTAATGCGCCCAACAA-1,0.00085,0.395793,0.461251,0.000029,0.031006,0.000029,0.00895,0.000029,0.000029,0.013622,0.002757,0.017489,0.068168
CTAATTATGAAGCGTA-1,0.000012,0.000012,0.000012,0.000319,0.145252,0.045866,0.211888,0.022,0.022708,0.034175,0.400582,0.083584,0.03359
CTAATTCGCACGCGCT-1,0.000031,0.000031,0.000031,0.000031,0.081546,0.457315,0.077654,0.006696,0.008261,0.116773,0.208283,0.002688,0.04066
CTAATTCTCAGATATT-1,0.000036,0.000036,0.037357,0.134745,0.244721,0.210757,0.004825,0.03087,0.001361,0.155656,0.107772,0.017308,0.054554
CTAATTTCAACAACAC-1,0.000024,0.057093,0.021076,0.167011,0.16927,0.058506,0.176049,0.045891,0.045007,0.10698,0.097895,0.011943,0.043256
CTACAAGAAATAACCC-1,0.001,0.000071,0.177071,0.562407,0.258883,0.000071,0.000071,0.000071,0.000071,0.000071,0.000071,0.000071,0.000071
CTACACTAGCTTGTTC-1,0.000041,0.642177,0.177367,0.137129,0.039246,0.000041,0.000041,0.000041,0.000041,0.003689,0.000041,0.000041,0.000103
CTACACTCGCAGATGG-1,0.000461,0.000461,0.444019,0.177877,0.248689,0.000461,0.000461,0.000461,0.000461,0.125269,0.000461,0.000461,0.000461
CTACATATCGCGGGAC-1,0.000182,0.000182,0.051882,0.573441,0.372854,0.000182,0.000182,0.000182,0.000182,0.000182,0.000182,0.000182,0.000182
CTACCCTAAGGTCATA-1,0.000021,0.084433,0.000021,0.085212,0.10321,0.143712,0.01218,0.052787,0.035428,0.039042,0.064809,0.051283,0.327863
CTACGAACTAGGTCGA-1,0.00004,0.338571,0.384883,0.082035,0.101728,0.00004,0.00004,0.00004,0.00004,0.012147,0.030759,0.013294,0.036383
CTACGACTAGCTATAA-1,0.000035,0.019677,0.000035,0.103853,0.399898,0.134426,0.00275,0.019651,0.029649,0.016047,0.247964,0.018668,0.007348
CTACGATCCTATCCTA-1,0.00007,0.00007,0.011081,0.711851,0.00007,0.00007,0.00007,0.00007,0.00007,0.00007,0.00007,0.127177,0.149258
CTACGCACGGAGTACC-1,0.000035,0.066975,0.000035,0.139411,0.182886,0.025827,0.0005,0.017807,0.103014,0.079659,0.352144,0.020484,0.011223
CTACGCCATTTCCGAT-1,0.000038,0.157268,0.134163,0.136099,0.054146,0.074787,0.142919,0.001202,0.002579,0.082771,0.057986,0.000038,0.156004
CTACGTGTTGCCACCA-1,0.000605,0.805324,0.000024,0.000024,0.000024,0.079012,0.043975,0.036422,0.009826,0.003736,0.000024,0.003242,0.017762
CTACTATCATAGGTTT-1,0.001204,0.000049,0.000049,0.301553,0.343404,0.000049,0.00094,0.30013,0.000049,0.000049,0.000056,0.052419,0.000049
CTACTATCTTTCAGAG-1,0.000028,0.000028,0.000028,0.137094,0.027458,0.107402,0.018539,0.006269,0.008781,0.025474,0.064762,0.268106,0.336028
CTACTCAAGGTATAGT-1,0.000295,0.000295,0.536681,0.095398,0.26024,0.000295,0.000295,0.105028,0.000295,0.000295,0.000295,0.000295,0.000295
CTACTCTAGGCCCGGC-1,0.000294,0.000016,0.000016,0.000016,0.032498,0.621016,0.088558,0.032841,0.106885,0.031229,0.033744,0.029341,0.023545
CTACTGCCACCTGACC-1,0.000025,0.042184,0.000025,0.029161,0.145304,0.389168,0.038851,0.020013,0.035474,0.049918,0.066439,0.013638,0.169798
CTAGACATATATGTAG-1,0.000012,0.028395,0.013077,0.019831,0.062678,0.046448,0.369338,0.117109,0.10312,0.049372,0.081294,0.086013,0.023314
CTAGACTGCATTTCGT-1,0.000028,0.334039,0.044481,0.043653,0.077438,0.072483,0.018281,0.023514,0.0321,0.031086,0.057004,0.103888,0.162005
CTAGATAAACTCCTCG-1,0.000045,0.247181,0.564653,0.004978,0.028645,0.000045,0.000045,0.007498,0.000045,0.000045,0.000045,0.071912,0.074864
CTAGATGTGAGTGTAA-1,0.00003,0.00003,0.023172,0.094139,0.284167,0.226284,0.019597,0.008009,0.002207,0.135647,0.11147,0.042473,0.052777
CTAGATTTACGACGGC-1,0.000038,0.000038,0.000038,0.249958,0.079446,0.082201,0.051611,0.124361,0.298652,0.021645,0.069341,0.017943,0.004727
CTAGCAACTAATTTAC-1,0.000024,0.852092,0.090769,0.000024,0.000024,0.009068,0.028561,0.000024,0.000024,0.000024,0.000024,0.019319,0.000024
CTAGCATAGTATAATG-1,0.00002,0.00002,0.002221,0.024309,0.114194,0.274581,0.007672,0.102398,0.036347,0.037456,0.326151,0.049986,0.024644
CTAGCCCGGGAGACGA-1,0.000016,0.011609,0.000016,0.036296,0.128258,0.015205,0.07631,0.19531,0.146579,0.007371,0.197021,0.174782,0.011227
CTAGCCGATGTTATGA-1,0.000022,0.093168,0.009126,0.081537,0.057243,0.043787,0.152384,0.161416,0.086489,0.11253,0.082571,0.022191,0.097537
CTAGCGCCAATCCTAC-1,0.000022,0.000022,0.055152,0.041407,0.137866,0.012747,0.07365,0.032455,0.017231,0.025886,0.449226,0.125311,0.029025
CTAGCTTAATGGTCCC-1,0.000016,0.000016,0.000016,0.021027,0.009727,0.000016,0.000016,0.003327,0.000089,0.000016,0.015472,0.931349,0.018913
CTAGGCGGCAGAGAAT-1,0.000047,0.395877,0.440929,0.105823,0.056946,0.000047,0.000047,0.000047,0.000047,0.000047,0.000047,0.000047,0.000047
CTAGGGATAGGGACAA-1,0.000014,0.000014,0.000014,0.111259,0.171528,0.004893,0.039959,0.446949,0.055028,0.018805,0.103141,0.03844,0.009958
CTAGGTCTGAAGGAAT-1,0.000334,0.000015,0.007459,0.066358,0.175159,0.120115,0.014992,0.054497,0.100353,0.03537,0.180297,0.108367,0.136683
CTAGGTTCGGACGTGA-1,0.000246,0.000246,0.245615,0.000246,0.543419,0.000246,0.122379,0.000246,0.086376,0.000246,0.000246,0.000246,0.000246
CTAGTAGAAAGGGATT-1,0.000082,0.000082,0.280106,0.702776,0.016294,0.000082,0.000082,0.000082,0.000082,0.000082,0.000082,0.000082,0.000082
CTAGTATTCGGAATTA-1,0.00003,0.203338,0.038671,0.125931,0.036304,0.053533,0.072079,0.114814,0.06274,0.242516,0.030851,0.00003,0.019165
CTAGTCACGTCTTAAG-1,0.000012,0.000012,0.000012,0.006295,0.01774,0.225415,0.030627,0.175574,0.366712,0.010768,0.150124,0.010236,0.006473
CTAGTGAAGGACAGGA-1,0.000023,0.011712,0.000023,0.013543,0.16395,0.139063,0.018732,0.039067,0.075842,0.045758,0.094387,0.04637,0.351528
CTAGTTACAACCCGGT-1,0.000063,0.000063,0.037111,0.947432,0.014828,0.000063,0.000063,0.000063,0.000063,0.000063,0.000063,0.000063,0.000063
CTAGTTGGGCCCGGTA-1,0.00002,0.011217,0.033694,0.116333,0.097992,0.34446,0.059261,0.023451,0.019498,0.043041,0.145274,0.038354,0.067406
CTATAAGAGCCAATCG-1,0.000212,0.012402,0.013418,0.024131,0.096756,0.048231,0.235166,0.080044,0.150967,0.1443,0.106516,0.058176,0.029682
CTATAAGTAGGGTTTG-1,0.00021,0.011304,0.00021,0.565096,0.113175,0.00021,0.00021,0.00021,0.00021,0.065802,0.00021,0.044893,0.198263
CTATACTTAAAGCGAG-1,0.000222,0.000222,0.862055,0.000222,0.000222,0.135507,0.000222,0.000222,0.000222,0.000222,0.000222,0.000222,0.000222
CTATAGGCGTTGATGT-1,0.003856,0.000196,0.627902,0.264538,0.000196,0.000196,0.000196,0.000196,0.101942,0.000196,0.000196,0.000196,0.000196
CTATATCCAGCCTGGC-1,0.000061,0.000061,0.051621,0.42812,0.336251,0.000061,0.000061,0.181369,0.000061,0.000061,0.000061,0.002152,0.000061
CTATCACAACGCTGGA-1,0.000023,0.000023,0.00315,0.246924,0.023315,0.073836,0.041156,0.136809,0.044045,0.004345,0.015581,0.340634,0.070159
CTATCGGGTCTCAACA-1,0.000021,0.002665,0.006769,0.114271,0.136605,0.096087,0.018668,0.033019,0.186931,0.035241,0.200041,0.151695,0.017988
CTATGAACACCTTGCC-1,0.000029,0.000029,0.000029,0.051381,0.269008,0.000029,0.0303,0.357851,0.187429,0.010894,0.033134,0.055253,0.004633
CTATGCCCGAATGCAA-1,0.000083,0.000083,0.000083,0.575212,0.391014,0.000083,0.000083,0.000083,0.000083,0.000083,0.032942,0.000083,0.000083
CTATGGGAAGCGGAAT-1,0.000131,0.000131,0.000131,0.980783,0.017778,0.000131,0.000131,0.000131,0.000131,0.000131,0.000131,0.000131,0.000131
CTATGTCACTAGCCCA-1,0.000029,0.033228,0.000029,0.102737,0.342549,0.113179,0.02131,0.052236,0.020452,0.117983,0.088763,0.027656,0.079851
CTATGTCTATTGAAAC-1,0.000017,0.08043,0.000017,0.008081,0.118336,0.015872,0.424948,0.117373,0.034158,0.094283,0.061931,0.023729,0.020827
CTATGTGAGTCACGGC-1,0.001415,0.000036,0.000036,0.031942,0.226591,0.071562,0.006357,0.035771,0.149647,0.004291,0.387747,0.060387,0.024218
CTATTCATGTGTCCCA-1,0.000133,0.000133,0.012823,0.484679,0.173213,0.000133,0.000133,0.328092,0.000133,0.000133,0.000133,0.000133,0.000133
CTATTGTGTTTGGTCA-1,0.000032,0.074446,0.027149,0.041669,0.187869,0.029182,0.04162,0.096521,0.144786,0.290185,0.032058,0.008177,0.026306
CTATTTGCTTGGAGGA-1,0.000021,0.000021,0.000021,0.061541,0.075445,0.003045,0.038706,0.51822,0.140495,0.011559,0.043382,0.097164,0.010381
CTATTTGGTTACGGAT-1,0.000032,0.056339,0.000032,0.02797,0.086924,0.022399,0.000032,0.000607,0.002234,0.003847,0.472794,0.181717,0.14507
CTCAAACCACTGCCCG-1,0.00008,0.00008,0.262577,0.687171,0.04945,0.00008,0.00008,0.00008,0.00008,0.00008,0.00008,0.00008,0.00008
CTCAACTAACCCGGAT-1,0.000041,0.219894,0.263269,0.472382,0.000041,0.000041,0.000041,0.011363,0.009853,0.000041,0.000041,0.02295,0.000041
CTCAAGACATTAGCGC-1,0.000014,0.000014,0.032153,0.122922,0.030732,0.05746,0.387163,0.121635,0.197494,0.023393,0.014077,0.008842,0.004099
CTCACACGCAAGCCTA-1,0.000015,0.000015,0.012709,0.032186,0.319383,0.031626,0.029489,0.025587,0.02516,0.046854,0.177343,0.083946,0.215687
CTCACATTTACTAAAT-1,0.000104,0.000104,0.161717,0.239785,0.292336,0.000104,0.000104,0.21008,0.028823,0.000104,0.000104,0.034028,0.032607
CTCACCAGTACAAGTG-1,0.000018,0.069886,0.000835,0.078772,0.047769,0.221399,0.041577,0.018554,0.020309,0.142411,0.101378,0.057151,0.19994
CTCACCGATCCAAACT-1,0.000015,0.000015,0.007688,0.033075,0.254121,0.123174,0.049757,0.033261,0.031482,0.121394,0.188752,0.051036,0.10623
CTCACTGTGATACTTA-1,0.000101,0.000101,0.272027,0.708005,0.018954,0.000101,0.000101,0.000101,0.000101,0.000101,0.000101,0.000101,0.000101
CTCACTTGGCTGGTAA-1,0.000009,0.000009,0.000009,0.000009,0.000009,0.453359,0.005305,0.01259,0.323123,0.000181,0.185383,0.013016,0.006995
CTCAGAGCTAATGTCG-1,0.000013,0.00088,0.000013,0.014388,0.051837,0.023229,0.029516,0.225417,0.477692,0.011875,0.048061,0.093952,0.023127
CTCAGATTGTGATAAG-1,0.000018,0.000018,0.000018,0.016711,0.01505,0.201164,0.02041,0.166769,0.293486,0.009607,0.192569,0.073731,0.01045
CTCAGCAGACTGCCGA-1,0.000008,0.000008,0.000008,0.000008,0.001628,0.477086,0.136652,0.019097,0.162767,0.017806,0.03175,0.02797,0.125212
CTCAGGACTCACCTGT-1,0.000026,0.093238,0.002472,0.034473,0.128652,0.147458,0.151308,0.060154,0.147098,0.20054,0.014326,0.000414,0.01984
CTCAGTCACGACAAAT-1,0.000016,0.003862,0.007503,0.06675,0.021803,0.069609,0.162035,0.098282,0.078854,0.303509,0.027478,0.07021,0.090089
CTCATAAATGTGTATA-1,0.000053,0.000053,0.000053,0.481358,0.403005,0.000053,0.000053,0.005323,0.000053,0.026239,0.083653,0.000053,0.000053
CTCATCACTTAGTGAT-1,0.000022,0.008724,0.033986,0.072813,0.22601,0.000022,0.005014,0.000068,0.000574,0.007953,0.500253,0.10667,0.037891
CTCATGGCTCACAATC-1,0.000015,0.042039,0.008369,0.05949,0.018102,0.046846,0.353625,0.208796,0.12208,0.117255,0.009235,0.010908,0.003241
CTCATGGTAATTTGCG-1,0.000039,0.000039,0.000039,0.093759,0.207158,0.006058,0.071389,0.195698,0.376011,0.001456,0.038742,0.006387,0.003223
CTCATTAACGTTGCCC-1,0.000016,0.000016,0.000016,0.064714,0.154873,0.043765,0.015376,0.018136,0.090849,0.00437,0.476362,0.121748,0.009759
CTCATTCGTGAACATC-1,0.00002,0.223867,0.00002,0.028294,0.052472,0.020837,0.066607,0.13999,0.039551,0.306549,0.104531,0.010467,0.006794
CTCATTTGATGGGCGG-1,0.005486,0.088226,0.000033,0.017898,0.093444,0.062626,0.083295,0.016947,0.004263,0.251508,0.307879,0.008018,0.060375
CTCCCAATGAGTCGCG-1,0.000096,0.000096,0.065091,0.823093,0.021048,0.000096,0.000096,0.089907,0.000096,0.000096,0.000096,0.000096,0.000096
CTCCCTCCTTTCGATC-1,0.000043,0.000043,0.001722,0.085527,0.296642,0.000043,0.011268,0.386053,0.100092,0.075937,0.042545,0.000043,0.000043
CTCCCTTGTATCAAGG-1,0.000127,0.000127,0.022418,0.334169,0.629536,0.000127,0.000127,0.000127,0.000127,0.000127,0.01273,0.000127,0.000127
CTCCGCCCACATGAGG-1,0.000045,0.000045,0.000045,0.089117,0.235075,0.051104,0.000045,0.027555,0.024851,0.02342,0.54579,0.002864,0.000045
CTCCGGCCTAATATGC-1,0.00003,0.013731,0.00778,0.026341,0.143009,0.037215,0.136009,0.102158,0.031909,0.13688,0.086899,0.074826,0.203214
CTCCGGCTTGTAGACA-1,0.000056,0.462562,0.133778,0.16617,0.203762,0.000056,0.000056,0.000056,0.000056,0.023681,0.009657,0.000056,0.000056
CTCCTAAGTTATGTCT-1,0.000061,0.161472,0.259258,0.311442,0.006237,0.067138,0.055223,0.024651,0.020593,0.093742,0.000061,0.000061,0.000061
CTCCTAGTAATCGTGA-1,0.00002,0.00002,0.00002,0.037436,0.027494,0.057509,0.056905,0.230886,0.267213,0.012127,0.128585,0.173235,0.00855
CTCCTGTTCAAGGCAG-1,0.000169,0.000169,0.252005,0.74614,0.000169,0.000169,0.000169,0.000169,0.000169,0.000169,0.000169,0.000169,0.000169
CTCCTTTACGCAAGTC-1,0.000011,0.000011,0.000011,0.000012,0.00886,0.312947,0.307097,0.076932,0.135417,0.0282,0.076384,0.031965,0.022154
CTCGAATGGAACGTAT-1,0.000045,0.06923,0.098719,0.002547,0.668096,0.056987,0.006466,0.008227,0.000045,0.035571,0.052191,0.000045,0.001832
CTCGAGACATACGATA-1,0.000629,0.000044,0.000044,0.396209,0.155882,0.000044,0.000044,0.293401,0.086424,0.000044,0.012855,0.041115,0.013264
CTCGAGATCCAAAGCA-1,0.000032,0.711065,0.226852,0.006684,0.010059,0.000032,0.000032,0.000032,0.000032,0.000032,0.000032,0.045085,0.000032
CTCGAGGCAAGTTTCA-1,0.000017,0.000017,0.000017,0.018108,0.136082,0.001986,0.077493,0.548011,0.13376,0.002219,0.019258,0.057847,0.005184
CTCGAGGTCGAACAGT-1,0.000021,0.057698,0.012635,0.009218,0.021356,0.181254,0.062136,0.103541,0.045648,0.022434,0.184589,0.112964,0.186508
CTCGATATTTGCGAGC-1,0.000027,0.000027,0.00492,0.086548,0.13813,0.023933,0.311016,0.03099,0.052961,0.21631,0.045347,0.067278,0.022513
CTCGCACCTATATAGT-1,0.000018,0.006908,0.012907,0.100015,0.031067,0.405532,0.038965,0.032464,0.053523,0.261567,0.024635,0.016233,0.016166
CTCGCATTGCATAGCC-1,0.000466,0.000466,0.709831,0.000466,0.285041,0.000466,0.000466,0.000466,0.000466,0.000466,0.000466,0.000466,0.000466
CTCGCCGAATGTAGGG-1,0.000154,0.000154,0.474102,0.088529,0.011276,0.000154,0.000154,0.424703,0.000154,0.000154,0.000154,0.000154,0.000154
CTCGCTAGGTAAGCGA-1,0.00002,0.00002,0.00002,0.054813,0.005807,0.062962,0.017536,0.123338,0.303279,0.000972,0.03606,0.331248,0.063926
CTCGGGATAACACCTA-1,0.000023,0.022142,0.01476,0.017096,0.27469,0.017271,0.007322,0.002744,0.000023,0.026729,0.39698,0.139541,0.080677
CTCGGGCATCGTCGGG-1,0.000039,0.570888,0.277556,0.00072,0.047523,0.035192,0.007783,0.000039,0.000039,0.027158,0.032983,0.000039,0.000039
CTCGGGTTCTCTGGCC-1,0.000706,0.000706,0.603462,0.000706,0.000706,0.000706,0.000706,0.000706,0.000706,0.388775,0.000706,0.000706,0.000706
CTCGGTACCACTGCTC-1,0.000039,0.000039,0.000039,0.069632,0.164015,0.161657,0.039756,0.074098,0.286003,0.02868,0.084271,0.070923,0.020848
CTCGGTCCGTAGCCTG-1,0.000034,0.015101,0.000034,0.014753,0.104848,0.08674,0.159002,0.067552,0.070136,0.311819,0.156102,0.002524,0.011357
CTCGGTTGTCGGCCCT-1,0.000117,0.000117,0.068294,0.899889,0.000117,0.000117,0.000117,0.000117,0.000117,0.000117,0.000117,0.030646,0.000117
CTCGTCGAGGGCTCAT-1,0.000432,0.000432,0.488051,0.398189,0.000432,0.000432,0.000432,0.000432,0.000432,0.000432,0.000432,0.000432,0.109439
CTCGTCTGTGCCTTCG-1,0.000013,0.000013,0.000013,0.063347,0.01445,0.004935,0.027016,0.301718,0.563856,0.00194,0.006103,0.014037,0.002559
CTCGTGGCACTGAAAG-1,0.000026,0.000026,0.000026,0.184094,0.225569,0.012571,0.001484,0.062106,0.058514,0.014899,0.348794,0.090559,0.001333
CTCGTTACGGCTACCA-1,0.000023,0.000023,0.000023,0.115304,0.142893,0.004195,0.024227,0.361687,0.069613,0.002457,0.020072,0.089642,0.16984
CTCGTTTCTAATGTTT-1,0.000025,0.04146,0.022495,0.037128,0.041382,0.080973,0.163588,0.065958,0.13548,0.155819,0.181406,0.056514,0.017771
CTCTAACACCGGCAGC-1,0.00003,0.017293,0.00003,0.070373,0.297677,0.005802,0.011045,0.09864,0.101216,0.000536,0.297279,0.072455,0.027624
CTCTAATGCATTGATC-1,0.000016,0.000016,0.019171,0.017309,0.03553,0.041367,0.175675,0.039702,0.013039,0.015991,0.212463,0.135781,0.293939
CTCTACACTGGCGATT-1,0.000037,0.000037,0.000037,0.104991,0.117502,0.074433,0.000037,0.010512,0.093649,0.000037,0.59122,0.00747,0.000037
CTCTACATCCTGCGTG-1,0.000045,0.000045,0.000045,0.149628,0.360609,0.02205,0.000045,0.214645,0.04024,0.034769,0.161705,0.01085,0.005326
CTCTAGCCCTCGGAAA-1,0.000076,0.000076,0.000076,0.965468,0.033701,0.000076,0.000076,0.000076,0.000076,0.000076,0.000076,0.000076,0.000076
CTCTATTTGGCTGCAG-1,0.000461,0.000031,0.005294,0.256815,0.031902,0.031626,0.009096,0.543485,0.081173,0.000031,0.000031,0.02971,0.010345
CTCTCACAATCGATGA-1,0.000008,0.012622,0.000851,0.010874,0.036984,0.111318,0.077657,0.169643,0.290848,0.035553,0.107172,0.062509,0.08396
CTCTCGATGTGCGCCT-1,0.000032,0.633825,0.271113,0.09474,0.000032,0.000032,0.000032,0.000032,0.000032,0.000032,0.000032,0.000032,0.000032
CTCTCGCTGTACTATG-1,0.000032,0.021103,0.055566,0.043645,0.234916,0.142152,0.14471,0.065946,0.148305,0.11316,0.012357,0.005299,0.01281
CTCTCTAACTGCCTAG-1,0.000152,0.000152,0.077833,0.899121,0.021526,0.000152,0.000152,0.000152,0.000152,0.000152,0.000152,0.000152,0.000152
CTCTGCAGGCATTCTT-1,0.000066,0.000066,0.000066,0.471732,0.077708,0.002721,0.189934,0.073078,0.035437,0.000066,0.000066,0.060486,0.088576
CTCTGCGAAGCAAGCA-1,0.000033,0.109398,0.03312,0.265441,0.115424,0.016303,0.000397,0.004122,0.001444,0.395016,0.030483,0.000033,0.028785
CTCTGGACGCCTGGTG-1,0.000035,0.000035,0.000035,0.089977,0.330014,0.026957,0.010079,0.036786,0.027425,0.122751,0.289421,0.020301,0.046185
CTCTGTCCATGCACCA-1,0.000016,0.000016,0.000016,0.000016,0.009153,0.104773,0.04213,0.01993,0.586488,0.006381,0.133549,0.089725,0.007808
CTCTGTGCCTGCTATG-1,0.00003,0.856604,0.143061,0.00003,0.00003,0.00003,0.00003,0.00003,0.00003,0.00003,0.00003,0.00003,0.00003
CTCTGTTTGAGGATTC-1,0.000035,0.069615,0.098339,0.176097,0.014034,0.06764,0.185605,0.121452,0.181189,0.045744,0.010862,0.012808,0.016582
CTCTTCTATTGACTGG-1,0.000314,0.000021,0.000021,0.100693,0.000512,0.04563,0.012356,0.295647,0.531345,0.000021,0.002914,0.003426,0.007099
CTCTTGTCCCGCTTGG-1,0.000175,0.000175,0.000175,0.997897,0.000175,0.000175,0.000175,0.000175,0.000175,0.000175,0.000175,0.000175,0.000175
CTGAAACGGCCCTCAG-1,0.000007,0.000007,0.006141,0.028282,0.003067,0.164213,0.020022,0.030072,0.064528,0.010049,0.245936,0.412037,0.015639
CTGAAAGAGATCCGAC-1,0.000019,0.154287,0.000843,0.02276,0.171244,0.038137,0.136757,0.061121,0.01864,0.20886,0.154825,0.010998,0.021508
CTGAATCCGAGACCTC-1,0.000028,0.000028,0.000028,0.039021,0.208699,0.03973,0.004432,0.462196,0.154144,0.02772,0.044246,0.010848,0.008878
CTGAATTTATTGCCAG-1,0.000015,0.000015,0.009799,0.026021,0.090672,0.040105,0.387021,0.134712,0.160233,0.022066,0.097673,0.00978,0.021889
CTGACATAGAAATAGA-1,0.000037,0.000037,0.04959,0.673701,0.114197,0.000037,0.007086,0.140229,0.013413,0.001541,0.000037,0.000037,0.000056
CTGACTGCGCAGCTCG-1,0.000028,0.019059,0.00548,0.060968,0.09514,0.472064,0.029832,0.051304,0.009074,0.093155,0.078072,0.065,0.020822
CTGAGAAAGTTCGGCG-1,0.000029,0.010352,0.018374,0.218268,0.019848,0.020017,0.009503,0.474905,0.184818,0.000029,0.000029,0.037615,0.006212
CTGAGCAAGTAACAAG-1,0.000018,0.074286,0.095433,0.061876,0.113528,0.037995,0.241786,0.08639,0.108242,0.09841,0.025213,0.00965,0.047173
CTGAGCGAGACTTATT-1,0.00002,0.00002,0.00002,0.016652,0.401938,0.00839,0.005269,0.011731,0.006861,0.011296,0.487354,0.047227,0.003223
CTGATAGTGTATCTCA-1,0.000042,0.014395,0.000249,0.144575,0.243679,0.085052,0.039987,0.028413,0.019783,0.198214,0.098635,0.027548,0.099427
CTGATCCCTTTATGCA-1,0.000029,0.000029,0.000029,0.087605,0.067615,0.000029,0.019544,0.597286,0.073539,0.000029,0.011075,0.136565,0.006624
CTGCAAATGGGCTCCA-1,0.000018,0.974645,0.022081,0.003095,0.000018,0.000018,0.000018,0.000018,0.000018,0.000018,0.000018,0.000018,0.000018
CTGCACAACTACATAT-1,0.000022,0.024785,0.003344,0.203147,0.013588,0.008322,0.104917,0.382512,0.01295,0.008155,0.000263,0.142445,0.09555
CTGCACCTAGTCCACA-1,0.00002,0.00002,0.000282,0.00002,0.00312,0.290256,0.118907,0.026676,0.126035,0.050389,0.066452,0.203011,0.114812
CTGCACCTGGAACCGC-1,0.000029,0.07242,0.040699,0.081522,0.36136,0.025781,0.126061,0.100515,0.056925,0.110692,0.014681,0.000029,0.009284
CTGCACTCCAGTACAG-1,0.000158,0.000158,0.000158,0.677966,0.320296,0.000158,0.000158,0.000158,0.000158,0.000158,0.000158,0.000158,0.000158
CTGCAGGGTGACGCTC-1,0.00003,0.010807,0.00003,0.104149,0.106726,0.023217,0.020664,0.166127,0.180443,0.014947,0.286014,0.083405,0.003441
CTGCAGGTGCTCGGCC-1,0.00006,0.388481,0.531453,0.044633,0.034895,0.00006,0.00006,0.00006,0.00006,0.00006,0.00006,0.00006,0.00006
CTGCCAAGGTTGGAAG-1,0.000029,0.149071,0.0109,0.011671,0.26541,0.086346,0.137262,0.004668,0.007018,0.090334,0.1571,0.044832,0.035359
CTGCCATGCATCACAT-1,0.000035,0.000035,0.000035,0.080183,0.125668,0.009022,0.02555,0.214647,0.197648,0.14198,0.189055,0.00731,0.00883
CTGCCCACGAAGCGTT-1,0.000023,0.004505,0.000023,0.095275,0.122223,0.074829,0.06919,0.021337,0.01557,0.181841,0.038284,0.030237,0.346664
CTGCCTAGCCACCAAG-1,0.000021,0.545856,0.120773,0.095685,0.031765,0.007241,0.113948,0.01997,0.001027,0.049254,0.011482,0.001061,0.001918
CTGCCTCATATGCAAC-1,0.000028,0.008477,0.008059,0.062912,0.169188,0.031521,0.000028,0.000777,0.011851,0.008203,0.301231,0.197795,0.19993
CTGCCTTTCTAGTAAA-1,0.000176,0.000176,0.511049,0.487019,0.000176,0.000176,0.000176,0.000176,0.000176,0.000176,0.000176,0.000176,0.000176
CTGCGACCTCGCCGAA-1,0.000804,0.000026,0.000026,0.16282,0.266298,0.00637,0.003507,0.219728,0.233846,0.006462,0.038833,0.046365,0.014916
CTGCGATTTCGAGATT-1,0.000016,0.000016,0.000016,0.003676,0.003033,0.080461,0.107671,0.213588,0.513516,0.018506,0.007946,0.046144,0.00541
CTGCGGGTGAAATGTT-1,0.000012,0.015589,0.000012,0.005439,0.048835,0.435194,0.041659,0.037282,0.067185,0.016861,0.101355,0.066622,0.163954
CTGCGGTAGTCACGTG-1,0.000044,0.307317,0.307545,0.006313,0.038888,0.10945,0.076447,0.012666,0.00424,0.0593,0.014178,0.000044,0.063566
CTGCGTTACGATATAA-1,0.000036,0.171103,0.106079,0.18931,0.284054,0.000036,0.000036,0.000036,0.000036,0.238437,0.010764,0.000036,0.000036
CTGCTCTCAACACACC-1,0.00005,0.00005,0.074093,0.535258,0.009222,0.00005,0.004216,0.148373,0.228492,0.00005,0.00005,0.00005,0.00005
CTGCTCTGACGGCAAA-1,0.000015,0.000015,0.000015,0.022628,0.11355,0.092297,0.012581,0.103948,0.400061,0.035198,0.147759,0.026442,0.045491
CTGCTGAGGCCACGAA-1,0.001721,0.000032,0.001522,0.545971,0.014428,0.050885,0.077339,0.184461,0.062529,0.023127,0.013258,0.016626,0.008101
CTGCTGTCTAACGAGC-1,0.000029,0.000029,0.000029,0.114436,0.011525,0.000029,0.015473,0.553655,0.283316,0.000029,0.000031,0.02139,0.000029
CTGCTTGGCGATAGCT-1,0.000155,0.000155,0.000155,0.998139,0.000155,0.000155,0.000155,0.000155,0.000155,0.000155,0.000155,0.000155,0.000155
CTGCTTTATGTCCGCG-1,0.000017,0.010897,0.000017,0.083774,0.112805,0.031589,0.254964,0.064865,0.064097,0.141139,0.206227,0.016582,0.013027
CTGGAAATGGATGCTT-1,0.000015,0.065995,0.011569,0.059464,0.070668,0.170943,0.054036,0.142696,0.05329,0.117348,0.061281,0.11131,0.081384
CTGGAAGACACGGTGG-1,0.000051,0.011104,0.000519,0.415958,0.010626,0.005926,0.000051,0.555509,0.000051,0.000051,0.000051,0.000051,0.000051
CTGGACGCAGTCCGGC-1,0.000052,0.000052,0.000052,0.056663,0.428246,0.003755,0.012174,0.278074,0.025209,0.000052,0.176365,0.008611,0.010693
CTGGATTTACACTTGA-1,0.000043,0.000043,0.179458,0.559223,0.000043,0.084255,0.000043,0.133671,0.015699,0.000043,0.000043,0.000043,0.027393
CTGGCATCCGAATGAG-1,0.00002,0.00002,0.00002,0.00673,0.004431,0.090197,0.008897,0.090779,0.173733,0.001529,0.103255,0.486013,0.034376
CTGGCGACATAAGTCC-1,0.000035,0.052508,0.127196,0.058329,0.412912,0.017039,0.000035,0.000035,0.00302,0.234566,0.079202,0.00337,0.011752
CTGGCGATTTACATGT-1,0.000023,0.000023,0.000023,0.02013,0.035469,0.028898,0.031307,0.314105,0.466955,0.013141,0.027275,0.04009,0.022561
CTGGCGCACAGGTCTG-1,0.000032,0.000032,0.000032,0.026022,0.187208,0.061538,0.013771,0.07637,0.063221,0.076554,0.460245,0.008477,0.026496
CTGGCGGGAATAAGTA-1,0.000018,0.14257,0.000018,0.011146,0.075439,0.062287,0.215983,0.102437,0.056121,0.086296,0.096726,0.076135,0.074824
CTGGCTCCTGCGGGAT-1,0.000054,0.210502,0.628862,0.160092,0.000054,0.000054,0.000054,0.000054,0.000054,0.000054,0.000054,0.000054,0.000054
CTGGCTGATTCATCCT-1,0.000666,0.000017,0.000017,0.027722,0.006291,0.045214,0.048641,0.172888,0.56699,0.000712,0.015171,0.016082,0.099587
CTGGCTGCTAACGTAA-1,0.000034,0.613871,0.372399,0.013384,0.000034,0.000034,0.000034,0.000034,0.000034,0.000034,0.000034,0.000034,0.000034
CTGGCTGGTTGTCAGT-1,0.000105,0.000105,0.000105,0.218885,0.303898,0.057454,0.000105,0.272912,0.061556,0.000105,0.000105,0.084564,0.000105
CTGGGATAAATAATGG-1,0.000011,0.000011,0.000011,0.01297,0.089582,0.127023,0.009501,0.056005,0.4894,0.032915,0.113841,0.049341,0.019388
CTGGGATACGCTACCC-1,0.000042,0.000042,0.02634,0.009522,0.185185,0.021444,0.000042,0.000223,0.114761,0.034385,0.381161,0.148823,0.07803
CTGGGATCGCCCAGAT-1,0.000023,0.995267,0.004476,0.000023,0.000023,0.000023,0.000023,0.000023,0.000023,0.000023,0.000023,0.000023,0.000023
CTGGGCACTAGTCGGA-1,0.000031,0.025545,0.088044,0.010296,0.178413,0.007244,0.24289,0.097305,0.102906,0.102955,0.090806,0.053534,0.000031
CTGGGCCTGCTATATC-1,0.000039,0.006551,0.000039,0.00557,0.413728,0.02587,0.017012,0.102147,0.214292,0.041797,0.073014,0.088072,0.011868
CTGGGCGGCCAAATGT-1,0.000023,0.764205,0.234154,0.001411,0.000023,0.000023,0.000023,0.000023,0.000023,0.000023,0.000023,0.000023,0.000023
CTGGGCTACTGGAGAG-1,0.000022,0.000022,0.000022,0.0447,0.028346,0.005491,0.024647,0.16678,0.212033,0.009248,0.063842,0.423274,0.021575
CTGGGCTATCCTTTGG-1,0.000031,0.066652,0.005595,0.048302,0.222621,0.02811,0.073416,0.004935,0.030002,0.267284,0.145349,0.012474,0.095229
CTGGGTAGGCAGTTAA-1,0.00004,0.00004,0.00004,0.145765,0.367225,0.010394,0.022668,0.193342,0.028656,0.066708,0.111437,0.026335,0.027349
CTGGGTTGAGTTAAAG-1,0.000633,0.000013,0.000013,0.055827,0.116471,0.005693,0.107084,0.484005,0.056645,0.01178,0.030885,0.075886,0.055066
CTGGTAAAGACTTACA-1,0.000028,0.000028,0.000758,0.171202,0.283574,0.012683,0.028428,0.154599,0.157583,0.018095,0.022737,0.123518,0.026768
CTGGTAACACATAGAA-1,0.000203,0.000011,0.000011,0.006863,0.010819,0.104164,0.017733,0.200678,0.239859,0.005292,0.10109,0.218368,0.094911
CTGGTAACGAGCTCTT-1,0.00002,0.04619,0.00002,0.01315,0.008113,0.033867,0.063144,0.065178,0.018729,0.034714,0.017494,0.348928,0.350453
CTGGTCATTCCAATCC-1,0.00003,0.00003,0.019949,0.028874,0.203995,0.157115,0.116936,0.085156,0.157857,0.056398,0.133385,0.006398,0.033878
CTGGTCCTAACTTGGC-1,0.000044,0.201323,0.259581,0.256352,0.130655,0.017976,0.000044,0.000044,0.000044,0.03712,0.096729,0.000044,0.000044
CTGGTGAATGGGCCTA-1,0.000066,0.000066,0.290466,0.708813,0.000066,0.000066,0.000066,0.000066,0.000066,0.000066,0.000066,0.000066,0.000066
CTGGTTCAACGCATCA-1,0.000063,0.200083,0.409295,0.262193,0.108233,0.000063,0.000063,0.000063,0.000063,0.019691,0.000063,0.000063,0.000063
CTGGTTCGCGAGCTAC-1,0.000038,0.000038,0.000038,0.042785,0.194391,0.000038,0.000038,0.033193,0.064389,0.005099,0.182889,0.434877,0.042189
CTGGTTTCGAGCAAGA-1,0.000047,0.000047,0.013479,0.430823,0.095907,0.039625,0.021038,0.171517,0.094522,0.025849,0.017371,0.072979,0.016796
CTGTACTTCTTAGCAT-1,0.00005,0.037956,0.00005,0.076131,0.41652,0.00005,0.001905,0.020401,0.073316,0.002554,0.324544,0.04647,0.00005
CTGTAGCCATCTCACT-1,0.000142,0.036588,0.000142,0.709107,0.193953,0.000142,0.000142,0.000142,0.000142,0.000142,0.059077,0.000142,0.000142
CTGTAGTGAGGATCGA-1,0.000016,0.000016,0.000016,0.014871,0.019871,0.02394,0.061709,0.659211,0.144654,0.018926,0.025352,0.02093,0.010489
CTGTATGGTGTAGAAA-1,0.003059,0.005213,0.010914,0.055448,0.0292,0.123546,0.250512,0.159478,0.074718,0.049355,0.034966,0.097916,0.105674
CTGTCAAATGGCTCGG-1,0.00056,0.000824,0.051249,0.119087,0.185276,0.016654,0.03682,0.059461,0.024844,0.067298,0.07504,0.094263,0.268626
CTGTCACGCCAGGCGC-1,0.000036,0.060287,0.118771,0.119146,0.490154,0.008485,0.016488,0.001046,0.021441,0.047101,0.067891,0.008868,0.040286
CTGTCCTGCGCACTAC-1,0.000077,0.078861,0.017325,0.416098,0.470497,0.000077,0.000077,0.000077,0.000077,0.000077,0.016607,0.000077,0.000077
CTGTCTGTGGCTGGCT-1,0.001542,0.354563,0.479611,0.053168,0.110668,0.000056,0.000056,0.000056,0.000056,0.000056,0.000056,0.000056,0.000056
CTGTGCAGGGTAGGTC-1,0.000026,0.000026,0.000026,0.153412,0.066293,0.041046,0.000026,0.28221,0.059225,0.000026,0.107985,0.281726,0.007974
CTGTGGTCGGGAGATA-1,0.000115,0.173929,0.162179,0.388156,0.274705,0.000115,0.000115,0.000115,0.000115,0.000115,0.000115,0.000115,0.000115
CTGTTACCCAATCTAG-1,0.000017,0.000017,0.000017,0.015509,0.012661,0.02956,0.034607,0.736345,0.147561,0.00192,0.009995,0.003244,0.008546
CTGTTCACTGCCTGTG-1,0.000052,0.025483,0.049334,0.089419,0.437322,0.134027,0.00104,0.000052,0.000052,0.137983,0.087157,0.000052,0.038025
CTGTTCATCTCACGGG-1,0.000021,0.001216,0.03247,0.007591,0.05878,0.034632,0.217497,0.271567,0.111874,0.24019,0.014769,0.000035,0.009358
CTGTTGGCTCTTCTGA-1,0.000021,0.014577,0.024299,0.065828,0.015675,0.032807,0.398627,0.275505,0.099639,0.030513,0.016541,0.019759,0.006208
CTGTTGTTCAGTCGTA-1,0.000138,0.000138,0.107919,0.703469,0.187234,0.000138,0.000138,0.000138,0.000138,0.000138,0.000138,0.000138,0.000138
CTTAAATAAGACCCAT-1,0.000009,0.000009,0.000009,0.006351,0.01415,0.179175,0.361001,0.102314,0.169855,0.069546,0.061626,0.014184,0.021771
CTTAACTTACAGTATA-1,0.000022,0.000022,0.010245,0.129007,0.026643,0.000022,0.014308,0.481347,0.216335,0.000023,0.003603,0.116229,0.002194
CTTAACTTCGAAGTAC-1,0.000022,0.138562,0.01544,0.038668,0.069934,0.064471,0.357488,0.107973,0.065018,0.115457,0.009745,0.00311,0.014112
CTTAAGCAGCGAGCCG-1,0.000023,0.000023,0.000023,0.065434,0.148809,0.055011,0.006818,0.138465,0.406341,0.026986,0.115157,0.025746,0.011163
CTTAATCGACTTAGTA-1,0.000031,0.000031,0.000031,0.084823,0.290133,0.025352,0.002334,0.106992,0.055564,0.004629,0.221288,0.18964,0.019153
CTTACACGGTATTCCA-1,0.000042,0.054885,0.000042,0.041066,0.342343,0.033775,0.035084,0.015567,0.001723,0.024304,0.31612,0.015073,0.119975
CTTACACTGGGAAATA-1,0.000032,0.073611,0.013092,0.149291,0.250355,0.029119,0.086705,0.009169,0.015041,0.143986,0.204828,0.022352,0.002419
CTTACATAGATTTCTT-1,0.000031,0.00885,0.000031,0.034564,0.073692,0.010131,0.032941,0.325873,0.172395,0.001067,0.075863,0.264531,0.000031
CTTAGATGTTTCATCC-1,0.000038,0.000038,0.002796,0.051696,0.193995,0.014552,0.043375,0.416539,0.129883,0.004391,0.071831,0.058416,0.01245
CTTAGCCCGGATAGTG-1,0.000029,0.008399,0.000029,0.053747,0.10882,0.049806,0.23777,0.097194,0.034163,0.27637,0.103999,0.005401,0.024274
CTTAGCCTTCCACATG-1,0.000042,0.025923,0.029761,0.118181,0.27492,0.041886,0.084745,0.001921,0.033748,0.069588,0.121371,0.000042,0.197873
CTTAGGTATAGACCAG-1,0.000397,0.000397,0.567224,0.000397,0.03027,0.000397,0.000397,0.222938,0.175999,0.000397,0.000397,0.000397,0.000397
CTTAGGTCCCAATCGT-1,0.000019,0.000019,0.000405,0.050387,0.290876,0.025786,0.014793,0.001021,0.014378,0.022055,0.505613,0.017748,0.056902
CTTAGTAGGCCTACAG-1,0.000033,0.00459,0.00497,0.00828,0.344171,0.142521,0.020211,0.002675,0.004778,0.138185,0.237836,0.008734,0.083016
CTTAGTGTAGTAGCAT-1,0.000323,0.000323,0.457404,0.000323,0.266173,0.000323,0.000323,0.000323,0.27319,0.000323,0.000323,0.000323,0.000323
CTTAGTTGAGGAATCG-1,0.000076,0.186227,0.002673,0.810339,0.000076,0.000076,0.000076,0.000076,0.000076,0.000076,0.000076,0.000076,0.000076
CTTATGCGCTCAGGGC-1,0.000028,0.135617,0.000028,0.029747,0.151161,0.015818,0.011168,0.04122,0.199227,0.01363,0.352259,0.025164,0.024933
CTTATGTTGACTACCA-1,0.000031,0.246814,0.010494,0.084728,0.019886,0.050995,0.039695,0.090646,0.007333,0.09173,0.021184,0.141648,0.194818
CTTCACGCCCTGGTAC-1,0.000048,0.017067,0.010041,0.39197,0.000048,0.000048,0.023615,0.533561,0.005039,0.000048,0.000048,0.011404,0.007063
CTTCAGTGGTCGCCTA-1,0.000027,0.000027,0.000027,0.122589,0.118239,0.003033,0.004524,0.614767,0.079756,0.00788,0.014884,0.024162,0.010085
CTTCAGTTGGACAACG-1,0.000051,0.000051,0.038542,0.406943,0.038201,0.031334,0.017128,0.03752,0.289137,0.000051,0.01162,0.119924,0.009499
CTTCATAGCTCAAGAA-1,0.000453,0.04466,0.021338,0.088155,0.316108,0.013049,0.072698,0.015184,0.047764,0.257497,0.081728,0.00935,0.032017
CTTCATCACCAGGGCT-1,0.000053,0.000053,0.001892,0.143009,0.482433,0.000053,0.000053,0.000053,0.001852,0.000053,0.343319,0.02712,0.000053
CTTCATTGTCAGTGGA-1,0.000039,0.009665,0.000039,0.126693,0.118188,0.061236,0.007365,0.089074,0.015791,0.008173,0.290268,0.184923,0.088548
CTTCCGCTCCGTGAAG-1,0.000128,0.000128,0.027785,0.754033,0.216906,0.000128,0.000128,0.000128,0.000128,0.000128,0.000128,0.000128,0.000128
CTTCCTGCATATTTAC-1,0.000019,0.000019,0.011882,0.056713,0.006138,0.116165,0.060619,0.043055,0.059473,0.110885,0.071198,0.318493,0.145342
CTTCGATTGCGCAAGC-1,0.00005,0.00005,0.00005,0.552231,0.00085,0.00005,0.00005,0.406973,0.00837,0.00005,0.00005,0.024993,0.006234
CTTCGGCCAATTGTTT-1,0.000047,0.000047,0.049101,0.078071,0.003182,0.000235,0.000047,0.768898,0.079479,0.000047,0.000047,0.001776,0.019024
CTTCGTAGATAGGTGA-1,0.000056,0.032699,0.000056,0.000056,0.396987,0.000056,0.000056,0.003796,0.012603,0.01903,0.50566,0.026769,0.002177
CTTCGTGCCCGCATCG-1,0.000044,0.366918,0.586025,0.000044,0.000044,0.000044,0.000044,0.046622,0.000044,0.000044,0.000044,0.000044,0.000044
CTTCTATGTTGAAGTA-1,0.000044,0.000044,0.000044,0.148657,0.109269,0.077139,0.000044,0.217007,0.246086,0.000461,0.178284,0.022879,0.000044
CTTCTATTAATGCTAG-1,0.000041,0.000041,0.000041,0.087931,0.215647,0.046697,0.015811,0.2778,0.308485,0.001367,0.035691,0.010405,0.000041
CTTCTGGGCGTACCTA-1,0.000067,0.126163,0.079112,0.547472,0.000067,0.000067,0.000067,0.000067,0.000067,0.000067,0.000067,0.162576,0.084145
CTTCTTACGTCGTATA-1,0.000022,0.23016,0.000022,0.012129,0.048528,0.112581,0.083049,0.094732,0.045971,0.0169,0.096061,0.130625,0.129218
CTTGACCCGAAAGATA-1,0.000044,0.180053,0.134584,0.121975,0.405173,0.008422,0.000044,0.001895,0.028943,0.113985,0.004794,0.000044,0.000044
CTTGAGGTTATCCCGA-1,0.000016,0.181343,0.000016,0.000016,0.000016,0.042113,0.667987,0.036981,0.016469,0.00087,0.015566,0.012351,0.026256
CTTGAGTTAGGGTAAT-1,0.000035,0.000035,0.000035,0.073153,0.136791,0.045577,0.000035,0.052651,0.134733,0.032716,0.465377,0.024444,0.034418
CTTGATGACCATCCAG-1,0.000338,0.000022,0.000022,0.060559,0.177126,0.023969,0.038865,0.308508,0.30469,0.004401,0.032569,0.023446,0.025485
CTTGCAACCGCCTCCT-1,0.000034,0.000034,0.000034,0.096963,0.190729,0.096262,0.004537,0.010497,0.232821,0.022421,0.195507,0.022222,0.127939
CTTGCCCACCCACGCA-1,0.0011,0.000029,0.000029,0.206622,0.134463,0.000147,0.019011,0.296841,0.204568,0.007658,0.016909,0.073943,0.038679
CTTGCCCAGGCTCTAC-1,0.000021,0.000021,0.000021,0.078561,0.03781,0.054662,0.039437,0.338885,0.317756,0.024913,0.031722,0.057357,0.018835
CTTGGCCAAGCTGGGA-1,0.000144,0.000144,0.266003,0.216284,0.114787,0.000144,0.000144,0.000144,0.000144,0.000144,0.000144,0.401631,0.000144
CTTGTACTTGTTGACT-1,0.000029,0.000029,0.025881,0.097569,0.122534,0.162458,0.037005,0.038775,0.024379,0.342009,0.084252,0.033922,0.031156
CTTGTCAACATTCGAG-1,0.000043,0.000043,0.000043,0.243716,0.265992,0.021172,0.002271,0.342664,0.121719,0.000043,0.000043,0.000043,0.002207
CTTGTCGTACGTGTCA-1,0.000052,0.524842,0.458679,0.000052,0.015958,0.000052,0.000052,0.000052,0.000052,0.000052,0.000052,0.000052,0.000052
CTTGTGAGGACAGCGG-1,0.000793,0.665464,0.333186,0.000056,0.000056,0.000056,0.000056,0.000056,0.000056,0.000056,0.000056,0.000056,0.000056
CTTGTGAGTCTTTGAC-1,0.000539,0.419229,0.165837,0.071121,0.003613,0.079449,0.16364,0.034988,0.00199,0.059422,0.000036,0.000036,0.0001
CTTGTGCTCACCGATT-1,0.000029,0.004401,0.06929,0.018375,0.201901,0.041577,0.143721,0.079522,0.079325,0.193383,0.135923,0.025102,0.007453
CTTGTTGCTGAGTCAA-1,0.000016,0.000016,0.000016,0.003561,0.072456,0.138032,0.053559,0.0797,0.400239,0.030024,0.123942,0.019075,0.079363
CTTGTTTATGTAGCCA-1,0.000013,0.00787,0.000013,0.007932,0.003327,0.068626,0.414181,0.309137,0.099507,0.073116,0.002677,0.003104,0.010498
CTTTAACTTTCAAAGG-1,0.000023,0.010882,0.057394,0.142149,0.103129,0.178139,0.065886,0.019158,0.021078,0.124915,0.210581,0.013159,0.053506
CTTTAATATTGGTCGA-1,0.000053,0.000053,0.000053,0.378031,0.000078,0.000053,0.002246,0.529401,0.08982,0.000053,0.000053,0.000053,0.000053
CTTTACCGAATAGTAG-1,0.000832,0.000057,0.000057,0.466447,0.107989,0.002869,0.004026,0.236322,0.012549,0.000057,0.033804,0.000057,0.134934
CTTTAGGAACACTGTT-1,0.000534,0.000035,0.000035,0.118848,0.139096,0.04712,0.008186,0.094379,0.190803,0.01312,0.350743,0.016163,0.02094
CTTTAGTGCTATTATT-1,0.000041,0.000041,0.000041,0.176248,0.180773,0.000041,0.017181,0.219314,0.218785,0.013507,0.014985,0.139075,0.019967
CTTTATCCGACGCATG-1,0.000028,0.000028,0.000028,0.16477,0.098145,0.004336,0.001865,0.016204,0.052434,0.005328,0.272415,0.265436,0.118984
CTTTCTGTGCGGGCTT-1,0.000109,0.000109,0.000109,0.998691,0.000109,0.000109,0.000109,0.000109,0.000109,0.000109,0.000109,0.000109,0.000109
CTTTGAAACATATTCC-1,0.000017,0.02133,0.054757,0.159672,0.014108,0.017225,0.485354,0.032378,0.062226,0.024052,0.046803,0.061945,0.020132
CTTTGACGTCGCTTCT-1,0.000031,0.000031,0.000031,0.053968,0.082735,0.062895,0.000031,0.057338,0.089592,0.009318,0.404766,0.221155,0.018111
CTTTGCTGTCATGGAT-1,0.000037,0.000037,0.02019,0.378496,0.093037,0.000037,0.000037,0.106452,0.353937,0.000037,0.007561,0.038105,0.002038
CTTTGGCAGACAGAGT-1,0.00002,0.00002,0.008121,0.034472,0.100657,0.184831,0.085227,0.008949,0.003153,0.080809,0.202152,0.122003,0.169587
CTTTGGCGCTTTATAC-1,0.000041,0.261148,0.011236,0.012722,0.362199,0.08774,0.000041,0.000041,0.000041,0.020696,0.211315,0.009202,0.023581
CTTTGGCTTTAGTAAA-1,0.000028,0.100519,0.000028,0.015072,0.221629,0.083214,0.029268,0.019306,0.023948,0.005658,0.071651,0.20943,0.22025
CTTTGGGATTGTTGCA-1,0.000131,0.000131,0.110766,0.88779,0.000131,0.000131,0.000131,0.000131,0.000131,0.000131,0.000131,0.000131,0.000131
CTTTGTCGAATGCTCC-1,0.000109,0.12538,0.046109,0.827421,0.000109,0.000109,0.000109,0.000109,0.000109,0.000109,0.000109,0.000109,0.000109
GAAACAGATGACCACC-1,0.000025,0.000025,0.001465,0.171567,0.222695,0.11574,0.007853,0.027816,0.04873,0.000258,0.284538,0.017386,0.101901
GAAACAGCCATGCAGT-1,0.000022,0.148087,0.064965,0.103193,0.104052,0.116451,0.163959,0.034318,0.044831,0.079476,0.098325,0.00555,0.03677
GAAACATAGGAAACAG-1,0.000191,0.000191,0.525546,0.000191,0.315201,0.115063,0.042473,0.000191,0.000191,0.000191,0.000191,0.000191,0.000191
GAAACCATGGTGCGCT-1,0.000015,0.049897,0.003512,0.022058,0.158845,0.066509,0.104614,0.02779,0.027734,0.182095,0.091737,0.099427,0.165768
GAAACCGAATTACCTT-1,0.000057,0.000057,0.000057,0.107706,0.499416,0.009465,0.027505,0.10638,0.063974,0.043121,0.087152,0.049116,0.005993
GAAACCTATACAAATG-1,0.000077,0.000077,0.314915,0.185648,0.154596,0.000077,0.000077,0.210527,0.054855,0.000077,0.000077,0.026698,0.052297
GAAACTCGTGCGATGC-1,0.000031,0.041627,0.017355,0.064771,0.343851,0.031788,0.043419,0.019074,0.009691,0.013836,0.260217,0.039015,0.115324
GAAACTCTAATGAAGG-1,0.000009,0.001171,0.093688,0.070594,0.009045,0.083962,0.333621,0.173261,0.129751,0.018124,0.025758,0.03962,0.021395
GAAAGAACAGCGTTAT-1,0.00003,0.035683,0.029925,0.071011,0.38167,0.028908,0.00003,0.00003,0.00003,0.02733,0.398944,0.019988,0.00642
GAAAGCAGTGCACTTT-1,0.000075,0.000075,0.034261,0.798939,0.166054,0.000075,0.000075,0.000075,0.000075,0.000075,0.000075,0.000075,0.000075
GAAAGCCCTTTGGACC-1,0.000015,0.021176,0.000015,0.007473,0.087471,0.27679,0.038909,0.065737,0.083684,0.18152,0.067497,0.04488,0.124832
GAAAGTGACTAACTGC-1,0.000022,0.033495,0.010309,0.145655,0.033724,0.066421,0.079691,0.061268,0.017428,0.01355,0.038092,0.142281,0.358063
GAAATACCTGCTGGCT-1,0.000035,0.465307,0.407881,0.034803,0.036859,0.051806,0.000035,0.000035,0.000035,0.000035,0.000035,0.000035,0.003095
GAAATACTAAACGTTT-1,0.000015,0.099533,0.022461,0.025072,0.148071,0.00803,0.348598,0.208655,0.049135,0.019597,0.05626,0.012132,0.002441
GAAATATCACCATCAG-1,0.000006,0.000006,0.000006,0.000006,0.000006,0.758822,0.062639,0.022803,0.132397,0.004338,0.001534,0.004632,0.012803
GAAATATGCTTGAATG-1,0.000013,0.015648,0.001519,0.14856,0.134868,0.115977,0.107727,0.072187,0.10071,0.111355,0.075027,0.048175,0.068235
GAAATCGCGCGCAACT-1,0.00001,0.025744,0.010239,0.184797,0.066137,0.015673,0.34124,0.128007,0.052929,0.094995,0.048438,0.013598,0.018192
GAAATCTGACCAAGTT-1,0.00005,0.050311,0.337452,0.165408,0.210396,0.013306,0.105513,0.00005,0.00005,0.088051,0.00804,0.004488,0.016885
GAAATGGCGGTGTTAG-1,0.000014,0.003195,0.000014,0.023733,0.054349,0.387889,0.024,0.036494,0.070788,0.047926,0.265847,0.009533,0.076218
GAAATGGGATGTAAAC-1,0.000029,0.550752,0.118003,0.057248,0.262911,0.000029,0.000029,0.000029,0.000029,0.004062,0.006817,0.000029,0.000029
GAAATTAGCACGGATA-1,0.000011,0.049721,0.064006,0.089251,0.001044,0.034537,0.323385,0.130292,0.255727,0.019913,0.009212,0.017221,0.00568
GAAATTCACATCGCTG-1,0.000016,0.03508,0.034762,0.083755,0.002014,0.062231,0.386989,0.178202,0.189296,0.009793,0.004764,0.00249,0.010608
GAAATTGTCTCTATAA-1,0.000027,0.000027,0.000027,0.078408,0.305448,0.011995,0.034958,0.295831,0.073643,0.011057,0.131888,0.029366,0.027324
GAACAACTGGGATGAA-1,0.000019,0.121747,0.000019,0.481367,0.015528,0.008915,0.006218,0.18952,0.131212,0.016119,0.00414,0.020846,0.00435
GAACACACATCAACCA-1,0.000006,0.000006,0.000006,0.000006,0.000006,0.751949,0.021044,0.013434,0.044205,0.000407,0.134292,0.029989,0.004649
GAACAGATTACTAAAT-1,0.000142,0.000142,0.205762,0.045508,0.470479,0.000142,0.000147,0.276969,0.000142,0.000142,0.000142,0.000142,0.000142
GAACATTAGTATGTTA-1,0.000013,0.029929,0.007908,0.032227,0.062502,0.013234,0.006064,0.000716,0.000577,0.010276,0.230925,0.443444,0.162185
GAACCATCTGGGAGAC-1,0.000041,0.070503,0.583742,0.026988,0.11649,0.000041,0.063837,0.069266,0.000041,0.068927,0.000041,0.000041,0.000041
GAACCCTCTGTGTTCT-1,0.000112,0.000112,0.67922,0.000112,0.000112,0.044657,0.000112,0.275003,0.000112,0.000112,0.000112,0.000112,0.000112
GAACCTCGACCTACAC-1,0.000019,0.023662,0.000019,0.012338,0.061299,0.134955,0.008341,0.024979,0.095205,0.019386,0.581738,0.026447,0.011612
GAACCTTTAACGATCC-1,0.000158,0.000158,0.327258,0.35953,0.311633,0.000158,0.000158,0.000158,0.000158,0.000158,0.000158,0.000158,0.000158
GAACGACCGAATGATA-1,0.000009,0.074302,0.000009,0.002427,0.0165,0.110607,0.276071,0.111249,0.145461,0.115045,0.048459,0.036592,0.06327
GAACGATAAGTTAAAG-1,0.000008,0.000008,0.009795,0.040787,0.081863,0.051133,0.062249,0.067735,0.029478,0.049598,0.203144,0.221771,0.182432
GAACGCGGGTCACACG-1,0.000048,0.017531,0.067537,0.268517,0.000048,0.012382,0.001978,0.507621,0.110151,0.000048,0.000048,0.000048,0.014043
GAACGGTGTAAAGCAG-1,0.000496,0.024571,0.013872,0.032662,0.09759,0.127932,0.073878,0.047115,0.031277,0.176444,0.174764,0.061927,0.137472
GAACGTCTCATGGTCG-1,0.00002,0.045927,0.00002,0.055886,0.099245,0.217669,0.010918,0.026416,0.091687,0.131814,0.152516,0.036155,0.131727
GAACGTTAGGAAGACG-1,0.000026,0.000026,0.000026,0.053594,0.187217,0.049762,0.00667,0.030538,0.011116,0.248799,0.10944,0.033608,0.26918
GAACGTTTGTATCCAC-1,0.000025,0.000025,0.000025,0.071634,0.33273,0.000025,0.00603,0.092824,0.064453,0.000025,0.296858,0.135319,0.000025
GAACTGTGGAGAGACA-1,0.000016,0.000016,0.000016,0.065423,0.339829,0.005904,0.004316,0.439959,0.090705,0.0019,0.026868,0.017473,0.007575
GAACTTAGCGCCCGGT-1,0.000026,0.022662,0.147532,0.056154,0.061308,0.006921,0.217801,0.108297,0.024666,0.226018,0.011016,0.043316,0.074283
GAACTTGTGCACGGGA-1,0.000132,0.000008,0.015673,0.020637,0.02581,0.027789,0.005728,0.002649,0.00355,0.0062,0.410913,0.376246,0.104663
GAAGAAACGATATTGT-1,0.00017,0.00017,0.629224,0.165079,0.043469,0.00017,0.00017,0.123714,0.00017,0.00017,0.00017,0.00017,0.037155
GAAGAACGGTGCAGGT-1,0.000408,0.159288,0.049313,0.093906,0.534456,0.000028,0.019642,0.001333,0.000028,0.102599,0.007602,0.000028,0.03137
GAAGACTTCAATGCCG-1,0.000015,0.387181,0.055194,0.001233,0.000015,0.006634,0.042633,0.07875,0.003984,0.002855,0.000015,0.290861,0.130629
GAAGCAAGGCAATGTT-1,0.00002,0.68522,0.314563,0.00002,0.00002,0.00002,0.00002,0.00002,0.00002,0.00002,0.00002,0.00002,0.00002
GAAGCCACTGATTATG-1,0.000058,0.000058,0.000058,0.592972,0.334422,0.000058,0.000058,0.013131,0.04161,0.000058,0.015656,0.001801,0.000058
GAAGCCGGGTAAGCTC-1,0.000034,0.048739,0.052671,0.093343,0.127297,0.005981,0.103072,0.133254,0.085447,0.317645,0.025935,0.006547,0.000034
GAAGCCTGCACATTCC-1,0.000161,0.000161,0.25252,0.157786,0.116866,0.041595,0.000161,0.207311,0.074132,0.000161,0.14861,0.000378,0.000161
GAAGCGTGAGGAATTT-1,0.000014,0.000014,0.000014,0.021457,0.013828,0.307184,0.021159,0.047024,0.424343,0.009307,0.101616,0.044633,0.009407
GAAGCTCGGACCCGTC-1,0.000071,0.000071,0.0063,0.467143,0.171173,0.000071,0.000071,0.354748,0.000071,0.000071,0.000071,0.000071,0.000071
GAAGCTCTTTGCTTAG-1,0.000066,0.374008,0.250843,0.225642,0.121528,0.000066,0.000066,0.000066,0.000066,0.000066,0.027448,0.000066,0.000066
GAAGCTTGCTGACCGC-1,0.000025,0.018062,0.007775,0.045349,0.06373,0.184761,0.036413,0.013675,0.055764,0.07058,0.300316,0.037618,0.165931
GAAGGACTAAATTGAA-1,0.000015,0.999822,0.000015,0.000015,0.000015,0.000015,0.000015,0.000015,0.000015,0.000015,0.000015,0.000015,0.000015
GAAGGAGTCGAGTGCG-1,0.000042,0.000042,0.000042,0.496645,0.042407,0.005376,0.000042,0.120416,0.130908,0.000042,0.021412,0.164619,0.018006
GAAGGCTACCATTGTT-1,0.000017,0.000017,0.016265,0.046682,0.107477,0.215084,0.071553,0.004459,0.016133,0.145755,0.250491,0.062344,0.063723
GAAGGGCATAACCATG-1,0.000172,0.431861,0.033693,0.000011,0.000011,0.025047,0.457802,0.014753,0.011916,0.002635,0.000011,0.009906,0.012182
GAAGGGTCATTAAGAC-1,0.000045,0.000045,0.000045,0.157979,0.082353,0.006759,0.001807,0.237966,0.208135,0.006037,0.244371,0.054412,0.000045
GAAGTCAGTTGCACTA-1,0.000103,0.000103,0.000103,0.390893,0.239033,0.000103,0.006973,0.250928,0.000103,0.000103,0.000103,0.000103,0.111351
GAAGTCTCCCTAGCGA-1,0.000013,0.000013,0.000013,0.010443,0.026732,0.307503,0.01257,0.033591,0.224487,0.013401,0.307153,0.047769,0.016312
GAAGTGATTTATCGTG-1,0.000036,0.000036,0.000036,0.023292,0.282432,0.044059,0.000036,0.134323,0.014848,0.027784,0.278997,0.189928,0.004192
GAAGTGCTGGATAGCT-1,0.000015,0.102852,0.001094,0.118883,0.010655,0.009372,0.375951,0.166492,0.106431,0.078692,0.008803,0.013717,0.007044
GAAGTTTCCACTCAAT-1,0.000026,0.010412,0.000026,0.096527,0.115486,0.103714,0.015406,0.157467,0.125218,0.062318,0.181014,0.026915,0.10547
GAATAGACGCGACCCA-1,0.000017,0.000017,0.004216,0.111082,0.012453,0.123294,0.012581,0.247048,0.341956,0.001545,0.053036,0.045644,0.04711
GAATAGCATTTAGGGT-1,0.00002,0.00002,0.00002,0.00002,0.00002,0.014317,0.137473,0.302087,0.408139,0.00002,0.002096,0.119417,0.016354
GAATAGCCCTGCGGTC-1,0.000018,0.037536,0.000018,0.032018,0.132444,0.069943,0.150098,0.041051,0.099834,0.266189,0.108126,0.016097,0.046629
GAATAGTGCTCGATTA-1,0.000206,0.000206,0.823606,0.000206,0.000206,0.000206,0.000206,0.174132,0.000206,0.000206,0.000206,0.000206,0.000206
GAATATTCGGAGTCCC-1,0.000019,0.200064,0.034287,0.076279,0.03253,0.042998,0.258295,0.065328,0.030123,0.198542,0.022616,0.013395,0.025524
GAATCGACATGGTCAC-1,0.000039,0.031592,0.021102,0.034435,0.285758,0.159779,0.004189,0.000039,0.028062,0.282731,0.127365,0.003327,0.021583
GAATCGCCGGACACGG-1,0.000017,0.010851,0.059658,0.047011,0.002828,0.26145,0.135641,0.053186,0.040092,0.004814,0.011146,0.270259,0.103049
GAATCTATACTCGGAC-1,0.000039,0.229951,0.302749,0.000039,0.109969,0.002236,0.182122,0.131287,0.008239,0.008497,0.011288,0.001761,0.011821
GAATCTGAACATTCTC-1,0.000024,0.000024,0.003918,0.27521,0.154203,0.029634,0.000024,0.056708,0.040258,0.014977,0.146309,0.107105,0.171605
GAATGAAGGTCTTCAG-1,0.000018,0.000018,0.023528,0.158067,0.146528,0.044529,0.010835,0.005084,0.000018,0.105063,0.217807,0.087622,0.200882
GAATGCCGAAATGACC-1,0.000029,0.085575,0.069273,0.143102,0.103584,0.079393,0.200571,0.07506,0.129249,0.021797,0.036923,0.007974,0.047467
GAATGCGAATCGGTTC-1,0.000066,0.000066,0.000066,0.220506,0.778772,0.000066,0.000066,0.000066,0.000066,0.000066,0.000066,0.000066,0.000066
GAATGGGCTTATCGAC-1,0.000031,0.163924,0.019347,0.041321,0.261211,0.024136,0.003449,0.020596,0.014845,0.075534,0.250189,0.0738,0.051616
GAATGTATGGCAGGTC-1,0.000019,0.197125,0.060924,0.068818,0.054782,0.026688,0.44428,0.063648,0.03002,0.032392,0.005028,0.006391,0.009885
GAATGTGGTCCGGATT-1,0.000059,0.093751,0.014003,0.152039,0.46021,0.000059,0.000059,0.057681,0.132592,0.009415,0.004487,0.028187,0.047459
GAATGTTGGGTAATCT-1,0.000142,0.003991,0.00001,0.00001,0.01258,0.722637,0.099875,0.02082,0.061994,0.039556,0.02505,0.0039,0.009435
GAATTATAGTGAAAGG-1,0.000014,0.000014,0.000014,0.033221,0.170383,0.1092,0.029629,0.093818,0.186382,0.032209,0.263825,0.057494,0.023797
GAATTCACCCGGGTGT-1,0.00003,0.00003,0.051429,0.187485,0.157091,0.035126,0.004873,0.3736,0.051272,0.023349,0.093019,0.009006,0.01369
GAATTTCTCGCTGCAG-1,0.000045,0.012662,0.000045,0.130856,0.132207,0.096233,0.013309,0.045801,0.000045,0.184636,0.058455,0.150758,0.17495
GACAAACATATGCAGG-1,0.000255,0.000014,0.000014,0.097201,0.084249,0.014824,0.002434,0.031911,0.005725,0.004526,0.069371,0.549796,0.139681
GACAACGACCATTGAA-1,0.000012,0.007003,0.022233,0.022505,0.135687,0.347341,0.064732,0.007987,0.011506,0.133873,0.120233,0.020326,0.106561
GACAACGCAGCTTACG-1,0.000029,0.055036,0.126766,0.03395,0.372448,0.059659,0.010726,0.001697,0.000447,0.164379,0.134182,0.005884,0.034797
GACAAGACGCCCGTGC-1,0.00023,0.00023,0.142806,0.42324,0.082329,0.00023,0.00023,0.00023,0.00023,0.00023,0.349558,0.00023,0.00023
GACAAGAGATGAGATT-1,0.000125,0.000125,0.134757,0.793352,0.070643,0.000125,0.000125,0.000125,0.000125,0.000125,0.000125,0.000125,0.000125
GACACAAGGGAAGAAA-1,0.000012,0.027769,0.007612,0.043003,0.203181,0.101912,0.043559,0.063289,0.050409,0.109606,0.175794,0.079727,0.094127
GACACAGCCGGGACTG-1,0.000021,0.000021,0.000021,0.002267,0.010377,0.004306,0.021101,0.53314,0.232624,0.000021,0.005949,0.161285,0.028864
GACACCCAAAGACGCG-1,0.000009,0.04778,0.000009,0.002963,0.024204,0.02449,0.097447,0.110731,0.289595,0.00208,0.077267,0.307755,0.015669
GACACGAGTTAGAGGA-1,0.000253,0.283922,0.000225,0.022281,0.049411,0.172007,0.180228,0.085915,0.054467,0.104584,0.026372,0.003946,0.01639
GACACTGAGTTCAGTG-1,0.000028,0.000028,0.000028,0.000028,0.009044,0.213419,0.006339,0.099078,0.392352,0.003279,0.234457,0.035762,0.006157
GACACTGGAACCCGAT-1,0.000854,0.037006,0.011439,0.911193,0.000057,0.000057,0.000057,0.008065,0.000057,0.000057,0.000057,0.031047,0.000057
GACACTTCCAATTACC-1,0.000019,0.006066,0.000019,0.105663,0.070066,0.004202,0.027897,0.254136,0.479747,0.019301,0.00916,0.017983,0.005742
GACAGAGGTCTTCAGT-1,0.000202,0.000014,0.000014,0.004858,0.024207,0.154978,0.022715,0.074883,0.407892,0.01218,0.263508,0.0242,0.01035
GACAGATTTCTGGCTC-1,0.000034,0.000034,0.000034,0.144506,0.155104,0.01879,0.000748,0.002391,0.005869,0.010363,0.345245,0.219653,0.097227
GACAGCCAGACCTGAC-1,0.000023,0.000023,0.000023,0.029087,0.075437,0.288698,0.01282,0.075755,0.398102,0.026466,0.056332,0.012444,0.024791
GACAGGCACACACTAT-1,0.000034,0.000034,0.000034,0.054021,0.137618,0.138179,0.000034,0.001059,0.019921,0.013426,0.509748,0.063819,0.062073
GACAGGTAATCCGTGT-1,0.000042,0.000042,0.000042,0.159176,0.308433,0.012936,0.000042,0.050078,0.186603,0.003764,0.104006,0.162993,0.011842
GACATACTGTCGCAGA-1,0.000024,0.096753,0.006666,0.165676,0.011438,0.045747,0.13514,0.064677,0.054687,0.021867,0.014442,0.194863,0.188019
GACATCCGTCGAACTG-1,0.000051,0.000051,0.060476,0.607467,0.286005,0.000051,0.000051,0.033166,0.000051,0.000051,0.012481,0.000051,0.000051
GACATCGATTTATAAC-1,0.000024,0.009412,0.001063,0.073234,0.221123,0.006929,0.006693,0.518863,0.087641,0.000946,0.033835,0.018022,0.022215
GACATTTCGCCCAGCC-1,0.000046,0.000046,0.000046,0.444999,0.006378,0.000046,0.000046,0.217092,0.000046,0.002646,0.002201,0.271739,0.054668
GACCACACTTCCCTTT-1,0.000033,0.000033,0.007966,0.06192,0.354042,0.000033,0.000034,0.349098,0.091474,0.002472,0.109981,0.022879,0.000033
GACCAGAGCCCTGTAG-1,0.000017,0.00886,0.002432,0.018838,0.059076,0.091615,0.105318,0.112288,0.044161,0.092851,0.03884,0.20587,0.219834
GACCAGGTCATTCATA-1,0.00005,0.043496,0.681062,0.084189,0.147517,0.00005,0.00005,0.00005,0.00005,0.00983,0.033557,0.00005,0.00005
GACCCAATTATGATAC-1,0.002219,0.000033,0.000033,0.147977,0.065551,0.003127,0.006376,0.583827,0.097294,0.000033,0.017208,0.069359,0.006964
GACCCGTCGCCGGCTA-1,0.000028,0.22761,0.16715,0.177552,0.171902,0.059773,0.019124,0.00473,0.014461,0.085346,0.051401,0.005958,0.014965
GACCGACCGCTAATAT-1,0.000023,0.98743,0.012314,0.000023,0.000023,0.000023,0.000023,0.000023,0.000023,0.000023,0.000023,0.000023,0.000023
GACCGACGTGAAAGCA-1,0.000242,0.023995,0.007591,0.136611,0.217747,0.029382,0.016554,0.065816,0.05837,0.031932,0.190799,0.085183,0.135778
GACCGACTGAAGCGTC-1,0.000008,0.000008,0.000008,0.000008,0.00337,0.716746,0.085914,0.048331,0.058833,0.014289,0.021361,0.015815,0.035307
GACCGATTAAATATGT-1,0.000055,0.039776,0.127856,0.810431,0.021443,0.000055,0.000055,0.000055,0.000055,0.000055,0.000055,0.000055,0.000055
GACCGCGTCTGACGTG-1,0.000086,0.000086,0.008339,0.416432,0.022343,0.000086,0.000086,0.520095,0.032102,0.000086,0.000086,0.000086,0.000086
GACCGGTGATACTCTC-1,0.000134,0.081248,0.000134,0.863581,0.053829,0.000134,0.000134,0.000134,0.000134,0.000134,0.000134,0.000134,0.000134
GACCGTCAGGTCGTGA-1,0.000017,0.126308,0.090756,0.048602,0.040628,0.048053,0.336928,0.11895,0.070295,0.083551,0.024199,0.005041,0.006671
GACCGTGCTGACGGTG-1,0.000034,0.000034,0.000034,0.078663,0.313952,0.046105,0.000034,0.208863,0.131646,0.029571,0.171266,0.011787,0.008011
GACCGTTACATGCGAC-1,0.000017,0.000531,0.000017,0.042745,0.099446,0.119053,0.001982,0.008932,0.007569,0.123609,0.338085,0.175111,0.082903
GACCTGGTCTGGGCGT-1,0.000047,0.650518,0.225818,0.000047,0.097758,0.000047,0.000047,0.000047,0.000047,0.00944,0.000047,0.000047,0.01609
GACCTTCCACGTCTAC-1,0.000055,0.000055,0.000055,0.417192,0.021525,0.000055,0.085452,0.232568,0.000055,0.000055,0.000055,0.0445,0.198378
GACGACGATCCGCGTT-1,0.000074,0.017081,0.000074,0.75842,0.000074,0.000074,0.075804,0.015638,0.000074,0.000074,0.000074,0.042794,0.089746
GACGACTTTCCAAGAA-1,0.000019,0.995033,0.00476,0.000019,0.000019,0.000019,0.000019,0.000019,0.000019,0.000019,0.000019,0.000019,0.000019
GACGAGGCTAATAAAC-1,0.001969,0.000086,0.297379,0.405309,0.192226,0.000086,0.000086,0.000086,0.000086,0.000086,0.102425,0.000086,0.000086
GACGATATCACTGGGT-1,0.000026,0.011056,0.000026,0.028976,0.161799,0.000184,0.027004,0.456372,0.116552,0.016988,0.032278,0.124111,0.024628
GACGCCGTAAAGGCTA-1,0.000059,0.000059,0.000059,0.700998,0.274057,0.000059,0.000059,0.000059,0.000059,0.000059,0.024351,0.000059,0.000059
GACGCCTGTTGCAGGG-1,0.004904,0.218288,0.347839,0.081757,0.000057,0.02311,0.024886,0.090454,0.035421,0.019781,0.000057,0.01219,0.141258
GACGCTTGCTTCTAAA-1,0.000016,0.000016,0.000016,0.014295,0.088612,0.125581,0.030513,0.091425,0.113062,0.0119,0.514376,0.003396,0.006792
GACGGACCGCGTTCCT-1,0.000073,0.144049,0.619871,0.016082,0.219343,0.000073,0.000073,0.000073,0.000073,0.000073,0.000073,0.000073,0.000073
GACGGGATGTCTTATG-1,0.000028,0.995716,0.003972,0.000028,0.000028,0.000028,0.000028,0.000028,0.000028,0.000028,0.000028,0.000028,0.000028
GACGGGCATCGAATTT-1,0.000015,0.000015,0.000015,0.049077,0.059445,0.026738,0.097837,0.114021,0.540001,0.012261,0.071693,0.023903,0.004978
GACGGTCAATAGAAGC-1,0.000021,0.043176,0.010183,0.025184,0.327985,0.173562,0.022903,0.019824,0.030104,0.033215,0.147898,0.073746,0.092199
GACGGTCCTAGGGTGT-1,0.000053,0.000053,0.000053,0.078576,0.578499,0.000053,0.000053,0.000053,0.127081,0.00123,0.169723,0.04452,0.000053
GACGTGAGACTCCATG-1,0.000052,0.599814,0.145031,0.083312,0.139033,0.000052,0.000052,0.000052,0.000052,0.017993,0.014177,0.000052,0.000329
GACGTGTAGGGATTAT-1,0.000267,0.000267,0.000267,0.000267,0.000267,0.022195,0.357723,0.000267,0.164818,0.45286,0.000267,0.000267,0.000267
GACGTTCGTAAATACA-1,0.000018,0.000018,0.01261,0.032243,0.263208,0.088168,0.081326,0.019661,0.02966,0.107835,0.240267,0.021389,0.103598
GACGTTGCTCGGCGGC-1,0.000011,0.000011,0.006441,0.032041,0.012737,0.006475,0.070911,0.511885,0.276022,0.005417,0.026347,0.042133,0.009569
GACTAACACAGCACCT-1,0.000015,0.423925,0.025559,0.007302,0.000198,0.037337,0.111901,0.140741,0.019305,0.016302,0.00024,0.101456,0.11572
GACTAAGATCATGCAC-1,0.000039,0.027093,0.000039,0.064133,0.172986,0.124023,0.032579,0.017844,0.008593,0.229451,0.189447,0.004555,0.129218
GACTAAGTAGGCTCAC-1,0.000037,0.303442,0.009364,0.077311,0.046445,0.2544,0.02502,0.000037,0.01627,0.030141,0.066021,0.006299,0.165211
GACTACAAAGCGGTGG-1,0.000028,0.000028,0.000028,0.032971,0.507482,0.013881,0.000028,0.187568,0.141375,0.010106,0.103961,0.002515,0.000028
GACTACAATTGCTCGT-1,0.000028,0.702657,0.062983,0.062064,0.034436,0.010643,0.000028,0.000028,0.000028,0.017414,0.089465,0.000028,0.020196
GACTAGGCCGTTAGGT-1,0.000101,0.000101,0.000101,0.67076,0.227378,0.000101,0.000101,0.000101,0.000101,0.000101,0.012121,0.088832,0.000101
GACTCACCCACGTGAG-1,0.000022,0.000022,0.000022,0.007169,0.159126,0.092685,0.02785,0.049898,0.112083,0.120834,0.258264,0.081221,0.090805
GACTCCCAGAATAAGG-1,0.000484,0.005544,0.017698,0.025352,0.033199,0.043531,0.041521,0.015152,0.015343,0.048713,0.117447,0.342316,0.293702
GACTCCTTCCAATTGA-1,0.000145,0.000145,0.000145,0.80839,0.190013,0.000145,0.000145,0.000145,0.000145,0.000145,0.000145,0.000145,0.000145
GACTCGCGGGAATGAC-1,0.000027,0.058381,0.029486,0.170963,0.17389,0.034341,0.069705,0.014092,0.002741,0.076026,0.253228,0.07356,0.043561
GACTCGGTCGGCGGAT-1,0.000011,0.017118,0.002118,0.004768,0.028732,0.179853,0.3497,0.041836,0.131776,0.09086,0.064598,0.0514,0.037229
GACTCTAGAGTTCCAA-1,0.000029,0.000029,0.000029,0.100647,0.567133,0.017281,0.000029,0.046031,0.030765,0.003348,0.162385,0.06588,0.006412
GACTGATTGGTCACAA-1,0.000034,0.137297,0.137092,0.038304,0.506253,0.01113,0.000034,0.000034,0.000034,0.076246,0.06472,0.000034,0.028787
GACTGCACCAGCCCAG-1,0.000014,0.000014,0.000014,0.000014,0.000014,0.046047,0.036155,0.45423,0.458526,0.000014,0.000014,0.002492,0.002449
GACTGCGGCACGTGTA-1,0.000014,0.000014,0.000014,0.000014,0.000175,0.3746,0.340025,0.061029,0.160498,0.018672,0.025493,0.002511,0.016942
GACTGCTGGTGAGAAA-1,0.000025,0.000025,0.000459,0.528891,0.153827,0.000025,0.002442,0.191893,0.072109,0.033671,0.005193,0.011413,0.000025
GACTGGGCGCCGCAAC-1,0.000034,0.062897,0.31289,0.271966,0.167706,0.000034,0.000034,0.000034,0.000034,0.037118,0.057897,0.000034,0.089321
GACTTCAACGCATCAA-1,0.000011,0.005614,0.002198,0.086909,0.011193,0.043563,0.055995,0.051307,0.563304,0.027405,0.051989,0.062392,0.038119
GACTTTCGAGCGGTTC-1,0.000016,0.000016,0.000016,0.029604,0.048289,0.148897,0.025082,0.086156,0.286621,0.01785,0.185487,0.127043,0.044921
GAGAACGGTTCTGACT-1,0.000057,0.000057,0.004548,0.994825,0.000057,0.000057,0.000057,0.000057,0.000057,0.000057,0.000057,0.000057,0.000057
GAGAATCTCACGATCA-1,0.000539,0.022376,0.033903,0.133792,0.104853,0.154982,0.072746,0.000038,0.006712,0.12743,0.336439,0.000038,0.006152
GAGACCCTGCAACGCC-1,0.000009,0.006249,0.033002,0.031253,0.04822,0.181615,0.269546,0.090917,0.066791,0.063222,0.126423,0.035285,0.047467
GAGACTGATGGGTAGA-1,0.000014,0.000014,0.000014,0.000014,0.015395,0.425228,0.100664,0.086899,0.178605,0.034834,0.066421,0.040428,0.051471
GAGACTTCGCGACCGA-1,0.000116,0.000116,0.049143,0.353985,0.192823,0.000116,0.000116,0.367729,0.03539,0.000116,0.000116,0.000116,0.000116
GAGAGCGCAGTCCCTG-1,0.000023,0.023934,0.009064,0.043529,0.188064,0.040291,0.029554,0.192944,0.01565,0.205227,0.139239,0.021938,0.090544
GAGAGGCCTATGTGTA-1,0.000228,0.000228,0.445146,0.144067,0.408511,0.000228,0.000228,0.000228,0.000228,0.000228,0.000228,0.000228,0.000228
GAGAGGGCGCGAGGTT-1,0.000033,0.052102,0.000033,0.160905,0.451935,0.025203,0.000033,0.000033,0.000033,0.000778,0.281611,0.013538,0.013762
GAGAGGTGCATTCTGG-1,0.000056,0.000056,0.000056,0.077112,0.58377,0.002651,0.000056,0.000056,0.021481,0.000056,0.311161,0.003436,0.000056
GAGAGTCTCGGGAGAG-1,0.000023,0.000023,0.000023,0.067848,0.236885,0.009759,0.035678,0.308127,0.087432,0.022247,0.107791,0.103461,0.020703
GAGATCGATCTTACTC-1,0.000375,0.000375,0.639766,0.000375,0.000375,0.000375,0.000375,0.356106,0.000375,0.000375,0.000375,0.000375,0.000375
GAGATCTGCTTGGCAT-1,0.000023,0.040524,0.000023,0.02651,0.104768,0.076857,0.015111,0.108916,0.049289,0.031642,0.142969,0.00959,0.393778
GAGATCTGTCACTCCG-1,0.000035,0.01276,0.000035,0.067703,0.190238,0.034582,0.005233,0.002677,0.000819,0.190472,0.313576,0.143553,0.038319
GAGATCTTCCATGACA-1,0.000014,0.100686,0.000316,0.004346,0.000014,0.123273,0.052028,0.210184,0.498257,0.002991,0.000175,0.005421,0.002295
GAGATGACAATCCTTA-1,0.00001,0.00001,0.020806,0.008328,0.048954,0.158971,0.095433,0.063212,0.10527,0.02477,0.092824,0.206479,0.174934
GAGATGGCTTTAATCA-1,0.000566,0.051285,0.001666,0.058852,0.022299,0.02112,0.05165,0.476769,0.164179,0.008494,0.019255,0.077227,0.046639
GAGATGGGAGTCGACA-1,0.000157,0.000157,0.043872,0.797929,0.156625,0.000157,0.000157,0.000157,0.000157,0.000157,0.000157,0.000157,0.000157
GAGCACCTGTGTCCAG-1,0.000263,0.000263,0.666733,0.000263,0.330379,0.000263,0.000263,0.000263,0.000263,0.000263,0.000263,0.000263,0.000263
GAGCACGGCGCCTCTT-1,0.000019,0.000019,0.000019,0.011456,0.028182,0.009426,0.071355,0.044214,0.500436,0.014318,0.15776,0.13137,0.031427
GAGCATCAACAACTTG-1,0.000134,0.000134,0.164669,0.813377,0.020616,0.000134,0.000134,0.000134,0.000134,0.000134,0.000134,0.000134,0.000134
GAGCATCATCCCTGGG-1,0.000019,0.177136,0.014388,0.026903,0.000019,0.07479,0.208752,0.260407,0.108549,0.020893,0.000388,0.072687,0.035071
GAGCCACGGTAGTAGG-1,0.000033,0.76133,0.000033,0.065969,0.096732,0.047568,0.000033,0.000033,0.002692,0.025024,0.000486,0.000033,0.000033
GAGCCAGCTACCTGTG-1,0.000128,0.000128,0.11029,0.726011,0.162417,0.000128,0.000128,0.000128,0.000128,0.000128,0.000128,0.000128,0.000128
GAGCCGAGCGTTTATT-1,0.000026,0.047692,0.02323,0.037484,0.327181,0.049558,0.051459,0.065128,0.016372,0.046759,0.119618,0.066904,0.148588
GAGCGAGGGAGTACCG-1,0.00002,0.051813,0.014104,0.207421,0.041976,0.06627,0.384219,0.057576,0.086526,0.047685,0.034467,0.004345,0.003579
GAGCGCAAATACTCCG-1,0.000074,0.000074,0.004473,0.594897,0.147538,0.000074,0.000074,0.230599,0.000074,0.000074,0.000074,0.000074,0.021903
GAGCGCGCACGAGTAG-1,0.000025,0.000025,0.000475,0.663757,0.003789,0.018396,0.08127,0.149392,0.031923,0.000049,0.00135,0.013575,0.035973
GAGCGCTATGTCAGGC-1,0.000018,0.995597,0.004202,0.000018,0.000018,0.000018,0.000018,0.000018,0.000018,0.000018,0.000018,0.000018,0.000018
GAGCGCTGTTAGGTAA-1,0.000194,0.000194,0.740657,0.000194,0.000194,0.084587,0.000194,0.000194,0.172814,0.000194,0.000194,0.000194,0.000194
GAGCGGAATGCGGTGT-1,0.000015,0.010557,0.000015,0.068332,0.10561,0.005593,0.019498,0.492386,0.11819,0.014322,0.017087,0.113872,0.034523
GAGCTAAGGGCATATC-1,0.000012,0.000012,0.000012,0.031208,0.023095,0.557609,0.074195,0.018678,0.06868,0.080638,0.056506,0.009371,0.079985
GAGCTCAACATGAGCG-1,0.000038,0.000038,0.000038,0.185202,0.445474,0.00128,0.000038,0.077626,0.10256,0.008065,0.083253,0.005916,0.090473
GAGCTCTCGGACCTAA-1,0.000013,0.003252,0.038195,0.004765,0.020688,0.132522,0.412639,0.090895,0.187533,0.083127,0.020805,0.001994,0.003572
GAGCTGTCGTCTCGGA-1,0.00002,0.00002,0.054962,0.010255,0.344936,0.022413,0.116132,0.06302,0.016476,0.088919,0.20431,0.019269,0.059268
GAGGAATATCTCTTTG-1,0.000019,0.000019,0.000019,0.060691,0.054679,0.035417,0.027894,0.357735,0.324562,0.016219,0.046278,0.052994,0.023474
GAGGAATGGAGAGGTT-1,0.000036,0.067056,0.000036,0.005351,0.309489,0.153322,0.065035,0.007071,0.002419,0.244375,0.103222,0.001379,0.041208
GAGGAGATCCTCATGC-1,0.000061,0.39269,0.511024,0.000061,0.027486,0.000061,0.000061,0.000061,0.000061,0.000061,0.068246,0.000061,0.000061
GAGGAGTAATTCCTAC-1,0.000032,0.759221,0.240424,0.000032,0.000032,0.000032,0.000032,0.000032,0.000032,0.000032,0.000032,0.000032,0.000032
GAGGATAAACAGTGCT-1,0.00001,0.001302,0.030295,0.014254,0.008488,0.189721,0.118001,0.073259,0.283034,0.008906,0.077269,0.147874,0.047587
GAGGCATTTGCAGCAG-1,0.000014,0.000014,0.000014,0.02291,0.132472,0.180131,0.068971,0.015847,0.055497,0.070396,0.272335,0.078961,0.102438
GAGGCCCGACTCCGCA-1,0.000068,0.000068,0.000068,0.483273,0.012031,0.000068,0.000068,0.304415,0.055141,0.000068,0.000068,0.034891,0.109775
GAGGCCTGTTGATACA-1,0.000087,0.000087,0.208686,0.378637,0.000087,0.000087,0.070224,0.229955,0.000087,0.000087,0.000087,0.111799,0.000087
GAGGCTATCAAAGTCG-1,0.000028,0.011486,0.000028,0.027415,0.231257,0.123961,0.034934,0.027311,0.019888,0.091866,0.11899,0.007602,0.305235
GAGGGAGTCAGATCGC-1,0.000072,0.000072,0.063607,0.904331,0.031346,0.000072,0.000072,0.000072,0.000072,0.000072,0.000072,0.000072,0.000072
GAGGGCATCGCGTATC-1,0.00007,0.152531,0.323233,0.161697,0.00007,0.133993,0.00007,0.018014,0.00007,0.027578,0.00007,0.00007,0.182532
GAGGGCCATAATATTA-1,0.00016,0.001263,0.074958,0.03478,0.0838,0.097603,0.111253,0.04887,0.032096,0.023503,0.129034,0.132595,0.230084
GAGGGCGCAGCTCTGC-1,0.008375,0.117948,0.000032,0.042104,0.08307,0.167043,0.005417,0.017411,0.051593,0.076282,0.085625,0.005957,0.339142
GAGGGTAGTAACAAAG-1,0.00025,0.00025,0.10535,0.486148,0.406005,0.00025,0.00025,0.00025,0.00025,0.00025,0.00025,0.00025,0.00025
GAGGTACATCCATCTT-1,0.000033,0.165024,0.201512,0.195705,0.061167,0.015472,0.098176,0.030649,0.029353,0.185942,0.005518,0.011416,0.000033
GAGGTACGCGTGTCCC-1,0.000019,0.000019,0.000019,0.09685,0.284075,0.005514,0.009745,0.365667,0.152865,0.009625,0.038282,0.014187,0.023132
GAGGTCCCAAAGATCT-1,0.000926,0.148406,0.019565,0.212561,0.264118,0.060849,0.028716,0.029622,0.010553,0.073122,0.064811,0.052228,0.034522
GAGGTCCGTTCGCTGT-1,0.000026,0.020055,0.000026,0.120888,0.286908,0.000395,0.00842,0.123905,0.052143,0.020864,0.192119,0.15838,0.01587
GAGGTCTTAGTGGGTC-1,0.000042,0.030483,0.260076,0.229948,0.074723,0.083682,0.007355,0.018953,0.049062,0.147881,0.017631,0.050405,0.02976
GAGTAAACCGGAAAGT-1,0.000031,0.000031,0.005975,0.561341,0.000059,0.02137,0.005967,0.132035,0.029308,0.000031,0.000031,0.101937,0.141882
GAGTAAGGCCACGGGA-1,0.000023,0.000023,0.000023,0.05873,0.114686,0.074312,0.019547,0.125397,0.281628,0.04469,0.217371,0.037615,0.025953
GAGTACGGGTATACAA-1,0.000035,0.093885,0.120724,0.014771,0.340079,0.029602,0.047466,0.063864,0.030199,0.057968,0.083628,0.009713,0.108066
GAGTAGATACTAGTTG-1,0.000068,0.000068,0.110222,0.715098,0.173998,0.000068,0.000068,0.000068,0.000068,0.000068,0.000068,0.000068,0.000068
GAGTATACCCTAATCA-1,0.000741,0.000026,0.000026,0.197979,0.184148,0.000026,0.026765,0.420541,0.103194,0.003002,0.012482,0.039899,0.011174
GAGTATGCCCGCCTTG-1,0.001079,0.000052,0.000052,0.242312,0.216513,0.000052,0.008537,0.198137,0.052056,0.007157,0.179762,0.050862,0.043428
GAGTATGCGCGTGCAT-1,0.000064,0.000064,0.027687,0.399783,0.571887,0.000064,0.000064,0.000064,0.000064,0.000064,0.000064,0.000064,0.000064
GAGTCAGACCAGAATC-1,0.000076,0.000076,0.029188,0.9681,0.001957,0.000076,0.000076,0.000076,0.000076,0.000076,0.000076,0.000076,0.000076
GAGTCCACCAGGTTTA-1,0.000035,0.011953,0.088023,0.162414,0.127384,0.056663,0.008186,0.0244,0.04655,0.008618,0.196291,0.260416,0.009065
GAGTCCGCTTACCGGA-1,0.000039,0.000039,0.000039,0.058275,0.348218,0.007552,0.010304,0.383253,0.091399,0.019055,0.044611,0.021038,0.01618
GAGTCGACAGACCCTC-1,0.00003,0.026677,0.00003,0.076933,0.146606,0.228413,0.077566,0.01366,0.053527,0.047216,0.087755,0.068988,0.172599
GAGTCTTGTAAAGGAC-1,0.000037,0.000037,0.000037,0.050809,0.189688,0.041475,0.006048,0.174929,0.090623,0.003224,0.377239,0.059709,0.006145
GAGTGCACGGACAACA-1,0.000087,0.003453,0.001847,0.012019,0.127648,0.080079,0.028329,0.0254,0.08487,0.029482,0.350827,0.207792,0.048166
GAGTGTCAACCAGAAA-1,0.000071,0.000071,0.160025,0.580279,0.258984,0.000071,0.000071,0.000071,0.000071,0.000071,0.000071,0.000071,0.000071
GAGTGTGCGGTACCCA-1,0.000012,0.000012,0.000012,0.01734,0.000012,0.100219,0.062871,0.112191,0.579071,0.008949,0.00603,0.040323,0.072958
GAGTTCTGTGGGTGCT-1,0.000075,0.000075,0.000075,0.6928,0.228872,0.000075,0.000075,0.000075,0.000075,0.000075,0.000075,0.077574,0.000075
GAGTTGATGGCAATTT-1,0.000023,0.000023,0.000023,0.079088,0.074335,0.1511,0.017945,0.143554,0.362589,0.036383,0.062797,0.038344,0.033795
GAGTTGTCACCAGTCT-1,0.000198,0.000198,0.000198,0.858429,0.13939,0.000198,0.000198,0.000198,0.000198,0.000198,0.000198,0.000198,0.000198
GATAAATCGGTGGATG-1,0.000038,0.083511,0.122354,0.071105,0.169639,0.025028,0.196943,0.124095,0.02374,0.096084,0.050774,0.010015,0.026674
GATAACTCGCACTGTG-1,0.000025,0.000025,0.000092,0.157564,0.260892,0.156198,0.001708,0.057333,0.125812,0.037648,0.154652,0.031103,0.016947
GATAAGGCAGATGCAA-1,0.000035,0.031991,0.612157,0.093637,0.04834,0.011221,0.125544,0.002866,0.000035,0.041901,0.003637,0.003541,0.025095
GATAAGGGACGATTAG-1,0.000018,0.823219,0.078736,0.000018,0.000018,0.013203,0.044918,0.000863,0.000018,0.026348,0.000018,0.000018,0.012603
GATACCGTGTCGGAGT-1,0.000338,0.000017,0.000017,0.007533,0.002952,0.01995,0.122597,0.011843,0.532267,0.003546,0.116336,0.179519,0.003087
GATACGATGGGAGTCA-1,0.0013,0.000084,0.000084,0.208882,0.174995,0.033663,0.000084,0.093246,0.050352,0.1511,0.22916,0.042572,0.01448
GATAGAACCCGCTAGG-1,0.000017,0.000017,0.000017,0.066208,0.162205,0.024281,0.018654,0.285312,0.198895,0.052401,0.109792,0.066662,0.01554
GATAGATAGTACAGTC-1,0.000049,0.000049,0.000049,0.169733,0.01099,0.131168,0.048304,0.088374,0.327297,0.009501,0.014038,0.140168,0.06028
GATAGCGTACCACGCG-1,0.000062,0.480515,0.30747,0.110964,0.061635,0.000062,0.000062,0.000062,0.000062,0.008399,0.03058,0.000062,0.000062
GATAGGATTAATTACA-1,0.00002,0.00002,0.000533,0.057873,0.176589,0.006693,0.025874,0.021726,0.305939,0.018867,0.138546,0.235241,0.012079
GATAGGTAACGTTGAC-1,0.000016,0.000016,0.000016,0.037453,0.002961,0.112864,0.045777,0.539659,0.202397,0.002334,0.006304,0.031387,0.018814
GATAGGTGTCCCGGGC-1,0.000039,0.000039,0.033559,0.239484,0.276603,0.000039,0.000039,0.000039,0.004995,0.028348,0.216548,0.194759,0.005511
GATAGTGCGAGTAAGT-1,0.000027,0.000027,0.048469,0.1773,0.124663,0.02164,0.03476,0.412855,0.060137,0.00406,0.037451,0.071676,0.006934
GATATCAAGCAGGAGC-1,0.000038,0.000038,0.000424,0.562985,0.083962,0.000038,0.000038,0.305062,0.00547,0.000038,0.00436,0.03751,0.000038
GATATCAGTATGTATC-1,0.000629,0.208654,0.638211,0.077167,0.0055,0.06004,0.004854,0.000044,0.000044,0.004725,0.000044,0.000044,0.000044
GATATCTCATGCAATA-1,0.000027,0.077641,0.084619,0.264963,0.141549,0.019985,0.172843,0.007102,0.005907,0.119342,0.062862,0.008421,0.03474
GATATGAGACACTAAC-1,0.000015,0.026243,0.000015,0.159034,0.030912,0.056748,0.000278,0.020736,0.016558,0.020586,0.178994,0.431784,0.058097
GATATGCGGTAGCCAA-1,0.000088,0.000088,0.000088,0.000088,0.000088,0.318127,0.358764,0.148484,0.05186,0.000088,0.000088,0.122061,0.000088
GATATGGATTACGCGG-1,0.000046,0.002093,0.033555,0.142048,0.394083,0.056216,0.00023,0.000046,0.000046,0.25977,0.086532,0.003087,0.022249
GATATTGAGATTGGCG-1,0.000017,0.032904,0.000017,0.008663,0.020536,0.193748,0.057156,0.146657,0.129742,0.031941,0.05088,0.09328,0.234456
GATATTTCCTACATGG-1,0.000051,0.05718,0.24796,0.469074,0.051078,0.099677,0.000051,0.000051,0.000051,0.06704,0.007688,0.000051,0.000051
GATCAACATAAAGGGA-1,0.000108,0.000108,0.628202,0.0985,0.091865,0.030209,0.000108,0.145779,0.004693,0.000108,0.000108,0.000108,0.000108
GATCATTCCAAACATT-1,0.00001,0.042341,0.00539,0.051726,0.007951,0.179056,0.113201,0.071653,0.197567,0.030726,0.185611,0.049659,0.06511
GATCCAACCTTTAAAC-1,0.000014,0.005145,0.011579,0.098376,0.167132,0.000053,0.02127,0.506749,0.061,0.004071,0.06603,0.047251,0.011332
GATCCCTTTATACTGC-1,0.000007,0.000007,0.000007,0.000007,0.000007,0.683314,0.010144,0.010436,0.139952,0.000286,0.142829,0.011737,0.001265
GATCCGAATATAAGTG-1,0.000015,0.000015,0.000015,0.029298,0.205741,0.014919,0.037762,0.01682,0.084297,0.009516,0.357728,0.212239,0.031634
GATCCGGGAATTAACA-1,0.000012,0.000012,0.000012,0.075977,0.022889,0.044675,0.000012,0.019691,0.020176,0.000311,0.341481,0.436833,0.037917
GATCCTAAATCGGGAC-1,0.00002,0.041998,0.025755,0.09169,0.181724,0.080506,0.074067,0.035135,0.064645,0.201768,0.089122,0.041674,0.071895
GATCCTCGACACTGGC-1,0.000031,0.077618,0.013207,0.30161,0.045236,0.001924,0.007198,0.430109,0.09159,0.003556,0.011009,0.009683,0.007229
GATCCTCTTGCGCTTA-1,0.000029,0.771283,0.06432,0.096511,0.044914,0.009227,0.000029,0.000029,0.000029,0.001902,0.001729,0.003875,0.006123
GATCGACACTATCTGA-1,0.00004,0.00004,0.023019,0.151136,0.246402,0.141197,0.022744,0.020052,0.006133,0.073271,0.148448,0.027674,0.139844
GATCGCGGGCTCTCCA-1,0.000035,0.000035,0.000035,0.001685,0.424979,0.138393,0.000035,0.006259,0.008839,0.019813,0.359135,0.00393,0.036827
GATCGCTACCCGATTT-1,0.000025,0.000025,0.000025,0.016806,0.026941,0.0149,0.071899,0.761281,0.052679,0.000025,0.001513,0.017211,0.036671
GATCGCTATATCTCAG-1,0.000361,0.000361,0.547112,0.000361,0.000361,0.000361,0.000361,0.000361,0.000361,0.000361,0.097682,0.000361,0.351594
GATCGCTGTGGTGCGT-1,0.000083,0.000083,0.083952,0.915135,0.000083,0.000083,0.000083,0.000083,0.000083,0.000083,0.000083,0.000083,0.000083
GATCGGATAGAACCAT-1,0.000027,0.000027,0.000027,0.014279,0.320667,0.007371,0.000027,0.015691,0.006682,0.004072,0.615007,0.012485,0.00364
GATCGGCGATAAGTCG-1,0.000033,0.090433,0.11501,0.10955,0.277851,0.034618,0.104613,0.078852,0.018109,0.078133,0.044113,0.0366,0.012086
GATCGGTGGCCATAAC-1,0.000187,0.007249,0.039908,0.029259,0.107609,0.294799,0.075743,0.03959,0.046116,0.07509,0.099341,0.042862,0.142247
GATCGTGACTGATATC-1,0.000023,0.043133,0.000023,0.035166,0.11032,0.049369,0.003927,0.071371,0.231187,0.022586,0.327458,0.073156,0.032282
GATCTAACCGTATTCA-1,0.000424,0.000021,0.000021,0.068363,0.03716,0.04319,0.031424,0.3917,0.200501,0.013924,0.056038,0.143192,0.014041
GATCTCGACGCTGTGG-1,0.000043,0.000043,0.000043,0.383113,0.077951,0.000043,0.098451,0.307758,0.048156,0.012987,0.000043,0.015008,0.056361
GATCTGCTATCTAAGG-1,0.000107,0.000107,0.084107,0.46346,0.451365,0.000107,0.000107,0.000107,0.000107,0.000107,0.000107,0.000107,0.000107
GATCTTCATTGTCCTC-1,0.000036,0.198656,0.048644,0.143802,0.074783,0.023823,0.128953,0.141065,0.021097,0.069782,0.038046,0.087036,0.024277
GATCTTGGAGGGCATA-1,0.000035,0.000035,0.000035,0.295773,0.275633,0.01121,0.000035,0.077192,0.239161,0.008258,0.086001,0.006597,0.000035
GATCTTTGCAGGGTAT-1,0.000025,0.000025,0.000025,0.00346,0.095413,0.139318,0.003914,0.057324,0.150975,0.040945,0.459074,0.004297,0.045203
GATCTTTGCTCAAAGA-1,0.000015,0.000015,0.00311,0.032741,0.260044,0.030403,0.012748,0.004372,0.005307,0.047197,0.254879,0.193223,0.155947
GATGACAAGTAGGGCA-1,0.000083,0.000083,0.04723,0.612962,0.338978,0.000083,0.000083,0.000083,0.000083,0.000083,0.000083,0.000083,0.000083
GATGACGATGATCGCG-1,0.000012,0.011204,0.004602,0.011449,0.015464,0.098733,0.207555,0.1371,0.136228,0.151713,0.127076,0.057635,0.04123
GATGAGGAACCTTCGG-1,0.000077,0.000077,0.000077,0.345607,0.484562,0.000077,0.000077,0.109513,0.056844,0.000368,0.00257,0.000077,0.000077
GATGATTTGAAACTGG-1,0.000038,0.587066,0.38363,0.000038,0.02893,0.000038,0.000038,0.000038,0.000038,0.000038,0.000038,0.000038,0.000038
GATGCCACACTACAGC-1,0.000021,0.628289,0.35237,0.003164,0.000021,0.011488,0.00089,0.000021,0.000021,0.000021,0.000021,0.000021,0.003651
GATGCCAGCAGAAGGC-1,0.000017,0.005711,0.022559,0.139363,0.017503,0.088856,0.312693,0.097934,0.076668,0.169967,0.018181,0.017809,0.032739
GATGCCTTCTGCGGCA-1,0.000206,0.000206,0.031422,0.536539,0.429977,0.000206,0.000206,0.000206,0.000206,0.000206,0.000206,0.000206,0.000206
GATGCGAATGGTATTA-1,0.000018,0.031856,0.003226,0.114331,0.070803,0.059892,0.282672,0.109383,0.050255,0.097452,0.048923,0.009934,0.121253
GATGCGTCCTGCATTC-1,0.000051,0.000051,0.000051,0.267291,0.175838,0.082779,0.000051,0.000051,0.028606,0.026502,0.374863,0.000081,0.043784
GATGCTACAAGCGCCT-1,0.001294,0.204489,0.011448,0.057675,0.196421,0.027468,0.08055,0.089492,0.043725,0.054159,0.084477,0.034705,0.114098
GATGCTACCTTCGATG-1,0.000494,0.000034,0.000034,0.05639,0.565305,0.000034,0.000034,0.241856,0.082645,0.000034,0.04385,0.009253,0.000034
GATGCTGTATTTCATC-1,0.000049,0.000049,0.000049,0.008295,0.221454,0.000057,0.011299,0.244844,0.259252,0.011203,0.043772,0.19963,0.000049
GATGGCGCACACATTA-1,0.000016,0.057634,0.009991,0.014403,0.047393,0.102087,0.255514,0.096343,0.049731,0.214015,0.058889,0.016928,0.077055
GATGGTGAAATAACCC-1,0.000015,0.011829,0.013673,0.037301,0.378271,0.012154,0.041384,0.029484,0.00615,0.126765,0.198368,0.09213,0.052475
GATGGTGCCCTAGGCA-1,0.000419,0.131903,0.179267,0.043151,0.036874,0.109599,0.19712,0.006805,0.014955,0.220592,0.012489,0.012781,0.034046
GATGTAACGAACCACC-1,0.000022,0.003945,0.008045,0.106422,0.113168,0.007032,0.000881,0.254735,0.04092,0.002106,0.096767,0.221491,0.144465
GATGTCCGGATCACAT-1,0.000051,0.100858,0.605974,0.278587,0.014122,0.000051,0.000051,0.000051,0.000051,0.000051,0.000051,0.000051,0.000051
GATGTCGGTCAACTGC-1,0.000035,0.086296,0.504492,0.112488,0.000035,0.123277,0.05693,0.035687,0.047373,0.000035,0.000035,0.000035,0.033283
GATGTGTTGTCACAAG-1,0.000029,0.95809,0.001396,0.000029,0.040222,0.000029,0.000029,0.000029,0.000029,0.000029,0.000029,0.000029,0.000029
GATGTTCAATCCACGA-1,0.000063,0.000063,0.000063,0.060644,0.522004,0.034743,0.005914,0.007267,0.008147,0.013891,0.184856,0.105867,0.056479
GATGTTTGTGCGAGAT-1,0.000033,0.463213,0.004087,0.031942,0.108891,0.004119,0.02115,0.10771,0.082753,0.108902,0.029365,0.007104,0.030731
GATTAATCCTGGCTCA-1,0.000023,0.999718,0.000024,0.000023,0.000023,0.000023,0.000023,0.000023,0.000023,0.000023,0.000023,0.000023,0.000023
GATTACTGAATTTGGG-1,0.000026,0.000026,0.000026,0.031852,0.192351,0.025694,0.030593,0.10037,0.409662,0.042424,0.134488,0.010993,0.021495
GATTAGAAACAAGCGT-1,0.000013,0.000013,0.006802,0.067933,0.122405,0.007223,0.067572,0.204425,0.222528,0.005032,0.121169,0.166296,0.00859
GATTATCTTGCATTAT-1,0.000014,0.038435,0.000014,0.000014,0.001052,0.015274,0.165281,0.090195,0.485435,0.000014,0.037375,0.156076,0.010821
GATTCCCTTGTCGCAG-1,0.000334,0.010019,0.001504,0.053518,0.105224,0.289119,0.148997,0.021734,0.051056,0.082716,0.105363,0.012182,0.118233
GATTCCGCGTTTCCGT-1,0.000469,0.05811,0.005851,0.060866,0.05381,0.137194,0.068821,0.121123,0.09436,0.221811,0.068771,0.055977,0.052837
GATTCCTATACGGCGC-1,0.000036,0.063564,0.005558,0.106608,0.103374,0.015649,0.015576,0.027076,0.134657,0.179044,0.230333,0.060801,0.057724
GATTCGACGGTTCACG-1,0.000013,0.000013,0.000013,0.013219,0.006907,0.277363,0.007302,0.043885,0.520535,0.002626,0.110557,0.012979,0.00459
GATTCTGTTAATGAGT-1,0.000048,0.000048,0.000048,0.134985,0.450302,0.003271,0.000048,0.000048,0.062817,0.016633,0.329218,0.000048,0.002485
GATTGACACTCTGCTC-1,0.00002,0.779576,0.088608,0.025117,0.00002,0.01611,0.06032,0.014763,0.015385,0.00002,0.00002,0.00002,0.00002
GATTGCTCCAGTTGCA-1,0.000411,0.000411,0.56485,0.000411,0.365943,0.000411,0.000411,0.000411,0.000411,0.000411,0.065094,0.000411,0.000411
GATTGGGAAAGGTTGT-1,0.000087,0.000087,0.000087,0.403045,0.596001,0.000087,0.000087,0.000087,0.000087,0.000087,0.000087,0.000087,0.000087
GATTTAGTGCGTACTG-1,0.00001,0.00001,0.022165,0.005463,0.243725,0.00001,0.002517,0.011161,0.00001,0.00001,0.708812,0.006094,0.00001
GATTTGCGCTAACACC-1,0.000014,0.000014,0.000014,0.056273,0.068873,0.026884,0.049103,0.144681,0.253215,0.015135,0.222216,0.137241,0.026338
GCAAACCCTACATTAT-1,0.000039,0.000039,0.000039,0.167123,0.153933,0.004849,0.002194,0.424995,0.228317,0.000039,0.00518,0.000039,0.013213
GCAAACGTAAGCGACC-1,0.000105,0.000105,0.016993,0.943993,0.037964,0.000105,0.000105,0.000105,0.000105,0.000105,0.000105,0.000105,0.000105
GCAAACGTCGCCAGGT-1,0.000009,0.000009,0.000009,0.005477,0.000009,0.016423,0.202453,0.160308,0.61229,0.000009,0.000009,0.002669,0.000324
GCAAAGGGCGTTAGCC-1,0.000088,0.070919,0.163078,0.693441,0.071771,0.000088,0.000088,0.000088,0.000088,0.000088,0.000088,0.000088,0.000088
GCAAATATTACGCTTT-1,0.000042,0.000042,0.000042,0.023288,0.248444,0.003532,0.000042,0.010072,0.003653,0.01781,0.311438,0.042817,0.338775
GCAAATGAGGACACTT-1,0.000042,0.058905,0.000042,0.028994,0.482088,0.000042,0.000042,0.000042,0.000042,0.000042,0.429631,0.000042,0.000042
GCAACACACTAGAACT-1,0.000014,0.000014,0.000014,0.073204,0.167809,0.057974,0.006765,0.132905,0.149868,0.018742,0.242473,0.142761,0.007456
GCAACAGCAGTATGCG-1,0.004447,0.000016,0.000016,0.079091,0.000914,0.12723,0.069323,0.291651,0.269521,0.001257,0.006909,0.101067,0.048559
GCAACCACCAGACCGG-1,0.000022,0.069424,0.114161,0.009847,0.217134,0.024746,0.17944,0.018329,0.013062,0.248285,0.040698,0.00949,0.055363
GCAACCACGGCCGCGT-1,0.000026,0.000026,0.000026,0.012857,0.109122,0.058287,0.000026,0.029062,0.483611,0.000672,0.267473,0.030466,0.008345
GCAACCCAAGTTGTTT-1,0.000026,0.000026,0.007065,0.006909,0.157936,0.190838,0.131124,0.047435,0.043708,0.191934,0.040673,0.03991,0.142415
GCAACGGCTAGTTATG-1,0.00004,0.00004,0.011853,0.332242,0.038639,0.118936,0.070171,0.246379,0.124535,0.016295,0.014198,0.01224,0.014434
GCAAGAATTCCTTGGC-1,0.000047,0.010079,0.000047,0.21242,0.410118,0.000047,0.000047,0.000047,0.014034,0.016402,0.270904,0.042299,0.023511
GCAAGATGTGTTCGCG-1,0.000014,0.029037,0.022292,0.143849,0.031454,0.122248,0.332152,0.04721,0.089951,0.136389,0.018317,0.011808,0.015278
GCAAGCTGGAAACCGC-1,0.000019,0.000019,0.000019,0.213395,0.325787,0.015019,0.014783,0.277278,0.062519,0.005821,0.051024,0.020874,0.013441
GCAAGTGCACAGAGAA-1,0.000008,0.012236,0.000008,0.000695,0.004531,0.676077,0.091046,0.03404,0.073558,0.032947,0.022276,0.015234,0.037346
GCAAGTGTAAAGCATG-1,0.00002,0.00002,0.0102,0.157809,0.254413,0.003814,0.037672,0.359193,0.063894,0.006951,0.018515,0.067398,0.0201
GCAATTAGTCGCACCG-1,0.00001,0.00001,0.00001,0.000299,0.030617,0.090766,0.03832,0.021925,0.119782,0.01352,0.451019,0.213948,0.019774
GCACAAACCCTAGATG-1,0.000092,0.000092,0.370013,0.557269,0.071798,0.000092,0.000092,0.000092,0.000092,0.000092,0.000092,0.000092,0.000092
GCACAAACGAGGCGTG-1,0.000702,0.000025,0.01337,0.216825,0.014024,0.072269,0.020833,0.136842,0.463972,0.020611,0.01184,0.022433,0.006254
GCACAACCTCGGGCGT-1,0.000116,0.000116,0.000116,0.849829,0.148896,0.000116,0.000116,0.000116,0.000116,0.000116,0.000116,0.000116,0.000116
GCACAAGTGGATCATA-1,0.000029,0.449616,0.006367,0.045895,0.019819,0.04628,0.310671,0.049881,0.024752,0.015914,0.012692,0.006709,0.011376
GCACAAGTGTCGGAAG-1,0.00004,0.071409,0.271951,0.308538,0.222367,0.01527,0.00864,0.00004,0.00004,0.089633,0.011991,0.00004,0.00004
GCACACAGCTATTACC-1,0.000047,0.087601,0.000047,0.273849,0.178376,0.000047,0.001703,0.095215,0.109367,0.062854,0.115203,0.055493,0.020198
GCACACGCCCATGGTC-1,0.000032,0.000032,0.025152,0.110922,0.273449,0.06324,0.005257,0.000032,0.002485,0.274952,0.091824,0.035629,0.116995
GCACAGCACGGGCCGA-1,0.000009,0.017686,0.009963,0.006115,0.008525,0.039568,0.075526,0.199401,0.548752,0.005518,0.023487,0.062771,0.002679
GCACCTTCCCGAAGGT-1,0.000343,0.000343,0.259005,0.294249,0.389372,0.000343,0.000343,0.054283,0.000343,0.000343,0.000343,0.000343,0.000343
GCACGCCGATTCCCGC-1,0.000063,0.000063,0.043681,0.172225,0.075297,0.04711,0.017722,0.011933,0.15687,0.035249,0.021035,0.397343,0.021409
GCACGCCTACTTAGAT-1,0.000133,0.000133,0.000133,0.9984,0.000133,0.000133,0.000133,0.000133,0.000133,0.000133,0.000133,0.000133,0.000133
GCACGTGGTTTACTTA-1,0.000225,0.000225,0.000225,0.288396,0.70913,0.000225,0.000225,0.000225,0.000225,0.000225,0.000225,0.000225,0.000225
GCACTAGTCGCGCTAT-1,0.000021,0.052131,0.074144,0.058828,0.004425,0.048121,0.480999,0.101714,0.02767,0.060397,0.014694,0.003432,0.073423
GCACTCCCACAGTCCC-1,0.000017,0.972989,0.00472,0.000017,0.000017,0.000017,0.005163,0.016976,0.000017,0.000017,0.000017,0.000017,0.000017
GCACTGCCTACCTTTA-1,0.000053,0.000053,0.01499,0.450407,0.194268,0.060826,0.002658,0.147203,0.034871,0.089084,0.005483,0.000053,0.000053
GCACTGTGCAAATGTA-1,0.000435,0.138215,0.365959,0.191863,0.140119,0.005694,0.087609,0.03656,0.008613,0.01032,0.014265,0.000317,0.00003
GCAGAAACGTAATCCA-1,0.000007,0.000007,0.001867,0.007493,0.2095,0.022895,0.044078,0.024775,0.07961,0.030906,0.447598,0.104954,0.026312
GCAGAAGGTAATCTCC-1,0.000717,0.000047,0.00454,0.42404,0.011489,0.000047,0.011417,0.26357,0.075819,0.000047,0.000047,0.194058,0.01416
GCAGACCCAGCACGTA-1,0.000034,0.000034,0.000034,0.060422,0.334213,0.096164,0.000034,0.022034,0.095717,0.005795,0.257252,0.109647,0.01862
GCAGATCCATAAGACT-1,0.000026,0.025971,0.385269,0.388208,0.000026,0.000026,0.000026,0.165716,0.001622,0.000026,0.000026,0.000026,0.033031
GCAGATCCTCGCAAAT-1,0.00001,0.080589,0.02463,0.063553,0.029555,0.079439,0.396902,0.115053,0.047877,0.052859,0.037265,0.017977,0.054292
GCAGATTAGGGATATC-1,0.000021,0.000021,0.000021,0.143257,0.08681,0.103085,0.004769,0.10195,0.085665,0.061333,0.317932,0.059526,0.035613
GCAGCACACAGCCCAG-1,0.000012,0.008102,0.000012,0.00397,0.015084,0.178435,0.067281,0.045384,0.390236,0.024286,0.188722,0.035987,0.042489
GCAGCCTATATCACAT-1,0.000012,0.000012,0.000012,0.002377,0.017359,0.19271,0.047653,0.046362,0.044761,0.010707,0.091245,0.280475,0.266315
GCAGCGGTGGGCATTA-1,0.000031,0.592413,0.091446,0.153653,0.003389,0.034636,0.039417,0.031205,0.044774,0.004595,0.003586,0.000031,0.000825
GCAGCTATGGACAGGT-1,0.000018,0.000018,0.016475,0.034212,0.112956,0.166486,0.138111,0.060906,0.051131,0.130249,0.131041,0.054234,0.104162
GCAGCTGTCAACGCAT-1,0.000033,0.000033,0.000033,0.218535,0.466084,0.03658,0.000033,0.098803,0.087006,0.002906,0.075608,0.012706,0.001641
GCAGGAACTTAGATCT-1,0.000039,0.000039,0.000039,0.20486,0.321539,0.010074,0.001755,0.289999,0.08522,0.025858,0.044513,0.016026,0.000039
GCAGGACTATAGAATA-1,0.000023,0.023839,0.010878,0.022509,0.347526,0.12628,0.00316,0.006219,0.011372,0.104097,0.282578,0.047086,0.014433
GCAGGTAGAGTATGGT-1,0.000018,0.104457,0.023206,0.103248,0.031048,0.033613,0.223209,0.14976,0.038108,0.102904,0.023691,0.12051,0.046228
GCAGTTCGATCCGAGC-1,0.000167,0.230808,0.339137,0.247166,0.108288,0.000167,0.000167,0.000167,0.073269,0.000167,0.000167,0.000167,0.000167
GCATAAATTGAACGCC-1,0.000016,0.000016,0.000016,0.000032,0.79471,0.000016,0.000016,0.000016,0.000016,0.000016,0.205097,0.000016,0.000016
GCATACGAGGTCTTTA-1,0.000031,0.000031,0.000031,0.020285,0.142251,0.066947,0.000031,0.000566,0.00026,0.00376,0.396281,0.082129,0.287396
GCATAGAGCACTCAGG-1,0.000021,0.043495,0.003978,0.07445,0.078715,0.081521,0.008335,0.171895,0.336447,0.005111,0.152538,0.010451,0.033043
GCATCCCTAACTTTGA-1,0.000027,0.020347,0.019082,0.106612,0.038517,0.019107,0.544432,0.099688,0.013618,0.046798,0.024392,0.019908,0.047471
GCATCCTCTCCTATTA-1,0.000028,0.49977,0.181396,0.000028,0.022174,0.000028,0.249622,0.020444,0.005177,0.012084,0.000028,0.003884,0.005339
GCATCGGCCGTGTAGG-1,0.000927,0.000927,0.000927,0.706005,0.000927,0.000927,0.000927,0.000927,0.000927,0.000927,0.000927,0.000927,0.2838
GCATGACACAAAGGAA-1,0.000082,0.000082,0.035729,0.601098,0.358668,0.000082,0.000082,0.000082,0.000082,0.000082,0.003765,0.000082,0.000082
GCATGAGGGACGCGGC-1,0.000018,0.003809,0.015961,0.11717,0.058767,0.184242,0.011633,0.008098,0.032,0.106011,0.103674,0.073277,0.285341
GCATGCTAATAACGAT-1,0.000053,0.000053,0.002253,0.80513,0.010625,0.000053,0.000053,0.138414,0.000053,0.043151,0.000053,0.000053,0.000053
GCATGGGTACTGACGC-1,0.000027,0.000027,0.000027,0.012377,0.158599,0.203639,0.007844,0.023687,0.22797,0.030011,0.289352,0.029914,0.016526
GCATTCAAGGCAACGC-1,0.000018,0.000018,0.03827,0.088679,0.064209,0.251098,0.057074,0.022063,0.033872,0.110918,0.095007,0.085133,0.153641
GCATTCGAAATGAACA-1,0.000017,0.024034,0.001231,0.09759,0.180471,0.080587,0.107177,0.035662,0.050636,0.283513,0.107799,0.005316,0.025969
GCATTGACTTGCGGAA-1,0.000753,0.000051,0.000051,0.227275,0.40495,0.000051,0.000051,0.084321,0.064156,0.000051,0.141856,0.004039,0.072396
GCATTGTAATTCATAT-1,0.000041,0.02172,0.008342,0.077043,0.234796,0.043902,0.000041,0.082002,0.095538,0.005334,0.261091,0.167083,0.003067
GCATTTCCAAGGCTCC-1,0.000024,0.000024,0.000024,0.07958,0.070619,0.27407,0.103588,0.00611,0.114257,0.028347,0.043292,0.015459,0.264606
GCCAACCATTTCCGGA-1,0.000187,0.031972,0.011716,0.007789,0.03299,0.08921,0.379166,0.114936,0.027654,0.036039,0.078346,0.063012,0.126981
GCCAAGAATACTTCTG-1,0.000522,0.000035,0.000035,0.137866,0.499719,0.063605,0.00555,0.000035,0.021687,0.000035,0.24804,0.018933,0.003938
GCCAATAGGGCATCTC-1,0.000025,0.000025,0.000025,0.048788,0.092458,0.067276,0.301942,0.056501,0.037047,0.164619,0.09718,0.121773,0.012341
GCCACAATTTAAGGAC-1,0.000026,0.06438,0.000026,0.023261,0.183913,0.053517,0.029708,0.115916,0.080015,0.052501,0.266178,0.094313,0.036246
GCCACCCATTCCACTT-1,0.000034,0.68663,0.304308,0.008725,0.000034,0.000034,0.000034,0.000034,0.000034,0.000034,0.000034,0.000034,0.000034
GCCACCTTATTCGCGA-1,0.000034,0.004921,0.000034,0.217728,0.212566,0.002361,0.011624,0.235604,0.039846,0.014872,0.032734,0.221737,0.005939
GCCACTCCTTACGGTA-1,0.00013,0.00013,0.409904,0.480178,0.108619,0.00013,0.00013,0.00013,0.00013,0.00013,0.00013,0.00013,0.00013
GCCAGGAAAGAACACT-1,0.000009,0.000009,0.000009,0.039203,0.056373,0.01018,0.066861,0.48868,0.269174,0.003652,0.009412,0.043835,0.012604
GCCAGGAGTAACCGAT-1,0.000032,0.060307,0.023936,0.158022,0.101669,0.038978,0.157985,0.000817,0.034206,0.240173,0.103228,0.061955,0.01869
GCCAGGCGTTCGCATG-1,0.000019,0.804724,0.03686,0.000019,0.007898,0.028934,0.012897,0.036566,0.01108,0.015858,0.011188,0.018532,0.015427
GCCAGGCTTAGTGGTA-1,0.000042,0.762841,0.096132,0.001047,0.123677,0.000042,0.000199,0.000042,0.000042,0.000042,0.000149,0.015701,0.000042
GCCATATTGCACACAG-1,0.000023,0.161026,0.014803,0.012875,0.131684,0.01336,0.170327,0.110455,0.053149,0.193827,0.098478,0.026067,0.013927
GCCATCGAGCTGCGTG-1,0.000635,0.000019,0.00002,0.119557,0.024043,0.002091,0.035941,0.763426,0.041043,0.004601,0.000038,0.004503,0.004084
GCCATCGATGCTGCAT-1,0.000345,0.003999,0.000445,0.016118,0.024313,0.389999,0.078625,0.053806,0.070332,0.017096,0.037055,0.195679,0.112186
GCCATTAGCCTCAAAC-1,0.001868,0.000042,0.033237,0.286795,0.092517,0.000042,0.004749,0.231062,0.006892,0.002082,0.011413,0.211531,0.117769
GCCCACCAAGGCTGTC-1,0.000034,0.498287,0.024645,0.004904,0.000034,0.089892,0.094698,0.085081,0.131029,0.024164,0.000034,0.011544,0.035655
GCCCACTGGTCCACAA-1,0.000013,0.000013,0.035818,0.075765,0.584769,0.000013,0.000013,0.000013,0.000013,0.000013,0.30353,0.000013,0.000013
GCCCAGATGCTGGAGA-1,0.000032,0.000032,0.000032,0.129458,0.32217,0.002453,0.000171,0.000361,0.021594,0.051193,0.374208,0.094983,0.003314
GCCCAGCGACACAAAG-1,0.000423,0.014843,0.012543,0.562939,0.268402,0.000029,0.000029,0.071028,0.007474,0.000029,0.045739,0.016494,0.000029
GCCCAGTTGGTATGCC-1,0.000019,0.01263,0.021744,0.009309,0.022362,0.368241,0.072794,0.048146,0.059547,0.247097,0.074983,0.023461,0.039668
GCCCATGGGTGCAATG-1,0.000034,0.314351,0.178334,0.027938,0.12859,0.000034,0.196378,0.038606,0.012864,0.02705,0.034701,0.019608,0.021513
GCCCGACTTCTTCCCG-1,0.000062,0.000062,0.000062,0.045319,0.338916,0.000062,0.000062,0.350599,0.081026,0.000062,0.175118,0.008591,0.000062
GCCCGATCTGTGGTCG-1,0.000148,0.080344,0.000148,0.849836,0.006174,0.000148,0.000148,0.000148,0.000148,0.000148,0.000148,0.062315,0.000148
GCCCGATGCCCAGTTC-1,0.00002,0.00002,0.011397,0.042049,0.092686,0.00002,0.019937,0.58694,0.175744,0.00002,0.003001,0.061447,0.006717
GCCCGCGCGTAAACGG-1,0.000024,0.000024,0.000024,0.040391,0.316665,0.015579,0.010891,0.365537,0.093587,0.017366,0.11106,0.014403,0.014448
GCCCGCGCGTTTGACA-1,0.000021,0.111362,0.000021,0.023974,0.028851,0.196511,0.240511,0.120138,0.089358,0.083897,0.014199,0.031296,0.059861
GCCCGTAATACCTTCT-1,0.000021,0.01743,0.000021,0.076743,0.080399,0.357882,0.046143,0.032288,0.039437,0.086168,0.124689,0.05058,0.0882
GCCCGTCAAGCCCAAT-1,0.000043,0.000043,0.000043,0.376139,0.223557,0.000043,0.000043,0.205349,0.051933,0.003703,0.018777,0.106814,0.013515
GCCCGTTCACACAATT-1,0.000018,0.005169,0.000018,0.06936,0.125298,0.000689,0.0665,0.196288,0.180797,0.006324,0.15856,0.187742,0.003238
GCCCTAAGTGCAGGAT-1,0.000025,0.000025,0.000025,0.002975,0.077078,0.103443,0.000643,0.011443,0.234008,0.00264,0.482713,0.074987,0.009995
GCCCTAGCCGTCGCGA-1,0.000019,0.000019,0.000019,0.065403,0.015131,0.005898,0.011906,0.803564,0.075422,0.000384,0.000089,0.015903,0.006242
GCCCTGAGGATGGGCT-1,0.000018,0.000018,0.00261,0.320478,0.005086,0.002463,0.012385,0.584676,0.069892,0.000018,0.000018,0.002243,0.000097
GCCGAAATTCCTACGT-1,0.000017,0.090395,0.000017,0.000483,0.02288,0.217209,0.01843,0.053497,0.25009,0.015002,0.320753,0.008672,0.002554
GCCGACCCACGACTGC-1,0.000342,0.000342,0.299771,0.001948,0.126103,0.050577,0.000342,0.450431,0.000342,0.000342,0.068777,0.000342,0.000342
GCCGATTGGCCAAGCT-1,0.000022,0.000022,0.000022,0.148943,0.065692,0.096747,0.000022,0.090952,0.018019,0.0094,0.047663,0.380706,0.141789
GCCGCACTCCGTTTCA-1,0.002174,0.000026,0.021939,0.048376,0.03264,0.022238,0.092221,0.038987,0.312066,0.004015,0.015743,0.392336,0.017241
GCCGCATTAGTCCGGC-1,0.000016,0.010694,0.014461,0.017352,0.02397,0.484982,0.120008,0.028317,0.084635,0.023473,0.034866,0.016297,0.140929
GCCGCTAGATACGCAG-1,0.000043,0.052088,0.051821,0.056099,0.316487,0.012003,0.006553,0.021167,0.00956,0.328248,0.14466,0.000043,0.001228
GCCGCTTGTGAGAAAC-1,0.000017,0.012915,0.000017,0.070114,0.143736,0.159001,0.029222,0.20564,0.147145,0.019244,0.141931,0.039773,0.031247
GCCGGAAACACATCTT-1,0.000021,0.509036,0.383226,0.001738,0.000021,0.000021,0.044002,0.045243,0.014155,0.002473,0.000021,0.000021,0.000021
GCCGGGTTAGGGTCGC-1,0.000039,0.025642,0.000039,0.224075,0.149403,0.005762,0.002285,0.270824,0.093158,0.01993,0.179866,0.019664,0.009313
GCCGGTCGTATCTCTC-1,0.000022,0.007807,0.047898,0.086747,0.068691,0.00785,0.015792,0.330668,0.187071,0.01736,0.045308,0.146753,0.038034
GCCGGTTTGGGCGGAT-1,0.000016,0.995328,0.000016,0.000016,0.000016,0.000016,0.000016,0.000016,0.000016,0.000016,0.000016,0.004492,0.000016
GCCGTCGGTTTCGGGC-1,0.000026,0.000026,0.000026,0.050968,0.279265,0.011824,0.075262,0.227407,0.180266,0.005386,0.028114,0.104436,0.036994
GCCGTGGAAGAAATGT-1,0.000014,0.000014,0.000014,0.092441,0.262659,0.07439,0.010626,0.05687,0.150223,0.074549,0.136354,0.117202,0.024643
GCCTACGTTCTGTGCA-1,0.000021,0.000021,0.000021,0.110585,0.128939,0.00053,0.00811,0.5992,0.037337,0.00193,0.01538,0.073333,0.024592
GCCTAGCGATCTGACC-1,0.000041,0.091457,0.019027,0.094282,0.179874,0.120362,0.129996,0.009164,0.066286,0.18713,0.044201,0.056218,0.001961
GCCTATAGTGTCAGGG-1,0.000016,0.024687,0.006415,0.052141,0.049456,0.396605,0.122426,0.056221,0.094568,0.081943,0.026319,0.039543,0.04966
GCCTATGCTGGGCCTT-1,0.000024,0.002766,0.031748,0.006122,0.236896,0.223326,0.096324,0.111008,0.034394,0.080138,0.084136,0.050329,0.042789
GCCTATTCCGATATAG-1,0.000039,0.063716,0.014508,0.246341,0.060283,0.069327,0.079822,0.02088,0.041052,0.21443,0.054919,0.076221,0.058459
GCCTATTTGCTACACA-1,0.00002,0.139025,0.064379,0.057708,0.046783,0.085111,0.452975,0.062541,0.019642,0.031415,0.005445,0.010136,0.02482
GCCTCAGGTACCGGTC-1,0.000032,0.000032,0.098979,0.177229,0.16919,0.000032,0.009834,0.216554,0.108749,0.001849,0.023648,0.186604,0.00727
GCCTCATCTGGAAATA-1,0.000009,0.000009,0.000009,0.000819,0.001222,0.223627,0.032822,0.123495,0.494571,0.003771,0.072883,0.037147,0.009617
GCCTCTATACATAGCA-1,0.000146,0.000146,0.063687,0.45799,0.47686,0.000146,0.000146,0.000146,0.000146,0.000146,0.000146,0.000146,0.000146
GCCTGCTACACTGAGA-1,0.00002,0.029763,0.048451,0.11878,0.156759,0.043425,0.279615,0.067887,0.047678,0.065256,0.032803,0.038771,0.070792
GCCTGTCCCGGTGCAT-1,0.000018,0.046217,0.000018,0.01964,0.037113,0.05316,0.073006,0.300914,0.179636,0.0143,0.08746,0.161033,0.027486
GCCTTCAGCCCTACCG-1,0.000015,0.063672,0.002883,0.000015,0.000015,0.229202,0.351981,0.151177,0.141758,0.013844,0.014482,0.005972,0.024985
GCCTTGTATATGCAGT-1,0.000066,0.092047,0.178126,0.140509,0.277114,0.000066,0.000067,0.000066,0.000066,0.251997,0.05294,0.000066,0.006871
GCCTTTGTCAGTGGAC-1,0.000284,0.000284,0.667862,0.000284,0.000284,0.000284,0.000284,0.163969,0.16533,0.000284,0.000284,0.000284,0.000284
GCGAAACGATCGGGAG-1,0.000083,0.005401,0.000083,0.819262,0.174503,0.000083,0.000083,0.000083,0.000083,0.000083,0.000083,0.000083,0.000083
GCGAAACTTAACTGGA-1,0.000015,0.000015,0.000015,0.25183,0.011974,0.045498,0.100138,0.295266,0.158961,0.005363,0.010934,0.074241,0.045751
GCGAAGAATCTGACGG-1,0.000056,0.000056,0.001984,0.939699,0.057757,0.000056,0.000056,0.000056,0.000056,0.000056,0.000056,0.000056,0.000056
GCGAAGCCATACCCGT-1,0.000026,0.000026,0.02188,0.073589,0.105687,0.159989,0.008019,0.031148,0.187689,0.051035,0.25339,0.010958,0.096562
GCGAATGGACTAGCGA-1,0.00002,0.00002,0.00002,0.084825,0.095151,0.111241,0.013091,0.074747,0.281998,0.009926,0.297973,0.026453,0.004535
GCGACATGTAAACATC-1,0.000017,0.055189,0.000792,0.062295,0.353226,0.01825,0.00944,0.013651,0.016424,0.042796,0.344321,0.048263,0.035334
GCGACCCAACCATCTG-1,0.000305,0.000305,0.638067,0.000305,0.095696,0.000305,0.000305,0.177493,0.000305,0.000305,0.000305,0.000305,0.085995
GCGACGATAGTTGTAC-1,0.000028,0.000028,0.02512,0.12488,0.055957,0.017383,0.010061,0.616337,0.043748,0.0295,0.008496,0.047366,0.021097
GCGACGGTAGTCTCCT-1,0.000019,0.000019,0.000019,0.131682,0.025399,0.028178,0.038445,0.1767,0.267637,0.017992,0.062929,0.224919,0.026061
GCGAGAAACGGGAGTT-1,0.000019,0.016351,0.30777,0.066949,0.068138,0.015073,0.299688,0.142419,0.032254,0.030917,0.001371,0.00476,0.014292
GCGAGAGGCCATGTAA-1,0.00001,0.00993,0.012992,0.021103,0.014353,0.15945,0.10331,0.011473,0.029582,0.248901,0.113717,0.110248,0.164929
GCGAGAGTTGCGTCCA-1,0.00003,0.00003,0.002002,0.033461,0.355503,0.068572,0.005922,0.007582,0.046181,0.013941,0.227499,0.002572,0.236705
GCGAGCGCATGCTCCC-1,0.000033,0.000033,0.060961,0.064813,0.425993,0.007451,0.000033,0.000033,0.000033,0.036786,0.361142,0.004304,0.038388
GCGAGGCCCGAGCAGA-1,0.000008,0.000008,0.000008,0.000008,0.000008,0.271716,0.003781,0.058005,0.17638,0.000405,0.110326,0.318966,0.060381
GCGAGGGACTGCTAGA-1,0.000015,0.885755,0.024754,0.000015,0.004069,0.000015,0.023761,0.053917,0.006798,0.000859,0.000015,0.000015,0.000015
GCGAGTTCTGCAAAGA-1,0.000019,0.015715,0.000473,0.126186,0.230773,0.030712,0.009458,0.035454,0.046753,0.058191,0.4071,0.025237,0.013929
GCGATGTCTGTGCTTG-1,0.000042,0.092706,0.184888,0.462837,0.000042,0.005827,0.177757,0.018278,0.057457,0.000042,0.000042,0.000042,0.000042
GCGATTCTGGAAGCAG-1,0.000026,0.142751,0.113535,0.080612,0.025923,0.001059,0.328604,0.234135,0.03107,0.023244,0.000026,0.004048,0.014967
GCGATTGTTAACGTTA-1,0.000032,0.022936,0.000032,0.172654,0.083675,0.0339,0.025585,0.108979,0.051056,0.006087,0.397739,0.062373,0.034953
GCGCAAATATATTCAA-1,0.000091,0.000091,0.000091,0.808937,0.190058,0.000091,0.000091,0.000091,0.000091,0.000091,0.000091,0.000091,0.000091
GCGCAAGAGCGCGCTG-1,0.000011,0.000011,0.000011,0.026357,0.021397,0.119499,0.01828,0.104024,0.115025,0.02046,0.171102,0.240887,0.162935
GCGCATCCAGTCAGCA-1,0.000036,0.000036,0.075826,0.086005,0.39576,0.142316,0.012951,0.000036,0.020347,0.096667,0.123489,0.021588,0.024944
GCGCCGTTCCACGATA-1,0.000015,0.000015,0.000015,0.017843,0.018401,0.132286,0.037341,0.229824,0.438206,0.015646,0.080983,0.019992,0.009435
GCGCCTCCCACTCCGA-1,0.000014,0.000014,0.000736,0.175049,0.00144,0.009084,0.019218,0.645017,0.065345,0.000169,0.000295,0.035448,0.048171
GCGCGATGGGTCAAGT-1,0.000017,0.897583,0.102228,0.000017,0.000017,0.000017,0.000017,0.000017,0.000017,0.000017,0.000017,0.000017,0.000017
GCGCGGTCTAGTAACT-1,0.000018,0.068675,0.000018,0.055815,0.141941,0.011131,0.009727,0.437367,0.023935,0.004794,0.066212,0.085832,0.094535
GCGCGTCATTGGTACA-1,0.000332,0.000332,0.207759,0.788594,0.000332,0.000332,0.000332,0.000332,0.000332,0.000332,0.000332,0.000332,0.000332
GCGCGTTTAAATCGTA-1,0.000056,0.442601,0.512331,0.000056,0.04451,0.000056,0.000056,0.000056,0.000056,0.000056,0.000056,0.000056,0.000056
GCGCTAAGTATGCATG-1,0.000014,0.201434,0.290148,0.009997,0.000014,0.011112,0.414967,0.031734,0.037605,0.000014,0.000014,0.002933,0.000014
GCGCTAATTGAATAGA-1,0.000014,0.013687,0.006742,0.087113,0.218738,0.137546,0.008341,0.050652,0.098121,0.031126,0.266988,0.042361,0.038571
GCGCTATGCCGAGGCA-1,0.000019,0.000019,0.000019,0.000019,0.008208,0.229588,0.029858,0.226735,0.324227,0.004732,0.126339,0.033247,0.01699
GCGCTCGATCACCTGT-1,0.000032,0.000032,0.000032,0.083792,0.175715,0.000032,0.007813,0.050575,0.178706,0.019063,0.053968,0.399261,0.030978
GCGCTGATCCAGACTC-1,0.000049,0.000049,0.291795,0.396457,0.213124,0.000049,0.000049,0.000049,0.000049,0.076198,0.022035,0.000049,0.000049
GCGCTGCTTTGCATTT-1,0.000035,0.173164,0.000035,0.062706,0.232548,0.012268,0.023267,0.001183,0.005641,0.236439,0.086126,0.022936,0.143652
GCGCTGGCGGAAAGTC-1,0.000019,0.09133,0.220017,0.000678,0.017111,0.002963,0.538061,0.076507,0.003615,0.009396,0.003476,0.010891,0.025936
GCGGACCGCGTTGTGG-1,0.000047,0.014652,0.000047,0.112658,0.376461,0.004947,0.000047,0.194416,0.066471,0.009856,0.102846,0.09805,0.019501
GCGGAGAAACTTCGCA-1,0.000102,0.000102,0.000102,0.998771,0.000102,0.000102,0.000102,0.000102,0.000102,0.000102,0.000102,0.000102,0.000102
GCGGAGAGGGAGAACG-1,0.000025,0.000025,0.000025,0.142354,0.127081,0.060958,0.089722,0.27216,0.255744,0.008363,0.020188,0.014521,0.008835
GCGGATTACTTGTTCT-1,0.000042,0.000042,0.000042,0.0749,0.249616,0.044298,0.000042,0.219347,0.236142,0.000042,0.088262,0.075965,0.011258
GCGGCAAAGTATTGCC-1,0.000159,0.000159,0.721043,0.277212,0.000159,0.000159,0.000159,0.000159,0.000159,0.000159,0.000159,0.000159,0.000159
GCGGCTCTGACGTACC-1,0.000052,0.02056,0.000052,0.023808,0.342137,0.050492,0.005599,0.000052,0.017901,0.000323,0.538921,0.000052,0.000052
GCGGCTTTAGCAAGTT-1,0.000015,0.000015,0.010244,0.087379,0.026027,0.019568,0.016123,0.522205,0.195936,0.004225,0.006772,0.103418,0.008072
GCGGGAACCAGGCCCT-1,0.00004,0.006371,0.2468,0.068443,0.079279,0.020512,0.348324,0.135544,0.009586,0.011846,0.01442,0.007316,0.051519
GCGGGCAGACGGGTGA-1,0.000018,0.009301,0.004179,0.062209,0.304336,0.084141,0.023628,0.213817,0.079401,0.006942,0.100145,0.093429,0.018453
GCGGGCATTACGATGC-1,0.00038,0.000015,0.002917,0.055995,0.011457,0.181619,0.160218,0.029415,0.066248,0.078935,0.074222,0.224856,0.113721
GCGGGCGAGCCTTACC-1,0.001489,0.000103,0.134676,0.529151,0.266137,0.000103,0.000103,0.000103,0.000103,0.000103,0.067721,0.000103,0.000103
GCGGTAACCCAAATGA-1,0.000037,0.035375,0.783075,0.109734,0.071481,0.000037,0.000037,0.000037,0.000037,0.000037,0.000037,0.000037,0.000037
GCGGTCCCGGTGAAGG-1,0.000302,0.000021,0.014039,0.054484,0.29665,0.12409,0.056373,0.010891,0.016722,0.062863,0.151542,0.073127,0.138896
GCGGTCCCTAGACGCA-1,0.000023,0.040802,0.038824,0.034698,0.153894,0.01816,0.346084,0.181745,0.087233,0.060499,0.021629,0.000069,0.016338
GCGGTCTTGCTTTCAC-1,0.000039,0.057392,0.000039,0.175768,0.104025,0.0222,0.003776,0.067637,0.224849,0.020256,0.00363,0.06987,0.250519
GCGGTGAACTGCGCTC-1,0.000016,0.06654,0.0085,0.036207,0.084187,0.212303,0.237709,0.031364,0.041138,0.1039,0.064072,0.024532,0.089531
GCGGTGCGGAGCATCG-1,0.000051,0.135371,0.164682,0.223195,0.084351,0.016573,0.014306,0.000051,0.000051,0.153294,0.042848,0.000051,0.165175
GCGGTTCCCTATCATG-1,0.000047,0.000047,0.000047,0.09501,0.138068,0.035042,0.019587,0.438828,0.228044,0.004095,0.012556,0.014201,0.014426
GCGTAAATGGCCATAA-1,0.00001,0.00001,0.00001,0.034909,0.115239,0.27993,0.084516,0.048933,0.055915,0.066582,0.081283,0.110668,0.121993
GCGTCCAGCTCGTGGC-1,0.000045,0.533355,0.240505,0.000045,0.030468,0.001121,0.000045,0.000045,0.000045,0.171371,0.020623,0.000045,0.002287
GCGTCCCTAAGACATA-1,0.000037,0.11413,0.0068,0.393684,0.000037,0.005993,0.037967,0.010428,0.000037,0.000037,0.000037,0.323311,0.107503
GCGTCGAAATGTCGGT-1,0.000012,0.025932,0.02949,0.067241,0.071533,0.027485,0.48862,0.057668,0.040611,0.069794,0.062041,0.024875,0.0347
GCGTCGCCAGGGTGAT-1,0.000169,0.000169,0.000169,0.958226,0.039918,0.000169,0.000169,0.000169,0.000169,0.000169,0.000169,0.000169,0.000169
GCGTCGTAACATGGTC-1,0.000039,0.000039,0.000039,0.281705,0.159344,0.000291,0.000039,0.044019,0.120918,0.000039,0.025387,0.368104,0.000039
GCGTCTAACCTCCTAA-1,0.000265,0.000018,0.000018,0.028922,0.345065,0.008402,0.001861,0.000828,0.003204,0.031466,0.46807,0.100111,0.011769
GCGTCTCTGCATTGGG-1,0.000041,0.028603,0.000041,0.10804,0.157065,0.020502,0.002558,0.037483,0.069639,0.097848,0.423971,0.017171,0.037037
GCGTGGTACTGGGTTA-1,0.000021,0.000021,0.000021,0.015225,0.096151,0.134027,0.040198,0.073981,0.169463,0.049296,0.260314,0.040394,0.12089
GCGTGTATGTCGTATT-1,0.000038,0.438987,0.216366,0.045009,0.000705,0.000038,0.110641,0.049914,0.05258,0.015633,0.00345,0.066176,0.000463
GCGTTATATTTGGAAC-1,0.000036,0.101784,0.009217,0.02412,0.170664,0.034554,0.109868,0.039791,0.014337,0.121948,0.272355,0.013723,0.087601
GCGTTCGGAGACCGGG-1,0.00002,0.020356,0.010259,0.14178,0.04599,0.057725,0.369433,0.096464,0.055069,0.071903,0.042619,0.044247,0.044134
GCTAAACCTGAGGTGA-1,0.000018,0.023983,0.041566,0.010427,0.017796,0.006946,0.136822,0.054465,0.00586,0.002619,0.101116,0.29239,0.305992
GCTAAGCCCAGTATGC-1,0.000064,0.000064,0.005348,0.589074,0.127539,0.009025,0.042114,0.109331,0.015081,0.067665,0.000398,0.000064,0.034234
GCTAAGTAAAGGCGAT-1,0.000026,0.013916,0.034976,0.034896,0.332048,0.051258,0.085493,0.032816,0.02548,0.174892,0.148793,0.022346,0.04306
GCTAAGTAGTTTCTCT-1,0.000029,0.013028,0.000029,0.057027,0.058999,0.064267,0.009123,0.046248,0.024586,0.052725,0.146644,0.399057,0.12824
GCTAATACCGAATGCC-1,0.000032,0.071867,0.027181,0.04288,0.254986,0.106011,0.002649,0.000032,0.003175,0.190515,0.21291,0.010539,0.077221
GCTACACTGTCCGAAC-1,0.000024,0.952689,0.047044,0.000024,0.000024,0.000024,0.000024,0.000024,0.000024,0.000024,0.000024,0.000024,0.000024
GCTACAGTACGGACCG-1,0.000049,0.000049,0.000049,0.000049,0.67337,0.000049,0.000049,0.000049,0.000049,0.008896,0.31724,0.000049,0.000049
GCTACGACTTATTGGG-1,0.000039,0.021183,0.000039,0.134363,0.035598,0.023672,0.064419,0.235157,0.183611,0.006045,0.057572,0.085962,0.15234
GCTACTATAGTAGAGT-1,0.001244,0.00008,0.00008,0.780024,0.00008,0.00008,0.00008,0.102065,0.115943,0.00008,0.00008,0.00008,0.00008
GCTACTCGGACGCAGA-1,0.000159,0.055776,0.000159,0.658385,0.28425,0.000159,0.000159,0.000159,0.000159,0.000159,0.000159,0.000159,0.000159
GCTAGACCGTCTACTG-1,0.00003,0.00003,0.00003,0.064923,0.295454,0.040952,0.00003,0.041104,0.10386,0.002876,0.397507,0.050007,0.003196
GCTAGCAACGCACCTA-1,0.000017,0.006472,0.013872,0.088602,0.085292,0.032797,0.005041,0.098288,0.197716,0.010249,0.180978,0.238083,0.042593
GCTAGCACCTGGGCCA-1,0.000042,0.000042,0.000042,0.071845,0.295708,0.002252,0.000046,0.012068,0.155576,0.009837,0.351154,0.088835,0.012555
GCTAGCAGGGAGTGGG-1,0.000028,0.050443,0.087546,0.048354,0.242535,0.018368,0.022964,0.028182,0.021666,0.394978,0.05895,0.007305,0.01868
GCTAGCGATAGGTCTT-1,0.000168,0.000168,0.035179,0.962977,0.000168,0.000168,0.000168,0.000168,0.000168,0.000168,0.000168,0.000168,0.000168
GCTAGCTTGAATAGCT-1,0.000014,0.000014,0.000014,0.001605,0.000014,0.00238,0.03076,0.817867,0.146262,0.00008,0.00096,0.000014,0.000014
GCTAGGCACCACGGAG-1,0.000141,0.000141,0.000141,0.487419,0.511032,0.000141,0.000141,0.000141,0.000141,0.000141,0.000141,0.000141,0.000141
GCTAGTAGAGCTTGTA-1,0.000313,0.007067,0.001247,0.130205,0.068149,0.233874,0.013693,0.084427,0.32503,0.015716,0.092283,0.011751,0.016244
GCTAGTTTCATTGAGG-1,0.000022,0.000022,0.000022,0.020313,0.041173,0.058199,0.297673,0.251034,0.093986,0.120786,0.050094,0.014364,0.052312
GCTATAAGGGCCAGGA-1,0.000032,0.000032,0.000032,0.138841,0.481512,0.004135,0.010191,0.063517,0.16816,0.015195,0.057422,0.060349,0.000582
GCTATACGTCTCGGAC-1,0.000138,0.000138,0.000138,0.863279,0.135207,0.000138,0.000138,0.000138,0.000138,0.000138,0.000138,0.000138,0.000138
GCTATCATACTCATGG-1,0.000167,0.000167,0.05355,0.944611,0.000167,0.000167,0.000167,0.000167,0.000167,0.000167,0.000167,0.000167,0.000167
GCTATCGCGGCGCAAC-1,0.000014,0.047768,0.016434,0.099339,0.018424,0.090149,0.275179,0.226404,0.093832,0.094781,0.018696,0.00474,0.014241
GCTATGCCAGCTTATG-1,0.000033,0.020747,0.000033,0.035147,0.186395,0.095021,0.000033,0.030943,0.204118,0.015438,0.352571,0.056713,0.002807
GCTCAACCTCTTAGAG-1,0.000041,0.390207,0.104758,0.177977,0.171172,0.008061,0.02545,0.010554,0.000041,0.012009,0.019482,0.000041,0.080207
GCTCAATCCGTTTATT-1,0.000081,0.000081,0.000081,0.328524,0.345049,0.000081,0.02755,0.257173,0.007621,0.000081,0.033514,0.000081,0.000081
GCTCAATGTAATACCG-1,0.000073,0.000073,0.094274,0.584506,0.218164,0.000073,0.000073,0.000073,0.004034,0.000073,0.092803,0.005706,0.000073
GCTCATTACTGCATGT-1,0.000041,0.456487,0.235341,0.165876,0.138679,0.000041,0.000041,0.000041,0.000041,0.000041,0.003286,0.000041,0.000041
GCTCATTGATCATATC-1,0.000036,0.000036,0.000036,0.139859,0.415436,0.000036,0.000036,0.007302,0.003169,0.03109,0.230533,0.172394,0.000036
GCTCCATGCAAAGCAA-1,0.000019,0.000019,0.000019,0.158729,0.32402,0.006597,0.004027,0.281441,0.043969,0.025646,0.129545,0.008805,0.017164
GCTCCCAGTCGGTCCA-1,0.000055,0.000055,0.000055,0.18787,0.082032,0.159458,0.000055,0.052108,0.277302,0.015031,0.16813,0.011916,0.04593
GCTCCGCTCGCTTCAG-1,0.000035,0.000035,0.000035,0.184086,0.006128,0.061528,0.011105,0.18529,0.007623,0.004844,0.070339,0.257732,0.21122
GCTCCGGACGTTGATA-1,0.000986,0.000019,0.00417,0.002633,0.09161,0.057491,0.271831,0.210246,0.076852,0.188444,0.031716,0.038002,0.026
GCTCCTGACATACTGG-1,0.000169,0.000169,0.035152,0.962992,0.000169,0.000169,0.000169,0.000169,0.000169,0.000169,0.000169,0.000169,0.000169
GCTCGACCGAACTGAA-1,0.000009,0.050519,0.000009,0.007685,0.005638,0.198589,0.0308,0.014642,0.025082,0.023722,0.418133,0.194162,0.03101
GCTCGCGGTTCCGCTC-1,0.000044,0.010778,0.047355,0.023585,0.265627,0.00806,0.039031,0.004567,0.003046,0.516468,0.07499,0.006141,0.000307
GCTCGCTCATGTCCAA-1,0.000016,0.000016,0.000016,0.00174,0.022586,0.109153,0.056804,0.335143,0.293681,0.006387,0.1081,0.039155,0.027202
GCTCGGAATTTAAAGC-1,0.000019,0.019412,0.024691,0.032293,0.169699,0.043067,0.337492,0.105439,0.015999,0.128054,0.059003,0.023077,0.041755
GCTCTAAACCCTGACG-1,0.000017,0.007204,0.032487,0.015971,0.026628,0.467286,0.124239,0.044364,0.057309,0.066909,0.054241,0.019698,0.083646
GCTCTATGTTACGTGC-1,0.000041,0.058903,0.079552,0.034359,0.043724,0.397229,0.068468,0.07333,0.054286,0.128043,0.041887,0.009724,0.010453
GCTCTCGGGTACCGAA-1,0.000009,0.000009,0.000009,0.000009,0.000009,0.755883,0.114276,0.031125,0.066628,0.004425,0.007409,0.004926,0.015282
GCTCTTTCCGCTAGTG-1,0.000071,0.000071,0.034368,0.591039,0.338175,0.000071,0.000071,0.000071,0.000071,0.000071,0.035778,0.000071,0.000071
GCTGAACTCTCCAGGG-1,0.000871,0.000994,0.026461,0.110593,0.073289,0.015816,0.018175,0.014251,0.347846,0.000035,0.226332,0.158035,0.007302
GCTGAAGGGTTCTTGG-1,0.000222,0.070624,0.000222,0.597174,0.329979,0.000222,0.000222,0.000222,0.000222,0.000222,0.000222,0.000222,0.000222
GCTGAATCTTCCAATC-1,0.000287,0.000287,0.49824,0.44621,0.003679,0.000287,0.000287,0.000287,0.000287,0.000287,0.000287,0.049287,0.000287
GCTGAGCAACGGTTCT-1,0.000039,0.048404,0.116447,0.137374,0.245426,0.077552,0.163818,0.01988,0.020573,0.078878,0.053857,0.014478,0.023274
GCTGAGGCGTGAGTAT-1,0.000013,0.000013,0.000013,0.000013,0.019887,0.284214,0.014759,0.141093,0.428813,0.007004,0.077062,0.006931,0.020186
GCTGCACGGTTTCTTA-1,0.000038,0.000038,0.000038,0.242941,0.078581,0.052432,0.023485,0.217803,0.129467,0.017632,0.122212,0.087554,0.02778
GCTGCGAAGAATTATT-1,0.000025,0.000025,0.008925,0.105778,0.308376,0.001652,0.011741,0.116195,0.147654,0.016543,0.13095,0.151577,0.000561
GCTGCGCCTCCCACGT-1,0.000024,0.297649,0.003694,0.131846,0.048949,0.032093,0.096868,0.173751,0.070321,0.062552,0.014577,0.0608,0.006875
GCTGCTAAGTAGTCGA-1,0.000109,0.000109,0.085887,0.911964,0.001059,0.000109,0.000109,0.000109,0.000109,0.000109,0.000109,0.000109,0.000109
GCTGCTACTGCGTAGC-1,0.000126,0.000126,0.139436,0.459368,0.399933,0.000126,0.000126,0.000126,0.000126,0.000126,0.000126,0.000126,0.000126
GCTGCTCTCCGGACAC-1,0.000024,0.007915,0.002612,0.172034,0.046012,0.18097,0.019442,0.033677,0.064292,0.045004,0.276906,0.023116,0.127996
GCTGGACCCAAAGTGG-1,0.000009,0.005685,0.012646,0.070893,0.072798,0.10672,0.196424,0.094072,0.081052,0.260495,0.070074,0.011713,0.017418
GCTGGCAGGTGCCGTG-1,0.000018,0.117281,0.000018,0.058474,0.100056,0.062891,0.133469,0.064153,0.167579,0.203403,0.044192,0.01985,0.028617
GCTGGCATATTCACCT-1,0.000034,0.02258,0.000034,0.064351,0.187764,0.188742,0.004807,0.040443,0.025253,0.071022,0.12145,0.065364,0.208156
GCTGGCGGCGCATGCT-1,0.00011,0.00011,0.024974,0.538324,0.435601,0.00011,0.00011,0.00011,0.00011,0.00011,0.00011,0.00011,0.00011
GCTGGGAGCGCGTCAA-1,0.000028,0.042338,0.028749,0.252432,0.236744,0.004286,0.009436,0.235284,0.138605,0.004927,0.032041,0.015101,0.000028
GCTGGGTCCGCTGTTA-1,0.000018,0.379518,0.104138,0.000018,0.000018,0.01015,0.239035,0.166082,0.088177,0.002763,0.000018,0.00387,0.006195
GCTGGTGACTCGTAGT-1,0.00002,0.009502,0.00002,0.018128,0.250979,0.026264,0.036056,0.020397,0.016337,0.1022,0.137233,0.120088,0.262776
GCTGGTTTAGGCCATA-1,0.00052,0.00052,0.739273,0.00052,0.00052,0.00052,0.00052,0.00052,0.00052,0.00052,0.00052,0.25501,0.00052
GCTGTATTACTGGCCC-1,0.000024,0.000024,0.000024,0.062424,0.07265,0.054123,0.00375,0.279362,0.218769,0.001402,0.078173,0.153879,0.075396
GCTGTCTGTGATCGAC-1,0.00004,0.255274,0.147252,0.206833,0.084629,0.001356,0.213078,0.019045,0.020713,0.012253,0.037656,0.001831,0.000041
GCTGTTGCTACCGAAC-1,0.000012,0.001137,0.000012,0.004712,0.015374,0.270268,0.050716,0.170869,0.29833,0.015926,0.140255,0.023692,0.008697
GCTTAATGTAACTAAC-1,0.000591,0.000013,0.000017,0.111327,0.055141,0.043049,0.029655,0.277152,0.241432,0.0122,0.079247,0.086588,0.063589
GCTTACGTAGTTAGTA-1,0.00001,0.00001,0.00001,0.00001,0.000719,0.114304,0.008508,0.025812,0.086604,0.007092,0.128375,0.543959,0.084589
GCTTAGGGAAGCGGTA-1,0.000014,0.000014,0.010303,0.009673,0.615252,0.000014,0.000014,0.000014,0.000014,0.00313,0.361152,0.000393,0.000014
GCTTATGAAGCAGGAA-1,0.000028,0.000028,0.000028,0.021432,0.211621,0.103243,0.000028,0.000028,0.030842,0.131991,0.436575,0.017691,0.046464
GCTTCAGTGGGATTAC-1,0.000017,0.000017,0.00015,0.002488,0.03865,0.186728,0.069957,0.046682,0.040839,0.117181,0.17383,0.138527,0.184933
GCTTCCAGCTTAGATT-1,0.002729,0.470721,0.421348,0.015377,0.013122,0.012933,0.000048,0.000048,0.000048,0.00097,0.042782,0.000048,0.019825
GCTTCCATGTAACCGC-1,0.000009,0.029536,0.000009,0.000009,0.000009,0.1697,0.062902,0.058396,0.372633,0.002926,0.005603,0.192182,0.106085
GCTTCCCGTAAGCTCC-1,0.000049,0.035223,0.004774,0.230075,0.157681,0.007777,0.010681,0.182628,0.115121,0.036061,0.208289,0.000764,0.010877
GCTTCCGTCCCTAGAC-1,0.000033,0.040497,0.000033,0.08348,0.280825,0.095996,0.060452,0.028067,0.058874,0.103755,0.13617,0.024077,0.087741
GCTTCGACGTTCAATC-1,0.000158,0.000158,0.171465,0.790667,0.000158,0.000158,0.000158,0.000158,0.000158,0.000158,0.036285,0.000158,0.000158
GCTTGAGTGACCTCTG-1,0.00005,0.00005,0.00005,0.069268,0.321517,0.134088,0.001999,0.012733,0.269571,0.016253,0.174321,0.00005,0.00005
GCTTGATGATAATCAG-1,0.000849,0.034303,0.020281,0.079563,0.163559,0.144991,0.085706,0.088442,0.060481,0.191498,0.084859,0.023753,0.021714
GCTTGCAGCACAATTG-1,0.000023,0.016295,0.015052,0.035509,0.199164,0.148693,0.007802,0.000023,0.013575,0.111611,0.26999,0.106876,0.075388
GCTTGGATCGATTAGG-1,0.000039,0.000039,0.000039,0.053934,0.388599,0.181101,0.017335,0.000039,0.000039,0.116913,0.113839,0.002376,0.125707
GCTTTACACAACTGGG-1,0.00004,0.00004,0.00004,0.292819,0.130379,0.00004,0.00004,0.346984,0.069327,0.00004,0.018479,0.114436,0.027338
GCTTTATTAAGTTACC-1,0.000043,0.000043,0.000043,0.077865,0.277871,0.000043,0.000043,0.019737,0.071879,0.017642,0.322696,0.198783,0.013313
GCTTTCAGAGGAGGTG-1,0.000034,0.004659,0.015235,0.055201,0.161767,0.175109,0.098416,0.007817,0.044922,0.160129,0.202761,0.020149,0.053803
GCTTTCTATCTCAACT-1,0.000014,0.005403,0.001187,0.017483,0.125184,0.063026,0.116718,0.0612,0.070259,0.081593,0.192026,0.134667,0.131241
GGAAACAGAGCTTGGG-1,0.000022,0.000022,0.000023,0.064444,0.232893,0.028174,0.039865,0.138193,0.059474,0.01633,0.103578,0.286447,0.030535
GGAAACCTTGTTGAAT-1,0.000007,0.000007,0.00366,0.060101,0.022197,0.11803,0.224859,0.098559,0.122945,0.040586,0.091941,0.167748,0.04936
GGAAAGGGAATTGAGC-1,0.000027,0.002699,0.036488,0.158188,0.377153,0.008618,0.000032,0.109359,0.103285,0.011413,0.103887,0.084397,0.004454
GGAAAGTCTTGATTGT-1,0.000012,0.000012,0.000012,0.000012,0.001747,0.010044,0.048837,0.260494,0.556532,0.001767,0.037972,0.081659,0.000899
GGAAAGTGCCCATGCC-1,0.000015,0.504677,0.000015,0.039401,0.048627,0.108224,0.050839,0.050484,0.071717,0.057681,0.058373,0.005808,0.004137
GGAACCCGAACAAGAA-1,0.000017,0.018262,0.037704,0.341237,0.014883,0.118407,0.070572,0.056351,0.034647,0.143282,0.023384,0.062176,0.079078
GGAACCGTGTAAATTG-1,0.000011,0.000011,0.000011,0.065235,0.060263,0.111436,0.046322,0.317263,0.301483,0.01333,0.047856,0.017438,0.01934
GGAACCTTGACTCTGC-1,0.000165,0.000165,0.19325,0.804935,0.000165,0.000165,0.000165,0.000165,0.000165,0.000165,0.000165,0.000165,0.000165
GGAACGGCCTGCAGCC-1,0.000033,0.036153,0.009523,0.147586,0.412899,0.043003,0.049633,0.008773,0.003943,0.121695,0.141858,0.000033,0.024866
GGAACTCGTGAATACG-1,0.000019,0.007982,0.012575,0.034114,0.133155,0.00536,0.046107,0.112126,0.140088,0.010521,0.311352,0.174632,0.011969
GGAAGATAAGACTGTA-1,0.000006,0.000006,0.012652,0.015266,0.120597,0.034957,0.028848,0.04163,0.052162,0.015969,0.599069,0.065093,0.013746
GGAAGCTCGCTTACAG-1,0.000061,0.171342,0.375246,0.119693,0.282078,0.000061,0.000061,0.000061,0.000061,0.030841,0.020375,0.000061,0.000061
GGAAGGACACCGTATA-1,0.000015,0.001284,0.000015,0.02721,0.060701,0.043155,0.025862,0.31493,0.312855,0.010654,0.098492,0.074675,0.030151
GGAATAACCTCAAGAA-1,0.000017,0.978657,0.004291,0.001496,0.000017,0.000017,0.000017,0.003061,0.012358,0.000017,0.000017,0.000017,0.000017
GGAATGCGCTAGCGTG-1,0.000014,0.027589,0.004682,0.037778,0.105992,0.204016,0.021044,0.077941,0.034174,0.04804,0.265616,0.036834,0.136281
GGACAACCATGAAGCC-1,0.000015,0.000015,0.088435,0.291791,0.000015,0.014668,0.089423,0.358823,0.136514,0.000015,0.000015,0.011248,0.009022
GGACAAGCCATGATCG-1,0.000342,0.000342,0.494746,0.000342,0.000342,0.000342,0.000342,0.068266,0.43357,0.000342,0.000342,0.000342,0.000342
GGACAAGTTGCAGTGA-1,0.000027,0.007888,0.000027,0.006467,0.350756,0.142653,0.022699,0.002564,0.002809,0.135619,0.144607,0.02229,0.161593
GGACACAAGTTTACAC-1,0.000011,0.000011,0.033153,0.005927,0.000011,0.053515,0.049616,0.382752,0.378196,0.000039,0.001018,0.07804,0.017712
GGACACCTCGGTGTTG-1,0.000034,0.09648,0.000034,0.091846,0.236162,0.033646,0.04012,0.152211,0.056336,0.027881,0.141116,0.117689,0.006442
GGACCAACAGGATAAC-1,0.000041,0.000041,0.051724,0.844083,0.00487,0.000041,0.000041,0.061527,0.000041,0.000041,0.000041,0.00032,0.037186
GGACCTACGGTAACGT-1,0.00001,0.00001,0.000696,0.02456,0.042958,0.06314,0.581001,0.066879,0.063893,0.043215,0.038562,0.051282,0.023793
GGACCTCTAGGCCGCC-1,0.000147,0.000147,0.121738,0.875767,0.001024,0.000147,0.000147,0.000147,0.000147,0.000147,0.000147,0.000147,0.000147
GGACGGCTTGCGCAAC-1,0.000139,0.00001,0.00001,0.00001,0.011214,0.057271,0.629995,0.115684,0.109383,0.018313,0.011391,0.022118,0.024463
GGACGGGCGACCAACC-1,0.000073,0.000073,0.120017,0.315856,0.563398,0.000073,0.000073,0.000073,0.000073,0.000073,0.000073,0.000073,0.000073
GGACGTCCATAGTTGG-1,0.000011,0.01688,0.008705,0.016715,0.091023,0.38401,0.026766,0.012409,0.019897,0.090372,0.187274,0.053011,0.092925
GGACTAAGTCAGGAGT-1,0.000019,0.000898,0.005476,0.028694,0.095633,0.057727,0.397057,0.08003,0.040845,0.083692,0.051174,0.036185,0.122571
GGACTCACAAATTAGG-1,0.000023,0.000023,0.000023,0.256381,0.049904,0.004368,0.058168,0.330239,0.261561,0.000023,0.001283,0.030224,0.00778
GGACTCGACAGCGCAT-1,0.000017,0.034606,0.000017,0.092427,0.142938,0.001705,0.01404,0.553868,0.063132,0.007578,0.025002,0.050851,0.01382
GGACTCGTGAGTGGTC-1,0.000093,0.000093,0.049694,0.878992,0.070379,0.000093,0.000093,0.000093,0.000093,0.000093,0.000093,0.000093,0.000093
GGACTCTTTGACTAAG-1,0.000015,0.000015,0.000015,0.039307,0.092669,0.105482,0.004172,0.204912,0.130816,0.005806,0.069181,0.252632,0.094976
GGAGAAGTCATTGGCA-1,0.000038,0.058866,0.000675,0.046935,0.292086,0.009329,0.117391,0.013129,0.002233,0.375607,0.045781,0.000038,0.037892
GGAGACATTCACGGGC-1,0.000028,0.952535,0.034307,0.000028,0.012878,0.000028,0.000028,0.000028,0.000028,0.000028,0.000028,0.000028,0.000028
GGAGACCAATGTGCTT-1,0.000015,0.000891,0.01614,0.019707,0.013342,0.427689,0.107115,0.015339,0.030912,0.053145,0.137128,0.033404,0.145172
GGAGACCATCTACATA-1,0.000017,0.011511,0.005632,0.09568,0.025732,0.158705,0.031991,0.290352,0.167078,0.012159,0.021338,0.10084,0.078965
GGAGACGACACCTTTG-1,0.000045,0.011347,0.000045,0.364854,0.126204,0.137975,0.002055,0.082523,0.074917,0.000315,0.197475,0.002197,0.000045
GGAGCAACATTTCAAG-1,0.000087,0.000087,0.488471,0.441482,0.000087,0.000087,0.000087,0.069176,0.000087,0.000087,0.000087,0.000087,0.000087
GGAGCACCAAGAACTA-1,0.000013,0.011248,0.025056,0.111058,0.150336,0.102639,0.019532,0.009101,0.013675,0.12455,0.114084,0.089782,0.228926
GGAGCGAGGCCTACTT-1,0.000033,0.000033,0.000033,0.221937,0.170824,0.00846,0.010099,0.486422,0.051094,0.023115,0.017879,0.007648,0.00242
GGAGGAGTGTGTTTAT-1,0.000025,0.897099,0.099753,0.002893,0.000025,0.000025,0.000025,0.000025,0.000025,0.000025,0.000025,0.000025,0.000025
GGAGGATTGAAAGGAG-1,0.000014,0.350168,0.18687,0.022175,0.000014,0.001955,0.339516,0.083715,0.007669,0.005675,0.000014,0.000014,0.002202
GGAGGCCGAAGTCGTC-1,0.000031,0.000031,0.009613,0.101815,0.216641,0.032279,0.024484,0.058139,0.060498,0.03008,0.346404,0.096276,0.023711
GGAGGCGAAGAACCGC-1,0.000012,0.008302,0.032192,0.0285,0.042848,0.083294,0.24801,0.113005,0.060347,0.09321,0.037207,0.125366,0.127707
GGAGGGCTTGGTTGGC-1,0.000027,0.030165,0.000027,0.083464,0.309687,0.097832,0.00792,0.000829,0.017847,0.072649,0.334467,0.007986,0.0371
GGAGTACACATGAGCT-1,0.000053,0.434419,0.135854,0.025572,0.075228,0.000053,0.017208,0.124087,0.091718,0.000904,0.008916,0.037989,0.047998
GGAGTGCCGCCCTGGA-1,0.000422,0.059131,0.122002,0.092084,0.298934,0.051344,0.060831,0.026303,0.020863,0.198316,0.046601,0.012187,0.010981
GGAGTTGATTCTGTGT-1,0.000055,0.000055,0.000055,0.760571,0.009925,0.000055,0.041965,0.167108,0.019987,0.000055,0.000055,0.000055,0.000055
GGATACTCATGAATTG-1,0.000047,0.253147,0.248173,0.143467,0.181056,0.064452,0.011163,0.000047,0.000047,0.0532,0.035822,0.000047,0.00933
GGATCAAAGGACGAGG-1,0.000027,0.390661,0.240548,0.285336,0.042286,0.000027,0.000027,0.000027,0.000027,0.040009,0.000973,0.000027,0.000027
GGATCAGAGCCATCAG-1,0.000026,0.000026,0.044897,0.015519,0.109244,0.024659,0.047143,0.119979,0.195097,0.009024,0.32151,0.094678,0.018198
GGATCATCCCGTACGC-1,0.000032,0.015131,0.122688,0.09074,0.153326,0.090075,0.16739,0.042364,0.042041,0.13264,0.089262,0.046307,0.008005
GGATCCCTACCAGCTA-1,0.000069,0.121222,0.782201,0.000069,0.095892,0.000069,0.000069,0.000069,0.000069,0.000069,0.000069,0.000069,0.000069
GGATCCGGAATATACT-1,0.000016,0.010078,0.000016,0.040343,0.18982,0.085903,0.033125,0.033345,0.082044,0.036925,0.258145,0.05141,0.178828
GGATCTACCGTTCGTC-1,0.000035,0.000459,0.018234,0.205588,0.273153,0.000035,0.040382,0.145687,0.015578,0.038204,0.180854,0.080072,0.001719
GGATCTTACTGCCCTT-1,0.000097,0.000097,0.101929,0.897001,0.000097,0.000097,0.000097,0.000097,0.000097,0.000097,0.000097,0.000097,0.000097
GGATCTTGACTCAACC-1,0.000028,0.008135,0.000028,0.12297,0.256029,0.010589,0.017692,0.235638,0.163232,0.010534,0.069044,0.101466,0.004614
GGATGAAGATCGCTGA-1,0.000042,0.000042,0.000042,0.062866,0.728467,0.000042,0.000042,0.009345,0.106522,0.007191,0.085312,0.000042,0.000042
GGATGACGCGAGTTTA-1,0.00004,0.00004,0.00004,0.040286,0.146203,0.137773,0.016703,0.00004,0.033601,0.138055,0.434513,0.003839,0.048866
GGATGCTGGCGTTCCT-1,0.000034,0.076346,0.000034,0.116504,0.154251,0.084705,0.00082,0.013214,0.038129,0.019453,0.381981,0.036067,0.078463
GGATGGCTTGAAGTAT-1,0.000053,0.000053,0.000053,0.226716,0.411341,0.000053,0.000053,0.148485,0.057448,0.012412,0.065637,0.021641,0.056054
GGATGTCCTTACCGCA-1,0.000029,0.000029,0.016032,0.056021,0.196285,0.065295,0.000029,0.016028,0.005464,0.015929,0.404285,0.05287,0.171702
GGATTAAGCTAAGGTC-1,0.000027,0.817865,0.108885,0.003692,0.050569,0.000027,0.000027,0.000027,0.000027,0.000027,0.01877,0.000027,0.000027
GGATTAATCATGGACC-1,0.000027,0.000027,0.003997,0.239172,0.163041,0.036394,0.012279,0.330933,0.111749,0.005549,0.065131,0.01554,0.016161
GGATTCAGTACGGTGG-1,0.000024,0.028323,0.000024,0.101335,0.031045,0.100751,0.375479,0.157861,0.104384,0.058928,0.016892,0.011403,0.013552
GGATTCCGCTATACCC-1,0.000041,0.090296,0.028719,0.084915,0.246151,0.056524,0.233175,0.01824,0.00976,0.074138,0.146629,0.005572,0.00584
GGATTGAAGTAGCCTC-1,0.000028,0.000028,0.000028,0.038593,0.191281,0.00318,0.014459,0.138444,0.21397,0.003566,0.188421,0.184588,0.023414
GGATTTCACTTCTATA-1,0.000038,0.000038,0.000038,0.056112,0.473969,0.145958,0.000038,0.000038,0.025665,0.087886,0.167356,0.011409,0.031454
GGCAAAGGCGCCAATA-1,0.000061,0.000061,0.00791,0.479278,0.35973,0.000061,0.000061,0.003768,0.000723,0.000061,0.05585,0.012257,0.080181
GGCAAATTACTTTACT-1,0.000022,0.000022,0.000022,0.015565,0.079784,0.187645,0.008318,0.199559,0.291876,0.018595,0.167043,0.010249,0.021299
GGCAAGCCAGGGATAG-1,0.000011,0.000011,0.003525,0.015932,0.299136,0.155053,0.046544,0.014321,0.011138,0.060167,0.224377,0.120573,0.049212
GGCAAGCCCATAGTGG-1,0.000037,0.000037,0.000037,0.233036,0.355913,0.000037,0.012989,0.316772,0.047781,0.000037,0.028004,0.005284,0.000037
GGCAAGGCGAAATAGC-1,0.000031,0.000031,0.021183,0.179771,0.197037,0.019137,0.004653,0.322423,0.106765,0.033109,0.07394,0.03947,0.002449
GGCAATAGTCAATGAG-1,0.000007,0.003732,0.000007,0.000007,0.000044,0.403719,0.031713,0.029441,0.133844,0.003859,0.375345,0.012587,0.005694
GGCACGCTGCTACAGT-1,0.000114,0.000114,0.000114,0.312105,0.325027,0.034991,0.000114,0.000114,0.120508,0.000114,0.187267,0.019239,0.000178
GGCACTCAGCCGACCC-1,0.000326,0.000326,0.559581,0.436834,0.000326,0.000326,0.000326,0.000326,0.000326,0.000326,0.000326,0.000326,0.000326
GGCACTCCACTGGGCA-1,0.000026,0.022794,0.000026,0.0296,0.067919,0.175868,0.039602,0.104923,0.07133,0.153886,0.260028,0.034988,0.03901
GGCACTGCGGTGGTTT-1,0.000032,0.012386,0.000032,0.268106,0.168303,0.003838,0.100411,0.16321,0.155347,0.015234,0.001885,0.066138,0.045076
GGCAGAGAGATCGGGA-1,0.00003,0.03783,0.00003,0.031921,0.327627,0.123759,0.001314,0.010018,0.006499,0.124072,0.252334,0.017368,0.067199
GGCAGCAAACCTATGC-1,0.000472,0.000032,0.000032,0.625095,0.000032,0.009659,0.020871,0.331865,0.011812,0.000032,0.000032,0.000032,0.000032
GGCAGCGGTAATCCTA-1,0.000029,0.065081,0.050638,0.058023,0.416568,0.025591,0.157545,0.014846,0.011335,0.116182,0.066101,0.005772,0.01229
GGCATACAGGTAGCGG-1,0.000025,0.044638,0.000025,0.028322,0.093602,0.218859,0.012408,0.044427,0.064308,0.042683,0.117484,0.055272,0.277947
GGCATATCGGTTCTGC-1,0.000017,0.044221,0.003758,0.053755,0.019143,0.090768,0.251228,0.147742,0.033436,0.165906,0.025343,0.103091,0.061591
GGCATCAACGAGCACG-1,0.000814,0.006246,0.705895,0.170552,0.005367,0.020504,0.015319,0.001568,0.000029,0.066437,0.007211,0.000029,0.000029
GGCATTCCCTCCCTCG-1,0.000032,0.000032,0.000032,0.062423,0.224906,0.022387,0.026778,0.018867,0.289268,0.082424,0.109378,0.163233,0.00024
GGCATTGAACATCTCA-1,0.000028,0.000028,0.000028,0.05793,0.460467,0.013555,0.009313,0.073173,0.114729,0.010949,0.230298,0.028012,0.001491
GGCCAATTGTATAGAC-1,0.000034,0.000034,0.000034,0.050232,0.103117,0.032294,0.000035,0.077989,0.215176,0.022948,0.168023,0.244974,0.085109
GGCCACAAGCGATGGC-1,0.000014,0.617423,0.01155,0.000014,0.000014,0.047372,0.242142,0.019777,0.006019,0.009668,0.000014,0.006364,0.03963
GGCCACACGAAAGCCT-1,0.000032,0.131656,0.018338,0.109253,0.1153,0.150959,0.059122,0.111201,0.07799,0.214106,0.000122,0.003481,0.008438
GGCCCAATCTAGAGGG-1,0.000016,0.000016,0.000016,0.088166,0.101778,0.118757,0.028291,0.043964,0.022354,0.169187,0.231222,0.066969,0.129263
GGCCCAGCTGGTTTGC-1,0.000013,0.000013,0.000013,0.093043,0.085519,0.063858,0.013734,0.444068,0.172765,0.006727,0.047416,0.053432,0.019399
GGCCCAGTTATCAGCA-1,0.000013,0.000765,0.014984,0.02224,0.044124,0.397092,0.091922,0.036997,0.120892,0.119458,0.056143,0.021023,0.074346
GGCCCGGAGCATGTCT-1,0.000019,0.000019,0.002567,0.008203,0.021132,0.019802,0.035718,0.029596,0.155754,0.065624,0.377072,0.282738,0.001755
GGCCCGTATACCATGC-1,0.000025,0.000025,0.006045,0.061074,0.279179,0.150417,0.007935,0.000025,0.008205,0.112716,0.310991,0.022018,0.041344
GGCCCTCACCCACTTA-1,0.000026,0.000026,0.000026,0.00736,0.018711,0.285961,0.000026,0.000026,0.025253,0.002744,0.6526,0.001661,0.005579
GGCCGAGACTCTGGTG-1,0.000538,0.000538,0.474825,0.000538,0.519258,0.000538,0.000538,0.000538,0.000538,0.000538,0.000538,0.000538,0.000538
GGCCGCAGGAACCGCA-1,0.000041,0.003832,0.029773,0.591216,0.108056,0.000041,0.015329,0.158736,0.078785,0.000041,0.000041,0.014071,0.000041
GGCCGGCGTCTGCTAT-1,0.000073,0.142587,0.000073,0.641251,0.215433,0.000073,0.000073,0.000073,0.000073,0.000073,0.000073,0.000073,0.000073
GGCCGTTTGGGTTTCA-1,0.00022,0.00022,0.451578,0.171094,0.151755,0.168334,0.00022,0.055481,0.00022,0.00022,0.00022,0.00022,0.00022
GGCCTGCTCTGATGTT-1,0.00004,0.023484,0.00004,0.0949,0.214557,0.026261,0.00004,0.258829,0.217895,0.00004,0.142838,0.017083,0.003993
GGCCTTTGCAACTGGC-1,0.000018,0.051388,0.000018,0.01377,0.157675,0.212483,0.046429,0.034837,0.028479,0.059185,0.079036,0.070195,0.246487
GGCGAAATCTAACTTG-1,0.000535,0.000021,0.020345,0.423216,0.050441,0.084107,0.021671,0.065298,0.034009,0.02745,0.049267,0.195871,0.027771
GGCGAACCGTTCTGAT-1,0.000009,0.000009,0.000009,0.002863,0.11551,0.02905,0.019354,0.019005,0.042317,0.028677,0.67884,0.057976,0.00638
GGCGAGCATCGAGGAC-1,0.000027,0.756113,0.24359,0.000027,0.000027,0.000027,0.000027,0.000027,0.000027,0.000027,0.000027,0.000027,0.000027
GGCGAGCGAAACGGCA-1,0.00002,0.00002,0.00002,0.131623,0.226761,0.031896,0.055914,0.212318,0.117627,0.023467,0.137687,0.033049,0.029599
GGCGCACAGTTTACCT-1,0.000027,0.000027,0.000027,0.034216,0.192952,0.075455,0.010543,0.020367,0.26575,0.024603,0.287877,0.084603,0.003552
GGCGCAGGACATCTTC-1,0.000752,0.07497,0.000052,0.058185,0.436284,0.000635,0.000052,0.000052,0.000991,0.002649,0.372398,0.030851,0.022131
GGCGCATGAATTGATG-1,0.000028,0.000028,0.000028,0.065776,0.223176,0.045348,0.032739,0.157759,0.297479,0.058069,0.080894,0.027786,0.010892
GGCGCGTTCGAGTTTA-1,0.000017,0.000017,0.000017,0.03653,0.031436,0.013533,0.081186,0.476789,0.272109,0.031668,0.011033,0.028367,0.017298
GGCGCTCCTCATCAAT-1,0.00002,0.03442,0.050917,0.017998,0.01646,0.032974,0.418542,0.060814,0.288785,0.050155,0.015723,0.007819,0.005371
GGCGCTTCATTCCCTG-1,0.001005,0.000054,0.000054,0.574738,0.016103,0.000054,0.047082,0.21963,0.129385,0.002027,0.000054,0.000054,0.009759
GGCGGAGTAATATTAG-1,0.00002,0.03028,0.00002,0.038252,0.026944,0.184155,0.000285,0.003485,0.005854,0.021608,0.317637,0.306603,0.064858
GGCGGGCTCTAAGAGT-1,0.000131,0.000131,0.057448,0.49619,0.44505,0.000131,0.000131,0.000131,0.000131,0.000131,0.000131,0.000131,0.000131
GGCGGTAGGATCATTG-1,0.000043,0.000043,0.014438,0.162732,0.365925,0.022442,0.000043,0.000043,0.000043,0.065181,0.368984,0.000043,0.000043
GGCGGTTTGCCGGTGC-1,0.000056,0.342936,0.26423,0.097157,0.24364,0.000056,0.000946,0.000056,0.000056,0.027929,0.022824,0.000056,0.000056
GGCGTACCCTATATAA-1,0.000015,0.467023,0.038876,0.000015,0.001613,0.022716,0.397981,0.034774,0.004316,0.005596,0.000627,0.01636,0.010088
GGCGTAGGGAAAGCTG-1,0.000083,0.000083,0.043568,0.655722,0.29988,0.000083,0.000083,0.000083,0.000083,0.000083,0.000083,0.000083,0.000083
GGCGTCCTATCCGCTG-1,0.000015,0.000015,0.000015,0.000015,0.002441,0.600466,0.026311,0.019307,0.046334,0.00819,0.033256,0.041399,0.222236
GGCTAAAGGGCGGGTC-1,0.000023,0.015682,0.139445,0.319935,0.016969,0.107499,0.139689,0.052978,0.059225,0.081175,0.017437,0.023328,0.026616
GGCTAATGATTGAAAT-1,0.00002,0.020928,0.00771,0.027348,0.304381,0.059828,0.024972,0.013077,0.01381,0.313201,0.155807,0.021614,0.037304
GGCTACTATACACTCC-1,0.000039,0.076353,0.024304,0.448636,0.007669,0.000039,0.006323,0.060982,0.017987,0.000039,0.000039,0.151174,0.206416
GGCTATTAAGTTGTAT-1,0.000042,0.001081,0.031059,0.252096,0.028086,0.214618,0.001402,0.026153,0.046329,0.021027,0.355601,0.022466,0.000042
GGCTCCTCCACCTGTT-1,0.00012,0.00012,0.831181,0.00012,0.00012,0.00012,0.00012,0.167499,0.00012,0.00012,0.00012,0.00012,0.00012
GGCTCGCGTTGAGGTA-1,0.00003,0.00003,0.091209,0.237953,0.053511,0.25601,0.021198,0.017093,0.011725,0.066824,0.049584,0.100714,0.09412
GGCTCGTGCCACCAGC-1,0.000017,0.043485,0.000017,0.003846,0.05878,0.161782,0.253055,0.12967,0.165337,0.073565,0.05461,0.017897,0.03794
GGCTCTGCTCCAACGC-1,0.000022,0.014289,0.015907,0.038291,0.117805,0.078571,0.07931,0.050111,0.040146,0.092449,0.21711,0.025692,0.230296
GGCTGAGCATCGTAAG-1,0.000036,0.288823,0.017032,0.119957,0.217797,0.075004,0.078902,0.012017,0.017727,0.127078,0.013941,0.004211,0.027474
GGCTGGCAATCCCACG-1,0.000564,0.023277,0.014175,0.222847,0.164895,0.012651,0.007525,0.057236,0.102084,0.005497,0.29836,0.089559,0.001329
GGCTGGCAGCTTTATG-1,0.000796,0.982599,0.016326,0.000028,0.000028,0.000028,0.000028,0.000028,0.000028,0.000028,0.000028,0.000028,0.000028
GGCTGGCTAGCTTAAA-1,0.031777,0.292928,0.158892,0.079202,0.125685,0.028741,0.073425,0.006721,0.000025,0.097819,0.005911,0.005766,0.093109
GGCTGTCCTACTGCGG-1,0.000037,0.019765,0.000037,0.021924,0.57863,0.000037,0.008226,0.020517,0.05144,0.000037,0.186403,0.09094,0.022006
GGCTTCTCGTGGGTGG-1,0.000043,0.01708,0.000043,0.041696,0.472615,0.000043,0.000043,0.003364,0.004211,0.000043,0.460729,0.000043,0.000043
GGCTTGGCTCTCACCT-1,0.000024,0.083408,0.032352,0.076584,0.110079,0.081223,0.110233,0.048679,0.095555,0.063468,0.067419,0.079177,0.1518
GGCTTTCAATAAGGGT-1,0.000179,0.000179,0.386177,0.000179,0.245514,0.000179,0.000179,0.264777,0.033368,0.000179,0.000179,0.068729,0.000179
GGGAAAGAATGCCAAC-1,0.00001,0.00424,0.003773,0.073698,0.007961,0.011011,0.025027,0.370885,0.221682,0.003901,0.000908,0.202618,0.074286
GGGAACCACCTGTTTC-1,0.000026,0.958442,0.041277,0.000026,0.000026,0.000026,0.000026,0.000026,0.000026,0.000026,0.000026,0.000026,0.000026
GGGAACGGGAGGTTAG-1,0.000049,0.000049,0.000049,0.152768,0.477866,0.031088,0.000049,0.009595,0.003564,0.000049,0.298724,0.01249,0.013661
GGGAACGGTTTCAGAT-1,0.000145,0.000145,0.06852,0.666691,0.263337,0.000145,0.000145,0.000145,0.000145,0.000145,0.000145,0.000145,0.000145
GGGAAGACGGTCTGTC-1,0.000069,0.000069,0.039695,0.857352,0.102261,0.000069,0.000069,0.000069,0.000069,0.000069,0.000069,0.000069,0.000069
GGGAAGGGCTTTCTCA-1,0.000106,0.000106,0.312399,0.483153,0.203391,0.000106,0.000106,0.000106,0.000106,0.000106,0.000106,0.000106,0.000106
GGGAATGAGCCCTCAC-1,0.000022,0.002446,0.0418,0.118459,0.099384,0.104487,0.0596,0.082967,0.086673,0.286263,0.072397,0.024734,0.020769
GGGAATTCTGTCCAGT-1,0.000019,0.140123,0.000019,0.033637,0.055727,0.081605,0.168613,0.086074,0.013466,0.162807,0.044746,0.103102,0.110061
GGGACAGAGTTACTCC-1,0.000123,0.000123,0.064555,0.934096,0.000123,0.000123,0.000123,0.000123,0.000123,0.000123,0.000123,0.000123,0.000123
GGGACCCGTATATCTT-1,0.000105,0.000105,0.119692,0.823615,0.055643,0.000105,0.000105,0.000105,0.000105,0.000105,0.000105,0.000105,0.000105
GGGACTGCATAGATAG-1,0.00003,0.04169,0.020727,0.101453,0.14618,0.055862,0.00003,0.003031,0.034513,0.055213,0.379887,0.039454,0.121929
GGGAGAACTCACAGTA-1,0.000016,0.018091,0.003668,0.061382,0.204114,0.114577,0.012275,0.020214,0.064115,0.028692,0.276063,0.088149,0.108643
GGGAGCGACCGTAGTG-1,0.000015,0.000015,0.000015,0.071788,0.231383,0.005353,0.002539,0.638356,0.014787,0.000015,0.009813,0.0159,0.010021
GGGAGGATGCCCGAAA-1,0.000012,0.000126,0.000012,0.016333,0.070086,0.164788,0.010482,0.06208,0.183002,0.051329,0.360389,0.021424,0.059936
GGGAGTAATGGCTGGC-1,0.000046,0.327189,0.195597,0.298831,0.152459,0.01659,0.000046,0.000046,0.000046,0.007137,0.001922,0.000046,0.000046
GGGAGTTAATGAGGCG-1,0.000014,0.018963,0.000014,0.00607,0.07135,0.097381,0.073168,0.125351,0.148204,0.042332,0.245145,0.138104,0.033906
GGGATACGGTAATAAT-1,0.000208,0.177246,0.000014,0.000014,0.000014,0.039931,0.391779,0.131542,0.222162,0.024125,0.002717,0.004122,0.006126
GGGATATTGATCGCCA-1,0.000035,0.000035,0.000035,0.10723,0.382219,0.000046,0.020432,0.289506,0.058123,0.001856,0.017505,0.122292,0.000686
GGGATCCCAATACAAA-1,0.000004,0.000908,0.005694,0.071341,0.006444,0.163453,0.137932,0.021216,0.03051,0.027571,0.052777,0.367453,0.114696
GGGATGGACCCGCGTC-1,0.000606,0.000606,0.505838,0.000606,0.000606,0.000606,0.000606,0.4875,0.000606,0.000606,0.000606,0.000606,0.000606
GGGATGGTCGTAACCG-1,0.000015,0.000015,0.000015,0.007486,0.017768,0.110491,0.009133,0.139802,0.227767,0.002437,0.083499,0.292675,0.108897
GGGATTATCTCACAAC-1,0.000036,0.483485,0.30621,0.000036,0.093142,0.000036,0.024664,0.013642,0.000036,0.074431,0.000036,0.002033,0.002212
GGGATTTACCGCACCT-1,0.000032,0.000032,0.000032,0.038655,0.178162,0.016253,0.019844,0.142299,0.298495,0.008257,0.159923,0.106224,0.031792
GGGCAACCGCACGTGC-1,0.000034,0.000034,0.000034,0.627659,0.000034,0.003787,0.140686,0.179308,0.041483,0.000034,0.000034,0.006842,0.000034
GGGCACGAATTGGCCG-1,0.000014,0.048472,0.000227,0.034987,0.032353,0.162247,0.174582,0.177847,0.079103,0.104643,0.030894,0.028654,0.125976
GGGCACGTAGTACTGT-1,0.000019,0.013893,0.000019,0.041255,0.021944,0.029506,0.020234,0.516834,0.27676,0.023662,0.037238,0.00979,0.008846
GGGCACTATTGACCAT-1,0.000285,0.000285,0.582063,0.208073,0.000285,0.000285,0.000285,0.207015,0.000285,0.000285,0.000285,0.000285,0.000285
GGGCAGACGTCACTGC-1,0.000023,0.000023,0.000023,0.015793,0.070031,0.197235,0.002959,0.139846,0.246187,0.007373,0.242439,0.060537,0.017532
GGGCAGAGCAATCGTT-1,0.003488,0.000247,0.205296,0.518053,0.039058,0.232126,0.000247,0.000247,0.000247,0.000247,0.000247,0.000247,0.000247
GGGCAGGATTTCTGTG-1,0.00045,0.00045,0.475175,0.00045,0.089255,0.00045,0.00045,0.431071,0.00045,0.00045,0.00045,0.00045,0.00045
GGGCAGTCAACGCCAA-1,0.000009,0.000009,0.000009,0.053067,0.054699,0.007923,0.017664,0.628068,0.103254,0.001771,0.015948,0.078282,0.039294
GGGCATGCATGTCGAG-1,0.000021,0.000021,0.000021,0.07968,0.172012,0.010975,0.01073,0.313097,0.225328,0.019764,0.084024,0.048362,0.035966
GGGCCATTCGTGCTGG-1,0.000179,0.000179,0.000179,0.668524,0.329504,0.000179,0.000179,0.000179,0.000179,0.000179,0.000179,0.000179,0.000179
GGGCCCGTCTTAAACA-1,0.00002,0.017171,0.007158,0.094733,0.298976,0.031621,0.003822,0.161401,0.115909,0.005791,0.247084,0.015271,0.001042
GGGCCCTACGAAAGGG-1,0.000023,0.012471,0.000023,0.050882,0.341169,0.117453,0.00377,0.004975,0.063023,0.062402,0.290584,0.024176,0.02905
GGGCCCTTATCTATAC-1,0.000026,0.053302,0.006416,0.015627,0.159815,0.402665,0.082455,0.030783,0.034399,0.032638,0.071497,0.042547,0.067828
GGGCCGGCCGAAGTAC-1,0.00002,0.039119,0.00002,0.027332,0.122304,0.196977,0.012382,0.075669,0.192534,0.014493,0.251835,0.03724,0.030077
GGGCCTAAATGGGCTA-1,0.000026,0.000026,0.000026,0.066231,0.428227,0.007278,0.004192,0.037528,0.116801,0.013509,0.26861,0.044768,0.01278
GGGCCTATACAACCGG-1,0.000018,0.000018,0.026328,0.098675,0.167922,0.130667,0.042262,0.01423,0.023059,0.04361,0.397901,0.024409,0.0309
GGGCCTATTTAAGTAT-1,0.000031,0.030191,0.01233,0.084341,0.353741,0.019779,0.042799,0.009247,0.006963,0.163405,0.175542,0.059473,0.042158
GGGCGAATTTCTCCAC-1,0.000029,0.513081,0.013128,0.151095,0.000029,0.022581,0.055216,0.1129,0.129089,0.002764,0.000029,0.000029,0.000029
GGGCGATATGTGTGAA-1,0.000014,0.000014,0.000014,0.036647,0.009724,0.39134,0.010953,0.018068,0.018609,0.011108,0.063076,0.326401,0.114033
GGGCGATCCATAGGCC-1,0.000219,0.000219,0.300186,0.652153,0.045469,0.000219,0.000219,0.000219,0.000219,0.000219,0.000219,0.000219,0.000219
GGGCGCAGCGTTACTC-1,0.000021,0.000021,0.000021,0.108411,0.062125,0.102654,0.112972,0.007401,0.065335,0.007185,0.172714,0.294176,0.066963
GGGCGGCAAATGAATT-1,0.000017,0.000017,0.000275,0.07744,0.182402,0.019541,0.023771,0.390543,0.190062,0.010546,0.054508,0.034219,0.016659
GGGCGGGTTCCCTACG-1,0.000036,0.024286,0.000036,0.118881,0.221296,0.044571,0.002008,0.071453,0.08274,0.026754,0.341167,0.066737,0.000036
GGGCGGTCCTATTGTC-1,0.000028,0.400898,0.057641,0.094273,0.020649,0.005921,0.028478,0.115071,0.000478,0.021658,0.008987,0.086432,0.159486
GGGCGTACATTTATAT-1,0.000033,0.000033,0.033827,0.06217,0.163427,0.315675,0.026281,0.034502,0.020482,0.118473,0.086504,0.043905,0.09469
GGGCGTCACCACGTAA-1,0.000057,0.000057,0.000057,0.069507,0.687959,0.008806,0.000057,0.10889,0.024544,0.039673,0.025168,0.035169,0.000057
GGGCGTCCACTGGCTC-1,0.000037,0.05407,0.112377,0.281464,0.14902,0.038317,0.024942,0.000037,0.002025,0.239142,0.088532,0.000037,0.010001
GGGCGTGGTTTCCCAG-1,0.000319,0.000319,0.165272,0.186893,0.549507,0.000319,0.000319,0.095455,0.000319,0.000319,0.000319,0.000319,0.000319
GGGCGTTTACATTCAT-1,0.000156,0.000156,0.215462,0.782822,0.000156,0.000156,0.000156,0.000156,0.000156,0.000156,0.000156,0.000156,0.000156
GGGCTACTATTTCGTG-1,0.000049,0.000049,0.000049,0.163719,0.257714,0.02973,0.000049,0.148291,0.065321,0.000049,0.334296,0.000049,0.000635
GGGCTATGATCGATGG-1,0.000107,0.000107,0.018029,0.48913,0.491774,0.000107,0.000107,0.000107,0.000107,0.000107,0.000107,0.000107,0.000107
GGGCTCATCGAACCCA-1,0.000028,0.079521,0.05434,0.107149,0.246021,0.075245,0.05157,0.012806,0.00099,0.195352,0.141976,0.005491,0.02951
GGGCTGCCTAGGGCGA-1,0.000021,0.000021,0.000021,0.013183,0.103971,0.09003,0.026234,0.098879,0.293314,0.038504,0.187747,0.08703,0.061048
GGGCTGGTTAGTCGCG-1,0.000027,0.014447,0.036377,0.019272,0.116336,0.111827,0.142266,0.051744,0.097149,0.059997,0.112777,0.097734,0.140047
GGGTAATGCTGTGTTT-1,0.000033,0.199799,0.129432,0.257264,0.000033,0.000033,0.128743,0.04451,0.001122,0.001916,0.000033,0.192829,0.04425
GGGTACACTCTGGAGG-1,0.000058,0.566472,0.432887,0.000058,0.000058,0.000058,0.000058,0.000058,0.000058,0.000058,0.000058,0.000058,0.000058
GGGTACCCACGGTCCT-1,0.000016,0.031101,0.036357,0.032401,0.05371,0.041586,0.450644,0.105006,0.054106,0.091577,0.055689,0.008831,0.038976
GGGTACTTCATGAACT-1,0.000036,0.000036,0.000036,0.044422,0.34043,0.049838,0.010428,0.011857,0.03615,0.034965,0.415513,0.037738,0.01855
GGGTATGTATGCACTT-1,0.000047,0.006312,0.034006,0.126372,0.312819,0.016111,0.062786,0.040709,0.036864,0.116369,0.097158,0.010432,0.140015
GGGTATTCTAGCAAAC-1,0.000028,0.000028,0.000028,0.2478,0.19876,0.004449,0.017792,0.468283,0.028473,0.000068,0.025557,0.008707,0.000028
GGGTCACCGTGACGGT-1,0.000674,0.000046,0.01119,0.022842,0.436356,0.167094,0.000046,0.005412,0.01596,0.078822,0.21729,0.039626,0.004639
GGGTCACGTGCTTATG-1,0.000021,0.002855,0.00936,0.037326,0.040982,0.092184,0.109372,0.098344,0.061901,0.282362,0.13315,0.097916,0.034226
GGGTCAGGAGCTAGAT-1,0.000069,0.023363,0.000069,0.534378,0.421955,0.000069,0.000069,0.00045,0.000069,0.016494,0.002874,0.000069,0.000069
GGGTCATGCGTACCAT-1,0.000034,0.048006,0.018319,0.08207,0.14342,0.029374,0.323836,0.118842,0.117009,0.069627,0.028316,0.00892,0.012227
GGGTCCTTGGAAGAAG-1,0.000064,0.000064,0.079659,0.894007,0.002569,0.000064,0.000064,0.000064,0.000064,0.000064,0.000064,0.023189,0.000064
GGGTCGTGGCAAGTGT-1,0.000014,0.000014,0.000014,0.017225,0.077391,0.039774,0.436996,0.067597,0.064422,0.017877,0.113348,0.060168,0.105161
GGGTGACACCTTAACT-1,0.000037,0.000037,0.000037,0.083641,0.354273,0.062563,0.005672,0.318176,0.117117,0.000037,0.041376,0.009513,0.007523
GGGTGCATATGAAAGC-1,0.000015,0.000015,0.011713,0.296144,0.027956,0.304224,0.039463,0.014318,0.023999,0.018982,0.148291,0.085945,0.028935
GGGTGGTCCAGCCTGT-1,0.000031,0.360667,0.400903,0.204695,0.000434,0.000031,0.000031,0.000031,0.000755,0.025031,0.000031,0.004578,0.002783
GGGTGTTTCAGCTATG-1,0.000014,0.023812,0.018387,0.045372,0.015304,0.163123,0.238642,0.15517,0.15282,0.162644,0.01414,0.004557,0.006015
GGGTTAACATTTGAGT-1,0.00008,0.00008,0.044843,0.851878,0.020571,0.00008,0.00008,0.001173,0.078108,0.00008,0.002864,0.00008,0.00008
GGGTTCAGACGAACAA-1,0.000012,0.055609,0.026965,0.057647,0.055075,0.042535,0.480711,0.053031,0.041838,0.023865,0.012494,0.044726,0.105492
GGGTTTAGGATAGGAT-1,0.000043,0.000043,0.000043,0.103551,0.314992,0.018483,0.00011,0.113048,0.235764,0.000043,0.191717,0.022118,0.000043
GGGTTTCCGGCTTCCA-1,0.000026,0.977886,0.021826,0.000026,0.000026,0.000026,0.000026,0.000026,0.000026,0.000026,0.000026,0.000026,0.000026
GGTAAACTCTGCGCTG-1,0.000096,0.000096,0.000096,0.547409,0.422968,0.000096,0.000096,0.000096,0.000096,0.000096,0.000096,0.028659,0.000096
GGTAAATGTGCGTTAC-1,0.000047,0.026528,0.50117,0.061687,0.389961,0.000047,0.000047,0.000047,0.000047,0.020276,0.000047,0.000047,0.000047
GGTAACCGGCAAAGGT-1,0.000781,0.292357,0.656168,0.031087,0.000027,0.000027,0.000027,0.019393,0.000027,0.000027,0.000027,0.000027,0.000027
GGTAACCGGGAGGATA-1,0.000116,0.000116,0.000116,0.843189,0.155531,0.000116,0.000116,0.000116,0.000116,0.000116,0.000116,0.000116,0.000116
GGTAACTATGTATCTG-1,0.000048,0.11976,0.10769,0.223585,0.145602,0.000048,0.23661,0.072107,0.007683,0.040744,0.045154,0.00005,0.000919
GGTACAAACATGCTAT-1,0.00028,0.021049,0.000018,0.175695,0.176998,0.039479,0.003503,0.14254,0.142146,0.024741,0.219102,0.037901,0.016549
GGTACACCAGATTTAT-1,0.000011,0.000011,0.00026,0.007009,0.013317,0.268789,0.183571,0.037305,0.135813,0.050663,0.064629,0.111298,0.127324
GGTACATCTGGGACGA-1,0.000519,0.009553,0.000035,0.018085,0.282547,0.096515,0.000035,0.023001,0.027545,0.130106,0.282053,0.010883,0.119121
GGTACCATTAAGACGG-1,0.00001,0.00001,0.000294,0.003309,0.004533,0.50154,0.038671,0.014225,0.134897,0.021894,0.113915,0.073122,0.093579
GGTACGTTGCGGCCGG-1,0.000094,0.000094,0.067561,0.713257,0.21824,0.000094,0.000094,0.000094,0.000094,0.000094,0.000094,0.000094,0.000094
GGTACTAAGTGCTTTG-1,0.000171,0.000171,0.02197,0.594044,0.198125,0.000171,0.040123,0.077795,0.066743,0.000171,0.000171,0.000171,0.000171
GGTAGAAGACCGCCTG-1,0.000045,0.060445,0.007532,0.780083,0.034283,0.000045,0.000045,0.000045,0.000045,0.000878,0.00342,0.07421,0.038925
GGTAGACCGTTGGGCG-1,0.000073,0.000073,0.000073,0.212371,0.55806,0.000073,0.000073,0.088064,0.128344,0.000073,0.000073,0.012574,0.000073
GGTAGGCCAATATCAC-1,0.000019,0.000019,0.000019,0.032295,0.249759,0.022788,0.027271,0.126091,0.31697,0.002573,0.085678,0.113962,0.022558
GGTAGTGCTCGCACCA-1,0.000024,0.005252,0.002328,0.057469,0.146084,0.232104,0.002884,0.048111,0.076727,0.007507,0.36113,0.037467,0.022913
GGTATAGTGACACATA-1,0.000026,0.000026,0.000611,0.040667,0.115017,0.14596,0.050624,0.003338,0.016328,0.066357,0.319638,0.221849,0.01956
GGTATCAAGCATAGAA-1,0.00002,0.792075,0.207709,0.00002,0.00002,0.00002,0.00002,0.00002,0.00002,0.00002,0.00002,0.00002,0.00002
GGTATGAAAGAACTGA-1,0.000196,0.000012,0.000013,0.027383,0.108703,0.291809,0.049463,0.048074,0.043491,0.062035,0.096449,0.053033,0.219338
GGTATTGCCGAGTTTA-1,0.000041,0.000041,0.000041,0.089839,0.207624,0.030173,0.019827,0.05416,0.009989,0.046593,0.430087,0.044877,0.066706
GGTCAAGACTACTTCG-1,0.000117,0.029808,0.025479,0.912272,0.031385,0.000117,0.000117,0.000117,0.000117,0.000117,0.000117,0.000117,0.000117
GGTCACGTTAGATTCA-1,0.000036,0.286241,0.258008,0.158567,0.004119,0.001217,0.185608,0.056363,0.000036,0.021065,0.000036,0.00662,0.022084
GGTCAGTGGGTCCCAC-1,0.000039,0.000039,0.000039,0.393063,0.092451,0.047704,0.01086,0.341112,0.077963,0.02026,0.016392,0.000039,0.000039
GGTCATTGTAGTCATA-1,0.000017,0.000017,0.001823,0.065842,0.183003,0.090662,0.004094,0.004296,0.002555,0.029912,0.117766,0.200027,0.299989
GGTCCACGTCTATTTG-1,0.00003,0.00003,0.00003,0.133476,0.191999,0.00003,0.058876,0.391758,0.150895,0.002324,0.012559,0.043001,0.014993
GGTCCCATAACATAGA-1,0.000293,0.066846,0.00159,0.04193,0.061043,0.035885,0.26949,0.023239,0.035216,0.046862,0.081415,0.265179,0.071012
GGTCCTTCATACGACT-1,0.001127,0.550209,0.09263,0.095679,0.027514,0.005269,0.039835,0.000039,0.000039,0.174587,0.000039,0.000039,0.012995
GGTCGGATAAACGGCG-1,0.000008,0.040743,0.002199,0.001649,0.028703,0.118018,0.318637,0.061863,0.200071,0.063178,0.101118,0.056096,0.007716
GGTCGGCCAGGAGCTT-1,0.000019,0.000019,0.000019,0.069463,0.324448,0.163075,0.004138,0.013564,0.0194,0.048745,0.286082,0.020649,0.05038
GGTCGGTAATTAGACA-1,0.000046,0.032038,0.284139,0.194163,0.114277,0.007614,0.051868,0.011249,0.029931,0.197315,0.00433,0.000046,0.072984
GGTCGGTCGTCCACAG-1,0.000131,0.000131,0.000131,0.656703,0.341855,0.000131,0.000131,0.000131,0.000131,0.000131,0.000131,0.000131,0.000131
GGTCGTAAGCTCGCAC-1,0.000427,0.000026,0.000026,0.011805,0.181802,0.107468,0.014841,0.272493,0.212044,0.019539,0.102431,0.064651,0.012447
GGTCTCCAAGTAGTGC-1,0.000039,0.000039,0.000039,0.179867,0.000039,0.000039,0.014787,0.516521,0.217725,0.000039,0.000039,0.062395,0.008433
GGTCTCCGTCCAGGTT-1,0.000296,0.000296,0.223333,0.596609,0.06724,0.000296,0.000296,0.110154,0.000296,0.000296,0.000296,0.000296,0.000296
GGTCTCTGAATGGACT-1,0.00064,0.000043,0.000043,0.307145,0.131837,0.016557,0.015737,0.259976,0.142527,0.000043,0.000043,0.06839,0.057019
GGTCTGAGAATCTGGA-1,0.000012,0.081263,0.000012,0.001648,0.009712,0.385214,0.04907,0.038388,0.113471,0.017043,0.225829,0.048475,0.029864
GGTCTTGAGCGCTCTT-1,0.000057,0.000057,0.006525,0.399451,0.316304,0.001527,0.002794,0.129223,0.000057,0.000057,0.040545,0.06089,0.042512
GGTCTTGGTGTTAACT-1,0.000046,0.160572,0.709481,0.011284,0.000301,0.000046,0.02294,0.000046,0.000046,0.000046,0.000046,0.065471,0.029674
GGTGAAACCGGGAATG-1,0.000022,0.259458,0.568695,0.077711,0.000022,0.027238,0.00397,0.04723,0.005328,0.000022,0.000022,0.000022,0.010259
GGTGAACGGGCTAGCC-1,0.000026,0.414128,0.075203,0.048669,0.047494,0.045479,0.272029,0.017671,0.004378,0.029218,0.00086,0.000026,0.04482
GGTGAAGTACAGGGAT-1,0.000026,0.000026,0.000026,0.030969,0.129248,0.049869,0.021955,0.100189,0.455024,0.051457,0.128435,0.008932,0.023845
GGTGAGATGCAGATAA-1,0.000843,0.031968,0.08782,0.083594,0.182929,0.031233,0.099903,0.046196,0.02018,0.326025,0.076861,0.007666,0.004783
GGTGATAAGGAGCAGT-1,0.000023,0.020141,0.000023,0.029783,0.1392,0.051834,0.032663,0.136407,0.30133,0.034148,0.235603,0.010862,0.007983
GGTGATGAAGGAAGTG-1,0.000039,0.000039,0.034972,0.056944,0.211881,0.042215,0.022792,0.00718,0.044229,0.328385,0.08321,0.015121,0.152995
GGTGATTTCATCTTGT-1,0.000064,0.336167,0.38369,0.033036,0.246528,0.000064,0.000064,0.000064,0.000064,0.000064,0.000064,0.000064,0.000064
GGTGCAGAGCCTATCG-1,0.000013,0.08099,0.021859,0.016964,0.040308,0.071544,0.423725,0.084515,0.131233,0.053393,0.039775,0.01785,0.017831
GGTGCATAAATGATTA-1,0.000021,0.033614,0.000021,0.31046,0.216717,0.001333,0.006612,0.218926,0.038552,0.004497,0.02764,0.1366,0.005007
GGTGCGGATAAGTGGC-1,0.000035,0.582879,0.020914,0.135833,0.007555,0.038866,0.017803,0.002135,0.015168,0.106822,0.04546,0.024665,0.001866
GGTGCTGATCACAAAG-1,0.000028,0.012321,0.015175,0.047526,0.399306,0.053959,0.10583,0.043998,0.009416,0.120486,0.066142,0.082085,0.043729
GGTGCTGGTACACATT-1,0.000047,0.000047,0.000047,0.105509,0.0119,0.11989,0.00033,0.065562,0.331154,0.000047,0.332306,0.027699,0.00546
GGTGGACCACGTGTTA-1,0.000021,0.011163,0.001424,0.010156,0.234112,0.038341,0.250124,0.043379,0.143502,0.163445,0.090334,0.008486,0.005513
GGTGGACTGCTCTGGC-1,0.00009,0.00009,0.141459,0.857548,0.00009,0.00009,0.00009,0.00009,0.00009,0.00009,0.00009,0.00009,0.00009
GGTGGAGGTTGATACG-1,0.000375,0.00002,0.00002,0.02711,0.019614,0.018324,0.086483,0.144934,0.363122,0.013974,0.035744,0.271047,0.019232
GGTGGGATTAGGTCCC-1,0.000022,0.014822,0.016221,0.041347,0.242196,0.003724,0.025046,0.241652,0.0627,0.009631,0.231621,0.090993,0.020024
GGTGTAAATCGATTGT-1,0.000015,0.000015,0.000015,0.067037,0.230986,0.038683,0.016665,0.409929,0.119646,0.01412,0.035801,0.034459,0.032631
GGTGTAGGTAAGTAAA-1,0.000018,0.000018,0.000018,0.170308,0.256937,0.030353,0.008681,0.339752,0.074119,0.001134,0.054187,0.048583,0.01589
GGTGTTCTGTTTCTAC-1,0.000057,0.503487,0.217659,0.03421,0.144743,0.000057,0.000057,0.000057,0.000057,0.099447,0.000057,0.000057,0.000057
GGTGTTGGGCGTCTTA-1,0.000053,0.000053,0.000053,0.204529,0.262219,0.000053,0.000053,0.183611,0.010552,0.000053,0.031192,0.303976,0.003606
GGTTACCACCCTCGGG-1,0.000039,0.000039,0.000039,0.027203,0.223364,0.022929,0.016599,0.111028,0.222397,0.013861,0.299746,0.046979,0.015777
GGTTACCCGACACTTT-1,0.000037,0.000037,0.016139,0.040656,0.565301,0.013519,0.000037,0.007897,0.020261,0.035021,0.290181,0.007742,0.003171
GGTTACCGCTCCCTAC-1,0.000033,0.000033,0.000033,0.058144,0.313593,0.000304,0.014145,0.076231,0.02167,0.001851,0.231723,0.282206,0.000033
GGTTAGCTATATGTCT-1,0.000046,0.000046,0.000046,0.20753,0.273466,0.028257,0.000046,0.255884,0.078973,0.074185,0.024341,0.051001,0.006181
GGTTAGGCTTGGAGAA-1,0.000014,0.068084,0.003226,0.10394,0.019723,0.22154,0.024625,0.052542,0.012186,0.037691,0.052551,0.157426,0.24645
GGTTAGGGATGCTAAT-1,0.000021,0.000021,0.006596,0.220003,0.056201,0.004262,0.038193,0.399968,0.066024,0.009788,0.018653,0.153593,0.026677
GGTTAGTTACGGCGCC-1,0.00004,0.062444,0.038385,0.12998,0.173513,0.10165,0.021944,0.029536,0.002803,0.261002,0.045815,0.01256,0.120327
GGTTCCACCCGCTTCT-1,0.000057,0.115654,0.462775,0.015077,0.389094,0.000057,0.000057,0.000057,0.000057,0.00546,0.011545,0.000057,0.000057
GGTTCCCTAGTGTCTC-1,0.000008,0.000008,0.000008,0.011265,0.073033,0.043898,0.014298,0.015742,0.123725,0.013041,0.573059,0.124132,0.007781
GGTTCCGTACGACTAA-1,0.000015,0.050088,0.000015,0.067782,0.041766,0.015633,0.026906,0.077334,0.268691,0.011098,0.200544,0.197486,0.042642
GGTTCGATGCTGAGTT-1,0.000023,0.017023,0.05338,0.03232,0.169964,0.160998,0.062706,0.04451,0.032786,0.081999,0.193779,0.008992,0.14152
GGTTCGCATTTGCCGT-1,0.000039,0.000039,0.000039,0.263724,0.252155,0.012643,0.003226,0.042966,0.308952,0.002357,0.069663,0.044159,0.000039
GGTTCGGATTATACTA-1,0.000047,0.00212,0.000047,0.000047,0.500425,0.000047,0.000047,0.009404,0.000047,0.351967,0.096421,0.038951,0.000429
GGTTCTACTCGTCTGA-1,0.000026,0.000026,0.020032,0.063011,0.102381,0.223614,0.000026,0.004174,0.134931,0.103517,0.171303,0.117101,0.059858
GGTTGTATCGTGAAAT-1,0.000031,0.435122,0.414884,0.083957,0.004456,0.000031,0.016964,0.000031,0.000031,0.042071,0.0004,0.000031,0.001989
GGTTGTGCTCTTGTCC-1,0.000026,0.023229,0.031135,0.073515,0.029454,0.102563,0.006881,0.027492,0.029416,0.021014,0.156296,0.155845,0.343135
GGTTGTGTAGCCTGGC-1,0.000042,0.026603,0.005472,0.156685,0.251942,0.254557,0.038949,0.000042,0.003388,0.081168,0.16784,0.008153,0.00516
GGTTTAATTACCATCG-1,0.000074,0.014609,0.354599,0.596515,0.033615,0.000074,0.000074,0.000074,0.000074,0.000074,0.000074,0.000074,0.000074
GGTTTAATTGAGCAGG-1,0.000775,0.005547,0.033822,0.100073,0.266158,0.044309,0.006544,0.00482,0.002397,0.060086,0.286539,0.095626,0.093304
GGTTTACAATCTCAAT-1,0.000039,0.022091,0.000039,0.08775,0.500195,0.087732,0.000039,0.000039,0.000039,0.11446,0.152616,0.006597,0.028362
GGTTTAGCCTTTCTTG-1,0.001013,0.000041,0.076487,0.001443,0.027456,0.000041,0.000644,0.360484,0.010718,0.000041,0.070489,0.04075,0.410393
GGTTTCAATCGGTCAG-1,0.000017,0.060796,0.001369,0.005079,0.040816,0.181359,0.333014,0.126738,0.055004,0.032452,0.035895,0.020939,0.106523
GGTTTGACAAGAAGCT-1,0.000014,0.000781,0.047818,0.128746,0.081195,0.270812,0.104199,0.094651,0.047008,0.050459,0.060772,0.065682,0.047863
GGTTTGAGTGCTGGAA-1,0.00675,0.100771,0.00408,0.004709,0.007264,0.063468,0.308612,0.168273,0.09299,0.07852,0.006128,0.043203,0.115232
GGTTTGCGAACACGTA-1,0.000017,0.003548,0.008469,0.018218,0.349928,0.036761,0.003659,0.000077,0.000026,0.057137,0.439715,0.049086,0.033358
GTAACAACTGACCTTG-1,0.000014,0.000014,0.015123,0.019704,0.146231,0.102746,0.026232,0.00433,0.020174,0.041491,0.202514,0.134322,0.287105
GTAACAGGTTAACGGC-1,0.000022,0.000022,0.000022,0.019167,0.41452,0.002238,0.015004,0.020097,0.143191,0.010127,0.29347,0.068575,0.013545
GTAACATCAGCTCATC-1,0.000012,0.001264,0.02671,0.05135,0.023547,0.441448,0.125089,0.074151,0.099459,0.051806,0.023339,0.044124,0.0377
GTAACATCTAAGATAA-1,0.000076,0.000076,0.331992,0.667176,0.000076,0.000076,0.000076,0.000076,0.000076,0.000076,0.000076,0.000076,0.000076
GTAACTACGTAGACCT-1,0.000054,0.03938,0.000054,0.10478,0.441751,0.000054,0.004953,0.342337,0.039163,0.000088,0.02728,0.000054,0.000054
GTAACTGCCCAAGGAG-1,0.000044,0.005491,0.052001,0.513137,0.179449,0.000044,0.00692,0.145295,0.07968,0.000602,0.015378,0.001916,0.000045
GTAACTTGCGGCAGTC-1,0.00002,0.490254,0.002741,0.00002,0.00002,0.028931,0.193938,0.231249,0.030656,0.010689,0.00002,0.001671,0.009792
GTAAGCGGGCAGTCAG-1,0.000336,0.040674,0.000021,0.032258,0.153797,0.421019,0.031813,0.008124,0.009202,0.097617,0.146096,0.017847,0.041197
GTAAGGATTTGTCGGA-1,0.000805,0.188639,0.155869,0.09971,0.062102,0.0144,0.327436,0.035376,0.020484,0.041697,0.000028,0.012554,0.040901
GTAAGTAACAGTCTGG-1,0.000735,0.018423,0.000033,0.154144,0.328873,0.070662,0.027434,0.023336,0.11386,0.008883,0.14223,0.081116,0.03027
GTAAGTAGGGTATACC-1,0.000025,0.020865,0.008587,0.116386,0.063332,0.183203,0.018884,0.008133,0.006883,0.090654,0.424391,0.008513,0.050145
GTAAGTCCACACTCTA-1,0.000025,0.000025,0.000025,0.078634,0.004556,0.144164,0.046132,0.170139,0.139462,0.000025,0.057811,0.347466,0.011534
GTAATAAAGGGCTCCC-1,0.000004,0.000004,0.000004,0.000004,0.000042,0.734262,0.037036,0.010251,0.109794,0.003028,0.065625,0.023688,0.016259
GTAATCTGATTCTTCG-1,0.000029,0.013982,0.000029,0.109912,0.052472,0.012814,0.002405,0.17128,0.057122,0.000029,0.038253,0.530885,0.010787
GTACACTTACCTGAAG-1,0.000385,0.000026,0.000795,0.115554,0.196957,0.134316,0.011556,0.076894,0.113028,0.081414,0.199377,0.01675,0.052947
GTACAGAGGCAAGGGT-1,0.00003,0.027779,0.00003,0.114034,0.322827,0.00558,0.002284,0.008818,0.067842,0.014108,0.352541,0.082558,0.001569
GTACGACGGCGCTGCG-1,0.000018,0.539504,0.000018,0.014121,0.000018,0.000467,0.127286,0.071352,0.002154,0.000018,0.000018,0.188711,0.056316
GTACGAGATTGCGACA-1,0.000015,0.014539,0.000015,0.000015,0.000015,0.751405,0.078264,0.010747,0.034913,0.027782,0.019141,0.004702,0.058446
GTACGCTTCATTGCAC-1,0.000056,0.000056,0.000056,0.484021,0.004209,0.009202,0.054056,0.256393,0.102044,0.000056,0.000056,0.037238,0.052556
GTACGTCACGTATTAA-1,0.000017,0.072329,0.018096,0.076714,0.139506,0.088472,0.300886,0.048404,0.032035,0.107942,0.044345,0.057116,0.014138
GTACGTTTGCCCGTCA-1,0.000032,0.000762,0.000032,0.127875,0.093551,0.081264,0.035222,0.253313,0.354176,0.010425,0.027327,0.01045,0.00557
GTACTAAGATTTGGAG-1,0.000015,0.000015,0.000015,0.006054,0.002248,0.459605,0.04276,0.020957,0.037767,0.010965,0.100133,0.18953,0.129936
GTACTACGGCCTCGTT-1,0.000016,0.000016,0.000016,0.013529,0.012221,0.028549,0.024439,0.059224,0.392093,0.010772,0.054124,0.278899,0.126102
GTACTCCCTTATCGCT-1,0.002063,0.000052,0.049014,0.072775,0.472884,0.032736,0.000052,0.000052,0.000052,0.02643,0.341762,0.000052,0.002077
GTACTCCTGGGTATGC-1,0.000019,0.013388,0.018559,0.114721,0.077853,0.015642,0.056015,0.013154,0.002434,0.042122,0.019172,0.134539,0.492381
GTACTGAGGTCGTAAC-1,0.000048,0.10273,0.10511,0.168061,0.300943,0.000048,0.140667,0.052188,0.001648,0.099669,0.028792,0.000048,0.000048
GTACTGCATGAAGCGT-1,0.000881,0.390561,0.102274,0.045271,0.096465,0.08605,0.004407,0.020469,0.083355,0.145709,0.016893,0.003544,0.004119
GTACTGGAGTTAGACC-1,0.000011,0.000011,0.000011,0.000011,0.0011,0.402192,0.019702,0.021926,0.295071,0.016388,0.219822,0.013566,0.010189
GTACTTGGGCACTTCT-1,0.000038,0.006474,0.121386,0.081958,0.205281,0.07281,0.111419,0.105824,0.00052,0.176316,0.089688,0.000038,0.028248
GTAGAAACGGGTGGAG-1,0.000966,0.116251,0.000232,0.165583,0.125306,0.039447,0.021987,0.004242,0.002657,0.03855,0.165887,0.03866,0.280232
GTAGACAACCGATGAA-1,0.00002,0.759291,0.021731,0.119839,0.044047,0.009535,0.00002,0.00002,0.00002,0.043186,0.002253,0.00002,0.00002
GTAGACACGCCTGACT-1,0.00006,0.026301,0.051764,0.289033,0.63236,0.00006,0.00006,0.00006,0.00006,0.00006,0.00006,0.00006,0.00006
GTAGACGTCGTTACAT-1,0.000032,0.107207,0.026611,0.048592,0.059033,0.009589,0.336351,0.208597,0.064741,0.089638,0.045457,0.000032,0.004122
GTAGAGGGAGACAAGT-1,0.000016,0.000016,0.000016,0.064096,0.02981,0.0048,0.029802,0.595812,0.25575,0.000678,0.011379,0.004674,0.003151
GTAGCCAAACATGGGA-1,0.000041,0.000041,0.071416,0.73594,0.038926,0.000773,0.000041,0.103722,0.013413,0.003941,0.000041,0.000041,0.031665
GTAGCGCTGTTGTAGT-1,0.001438,0.189533,0.294148,0.290301,0.010274,0.000041,0.008726,0.000041,0.000041,0.205331,0.000041,0.000041,0.000041
GTAGCGGCTATACACT-1,0.000028,0.000028,0.000028,0.091954,0.149042,0.040619,0.010129,0.11349,0.175504,0.016987,0.190442,0.16859,0.043159
GTAGCTAGTAAGCGCG-1,0.000049,0.814736,0.03156,0.000049,0.153211,0.000049,0.000049,0.000049,0.000049,0.000049,0.000049,0.000049,0.000049
GTAGCTCCGGGAGGCT-1,0.000061,0.000061,0.095443,0.903885,0.000061,0.000061,0.000061,0.000061,0.000061,0.000061,0.000061,0.000061,0.000061
GTAGCTTCCTCTTGTT-1,0.000017,0.000017,0.000017,0.016379,0.014161,0.328286,0.041348,0.054234,0.067559,0.052642,0.058629,0.04092,0.325791
GTAGGTGATCCGTGTA-1,0.00003,0.153951,0.006327,0.005723,0.198154,0.071864,0.065243,0.013093,0.027156,0.389727,0.059442,0.000852,0.008438
GTAGTCGCGGGAATCA-1,0.000047,0.000047,0.000047,0.225489,0.428514,0.000047,0.002877,0.296401,0.037716,0.000047,0.003489,0.000047,0.005229
GTAGTCTACGATATTG-1,0.000204,0.000204,0.15201,0.598664,0.247291,0.000204,0.000204,0.000204,0.000204,0.000204,0.000204,0.000204,0.000204
GTAGTGAGCAACCTCA-1,0.000033,0.000033,0.000033,0.246631,0.088073,0.000033,0.014597,0.473574,0.06077,0.000905,0.000033,0.07163,0.043657
GTAGTTAGACAATATA-1,0.000011,0.000011,0.000011,0.003434,0.521639,0.000011,0.000011,0.000011,0.000011,0.000011,0.47482,0.000011,0.000011
GTAGTTCGAAGGCGAA-1,0.000064,0.018462,0.003821,0.719896,0.245187,0.000064,0.000064,0.000064,0.000064,0.000064,0.000064,0.012126,0.000064
GTAGTTTAAGCACACG-1,0.000015,0.000015,0.018435,0.112927,0.000952,0.008996,0.083994,0.555987,0.134222,0.000184,0.003194,0.077345,0.003732
GTATAATCTCCCGGAT-1,0.000018,0.821493,0.011543,0.000018,0.000018,0.0493,0.033701,0.038832,0.02392,0.000784,0.000018,0.003752,0.016602
GTATAGGACTCAGTAG-1,0.000027,0.123915,0.000027,0.030996,0.085007,0.113196,0.110522,0.045017,0.104408,0.208417,0.146492,0.006616,0.025359
GTATAGTGGCCCATGT-1,0.000017,0.042882,0.06845,0.000017,0.000017,0.053837,0.791857,0.002552,0.002337,0.00729,0.005808,0.013776,0.011162
GTATATGTTACGGCGG-1,0.000029,0.292282,0.603904,0.103526,0.000029,0.000029,0.000029,0.000029,0.000029,0.000029,0.000029,0.000029,0.000029
GTATCAAGGTACTTCC-1,0.000016,0.000016,0.000016,0.057385,0.040552,0.045528,0.00973,0.262362,0.445999,0.000184,0.112299,0.023192,0.00272
GTATCAGCTTGGGTTC-1,0.00004,0.00004,0.001867,0.078438,0.115224,0.015002,0.091061,0.046733,0.139002,0.46258,0.045368,0.00004,0.004605
GTATCCTTTGGTAACC-1,0.000158,0.000158,0.000158,0.416675,0.581584,0.000158,0.000158,0.000158,0.000158,0.000158,0.000158,0.000158,0.000158
GTATCGGGACGAGCTG-1,0.000029,0.605616,0.394071,0.000029,0.000029,0.000029,0.000029,0.000029,0.000029,0.000029,0.000029,0.000029,0.000029
GTATCTCAGTCTTGAC-1,0.000079,0.13706,0.021289,0.574172,0.021634,0.000079,0.000079,0.060109,0.078909,0.000079,0.000079,0.106354,0.000079
GTATCTCCCTAACTGT-1,0.000023,0.797322,0.162573,0.011676,0.028225,0.000023,0.000023,0.000023,0.000023,0.000023,0.000023,0.000023,0.000023
GTATCTCGGGCGCTTT-1,0.001207,0.000082,0.075111,0.244792,0.666281,0.000082,0.000082,0.01137,0.000082,0.000082,0.000082,0.000666,0.000082
GTATCTTGTTGCTCAC-1,0.000021,0.60896,0.058206,0.000021,0.000021,0.098243,0.159381,0.013825,0.009223,0.010162,0.008781,0.015638,0.017517
GTATCTTTCATAACCA-1,0.000032,0.000032,0.000032,0.402885,0.046128,0.000032,0.001554,0.328922,0.146423,0.000032,0.006703,0.049767,0.017458
GTATGAAATTTCACTC-1,0.000019,0.000019,0.000019,0.029203,0.090304,0.002717,0.019071,0.671628,0.158654,0.007102,0.005824,0.013428,0.002013
GTATGACGTGGGAAAC-1,0.000343,0.345835,0.218476,0.044445,0.000017,0.071001,0.111508,0.117811,0.049815,0.003508,0.000017,0.001067,0.036156
GTATGTGGGTCTAGTT-1,0.000009,0.000009,0.000009,0.000009,0.000009,0.296334,0.046434,0.015786,0.419682,0.006491,0.163317,0.048748,0.003161
GTATTAAGGCGTCTAA-1,0.00002,0.030083,0.017811,0.108541,0.11754,0.042527,0.300201,0.126689,0.071684,0.116184,0.035021,0.024357,0.009343
GTATTAGGGTTCGCGT-1,0.000014,0.062649,0.003301,0.005729,0.057615,0.48815,0.100206,0.002129,0.03285,0.050215,0.107018,0.007716,0.082408
GTATTCTGAGAAACGA-1,0.000412,0.004433,0.00002,0.229483,0.089376,0.057834,0.023517,0.077284,0.048496,0.004451,0.059029,0.299123,0.106543
GTATTCTTACCGTGCT-1,0.000041,0.4613,0.427226,0.080026,0.03108,0.000041,0.000041,0.000041,0.000041,0.000041,0.000041,0.000041,0.000041
GTATTTAATGGCATAA-1,0.000074,0.000074,0.062338,0.936844,0.000074,0.000074,0.000074,0.000074,0.000074,0.000074,0.000074,0.000074,0.000074
GTCAAAGAAGTGGTGT-1,0.00009,0.00009,0.010034,0.69466,0.294405,0.00009,0.00009,0.00009,0.00009,0.00009,0.00009,0.00009,0.00009
GTCAAAGTTTACATAG-1,0.000048,0.39643,0.148414,0.200487,0.220077,0.000048,0.000048,0.000048,0.000048,0.034208,0.000048,0.000048,0.000048
GTCAACCAGGCCTATA-1,0.000104,0.049809,0.000104,0.213082,0.736069,0.000104,0.000104,0.000104,0.000104,0.000104,0.000104,0.000104,0.000104
GTCAAGCGGACTCGGG-1,0.000032,0.000032,0.000032,0.040987,0.261179,0.031394,0.004525,0.084512,0.128486,0.013648,0.13641,0.144155,0.15461
GTCAATGCTATAATTT-1,0.000006,0.000006,0.000674,0.001942,0.008659,0.45944,0.149131,0.032076,0.156344,0.023778,0.05565,0.065942,0.046354
GTCAATTGTACTGAAG-1,0.000016,0.586716,0.021984,0.003645,0.000016,0.011521,0.145758,0.144419,0.078031,0.005206,0.000016,0.001177,0.001494
GTCACAAAGTTTCCAA-1,0.000028,0.18979,0.143719,0.027441,0.134782,0.001596,0.263489,0.082664,0.010406,0.077654,0.01991,0.034661,0.01386
GTCACCTGTCTATGTC-1,0.000021,0.190131,0.047631,0.077402,0.015042,0.168695,0.102494,0.008975,0.028455,0.044976,0.133431,0.079549,0.103198
GTCACTCATGAGCGAT-1,0.000503,0.000503,0.773054,0.000503,0.000503,0.000503,0.000503,0.221416,0.000503,0.000503,0.000503,0.000503,0.000503
GTCACTCTCCAAATCT-1,0.000019,0.000019,0.000019,0.046721,0.083327,0.111923,0.236421,0.153041,0.072287,0.101254,0.102101,0.040995,0.051872
GTCAGAATAGTCTATG-1,0.000021,0.014088,0.000021,0.008771,0.030586,0.109935,0.000097,0.011126,0.010673,0.015191,0.1546,0.349279,0.295611
GTCAGACAGCGTTGGA-1,0.000043,0.843513,0.040866,0.000043,0.104572,0.000043,0.000043,0.000043,0.000043,0.000043,0.010499,0.000043,0.000203
GTCAGTTGTGCTCGTT-1,0.000051,0.246527,0.314569,0.141819,0.000051,0.021679,0.116085,0.010942,0.076155,0.026685,0.000051,0.045335,0.000051
GTCAGTTTGGTAGTCG-1,0.000029,0.031404,0.000029,0.169928,0.032151,0.122344,0.058428,0.030028,0.044187,0.287263,0.030408,0.030652,0.16315
GTCATCCCAAACTCAC-1,0.000016,0.008128,0.02379,0.234359,0.03581,0.00654,0.014969,0.092199,0.04346,0.004464,0.082694,0.450506,0.003065
GTCATCTCCTACAGCT-1,0.001195,0.551123,0.276806,0.090844,0.03959,0.022727,0.000042,0.000042,0.000042,0.000042,0.017465,0.000042,0.000042
GTCATGCACCTCCGTT-1,0.000045,0.003751,0.08424,0.034478,0.360285,0.10659,0.002932,0.000045,0.000045,0.025788,0.370589,0.000045,0.011164
GTCATGCGCGAGGGCT-1,0.000127,0.000127,0.03814,0.524477,0.436118,0.000127,0.000127,0.000127,0.000127,0.000127,0.000127,0.000127,0.000127
GTCATGGACATGACTA-1,0.000164,0.000011,0.000011,0.002282,0.015267,0.347365,0.212453,0.067201,0.064762,0.06225,0.036453,0.041016,0.150767
GTCATTAGAGCGAACG-1,0.000017,0.000017,0.000017,0.252927,0.014383,0.273498,0.017993,0.066403,0.188475,0.021194,0.07303,0.080387,0.011659
GTCATTGCATTGACCC-1,0.000027,0.057114,0.027189,0.085149,0.13975,0.27632,0.037242,0.073855,0.03106,0.081976,0.10524,0.018062,0.067014
GTCCAATATTTAGCCT-1,0.000061,0.000061,0.084598,0.529421,0.212458,0.000061,0.000061,0.095282,0.000061,0.000061,0.007571,0.070239,0.000061
GTCCAGGCACGTGTGC-1,0.000014,0.000014,0.000548,0.024067,0.055112,0.007533,0.043118,0.692126,0.092195,0.004745,0.044766,0.031883,0.00388
GTCCATTACTGCTACG-1,0.000029,0.000029,0.000029,0.343206,0.028118,0.023361,0.004391,0.009041,0.337141,0.000759,0.174479,0.074851,0.004565
GTCCCAACGTAAAGTA-1,0.000023,0.049689,0.000023,0.075513,0.349077,0.020963,0.010942,0.003745,0.03304,0.015531,0.365411,0.014626,0.061416
GTCCCAATCATCCCGC-1,0.000013,0.000013,0.000013,0.000013,0.004768,0.33807,0.00678,0.016596,0.243465,0.003325,0.314176,0.056004,0.016762
GTCCCGCGACGTTATG-1,0.000273,0.000273,0.39051,0.000273,0.399883,0.000273,0.000273,0.206879,0.000273,0.000273,0.000273,0.000273,0.000273
GTCCGAGAGCAATCAT-1,0.000034,0.02733,0.010344,0.104295,0.464956,0.044893,0.051531,0.000034,0.000034,0.088683,0.140932,0.009598,0.057336
GTCCGGACCTGAAATT-1,0.00005,0.00005,0.128358,0.871096,0.00005,0.00005,0.00005,0.00005,0.00005,0.00005,0.00005,0.00005,0.00005
GTCCGGCTGAATTGCG-1,0.000014,0.058243,0.000014,0.007169,0.074159,0.444601,0.072476,0.052341,0.04221,0.088383,0.06685,0.03061,0.06293
GTCCGGGTTCACATTA-1,0.000022,0.004857,0.000022,0.110829,0.107579,0.023281,0.006232,0.481778,0.131522,0.002441,0.051653,0.077441,0.002343
GTCCGTTAGAGGGCCT-1,0.000015,0.000015,0.000015,0.0028,0.018927,0.033202,0.005064,0.029468,0.275176,0.002103,0.113435,0.312531,0.20725
GTCCTACAGGCGGCTC-1,0.000032,0.055729,0.051142,0.317464,0.000032,0.042127,0.156006,0.034126,0.325272,0.012905,0.000032,0.000032,0.005101
GTCCTACTCTACGGGC-1,0.000036,0.000036,0.000036,0.154809,0.274774,0.000036,0.018935,0.451382,0.056002,0.00575,0.013154,0.013599,0.01145
GTCCTATTGTTGTGGT-1,0.000049,0.031302,0.043721,0.013196,0.469441,0.078025,0.000853,0.000049,0.000049,0.118416,0.054662,0.000049,0.190188
GTCCTTCTACAACCCA-1,0.000054,0.11707,0.022585,0.149149,0.40225,0.117932,0.000054,0.026293,0.058204,0.050342,0.034565,0.000054,0.02145
GTCCTTCTAGTGGGTT-1,0.000063,0.050119,0.457852,0.120648,0.370811,0.000063,0.000063,0.000063,0.000063,0.000063,0.000063,0.000063,0.000063
GTCCTTTAATGACTTC-1,0.000034,0.018174,0.00342,0.206756,0.154953,0.020675,0.122594,0.074555,0.028386,0.289231,0.036627,0.023141,0.021455
GTCGAATTTGGGCGCT-1,0.000092,0.000092,0.087986,0.910998,0.000092,0.000092,0.000092,0.000092,0.000092,0.000092,0.000092,0.000092,0.000092
GTCGATAGGTGACTTT-1,0.000172,0.000172,0.124486,0.861348,0.012445,0.000172,0.000172,0.000172,0.000172,0.000172,0.000172,0.000172,0.000172
GTCGCCGTTGTGTGTT-1,0.000122,0.000122,0.139565,0.780854,0.078362,0.000122,0.000122,0.000122,0.000122,0.000122,0.000122,0.000122,0.000122
GTCGCGTAACCCGTTG-1,0.000031,0.000031,0.000031,0.041521,0.106456,0.140568,0.030233,0.169259,0.165838,0.030502,0.230365,0.072689,0.012474
GTCGGAAGGATACCAG-1,0.000016,0.000016,0.000179,0.016132,0.104819,0.063633,0.142655,0.041269,0.032951,0.148058,0.195323,0.103395,0.151553
GTCGGATATCTCAGAC-1,0.000024,0.057063,0.000024,0.030847,0.146249,0.165431,0.071495,0.079018,0.026371,0.11225,0.14588,0.052107,0.113243
GTCGGATGTAGCGCGC-1,0.00002,0.046442,0.040679,0.192189,0.004665,0.071936,0.253319,0.034292,0.097317,0.062829,0.01207,0.059011,0.12523
GTCGGGAACATGGTAG-1,0.000044,0.000044,0.000044,0.005171,0.396294,0.027582,0.000044,0.018493,0.021906,0.164978,0.32742,0.012999,0.024981
GTCGGGAAGCAGAAAC-1,0.000101,0.000101,0.444527,0.136806,0.030728,0.000101,0.000101,0.333326,0.008599,0.000101,0.000101,0.045306,0.000101
GTCGGGTGAAGTACCG-1,0.00001,0.00001,0.00001,0.018248,0.021581,0.049702,0.011433,0.103819,0.382942,0.001851,0.114262,0.287614,0.008519
GTCGTACCATCTCGGG-1,0.000055,0.004776,0.000055,0.586738,0.013756,0.000055,0.023205,0.133513,0.090865,0.051314,0.03594,0.049954,0.009773
GTCGTACCTACGATTG-1,0.000033,0.041204,0.009885,0.135213,0.078359,0.034136,0.019585,0.005682,0.00556,0.046536,0.218988,0.030585,0.374235
GTCGTATTGGCGTACA-1,0.000016,0.000016,0.002392,0.007825,0.066108,0.053449,0.33838,0.149197,0.129233,0.071233,0.060885,0.041776,0.07949
GTCGTCAATTATAAGG-1,0.000028,0.038807,0.080256,0.066573,0.172738,0.105135,0.127741,0.132437,0.019522,0.191529,0.037846,0.000031,0.027357
GTCGTCTGGTTGGCTA-1,0.000015,0.000015,0.004044,0.015771,0.074468,0.100559,0.06114,0.036624,0.073418,0.014615,0.218438,0.322923,0.077972
GTCGTGTCTGGTCATC-1,0.005041,0.000086,0.077193,0.214373,0.037793,0.076649,0.000086,0.000086,0.000086,0.043138,0.374569,0.002372,0.168528
GTCGTTATTCGCTTAT-1,0.000053,0.006752,0.010715,0.321141,0.005185,0.014661,0.000053,0.331329,0.013834,0.000053,0.004915,0.059327,0.231983
GTCTAAGATGCCCAGC-1,0.000022,0.000022,0.000022,0.00335,0.630673,0.000022,0.000022,0.000022,0.000022,0.000022,0.348507,0.017271,0.000022
GTCTACTCAATTACAA-1,0.000023,0.010918,0.000023,0.072097,0.121443,0.069695,0.022556,0.063997,0.047981,0.117656,0.119649,0.120216,0.233744
GTCTAGTGAGCCGCTT-1,0.000166,0.000166,0.000166,0.704384,0.225037,0.000166,0.000166,0.000166,0.000166,0.000166,0.000166,0.000166,0.068918
GTCTATACACGCATGG-1,0.000044,0.000044,0.000044,0.009243,0.752247,0.000044,0.015041,0.006932,0.017147,0.030363,0.168765,0.000044,0.000044
GTCTATCTGAGTTTCT-1,0.000041,0.000041,0.000041,0.173277,0.140523,0.12977,0.000096,0.056286,0.031321,0.001839,0.226795,0.138343,0.101627
GTCTATTGCATGCTCG-1,0.0002,0.0002,0.0002,0.823584,0.174212,0.0002,0.0002,0.0002,0.0002,0.0002,0.0002,0.0002,0.0002
GTCTCAAGGCCCGGCT-1,0.000166,0.000166,0.61313,0.000166,0.000166,0.000166,0.000166,0.375421,0.009787,0.000166,0.000166,0.000166,0.000166
GTCTCCCGAGTCCCGT-1,0.000102,0.000102,0.000102,0.465393,0.114216,0.000102,0.000102,0.037755,0.323088,0.000102,0.000102,0.053984,0.004849
GTCTCCGCCTCAATAC-1,0.000028,0.000028,0.000028,0.149585,0.284374,0.023591,0.004743,0.138388,0.259803,0.002955,0.093031,0.03398,0.009467
GTCTCCTGCCAGTATG-1,0.000169,0.000169,0.027525,0.575181,0.395599,0.000169,0.000169,0.000169,0.000169,0.000169,0.000169,0.000169,0.000169
GTCTCGACTAAGTTTG-1,0.000535,0.079181,0.011283,0.018295,0.158813,0.094274,0.044222,0.012998,0.017035,0.229525,0.219765,0.039395,0.074679
GTCTCGATCTGCTTTC-1,0.000034,0.016078,0.114357,0.401581,0.095815,0.04778,0.093229,0.024381,0.000034,0.165238,0.029918,0.009458,0.002097
GTCTCGCCAACACGCC-1,0.000022,0.922602,0.013245,0.000022,0.000022,0.004098,0.000022,0.000022,0.000022,0.000022,0.000022,0.056582,0.003295
GTCTGCCGACTCGACG-1,0.000021,0.000021,0.000021,0.047041,0.072709,0.043748,0.074047,0.15081,0.3664,0.001729,0.048741,0.170585,0.024126
GTCTGGGCGGTCGAGA-1,0.000049,0.000049,0.000049,0.093648,0.201873,0.055657,0.005287,0.016534,0.403707,0.004333,0.213305,0.005457,0.000049
GTCTGTAGGTTGAACA-1,0.000463,0.000018,0.000018,0.022382,0.084313,0.004642,0.049602,0.164594,0.129515,0.010202,0.056298,0.468031,0.009922
GTCTTACCACGCCAAG-1,0.000046,0.000046,0.126316,0.219743,0.320243,0.022293,0.047253,0.081983,0.017851,0.00913,0.095863,0.0219,0.037334
GTCTTAGTACAGCCGG-1,0.000048,0.193862,0.1859,0.138839,0.236884,0.037183,0.000048,0.000048,0.000048,0.144212,0.06283,0.000048,0.000048
GTCTTCCTCACCTAAG-1,0.000023,0.025226,0.002921,0.030872,0.141855,0.022525,0.069195,0.119709,0.114868,0.224591,0.055366,0.041562,0.151286
GTCTTGAGGAGCAGTG-1,0.00002,0.00002,0.00002,0.015792,0.021974,0.155919,0.051691,0.071643,0.166865,0.01012,0.311663,0.144774,0.0495
GTCTTGTAGCTATTCA-1,0.000133,0.095166,0.000133,0.109144,0.000133,0.000133,0.238832,0.300959,0.025294,0.000133,0.000133,0.229673,0.000133
GTGAAACGGCGCCACC-1,0.000007,0.000007,0.000007,0.000738,0.02305,0.167307,0.307938,0.062691,0.248099,0.08172,0.045887,0.019334,0.043214
GTGAAACGTGCTCCAC-1,0.000013,0.393371,0.008942,0.000013,0.000013,0.001845,0.541525,0.046406,0.007792,0.000013,0.000013,0.000013,0.000039
GTGAACTCCCATTCGA-1,0.000027,0.014336,0.000027,0.010123,0.285247,0.053475,0.04644,0.000027,0.001392,0.161367,0.387421,0.009359,0.030759
GTGAAGATTTCAAGTG-1,0.000011,0.000011,0.000011,0.000924,0.011118,0.041431,0.500281,0.110138,0.259238,0.018736,0.032843,0.016543,0.008712
GTGAAGCCGTATAGTC-1,0.000023,0.000023,0.019494,0.051449,0.220893,0.02572,0.180478,0.071378,0.01568,0.268824,0.101091,0.020122,0.024823
GTGAAGTCACGACTCG-1,0.000026,0.012866,0.000029,0.058746,0.128267,0.022546,0.070855,0.251282,0.23037,0.021398,0.148422,0.019669,0.035524
GTGACAGCTTCCCACT-1,0.000101,0.000101,0.000101,0.649139,0.349755,0.000101,0.000101,0.000101,0.000101,0.000101,0.000101,0.000101,0.000101
GTGACCGCACACTACG-1,0.000018,0.000018,0.000018,0.000018,0.040861,0.255863,0.008109,0.049641,0.364876,0.0181,0.201713,0.028818,0.031946
GTGACCTAAAGAATAA-1,0.000006,0.000006,0.000006,0.003311,0.058272,0.074513,0.044494,0.039463,0.173708,0.018772,0.354979,0.194395,0.038076
GTGACGAGGGTGACCC-1,0.000008,0.000008,0.000306,0.091418,0.037941,0.441781,0.06913,0.049171,0.057128,0.029897,0.047592,0.085851,0.089768
GTGACGCAGGTTTCAT-1,0.000082,0.000082,0.040845,0.726773,0.230831,0.000082,0.000082,0.000082,0.000082,0.000082,0.00081,0.000082,0.000082
GTGACTTCAGTAGTGC-1,0.000044,0.000044,0.000044,0.124451,0.168554,0.047124,0.049451,0.26117,0.309837,0.004983,0.021229,0.004679,0.008392
GTGAGATAACCTTATA-1,0.00002,0.00002,0.00002,0.042908,0.259964,0.003452,0.033729,0.307947,0.268238,0.023336,0.028203,0.01055,0.021615
GTGAGCGTGCTGCACT-1,0.000029,0.000029,0.000029,0.00748,0.214527,0.400424,0.033191,0.0297,0.004458,0.011481,0.245912,0.006243,0.046496
GTGAGGACACTTAAGG-1,0.000023,0.000023,0.000023,0.225444,0.008378,0.036543,0.079677,0.255948,0.233304,0.003282,0.02336,0.096793,0.037201
GTGAGGAGCGGTTGAG-1,0.000043,0.554915,0.198383,0.09405,0.147153,0.000043,0.000043,0.000043,0.000043,0.003228,0.001968,0.000043,0.000043
GTGAGTCGACTAATAG-1,0.000042,0.000042,0.000042,0.114183,0.177662,0.045397,0.027614,0.152338,0.436063,0.010667,0.012498,0.007862,0.015588
GTGAGTCTAAGACGGA-1,0.000041,0.022305,0.057753,0.022123,0.549164,0.012719,0.052831,0.039355,0.00644,0.058402,0.070538,0.006517,0.101812
GTGAGTGGTACAACGC-1,0.000076,0.000076,0.000076,0.473137,0.242779,0.000076,0.000076,0.231298,0.000076,0.000076,0.000076,0.052101,0.000076
GTGATCAAGCGTGCAC-1,0.000102,0.23806,0.108866,0.645826,0.006334,0.000102,0.000102,0.000102,0.000102,0.000102,0.000102,0.000102,0.000102
GTGATCACTAACGCCT-1,0.00061,0.000013,0.000013,0.057823,0.004235,0.026735,0.047456,0.252294,0.29318,0.000622,0.006492,0.204442,0.106084
GTGATCATAGATCTGC-1,0.000056,0.000056,0.000056,0.200294,0.479979,0.014718,0.000056,0.159895,0.123329,0.000056,0.021395,0.000056,0.000056
GTGATCCTTGTCATGA-1,0.00039,0.00039,0.552498,0.052618,0.39098,0.00039,0.00039,0.00039,0.00039,0.00039,0.00039,0.00039,0.00039
GTGATGCACAACATCT-1,0.000022,0.253324,0.184175,0.0687,0.105318,0.025134,0.002156,0.016756,0.000837,0.030206,0.043957,0.102821,0.166595
GTGATTCGCCGCTCAA-1,0.000052,0.000052,0.000052,0.386853,0.197595,0.030198,0.023772,0.185809,0.064364,0.005956,0.058913,0.045922,0.000462
GTGCAAATCACCAATA-1,0.000018,0.778129,0.221672,0.000018,0.000018,0.000018,0.000018,0.000018,0.000018,0.000018,0.000018,0.000018,0.000018
GTGCAACAAATGTGGC-1,0.000006,0.088379,0.003425,0.00497,0.00871,0.250042,0.271209,0.089082,0.189118,0.050437,0.021141,0.007945,0.015534
GTGCACCAGCTTCAAC-1,0.000034,0.000034,0.000034,0.28825,0.017041,0.012929,0.046367,0.282462,0.015312,0.007783,0.000034,0.134366,0.195352
GTGCACGAAAGTGACT-1,0.000012,0.041355,0.016402,0.013605,0.065207,0.111508,0.262093,0.052475,0.072333,0.217459,0.101372,0.027634,0.018546
GTGCAGCGTAGAGTAG-1,0.000148,0.000148,0.139243,0.838511,0.020769,0.000148,0.000148,0.000148,0.000148,0.000148,0.000148,0.000148,0.000148
GTGCCAAACGTTTCGA-1,0.000278,0.005785,0.025505,0.189245,0.292821,0.000499,0.002977,0.290427,0.056373,0.011573,0.059414,0.059188,0.005915
GTGCCATCACACGGTG-1,0.000035,0.138212,0.000035,0.036827,0.204966,0.083511,0.000035,0.014487,0.030601,0.037746,0.157792,0.285998,0.009757
GTGCCCGTTCGGATTC-1,0.000526,0.000035,0.002179,0.118271,0.142294,0.015296,0.000035,0.005548,0.010799,0.000035,0.288504,0.326765,0.089713
GTGCCGCTTCAAAGGT-1,0.000047,0.01508,0.011012,0.041446,0.320138,0.014609,0.000047,0.048281,0.263239,0.010062,0.234058,0.040858,0.001122
GTGCCTAGCTATGCTT-1,0.000048,0.337345,0.282377,0.317156,0.026464,0.009613,0.000048,0.000048,0.000048,0.026705,0.000048,0.000048,0.000048
GTGCCTCAGTGTACGG-1,0.000048,0.100964,0.423813,0.149095,0.066362,0.001959,0.003476,0.000048,0.020522,0.081501,0.062848,0.018003,0.071361
GTGCCTGAGACCAAAC-1,0.000011,0.000011,0.000011,0.107817,0.007768,0.019477,0.045794,0.573783,0.206135,0.005206,0.004899,0.01689,0.012198
GTGCGAAATCGAACAC-1,0.000037,0.000037,0.000037,0.077136,0.611485,0.000408,0.020977,0.146962,0.045249,0.005445,0.072196,0.01621,0.003822
GTGCGACAGGGAGTGT-1,0.000019,0.010267,0.000019,0.003624,0.056583,0.362691,0.001652,0.004059,0.064572,0.052331,0.402668,0.019063,0.022453
GTGCGCAGCTTGCTCC-1,0.000043,0.229434,0.331474,0.000043,0.036414,0.020292,0.233341,0.068406,0.058622,0.016589,0.002959,0.000043,0.002341
GTGCGCTTACAAATGA-1,0.000023,0.993044,0.0067,0.000023,0.000023,0.000023,0.000023,0.000023,0.000023,0.000023,0.000023,0.000023,0.000023
GTGCGGGACCATCGGC-1,0.000037,0.931019,0.004976,0.036362,0.027308,0.000037,0.000037,0.000037,0.000037,0.000037,0.000037,0.000037,0.000037
GTGCGGGTCTCCAAAT-1,0.000042,0.057512,0.012224,0.029147,0.604386,0.075807,0.031016,0.011982,0.000042,0.118258,0.048391,0.005585,0.005607
GTGCGTGTATATGAGC-1,0.000027,0.000027,0.000027,0.039616,0.096526,0.100472,0.002793,0.075863,0.430726,0.013077,0.097845,0.108985,0.034017
GTGCTATCCAGCTGGA-1,0.00003,0.00003,0.019972,0.218088,0.339382,0.070583,0.00003,0.049508,0.066083,0.035259,0.070953,0.102114,0.027967
GTGCTCAAGTACTGTC-1,0.000025,0.000025,0.000025,0.021968,0.044404,0.283802,0.000253,0.018836,0.088422,0.001459,0.485971,0.015173,0.039637
GTGCTGCAGATAAGGA-1,0.000014,0.000014,0.000014,0.023522,0.130963,0.354182,0.051496,0.062413,0.042409,0.058487,0.082148,0.0306,0.163737
GTGCTGTTAGAACATA-1,0.000016,0.002618,0.000016,0.145865,0.065806,0.034439,0.052924,0.061147,0.082173,0.016058,0.298969,0.199123,0.040848
GTGCTTACATCAGCGC-1,0.000031,0.000031,0.005781,0.034569,0.006809,0.13319,0.0464,0.340307,0.382191,0.000031,0.00531,0.033007,0.012342
GTGGAACCTACATGCG-1,0.000037,0.099109,0.157641,0.024101,0.38711,0.058226,0.087957,0.063812,0.012498,0.073954,0.01281,0.000037,0.022708
GTGGACCAACCCGATT-1,0.000021,0.000021,0.000021,0.041889,0.080617,0.240091,0.000898,0.03731,0.267305,0.002326,0.301229,0.017704,0.010566
GTGGACGCATTTGTCC-1,0.000054,0.000054,0.000054,0.636562,0.006961,0.000054,0.000054,0.000054,0.000054,0.000054,0.000054,0.231228,0.124761
GTGGACGTGCTGAGAC-1,0.000501,0.123896,0.005447,0.036288,0.07316,0.130353,0.149791,0.088369,0.043308,0.149878,0.045677,0.020657,0.132675
GTGGAGCATGTCGGCC-1,0.000011,0.000011,0.000011,0.003456,0.007204,0.050212,0.021456,0.006318,0.237686,0.006258,0.389988,0.246938,0.030453
GTGGAGCGTTTACCGA-1,0.000089,0.000089,0.009957,0.950713,0.038444,0.000089,0.000089,0.000089,0.000089,0.000089,0.000089,0.000089,0.000089
GTGGAGTCGGCGGTTG-1,0.001148,0.00008,0.00008,0.842913,0.00008,0.00008,0.089416,0.027994,0.00008,0.00008,0.00008,0.03789,0.00008
GTGGCAAACAGCGGCA-1,0.000246,0.000016,0.000016,0.071484,0.202473,0.086835,0.026513,0.236699,0.182094,0.003458,0.088945,0.05822,0.042999
GTGGCCGGTTTCTCGG-1,0.000173,0.000173,0.000173,0.776104,0.221994,0.000173,0.000173,0.000173,0.000173,0.000173,0.000173,0.000173,0.000173
GTGGCCTAATATCATT-1,0.000014,0.09543,0.000014,0.002725,0.034047,0.512638,0.08769,0.02921,0.03335,0.059443,0.030485,0.014046,0.100907
GTGGCGGGCCGTAGCT-1,0.000019,0.553803,0.08582,0.006212,0.000019,0.008911,0.311981,0.009021,0.006632,0.000019,0.000019,0.014022,0.003524
GTGGCGGTCCCAGCGT-1,0.000028,0.000028,0.000028,0.042242,0.093402,0.087402,0.047729,0.037265,0.126463,0.010159,0.444623,0.026971,0.08366
GTGGCGTGCACCAGAG-1,0.00002,0.027447,0.02878,0.055458,0.097969,0.049623,0.169304,0.095118,0.014666,0.065414,0.039344,0.251752,0.105106
GTGGCTGTTTCTGTTC-1,0.000017,0.000017,0.000017,0.031281,0.050033,0.014068,0.010103,0.207716,0.104568,0.001805,0.018956,0.510398,0.051023
GTGGGAACAAACCGGG-1,0.000011,0.000011,0.001246,0.10622,0.118395,0.012019,0.052653,0.277389,0.164372,0.009128,0.015818,0.216469,0.026268
GTGGGAAGACTGAATC-1,0.000038,0.029528,0.004484,0.107624,0.415152,0.00605,0.000038,0.004389,0.014852,0.005042,0.330045,0.07606,0.006696
GTGGGCTTAGACACAC-1,0.000022,0.000022,0.000022,0.065108,0.043705,0.556733,0.077752,0.02182,0.027891,0.00789,0.07429,0.01592,0.108824
GTGGGTACTGAGCGTA-1,0.000903,0.000028,0.000243,0.019461,0.101368,0.04429,0.030039,0.488415,0.073203,0.002983,0.231716,0.006239,0.001111
GTGGGTCTTCTTTGCG-1,0.000066,0.146783,0.760662,0.007724,0.084232,0.000066,0.000066,0.000066,0.000066,0.000066,0.000066,0.000066,0.000066
GTGGTATAGTCTGCCG-1,0.000176,0.000176,0.000406,0.867612,0.130225,0.000176,0.000176,0.000176,0.000176,0.000176,0.000176,0.000176,0.000176
GTGGTCAGCGAAGTAT-1,0.00035,0.293843,0.076254,0.082873,0.004536,0.030482,0.0572,0.059455,0.009278,0.08302,0.008295,0.168857,0.125559
GTGGTGATGGTTTGTG-1,0.000258,0.000258,0.308705,0.465231,0.223483,0.000258,0.000258,0.000258,0.000258,0.000258,0.000258,0.000258,0.000258
GTGGTGGCCAAGTGAA-1,0.000022,0.000022,0.000022,0.139877,0.029989,0.016506,0.009162,0.258595,0.246327,0.002746,0.010579,0.152866,0.133287
GTGGTTACTTCTTTCG-1,0.000027,0.000028,0.006748,0.03785,0.076627,0.348493,0.051076,0.009958,0.024111,0.230198,0.152021,0.015561,0.047302
GTGGTTTCCGCCTTTC-1,0.00007,0.034722,0.00007,0.039897,0.446981,0.00007,0.00007,0.00007,0.068693,0.00007,0.080776,0.260297,0.068216
GTGTACCTTGGCTACG-1,0.000031,0.001886,0.014742,0.051458,0.375884,0.092066,0.012014,0.005122,0.002421,0.274674,0.137413,0.000031,0.032257
GTGTACGAACCGTTCC-1,0.000026,0.000026,0.000026,0.069675,0.016304,0.007576,0.056523,0.050672,0.388371,0.000026,0.093409,0.289579,0.027785
GTGTATATCAGCGGGC-1,0.004734,0.000356,0.537031,0.000356,0.253337,0.000356,0.000356,0.000357,0.201693,0.000356,0.000356,0.000356,0.000356
GTGTATGACTTTAAAG-1,0.000048,0.464535,0.362789,0.059706,0.112542,0.000048,0.000048,0.000048,0.000048,0.000048,0.000048,0.000048,0.000048
GTGTCAGTGTACGTGG-1,0.00002,0.00002,0.00002,0.108557,0.104605,0.006802,0.020363,0.634073,0.073038,0.022153,0.010684,0.012934,0.006729
GTGTCCGATAAGGCAT-1,0.000072,0.000072,0.114434,0.077788,0.687919,0.000072,0.000072,0.000072,0.000072,0.109342,0.009937,0.000072,0.000072
GTGTCGTATAGCGTTC-1,0.000216,0.000216,0.000216,0.997407,0.000216,0.000216,0.000216,0.000216,0.000216,0.000216,0.000216,0.000216,0.000216
GTGTCGTATTCACCTT-1,0.000009,0.001861,0.004628,0.07885,0.003321,0.525743,0.157142,0.020227,0.085922,0.011615,0.02802,0.055158,0.027504
GTGTGAATAACTTAGG-1,0.000009,0.002967,0.000009,0.001005,0.017162,0.199162,0.043446,0.114408,0.241598,0.018367,0.279376,0.032087,0.050404
GTGTGAGCCGAGGTGC-1,0.00003,0.931343,0.068324,0.00003,0.00003,0.00003,0.00003,0.00003,0.00003,0.00003,0.00003,0.00003,0.00003
GTGTGTCGACGTCGCT-1,0.000044,0.395732,0.111378,0.213022,0.11887,0.023629,0.014723,0.054079,0.000044,0.013469,0.00653,0.000044,0.048434
GTGTTACTATGCGTCC-1,0.000032,0.000032,0.007005,0.16197,0.042625,0.023134,0.023843,0.124463,0.110101,0.000032,0.007071,0.358745,0.140947
GTTAAAGTAGGACTGG-1,0.000027,0.000027,0.008449,0.320012,0.072056,0.007205,0.031151,0.479217,0.044223,0.000175,0.000027,0.02379,0.013641
GTTAACATCACTTAAA-1,0.000071,0.000071,0.000071,0.616133,0.383087,0.000071,0.000071,0.000071,0.000071,0.000071,0.000071,0.000071,0.000071
GTTAACTATGTTGTCA-1,0.000032,0.000032,0.000032,0.162302,0.05019,0.030477,0.003305,0.09241,0.053517,0.000032,0.107487,0.363635,0.136548
GTTAAGGGTGCGATGT-1,0.000194,0.000194,0.256585,0.000194,0.681566,0.000194,0.000194,0.059912,0.000194,0.000194,0.000194,0.000194,0.000194
GTTAAGTTAGAGTGGG-1,0.000018,0.000018,0.000018,0.000018,0.023341,0.10104,0.054992,0.024333,0.155762,0.025556,0.415612,0.168789,0.030502
GTTAATAGCGTCATTA-1,0.000039,0.000039,0.000039,0.315724,0.139653,0.009306,0.032454,0.087084,0.072079,0.049151,0.068366,0.224861,0.001206
GTTAATGTCTATCTTA-1,0.000051,0.022453,0.000051,0.009686,0.45001,0.066024,0.01864,0.002209,0.015916,0.104083,0.114982,0.007042,0.188852
GTTACAATTGGTGACG-1,0.000025,0.000025,0.012337,0.02271,0.099291,0.220013,0.013413,0.096149,0.169459,0.02174,0.293128,0.016846,0.034864
GTTACCAAGGCGTACG-1,0.000116,0.000116,0.000116,0.963201,0.035528,0.000116,0.000116,0.000116,0.000116,0.000116,0.000116,0.000116,0.000116
GTTACCTACAACTTGC-1,0.000025,0.000025,0.000025,0.319953,0.038808,0.004985,0.015782,0.38802,0.086387,0.008564,0.0048,0.065364,0.067264
GTTACGAAATCCACGC-1,0.000039,0.38019,0.254022,0.000039,0.207087,0.000697,0.067339,0.000039,0.000039,0.018268,0.01812,0.00172,0.0524
GTTACGGCCCGACTGC-1,0.000037,0.271561,0.25834,0.126318,0.000037,0.028184,0.144183,0.036102,0.004588,0.124141,0.000037,0.000037,0.006433
GTTACTTTGGGCCTAG-1,0.000035,0.000035,0.000035,0.035562,0.306065,0.032061,0.005749,0.105765,0.38633,0.011161,0.069772,0.004645,0.042783
GTTAGAGTGTGCCGCT-1,0.000034,0.338916,0.221756,0.009557,0.090247,0.040023,0.069059,0.001187,0.000999,0.166773,0.039976,0.002896,0.018576
GTTAGCCCATGACATC-1,0.000025,0.000025,0.000025,0.149655,0.071712,0.000025,0.024079,0.649104,0.069236,0.01257,0.008059,0.013051,0.002435
GTTAGCCGTAAATCAA-1,0.000014,0.000014,0.024184,0.153576,0.165995,0.236407,0.050832,0.015054,0.019443,0.112183,0.144144,0.020372,0.057782
GTTAGGCTACCCGTTT-1,0.000042,0.000042,0.000042,0.183211,0.230662,0.094807,0.001379,0.289221,0.0941,0.008866,0.030725,0.016004,0.050897
GTTATAATACGGTGAA-1,0.000074,0.000074,0.000074,0.731979,0.267203,0.000074,0.000074,0.000074,0.000074,0.000074,0.000074,0.000074,0.000074
GTTATATCAGGAGCCA-1,0.000011,0.000011,0.000011,0.002915,0.018502,0.540729,0.146632,0.009377,0.075072,0.058178,0.061306,0.020134,0.067122
GTTATATTATCTCCCT-1,0.000012,0.000012,0.000012,0.000012,0.000391,0.084001,0.029192,0.562332,0.292971,0.001192,0.019864,0.00548,0.004531
GTTATCAAGCTATCGA-1,0.000079,0.000079,0.005406,0.464787,0.065295,0.141126,0.001192,0.307188,0.000079,0.000079,0.004948,0.000079,0.009663
GTTATCACCTTCTGAA-1,0.000062,0.248653,0.411392,0.031844,0.261161,0.000062,0.000062,0.000062,0.000062,0.028884,0.017633,0.000062,0.000062
GTTATTAAATACGACC-1,0.000029,0.462374,0.400485,0.022525,0.01715,0.027296,0.002842,0.000029,0.000029,0.01468,0.052504,0.000029,0.000029
GTTATTAACGTGGGAG-1,0.000035,0.049507,0.000035,0.275427,0.040493,0.028704,0.171603,0.054709,0.124437,0.151459,0.024623,0.057518,0.02145
GTTCAAATCAGATGTC-1,0.000023,0.331513,0.000023,0.001004,0.046173,0.020918,0.15737,0.081902,0.214462,0.099446,0.029436,0.008965,0.008765
GTTCAATCTATGTCAA-1,0.000034,0.108454,0.423653,0.032098,0.000034,0.024744,0.342707,0.007221,0.008126,0.026826,0.006428,0.005559,0.014116
GTTCACAGGAGTCTAG-1,0.000015,0.030218,0.000015,0.006967,0.002448,0.339227,0.040038,0.049921,0.07282,0.020226,0.021112,0.038923,0.378069
GTTCAGTCGCCAAATG-1,0.000012,0.000012,0.000012,0.042217,0.058079,0.016067,0.02593,0.472271,0.27341,0.008213,0.012887,0.080672,0.01022
GTTCATCGTTTGGCTG-1,0.000034,0.000034,0.000034,0.031189,0.34751,0.148514,0.063431,0.002779,0.013387,0.105156,0.110629,0.006831,0.170473
GTTCCAAGACAGCGAC-1,0.00006,0.426016,0.463118,0.092288,0.01804,0.00006,0.00006,0.00006,0.00006,0.00006,0.00006,0.00006,0.00006
GTTCCAGTCTGACCAT-1,0.000022,0.124964,0.003431,0.028704,0.14377,0.129583,0.120282,0.081099,0.055141,0.167016,0.094578,0.019556,0.031853
GTTCCGTCCGCCTGCA-1,0.000025,0.000025,0.000025,0.185143,0.100885,0.000025,0.004429,0.255023,0.048284,0.005985,0.06703,0.300288,0.032835
GTTCGACAATTGTATA-1,0.000101,0.014977,0.023806,0.789939,0.170374,0.000101,0.000101,0.000101,0.000101,0.000101,0.000101,0.000101,0.000101
GTTCGCCATAAGTGCC-1,0.000048,0.038774,0.000048,0.114146,0.32507,0.003425,0.000048,0.018537,0.008588,0.040548,0.354417,0.073095,0.023257
GTTCGCTGAGACGTCT-1,0.0001,0.065397,0.0001,0.803413,0.130195,0.0001,0.0001,0.0001,0.0001,0.0001,0.0001,0.0001,0.0001
GTTCGGATCGGGAACA-1,0.000972,0.000034,0.039865,0.33363,0.135059,0.105782,0.000034,0.057042,0.139977,0.004074,0.177132,0.006366,0.000034
GTTCGGGCGTACCATT-1,0.000017,0.005918,0.000017,0.034285,0.008842,0.304631,0.064947,0.020754,0.045268,0.066907,0.016191,0.138539,0.293684
GTTCGGTGTGGATTTA-1,0.000054,0.522067,0.472688,0.000569,0.004192,0.000054,0.000054,0.000054,0.000054,0.000054,0.000054,0.000054,0.000054
GTTCGTCTGGGTCCCT-1,0.000015,0.000015,0.011736,0.018966,0.03389,0.113809,0.218427,0.038957,0.099035,0.035204,0.153105,0.182206,0.094634
GTTCGTTGCGGACCAG-1,0.000027,0.847863,0.144669,0.000211,0.000027,0.000027,0.000027,0.000027,0.000027,0.000027,0.000027,0.007011,0.000027
GTTCTTCCCTCGATGT-1,0.000025,0.056808,0.005684,0.09358,0.076168,0.058237,0.059971,0.123828,0.07359,0.367396,0.021987,0.021398,0.041328
GTTCTTGTAACTCAAT-1,0.000026,0.000026,0.000026,0.049468,0.329217,0.023957,0.028214,0.093059,0.161646,0.020295,0.203606,0.07672,0.01374
GTTGAACCGGTTCCAT-1,0.000023,0.000023,0.000023,0.008218,0.107219,0.101891,0.001251,0.150182,0.054695,0.011145,0.371197,0.079853,0.11428
GTTGAGTCCCGCCGGT-1,0.000168,0.000168,0.000168,0.665257,0.3329,0.000168,0.000168,0.000168,0.000168,0.000168,0.000168,0.000168,0.000168
GTTGCACGGAGTTTCG-1,0.00003,0.080809,0.00003,0.016987,0.098975,0.344423,0.019323,0.00916,0.036402,0.1302,0.211295,0.009241,0.043123
GTTGCCCTAACGGGTG-1,0.002002,0.020828,0.005461,0.54921,0.275441,0.00007,0.00007,0.138838,0.00007,0.00007,0.00007,0.007803,0.00007
GTTGCGCTAACATTAC-1,0.00002,0.00002,0.00002,0.00002,0.002753,0.051575,0.0605,0.100944,0.425804,0.009393,0.140009,0.180773,0.028171
GTTGCGGACGGTCAGG-1,0.000093,0.000093,0.000093,0.908631,0.090342,0.000093,0.000093,0.000093,0.000093,0.000093,0.000093,0.000093,0.000093
GTTGGACCGCATCAGG-1,0.000015,0.066554,0.001094,0.013988,0.02916,0.377715,0.05257,0.020756,0.081734,0.036523,0.260761,0.033903,0.025226
GTTGGATTCAGTGGCT-1,0.000035,0.059088,0.135794,0.201296,0.226871,0.021123,0.155615,0.001096,0.000035,0.096563,0.031887,0.011923,0.058674
GTTGGATTGAGAACAC-1,0.000017,0.033055,0.022763,0.059101,0.117515,0.034026,0.005171,0.027981,0.011298,0.081171,0.154636,0.119731,0.333533
GTTGGATTTGCGTTGG-1,0.00001,0.00001,0.00001,0.00001,0.00001,0.490135,0.00384,0.030884,0.311403,0.004427,0.149106,0.005131,0.005023
GTTGGTCATGCTATCC-1,0.000143,0.000143,0.000143,0.959234,0.03919,0.000143,0.000143,0.000143,0.000143,0.000143,0.000143,0.000143,0.000143
GTTGTAGATTTATGAG-1,0.000045,0.000045,0.000045,0.126326,0.472872,0.01788,0.000045,0.165686,0.045372,0.039631,0.081559,0.043368,0.007125
GTTGTCGTGTTAGTTG-1,0.000042,0.071794,0.000042,0.085841,0.266414,0.14675,0.149353,0.088735,0.092424,0.028126,0.067094,0.003344,0.000042
GTTGTTACATTGCGCT-1,0.000023,0.014074,0.000023,0.057433,0.051104,0.283732,0.058442,0.017481,0.026994,0.116668,0.082691,0.161834,0.1295
GTTTACGTTCCATCTG-1,0.000059,0.000059,0.000059,0.309051,0.083442,0.010091,0.009627,0.272551,0.122975,0.000171,0.000059,0.166762,0.025092
GTTTATGGGATTTAGA-1,0.000051,0.0701,0.008872,0.221789,0.287624,0.007342,0.175895,0.037881,0.010875,0.119291,0.046677,0.008688,0.004917
GTTTCATATCGTCGCT-1,0.000021,0.000021,0.000021,0.000021,0.004513,0.279397,0.012585,0.045251,0.161505,0.005463,0.454036,0.019324,0.017839
GTTTCCTGGAGGGTGA-1,0.000029,0.000029,0.012964,0.038512,0.134945,0.322447,0.064549,0.01548,0.031052,0.03651,0.062123,0.076422,0.204938
GTTTCTAGAGGCGCGG-1,0.000025,0.000025,0.000025,0.186136,0.098606,0.00342,0.006132,0.318294,0.113467,0.000025,0.014869,0.249337,0.009637
GTTTCTGCAGTCTCCC-1,0.000031,0.000031,0.000031,0.087223,0.064769,0.09368,0.019069,0.193626,0.172742,0.062363,0.192775,0.041663,0.071995
GTTTCTTGTTAGAGCT-1,0.000066,0.000066,0.363945,0.607531,0.000066,0.000066,0.000066,0.026444,0.000066,0.000066,0.000066,0.001481,0.000066
GTTTGACCAAATCCTA-1,0.000025,0.022459,0.009589,0.033837,0.128809,0.114572,0.021729,0.087772,0.029431,0.107685,0.157074,0.119153,0.167864
GTTTGAGCGGTTATGT-1,0.000077,0.59945,0.259441,0.000077,0.000077,0.000077,0.020284,0.114241,0.000077,0.000077,0.000077,0.005973,0.000077
GTTTGGCCCAAGTTAT-1,0.000032,0.000032,0.000032,0.039078,0.09209,0.038347,0.013548,0.243177,0.350494,0.026538,0.112653,0.055442,0.028536
GTTTGGCCGCTCAGCG-1,0.000054,0.358734,0.1314,0.089147,0.310193,0.052269,0.000054,0.000054,0.0374,0.020534,0.000054,0.000054,0.000054
GTTTGGCGTCAGGCAC-1,0.000018,0.050678,0.026768,0.053966,0.045448,0.035829,0.011945,0.014818,0.00282,0.047082,0.42695,0.22809,0.055587
GTTTGGGCTTGTGAGC-1,0.000067,0.000067,0.000067,0.64299,0.082021,0.000067,0.000067,0.273376,0.00101,0.000067,0.000067,0.000067,0.000067
GTTTGGGTTTCGCCCG-1,0.000326,0.000326,0.316896,0.341125,0.174046,0.000326,0.000326,0.000326,0.000326,0.00033,0.000326,0.164996,0.000326
GTTTGGTAGGGTCAAC-1,0.001104,0.000076,0.000076,0.703114,0.037272,0.000076,0.024054,0.197017,0.000076,0.000076,0.000076,0.036905,0.000076
GTTTGGTGATCGGTGC-1,0.000101,0.000101,0.000101,0.733389,0.148683,0.000101,0.000101,0.061583,0.000101,0.055436,0.000101,0.000101,0.000101
GTTTGTTAGCCAAGTA-1,0.000028,0.000028,0.000028,0.13626,0.195052,0.021643,0.007315,0.340798,0.112432,0.006713,0.052567,0.09988,0.027258
TAAACCCAGGAGGGCA-1,0.000105,0.000105,0.000105,0.476785,0.522059,0.000105,0.000105,0.000105,0.000105,0.000105,0.000105,0.000105,0.000105
TAAACGTCGTCAATGA-1,0.000032,0.204651,0.116634,0.145125,0.350965,0.00077,0.09628,0.000125,0.000079,0.050643,0.016665,0.002756,0.015275
TAAAGACAACCCTTTA-1,0.000014,0.004111,0.026883,0.024761,0.034068,0.110492,0.071831,0.076499,0.329824,0.011594,0.151281,0.145127,0.013514
TAAAGAGCCCGAAACC-1,0.000019,0.075032,0.107951,0.063704,0.027901,0.05953,0.02995,0.045741,0.000019,0.091837,0.022759,0.278807,0.19675
TAAAGCGGTATTTCCA-1,0.00007,0.00007,0.14562,0.667134,0.179473,0.00007,0.00007,0.007146,0.00007,0.00007,0.00007,0.00007,0.00007
TAAAGCGTTAGGAGAA-1,0.000809,0.017067,0.007087,0.150247,0.255271,0.129069,0.025992,0.00317,0.004458,0.154356,0.176784,0.018207,0.057484
TAAAGCTGCAATAGGG-1,0.000022,0.084489,0.07275,0.154968,0.254704,0.041314,0.13347,0.001623,0.008535,0.1778,0.02452,0.016784,0.029022
TAAAGGAGAAACTAGT-1,0.000026,0.11148,0.647147,0.012976,0.007589,0.034112,0.096055,0.000578,0.02256,0.027028,0.024754,0.00354,0.012154
TAAAGTGCACGTCTCG-1,0.000024,0.000024,0.000024,0.102993,0.490832,0.026115,0.021858,0.070611,0.168817,0.002404,0.055444,0.057991,0.002863
TAAATCTTTACACCTC-1,0.000005,0.000005,0.000005,0.000005,0.000005,0.511865,0.221654,0.013363,0.190309,0.004224,0.015901,0.029704,0.012953
TAAATGAATCCGTTTC-1,0.00002,0.016306,0.016498,0.029017,0.105643,0.02337,0.176367,0.178875,0.023183,0.313229,0.084229,0.015765,0.017497
TAAATGCCGTCTCATG-1,0.000024,0.035578,0.054864,0.048905,0.171466,0.036339,0.065989,0.128152,0.078364,0.212049,0.132561,0.020738,0.014971
TAAATTGTGGGTAAAG-1,0.00002,0.00002,0.00002,0.074377,0.331312,0.04285,0.010467,0.117197,0.215291,0.002574,0.059795,0.133813,0.012264
TAAATTTAGTAACACC-1,0.000015,0.000015,0.000015,0.064268,0.17901,0.030064,0.046007,0.32278,0.205697,0.036236,0.043443,0.061026,0.011424
TAACAAAGGGAGAAGC-1,0.000013,0.070687,0.010228,0.043409,0.11376,0.076363,0.188238,0.081449,0.03691,0.180896,0.054438,0.055967,0.087641
TAACAATATTTGTTGC-1,0.000023,0.010619,0.004667,0.100211,0.223476,0.068355,0.205823,0.015992,0.059086,0.196158,0.08393,0.022674,0.008986
TAACAGCGTTTGTGCT-1,0.000051,0.000051,0.634271,0.365163,0.000051,0.000051,0.000051,0.000051,0.000051,0.000051,0.000051,0.000051,0.000051
TAACAGGTTCCCTTAG-1,0.000009,0.003875,0.000009,0.000009,0.001221,0.048086,0.027395,0.279552,0.292487,0.000009,0.092999,0.230285,0.024067
TAACATACAATGTGGG-1,0.00002,0.03407,0.001016,0.08106,0.265793,0.077858,0.019583,0.06128,0.108335,0.009353,0.247594,0.056817,0.037222
TAACATACACGCGATC-1,0.000146,0.000146,0.000146,0.438797,0.559597,0.000146,0.000146,0.000146,0.000146,0.000146,0.000146,0.000146,0.000146
TAACCGCCCGCAGTGC-1,0.000033,0.138938,0.146467,0.115226,0.084947,0.003577,0.354965,0.061948,0.009116,0.068666,0.004701,0.000033,0.011383
TAACCGTCCAGTTCAT-1,0.00003,0.818805,0.180866,0.00003,0.00003,0.00003,0.00003,0.00003,0.00003,0.00003,0.00003,0.00003,0.00003
TAACCTACCGTCCGAG-1,0.000015,0.000015,0.000015,0.000545,0.02691,0.201553,0.110125,0.081135,0.232295,0.022051,0.039475,0.152428,0.133438
TAACGCTTTGAGAGCG-1,0.000049,0.012233,0.046169,0.052966,0.284538,0.031113,0.073134,0.023062,0.009218,0.109308,0.069584,0.002569,0.286058
TAACTATCGAAGGTCC-1,0.000798,0.003217,0.058899,0.093374,0.421897,0.024408,0.035353,0.000056,0.034164,0.067037,0.189045,0.030108,0.041644
TAACTATTACGCCAAA-1,0.001756,0.04256,0.026418,0.072484,0.139133,0.065013,0.116762,0.020215,0.034836,0.185561,0.126468,0.036032,0.132762
TAACTCATCCGCGCGG-1,0.000015,0.047899,0.000015,0.036113,0.017789,0.123031,0.031902,0.162928,0.506754,0.012358,0.036056,0.015172,0.009968
TAACTCCATGGAGGCT-1,0.000008,0.010784,0.000595,0.000238,0.000008,0.30416,0.431484,0.082167,0.090427,0.049544,0.013069,0.006491,0.011025
TAACTGAAATACGCCT-1,0.000533,0.000037,0.142868,0.856228,0.000037,0.000037,0.000037,0.000037,0.000037,0.000037,0.000037,0.000037,0.000037
TAAGATTTAGCGGGAG-1,0.000063,0.028034,0.615531,0.227525,0.057885,0.000063,0.000063,0.000063,0.000063,0.070521,0.000063,0.000063,0.000063
TAAGCAGGCGACACGC-1,0.000019,0.233051,0.000019,0.015706,0.077406,0.239672,0.024237,0.043175,0.044945,0.069512,0.083919,0.055619,0.112719
TAAGCCCTTACGACCA-1,0.000015,0.015619,0.068056,0.067612,0.035636,0.183084,0.183703,0.023425,0.119836,0.052352,0.121555,0.052429,0.07668
TAAGCGCGAATCAAAT-1,0.000058,0.000058,0.318116,0.681244,0.000058,0.000058,0.000058,0.000058,0.000058,0.000058,0.000058,0.000058,0.000058
TAAGGAACTTGTGGGA-1,0.000037,0.061896,0.000037,0.006342,0.280425,0.016103,0.202721,0.053312,0.110317,0.11496,0.10382,0.010577,0.039452
TAAGGCAACATAAGAT-1,0.000013,0.043186,0.02035,0.092941,0.079647,0.204818,0.035944,0.049157,0.02025,0.034133,0.155485,0.097583,0.166494
TAAGGCATAACATCAA-1,0.000068,0.000068,0.0635,0.314787,0.62103,0.000068,0.000068,0.000068,0.000068,0.000068,0.000068,0.000068,0.000068
TAAGGCCCGTCACCCT-1,0.000189,0.000189,0.224056,0.093724,0.389945,0.000189,0.000189,0.290569,0.000189,0.000189,0.000189,0.000189,0.000189
TAAGGCTGAATCCCTC-1,0.00093,0.000021,0.000021,0.021606,0.069134,0.022682,0.018329,0.358664,0.374424,0.008156,0.095721,0.016889,0.013421
TAAGGGCCTGTCCGAT-1,0.000321,0.000321,0.297218,0.370765,0.000717,0.000321,0.000321,0.328416,0.000321,0.000321,0.000321,0.000321,0.000321
TAAGGGCTGGGAGAGG-1,0.00002,0.006898,0.00002,0.034697,0.090343,0.073067,0.033707,0.109219,0.013863,0.022313,0.040629,0.09848,0.476746
TAAGTAAATGTGCCGC-1,0.000037,0.031652,0.134638,0.361903,0.317183,0.000037,0.001983,0.00225,0.000037,0.055766,0.087859,0.000037,0.006618
TAAGTAACATCTTGAC-1,0.000052,0.000052,0.000052,0.156975,0.274686,0.073186,0.002946,0.1341,0.156596,0.000206,0.10806,0.072613,0.020476
TAAGTCGCCGAGTATC-1,0.000168,0.000168,0.000168,0.589095,0.328276,0.000168,0.000168,0.000168,0.000168,0.080949,0.000168,0.000168,0.000168
TAAGTGAATAGTCTAC-1,0.000033,0.01111,0.000033,0.254922,0.180221,0.000033,0.02125,0.155282,0.008253,0.015063,0.023939,0.253791,0.076071
TAAGTTGCGACGTAGG-1,0.000122,0.000122,0.000122,0.91823,0.080433,0.000122,0.000122,0.000122,0.000122,0.000122,0.000122,0.000122,0.000122
TAATAAACAAGGAGAT-1,0.000012,0.044116,0.040022,0.036935,0.104125,0.036559,0.187797,0.090075,0.085716,0.156086,0.044716,0.065404,0.108436
TAATACACAGTAGTAT-1,0.000493,0.212534,0.00002,0.036275,0.160706,0.06687,0.090248,0.041433,0.033687,0.06714,0.200965,0.051059,0.03857
TAATACTAGAACAGAC-1,0.000326,0.000017,0.000017,0.28407,0.132088,0.016322,0.017497,0.336462,0.082833,0.019666,0.031956,0.066483,0.012263
TAATAGAACAGAGTTA-1,0.000707,0.000017,0.000017,0.148477,0.161539,0.026569,0.011336,0.314596,0.072862,0.016456,0.059465,0.104441,0.083517
TAATAGCTAAATGATG-1,0.000007,0.000007,0.061048,0.166711,0.058884,0.007015,0.016805,0.009136,0.003896,0.005504,0.374532,0.238239,0.058215
TAATAGGTCACCAGAA-1,0.000197,0.000197,0.737445,0.000197,0.000197,0.000197,0.000197,0.237837,0.000197,0.000197,0.000197,0.022708,0.00024
TAATAGTGACGACCAG-1,0.000023,0.009128,0.001664,0.085444,0.124494,0.339639,0.043574,0.017896,0.042736,0.086051,0.170463,0.020927,0.057961
TAATATTGAAATTCGC-1,0.000046,0.10383,0.072576,0.012147,0.076882,0.020367,0.170271,0.29307,0.02997,0.131557,0.029938,0.044761,0.014586
TAATCAACCAAATGGG-1,0.000065,0.000065,0.022059,0.922228,0.020718,0.000065,0.000065,0.034409,0.000065,0.000065,0.000065,0.000065,0.000065
TAATCAGGAATGCTGC-1,0.000025,0.002958,0.021861,0.002246,0.181085,0.069326,0.136006,0.076446,0.040098,0.047587,0.330852,0.008368,0.083142
TAATCGATCCGTACGT-1,0.000026,0.000026,0.021497,0.042755,0.243775,0.152897,0.096713,0.083452,0.142865,0.097923,0.071854,0.032259,0.013957
TAATGAAAGACCCTTG-1,0.000015,0.074766,0.000015,0.037532,0.128642,0.066252,0.189355,0.064234,0.063461,0.18383,0.02838,0.064017,0.0995
TAATGTCGGTTCATGG-1,0.000015,0.000015,0.000015,0.014474,0.06844,0.029774,0.080684,0.37534,0.279859,0.0096,0.049037,0.091153,0.001595
TAATTAGATGGATATG-1,0.001255,0.029487,0.824057,0.000043,0.000043,0.000043,0.006507,0.123932,0.014459,0.000043,0.000043,0.000043,0.000043
TAATTAGGACATCCGT-1,0.000045,0.005801,0.000045,0.202858,0.257754,0.056795,0.001665,0.086214,0.007852,0.115068,0.214093,0.037216,0.014594
TAATTGCGCTGATTAC-1,0.00014,0.00014,0.127608,0.635836,0.235155,0.00014,0.00014,0.00014,0.00014,0.00014,0.00014,0.00014,0.00014
TAATTGGAATCGGGAA-1,0.000012,0.002721,0.022133,0.109526,0.046553,0.040725,0.324334,0.15868,0.166953,0.025443,0.052277,0.040002,0.010642
TAATTTCCGTCCAGTA-1,0.000029,0.085135,0.000627,0.06174,0.133508,0.178965,0.014058,0.035341,0.088293,0.098732,0.187458,0.071748,0.044366
TACAAATTGCGGAGGT-1,0.000031,0.243931,0.286707,0.025909,0.002816,0.000643,0.355457,0.074372,0.004047,0.001749,0.000031,0.004276,0.000031
TACAACAGCGCATACA-1,0.000025,0.000025,0.000025,0.037716,0.293125,0.00103,0.000505,0.04104,0.040113,0.028218,0.18424,0.340676,0.033262
TACAACGCACAACTCA-1,0.000506,0.007283,0.000017,0.045567,0.184497,0.088102,0.017432,0.127884,0.203056,0.065789,0.212303,0.036722,0.01084
TACAAGCTGTTCACTG-1,0.000038,0.673661,0.284115,0.000038,0.041843,0.000038,0.000038,0.000038,0.000038,0.000038,0.000038,0.000038,0.000038
TACAAGGGCTTCTTTA-1,0.000039,0.000039,0.022311,0.262082,0.055461,0.000039,0.018587,0.539779,0.005441,0.000039,0.005838,0.054127,0.03622
TACAAGTCTCGTGCAT-1,0.000033,0.013624,0.000033,0.007334,0.230014,0.100313,0.056001,0.024022,0.032791,0.059417,0.135369,0.018076,0.322972
TACAATGAAACCAGCA-1,0.000015,0.466446,0.17733,0.000015,0.000015,0.004014,0.170507,0.106872,0.062213,0.008124,0.000015,0.004096,0.000337
TACACAGCCGTGGTGC-1,0.000034,0.000034,0.006096,0.142375,0.222393,0.055579,0.032334,0.195089,0.214445,0.057855,0.063647,0.003914,0.006205
TACACCGTCGTTAGTC-1,0.000026,0.000026,0.020333,0.090333,0.087701,0.055791,0.053731,0.091687,0.003233,0.191347,0.125141,0.099808,0.180844
TACACCTCTTCGAATC-1,0.000032,0.000032,0.000032,0.234243,0.054112,0.002775,0.030656,0.261573,0.303155,0.011334,0.006516,0.03159,0.06395
TACATAGGCATACACC-1,0.000048,0.000048,0.000048,0.185483,0.2306,0.091333,0.000048,0.084664,0.006871,0.090763,0.278912,0.005761,0.025423
TACATCCCTATCCCTG-1,0.000047,0.034377,0.000047,0.007092,0.456076,0.045765,0.00585,0.012797,0.011587,0.035422,0.357239,0.01765,0.016052
TACATCTTGTTTCTTG-1,0.000074,0.173847,0.216995,0.291072,0.110073,0.000074,0.098901,0.015537,0.000074,0.036301,0.000074,0.000074,0.056905
TACATGACCTTATCCG-1,0.000043,0.0005,0.07745,0.214167,0.095116,0.008566,0.339363,0.085587,0.028594,0.106718,0.000043,0.000043,0.04381
TACATGCCGGAATTGT-1,0.000206,0.000206,0.23705,0.760687,0.000206,0.000206,0.000206,0.000206,0.000206,0.000206,0.000206,0.000206,0.000206
TACATTTCTAACGTGC-1,0.000042,0.035018,0.007532,0.139246,0.365955,0.071724,0.033693,0.084709,0.08391,0.025758,0.035151,0.045885,0.071375
TACCAAATAGCCCAGA-1,0.000106,0.000106,0.276811,0.014181,0.329595,0.000106,0.000106,0.251239,0.000106,0.000106,0.000106,0.000106,0.127327
TACCAATAAAGTACCA-1,0.001,0.00003,0.020833,0.459573,0.001796,0.00003,0.000635,0.000606,0.00003,0.00003,0.00003,0.08805,0.427359
TACCAGAAGTAGGTTC-1,0.000051,0.000051,0.001385,0.375612,0.224823,0.056304,0.000059,0.098099,0.086699,0.002509,0.103037,0.007592,0.04378
TACCAGCTAGGTTTAA-1,0.000032,0.109151,0.118831,0.227844,0.083816,0.140929,0.051315,0.030615,0.077405,0.052128,0.067322,0.02952,0.011093
TACCAGGAATCCCGTC-1,0.000043,0.000043,0.000043,0.359223,0.105654,0.000043,0.01657,0.311936,0.109312,0.091661,0.000043,0.005379,0.000048
TACCATGTATTGATTT-1,0.000029,0.000029,0.000029,0.038174,0.076959,0.001536,0.044968,0.486995,0.285496,0.000299,0.001069,0.058749,0.00567
TACCGAATAATTGTAA-1,0.000032,0.000032,0.015133,0.588671,0.024855,0.003097,0.017903,0.298613,0.018942,0.000032,0.000032,0.019351,0.013305
TACCGATCCAACACTT-1,0.000214,0.819265,0.110406,0.004018,0.012083,0.000014,0.002202,0.011807,0.003552,0.009776,0.018546,0.004735,0.003381
TACCGCGGACTTGCAG-1,0.00003,0.00003,0.00003,0.011424,0.161299,0.170176,0.030434,0.02053,0.010976,0.36256,0.144637,0.045627,0.042245
TACCGGCTCACTGCCC-1,0.00003,0.00003,0.0073,0.245744,0.00003,0.08176,0.016176,0.347017,0.147109,0.015352,0.00003,0.080827,0.058594
TACCGGTCGTTTCCAT-1,0.000023,0.012011,0.000023,0.05243,0.037813,0.153934,0.022236,0.144263,0.454488,0.015871,0.044288,0.020348,0.042272
TACCGTAGGTTAACTA-1,0.000208,0.000208,0.184727,0.378051,0.000208,0.000208,0.000208,0.155859,0.000208,0.000208,0.000208,0.000208,0.279492
TACCGTGCCTCGGACC-1,0.000098,0.000098,0.045733,0.627047,0.188298,0.000098,0.000098,0.106477,0.000098,0.000098,0.000098,0.000098,0.031658
TACCTACTCCCAGTAT-1,0.000263,0.000263,0.253402,0.000263,0.57733,0.000263,0.000263,0.166643,0.000263,0.000263,0.000263,0.000263,0.000263
TACCTATCCCTAGAGG-1,0.00004,0.00004,0.00004,0.033375,0.390427,0.059487,0.00004,0.003554,0.00421,0.153884,0.342362,0.012499,0.00004
TACCTCACCAATTGTA-1,0.000032,0.000032,0.000032,0.383783,0.068046,0.000032,0.003095,0.077461,0.035564,0.000032,0.050175,0.342494,0.039222
TACCTCACGCTTGTAC-1,0.00002,0.131329,0.00002,0.049643,0.039994,0.045089,0.15417,0.256717,0.138697,0.163646,0.008544,0.005811,0.006319
TACCTCAGTTGTCTGT-1,0.000195,0.000195,0.334199,0.000195,0.450802,0.000195,0.000195,0.066002,0.14724,0.000195,0.000195,0.000195,0.000195
TACCTCCACACCAATG-1,0.000118,0.000118,0.197095,0.801611,0.000118,0.000118,0.000118,0.000118,0.000118,0.000118,0.000118,0.000118,0.000118
TACCTGCTGCACTGTG-1,0.000047,0.048932,0.01142,0.058625,0.27237,0.096918,0.081035,0.046411,0.003936,0.088947,0.116252,0.026006,0.149102
TACCTTAAGATTTCCC-1,0.000017,0.005697,0.000017,0.096166,0.002875,0.110367,0.044392,0.408084,0.220425,0.008318,0.006651,0.071095,0.025894
TACGAACACGACTTCA-1,0.000024,0.062903,0.01534,0.133989,0.058156,0.044772,0.003013,0.021816,0.009728,0.004505,0.243994,0.213587,0.188174
TACGACGCTTGCTGCG-1,0.000033,0.000033,0.000033,0.137887,0.131561,0.021491,0.000033,0.439889,0.039129,0.001829,0.107051,0.09614,0.02489
TACGACTGCCTCTTAG-1,0.000028,0.000028,0.000028,0.082272,0.08307,0.100128,0.023276,0.256886,0.287287,0.011039,0.025378,0.117466,0.013116
TACGAGAACTTCACGT-1,0.000022,0.003508,0.000022,0.096982,0.023149,0.411237,0.016852,0.028068,0.118507,0.009502,0.256054,0.012996,0.023101
TACGATCCAAGCCACT-1,0.000021,0.000021,0.034875,0.060943,0.16094,0.170869,0.092036,0.015099,0.023183,0.111815,0.180491,0.023602,0.126106
TACGATGTTGATCATC-1,0.000023,0.01291,0.000023,0.000023,0.061364,0.381767,0.00858,0.080754,0.083331,0.046514,0.302277,0.011441,0.010996
TACGCAGTTCTTTCCT-1,0.000031,0.000031,0.000031,0.050519,0.129689,0.08352,0.021649,0.122948,0.385344,0.007814,0.178722,0.010309,0.009394
TACGCCATATTCTAAT-1,0.000034,0.03612,0.000034,0.098542,0.202622,0.099939,0.022067,0.243899,0.199046,0.042629,0.030909,0.01501,0.009148
TACGCCGAGGGTACCC-1,0.000118,0.000118,0.000118,0.878868,0.119832,0.000118,0.000118,0.000118,0.000118,0.000118,0.000118,0.000118,0.000118
TACGCCGCCTCAGAAG-1,0.000018,0.000018,0.000018,0.000018,0.000018,0.000018,0.134477,0.277747,0.391744,0.000018,0.000018,0.192631,0.003254
TACGCCTCCATTCCGA-1,0.000113,0.000113,0.088622,0.900104,0.010141,0.000113,0.000113,0.000113,0.000113,0.000113,0.000113,0.000113,0.000113
TACGCTATAGAAACCT-1,0.000017,0.000017,0.002133,0.02543,0.475334,0.109244,0.006871,0.000017,0.004264,0.034569,0.255433,0.018606,0.068065
TACGCTCCTAGAACTG-1,0.000026,0.000026,0.000026,0.077116,0.285392,0.00842,0.013782,0.158503,0.115709,0.041719,0.207088,0.091401,0.000791
TACGCTGATAGTTGTA-1,0.000235,0.054862,0.000235,0.393192,0.549601,0.000235,0.000235,0.000235,0.000235,0.000235,0.000235,0.000235,0.000235
TACGCTGCACGGTCGT-1,0.000025,0.000025,0.000025,0.087289,0.162397,0.005806,0.005936,0.104218,0.235866,0.013217,0.193741,0.191428,0.000025
TACGCTGCTGTGTTAA-1,0.000126,0.000126,0.04087,0.939224,0.018643,0.000126,0.000126,0.000126,0.000126,0.000126,0.000126,0.000126,0.000126
TACGGAAGCCAAACCA-1,0.000016,0.000016,0.000016,0.213524,0.045541,0.012803,0.016196,0.497809,0.138983,0.013443,0.015437,0.01987,0.026347
TACGGGATGCTAGCAG-1,0.000593,0.054612,0.006675,0.169394,0.112032,0.093909,0.24816,0.043614,0.054857,0.076194,0.033856,0.038822,0.067282
TACGGGTAATAACATA-1,0.000025,0.000025,0.000025,0.228047,0.273351,0.008208,0.019818,0.152746,0.077139,0.003207,0.153539,0.079117,0.004754
TACGTAAAGCGGAGTG-1,0.002635,0.000111,0.382595,0.50732,0.004638,0.000111,0.000111,0.0804,0.000111,0.000111,0.000111,0.000111,0.021637
TACGTACTAGTGCTGA-1,0.000103,0.000103,0.39383,0.605034,0.000103,0.000103,0.000103,0.000103,0.000103,0.000103,0.000103,0.000103,0.000103
TACGTGCAAGGTTCCT-1,0.000022,0.008938,0.000022,0.029172,0.059806,0.038409,0.044321,0.017417,0.040326,0.018602,0.45032,0.240327,0.052318
TACGTGCACTATGCTG-1,0.000029,0.000029,0.004239,0.033674,0.09926,0.165417,0.146274,0.121471,0.163107,0.159075,0.091839,0.000735,0.014853
TACGTGGGCCCAGGGC-1,0.000019,0.000019,0.000019,0.102265,0.250529,0.024012,0.004922,0.304805,0.175256,0.013555,0.064789,0.035604,0.024205
TACGTTTACCGGCAAT-1,0.000036,0.000036,0.000036,0.053726,0.138243,0.07342,0.003466,0.015439,0.037367,0.007552,0.451026,0.105342,0.114311
TACTACGTGCAATGCG-1,0.000011,0.000011,0.013402,0.033092,0.027333,0.069252,0.046272,0.120198,0.497801,0.005641,0.130792,0.036797,0.019399
TACTATGGTTCCTCAG-1,0.000163,0.000163,0.104841,0.762983,0.130546,0.000163,0.000163,0.000163,0.000163,0.000163,0.000163,0.000163,0.000163
TACTCACAACGTAGTA-1,0.000036,0.669251,0.313037,0.017356,0.000036,0.000036,0.000036,0.000036,0.000036,0.000036,0.000036,0.000036,0.000036
TACTCATTGACGCATC-1,0.000078,0.000078,0.000078,0.594038,0.043896,0.034482,0.018006,0.170175,0.092485,0.000078,0.000078,0.046447,0.000078
TACTCCTCTAGTTGAC-1,0.000085,0.000085,0.264675,0.688623,0.045851,0.000085,0.000085,0.000085,0.000085,0.000085,0.000085,0.000085,0.000085
TACTCGGCACGCCGGG-1,0.0004,0.01192,0.000023,0.076363,0.187116,0.137987,0.017706,0.01562,0.020208,0.148333,0.175116,0.052853,0.156355
TACTCGTTTGAATCAA-1,0.000785,0.000034,0.000034,0.218811,0.299185,0.070286,0.006802,0.092255,0.116869,0.049477,0.069146,0.067276,0.009039
TACTCTCCGAACAAAT-1,0.000025,0.064131,0.00538,0.063451,0.319703,0.032995,0.076442,0.012106,0.019654,0.284082,0.09973,0.008624,0.013675
TACTCTTTCGTCTTCA-1,0.000244,0.000244,0.614317,0.000244,0.273254,0.109987,0.000244,0.000244,0.000244,0.000244,0.000244,0.000244,0.000244
TACTGAACAGATTTAG-1,0.000124,0.000124,0.003069,0.792729,0.202963,0.000124,0.000124,0.000124,0.000124,0.000124,0.000124,0.000124,0.000124
TACTGCAATCAATTAC-1,0.000009,0.000009,0.000009,0.006331,0.009546,0.042914,0.509539,0.032872,0.157335,0.024836,0.031451,0.143335,0.041815
TACTGCATGATTAAAT-1,0.000019,0.000019,0.000019,0.023327,0.157892,0.015716,0.066853,0.074955,0.085864,0.013135,0.292475,0.263897,0.005827
TACTGGACAGCTCGGC-1,0.000034,0.101623,0.000034,0.030825,0.133608,0.224703,0.011219,0.000034,0.028342,0.017867,0.332321,0.038179,0.081211
TACTGTTTCTCTGGTA-1,0.000042,0.000042,0.035035,0.185221,0.004915,0.008672,0.011967,0.301607,0.245053,0.01626,0.000042,0.152783,0.03836
TACTTAAACATGTACA-1,0.000112,0.000112,0.000623,0.998149,0.000112,0.000112,0.000112,0.000112,0.000112,0.000112,0.000112,0.000112,0.000112
TACTTGTTAGTAGTCC-1,0.000043,0.000043,0.000043,0.000043,0.185777,0.219351,0.062204,0.044464,0.111955,0.003586,0.311683,0.031053,0.029755
TACTTTACTGAGCCGG-1,0.000034,0.044739,0.019518,0.025505,0.260928,0.135407,0.051862,0.036976,0.014087,0.038934,0.106281,0.016378,0.24935
TACTTTCCGCACGCCA-1,0.00002,0.040774,0.000153,0.052876,0.036121,0.020667,0.025517,0.338964,0.346773,0.010638,0.081408,0.036814,0.009277
TAGAAACACAATAGTG-1,0.000028,0.247616,0.301628,0.11729,0.159141,0.061953,0.011413,0.000028,0.002697,0.079802,0.008005,0.000028,0.010372
TAGAAACCACTAAGTA-1,0.000023,0.355914,0.357264,0.079079,0.03511,0.018516,0.089606,0.01182,0.01401,0.019543,0.014027,0.000023,0.005064
TAGAAAGGTGGCGCTA-1,0.000014,0.01172,0.001179,0.027047,0.134478,0.03634,0.020189,0.078674,0.024321,0.043832,0.46062,0.031554,0.130031
TAGAAATTCACGTATA-1,0.000015,0.000015,0.004695,0.049926,0.119699,0.171004,0.041845,0.032448,0.037876,0.31815,0.06501,0.055719,0.103596
TAGAACGCCAGTAACG-1,0.000218,0.855379,0.136529,0.007745,0.000014,0.000014,0.000014,0.000014,0.000014,0.000014,0.000014,0.000014,0.000014
TAGAATTAAGGGCAAC-1,0.004604,0.45512,0.123446,0.230052,0.02888,0.024644,0.082849,0.007928,0.010472,0.021041,0.003798,0.004356,0.002809
TAGACGAAACGCCAAT-1,0.000063,0.000063,0.088256,0.861097,0.050012,0.000063,0.000063,0.000063,0.000063,0.000063,0.000063,0.000063,0.000063
TAGACGCCCGTACCGG-1,0.000031,0.000031,0.000031,0.01584,0.431465,0.068059,0.007812,0.00636,0.001329,0.122499,0.216844,0.039517,0.090183
TAGACTACCTAGCGTT-1,0.000023,0.023124,0.002238,0.10492,0.17934,0.122811,0.019788,0.019421,0.108988,0.061878,0.235578,0.045546,0.076347
TAGACTCAGTTGGCCT-1,0.000158,0.000158,0.000158,0.482662,0.515601,0.000158,0.000158,0.000158,0.000158,0.000158,0.000158,0.000158,0.000158
TAGAGATCATGCAACT-1,0.000045,0.008863,0.017515,0.241787,0.206959,0.018226,0.000045,0.022822,0.087872,0.029527,0.355449,0.000045,0.010846
TAGAGCTACGAAGAAC-1,0.000022,0.120375,0.021648,0.179536,0.117823,0.056277,0.135181,0.077258,0.027582,0.145835,0.067422,0.018725,0.032316
TAGAGGGAGTTTATCT-1,0.00004,0.00004,0.00004,0.308194,0.204583,0.000132,0.00004,0.098442,0.017156,0.008514,0.057212,0.163091,0.142516
TAGAGGTTCTACTTGT-1,0.000158,0.000158,0.075906,0.688487,0.234027,0.000158,0.000158,0.000158,0.000158,0.000158,0.000158,0.000158,0.000158
TAGAGTCTAAGCGAAC-1,0.000013,0.012234,0.003019,0.036048,0.047674,0.281488,0.064305,0.25274,0.067622,0.035346,0.083106,0.057744,0.058663
TAGAGTGTTCCGGGTA-1,0.000046,0.000046,0.000046,0.153955,0.589087,0.000046,0.000046,0.041024,0.056452,0.000046,0.146965,0.012193,0.000046
TAGATATGGACTGGAA-1,0.000038,0.000038,0.000038,0.100769,0.37683,0.000099,0.000038,0.319657,0.076074,0.000038,0.094367,0.030737,0.001277
TAGATCCGAAGTCGCA-1,0.000059,0.151487,0.385764,0.116925,0.034238,0.100246,0.056717,0.069666,0.008205,0.043665,0.000059,0.000059,0.03291
TAGATTCAAAGTGCGG-1,0.000013,0.000013,0.00383,0.078773,0.175537,0.00554,0.028795,0.521106,0.077535,0.005711,0.032713,0.059692,0.010741
TAGATTCCTGGTTATT-1,0.000041,0.031505,0.000041,0.135818,0.348551,0.076835,0.017904,0.001303,0.002309,0.134435,0.128219,0.000041,0.122999
TAGATTCTCTAGCAAA-1,0.000029,0.000029,0.000029,0.40545,0.254614,0.008017,0.002449,0.061406,0.081649,0.026941,0.087308,0.072051,0.000029
TAGCAACCTGTCACAA-1,0.000013,0.006361,0.015692,0.011315,0.024441,0.301004,0.278119,0.123363,0.078163,0.06852,0.077294,0.008092,0.007623
TAGCAGATACTTAGGG-1,0.000089,0.000089,0.000089,0.037504,0.902593,0.000089,0.000089,0.034179,0.019293,0.000089,0.005216,0.00059,0.000089
TAGCAGTAAATACGCG-1,0.000007,0.000007,0.008296,0.086374,0.024019,0.016245,0.024977,0.048597,0.026381,0.007808,0.52159,0.221329,0.01437
TAGCAGTATGACTAAA-1,0.000055,0.000055,0.07786,0.829638,0.010498,0.000055,0.000055,0.000055,0.000055,0.000055,0.000055,0.039477,0.04209
TAGCCAGAGGGTCCGG-1,0.000378,0.752222,0.204211,0.020413,0.022564,0.000026,0.000026,0.000026,0.000026,0.000026,0.000026,0.000026,0.000026
TAGCCATGATTGCCTA-1,0.000151,0.145963,0.006393,0.846132,0.000151,0.000151,0.000151,0.000151,0.000151,0.000151,0.000151,0.000151,0.000151
TAGCCATTTCAAAGTC-1,0.000032,0.000032,0.000032,0.185641,0.155747,0.08645,0.003301,0.168053,0.25244,0.008376,0.084253,0.019226,0.036418
TAGCCGGCGGTCAGCG-1,0.000006,0.027702,0.000681,0.000298,0.004816,0.398484,0.016103,0.043456,0.308566,0.010511,0.146457,0.021679,0.021243
TAGCGTCCCTCGATTG-1,0.000554,0.000031,0.000031,0.184685,0.001163,0.141999,0.000031,0.127989,0.054,0.000031,0.012904,0.438193,0.038389
TAGCGTCCGGTGTGGT-1,0.000084,0.000084,0.005448,0.993628,0.000084,0.000084,0.000084,0.000084,0.000084,0.000084,0.000084,0.000084,0.000084
TAGCGTCGAATATTGA-1,0.000024,0.012162,0.000024,0.03562,0.086277,0.329108,0.030123,0.043876,0.023484,0.113308,0.091556,0.050688,0.183747
TAGCGTTGGGTCTTAC-1,0.000024,0.000024,0.000024,0.084567,0.16271,0.115444,0.039636,0.090278,0.223709,0.011044,0.200829,0.061746,0.009964
TAGCTAAGTCCGGGAG-1,0.000031,0.000031,0.001852,0.124417,0.144168,0.127938,0.059964,0.017064,0.011126,0.06255,0.316132,0.071095,0.063633
TAGCTAGAAGGCATGA-1,0.000027,0.000027,0.000027,0.280713,0.026409,0.039543,0.00286,0.375446,0.089206,0.000027,0.006975,0.04863,0.13011
TAGCTAGTGATGATGG-1,0.000233,0.000233,0.186623,0.333298,0.169948,0.000233,0.000233,0.132281,0.000233,0.000233,0.000233,0.000233,0.175985
TAGCTCACTGTGTTTG-1,0.000107,0.000107,0.000107,0.702734,0.092514,0.000107,0.000107,0.000107,0.18008,0.013499,0.000107,0.01032,0.000107
TAGCTCAGATCCTAGT-1,0.000013,0.00509,0.003519,0.000112,0.079842,0.396126,0.127003,0.032452,0.07057,0.060703,0.118734,0.068816,0.037018
TAGCTCGCCTGATAAC-1,0.000064,0.00603,0.000064,0.203683,0.014775,0.041657,0.02037,0.555681,0.157423,0.000064,0.000064,0.000064,0.000064
TAGCTGATGTGAAGCG-1,0.000018,0.000018,0.000018,0.047838,0.075675,0.079369,0.017391,0.123892,0.173357,0.056796,0.279307,0.075959,0.070361
TAGGAACAGCCTCCAG-1,0.000388,0.834147,0.111973,0.000027,0.000027,0.005227,0.043683,0.003996,0.000426,0.000027,0.000027,0.000027,0.000027
TAGGAGGCTCGAGAAC-1,0.000011,0.000011,0.171474,0.215443,0.00596,0.078475,0.020533,0.173994,0.097987,0.009168,0.033227,0.135574,0.058143
TAGGATCTTAACCGCA-1,0.000027,0.000027,0.000027,0.012727,0.447523,0.023006,0.00852,0.068225,0.09489,0.043437,0.231506,0.066245,0.00384
TAGGCATGTTACGCCA-1,0.000041,0.011685,0.017994,0.042394,0.432133,0.031315,0.040105,0.08948,0.02103,0.256405,0.02758,0.014565,0.015274
TAGGCCTATATAGTCT-1,0.000101,0.035753,0.004759,0.827671,0.130906,0.000101,0.000101,0.000101,0.000101,0.000101,0.000101,0.000101,0.000101
TAGGCGATGAGGTCTC-1,0.000049,0.000049,0.000049,0.136679,0.128725,0.000049,0.000049,0.647385,0.084099,0.000049,0.002718,0.000049,0.000049
TAGGCGGCTGCAAAGA-1,0.000109,0.000109,0.396072,0.592889,0.009948,0.000109,0.000109,0.000109,0.000109,0.000109,0.000109,0.000109,0.000109
TAGGCTAAAGTGGCAC-1,0.000062,0.000062,0.017172,0.982151,0.000062,0.000062,0.000062,0.000062,0.000062,0.000062,0.000062,0.000062,0.000062
TAGGGAGCTTGGGATG-1,0.00004,0.00004,0.00004,0.013525,0.563477,0.009548,0.00004,0.00004,0.00004,0.021079,0.330784,0.025079,0.036267
TAGGGTGTTTCAAGAG-1,0.000019,0.027403,0.003991,0.044204,0.028609,0.442745,0.141211,0.029935,0.064811,0.133016,0.008155,0.030366,0.045534
TAGGTCCAAGTAAGGA-1,0.000015,0.010902,0.001539,0.041998,0.06932,0.425342,0.137574,0.082608,0.06364,0.048108,0.082535,0.002248,0.034172
TAGGTCGCCGGAACTG-1,0.000025,0.001772,0.000025,0.024061,0.194328,0.132185,0.012378,0.011305,0.016942,0.197021,0.281102,0.01654,0.112318
TAGGTGACGATAACCT-1,0.000232,0.000232,0.48376,0.384368,0.000232,0.000232,0.000232,0.129555,0.000232,0.000232,0.000232,0.000232,0.000232
TAGGTGAGCCCTACTC-1,0.000041,0.055471,0.038456,0.043225,0.183615,0.267373,0.003677,0.020056,0.054731,0.134945,0.141834,0.00725,0.049327
TAGGTGCTCGCCTAGC-1,0.000047,0.000047,0.000047,0.116224,0.175642,0.039745,0.002117,0.106357,0.116907,0.043049,0.181691,0.126563,0.091562
TAGGTGTTCCACAGAT-1,0.000178,0.000178,0.427045,0.153213,0.000178,0.000178,0.000178,0.294583,0.000178,0.000178,0.000178,0.123556,0.000178
TAGGTTCGAGTTCGTC-1,0.000014,0.000014,0.000014,0.006958,0.007884,0.220934,0.002799,0.03364,0.052027,0.003779,0.257692,0.356084,0.058159
TAGGTTCTGCTGAGAA-1,0.000019,0.005337,0.000019,0.076157,0.094209,0.023721,0.022219,0.280704,0.155076,0.032452,0.060874,0.170109,0.079104
TAGTACCACAACTTTC-1,0.000342,0.000342,0.139118,0.360255,0.070999,0.000342,0.000342,0.297256,0.000342,0.000342,0.000342,0.000342,0.129636
TAGTACCTTAGTGGTC-1,0.000019,0.001607,0.029212,0.058548,0.000373,0.106587,0.435533,0.196522,0.161879,0.003429,0.00451,0.000019,0.001764
TAGTAGTTGCCGGACA-1,0.000025,0.000025,0.000025,0.065934,0.162695,0.040389,0.008359,0.094971,0.175305,0.007869,0.397382,0.040732,0.006291
TAGTCCCGGAGACCAC-1,0.000042,0.000042,0.000043,0.42248,0.084375,0.021183,0.022796,0.114254,0.056556,0.020121,0.000051,0.039641,0.218416
TAGTCCGCAGAGAATG-1,0.000016,0.000016,0.000016,0.019536,0.041832,0.098142,0.031903,0.170606,0.317874,0.006436,0.203955,0.078669,0.030998
TAGTCCGTATGCATAA-1,0.000241,0.064696,0.147275,0.053458,0.016648,0.006977,0.567006,0.062272,0.02742,0.022095,0.005284,0.003471,0.023158
TAGTCCTGCACTAAGC-1,0.000075,0.303747,0.000075,0.678834,0.016674,0.000075,0.000075,0.000075,0.000075,0.000075,0.000075,0.000075,0.000075
TAGTCGATCACGGGTT-1,0.000039,0.000039,0.000039,0.135026,0.253674,0.046975,0.058884,0.307094,0.181738,0.009145,0.007268,0.000039,0.000039
TAGTCGGGATTCTTCG-1,0.000081,0.398781,0.209189,0.19005,0.05222,0.000081,0.000081,0.000081,0.000081,0.149114,0.000081,0.000081,0.000081
TAGTCTAACAACGAGA-1,0.000453,0.00002,0.00002,0.072893,0.247845,0.08367,0.012445,0.041658,0.185955,0.034971,0.280093,0.035152,0.004826
TAGTCTGCGGCACATT-1,0.000036,0.000036,0.000036,0.159206,0.111892,0.000036,0.000036,0.228495,0.304077,0.000036,0.044106,0.143409,0.008597
TAGTCTGTGACGTTGC-1,0.000018,0.000491,0.000402,0.078274,0.031442,0.066974,0.352348,0.038439,0.050808,0.176491,0.155268,0.025107,0.023936
TAGTCTTTCCGAATTG-1,0.00005,0.00005,0.005313,0.202135,0.128348,0.00005,0.010015,0.313592,0.330093,0.00005,0.00005,0.010203,0.00005
TAGTGACAAGCTCTAC-1,0.000024,0.000024,0.000024,0.219052,0.027099,0.001995,0.049101,0.380582,0.246416,0.000024,0.020303,0.045728,0.00963
TAGTGAGAAGTGGTTG-1,0.000029,0.511357,0.130095,0.010268,0.057255,0.000029,0.243971,0.017257,0.004621,0.023258,0.000029,0.001144,0.00069
TAGTGCCCTCCAGAGT-1,0.000025,0.08231,0.024714,0.024521,0.171673,0.12577,0.028276,0.025629,0.085136,0.083551,0.287481,0.033404,0.027508
TAGTGCTTGAATCCTT-1,0.000033,0.9943,0.000489,0.004876,0.000033,0.000033,0.000033,0.000033,0.000033,0.000033,0.000033,0.000033,0.000033
TAGTGGAACTCATACA-1,0.000519,0.897808,0.074083,0.000037,0.013904,0.000037,0.000037,0.000037,0.000037,0.000037,0.013392,0.000037,0.000037
TAGTGTCAGAAACGGC-1,0.000025,0.073443,0.031775,0.030718,0.269345,0.026434,0.234196,0.055367,0.027088,0.133222,0.104222,0.009564,0.0046
TAGTTAAGATAGGATA-1,0.000031,0.444525,0.215296,0.16975,0.001762,0.000031,0.041169,0.038091,0.000031,0.056473,0.002259,0.013177,0.017407
TAGTTTATTCTTGCTT-1,0.000032,0.106493,0.056127,0.008012,0.015391,0.036347,0.309187,0.246848,0.190342,0.025848,0.000032,0.001216,0.004126
TAGTTTGATCGGTCGC-1,0.000475,0.000475,0.629225,0.000475,0.365552,0.000475,0.000475,0.000475,0.000475,0.000475,0.000475,0.000475,0.000475
TATAAATCCACAAGCT-1,0.000016,0.031103,0.037198,0.108566,0.060077,0.01507,0.312999,0.16043,0.041003,0.07512,0.016116,0.043633,0.098667
TATAAGTGAGGATAGC-1,0.000029,0.013401,0.000029,0.008123,0.216372,0.040885,0.194677,0.098303,0.073345,0.080534,0.108623,0.035325,0.130353
TATACACAGACGCCTT-1,0.000021,0.000021,0.000021,0.000021,0.000021,0.004611,0.02412,0.73167,0.239259,0.000021,0.000021,0.000171,0.000021
TATACACGCAAAGTAT-1,0.000021,0.0511,0.00715,0.03023,0.205154,0.051252,0.263416,0.072356,0.063375,0.193499,0.047018,0.002708,0.012722
TATACCGAGTGCCACA-1,0.00005,0.00005,0.00005,0.317416,0.019938,0.056205,0.012887,0.276726,0.232944,0.00005,0.00005,0.053456,0.030176
TATACGCGTCATCACT-1,0.000209,0.000209,0.571603,0.000209,0.000209,0.000209,0.000209,0.276853,0.000209,0.000209,0.000209,0.149453,0.000209
TATACTCATGCGGCAA-1,0.000015,0.023119,0.015451,0.066536,0.017301,0.057818,0.545378,0.079135,0.05135,0.080196,0.009129,0.046009,0.008563
TATAGAGTCGCTTGAA-1,0.000086,0.000086,0.000086,0.389718,0.609331,0.000086,0.000086,0.000086,0.000086,0.000086,0.000086,0.000086,0.000086
TATAGATGGTCGCAGT-1,0.000031,0.003798,0.000031,0.131592,0.111479,0.062376,0.006512,0.056431,0.03978,0.009198,0.302578,0.21571,0.060483
TATAGCGCACGTTATC-1,0.000052,0.000052,0.000052,0.087311,0.404603,0.045617,0.000052,0.10294,0.052976,0.000052,0.287255,0.017625,0.001413
TATAGCTATTATCTCT-1,0.000071,0.000071,0.003588,0.367065,0.574813,0.000071,0.000071,0.016998,0.000071,0.000071,0.000071,0.036969,0.000071
TATAGGGTACTCATGA-1,0.000027,0.025826,0.000027,0.030654,0.139038,0.110808,0.013499,0.047105,0.02482,0.035766,0.12076,0.174214,0.277457
TATAGTTAGGTGTACT-1,0.000128,0.055659,0.000128,0.719235,0.000128,0.000128,0.000128,0.000128,0.000128,0.000128,0.000128,0.185486,0.038464
TATATAGGGCTTTACG-1,0.000149,0.000149,0.456072,0.542284,0.000149,0.000149,0.000149,0.000149,0.000149,0.000149,0.000149,0.000149,0.000149
TATATATCGAGAAATG-1,0.000322,0.000322,0.769195,0.000322,0.000322,0.000322,0.227264,0.000322,0.000322,0.000322,0.000322,0.000322,0.000322
TATATCAAAGTGATCT-1,0.000028,0.012123,0.000028,0.224118,0.054021,0.000028,0.020767,0.384523,0.008324,0.000028,0.032221,0.166136,0.097652
TATATCATTGATCAGT-1,0.00003,0.088338,0.009516,0.038489,0.13214,0.027061,0.030737,0.048486,0.095533,0.384766,0.046703,0.013389,0.08481
TATATCCCTGGGAGGA-1,0.000035,0.000035,0.047173,0.126617,0.178262,0.090154,0.00086,0.039081,0.01237,0.05926,0.196939,0.106666,0.142548
TATATGCTGGGTTGCC-1,0.000687,0.210906,0.015748,0.078792,0.140385,0.002691,0.000048,0.015357,0.016474,0.435063,0.075301,0.008498,0.000048
TATATTACAAATGTCG-1,0.000014,0.076951,0.04425,0.06651,0.111092,0.058501,0.161903,0.171337,0.054933,0.111164,0.062556,0.021509,0.05928
TATATTCGCGTCGATA-1,0.000014,0.235172,0.001494,0.000014,0.000014,0.099684,0.167787,0.083583,0.009995,0.001242,0.000014,0.113023,0.287961
TATCAAAGGTCTGTAA-1,0.000023,0.073643,0.02925,0.121611,0.263936,0.043676,0.154668,0.054295,0.018209,0.090114,0.048283,0.020022,0.08227
TATCACAGCACGGGCA-1,0.000035,0.169969,0.618677,0.067408,0.052932,0.000533,0.026103,0.032086,0.000035,0.015361,0.002104,0.004889,0.009868
TATCACCATGTAAAGT-1,0.000016,0.307528,0.055735,0.04814,0.024842,0.069776,0.250439,0.071548,0.020599,0.028875,0.012673,0.033973,0.075856
TATCACCCAACCGACC-1,0.00002,0.049623,0.00085,0.022647,0.151212,0.035073,0.323619,0.118555,0.053081,0.171858,0.028483,0.004848,0.040131
TATCACTTCGAGTAAC-1,0.000035,0.056408,0.015799,0.173198,0.233449,0.01329,0.053161,0.003062,0.053239,0.324867,0.06156,0.006469,0.005463
TATCAGTGGCGTAGTC-1,0.000038,0.000038,0.000038,0.208508,0.04783,0.005688,0.000038,0.70699,0.014867,0.00313,0.00125,0.011547,0.000038
TATCCAATTGGTTATC-1,0.000179,0.000179,0.025894,0.63067,0.341647,0.000179,0.000179,0.000179,0.000179,0.000179,0.000179,0.000179,0.000179
TATCCATATCATGCGA-1,0.000022,0.023451,0.000022,0.003837,0.061689,0.164452,0.041231,0.038895,0.241849,0.361392,0.060953,0.001402,0.000804
TATCCATCTCGGTTAG-1,0.000566,0.000566,0.296465,0.000566,0.466936,0.000566,0.230944,0.000566,0.000566,0.000566,0.000566,0.000566,0.000566
TATCCCTCGATCTGCA-1,0.000358,0.07384,0.000025,0.033381,0.090852,0.045489,0.046541,0.060418,0.150545,0.026834,0.312331,0.132186,0.027202
TATCCGCACCGTCGGG-1,0.000221,0.000221,0.570707,0.078051,0.00119,0.000221,0.000221,0.346351,0.000221,0.000221,0.000221,0.001933,0.000221
TATCCTATCAACTGGT-1,0.000021,0.009026,0.000021,0.07659,0.116965,0.008169,0.014244,0.401407,0.229228,0.019325,0.07243,0.038166,0.014406
TATCCTGCATGGGAAT-1,0.000016,0.044588,0.008033,0.063471,0.067296,0.037144,0.426903,0.200622,0.045131,0.060293,0.026619,0.010945,0.008938
TATCGATCTATGCATA-1,0.000014,0.022736,0.011109,0.039877,0.046185,0.216015,0.281845,0.168709,0.099142,0.029754,0.030127,0.028505,0.02598
TATCGATGATTAAACG-1,0.001372,0.011725,0.018755,0.078441,0.281257,0.283377,0.038709,0.000033,0.000541,0.056735,0.158347,0.000033,0.070674
TATCTACAGAGGTAAT-1,0.000033,0.029175,0.000033,0.134185,0.172196,0.220298,0.008931,0.014744,0.01485,0.285319,0.057916,0.008475,0.053845
TATCTACCACAGCGGG-1,0.000027,0.000027,0.000027,0.106355,0.157798,0.278846,0.020604,0.156274,0.218398,0.005363,0.027641,0.016809,0.011833
TATCTAGCCTAAAGGA-1,0.000029,0.016279,0.000029,0.014468,0.215638,0.192331,0.163793,0.006726,0.013492,0.011498,0.116027,0.028509,0.221181
TATCTGAGCCGATATT-1,0.00052,0.00052,0.720246,0.00052,0.274036,0.00052,0.00052,0.00052,0.00052,0.00052,0.00052,0.00052,0.00052
TATCTTGCAATACAAC-1,0.00009,0.082997,0.004363,0.663387,0.248447,0.00009,0.00009,0.00009,0.00009,0.00009,0.00009,0.00009,0.00009
TATGAAGAATTAAGGT-1,0.000052,0.000052,0.000052,0.968181,0.000052,0.000052,0.000052,0.000052,0.000052,0.000052,0.000052,0.031252,0.000052
TATGAAGACAGGTGCG-1,0.000032,0.049389,0.008944,0.18154,0.139864,0.067855,0.016805,0.005078,0.016714,0.426971,0.050701,0.010217,0.02589
TATGACCTTGCGCTGG-1,0.000034,0.000034,0.000034,0.142591,0.077154,0.034004,0.000034,0.095022,0.140322,0.011946,0.192157,0.287538,0.019132
TATGATAAATCTAACG-1,0.000641,0.68539,0.072614,0.020543,0.125452,0.000028,0.000028,0.028872,0.000028,0.016403,0.023654,0.016183,0.010164
TATGATCCGGCACGCC-1,0.000029,0.000029,0.048559,0.126297,0.104942,0.104527,0.010569,0.017367,0.003036,0.063263,0.400697,0.066856,0.053827
TATGATTCTGCTTGGT-1,0.00002,0.269021,0.004223,0.00002,0.00002,0.021588,0.677721,0.006819,0.009143,0.004695,0.00002,0.003295,0.003417
TATGCTCCCTACTTAC-1,0.000323,0.00634,0.009746,0.071822,0.099144,0.519575,0.092374,0.050529,0.009446,0.02051,0.045439,0.015388,0.059365
TATGGAGTTTCTCGTT-1,0.000031,0.602478,0.087301,0.001471,0.000031,0.012589,0.206944,0.06959,0.013801,0.003842,0.000031,0.000031,0.001858
TATGGATGTGCTACGC-1,0.000017,0.000017,0.010264,0.028547,0.051962,0.317089,0.146145,0.051132,0.052911,0.085947,0.078464,0.036283,0.141222
TATGGCAGACTTTCGA-1,0.000027,0.466132,0.132742,0.098379,0.013396,0.000027,0.040266,0.040144,0.019925,0.000027,0.000027,0.136466,0.05244
TATGGCCCGGCCTCGC-1,0.000008,0.004306,0.000008,0.000008,0.000008,0.671429,0.179061,0.043133,0.074259,0.00193,0.000348,0.00206,0.02344
TATGGCTAGGCTAATT-1,0.000018,0.000018,0.050891,0.029717,0.202759,0.027619,0.069094,0.021797,0.01897,0.012329,0.474234,0.079167,0.013386
TATGGGACCGAGCAGG-1,0.000046,0.047772,0.001263,0.296479,0.181066,0.059887,0.000046,0.000046,0.000046,0.005656,0.32978,0.074077,0.003838
TATGGGTACGTATCGT-1,0.000018,0.000018,0.000018,0.028993,0.04027,0.331225,0.017484,0.025591,0.161291,0.058778,0.297743,0.031501,0.007071
TATGGTCTGAGTAACA-1,0.00002,0.00002,0.00002,0.078202,0.063147,0.227729,0.008077,0.153078,0.157333,0.010281,0.239424,0.042894,0.019775
TATGGTTAGTGGGAGA-1,0.000029,0.01689,0.015876,0.317348,0.138218,0.06809,0.000029,0.001421,0.057839,0.005842,0.128489,0.231427,0.018503
TATGTAAAGTGCTTAA-1,0.000028,0.074911,0.000644,0.377439,0.000028,0.002525,0.025993,0.218472,0.023878,0.000028,0.000028,0.274183,0.001843
TATGTAGAAACCCGGC-1,0.000257,0.000257,0.512244,0.117293,0.367891,0.000257,0.000257,0.000257,0.000257,0.000257,0.000257,0.000257,0.000257
TATGTCAAGACCGACT-1,0.00002,0.058267,0.032743,0.050629,0.237471,0.027992,0.191641,0.080962,0.054429,0.092264,0.090949,0.057699,0.024934
TATGTCTCATTGTGCC-1,0.000015,0.011786,0.000015,0.041096,0.037724,0.414045,0.029596,0.04215,0.082749,0.069138,0.213452,0.026392,0.031841
TATTAACACCAAAGCA-1,0.000032,0.000032,0.000032,0.281791,0.310865,0.000376,0.000032,0.351531,0.035379,0.006816,0.01305,0.000032,0.000032
TATTAACCTGACCGCG-1,0.000141,0.000141,0.128149,0.658909,0.211535,0.000141,0.000141,0.000141,0.000141,0.000141,0.000141,0.000141,0.000141
TATTACCATCCTGCTT-1,0.000038,0.069159,0.000038,0.075254,0.335385,0.02818,0.006452,0.051874,0.026043,0.179872,0.19278,0.009487,0.025439
TATTATGTTTGCCTGC-1,0.000146,0.000146,0.129126,0.561547,0.307868,0.000146,0.000146,0.000146,0.000146,0.000146,0.000146,0.000146,0.000146
TATTCAATTCTAATCC-1,0.00106,0.003238,0.006654,0.018809,0.036721,0.079731,0.016371,0.13157,0.206816,0.027367,0.144676,0.240483,0.086505
TATTCCACTCAGCTCG-1,0.000026,0.000026,0.000026,0.050859,0.000026,0.040709,0.047602,0.426304,0.212534,0.001868,0.000026,0.159023,0.06097
TATTCCGAGCTGTTAT-1,0.00015,0.00015,0.00015,0.663289,0.335061,0.00015,0.00015,0.00015,0.00015,0.00015,0.00015,0.00015,0.00015
TATTCCGGCAGTCCTA-1,0.000043,0.822118,0.020412,0.074876,0.082205,0.000043,0.000043,0.000043,0.000043,0.000043,0.000043,0.000043,0.000043
TATTCCTCCGCCCACT-1,0.000051,0.024667,0.000051,0.176896,0.1407,0.011209,0.000942,0.417905,0.014457,0.142492,0.070529,0.000051,0.000051
TATTCGTGCCAGAATA-1,0.000008,0.000008,0.000008,0.000008,0.001514,0.370979,0.006578,0.033217,0.380307,0.002097,0.162056,0.026727,0.016494
TATTGACATTTCTGCC-1,0.000019,0.008026,0.013463,0.003409,0.020147,0.078731,0.103077,0.040855,0.151747,0.116944,0.080104,0.316625,0.066854
TATTGCCGGGCTTGTA-1,0.000093,0.000093,0.000093,0.874204,0.124774,0.000093,0.000093,0.000093,0.000093,0.000093,0.000093,0.000093,0.000093
TATTTAGTCTAGATCG-1,0.000049,0.065192,0.000049,0.044942,0.312592,0.081467,0.033958,0.004246,0.003588,0.100395,0.145706,0.156113,0.051704
TATTTATACCGAGTAG-1,0.000037,0.217592,0.000037,0.126554,0.242388,0.029803,0.056205,0.038694,0.026737,0.177541,0.041209,0.013586,0.029618
TATTTGATTTGCACAG-1,0.000166,0.000166,0.115623,0.735582,0.147137,0.000166,0.000166,0.000166,0.000166,0.000166,0.000166,0.000166,0.000166
TATTTGTTACCCTTTA-1,0.000069,0.01719,0.000069,0.028258,0.442105,0.025898,0.000069,0.006434,0.000069,0.385285,0.094417,0.000069,0.000069
TCAAACAACCGCGTCG-1,0.000019,0.001187,0.010328,0.015354,0.071603,0.305289,0.064207,0.025254,0.024762,0.208234,0.080906,0.037287,0.15557
TCAAACAATTAGGACA-1,0.00001,0.00001,0.01174,0.009889,0.082056,0.034998,0.088141,0.04279,0.092894,0.029473,0.339904,0.175136,0.092961
TCAAACTTAGATTGTT-1,0.000298,0.00002,0.036762,0.017568,0.108654,0.153462,0.00645,0.016191,0.091179,0.022655,0.528186,0.01255,0.006025
TCAAAGAGCTATCTGT-1,0.000013,0.000013,0.000013,0.000013,0.004435,0.171563,0.026285,0.144901,0.42568,0.006576,0.118312,0.054227,0.047972
TCAAAGTCACGGCGTC-1,0.000062,0.040229,0.000062,0.639584,0.140407,0.000062,0.001509,0.075753,0.002946,0.000062,0.000062,0.095164,0.004094
TCAAATTATGTTCGAC-1,0.000017,0.000017,0.002864,0.043195,0.060234,0.000017,0.040305,0.684348,0.111582,0.003247,0.005456,0.048702,0.000017
TCAAATTGTTGTGCCG-1,0.000022,0.000022,0.000022,0.351361,0.103009,0.001404,0.003572,0.407423,0.105634,0.011632,0.003855,0.005916,0.006127
TCAAATTTGAGACTCA-1,0.000134,0.000134,0.561412,0.002808,0.166813,0.000134,0.000134,0.260117,0.000134,0.000134,0.000134,0.000134,0.007782
TCAACAAAGATAATTC-1,0.000025,0.000025,0.000025,0.319409,0.113357,0.002493,0.011377,0.412413,0.028568,0.000025,0.00253,0.071675,0.03808
TCAACACATTGGGTAA-1,0.00053,0.039274,0.570523,0.149602,0.000036,0.022644,0.089132,0.098056,0.030057,0.000036,0.000036,0.000036,0.000036
TCAACATAGCGCCCTA-1,0.000174,0.000174,0.057548,0.667901,0.272811,0.000174,0.000174,0.000174,0.000174,0.000174,0.000174,0.000174,0.000174
TCAACATCGACCGAGA-1,0.00002,0.00002,0.00002,0.080529,0.034106,0.063799,0.004631,0.074015,0.053962,0.008604,0.246544,0.353522,0.080229
TCAACCATGTTCGGGC-1,0.00002,0.04131,0.00002,0.011011,0.052762,0.223201,0.072384,0.025734,0.031198,0.093492,0.07325,0.027177,0.348442
TCAACGAGGAGACAAA-1,0.000021,0.000021,0.014088,0.10615,0.507008,0.014713,0.001913,0.088024,0.085637,0.007058,0.14164,0.032333,0.001394
TCAACGCAGGAAATAA-1,0.000014,0.000014,0.000014,0.171033,0.032557,0.03842,0.022119,0.307508,0.281832,0.004332,0.040309,0.048586,0.053263
TCAACGCGACCGGCAG-1,0.000009,0.000009,0.000009,0.000009,0.0041,0.394032,0.006875,0.030424,0.254394,0.004751,0.217826,0.071328,0.016234
TCAACTAACGTATAAC-1,0.000016,0.018329,0.001866,0.013809,0.17871,0.320496,0.025098,0.011369,0.015075,0.096724,0.166955,0.01522,0.136335
TCAACTGCAGAGTCAG-1,0.000189,0.000189,0.457354,0.380473,0.066929,0.000189,0.000189,0.000189,0.000189,0.000189,0.000189,0.093538,0.000189
TCAAGAAATACTAGCT-1,0.000007,0.000007,0.000007,0.002231,0.014137,0.327767,0.215482,0.05111,0.109438,0.02909,0.06519,0.075704,0.10983
TCAAGCTGCCTTGAAA-1,0.000019,0.000019,0.034642,0.075793,0.293135,0.011472,0.016451,0.00913,0.022568,0.003349,0.513205,0.014778,0.00544
TCAAGGTTACTACACC-1,0.000667,0.000046,0.023448,0.139862,0.286967,0.008462,0.014211,0.093516,0.306388,0.000046,0.072628,0.053716,0.000046
TCAATACAATTGCTGC-1,0.000028,0.008954,0.009014,0.011171,0.337345,0.054831,0.029017,0.034845,0.024261,0.329161,0.132225,0.000028,0.029119
TCAATACGCCGTCATG-1,0.000089,0.000089,0.031604,0.39002,0.577483,0.000089,0.000089,0.000089,0.000089,0.000089,0.000089,0.000089,0.000089
TCAATATACAGGAGGC-1,0.00004,0.00004,0.00004,0.366271,0.141233,0.00004,0.025451,0.339924,0.100327,0.00004,0.00004,0.022663,0.003891
TCAATCCCGCGCCAAA-1,0.000107,0.000107,0.075564,0.523356,0.400014,0.000107,0.000107,0.000107,0.000107,0.000107,0.000107,0.000107,0.000107
TCAATCCGGGAAGTTT-1,0.000058,0.045626,0.000058,0.459675,0.266653,0.002934,0.000058,0.000058,0.000058,0.022754,0.20195,0.000058,0.000058
TCACAGATCCTCAAAC-1,0.000053,0.369649,0.215176,0.035726,0.163438,0.000053,0.025712,0.000053,0.000053,0.137753,0.0156,0.025889,0.010845
TCACAGCAAACTCGAA-1,0.000213,0.000014,0.000014,0.079139,0.207043,0.006061,0.0132,0.432308,0.01024,0.010784,0.033126,0.185355,0.022505
TCACAGGAGAATAAGA-1,0.000063,0.000063,0.000063,0.801619,0.022797,0.000063,0.000063,0.03396,0.000063,0.000063,0.093589,0.047529,0.000063
TCACAGGGAATCGCAA-1,0.000037,0.000037,0.000037,0.16251,0.190412,0.001623,0.011112,0.424449,0.128106,0.013081,0.003004,0.057029,0.008561
TCACAGGTTATTGGGC-1,0.000037,0.11656,0.000037,0.042242,0.41867,0.043527,0.006097,0.003358,0.003447,0.047969,0.132255,0.095285,0.090516
TCACATCTTATCTGAT-1,0.000042,0.042655,0.020171,0.131947,0.091466,0.175999,0.140628,0.030554,0.134748,0.042841,0.148677,0.018101,0.022171
TCACCCTCTTAAGATT-1,0.000057,0.000057,0.000057,0.149609,0.399899,0.010246,0.000057,0.19405,0.025592,0.028214,0.181736,0.000057,0.010369
TCACCGCTCGGCACTC-1,0.000035,0.099649,0.006939,0.348932,0.093896,0.02434,0.080019,0.000035,0.000035,0.1744,0.116693,0.034387,0.02064
TCACGATGTCCGTGGA-1,0.000053,0.000053,0.000053,0.306582,0.242198,0.03317,0.00114,0.174999,0.127543,0.000053,0.093989,0.000442,0.019726
TCACGATTAATACGTT-1,0.00006,0.015752,0.009946,0.413294,0.221947,0.00006,0.038081,0.262334,0.008078,0.000235,0.023814,0.00006,0.006339
TCACGCATTGTAGATC-1,0.000046,0.016296,0.000046,0.208059,0.340496,0.073926,0.000046,0.007378,0.000046,0.020838,0.257253,0.001233,0.074336
TCACGGCCCAAGAGAG-1,0.000074,0.000074,0.087556,0.911627,0.000074,0.000074,0.000074,0.000074,0.000074,0.000074,0.000074,0.000074,0.000074
TCACGGTCATCGCACA-1,0.000027,0.1097,0.011102,0.036338,0.06523,0.091211,0.068436,0.103755,0.058658,0.259633,0.032134,0.037674,0.126104
TCACGTGCCCGATTCA-1,0.000012,0.000012,0.000012,0.00207,0.005169,0.441373,0.00835,0.086627,0.322222,0.008602,0.095809,0.026142,0.0036
TCACTACGACCAATGC-1,0.005899,0.023876,0.237999,0.145948,0.283606,0.026663,0.145256,0.000035,0.000035,0.11843,0.0082,0.000035,0.004017
TCACTATCCCTTCGGT-1,0.000071,0.000071,0.007852,0.294466,0.161644,0.000071,0.008662,0.274786,0.046641,0.017943,0.023882,0.009021,0.15489
TCACTATCGTGCAATC-1,0.000046,0.491099,0.252114,0.061913,0.020218,0.000047,0.063216,0.053413,0.000046,0.011245,0.000046,0.000046,0.046549
TCACTCAGCGCATTAG-1,0.000019,0.327812,0.276005,0.000019,0.000019,0.001548,0.05859,0.023155,0.000214,0.00002,0.000019,0.287516,0.025062
TCACTCGTGCAACGGC-1,0.000043,0.32268,0.24974,0.135776,0.248081,0.000043,0.000043,0.000043,0.000043,0.003131,0.040291,0.000043,0.000043
TCACTCTTCGTCTGTC-1,0.000045,0.406453,0.010538,0.049162,0.029962,0.007856,0.149208,0.068833,0.017348,0.227921,0.000045,0.000045,0.032585
TCAGAACCTCCACAGG-1,0.000009,0.010601,0.000009,0.000009,0.000838,0.648706,0.018651,0.019493,0.085411,0.002372,0.130927,0.070655,0.012317
TCAGAACGGCGGTAAT-1,0.000013,0.000013,0.000251,0.10351,0.022307,0.132542,0.028437,0.264086,0.279306,0.016159,0.082578,0.057027,0.013772
TCAGACGCTATAGAAG-1,0.000042,0.000042,0.000042,0.36324,0.092235,0.000042,0.000042,0.457004,0.087144,0.000042,0.000042,0.000042,0.000042
TCAGAGCATGTCAACG-1,0.000029,0.012065,0.037238,0.475322,0.017065,0.002568,0.033062,0.278908,0.050805,0.00045,0.004013,0.071022,0.017453
TCAGAGGACGCGTTAG-1,0.000033,0.000033,0.000033,0.015216,0.350562,0.077464,0.00441,0.126672,0.189204,0.001,0.146661,0.078051,0.01066
TCAGATGGAGACGTAG-1,0.000004,0.000004,0.000004,0.000004,0.000076,0.193943,0.00654,0.001705,0.226459,0.000755,0.522827,0.045174,0.002503
TCAGCAAATGCATCTC-1,0.000017,0.017376,0.039892,0.101204,0.128799,0.059392,0.024021,0.062711,0.07734,0.043018,0.129666,0.112178,0.204386
TCAGCCAATCCGTAAA-1,0.002533,0.000173,0.217756,0.548656,0.2295,0.000173,0.000173,0.000173,0.000173,0.000173,0.000173,0.000173,0.000173
TCAGCGCACGCCGTTT-1,0.000038,0.000038,0.000038,0.132639,0.093252,0.05105,0.001611,0.039247,0.358376,0.014603,0.206205,0.087724,0.015179
TCAGCTTGAGCTTTCG-1,0.000342,0.000342,0.494873,0.000342,0.000342,0.000342,0.000342,0.501366,0.000342,0.000342,0.000342,0.000342,0.000342
TCAGGGCGACTTCCTT-1,0.000026,0.019881,0.051361,0.113382,0.05667,0.029991,0.363973,0.044879,0.003398,0.262991,0.039257,0.011876,0.002313
TCAGGGCGCAAACTCG-1,0.000033,0.000033,0.040345,0.129328,0.019334,0.025126,0.140469,0.05973,0.099336,0.404759,0.066662,0.004414,0.010433
TCAGGGTGCACGAAAC-1,0.000018,0.410954,0.093359,0.065057,0.019639,0.064064,0.197199,0.096819,0.003664,0.010762,0.009144,0.000963,0.028359
TCAGGGTGTAACGTAA-1,0.00002,0.059428,0.00002,0.030657,0.264128,0.045283,0.06296,0.029351,0.019953,0.216341,0.172623,0.044145,0.055093
TCAGGTTCTTTGAGAA-1,0.000018,0.009202,0.000018,0.000018,0.002405,0.25327,0.180093,0.028162,0.110113,0.051522,0.014743,0.034478,0.315959
TCAGTACTGACCCGCG-1,0.000038,0.020347,0.032572,0.060775,0.341694,0.007558,0.000038,0.000038,0.000038,0.107609,0.405981,0.000038,0.023274
TCAGTAGGGACTATAA-1,0.000029,0.000029,0.000029,0.032076,0.108561,0.114258,0.010913,0.387275,0.266421,0.010043,0.040172,0.010915,0.01928
TCAGTGTATACGTCAT-1,0.000171,0.000171,0.238996,0.75912,0.000171,0.000171,0.000171,0.000171,0.000171,0.000171,0.000171,0.000171,0.000171
TCAGTTACGGAATGAT-1,0.000472,0.830772,0.02825,0.132973,0.007267,0.000033,0.000033,0.000033,0.000033,0.000033,0.000033,0.000033,0.000033
TCATACTTACAGATCC-1,0.000043,0.068913,0.004115,0.177887,0.084364,0.031397,0.066492,0.042444,0.03189,0.000043,0.184922,0.199156,0.108334
TCATATGAGCTTTGTT-1,0.000067,0.000067,0.000067,0.47886,0.328559,0.000067,0.000067,0.046526,0.034698,0.000067,0.000067,0.106199,0.004691
TCATCACTCGAGCTCG-1,0.000039,0.044282,0.141967,0.409663,0.176929,0.100826,0.069209,0.000051,0.000039,0.022863,0.03343,0.000039,0.000663
TCATCCATCTGATCAC-1,0.000134,0.143677,0.000134,0.653364,0.000134,0.000134,0.000134,0.174084,0.000134,0.000134,0.000134,0.014101,0.013705
TCATCCCAGAGGGTGG-1,0.000026,0.214985,0.075241,0.069663,0.16754,0.028322,0.208217,0.034085,0.074974,0.090884,0.003876,0.009741,0.022446
TCATCCTCAGCTGCTT-1,0.000054,0.000054,0.000054,0.455288,0.034273,0.000054,0.000054,0.231534,0.265765,0.000054,0.000054,0.003243,0.009522
TCATCGACGACCGTCG-1,0.000018,0.000018,0.000018,0.074748,0.043431,0.013763,0.030574,0.199757,0.46544,0.013008,0.112485,0.032197,0.014544
TCATCGATGGTCCCAA-1,0.000209,0.000209,0.000209,0.437164,0.560537,0.000209,0.000209,0.000209,0.000209,0.000209,0.000209,0.000209,0.000209
TCATGAAGCGCTGCAT-1,0.000021,0.000021,0.000021,0.065303,0.20548,0.008222,0.014574,0.492786,0.063079,0.006194,0.032559,0.10387,0.007871
TCATGCAGGTTCTCAT-1,0.000039,0.121244,0.000715,0.05113,0.274017,0.019578,0.037025,0.004575,0.034535,0.308142,0.065309,0.060432,0.02326
TCATGGAGGCCTTTGT-1,0.00002,0.035955,0.00002,0.059599,0.050888,0.029973,0.058733,0.097093,0.203479,0.005234,0.153335,0.299191,0.00648
TCATTCGTATAATTTG-1,0.000029,0.00812,0.014304,0.010435,0.343391,0.093214,0.150245,0.01187,0.008058,0.159191,0.132158,0.035577,0.033409
TCATTTAAGTCTCCGA-1,0.000025,0.000025,0.000025,0.025641,0.115478,0.191465,0.036451,0.040873,0.13264,0.112394,0.171641,0.024286,0.149056
TCATTTAGAAGTGTGA-1,0.000136,0.000136,0.015496,0.705585,0.277559,0.000136,0.000136,0.000136,0.000136,0.000136,0.000136,0.000136,0.000136
TCCAACTCAGCTATCT-1,0.000122,0.000122,0.000122,0.507133,0.181943,0.000122,0.000122,0.309706,0.000122,0.000122,0.000122,0.000122,0.000122
TCCAACTTTAAATTCT-1,0.000022,0.000022,0.000022,0.038717,0.030289,0.130422,0.001091,0.051061,0.161077,0.011543,0.450133,0.056449,0.069151
TCCAAGCCTAGACACA-1,0.000033,0.000033,0.000033,0.43488,0.021106,0.028811,0.108488,0.225884,0.061595,0.004432,0.00142,0.024887,0.088399
TCCAATAAAGGCTACC-1,0.000075,0.000075,0.042903,0.297471,0.549038,0.000075,0.000075,0.000075,0.001079,0.000075,0.108906,0.000075,0.000075
TCCAATGCGTCGCCGC-1,0.000427,0.000427,0.520963,0.134381,0.000427,0.000427,0.000427,0.000427,0.340383,0.000427,0.000427,0.000427,0.000427
TCCACAATGGTTTACG-1,0.000027,0.010484,0.000027,0.009221,0.155332,0.399741,0.110852,0.018405,0.099299,0.047349,0.058526,0.032974,0.057762
TCCACATCGTATATTG-1,0.000024,0.006498,0.000024,0.133287,0.275522,0.000024,0.011116,0.341261,0.141424,0.00551,0.04824,0.031279,0.005789
TCCACCAAGACATAGG-1,0.000042,0.01089,0.041804,0.209106,0.032337,0.043833,0.018696,0.493445,0.067408,0.000042,0.005105,0.073181,0.00411
TCCACCTCTAGCCTTT-1,0.000209,0.000209,0.153329,0.195047,0.427427,0.000209,0.000209,0.005616,0.216909,0.000209,0.000209,0.000209,0.000209
TCCACTTTATCTAGGT-1,0.000017,0.000017,0.00587,0.012363,0.075824,0.286888,0.135521,0.079931,0.127845,0.022795,0.089635,0.036551,0.126744
TCCAGAGCACCGGTTC-1,0.000037,0.000037,0.000037,0.131924,0.394197,0.083887,0.032749,0.113555,0.023558,0.001495,0.184292,0.024204,0.010028
TCCAGATGTACGCCAA-1,0.000022,0.020899,0.015485,0.085579,0.211331,0.097586,0.061475,0.007385,0.022016,0.269886,0.114257,0.043596,0.050482
TCCAGCGCTATAAGCG-1,0.000075,0.061901,0.074636,0.862715,0.000075,0.000075,0.000075,0.000075,0.000075,0.000075,0.000075,0.000075,0.000075
TCCAGGCAGGACGATC-1,0.000021,0.000021,0.000021,0.04241,0.051728,0.031059,0.058519,0.320754,0.369815,0.009955,0.027733,0.053705,0.034258
TCCAGGCGAGTACGGT-1,0.000033,0.028575,0.000033,0.106833,0.171742,0.116694,0.000033,0.006182,0.002495,0.028419,0.48018,0.014067,0.044714
TCCAGGGTATATACGA-1,0.000174,0.000174,0.390216,0.128699,0.090578,0.137249,0.000174,0.103436,0.098987,0.000174,0.000174,0.000174,0.049793
TCCATTAGTTGGATAG-1,0.000037,0.728797,0.106169,0.164663,0.000037,0.000037,0.000037,0.000037,0.000037,0.000037,0.000037,0.000037,0.000037
TCCATTCCCACTAGAG-1,0.000013,0.000013,0.016577,0.013231,0.157104,0.019221,0.00474,0.001041,0.007109,0.016978,0.740677,0.019561,0.003735
TCCATTGTGACCTCGT-1,0.000037,0.560942,0.119938,0.113215,0.169384,0.003789,0.010804,0.000037,0.000037,0.004679,0.01592,0.000037,0.001182
TCCCAAACAGACAACG-1,0.000016,0.006282,0.061577,0.106928,0.20287,0.051995,0.077152,0.032973,0.022336,0.122882,0.195013,0.015169,0.104806
TCCCAAACATCCTCTA-1,0.000022,0.000022,0.000022,0.02108,0.224208,0.004253,0.026516,0.27593,0.034259,0.001905,0.073876,0.275337,0.062569
TCCCAAAGACGAAGGA-1,0.000018,0.041508,0.016478,0.072166,0.152792,0.163332,0.094688,0.031863,0.025013,0.157725,0.106878,0.037742,0.099797
TCCCAAAGCCCTAAAT-1,0.000024,0.000024,0.00159,0.061609,0.31977,0.085811,0.01553,0.029804,0.133157,0.01004,0.225958,0.064843,0.05184
TCCCAATATCGACGAC-1,0.000043,0.00502,0.000043,0.005111,0.432965,0.025199,0.000043,0.009795,0.018526,0.028323,0.249005,0.196943,0.028983
TCCCACGGAGGGAGCT-1,0.000025,0.885046,0.089045,0.00988,0.000025,0.000025,0.015806,0.000025,0.000025,0.000025,0.000025,0.000025,0.000025
TCCCACTCTCTTCCGG-1,0.000022,0.009504,0.000022,0.102004,0.098925,0.357768,0.00909,0.006004,0.010028,0.033792,0.194372,0.09672,0.081749
TCCCAGCTTTAGTCTG-1,0.00005,0.00005,0.006135,0.036578,0.315886,0.027501,0.00454,0.115307,0.048643,0.02708,0.366678,0.007719,0.043833
TCCCAGGCTTAGCTAA-1,0.00003,0.00003,0.016728,0.214548,0.232048,0.030701,0.00003,0.001114,0.00003,0.048051,0.07406,0.016113,0.366515
TCCCGCCTATGTGCGT-1,0.000024,0.000024,0.007428,0.037501,0.26688,0.026363,0.015024,0.018911,0.015249,0.031934,0.36508,0.105839,0.109743
TCCCGCGTACTCCTGG-1,0.000024,0.023938,0.011393,0.03574,0.143291,0.250803,0.080836,0.01807,0.044801,0.126546,0.132396,0.028651,0.103511
TCCCGGGTGTGCTGCT-1,0.000048,0.010145,0.000048,0.026081,0.244815,0.057569,0.002464,0.000048,0.011455,0.001938,0.199483,0.066815,0.379091
TCCCGGTCAGGAATTT-1,0.000066,0.234751,0.335236,0.405647,0.023773,0.000066,0.000066,0.000066,0.000066,0.000066,0.000066,0.000066,0.000066
TCCCGTCAGTCCCGCA-1,0.000037,0.143938,0.011939,0.079916,0.419379,0.007029,0.002025,0.000037,0.000037,0.086699,0.206187,0.009945,0.032832
TCCCGTCGCGTCATAG-1,0.000018,0.000018,0.00131,0.005316,0.033806,0.171179,0.087822,0.005809,0.02847,0.093036,0.026997,0.375305,0.170913
TCCCGTGTGCAATTTG-1,0.000053,0.008194,0.000053,0.327532,0.071426,0.000053,0.094334,0.26242,0.119372,0.000053,0.108744,0.007713,0.000053
TCCCTAGATCAATAGG-1,0.00002,0.041099,0.006966,0.043995,0.090263,0.079753,0.123126,0.041683,0.091267,0.050224,0.166437,0.127942,0.137225
TCCCTCCGAAATCGTT-1,0.000024,0.393178,0.2732,0.000024,0.000024,0.025067,0.230863,0.017452,0.009711,0.021491,0.001325,0.002111,0.025528
TCCCTCTTCTCAAGGG-1,0.00033,0.083521,0.159033,0.519181,0.00033,0.00033,0.00033,0.00033,0.00033,0.00033,0.235294,0.00033,0.00033
TCCCTGGCGTATTAAC-1,0.000145,0.000145,0.225306,0.518281,0.254968,0.000145,0.000145,0.000145,0.000145,0.000145,0.000145,0.000145,0.000145
TCCCTGGCTCGCTGGA-1,0.000031,0.048239,0.016468,0.045183,0.057072,0.194711,0.04666,0.044751,0.053113,0.015568,0.096686,0.044063,0.337454
TCCCTTAGATTACTCG-1,0.004586,0.070221,0.064458,0.241203,0.031527,0.128002,0.118511,0.038316,0.006591,0.021822,0.039059,0.099842,0.135862
TCCCTTGTCTGAAACT-1,0.00009,0.00009,0.103926,0.784131,0.111042,0.00009,0.00009,0.00009,0.00009,0.00009,0.00009,0.00009,0.00009
TCCGAACGTTGCCGCT-1,0.000071,0.000071,0.055889,0.328739,0.049026,0.000071,0.030755,0.365351,0.009777,0.000071,0.000071,0.013652,0.146455
TCCGAACTTGGCTTAC-1,0.000025,0.221538,0.000025,0.078402,0.065714,0.16836,0.011172,0.011465,0.018404,0.187077,0.090162,0.017723,0.129932
TCCGAAGTAGTCACCA-1,0.000563,0.008547,0.001785,0.026714,0.132548,0.022603,0.077272,0.086918,0.017098,0.331589,0.138338,0.105409,0.050616
TCCGAATGGTCCTGAG-1,0.000021,0.000021,0.003806,0.041224,0.118644,0.308048,0.089477,0.005679,0.116642,0.084858,0.052163,0.040179,0.139239
TCCGACCGCTAATCAA-1,0.000012,0.000012,0.000012,0.114146,0.116195,0.01342,0.022785,0.514298,0.147567,0.005283,0.020706,0.036043,0.009524
TCCGAGAAGGCTAAGC-1,0.000039,0.260067,0.270893,0.054551,0.126913,0.000039,0.022949,0.084082,0.017173,0.150912,0.012304,0.000039,0.000039
TCCGATAATTGCCATA-1,0.000016,0.019183,0.046826,0.171819,0.021198,0.139039,0.232518,0.063379,0.077144,0.100479,0.073141,0.022121,0.033138
TCCGATGACTGAGCTC-1,0.000016,0.011812,0.007257,0.017229,0.000016,0.016112,0.037536,0.043581,0.005945,0.000125,0.000016,0.291419,0.568936
TCCGATGGTGCGACAT-1,0.000015,0.013838,0.00418,0.034603,0.045376,0.557154,0.093447,0.023555,0.054145,0.077573,0.047933,0.014698,0.033484
TCCGATTACATTGCCG-1,0.000023,0.009054,0.000023,0.020421,0.150948,0.352574,0.019878,0.013591,0.032458,0.017359,0.126788,0.160628,0.096255
TCCGCAGCCACCTAGC-1,0.000062,0.187391,0.54076,0.265154,0.006138,0.000062,0.000062,0.000062,0.000062,0.000062,0.000062,0.000062,0.000062
TCCGCCTGTCTACAAG-1,0.000087,0.000087,0.204503,0.794543,0.000087,0.000087,0.000087,0.000087,0.000087,0.000087,0.000087,0.000087,0.000087
TCCGCGGCAGCATCTG-1,0.000035,0.01787,0.000035,0.044345,0.304407,0.034805,0.013285,0.037008,0.002509,0.054352,0.470147,0.012644,0.008555
TCCGCGGCCCAATGAA-1,0.00007,0.00007,0.001687,0.901984,0.09563,0.00007,0.00007,0.00007,0.00007,0.00007,0.00007,0.00007,0.00007
TCCGCTGGGTCGATCG-1,0.005116,0.120491,0.095859,0.632095,0.145151,0.000161,0.000161,0.000161,0.000161,0.000161,0.000161,0.000161,0.000161
TCCGCTGTCATCCCGG-1,0.000052,0.000052,0.000052,0.153021,0.129282,0.026913,0.001231,0.455654,0.202332,0.000107,0.003788,0.010429,0.017088
TCCGCTTATCCCATTA-1,0.000061,0.000061,0.032871,0.556028,0.043942,0.000061,0.004261,0.171758,0.153823,0.004321,0.004093,0.011282,0.017438
TCCGGAGGAAGGGCTG-1,0.00001,0.032394,0.003584,0.013362,0.05689,0.100692,0.139448,0.111803,0.236138,0.203748,0.051763,0.017394,0.032774
TCCGGCCTAGCGTACA-1,0.00002,0.045046,0.02249,0.041688,0.118499,0.104982,0.094439,0.036438,0.037516,0.211515,0.061559,0.10508,0.120729
TCCGGCCTGCATCGAT-1,0.000046,0.873779,0.041012,0.000046,0.084752,0.000046,0.000046,0.000046,0.000046,0.000046,0.000046,0.000046,0.000046
TCCGGGCCACTAACGG-1,0.000047,0.000047,0.000047,0.231756,0.221246,0.000047,0.000047,0.0967,0.071318,0.000076,0.337876,0.026593,0.014202
TCCGGGCTTGACGGGA-1,0.000064,0.000064,0.019046,0.839323,0.000064,0.000064,0.000064,0.013366,0.003352,0.000064,0.000064,0.066115,0.058351
TCCGGTTCGTCCGGTC-1,0.000088,0.000088,0.000591,0.47904,0.179851,0.013544,0.000088,0.233434,0.009438,0.017364,0.064035,0.000088,0.002351
TCCGTAACCACAATCC-1,0.000367,0.053288,0.104569,0.146591,0.101125,0.051406,0.172916,0.097909,0.026776,0.135462,0.044645,0.00481,0.060136
TCCGTTAAGCTAATAT-1,0.000102,0.000102,0.01096,0.987913,0.000102,0.000102,0.000102,0.000102,0.000102,0.000102,0.000102,0.000102,0.000102
TCCGTTTAGCCTTGAA-1,0.000036,0.000036,0.000036,0.074122,0.354645,0.058967,0.017371,0.010645,0.009963,0.312048,0.127291,0.020319,0.01452
TCCTAAAGATTCAGAC-1,0.002829,0.00002,0.000804,0.104582,0.082981,0.029143,0.008673,0.264409,0.037438,0.006263,0.047737,0.148036,0.267085
TCCTAACCGTCGGGCA-1,0.000135,0.000135,0.162929,0.614896,0.010281,0.000135,0.000135,0.000135,0.000135,0.000135,0.003075,0.207738,0.000135
TCCTACATCCACGGCC-1,0.000019,0.000019,0.000019,0.085571,0.00578,0.027193,0.0321,0.428657,0.189963,0.00935,0.005365,0.178924,0.037041
TCCTAGCAAAGAAGCT-1,0.000033,0.027793,0.000033,0.078112,0.189424,0.137813,0.008098,0.074183,0.126365,0.018529,0.229661,0.100556,0.0094
TCCTATCATAGGTAAC-1,0.000022,0.000022,0.010496,0.19638,0.000022,0.003926,0.047069,0.222744,0.217891,0.00206,0.000022,0.276648,0.022699
TCCTCCTAAGACATTC-1,0.00002,0.00002,0.00002,0.013849,0.109407,0.104257,0.03298,0.08481,0.478911,0.002787,0.155511,0.011782,0.005647
TCCTCGGGCTGGGCTT-1,0.000065,0.000065,0.025459,0.243245,0.110333,0.019992,0.000065,0.054741,0.213973,0.000065,0.270787,0.000065,0.061146
TCCTCTACGAGATGGC-1,0.000019,0.000019,0.000019,0.000019,0.011563,0.422678,0.025355,0.026067,0.063024,0.005134,0.405128,0.015639,0.025337
TCCTCTCCAGTTGTCC-1,0.000016,0.000041,0.000016,0.009309,0.007405,0.53647,0.022934,0.022771,0.059767,0.017168,0.056649,0.054678,0.212775
TCCTCTGGCCCATTAG-1,0.000031,0.679519,0.065217,0.022684,0.116591,0.013909,0.000894,0.000031,0.007579,0.001739,0.075235,0.000031,0.01654
TCCTGCAGCCGCCAAT-1,0.000022,0.076049,0.033763,0.088283,0.057951,0.023674,0.004658,0.075068,0.195216,0.000761,0.247076,0.188833,0.008645
TCCTGCCAACTGGAGA-1,0.000022,0.738546,0.026399,0.030925,0.085139,0.05033,0.008039,0.004276,0.011626,0.019058,0.015554,0.001005,0.00908
TCCTGCGTTGATACTC-1,0.000017,0.15094,0.000017,0.001257,0.0213,0.15039,0.012502,0.02793,0.081146,0.028851,0.43895,0.050986,0.035713
TCCTGGCGCTGCCTGG-1,0.000024,0.146505,0.000263,0.117068,0.214837,0.072832,0.066731,0.030529,0.101046,0.117013,0.119694,0.005991,0.007465
TCCTTACGACGGTCCG-1,0.00004,0.00004,0.00004,0.301834,0.072195,0.018704,0.014151,0.175169,0.315544,0.002027,0.003435,0.038555,0.058266
TCCTTCAATCCCTACG-1,0.000027,0.044644,0.000027,0.006665,0.147116,0.066837,0.000027,0.038142,0.136656,0.003951,0.473203,0.04231,0.040394
TCCTTCAGTGGTCGAA-1,0.000036,0.058824,0.081484,0.083166,0.225009,0.029453,0.162031,0.036023,0.065116,0.235127,0.015532,0.003785,0.004412
TCCTTGTCCTTTAATT-1,0.00003,0.00003,0.00003,0.038699,0.350315,0.011276,0.013009,0.187234,0.344711,0.00003,0.023632,0.021762,0.009242
TCCTTTAAATCCGCTT-1,0.000172,0.000172,0.072985,0.925122,0.000172,0.000172,0.000172,0.000172,0.000172,0.000172,0.000172,0.000172,0.000172
TCCTTTCTTACGCTTA-1,0.000034,0.000034,0.000034,0.036497,0.087777,0.154418,0.006439,0.045693,0.159991,0.20679,0.206367,0.040323,0.055604
TCGAAATTTAGGACCA-1,0.000013,0.017052,0.00239,0.007126,0.018657,0.477062,0.1528,0.048393,0.057075,0.079542,0.070399,0.007296,0.062194
TCGAAGAACCGAGCAC-1,0.000005,0.000005,0.000005,0.000005,0.000005,0.178769,0.078356,0.117829,0.619118,0.000347,0.000172,0.003294,0.00209
TCGAATATCCCGCAGG-1,0.00016,0.00016,0.122139,0.876102,0.00016,0.00016,0.00016,0.00016,0.00016,0.00016,0.00016,0.00016,0.00016
TCGAATCGCAGGGTAG-1,0.000018,0.000018,0.000018,0.107381,0.038831,0.021477,0.04308,0.118023,0.308566,0.011749,0.154546,0.182544,0.013747
TCGACAACTGAACCCG-1,0.000112,0.000112,0.000112,0.957043,0.041721,0.000112,0.000112,0.000112,0.000112,0.000112,0.000112,0.000112,0.000112
TCGACATAGCGTAGCG-1,0.000682,0.000029,0.000029,0.107542,0.278632,0.005517,0.047957,0.341742,0.068195,0.021862,0.037128,0.071566,0.019118
TCGACTGACGATGGCT-1,0.00002,0.00002,0.00002,0.040939,0.056135,0.013769,0.036505,0.24495,0.26739,0.013956,0.170261,0.154894,0.001139
TCGAGACCAACACCGT-1,0.000042,0.000042,0.008988,0.016226,0.598932,0.040878,0.000042,0.000042,0.000042,0.003075,0.329623,0.00013,0.001939
TCGAGCCAGGCAGGCC-1,0.000133,0.000133,0.000133,0.907488,0.091048,0.000133,0.000133,0.000133,0.000133,0.000133,0.000133,0.000133,0.000133
TCGAGTCTACGATTCG-1,0.000088,0.000088,0.059504,0.594889,0.344729,0.000088,0.000088,0.000088,0.000088,0.000088,0.000088,0.000088,0.000088
TCGATAGGCTAGTCGC-1,0.000065,0.013878,0.415942,0.200554,0.137936,0.000065,0.059539,0.000065,0.000065,0.171693,0.000065,0.000065,0.000065
TCGATGTTACGGCCGT-1,0.000104,0.000104,0.007832,0.969281,0.02185,0.000104,0.000104,0.000104,0.000104,0.000104,0.000104,0.000104,0.000104
TCGATTTACGAAACGA-1,0.000014,0.000014,0.000014,0.089684,0.074313,0.083036,0.053751,0.104177,0.354694,0.022637,0.110377,0.05642,0.050868
TCGCAAAGATGCATTT-1,0.003001,0.000108,0.000108,0.538632,0.15273,0.000108,0.000108,0.1987,0.085185,0.000108,0.000108,0.000108,0.020992
TCGCACTAACGTTTGT-1,0.000087,0.313201,0.31544,0.039225,0.25829,0.000087,0.000087,0.000087,0.000087,0.073146,0.000087,0.000087,0.000087
TCGCATCCCTAAGTGT-1,0.000035,0.208534,0.009784,0.08605,0.267888,0.017309,0.056824,0.102879,0.114727,0.102057,0.021545,0.010808,0.001558
TCGCATTCAATGACTT-1,0.000068,0.120497,0.375012,0.094669,0.40921,0.000068,0.000068,0.000068,0.000068,0.000068,0.000068,0.000068,0.000068
TCGCCACCCGGATTAC-1,0.000026,0.000026,0.014971,0.011099,0.144274,0.000026,0.03676,0.472492,0.220928,0.000481,0.044267,0.054625,0.000026
TCGCCCAACTGACTCC-1,0.000019,0.000019,0.007389,0.0444,0.172187,0.027631,0.148636,0.052872,0.019756,0.292319,0.118778,0.105145,0.010848
TCGCCCACTGCGAGAG-1,0.000029,0.037612,0.034215,0.013586,0.23856,0.125875,0.009204,0.020849,0.012008,0.084692,0.343827,0.020462,0.059083
TCGCCGAAGTTGCGTC-1,0.000056,0.000056,0.000056,0.048178,0.278033,0.149476,0.002694,0.011535,0.003407,0.003913,0.30793,0.157524,0.037145
TCGCCGACATATTCGC-1,0.00004,0.016417,0.00004,0.563106,0.00004,0.00004,0.04894,0.061169,0.033293,0.00004,0.00004,0.177881,0.098952
TCGCCGCACCGCGTGA-1,0.000037,0.000037,0.006689,0.185044,0.057147,0.22166,0.001037,0.201768,0.097061,0.000037,0.214067,0.002898,0.012518
TCGCCGGAGAGTCTTA-1,0.000046,0.796559,0.086796,0.000046,0.094995,0.000046,0.000046,0.000046,0.000046,0.005471,0.015808,0.000046,0.000046
TCGCCGGATGGGCAAG-1,0.000017,0.000017,0.014155,0.083342,0.02086,0.241406,0.223151,0.147954,0.105686,0.096739,0.00297,0.013617,0.050088
TCGCCGGTCGATCCGT-1,0.000034,0.033028,0.000974,0.107807,0.316132,0.024338,0.044159,0.066325,0.028508,0.304757,0.042205,0.000034,0.031699
TCGCCTCCTTCGGCTC-1,0.000058,0.037691,0.124916,0.367209,0.040943,0.00465,0.182328,0.075535,0.163167,0.000058,0.000058,0.002547,0.000838
TCGCCTCGACCTGTTG-1,0.000072,0.612005,0.296644,0.000072,0.000072,0.000072,0.000209,0.090499,0.000072,0.000072,0.000072,0.000072,0.000072
TCGCGCGTTTACATGA-1,0.000149,0.000149,0.119881,0.703641,0.17499,0.000149,0.000149,0.000149,0.000149,0.000149,0.000149,0.000149,0.000149
TCGCGTAGCAGTGTCC-1,0.025641,0.025642,0.025642,0.025642,0.025642,0.025642,0.025641,0.025642,0.025641,0.025642,0.692302,0.025641,0.025642
TCGCGTCCAGAAGGTC-1,0.000032,0.052277,0.000032,0.030002,0.137858,0.26603,0.015568,0.029345,0.038558,0.053373,0.107398,0.027306,0.24222
TCGCTAAACCGCTATC-1,0.000025,0.072946,0.135891,0.246914,0.034637,0.072656,0.067789,0.036961,0.122718,0.091397,0.021168,0.051053,0.045846
TCGCTACTGGCTTTGA-1,0.000046,0.000046,0.005007,0.426974,0.000046,0.005393,0.108183,0.103999,0.000046,0.000046,0.000046,0.265702,0.084463
TCGCTCGATATATTCC-1,0.000025,0.032383,0.009203,0.051866,0.019906,0.18251,0.020451,0.128522,0.108701,0.001152,0.33256,0.04886,0.06386
TCGCTCGGCACCAGCG-1,0.000029,0.026586,0.000067,0.007571,0.440791,0.152486,0.106564,0.007418,0.003602,0.065058,0.156835,0.021016,0.011977
TCGCTGCCAATGCTGT-1,0.000029,0.000029,0.000029,0.111647,0.199016,0.000029,0.015141,0.456512,0.192206,0.01049,0.008137,0.006706,0.000029
TCGCTGGGCGGATTGT-1,0.000039,0.000039,0.000039,0.127103,0.255296,0.117029,0.003313,0.000039,0.000039,0.092177,0.354172,0.013012,0.037702
TCGCTGTGCGTAAATC-1,0.000059,0.029768,0.107034,0.050163,0.413808,0.014412,0.049629,0.028564,0.034973,0.133401,0.129732,0.000059,0.008398
TCGCTTAATTACGAAG-1,0.000015,0.004443,0.02688,0.011577,0.108948,0.065161,0.029649,0.012964,0.013658,0.137834,0.179808,0.285032,0.12403
TCGCTTTAAACGTTTG-1,0.000228,0.003387,0.00337,0.000509,0.053441,0.120572,0.311975,0.096274,0.187034,0.073781,0.04806,0.040006,0.061363
TCGGAATGACCATCAA-1,0.000023,0.873969,0.004054,0.000219,0.044579,0.006334,0.003277,0.000023,0.000023,0.037175,0.030277,0.000023,0.000023
TCGGAATGCGCTCTGA-1,0.000025,0.021245,0.000322,0.013461,0.090299,0.41169,0.013148,0.012513,0.020007,0.204805,0.070352,0.009936,0.132196
TCGGACGCCCAGCCCA-1,0.000507,0.021407,0.000032,0.0063,0.301588,0.100163,0.026209,0.03094,0.017248,0.017756,0.348677,0.027685,0.101489
TCGGAGAGTATCGGGA-1,0.000048,0.000048,0.000048,0.153469,0.485589,0.002442,0.000048,0.009979,0.063186,0.000385,0.257928,0.026782,0.000048
TCGGAGTACATGAGTA-1,0.000022,0.006415,0.001789,0.028373,0.104786,0.217546,0.021145,0.044337,0.117083,0.048758,0.389385,0.008265,0.012096
TCGGAGTCCTGGTTGC-1,0.000177,0.000177,0.000177,0.997847,0.000203,0.000177,0.000177,0.000177,0.000177,0.000177,0.000177,0.000177,0.000177
TCGGATCTGGATGACC-1,0.000313,0.000313,0.682851,0.250476,0.000313,0.000313,0.063547,0.000313,0.000313,0.000313,0.000313,0.000313,0.000313
TCGGCAGGGTTAAGGG-1,0.000157,0.000157,0.031355,0.966922,0.000157,0.000157,0.000157,0.000157,0.000157,0.000157,0.000157,0.000157,0.000157
TCGGCGAACCCAAACC-1,0.00002,0.00002,0.032671,0.25259,0.00002,0.032796,0.072759,0.391137,0.140586,0.00002,0.00002,0.035298,0.042062
TCGGCGTACTGCACAA-1,0.000028,0.000028,0.000028,0.3668,0.180461,0.046915,0.035588,0.188716,0.113901,0.020317,0.033441,0.005227,0.008551
TCGGCTAACTTCCCTT-1,0.000045,0.361752,0.35209,0.013309,0.078982,0.005055,0.108081,0.000045,0.007464,0.066465,0.000045,0.000045,0.006621
TCGGCTTGTATCGACG-1,0.000496,0.000496,0.347866,0.578622,0.068549,0.000496,0.000496,0.000496,0.000496,0.000496,0.000496,0.000496,0.000496
TCGGGAACGTGCCTAG-1,0.000014,0.035956,0.005544,0.032374,0.011499,0.136113,0.057565,0.021129,0.019031,0.176817,0.062781,0.332625,0.10855
TCGGGAGACAGCGTAC-1,0.00022,0.00022,0.253145,0.046259,0.205691,0.00022,0.00022,0.359176,0.00022,0.00022,0.00022,0.133965,0.00022
TCGGGATTCAAACATA-1,0.00001,0.016908,0.00001,0.00001,0.026503,0.38441,0.056305,0.031388,0.062501,0.043864,0.159269,0.018777,0.200046
TCGGGCACTTCTGGAT-1,0.003464,0.595106,0.024019,0.000022,0.000022,0.000937,0.041966,0.020804,0.000022,0.000022,0.000022,0.204532,0.109064
TCGGGCCGTCGTGGTA-1,0.000031,0.000031,0.000031,0.085717,0.101406,0.109935,0.044838,0.142811,0.317549,0.01077,0.111127,0.051811,0.023941
TCGGGTGAAACTGCTA-1,0.000021,0.093197,0.136362,0.240444,0.013991,0.033655,0.168074,0.024589,0.025831,0.030566,0.037419,0.108103,0.087749
TCGGTCCCGACAATAG-1,0.000096,0.032194,0.000096,0.693314,0.220243,0.000096,0.000096,0.000096,0.000096,0.000096,0.05339,0.000096,0.000096
TCGGTCCCTGACTCCA-1,0.000621,0.18198,0.229285,0.005326,0.06092,0.03577,0.068614,0.077309,0.092678,0.065746,0.071964,0.100195,0.009592
TCGGTGACCGCTCCGG-1,0.000013,0.029178,0.018398,0.005007,0.007695,0.030057,0.080704,0.085921,0.034764,0.014936,0.087575,0.504914,0.100838
TCGGTTAGCCATGTAG-1,0.000033,0.238423,0.107853,0.248844,0.043443,0.004584,0.005163,0.008923,0.000033,0.041922,0.041112,0.184466,0.075199
TCGTAACTCCCAAGAC-1,0.00343,0.000024,0.000024,0.192313,0.000024,0.000024,0.260655,0.027644,0.000024,0.000024,0.000024,0.391583,0.124204
TCGTAAGACGACATTG-1,0.000021,0.000021,0.000021,0.006197,0.061353,0.177148,0.047959,0.013025,0.042264,0.047964,0.027853,0.013497,0.562676
TCGTAAGCTCCGAGGA-1,0.000009,0.000009,0.000009,0.000582,0.018638,0.077593,0.529105,0.112681,0.093509,0.044842,0.074347,0.021638,0.027038
TCGTACCGACGTCAAG-1,0.000019,0.000019,0.000019,0.073437,0.044311,0.002333,0.012772,0.635763,0.143732,0.001308,0.024886,0.048614,0.012788
TCGTATAGTGCAATTA-1,0.000132,0.180602,0.000132,0.000132,0.394365,0.000132,0.181716,0.000132,0.000132,0.071748,0.054695,0.000132,0.115947
TCGTATCACCAAGCTA-1,0.000017,0.000017,0.024409,0.028877,0.060576,0.342819,0.156831,0.04103,0.073742,0.034431,0.105864,0.096942,0.034446
TCGTATTACCCATTGC-1,0.000029,0.000029,0.000029,0.032738,0.130978,0.036784,0.000029,0.039715,0.022171,0.037718,0.540847,0.088279,0.070652
TCGTATTTCGTCCGGA-1,0.000024,0.420927,0.124542,0.002447,0.007557,0.001176,0.290053,0.079808,0.024852,0.017351,0.010271,0.003881,0.017113
TCGTCAAGTACGCGCA-1,0.000151,0.000151,0.000151,0.998194,0.000151,0.000151,0.000151,0.000151,0.000151,0.000151,0.000151,0.000151,0.000151
TCGTCACACTGTTAGC-1,0.000038,0.000038,0.036702,0.095674,0.168019,0.019271,0.139721,0.031836,0.0196,0.15964,0.068623,0.00159,0.259246
TCGTCCGCTGGCGTCT-1,0.000052,0.063916,0.003766,0.185163,0.187939,0.068399,0.044728,0.000052,0.000052,0.106847,0.093256,0.137852,0.107978
TCGTCCGGGTACACTC-1,0.000012,0.000012,0.032226,0.009151,0.232242,0.023306,0.0248,0.033955,0.012554,0.04413,0.48681,0.085004,0.015797
TCGTCTTAGGCGTTAA-1,0.000104,0.000104,0.024312,0.524613,0.450035,0.000104,0.000104,0.000104,0.000104,0.000104,0.000104,0.000104,0.000104
TCGTGTACTATGGATG-1,0.000652,0.000652,0.150006,0.55703,0.000652,0.000652,0.000652,0.001994,0.000652,0.000652,0.285103,0.000652,0.000652
TCGTGTATTGGTCACG-1,0.000583,0.000583,0.103733,0.238008,0.652431,0.000583,0.000583,0.000583,0.000583,0.000583,0.000583,0.000583,0.000583
TCGTGTCACGCTGACA-1,0.000124,0.000124,0.080739,0.054818,0.364496,0.000124,0.000124,0.020458,0.114788,0.000124,0.224169,0.097472,0.042441
TCGTGTTCGACCACAA-1,0.000351,0.000351,0.094893,0.514583,0.000351,0.000351,0.000351,0.000351,0.000351,0.000351,0.000351,0.000351,0.387012
TCGTTAGGAGTCCCTA-1,0.000026,0.000026,0.000026,0.004055,0.000721,0.006289,0.011697,0.774158,0.186754,0.000026,0.000026,0.011913,0.004281
TCGTTCGTTATTATGT-1,0.000038,0.198437,0.150128,0.178601,0.076812,0.041183,0.08003,0.001913,0.002118,0.118315,0.149562,0.000523,0.002341
TCGTTGACAGGGTCCC-1,0.000036,0.048685,0.000036,0.02022,0.200597,0.075893,0.048903,0.047867,0.089108,0.272069,0.172602,0.002412,0.021572
TCGTTGCTATCCGGTC-1,0.000094,0.000094,0.000094,0.341226,0.142722,0.000094,0.040318,0.028403,0.006009,0.000094,0.000132,0.42701,0.01371
TCGTTGGCTCGTCAAT-1,0.000051,0.043695,0.522194,0.059308,0.095448,0.000993,0.115565,0.067642,0.06167,0.020567,0.000051,0.012766,0.000051
TCGTTTACGCGACCCT-1,0.000038,0.000038,0.000038,0.373306,0.130913,0.000572,0.006163,0.191853,0.065822,0.017716,0.009886,0.150398,0.053256
TCTAAAGAACAGTCTC-1,0.000029,0.000029,0.000029,0.039535,0.370944,0.020886,0.013827,0.354866,0.098696,0.000029,0.067496,0.022038,0.011596
TCTAACCTAGCCTGCG-1,0.000066,0.000066,0.000066,0.440588,0.145192,0.014217,0.000066,0.019267,0.020384,0.026937,0.29429,0.031034,0.007826
TCTAACTGTATGTAAA-1,0.000014,0.015957,0.004622,0.030304,0.062991,0.091489,0.289146,0.109867,0.07775,0.18063,0.040751,0.022234,0.074245
TCTAATACTGCCTCAG-1,0.002006,0.000217,0.000217,0.667702,0.328125,0.000217,0.000217,0.000217,0.000217,0.000217,0.000217,0.000217,0.000217
TCTACACGTTCATGCA-1,0.000036,0.338859,0.222716,0.375227,0.00878,0.034763,0.000036,0.000036,0.000036,0.019402,0.000036,0.000036,0.000036
TCTACCCAATAGAGAG-1,0.00015,0.00015,0.00015,0.84156,0.156794,0.00015,0.00015,0.00015,0.00015,0.00015,0.00015,0.00015,0.00015
TCTACCCGCATCATTT-1,0.000057,0.000057,0.000057,0.108479,0.63937,0.000057,0.000057,0.013207,0.000057,0.000057,0.186688,0.051803,0.000057
TCTACCGTCCACAAGC-1,0.000019,0.010263,0.011982,0.017922,0.122105,0.460664,0.042873,0.023699,0.050457,0.079886,0.108183,0.014724,0.057223
TCTACGCACGATCTCC-1,0.00002,0.00002,0.00002,0.00002,0.001194,0.083835,0.05304,0.370199,0.183,0.00002,0.137214,0.16074,0.01068
TCTACGGGCTCAGTTG-1,0.000017,0.006078,0.011783,0.03374,0.201284,0.055419,0.054479,0.00347,0.012678,0.068456,0.355097,0.103458,0.094043
TCTAGCAATCTCCGCC-1,0.000033,0.000033,0.000033,0.068103,0.15399,0.119679,0.01965,0.047701,0.413952,0.007205,0.142694,0.026896,0.000033
TCTAGCATCTTCGATG-1,0.000022,0.108868,0.000022,0.013032,0.009463,0.688175,0.046271,0.008883,0.045877,0.017565,0.056313,0.004968,0.000541
TCTAGCATGCCCAGAA-1,0.004787,0.000019,0.000019,0.05817,0.067609,0.023535,0.001587,0.652126,0.021954,0.00585,0.027148,0.093978,0.043217
TCTAGGTGGCGACGCT-1,0.000208,0.143684,0.000013,0.000013,0.000542,0.111345,0.283735,0.153059,0.06973,0.005045,0.057998,0.110803,0.063824
TCTAGTGATATCGTGG-1,0.000029,0.000029,0.000029,0.102378,0.11854,0.191399,0.033558,0.065871,0.283873,0.005089,0.139875,0.043062,0.016269
TCTAGTTATCAGAAGA-1,0.00003,0.00003,0.00003,0.007566,0.17977,0.042554,0.00167,0.027166,0.05577,0.016386,0.664,0.001918,0.00311
TCTATAGGTGGGTAAT-1,0.000124,0.000124,0.000124,0.806469,0.192168,0.000124,0.000124,0.000124,0.000124,0.000124,0.000124,0.000124,0.000124
TCTATCATGCAGTTAC-1,0.000034,0.033878,0.000034,0.032272,0.080114,0.090398,0.512065,0.053616,0.038491,0.022184,0.018983,0.085726,0.032206
TCTATCCGATTGCACA-1,0.00003,0.00003,0.00003,0.143075,0.023451,0.001649,0.074271,0.247373,0.171055,0.001848,0.111499,0.218635,0.007055
TCTATCGGTCGCAACA-1,0.00135,0.054745,0.045614,0.139117,0.248652,0.235094,0.000041,0.001619,0.006472,0.028637,0.171433,0.002447,0.064779
TCTATGCTATAACGAC-1,0.000128,0.048101,0.000128,0.469796,0.480828,0.000128,0.000128,0.000128,0.000128,0.000128,0.000128,0.000128,0.000128
TCTATTACGCTGGCGA-1,0.000321,0.097858,0.005917,0.146936,0.036917,0.041187,0.411048,0.077456,0.062607,0.074819,0.011644,0.007119,0.026172
TCTATTACTAGAGGAT-1,0.000027,0.055519,0.000027,0.012963,0.029499,0.088826,0.015637,0.019495,0.328057,0.023851,0.374746,0.019983,0.03137
TCTCAAATCAATCGGG-1,0.00001,0.024345,0.001629,0.042825,0.09191,0.055005,0.050347,0.260888,0.320799,0.045389,0.063256,0.028785,0.014812
TCTCAGGCTACTCGCT-1,0.000056,0.000056,0.016646,0.386699,0.011634,0.008586,0.049092,0.143588,0.267693,0.000056,0.016379,0.037801,0.061712
TCTCATGAGATAGGGT-1,0.000039,0.000039,0.000039,0.149692,0.015385,0.014155,0.014925,0.754147,0.042781,0.00058,0.000039,0.000039,0.00814
TCTCCAACGTAGGTTA-1,0.000024,0.041183,0.000024,0.007759,0.128013,0.048187,0.276786,0.106745,0.048738,0.126237,0.159171,0.040897,0.016238
TCTCCCTGGGCAGCGT-1,0.000128,0.000128,0.000128,0.974634,0.023953,0.000128,0.000128,0.000128,0.000128,0.000128,0.000128,0.000128,0.000128
TCTCGAACGAGGTCAC-1,0.000045,0.192594,0.320142,0.104191,0.368534,0.000045,0.000045,0.000045,0.000045,0.00773,0.006493,0.000045,0.000045
TCTCGACGTATCGCCG-1,0.000936,0.000054,0.000054,0.194352,0.004899,0.049054,0.029558,0.227599,0.34424,0.001771,0.054856,0.066497,0.026132
TCTCGAGGAGGTTCGC-1,0.000051,0.025378,0.000051,0.427563,0.000051,0.000051,0.038435,0.091497,0.000051,0.000051,0.000051,0.266405,0.150366
TCTCGGCTCCAGGACT-1,0.000035,0.469394,0.037532,0.234389,0.076592,0.067896,0.000035,0.000035,0.002221,0.069559,0.002462,0.000035,0.039813
TCTCGTGTTACGAGGA-1,0.000026,0.000026,0.000026,0.027159,0.068666,0.229352,0.013014,0.056861,0.341914,0.019738,0.155724,0.055929,0.031564
TCTCTAATAGCTGGTA-1,0.000031,0.027878,0.009967,0.065225,0.352983,0.015345,0.0676,0.01688,0.000762,0.146012,0.065743,0.103789,0.127785
TCTCTCGCCGCACATA-1,0.000174,0.000174,0.153189,0.844896,0.000174,0.000174,0.000174,0.000174,0.000174,0.000174,0.000174,0.000174,0.000174
TCTCTTACCGCGAACC-1,0.000065,0.105105,0.06577,0.466287,0.169684,0.000065,0.000065,0.057378,0.000065,0.000065,0.031496,0.103891,0.000065
TCTGAACCGGTCGGCT-1,0.000392,0.098475,0.000026,0.156385,0.000026,0.202309,0.146123,0.107329,0.033187,0.069794,0.001027,0.079372,0.105556
TCTGAACTCGTACCCG-1,0.000013,0.000013,0.000013,0.004897,0.000013,0.113096,0.03121,0.316833,0.515856,0.000676,0.002674,0.002734,0.011971
TCTGAAGCACGTGGTC-1,0.000189,0.000189,0.099396,0.75979,0.13892,0.000189,0.000189,0.000189,0.000189,0.000189,0.000189,0.000189,0.000189
TCTGAATTCCGTACAA-1,0.000028,0.000028,0.032144,0.044636,0.316282,0.031216,0.000028,0.000028,0.000028,0.052758,0.341413,0.14915,0.032259
TCTGACGGGCTAACCC-1,0.000017,0.000017,0.000017,0.000017,0.035965,0.108892,0.185031,0.022102,0.096346,0.045324,0.196651,0.261354,0.048268
TCTGACTGTAATGGTT-1,0.000056,0.283223,0.716158,0.000056,0.000056,0.000056,0.000056,0.000056,0.000056,0.000056,0.000056,0.000056,0.000056
TCTGAGCAATTGACTG-1,0.00014,0.00014,0.00014,0.542615,0.455844,0.00014,0.00014,0.00014,0.00014,0.00014,0.00014,0.00014,0.00014
TCTGATCGGGTGCTAG-1,0.00001,0.00001,0.00001,0.00001,0.00001,0.0453,0.004308,0.000575,0.015132,0.00001,0.012782,0.881662,0.040183
TCTGATGTATTCTGTC-1,0.000056,0.000056,0.000056,0.450031,0.000056,0.000056,0.00492,0.452782,0.022328,0.000056,0.000056,0.069493,0.000056
TCTGATTGGAAATGGA-1,0.000008,0.000008,0.000008,0.000701,0.012444,0.096323,0.042893,0.018896,0.279937,0.008209,0.309868,0.213355,0.017347
TCTGCACCATTAGTAA-1,0.000015,0.000015,0.000015,0.01437,0.242377,0.002513,0.000618,0.001356,0.001064,0.005935,0.723315,0.006703,0.001705
TCTGCAGATTCGAGTC-1,0.00003,0.051969,0.010599,0.014433,0.216073,0.061894,0.204371,0.103761,0.105909,0.142952,0.042511,0.014386,0.031113
TCTGCCAGAAACTGCA-1,0.000038,0.073788,0.000038,0.15883,0.373824,0.029807,0.008011,0.122619,0.049958,0.043682,0.126068,0.000038,0.013299
TCTGCGAATCGTTCGC-1,0.000016,0.006044,0.012844,0.010733,0.389301,0.017715,0.010058,0.002678,0.002145,0.046141,0.35997,0.10775,0.034606
TCTGCGTCCGGTTTCT-1,0.001779,0.00453,0.3026,0.291327,0.15836,0.000063,0.021523,0.000063,0.000063,0.193738,0.000063,0.000063,0.025827
TCTGCTTAGAACAAGC-1,0.000068,0.000068,0.000068,0.540747,0.000068,0.000068,0.221343,0.099068,0.026772,0.000068,0.004887,0.082306,0.024471
TCTGGAGCGTAAGAGT-1,0.000014,0.000014,0.000014,0.062878,0.033776,0.017434,0.048293,0.01627,0.297342,0.001481,0.280371,0.230485,0.011627
TCTGGCCGTTCAAGTT-1,0.000015,0.002819,0.006327,0.061682,0.020693,0.072101,0.02818,0.015813,0.090278,0.01526,0.418756,0.208078,0.059999
TCTGGCGCAAGCCGGG-1,0.00003,0.100207,0.00003,0.053881,0.241971,0.279791,0.058942,0.007173,0.03284,0.041162,0.043791,0.016878,0.123304
TCTGGGAACCTTTGAA-1,0.000025,0.000025,0.000025,0.199452,0.123839,0.087262,0.002905,0.041744,0.067188,0.014207,0.335979,0.095087,0.032262
TCTGGGTAGCGCTCAT-1,0.00005,0.00005,0.00005,0.042516,0.317888,0.009184,0.00005,0.00005,0.009685,0.036035,0.535085,0.044182,0.005178
TCTGTCATACAAGAGC-1,0.000019,0.117095,0.015985,0.000019,0.000019,0.030327,0.656165,0.058259,0.047987,0.006619,0.004488,0.048503,0.014513
TCTGTGACTGACCGTT-1,0.000038,0.999543,0.000038,0.000038,0.000038,0.000038,0.000038,0.000038,0.000038,0.000038,0.000038,0.000038,0.000038
TCTGTGATGGAGGTTG-1,0.000017,0.000017,0.000017,0.021502,0.067278,0.188504,0.119793,0.039727,0.01565,0.135019,0.134392,0.221672,0.05641
TCTGTGCCATCATAGT-1,0.000034,0.076201,0.000034,0.076027,0.24501,0.040007,0.019912,0.000203,0.043273,0.062038,0.253401,0.098311,0.085549
TCTGTGGCTACATTTC-1,0.000428,0.832417,0.004643,0.000028,0.000028,0.012806,0.079183,0.001618,0.045731,0.006939,0.000028,0.000597,0.015555
TCTGTTACCCAGCATA-1,0.000034,0.000034,0.018413,0.09748,0.151346,0.001865,0.017557,0.442924,0.126995,0.000034,0.049554,0.073138,0.020626
TCTGTTTAGATTGTTC-1,0.000263,0.000263,0.000263,0.89526,0.101842,0.000263,0.000263,0.000263,0.000263,0.000263,0.000263,0.000263,0.000263
TCTTAACTCGGATGTA-1,0.000058,0.200944,0.182893,0.027216,0.019416,0.000058,0.08735,0.000058,0.000058,0.465745,0.000058,0.000058,0.016088
TCTTACAGAGGTACCG-1,0.000059,0.142977,0.184517,0.254163,0.085599,0.000059,0.008225,0.01253,0.000059,0.279349,0.017896,0.000059,0.014507
TCTTACCGGAACTCGT-1,0.000013,0.000013,0.000013,0.000013,0.002899,0.068008,0.508133,0.172727,0.159499,0.009596,0.062385,0.00563,0.011072
TCTTACGGCATCCGAC-1,0.000021,0.131848,0.000021,0.031303,0.04547,0.061001,0.246676,0.171489,0.021562,0.059735,0.196209,0.010587,0.024079
TCTTACTTATGCCTCT-1,0.000035,0.000035,0.00529,0.109444,0.167703,0.07781,0.025318,0.333106,0.201771,0.009089,0.048333,0.007833,0.014233
TCTTAGAGCTCCAATT-1,0.000041,0.032511,0.006199,0.052355,0.318925,0.017823,0.000041,0.043526,0.000154,0.02391,0.44782,0.008006,0.048688
TCTTAGAGTGAACTCT-1,0.000028,0.000028,0.000028,0.17549,0.006751,0.104209,0.04416,0.158883,0.347203,0.025862,0.042892,0.026422,0.068045
TCTTATGGGTAGTACC-1,0.000397,0.320993,0.471455,0.00008,0.000028,0.003038,0.100805,0.062031,0.00691,0.013845,0.000028,0.013903,0.006489
TCTTCCCATGGGCACA-1,0.000015,0.007615,0.022103,0.104329,0.008234,0.477936,0.092401,0.047055,0.072473,0.010355,0.012147,0.0464,0.098938
TCTTCGAATAGACGTT-1,0.000028,0.000028,0.000028,0.12132,0.122294,0.093515,0.009984,0.066804,0.06725,0.00872,0.030763,0.208078,0.271187
TCTTCGATACCAATAA-1,0.000013,0.01777,0.009439,0.04934,0.055634,0.159228,0.01489,0.101321,0.10913,0.045193,0.315514,0.094015,0.028512
TCTTCTATAACCCGCC-1,0.001366,0.000018,0.000018,0.032307,0.048973,0.104357,0.051978,0.144858,0.421044,0.012253,0.054488,0.07316,0.055182
TCTTGATGCGTAGCGA-1,0.000033,0.059232,0.065245,0.147351,0.26807,0.067131,0.000159,0.001848,0.000033,0.045879,0.310929,0.000033,0.034058
TCTTGCTCCCGATACT-1,0.000061,0.000061,0.000061,0.624984,0.055656,0.02155,0.000061,0.121691,0.130914,0.013767,0.019572,0.004299,0.007324
TCTTGGTAACACCAAA-1,0.000008,0.056738,0.013831,0.042499,0.016795,0.576063,0.082654,0.051346,0.030562,0.050532,0.014282,0.011496,0.053194
TCTTGGTCAATGATAC-1,0.000279,0.000014,0.00213,0.148208,0.020837,0.004217,0.047148,0.490027,0.044018,0.001931,0.003099,0.206703,0.031389
TCTTTAAGACTATGAA-1,0.000023,0.098666,0.001796,0.033352,0.134468,0.128634,0.016269,0.041056,0.060836,0.098718,0.074064,0.14761,0.164509
TCTTTAGAGTCTAACA-1,0.000058,0.000058,0.009529,0.239595,0.02347,0.000058,0.016166,0.485187,0.130128,0.03316,0.000058,0.000266,0.062269
TCTTTAGCAGGCGAAC-1,0.000024,0.02877,0.000024,0.00212,0.042222,0.150947,0.032659,0.064446,0.088651,0.030914,0.440882,0.054466,0.063875
TCTTTCATCCGTCCTT-1,0.000652,0.000652,0.765455,0.000652,0.000652,0.000652,0.000652,0.000652,0.000652,0.000652,0.227375,0.000652,0.000652
TCTTTCGGCGGGACAC-1,0.000058,0.164125,0.808186,0.013448,0.013715,0.000058,0.000058,0.000058,0.000058,0.000058,0.000058,0.000058,0.000058
TCTTTCTCTTAAGGAG-1,0.000036,0.343262,0.276516,0.018518,0.03613,0.018973,0.196569,0.003173,0.000118,0.102087,0.000036,0.001692,0.002891
TGAAACCTCAACTCAC-1,0.00002,0.767179,0.039344,0.00002,0.00002,0.010063,0.005966,0.00002,0.00002,0.00002,0.00002,0.126767,0.050542
TGAAACTTATGCAAGC-1,0.000551,0.045351,0.612419,0.186842,0.000038,0.059588,0.064966,0.000038,0.005067,0.023604,0.000038,0.000038,0.001459
TGAAAGGACCTGACTC-1,0.000019,0.005736,0.000019,0.045774,0.224939,0.065418,0.001934,0.014408,0.018398,0.029735,0.383026,0.12122,0.089374
TGAACAAGCAGGGACT-1,0.000059,0.000059,0.012811,0.868772,0.017832,0.000059,0.000059,0.000059,0.000059,0.000059,0.000059,0.07679,0.023326
TGAACACCCGAAGCAG-1,0.000015,0.430118,0.217991,0.034412,0.000015,0.004809,0.143672,0.149289,0.012212,0.006396,0.000015,0.000176,0.00088
TGAACCTGAATGTGAG-1,0.000048,0.025597,0.016,0.258144,0.447335,0.000048,0.000048,0.196927,0.044865,0.000048,0.010046,0.000848,0.000048
TGAACTGCTATGACTT-1,0.000037,0.000037,0.000037,0.011957,0.320319,0.069216,0.000037,0.000037,0.000037,0.126654,0.426518,0.007089,0.038024
TGAAGAGCGGTCCTAG-1,0.000081,0.131084,0.036242,0.244038,0.396491,0.000081,0.000081,0.000081,0.000081,0.191494,0.000081,0.000081,0.000081
TGAAGTAGCTTACGGA-1,0.000079,0.116588,0.226281,0.123657,0.458162,0.000079,0.000079,0.000079,0.000079,0.031778,0.000079,0.000079,0.042978
TGAATACCGACGCGTA-1,0.000073,0.023701,0.000073,0.500823,0.443333,0.000073,0.000073,0.000073,0.000073,0.000073,0.031487,0.000073,0.000073
TGAATATGCTATAAAC-1,0.000023,0.000023,0.023809,0.261136,0.338624,0.028206,0.003018,0.000023,0.000023,0.067501,0.232547,0.006514,0.038555
TGAATGAGATACAGCA-1,0.000014,0.000014,0.001027,0.015697,0.365313,0.000927,0.000014,0.000014,0.000676,0.013733,0.578751,0.022408,0.001413
TGAATGAGTGTTTCCC-1,0.000071,0.000071,0.000071,0.564986,0.088587,0.000071,0.03043,0.225273,0.000071,0.043923,0.000071,0.046299,0.000071
TGAATGTCAGCCGGCC-1,0.000025,0.006327,0.000179,0.278008,0.017671,0.038595,0.087718,0.272805,0.185067,0.035066,0.009092,0.056667,0.012781
TGAATTTCACTTGCCT-1,0.000054,0.000054,0.000054,0.08693,0.360557,0.071019,0.000054,0.000054,0.015861,0.017939,0.410455,0.008952,0.028017
TGACAACGCATGTCGC-1,0.003037,0.000026,0.003556,0.327815,0.068446,0.005653,0.014364,0.00421,0.032874,0.012281,0.134635,0.383322,0.009782
TGACAACTTAAAGGTG-1,0.000014,0.032377,0.005793,0.056138,0.301704,0.002714,0.044112,0.077205,0.096793,0.016042,0.155223,0.203549,0.008335
TGACACTTCTCTTTGC-1,0.000041,0.068377,0.150335,0.04022,0.503603,0.056604,0.021244,0.000041,0.000041,0.041496,0.053799,0.000041,0.064156
TGACAGAAATCTTGCT-1,0.000053,0.47172,0.000053,0.380559,0.090865,0.000053,0.000053,0.000053,0.000053,0.000053,0.000973,0.043557,0.011956
TGACAGGACAAGTCCA-1,0.00077,0.000053,0.000053,0.474209,0.230612,0.000053,0.000053,0.280417,0.013569,0.000053,0.000053,0.000053,0.000053
TGACATATATGACGAT-1,0.000026,0.041941,0.000026,0.070522,0.275614,0.060447,0.010503,0.022043,0.024386,0.046457,0.189002,0.136007,0.123026
TGACATCGAGCGGACC-1,0.000035,0.000035,0.005669,0.001696,0.315792,0.009024,0.00116,0.000604,0.000035,0.026486,0.318087,0.048145,0.273231
TGACATGTAACGTGAC-1,0.000013,0.000013,0.000013,0.066758,0.051942,0.022607,0.018901,0.421192,0.133578,0.004123,0.013178,0.196863,0.070818
TGACCAAATCTTAAAC-1,0.000029,0.000029,0.000029,0.241424,0.372591,0.000029,0.021632,0.203645,0.027704,0.001969,0.030438,0.085221,0.015259
TGACCAGCTTCAAAGT-1,0.000033,0.269323,0.09529,0.074279,0.162093,0.042043,0.024937,0.013028,0.033682,0.216285,0.034081,0.024624,0.010303
TGACCCAACTCACATT-1,0.000022,0.635272,0.049917,0.000022,0.000022,0.002098,0.264543,0.001146,0.002425,0.005193,0.000022,0.032231,0.007086
TGACCCACGTTAGACA-1,0.000039,0.023939,0.032565,0.050191,0.41678,0.076983,0.105582,0.019559,0.04365,0.030142,0.133599,0.043093,0.023878
TGACCCAGCATTCCCG-1,0.002358,0.011443,0.021306,0.05037,0.036203,0.075499,0.261518,0.143732,0.062047,0.111354,0.076404,0.058836,0.088932
TGACGAATATTTCCCT-1,0.000026,0.001089,0.000026,0.090748,0.143372,0.072329,0.002686,0.080038,0.222266,0.007396,0.228369,0.118552,0.033101
TGACGATGCACTAGAA-1,0.000019,0.000535,0.001451,0.117657,0.161543,0.104341,0.000019,0.015479,0.083381,0.0196,0.368217,0.077734,0.050025
TGACTATAATCCTTTC-1,0.000028,0.000028,0.000028,0.121626,0.15464,0.029483,0.046193,0.503428,0.07578,0.008114,0.007928,0.026361,0.026363
TGACTCCGAATCATAC-1,0.000326,0.000326,0.447523,0.000326,0.038628,0.000326,0.000326,0.510589,0.000326,0.000326,0.000326,0.000326,0.000326
TGAGAATGCTTTACCG-1,0.000011,0.048379,0.002377,0.008736,0.003081,0.295582,0.275301,0.065578,0.085526,0.112208,0.012197,0.01634,0.074683
TGAGACGTACCTCTCA-1,0.000032,0.000032,0.001183,0.066818,0.165008,0.211961,0.045272,0.045452,0.021998,0.015223,0.102093,0.089885,0.235042
TGAGAGATTTACCACG-1,0.017929,0.003155,0.000018,0.037918,0.038469,0.173331,0.018428,0.094846,0.399954,0.013969,0.078619,0.026813,0.096552
TGAGATCAAATACTCA-1,0.000018,0.05675,0.205816,0.016711,0.014974,0.017639,0.430431,0.130068,0.016651,0.039912,0.005624,0.029684,0.035721
TGAGATTAGGCCCTAA-1,0.000029,0.06871,0.061053,0.032133,0.291094,0.004108,0.042536,0.198248,0.040597,0.211962,0.034571,0.007853,0.007107
TGAGCAGTCGTGAAGT-1,0.000084,0.000084,0.685773,0.247603,0.000782,0.000084,0.000084,0.000084,0.000084,0.065088,0.000084,0.000084,0.000084
TGAGCCATACAGTCTC-1,0.000041,0.000041,0.000041,0.059315,0.198292,0.072239,0.011304,0.143798,0.178419,0.000041,0.336387,0.000041,0.000041
TGAGCGGAAAGTGTTC-1,0.000079,0.000079,0.025968,0.478871,0.494369,0.000079,0.000079,0.000079,0.000079,0.000079,0.000079,0.000079,0.000079
TGAGCTTTAATGACGC-1,0.00002,0.041708,0.000594,0.032134,0.055564,0.075958,0.397258,0.101944,0.033521,0.142269,0.027666,0.013517,0.077847
TGAGGAGTGCCAGCTT-1,0.000124,0.262979,0.159642,0.235345,0.340916,0.000124,0.000124,0.000124,0.000124,0.000124,0.000124,0.000124,0.000124
TGAGGCATGTACTGTG-1,0.000116,0.000116,0.000116,0.965494,0.033232,0.000116,0.000116,0.000116,0.000116,0.000116,0.000116,0.000116,0.000116
TGAGGTGTGTGGCGGA-1,0.000018,0.000018,0.000018,0.115541,0.096833,0.011517,0.02335,0.365391,0.2806,0.019649,0.058977,0.023147,0.004941
TGAGGTTGATCCCAAG-1,0.000035,0.315581,0.311213,0.003207,0.094074,0.019212,0.156612,0.000035,0.000035,0.017629,0.066877,0.004243,0.011248
TGAGTAAATTAGCGTA-1,0.000014,0.000014,0.000014,0.011183,0.002152,0.078677,0.051115,0.425214,0.38576,0.003148,0.009998,0.018003,0.014709
TGAGTGCCTCTTAAAT-1,0.000027,0.021068,0.005606,0.15599,0.123496,0.093478,0.104806,0.160325,0.147508,0.01212,0.077357,0.054139,0.04408
TGAGTGGTCCGTGACG-1,0.000011,0.001246,0.000011,0.006056,0.01345,0.610984,0.065831,0.07085,0.13427,0.021871,0.023741,0.003753,0.047926
TGAGTGTAACAACGGG-1,0.000041,0.000041,0.001676,0.322396,0.183666,0.019053,0.00485,0.098715,0.001522,0.005406,0.010321,0.290078,0.062235
TGAGTTAAAGACATTC-1,0.000133,0.000007,0.000007,0.000007,0.000007,0.00531,0.048608,0.352601,0.591282,0.000007,0.000007,0.001373,0.000652
TGATACATTTAGCCGT-1,0.000144,0.030205,0.000144,0.887268,0.081086,0.000144,0.000144,0.000144,0.000144,0.000144,0.000144,0.000144,0.000144
TGATAGCGGGATTCTA-1,0.000024,0.138363,0.000024,0.03169,0.076975,0.219403,0.084553,0.122345,0.021975,0.056011,0.07993,0.056977,0.111731
TGATCACCACACTGAC-1,0.000337,0.000023,0.008531,0.108667,0.124518,0.009101,0.014804,0.302259,0.120298,0.019271,0.053424,0.199111,0.039657
TGATCAGGGAACTGCT-1,0.000024,0.000024,0.000024,0.016444,0.061268,0.219392,0.000113,0.053575,0.220657,0.02205,0.342023,0.055689,0.008718
TGATCCCAGCATTAGT-1,0.000014,0.000014,0.024991,0.095949,0.007468,0.287922,0.175464,0.087562,0.136251,0.070167,0.021293,0.017167,0.075737
TGATCGGTTTGACCCT-1,0.000029,0.000029,0.021451,0.013566,0.13206,0.199122,0.07319,0.029716,0.032887,0.075173,0.073974,0.026649,0.322154
TGATCTACGCTGATCT-1,0.000022,0.006415,0.079241,0.017551,0.090818,0.004536,0.294175,0.211674,0.139272,0.129534,0.002291,0.006878,0.017593
TGATCTATCACACTCT-1,0.000033,0.000033,0.000033,0.039818,0.000033,0.036458,0.006578,0.169675,0.107111,0.006075,0.007618,0.554533,0.072002
TGATCTCCGGCGCCAG-1,0.000024,0.03514,0.004022,0.017309,0.174527,0.389339,0.122011,0.018058,0.024422,0.041856,0.147047,0.004363,0.021882
TGATGCTCACGTAGTC-1,0.000006,0.000006,0.000006,0.000127,0.01046,0.048744,0.078397,0.05774,0.340059,0.003788,0.339989,0.114302,0.006376
TGATGGCTGTTTCTGA-1,0.000017,0.010603,0.018132,0.030771,0.057163,0.222214,0.123605,0.060843,0.043221,0.091618,0.069003,0.085954,0.186857
TGATGGGACTAAGTCA-1,0.000035,0.82083,0.117036,0.000035,0.061786,0.000035,0.000035,0.000035,0.000035,0.000035,0.000035,0.000035,0.000035
TGATTATGGCACGCAG-1,0.000011,0.005154,0.00672,0.030943,0.02265,0.101332,0.27526,0.164887,0.14484,0.152477,0.022947,0.052568,0.020212
TGATTCAGGTCCCGCG-1,0.000039,0.000039,0.000039,0.059541,0.334654,0.006969,0.000039,0.147765,0.095744,0.016754,0.144619,0.151595,0.042204
TGATTCCCGGTTACCT-1,0.000053,0.178314,0.06072,0.350872,0.392505,0.000053,0.000053,0.000053,0.000053,0.000053,0.017163,0.000053,0.000053
TGATTCGTCTATCACT-1,0.000026,0.029902,0.001376,0.047783,0.052937,0.177617,0.093455,0.055628,0.094221,0.125053,0.102847,0.031518,0.187637
TGATTCTGTCGCCGGT-1,0.000566,0.00004,0.00004,0.129011,0.1903,0.002196,0.00004,0.16387,0.457923,0.00004,0.055677,0.000256,0.00004
TGATTTATTAGCTGTG-1,0.000028,0.000028,0.000028,0.000028,0.051777,0.152477,0.007887,0.037899,0.132094,0.039812,0.286148,0.103609,0.188183
TGATTTCCTCCTGACG-1,0.000031,0.066567,0.054935,0.034505,0.057155,0.040879,0.456047,0.1101,0.01978,0.127853,0.025546,0.00196,0.004643
TGCAAACCCACATCAA-1,0.000317,0.847037,0.152447,0.00002,0.00002,0.00002,0.00002,0.00002,0.00002,0.00002,0.00002,0.00002,0.00002
TGCAAACGTACTAGTT-1,0.000026,0.016944,0.043646,0.091369,0.369013,0.000026,0.00435,0.057417,0.069959,0.0081,0.318409,0.017802,0.00294
TGCAAAGTTCGTCTGT-1,0.000023,0.041352,0.000023,0.082561,0.226188,0.048821,0.025829,0.209711,0.098444,0.008757,0.170262,0.056146,0.031884
TGCAACCCATCTGCGG-1,0.000333,0.000333,0.176098,0.656349,0.000333,0.164224,0.000333,0.000333,0.000333,0.000333,0.000333,0.000333,0.000333
TGCAACTACTGGTTGA-1,0.000019,0.000019,0.000019,0.047144,0.246827,0.011316,0.00678,0.433794,0.191305,0.011943,0.012632,0.01135,0.026852
TGCAAGAATGACGTAA-1,0.000029,0.022716,0.017449,0.039126,0.456098,0.022026,0.0086,0.000029,0.001607,0.064063,0.308522,0.026823,0.032914
TGCAATTTGGGCACGG-1,0.000011,0.017575,0.000011,0.000682,0.027029,0.11664,0.367654,0.064997,0.222604,0.097454,0.063742,0.014523,0.007079
TGCACAGTGAAGTTAT-1,0.000028,0.176936,0.148924,0.165106,0.053801,0.017433,0.075103,0.167757,0.10421,0.026818,0.011665,0.043741,0.00848
TGCACGAGTCGGCAGC-1,0.000289,0.694278,0.073208,0.087842,0.04685,0.027704,0.00002,0.00002,0.003116,0.004312,0.031236,0.015138,0.015986
TGCACTATGTGAGTGC-1,0.000034,0.074693,0.158176,0.193448,0.080034,0.043616,0.20264,0.08182,0.058514,0.078712,0.00472,0.008304,0.01529
TGCAGAACTATATCGT-1,0.000027,0.014209,0.000027,0.043182,0.187525,0.070397,0.025268,0.065421,0.155813,0.032957,0.383805,0.018014,0.003354
TGCAGAGTACCGAGCA-1,0.000027,0.000027,0.007094,0.060416,0.240054,0.086802,0.005105,0.084283,0.164648,0.046051,0.25309,0.027855,0.024548
TGCAGATCGTCCTAGG-1,0.000033,0.014106,0.000033,0.07869,0.081856,0.015504,0.000033,0.004776,0.09404,0.000869,0.426233,0.200126,0.083701
TGCAGCTACGTACTTC-1,0.000057,0.000057,0.000057,0.079395,0.398151,0.000057,0.000057,0.000057,0.008451,0.000618,0.504953,0.008033,0.000057
TGCAGGATCGGCAAAG-1,0.000355,0.060295,0.000268,0.096641,0.100539,0.123632,0.0258,0.013539,0.004692,0.103913,0.213193,0.070471,0.186663
TGCAGTGAGGCTCGGG-1,0.000025,0.000025,0.024214,0.041439,0.492069,0.024488,0.000025,0.000025,0.000025,0.030222,0.360169,0.009948,0.017327
TGCAGTGGTAGGGAAC-1,0.000079,0.000079,0.03309,0.805269,0.160853,0.000079,0.000079,0.000079,0.000079,0.000079,0.000079,0.000079,0.000079
TGCAGTTTCCTCCCAT-1,0.000719,0.003196,0.000458,0.113025,0.159358,0.063432,0.002794,0.190488,0.131086,0.00895,0.140704,0.108753,0.077037
TGCATATGTCTGTCAC-1,0.00004,0.034937,0.01326,0.055033,0.563716,0.074772,0.00004,0.017188,0.004072,0.039917,0.141241,0.009769,0.046015
TGCATCTCCGGATCTT-1,0.000008,0.016852,0.000127,0.001467,0.003595,0.189042,0.040008,0.030184,0.271052,0.019198,0.174696,0.222781,0.03099
TGCATGAGTAGATTCG-1,0.000034,0.811208,0.188418,0.000034,0.000034,0.000034,0.000034,0.000034,0.000034,0.000034,0.000034,0.000034,0.000034
TGCATGGATCGGATCT-1,0.000539,0.086904,0.038483,0.206138,0.143135,0.074293,0.07916,0.052735,0.021122,0.15853,0.053678,0.063698,0.021583
TGCATGGCAGTCTTGC-1,0.000011,0.000011,0.000011,0.000011,0.000011,0.294139,0.251302,0.015228,0.171266,0.04208,0.042385,0.13108,0.052466
TGCATGTGACCCATAG-1,0.000034,0.000034,0.007991,0.297297,0.152302,0.000034,0.012402,0.428833,0.062411,0.006588,0.013326,0.016044,0.002705
TGCATGTGGTAATCTA-1,0.000014,0.012712,0.005952,0.071295,0.028588,0.437091,0.038174,0.024423,0.058278,0.07981,0.095183,0.081882,0.066599
TGCCAAAGTCAGACTT-1,0.000033,0.000033,0.000033,0.037621,0.209136,0.051565,0.000033,0.020963,0.11587,0.00406,0.552321,0.008302,0.000033
TGCCAATGGGTACTCT-1,0.000095,0.000095,0.000095,0.582824,0.055378,0.000095,0.000095,0.143003,0.000095,0.038731,0.179304,0.000095,0.000095
TGCCACACTAGAGGAA-1,0.000038,0.000038,0.000038,0.024725,0.364708,0.033492,0.000038,0.018657,0.022537,0.004253,0.527788,0.001506,0.002183
TGCCACCTGGCGAAAC-1,0.000009,0.001561,0.008012,0.020438,0.03014,0.297167,0.220006,0.099444,0.069043,0.114599,0.050928,0.025771,0.062881
TGCCAGTACGTGGAGA-1,0.000076,0.000076,0.000076,0.736455,0.068009,0.000076,0.000076,0.12763,0.000076,0.000076,0.000076,0.000076,0.067218
TGCCATGGCTTATAAG-1,0.000022,0.344712,0.001727,0.053546,0.054459,0.007261,0.194116,0.094932,0.075367,0.037001,0.08431,0.050197,0.002351
TGCCATTACTAAAGAA-1,0.000012,0.042997,0.030542,0.071088,0.051451,0.110723,0.160465,0.122937,0.100355,0.145013,0.060739,0.038397,0.065282
TGCCCGATAGTTAGAA-1,0.000041,0.090614,0.000041,0.250951,0.063099,0.013347,0.000746,0.275392,0.094464,0.000041,0.037376,0.141286,0.032601
TGCCCGTACCGTTAAA-1,0.000047,0.000047,0.000047,0.206216,0.408963,0.00528,0.000047,0.11692,0.119262,0.066518,0.030233,0.006428,0.039993
TGCCGAAAGCGTATTC-1,0.00004,0.00004,0.017714,0.00358,0.487024,0.00004,0.00004,0.00004,0.00004,0.194165,0.252967,0.035538,0.008772
TGCCGATGTCATCAAT-1,0.000028,0.757601,0.188982,0.000028,0.012311,0.000028,0.03597,0.002447,0.000028,0.002493,0.000028,0.000028,0.000028
TGCCGGATGTACGAGC-1,0.000322,0.000322,0.561919,0.22805,0.000322,0.000322,0.000322,0.000322,0.103293,0.000322,0.000322,0.103841,0.000322
TGCCGTGGATCGTCCT-1,0.000157,0.051475,0.358859,0.25275,0.3355,0.000157,0.000157,0.000157,0.000157,0.000157,0.000157,0.000157,0.000157
TGCCGTGGGACCCAAT-1,0.000016,0.000016,0.000016,0.112886,0.057428,0.005951,0.005471,0.184867,0.032213,0.000016,0.05153,0.344644,0.204945
TGCCGTTCTTAATCGG-1,0.000066,0.273589,0.005646,0.720105,0.000066,0.000066,0.000066,0.000066,0.000066,0.000066,0.000066,0.000066,0.000066
TGCCTAAATTTAATAG-1,0.000025,0.014551,0.016981,0.121212,0.310995,0.021989,0.033122,0.007914,0.086512,0.022508,0.150459,0.180869,0.032863
TGCCTAATTGAAGATT-1,0.000127,0.000127,0.108742,0.856194,0.033797,0.000127,0.000127,0.000127,0.000127,0.000127,0.000127,0.000127,0.000127
TGCCTGACATCGGTCA-1,0.000069,0.182843,0.068149,0.381579,0.184026,0.086052,0.063501,0.003096,0.000069,0.03041,0.000069,0.000069,0.000069
TGCCTGATCAAACGAT-1,0.000016,0.046269,0.016271,0.123805,0.18935,0.091219,0.062993,0.113365,0.022735,0.144988,0.09881,0.041912,0.048267
TGCCTTGCCCTTACGG-1,0.000267,0.074393,0.092712,0.000018,0.000018,0.012577,0.618963,0.086414,0.049371,0.000825,0.000035,0.017331,0.047077
TGCCTTGGCCAGGCAA-1,0.000088,0.000088,0.021413,0.977617,0.000088,0.000088,0.000088,0.000088,0.000088,0.000088,0.000088,0.000088,0.000088
TGCGAATATGGGATTT-1,0.001888,0.068844,0.000035,0.130055,0.198045,0.038303,0.006439,0.031256,0.139611,0.012306,0.336967,0.004425,0.031827
TGCGACACCCTAGTGC-1,0.000054,0.010732,0.000054,0.043345,0.06662,0.032012,0.018094,0.278668,0.281387,0.000054,0.087682,0.027881,0.153417
TGCGACGGCCGAACGT-1,0.000096,0.000096,0.833853,0.000096,0.000096,0.000096,0.000096,0.165086,0.000096,0.000096,0.000096,0.000096,0.000096
TGCGAGAAACGTTACG-1,0.000021,0.678716,0.319027,0.002048,0.000021,0.000021,0.000021,0.000021,0.000021,0.000021,0.000021,0.000021,0.000021
TGCGAGAATATTACCC-1,0.000648,0.01528,0.000024,0.061186,0.164255,0.024867,0.003451,0.308869,0.144861,0.02121,0.07584,0.155777,0.023732
TGCGAGATGGCGGCCA-1,0.000015,0.001537,0.019498,0.095402,0.182294,0.15303,0.037619,0.010501,0.009751,0.116864,0.155144,0.087399,0.130947
TGCGAGCCCTTCCGCG-1,0.000037,0.008052,0.06698,0.071678,0.315939,0.032054,0.100512,0.050614,0.042128,0.238999,0.056739,0.01623,0.000037
TGCGATGCTAATGGCT-1,0.000031,0.033463,0.005552,0.058185,0.107812,0.029311,0.135052,0.237959,0.035798,0.242999,0.026459,0.017307,0.070073
TGCGCAAAGCATTTGG-1,0.000022,0.031218,0.000022,0.068603,0.348636,0.031696,0.00786,0.004862,0.009869,0.015681,0.452338,0.013382,0.015813
TGCGCCGTTAATAACG-1,0.000012,0.000012,0.000012,0.007027,0.012985,0.058637,0.035254,0.013073,0.330939,0.003784,0.162292,0.348105,0.027867
TGCGCGATTAACGGAG-1,0.000029,0.036726,0.000029,0.044826,0.010572,0.157525,0.027486,0.014364,0.037979,0.053305,0.107711,0.205351,0.304095
TGCGGACTTGACTCCG-1,0.000038,0.000038,0.002083,0.230497,0.261073,0.000038,0.007781,0.345075,0.067379,0.048102,0.031232,0.006628,0.000038
TGCGGAGTAAAGGTGC-1,0.000331,0.042949,0.004436,0.000023,0.043772,0.429951,0.067684,0.039815,0.062702,0.043867,0.196974,0.025381,0.042114
TGCGGCATAGTTCAAC-1,0.000029,0.130448,0.090907,0.076638,0.253818,0.005328,0.043319,0.06463,0.018021,0.243057,0.034456,0.001761,0.037589
TGCGGGTATTGGGATC-1,0.000023,0.420591,0.210723,0.000023,0.000023,0.05635,0.222232,0.027752,0.017003,0.027011,0.005083,0.000722,0.012466
TGCGGTCTACGAGTAA-1,0.000025,0.193519,0.021115,0.110595,0.016486,0.048193,0.247475,0.014445,0.062623,0.115309,0.091544,0.061397,0.017274
TGCGGTGAAATTTCAT-1,0.000013,0.088814,0.017361,0.144026,0.004831,0.074279,0.583213,0.022812,0.010958,0.028527,0.004628,0.011346,0.009191
TGCGTAAGAACCTGAT-1,0.000027,0.000027,0.059987,0.077099,0.040387,0.069573,0.022154,0.25985,0.094769,0.016273,0.22746,0.105022,0.027373
TGCGTACGGCTAATTG-1,0.000159,0.000159,0.000159,0.294751,0.703497,0.000159,0.000159,0.000159,0.000159,0.000159,0.000159,0.000159,0.000159
TGCGTCATGACTGAGC-1,0.000034,0.000034,0.000034,0.37072,0.037151,0.029648,0.003415,0.383321,0.034032,0.004888,0.012931,0.082671,0.041123
TGCGTGATTGGGTGTC-1,0.001011,0.048473,0.590786,0.156556,0.195385,0.000071,0.000071,0.000071,0.000071,0.000071,0.007295,0.000071,0.000071
TGCGTTTGTTGACACT-1,0.000031,0.000031,0.000031,0.089824,0.012657,0.030752,0.030017,0.373513,0.249766,0.013235,0.113914,0.065517,0.020712
TGCTATACAAACGGAC-1,0.000021,0.636095,0.076578,0.004815,0.055581,0.013999,0.024068,0.040102,0.086456,0.039937,0.01339,0.002033,0.006925
TGCTATGGCAAAGGGA-1,0.000037,0.000037,0.028878,0.484264,0.063571,0.000037,0.020068,0.167478,0.000037,0.000037,0.000037,0.223229,0.012289
TGCTCAAAGGATGCAC-1,0.000197,0.000011,0.005698,0.08428,0.087399,0.003315,0.069126,0.519548,0.072033,0.008806,0.04163,0.099192,0.008765
TGCTCACACAACAACC-1,0.000006,0.000006,0.000006,0.000306,0.000817,0.464795,0.012258,0.004954,0.026109,0.002051,0.420577,0.057088,0.011027
TGCTCCACAGTTCTTA-1,0.004189,0.000025,0.000025,0.11435,0.036986,0.0509,0.004003,0.199017,0.498876,0.00743,0.018176,0.021006,0.045016
TGCTCGGCGAAACCCA-1,0.000064,0.066766,0.238602,0.561935,0.132123,0.000064,0.000064,0.000064,0.000064,0.000064,0.000064,0.000064,0.000064
TGCTCGGTGGGTCACC-1,0.000987,0.000063,0.000063,0.453118,0.335754,0.000063,0.000063,0.19754,0.004438,0.001825,0.004834,0.000063,0.001189
TGCTCTGCCGGTTCAC-1,0.000028,0.000028,0.006993,0.103256,0.295786,0.00317,0.000035,0.000028,0.000028,0.028963,0.559164,0.000028,0.002494
TGCTCTTGAGAGTTTG-1,0.000084,0.000084,0.029455,0.901921,0.067788,0.000084,0.000084,0.000084,0.000084,0.000084,0.000084,0.000084,0.000084
TGCTGCGTCAGAGTTA-1,0.00006,0.000004,0.000004,0.000004,0.000112,0.299549,0.017025,0.007299,0.222447,0.001241,0.383497,0.066016,0.002742
TGCTGGTTGGACAATT-1,0.000057,0.047887,0.016587,0.072808,0.240814,0.009707,0.238699,0.022783,0.001122,0.069227,0.276464,0.000057,0.003786
TGCTGTTGAAGAACTC-1,0.000015,0.000015,0.013905,0.150477,0.074562,0.073393,0.02635,0.12322,0.274644,0.068361,0.121179,0.058903,0.014975
TGCTTAGAGAGAATGC-1,0.000236,0.000236,0.702044,0.000236,0.000236,0.000236,0.000236,0.000236,0.29536,0.000236,0.000236,0.000236,0.000236
TGCTTCCCAAGCAGTA-1,0.000073,0.000073,0.231388,0.685879,0.078495,0.000073,0.000073,0.000073,0.000073,0.000073,0.003576,0.000073,0.000073
TGCTTGAAACCATGCA-1,0.00097,0.922332,0.053881,0.000022,0.000022,0.018819,0.003821,0.000022,0.000022,0.000022,0.000022,0.000022,0.000022
TGGAAACGGAGTGAAC-1,0.000025,0.279449,0.638448,0.032168,0.032896,0.000025,0.000025,0.000025,0.000025,0.000025,0.016836,0.000025,0.000025
TGGAACCACTGACACA-1,0.000013,0.000013,0.005761,0.032722,0.080894,0.038087,0.35216,0.09999,0.146641,0.085557,0.087581,0.043444,0.027138
TGGAAGAAGGGAACGT-1,0.000034,0.000034,0.000034,0.031123,0.373166,0.015889,0.002698,0.0129,0.005857,0.006245,0.539193,0.010637,0.002191
TGGAAGACGAACACCA-1,0.000015,0.220728,0.002577,0.038236,0.056533,0.063797,0.301236,0.087697,0.078165,0.075458,0.047797,0.020528,0.007232
TGGAAGGATAAAGATG-1,0.000008,0.136597,0.000096,0.009288,0.000544,0.383677,0.050803,0.023187,0.054987,0.01157,0.12978,0.110636,0.088828
TGGAATATCCTTGACC-1,0.000013,0.000013,0.001419,0.006781,0.03027,0.13019,0.265681,0.030655,0.019495,0.088616,0.108197,0.202991,0.115681
TGGAATTAGACGCTTT-1,0.000019,0.039164,0.000019,0.000984,0.032688,0.13254,0.306227,0.033392,0.140209,0.105832,0.145534,0.033963,0.029429
TGGACACCGTTGCTTG-1,0.000056,0.345316,0.107108,0.197275,0.256185,0.000056,0.000056,0.000056,0.000056,0.018902,0.074823,0.000056,0.000056
TGGACCAATCTAAGAT-1,0.00024,0.00024,0.391404,0.298333,0.019593,0.00024,0.00024,0.00024,0.00024,0.00024,0.155763,0.00024,0.132984
TGGACCACGGCGTTGA-1,0.000049,0.059253,0.36898,0.009034,0.092263,0.000151,0.017175,0.080348,0.06102,0.311055,0.000574,0.000049,0.000049
TGGACGCAATCCAGCC-1,0.000149,0.000149,0.160788,0.68441,0.144258,0.000149,0.000149,0.000149,0.000149,0.000149,0.009205,0.000149,0.000149
TGGACGTAGGCGAATC-1,0.000022,0.194408,0.151115,0.000022,0.000022,0.03031,0.523914,0.079003,0.009734,0.00281,0.000022,0.001995,0.006623
TGGACTGTTCGCTCAA-1,0.000047,0.000047,0.000047,0.035826,0.425109,0.007818,0.000047,0.078623,0.073376,0.007331,0.222287,0.063009,0.086435
TGGAGAATAATCGTCC-1,0.000344,0.000014,0.000684,0.156059,0.225938,0.003031,0.025206,0.235599,0.060073,0.001322,0.093157,0.179309,0.019262
TGGAGCTAAAGTTCCC-1,0.000019,0.14279,0.316768,0.00671,0.000019,0.045501,0.252687,0.028648,0.062331,0.000058,0.000019,0.088841,0.05561
TGGAGGGAAACACCTC-1,0.000115,0.000074,0.007639,0.039106,0.035753,0.298072,0.112503,0.017313,0.040441,0.038709,0.143182,0.163665,0.103429
TGGAGTGATGCGATGA-1,0.000041,0.046991,0.000041,0.179314,0.132998,0.223168,0.000404,0.008327,0.006487,0.030604,0.144509,0.01931,0.207807
TGGATAGAGTAACAGA-1,0.000177,0.269134,0.042146,0.009195,0.000012,0.024781,0.525575,0.053135,0.058338,0.000784,0.000012,0.006168,0.010545
TGGATGGCATCTTGGA-1,0.00003,0.00003,0.030068,0.208377,0.04291,0.00003,0.007802,0.06408,0.259055,0.011511,0.114298,0.260916,0.000894
TGGCAACTCGCGCGCC-1,0.000022,0.029583,0.028736,0.085922,0.176793,0.167522,0.256387,0.057544,0.020709,0.076247,0.041256,0.030686,0.028595
TGGCAAGCACAAGTCG-1,0.000059,0.000059,0.000059,0.617331,0.135747,0.023764,0.000059,0.032119,0.000059,0.000059,0.047756,0.133765,0.009164
TGGCAATGGGACGGCG-1,0.000097,0.000097,0.040738,0.663982,0.294314,0.000097,0.000097,0.000097,0.000097,0.000097,0.000097,0.000097,0.000097
TGGCACGAGCTCGAGT-1,0.000047,0.045827,0.036572,0.023481,0.388154,0.012438,0.006292,0.000047,0.000047,0.432746,0.04902,0.005282,0.000047
TGGCAGATTACGATCA-1,0.000027,0.000342,0.000027,0.04461,0.162586,0.059338,0.013705,0.153282,0.37263,0.070662,0.088528,0.01586,0.018403
TGGCAGCAGTAATAGT-1,0.000032,0.007564,0.017051,0.18606,0.163354,0.126715,0.010174,0.070188,0.090242,0.044387,0.184301,0.074112,0.02582
TGGCATGAAGTTTGGG-1,0.000125,0.000125,0.000125,0.826434,0.172194,0.000125,0.000125,0.000125,0.000125,0.000125,0.000125,0.000125,0.000125
TGGCCAAACTGAAGTA-1,0.000012,0.033507,0.010642,0.127242,0.106251,0.260692,0.04019,0.029928,0.041497,0.126221,0.064185,0.069668,0.089965
TGGCCAATTTGGTACT-1,0.000047,0.000047,0.000047,0.065055,0.452639,0.000047,0.000047,0.046103,0.177708,0.008696,0.178387,0.028872,0.042303
TGGCCGTATATTGACC-1,0.000036,0.225454,0.010706,0.12465,0.018192,0.313608,0.015588,0.013111,0.071381,0.025382,0.082064,0.031242,0.068585
TGGCGACTGCTCCAAA-1,0.000054,0.031169,0.022905,0.790424,0.003072,0.039965,0.038745,0.015525,0.008921,0.018873,0.000054,0.02548,0.004814
TGGCGATCAAGTTATG-1,0.000031,0.000031,0.000031,0.048305,0.063171,0.00029,0.03338,0.694326,0.14921,0.0018,0.001892,0.007501,0.000031
TGGCGGTGTGCGATTG-1,0.000028,0.305919,0.056131,0.018615,0.075151,0.04363,0.364577,0.022734,0.029521,0.027638,0.024269,0.010551,0.021236
TGGCTACACTCTACCT-1,0.000129,0.000129,0.011431,0.710491,0.27679,0.000129,0.000129,0.000129,0.000129,0.000129,0.000129,0.000129,0.000129
TGGCTATGTGACATAC-1,0.000397,0.000397,0.100504,0.086859,0.490167,0.000397,0.000397,0.318901,0.000397,0.000397,0.000397,0.000397,0.000397
TGGCTCTTGTCGCGTA-1,0.000057,0.01587,0.000057,0.011905,0.320612,0.000057,0.000057,0.000057,0.022207,0.001912,0.627094,0.000057,0.000057
TGGCTTATGTATAATG-1,0.000053,0.000053,0.000053,0.629927,0.102532,0.000053,0.000053,0.254469,0.012598,0.000053,0.000053,0.000053,0.000053
TGGCTTGTACAAGCTT-1,0.000016,0.000016,0.002383,0.012811,0.053109,0.171048,0.058036,0.025793,0.035862,0.054784,0.286442,0.031331,0.268368
TGGCTTTGGGTAGACA-1,0.000019,0.003572,0.008634,0.084691,0.185534,0.145824,0.265321,0.049527,0.02441,0.131305,0.058152,0.006922,0.036089
TGGGAAATGCCTTTCC-1,0.000018,0.011192,0.001951,0.128996,0.037028,0.177725,0.168427,0.048837,0.093165,0.175689,0.058982,0.027794,0.070197
TGGGACCATTGGGAGT-1,0.000046,0.246025,0.752983,0.000534,0.000046,0.000046,0.000046,0.000046,0.000046,0.000046,0.000046,0.000046,0.000046
TGGGATGCACTCATTC-1,0.000045,0.459228,0.012291,0.135526,0.288087,0.000045,0.000045,0.000045,0.000045,0.048104,0.053906,0.000045,0.002588
TGGGCAATAGTTGGGT-1,0.007892,0.000023,0.000023,0.227073,0.034911,0.039529,0.024255,0.123331,0.461022,0.008952,0.03649,0.030144,0.006355
TGGGCACAAACAGAAC-1,0.000019,0.266547,0.069579,0.043595,0.069042,0.019068,0.210931,0.144462,0.09005,0.060838,0.007946,0.012549,0.005374
TGGGCACGTTCTATGG-1,0.000039,0.102277,0.189459,0.104804,0.128716,0.082355,0.066164,0.036897,0.024469,0.188781,0.067742,0.000039,0.008261
TGGGCAGGCCACCGCA-1,0.00013,0.00013,0.070101,0.496965,0.431413,0.00013,0.00013,0.00013,0.00013,0.00013,0.000348,0.00013,0.00013
TGGGCCACAAGAGCGC-1,0.000388,0.004559,0.001418,0.032919,0.032071,0.230567,0.258511,0.084306,0.168614,0.101524,0.051124,0.017802,0.016197
TGGGCCCATACTAATT-1,0.000048,0.000048,0.000048,0.158425,0.312832,0.004709,0.000048,0.411059,0.089677,0.000048,0.017587,0.000048,0.005424
TGGGCCTTGCCTGCAT-1,0.00003,0.99964,0.00003,0.00003,0.00003,0.00003,0.00003,0.00003,0.00003,0.00003,0.00003,0.00003,0.00003
TGGGCGATACAATAAG-1,0.000017,0.000017,0.000017,0.125636,0.291789,0.001432,0.006975,0.40398,0.055815,0.015118,0.028988,0.041397,0.02882
TGGGTAAGGTTCCCGC-1,0.000047,0.075117,0.280981,0.064833,0.23795,0.000047,0.000047,0.000047,0.000047,0.33895,0.000047,0.000047,0.00184
TGGGTGCACAAGCCAT-1,0.000011,0.000011,0.000011,0.179618,0.121341,0.013014,0.065742,0.409225,0.127217,0.012742,0.037312,0.02164,0.012115
TGGGTGGGATGTCATT-1,0.00002,0.003856,0.025077,0.024034,0.044833,0.200904,0.106216,0.024909,0.096802,0.161621,0.229445,0.059655,0.022625
TGGGTGTAATAGATTT-1,0.000036,0.000036,0.000036,0.211307,0.071551,0.000036,0.034594,0.539252,0.114249,0.000036,0.000036,0.025554,0.003277
TGGGTGTTAAGTAGAA-1,0.000023,0.008043,0.000023,0.12901,0.229804,0.009414,0.029852,0.246502,0.036249,0.010742,0.118666,0.092849,0.088824
TGGGTTCCCGGACGGA-1,0.000032,0.161452,0.001573,0.031349,0.247131,0.020861,0.214867,0.078636,0.10789,0.118966,0.017178,0.000032,0.000032
TGGGTTTCGGGCGTAC-1,0.000053,0.000053,0.000053,0.073878,0.411458,0.000053,0.000053,0.484616,0.009586,0.000053,0.000385,0.019705,0.000053
TGGTAAGCAGGATTGA-1,0.00002,0.00002,0.013852,0.010436,0.060311,0.193889,0.010994,0.006555,0.189273,0.019165,0.445904,0.029561,0.02002
TGGTACCGGCACAGCC-1,0.000047,0.593019,0.216749,0.00152,0.173703,0.000047,0.000047,0.000047,0.000047,0.008847,0.005835,0.000047,0.000047
TGGTAGAATATATGGG-1,0.00001,0.00001,0.053372,0.065125,0.00001,0.025031,0.048607,0.517941,0.228229,0.00001,0.000307,0.019578,0.041768
TGGTATCGCATCCCAA-1,0.000019,0.182822,0.18264,0.011434,0.000019,0.125755,0.36316,0.07579,0.014074,0.000019,0.000019,0.011521,0.032729
TGGTATCGGTCTGTAT-1,0.000032,0.511687,0.03866,0.099207,0.091115,0.009005,0.008328,0.056634,0.0376,0.140301,0.006046,0.000032,0.001353
TGGTCCCACGCTACGG-1,0.000186,0.000186,0.000186,0.503161,0.494795,0.000186,0.000186,0.000186,0.000186,0.000186,0.000186,0.000186,0.000186
TGGTCGATATACCTCT-1,0.000027,0.000027,0.000027,0.070875,0.167175,0.036886,0.022818,0.347284,0.213972,0.001036,0.088839,0.036528,0.014504
TGGTCGGGTACAGGGC-1,0.00003,0.00003,0.00003,0.171785,0.221393,0.00003,0.035197,0.306429,0.14619,0.001789,0.01984,0.093264,0.003992
TGGTCGTGCAAGGCAA-1,0.000014,0.000014,0.000014,0.000014,0.022094,0.077101,0.006766,0.038205,0.091891,0.009348,0.735707,0.012268,0.006563
TGGTCGTTTGATAGAT-1,0.000015,0.000015,0.000015,0.011673,0.044076,0.120237,0.255366,0.067151,0.051203,0.149816,0.1771,0.067344,0.055988
TGGTCTAGCTTACATG-1,0.000078,0.306191,0.161961,0.173824,0.198863,0.000078,0.020704,0.000078,0.000078,0.043501,0.063805,0.000078,0.030764
TGGTCTGTTGGGCGTA-1,0.000644,0.118313,0.000043,0.081806,0.381767,0.055456,0.000043,0.0017,0.001104,0.005137,0.274328,0.077957,0.001702
TGGTGATCGTATTTGT-1,0.000049,0.009313,0.000049,0.025679,0.250408,0.121245,0.134294,0.081566,0.041537,0.217471,0.100513,0.000049,0.017826
TGGTGCCCTGCCTTAC-1,0.000018,0.000018,0.000018,0.015519,0.070879,0.053164,0.079312,0.171882,0.339864,0.020407,0.147798,0.089139,0.011981
TGGTGTGACAGACGAT-1,0.000416,0.803313,0.195978,0.000029,0.000029,0.000029,0.000029,0.000029,0.000029,0.000029,0.000029,0.000029,0.000029
TGGTTAACTTACATTT-1,0.000251,0.000251,0.782581,0.09974,0.007464,0.000251,0.000251,0.10796,0.000251,0.000251,0.000251,0.000251,0.000251
TGGTTAAGGGCGCTGG-1,0.000028,0.012886,0.037325,0.10763,0.316986,0.0399,0.088434,0.000028,0.000028,0.045475,0.186935,0.023348,0.140997
TGGTTATGCTTGCGGT-1,0.00003,0.00003,0.038583,0.022999,0.17694,0.057913,0.205486,0.03805,0.097806,0.310103,0.05109,0.000938,0.00003
TGGTTCAACGGGTAAT-1,0.00003,0.00003,0.006379,0.365665,0.036765,0.00003,0.002291,0.575327,0.012934,0.00003,0.00003,0.000456,0.00003
TGGTTCGTAGCAAAGG-1,0.000025,0.018224,0.030135,0.082115,0.19481,0.149703,0.046335,0.014638,0.002418,0.191187,0.193477,0.014374,0.062559
TGGTTGGAGGATCCTG-1,0.000043,0.322099,0.29572,0.011213,0.07365,0.02685,0.003149,0.027497,0.000043,0.178077,0.017418,0.044197,0.000043
TGGTTTAAACGTGGGT-1,0.000018,0.000018,0.001218,0.107124,0.248782,0.052578,0.129665,0.028861,0.021007,0.216882,0.09125,0.035697,0.066899
TGTAACTTGTCAACCT-1,0.000044,0.829405,0.170114,0.000044,0.000044,0.000044,0.000044,0.000044,0.000044,0.000044,0.000044,0.000044,0.000044
TGTAAGACTGATAAGA-1,0.000238,0.000238,0.389749,0.000238,0.000238,0.093052,0.000238,0.350555,0.164501,0.000238,0.000238,0.000238,0.000238
TGTAATGACCACAATA-1,0.000017,0.000017,0.005356,0.081628,0.223706,0.176084,0.023097,0.03855,0.014889,0.023424,0.187484,0.042754,0.182993
TGTAATGCCTTCGGAC-1,0.000024,0.007848,0.023698,0.074051,0.044669,0.236059,0.084708,0.02204,0.037129,0.051738,0.291024,0.044173,0.082841
TGTACCCGACCCTAAT-1,0.000114,0.000114,0.447018,0.551732,0.000114,0.000114,0.000114,0.000114,0.000114,0.000114,0.000114,0.000114,0.000114
TGTACCTACACGAGGG-1,0.000461,0.000461,0.142785,0.000461,0.850372,0.000461,0.000461,0.000461,0.002237,0.000461,0.000461,0.000461,0.000461
TGTACGAACAAATCCG-1,0.000038,0.007678,0.000038,0.14982,0.44387,0.03706,0.000038,0.000038,0.017187,0.10504,0.231794,0.003605,0.003794
TGTACGCTATCAGCTT-1,0.000022,0.377634,0.055137,0.000022,0.000022,0.009539,0.448127,0.027689,0.024966,0.002597,0.000188,0.040298,0.013758
TGTACTACTCTCACGG-1,0.00002,0.00002,0.050755,0.082385,0.166513,0.22378,0.049034,0.026573,0.016294,0.032508,0.199191,0.110147,0.042782
TGTACTATCGCTCGTT-1,0.000038,0.000038,0.000038,0.00154,0.471284,0.009083,0.060009,0.032748,0.067023,0.01676,0.292558,0.041765,0.007117
TGTACTGTGCCAAAGT-1,0.000039,0.51063,0.428239,0.043317,0.017464,0.000039,0.000039,0.000039,0.000039,0.000039,0.000039,0.000039,0.000039
TGTACTTCCGGGCATG-1,0.000054,0.000054,0.000054,0.368593,0.107604,0.000054,0.000054,0.083819,0.100288,0.184686,0.00233,0.150951,0.001459
TGTAGCCAATTCCGTT-1,0.000027,0.01115,0.000027,0.266283,0.002057,0.025067,0.006671,0.252461,0.008718,0.002178,0.000947,0.26723,0.157184
TGTAGGAGAAATTTCC-1,0.000005,0.000005,0.000005,0.000005,0.000271,0.418329,0.018667,0.021911,0.424476,0.003056,0.082735,0.015817,0.014715
TGTAGTGATCTATAAT-1,0.00002,0.00002,0.00002,0.00002,0.011512,0.351678,0.021134,0.072892,0.126988,0.00592,0.342763,0.02775,0.039281
TGTATAACAGATCCTG-1,0.000364,0.039631,0.004078,0.05729,0.150261,0.156044,0.02332,0.006121,0.055659,0.125405,0.206898,0.033749,0.14118
TGTATACGGATGATGA-1,0.000009,0.000009,0.002758,0.000534,0.012698,0.125379,0.044544,0.029121,0.144061,0.011327,0.489929,0.123243,0.016387
TGTATCAGACTGAAGC-1,0.000007,0.069846,0.000007,0.000007,0.000007,0.096234,0.350124,0.038596,0.130063,0.022606,0.009706,0.190369,0.092427
TGTATCCTTATTCCAT-1,0.000041,0.200766,0.06204,0.110536,0.250416,0.007866,0.264422,0.019405,0.030819,0.04818,0.000041,0.000041,0.005427
TGTATGGCGCAGACAG-1,0.000836,0.000043,0.000043,0.418601,0.0457,0.057712,0.005497,0.149414,0.153241,0.000043,0.082921,0.021912,0.064035
TGTATTTACCTAATGC-1,0.000035,0.053049,0.049069,0.176821,0.167789,0.057969,0.066561,0.022282,0.02923,0.161461,0.094119,0.017525,0.104089
TGTCATTTGTTGGGAA-1,0.000011,0.000011,0.004403,0.000152,0.024046,0.246161,0.277103,0.086328,0.107573,0.089875,0.118685,0.01819,0.027463
TGTCCACGGCTCAACT-1,0.000101,0.000101,0.041737,0.609318,0.347933,0.000101,0.000101,0.000101,0.000101,0.000101,0.000101,0.000101,0.000101
TGTCCCGACATAGCAC-1,0.000038,0.108594,0.057487,0.183392,0.210197,0.000571,0.092378,0.048617,0.000311,0.204345,0.007863,0.037321,0.048886
TGTCCGCAAACAATTC-1,0.000307,0.000017,0.000017,0.176871,0.220469,0.00568,0.003969,0.167754,0.153743,0.001098,0.105462,0.157551,0.007062
TGTCCGTGGCGCCTTT-1,0.000036,0.008514,0.048502,0.09169,0.24064,0.179081,0.016642,0.000036,0.005553,0.120833,0.056092,0.012504,0.219876
TGTCCTAAGTCACCGC-1,0.000049,0.011622,0.000049,0.024919,0.312262,0.017019,0.050174,0.004096,0.008482,0.08528,0.131744,0.007068,0.347235
TGTCGGCATGGTGGAA-1,0.000035,0.579106,0.284869,0.049809,0.06249,0.000035,0.000035,0.000035,0.000035,0.023449,0.000035,0.000035,0.000035
TGTCGTGGGTATAGGC-1,0.000039,0.000039,0.000039,0.153167,0.236182,0.006646,0.00388,0.122244,0.136015,0.031971,0.198884,0.098167,0.012725
TGTCGTTATCACATAT-1,0.000663,0.000663,0.667155,0.000663,0.000663,0.000663,0.009308,0.000663,0.307254,0.010314,0.000663,0.000663,0.000663
TGTCTACAGTTTCTGT-1,0.00054,0.138897,0.109874,0.192155,0.205695,0.021624,0.066968,0.018718,0.001712,0.128932,0.033486,0.032062,0.049336
TGTGACTACGCCAGTC-1,0.000024,0.214571,0.010765,0.166579,0.048471,0.103263,0.068383,0.035714,0.027472,0.084794,0.200507,0.014791,0.024667
TGTGACTAGAGTTTGC-1,0.000063,0.000063,0.000063,0.298351,0.435111,0.000063,0.000063,0.20874,0.040582,0.000063,0.016711,0.000063,0.000063
TGTGAGACTAGCCCAA-1,0.000161,0.000161,0.334422,0.06089,0.32341,0.000161,0.000161,0.245059,0.000161,0.000161,0.029376,0.005718,0.000161
TGTGATTCCAGCGCTT-1,0.000027,0.756286,0.031469,0.024643,0.012203,0.049015,0.053351,0.009133,0.003957,0.033025,0.013022,0.010474,0.003396
TGTGCCAGAGGCAAAG-1,0.000666,0.000009,0.000009,0.05568,0.153447,0.00378,0.016053,0.543978,0.151588,0.014701,0.02164,0.027608,0.010841
TGTGCCGGTGCCGGAA-1,0.000056,0.000056,0.014822,0.901124,0.066302,0.000056,0.000056,0.000056,0.000056,0.000056,0.000056,0.001692,0.015609
TGTGCTTTACGTAAGA-1,0.000031,0.069888,0.000137,0.041591,0.28951,0.114579,0.021758,0.041559,0.017151,0.106608,0.174421,0.008588,0.11418
TGTGGACTATCTACGT-1,0.000207,0.122169,0.000207,0.875556,0.000207,0.000207,0.000207,0.000207,0.000207,0.000207,0.000207,0.000207,0.000207
TGTGGAGGAAGCTTAA-1,0.000024,0.640812,0.208813,0.027033,0.028138,0.000024,0.000024,0.000024,0.000024,0.002008,0.008887,0.072143,0.012044
TGTGGCAAAGCGTATG-1,0.001006,0.04073,0.002657,0.107078,0.117468,0.155349,0.033886,0.018019,0.02154,0.219353,0.160388,0.025699,0.096826
TGTGGCGGGCTTCTGG-1,0.000095,0.000095,0.000095,0.73173,0.198913,0.000095,0.000095,0.000095,0.010607,0.000095,0.000095,0.057895,0.000095
TGTGGCTCCCACCAAC-1,0.000024,0.000024,0.000329,0.141225,0.0042,0.080414,0.026831,0.335258,0.339443,0.000024,0.00865,0.046018,0.017558
TGTGGTAGGGTGCCTT-1,0.000135,0.000135,0.000135,0.998378,0.000135,0.000135,0.000135,0.000135,0.000135,0.000135,0.000135,0.000135,0.000135
TGTGGTTGCTAAAGCT-1,0.000042,0.000042,0.003857,0.526891,0.393633,0.000042,0.000042,0.000042,0.066604,0.001295,0.007423,0.000042,0.000042
TGTGTCGAAGTCGAGG-1,0.000016,0.000016,0.000016,0.017385,0.048986,0.185867,0.011066,0.041457,0.109682,0.010484,0.528011,0.031367,0.01565
TGTGTCGCGAGTTGCA-1,0.000036,0.073007,0.000036,0.186779,0.170787,0.222975,0.033273,0.003194,0.114982,0.080099,0.071213,0.001317,0.042302
TGTGTGACCATGAATC-1,0.000033,0.051359,0.000033,0.044552,0.143768,0.021446,0.02381,0.264625,0.159005,0.009796,0.137242,0.107179,0.037152
TGTGTTCGTATCCAAG-1,0.000043,0.063151,0.013872,0.208727,0.237742,0.161483,0.003895,0.001648,0.012047,0.028813,0.090216,0.02489,0.153473
TGTTAACAAAGTGACT-1,0.000058,0.000058,0.052719,0.864647,0.000058,0.000058,0.036848,0.017113,0.000058,0.000058,0.000058,0.02821,0.000058
TGTTATTGTATGTGGC-1,0.001447,0.00003,0.00003,0.014196,0.126462,0.005574,0.016071,0.12291,0.577733,0.065168,0.03576,0.017743,0.016876
TGTTCATAAATGTGCT-1,0.000018,0.088131,0.001282,0.042146,0.097862,0.107617,0.116457,0.164058,0.124815,0.098377,0.091065,0.016646,0.051527
TGTTCCGCTTCCATGA-1,0.000047,0.000047,0.000078,0.115469,0.272743,0.062521,0.073533,0.017945,0.036924,0.013502,0.339592,0.034025,0.033573
TGTTCCGGCCTGAGCT-1,0.000019,0.000019,0.000019,0.073086,0.06255,0.022451,0.067629,0.396915,0.106087,0.008191,0.018643,0.115888,0.128503
TGTTCGTATTGCGGTG-1,0.000031,0.000031,0.000031,0.046104,0.038634,0.05874,0.016104,0.561857,0.266663,0.000031,0.011119,0.000031,0.000624
TGTTCTCTACTCCCTA-1,0.000013,0.016993,0.036501,0.022158,0.120921,0.002228,0.012741,0.018914,0.001375,0.009745,0.660465,0.05299,0.044955
TGTTCTTCCATTGACT-1,0.00003,0.033305,0.00003,0.013042,0.173752,0.06482,0.051416,0.085574,0.028246,0.045893,0.130242,0.188203,0.185446
TGTTGATCACTGTTTA-1,0.000007,0.000007,0.000007,0.000007,0.013935,0.137423,0.042862,0.011507,0.287023,0.007474,0.417186,0.070834,0.011728
TGTTGCCGTCGTCCCA-1,0.000138,0.000009,0.000009,0.000009,0.000009,0.004601,0.121646,0.267771,0.521781,0.000322,0.002631,0.077554,0.003518
TGTTGGCTGGCGGAAG-1,0.000039,0.478548,0.337353,0.039051,0.10251,0.000039,0.000039,0.012653,0.000039,0.001143,0.003859,0.024688,0.000039
TGTTGTCAAGAAGTCT-1,0.000032,0.015279,0.040809,0.084516,0.243507,0.088333,0.000598,0.012996,0.000032,0.194935,0.275097,0.012943,0.030923
TGTTTAATACTTCATC-1,0.000042,0.226623,0.138836,0.096169,0.040262,0.000926,0.001339,0.000045,0.000042,0.050478,0.000042,0.260946,0.184251
TGTTTCGGTACTTCTC-1,0.000021,0.044674,0.000021,0.002563,0.023659,0.279535,0.314318,0.095443,0.074899,0.061035,0.06314,0.006729,0.033962
TGTTTGAGATCGTCAG-1,0.000044,0.000044,0.000044,0.108501,0.011245,0.025568,0.018449,0.36368,0.47225,0.000044,0.000044,0.000044,0.000044
TTAAACAGAGTCCCGC-1,0.000024,0.043857,0.300395,0.033289,0.011015,0.019462,0.447859,0.070685,0.0195,0.025558,0.003722,0.000859,0.023774
TTAAACCGGTAGCGAC-1,0.000018,0.76851,0.031987,0.199306,0.000018,0.000018,0.000031,0.000018,0.000018,0.000018,0.000018,0.000018,0.000018
TTAAACCTGGTTCCTT-1,0.000032,0.112885,0.002716,0.070194,0.466362,0.085365,0.072578,0.025422,0.003754,0.101455,0.032019,0.000032,0.027185
TTAAACTCGAATTCAT-1,0.000012,0.000012,0.000012,0.077931,0.062969,0.178566,0.067477,0.029106,0.045861,0.077529,0.075972,0.040365,0.344188
TTAAAGGCGATGCTCG-1,0.000015,0.000015,0.000015,0.071911,0.265895,0.003951,0.055202,0.175739,0.155269,0.01429,0.20192,0.052815,0.002962
TTAAAGTAAGTCGCCA-1,0.000007,0.000007,0.000007,0.000007,0.000007,0.000007,0.103544,0.734717,0.161669,0.000007,0.000007,0.000007,0.000007
TTAACACCTCGAACAT-1,0.000017,0.01518,0.0146,0.041041,0.064421,0.04308,0.282135,0.171705,0.062017,0.125559,0.045631,0.036122,0.098492
TTAACCAACCCTCCCT-1,0.000499,0.158885,0.0071,0.033687,0.024881,0.06875,0.256969,0.074427,0.022698,0.14295,0.043211,0.077448,0.088496
TTAACCCGAGGCGTGT-1,0.000009,0.000009,0.000009,0.036143,0.064196,0.006335,0.034094,0.144999,0.295132,0.003815,0.082548,0.325775,0.006937
TTAACGAACAAGCAGT-1,0.000011,0.01187,0.046882,0.050105,0.032773,0.047826,0.16084,0.017138,0.01551,0.082117,0.085642,0.055252,0.394034
TTAACGTCGCAAGACC-1,0.000026,0.113562,0.106728,0.206902,0.049624,0.030065,0.006587,0.000026,0.000026,0.100429,0.042113,0.129947,0.213964
TTAACGTTAAAGCCTG-1,0.002123,0.017029,0.000073,0.037305,0.181421,0.135024,0.012033,0.018815,0.011915,0.220999,0.162822,0.065214,0.135226
TTAACTCACGCGTGGA-1,0.000036,0.000036,0.014486,0.072134,0.290796,0.016335,0.020502,0.095276,0.048711,0.22286,0.118183,0.068336,0.032311
TTAACTTCAGGTAGGA-1,0.000063,0.000063,0.000063,0.322028,0.187397,0.028958,0.000063,0.162142,0.061396,0.000063,0.237637,0.000063,0.000063
TTAAGACGAACGAACC-1,0.000033,0.090013,0.205846,0.068378,0.428586,0.036588,0.065468,0.004037,0.000033,0.039545,0.027772,0.006835,0.026868
TTAAGATACCCAGAGA-1,0.000021,0.000021,0.000021,0.077002,0.188883,0.000021,0.013532,0.210086,0.065959,0.005781,0.144107,0.29065,0.003918
TTAAGATAGGATTGAC-1,0.00004,0.00004,0.00004,0.123438,0.260083,0.005815,0.00004,0.083241,0.135531,0.008569,0.120481,0.259464,0.003218
TTAAGCCGACAACTTC-1,0.000016,0.080199,0.069894,0.089172,0.025423,0.016619,0.265747,0.133278,0.034367,0.105353,0.008627,0.13892,0.032386
TTAAGCGCCTGACCCA-1,0.000027,0.000027,0.000763,0.053355,0.100089,0.21301,0.072192,0.128998,0.040562,0.100563,0.163594,0.050725,0.076093
TTAAGGATACGGAGGT-1,0.000053,0.313363,0.344437,0.046221,0.014302,0.000053,0.174081,0.063576,0.000053,0.0437,0.000053,0.000053,0.000053
TTAAGGCCCGTACTTT-1,0.00045,0.00045,0.782391,0.00045,0.00045,0.00045,0.00045,0.101425,0.111686,0.00045,0.00045,0.00045,0.00045
TTAAGTATTGTTATCC-1,0.000087,0.032116,0.065138,0.848011,0.053949,0.000087,0.000087,0.000087,0.000087,0.000087,0.000087,0.000087,0.000087
TTAATCAGTACGTCAG-1,0.000029,0.054194,0.005252,0.038703,0.129674,0.125518,0.024416,0.066653,0.052733,0.231143,0.163039,0.067028,0.041618
TTAATGCGAGGTAACT-1,0.000031,0.81443,0.097549,0.011579,0.051647,0.000031,0.000031,0.000031,0.000031,0.000031,0.012048,0.000281,0.012278
TTAATGTAGACCAGGT-1,0.000447,0.025193,0.000024,0.066608,0.308828,0.073942,0.012092,0.024604,0.009986,0.02858,0.225118,0.064897,0.159681
TTAATGTGTTTGCAGG-1,0.000081,0.098729,0.412058,0.352424,0.095196,0.000081,0.000081,0.000081,0.000081,0.040948,0.000081,0.000081,0.000081
TTAATTGCTTTGGGTG-1,0.000237,0.000237,0.572601,0.269892,0.000237,0.000237,0.000237,0.042238,0.113132,0.000237,0.000237,0.000237,0.000237
TTAATTTCAGACGCGG-1,0.000012,0.007069,0.020266,0.023538,0.02991,0.063107,0.496933,0.145221,0.063889,0.035001,0.073,0.020438,0.021617
TTACAACTACGCATCC-1,0.000043,0.033348,0.010787,0.249141,0.09945,0.101747,0.044258,0.000043,0.015715,0.051599,0.188661,0.051388,0.153821
TTACAGACCTAAATGA-1,0.000008,0.016233,0.000738,0.003318,0.018748,0.32289,0.126479,0.031342,0.13014,0.164202,0.093792,0.024576,0.067535
TTACATCGTGGCCTGG-1,0.000051,0.011763,0.045724,0.043384,0.429034,0.008447,0.024078,0.027747,0.035516,0.308969,0.054924,0.000051,0.01031
TTACATGCCACAACTA-1,0.000017,0.000017,0.003354,0.111853,0.137811,0.09129,0.011297,0.099568,0.322639,0.005191,0.068868,0.084856,0.06324
TTACCATTGATTACCC-1,0.000034,0.046755,0.095258,0.165064,0.081302,0.172531,0.013948,0.041314,0.022375,0.081294,0.05445,0.048547,0.177129
TTACCCATTGCCGGGT-1,0.000029,0.003519,0.059808,0.237435,0.055641,0.067682,0.174164,0.056896,0.041457,0.236429,0.039099,0.014319,0.013521
TTACCCTAACAGTCCT-1,0.00001,0.003625,0.00001,0.00001,0.004555,0.073582,0.527385,0.191205,0.080337,0.017924,0.065676,0.02953,0.00615
TTACCCTAGGGATTGG-1,0.000226,0.000226,0.298305,0.23927,0.000226,0.000226,0.000226,0.185548,0.27484,0.000226,0.000226,0.000226,0.000226
TTACCGCCTTAGGGAA-1,0.000041,0.36579,0.349,0.041366,0.120243,0.004967,0.011869,0.000041,0.000041,0.085319,0.006906,0.000041,0.014374
TTACGGATGGTTCGAG-1,0.000037,0.018982,0.000037,0.172934,0.185356,0.157896,0.000037,0.000037,0.000037,0.064774,0.104759,0.207406,0.087708
TTACGGTGTCACCGAG-1,0.000029,0.069429,0.292906,0.013987,0.048539,0.029769,0.414715,0.010427,0.02187,0.051019,0.014207,0.030659,0.002444
TTACGTAGCGCGTGCT-1,0.000034,0.033231,0.010632,0.07218,0.423223,0.029907,0.065,0.011087,0.001105,0.178033,0.152362,0.004761,0.018446
TTACTATCGGCTTCTC-1,0.000023,0.036203,0.000807,0.080782,0.070161,0.038874,0.018964,0.05629,0.001849,0.013524,0.027848,0.208988,0.445686
TTACTCCGGCCGGGAA-1,0.000227,0.000016,0.000016,0.01199,0.159968,0.207958,0.019248,0.040867,0.113368,0.022917,0.395356,0.017629,0.010442
TTACTCTGGTACGTAC-1,0.000027,0.000027,0.000027,0.047079,0.099741,0.040002,0.003864,0.115246,0.289604,0.008855,0.373548,0.014998,0.006981
TTACTGGGATATTTCA-1,0.000045,0.023862,0.000045,0.156406,0.133638,0.006265,0.000045,0.316043,0.121999,0.000045,0.231816,0.009747,0.000045
TTACTGTCTAGAGCTC-1,0.00001,0.029361,0.00155,0.008228,0.001095,0.416554,0.083256,0.042011,0.056733,0.035942,0.015014,0.159161,0.151084
TTACTGTTTCTCTACG-1,0.000038,0.832604,0.164907,0.000038,0.002111,0.000038,0.000038,0.000038,0.000038,0.000038,0.000038,0.000038,0.000038
TTAGAAGAACATGACT-1,0.000589,0.00004,0.000067,0.306193,0.259149,0.000072,0.006503,0.40483,0.022399,0.00004,0.00004,0.00004,0.00004
TTAGACACGATCGTTG-1,0.000026,0.179819,0.0689,0.082589,0.147965,0.073875,0.287277,0.025376,0.016579,0.040863,0.021155,0.024903,0.030672
TTAGACGAGTCACCTC-1,0.000068,0.000068,0.000068,0.157815,0.25936,0.000068,0.035384,0.228437,0.267392,0.002841,0.032949,0.015481,0.000068
TTAGAGGGATATACAG-1,0.000019,0.000019,0.000019,0.012422,0.043439,0.106636,0.008795,0.251949,0.299445,0.00774,0.176558,0.064861,0.028098
TTAGAGTATTGTCGAG-1,0.000034,0.010656,0.000034,0.134054,0.325221,0.000519,0.001341,0.268548,0.094769,0.006789,0.048811,0.105704,0.003519
TTAGAGTTTAGAAGGA-1,0.000034,0.000034,0.000034,0.090682,0.091459,0.034006,0.014215,0.503622,0.14067,0.041251,0.034671,0.038276,0.011046
TTAGATAGGTCGATAC-1,0.000067,0.149528,0.39376,0.229746,0.142408,0.000067,0.000067,0.000067,0.000067,0.084019,0.000067,0.000067,0.000067
TTAGCAACATGGATGT-1,0.000028,0.070108,0.01122,0.181978,0.282164,0.063684,0.16106,0.022246,0.087651,0.074681,0.026779,0.013936,0.004463
TTAGCATCCCTCACGT-1,0.000154,0.000154,0.000154,0.998146,0.000154,0.000154,0.000154,0.000154,0.000154,0.000154,0.000154,0.000154,0.000154
TTAGCCATAGGGCTCG-1,0.000046,0.000046,0.000046,0.195964,0.352256,0.00909,0.007657,0.157851,0.051103,0.013589,0.149731,0.062577,0.000046
TTAGCGAATAGATAGG-1,0.000027,0.000027,0.000027,0.062363,0.256694,0.006859,0.007544,0.026546,0.068245,0.017981,0.202721,0.343471,0.007496
TTAGCTAATACGATCT-1,0.000021,0.18214,0.001327,0.01738,0.163117,0.021527,0.250091,0.055937,0.08471,0.097171,0.063157,0.051803,0.011619
TTAGCTCTGTAATCCG-1,0.004968,0.012824,0.000054,0.032756,0.239703,0.009809,0.000054,0.000054,0.000054,0.19519,0.218719,0.006033,0.279783
TTAGCTGATTTGCCGT-1,0.000019,0.04981,0.02209,0.06909,0.094762,0.130864,0.051017,0.094757,0.181006,0.028457,0.163691,0.065627,0.048809
TTAGGATGGGAGGGTA-1,0.000083,0.000083,0.000083,0.214758,0.203785,0.000083,0.012086,0.127512,0.075576,0.000083,0.01751,0.348275,0.000083
TTAGGTCATAACCGAC-1,0.000128,0.000128,0.017753,0.371498,0.609471,0.000128,0.000128,0.000128,0.000128,0.000128,0.000128,0.000128,0.000128
TTAGGTGTGACTGGTC-1,0.000032,0.429208,0.297564,0.021311,0.001659,0.000032,0.117475,0.12331,0.007841,0.001099,0.000032,0.000032,0.000404
TTAGTAGGGCGGCGGG-1,0.000031,0.018148,0.000031,0.002715,0.053136,0.217545,0.081964,0.016585,0.010358,0.150499,0.03137,0.020578,0.39704
TTAGTTATTCGTGGCA-1,0.000054,0.000054,0.000054,0.540446,0.039229,0.03475,0.015833,0.205153,0.155559,0.000569,0.000054,0.000054,0.008188
TTAGTTCAAGTGTTCG-1,0.00003,0.00003,0.348757,0.111382,0.00003,0.14128,0.032987,0.1168,0.108759,0.01224,0.001822,0.040945,0.084938
TTATAGATGCACATTA-1,0.000026,0.621999,0.081549,0.002392,0.001907,0.118636,0.055346,0.039388,0.062671,0.003628,0.001813,0.000026,0.010619
TTATAGGTAATTGTCT-1,0.000262,0.000262,0.188383,0.021908,0.55277,0.000262,0.000262,0.215684,0.019162,0.000262,0.000262,0.000262,0.000262
TTATAGTCCAAGGTGC-1,0.000017,0.051383,0.000819,0.054362,0.03169,0.069871,0.119239,0.073094,0.01141,0.052783,0.022433,0.439716,0.073185
TTATATACGCTGTCAC-1,0.000019,0.004883,0.000019,0.096528,0.051376,0.307774,0.016686,0.120533,0.193517,0.013573,0.122455,0.062878,0.009756
TTATATTTGGCAATCC-1,0.000013,0.001556,0.000013,0.000013,0.001196,0.569418,0.115037,0.088052,0.106701,0.007853,0.02675,0.006634,0.076763
TTATCATACTCGCAAA-1,0.000442,0.921606,0.077646,0.000031,0.000031,0.000031,0.000031,0.000031,0.000031,0.000031,0.000031,0.000031,0.000031
TTATCCAATCGAACTC-1,0.000723,0.375948,0.046772,0.068876,0.107558,0.033958,0.077559,0.061821,0.046757,0.125721,0.014459,0.013182,0.026668
TTATCCGGGATCTATA-1,0.000099,0.000099,0.019481,0.979428,0.000099,0.000099,0.000099,0.000099,0.000099,0.000099,0.000099,0.000099,0.000099
TTATCCTCAAGGAATA-1,0.000015,0.000015,0.000015,0.094712,0.073042,0.048207,0.009624,0.388377,0.324633,0.010896,0.037928,0.010499,0.002037
TTATCGCCTGCGAAGC-1,0.000043,0.000043,0.01308,0.11367,0.145694,0.000938,0.020875,0.042705,0.004178,0.584051,0.058083,0.006326,0.010313
TTATCTGACATTAGGA-1,0.000056,0.000056,0.000056,0.287324,0.356154,0.001947,0.000056,0.000499,0.006669,0.000056,0.265301,0.063091,0.018737
TTATCTGTATCATAAC-1,0.000987,0.02996,0.021624,0.044555,0.103483,0.270016,0.03248,0.000034,0.007625,0.03714,0.357401,0.011976,0.08272
TTATGAATGAAAGGGA-1,0.000021,0.000021,0.000021,0.125338,0.190908,0.099741,0.046526,0.108497,0.162807,0.000788,0.135152,0.055444,0.074736
TTATGACAAACTGGAT-1,0.000034,0.030649,0.000034,0.059671,0.283272,0.123706,0.015606,0.013465,0.001965,0.089075,0.111742,0.013634,0.257146
TTATGATCTTAACGAA-1,0.000296,0.00002,0.002869,0.073469,0.195254,0.106393,0.015422,0.093256,0.081492,0.023947,0.272218,0.082077,0.053285
TTATGCGTCCCGGTCC-1,0.000028,0.457349,0.02875,0.039553,0.081166,0.015652,0.258254,0.039685,0.01548,0.04378,0.000028,0.000028,0.020247
TTATGTTTGCGATAGA-1,0.000037,0.151922,0.022076,0.142155,0.108519,0.027516,0.09905,0.027597,0.032776,0.087828,0.038895,0.0068,0.25483
TTATTAGAGCGTGTTC-1,0.000073,0.000073,0.000073,0.205029,0.281747,0.000073,0.000073,0.486997,0.024891,0.000073,0.000073,0.000073,0.000757
TTATTAGGGAAGCATC-1,0.000746,0.001212,0.000018,0.001492,0.000018,0.105022,0.268043,0.244569,0.060038,0.004181,0.013866,0.095445,0.20535
TTATTATCTGGAAGGC-1,0.000119,0.000119,0.421774,0.57692,0.000119,0.000119,0.000119,0.000119,0.000119,0.000119,0.000119,0.000119,0.000119
TTATTTCATCCCAAAC-1,0.000029,0.900988,0.098692,0.000029,0.000029,0.000029,0.000029,0.000029,0.000029,0.000029,0.000029,0.000029,0.000029
TTCAAAGTCTCTAGCC-1,0.002707,0.000036,0.000036,0.052123,0.349329,0.021476,0.000436,0.029951,0.120914,0.040068,0.343619,0.013897,0.025406
TTCAACGACCCGACCG-1,0.000036,0.01744,0.097249,0.0936,0.482179,0.024334,0.026266,0.006242,0.009913,0.028679,0.123104,0.044212,0.046745
TTCAAGCCGAGCTGAG-1,0.00002,0.020455,0.064928,0.027228,0.113196,0.023375,0.378274,0.05692,0.055932,0.038915,0.035091,0.013023,0.172643
TTCAATACTCTGAATC-1,0.000016,0.000016,0.000016,0.000016,0.010841,0.201056,0.025742,0.025859,0.269812,0.008946,0.352669,0.08098,0.024032
TTCAATTAGCCATAAT-1,0.000016,0.015461,0.164729,0.004253,0.010608,0.018809,0.630105,0.108741,0.016185,0.006676,0.007284,0.007995,0.009138
TTCACGAAAGGATCAC-1,0.000033,0.016757,0.000033,0.127509,0.22728,0.029575,0.002767,0.065158,0.11073,0.024321,0.128779,0.193887,0.073172
TTCACGGTCGTCACGT-1,0.000029,0.000029,0.000029,0.20153,0.11562,0.000029,0.042703,0.410993,0.006559,0.006534,0.00113,0.211364,0.003451
TTCACTCGAGCACCTA-1,0.000118,0.000118,0.000118,0.659589,0.323837,0.000118,0.000118,0.000118,0.000118,0.000118,0.015391,0.000118,0.000118
TTCACTTCCTAGAACG-1,0.000037,0.000037,0.000037,0.278908,0.126302,0.000037,0.021898,0.545012,0.011034,0.000037,0.003395,0.013229,0.000037
TTCAGAGTAACCTGAC-1,0.000038,0.536211,0.338977,0.056814,0.067655,0.000038,0.000038,0.000038,0.000038,0.000038,0.000038,0.000038,0.000038
TTCAGCCCTGGTCCAC-1,0.000904,0.017126,0.000036,0.164162,0.091436,0.023585,0.000036,0.047743,0.013709,0.004091,0.012145,0.56968,0.055347
TTCAGGCGTCAAAGCC-1,0.000375,0.000016,0.000016,0.012654,0.067365,0.081344,0.000016,0.008275,0.013947,0.002192,0.794544,0.011332,0.007925
TTCAGTTCAAGAGGAG-1,0.000033,0.023386,0.000033,0.173135,0.15515,0.007508,0.047809,0.210656,0.327643,0.009632,0.017384,0.017992,0.00964
TTCAGTTTGTGGCAGC-1,0.000018,0.000018,0.000018,0.046904,0.072062,0.316016,0.122633,0.058353,0.135622,0.12202,0.076978,0.000477,0.048879
TTCATAGCCTTGTAAC-1,0.000027,0.506034,0.222177,0.039325,0.000027,0.00254,0.095431,0.024264,0.054116,0.037862,0.000027,0.000502,0.017667
TTCATAGGGTGTCCAT-1,0.00004,0.036051,0.131102,0.034185,0.03398,0.090472,0.215,0.137053,0.103789,0.214624,0.002431,0.00004,0.001232
TTCATGGCGCAACAGG-1,0.000011,0.052658,0.005136,0.022352,0.030748,0.130999,0.305169,0.051539,0.032965,0.064878,0.172922,0.061701,0.068921
TTCCAATCAGAGCTAG-1,0.000012,0.000012,0.000012,0.000012,0.032369,0.097459,0.393169,0.131637,0.134132,0.071112,0.09556,0.037571,0.006945
TTCCAATCTGGCTATC-1,0.000019,0.000019,0.000019,0.000019,0.00515,0.155454,0.045005,0.180814,0.422487,0.007629,0.077718,0.056229,0.049438
TTCCACACAGATTTGA-1,0.000049,0.000049,0.000049,0.136426,0.273697,0.00464,0.027971,0.369439,0.029709,0.003061,0.097342,0.01235,0.045221
TTCCACATTTCTCGTC-1,0.000036,0.19722,0.429353,0.029802,0.019458,0.020767,0.153698,0.012262,0.000036,0.020616,0.023824,0.053116,0.039814
TTCCAGACGAGATTTA-1,0.000043,0.000043,0.000043,0.009921,0.455105,0.040845,0.000043,0.001752,0.011458,0.013316,0.144222,0.317088,0.00612
TTCCAGTGGGTTTCGT-1,0.000057,0.026428,0.000057,0.038936,0.393399,0.023442,0.01052,0.065643,0.022957,0.000057,0.033996,0.384452,0.000057
TTCCATCATGCGGTGA-1,0.00004,0.018888,0.067559,0.058787,0.398263,0.027141,0.067736,0.015768,0.052641,0.239769,0.012535,0.037845,0.003028
TTCCCAAAGTACTGAT-1,0.000036,0.012964,0.007249,0.143307,0.214943,0.000038,0.000036,0.119788,0.06955,0.012853,0.25372,0.163963,0.001553
TTCCCGACGCTTCACT-1,0.000053,0.546304,0.117954,0.112451,0.196104,0.000053,0.000053,0.000053,0.000053,0.025064,0.001754,0.000053,0.000053
TTCCCGGCGCCAATAG-1,0.040988,0.000028,0.000028,0.12606,0.327178,0.078442,0.000969,0.028652,0.041934,0.012597,0.105172,0.058671,0.17928
TTCCGCAGAGAAATAT-1,0.000017,0.000017,0.015665,0.008116,0.170922,0.074981,0.193978,0.093814,0.124865,0.153196,0.068713,0.034195,0.061521
TTCCGCGTGAGGCGAT-1,0.000659,0.000044,0.000044,0.196928,0.263856,0.017968,0.003086,0.287252,0.151685,0.000044,0.064333,0.002805,0.011297
TTCCGGCCTTGAGGCT-1,0.000062,0.000062,0.016369,0.357097,0.000062,0.019467,0.002833,0.206184,0.000062,0.000062,0.000062,0.348516,0.049162
TTCCGGCTCGACTTCT-1,0.000016,0.000016,0.011879,0.022209,0.052101,0.12193,0.257181,0.092422,0.114939,0.09105,0.092983,0.030712,0.112561
TTCCGGTATCTGTGTC-1,0.000059,0.000059,0.000059,0.203357,0.208509,0.113088,0.000059,0.01275,0.021766,0.188734,0.120888,0.080172,0.050499
TTCCGGTTACCCACTT-1,0.000033,0.000033,0.000033,0.139276,0.001476,0.010832,0.011482,0.301451,0.016917,0.000033,0.000033,0.487821,0.030579
TTCCTCGAGGGTGTCT-1,0.000016,0.036935,0.001864,0.000016,0.000661,0.581184,0.117891,0.022071,0.076882,0.061705,0.012177,0.004102,0.084496
TTCCTCGGACTAACCA-1,0.000036,0.000036,0.000036,0.287072,0.000075,0.006901,0.027608,0.656497,0.019394,0.000036,0.000036,0.001994,0.000281
TTCCTCTGCCCGAATA-1,0.000015,0.000015,0.000015,0.002404,0.044141,0.508316,0.049492,0.044409,0.054339,0.062364,0.0816,0.020636,0.132252
TTCCTTTCTGTGTTGC-1,0.000641,0.699947,0.105033,0.138831,0.02973,0.000045,0.000045,0.017873,0.000045,0.007672,0.000045,0.000045,0.000045
TTCGAACGAAACATGC-1,0.000014,0.000014,0.005615,0.09377,0.105164,0.01035,0.034651,0.256301,0.094475,0.011258,0.115101,0.242035,0.031254
TTCGACAGAGCCCGTG-1,0.00015,0.00015,0.01493,0.97397,0.009597,0.00015,0.00015,0.00015,0.00015,0.00015,0.00015,0.00015,0.00015
TTCGACGGGAAGGGCG-1,0.000045,0.011046,0.043847,0.111873,0.28127,0.060558,0.000935,0.000045,0.000045,0.193071,0.215702,0.001695,0.079867
TTCGAGCCGGCGCTAC-1,0.000208,0.000014,0.000014,0.043878,0.439028,0.000014,0.007146,0.000014,0.000014,0.007314,0.414054,0.070068,0.018233
TTCGCACTCGCGTGCT-1,0.000011,0.000011,0.000011,0.000011,0.000011,0.808344,0.074276,0.027294,0.076262,0.006864,0.002771,0.000171,0.003962
TTCGCACTGTACGACA-1,0.004054,0.000171,0.132982,0.068214,0.346809,0.034872,0.000171,0.004211,0.306124,0.000171,0.000171,0.000171,0.101882
TTCGCATCCGGAAGCA-1,0.000047,0.270867,0.424267,0.157356,0.071693,0.000047,0.000047,0.000047,0.000047,0.075438,0.000047,0.000047,0.000047
TTCGCCGCTCGCGCTA-1,0.000099,0.01767,0.000099,0.98124,0.000099,0.000099,0.000099,0.000099,0.000099,0.000099,0.000099,0.000099,0.000099
TTCGCGCGCCATACGA-1,0.000225,0.000225,0.42146,0.117791,0.000225,0.000225,0.009739,0.217428,0.012613,0.000225,0.000225,0.219394,0.000225
TTCGCTAGGAAGTTGT-1,0.000049,0.000049,0.000049,0.033346,0.218833,0.099345,0.119758,0.023923,0.082061,0.003406,0.137201,0.243534,0.038445
TTCGCTATCTGACGTG-1,0.000018,0.107074,0.00102,0.095816,0.030453,0.094968,0.29695,0.076496,0.074456,0.121401,0.05737,0.024855,0.019123
TTCGGACTGATGCCTT-1,0.000027,0.048524,0.05181,0.022234,0.134785,0.071688,0.140102,0.083113,0.153401,0.131355,0.133774,0.011312,0.017875
TTCGGACTGGGCATGG-1,0.000205,0.000205,0.025364,0.972385,0.000205,0.000205,0.000205,0.000205,0.000205,0.000205,0.000205,0.000205,0.000205
TTCGGCAACCCGCTGA-1,0.00004,0.066223,0.271145,0.339128,0.091891,0.034528,0.057446,0.00004,0.004037,0.09457,0.003632,0.00004,0.037282
TTCGGCTAGAGATGGT-1,0.000893,0.088466,0.060074,0.295359,0.026035,0.063659,0.29368,0.010684,0.05958,0.066837,0.005654,0.00639,0.022689
TTCGGGACTAATCGCG-1,0.00004,0.00004,0.00004,0.080349,0.321817,0.029316,0.00004,0.047472,0.103803,0.020428,0.347985,0.000097,0.048571
TTCGGGCGCTAGTCTT-1,0.003011,0.000207,0.000207,0.684042,0.163883,0.000207,0.000207,0.000207,0.000207,0.000207,0.147202,0.000207,0.000207
TTCGGTACTGTAGAGG-1,0.000023,0.000023,0.000023,0.154431,0.149562,0.002108,0.017491,0.583237,0.060829,0.000023,0.027823,0.004401,0.000023
TTCGGTGGAGACGCCC-1,0.000027,0.000027,0.000027,0.071574,0.094754,0.002225,0.007255,0.128162,0.057834,0.000027,0.031611,0.575873,0.030603
TTCGTAATCCCAGCGG-1,0.000039,0.257632,0.426649,0.251835,0.003736,0.050713,0.000039,0.000039,0.000039,0.000039,0.000039,0.000039,0.009159
TTCGTACTCCAGAACG-1,0.000044,0.004841,0.029629,0.146503,0.318793,0.091068,0.204853,0.000044,0.009218,0.071051,0.08384,0.011228,0.028888
TTCGTGCATGTTATAG-1,0.00002,0.055892,0.00002,0.002843,0.104384,0.035972,0.057469,0.113552,0.278988,0.021194,0.252536,0.07454,0.002591
TTCGTGGGCTGGAAGC-1,0.000026,0.002194,0.101199,0.073897,0.021323,0.235519,0.048523,0.100344,0.051838,0.013977,0.110715,0.112356,0.12809
TTCGTTCAACGAAGTT-1,0.000019,0.017608,0.0113,0.07452,0.157463,0.098858,0.336559,0.043582,0.038045,0.052786,0.107555,0.05105,0.010655
TTCTAACCGAAGCTTA-1,0.000033,0.000033,0.000033,0.01782,0.198418,0.073199,0.003764,0.011168,0.019349,0.035664,0.496106,0.079594,0.064819
TTCTACCTCAATCGGT-1,0.000134,0.000134,0.000134,0.770776,0.22775,0.000134,0.000134,0.000134,0.000134,0.000134,0.000134,0.000134,0.000134
TTCTACCTTTATGTTG-1,0.00004,0.137364,0.340506,0.070114,0.019145,0.000048,0.139649,0.073112,0.068048,0.128191,0.023702,0.00004,0.00004
TTCTACTTGCGAGGGC-1,0.000026,0.17335,0.000026,0.025702,0.123204,0.116282,0.076911,0.04561,0.026793,0.15114,0.069701,0.136421,0.054835
TTCTAGAAAGTCTTAT-1,0.002942,0.000207,0.359232,0.154328,0.147416,0.000207,0.000207,0.334422,0.000207,0.000207,0.000207,0.000207,0.000207
TTCTAGGCCAATTGTG-1,0.000021,0.051999,0.000021,0.000592,0.04656,0.559692,0.091442,0.044517,0.081044,0.057626,0.023173,0.01221,0.031105
TTCTATGCCTTTCGCA-1,0.000017,0.000017,0.000017,0.000017,0.012024,0.066785,0.199987,0.024317,0.02717,0.017326,0.589647,0.045855,0.016819
TTCTATTAAACGCAGC-1,0.000052,0.000052,0.000052,0.376683,0.17138,0.000052,0.000892,0.196197,0.109174,0.018108,0.123168,0.00414,0.000052
TTCTCAATTGCTACAA-1,0.000217,0.000217,0.000217,0.280263,0.657788,0.000217,0.000217,0.059776,0.000217,0.000217,0.000217,0.000217,0.000217
TTCTCTTACAGGTGAT-1,0.000484,0.000484,0.752735,0.000484,0.000484,0.000484,0.000484,0.000484,0.195941,0.000484,0.000484,0.046486,0.000484
TTCTGACCGGGCTCAA-1,0.002138,0.000092,0.000092,0.81413,0.121429,0.000092,0.000092,0.000092,0.000092,0.000194,0.000092,0.000092,0.061373
TTCTGCCGCGCCTAGA-1,0.00006,0.00006,0.00006,0.21431,0.282168,0.00006,0.00006,0.421017,0.02024,0.00764,0.041532,0.002042,0.010749
TTCTGCGAGCGCCCTT-1,0.000032,0.025968,0.000032,0.006938,0.240774,0.447088,0.046984,0.006151,0.028572,0.063513,0.084016,0.000032,0.049901
TTCTGCGGGTTAGCGG-1,0.000044,0.000044,0.000044,0.257452,0.196896,0.129103,0.004013,0.056911,0.072939,0.079441,0.076526,0.058524,0.068064
TTCTGCTAGACTCCAA-1,0.000022,0.000022,0.002344,0.02694,0.138802,0.058009,0.062298,0.058891,0.012982,0.058591,0.065861,0.045296,0.469941
TTCTGTTTCCTGTCGC-1,0.000048,0.074113,0.172664,0.147944,0.011899,0.044289,0.268911,0.04368,0.003423,0.09716,0.000048,0.056498,0.079322
TTCTTAGTGAACGGTG-1,0.000052,0.034965,0.044057,0.017178,0.31575,0.000052,0.029948,0.011519,0.000052,0.435022,0.103969,0.007385,0.000052
TTCTTAGTGGCTCAGA-1,0.000043,0.072546,0.001867,0.07413,0.156279,0.020747,0.070351,0.030856,0.039903,0.345425,0.167446,0.000043,0.020364
TTCTTATCCGCTGGGT-1,0.000025,0.000025,0.024407,0.084065,0.011531,0.000025,0.032543,0.646871,0.199941,0.000492,0.000025,0.000025,0.000025
TTCTTCCCTTTGATAT-1,0.00004,0.611109,0.324483,0.015872,0.023822,0.00004,0.00004,0.00004,0.00004,0.00004,0.024391,0.00004,0.00004
TTCTTCGCAATAGAGC-1,0.000039,0.513293,0.221844,0.093996,0.103479,0.000039,0.000039,0.000039,0.000039,0.053956,0.013161,0.000039,0.000039
TTCTTGAGCCGCGCTA-1,0.000093,0.000093,0.000093,0.137244,0.620539,0.000093,0.000093,0.070976,0.043768,0.000093,0.12673,0.000093,0.000093
TTCTTGCTAGCATCTC-1,0.000026,0.051644,0.000026,0.006378,0.075744,0.157986,0.027106,0.138964,0.209962,0.02846,0.204798,0.070643,0.028262
TTCTTGGACGATCTGC-1,0.000037,0.000037,0.013006,0.047532,0.309534,0.000037,0.000037,0.531013,0.000037,0.000037,0.033039,0.025287,0.040367
TTCTTGGAGTAATGAG-1,0.000029,0.000029,0.026778,0.038562,0.256622,0.122714,0.151099,0.021246,0.061892,0.155325,0.086693,0.001888,0.077124
TTCTTGTAACCTAATG-1,0.000027,0.009313,0.014564,0.000027,0.013462,0.187592,0.171043,0.041789,0.163961,0.267683,0.116517,0.006928,0.007096
TTCTTGTGTCCATCAG-1,0.000068,0.000068,0.038686,0.120805,0.386029,0.000392,0.000068,0.000068,0.028445,0.210677,0.200855,0.000068,0.013772
TTCTTTGGTCGCGACG-1,0.000018,0.000018,0.000018,0.066042,0.075164,0.057804,0.110764,0.047688,0.032681,0.213294,0.137878,0.075158,0.183473
TTGAAACCCTCATTCC-1,0.000056,0.004517,0.107546,0.457544,0.000056,0.000056,0.040866,0.082971,0.000056,0.000056,0.000056,0.222787,0.083431
TTGAAAGGTGTAAAGG-1,0.003135,0.017923,0.026427,0.090133,0.026555,0.042438,0.429785,0.068105,0.024864,0.043623,0.027087,0.071699,0.128227
TTGAACGAATCCTTTG-1,0.000014,0.008045,0.026186,0.096603,0.039223,0.109313,0.384365,0.162272,0.092173,0.053543,0.00482,0.010083,0.013361
TTGAAGAATTCCCAGG-1,0.000014,0.000014,0.000014,0.004131,0.049216,0.107791,0.013894,0.021398,0.073469,0.003588,0.702524,0.0148,0.009148
TTGAAGGATGGGCGCC-1,0.000291,0.000291,0.837793,0.000291,0.000291,0.000291,0.000291,0.118473,0.000291,0.000291,0.000291,0.000291,0.04082
TTGAAGTGCATCTACA-1,0.000042,0.000042,0.000042,0.181325,0.196441,0.000042,0.012124,0.17015,0.290937,0.000042,0.048925,0.080247,0.019643
TTGAATATGGACTTTC-1,0.032567,0.00406,0.000015,0.012947,0.019893,0.11603,0.037144,0.093206,0.226982,0.045486,0.103621,0.039314,0.268734
TTGAATCGTTGTATAA-1,0.000034,0.013513,0.000112,0.401687,0.180737,0.005261,0.00127,0.04827,0.013604,0.008123,0.25318,0.049047,0.025161
TTGAATTCACGTGAGG-1,0.000039,0.000039,0.000039,0.204936,0.169569,0.036107,0.000039,0.000055,0.003119,0.002208,0.553499,0.024528,0.005824
TTGACAGGAGCTCCCG-1,0.00002,0.00002,0.00002,0.252463,0.079854,0.005528,0.049598,0.303869,0.012358,0.000522,0.05973,0.152483,0.083536
TTGACATGAACGTGGA-1,0.000034,0.045985,0.000034,0.220157,0.132311,0.064635,0.009916,0.04525,0.114735,0.017948,0.335005,0.011567,0.002422
TTGACCAGGAACAACT-1,0.000069,0.000069,0.018003,0.818803,0.1625,0.000069,0.000069,0.000069,0.000069,0.000069,0.000069,0.000069,0.000069
TTGACCATGTTCTCCG-1,0.000027,0.000027,0.000027,0.076819,0.095987,0.055353,0.00151,0.009449,0.008234,0.014857,0.108572,0.072359,0.556779
TTGACCGTGTTAATGA-1,0.012817,0.000043,0.044719,0.375576,0.069132,0.040883,0.000043,0.175956,0.125661,0.005525,0.083788,0.046513,0.019345
TTGACGATTCAGCACG-1,0.000279,0.060011,0.071853,0.141101,0.000019,0.036812,0.570427,0.074374,0.032816,0.005489,0.000019,0.00358,0.003221
TTGACGCTCCATGAGC-1,0.000025,0.057112,0.002958,0.17469,0.024667,0.166417,0.051359,0.153621,0.159455,0.012932,0.07784,0.061375,0.05755
TTGACTACCATATGGT-1,0.000057,0.000057,0.000057,0.026102,0.319189,0.014992,0.000383,0.036607,0.05098,0.029273,0.456826,0.006695,0.058782
TTGACTATTGTCCGGC-1,0.00004,0.01132,0.00004,0.366302,0.029385,0.131957,0.002576,0.297537,0.06997,0.005801,0.060412,0.024619,0.00004
TTGAGAAGTTTAGCAT-1,0.000118,0.000118,0.05171,0.788551,0.158555,0.000118,0.000118,0.000118,0.000118,0.000118,0.000118,0.000118,0.000118
TTGAGAGTACTGCTAA-1,0.000042,0.050771,0.000042,0.189162,0.357485,0.007385,0.000042,0.019205,0.031898,0.094808,0.207321,0.035751,0.006088
TTGAGCAGCCCACGGT-1,0.000782,0.000031,0.000031,0.164087,0.000031,0.047218,0.04792,0.057807,0.573583,0.004598,0.000031,0.085748,0.018131
TTGAGCGCCACGTGAT-1,0.000026,0.000026,0.000026,0.015257,0.047934,0.106055,0.022206,0.010671,0.262221,0.011696,0.152221,0.369426,0.002236
TTGAGGCATTTAACTC-1,0.000024,0.316185,0.105612,0.014491,0.009462,0.004307,0.250156,0.125676,0.096532,0.053917,0.001137,0.008255,0.014245
TTGAGGGTCGAACGCG-1,0.000012,0.000012,0.001373,0.027842,0.048321,0.057535,0.043918,0.015766,0.056032,0.066421,0.423814,0.193376,0.065578
TTGAGTCCCGCTGCTG-1,0.000632,0.000045,0.028077,0.074443,0.138069,0.011516,0.00113,0.021757,0.051795,0.021062,0.319897,0.239828,0.09175
TTGATAGTCAATACAT-1,0.000016,0.000016,0.011165,0.020145,0.035351,0.34065,0.081082,0.014512,0.054535,0.067595,0.134279,0.060848,0.179805
TTGATCTAACTTTGTC-1,0.000066,0.000066,0.03968,0.116207,0.260009,0.0738,0.002624,0.013606,0.006615,0.307785,0.072861,0.001569,0.105112
TTGATGCCGCTCGTCG-1,0.000029,0.013831,0.000029,0.279084,0.007551,0.033599,0.028056,0.338202,0.011978,0.004202,0.000029,0.177821,0.105589
TTGATGTGTAGTCCCG-1,0.000028,0.014366,0.000028,0.015376,0.271738,0.040417,0.081108,0.043714,0.117173,0.291869,0.107002,0.004811,0.012371
TTGATTAGCTGTTTCT-1,0.000018,0.000018,0.000018,0.005,0.084125,0.109909,0.015758,0.214578,0.401414,0.013473,0.139201,0.012313,0.004175
TTGATTATGCAGATGA-1,0.000014,0.000014,0.000014,0.000014,0.000449,0.504698,0.057376,0.045336,0.098309,0.011925,0.111079,0.052145,0.118626
TTGCAAGAAGACTCCT-1,0.000013,0.000013,0.000013,0.073564,0.102977,0.041553,0.026114,0.348092,0.14635,0.003822,0.069081,0.140884,0.047525
TTGCACAATTCAGAAA-1,0.000019,0.005755,0.007028,0.185242,0.173326,0.052049,0.028748,0.234991,0.084698,0.043661,0.071099,0.055846,0.057538
TTGCACGGAGCAGCAC-1,0.000607,0.057121,0.000035,0.08521,0.10259,0.092977,0.030109,0.047711,0.026949,0.038925,0.18219,0.002647,0.33293
TTGCAGGTCATGAAGT-1,0.000012,0.000012,0.000012,0.012922,0.016719,0.464062,0.127984,0.019891,0.081936,0.020253,0.060171,0.040561,0.155464
TTGCATGCTGATCACG-1,0.000023,0.00044,0.001001,0.10793,0.039986,0.133217,0.04143,0.111264,0.214367,0.000958,0.159014,0.059778,0.130593
TTGCCAAGCAGAACCC-1,0.000753,0.000021,0.026055,0.091652,0.09174,0.035057,0.016833,0.195448,0.105291,0.00735,0.261179,0.107963,0.060659
TTGCCATAGCCCGCTC-1,0.0001,0.0001,0.0001,0.345771,0.103201,0.0001,0.0001,0.53233,0.017802,0.0001,0.0001,0.0001,0.0001
TTGCCCTGATCACGGG-1,0.001159,0.036826,0.000046,0.060047,0.513309,0.005325,0.000046,0.000046,0.000046,0.037968,0.344718,0.000158,0.000306
TTGCCGCTTTCTAGTA-1,0.000348,0.000348,0.061555,0.448496,0.402128,0.000348,0.000348,0.000348,0.000348,0.000348,0.000348,0.000348,0.084688
TTGCCGGTGATCCCTC-1,0.000044,0.000044,0.160735,0.064005,0.488826,0.016423,0.000492,0.000044,0.000044,0.197883,0.071373,0.000044,0.000044
TTGCCTAATCCAAAGT-1,0.000062,0.000062,0.000062,0.799837,0.046022,0.000062,0.000062,0.000062,0.000062,0.000062,0.001558,0.151985,0.0001
TTGCCTTCTCGCCGGG-1,0.000104,0.000104,0.000104,0.474193,0.247943,0.000104,0.036144,0.220377,0.014292,0.000104,0.006324,0.000104,0.000104
TTGCGCACAACCACGT-1,0.000028,0.024078,0.000028,0.22287,0.399617,0.00494,0.000028,0.007365,0.034178,0.01891,0.165743,0.108746,0.013471
TTGCGCTCTCTCGCTT-1,0.000026,0.051976,0.013573,0.059473,0.066967,0.043959,0.308762,0.119023,0.210579,0.060985,0.021251,0.03827,0.005157
TTGCGCTTGATCAATA-1,0.000035,0.000035,0.000035,0.046211,0.400957,0.000035,0.000035,0.478579,0.039327,0.016191,0.000182,0.01834,0.000035
TTGCGGAAAGCTGCCC-1,0.000008,0.000008,0.000008,0.00137,0.003636,0.045807,0.065221,0.091344,0.21302,0.005878,0.368914,0.195074,0.009712
TTGCGGCATCAGAAAG-1,0.000054,0.000054,0.000054,0.668335,0.088652,0.000054,0.024006,0.161259,0.057314,0.000054,0.000054,0.000054,0.000054
TTGCGGCGACTCATGC-1,0.000034,0.855912,0.098305,0.026484,0.001311,0.000034,0.000034,0.000034,0.016784,0.000034,0.000964,0.000034,0.000034
TTGCGTAGTTTGAGGA-1,0.000039,0.000039,0.000039,0.040134,0.329435,0.088943,0.308925,0.00476,0.008273,0.110957,0.095895,0.00242,0.010141
TTGCGTCGGCCAACCG-1,0.000031,0.000031,0.000031,0.04442,0.150428,0.000031,0.005428,0.491153,0.295097,0.000031,0.010272,0.003019,0.000031
TTGCGTGAACGCTTAG-1,0.000024,0.000024,0.050148,0.062962,0.136067,0.0128,0.402446,0.146069,0.044986,0.069471,0.037978,0.016003,0.021021
TTGCGTGTGTAGGCAT-1,0.000039,0.000039,0.000039,0.190497,0.090808,0.01656,0.033808,0.353439,0.25809,0.000586,0.020122,0.028334,0.00764
TTGCTAGCTACCAATC-1,0.00006,0.499316,0.313645,0.012394,0.174106,0.00006,0.00006,0.00006,0.00006,0.00006,0.00006,0.00006,0.00006
TTGCTCATAGTACGTG-1,0.000104,0.000104,0.011398,0.363513,0.62405,0.000104,0.000104,0.000104,0.000104,0.000104,0.000104,0.000104,0.000104
TTGCTCCCATACCGGA-1,0.000017,0.049813,0.017143,0.018561,0.063067,0.230005,0.104596,0.043115,0.056305,0.146155,0.082917,0.019747,0.16856
TTGCTGAAGGAACCAC-1,0.000031,0.032182,0.059544,0.020288,0.112687,0.091111,0.18775,0.039098,0.009011,0.213048,0.116043,0.000487,0.11872
TTGCTGATCATGTTCG-1,0.000033,0.090348,0.000033,0.257979,0.056607,0.070545,0.000033,0.018239,0.000033,0.063347,0.25427,0.02529,0.163245
TTGCTGCACCTATCCA-1,0.000694,0.082793,0.009274,0.078799,0.133219,0.064832,0.264336,0.091149,0.100296,0.075578,0.009062,0.006187,0.083784
TTGCTGGCCGGGCTTC-1,0.000024,0.077023,0.263211,0.088532,0.000025,0.049745,0.421798,0.008429,0.000545,0.018111,0.005413,0.053499,0.013644
TTGGAAGAATACAGTC-1,0.000035,0.000035,0.000035,0.158858,0.210778,0.03518,0.010982,0.158579,0.057216,0.004164,0.209185,0.062924,0.092031
TTGGACATGTGGCTTA-1,0.000025,0.177484,0.000025,0.052621,0.083975,0.19539,0.000042,0.039249,0.126009,0.006752,0.253891,0.043572,0.020965
TTGGACCATCTGGCAA-1,0.000096,0.000096,0.010386,0.541788,0.076026,0.000096,0.000096,0.263171,0.10084,0.000096,0.007116,0.000096,0.000096
TTGGACCTATAACAGT-1,0.000097,0.000097,0.345602,0.607764,0.045664,0.000097,0.000097,0.000097,0.000097,0.000097,0.000097,0.000097,0.000097
TTGGAGTCTCCCTTCT-1,0.000029,0.254327,0.048569,0.037322,0.002808,0.107926,0.389534,0.029718,0.006221,0.114616,0.000029,0.000029,0.008873
TTGGATATCGTCTACG-1,0.000053,0.000053,0.000053,0.476948,0.032789,0.067931,0.01699,0.174507,0.039568,0.000053,0.124572,0.039358,0.027123
TTGGATCGACTTCTGG-1,0.000032,0.360248,0.16208,0.138883,0.19925,0.000032,0.075759,0.004257,0.013315,0.034451,0.001235,0.000032,0.010426
TTGGATTGGGTACCAC-1,0.000024,0.011023,0.065146,0.142563,0.070757,0.256398,0.168617,0.04323,0.035678,0.118151,0.018851,0.028916,0.040646
TTGGCCAAATTGTATC-1,0.000035,0.000035,0.000035,0.291805,0.192478,0.013828,0.00514,0.039301,0.192553,0.028723,0.174265,0.024452,0.037349
TTGGCCATCTTGCGCT-1,0.000025,0.040399,0.046297,0.038117,0.00415,0.117772,0.056787,0.103269,0.083817,0.016182,0.025615,0.09487,0.3727
TTGGCCTAGAATTTCG-1,0.000039,0.096311,0.016593,0.229713,0.236886,0.015,0.052271,0.069164,0.001644,0.162613,0.056972,0.051993,0.010801
TTGGCGATCCGAATAT-1,0.000022,0.009992,0.019631,0.032018,0.058783,0.021974,0.01483,0.000502,0.063152,0.008434,0.357091,0.399177,0.014394
TTGGCTCAATATGTGT-1,0.000212,0.000212,0.25041,0.28585,0.324799,0.000212,0.094049,0.000212,0.000212,0.000212,0.000212,0.043197,0.000212
TTGGCTCGCATGAGAC-1,0.000031,0.037026,0.021929,0.072145,0.054157,0.236499,0.111137,0.02835,0.00168,0.169567,0.149001,0.009213,0.109264
TTGGGAAGACGAGCCG-1,0.000624,0.000017,0.000017,0.197636,0.227372,0.008057,0.02081,0.235162,0.122425,0.028821,0.053038,0.060218,0.045802
TTGGGACACTGCCCGC-1,0.000372,0.003032,0.00957,0.070783,0.085288,0.421099,0.035832,0.020416,0.045733,0.029168,0.120579,0.03745,0.120675
TTGGGACGTAAGAGTT-1,0.000114,0.000114,0.000114,0.633891,0.14952,0.000114,0.000114,0.173307,0.042254,0.000114,0.000114,0.000114,0.000114
TTGGGCGGCGGTTGCC-1,0.000026,0.000026,0.000026,0.055941,0.198548,0.141756,0.028033,0.00753,0.039336,0.046346,0.332378,0.021833,0.128222
TTGGGTTTATTCAGCG-1,0.000019,0.000019,0.003826,0.010966,0.605354,0.000019,0.000019,0.000019,0.000019,0.004192,0.342091,0.033437,0.000019
TTGGTATGGCTTGTGT-1,0.000016,0.009419,0.000016,0.011303,0.014042,0.019047,0.003449,0.006383,0.005761,0.001663,0.067689,0.624841,0.236371
TTGGTCACACTCGTAA-1,0.00003,0.00003,0.046577,0.17508,0.246127,0.00287,0.013691,0.282837,0.1202,0.00003,0.058018,0.041846,0.012662
TTGGTGCGGTGTTGAA-1,0.000013,0.000013,0.000013,0.085493,0.35103,0.000013,0.000185,0.003582,0.002523,0.007153,0.494471,0.044952,0.010559
TTGGTTCGCTCAAAGG-1,0.000014,0.000014,0.000014,0.01925,0.083761,0.005788,0.021948,0.026005,0.423437,0.005782,0.219273,0.189398,0.005315
TTGGTTGCGGTGCGCG-1,0.000793,0.006794,0.000027,0.083694,0.190289,0.010868,0.038703,0.419305,0.200074,0.041755,0.003107,0.001566,0.003026
TTGTAACTTCATAGCG-1,0.000012,0.007939,0.000012,0.024257,0.02508,0.425063,0.182775,0.027364,0.071902,0.066434,0.093676,0.036323,0.039164
TTGTAAGGACCTAAGT-1,0.000025,0.000025,0.000025,0.010497,0.104569,0.059788,0.060664,0.296224,0.168318,0.028065,0.234593,0.024812,0.012394
TTGTAAGGCCAGTTGG-1,0.000381,0.027304,0.008141,0.075202,0.131107,0.224355,0.119068,0.043683,0.022311,0.189782,0.129294,0.013689,0.015682
TTGTAATCCGTACTCG-1,0.000014,0.090326,0.000014,0.033274,0.027671,0.249099,0.006435,0.063693,0.149404,0.041691,0.129831,0.136762,0.071787
TTGTACACCTCGAACA-1,0.000596,0.000017,0.000017,0.046195,0.0808,0.032966,0.027137,0.345713,0.130382,0.006371,0.060342,0.209855,0.059609
TTGTATCACACAGAAT-1,0.000021,0.383669,0.0946,0.296356,0.000927,0.068203,0.063135,0.010375,0.029899,0.043083,0.007237,0.002466,0.000028
TTGTCACCGCGGTATC-1,0.000016,0.000016,0.000451,0.100819,0.014227,0.069751,0.049152,0.356001,0.224979,0.020394,0.028395,0.071793,0.064007
TTGTCGTTCAGTTACC-1,0.000039,0.075674,0.018273,0.154169,0.12804,0.066788,0.030124,0.020656,0.005906,0.370676,0.114718,0.0111,0.003836
TTGTCTCGGCAAGATG-1,0.002558,0.000036,0.000036,0.064284,0.088351,0.000036,0.00709,0.126332,0.125276,0.000036,0.167413,0.397759,0.020794
TTGTGAACCTAATCCG-1,0.000133,0.000133,0.070418,0.71096,0.217293,0.000133,0.000133,0.000133,0.000133,0.000133,0.000133,0.000133,0.000133
TTGTGAGGCATGACGC-1,0.000038,0.022151,0.000038,0.11859,0.130594,0.102827,0.000039,0.02315,0.274856,0.009834,0.254809,0.059177,0.003896
TTGTGATCTGTTCAGT-1,0.000037,0.000037,0.000037,0.21487,0.031261,0.010848,0.009358,0.541336,0.139828,0.018876,0.000037,0.033437,0.000037
TTGTGCAGCCACGTCA-1,0.000247,0.000247,0.412316,0.000247,0.089029,0.000247,0.000247,0.496182,0.000247,0.000247,0.000247,0.000247,0.000247
TTGTGGAGACAGCCGG-1,0.000028,0.053163,0.000028,0.139923,0.190235,0.002244,0.028747,0.464474,0.008089,0.001397,0.1025,0.009103,0.000067
TTGTGGCCCTGACAGT-1,0.000016,0.010019,0.000016,0.000016,0.005976,0.221341,0.289208,0.108394,0.059883,0.122389,0.054193,0.066126,0.062424
TTGTGGTAGGAGGGAT-1,0.00005,0.00005,0.00005,0.17766,0.406962,0.00005,0.00005,0.165386,0.150771,0.007916,0.072116,0.017516,0.001422
TTGTGGTATAGGTATG-1,0.000025,0.000025,0.000025,0.020683,0.467428,0.000025,0.000025,0.000025,0.000025,0.001824,0.508035,0.001831,0.000025
TTGTGGTGGTACTAAG-1,0.000135,0.000135,0.232777,0.765736,0.000135,0.000135,0.000135,0.000135,0.000135,0.000135,0.000135,0.000135,0.000135
TTGTGTATGCCACCAA-1,0.000065,0.004915,0.017944,0.75459,0.047455,0.000065,0.000065,0.000065,0.000065,0.000065,0.015123,0.05843,0.101151
TTGTGTTTCCCGAAAG-1,0.000112,0.000112,0.01796,0.322831,0.000112,0.022675,0.000112,0.512531,0.000112,0.000112,0.000112,0.000112,0.123105
TTGTTAGCAAATTCGA-1,0.000029,0.056952,0.005374,0.063593,0.094968,0.107468,0.19685,0.037511,0.09534,0.11235,0.098538,0.027597,0.10343
TTGTTCAGTGTGCTAC-1,0.000464,0.034647,0.02787,0.089798,0.02403,0.21039,0.082112,0.023127,0.110801,0.29379,0.09499,0.002995,0.004985
TTGTTCTAGATACGCT-1,0.000047,0.087299,0.018042,0.441839,0.060502,0.078534,0.170236,0.003721,0.000202,0.123851,0.015632,0.000047,0.000047
TTGTTGGCAATGACTG-1,0.000025,0.000025,0.000025,0.053703,0.147655,0.003359,0.038489,0.22888,0.143271,0.015393,0.114332,0.248306,0.006536
TTGTTGTGTGTCAAGA-1,0.000024,0.049076,0.000024,0.004805,0.255889,0.14596,0.010299,0.01005,0.002411,0.069957,0.28712,0.061227,0.103157
TTGTTTCACATCCAGG-1,0.001788,0.000173,0.263719,0.523323,0.20961,0.000173,0.000173,0.000173,0.000173,0.000173,0.000173,0.000173,0.000173
TTGTTTCATTAGTCTA-1,0.000534,0.000534,0.279804,0.71432,0.000534,0.000534,0.000534,0.000534,0.000534,0.000534,0.000534,0.000534,0.000534
TTGTTTCCATACAACT-1,0.000032,0.000032,0.000032,0.029032,0.139415,0.02628,0.031125,0.178427,0.422822,0.033171,0.083525,0.042072,0.014036
TTGTTTGTATTACACG-1,0.000034,0.000034,0.000034,0.006719,0.345204,0.006115,0.02447,0.373087,0.121427,0.001452,0.090477,0.024812,0.006134
TTGTTTGTGTAAATTC-1,0.000016,0.437598,0.010852,0.023607,0.006916,0.026886,0.208004,0.14436,0.039819,0.035357,0.006375,0.006517,0.053694
