Barcode,Topic 1,Topic 2to4,Topic 5to6,Topic 7to10,Topic 11,Topic 12
AAACAACGAATAGTTC-1,0.00006,0.041676,0.00012,0.188861,0.088823,0.68046
AAACAATCTACTAGCA-1,0.000056,0.09598,0.103332,0.068113,0.126735,0.605785
AAACACCAATAACTGC-1,0.000967,0.565581,0.042825,0.365253,0.025364,0.000011
AAACAGAGCGACTCCT-1,0.000091,0.010495,0.010075,0.080376,0.120009,0.778954
AAACAGCTTTCAGAAG-1,0.000015,0.473332,0.075501,0.333153,0.08112,0.036879
AAACAGGGTCTATATT-1,0.000929,0.372203,0.086263,0.432076,0.07733,0.031199
AAACAGTGTTCCTGGG-1,0.000012,0.438668,0.163272,0.344212,0.048622,0.005215
AAACATGGTGAGAGGA-1,0.000034,0.000103,0.000068,0.076062,0.223952,0.699781
AAACCACTACACAGAT-1,0.000071,0.149228,0.01477,0.000285,0.030537,0.805108
AAACCCGAACGAAATC-1,0.000012,0.444243,0.207215,0.270175,0.067973,0.010381
AAACCGGAAATGTTAA-1,0.000024,0.320848,0.359594,0.224976,0.068534,0.026023
AAACCGGGTAGGTACC-1,0.000024,0.164484,0.023433,0.699502,0.100602,0.011954
AAACCGTTCGTCCAGG-1,0.000026,0.160519,0.199604,0.558916,0.02418,0.056755
AAACCTAAGCAGCCGG-1,0.00003,0.049171,0.59992,0.177671,0.173179,0.00003
AAACCTCATGAAGTTG-1,0.000014,0.269802,0.035223,0.601022,0.053852,0.040089
AAACGAAGAACATACC-1,0.000071,0.000214,0.067458,0.198465,0.039958,0.693833
AAACGAAGATGGAGTA-1,0.000017,0.389772,0.205142,0.120492,0.134663,0.149914
AAACGACAGTCTTGCC-1,0.003335,0.082329,0.16229,0.00036,0.010048,0.741638
AAACGAGACGGTTGAT-1,0.000022,0.384309,0.075042,0.528437,0.012168,0.000022
AAACGCCCGAGATCGG-1,0.000031,0.000093,0.000062,0.000124,0.053852,0.945837
AAACGCTGGGCACGAC-1,0.000177,0.061341,0.348915,0.000709,0.588681,0.000177
AAACGGGCGTACGGGT-1,0.000074,0.000223,0.524308,0.02433,0.450991,0.000074
AAACGGGTTGGTATCC-1,0.00511,0.037724,0.016107,0.000229,0.000057,0.940772
AAACGGTTGCGAACTG-1,0.000031,0.075193,0.072327,0.694607,0.147709,0.010133
AAACGTGTTCGCCCTA-1,0.000109,0.073042,0.000217,0.130113,0.119008,0.677511
AAACTAACGTGGCGAC-1,0.000098,0.061888,0.000197,0.074698,0.191555,0.671565
AAACTCGGTTCGCAAT-1,0.000027,0.101447,0.396299,0.455078,0.047122,0.000027
AAACTCGTGATATAAG-1,0.001042,0.622251,0.04777,0.257175,0.05739,0.014372
AAACTGCTGGCTCCAA-1,0.000042,0.047128,0.373058,0.332608,0.247123,0.000042
AAACTTAATTGCACGC-1,0.00002,0.324657,0.060372,0.46602,0.132509,0.016422
AAACTTGCAAACGTAT-1,0.000479,0.428272,0.185478,0.342605,0.031596,0.01157
AAAGAATGACCTTAGA-1,0.003117,0.028228,0.019449,0.191214,0.267669,0.490323
AAAGAATGTGGACTAA-1,0.001248,0.182154,0.452076,0.229905,0.134583,0.000034
AAAGACATGAAGTTTA-1,0.000039,0.063022,0.003987,0.15491,0.015528,0.762514
AAAGACCCAAGTCGCG-1,0.000092,0.000275,0.000183,0.000367,0.198657,0.800426
AAAGACTGGGCGCTTT-1,0.000477,0.421819,0.060437,0.390359,0.069409,0.057498
AAAGCTTGCCTACATA-1,0.000008,0.90652,0.04143,0.050524,0.000008,0.001509
AAAGGCCCTATAATAC-1,0.000008,0.636123,0.069344,0.268257,0.012714,0.013554
AAAGGCTACGGACCAT-1,0.000024,0.206222,0.104452,0.594,0.095278,0.000024
AAAGGCTCTCGCGCCG-1,0.000027,0.177235,0.296812,0.499523,0.026376,0.000027
AAAGGGATGTAGCAAG-1,0.000758,0.271093,0.126634,0.535863,0.064215,0.001437
AAAGGGCAGCTTGAAT-1,0.000015,0.569828,0.096355,0.210383,0.071994,0.051424
AAAGGTAAGCTGTACC-1,0.000037,0.641281,0.12505,0.000148,0.000037,0.233448
AAAGGTCAACGACATG-1,0.000063,0.000189,0.030264,0.000252,0.127961,0.841271
AAAGTAGCATTGCTCA-1,0.00002,0.128648,0.052169,0.771224,0.021777,0.026161
AAAGTCACTGATGTAA-1,0.000057,0.20059,0.002978,0.031194,0.027367,0.737815
AAAGTCGACCCTCAGT-1,0.000016,0.482845,0.07561,0.262977,0.129673,0.048878
AAAGTGTGATTTATCT-1,0.000025,0.335721,0.377127,0.057586,0.229077,0.000463
AAAGTTGACTCCCGTA-1,0.000024,0.459615,0.120423,0.37933,0.022492,0.018116
AAATAACCATACGGGA-1,0.000037,0.475215,0.058578,0.000147,0.000037,0.465987
AAATAAGGTAGTGCCC-1,0.000391,0.575585,0.025286,0.348467,0.035259,0.015012
AAATACCTATAAGCAT-1,0.000055,0.352112,0.138595,0.017527,0.428183,0.063527
AAATAGCTTAGACTTT-1,0.000918,0.036123,0.009078,0.889306,0.064546,0.000029
AAATAGGGTGCTATTG-1,0.000132,0.160795,0.015124,0.000527,0.823291,0.000132
AAATCACTCCTAAACG-1,0.000039,0.426606,0.056107,0.012082,0.037438,0.467728
AAATCCGATACACGCC-1,0.000044,0.000132,0.508307,0.25684,0.234633,0.000044
AAATCGCGGAAGGAGT-1,0.000014,0.594028,0.069033,0.201137,0.087503,0.048285
AAATCGTGTACCACAA-1,0.000053,0.118004,0.168641,0.15581,0.55744,0.000053
AAATCTAGCCCTGCTA-1,0.000073,0.000218,0.193034,0.354481,0.420112,0.032083
AAATCTGCCCGCGTCC-1,0.000439,0.002577,0.446919,0.001754,0.000439,0.547873
AAATGACTGATCAAAC-1,0.001247,0.184502,0.058653,0.677868,0.043332,0.034399
AAATGATTCGATCAGC-1,0.000161,0.189325,0.093231,0.518347,0.144491,0.054444
AAATGCTCGTTACGTT-1,0.00005,0.113955,0.190302,0.0002,0.018398,0.677095
AAATGGCATGTCTTGT-1,0.000081,0.116811,0.00929,0.000325,0.02203,0.851463
AAATGGCCCGTGCCCT-1,0.000443,0.394418,0.079134,0.472835,0.04837,0.0048
AAATGGTCAATGTGCC-1,0.000031,0.269125,0.108012,0.54076,0.05289,0.029182
AAATGTATCTTATCCC-1,0.000059,0.000177,0.000118,0.151908,0.016789,0.830949
AAATGTGGGTGCTCCT-1,0.002416,0.000246,0.000164,0.000328,0.30446,0.692387
AAATTAACGGGTAGCT-1,0.000026,0.490746,0.175262,0.253697,0.068063,0.012205
AAATTAATAAGCGCGA-1,0.000034,0.023978,0.017041,0.121399,0.234876,0.602671
AAATTACACGACTCTG-1,0.000075,0.212133,0.002431,0.000298,0.000075,0.784988
AAATTACCTATCGATG-1,0.000344,0.75975,0.095957,0.080941,0.054883,0.008125
AAATTCCAGGTCCAAA-1,0.000428,0.329523,0.100336,0.494386,0.028508,0.04682
AAATTGATAGTCCTTT-1,0.000036,0.025098,0.096543,0.762158,0.061447,0.054719
AAATTGCGGCGGTTCT-1,0.000073,0.00022,0.000147,0.000293,0.131906,0.86736
AAATTGGTGAGAAGCA-1,0.000225,0.242646,0.21796,0.000901,0.191216,0.347052
AAATTTACCGAAATCC-1,0.000092,0.090002,0.000184,0.109551,0.000092,0.800078
AAATTTGCGGGTGTGG-1,0.000023,0.034859,0.008459,0.893334,0.063302,0.000023
AACAACTGGTAGTTGC-1,0.000026,0.530192,0.017273,0.415138,0.004556,0.032815
AACAATACATTGTCGA-1,0.001021,0.196234,0.085491,0.571846,0.10198,0.043428
AACAATTACTCTACGC-1,0.000018,0.415271,0.132923,0.405098,0.009025,0.037665
AACACACGCTCGCCGC-1,0.000057,0.000172,0.562228,0.022129,0.415356,0.000057
AACACGACTGTACTGA-1,0.000049,0.222807,0.044512,0.011829,0.049512,0.671291
AACACGAGACGCGGCC-1,0.000025,0.255518,0.027381,0.68448,0.015376,0.017221
AACACGCGGCCGCGAA-1,0.000032,0.356972,0.011938,0.015414,0.018183,0.597461
AACAGCTGTGTGGCAA-1,0.00001,0.626995,0.038626,0.325495,0.001528,0.007347
AACAGGAAATCGAATA-1,0.000025,0.664156,0.053391,0.012949,0.000025,0.269454
AACAGGATGGGCCGCG-1,0.000016,0.307545,0.092478,0.581378,0.003323,0.015259
AACAGGTAGTATGGAT-1,0.00003,0.147826,0.413411,0.344838,0.093866,0.00003
AACATAGCGTGTATCG-1,0.000012,0.283172,0.332593,0.356747,0.018415,0.009061
AACATATCAACTGGTG-1,0.00108,0.115249,0.03083,0.665165,0.111424,0.076252
AACATCGATACGTCTA-1,0.000833,0.662668,0.001667,0.003333,0.000833,0.330665
AACATTGAAGTTGATC-1,0.000022,0.414761,0.091874,0.35616,0.068456,0.068726
AACATTGGTCAGCCGT-1,0.00008,0.00024,0.061269,0.00032,0.100658,0.837434
AACATTGTGACTCGAG-1,0.000741,0.169784,0.143076,0.617614,0.067818,0.000967
AACCAAGACTTCTCTG-1,0.000031,0.095961,0.033339,0.724142,0.116325,0.030202
AACCAGTATCACTCTT-1,0.00011,0.129735,0.028275,0.088454,0.122756,0.630671
AACCATAGGGTTGAAC-1,0.000006,0.641502,0.162659,0.166894,0.000023,0.028916
AACCATGGGATCGCTA-1,0.000096,0.000289,0.000193,0.000386,0.092481,0.906554
AACCCAGAGACGGAGA-1,0.00089,0.473137,0.006771,0.007961,0.000026,0.511216
AACCCATCCCATGATC-1,0.001227,0.185568,0.036723,0.46557,0.310873,0.000039
AACCCGACAACCCGTG-1,0.000026,0.014937,0.038051,0.784693,0.162268,0.000026
AACCCGATAGGGCTTC-1,0.000302,0.000906,0.000604,0.001208,0.35186,0.64512
AACCCGCTGTATTCCA-1,0.000019,0.242101,0.018073,0.679101,0.060688,0.000019
AACCCTACTGTCAATA-1,0.001012,0.620087,0.169234,0.196271,0.000012,0.013384
AACCCTGGTGGAACCA-1,0.000065,0.000195,0.00013,0.06847,0.110785,0.820355
AACCGAGCTTGGTCAT-1,0.000017,0.376485,0.051181,0.497423,0.057409,0.017486
AACCGCTAAGGGATGC-1,0.000019,0.319007,0.504441,0.174911,0.001604,0.000019
AACCGTTGTGTTTGCT-1,0.000132,0.07336,0.000265,0.136632,0.098834,0.690777
AACCTAAAGCCGTCCG-1,0.000063,0.00019,0.000127,0.133541,0.136138,0.729941
AACCTCGCTTTAGCCC-1,0.000123,0.006487,0.121492,0.023662,0.848114,0.000123
AACCTGTCACGGAATT-1,0.000022,0.258614,0.065578,0.451685,0.208852,0.015249
AACCTTTAAATACGGT-1,0.001678,0.088946,0.521011,0.002439,0.384942,0.000984
AACCTTTACGACGTCT-1,0.000377,0.261041,0.000754,0.001508,0.000377,0.735942
AACGAAAGTCGTCCCA-1,0.000016,0.501113,0.109299,0.228224,0.145868,0.01548
AACGACCTCCTAGCCG-1,0.000244,0.000731,0.22649,0.000975,0.771317,0.000244
AACGATAATGCCGTAG-1,0.000105,0.214878,0.044521,0.017073,0.7233,0.000123
AACGATAGAAGGGCCG-1,0.004479,0.668154,0.06407,0.000532,0.000133,0.262634
AACGATATGTCAACTG-1,0.000019,0.552636,0.005936,0.42274,0.000686,0.017984
AACGCATGATCTGGGT-1,0.000563,0.471515,0.074471,0.002252,0.31816,0.133039
AACGCGAACGGCAACA-1,0.000052,0.000157,0.000105,0.00021,0.077185,0.922291
AACGCGACCTTGGGCG-1,0.000015,0.618303,0.024146,0.357506,0.000015,0.000015
AACGCGGTCTCCAGCC-1,0.000021,0.569958,0.019493,0.4075,0.003008,0.000021
AACGCTGTTGCTGAAA-1,0.000131,0.028384,0.286444,0.0388,0.577032,0.069209
AACGGACGTACGTATA-1,0.001623,0.00402,0.45092,0.153011,0.390379,0.000048
AACGGCCATCTCCGGT-1,0.000026,0.403627,0.197852,0.259642,0.138826,0.000026
AACGTACTGTGGGTAC-1,0.000953,0.558476,0.037711,0.395339,0.007491,0.000029
AACGTAGTCTACCCAT-1,0.000061,0.237239,0.261461,0.001441,0.035207,0.46459
AACGTCAGACTAGTGG-1,0.000033,0.172549,0.016967,0.687239,0.095816,0.027396
AACGTCATCCGGCTTG-1,0.000017,0.135562,0.042796,0.76839,0.018667,0.034569
AACGTCGCTGCACTTC-1,0.000019,0.400932,0.41424,0.107389,0.077401,0.000019
AACGTGATGAAGGACA-1,0.002398,0.385795,0.100669,0.00311,0.000051,0.507976
AACGTGCGAAAGTCTC-1,0.000031,0.099139,0.114242,0.680848,0.099469,0.006272
AACGTTATCAGCACCT-1,0.000029,0.046167,0.701592,0.000117,0.000029,0.252066
AACGTTCTACCATTGT-1,0.000101,0.000306,0.201122,0.000406,0.797963,0.000101
AACTACCCGTTTGTCA-1,0.0051,0.879672,0.109976,0.005216,0.000017,0.000017
AACTAGCGTATCGCAC-1,0.001648,0.00061,0.046686,0.019006,0.074978,0.857072
AACTAGGCTTGGGTGT-1,0.000048,0.184068,0.516859,0.274547,0.02443,0.000048
AACTCAAGTTAATTGC-1,0.000016,0.439789,0.318206,0.239051,0.002921,0.000016
AACTCCAGAGCGTGTT-1,0.007645,0.526569,0.366535,0.005656,0.052381,0.041214
AACTCCTAATCCCATG-1,0.000118,0.093274,0.000237,0.208981,0.081783,0.615607
AACTCGATAAACACGT-1,0.000037,0.105972,0.145437,0.011392,0.28704,0.450123
AACTCGATGGCGCAGT-1,0.000776,0.758674,0.025904,0.0001,0.000025,0.214522
AACTCTCAATAGAGCG-1,0.000031,0.163411,0.145898,0.636675,0.030145,0.023841
AACTCTCAGTGTGCTC-1,0.000014,0.773109,0.087328,0.139521,0.000014,0.000014
AACTGAGGTCAGCGTC-1,0.000105,0.332451,0.065808,0.000419,0.000105,0.601113
AACTGAGTTATACTGA-1,0.000018,0.334196,0.558704,0.057458,0.004227,0.045396
AACTGATATTAGGCCT-1,0.000046,0.086136,0.022474,0.151297,0.067095,0.672952
AACTGGGTCCCGACGT-1,0.000018,0.448466,0.021291,0.407856,0.086977,0.035392
AACTGGGTTCGAGCCG-1,0.000027,0.827952,0.00616,0.000976,0.000027,0.164858
AACTGGTGTGGGCCTT-1,0.00009,0.00027,0.00018,0.00036,0.06834,0.93076
AACTTCTGCGTCTATC-1,0.00005,0.387217,0.0001,0.039971,0.134362,0.4383
AACTTGCCCGTATGCA-1,0.000037,0.097036,0.055662,0.653553,0.15806,0.035651
AACTTGCGTTCTCGCG-1,0.000084,0.000252,0.000168,0.000336,0.211224,0.787937
AACTTTACGGGAGCTT-1,0.000055,0.059539,0.044283,0.034647,0.160011,0.701465
AACTTTAGCTGCTGAG-1,0.000066,0.093187,0.000131,0.031589,0.169955,0.705071
AACTTTCTCGATCATG-1,0.00002,0.688487,0.095365,0.131282,0.029641,0.055206
AAGAAAGTTTGATGGG-1,0.001124,0.805629,0.019431,0.030702,0.000013,0.143102
AAGAAATCACCAGATT-1,0.000013,0.720068,0.107117,0.005837,0.003232,0.163733
AAGAAGGATCAGTTAG-1,0.000068,0.089917,0.028618,0.031065,0.037523,0.812808
AAGACATACGTGGTTT-1,0.000089,0.233265,0.361334,0.000355,0.404868,0.000089
AAGACCAAATAACTCA-1,0.000506,0.702778,0.113452,0.072016,0.024588,0.08666
AAGACCCAACTGAACA-1,0.000522,0.137485,0.347188,0.443509,0.066572,0.004723
AAGACTAACCCGTTGT-1,0.000062,0.000187,0.000125,0.124682,0.211654,0.663289
AAGACTCACGCCCACT-1,0.00007,0.000211,0.000141,0.000282,0.061615,0.93768
AAGACTGCAAGCTACT-1,0.000022,0.546417,0.217235,0.15112,0.069002,0.016205
AAGAGATGAATCGGTA-1,0.00003,0.142382,0.03404,0.69684,0.077585,0.049123
AAGAGCTCTTTATCGG-1,0.000036,0.160918,0.165525,0.595005,0.078479,0.000036
AAGAGGATGTACGCGA-1,0.000014,0.482028,0.008489,0.495213,0.000014,0.014242
AAGAGGCATGGATCGC-1,0.001065,0.170227,0.31038,0.376381,0.141919,0.000029
AAGATGGCACCGGACC-1,0.000022,0.140621,0.074783,0.692587,0.086855,0.005132
AAGATTGGCGGAACGT-1,0.000013,0.642362,0.025945,0.311495,0.003546,0.016639
AAGCACCCTGCGTATC-1,0.00012,0.00036,0.329331,0.28889,0.300733,0.080565
AAGCATACTCTCCTGA-1,0.000059,0.183031,0.520043,0.005289,0.281318,0.010261
AAGCCACTTGCAGGTA-1,0.000012,0.713176,0.019326,0.26659,0.000884,0.000012
AAGCCGAAGCGGTTTA-1,0.00052,0.507651,0.311368,0.168096,0.012349,0.000016
AAGCCGCCGTGAAATC-1,0.000239,0.781339,0.011156,0.207252,0.000007,0.000007
AAGCCGCTTTACCTTG-1,0.000065,0.331927,0.133603,0.206673,0.038847,0.288885
AAGCGCAGGGCTTTGA-1,0.000046,0.272786,0.090031,0.540573,0.096519,0.000046
AAGCGGAGTGCGCGCA-1,0.000162,0.000485,0.000324,0.000647,0.092933,0.905449
AAGCGGCGTCATGGGT-1,0.000121,0.000364,0.000243,0.000486,0.000121,0.998664
AAGCGTCCCTCATCGA-1,0.000042,0.035283,0.02832,0.903869,0.032444,0.000042
AAGCTAGATCGAGTAA-1,0.00009,0.225868,0.206921,0.042986,0.498268,0.025867
AAGCTATGGATTGACC-1,0.00007,0.001769,0.011617,0.230687,0.137767,0.618089
AAGCTCGTGCCAAGTC-1,0.000043,0.156196,0.12007,0.693597,0.030051,0.000043
AAGGAGAACTTATAAG-1,0.001318,0.04416,0.001817,0.351045,0.107277,0.494383
AAGGAGCGGTTGGTGC-1,0.000022,0.402438,0.027129,0.563982,0.001831,0.004598
AAGGATCGATCGCTTG-1,0.000014,0.63446,0.010998,0.354499,0.000014,0.000014
AAGGATGAGGGACCTC-1,0.004177,0.30851,0.014722,0.542202,0.079786,0.050604
AAGGCAGGCTGTCTCC-1,0.000027,0.241638,0.134806,0.496802,0.123228,0.003499
AAGGCGCGTAAAGCTT-1,0.000011,0.601957,0.082347,0.310262,0.005267,0.000154
AAGGCTGTGCTCATCG-1,0.000019,0.552029,0.044251,0.403662,0.000019,0.000019
AAGGGAACGACTGGCT-1,0.000013,0.449014,0.030929,0.496083,0.023947,0.000013
AAGGGACAGATTCTGT-1,0.000022,0.487093,0.10285,0.246385,0.131499,0.03215
AAGGGACTATGCATTC-1,0.000025,0.422768,0.081979,0.435204,0.014871,0.045154
AAGGGTTAGCCATGCG-1,0.000095,0.000284,0.178619,0.044532,0.776375,0.000095
AAGGGTTTGATTTCAG-1,0.000077,0.209376,0.024582,0.044398,0.43968,0.281887
AAGGTATCCTAATATA-1,0.00002,0.478508,0.129816,0.253555,0.121468,0.016633
AAGGTGATAAACCAGC-1,0.00002,0.387456,0.12364,0.440114,0.014368,0.034402
AAGTAAGCTTCCAAAC-1,0.000045,0.040513,0.049847,0.046889,0.245103,0.617602
AAGTAGAAGACCGGGT-1,0.000022,0.452669,0.071347,0.319312,0.141544,0.015106
AAGTAGTGACGCGAGG-1,0.000038,0.204667,0.05274,0.642826,0.07308,0.026649
AAGTCAATTGTCGTCA-1,0.000031,0.398183,0.12786,0.415318,0.046575,0.012033
AAGTCTAGTAGCTGCC-1,0.000021,0.580047,0.063838,0.215982,0.102951,0.037161
AAGTCTTCTGTGGCCT-1,0.000109,0.000328,0.000218,0.115006,0.598897,0.285441
AAGTGACGACCGAATT-1,0.000008,0.701004,0.019372,0.279599,0.000008,0.000008
AAGTGAGTCGGGTTTA-1,0.000013,0.470357,0.193139,0.336194,0.000285,0.000013
AAGTGCAAAGGTAGAC-1,0.000067,0.069314,0.009844,0.014102,0.224761,0.681912
AAGTGCCTTGACTGTA-1,0.000018,0.604099,0.229234,0.120335,0.030762,0.015551
AAGTGCGTTAGAATCT-1,0.000015,0.219443,0.403321,0.32071,0.028752,0.027759
AAGTGCTTCTCTATTG-1,0.000039,0.1023,0.0523,0.637548,0.164979,0.042833
AAGTGTTTGGAGACGG-1,0.00019,0.144289,0.108978,0.042479,0.703874,0.00019
AAGTTCAGTCTGCGTA-1,0.001157,0.003472,0.593047,0.00463,0.396536,0.001157
AAGTTCGGCCAACAGG-1,0.000015,0.5567,0.016451,0.426802,0.000015,0.000015
AAGTTGTGATGTTATA-1,0.31891,0.226062,0.158624,0.003635,0.261228,0.031541
AAGTTTACTAATGGCA-1,0.002552,0.000243,0.000162,0.253121,0.063452,0.680469
AAGTTTATGGGCCCAA-1,0.000693,0.454521,0.120539,0.371432,0.033315,0.019501
AATAACAACGCTCGGC-1,0.000011,0.49609,0.029445,0.453648,0.005502,0.015303
AATAACACTAGAACAA-1,0.000022,0.091936,0.050201,0.703202,0.147196,0.007444
AATAACGTCGCGCCCA-1,0.000027,0.134736,0.552641,0.2249,0.08767,0.000027
AATAAGTCCTCGAGAC-1,0.000056,0.038327,0.000695,0.099656,0.002571,0.858694
AATAATCTTCGTATCG-1,0.000023,0.400562,0.507205,0.04267,0.049517,0.000023
AATACAATGTTTCAGG-1,0.000071,0.000213,0.000142,0.172834,0.489686,0.337054
AATACCGGAGGGCTGT-1,0.000017,0.273384,0.285135,0.365995,0.058781,0.016686
AATACCTGATGTGAAC-1,0.000025,0.066896,0.348189,0.532664,0.052202,0.000025
AATAGAACAGAGTGGC-1,0.000022,0.418657,0.042034,0.510779,0.013327,0.01518
AATAGAATCTGTTTCA-1,0.00003,0.205107,0.585585,0.15097,0.04919,0.009117
AATAGCAAGCCTCCTG-1,0.000133,0.000398,0.000265,0.000531,0.161976,0.836697
AATAGCTACCGCGTGC-1,0.00043,0.996134,0.000859,0.001718,0.00043,0.00043
AATAGGCACGACCCTT-1,0.000021,0.278828,0.053272,0.610233,0.045628,0.012018
AATAGTCCGTCCCGAC-1,0.000049,0.231748,0.040811,0.675018,0.033294,0.01908
AATAGTCGCGAGTCGG-1,0.00006,0.167757,0.000119,0.001635,0.01622,0.814208
AATATCAAGGTCGGAT-1,0.000092,0.120191,0.000185,0.161831,0.012586,0.705115
AATATCCTAGCAAACT-1,0.000033,0.140766,0.06939,0.081687,0.324307,0.383818
AATATCGAATCAATGC-1,0.000023,0.201953,0.501461,0.225362,0.060252,0.01095
AATATCGAGGGTTCTC-1,0.000033,0.395807,0.033187,0.413768,0.15144,0.005766
AATATTGGAGTATTGA-1,0.002273,0.199621,0.144575,0.506428,0.056866,0.090236
AATCAGACTGCAGGAC-1,0.000109,0.000326,0.000217,0.000435,0.417246,0.581667
AATCAGGTTTCATTTA-1,0.000027,0.328232,0.067349,0.551771,0.022073,0.030548
AATCATGTAAAGACTC-1,0.000094,0.154225,0.348843,0.006748,0.489995,0.000094
AATCCAAGGGCCTGAG-1,0.000071,0.106001,0.011049,0.079809,0.023071,0.779999
AATCCATGCAAGGGTG-1,0.000055,0.007549,0.000355,0.00022,0.000055,0.991766
AATCCCGCTCAGAGCC-1,0.000886,0.021964,0.021852,0.876547,0.078727,0.000024
AATCGAGGTCTCAAGG-1,0.000759,0.234379,0.177871,0.556196,0.027032,0.003762
AATCGCCTCAGCGCCA-1,0.000052,0.13299,0.215562,0.63743,0.013914,0.000052
AATCGCGCAGAGGACT-1,0.000021,0.366681,0.064569,0.537436,0.03127,0.000021
AATCGGGACACTACGA-1,0.000125,0.000374,0.000249,0.000498,0.094834,0.90392
AATCGGTATAGCCCTC-1,0.000067,0.000202,0.149689,0.000269,0.849705,0.000067
AATCGTGAGCCGAGCA-1,0.000015,0.373981,0.526926,0.095703,0.00336,0.000015
AATCTAGGTTTACTTG-1,0.000027,0.260105,0.07601,0.577191,0.086639,0.000027
AATCTATGCCGGAGCC-1,0.000659,0.591243,0.07804,0.289025,0.041013,0.00002
AATCTCTACTGTGGTT-1,0.000011,0.893461,0.041736,0.058925,0.004353,0.001514
AATCTGCGTTGGGACG-1,0.00002,0.485367,0.123189,0.321329,0.052846,0.01725
AATCTGGCTTTCTAGT-1,0.000015,0.676169,0.041704,0.235207,0.025317,0.021587
AATCTGGGTAGACCCT-1,0.002228,0.120255,0.000136,0.046281,0.039366,0.791735
AATGACAGCAATGTCT-1,0.000034,0.161713,0.124084,0.582338,0.131795,0.000034
AATGACGTAGGATGTC-1,0.000041,0.292019,0.453351,0.17605,0.04837,0.03017
AATGACTGTCAGCCGG-1,0.001094,0.152071,0.040667,0.697101,0.10257,0.006496
AATGAGTTCGCATATG-1,0.00005,0.149021,0.019976,0.000199,0.00005,0.830704
AATGATGATACGCTAT-1,0.000015,0.885551,0.048065,0.063997,0.000015,0.002357
AATGATGCGACTCCTG-1,0.001511,0.154614,0.061707,0.58079,0.125822,0.075556
AATGCAACCGGGTACC-1,0.000016,0.436755,0.034688,0.488214,0.023248,0.017079
AATGCACCAAGCAATG-1,0.001042,0.474081,0.002083,0.004167,0.240494,0.278132
AATGGCCGCCAATGCG-1,0.000168,0.000504,0.000336,0.000672,0.308705,0.689615
AATGGTCCACCGTTCA-1,0.000035,0.040847,0.038629,0.56912,0.278941,0.072428
AATGGTTCTCACAAGC-1,0.00004,0.126191,0.01482,0.566851,0.202771,0.089326
AATGTATGGCACTGTA-1,0.000048,0.723282,0.038462,0.18317,0.05499,0.000048
AATGTGCCCGAGGTGT-1,0.000015,0.494045,0.028756,0.477154,0.000015,0.000015
AATGTGCTAATCTGAG-1,0.000018,0.306779,0.172322,0.487471,0.025551,0.007859
AATGTTAAGACCCTGA-1,0.000015,0.299004,0.106474,0.572884,0.021608,0.000015
AATGTTGTCGTGAGAC-1,0.00853,0.000608,0.000406,0.000811,0.989442,0.000203
AATTAAAGGTCGGCGT-1,0.000027,0.23792,0.460975,0.176382,0.123669,0.001027
AATTAACGGATTTCCA-1,0.000042,0.26753,0.365028,0.276434,0.058222,0.032744
AATTACGAGACCCATC-1,0.000037,0.37735,0.051179,0.323409,0.155821,0.092204
AATTACTCGTACGCTC-1,0.021924,0.114026,0.027132,0.000228,0.004877,0.831813
AATTAGCGCTGCAGCG-1,0.004957,0.00045,0.0003,0.335528,0.658613,0.00015
AATTATACCCAGCAAG-1,0.000017,0.159407,0.472902,0.304555,0.05747,0.00565
AATTCATAAGGGATCT-1,0.001196,0.506147,0.061668,0.327169,0.087618,0.016201
AATTCATTGTCATGCA-1,0.000029,0.421788,0.081395,0.295619,0.195443,0.005726
AATTCCAACTTGGTGA-1,0.000107,0.044447,0.000213,0.224192,0.051541,0.6795
AATTCCAAGCATGTAC-1,0.000019,0.555263,0.038637,0.384265,0.002013,0.019804
AATTCGATTCGAGGAT-1,0.000048,0.191002,0.195242,0.497742,0.115918,0.000048
AATTCTAGAGTTAGGC-1,0.000102,0.070075,0.31289,0.11796,0.498871,0.000102
AATTGAACGCTCTGGT-1,0.000023,0.327628,0.469837,0.186218,0.009917,0.006377
AATTGCAGCAATCGAC-1,0.808689,0.026038,0.036452,0.015136,0.113581,0.000104
AATTGCGTGGATTACA-1,0.000863,0.521836,0.033596,0.324911,0.06336,0.055434
AATTTGGGACATAGTA-1,0.000061,0.370825,0.012191,0.000244,0.000061,0.616618
AATTTGGTTCCAAAGA-1,0.000089,0.000266,0.007141,0.105718,0.256662,0.630126
ACAAACCATGCGTCCT-1,0.000011,0.529292,0.0295,0.396004,0.028884,0.016309
ACAAACCGACAAGGCG-1,0.000055,0.000165,0.00011,0.00022,0.207204,0.792247
ACAAACTCCATCAGAG-1,0.000014,0.303907,0.063628,0.559686,0.055874,0.016892
ACAAAGAAGGTAGGCC-1,0.000011,0.767984,0.06467,0.091393,0.065537,0.010405
ACAAAGCATGACCTAG-1,0.224745,0.389658,0.077837,0.042004,0.250295,0.015461
ACAAATCGCACCGAAT-1,0.000035,0.018295,0.45134,0.000139,0.530157,0.000035
ACAAATGGTAGTGTTT-1,0.000831,0.45108,0.244341,0.267982,0.004838,0.030928
ACAAATTCAGATCTGA-1,0.000094,0.065581,0.000189,0.046115,0.323547,0.564474
ACAACAGCATGAGCTA-1,0.000028,0.181732,0.137813,0.624042,0.026914,0.029472
ACAACGGTCCCTGCGA-1,0.000022,0.327949,0.047535,0.428266,0.181283,0.014944
ACAAGCAGTGCCTAGC-1,0.000037,0.138565,0.033133,0.692487,0.112177,0.023601
ACAAGCTATATGGAAG-1,0.000037,0.193238,0.031801,0.013033,0.07261,0.689282
ACAAGGAAATCCGCCC-1,0.000062,0.007726,0.489006,0.058923,0.444222,0.000062
ACAAGGACAAGAGGTT-1,0.000027,0.150639,0.05334,0.686797,0.10917,0.000027
ACAAGGATGCTTTAGG-1,0.006357,0.190451,0.039935,0.003037,0.760039,0.000182
ACAAGGCCTACCAGCC-1,0.009964,0.000289,0.000193,0.000385,0.072955,0.916214
ACAAGGGCAGGCTCTG-1,0.000028,0.521668,0.175987,0.258412,0.041106,0.002798
ACAAGTAATTGTAAGG-1,0.000009,0.603994,0.068576,0.28767,0.017663,0.022089
ACAATAGTCGTACGTT-1,0.000021,0.466951,0.064702,0.416611,0.031217,0.020499
ACAATCCATTTAAACC-1,0.000015,0.278303,0.12091,0.568815,0.007154,0.024802
ACAATCGATCTTTATA-1,0.000066,0.008644,0.026874,0.218561,0.086849,0.659007
ACAATGAATACGGAGA-1,0.000008,0.557695,0.050058,0.371258,0.000008,0.020973
ACAATGATTCTTCTAC-1,0.000069,0.319807,0.021114,0.000937,0.000069,0.658002
ACAATTGTGTCTCTTT-1,0.000047,0.023279,0.304069,0.321251,0.351306,0.000047
ACAATTTAGGAGGCTC-1,0.000051,0.000153,0.048946,0.029836,0.278693,0.642321
ACAATTTGAGCAGTGG-1,0.00002,0.407507,0.115044,0.348116,0.106568,0.022745
ACAATTTGGCCATATT-1,0.000486,0.533905,0.135843,0.296425,0.004389,0.028952
ACACAAAGACGGGTGG-1,0.000013,0.594874,0.089782,0.306222,0.007887,0.001223
ACACAAATATTCCTAG-1,0.000064,0.012121,0.14403,0.000254,0.000064,0.843468
ACACACCAGGACCAGT-1,0.000051,0.097311,0.221912,0.583049,0.084079,0.013598
ACACACTTTCTACACG-1,0.000065,0.114395,0.013882,0.123109,0.012019,0.73653
ACACATGATCAAATCT-1,0.000641,0.617007,0.053124,0.32005,0.008671,0.000507
ACACATTGACGCAACA-1,0.001939,0.006047,0.026198,0.095472,0.148557,0.721787
ACACATTTCCGTAGAC-1,0.000017,0.640975,0.032565,0.291847,0.013608,0.020987
ACACCACATAATTAGC-1,0.000019,0.326687,0.069939,0.48147,0.102927,0.018957
ACACCCAGCATGCAGC-1,0.000037,0.119985,0.008916,0.71688,0.152351,0.001831
ACACCCGAGAAATCCG-1,0.000016,0.549608,0.121796,0.067678,0.170733,0.090169
ACACCCGTAAATCTGT-1,0.00014,0.419652,0.057209,0.000558,0.08177,0.440671
ACACCGAGCGCTCTTT-1,0.001677,0.160543,0.000096,0.000193,0.091612,0.745879
ACACCGGTCTGACCGC-1,0.000586,0.245622,0.174377,0.448044,0.116206,0.015164
ACACCTTAAGTAGGGC-1,0.000029,0.4712,0.085055,0.36336,0.080304,0.000053
ACACCTTACTACTTGC-1,0.000033,0.117088,0.047501,0.784413,0.03593,0.015035
ACACGAGACTCCTTCT-1,0.00003,0.276679,0.139669,0.539862,0.019176,0.024585
ACACGGCACTATGCAT-1,0.00014,0.017372,0.000281,0.074623,0.075319,0.832265
ACACGGGAACTTAGGG-1,0.002861,0.567281,0.046324,0.115971,0.243571,0.023993
ACACTCCAATGTCACT-1,0.000058,0.100722,0.072175,0.001196,0.000058,0.825791
ACACTGATCAAGGTGT-1,0.000025,0.409561,0.082172,0.462972,0.032993,0.012276
ACAGAACTGAGAACAA-1,0.000017,0.153532,0.087857,0.679433,0.05955,0.019611
ACAGATTAGGTTAGTG-1,0.000115,0.078203,0.153517,0.057871,0.15243,0.557864
ACAGCATAGAGCCAGT-1,0.00019,0.000571,0.042629,0.065131,0.067478,0.824
ACAGCGCACCCGCAGC-1,0.000141,0.000422,0.000282,0.000563,0.173596,0.824996
ACAGGAGGCGCAGCCG-1,0.000109,0.000326,0.000218,0.000435,0.000109,0.998803
ACAGGCACGGATCCTT-1,0.000051,0.097518,0.659232,0.221775,0.021373,0.000051
ACAGGCTTGCCCGACT-1,0.000204,0.000611,0.009615,0.000815,0.988551,0.000204
ACAGGTGGAGGTGAGG-1,0.000038,0.148792,0.046576,0.757904,0.036585,0.010105
ACAGGTGTGTTGTTGC-1,0.000051,0.000154,0.000103,0.000206,0.003403,0.996084
ACAGTAATACAACTTG-1,0.000028,0.126797,0.048633,0.596442,0.184688,0.043413
ACAGTATACCGTGGGA-1,0.000158,0.50113,0.0704,0.000631,0.04331,0.384371
ACAGTGCAGCGCATTT-1,0.011552,0.000164,0.000109,0.000219,0.10084,0.887117
ACATAAGTCGTGGTGA-1,0.000024,0.186675,0.069799,0.531056,0.207772,0.004674
ACATAATAAGGCGGTG-1,0.002009,0.387391,0.037634,0.38267,0.178274,0.012022
ACATACAATCAAGCGG-1,0.000023,0.137055,0.154253,0.63269,0.075955,0.000023
ACATCAGCTGGGACGC-1,0.000013,0.755832,0.066591,0.071282,0.087841,0.018442
ACATCCCGGCCATACG-1,0.000023,0.445304,0.383518,0.171109,0.000023,0.000023
ACATCCTGGTAACTGT-1,0.000818,0.747028,0.08219,0.139942,0.020565,0.009457
ACATCGATCGTTTACC-1,0.000118,0.000354,0.000236,0.405448,0.593726,0.000118
ACATCGCAATATTCGG-1,0.000018,0.40621,0.105312,0.425864,0.042975,0.019621
ACATCGGTCAGCCGCG-1,0.000011,0.897922,0.091584,0.010462,0.000011,0.000011
ACATCGTATGCAATGG-1,0.000056,0.139593,0.414954,0.240215,0.194198,0.010983
ACATCGTTAACCTAGT-1,0.00008,0.223747,0.00016,0.065278,0.00008,0.710654
ACATCTCAACGCGTAA-1,0.000085,0.000256,0.000171,0.16408,0.290033,0.545374
ACATGCTTACGGCAGC-1,0.000063,0.039755,0.018096,0.679509,0.224446,0.038131
ACATGGCGCCAAAGTA-1,0.00002,0.357891,0.078323,0.491234,0.072486,0.000047
ACATGGCTCAATTTAG-1,0.000074,0.145853,0.000148,0.061189,0.014305,0.778432
ACATTAGTTTATATCC-1,0.000116,0.083578,0.123028,0.445457,0.340976,0.006846
ACATTCGCGCGGAATA-1,0.000019,0.230651,0.051434,0.565648,0.106738,0.04551
ACATTTGAAACCTAAC-1,0.000651,0.528309,0.182231,0.229089,0.0524,0.00732
ACCAAACACCCAGCGA-1,0.001208,0.003623,0.002416,0.004831,0.498303,0.489619
ACCAAACTAGAAATCC-1,0.000032,0.481833,0.100084,0.08599,0.029302,0.302759
ACCAACACCACACACT-1,0.000198,0.290083,0.435901,0.000792,0.122834,0.150192
ACCAACCGCACTCCAC-1,0.064704,0.045403,0.37982,0.141027,0.36893,0.000116
ACCAACGCTTATTTAT-1,0.000033,0.397723,0.137201,0.363868,0.083398,0.017778
ACCAAGAACGCGTGTC-1,0.000927,0.171732,0.03158,0.459821,0.237728,0.098212
ACCAAGTCATCGGCAG-1,0.000165,0.000496,0.417451,0.052095,0.529627,0.000165
ACCAATATGCAAGTTA-1,0.000117,0.229257,0.240773,0.000467,0.529269,0.000117
ACCACAACTCAGAACA-1,0.000054,0.191109,0.000107,0.000215,0.000054,0.808461
ACCACAAGTTTCTATC-1,0.000024,0.58539,0.038333,0.343281,0.006472,0.0265
ACCACACGGTTGATGG-1,0.000014,0.600758,0.03952,0.350428,0.009265,0.000014
ACCACCAATGTAACAA-1,0.000013,0.34623,0.233588,0.387537,0.018791,0.013842
ACCACCCTCTCTTCTA-1,0.000877,0.561075,0.090953,0.252354,0.048051,0.046689
ACCACGTGCAGCTATA-1,0.000057,0.043795,0.612423,0.02803,0.315637,0.000057
ACCACTGTTCAAGAAG-1,0.000121,0.000364,0.000243,0.000485,0.302885,0.695902
ACCAGACCATAACAAC-1,0.00003,0.347616,0.019291,0.072778,0.246006,0.314278
ACCAGCCCGGTCTTTG-1,0.000079,0.000237,0.024969,0.000316,0.134432,0.839967
ACCAGGAGTGTGATCT-1,0.000068,0.088563,0.000135,0.00027,0.000068,0.910896
ACCAGTGCCCGGTCAA-1,0.003841,0.000635,0.000423,0.000846,0.125702,0.868553
ACCAGTGCGGGAGACG-1,0.000022,0.332577,0.59885,0.033943,0.007764,0.026844
ACCATATCCGCAATAA-1,0.000619,0.652409,0.287999,0.048304,0.002071,0.008599
ACCATCCGCCAACTAG-1,0.000047,0.128862,0.011886,0.655834,0.144353,0.059017
ACCATCGTATATGGTA-1,0.000062,0.55031,0.155536,0.208875,0.049979,0.035238
ACCATTAAGGGTGTCA-1,0.000099,0.058142,0.058907,0.000394,0.189421,0.693037
ACCCAACGCCCGTGGC-1,0.000021,0.382316,0.103105,0.471737,0.042129,0.000692
ACCCACCTACATGCTC-1,0.000033,0.265662,0.041534,0.465945,0.176534,0.050292
ACCCATCTTGAGGGTA-1,0.000042,0.30797,0.209839,0.440988,0.04112,0.000042
ACCCGAGCGAAATTAC-1,0.000613,0.443427,0.097057,0.411753,0.046952,0.000198
ACCCGATTGGTTCCGA-1,0.000633,0.572198,0.008164,0.400383,0.008098,0.010523
ACCCGGAAACTCCCAG-1,0.000061,0.190348,0.460746,0.066453,0.282332,0.000061
ACCCGGATGACGCATC-1,0.000024,0.331277,0.140136,0.501031,0.027509,0.000024
ACCCGGTTACACTTCC-1,0.001825,0.286505,0.290068,0.34929,0.072264,0.000048
ACCCGTAGCAGAGAAT-1,0.001165,0.144635,0.032494,0.161475,0.430182,0.23005
ACCCGTAGTCTAGTTG-1,0.000156,0.118014,0.620059,0.000624,0.102119,0.159027
ACCCGTGTCATCAGTA-1,0.000018,0.794017,0.032395,0.173533,0.000018,0.000018
ACCCTATAGGACTGAG-1,0.000102,0.062763,0.000204,0.19483,0.072221,0.66988
ACCCTATGCCATATCG-1,0.000026,0.627772,0.009587,0.351697,0.010893,0.000026
ACCCTCCCGTCAGGGC-1,0.000128,0.000383,0.215844,0.347344,0.436174,0.000128
ACCCTCCCTTGCTATT-1,0.000074,0.215219,0.039325,0.402763,0.341746,0.000872
ACCCTGGTAACGCCCT-1,0.000242,0.646906,0.000483,0.000966,0.183149,0.168254
ACCCTTCATCTGCGAA-1,0.000073,0.028426,0.307468,0.048004,0.023688,0.592342
ACCCTTGCCTGGGTCG-1,0.000073,0.094357,0.1527,0.000291,0.000073,0.752506
ACCCTTTAGTTCTCCA-1,0.000037,0.735977,0.042928,0.044817,0.000435,0.175806
ACCGAAAGGGCCCTGC-1,0.013335,0.088797,0.058952,0.040836,0.208056,0.590024
ACCGAAGAGTCTGGTT-1,0.000025,0.455886,0.025782,0.427843,0.062074,0.02839
ACCGACACATCTCCCA-1,0.002753,0.247121,0.367109,0.357966,0.025018,0.000034
ACCGACTGAGTCCCAC-1,0.000023,0.379156,0.095744,0.431217,0.069036,0.024823
ACCGAGTCTCCTTATT-1,0.000021,0.485114,0.258468,0.256354,0.000021,0.000021
ACCGATATTTAATCAT-1,0.000048,0.139539,0.791941,0.001721,0.030169,0.036582
ACCGATGGTAGCATCG-1,0.00004,0.16212,0.059229,0.72086,0.057712,0.00004
ACCGCAATAACTGCCT-1,0.000084,0.197463,0.091093,0.015233,0.690275,0.005852
ACCGCGGTGGAAGTCG-1,0.000016,0.436727,0.18512,0.368281,0.009841,0.000016
ACCGCTAGTCATTGGT-1,0.000031,0.384266,0.042785,0.503627,0.054445,0.014847
ACCGGGCCTTTGTTGA-1,0.000025,0.460774,0.375086,0.138791,0.025298,0.000025
ACCGGTCAGGTACACC-1,0.00004,0.058139,0.125998,0.450632,0.365151,0.00004
ACCGGTCTGAGTACGG-1,0.000116,0.000349,0.000233,0.000466,0.178924,0.819912
ACCGTCCACTGGGCCC-1,0.0001,0.108604,0.016107,0.011679,0.679202,0.184309
ACCGTGACCACGTGGG-1,0.000749,0.178352,0.013901,0.795264,0.011715,0.00002
ACCGTTCCCGCTCTGA-1,0.000053,0.506894,0.013143,0.048437,0.000053,0.43142
ACCTAAGTACCTTTCA-1,0.000877,0.330187,0.069829,0.538315,0.040829,0.019964
ACCTAATCGACTTCCT-1,0.000019,0.333363,0.032107,0.586343,0.041514,0.006655
ACCTACAGTATGTGGT-1,0.000031,0.209414,0.354477,0.393435,0.042613,0.000031
ACCTACTATAAATCTA-1,0.000036,0.085589,0.003957,0.714085,0.172016,0.024317
ACCTCAGCGAGGCGCA-1,0.000016,0.134858,0.440442,0.403829,0.020838,0.000016
ACCTCCGCCCTCGCTG-1,0.00018,0.000541,0.009647,0.156232,0.833219,0.00018
ACCTCCGTTATTCACC-1,0.000031,0.033533,0.119961,0.760278,0.076464,0.009734
ACCTCGAACTTATGCT-1,0.000479,0.553314,0.046971,0.376875,0.022346,0.000015
ACCTGCGTGTCATGTT-1,0.000021,0.470298,0.127062,0.325468,0.046524,0.030628
ACCTTTCCTTTAGAAG-1,0.000053,0.136078,0.03373,0.009408,0.074755,0.745976
ACGAAATGGGCGGCAC-1,0.03834,0.098098,0.079101,0.652058,0.132379,0.000024
ACGACTCTAGGGCCGA-1,0.000981,0.211723,0.288105,0.456671,0.042496,0.000025
ACGACTGGTCATACTC-1,0.000028,0.115837,0.022429,0.773504,0.073097,0.015106
ACGAGAACCCATCACG-1,0.000068,0.000204,0.024529,0.06468,0.001299,0.909221
ACGAGATATTTGCTTA-1,0.000077,0.418812,0.067754,0.004832,0.002666,0.50586
ACGAGGATACCACTCT-1,0.00002,0.34591,0.093548,0.52401,0.022496,0.014015
ACGAGGTTTACAACGT-1,0.000036,0.093096,0.148109,0.631378,0.096974,0.030407
ACGAGTACGGATGCCC-1,0.000035,0.23141,0.015863,0.649694,0.062263,0.040734
ACGAGTCGCCGGCGTT-1,0.000074,0.000222,0.000148,0.000297,0.000074,0.999184
ACGATACATAGAACTA-1,0.00001,0.761619,0.164852,0.027581,0.00001,0.045927
ACGATACCTATCCTGA-1,0.001563,0.217733,0.017926,0.004968,0.000377,0.757433
ACGATCATACATAGAG-1,0.001083,0.911766,0.016131,0.070994,0.000013,0.000013
ACGATCATCTTGTAAA-1,0.000022,0.330502,0.140388,0.488559,0.003624,0.036903
ACGATGCATATGTTAT-1,0.00005,0.26277,0.171659,0.497794,0.035217,0.032509
ACGATGGATCCGATGC-1,0.00011,0.000329,0.000219,0.039756,0.221862,0.737724
ACGCAAACTAATAGAT-1,0.000431,0.455579,0.082107,0.429967,0.017049,0.014867
ACGCAATCACTACAGC-1,0.000031,0.537954,0.064879,0.339749,0.044326,0.013061
ACGCATAAATGACATG-1,0.000038,0.348462,0.027934,0.000153,0.00019,0.623223
ACGCATTCGTGAGTAC-1,0.000036,0.53376,0.168025,0.24791,0.050232,0.000036
ACGCCACTCGAAACAG-1,0.000018,0.170142,0.043973,0.731622,0.054226,0.000018
ACGCCAGATGATTTCT-1,0.000071,0.000213,0.000142,0.309367,0.473308,0.216899
ACGCCAGTGCGTTTGC-1,0.000042,0.033246,0.246787,0.660392,0.059492,0.000042
ACGCCCAGCTGTCGAT-1,0.000118,0.000355,0.000236,0.000473,0.089257,0.909561
ACGCCGCTAGACGACC-1,0.00212,0.083861,0.309786,0.376058,0.22812,0.000053
ACGCCTGACACGCGCT-1,0.000059,0.000177,0.000118,0.000236,0.000059,0.999352
ACGCGAAGTCAGACGA-1,0.000094,0.000281,0.006589,0.50254,0.490402,0.000094
ACGCGCTACACAGGGT-1,0.000025,0.434341,0.038506,0.507999,0.019105,0.000025
ACGCGGGCCAAGGACA-1,0.000016,0.811192,0.108966,0.079792,0.000016,0.000016
ACGCGTTTCTTAAGAG-1,0.000055,0.000164,0.000109,0.000218,0.02444,0.975014
ACGCTACTGAATGGGC-1,0.000186,0.000557,0.000371,0.000742,0.997958,0.000186
ACGCTAGTATCAGTGC-1,0.001289,0.599197,0.019883,0.000327,0.000082,0.379222
ACGCTAGTGATACACT-1,0.000025,0.641071,0.087407,0.222548,0.017246,0.031703
ACGCTGTGAGGCGTAG-1,0.000067,0.056317,0.132127,0.461471,0.30918,0.040838
ACGCTTAGTGTCTCTC-1,0.003157,0.002335,0.000141,0.028336,0.066083,0.899948
ACGGAACACGAGTGCC-1,0.000029,0.071498,0.392324,0.436811,0.086341,0.012998
ACGGAATTTAGCAAAT-1,0.001434,0.145926,0.072209,0.00239,0.000789,0.777253
ACGGACGCAGCGACAA-1,0.000051,0.446782,0.208785,0.177878,0.070324,0.09618
ACGGACTCTCAAAGCG-1,0.000077,0.00437,0.158495,0.544372,0.29261,0.000077
ACGGAGCGCAAATTAC-1,0.000405,0.001214,0.743964,0.001618,0.000405,0.252395
ACGGATGGTGCGGATA-1,0.01038,0.000433,0.124349,0.000577,0.864117,0.000144
ACGGCACTTGCTTGGG-1,0.000105,0.017168,0.714371,0.099782,0.168468,0.000105
ACGGCCAACATGGACT-1,0.000013,0.740252,0.176153,0.083557,0.000013,0.000013
ACGGCGACGATGGGAA-1,0.000068,0.000203,0.206788,0.309357,0.483517,0.000068
ACGGCGGGTTGCCCTG-1,0.000105,0.000316,0.000211,0.000422,0.221067,0.777878
ACGGCTGGATGTAGAA-1,0.000009,0.769729,0.087718,0.131271,0.011263,0.000009
ACGGGAGTGTCGGCCC-1,0.000031,0.055899,0.000513,0.829938,0.089163,0.024456
ACGGGCGTATGCGACA-1,0.000043,0.29732,0.074301,0.50192,0.098401,0.028015
ACGGGTCATGTGACTT-1,0.000099,0.000297,0.000198,0.000395,0.191819,0.807193
ACGGGTTGTGACCTGT-1,0.000037,0.517516,0.000084,0.019636,0.000037,0.462689
ACGGTACAGTTCAATG-1,0.000032,0.312505,0.379225,0.234622,0.069695,0.003921
ACGGTCACCGAGAACA-1,0.000014,0.523343,0.035107,0.255954,0.15703,0.028551
ACGTACAGATTTCTCT-1,0.000117,0.031149,0.000234,0.332361,0.000117,0.636022
ACGTACTTTGGCACGG-1,0.00003,0.280044,0.170742,0.492463,0.040125,0.016594
ACGTAGATTGCTGATG-1,0.000055,0.000164,0.080216,0.68404,0.185469,0.050057
ACGTAGGAGAGTCGCT-1,0.000036,0.099323,0.060905,0.829587,0.010113,0.000036
ACGTATTACTCCGATC-1,0.000065,0.038898,0.00013,0.81206,0.112656,0.03619
ACGTCCTAAACGAGAT-1,0.000035,0.041122,0.095098,0.052677,0.082426,0.728641
ACGTCGGGCAACTCGG-1,0.001068,0.003205,0.002137,0.004274,0.630638,0.358678
ACGTCTCGTTCCGGGA-1,0.000023,0.483689,0.062153,0.266088,0.185751,0.002296
ACGTGACAAAGTAAGT-1,0.000033,0.092232,0.113058,0.210698,0.488606,0.095374
ACGTGCGCCTCGTGCA-1,0.000046,0.198688,0.093311,0.169252,0.538656,0.000046
ACGTGGTCGAATGTGC-1,0.000053,0.101139,0.013268,0.000212,0.008086,0.877241
ACGTTAATGTCGAAGA-1,0.000024,0.296923,0.499528,0.168146,0.035356,0.000024
ACGTTAGATTTGCCCG-1,0.000031,0.604264,0.137355,0.258288,0.000031,0.000031
ACGTTATTGGTCACTC-1,0.000041,0.128647,0.303668,0.059193,0.000041,0.50841
ACGTTCACTATGCCGC-1,0.000037,0.217051,0.052695,0.645927,0.070872,0.013418
ACGTTCCGCGCTCCGT-1,0.000123,0.00037,0.000247,0.017334,0.182087,0.799839
ACGTTCGCAATCAATT-1,0.000018,0.440113,0.23349,0.276674,0.022008,0.027697
ACGTTCGTTCAGGAAA-1,0.000027,0.061546,0.021192,0.818285,0.098923,0.000027
ACGTTCTGTACAAGTC-1,0.006313,0.000485,0.22131,0.220538,0.551192,0.000162
ACGTTGTCGTTGAAAG-1,0.00051,0.366371,0.050321,0.424269,0.149787,0.008742
ACGTTTAGTTGTGATC-1,0.000113,0.02554,0.000226,0.084256,0.150044,0.739821
ACGTTTCGGTGCACTT-1,0.000093,0.00028,0.347662,0.139039,0.512832,0.000093
ACTAAGGACGCACACC-1,0.013946,0.1358,0.0007,0.001401,0.00035,0.847803
ACTAATACGTCAGGCG-1,0.000042,0.634361,0.030742,0.000167,0.000042,0.334646
ACTACAAAGAGAGGTG-1,0.018521,0.279636,0.068076,0.589003,0.030777,0.013987
ACTACATCCCGACAAG-1,0.000535,0.1931,0.026362,0.741977,0.037075,0.000951
ACTACCAGCTCTCTGG-1,0.000039,0.287871,0.027933,0.65486,0.000039,0.029258
ACTACCATCCGAGGGC-1,0.000023,0.357057,0.03569,0.474391,0.13089,0.001948
ACTACGCGTTAGAATT-1,0.00003,0.227368,0.108313,0.626416,0.037844,0.00003
ACTAGTTGCGATCGTC-1,0.000047,0.000142,0.600962,0.155236,0.243565,0.000047
ACTATATGCTGTGTTC-1,0.000147,0.340821,0.000293,0.000587,0.034713,0.623438
ACTATCCAGGGCATGG-1,0.000011,0.653287,0.003995,0.342685,0.000011,0.000011
ACTATCGCCGGCTAAA-1,0.000057,0.00017,0.000113,0.00027,0.143197,0.856193
ACTATCTGCCCGCGTA-1,0.000056,0.000471,0.539265,0.23088,0.229272,0.000056
ACTATGTCCAGCTGCC-1,0.000025,0.37076,0.029537,0.529468,0.048941,0.021269
ACTATTCGTCCGTGGT-1,0.000141,0.000422,0.000281,0.000562,0.346965,0.651629
ACTATTTCCGGGCCCA-1,0.000033,0.123316,0.0084,0.860103,0.008115,0.000033
ACTCAACGAATGTATT-1,0.000059,0.135868,0.078908,0.190811,0.064208,0.530146
ACTCAAGTGCAAGGCT-1,0.115963,0.055987,0.163976,0.036932,0.626968,0.000174
ACTCAATAAAGGCACG-1,0.000698,0.728319,0.053715,0.216748,0.000511,0.000009
ACTCAGACCTGCTTCT-1,0.000107,0.000321,0.000214,0.118023,0.0243,0.857035
ACTCATGGCAGCCTTC-1,0.000014,0.751112,0.016911,0.221685,0.010264,0.000014
ACTCCAATATCATCAT-1,0.000531,0.459574,0.113683,0.396445,0.027841,0.001926
ACTCCCATTCCTAAAG-1,0.000007,0.725811,0.024106,0.250061,0.000007,0.000007
ACTCCCGAATTCGTTT-1,0.000014,0.766017,0.05006,0.183879,0.000014,0.000014
ACTCCCGTAGACTAGG-1,0.000022,0.593454,0.156339,0.167729,0.025621,0.056835
ACTCCCTAATGCTAAA-1,0.000067,0.020025,0.184623,0.431812,0.363406,0.000067
ACTCCCTAGAATAGTA-1,0.00322,0.221196,0.238415,0.145341,0.347139,0.04469
ACTCCGGCCGACCACT-1,0.0079,0.664956,0.233162,0.075387,0.018577,0.000019
ACTCGATGTATTTCAT-1,0.000041,0.320699,0.032007,0.027014,0.000041,0.620197
ACTCGCCGTTCGATAA-1,0.025346,0.266666,0.254475,0.000409,0.399748,0.053356
ACTCGCGATCTGACGC-1,0.002844,0.469451,0.104605,0.39103,0.012397,0.019673
ACTCGTAACCCGTCCT-1,0.000412,0.589757,0.073146,0.336217,0.000011,0.000457
ACTCGTCAGTAATCCC-1,0.000044,0.237769,0.137408,0.55618,0.037424,0.031174
ACTCTAAACCTGGGAT-1,0.000039,0.028103,0.000079,0.067264,0.096897,0.807617
ACTCTCTGACTTAGGT-1,0.000047,0.638176,0.259231,0.090052,0.000047,0.012446
ACTCTCTTATACACGA-1,0.000098,0.398852,0.104629,0.036786,0.040292,0.419342
ACTCTGACCTAATAGA-1,0.002317,0.047586,0.648916,0.096986,0.204131,0.000062
ACTCTTCAGCTCCCGC-1,0.000014,0.65949,0.085896,0.254572,0.000014,0.000014
ACTCTTGTATAGTAAC-1,0.000022,0.507688,0.347639,0.127275,0.009979,0.007398
ACTGAATGGCGAAAGT-1,0.00003,0.432134,0.180107,0.285216,0.102483,0.00003
ACTGATTTAGTGATTC-1,0.000052,0.170092,0.047125,0.000209,0.000052,0.782469
ACTGCCCGCCATTCTC-1,0.000799,0.745563,0.009795,0.241635,0.000022,0.002187
ACTGCCGTCGTAACTC-1,0.000054,0.034546,0.054926,0.000215,0.538453,0.371807
ACTGCGGACACACCGT-1,0.001031,0.098256,0.055146,0.742398,0.06369,0.039478
ACTGCTCGGAAGGATG-1,0.000038,0.105494,0.000076,0.80941,0.053698,0.031283
ACTGGCGAACCTGCGT-1,0.000487,0.001462,0.000975,0.001949,0.392333,0.602794
ACTGGGATGCCAGTGC-1,0.000029,0.214916,0.086951,0.618519,0.079556,0.000029
ACTGTACGATACACAT-1,0.000007,0.855699,0.014089,0.130193,0.000007,0.000007
ACTGTAGCACTTTGGA-1,0.000048,0.123855,0.000096,0.719665,0.101461,0.054876
ACTGTATACGCGAGCA-1,0.002206,0.050547,0.403896,0.171569,0.000071,0.37171
ACTGTCCAGGATTATA-1,0.000025,0.387537,0.294043,0.253652,0.036344,0.028399
ACTGTCTTCTTTAGAA-1,0.000029,0.624862,0.027395,0.266215,0.021235,0.060263
ACTGTGCTAGTAGATC-1,0.000069,0.179201,0.039468,0.000275,0.012686,0.768302
ACTGTTTAGTGTAGGC-1,0.000125,0.000376,0.000251,0.074206,0.109413,0.815629
ACTTACCGGGCGCGCA-1,0.000078,0.000233,0.000155,0.00031,0.000078,0.999146
ACTTACGCATCCACGC-1,0.000274,0.281208,0.000548,0.055839,0.661856,0.000274
ACTTAGTACGACAAGA-1,0.003414,0.00029,0.000193,0.043374,0.251918,0.700811
ACTTATACTTACCCGG-1,0.000037,0.125737,0.044362,0.693693,0.126191,0.00998
ACTTATCTGATCTATA-1,0.000069,0.180013,0.084002,0.029089,0.000069,0.706757
ACTTATTAGGATCGGT-1,0.000041,0.393742,0.253468,0.351872,0.000835,0.000041
ACTTATTTATGTGCCA-1,0.000049,0.133648,0.660586,0.140524,0.055905,0.009288
ACTTCAGGCTGATCCC-1,0.000141,0.000424,0.299465,0.447812,0.215801,0.036357
ACTTCCAGTGGAAGCT-1,0.000574,0.362602,0.417029,0.099396,0.000017,0.120383
ACTTCCATGCGGGACA-1,0.000246,0.000737,0.073587,0.085391,0.839793,0.000246
ACTTCCTGTCGTGCGA-1,0.042233,0.041894,0.000149,0.000298,0.286519,0.628908
ACTTCGCCATACGCAC-1,0.000019,0.411829,0.235894,0.341035,0.000019,0.011204
ACTTCGCTAGCGAGTG-1,0.000023,0.813752,0.026178,0.13272,0.007739,0.019589
ACTTGACTCCCTCTTT-1,0.000036,0.187356,0.618743,0.164918,0.02891,0.000036
ACTTGCCATATTGTAC-1,0.000078,0.199172,0.000157,0.061022,0.126658,0.612913
ACTTGCTCTATCTACC-1,0.000683,0.002049,0.291246,0.002732,0.092535,0.610754
ACTTGGGACCCGGTGG-1,0.00001,0.927417,0.00208,0.070474,0.00001,0.00001
ACTTGGGCTTTCGCCA-1,0.000019,0.468152,0.192301,0.330858,0.008651,0.000019
ACTTGTAGTCCCTTCA-1,0.000037,0.301301,0.034095,0.538411,0.115624,0.010531
ACTTGTGGATGGAACG-1,0.000049,0.013701,0.376464,0.119316,0.490421,0.000049
ACTTGTTACCGGATCA-1,0.00002,0.3361,0.026345,0.622801,0.014715,0.00002
ACTTTACCCTCATGAA-1,0.000516,0.643825,0.084055,0.233924,0.000611,0.037068
ACTTTATACACCACTT-1,0.000031,0.502676,0.038718,0.125876,0.20807,0.12463
ACTTTCCTATAGCTTC-1,0.000024,0.554737,0.085452,0.319034,0.010196,0.030558
ACTTTGACTGCATCCT-1,0.000029,0.38798,0.121514,0.213351,0.200937,0.076189
ACTTTGGTCGTGCTCC-1,0.000017,0.681207,0.100441,0.189462,0.026891,0.001983
ACTTTGTCGACGCACT-1,0.000157,0.004646,0.167101,0.571691,0.256249,0.000157
AGAAATTATGACTCGC-1,0.001103,0.029633,0.819626,0.017185,0.059312,0.073141
AGAACACGGCGATGGT-1,0.000036,0.109118,0.06504,0.181851,0.39459,0.249365
AGAACCCAGCGTGACA-1,0.000009,0.76471,0.079187,0.143627,0.000009,0.012457
AGAACCCTCAATTGGG-1,0.0004,0.622819,0.068514,0.279499,0.020488,0.00828
AGAACGTGGTACATTC-1,0.000956,0.766259,0.017972,0.197586,0.000011,0.017215
AGAACTGTACTTTGTA-1,0.000889,0.431025,0.178613,0.319726,0.069721,0.000025
AGAAGAGCGCCGTTCC-1,0.000366,0.001097,0.000731,0.830679,0.166762,0.000366
AGAAGGTACACTTCAC-1,0.001977,0.387055,0.03788,0.506952,0.055134,0.011002
AGAAGGTTGCCGAATT-1,0.00002,0.547748,0.259649,0.174606,0.005206,0.012772
AGAAGGTTGTAGGTCG-1,0.000026,0.508733,0.307234,0.174033,0.009948,0.000026
AGAAGTGATTCGTGAT-1,0.000046,0.078405,0.055719,0.688716,0.151474,0.025641
AGAATAAATCTTCAGG-1,0.000627,0.303123,0.073908,0.435386,0.140695,0.046261
AGAATACAGGCTATCC-1,0.000019,0.129977,0.243435,0.611592,0.014957,0.000019
AGAATGCGGGTTCGGA-1,0.000158,0.000473,0.000315,0.098238,0.128821,0.771996
AGAATTATGGATTCGA-1,0.000704,0.388657,0.068142,0.446629,0.081945,0.013923
AGAATTGTTTGACATA-1,0.002695,0.033326,0.167065,0.000251,0.146098,0.650565
AGACAGCTCAGAATCC-1,0.000073,0.000218,0.078142,0.029397,0.157431,0.734739
AGACAGGCATCTCAGC-1,0.000032,0.408962,0.303567,0.21232,0.075087,0.000032
AGACATAGATCCTTCC-1,0.0001,0.0003,0.0002,0.188169,0.060342,0.750888
AGACCAAACCACACCT-1,0.000939,0.747488,0.030297,0.20862,0.011216,0.00144
AGACCATGGGATACAA-1,0.000926,0.430617,0.424131,0.091772,0.003625,0.048929
AGACCCACCGCTGATC-1,0.00011,0.024485,0.322259,0.128449,0.524586,0.00011
AGACCCGCCCTCCTCG-1,0.000034,0.018637,0.010283,0.941208,0.029805,0.000034
AGACCGCTCCGCGGTT-1,0.00004,0.054764,0.839746,0.018203,0.080037,0.00721
AGACCGGGAAACCCTG-1,0.000328,0.510957,0.105971,0.343853,0.036839,0.002052
AGACGAAGTGCCGGTC-1,0.000022,0.217793,0.687033,0.082697,0.012433,0.000022
AGACGACGATGCCGCT-1,0.00002,0.24792,0.096217,0.644858,0.010966,0.00002
AGACGGGATTGGTATA-1,0.00005,0.057884,0.039947,0.212357,0.135483,0.55428
AGACGGGCCGATTTAA-1,0.000141,0.000422,0.000281,0.000562,0.07077,0.927825
AGACTAGCCTTCCAGA-1,0.000053,0.099555,0.041951,0.793957,0.048909,0.015574
AGACTGTTACCGGGTC-1,0.000027,0.218386,0.282747,0.477699,0.01085,0.010291
AGAGAAACACCAGAAA-1,0.000014,0.229368,0.071571,0.571127,0.107769,0.020152
AGAGAACCGTCTAGGA-1,0.000024,0.186536,0.167701,0.453598,0.171405,0.020736
AGAGAAGGAGTACAAT-1,0.000009,0.530245,0.026345,0.424731,0.000009,0.018662
AGAGATCTCTAAAGCG-1,0.000015,0.241169,0.08965,0.577494,0.077537,0.014135
AGAGCAGTTATGAGAC-1,0.000028,0.268411,0.039986,0.476675,0.149104,0.065796
AGAGCGCTTGTAACGG-1,0.000036,0.247619,0.161133,0.286351,0.163485,0.141377
AGAGCGGGCTAATCAT-1,0.000024,0.672728,0.158289,0.002582,0.118266,0.048111
AGAGCGTACAAGCTCG-1,0.002525,0.256857,0.021385,0.590828,0.11063,0.017776
AGAGCTACGAAAGCAT-1,0.000072,0.000216,0.000144,0.000288,0.306228,0.693051
AGAGGCTTCGGAAACC-1,0.000067,0.031658,0.173292,0.382093,0.412823,0.000067
AGAGGGACAATTGTCC-1,0.000405,0.182494,0.000809,0.001618,0.000405,0.814269
AGAGGTATCTCGGTCC-1,0.000123,0.00037,0.000247,0.166098,0.000123,0.833039
AGAGTAAACTTCACTA-1,0.000011,0.323905,0.618982,0.057079,0.000011,0.000011
AGAGTATAGTGTTACG-1,0.001048,0.400261,0.027451,0.461369,0.074763,0.035108
AGAGTCTTAATGAAAG-1,0.000061,0.000183,0.307332,0.000244,0.692118,0.000061
AGAGTGAACAGACACC-1,0.00014,0.201219,0.029693,0.000559,0.196231,0.572158
AGAGTTAGAGACCGAT-1,0.000083,0.087685,0.000166,0.068304,0.000083,0.843679
AGAGTTGCAGGCCTCC-1,0.020879,0.001437,0.000958,0.001916,0.06213,0.91268
AGATAACTTCAGGGCC-1,0.000586,0.535427,0.148977,0.263892,0.044734,0.006385
AGATAATCACACCTAT-1,0.079773,0.224116,0.042912,0.194063,0.267683,0.191453
AGATACCAATAGAACC-1,0.153155,0.251384,0.353903,0.024922,0.163382,0.053254
AGATACCAGCACTTCA-1,0.001437,0.004311,0.002874,0.301846,0.001437,0.688096
AGATACCGGTGTTCAC-1,0.000038,0.250244,0.15046,0.531846,0.055909,0.011503
AGATACGACTTCATAT-1,0.000045,0.455934,0.028542,0.008475,0.000045,0.506959
AGATACTCAAGATCGA-1,0.00003,0.310997,0.381988,0.219418,0.087537,0.00003
AGATATAATACGACTA-1,0.000032,0.469719,0.283894,0.121868,0.100075,0.024412
AGATCGTGCATAAGAT-1,0.000041,0.504926,0.032387,0.234389,0.16785,0.060407
AGATCTCAGGTGTGAT-1,0.000038,0.102948,0.029719,0.547678,0.268638,0.05098
AGATCTGGAGAGGATA-1,0.000031,0.015057,0.23781,0.171075,0.330323,0.245704
AGATGACTCGCCCACG-1,0.000029,0.578331,0.031334,0.278977,0.101508,0.009821
AGATGAGGGTTGCGAT-1,0.000177,0.000532,0.07139,0.000709,0.152295,0.774896
AGATGATGGAGTCTGG-1,0.000224,0.541055,0.21409,0.234219,0.000013,0.010399
AGATGCAAGACGTGCA-1,0.000705,0.443156,0.014184,0.53794,0.003995,0.000019
AGATGCATCCTGTGTC-1,0.000011,0.914666,0.020335,0.064967,0.000011,0.000011
AGATGCTATAACGAGC-1,0.011485,0.000202,0.000135,0.021597,0.061274,0.905307
AGATTATAGGACGTTT-1,0.000789,0.673434,0.241688,0.054564,0.016189,0.013336
AGATTCAAGCGGGTCG-1,0.000127,0.000382,0.000255,0.00051,0.121275,0.87745
AGATTCACAACCGATA-1,0.000019,0.246212,0.076658,0.511244,0.139063,0.026804
AGCAAAGGCCGCTAGT-1,0.000046,0.279838,0.360677,0.161962,0.19743,0.000046
AGCAACATATCTTATT-1,0.001208,0.59023,0.230885,0.169706,0.000014,0.007957
AGCAACCGAAAGTAAT-1,0.000562,0.239359,0.025022,0.542132,0.19291,0.000016
AGCACACGTTTAGACT-1,0.001527,0.132451,0.199846,0.626899,0.039234,0.000042
AGCACCAGTACTCACG-1,0.000037,0.067679,0.078879,0.71943,0.123097,0.010878
AGCACTACCGGCCTGT-1,0.000695,0.466299,0.031307,0.475869,0.020703,0.005128
AGCACTACCTCACCAG-1,0.000237,0.138084,0.056784,0.00095,0.803708,0.000237
AGCACTTAAGGACGCC-1,0.000029,0.133847,0.009411,0.780186,0.076498,0.000029
AGCAGAAGGAGAAAGA-1,0.000024,0.161421,0.185742,0.541532,0.069955,0.041326
AGCAGCCAGATGAATA-1,0.00085,0.346328,0.266542,0.300255,0.07971,0.006315
AGCAGTCGAAGCATGC-1,0.000018,0.243122,0.125379,0.576739,0.054723,0.000018
AGCATATCAATATGCT-1,0.000049,0.128245,0.267448,0.182113,0.374083,0.048063
AGCATCATTTCGAAAG-1,0.000015,0.260077,0.065164,0.611983,0.05885,0.003911
AGCATCGTCGATAATT-1,0.000024,0.338555,0.010706,0.554757,0.079195,0.016763
AGCATTACGAGGCAAG-1,0.196287,0.000442,0.001479,0.272117,0.529528,0.000147
AGCCAAGCTTTGTGTC-1,0.000058,0.038864,0.065267,0.615875,0.270816,0.009121
AGCCACAGGTTACCCG-1,0.000215,0.000644,0.00043,0.292017,0.706479,0.000215
AGCCACTCCCGTGCTT-1,0.002019,0.626331,0.025747,0.263287,0.065145,0.017471
AGCCATATAGTATGTG-1,0.000028,0.335557,0.078688,0.530954,0.04364,0.011133
AGCCCATACATGTAAG-1,0.000923,0.118533,0.018731,0.789202,0.028239,0.044373
AGCCCGCAACAAGCAG-1,0.000025,0.011596,0.033739,0.872472,0.071369,0.010799
AGCCCGCACTACAATG-1,0.000038,0.051968,0.293592,0.420161,0.234201,0.000038
AGCCCGGCATTAGAGG-1,0.000721,0.816369,0.012047,0.170838,0.000012,0.000012
AGCCCGGTAGCCTGTA-1,0.00003,0.189684,0.031835,0.629934,0.132211,0.016306
AGCCCTAAGCGAAGTT-1,0.000066,0.279365,0.000131,0.121759,0.279426,0.319253
AGCCCTCCCTGGTGGC-1,0.000025,0.446003,0.041118,0.50021,0.006885,0.00576
AGCCCTGTCGCACCGT-1,0.000012,0.71413,0.064081,0.217986,0.000012,0.003779
AGCCCTTCTAATCCGA-1,0.002033,0.006098,0.004065,0.425802,0.002033,0.55997
AGCCGCAAATTCAAAT-1,0.000045,0.000135,0.078197,0.074592,0.191567,0.655465
AGCCGCTTGATTAGCG-1,0.00009,0.00027,0.00018,0.00036,0.00009,0.999011
AGCCGTGGCTAAATGT-1,0.000016,0.387307,0.073525,0.487671,0.051465,0.000016
AGCCTAATACCCACGT-1,0.000011,0.724399,0.000215,0.275354,0.000011,0.000011
AGCCTTAAAGCGGAAG-1,0.000042,0.000126,0.000084,0.000168,0.000042,0.999537
AGCCTTGTCACTGATA-1,0.000397,0.221342,0.340999,0.027484,0.146965,0.262813
AGCGACAGGAACGGTC-1,0.000029,0.191565,0.033717,0.685897,0.088765,0.000029
AGCGACATCCCATTCA-1,0.000054,0.18448,0.056417,0.183706,0.515314,0.060029
AGCGACCAACGATATT-1,0.000028,0.304546,0.023488,0.569987,0.043197,0.058754
AGCGACTTTGAAGACA-1,0.000294,0.586731,0.049228,0.355233,0.003502,0.005011
AGCGAGACGTGAAGGC-1,0.000032,0.016863,0.000064,0.758356,0.187895,0.036789
AGCGATGCGCCTAATA-1,0.990095,0.000277,0.000184,0.000369,0.000092,0.008983
AGCGCATAATGAATCG-1,0.000037,0.198866,0.264648,0.381704,0.154708,0.000037
AGCGCGGGTGCCAATG-1,0.000019,0.290155,0.12646,0.523699,0.041778,0.017889
AGCGCTAGAGCGATGT-1,0.000015,0.374789,0.07188,0.53016,0.010782,0.012374
AGCGCTTATGGGCAAG-1,0.000095,0.232835,0.000189,0.000379,0.053313,0.713189
AGCGGACACTTCGTAG-1,0.000069,0.035752,0.009809,0.807242,0.147059,0.000069
AGCGGCGGTTAGCGGT-1,0.00003,0.206668,0.018612,0.662722,0.105808,0.00616
AGCGGGAAGGGTCCAT-1,0.000193,0.00058,0.000387,0.000773,0.302029,0.696037
AGCGGGTCTGACACTC-1,0.000029,0.17495,0.166089,0.655814,0.003088,0.000029
AGCGGTTGAGATGTAC-1,0.000059,0.063091,0.000118,0.000235,0.000059,0.936439
AGCGGTTGCCGCTCTG-1,0.000725,0.135411,0.001449,0.002899,0.388038,0.471478
AGCGTACGAGAGCTAG-1,0.000093,0.000279,0.000186,0.038526,0.27784,0.683076
AGCGTAGCGCTAGACC-1,0.000129,0.000386,0.000258,0.000515,0.307677,0.691035
AGCGTCTGAACCCGCA-1,0.000087,0.00026,0.000174,0.000347,0.339615,0.659517
AGCGTGGTATTCTACT-1,0.00012,0.052545,0.631833,0.038825,0.251384,0.025294
AGCGTTCCGATTTAAA-1,0.000043,0.000129,0.000086,0.148689,0.161967,0.689085
AGCTAACAAGCAATGT-1,0.004584,0.170733,0.040015,0.592174,0.191165,0.001329
AGCTAAGCTCCGTCCG-1,0.000026,0.133743,0.011369,0.686524,0.168311,0.000026
AGCTAAGTACGCAGGC-1,0.000062,0.000187,0.16419,0.000372,0.835127,0.000062
AGCTACGAATGGTGGT-1,0.001475,0.517933,0.252318,0.18896,0.039273,0.000041
AGCTAGAAGCAGAAGT-1,0.000039,0.768161,0.060645,0.102767,0.033124,0.035265
AGCTATTTAATCCAAC-1,0.000064,0.071459,0.038842,0.256032,0.352467,0.281135
AGCTCCTTCGCACATC-1,0.000182,0.000545,0.109854,0.430351,0.458887,0.000182
AGCTCGTTGATGGAAA-1,0.000116,0.41599,0.026023,0.000464,0.000116,0.557291
AGCTCTAGACGTTCCA-1,0.001173,0.200688,0.458154,0.304636,0.035315,0.000034
AGCTCTTCCCAGTGCA-1,0.000088,0.000263,0.014958,0.255298,0.281556,0.447836
AGCTCTTCGTAACCTT-1,0.001363,0.07263,0.08881,0.634197,0.195028,0.007972
AGCTCTTTACTCAGTT-1,0.00003,0.607247,0.29874,0.077136,0.016816,0.00003
AGCTGAAGTAAACCAA-1,0.000018,0.460428,0.022094,0.331904,0.116783,0.068772
AGCTGCATTTGAGGTG-1,0.003967,0.000272,0.000182,0.028006,0.002359,0.965213
AGCTGCTGTGCCGAAT-1,0.000124,0.000372,0.000248,0.000496,0.000124,0.998636
AGCTGTAACCTCAATC-1,0.000034,0.159838,0.087465,0.648758,0.089821,0.014085
AGCTTATAGAGACCTG-1,0.00005,0.125651,0.0001,0.013688,0.00005,0.86046
AGCTTCAATACTTTGA-1,0.000084,0.117819,0.002527,0.171076,0.132261,0.576233
AGCTTCTTCTCGAGCA-1,0.000205,0.026502,0.50588,0.038668,0.42854,0.000205
AGCTTGATCAGGGTAG-1,0.003382,0.577406,0.049699,0.067019,0.158933,0.143561
AGCTTGATCTTAACTT-1,0.000015,0.564898,0.035181,0.399878,0.000015,0.000015
AGGAAAGCCTCTGATG-1,0.000095,0.000284,0.000189,0.116027,0.241205,0.6422
AGGAACGAACGACTTC-1,0.000117,0.14347,0.100235,0.000466,0.755595,0.000117
AGGAAGCTGTCCGCCG-1,0.046787,0.192312,0.348498,0.296428,0.115914,0.000061
AGGACAGTCGAATCCC-1,0.00004,0.280015,0.215654,0.432407,0.071846,0.00004
AGGACATCGCACGTCG-1,0.000046,0.089053,0.519245,0.011942,0.006007,0.373706
AGGACGACCCATTAGA-1,0.001082,0.487048,0.264018,0.231731,0.00097,0.015152
AGGACGCTCGATGTTG-1,0.001938,0.005814,0.003876,0.007752,0.001938,0.978681
AGGACTTATAGGAGAA-1,0.002207,0.182579,0.068927,0.000204,0.010146,0.735937
AGGAGACATCCACAGT-1,0.001022,0.63914,0.09029,0.218063,0.007829,0.043657
AGGAGAGTCTGGCTAC-1,0.00069,0.906119,0.003325,0.089847,0.000009,0.000009
AGGAGCGTTTATTATC-1,0.000714,0.757753,0.215299,0.026191,0.000021,0.000021
AGGAGGCCTTCGCGCG-1,0.000061,0.000183,0.172882,0.000243,0.82657,0.000061
AGGATAAAGTCGGGAT-1,0.000041,0.112008,0.397534,0.014904,0.467724,0.00779
AGGATATAGGGATTTA-1,0.00164,0.550366,0.33183,0.106727,0.000019,0.009419
AGGATATCCGACTGCA-1,0.00002,0.196872,0.50406,0.267342,0.031685,0.00002
AGGATCACGCGATCTG-1,0.000033,0.258551,0.013438,0.538193,0.189753,0.000033
AGGATTGCTTACGACA-1,0.000015,0.671712,0.011058,0.305188,0.006091,0.005935
AGGCAAAGAGGAATCA-1,0.000051,0.04327,0.066796,0.053551,0.164871,0.671461
AGGCAATACGGAGGAC-1,0.000083,0.000249,0.000166,0.055605,0.024218,0.919679
AGGCAGATGCGTAAAC-1,0.000015,0.504698,0.048571,0.40475,0.013623,0.028343
AGGCAGGGAGCGTACT-1,0.000035,0.022442,0.004788,0.861118,0.111581,0.000035
AGGCATTGTCGTAGGG-1,0.000049,0.127692,0.443367,0.266299,0.162545,0.000049
AGGCCACATTGGTTAC-1,0.000012,0.910501,0.071383,0.018082,0.000012,0.000012
AGGCCACCCGTTATGA-1,0.000754,0.520776,0.005999,0.461482,0.000022,0.010966
AGGCCCAGTGACTGGT-1,0.00008,0.00024,0.00016,0.022385,0.030997,0.946137
AGGCCCATTGTACAGG-1,0.000034,0.81201,0.032229,0.003113,0.000034,0.15258
AGGCCCTAGAACGCCA-1,0.000016,0.076676,0.094701,0.787898,0.040694,0.000016
AGGCCTATCATACCAA-1,0.000015,0.336925,0.045307,0.60437,0.013368,0.000015
AGGCCTGAGAATCTCG-1,0.000183,0.000549,0.209266,0.000733,0.789085,0.000183
AGGCGGTTTGTCCCGC-1,0.000873,0.200247,0.109709,0.682643,0.006504,0.000024
AGGCGTCTATGGACGG-1,0.000183,0.152186,0.000366,0.000733,0.063617,0.782914
AGGCTATGGTTAGCTT-1,0.000039,0.370439,0.022099,0.387103,0.137504,0.082817
AGGCTTAAGTTGCACA-1,0.001966,0.294525,0.019353,0.679835,0.004307,0.000015
AGGCTTCCCGAAGAAG-1,0.001216,0.165119,0.112969,0.686728,0.033933,0.000034
AGGCTTGCTAGACACC-1,0.000077,0.00023,0.000154,0.143594,0.623531,0.232414
AGGGAAACGAGGTACT-1,0.000058,0.475212,0.00573,0.058987,0.122154,0.337858
AGGGACAGCACGGCGG-1,0.00008,0.000239,0.000159,0.000319,0.041878,0.957325
AGGGACCGGCTGCGTT-1,0.000029,0.207546,0.091395,0.485873,0.215128,0.000029
AGGGACTCTACGCGAC-1,0.000024,0.618887,0.199229,0.179773,0.002064,0.000024
AGGGAGACATACTTCG-1,0.000022,0.468059,0.145986,0.335727,0.042559,0.007646
AGGGCAGCGGCGTGGT-1,0.000118,0.000353,0.178058,0.061582,0.185199,0.57469
AGGGCCCTAATGTTCT-1,0.100118,0.000656,0.359161,0.000875,0.538971,0.000219
AGGGCGAGCAGCTGAT-1,0.001194,0.205603,0.072937,0.542172,0.159237,0.018857
AGGGCGTGATCGGCTA-1,0.000047,0.008936,0.005895,0.568126,0.352922,0.064073
AGGGCTGCAGTTACAG-1,0.000022,0.665922,0.132961,0.159708,0.041366,0.000022
AGGGTCAGAGCACTCG-1,0.004287,0.067357,0.121671,0.803619,0.00146,0.001606
AGGGTCAGTAACCCTA-1,0.000155,0.328438,0.00031,0.000621,0.003652,0.666824
AGGGTCGATGCGAACT-1,0.000031,0.104167,0.050474,0.752534,0.092763,0.000031
AGGGTGCCGTTCTTTA-1,0.000052,0.073118,0.049082,0.703232,0.148595,0.025922
AGGGTGCTCTCGAGGG-1,0.000036,0.066639,0.130655,0.605731,0.166862,0.030078
AGGGTGGATAGTGCAT-1,0.000095,0.000286,0.000191,0.037756,0.463811,0.49786
AGGGTGTGCTACACGC-1,0.000132,0.09138,0.000265,0.000529,0.19265,0.715044
AGGGTTCAGACGGTCC-1,0.000014,0.651825,0.000597,0.347536,0.000014,0.000014
AGGGTTCCCTTTGGTT-1,0.002583,0.656116,0.064906,0.275685,0.000682,0.000028
AGGGTTTAGTTCGGGA-1,0.002193,0.220169,0.163741,0.61378,0.000059,0.000059
AGGTAACCTCCTATTC-1,0.000125,0.082949,0.000892,0.155787,0.133058,0.62719
AGGTACGATATTGCCA-1,0.000087,0.126451,0.051032,0.000347,0.00946,0.812623
AGGTAGATCGAGATAT-1,0.000471,0.282163,0.041367,0.635851,0.026481,0.013667
AGGTAGGTACAAAGCT-1,0.000019,0.30392,0.022951,0.61918,0.032244,0.021686
AGGTATAATTGATAGT-1,0.000012,0.583742,0.04248,0.359273,0.000012,0.014481
AGGTATGCGGACATTA-1,0.000018,0.18862,0.188158,0.600178,0.022072,0.000954
AGGTCAGGTGAGAGTG-1,0.00002,0.291359,0.022773,0.575232,0.109426,0.001191
AGGTCGCCACTTCGGT-1,0.000143,0.000429,0.000286,0.000572,0.267828,0.730743
AGGTCGCGGAGTTACT-1,0.000053,0.0553,0.000106,0.744965,0.096409,0.103168
AGGTGCACGTCCACAT-1,0.000083,0.00025,0.484316,0.072779,0.442489,0.000083
AGGTGGTGACCTTCGC-1,0.000048,0.229654,0.003986,0.709594,0.05667,0.000048
AGGTGTATCGCCATGA-1,0.000488,0.556592,0.020348,0.379663,0.039308,0.0036
AGGTGTTGCCGACCAC-1,0.049441,0.05512,0.226352,0.114593,0.554313,0.000182
AGGTTACACCATGCCG-1,0.000018,0.672314,0.08048,0.209587,0.01461,0.02299
AGGTTCTCCTTTCCGG-1,0.000077,0.417085,0.315495,0.188148,0.072442,0.006754
AGGTTGAGGCACGCTT-1,0.003841,0.035996,0.027327,0.649122,0.230527,0.053187
AGGTTTCACACACCTT-1,0.000029,0.763777,0.218279,0.005681,0.000029,0.012204
AGTAACGTTCATCCTG-1,0.000087,0.203748,0.008393,0.102213,0.000087,0.685472
AGTAACTATAGCAGCC-1,0.008578,0.04842,0.10186,0.227985,0.613066,0.00009
AGTAAGGGACAGAATC-1,0.000399,0.112055,0.40091,0.486559,0.000065,0.000012
AGTAATCTAAGGGTGG-1,0.000018,0.10987,0.332492,0.479106,0.070744,0.00777
AGTAATGTCTTGCCGC-1,0.000059,0.129679,0.045519,0.067002,0.229737,0.528003
AGTAATTTGCAAGCGT-1,0.00083,0.48401,0.094678,0.214106,0.150025,0.056351
AGTACAGAAGCTTATA-1,0.000033,0.070619,0.010546,0.808209,0.110314,0.000278
AGTACATCATTTATCA-1,0.00004,0.405327,0.243405,0.302457,0.023026,0.025746
AGTACCTTCGAGTGCT-1,0.000051,0.780608,0.000101,0.000203,0.000051,0.218986
AGTACGGCCCGTATCG-1,0.000018,0.48243,0.043484,0.365344,0.064397,0.044326
AGTACGGGCACCTGGC-1,0.000037,0.265272,0.227034,0.401695,0.070425,0.035537
AGTACGTGGCCTGTCT-1,0.000196,0.000587,0.000391,0.000783,0.104611,0.893432
AGTAGAAGGCGCCTCA-1,0.000027,0.043881,0.194236,0.698425,0.063403,0.000027
AGTAGCGTGAACGAAC-1,0.000077,0.000232,0.000155,0.000309,0.170893,0.828334
AGTAGCTAGACGCCGA-1,0.000167,0.000501,0.000334,0.052922,0.093531,0.852545
AGTAGGAAGGAAGTTG-1,0.000094,0.111383,0.000187,0.001754,0.000094,0.886488
AGTAGGTAACATACAT-1,0.000058,0.069719,0.243644,0.000231,0.000222,0.686126
AGTATAATACTAGGCA-1,0.000021,0.218743,0.177992,0.520889,0.044406,0.03795
AGTATACACAGCGACA-1,0.001,0.256199,0.048516,0.585115,0.108488,0.000682
AGTATCCATAATAACG-1,0.002051,0.142027,0.018084,0.081781,0.145166,0.610892
AGTATGCTGGAGACCA-1,0.000037,0.084147,0.015549,0.851791,0.048438,0.000037
AGTATTTGGCACGACC-1,0.000041,0.258131,0.103742,0.594148,0.043897,0.000041
AGTCAAATGATGTGAT-1,0.000027,0.236228,0.150953,0.471033,0.093684,0.048075
AGTCAACACCACCATC-1,0.000037,0.28919,0.19914,0.414844,0.096753,0.000037
AGTCAAGATGACACTT-1,0.000038,0.461413,0.286384,0.150907,0.101219,0.000038
AGTCACTCCGCCTCAT-1,0.000146,0.000437,0.000291,0.000583,0.246622,0.751921
AGTCAGCCACCGCCTG-1,0.000059,0.118647,0.121171,0.018871,0.000059,0.741194
AGTCCAGCGGGTACGT-1,0.000123,0.000368,0.000245,0.00049,0.104637,0.894138
AGTCCATTGGCTGATG-1,0.000063,0.117634,0.047125,0.762559,0.072556,0.000063
AGTCCCGCCTTTAATT-1,0.00098,0.445234,0.001961,0.003922,0.00098,0.546923
AGTCCCTCGCAGAAAG-1,0.000015,0.581495,0.124589,0.207506,0.075862,0.010533
AGTCGAAACGATTCAG-1,0.000809,0.411132,0.001618,0.003236,0.000809,0.582395
AGTCGAATTAGCGTAA-1,0.000077,0.000232,0.290793,0.062589,0.646231,0.000077
AGTCGACGGTCTCAAG-1,0.000015,0.759867,0.062537,0.161228,0.016338,0.000015
AGTCGGCCCAAACGAC-1,0.000016,0.320337,0.069453,0.559965,0.040777,0.009453
AGTCGGCTCAACTTTA-1,0.000033,0.059661,0.000066,0.816156,0.124052,0.000033
AGTCGGTTGCGTGAGA-1,0.000036,0.079667,0.034769,0.855806,0.029687,0.000036
AGTCGTATAAAGCAGA-1,0.000561,0.541888,0.321544,0.101487,0.034505,0.000015
AGTCGTGGGCATTACG-1,0.000017,0.631826,0.02121,0.346914,0.000017,0.000017
AGTCTAAAGTATACTC-1,0.000465,0.674841,0.012815,0.29042,0.000014,0.021445
AGTCTCACAAGACTAC-1,0.000027,0.462859,0.067443,0.410689,0.041323,0.017659
AGTCTGGACATCCTTG-1,0.000037,0.128909,0.117982,0.000147,0.000037,0.752888
AGTCTTCTCCTCAAAT-1,0.000365,0.788641,0.03796,0.168623,0.00001,0.004401
AGTCTTTAAAGTGTCC-1,0.000029,0.081717,0.528464,0.278847,0.104801,0.006142
AGTGAACAAACTTCTC-1,0.000662,0.37284,0.190138,0.336717,0.09818,0.001464
AGTGAAGATGGTGTCC-1,0.000031,0.692349,0.051109,0.085435,0.102207,0.068868
AGTGACCTACTTTACG-1,0.000097,0.00029,0.159951,0.761085,0.078482,0.000097
AGTGACTGTGACACAA-1,0.000482,0.692438,0.016009,0.288568,0.001579,0.000924
AGTGAGACTTCCAGTA-1,0.000028,0.412582,0.085524,0.45356,0.01029,0.038017
AGTGAGCCTCGCCGCC-1,0.00003,0.15466,0.022408,0.69149,0.073626,0.057787
AGTGAGGGTTTCTGAC-1,0.000109,0.107273,0.000217,0.000435,0.000109,0.891858
AGTGAGTCGAATTAAC-1,0.123778,0.317165,0.155141,0.000355,0.398561,0.004999
AGTGATATGAGTAGTT-1,0.000046,0.179831,0.481968,0.290154,0.019196,0.028805
AGTGATTCAAGCAGGA-1,0.000017,0.489264,0.025085,0.479719,0.000017,0.005898
AGTGCACGCTTAAGAA-1,0.000048,0.002032,0.327632,0.029498,0.640742,0.000048
AGTGCGTAGCTCGTAA-1,0.000034,0.203763,0.300116,0.384438,0.111614,0.000034
AGTGCTAAACACAGCA-1,0.00663,0.780835,0.033241,0.010451,0.145644,0.023199
AGTGCTTGCACGAATA-1,0.000759,0.512251,0.180212,0.264284,0.038823,0.003671
AGTGGCCCGCAAATGG-1,0.002787,0.452782,0.141365,0.398798,0.004252,0.000016
AGTGGCGGCAATTTGA-1,0.000021,0.69479,0.037773,0.175349,0.071512,0.020556
AGTGGCGTCTGAAGGT-1,0.000171,0.000513,0.017549,0.081548,0.900048,0.000171
AGTGGCTCCGTCGGCC-1,0.000839,0.465383,0.044367,0.446401,0.029327,0.013683
AGTGGGAGTATACACG-1,0.000078,0.031661,0.151851,0.025647,0.000078,0.790684
AGTGGTGTTACCCGTG-1,0.000014,0.501013,0.194951,0.289896,0.014112,0.000014
AGTGGTTGCGTATAGG-1,0.000079,0.000236,0.000157,0.000315,0.601681,0.397532
AGTGTATTGCGCATTG-1,0.000859,0.043136,0.001718,0.541293,0.000859,0.412134
AGTGTGCTAAGATCGC-1,0.000098,0.000294,0.000196,0.000393,0.319527,0.679491
AGTGTGGTCTATTGTG-1,0.002645,0.185242,0.017559,0.128322,0.321095,0.345138
AGTTAAACACTTGCGA-1,0.000026,0.422205,0.244203,0.322665,0.009171,0.00173
AGTTAAGCGGTCCCGG-1,0.00006,0.246718,0.035049,0.000238,0.060575,0.657361
AGTTAAGTCAACCGCT-1,0.001141,0.206737,0.00291,0.789184,0.000014,0.000014
AGTTACCCTTAAGACT-1,0.000055,0.153036,0.041553,0.007333,0.04512,0.752903
AGTTACCGCACATGGT-1,0.000042,0.060134,0.076563,0.000168,0.039818,0.823274
AGTTACTCTATCGTGG-1,0.000026,0.884822,0.000153,0.000105,0.000026,0.114868
AGTTATTCAGACTGTG-1,0.000036,0.536356,0.173054,0.245115,0.045404,0.000036
AGTTATTGAAAGGTAA-1,0.001457,0.413553,0.099099,0.000167,0.000042,0.485682
AGTTCACCGGTTGGAC-1,0.000091,0.000272,0.000181,0.000363,0.164196,0.834897
AGTTCCTACAGAATTA-1,0.000024,0.493016,0.044719,0.421082,0.009803,0.031356
AGTTCCTATTTATGTT-1,0.000129,0.000387,0.001792,0.788255,0.209308,0.000129
AGTTCTGCGTTGTATC-1,0.003284,0.128678,0.01621,0.000327,0.235227,0.616274
AGTTGACATCGGCTGG-1,0.000088,0.000263,0.000176,0.000351,0.014577,0.984545
AGTTGACGGTCCTTGC-1,0.00004,0.342626,0.017517,0.539204,0.100574,0.00004
AGTTGCGGTCCTCAAC-1,0.000035,0.186674,0.038695,0.405434,0.291842,0.077319
AGTTGCTGACTGATAT-1,0.000094,0.011841,0.000188,0.180089,0.02,0.787787
AGTTGGCAAGGCTAGA-1,0.175508,0.000391,0.000261,0.066001,0.757708,0.00013
AGTTTATGTAAAGACA-1,0.000832,0.54709,0.058022,0.307454,0.044354,0.042247
AGTTTCGCAGGTCGGA-1,0.012032,0.176503,0.134386,0.000455,0.04387,0.632754
AGTTTGCACCTGCCTC-1,0.000134,0.000403,0.11176,0.25441,0.63316,0.000134
AGTTTGGCACGGGTTG-1,0.000049,0.068941,0.505018,0.339816,0.086127,0.000049
AGTTTGGCCAGACCTA-1,0.000039,0.005057,0.000078,0.813329,0.172029,0.009468
ATAAACCATTGGACGG-1,0.000053,0.059146,0.000588,0.110921,0.176196,0.653096
ATAAACGGACCCGTAA-1,0.000042,0.098669,0.42228,0.285135,0.176885,0.016988
ATAAAGGCTCGGTCGT-1,0.000019,0.649722,0.177904,0.172185,0.000151,0.000019
ATAAAGGTCAAGTACG-1,0.000092,0.01898,0.035566,0.220763,0.031913,0.692684
ATAAATATTAGCAGCT-1,0.000017,0.380041,0.018899,0.561723,0.020675,0.018645
ATAACGCCGGAGGGTC-1,0.000019,0.414738,0.102021,0.469681,0.013521,0.000019
ATAACGGAGTCCAACG-1,0.000016,0.596832,0.019119,0.34741,0.035584,0.001038
ATAACGTTACCTCCAC-1,0.002817,0.162549,0.000159,0.000319,0.00008,0.834075
ATAAGCAAACACCGAG-1,0.000184,0.16513,0.000367,0.000734,0.000184,0.833401
ATAAGGTGGAGAACAT-1,0.000078,0.269981,0.17582,0.089189,0.431073,0.033859
ATAAGTACCCGATTGT-1,0.000106,0.257326,0.000212,0.000425,0.000106,0.741825
ATAAGTAGGATTCAGA-1,0.000841,0.512898,0.10428,0.301367,0.0414,0.039214
ATAAGTAGGGCGACTC-1,0.000025,0.287778,0.217932,0.350118,0.110015,0.034133
ATAAGTTACCGCGACG-1,0.000057,0.200695,0.315626,0.357237,0.126329,0.000057
ATAATACCGTTAGCCG-1,0.014898,0.105665,0.065846,0.000196,0.189153,0.624241
ATAATAGCTGTTGAAT-1,0.000086,0.375821,0.309286,0.077207,0.198147,0.039452
ATAATAGTGTAGGGAC-1,0.000061,0.103419,0.005329,0.114101,0.392752,0.384338
ATAATCTTGGAGAACC-1,0.000073,0.000219,0.066177,0.460969,0.472489,0.000073
ATAATTAGCTAAGTAG-1,0.000793,0.509306,0.242352,0.210642,0.021036,0.015872
ATACAGCGTCCACTGA-1,0.000332,0.108461,0.000664,0.001328,0.000332,0.888883
ATACAGGCCCTCCAAT-1,0.00013,0.000389,0.240012,0.283188,0.390274,0.086007
ATACCACGGGCAACTT-1,0.000017,0.426126,0.016685,0.557138,0.000017,0.000017
ATACCAGCAAATTGCT-1,0.000092,0.021312,0.000183,0.082554,0.157341,0.738518
ATACCAGGCTAATAGA-1,0.039306,0.211343,0.200763,0.000195,0.045677,0.502715
ATACCAGGTGAGCGAT-1,0.000067,0.000201,0.025077,0.076086,0.022933,0.875636
ATACCCTCCCGGCCAA-1,0.000029,0.156535,0.050394,0.039724,0.019205,0.734112
ATACCCTGGCTCAAAT-1,0.000078,0.000234,0.000156,0.137185,0.149225,0.713123
ATACCGTCATCCATAA-1,0.000099,0.522994,0.030772,0.000396,0.000099,0.44564
ATACCTAACCAAGAAA-1,0.000644,0.560774,0.244835,0.175819,0.01791,0.000018
ATACGAAGGCTTTCCA-1,0.000021,0.207437,0.097285,0.604182,0.064811,0.026265
ATACGACAGATGGGTA-1,0.002977,0.701742,0.000053,0.000106,0.000026,0.295096
ATACGAGGTTTGTAAG-1,0.000019,0.478219,0.089716,0.357135,0.037854,0.037057
ATACGCCGATCTACCG-1,0.000117,0.000351,0.000234,0.000468,0.370808,0.628021
ATACGCCGGCGAAACC-1,0.001035,0.740941,0.175397,0.082088,0.000527,0.000012
ATACGGAACGTCGTTT-1,0.003239,0.369632,0.030121,0.50495,0.088728,0.003329
ATACGGGTTTCGATTG-1,0.000061,0.267699,0.059408,0.429867,0.22875,0.014216
ATACGGTGAAGATGCA-1,0.000033,0.218172,0.082139,0.38605,0.224049,0.089557
ATACGTCCACTCCTGT-1,0.000017,0.642758,0.343483,0.013709,0.000017,0.000017
ATACGTTATGCACGGA-1,0.000019,0.917102,0.060793,0.022049,0.000019,0.000019
ATACTACCCGTACCAC-1,0.7085,0.210177,0.000347,0.000694,0.000174,0.080108
ATACTAGCATGACCCT-1,0.000017,0.704785,0.106862,0.101956,0.033846,0.052533
ATACTCTCGCCACTCT-1,0.000092,0.115944,0.000184,0.005516,0.000092,0.878172
ATACTTGTTCTCGAGC-1,0.000102,0.000305,0.000203,0.051865,0.487763,0.459762
ATAGACAACGGGACCT-1,0.000663,0.548992,0.058912,0.356022,0.008626,0.026785
ATAGACGAAGAGAAAG-1,0.000559,0.516346,0.150266,0.276159,0.048389,0.00828
ATAGAGTACTGGGACA-1,0.000724,0.372721,0.056114,0.486457,0.080107,0.003878
ATAGAGTTATCAACTT-1,0.000032,0.580029,0.009669,0.335037,0.04467,0.030563
ATAGATTTGCAGTCGG-1,0.000099,0.000297,0.000198,0.069719,0.230484,0.699203
ATAGCAACTAGGGAAG-1,0.738801,0.000312,0.017921,0.047289,0.154916,0.040762
ATAGCCATAACAGTCA-1,0.000082,0.000247,0.364127,0.027028,0.608434,0.000082
ATAGCCTCAGTACCCA-1,0.000051,0.000154,0.004512,0.0875,0.034785,0.872996
ATAGCTGCTCTTGTTA-1,0.000073,0.009435,0.000146,0.162503,0.046199,0.781644
ATAGGAATCTAAGCTT-1,0.000916,0.002747,0.162035,0.003663,0.226454,0.604185
ATAGGCGGCTATAGAA-1,0.000025,0.107315,0.04362,0.812262,0.026437,0.010341
ATAGGCTAGCTTCGCA-1,0.000426,0.623181,0.104313,0.243866,0.002507,0.025706
ATAGGGATATCCTTGA-1,0.000012,0.667307,0.137401,0.174722,0.000012,0.020546
ATAGGTTGGGCAGATG-1,0.000043,0.003638,0.076158,0.782649,0.095091,0.042421
ATAGTCTTTGACGTGC-1,0.000158,0.000474,0.000316,0.000631,0.144527,0.853895
ATAGTGAAGCGTTCTC-1,0.000077,0.13079,0.255099,0.089355,0.524602,0.000077
ATAGTTCCACCCACTC-1,0.000011,0.835763,0.003804,0.1604,0.000011,0.000011
ATATAAAGCGCTCGTG-1,0.000051,0.066626,0.502107,0.243356,0.18781,0.000051
ATATAACACGGGCGCA-1,0.000131,0.157144,0.104199,0.007647,0.730747,0.000131
ATATACATGTATGGTA-1,0.000088,0.000265,0.000176,0.180278,0.633773,0.18542
ATATACGCTCGTGACG-1,0.521051,0.145719,0.177199,0.009397,0.107922,0.038713
ATATAGAGTATTGGTC-1,0.000022,0.335127,0.113408,0.511125,0.022053,0.018266
ATATCAACCTACAGAG-1,0.000012,0.54135,0.028071,0.413104,0.008966,0.008498
ATATCAATTCCAGCCT-1,0.000472,0.625604,0.031321,0.200689,0.123915,0.017999
ATATCGGTAGGGAGAT-1,0.000023,0.18647,0.065924,0.668508,0.067907,0.011169
ATATCGTGCCAGACCC-1,0.000097,0.000292,0.000194,0.040791,0.222416,0.73621
ATATCTCCCTCGTTAA-1,0.000043,0.356817,0.012882,0.072368,0.128886,0.429004
ATATCTTAGGGCCTTC-1,0.00005,0.184879,0.325868,0.484016,0.005137,0.00005
ATATGGGATAGCAACT-1,0.000666,0.265459,0.124446,0.597974,0.000163,0.011292
ATATGTCTAGAGCGTG-1,0.000011,0.477018,0.042297,0.450497,0.018789,0.011387
ATATGTCTCCCTAGCC-1,0.000031,0.234674,0.02906,0.702591,0.031512,0.002132
ATATGTGCACAAACCA-1,0.000809,0.155038,0.001618,0.003236,0.000809,0.838489
ATATTATCCCGTATTT-1,0.000059,0.12039,0.073642,0.182511,0.011306,0.612092
ATATTCAGTTAAACCT-1,0.000032,0.239911,0.113266,0.604784,0.041975,0.000032
ATATTCCACATAGTGA-1,0.000122,0.362782,0.092056,0.000489,0.495995,0.048555
ATATTCCCACAGGTCA-1,0.000087,0.201577,0.004451,0.000348,0.208856,0.584682
ATATTGCTGTCAAAGT-1,0.000057,0.105707,0.077956,0.025845,0.591492,0.198943
ATATTTAACCCTCAAG-1,0.000029,0.25798,0.044412,0.622495,0.070043,0.005041
ATCAAACACTGTTCCA-1,0.00001,0.713051,0.248242,0.035154,0.00001,0.003534
ATCAAACGAAGGTTTG-1,0.000029,0.1721,0.04818,0.694609,0.036718,0.048364
ATCAAAGAGCCGTGGT-1,0.00002,0.114467,0.048133,0.773741,0.025014,0.038625
ATCAAGATCCCAGGAC-1,0.000038,0.170611,0.105063,0.587723,0.132161,0.004405
ATCAATCTGGGCTGCA-1,0.000029,0.530641,0.050434,0.33687,0.080874,0.001152
ATCAATGCCGTGGCTG-1,0.000037,0.069426,0.000074,0.755425,0.175002,0.000037
ATCACATTAGAATATC-1,0.000026,0.368424,0.136173,0.173616,0.239729,0.082031
ATCACGTGCTAATTAA-1,0.000442,0.513126,0.116517,0.360166,0.000369,0.009381
ATCACTTCATCCTCGC-1,0.000036,0.314899,0.027496,0.447504,0.210028,0.000036
ATCAGAAGCTGGTTGC-1,0.000093,0.00028,0.000187,0.088656,0.192334,0.71845
ATCAGACGGCACGCCG-1,0.000041,0.617614,0.003312,0.36924,0.009751,0.000041
ATCAGCTCGTCCACTA-1,0.000047,0.217659,0.000095,0.639869,0.142283,0.000047
ATCAGGTAGCTGACAG-1,0.000029,0.748497,0.103563,0.102036,0.019317,0.026559
ATCAGGTCGCCATTGC-1,0.000131,0.096167,0.000262,0.000525,0.018568,0.884346
ATCAGTAGGCAGGGAT-1,0.000032,0.604932,0.047501,0.294901,0.031592,0.02104
ATCATAGATCGACGAG-1,0.000018,0.374968,0.065021,0.551535,0.008439,0.000018
ATCATAGCCCTATGTA-1,0.166868,0.47375,0.237111,0.041407,0.0408,0.040063
ATCATCCAATATTTGT-1,0.000042,0.34535,0.348199,0.25121,0.055157,0.000042
ATCATCTGCCCAGTGT-1,0.000061,0.07562,0.080936,0.074349,0.017154,0.75188
ATCATGGACTACCGAC-1,0.00002,0.327725,0.24613,0.407797,0.018308,0.00002
ATCATTGTACCGCATT-1,0.000068,0.000203,0.000136,0.104411,0.407178,0.488004
ATCCAACGCAGTCATA-1,0.000032,0.307361,0.121869,0.47293,0.068166,0.029643
ATCCAATGGAGGGTCC-1,0.000028,0.31251,0.044302,0.56773,0.069621,0.00581
ATCCAATGGTACCGAA-1,0.000031,0.251341,0.018913,0.121766,0.325198,0.282751
ATCCACATCGACAGAA-1,0.00124,0.207533,0.537899,0.214965,0.038333,0.000029
ATCCACGCTAAATGTT-1,0.000071,0.229285,0.099155,0.037449,0.015087,0.618954
ATCCACTTTCAGACTA-1,0.000201,0.110011,0.251953,0.000803,0.000201,0.636831
ATCCAGAGCAACAACC-1,0.000426,0.422484,0.454395,0.096839,0.020882,0.004974
ATCCAGGATTCGTGAA-1,0.000044,0.342354,0.288268,0.332757,0.036533,0.000044
ATCCCATCCACAGCGC-1,0.000035,0.118533,0.129728,0.543143,0.205916,0.002644
ATCCCATTTCCGTGGG-1,0.000067,0.000202,0.000135,0.91245,0.087078,0.000067
ATCCGGACCAGCCTGA-1,0.123229,0.121063,0.229513,0.000359,0.52455,0.001285
ATCCTACCTAAGCTCT-1,0.000055,0.272068,0.100097,0.388734,0.238991,0.000055
ATCCTGAATCGCTGCG-1,0.000042,0.103365,0.009925,0.755975,0.13065,0.000042
ATCCTGCGTGGAATGG-1,0.000034,0.327786,0.431991,0.213799,0.026356,0.000034
ATCCTGCTGCAGATAG-1,0.000107,0.000322,0.000215,0.108057,0.108596,0.782703
ATCCTTCTGAAAGAAC-1,0.000008,0.785708,0.1417,0.072567,0.000008,0.000008
ATCGACCCAATACAGA-1,0.000035,0.145548,0.374449,0.000139,0.479794,0.000035
ATCGACTCTTTCCGTT-1,0.000017,0.416223,0.066373,0.505818,0.000017,0.011552
ATCGCACGATTGTTCA-1,0.000124,0.028915,0.000248,0.228225,0.000124,0.742364
ATCGCACGCCGGGAGA-1,0.000021,0.21598,0.457264,0.27495,0.04864,0.003145
ATCGCCAGTCAACATT-1,0.000015,0.772503,0.100494,0.120276,0.000015,0.006697
ATCGCCGTGGTTCATG-1,0.000274,0.000822,0.000548,0.001097,0.996985,0.000274
ATCGCTGCGTGCAGCA-1,0.000023,0.766079,0.060309,0.130446,0.043121,0.000023
ATCGCTTTACGTCTCA-1,0.000021,0.415025,0.176827,0.382328,0.000021,0.025779
ATCGGAGACAGACGGC-1,0.000087,0.330742,0.026235,0.000349,0.514866,0.12772
ATCGGCAAGCAGTCCA-1,0.000887,0.00266,0.549027,0.003546,0.101402,0.342479
ATCGGTTACCTAGTAA-1,0.000053,0.217772,0.004147,0.056253,0.214816,0.506959
ATCGTATTCCGAGAAC-1,0.000045,0.169031,0.00009,0.007993,0.000045,0.822797
ATCGTCCAATCGAGTC-1,0.000082,0.000245,0.000163,0.000326,0.221398,0.777786
ATCGTGGAAAGTCTGG-1,0.000013,0.457311,0.035859,0.447376,0.041733,0.017709
ATCGTTCACTTTCGCC-1,0.000131,0.000392,0.03587,0.061128,0.000131,0.902348
ATCTAACGTCCCTATG-1,0.000105,0.006535,0.000209,0.120053,0.229929,0.64317
ATCTAATATCCTACGG-1,0.000096,0.015955,0.340897,0.065,0.577956,0.000096
ATCTACCATCTGCTCC-1,0.000028,0.432305,0.320034,0.22409,0.023515,0.000028
ATCTAGCTTGTGAGGG-1,0.000047,0.091138,0.370045,0.374387,0.158826,0.005557
ATCTATCGATGATCAA-1,0.000135,0.065394,0.000271,0.124752,0.171486,0.637962
ATCTCATAAACCTACC-1,0.004444,0.030175,0.012297,0.094308,0.156937,0.701839
ATCTCCCACGGAATAT-1,0.430444,0.421727,0.004304,0.000411,0.097692,0.045422
ATCTCCCTGCAATCTA-1,0.000059,0.21965,0.112976,0.029799,0.352791,0.284725
ATCTCGTGAGCGAAAC-1,0.00002,0.318559,0.247385,0.402841,0.031174,0.00002
ATCTGACATGGAAGGA-1,0.00103,0.110512,0.046331,0.714591,0.115595,0.011942
ATCTGATAGTGTCTTA-1,0.000064,0.070463,0.024885,0.147892,0.07186,0.684836
ATCTGCACCTCTGCGA-1,0.003222,0.28638,0.256868,0.322539,0.122629,0.008363
ATCTGCTGTTATCGCC-1,0.000046,0.125305,0.039469,0.761574,0.073559,0.000046
ATCTGGGCTGTTCTTG-1,0.000036,0.565397,0.247085,0.183511,0.003936,0.000036
ATCTGGTTAAGACTGT-1,0.000015,0.653363,0.159526,0.187064,0.000015,0.000015
ATCTGTAATTGTACCC-1,0.000085,0.204324,0.00017,0.180998,0.081103,0.53332
ATCTTAGGGCATTAAT-1,0.00004,0.290926,0.081511,0.225421,0.24909,0.153011
ATCTTATCGCACACCC-1,0.979462,0.000479,0.000319,0.000639,0.00016,0.018941
ATCTTGACCTGCAACG-1,0.000025,0.291483,0.073484,0.587515,0.041096,0.006397
ATCTTGACTTGTCCAA-1,0.00001,0.909352,0.00145,0.089169,0.00001,0.00001
ATCTTTCGTATAACCA-1,0.000156,0.893833,0.01068,0.081289,0.000013,0.01403
ATGAAGCCAAGGAGCC-1,0.000019,0.380715,0.024328,0.523873,0.071045,0.000019
ATGAAGTGGACCCAGC-1,0.000074,0.000222,0.000148,0.000296,0.160782,0.838479
ATGACGCCGGCTCTAA-1,0.000054,0.25835,0.013592,0.306695,0.277642,0.143667
ATGACGCGTTCTATCC-1,0.000017,0.620644,0.079103,0.300204,0.000017,0.000017
ATGACTATCAGCTGTG-1,0.000037,0.184349,0.006476,0.699491,0.108152,0.001494
ATGACTATGCGACATT-1,0.000029,0.257815,0.589945,0.098436,0.053746,0.000029
ATGAGGAGTGTTAATC-1,0.000012,0.774436,0.093747,0.099418,0.000318,0.032068
ATGAGGGCAGCGGCTA-1,0.000019,0.418323,0.10307,0.442258,0.036311,0.000019
ATGATCGGGAATAGAC-1,0.000059,0.000182,0.000118,0.426385,0.420516,0.152739
ATGATGCAATGGTACA-1,0.000042,0.19395,0.269274,0.497855,0.024569,0.014309
ATGCACCTTCCTTAAT-1,0.000047,0.000141,0.00161,0.078359,0.172079,0.747764
ATGCACGCGCTGTTCA-1,0.00004,0.187784,0.009396,0.5052,0.278224,0.019356
ATGCACTACCGCATTG-1,0.000038,0.164001,0.152599,0.582993,0.083829,0.01654
ATGCATGATCCAGGAT-1,0.000014,0.706284,0.145724,0.13671,0.001074,0.010194
ATGCATTCCGTGATGG-1,0.000134,0.000401,0.000267,0.035479,0.13051,0.833209
ATGCCAATCGCTCTGC-1,0.000115,0.000345,0.106626,0.00046,0.000115,0.892338
ATGCCATTTGCGACCA-1,0.00004,0.368063,0.171005,0.343808,0.117043,0.00004
ATGCCGGTCTTGCATA-1,0.000026,0.213662,0.161374,0.582243,0.016602,0.026093
ATGCCGGTTGATGGGA-1,0.000025,0.585375,0.035577,0.076718,0.210225,0.09208
ATGCGACAATTGGTCC-1,0.000131,0.000394,0.053339,0.111566,0.043159,0.79141
ATGCGACAGTCCCATT-1,0.00003,0.328514,0.101407,0.533011,0.037008,0.00003
ATGCGAGTCCCACCAC-1,0.001022,0.336038,0.349175,0.243498,0.07024,0.000027
ATGCTCAGTGTTGCAT-1,0.000048,0.175123,0.021001,0.405044,0.30356,0.095225
ATGCTCTGGCGCGGTA-1,0.000127,0.00038,0.337247,0.087672,0.574447,0.000127
ATGGAAATTTAAGGAG-1,0.00288,0.109722,0.063772,0.587426,0.167077,0.069124
ATGGAACAGAATAAAC-1,0.000074,0.039055,0.044764,0.166902,0.094867,0.654338
ATGGAACCTTTGCACA-1,0.000018,0.390709,0.195716,0.319358,0.074017,0.020183
ATGGACTGCTTAGTTG-1,0.000015,0.556839,0.016366,0.42675,0.000015,0.000015
ATGGAGCAGGCCGTGA-1,0.000015,0.239485,0.711867,0.048136,0.000015,0.000482
ATGGATCCGGCGTCCG-1,0.0116,0.285331,0.10182,0.241374,0.255349,0.104525
ATGGATTGACCAAACG-1,0.000022,0.241445,0.113874,0.517468,0.109677,0.017515
ATGGCAGCATTACGAT-1,0.001416,0.477736,0.063143,0.365642,0.092045,0.000018
ATGGCAGCCGAGAAAC-1,0.000035,0.014815,0.002281,0.296499,0.496529,0.189841
ATGGCCCGAAAGGTTA-1,0.000089,0.000268,0.016765,0.195178,0.78761,0.000089
ATGGCGGAATAGTCGC-1,0.001493,0.322878,0.237862,0.360563,0.050184,0.02702
ATGGCTGGAAATGGCC-1,0.000076,0.034322,0.000152,0.000304,0.017665,0.947481
ATGGGAACGGAAGCGG-1,0.008819,0.064016,0.000151,0.022698,0.079826,0.82449
ATGGGACCTGCTGAAC-1,0.000024,0.089288,0.089165,0.768329,0.04264,0.010554
ATGGGCCTCGGCCTCT-1,0.000017,0.968003,0.026114,0.005833,0.000017,0.000017
ATGGGTGTATACCTCC-1,0.000037,0.256472,0.03201,0.607027,0.104416,0.000037
ATGGTATTGGGAACCG-1,0.001616,0.331109,0.017491,0.603821,0.038466,0.007498
ATGGTATTTACTGATT-1,0.003035,0.214631,0.081596,0.433442,0.228369,0.038927
ATGGTCGCGTGGTTTC-1,0.000043,0.562323,0.198794,0.133219,0.094838,0.010783
ATGGTGCTCAAAGCCA-1,0.000056,0.010501,0.124786,0.054743,0.046788,0.763125
ATGGTTACGAAACATG-1,0.004774,0.122624,0.000326,0.000651,0.000163,0.871463
ATGTAAGGCTGCTCTT-1,0.000014,0.739151,0.034131,0.217563,0.000014,0.009126
ATGTACATGCGGTGAG-1,0.067032,0.405209,0.029925,0.000496,0.477985,0.019353
ATGTACGATGACGTCG-1,0.001409,0.208302,0.046459,0.632684,0.110761,0.000386
ATGTAGCGCGCGTAGG-1,0.000016,0.702521,0.073237,0.216982,0.007228,0.000016
ATGTCATAATAAACGA-1,0.000295,0.309251,0.015895,0.655243,0.000579,0.018735
ATGTCATTTCCCATTG-1,0.000065,0.000195,0.00013,0.132498,0.247848,0.619264
ATGTCTTGTTTGACTC-1,0.000025,0.453928,0.019478,0.508562,0.0089,0.009107
ATGTGAAAGCCTAATG-1,0.000027,0.364369,0.070792,0.47257,0.071634,0.020608
ATGTGCATCCGACGCA-1,0.001824,0.74859,0.005646,0.219854,0.024065,0.00002
ATGTGGACATCTTGAT-1,0.000113,0.072612,0.206574,0.084493,0.636095,0.000113
ATGTGTAGTTTAGTCA-1,0.000126,0.145146,0.086436,0.000502,0.159429,0.608361
ATGTTACGAGCAATAC-1,0.001977,0.14134,0.019814,0.00025,0.073875,0.762743
ATGTTCCTGCCCACCT-1,0.000061,0.000183,0.160024,0.040393,0.068303,0.731036
ATGTTCGTCGACCCAC-1,0.002158,0.337123,0.075779,0.420746,0.149777,0.014418
ATGTTGATTAGAGACT-1,0.001764,0.331386,0.28815,0.135252,0.243397,0.000051
ATGTTGTAGTCTGTTT-1,0.000051,0.057236,0.065107,0.764947,0.069991,0.042668
ATGTTTCGGCCCGGAG-1,0.26328,0.559746,0.05483,0.108533,0.000026,0.013586
ATGTTTGTAAGATCAT-1,0.00618,0.201827,0.006606,0.000237,0.000059,0.785091
ATTAAACATGCGGACC-1,0.000081,0.000244,0.349104,0.081594,0.568896,0.000081
ATTAAAGCGGACGAGC-1,0.000104,0.000311,0.000207,0.000414,0.142651,0.856314
ATTAACACCTGAGATA-1,0.001686,0.007813,0.094519,0.071781,0.128233,0.695967
ATTAATACTACGCGGG-1,0.000013,0.752107,0.08429,0.148787,0.008166,0.006637
ATTAATGAACCAGTCG-1,0.00001,0.812498,0.01198,0.16878,0.00001,0.006721
ATTAATTCGGTCACTC-1,0.000055,0.352686,0.008554,0.000219,0.000055,0.638431
ATTACAACTACCGGCC-1,0.005089,0.276325,0.000217,0.000271,0.000068,0.718031
ATTACATGTCAGTCTT-1,0.000049,0.054025,0.574204,0.178229,0.193444,0.000049
ATTACCACACTGCCTG-1,0.000021,0.4523,0.445644,0.101995,0.000021,0.000021
ATTACGACTCCACAGT-1,0.000031,0.554779,0.212123,0.010382,0.101511,0.121174
ATTACGCGCTGGCAGG-1,0.00001,0.787494,0.001925,0.21055,0.00001,0.00001
ATTACGGGCTACGGTT-1,0.000887,0.00266,0.177696,0.003546,0.367866,0.447345
ATTACTAGCCTCTTGC-1,0.000663,0.690449,0.08843,0.086806,0.089746,0.043907
ATTACTTACTGGGCAT-1,0.000036,0.679672,0.107778,0.154109,0.007698,0.050708
ATTAGATTCCTCAGCA-1,0.000019,0.495504,0.07975,0.389966,0.012207,0.022555
ATTAGATTGATAGCGG-1,0.000025,0.521852,0.050484,0.314722,0.112892,0.000025
ATTAGGCGATGCTTTC-1,0.00004,0.274305,0.277379,0.438188,0.002843,0.007244
ATTATACTTTGCTCGT-1,0.000059,0.298629,0.139843,0.03471,0.411632,0.115127
ATTATAGCTACTTTAC-1,0.000029,0.544243,0.119227,0.228235,0.058386,0.049881
ATTATCGGAATGTACG-1,0.000034,0.138725,0.050782,0.71953,0.053383,0.037545
ATTATCTCGACAGATC-1,0.00392,0.000363,0.056291,0.135711,0.001165,0.802549
ATTATGAGACCCAATT-1,0.000017,0.73222,0.08934,0.152437,0.014442,0.011543
ATTATGCCATAGGGAG-1,0.000041,0.412507,0.164655,0.223257,0.085769,0.113771
ATTATGCTCAGTATTG-1,0.000211,0.151545,0.000422,0.000844,0.280874,0.566104
ATTATTATGTCCGTCA-1,0.00004,0.242854,0.115541,0.623718,0.017807,0.00004
ATTATTCAGAGTCACT-1,0.027058,0.000656,0.408412,0.000875,0.562781,0.000219
ATTCAAAGTACCTGTT-1,0.000082,0.000245,0.000163,0.127099,0.307584,0.564827
ATTCACTGATGTTGGA-1,0.000124,0.000372,0.521812,0.041701,0.435867,0.000124
ATTCAGATGAATCCCT-1,0.000054,0.179963,0.001757,0.00029,0.056271,0.761665
ATTCAGGACCTATTTC-1,0.00021,0.419297,0.00042,0.331861,0.080247,0.167965
ATTCAGGATCGCCTCT-1,0.005291,0.000208,0.013822,0.000277,0.156315,0.824087
ATTCAGTAGCAGGGTC-1,0.000031,0.44804,0.020448,0.464402,0.060131,0.006947
ATTCATATACTGTCCA-1,0.000127,0.000381,0.214794,0.39744,0.387131,0.000127
ATTCATCGTTGAGGCA-1,0.000257,0.000772,0.441277,0.001029,0.462225,0.094441
ATTCCCACATAAACAA-1,0.000033,0.035252,0.003931,0.49635,0.427456,0.036978
ATTCCCGAAGGTACAG-1,0.000041,0.096016,0.019443,0.014225,0.137192,0.733084
ATTCCTAAGACGTGGA-1,0.000154,0.047146,0.000308,0.148198,0.000154,0.80404
ATTCCTCCGCCAGTGC-1,0.000019,0.622838,0.045962,0.274358,0.046246,0.010578
ATTCCTTCCAGGCGGT-1,0.000115,0.000344,0.000229,0.103013,0.15838,0.73792
ATTCGACGCCGGGCCT-1,0.000028,0.482303,0.01529,0.502321,0.000028,0.000028
ATTCGCAGAGGACACT-1,0.000073,0.495801,0.070011,0.000294,0.053368,0.380453
ATTCGCGCCTTGAGAG-1,0.998656,0.000367,0.000244,0.000489,0.000122,0.000122
ATTCGTCCCGAGGTTA-1,0.000104,0.000313,0.4363,0.036916,0.526263,0.000104
ATTCGTGCTATCTCTT-1,0.000022,0.686912,0.11282,0.200201,0.000022,0.000022
ATTCGTGTACCCATTC-1,0.000058,0.060501,0.001665,0.662048,0.275669,0.000058
ATTCGTTTATCGTATT-1,0.000029,0.748566,0.228595,0.022751,0.000029,0.000029
ATTCTCGTCTCTTTAG-1,0.000068,0.037387,0.21522,0.000273,0.000068,0.746983
ATTCTGAGTATGAACT-1,0.003837,0.200048,0.000161,0.000323,0.000081,0.79555
ATTCTTCGTACTTATG-1,0.002678,0.148115,0.088475,0.186869,0.002147,0.571716
ATTGAAGATCTTAGTG-1,0.000039,0.285133,0.133382,0.535717,0.045689,0.000039
ATTGAATTCCCTGTAG-1,0.000119,0.000357,0.201876,0.062632,0.734897,0.000119
ATTGACCGGCGATGAC-1,0.000441,0.242636,0.258261,0.235372,0.262849,0.000441
ATTGACGTAACTCGGT-1,0.000143,0.077935,0.023308,0.024238,0.170505,0.703872
ATTGATAGCAACGAGA-1,0.000077,0.059192,0.061263,0.061404,0.066622,0.751442
ATTGATCACCACATTT-1,0.001937,0.461407,0.09922,0.357804,0.032225,0.047408
ATTGATGAGTCCTAAC-1,0.005499,0.192091,0.056316,0.647871,0.061907,0.036315
ATTGCCTATTAGACCG-1,0.000031,0.393232,0.058065,0.489182,0.059459,0.000031
ATTGCCTTTATGTTTG-1,0.000082,0.000843,0.453043,0.157766,0.388183,0.000082
ATTGCGATCAGTAACT-1,0.000058,0.092442,0.229182,0.268924,0.409337,0.000058
ATTGCTGCTCCTCCAT-1,0.000045,0.299569,0.10384,0.560293,0.036209,0.000045
ATTGGATTACAGCGTA-1,0.009663,0.064957,0.323836,0.196195,0.405179,0.000171
ATTGGGAATATCTTGG-1,0.000097,0.103746,0.085519,0.040696,0.024107,0.745835
ATTGGGAGTTCTGTAA-1,0.056902,0.273985,0.014812,0.000546,0.001333,0.652421
ATTGGTAGGATCCGCT-1,0.000091,0.000272,0.063043,0.000362,0.172992,0.763241
ATTGGTTGTGCATTAC-1,0.004676,0.232459,0.251002,0.437791,0.074022,0.000049
ATTGTACAACTCGGCT-1,0.000019,0.523547,0.152721,0.307114,0.014137,0.002462
ATTGTCGCAATACCTT-1,0.000119,0.206372,0.000237,0.000474,0.101878,0.69092
ATTGTCTGTTTCATGT-1,0.000043,0.03266,0.034664,0.807248,0.116509,0.008875
ATTGTGACTTCGCTGC-1,0.000165,0.000494,0.000329,0.000659,0.123964,0.874389
ATTGTTCAACGATCCG-1,0.000044,0.243097,0.645526,0.015192,0.080666,0.015475
ATTTAACTCGTATTAC-1,0.000111,0.000334,0.000223,0.0307,0.456831,0.511801
ATTTACAGTTTACTGG-1,0.00002,0.723872,0.109275,0.14566,0.00002,0.021153
ATTTACTAAGTCCATT-1,0.000019,0.668669,0.086084,0.243623,0.000454,0.001151
ATTTATACTGGTAAAG-1,0.000014,0.325922,0.105319,0.546147,0.008556,0.014042
ATTTCATTATTTCGCG-1,0.000087,0.346946,0.000175,0.154534,0.000087,0.498171
ATTTCCGGGTTCTGCG-1,0.000058,0.215536,0.095141,0.546888,0.142319,0.000058
ATTTGCCTAGTTACGA-1,0.000043,0.161832,0.098598,0.0133,0.02645,0.699777
ATTTGCGCGAGTAGCT-1,0.000028,0.122875,0.152115,0.655433,0.061613,0.007937
ATTTGGAGATTGCGGT-1,0.00011,0.00033,0.00022,0.047872,0.590466,0.361002
ATTTGTCTTGGGAGCT-1,0.000024,0.644273,0.203376,0.147752,0.004551,0.000024
ATTTGTTCCAGGGCTC-1,0.000764,0.923982,0.026816,0.045439,0.00001,0.002988
CAAACCAGGTCTGCAT-1,0.000042,0.000126,0.000084,0.035206,0.067619,0.896922
CAAACCATAAGCGTAT-1,0.000014,0.423734,0.147288,0.332431,0.088344,0.00819
CAAACCCTCCGGCGGG-1,0.000024,0.050131,0.065156,0.766321,0.118344,0.000024
CAAACGAGTATCGCAG-1,0.000018,0.66749,0.146979,0.163576,0.02192,0.000018
CAAACGGTCGCACTTT-1,0.000024,0.314536,0.017123,0.644815,0.008154,0.015347
CAAACGTGGTCTTGCG-1,0.000053,0.000158,0.019512,0.00021,0.000053,0.980014
CAAACTACGATAGAGA-1,0.000079,0.101023,0.049742,0.005102,0.288239,0.555815
CAAACTATTGAGCTTC-1,0.000087,0.121977,0.000174,0.116113,0.000087,0.761563
CAAACTCGCGACGCCG-1,0.000014,0.292827,0.285152,0.388221,0.033772,0.000014
CAAAGATTATTGGGCC-1,0.00002,0.307834,0.053608,0.586043,0.026982,0.025513
CAAAGGTCATCTGAAA-1,0.000351,0.563306,0.307613,0.128425,0.00001,0.000295
CAAAGGTTAAATTCAG-1,0.00004,0.350175,0.059329,0.002912,0.00088,0.586664
CAAAGTCAGGTTAGCT-1,0.002743,0.000223,0.000148,0.000297,0.224275,0.772315
CAAATCTCTCACAAGG-1,0.000027,0.029032,0.000054,0.889526,0.081335,0.000027
CAAATGCGGAGTGTTC-1,0.000065,0.000195,0.00013,0.00026,0.116856,0.882494
CAAATGTCCTTCCGTG-1,0.000047,0.137277,0.678329,0.138187,0.046115,0.000047
CAAATTGGATTATGCC-1,0.000142,0.438923,0.231285,0.021113,0.27833,0.030208
CAAATTGTCAGCAAGC-1,0.000046,0.281169,0.009156,0.000184,0.000046,0.7094
CAACACATCTCCTGCC-1,0.000017,0.476119,0.088887,0.385034,0.037963,0.01198
CAACAGAATAACGCTA-1,0.000038,0.034941,0.062406,0.097257,0.07957,0.725789
CAACAGTGCCAAACGG-1,0.000019,0.000057,0.765364,0.000076,0.000019,0.234466
CAACATGGCCTGATAA-1,0.00007,0.000211,0.000141,0.057101,0.153463,0.789015
CAACCGCACCTAGACA-1,0.000093,0.000278,0.000185,0.000371,0.177496,0.821577
CAACCTACCGAGCAGT-1,0.998828,0.00032,0.000213,0.000426,0.000107,0.000107
CAACCTGAACCTGCCA-1,0.000995,0.703872,0.098928,0.168262,0.00382,0.024124
CAACGACCCGTTTACA-1,0.000758,0.407207,0.144799,0.344612,0.038221,0.064403
CAACGAGCTTATTATG-1,0.000037,0.252982,0.119077,0.12538,0.172746,0.329778
CAACGATCGATCCAAT-1,0.005788,0.224945,0.001074,0.000562,0.76749,0.000141
CAACGCGATGAGCCAA-1,0.00136,0.440621,0.053946,0.380871,0.087208,0.035994
CAACGGTTCTTGATAC-1,0.000018,0.735126,0.063656,0.107217,0.059954,0.034029
CAACGTGGTGGAGTCT-1,0.000102,0.011769,0.350823,0.032377,0.604828,0.000102
CAACTATATCGAATGC-1,0.000091,0.017613,0.000182,0.147671,0.176632,0.657811
CAACTCCAACGTTTAG-1,0.000085,0.000256,0.000171,0.155426,0.180973,0.663088
CAACTCCGTAACTTGC-1,0.004305,0.32808,0.000245,0.051551,0.008564,0.607255
CAACTCCTTGATCCCG-1,0.000043,0.259041,0.031891,0.27405,0.254823,0.180153
CAACTGAGGGTATGAC-1,0.002137,0.006411,0.004274,0.008547,0.002137,0.976494
CAACTGCTCATCCGAT-1,0.000377,0.122521,0.416973,0.460107,0.000011,0.000011
CAACTTGTAGTGGGCA-1,0.000132,0.000396,0.002598,0.000527,0.118117,0.878231
CAAGAAACCCTAAACT-1,0.000157,0.083868,0.000925,0.08664,0.077438,0.750973
CAAGACTCAGAAGCGC-1,0.000019,0.390478,0.062399,0.486863,0.057886,0.002355
CAAGAGGGCGGAGTAC-1,0.000094,0.007408,0.136553,0.444633,0.411217,0.000094
CAAGATATTATAACGT-1,0.000526,0.346048,0.384814,0.20971,0.033616,0.025286
CAAGCAACGTCGGAGT-1,0.000029,0.144543,0.06087,0.723109,0.050437,0.021012
CAAGCACCAAATGCCT-1,0.000027,0.165755,0.022166,0.46161,0.252578,0.097864
CAAGGATCGCATGTTC-1,0.000022,0.629579,0.346307,0.02405,0.000022,0.000022
CAAGGCCAGTGGTGCA-1,0.324227,0.000436,0.08058,0.097892,0.496721,0.000145
CAAGGGAGTGTATTTG-1,0.000139,0.101512,0.000278,0.121733,0.071975,0.704363
CAAGGTCCTATAGGCT-1,0.000038,0.03172,0.034925,0.791336,0.120674,0.021307
CAAGTAAGTGATAGAC-1,0.007387,0.29941,0.024362,0.596604,0.036269,0.035968
CAAGTCGTTGAAATCT-1,0.000017,0.165966,0.023173,0.699819,0.087734,0.023291
CAAGTGAACTTTGGTT-1,0.000101,0.000304,0.000203,0.086985,0.157252,0.755155
CAAGTGTGGTTGCAAA-1,0.000011,0.824209,0.075228,0.090495,0.00072,0.009338
CAATAAACCTTGGCCC-1,0.000011,0.734833,0.061582,0.143344,0.018142,0.042087
CAATACGAGAGTCTGA-1,0.001176,0.843553,0.086125,0.069128,0.000009,0.000009
CAATACGCTCTGAGGC-1,0.000027,0.343618,0.096521,0.393501,0.135949,0.030383
CAATATGTAGATTTAC-1,0.000122,0.000366,0.000244,0.010932,0.340275,0.648062
CAATATTCTTGACCTA-1,0.000013,0.824851,0.007974,0.160987,0.000013,0.006162
CAATATTGGACTAGTG-1,0.000084,0.239475,0.14043,0.105376,0.01788,0.496754
CAATCCATTATCCGTT-1,0.000094,0.030403,0.000187,0.21327,0.057292,0.698754
CAATCCCTATACCAGC-1,0.00011,0.000331,0.071625,0.000442,0.352971,0.574521
CAATCCTGCCGTGGAG-1,0.00008,0.000239,0.000159,0.000319,0.00008,0.999123
CAATGACCCTTAATTT-1,0.000032,0.252741,0.041668,0.586055,0.093779,0.025725
CAATGAGGTTCGACTA-1,0.000021,0.836218,0.001361,0.157049,0.005265,0.000085
CAATGGAATCTACATA-1,0.000094,0.200797,0.000188,0.23785,0.113294,0.447776
CAATGGATCTCTACCA-1,0.000011,0.865282,0.008239,0.126117,0.000011,0.00034
CAATGGTCGGCCTGGG-1,0.00015,0.00045,0.0003,0.000601,0.127387,0.871111
CAATGTGCCAACCCTT-1,0.003111,0.135002,0.076953,0.760805,0.007686,0.016443
CAATTAAGGGTGATGA-1,0.000013,0.622464,0.020687,0.341019,0.000013,0.015805
CAATTGGGCCGCACTC-1,0.000023,0.672657,0.100494,0.0468,0.142819,0.037208
CAATTTCGTATAAGGG-1,0.000018,0.743307,0.157901,0.069607,0.009808,0.019359
CAATTTGACCGGGAAG-1,0.000089,0.000266,0.000177,0.000354,0.115578,0.883536
CACAAACCGCAGAACT-1,0.007252,0.00045,0.160914,0.0006,0.830635,0.00015
CACAAGAAAGATATTA-1,0.000107,0.295569,0.035223,0.000427,0.000107,0.668567
CACAAGCTAAGAAAGG-1,0.000014,0.280221,0.163746,0.472692,0.081484,0.001843
CACAATGAGCTGCTAT-1,0.002149,0.43374,0.122143,0.308497,0.133419,0.000052
CACACAGCTTGCGCTC-1,0.000028,0.192712,0.510833,0.250419,0.035489,0.010518
CACACAGGGATAGATT-1,0.000032,0.254839,0.155566,0.452599,0.068781,0.068183
CACACGCGCTGTCTTA-1,0.002038,0.174578,0.167617,0.47144,0.184275,0.000052
CACACGTTTCAATGGG-1,0.000089,0.090771,0.000179,0.102133,0.141125,0.665702
CACACTTGTATTGCGA-1,0.000142,0.180114,0.272383,0.00057,0.000142,0.546648
CACAGAGACGAGGACG-1,0.001226,0.541521,0.012093,0.39402,0.051124,0.000015
CACAGCACCCACGGCA-1,0.000018,0.72634,0.053111,0.220494,0.000018,0.000018
CACAGCTAGGGAGTGA-1,0.000473,0.679865,0.057029,0.242893,0.019726,0.000013
CACAGGGCCGTTGTCA-1,0.000039,0.277346,0.305517,0.339315,0.077742,0.000039
CACAGTTCGCTTCCCA-1,0.000095,0.000286,0.459544,0.000381,0.539597,0.000095
CACATAAGGCGACCGT-1,0.016745,0.021321,0.000183,0.079023,0.124068,0.758661
CACATATTAGCAGGAT-1,0.000102,0.000305,0.057277,0.543226,0.383373,0.015717
CACATCGTGCACGCGC-1,0.000978,0.202614,0.004759,0.773066,0.018558,0.000026
CACATCTCACCGACGA-1,0.000161,0.000483,0.296964,0.144231,0.558001,0.000161
CACATGATTCAGCAAC-1,0.001313,0.213452,0.499982,0.248802,0.036418,0.000033
CACATGTTTGGACATG-1,0.000089,0.000268,0.000179,0.070024,0.036294,0.893145
CACATTCTTTCGATGG-1,0.000021,0.900278,0.01933,0.000084,0.000021,0.080266
CACATTTCTTGTCAGA-1,0.000037,0.496949,0.15063,0.248823,0.103525,0.000037
CACCAATCATCCGTCT-1,0.000982,0.407014,0.027776,0.122535,0.296669,0.145024
CACCACGCCACACAGA-1,0.000291,0.618485,0.081947,0.23036,0.050093,0.018825
CACCAGTCAGCATGCA-1,0.000019,0.438743,0.062445,0.493562,0.005211,0.000019
CACCATCGGAGGAGAC-1,0.000154,0.000462,0.000308,0.122038,0.010317,0.866721
CACCATGATCGCAAAG-1,0.000113,0.114606,0.370404,0.00045,0.000113,0.514315
CACCCAAATCTTATGT-1,0.00003,0.048922,0.038884,0.798404,0.089832,0.023927
CACCCACACGTCACCC-1,0.000031,0.295689,0.080682,0.464685,0.09951,0.059403
CACCCACGAGGCAATT-1,0.001312,0.277907,0.00133,0.158633,0.409059,0.151758
CACCCGCGTTTGACAC-1,0.000263,0.000789,0.000526,0.001052,0.997108,0.000263
CACCCGGTTTGTGACT-1,0.000035,0.061188,0.010284,0.888398,0.040059,0.000035
CACCCTTGGTGAGACC-1,0.002959,0.273004,0.040316,0.611356,0.07233,0.000036
CACCCTTTCCTCGCTC-1,0.000075,0.000226,0.000151,0.000301,0.074191,0.925056
CACCGATACACCGAGC-1,0.000154,0.000463,0.000309,0.000617,0.044959,0.953498
CACCGATGATGGGTAC-1,0.000209,0.000627,0.000418,0.000835,0.997702,0.000209
CACCGCCAGAAGGTTT-1,0.000036,0.052059,0.085636,0.822791,0.039444,0.000036
CACCGCCGACCAGCGA-1,0.00008,0.00024,0.00016,0.00032,0.00008,0.999121
CACCGCGTCCACTCTA-1,0.001603,0.004808,0.003205,0.006411,0.001603,0.982371
CACCGGAGATATCTCC-1,0.000098,0.105733,0.000197,0.01518,0.000098,0.878694
CACCGGGCATCACAAG-1,0.000611,0.339876,0.330644,0.31812,0.010729,0.000019
CACCGGTAGAGACATT-1,0.003312,0.267103,0.032502,0.57102,0.110715,0.015349
CACCGTATCCCATCCG-1,0.000084,0.000253,0.29266,0.31837,0.388548,0.000084
CACCGTTAGGGATCAC-1,0.000039,0.016498,0.00549,0.845835,0.132097,0.000039
CACCGTTGCGCGATAT-1,0.000032,0.176534,0.044111,0.733985,0.029577,0.015762
CACCTAATAGAGTCGT-1,0.000042,0.142604,0.009803,0.000166,0.000042,0.847344
CACCTAATCAGTTTAC-1,0.000014,0.8544,0.054091,0.067293,0.006675,0.017526
CACCTCGATGGTGGAC-1,0.000014,0.67579,0.025391,0.199158,0.009037,0.09061
CACCTCTACGAGTGTG-1,0.015648,0.274422,0.058251,0.02892,0.037331,0.585428
CACCTTGCGAAACTCG-1,0.000025,0.407506,0.187687,0.178146,0.181412,0.045224
CACCTTGGCGCCTTTG-1,0.003325,0.207005,0.068981,0.634024,0.086626,0.000038
CACGAAAGTTAGTCCC-1,0.000022,0.375676,0.00557,0.56269,0.031578,0.024464
CACGACCACAGACTTT-1,0.000097,0.000291,0.000194,0.040722,0.152781,0.805914
CACGACGTAATAGTAA-1,0.000073,0.135661,0.117443,0.000508,0.01124,0.735074
CACGACTAAAGTTCTG-1,0.000046,0.100616,0.013959,0.031021,0.000046,0.854311
CACGAGCAAACCAGAC-1,0.000019,0.283937,0.01497,0.556952,0.095689,0.048433
CACGATTGGTCGTTAA-1,0.000051,0.205526,0.142291,0.004472,0.000051,0.647608
CACGCACAGCGCAGCT-1,0.000044,0.034968,0.000088,0.594198,0.356901,0.013802
CACGCAGCGAGGCTTT-1,0.000047,0.341765,0.015912,0.597065,0.030108,0.015102
CACGCGGAACTGTTGC-1,0.000013,0.954652,0.030985,0.014322,0.000013,0.000013
CACGGACGTGGATGGC-1,0.000016,0.751899,0.019613,0.138321,0.048743,0.041408
CACGGCGCGCCAAAGG-1,0.000167,0.0005,0.000333,0.086071,0.258665,0.654264
CACGGGATTGAGGGTT-1,0.001819,0.072183,0.04643,0.138507,0.552328,0.188733
CACGTCAATCAATGGA-1,0.074764,0.000349,0.014728,0.397917,0.512126,0.000116
CACGTCGGCAACCTCT-1,0.000028,0.428087,0.03898,0.503196,0.029681,0.000028
CACGTCGGGTTCTAGA-1,0.00006,0.079952,0.248843,0.003425,0.014434,0.653287
CACGTCTATGATGTGG-1,0.000106,0.127,0.000212,0.079448,0.003865,0.789368
CACGTTCGTGCTCTAG-1,0.000048,0.160884,0.101851,0.681488,0.055681,0.000048
CACTAAAGTTGCCTAT-1,0.000018,0.653675,0.270292,0.062995,0.008541,0.004479
CACTACGGGAGCTGCC-1,0.784757,0.124472,0.000331,0.000661,0.025116,0.064663
CACTACTCAGTTCTGT-1,0.00012,0.000361,0.000241,0.132401,0.088755,0.778121
CACTCAAGAGCTATGG-1,0.000041,0.138422,0.552517,0.231627,0.077352,0.000041
CACTCAGCTCTTGAGG-1,0.000087,0.081692,0.000175,0.000349,0.000087,0.91761
CACTCCTATGTAAGAT-1,0.001031,0.41979,0.043691,0.498355,0.029878,0.007256
CACTCCTCTCGGTCGG-1,0.000076,0.079928,0.000152,0.000303,0.000076,0.919466
CACTCGAGCTGAACAA-1,0.000044,0.081036,0.306311,0.017478,0.595087,0.000044
CACTCGGTTAGGAGGA-1,0.00004,0.184786,0.046854,0.526299,0.19566,0.046361
CACTCTCAAGCATCGA-1,0.000031,0.143526,0.084348,0.648008,0.124057,0.000031
CACTGACGATTGTGGA-1,0.000014,0.59228,0.025522,0.342694,0.000014,0.039476
CACTGTCCAAGTGAGA-1,0.000039,0.206029,0.040588,0.527182,0.191453,0.034709
CACTTAATCAGACGGA-1,0.000026,0.244369,0.517486,0.236297,0.001796,0.000026
CACTTCGCCACAGGCT-1,0.000013,0.777259,0.027492,0.139977,0.033706,0.021553
CACTTCGTCTTATCTC-1,0.000078,0.000234,0.000156,0.004192,0.321326,0.674015
CAGAACTTAGCCCTCT-1,0.000148,0.003965,0.080518,0.253178,0.662043,0.000148
CAGAATAACACACGGA-1,0.000072,0.147896,0.451427,0.000289,0.375997,0.024319
CAGAATATTCGTTATC-1,0.000014,0.769985,0.181801,0.037017,0.000895,0.010288
CAGACACCGATCGCTG-1,0.000019,0.604697,0.208557,0.16443,0.012179,0.010118
CAGACCTGTAAGTGTT-1,0.000014,0.752551,0.035448,0.189538,0.006264,0.016185
CAGACGAACCTGATAC-1,0.000025,0.284773,0.463287,0.212243,0.030873,0.0088
CAGAGACGGTCACCCA-1,0.000026,0.124377,0.787827,0.087717,0.000026,0.000026
CAGAGCATGAGCTTGC-1,0.001152,0.108727,0.016424,0.70524,0.16476,0.003697
CAGAGGCGATGCATGA-1,0.000055,0.008057,0.254243,0.585592,0.151999,0.000055
CAGAGTGATTTAACGT-1,0.000077,0.127024,0.123086,0.000307,0.123121,0.626386
CAGATAATGGGCGGGT-1,0.314536,0.000519,0.000346,0.000692,0.683735,0.000173
CAGATACTAACATAGT-1,0.001828,0.055824,0.034139,0.790743,0.099019,0.018446
CAGATATGAAGATGAC-1,0.000031,0.043402,0.031801,0.762016,0.146394,0.016356
CAGATCATTTAAAGTC-1,0.000116,0.573201,0.046789,0.13491,0.20748,0.037504
CAGATCCTGGTTTGAA-1,0.000031,0.125552,0.029937,0.634111,0.210339,0.000031
CAGATGTTTGTCCCAA-1,0.000029,0.351257,0.16058,0.186064,0.188356,0.113715
CAGCAGCCCGTTCCTT-1,0.000027,0.50745,0.034412,0.451004,0.007079,0.000027
CAGCAGTCCAGACTAT-1,0.000085,0.076482,0.093832,0.551939,0.277576,0.000085
CAGCAGTCTGTGCTGC-1,0.000047,0.19309,0.506633,0.225821,0.074362,0.000047
CAGCCCTCACAGGCAG-1,0.000122,0.000366,0.000244,0.000488,0.193311,0.805468
CAGCCGGGCCCTCTAT-1,0.000123,0.00037,0.000247,0.000494,0.115154,0.883612
CAGCCTCCTGCAGAGG-1,0.000026,0.393545,0.021964,0.482546,0.096436,0.005482
CAGCCTCGATAGCGGT-1,0.513148,0.000617,0.000412,0.000823,0.484794,0.000206
CAGCCTCTCCTCAAGA-1,0.000131,0.000392,0.000261,0.074948,0.077369,0.846899
CAGCGATTCCCTTCAA-1,0.00165,0.127336,0.011278,0.847083,0.012603,0.00005
CAGCGCCAACACGATA-1,0.000055,0.000165,0.00011,0.007459,0.701376,0.290834
CAGCTCACTGAGACAT-1,0.000025,0.727063,0.17677,0.094082,0.000025,0.002035
CAGCTCGACAAGTTAA-1,0.000969,0.227995,0.038339,0.592617,0.120667,0.019414
CAGCTCGTGCTTGTGT-1,0.00011,0.000331,0.00022,0.000441,0.151746,0.847152
CAGCTCTGGGCTCACT-1,0.000026,0.504304,0.029787,0.458822,0.007033,0.000026
CAGCTGGCGTAACCGT-1,0.000008,0.456819,0.013607,0.529549,0.000008,0.000008
CAGCTTAGTAGGTAGC-1,0.000522,0.465616,0.020774,0.512366,0.000015,0.000707
CAGGAAGACTTTATAT-1,0.003264,0.215821,0.0068,0.000368,0.000092,0.773656
CAGGACAGCTGCCCTT-1,0.000017,0.49699,0.205349,0.285047,0.000826,0.011771
CAGGATATATCGTTGT-1,0.000086,0.017367,0.403024,0.108134,0.471303,0.000086
CAGGATCCGCCCGACC-1,0.000074,0.000223,0.000149,0.000297,0.035861,0.963396
CAGGCAGTCTTACCAG-1,0.000087,0.00026,0.000174,0.777445,0.221947,0.000087
CAGGCCAGTACCACCT-1,0.000014,0.737605,0.025774,0.214823,0.02177,0.000014
CAGGCCGTTTGGGTGT-1,0.000021,0.868668,0.045093,0.086178,0.000021,0.000021
CAGGCGCACGGTGGTC-1,0.000887,0.046351,0.134487,0.775859,0.04239,0.000026
CAGGCGCCATGCTAGG-1,0.000099,0.020046,0.273321,0.000394,0.706041,0.000099
CAGGGAGATAGGCCAG-1,0.001438,0.309194,0.169045,0.245364,0.163761,0.111197
CAGGGCTAACGAAACC-1,0.003401,0.000305,0.000203,0.000407,0.144345,0.851339
CAGGTTTAGTACTACA-1,0.000098,0.329173,0.000195,0.000391,0.035588,0.634555
CAGTAACTATTTATTG-1,0.002137,0.006411,0.004274,0.008547,0.535583,0.443048
CAGTAAGGGACGTCTC-1,0.000163,0.193395,0.000327,0.257537,0.427122,0.121456
CAGTAATCCCTCCCAG-1,0.000088,0.000263,0.006012,0.126349,0.657353,0.209935
CAGTACATTCTCTAAA-1,0.001302,0.003906,0.719622,0.005209,0.001302,0.268658
CAGTACCAGTTTACGT-1,0.00048,0.820135,0.022707,0.156653,0.000012,0.000012
CAGTAGATGATGTCCG-1,0.000093,0.000279,0.000186,0.000372,0.379254,0.619816
CAGTAGCCCACGCGGT-1,0.000022,0.497947,0.034351,0.410618,0.039257,0.017805
CAGTAGCGAGGTAGTA-1,0.00011,0.00033,0.00022,0.197469,0.048175,0.753696
CAGTCCAACGCCTTCT-1,0.00022,0.00066,0.00044,0.417713,0.115769,0.465199
CAGTCGAGGATGCAAT-1,0.000462,0.909429,0.015386,0.048535,0.000013,0.026175
CAGTCGGCCTAGATAT-1,0.00006,0.145636,0.029902,0.248158,0.42012,0.156124
CAGTCTCTCGGCTAAT-1,0.000129,0.000388,0.000259,0.114363,0.176842,0.708019
CAGTCTGTATACTGGG-1,0.000068,0.095219,0.591098,0.161213,0.152334,0.000068
CAGTGAATAAATGACT-1,0.000011,0.680073,0.055989,0.211245,0.002598,0.050083
CAGTGGTTGCACATGA-1,0.000082,0.000245,0.000163,0.058446,0.079739,0.861325
CAGTGTCCGCAGAATG-1,0.000062,0.191675,0.172156,0.000247,0.094289,0.54157
CAGTGTCGGCTGGCCC-1,0.000129,0.000386,0.072958,0.079206,0.847192,0.000129
CAGTGTTAATCTCTCA-1,0.000015,0.428821,0.359436,0.152929,0.000319,0.058479
CAGTTCAAATTGACAC-1,0.000019,0.507039,0.106567,0.355151,0.019809,0.011415
CAGTTCCGCGGGTCGA-1,0.000032,0.126799,0.005529,0.730018,0.064613,0.07301
CAGTTCGAGGACCCGA-1,0.000021,0.413173,0.020281,0.533768,0.025971,0.006787
CATAACGGACAGTCGT-1,0.000011,0.684194,0.018514,0.29726,0.000011,0.000011
CATAAGAAGCTTGGCT-1,0.002731,0.000276,0.456022,0.000294,0.540603,0.000073
CATAAGCTCTCCGTCT-1,0.000028,0.165987,0.017906,0.746914,0.045652,0.023513
CATAATGAGCGGGCGA-1,0.00011,0.000329,0.000219,0.000438,0.015808,0.983097
CATACAAAGCCGAACC-1,0.000084,0.000252,0.000168,0.000336,0.233249,0.76591
CATACACAAAGTCAGC-1,0.000041,0.108351,0.024586,0.041531,0.213239,0.612251
CATACACGGTTCCCAC-1,0.000035,0.466666,0.278609,0.021922,0.225707,0.007061
CATACCCGTACCCAGT-1,0.000727,0.546245,0.144861,0.307949,0.0002,0.000019
CATACGAACTAGCTGG-1,0.000041,0.269236,0.084031,0.417702,0.22895,0.000041
CATACGGCGTCTGGGC-1,0.000046,0.321439,0.39273,0.278886,0.006852,0.000046
CATACGGGTGCATGAT-1,0.000061,0.077401,0.000122,0.000244,0.000061,0.922111
CATACTATGTAATTGT-1,0.000042,0.24144,0.382519,0.337278,0.000042,0.038679
CATACTTAGGCAATAC-1,0.013481,0.186331,0.089169,0.552964,0.119039,0.039015
CATACTTCTTTCTCCG-1,0.000016,0.238187,0.236931,0.524836,0.000016,0.000016
CATAGAGGAGATACTA-1,0.000021,0.721465,0.175115,0.042257,0.061122,0.000021
CATAGCCGCCCGGGAT-1,0.002155,0.369573,0.056442,0.202445,0.275334,0.094051
CATAGCGTTGCCCACC-1,0.000023,0.559844,0.073264,0.366822,0.000023,0.000023
CATAGGGACACTTGTG-1,0.000032,0.190182,0.000065,0.694998,0.109596,0.005127
CATAGTACATTGAGAG-1,0.000099,0.000297,0.000527,0.162422,0.142958,0.693697
CATAGTAGCATAGTAG-1,0.000017,0.626593,0.09063,0.237564,0.018509,0.026687
CATAGTCAAATACATA-1,0.000094,0.025846,0.458688,0.095534,0.390594,0.029245
CATAGTCCACAAGAAC-1,0.001358,0.485135,0.057124,0.421339,0.014519,0.020525
CATAGTGGGCACGCCT-1,0.034568,0.14873,0.009768,0.000805,0.722683,0.083446
CATATACTACTGATAA-1,0.002137,0.194801,0.004274,0.429873,0.002137,0.366779
CATATAGGTACAGTCA-1,0.000094,0.000281,0.000187,0.657405,0.341941,0.000094
CATATGTCAGGCTACG-1,0.000016,0.281007,0.000988,0.717958,0.000016,0.000016
CATATTATTTGCCCTA-1,0.000119,0.052023,0.012445,0.288009,0.000119,0.647287
CATCAAACTGGCGCCC-1,0.000125,0.134587,0.000251,0.000501,0.27858,0.585955
CATCAACACCTACTAA-1,0.000038,0.081032,0.204948,0.000153,0.056595,0.657234
CATCATCTACCCGGAC-1,0.000135,0.000404,0.000269,0.000539,0.318336,0.680318
CATCATTACCCTGAGG-1,0.000133,0.0004,0.04611,0.313181,0.640042,0.000133
CATCCAATATAGTTTG-1,0.000033,0.326689,0.028912,0.313892,0.168218,0.162256
CATCCCGAGATTCATA-1,0.000244,0.212264,0.324789,0.000978,0.461481,0.000244
CATCCGCAGGCCCGAA-1,0.000071,0.000214,0.000143,0.000286,0.224727,0.774559
CATCCTCTCAAAGATC-1,0.000184,0.228851,0.118122,0.002452,0.650207,0.000184
CATCGAATGGATCTCT-1,0.000125,0.000375,0.00025,0.045242,0.15867,0.795337
CATCGCCCGCGGCCAA-1,0.000071,0.000214,0.000143,0.000286,0.360903,0.638382
CATCGGACGGGTTAAT-1,0.000069,0.197243,0.189852,0.008988,0.60378,0.000069
CATCGTCCGGTTACTA-1,0.000094,0.000283,0.000189,0.000377,0.149175,0.849883
CATCTACCCGAGAACG-1,0.000077,0.027649,0.000155,0.031359,0.012736,0.928024
CATCTAGTGAAGGGAA-1,0.00001,0.700625,0.107501,0.191845,0.00001,0.00001
CATCTATCCCGTGTCT-1,0.000641,0.34441,0.001282,0.002564,0.000641,0.650461
CATCTGCAGGATCATT-1,0.002899,0.000274,0.000183,0.077729,0.040344,0.87857
CATCTTACACCACCTC-1,0.000027,0.249806,0.057824,0.654349,0.006992,0.031002
CATGAACCGACATTTG-1,0.000033,0.513802,0.233489,0.011394,0.000033,0.241248
CATGAACCTCTTATCA-1,0.000099,0.368739,0.075376,0.050977,0.000099,0.504711
CATGACTTCGCTGAAT-1,0.00004,0.150898,0.156023,0.576127,0.110624,0.006288
CATGAGATGCACTCTC-1,0.000133,0.000399,0.116128,0.149218,0.733989,0.000133
CATGAGTCCATCACGG-1,0.000031,0.126639,0.042234,0.698343,0.132722,0.000031
CATGATACGGTGAAAC-1,0.000603,0.187586,0.097487,0.622589,0.091718,0.000017
CATGATCGCTTTGAGA-1,0.014069,0.063174,0.480491,0.000565,0.421919,0.019782
CATGATGCACAATTCT-1,0.000014,0.580888,0.096615,0.28478,0.004773,0.032929
CATGATGGAAGTTAGC-1,0.000022,0.429934,0.39699,0.173009,0.000022,0.000022
CATGCACATGAGAGGC-1,0.000765,0.319097,0.038559,0.555273,0.059777,0.026529
CATGCACGTGTTACTG-1,0.000077,0.000231,0.000154,0.045165,0.239871,0.714503
CATGCATGGAGACCCT-1,0.000133,0.000399,0.000266,0.006236,0.330895,0.66207
CATGCCAACTCGCAAA-1,0.000017,0.1602,0.091349,0.550896,0.174475,0.023063
CATGCGACCAGTTTAA-1,0.000035,0.129856,0.000069,0.715087,0.105657,0.049295
CATGCGTTAGACAGAA-1,0.000034,0.281076,0.029387,0.000138,0.000034,0.68933
CATGCGTTGAGAGGAG-1,0.000265,0.552504,0.009427,0.437788,0.000009,0.000009
CATGCTGGCTCCAATT-1,0.109265,0.059932,0.134737,0.000238,0.040218,0.655611
CATGGAAATGGGACCA-1,0.00015,0.000449,0.000299,0.000598,0.058182,0.940322
CATGGCAGGAAGATCG-1,0.000012,0.903391,0.062941,0.00879,0.007196,0.01767
CATGGCTCCCTATGTC-1,0.000111,0.000332,0.000221,0.000443,0.262003,0.73689
CATGGGTCGGGTGTGG-1,0.000061,0.190019,0.058538,0.288089,0.415431,0.047863
CATGGTAAGTAGCGTT-1,0.000138,0.154496,0.545265,0.174165,0.038122,0.087814
CATGGTATTAGTTTGT-1,0.000044,0.406504,0.039894,0.027796,0.497575,0.028188
CATGGTCTAGATACCG-1,0.000028,0.226943,0.032633,0.628823,0.111544,0.000028
CATGGTTTATTAATCA-1,0.000182,0.358693,0.000364,0.036553,0.604026,0.000182
CATGTAAGAGACATTT-1,0.000168,0.179541,0.000337,0.182938,0.636848,0.000168
CATGTAGGAGCGCCAA-1,0.000192,0.187194,0.000385,0.00077,0.18939,0.622069
CATGTCTCATTTATGG-1,0.000069,0.303624,0.254033,0.088328,0.347289,0.006657
CATGTGGGCTCATCAC-1,0.000033,0.131523,0.208375,0.555859,0.104178,0.000033
CATTACATAGATTGTG-1,0.000026,0.655912,0.059253,0.191431,0.035841,0.057537
CATTACGCAGGAAGGG-1,0.000044,0.261298,0.226119,0.413156,0.099337,0.000044
CATTACGTCGGCCCGT-1,0.00059,0.690851,0.014881,0.249646,0.03832,0.005711
CATTATAACAGGGTCC-1,0.000074,0.000221,0.000147,0.031753,0.21373,0.754075
CATTATCCCATTAACG-1,0.001226,0.3117,0.07197,0.400235,0.189401,0.025467
CATTATGCTTGTTGTG-1,0.000034,0.353881,0.066868,0.55428,0.024903,0.000034
CATTCACTGACAGCTA-1,0.000076,0.155614,0.040338,0.009475,0.230247,0.564249
CATTCAGGTCAGTGCG-1,0.000074,0.000223,0.000149,0.000298,0.000074,0.999182
CATTCCCATTCCGTCG-1,0.000008,0.950082,0.003457,0.046436,0.000008,0.000008
CATTCCCTAAGTACAA-1,0.000045,0.085541,0.000459,0.186817,0.087647,0.639491
CATTCGTCGTAGCGGT-1,0.335592,0.000482,0.052693,0.025138,0.585935,0.000161
CATTGATGAACACGCC-1,0.000053,0.58263,0.146605,0.200131,0.023942,0.046638
CATTGCAAAGCATAAT-1,0.000049,0.109481,0.045211,0.049656,0.183339,0.612264
CATTGCGAAATGGGCG-1,0.000397,0.642619,0.056185,0.223723,0.07706,0.000016
CATTGCGGGTCAATTC-1,0.00002,0.523624,0.059239,0.410473,0.002349,0.004296
CATTGTGTGCTAGATC-1,0.000085,0.004854,0.032321,0.125396,0.240272,0.597071
CATTTAGCGGACCATG-1,0.000042,0.327986,0.001171,0.60866,0.025017,0.037123
CATTTATCGTTCAAGA-1,0.000092,0.03909,0.119355,0.072476,0.002589,0.766398
CATTTCTAGCAGACTA-1,0.000076,0.029766,0.059569,0.174838,0.026703,0.709048
CATTTGAGTGGTACGT-1,0.000043,0.477603,0.043464,0.443132,0.023514,0.012244
CCAAACAGAACCCTCG-1,0.000015,0.225467,0.26233,0.489315,0.001113,0.02176
CCAAAGCAGTTGGTTG-1,0.0503,0.000192,0.000128,0.000256,0.120551,0.828572
CCAAAGTCCCGCTAAC-1,0.000058,0.002556,0.052762,0.095107,0.026582,0.822935
CCAAATAACAAGATTC-1,0.000018,0.143157,0.488933,0.143261,0.221781,0.00285
CCAAATCAAAGGGCAA-1,0.000021,0.199669,0.065078,0.615608,0.090898,0.028726
CCAACCTTATGTAACT-1,0.000007,0.524305,0.003614,0.472059,0.000007,0.000007
CCAACGATGCACTGAT-1,0.000052,0.000157,0.000105,0.870163,0.123958,0.005564
CCAACGCTTGCCAGGG-1,0.000111,0.000334,0.112419,0.078109,0.026307,0.78272
CCAACTTGATAGATCC-1,0.000021,0.51687,0.403723,0.059806,0.008651,0.010929
CCAAGAAAGTGGGCGA-1,0.000019,0.34153,0.122503,0.524467,0.011463,0.000019
CCAAGACTTCTGCGAA-1,0.000027,0.156297,0.00372,0.64847,0.155553,0.035933
CCAAGCGTAACTCGTA-1,0.000019,0.524621,0.096139,0.352273,0.011795,0.015153
CCAAGCTTGATCTCCT-1,0.000101,0.000303,0.000202,0.053949,0.254615,0.69083
CCAAGGAACAGAGAGG-1,0.000056,0.072783,0.026385,0.028862,0.234367,0.637547
CCAAGGTTGCCCTTTC-1,0.000193,0.00058,0.057512,0.000773,0.940748,0.000193
CCAAGTTTCTACAGAT-1,0.000054,0.14891,0.0546,0.000217,0.094104,0.702114
CCAATAGATTTCATCT-1,0.001577,0.230666,0.062829,0.002169,0.001008,0.701751
CCAATAGTGCCGTCGA-1,0.001575,0.148194,0.03591,0.757729,0.044847,0.011746
CCAATCGGTAGATCGA-1,0.000145,0.000436,0.000291,0.109955,0.000145,0.889027
CCAATGTCACAGCAAG-1,0.000726,0.662479,0.203909,0.11034,0.014203,0.008342
CCAATTACGGGTCGAG-1,0.005689,0.878829,0.000288,0.000577,0.047677,0.066941
CCAATTGAATGTTAAT-1,0.000026,0.27128,0.028111,0.5467,0.112735,0.041149
CCACAATGTACGTCTT-1,0.000022,0.453117,0.021354,0.323172,0.076274,0.126062
CCACACTGAGATATTA-1,0.000036,0.382261,0.343682,0.191576,0.050022,0.032423
CCACAGCTGAAATCAT-1,0.000047,0.000142,0.000094,0.000189,0.075373,0.924155
CCACAGTACCCATCCT-1,0.000044,0.315544,0.305709,0.307197,0.071462,0.000044
CCACATACTGCACCCA-1,0.00004,0.157667,0.737081,0.049277,0.055896,0.00004
CCACATGGCTCTTTAT-1,0.000036,0.278089,0.11248,0.42482,0.16954,0.015035
CCACCAACTTTACTGT-1,0.00003,0.403584,0.140745,0.436745,0.00003,0.018866
CCACCCAAGGAAAGTG-1,0.000023,0.429159,0.222306,0.152682,0.195807,0.000023
CCACGAATTTAACCTC-1,0.000021,0.310554,0.178134,0.402536,0.108733,0.000021
CCACGAGAAGAGAATC-1,0.000045,0.113755,0.020241,0.162494,0.252987,0.450479
CCACGGAGCCATAAGA-1,0.000011,0.487259,0.077135,0.433112,0.000775,0.001707
CCACGGCAGGTGTAGG-1,0.000024,0.214622,0.063627,0.654357,0.03993,0.027441
CCACGGTGCCCGGTAG-1,0.000525,0.329392,0.041643,0.603706,0.022536,0.002197
CCACGTAAATTAGACT-1,0.000349,0.639134,0.171435,0.143515,0.001992,0.043574
CCACTAAACTGAATCG-1,0.000068,0.000205,0.000137,0.046906,0.167371,0.785313
CCACTATCCGGGTCAC-1,0.000026,0.353996,0.039866,0.541981,0.06237,0.001761
CCACTCAGATCCGCAA-1,0.000032,0.161895,0.212708,0.588757,0.036577,0.000032
CCACTGGTGGCTGGTT-1,0.000035,0.010316,0.000582,0.69102,0.234915,0.063132
CCACTTTCCTTCTAGG-1,0.00004,0.020366,0.511535,0.435766,0.032254,0.00004
CCAGAAACTGATGCGA-1,0.024837,0.257175,0.080466,0.000859,0.636522,0.000141
CCAGAAAGCAACTCAT-1,0.000029,0.146752,0.045637,0.766015,0.015909,0.025658
CCAGAGACAAAGCCGG-1,0.000024,0.41923,0.058322,0.113297,0.097655,0.311472
CCAGATAGTTGAGTGA-1,0.00003,0.296742,0.065908,0.541541,0.073682,0.022098
CCAGATGTAAATGGGT-1,0.000032,0.415357,0.191629,0.086533,0.052516,0.253933
CCAGCCTGGACCAATA-1,0.000012,0.819702,0.122106,0.032776,0.000012,0.025392
CCAGCGGGATCACCAG-1,0.033299,0.670933,0.152481,0.103556,0.022768,0.016964
CCAGCTACGCCTCATA-1,0.000113,0.00034,0.000226,0.000453,0.244009,0.754858
CCAGCTCGAACGCATT-1,0.000038,0.20641,0.161347,0.490517,0.14165,0.000038
CCAGCTGATGGTACTT-1,0.000028,0.394303,0.102111,0.458866,0.020305,0.024388
CCAGCTTCCGCCCGCA-1,0.000041,0.299846,0.042769,0.23464,0.370229,0.052475
CCAGGCGAGATGGTCT-1,0.000028,0.259915,0.11448,0.377401,0.157195,0.090981
CCAGGCTGGCGTCTGA-1,0.000093,0.000278,0.27474,0.301523,0.423273,0.000093
CCAGGGACGTGGCCTC-1,0.000032,0.147658,0.000063,0.812305,0.029888,0.010054
CCAGTAGTCTGATCCA-1,0.00199,0.058488,0.020908,0.736805,0.164719,0.01709
CCAGTCAAATCTCTTA-1,0.000014,0.603446,0.059778,0.266891,0.031544,0.038326
CCAGTCCATTATTCGA-1,0.000067,0.000202,0.03136,0.044174,0.179909,0.744288
CCAGTCTAGACGGCGC-1,0.000033,0.270665,0.001386,0.614652,0.082146,0.031118
CCAGTCTTGTCATAGA-1,0.000023,0.207122,0.413524,0.352027,0.02728,0.000023
CCAGTGAGCTCCTTGT-1,0.003122,0.000269,0.00018,0.013941,0.085884,0.896604
CCAGTGTACAGACCGA-1,0.000011,0.602066,0.076781,0.3114,0.001643,0.008099
CCAGTTCGGTAACTCA-1,0.000023,0.498958,0.173357,0.307506,0.020133,0.000023
CCATAAACAACCCGAC-1,0.000062,0.1544,0.000125,0.000249,0.014679,0.830485
CCATAACCTGTGCAGT-1,0.000956,0.22721,0.030166,0.411848,0.261185,0.068635
CCATACCTTTACTTGT-1,0.000037,0.249779,0.09773,0.409346,0.216455,0.026651
CCATACTCGCCTCTCC-1,0.000038,0.000114,0.011087,0.015089,0.182934,0.790737
CCATAGAGGCTGCCAG-1,0.000034,0.396185,0.038411,0.214543,0.205398,0.14543
CCATAGGTTGGCGTGG-1,0.000015,0.991445,0.005389,0.00312,0.000015,0.000015
CCATAGTCAGTAACCC-1,0.000064,0.000193,0.000129,0.006032,0.09249,0.901092
CCATATGGAAACTATA-1,0.000057,0.099775,0.398088,0.056574,0.334734,0.110772
CCATATTGGATCATGA-1,0.007315,0.059999,0.076474,0.105246,0.162858,0.588109
CCATCATAAGAACAGG-1,0.000053,0.02406,0.002079,0.113457,0.121835,0.738515
CCATCCATACCAAGTC-1,0.000096,0.062261,0.000192,0.016889,0.147847,0.772715
CCATCGCAGTTAAACT-1,0.000064,0.082623,0.419093,0.011973,0.486183,0.000064
CCATCTCACCAGTGAA-1,0.000017,0.621759,0.04192,0.336107,0.000017,0.00018
CCATCTTGTTCACAAT-1,0.000115,0.051536,0.000231,0.065596,0.328832,0.553691
CCATGCCTGTTTAGTA-1,0.000022,0.426082,0.449813,0.123569,0.000491,0.000022
CCATGCTCTGCAGGAA-1,0.000036,0.175632,0.237349,0.474866,0.108516,0.0036
CCATGGCAAACGCTCA-1,0.000011,0.44931,0.073113,0.43033,0.020915,0.026323
CCATGGCCCTTGTACC-1,0.000407,0.578234,0.012989,0.407553,0.000014,0.000804
CCATGTTCATCTATAT-1,0.000042,0.319556,0.010629,0.622332,0.02252,0.024921
CCATTAGCGATAATCC-1,0.000023,0.410384,0.203761,0.337737,0.023439,0.024657
CCATTCCCTGCCCACA-1,0.000019,0.827226,0.05706,0.115658,0.000019,0.000019
CCATTGTTTCCTCCAT-1,0.000307,0.685362,0.064436,0.249253,0.000625,0.000017
CCATTTCTACCTATTA-1,0.000112,0.17854,0.251414,0.000448,0.510583,0.058903
CCCAAACATGCTGCTC-1,0.000028,0.443822,0.043385,0.369586,0.12249,0.02069
CCCAACATACGTCGCG-1,0.000029,0.124371,0.028914,0.752012,0.091902,0.002772
CCCAACCACACTAACA-1,0.000078,0.000235,0.000157,0.000314,0.256085,0.743131
CCCAAGAATGCACGGT-1,0.001827,0.000178,0.000119,0.000238,0.21737,0.780268
CCCAAGACAGAGTATG-1,0.000038,0.142911,0.253163,0.00852,0.000038,0.595331
CCCAAGTCATTACACT-1,0.000117,0.000351,0.371998,0.146508,0.480909,0.000117
CCCAATGAGATTTGCA-1,0.00003,0.109972,0.067664,0.800753,0.005212,0.01637
CCCAATTTCACAACTT-1,0.000026,0.264405,0.126613,0.542006,0.049763,0.017186
CCCACTCCACGGTATC-1,0.00005,0.045823,0.073972,0.269615,0.469323,0.141218
CCCAGAGGAGGGCGTA-1,0.000112,0.503279,0.000224,0.272942,0.1166,0.106843
CCCAGATTCCCGTGAC-1,0.000015,0.757952,0.019243,0.222112,0.000663,0.000015
CCCAGGAAGAATTCGA-1,0.000455,0.145238,0.012963,0.775379,0.053116,0.012849
CCCAGGTCTGAAGGCT-1,0.000051,0.043611,0.440791,0.000725,0.471757,0.043065
CCCAGTAAACTTGGGA-1,0.000015,0.222227,0.100117,0.616569,0.043761,0.017311
CCCAGTTAAGGCGCCG-1,0.000041,0.172712,0.047665,0.683507,0.096034,0.000041
CCCATTATTGTATCCT-1,0.000253,0.111717,0.364368,0.001013,0.522396,0.000253
CCCGAAGTTTCGCGAA-1,0.000034,0.203455,0.049007,0.620407,0.126758,0.000339
CCCGACCATAGTCCGC-1,0.00003,0.236055,0.030009,0.536873,0.146297,0.050736
CCCGAGTTTCTCCGTA-1,0.000026,0.313713,0.429507,0.228744,0.027985,0.000026
CCCGATAGCCTCGCCT-1,0.000011,0.320308,0.389403,0.290256,0.000011,0.000011
CCCGCAAATAATCATC-1,0.000508,0.532083,0.116383,0.350177,0.000683,0.000167
CCCGCAGCGCGAACTA-1,0.000117,0.027115,0.237127,0.181403,0.554122,0.000117
CCCGCAGGGCCCAAAG-1,0.000091,0.000273,0.000182,0.000364,0.000091,0.998999
CCCGCCATGCTCCCGT-1,0.00003,0.363297,0.053358,0.383065,0.158023,0.042226
CCCGCGCAATGCACCC-1,0.002054,0.000187,0.000124,0.000249,0.042988,0.954398
CCCGCTAGAGGGTTAA-1,0.000067,0.000202,0.000135,0.003258,0.106365,0.889972
CCCGCTTGCCCTCGTC-1,0.000082,0.000245,0.000163,0.016672,0.079025,0.903814
CCCGGCACGTGTCAGG-1,0.000015,0.494443,0.211961,0.290248,0.003317,0.000015
CCCGGCTAGGTGAGAA-1,0.000125,0.000375,0.00025,0.0005,0.407416,0.591334
CCCGGGTCGTTCAGGG-1,0.000032,0.094217,0.031687,0.765496,0.108535,0.000032
CCCGGTGGAAGAACCT-1,0.001012,0.78975,0.056238,0.080077,0.041139,0.031784
CCCGGTGTATCGGAAT-1,0.000021,0.10407,0.120567,0.632742,0.139386,0.003214
CCCGTAAGTCTAGGCC-1,0.000013,0.682976,0.008234,0.308751,0.000013,0.000013
CCCGTAGCTGGGAAGA-1,0.000042,0.042776,0.017372,0.843697,0.067715,0.028399
CCCGTCAGCGTCTGAC-1,0.00002,0.439077,0.230227,0.330635,0.00002,0.00002
CCCGTGACAGTGCCTT-1,0.000028,0.203484,0.14663,0.556192,0.093638,0.000028
CCCGTGAGGGCGGTGA-1,0.000032,0.297678,0.070207,0.316882,0.156328,0.158874
CCCGTGGGTTAATTGA-1,0.000092,0.000277,0.000551,0.251732,0.027268,0.720079
CCCGTTTCGCAGATGT-1,0.000078,0.027061,0.076524,0.232833,0.663426,0.000078
CCCTACCCACACCCAG-1,0.000019,0.51203,0.144749,0.301757,0.041427,0.000019
CCCTACTTGAACAATG-1,0.000024,0.410805,0.115772,0.45041,0.022965,0.000024
CCCTAGCTCTAAGGTC-1,0.054344,0.178055,0.059519,0.537748,0.163157,0.007177
CCCTAGGCAACAAGAG-1,0.000788,0.112838,0.053467,0.297597,0.434991,0.100319
CCCTAGTGTCAGGTGT-1,0.000099,0.000296,0.000197,0.066483,0.085354,0.847572
CCCTATGTAGAGCAGA-1,0.000016,0.473,0.14781,0.348308,0.022378,0.008488
CCCTCAAGCTCTTAGT-1,0.000075,0.000226,0.04958,0.119912,0.054723,0.775485
CCCTCAGATCGAGAAC-1,0.000018,0.200284,0.010203,0.776722,0.003542,0.00923
CCCTCATCACAGAGTA-1,0.000023,0.408697,0.032043,0.512166,0.047048,0.000023
CCCTCATTCTGGAATT-1,0.000055,0.226244,0.197536,0.060519,0.129665,0.385981
CCCTCCTCGCTCGTAT-1,0.000043,0.00013,0.433402,0.210076,0.356305,0.000043
CCCTCGATAATACACA-1,0.000023,0.27487,0.037006,0.564373,0.065517,0.058212
CCCTCGGGAGCCTTGT-1,0.000143,0.000429,0.000286,0.000572,0.255842,0.742729
CCCTGAAATGAGTTGA-1,0.000019,0.281039,0.109552,0.569566,0.027693,0.012132
CCCTGACTAACAAATT-1,0.000411,0.392915,0.025868,0.457605,0.105015,0.018185
CCCTGATGTAACTCGT-1,0.0015,0.102441,0.00009,0.000697,0.000045,0.895227
CCCTGCCCAATCCGCT-1,0.000036,0.030457,0.003393,0.857863,0.108215,0.000036
CCCTGCGCTACGCATA-1,0.000028,0.13493,0.009606,0.773843,0.047742,0.033851
CCCTGGCTGTTCCTTC-1,0.000025,0.506321,0.095885,0.223879,0.154683,0.019207
CCCTGGGAGGGATCCT-1,0.000026,0.016695,0.031586,0.844985,0.106683,0.000026
CCCTGGTATGGGCGGC-1,0.000108,0.000324,0.000216,0.000432,0.188404,0.810517
CCCTGTTGGCAAAGAC-1,0.004975,0.000163,0.000109,0.057227,0.213115,0.724411
CCCTTCTCGTACGCGA-1,0.000143,0.000428,0.000285,0.139435,0.30631,0.553399
CCCTTTAATGGAGTTC-1,0.475911,0.124822,0.30681,0.012242,0.052218,0.027996
CCCTTTGACAGGTCTT-1,0.000038,0.476664,0.229441,0.284556,0.009263,0.000038
CCGAAACACGACCTCT-1,0.000049,0.057988,0.000099,0.049427,0.068695,0.823741
CCGAAAGTGGTGAGCA-1,0.00005,0.046673,0.029349,0.01948,0.016768,0.88768
CCGAACACTGGGCCTC-1,0.000717,0.414773,0.067779,0.476091,0.027313,0.013328
CCGAACCTTCCCGGCC-1,0.000114,0.000342,0.238439,0.202836,0.558155,0.000114
CCGAAGCATTGACCAA-1,0.000954,0.188307,0.024337,0.152385,0.191829,0.442189
CCGAAGGGCGTACCGC-1,0.000564,0.409783,0.057586,0.458507,0.064683,0.008877
CCGAAGTATATTGTTC-1,0.000066,0.073615,0.022161,0.36484,0.343833,0.195485
CCGACAAACACATGAG-1,0.000035,0.006269,0.022602,0.061138,0.00938,0.900577
CCGACAAAGGGAGTGC-1,0.000021,0.202362,0.184315,0.495515,0.058749,0.059037
CCGACGGGCATGAGGT-1,0.000032,0.045414,0.127495,0.821038,0.00599,0.000032
CCGACGTAAACACAAC-1,0.000123,0.000368,0.000245,0.00049,0.009926,0.988848
CCGACTCGCATAGTCT-1,0.000098,0.097195,0.000195,0.079385,0.116339,0.706788
CCGAGAAGTCGCATAA-1,0.000022,0.24743,0.272574,0.351456,0.128495,0.000022
CCGAGCTGTGCTTGTC-1,0.000833,0.0025,0.001667,0.487529,0.041874,0.465596
CCGAGGGATGTTAGGC-1,0.000115,0.000344,0.000229,0.000459,0.199697,0.799157
CCGATATGACGTAAGG-1,0.00004,0.307036,0.440263,0.096127,0.156493,0.00004
CCGATCTCAACCTTAT-1,0.000021,0.538213,0.107637,0.354088,0.000021,0.000021
CCGATCTTAAGAGGCT-1,0.000579,0.385174,0.291139,0.002315,0.000579,0.320215
CCGATTCGAGGGACCC-1,0.000027,0.041163,0.012377,0.775177,0.137578,0.033677
CCGATTGGTCAATGAA-1,0.000075,0.000225,0.025224,0.067192,0.140997,0.766288
CCGCACAAAGACCAAC-1,0.000019,0.179924,0.22873,0.546825,0.023717,0.020785
CCGCACACGAACGTGT-1,0.022278,0.583983,0.284372,0.044517,0.054765,0.010084
CCGCACGTGACCTCGG-1,0.000051,0.129282,0.000305,0.671701,0.177352,0.02131
CCGCACTTGCAATGAC-1,0.032588,0.000481,0.009718,0.000641,0.956412,0.00016
CCGCATGTGGTACGAT-1,0.003868,0.074336,0.160255,0.693899,0.067545,0.000097
CCGCCACCACAATCCA-1,0.029193,0.000191,0.000127,0.000254,0.185141,0.785094
CCGCCGGAACTTCTCG-1,0.000037,0.084349,0.078566,0.601839,0.199529,0.035679
CCGCCGGTCAACACAC-1,0.00228,0.000205,0.000137,0.000273,0.000068,0.997037
CCGCCGTTGAGGATAA-1,0.000013,0.463076,0.367021,0.159399,0.010274,0.000217
CCGCCTGCGAATTGGT-1,0.00017,0.124276,0.00034,0.00068,0.16235,0.712183
CCGCCTTGCGATGTCG-1,0.000022,0.73047,0.031945,0.160571,0.005111,0.071881
CCGCGATTTGGTAGGT-1,0.000013,0.769906,0.02632,0.202706,0.001041,0.000013
CCGCGCAAGATACCCA-1,0.000081,0.000244,0.000163,0.011203,0.720227,0.268082
CCGCGGAATGCGTCAC-1,0.000029,0.378847,0.216549,0.395002,0.009545,0.000029
CCGCGGGTACGAAGAA-1,0.000009,0.402066,0.063331,0.509963,0.000998,0.023633
CCGCGTAGGTAAGGGC-1,0.000041,0.240534,0.000083,0.590344,0.11312,0.055878
CCGCTATCAGCACCAG-1,0.000069,0.133687,0.06089,0.13307,0.666298,0.005987
CCGCTCCAGGGCGATC-1,0.000721,0.364394,0.225593,0.408789,0.000482,0.000021
CCGCTCCGGATAAGCT-1,0.000061,0.192545,0.032001,0.239939,0.492212,0.043242
CCGCTCTTCCGAACTA-1,0.276715,0.044903,0.16523,0.182435,0.330599,0.000119
CCGCTGGTGCCATTCA-1,0.000138,0.000415,0.000276,0.000553,0.005416,0.993202
CCGCTTACCTCACTCT-1,0.00003,0.479477,0.049282,0.458542,0.00003,0.012639
CCGCTTCGCGGTTAAC-1,0.000171,0.000512,0.000342,0.000683,0.308053,0.690239
CCGCTTGCTGACATGG-1,0.00004,0.329167,0.004364,0.507053,0.112231,0.047145
CCGGAAGTGCAATATG-1,0.000023,0.304338,0.357948,0.304573,0.033094,0.000023
CCGGAAGTTATCAGTC-1,0.00002,0.556523,0.309184,0.134233,0.00002,0.00002
CCGGAATGGTTTCAGT-1,0.000033,0.374997,0.015624,0.512524,0.069264,0.027559
CCGGAGCGTACTTTCT-1,0.000048,0.195777,0.30602,0.352549,0.14161,0.003997
CCGGAGGTCTTATGGT-1,0.000164,0.000491,0.050184,0.285656,0.172045,0.49146
CCGGCACGACCGTTTC-1,0.000042,0.006696,0.001603,0.944796,0.04682,0.000042
CCGGCCGCGAGCATAT-1,0.00007,0.00021,0.00014,0.031168,0.724074,0.244339
CCGGCGCATATTGGAT-1,0.000138,0.000414,0.000276,0.000552,0.143344,0.855276
CCGGCGTGAGACTCTG-1,0.000754,0.333529,0.02015,0.56468,0.076358,0.004529
CCGGGACCCGCAGAGA-1,0.000018,0.808159,0.023345,0.060608,0.088552,0.019319
CCGGGCGGTCTCGTCA-1,0.000028,0.321236,0.027047,0.554354,0.094955,0.00238
CCGGGCTAAGAATTTC-1,0.000347,0.673984,0.047353,0.252489,0.025816,0.00001
CCGGGCTGCTCCATAC-1,0.000028,0.473026,0.017379,0.50951,0.000028,0.000028
CCGGGTTCGAGGTTAC-1,0.000034,0.284786,0.035868,0.672662,0.006616,0.000034
CCGGTAATGGCTAGTC-1,0.000596,0.524324,0.026766,0.44828,0.000017,0.000017
CCGGTATCTGGCGACT-1,0.000023,0.33231,0.014453,0.651807,0.001384,0.000023
CCGGTGCGAGTGATAG-1,0.000106,0.055139,0.000213,0.042544,0.141094,0.760904
CCGGTTTGTAATTGTG-1,0.001039,0.423867,0.198107,0.363166,0.000025,0.013797
CCGTAAGTTGGTCCCA-1,0.000027,0.279598,0.135288,0.581915,0.003146,0.000027
CCGTACCCAAGCGCCA-1,0.000068,0.000203,0.064033,0.000271,0.066813,0.868613
CCGTAGGAAATCCCTG-1,0.409662,0.000451,0.461829,0.000602,0.127305,0.00015
CCGTAGGGTTGTTTAC-1,0.869471,0.000341,0.000227,0.000454,0.090255,0.039252
CCGTATCTCGTCGTAG-1,0.000038,0.038815,0.015158,0.854017,0.035466,0.056506
CCGTATTAGCGCAGTT-1,0.000219,0.732024,0.000437,0.000875,0.000219,0.266227
CCGTCAACCTCTGGCG-1,0.00003,0.270075,0.006319,0.653265,0.070281,0.00003
CCGTGAGGCATTCATG-1,0.000014,0.44225,0.010003,0.547703,0.000014,0.000014
CCGTGCCCATGACGGC-1,0.000099,0.000297,0.071608,0.000395,0.026681,0.90092
CCGTGGAACGATCCAA-1,0.000019,0.625448,0.036615,0.148019,0.096959,0.092941
CCGTGTTAAATTCCAT-1,0.000047,0.112302,0.120764,0.694598,0.043862,0.028428
CCGTTACGTTAGAACA-1,0.000026,0.355167,0.103888,0.093424,0.306186,0.141309
CCGTTCCGAATCTCGG-1,0.000042,0.025987,0.047333,0.825247,0.084546,0.016845
CCGTTTCCTTTCCGTG-1,0.000301,0.746019,0.012463,0.2412,0.000009,0.000009
CCTAAACAGGGTCCGT-1,0.000043,0.065304,0.009635,0.000171,0.011373,0.913475
CCTAAAGGCTGACGCT-1,0.000066,0.072008,0.00579,0.000263,0.044885,0.876989
CCTAAATTAACGGTTC-1,0.000036,0.092511,0.537936,0.187024,0.165692,0.0168
CCTAAATTGTATCCTA-1,0.000039,0.183984,0.459633,0.146403,0.207526,0.002414
CCTAACCCAAACAAGT-1,0.000028,0.08046,0.47077,0.303007,0.145707,0.000028
CCTAACTAAGGCTCTA-1,0.000027,0.526954,0.041928,0.305639,0.061834,0.063618
CCTAAGTGTCTAACCG-1,0.00403,0.000351,0.000234,0.008482,0.21241,0.774495
CCTACAAGTCCGGAAT-1,0.000114,0.000342,0.000228,0.000455,0.106288,0.892574
CCTACAGTTGAGGGAG-1,0.000035,0.117627,0.041424,0.772355,0.068523,0.000035
CCTACATTCACAGACG-1,0.000027,0.188975,0.043694,0.698158,0.069118,0.000027
CCTACGCGACCTTACA-1,0.000071,0.05298,0.000143,0.000286,0.000071,0.946448
CCTACGGCTCAGTCGA-1,0.000103,0.000308,0.000206,0.000411,0.232036,0.766937
CCTACTCAACACGATT-1,0.000139,0.000417,0.338754,0.044297,0.616255,0.000139
CCTACTGCGGCGGCCA-1,0.000864,0.718559,0.099246,0.048485,0.067106,0.06574
CCTACTGCTTACACTT-1,0.000031,0.272016,0.052615,0.639041,0.010817,0.025481
CCTAGGCGTAGCGATC-1,0.000021,0.56309,0.060787,0.376061,0.000021,0.000021
CCTAGGTAAAGGTAGC-1,0.000825,0.089383,0.107678,0.584923,0.189281,0.027911
CCTAGTTAGTCGCATG-1,0.000086,0.239757,0.032552,0.000343,0.000086,0.727177
CCTATACCGTCCTGTC-1,0.000026,0.58544,0.103201,0.258681,0.0402,0.012452
CCTATATCGTGTCACG-1,0.000828,0.832046,0.067423,0.099683,0.00001,0.00001
CCTATATTTGTCCTGG-1,0.000693,0.504509,0.067004,0.427754,0.00002,0.00002
CCTATCTATATCGGAA-1,0.000018,0.638757,0.191196,0.101297,0.023563,0.045168
CCTATGAAGTGGTGCC-1,0.000598,0.432646,0.133083,0.433642,0.000015,0.000015
CCTATGGCTCCTAGTG-1,0.000022,0.48924,0.018484,0.48112,0.011112,0.000022
CCTATGGGTTACCGTC-1,0.000021,0.391626,0.04042,0.558259,0.000021,0.009653
CCTATGGTCAAAGCTG-1,0.000729,0.489957,0.136202,0.335924,0.037169,0.000018
CCTATGTCCACTCCAC-1,0.028639,0.387254,0.000419,0.018314,0.565164,0.000209
CCTATTATTCCGGCCG-1,0.000271,0.000812,0.000541,0.001082,0.642639,0.354655
CCTCAACGATCGCTGT-1,0.000059,0.000178,0.011859,0.070358,0.577813,0.339733
CCTCACCAATCTTGAC-1,0.000047,0.450702,0.026233,0.124216,0.226501,0.172301
CCTCACCTGAGGGAGC-1,0.000057,0.000171,0.000114,0.655959,0.325639,0.018061
CCTCACCTTAGCATCG-1,0.000028,0.428989,0.016424,0.507188,0.047343,0.000028
CCTCATGCAGCTACGA-1,0.000108,0.000323,0.000215,0.00043,0.142722,0.856203
CCTCCCGACAATCCCT-1,0.000122,0.000365,0.000243,0.000487,0.273061,0.725723
CCTCCGACAATTCAAG-1,0.000036,0.018884,0.007976,0.883683,0.066265,0.023156
CCTCCTAGCTAGAGTC-1,0.000788,0.480598,0.032871,0.396743,0.077565,0.011434
CCTCCTGAGCCCACAT-1,0.000032,0.093093,0.148835,0.585437,0.086748,0.085856
CCTCGAAGTGGACGGG-1,0.000104,0.224961,0.000207,0.131802,0.16981,0.473115
CCTCGACCCACTGCCT-1,0.000096,0.000287,0.000191,0.000383,0.036532,0.962511
CCTCGCCAGCAAATTA-1,0.000022,0.608104,0.038058,0.145312,0.107984,0.100519
CCTCGCGCGATATAGG-1,0.002043,0.43134,0.077882,0.216618,0.212631,0.059487
CCTCGCGCTGTGCGAT-1,0.00006,0.275029,0.105046,0.471649,0.148155,0.00006
CCTCGGACCGGGATAG-1,0.000026,0.358734,0.134505,0.385457,0.103682,0.017596
CCTCGGATGCTACCTG-1,0.000088,0.000263,0.000175,0.181413,0.478503,0.339558
CCTCGGTTTCCTTGCC-1,0.00003,0.154467,0.213784,0.601566,0.027312,0.00284
CCTCGTTACGCCTGTT-1,0.000087,0.00026,0.016673,0.022444,0.150337,0.810198
CCTCTAATCTGCCAAG-1,0.001416,0.135723,0.051704,0.482165,0.328023,0.00097
CCTCTACAAGGATTGG-1,0.000881,0.50042,0.119609,0.301996,0.065174,0.01192
CCTCTATCGATTAGCA-1,0.000404,0.61374,0.011366,0.374467,0.000011,0.000011
CCTCTCTCCCATCTAG-1,0.000027,0.328642,0.126151,0.522116,0.00029,0.022773
CCTCTGGCCTAGACGG-1,0.00006,0.363212,0.023844,0.000239,0.00006,0.612586
CCTCTGTACTATTCTA-1,0.000074,0.028594,0.801245,0.075494,0.091837,0.002755
CCTGAACGATATATTC-1,0.00003,0.36067,0.121252,0.466091,0.027326,0.024631
CCTGAATATTTACATA-1,0.000027,0.555363,0.050319,0.347581,0.023876,0.022834
CCTGACAAACTCGCGC-1,0.000052,0.000156,0.000104,0.000209,0.002464,0.997014
CCTGACCACCGATGGT-1,0.000072,0.015006,0.30586,0.007257,0.671733,0.000072
CCTGACGCAACCTTTA-1,0.000068,0.024596,0.002031,0.024479,0.251406,0.69742
CCTGAGAATAAATGCA-1,0.010552,0.504202,0.064812,0.350743,0.049204,0.020486
CCTGATTCGCGAAGAA-1,0.000012,0.573522,0.109348,0.291675,0.015005,0.010438
CCTGCCCGTTGTCTAG-1,0.000048,0.01035,0.000096,0.231908,0.733606,0.023992
CCTGCGATAGAACTGT-1,0.000058,0.008014,0.000116,0.091778,0.116637,0.783396
CCTGCGTTCTACGCTT-1,0.000022,0.624169,0.129468,0.175852,0.045385,0.025104
CCTGCTACAACCATAC-1,0.000017,0.888064,0.092439,0.019445,0.000017,0.000017
CCTGCTATTTGAGAAG-1,0.00002,0.268588,0.054976,0.626978,0.030947,0.018491
CCTGGAAACGTTCTGC-1,0.000017,0.480793,0.115645,0.379699,0.015454,0.008392
CCTGGCTAGACCCGCC-1,0.000069,0.0226,0.124781,0.746243,0.106238,0.000069
CCTGGTCGAATGTGGG-1,0.000068,0.000205,0.464399,0.280098,0.255161,0.000068
CCTGTAAGACATGATA-1,0.000024,0.615813,0.086758,0.265933,0.012743,0.018728
CCTGTACTCACGCCCA-1,0.000036,0.023212,0.000071,0.868911,0.107735,0.000036
CCTGTCACCCGGGCTC-1,0.000017,0.093416,0.178067,0.723961,0.004521,0.000017
CCTGTCCCTCACGTTA-1,0.000028,0.338947,0.152629,0.494945,0.004038,0.009413
CCTGTCGCCCGTAAAT-1,0.000013,0.785496,0.064135,0.149529,0.000013,0.000814
CCTGTCGTGTATGAAG-1,0.000069,0.179345,0.052053,0.039877,0.379946,0.348709
CCTGTGAAACCGTAAC-1,0.000042,0.175583,0.013871,0.084879,0.030394,0.695231
CCTGTGCATAGGAGAC-1,0.000093,0.00028,0.000186,0.02459,0.171578,0.803274
CCTGTGCGGATTGTAA-1,0.000095,0.000286,0.00019,0.000381,0.389257,0.60979
CCTGTTCAACCTCGGG-1,0.001235,0.000772,0.004619,0.877909,0.093607,0.021857
CCTTAAGTACGCAATT-1,0.000016,0.552576,0.226285,0.197606,0.023501,0.000016
CCTTCAGTTAAAGTGA-1,0.000018,0.367748,0.088469,0.505548,0.019792,0.018425
CCTTCCGCAACGCTGC-1,0.000031,0.189136,0.068321,0.278243,0.430813,0.033456
CCTTCGTATAGAATCC-1,0.000035,0.000105,0.010654,0.787197,0.197678,0.00433
CCTTCTCAGCGTTCCT-1,0.000991,0.314103,0.053126,0.58745,0.044299,0.00003
CCTTCTTGATCCAGTG-1,0.000051,0.089673,0.062709,0.453496,0.307385,0.086687
CCTTGACCACTTTATT-1,0.000141,0.033441,0.43937,0.000565,0.526342,0.000141
CCTTGTGAACGTGGTT-1,0.000026,0.18269,0.005893,0.760461,0.043542,0.007389
CCTTTAAGGGAGCACT-1,0.000502,0.880096,0.01821,0.101165,0.000014,0.000014
CCTTTCAATGAAGAAA-1,0.00003,0.174786,0.066418,0.541332,0.184559,0.032874
CCTTTGAATTATGGCT-1,0.000036,0.643642,0.082622,0.176415,0.046551,0.050735
CGAAACATAGATGGCA-1,0.000101,0.000302,0.000201,0.158513,0.238336,0.602547
CGAAACGCAATTCATG-1,0.000022,0.338825,0.071231,0.483334,0.106566,0.000022
CGAACAGTATGGGCGT-1,0.000034,0.040042,0.565294,0.328187,0.049417,0.017027
CGAACATAGTCAGAAA-1,0.000083,0.149091,0.000166,0.000332,0.050348,0.799979
CGAACCCGCATGCGTC-1,0.000046,0.04071,0.106845,0.803289,0.049064,0.000046
CGAACCTCTTTCCTAG-1,0.000025,0.42155,0.035844,0.455297,0.064123,0.023162
CGAACGCCCAGTGCCG-1,0.000096,0.000287,0.000191,0.008462,0.152655,0.838309
CGAACGGCCGGACAAC-1,0.000392,0.286523,0.01608,0.627207,0.066174,0.003624
CGAAGACGGTGAGTGC-1,0.000023,0.553745,0.054413,0.000091,0.000023,0.391706
CGAAGACTGCCCGGGA-1,0.00007,0.000211,0.000141,0.061999,0.071287,0.866291
CGAAGATCAGTTTCAT-1,0.000908,0.146096,0.143312,0.589894,0.099493,0.020296
CGAAGCCACAGCATGG-1,0.001629,0.074332,0.000121,0.23958,0.484653,0.199685
CGAAGCTATAAATTCA-1,0.00085,0.367778,0.001701,0.003402,0.401299,0.224971
CGAAGGGTTTCAGATT-1,0.000883,0.661797,0.022942,0.259515,0.027228,0.027634
CGAAGTTGCTCTGTGT-1,0.000047,0.04411,0.031753,0.906303,0.01774,0.000047
CGAATCTGCTCGACGC-1,0.001152,0.307159,0.035383,0.453453,0.197787,0.005066
CGAATGAAGTCATTGC-1,0.000648,0.242902,0.028772,0.700102,0.024867,0.002709
CGAATGACGCATAATG-1,0.000022,0.249704,0.201031,0.479801,0.065685,0.003757
CGAATGGTAGGTCGTC-1,0.000011,0.725324,0.003123,0.271521,0.000011,0.000011
CGAATTACATGGTGTT-1,0.000071,0.146822,0.115006,0.000283,0.011416,0.726402
CGAATTCCCGGTTCAA-1,0.007507,0.069509,0.379618,0.000394,0.542873,0.000099
CGACAATTTGATCTAA-1,0.000017,0.380133,0.350414,0.23308,0.019798,0.016557
CGACACCGCTTAAGGA-1,0.000575,0.401793,0.00202,0.002299,0.267527,0.325786
CGACACGCTCCGACAG-1,0.000033,0.437391,0.284201,0.254109,0.024233,0.000033
CGACACGGATGCCCAC-1,0.001412,0.004237,0.161741,0.00565,0.001412,0.825547
CGACAGTTCGCGTTAT-1,0.000041,0.389953,0.090751,0.404943,0.114271,0.000041
CGACATGCGATCTTCT-1,0.000103,0.00031,0.05131,0.000413,0.034539,0.913325
CGACCCTTAACGCCGG-1,0.000017,0.425155,0.016912,0.536037,0.021656,0.000222
CGACCGTTGGTATTCG-1,0.001095,0.194021,0.06917,0.504735,0.169545,0.061434
CGACCTACTAGACAAT-1,0.000074,0.000221,0.000147,0.071822,0.507125,0.420611
CGACGCATCCGTACCT-1,0.000038,0.19068,0.042736,0.487014,0.279494,0.000038
CGACTCAGGATGTTAT-1,0.000035,0.529254,0.005107,0.358336,0.080423,0.026846
CGACTCGGTACACGGT-1,0.010504,0.001163,0.000775,0.00155,0.140443,0.845565
CGACTTGCCGGGAAAT-1,0.000358,0.376306,0.046226,0.472399,0.084008,0.020703
CGACTTTGTATAGCCT-1,0.000682,0.371619,0.392799,0.234865,0.000017,0.000017
CGAGACCCTAGAGTGT-1,0.000105,0.06572,0.020188,0.288191,0.625691,0.000105
CGAGACTACTGCTGCT-1,0.000024,0.360104,0.360254,0.275475,0.004117,0.000024
CGAGAGATGTGAACCT-1,0.000321,0.518203,0.070889,0.404976,0.00001,0.0056
CGAGAGCGCGTAGATA-1,0.000286,0.818237,0.049994,0.119748,0.010237,0.001497
CGAGAGCTTTCACTAC-1,0.000115,0.000345,0.499904,0.00046,0.499062,0.000115
CGAGATGTTGCCTATA-1,0.000089,0.000268,0.000178,0.220061,0.160018,0.619386
CGAGATTTCGCTCGGG-1,0.000029,0.083004,0.078415,0.810342,0.028181,0.000029
CGAGCACTTCAAGTTT-1,0.000043,0.403057,0.058172,0.343342,0.103076,0.092311
CGAGCCGAGCACTCGA-1,0.000108,0.000323,0.000215,0.00043,0.121743,0.877182
CGAGCGTTGATCAGCC-1,0.0001,0.106831,0.000199,0.000399,0.312307,0.580165
CGAGCTGGGCTTTAGG-1,0.000022,0.666176,0.036496,0.034033,0.027907,0.235365
CGAGGAGCTTCCATAT-1,0.000132,0.898093,0.061111,0.040401,0.000132,0.000132
CGAGGATCGGGAACGA-1,0.000027,0.151403,0.053161,0.653613,0.106583,0.035213
CGAGGCCAGGCATTGG-1,0.000074,0.000222,0.000148,0.000296,0.168309,0.830951
CGAGGCTAAATATGGC-1,0.00002,0.246185,0.021163,0.662805,0.052567,0.01726
CGAGGGACTGCGGTCG-1,0.000013,0.587176,0.267908,0.144875,0.000013,0.000013
CGAGGGTATCCAGGTG-1,0.00159,0.100241,0.065485,0.772771,0.059867,0.000046
CGAGTACTAAAGAGGA-1,0.000012,0.498308,0.082843,0.372277,0.035795,0.010765
CGAGTGAAGGTACCAG-1,0.000029,0.109686,0.022394,0.781778,0.083514,0.002599
CGAGTGCTATAGTTCG-1,0.000109,0.000328,0.000219,0.000437,0.218113,0.780793
CGAGTTCTGTCCCACC-1,0.000022,0.517183,0.059438,0.383969,0.039365,0.000022
CGAGTTTATCGGACTG-1,0.000029,0.296947,0.013482,0.669955,0.015989,0.003598
CGATAACCAATTTGAG-1,0.000166,0.087215,0.000331,0.000663,0.000166,0.91146
CGATAATACTCAGGTT-1,0.000018,0.442893,0.077285,0.429936,0.020449,0.02942
CGATACCTCGCGGACA-1,0.001576,0.10147,0.55917,0.314339,0.023401,0.000045
CGATAGCGATACAGTG-1,0.002923,0.28187,0.100403,0.260395,0.353584,0.000825
CGATAGTCGTACTGCA-1,0.000113,0.000338,0.091748,0.547718,0.359971,0.000113
CGATATTAGCCGCAGG-1,0.000093,0.00028,0.000187,0.000373,0.000093,0.998973
CGATCATTAGAGGCAC-1,0.000302,0.000906,0.000604,0.111281,0.272519,0.614388
CGATCCACCATTGTTG-1,0.000039,0.228654,0.01842,0.623468,0.095258,0.03416
CGATCCGACCCAGTGC-1,0.000026,0.216821,0.387661,0.364926,0.03054,0.000026
CGATCCTCGCAACATA-1,0.000015,0.325069,0.027571,0.607874,0.007831,0.031641
CGATCGAGAAGCACCA-1,0.00001,0.528046,0.018943,0.439457,0.013533,0.00001
CGATCTGTTGGAGGAC-1,0.000039,0.038153,0.003725,0.872248,0.031314,0.05452
CGATGGACCCTACGCC-1,0.000986,0.712565,0.011288,0.19227,0.069423,0.013468
CGATGTTGTTATCTAC-1,0.000977,0.47876,0.057399,0.312432,0.14957,0.000863
CGATTAAATATCTCCT-1,0.000034,0.141822,0.588938,0.213866,0.030473,0.024868
CGATTCGCCTGGCTGC-1,0.000085,0.009959,0.496673,0.125813,0.367385,0.000085
CGATTTGTCATTAATG-1,0.000032,0.205546,0.041325,0.603819,0.128658,0.020621
CGCAAACACGAGTTAC-1,0.000028,0.04772,0.099847,0.796366,0.039143,0.016896
CGCAATCGATCATTAG-1,0.000072,0.000216,0.000144,0.062571,0.15653,0.780468
CGCAATTACTTTCGGT-1,0.00004,0.233608,0.007298,0.695579,0.008011,0.055464
CGCAATTAGGGTAATA-1,0.000023,0.307894,0.169264,0.499034,0.012452,0.011334
CGCAATTCTACAATAA-1,0.000035,0.027597,0.011885,0.63579,0.274315,0.050377
CGCACATGTCCACTAC-1,0.000017,0.848056,0.065488,0.086405,0.000017,0.000017
CGCACGTCTGTTTATG-1,0.000812,0.509178,0.177765,0.26875,0.031544,0.011951
CGCACGTGCGCTATCA-1,0.000035,0.15328,0.03225,0.773866,0.040534,0.000035
CGCAGAAACATTTGCG-1,0.001431,0.0003,0.0002,0.0004,0.148184,0.849485
CGCAGATCTTCACCCG-1,0.002683,0.459124,0.083261,0.226903,0.188383,0.039646
CGCAGGCGATCCAAAC-1,0.000061,0.003811,0.441359,0.001505,0.553202,0.000061
CGCAGTTCTATCTTTC-1,0.000038,0.35809,0.351781,0.282948,0.007105,0.000038
CGCATCATGGCTTCAG-1,0.000131,0.000394,0.000262,0.117323,0.036499,0.845391
CGCATCCATCAGCCAG-1,0.000037,0.324073,0.013174,0.488408,0.166697,0.007611
CGCATGCCGAATGCGT-1,0.002587,0.02503,0.627419,0.219536,0.125367,0.000061
CGCATGGTGCGATGCT-1,0.000055,0.133178,0.297867,0.510024,0.05882,0.000055
CGCATTAGCTAATAGG-1,0.000022,0.415516,0.029542,0.522839,0.010983,0.021098
CGCCAAGAAGCCGAGT-1,0.000691,0.70473,0.005078,0.289482,0.000009,0.000009
CGCCAATTATTGCGTT-1,0.000047,0.071,0.00057,0.000188,0.000194,0.928002
CGCCACAGGTCGCGAT-1,0.003403,0.143682,0.036125,0.641666,0.15831,0.016814
CGCCACCCGCATTAAC-1,0.000068,0.000204,0.000136,0.000272,0.133927,0.865394
CGCCAGTAGTACCTTG-1,0.000039,0.143034,0.08139,0.055998,0.193036,0.526503
CGCCATCCGATTATGA-1,0.000016,0.767603,0.036351,0.173212,0.001475,0.021343
CGCCCAGCACGCCTAG-1,0.00003,0.436033,0.136816,0.403393,0.023698,0.00003
CGCCCAGCGTTTCACG-1,0.005359,0.00046,0.375203,0.000614,0.61821,0.000153
CGCCCGCTTCCGTACA-1,0.000022,0.827304,0.032723,0.031842,0.014572,0.093536
CGCCCTAATTGTTCAA-1,0.002736,0.339516,0.029812,0.422001,0.174275,0.03166
CGCCCTTACATCCACC-1,0.000059,0.307429,0.057227,0.06753,0.023253,0.544503
CGCCCTTGAAGGCTGA-1,0.000024,0.612427,0.019543,0.211443,0.114249,0.042315
CGCCGACTATTCGCTA-1,0.000068,0.000203,0.000136,0.067445,0.223703,0.708445
CGCCGCCCATGCCTGT-1,0.000058,0.129855,0.246017,0.431675,0.179611,0.012784
CGCCGCGTTCTGAACG-1,0.000363,0.501716,0.196708,0.288131,0.012123,0.00096
CGCCGGTGTCGCAGTA-1,0.001097,0.00329,0.002193,0.004386,0.001097,0.987938
CGCCGTCTACCCATCG-1,0.000019,0.240121,0.088093,0.613161,0.049814,0.008793
CGCCTCCCTCCTCTAT-1,0.000067,0.221954,0.503956,0.13895,0.135007,0.000067
CGCCTGGCCTACGTAA-1,0.000013,0.630793,0.009755,0.359412,0.000013,0.000013
CGCCTTTAGCATGCTC-1,0.000022,0.408887,0.178776,0.351178,0.061115,0.000022
CGCGAAGTGGCATACT-1,0.098059,0.00061,0.000407,0.000813,0.899908,0.000203
CGCGACACTGCGCAGC-1,0.000065,0.000196,0.000131,0.000261,0.015591,0.983756
CGCGACCGCGACAGAT-1,0.000277,0.000831,0.000554,0.275848,0.722214,0.000277
CGCGAGAGGGACTTGT-1,0.000352,0.001055,0.000703,0.001407,0.000352,0.996132
CGCGAGTCTGCCGGGT-1,0.000014,0.481543,0.06954,0.436112,0.012776,0.000014
CGCGCAAATGTCCAGA-1,0.001689,0.355057,0.164335,0.454984,0.02392,0.000016
CGCGCAAGGAACTACA-1,0.00008,0.00024,0.00016,0.000321,0.231755,0.767443
CGCGCATGTTTGATTG-1,0.000028,0.395768,0.476273,0.125787,0.002116,0.000028
CGCGCCCGACTTAATA-1,0.000982,0.096713,0.003252,0.67022,0.163289,0.065545
CGCGGCAGTATTACGG-1,0.000066,0.155965,0.096413,0.000895,0.095956,0.650705
CGCGGCTCAACTTGAA-1,0.000035,0.12576,0.121288,0.647869,0.105012,0.000035
CGCGGGAATTAGGCAG-1,0.000443,0.630402,0.090769,0.256677,0.017739,0.00397
CGCGGGAATTCCTTTC-1,0.000039,0.089705,0.041593,0.852023,0.016602,0.000039
CGCGGTAAGTCTAGCT-1,0.003438,0.620297,0.028098,0.26563,0.082512,0.000025
CGCGGTACGGTATACA-1,0.078738,0.057483,0.10028,0.323616,0.439708,0.000174
CGCGGTCACAAACCAA-1,0.000947,0.408202,0.001894,0.003788,0.000947,0.584222
CGCGTACATTCTGGAA-1,0.000194,0.000581,0.000388,0.268504,0.091845,0.638488
CGCGTCATATTAAACC-1,0.000067,0.000202,0.000134,0.000269,0.064696,0.934631
CGCGTGCTATCAACGA-1,0.000106,0.000317,0.000211,0.000422,0.254947,0.743997
CGCGTGGGCCTGTGTT-1,0.001515,0.004546,0.00303,0.006061,0.779817,0.205031
CGCGTTCATGAAATAC-1,0.000026,0.080425,0.013541,0.844888,0.061093,0.000026
CGCTACCGCCCTATGA-1,0.00012,0.00036,0.00024,0.148909,0.171064,0.679308
CGCTACGGGACATTTA-1,0.002418,0.565302,0.293203,0.070652,0.068398,0.000027
CGCTAGAGACCGCTGC-1,0.00003,0.365514,0.139859,0.46238,0.032186,0.00003
CGCTATACCGCCCACT-1,0.000093,0.008724,0.000186,0.105769,0.169439,0.715789
CGCTATCGTGGCTTTA-1,0.000448,0.217873,0.000896,0.001792,0.000882,0.778109
CGCTATTCAATGTATG-1,0.006505,0.414168,0.150085,0.053246,0.097026,0.278971
CGCTATTCTTAGGCTC-1,0.000033,0.326867,0.479959,0.125632,0.067477,0.000033
CGCTCGACATAATGAT-1,0.000017,0.348972,0.093973,0.518862,0.00762,0.030556
CGCTCTCCGTAGATTA-1,0.000054,0.123504,0.047757,0.775037,0.026573,0.027076
CGCTGAGGACGTCCAA-1,0.000059,0.137179,0.000118,0.080806,0.012375,0.769463
CGCTGGTGACTACCCT-1,0.000025,0.549035,0.397256,0.053634,0.000025,0.000025
CGCTGTGACGCCGCAC-1,0.000034,0.151443,0.000067,0.707119,0.141304,0.000034
CGCTGTGTGGATGTTG-1,0.000017,0.469884,0.059648,0.470416,0.000017,0.000017
CGCTTAGTATTGATAC-1,0.000034,0.1224,0.191122,0.543574,0.140915,0.001954
CGCTTATTCCCGGTCG-1,0.000037,0.385791,0.046295,0.492708,0.075131,0.000037
CGCTTCCACTGAAATC-1,0.000016,0.696939,0.10823,0.019883,0.172704,0.002227
CGCTTCGGTCTAAGAC-1,0.495982,0.000499,0.000333,0.041183,0.426527,0.035476
CGCTTGGACGGATAGA-1,0.000138,0.000414,0.115138,0.000552,0.88362,0.000138
CGCTTTCATACCGGTG-1,0.000038,0.646841,0.032686,0.014934,0.016798,0.288704
CGCTTTCCGCCAAGGT-1,0.000023,0.526654,0.133957,0.335692,0.00365,0.000023
CGCTTTCTTGCATTCG-1,0.000032,0.307656,0.121982,0.553911,0.016387,0.000032
CGGAAAGAATCAAACG-1,0.000016,0.207455,0.169518,0.571952,0.038607,0.012451
CGGAAAGCAAATGTGC-1,0.000043,0.000128,0.000085,0.000171,0.000043,0.999531
CGGAAATTTCACATCC-1,0.000047,0.099058,0.111177,0.000188,0.000047,0.789482
CGGAACGTAAACATAG-1,0.000025,0.202893,0.346242,0.188609,0.212326,0.049905
CGGACCTCTGTAGTTA-1,0.000023,0.157413,0.084606,0.69974,0.04214,0.016079
CGGACCTTTACGTCCC-1,0.000036,0.179924,0.104826,0.662157,0.053022,0.000036
CGGACGTTACTTGAAG-1,0.000042,0.270252,0.048367,0.311433,0.179797,0.190109
CGGAGCAATTTAATCG-1,0.000038,0.242072,0.306278,0.338022,0.102698,0.010894
CGGAGCATGGCGATCC-1,0.000046,0.162096,0.283384,0.494576,0.051076,0.008823
CGGAGCTTATAACACC-1,0.000096,0.000288,0.033063,0.145236,0.222654,0.598663
CGGAGTCCTAACCTGG-1,0.002529,0.000217,0.000145,0.000289,0.026206,0.970614
CGGAGTTTGAGAGACA-1,0.000021,0.363235,0.021174,0.572144,0.030001,0.013425
CGGATAAGCGGACATG-1,0.000076,0.104991,0.006693,0.156996,0.005601,0.725643
CGGATCCTCAAGGACT-1,0.000092,0.000275,0.311134,0.108753,0.527029,0.052717
CGGATGAATGCTGTGA-1,0.000011,0.828185,0.003967,0.155906,0.000011,0.01192
CGGATTCTGCCTTATG-1,0.000037,0.238323,0.017523,0.687456,0.037889,0.018772
CGGCAAACATCGTGCG-1,0.00487,0.000166,0.094644,0.411923,0.488342,0.000055
CGGCAATAAGATCGCC-1,0.002326,0.000204,0.335781,0.098295,0.563327,0.000068
CGGCACCGTTAGCGCC-1,0.000066,0.530524,0.092091,0.000266,0.067464,0.309588
CGGCACTCAAGAAAGT-1,0.000048,0.036739,0.000096,0.000192,0.00008,0.962845
CGGCAGGGTCGGGTTG-1,0.000776,0.654238,0.195468,0.1495,0.000009,0.000009
CGGCCACGCACAAAGT-1,0.000014,0.267933,0.403321,0.309738,0.018979,0.000014
CGGCCAGAGCGACCAT-1,0.000034,0.010129,0.058972,0.864901,0.065928,0.000034
CGGCCCAACCTGTAGT-1,0.000711,0.350408,0.065209,0.455486,0.123006,0.00518
CGGCCCAGGTATATCC-1,0.000022,0.360366,0.279312,0.270726,0.088751,0.000823
CGGCGCCATCAATCCC-1,0.08998,0.611267,0.000422,0.000844,0.297277,0.000211
CGGCTCTAAAGCTGCA-1,0.000016,0.552877,0.36289,0.053232,0.030458,0.000528
CGGCTCTTCGTCGAAC-1,0.000107,0.000321,0.000214,0.000428,0.001865,0.997063
CGGCTGAAGGTTACGC-1,0.003336,0.174085,0.005502,0.000349,0.040432,0.776294
CGGCTGCAAGATTAAG-1,0.000083,0.000249,0.000166,0.000331,0.326835,0.672336
CGGCTTTGTATGATAA-1,0.000087,0.185562,0.110358,0.000346,0.000087,0.703561
CGGGAACGCCCTGCAT-1,0.000032,0.200376,0.024572,0.170807,0.330924,0.273289
CGGGAAGTACCGTGGC-1,0.001561,0.504289,0.166106,0.006818,0.286625,0.0346
CGGGAATATAGTATAC-1,0.000019,0.473679,0.411836,0.038119,0.057955,0.018393
CGGGAATTTATGTAAA-1,0.000049,0.049586,0.296009,0.179379,0.474928,0.000049
CGGGAGCTTCAGTGTA-1,0.000053,0.039131,0.530067,0.210256,0.213717,0.006776
CGGGAGTATACCGCCG-1,0.000045,0.000134,0.000089,0.000178,0.000045,0.99951
CGGGATCAATGTAAGA-1,0.000014,0.47528,0.012228,0.465807,0.034382,0.012289
CGGGCAGCTAAACCGC-1,0.000025,0.286734,0.043818,0.611939,0.057459,0.000025
CGGGCCATAGCCGCAC-1,0.000096,0.000288,0.000192,0.000384,0.160737,0.838303
CGGGCGATGGATCACG-1,0.000027,0.224866,0.471315,0.235219,0.068547,0.000027
CGGGCTACTTAAATTG-1,0.007591,0.047334,0.129259,0.000594,0.00531,0.809913
CGGGTGTACCCATTTA-1,0.000028,0.177595,0.065313,0.58189,0.12322,0.051954
CGGGTTCGGCACGTAT-1,0.000168,0.000504,0.000336,0.000672,0.268582,0.729738
CGGGTTGTAGCTTTGG-1,0.000135,0.000404,0.000269,0.000539,0.228012,0.770642
CGGGTTTGTTAGGGCT-1,0.000147,0.033293,0.443457,0.092586,0.43037,0.000147
CGGTAACAAGATACAT-1,0.000083,0.000249,0.000166,0.035573,0.247981,0.715948
CGGTACGGCAAACCCA-1,0.000023,0.230489,0.244621,0.14465,0.229546,0.150671
CGGTACTAGAATCAAA-1,0.000311,0.902438,0.073637,0.023596,0.000009,0.000009
CGGTAGAGGTGCAGGT-1,0.000061,0.043467,0.000121,0.747217,0.164763,0.044372
CGGTATAGGTATTAGC-1,0.000215,0.000646,0.000431,0.098553,0.023442,0.876713
CGGTATGGGCACTCTG-1,0.000019,0.4966,0.06039,0.405349,0.037623,0.000019
CGGTCAAGTGGGAACC-1,0.000013,0.522581,0.003938,0.439724,0.020261,0.013484
CGGTCAGTCCATATTT-1,0.00012,0.247989,0.373668,0.00048,0.377623,0.00012
CGGTCCATGAGACTCC-1,0.000552,0.470183,0.001104,0.028194,0.338877,0.161091
CGGTCCGTCGCAAGCC-1,0.000021,0.200435,0.27117,0.520453,0.007901,0.000021
CGGTCTATCAACCCGT-1,0.000064,0.0194,0.054458,0.098314,0.661532,0.166232
CGGTGAAGACTAAAGT-1,0.000012,0.432148,0.030766,0.521471,0.002226,0.013377
CGGTGCAGATAGAACG-1,0.000015,0.422993,0.125213,0.449036,0.002729,0.000015
CGGTGCGCGTTGGTCC-1,0.000054,0.143647,0.06606,0.701598,0.088588,0.000054
CGGTGGGCTCCAGCCT-1,0.001157,0.052549,0.000074,0.000147,0.000037,0.946037
CGGTGTACTTGATCCC-1,0.000033,0.156595,0.019724,0.000133,0.000033,0.823481
CGGTTATCCAACAGTG-1,0.000014,0.648996,0.0202,0.330762,0.000014,0.000014
CGGTTCAAGTAGGTGT-1,0.000042,0.233962,0.016083,0.540581,0.209289,0.000042
CGGTTCCGGCTTCTTG-1,0.000114,0.000343,0.000229,0.000457,0.204789,0.794068
CGGTTGACCTGGCATA-1,0.000042,0.135777,0.061615,0.704496,0.054269,0.043801
CGGTTGAGTATCCTTC-1,0.000029,0.650301,0.072155,0.224157,0.03924,0.014118
CGGTTGGGCAGGGTCC-1,0.000016,0.521913,0.077994,0.400044,0.000016,0.000016
CGGTTGGGTTCAAGTT-1,0.000181,0.000544,0.000362,0.000725,0.050351,0.947838
CGGTTTACTGAACATT-1,0.0002,0.270275,0.0004,0.010361,0.0002,0.718565
CGGTTTATGAAGGAAC-1,0.000059,0.069383,0.000118,0.000236,0.000059,0.930145
CGTAAACGCTTGAGTG-1,0.000063,0.00019,0.000127,0.000254,0.03927,0.960096
CGTAAAGCAAGAAATC-1,0.000348,0.621986,0.012475,0.343835,0.008123,0.013232
CGTAAATAACAAAGGG-1,0.000012,0.171565,0.10461,0.656224,0.039132,0.028457
CGTAACGGAACGATCA-1,0.000087,0.078469,0.000174,0.000348,0.273399,0.647523
CGTAACTTCGACACTT-1,0.000023,0.347924,0.027737,0.576704,0.025822,0.021789
CGTAATAATTACGAGT-1,0.000039,0.157832,0.103173,0.033143,0.003819,0.701994
CGTAATATGGCCCTTG-1,0.000035,0.066124,0.539597,0.331281,0.062929,0.000035
CGTACCGAAAGTCTAG-1,0.000061,0.03947,0.000121,0.070851,0.091576,0.797921
CGTACCTGATAGGCCT-1,0.000031,0.547476,0.014966,0.313609,0.120427,0.003491
CGTAGAGAGTAATTAT-1,0.000055,0.096608,0.359768,0.259757,0.283756,0.000055
CGTAGCGAATTGTCAG-1,0.000066,0.078765,0.007733,0.011523,0.022948,0.878966
CGTAGCGCCGACGTTG-1,0.000081,0.000242,0.000161,0.000322,0.000081,0.999114
CGTATTAAGAGATCTA-1,0.00002,0.494308,0.18851,0.295257,0.015129,0.006776
CGTATTGTTTCCTAAT-1,0.000018,0.559713,0.114512,0.200479,0.092849,0.032431
CGTATTGTTTGGCGCC-1,0.000833,0.0025,0.001667,0.166173,0.165556,0.663271
CGTCAAATGGTCGCAG-1,0.000023,0.424346,0.109097,0.19007,0.166346,0.110119
CGTCAAGGCTATAAAT-1,0.000014,0.514648,0.054173,0.305031,0.076195,0.049938
CGTCAATCTTTAACAT-1,0.023863,0.075384,0.055912,0.077213,0.104628,0.663
CGTCACGTCCATTGGT-1,0.00004,0.456498,0.219048,0.300403,0.017385,0.006625
CGTCAGCTATTTACTC-1,0.000066,0.03071,0.000133,0.061183,0.003811,0.904096
CGTCAGTGCGCACAAG-1,0.000078,0.000235,0.000157,0.000313,0.311307,0.68791
CGTCAGTTTATCGTCT-1,0.000118,0.000354,0.197369,0.000472,0.000118,0.801569
CGTCATACCATATCCA-1,0.000054,0.059624,0.0153,0.000215,0.000054,0.924755
CGTCCAGATGGCTCCA-1,0.000071,0.000214,0.000142,0.000285,0.006387,0.992901
CGTCCTCATCGCGTGC-1,0.000115,0.000345,0.00023,0.047292,0.951902,0.000115
CGTCGCATGTGAGCCA-1,0.000026,0.455273,0.377668,0.153401,0.013607,0.000026
CGTCGCGGCGGGATTT-1,0.000021,0.550385,0.026522,0.001478,0.000021,0.421572
CGTCGCTTGGTTATAC-1,0.000022,0.67615,0.054562,0.256724,0.01252,0.000022
CGTCGGATAGTGTTGA-1,0.000037,0.133352,0.011453,0.707915,0.108672,0.038571
CGTCGGGTCTAAGCGC-1,0.025544,0.214617,0.196829,0.511066,0.046707,0.005237
CGTCGTCCTTCGCGAA-1,0.000263,0.000789,0.230454,0.001052,0.76718,0.000263
CGTCTCTCGCCGAGGC-1,0.000466,0.029161,0.473917,0.001862,0.000466,0.494129
CGTCTGGAAGGGCCCG-1,0.000046,0.485589,0.00067,0.159201,0.262493,0.092001
CGTCTTGAGTGTGACG-1,0.000039,0.379563,0.098639,0.47231,0.025744,0.023705
CGTGAACTGACCCGAT-1,0.000074,0.107296,0.129566,0.004088,0.016237,0.742739
CGTGAAGTTAATTCAC-1,0.002223,0.026313,0.821693,0.05525,0.079706,0.014814
CGTGACATTGGGTCGT-1,0.000129,0.000386,0.000258,0.000515,0.25247,0.746242
CGTGACCAGTCCTCTG-1,0.000025,0.111537,0.335854,0.525813,0.026747,0.000025
CGTGCACACCACTGTA-1,0.000043,0.312089,0.161848,0.370399,0.155578,0.000043
CGTGCAGACTGGGACA-1,0.000034,0.619867,0.190685,0.189346,0.000034,0.000034
CGTGCATTGTCGACGC-1,0.000022,0.680167,0.018282,0.301486,0.000022,0.000022
CGTGCCCGACATTTGT-1,0.000075,0.000226,0.000151,0.000302,0.13642,0.862826
CGTGCCCTCCCGAAGA-1,0.000032,0.381893,0.292532,0.270372,0.054687,0.000484
CGTGCTGGCCTAGTCG-1,0.00006,0.176393,0.000121,0.000242,0.00006,0.823124
CGTGCTTCTACCTAAA-1,0.00003,0.161181,0.048664,0.643617,0.142892,0.003616
CGTGGAAGCCTCGTAC-1,0.000031,0.11957,0.335317,0.480177,0.064876,0.000031
CGTGGCCGAATATCTA-1,0.00187,0.40889,0.441409,0.120279,0.020435,0.007116
CGTGGTACCCAAAGGC-1,0.000017,0.252891,0.216356,0.502699,0.02802,0.000017
CGTGTATGGGAGCTGA-1,0.039885,0.13105,0.376842,0.00202,0.449697,0.000505
CGTGTCCCATTCGCGA-1,0.000069,0.128019,0.000137,0.871639,0.000069,0.000069
CGTGTCTCGTTACGAC-1,0.000026,0.390585,0.011232,0.593737,0.004395,0.000026
CGTGTGTTAAACCCTG-1,0.000031,0.247604,0.034008,0.647958,0.038053,0.032346
CGTTAAACTAGTTAGG-1,0.000015,0.275462,0.542992,0.074831,0.106684,0.000015
CGTTAAATACGACCAG-1,0.000043,0.010108,0.800456,0.081901,0.107449,0.000043
CGTTAGCTCACAACTG-1,0.000129,0.000388,0.030229,0.000517,0.306695,0.662042
CGTTATCATACTTCCA-1,0.007255,0.000269,0.062374,0.280166,0.334416,0.315519
CGTTCAAGGAAACGGA-1,0.000546,0.258778,0.033783,0.687035,0.019843,0.000016
CGTTCAGACCCGCGAA-1,0.013693,0.171831,0.083801,0.556312,0.167366,0.006997
CGTTCATGGTGCGCGT-1,0.000027,0.268356,0.053087,0.578742,0.06899,0.030797
CGTTCTTCGCACACCT-1,0.0007,0.002101,0.001401,0.341173,0.191101,0.463524
CGTTGAATACCGCGCT-1,0.008165,0.000392,0.504144,0.000522,0.486646,0.000131
CGTTGAGCGACCGTCG-1,0.000083,0.032903,0.381004,0.230366,0.355562,0.000083
CGTTGAGTAATTGCGT-1,0.000066,0.783229,0.000132,0.000265,0.000066,0.216241
CGTTGCCCGCGTGGGA-1,0.000037,0.000111,0.009876,0.791296,0.198642,0.000037
CGTTGTAAACGTCAGG-1,0.00004,0.000121,0.033981,0.121672,0.001881,0.842305
CGTTGTAAGATTGATT-1,0.000067,0.639076,0.12278,0.076536,0.110616,0.050926
CGTTGTCGGCAATTGA-1,0.000019,0.309886,0.460547,0.216326,0.013202,0.000019
CGTTGTTTCAATTCCC-1,0.000057,0.132749,0.295432,0.42863,0.143074,0.000057
CGTTTAAGCGGAGCAC-1,0.000103,0.000309,0.000206,0.000413,0.000103,0.998865
CGTTTACAAGGCAGCT-1,0.000448,0.050796,0.890622,0.001792,0.055894,0.000448
CGTTTCACTTCGGGCG-1,0.00013,0.000389,0.000259,0.04138,0.792599,0.165244
CGTTTCGCTCATTACA-1,0.00003,0.636229,0.284973,0.078709,0.00003,0.00003
CGTTTCGGTTATATGC-1,0.000143,0.000429,0.105897,0.093682,0.799707,0.000143
CGTTTGGTGTTGTGGG-1,0.017709,0.000386,0.119975,0.473969,0.387833,0.000129
CGTTTGTGTAGAGGGT-1,0.000499,0.724689,0.053499,0.221283,0.000015,0.000015
CTAAACGGGTGTAATC-1,0.000047,0.039293,0.000094,0.154573,0.0153,0.790692
CTAAAGAATGCCTACT-1,0.000026,0.414021,0.055596,0.47351,0.018107,0.038739
CTAAAGGATGAGATAC-1,0.000015,0.243109,0.066954,0.627743,0.055387,0.006791
CTAAAGGGAAATAGGA-1,0.000051,0.280285,0.152415,0.030624,0.536573,0.000051
CTAAAGTCCGAAGCTA-1,0.000042,0.148333,0.10673,0.000168,0.012336,0.732391
CTAAATCCGGTGTACA-1,0.000397,0.53744,0.030027,0.416313,0.015811,0.000012
CTAAATCCTATTCCGG-1,0.000889,0.192182,0.07908,0.58954,0.098594,0.039715
CTAACAGCACAATAAC-1,0.000037,0.000112,0.000075,0.00852,0.454214,0.537042
CTAACCGCGCGCCCGT-1,0.000794,0.331313,0.213299,0.39934,0.055233,0.000022
CTAACGAAACTTGCTG-1,0.00002,0.252256,0.017985,0.671447,0.041053,0.01724
CTAACTGGTCCGGTTC-1,0.00002,0.526733,0.032913,0.425591,0.00002,0.014722
CTAAGGGAATGATTGG-1,0.000062,0.181949,0.548651,0.001551,0.267726,0.000062
CTAAGTACAGGGCTAC-1,0.000152,0.000457,0.000305,0.000609,0.320914,0.677562
CTAATGCGCCCAACAA-1,0.000079,0.000236,0.000157,0.000314,0.157914,0.8413
CTAATTATGAAGCGTA-1,0.001894,0.005682,0.003788,0.007576,0.001894,0.979166
CTAATTCGCACGCGCT-1,0.000022,0.293561,0.000334,0.694086,0.000022,0.011975
CTAATTCTCAGATATT-1,0.000031,0.331417,0.197004,0.354224,0.032828,0.084495
CTAATTTCAACAACAC-1,0.000023,0.490255,0.104258,0.227734,0.091973,0.085757
CTACAAGAAATAACCC-1,0.000333,0.659375,0.04481,0.288847,0.000009,0.006625
CTACACTAGCTTGTTC-1,0.000101,0.000303,0.110371,0.000405,0.028887,0.859933
CTACATATCGCGGGAC-1,0.000041,0.119743,0.000492,0.674975,0.190789,0.013958
CTACCCTAAGGTCATA-1,0.000801,0.573481,0.089122,0.29253,0.018933,0.025133
CTACGAACTAGGTCGA-1,0.000055,0.059889,0.077113,0.000222,0.000055,0.862665
CTACGACTAGCTATAA-1,0.000016,0.490592,0.075621,0.391666,0.013529,0.028576
CTACGATCCTATCCTA-1,0.000973,0.35022,0.032964,0.442063,0.154442,0.019338
CTACGCACGGAGTACC-1,0.000024,0.762963,0.147109,0.075927,0.000365,0.013612
CTACGCCATTTCCGAT-1,0.000081,0.0844,0.000162,0.007622,0.000081,0.907654
CTACGTGTTGCCACCA-1,0.000113,0.000338,0.000225,0.138606,0.029723,0.830996
CTACTATCATAGGTTT-1,0.000058,0.000174,0.016292,0.866759,0.085379,0.031338
CTACTATCTTTCAGAG-1,0.000013,0.928224,0.000443,0.071295,0.000013,0.000013
CTACTCAAGGTATAGT-1,0.000025,0.416434,0.097803,0.47139,0.007448,0.0069
CTACTCTAGGCCCGGC-1,0.000016,0.262458,0.082272,0.637401,0.000016,0.017838
CTACTGCCACCTGACC-1,0.000025,0.320283,0.192693,0.445351,0.02873,0.012917
CTAGACATATATGTAG-1,0.000059,0.462588,0.019453,0.010882,0.000059,0.50696
CTAGACTGCATTTCGT-1,0.000067,0.105675,0.032418,0.000269,0.000067,0.861503
CTAGATAAACTCCTCG-1,0.000082,0.000246,0.000164,0.000328,0.347291,0.651888
CTAGATGTGAGTGTAA-1,0.00003,0.318769,0.10662,0.443422,0.123612,0.007548
CTAGATTTACGACGGC-1,0.000056,0.114426,0.403163,0.442824,0.039475,0.000056
CTAGCAACTAATTTAC-1,0.002776,0.056876,0.000138,0.20275,0.084966,0.652495
CTAGCATAGTATAATG-1,0.000027,0.438126,0.197316,0.292086,0.072296,0.000149
CTAGCCCGGGAGACGA-1,0.000585,0.245771,0.048818,0.557949,0.111545,0.035332
CTAGCCGATGTTATGA-1,0.000044,0.283415,0.004889,0.522178,0.081331,0.108143
CTAGCGCCAATCCTAC-1,0.000073,0.00022,0.000147,0.000294,0.097279,0.901986
CTAGCTTAATGGTCCC-1,0.000013,0.807496,0.073512,0.118953,0.000013,0.000013
CTAGGCGCCCTATCAG-1,0.000056,0.026911,0.671517,0.155199,0.146261,0.000056
CTAGGCGGCAGAGAAT-1,0.00008,0.00024,0.059466,0.00032,0.347337,0.592557
CTAGGGATAGGGACAA-1,0.009695,0.065569,0.060848,0.709361,0.138983,0.015544
CTAGGTCTGAAGGAAT-1,0.000019,0.358974,0.05173,0.564431,0.008038,0.016808
CTAGGTTCGGACGTGA-1,0.000124,0.000373,0.414927,0.148795,0.435656,0.000124
CTAGTAGAAAGGGATT-1,0.000034,0.029849,0.411325,0.290961,0.267797,0.000034
CTAGTATTCGGAATTA-1,0.000083,0.226563,0.000763,0.000332,0.000083,0.772177
CTAGTCACGTCTTAAG-1,0.000032,0.135475,0.35664,0.451552,0.056269,0.000032
CTAGTGAAGGACAGGA-1,0.000021,0.550854,0.132686,0.311634,0.004783,0.000021
CTAGTTACAACCCGGT-1,0.000045,0.050276,0.469732,0.034035,0.445867,0.000045
CTAGTTGGGCCCGGTA-1,0.000009,0.903096,0.009118,0.087758,0.000009,0.000009
CTATAAGAGCCAATCG-1,0.000992,0.102759,0.01375,0.757739,0.120265,0.004496
CTATAAGTAGGGTTTG-1,0.000035,0.212026,0.13736,0.128651,0.194456,0.327472
CTATACTTAAAGCGAG-1,0.000016,0.617717,0.134521,0.06801,0.013935,0.1658
CTATAGGCGTTGATGT-1,0.000022,0.323937,0.049587,0.620536,0.005896,0.000022
CTATATCCAGCCTGGC-1,0.00002,0.438715,0.058616,0.469729,0.027118,0.005803
CTATCACAACGCTGGA-1,0.000017,0.402471,0.145461,0.300009,0.147191,0.00485
CTATCGACGAAATACA-1,0.004008,0.085852,0.083374,0.16202,0.664646,0.0001
CTATCGGGTCTCAACA-1,0.000021,0.608948,0.074262,0.307972,0.000147,0.00865
CTATGAACACCTTGCC-1,0.002818,0.233087,0.017679,0.68698,0.035337,0.024098
CTATGCCCGAATGCAA-1,0.0007,0.527702,0.112446,0.338599,0.017969,0.002584
CTATGGGAAGCGGAAT-1,0.00013,0.223386,0.04843,0.284784,0.44314,0.00013
CTATGTCACTAGCCCA-1,0.000026,0.511369,0.070058,0.396453,0.000026,0.022068
CTATGTCTATTGAAAC-1,0.008937,0.319928,0.234167,0.106734,0.003352,0.326882
CTATGTGAGTCACGGC-1,0.00004,0.151315,0.000696,0.756282,0.072676,0.018989
CTATTCATGTGTCCCA-1,0.000122,0.044638,0.393772,0.064825,0.496521,0.000122
CTATTGTGTTTGGTCA-1,0.005168,0.069653,0.00035,0.245754,0.000175,0.6789
CTATTTGCTTGGAGGA-1,0.001226,0.282349,0.066021,0.581604,0.058203,0.010598
CTATTTGGTTACGGAT-1,0.000042,0.389594,0.124454,0.425822,0.060047,0.000042
CTCAAACCACTGCCCG-1,0.000613,0.431084,0.022156,0.546116,0.000016,0.000016
CTCAACTAACCCGGAT-1,0.000053,0.002031,0.342616,0.088413,0.566834,0.000053
CTCAAGACATTAGCGC-1,0.000088,0.299684,0.000175,0.00035,0.000088,0.699616
CTCACACGCAAGCCTA-1,0.000126,0.322972,0.002412,0.000502,0.190815,0.483173
CTCACATTTACTAAAT-1,0.000553,0.598692,0.270574,0.116038,0.005405,0.008739
CTCACCAGTACAAGTG-1,0.000056,0.000168,0.000112,0.000224,0.214796,0.784643
CTCACCGATCCAAACT-1,0.001543,0.00463,0.003087,0.258358,0.001543,0.730839
CTCACTGTGATACTTA-1,0.000046,0.208804,0.273209,0.444419,0.031807,0.041715
CTCACTTGGCTGGTAA-1,0.000041,0.144174,0.014623,0.710308,0.077643,0.053211
CTCAGAGCTAATGTCG-1,0.000019,0.250327,0.058037,0.67843,0.013168,0.000019
CTCAGATTGTGATAAG-1,0.002216,0.167952,0.019066,0.343684,0.348462,0.11862
CTCAGCAGACTGCCGA-1,0.003213,0.000255,0.00017,0.00034,0.151015,0.845007
CTCAGGACTCACCTGT-1,0.000095,0.000284,0.00019,0.000379,0.230008,0.769044
CTCAGTCACGACAAAT-1,0.002006,0.717313,0.022727,0.250998,0.006361,0.000596
CTCATAAATGTGTATA-1,0.00001,0.53416,0.376089,0.080471,0.009259,0.00001
CTCATCACTTAGTGAT-1,0.000022,0.533702,0.263244,0.16036,0.000022,0.042649
CTCATGGCTCACAATC-1,0.0001,0.017174,0.000199,0.086876,0.0001,0.89555
CTCATGGTAATTTGCG-1,0.000035,0.036859,0.000071,0.921773,0.011189,0.030073
CTCATTAACGTTGCCC-1,0.000024,0.466877,0.062172,0.417774,0.034824,0.018328
CTCATTCGTGAACATC-1,0.000077,0.00023,0.000153,0.000306,0.235913,0.763321
CTCATTGCTCTAACAA-1,0.000061,0.119019,0.238921,0.114066,0.527872,0.000061
CTCATTTGATGGGCGG-1,0.001708,0.107065,0.082011,0.651411,0.157755,0.00005
CTCCCAATGAGTCGCG-1,0.000032,0.402851,0.157869,0.36847,0.070745,0.000032
CTCCCTCCTTTCGATC-1,0.000021,0.296583,0.091675,0.59441,0.004477,0.012834
CTCCCTTGTATCAAGG-1,0.000034,0.002783,0.462548,0.000457,0.060861,0.473317
CTCCGAGTAAATCCGC-1,0.000074,0.579658,0.019395,0.050457,0.000074,0.350342
CTCCGCCCACATGAGG-1,0.000035,0.456417,0.072204,0.42312,0.04819,0.000035
CTCCGGCCTAATATGC-1,0.000028,0.235082,0.173928,0.485266,0.073108,0.032586
CTCCGGCTTGTAGACA-1,0.000058,0.000173,0.03577,0.062617,0.083131,0.818251
CTCCTAAGTTATGTCT-1,0.000064,0.067775,0.139244,0.000255,0.000064,0.792597
CTCCTAGTAATCGTGA-1,0.000033,0.220788,0.170446,0.423453,0.165652,0.019627
CTCCTCCAGCTCACAC-1,0.000032,0.203415,0.094623,0.629846,0.072053,0.000032
CTCCTGTTCAAGGCAG-1,0.08281,0.110095,0.304659,0.00234,0.499988,0.000108
CTCCTTTACGCAAGTC-1,0.000128,0.156505,0.029043,0.588154,0.187755,0.038415
CTCGAATGGAACGTAT-1,0.000084,0.116836,0.000168,0.000337,0.000084,0.882491
CTCGAGACATACGATA-1,0.000026,0.327092,0.047306,0.278463,0.320826,0.026287
CTCGAGATCCAAAGCA-1,0.00649,0.001838,0.06691,0.064048,0.075327,0.785387
CTCGAGGCAAGTTTCA-1,0.00002,0.590984,0.01006,0.383278,0.009599,0.006059
CTCGAGGTCGAACAGT-1,0.000034,0.144556,0.150604,0.603176,0.101596,0.000034
CTCGATATTTGCGAGC-1,0.000035,0.522641,0.007987,0.345416,0.080315,0.043606
CTCGCACCTATATAGT-1,0.000009,0.854203,0.01002,0.135751,0.000009,0.000009
CTCGCATTGCATAGCC-1,0.000036,0.310464,0.044866,0.528002,0.105016,0.011614
CTCGCCGAATGTAGGG-1,0.02277,0.00851,0.452678,0.325865,0.190111,0.000067
CTCGCTAGGTAAGCGA-1,0.003789,0.42026,0.391132,0.184759,0.000031,0.000031
CTCGGGATAACACCTA-1,0.003892,0.550198,0.102704,0.277957,0.065231,0.000018
CTCGGGCATCGTCGGG-1,0.000089,0.000267,0.000463,0.000357,0.286152,0.712672
CTCGGGTTCTCTGGCC-1,0.000019,0.563171,0.162342,0.274429,0.000019,0.000019
CTCGGTACCACTGCTC-1,0.000023,0.891808,0.037178,0.070945,0.000023,0.000023
CTCGGTCCGTAGCCTG-1,0.00003,0.535478,0.046755,0.329552,0.072572,0.015612
CTCGGTTGTCGGCCCT-1,0.000041,0.053846,0.064146,0.807001,0.043017,0.031951
CTCGTCGAGGGCTCAT-1,0.00002,0.612409,0.005008,0.358492,0.024052,0.00002
CTCGTCTGTGCCTTCG-1,0.000038,0.242814,0.259993,0.458241,0.038877,0.000038
CTCGTGGCACTGAAAG-1,0.000013,0.518558,0.09612,0.385284,0.000013,0.000013
CTCGTTACGGCTACCA-1,0.000033,0.158928,0.03744,0.732874,0.062255,0.00847
CTCGTTTCTAATGTTT-1,0.001103,0.666665,0.058608,0.138284,0.011835,0.123505
CTCTAACACCGGCAGC-1,0.000013,0.594793,0.058915,0.335402,0.010863,0.000013
CTCTAATGCATTGATC-1,0.001969,0.962086,0.024214,0.00956,0.000017,0.002156
CTCTACACTGGCGATT-1,0.000023,0.457703,0.014281,0.471416,0.056554,0.000023
CTCTACATCCTGCGTG-1,0.001644,0.028884,0.0001,0.905521,0.046789,0.017062
CTCTAGCCCTCGGAAA-1,0.000122,0.000365,0.20612,0.392345,0.400926,0.000122
CTCTATTTGGCTGCAG-1,0.000161,0.235799,0.081097,0.120629,0.562154,0.000161
CTCTCACAATCGATGA-1,0.000015,0.537921,0.085061,0.367837,0.000015,0.009151
CTCTCGATGTGCGCCT-1,0.000112,0.000336,0.000224,0.000447,0.133224,0.865658
CTCTCGCTGTACTATG-1,0.000084,0.102496,0.000167,0.007665,0.059279,0.83031
CTCTCTAACTGCCTAG-1,0.000736,0.774848,0.041996,0.042922,0.139476,0.000021
CTCTGCAGGCATTCTT-1,0.000025,0.307656,0.015712,0.502915,0.173667,0.000025
CTCTGCGAAGCAAGCA-1,0.000073,0.000218,0.000145,0.052376,0.026684,0.920505
CTCTGGACGCCTGGTG-1,0.000044,0.165464,0.059245,0.743448,0.031754,0.000044
CTCTGTCCATGCACCA-1,0.000018,0.295408,0.355032,0.335763,0.012268,0.001511
CTCTGTGCCTGCTATG-1,0.000071,0.198608,0.046608,0.037202,0.057746,0.659766
CTCTGTTTGAGGATTC-1,0.006224,0.704902,0.018725,0.000324,0.002317,0.267508
CTCTTCTATTGACTGG-1,0.000034,0.538275,0.240666,0.191241,0.029749,0.000034
CTCTTCTGGAAGTTAG-1,0.000037,0.225387,0.034148,0.59984,0.140552,0.000037
CTCTTGTCCCGCTTGG-1,0.000027,0.793149,0.204693,0.002076,0.000027,0.000027
CTGAAACGGCCCTCAG-1,0.009717,0.000919,0.000613,0.001226,0.076333,0.911193
CTGAAAGAGATCCGAC-1,0.000613,0.564344,0.029991,0.300734,0.049062,0.055256
CTGAATCCGAGACCTC-1,0.000065,0.056981,0.302983,0.550858,0.085309,0.003803
CTGAATTTATTGCCAG-1,0.000058,0.742099,0.007508,0.164405,0.062113,0.023817
CTGACATAGAAATAGA-1,0.000609,0.501704,0.435214,0.052074,0.010383,0.000016
CTGACTGCGCAGCTCG-1,0.00065,0.493495,0.099331,0.309769,0.061646,0.03511
CTGAGAAAGTTCGGCG-1,0.000015,0.512666,0.23051,0.249786,0.007008,0.000015
CTGAGAGTAGAAATAC-1,0.6138,0.000241,0.005377,0.020779,0.356548,0.003255
CTGAGCAAGTAACAAG-1,0.000069,0.060227,0.000138,0.005903,0.000069,0.933594
CTGAGCGAGACTTATT-1,0.000025,0.537567,0.206205,0.173512,0.041866,0.040826
CTGATAGTGTATCTCA-1,0.000024,0.282868,0.067632,0.48911,0.132131,0.028236
CTGATCCCTTTATGCA-1,0.010307,0.194783,0.089752,0.490415,0.195063,0.019681
CTGCAAATGGGCTCCA-1,0.000055,0.000166,0.004497,0.039086,0.148868,0.807328
CTGCAAGCACGTTCCG-1,0.432494,0.148443,0.10122,0.002239,0.315454,0.00015
CTGCACAACTACATAT-1,0.000095,0.149602,0.304945,0.081055,0.448874,0.01543
CTGCACCTAGTCCACA-1,0.006965,0.313129,0.112074,0.351609,0.191434,0.02479
CTGCACCTGGAACCGC-1,0.000074,0.105694,0.061053,0.053228,0.20779,0.572161
CTGCACTCCAGTACAG-1,0.000154,0.095131,0.003066,0.416144,0.485351,0.000154
CTGCAGAGAATCAGAG-1,0.714857,0.074621,0.000204,0.000407,0.20981,0.000102
CTGCAGGGTGACGCTC-1,0.000104,0.000311,0.072951,0.818754,0.107777,0.000104
CTGCAGGTGCTCGGCC-1,0.000077,0.000231,0.000154,0.000309,0.130627,0.868601
CTGCCAAGGTTGGAAG-1,0.000035,0.280099,0.017421,0.479239,0.174791,0.048415
CTGCCATGCATCACAT-1,0.000051,0.041266,0.774375,0.069674,0.087098,0.027536
CTGCCCACGAAGCGTT-1,0.000023,0.676279,0.045991,0.041214,0.002432,0.234061
CTGCCTAGCCACCAAG-1,0.000103,0.129604,0.000207,0.000413,0.000103,0.86957
CTGCCTCATATGCAAC-1,0.001552,0.691516,0.093033,0.206972,0.002214,0.004713
CTGCCTTTAATACCTT-1,0.000024,0.645549,0.093156,0.260623,0.000024,0.000623
CTGCCTTTCTAGTAAA-1,0.039565,0.093947,0.0373,0.210549,0.618432,0.000206
CTGCGACCTCGCCGAA-1,0.000544,0.567539,0.058981,0.37205,0.000868,0.000017
CTGCGATTTCGAGATT-1,0.000038,0.164389,0.012761,0.774418,0.048356,0.000038
CTGCGGGTGAAATGTT-1,0.000027,0.243559,0.055204,0.57169,0.086355,0.043165
CTGCGGTAGTCACGTG-1,0.000153,0.00046,0.000307,0.000614,0.070984,0.927482
CTGCGTTACGATATAA-1,0.000078,0.098507,0.20285,0.011617,0.000078,0.686871
CTGCTCTCAACACACC-1,0.007706,0.000502,0.238431,0.000669,0.752525,0.000167
CTGCTCTGACGGCAAA-1,0.000009,0.51493,0.013456,0.471586,0.000009,0.000009
CTGCTGAGGCCACGAA-1,0.00065,0.42616,0.091566,0.478223,0.003382,0.000019
CTGCTGTCTAACGAGC-1,0.000023,0.269555,0.546257,0.122455,0.061688,0.000023
CTGCTTTATGTCCGCG-1,0.000694,0.002083,0.001389,0.626619,0.238203,0.131011
CTGGAAATGGATGCTT-1,0.000013,0.667308,0.047587,0.285065,0.000013,0.000013
CTGGAAGACACGGTGG-1,0.000071,0.000212,0.231785,0.320092,0.44777,0.000071
CTGGACGCAGTCCGGC-1,0.000014,0.682541,0.011734,0.300416,0.005281,0.000014
CTGGATTTACACTTGA-1,0.000056,0.15701,0.70168,0.089842,0.03483,0.016582
CTGGCATCCGAATGAG-1,0.000039,0.004517,0.056123,0.858822,0.080461,0.000039
CTGGCGACATAAGTCC-1,0.000081,0.000244,0.000163,0.239983,0.264352,0.495175
CTGGCGATTTACATGT-1,0.00064,0.423418,0.512739,0.008599,0.054586,0.000017
CTGGCGCACAGGTCTG-1,0.00004,0.045733,0.319928,0.525143,0.096906,0.012249
CTGGCGGGAATAAGTA-1,0.000041,0.047122,0.002025,0.001322,0.191972,0.757518
CTGGCTCCTGCGGGAT-1,0.000134,0.000401,0.000268,0.000535,0.104679,0.893984
CTGGCTGATTCATCCT-1,0.00002,0.722156,0.197083,0.080701,0.00002,0.00002
CTGGCTGCTAACGTAA-1,0.00006,0.016153,0.00012,0.08137,0.231493,0.670804
CTGGCTGGTTGTCAGT-1,0.000035,0.65199,0.267991,0.05428,0.025669,0.000035
CTGGGATAAATAATGG-1,0.000024,0.248033,0.196861,0.409929,0.104003,0.04115
CTGGGATACGCTACCC-1,0.000019,0.230173,0.086885,0.652035,0.017409,0.013478
CTGGGATCGCCCAGAT-1,0.002256,0.000161,0.000107,0.000215,0.022204,0.975057
CTGGGCACTAGTCGGA-1,0.001428,0.475486,0.09888,0.000153,0.000038,0.424016
CTGGGCCTGCTATATC-1,0.000027,0.174315,0.148644,0.645803,0.007498,0.023712
CTGGGCGGCCAAATGT-1,0.000063,0.000189,0.008426,0.301369,0.094853,0.595099
CTGGGCTACTGGAGAG-1,0.001129,0.460427,0.38956,0.141371,0.007479,0.000033
CTGGGCTATCCTTTGG-1,0.000138,0.000413,0.000275,0.000551,0.014899,0.983724
CTGGGTAGGCAGTTAA-1,0.00002,0.459558,0.510748,0.029633,0.00002,0.00002
CTGGGTTGAGTTAAAG-1,0.000019,0.259955,0.053887,0.591356,0.081231,0.013552
CTGGTAAAGACTTACA-1,0.000025,0.224915,0.475202,0.252225,0.047607,0.000025
CTGGTAACACATAGAA-1,0.000635,0.789477,0.135915,0.040172,0.000016,0.033784
CTGGTAACGAGCTCTT-1,0.001797,0.075381,0.086358,0.652551,0.161494,0.022419
CTGGTCATTCCAATCC-1,0.00005,0.069802,0.034001,0.000199,0.022726,0.873223
CTGGTCCTAACTTGGC-1,0.000089,0.000267,0.000178,0.000356,0.000089,0.999021
CTGGTGAATGGGCCTA-1,0.000012,0.544474,0.095351,0.341579,0.018572,0.000012
CTGGTTCAACGCATCA-1,0.000069,0.000207,0.000138,0.000276,0.000069,0.99924
CTGGTTCGCGAGCTAC-1,0.00003,0.607104,0.091981,0.269834,0.000701,0.03035
CTGGTTTCGAGCAAGA-1,0.000027,0.406406,0.313867,0.199345,0.080326,0.000027
CTGTACTTCTTAGCAT-1,0.000051,0.274415,0.454062,0.183987,0.033336,0.054149
CTGTAGCCATCTCACT-1,0.00003,0.398041,0.029643,0.572226,0.00003,0.00003
CTGTAGTGAGGATCGA-1,0.000027,0.445411,0.102978,0.431893,0.001883,0.017809
CTGTATGGTGTAGAAA-1,0.000538,0.449655,0.013809,0.374744,0.116524,0.04473
CTGTCAAATGGCTCGG-1,0.00001,0.801416,0.006256,0.192298,0.00001,0.00001
CTGTCACGCCAGGCGC-1,0.000179,0.000537,0.000358,0.000715,0.000179,0.998033
CTGTCCTGCGCACTAC-1,0.000094,0.000282,0.000188,0.000375,0.189037,0.810025
CTGTCTGTGGCTGGCT-1,0.00006,0.000181,0.000121,0.000242,0.21541,0.783986
CTGTGCAGGGTAGGTC-1,0.000026,0.394919,0.474097,0.103709,0.027222,0.000026
CTGTTACCCAATCTAG-1,0.002919,0.030371,0.470571,0.166519,0.287358,0.042262
CTGTTCACTGCCTGTG-1,0.000046,0.36275,0.033195,0.480362,0.107232,0.016414
CTGTTCATCTCACGGG-1,0.000059,0.035783,0.012623,0.529322,0.367284,0.054929
CTGTTGGCTCTTCTGA-1,0.000069,0.057329,0.000138,0.026451,0.000069,0.915944
CTGTTGTTCAGTCGTA-1,0.000046,0.184429,0.022499,0.626198,0.166782,0.000046
CTTAAATAAGACCCAT-1,0.000042,0.009715,0.009167,0.168518,0.13804,0.674517
CTTAACTTACAGTATA-1,0.000085,0.000255,0.743045,0.045898,0.196881,0.013836
CTTAACTTCGAAGTAC-1,0.000051,0.538045,0.064405,0.011506,0.02271,0.363284
CTTAAGCAGCGAGCCG-1,0.000059,0.031636,0.031254,0.212912,0.597956,0.126182
CTTAATCGACTTAGTA-1,0.000467,0.579081,0.013334,0.396034,0.000388,0.010697
CTTACACGGTATTCCA-1,0.000033,0.391944,0.148358,0.423482,0.019889,0.016293
CTTACACTGGGAAATA-1,0.000023,0.46045,0.070484,0.239163,0.130145,0.099735
CTTACATAGATTTCTT-1,0.000021,0.543026,0.14917,0.251679,0.049868,0.006236
CTTACTGACTCCTCTG-1,0.000168,0.347248,0.000335,0.000671,0.651411,0.000168
CTTAGATGTTTCATCC-1,0.000022,0.468736,0.076947,0.43656,0.017713,0.000022
CTTAGCCCGGATAGTG-1,0.0001,0.000299,0.000199,0.000398,0.075004,0.924001
CTTAGCCTTCCACATG-1,0.000047,0.194433,0.000913,0.546732,0.229656,0.028219
CTTAGGTATAGACCAG-1,0.000039,0.45468,0.092739,0.262468,0.148345,0.041729
CTTAGGTCCCAATCGT-1,0.000017,0.66961,0.075713,0.15972,0.031495,0.063446
CTTAGTAGGCCTACAG-1,0.005673,0.289061,0.156065,0.513534,0.020175,0.015492
CTTAGTGTAGTAGCAT-1,0.000174,0.000523,0.250484,0.109133,0.639511,0.000174
CTTAGTTGAGGAATCG-1,0.000934,0.229518,0.273651,0.468252,0.01262,0.015024
CTTATGCGCTCAGGGC-1,0.001382,0.255026,0.117305,0.503672,0.122571,0.000044
CTTATGTTGACTACCA-1,0.000082,0.131669,0.017966,0.000329,0.000082,0.849872
CTTCAACTCCACTTGG-1,0.000137,0.00041,0.307117,0.142694,0.549506,0.000137
CTTCACGCCCTGGTAC-1,0.000027,0.236497,0.055641,0.5475,0.159536,0.000798
CTTCAGTGGTCGCCTA-1,0.000045,0.094923,0.000498,0.792048,0.112442,0.000045
CTTCAGTTGGACAACG-1,0.000023,0.077205,0.178985,0.736365,0.0074,0.000023
CTTCATAGCTCAAGAA-1,0.000401,0.715822,0.074713,0.178077,0.016416,0.014571
CTTCATCACCAGGGCT-1,0.000013,0.618333,0.169287,0.212341,0.000013,0.000013
CTTCATTGTCAGTGGA-1,0.000023,0.650914,0.234311,0.109825,0.000145,0.004782
CTTCCGCTCCGTGAAG-1,0.000048,0.143842,0.060273,0.612248,0.183542,0.000048
CTTCCTGCATATTTAC-1,0.010803,0.031837,0.000593,0.207269,0.000297,0.749202
CTTCGATTGCGCAAGC-1,0.00004,0.101522,0.415955,0.268411,0.214031,0.00004
CTTCGGCCAATTGTTT-1,0.000062,0.144937,0.197763,0.299269,0.357906,0.000062
CTTCGTAGATAGGTGA-1,0.000051,0.188936,0.604515,0.131433,0.058274,0.01679
CTTCGTGCCCGCATCG-1,0.000092,0.000276,0.000184,0.000368,0.020041,0.979038
CTTCTATGTTGAAGTA-1,0.000022,0.394421,0.186294,0.353003,0.047919,0.018341
CTTCTATTAATGCTAG-1,0.000058,0.340154,0.02531,0.53931,0.095109,0.000058
CTTCTGGGCGTACCTA-1,0.00004,0.088593,0.021143,0.799198,0.083361,0.007665
CTTCTTACGTCGTATA-1,0.000084,0.000251,0.000167,0.150593,0.117763,0.731143
CTTGACCCGAAAGATA-1,0.000093,0.000278,0.000186,0.089915,0.273565,0.635963
CTTGAGGTTATCCCGA-1,0.000119,0.000358,0.000239,0.079201,0.155798,0.764285
CTTGAGTTAGGGTAAT-1,0.000037,0.394956,0.103351,0.471155,0.009254,0.021248
CTTGATGACCATCCAG-1,0.00005,0.02044,0.729873,0.173961,0.069792,0.005885
CTTGCAACCGCCTCCT-1,0.000049,0.007933,0.006432,0.925173,0.023321,0.037093
CTTGCCCACCCACGCA-1,0.000101,0.000303,0.000202,0.779982,0.219311,0.000101
CTTGCCCAGGCTCTAC-1,0.000121,0.000363,0.063212,0.335695,0.600488,0.000121
CTTGGCCAAGCTGGGA-1,0.000029,0.287464,0.309543,0.397838,0.005098,0.000029
CTTGTACTTGTTGACT-1,0.000013,0.623188,0.076744,0.289423,0.000013,0.01062
CTTGTCAACATTCGAG-1,0.00008,0.118554,0.272473,0.004108,0.604705,0.00008
CTTGTCGTACGTGTCA-1,0.000143,0.046954,0.000285,0.123404,0.196094,0.633119
CTTGTGAGGACAGCGG-1,0.00008,0.0561,0.000159,0.000319,0.00008,0.943263
CTTGTGAGTCTTTGAC-1,0.000128,0.000383,0.000255,0.00051,0.15871,0.840014
CTTGTGCTCACCGATT-1,0.000053,0.172891,0.018723,0.607858,0.171293,0.029182
CTTGTTGCTGAGTCAA-1,0.000023,0.402475,0.304534,0.277062,0.007067,0.008839
CTTGTTTATGTAGCCA-1,0.001873,0.085894,0.052942,0.10242,0.051894,0.704977
CTTTAACTTTCAAAGG-1,0.00003,0.30602,0.102227,0.425602,0.163647,0.002474
CTTTAATATTGGTCGA-1,0.000102,0.447779,0.040981,0.000408,0.400372,0.110359
CTTTACCGAATAGTAG-1,0.002225,0.1983,0.187155,0.058038,0.554211,0.000071
CTTTAGGAACACTGTT-1,0.003274,0.417145,0.128526,0.383102,0.066801,0.001151
CTTTAGTGCTATTATT-1,0.002802,0.288773,0.202455,0.026123,0.479763,0.000083
CTTTATCCGACGCATG-1,0.000552,0.350895,0.044563,0.594421,0.007241,0.00233
CTTTCTGTGCGGGCTT-1,0.000097,0.000291,0.414533,0.362771,0.222211,0.000097
CTTTGAAACATATTCC-1,0.000056,0.265702,0.000998,0.033407,0.172383,0.527455
CTTTGACGTCGCTTCT-1,0.000114,0.000342,0.000228,0.000455,0.5582,0.440661
CTTTGCATCGCTCTTG-1,0.000216,0.912091,0.017379,0.000864,0.069235,0.000216
CTTTGCTGTCATGGAT-1,0.000014,0.843137,0.098787,0.058034,0.000014,0.000014
CTTTGGCAGACAGAGT-1,0.000094,0.040166,0.000189,0.094345,0.058914,0.806291
CTTTGGCGCTTTATAC-1,0.000038,0.097244,0.030233,0.478939,0.382612,0.010934
CTTTGGCTTTAGTAAA-1,0.000027,0.404063,0.201735,0.307324,0.020511,0.066339
CTTTGGGATTGTTGCA-1,0.000032,0.281705,0.150782,0.549615,0.017835,0.000032
CTTTGTCGAATGCTCC-1,0.000034,0.360114,0.057941,0.288997,0.146318,0.146596
GAAACAGATGACCACC-1,0.000032,0.245387,0.103509,0.520852,0.130189,0.000032
GAAACAGCCATGCAGT-1,0.000084,0.000253,0.000169,0.000337,0.000084,0.999073
GAAACATAGGAAACAG-1,0.000514,0.32663,0.019795,0.555283,0.080772,0.017006
GAAACCATGGTGCGCT-1,0.000646,0.512759,0.049109,0.382308,0.042123,0.013054
GAAACCGAATTACCTT-1,0.000035,0.316308,0.234188,0.2043,0.245135,0.000035
GAAACCTATACAAATG-1,0.000018,0.302854,0.216234,0.329273,0.116795,0.034826
GAAACTCGTGCGATGC-1,0.000022,0.224006,0.008896,0.606877,0.155292,0.004906
GAAACTCTAATGAAGG-1,0.000023,0.682939,0.000867,0.000324,0.000023,0.315824
GAAAGAACAGCGTTAT-1,0.000017,0.278337,0.128586,0.548023,0.031774,0.013262
GAAAGCAGTGCACTTT-1,0.000826,0.310999,0.483893,0.180041,0.010508,0.013733
GAAAGCCCTTTGGACC-1,0.000492,0.321192,0.019392,0.583254,0.061027,0.014643
GAAAGTGACTAACTGC-1,0.000007,0.809149,0.005176,0.185642,0.000018,0.000007
GAAATACCTGCTGGCT-1,0.000129,0.000388,0.000259,0.110072,0.104012,0.785139
GAAATACTAAACGTTT-1,0.000032,0.217263,0.012269,0.003196,0.004678,0.762562
GAAATATCACCATCAG-1,0.001483,0.387883,0.125234,0.408446,0.049653,0.027301
GAAATATGCTTGAATG-1,0.000129,0.472492,0.003994,0.000518,0.000129,0.522738
GAAATCGCGCGCAACT-1,0.000016,0.578977,0.021606,0.066741,0.302034,0.030626
GAAATCTGACCAAGTT-1,0.000043,0.000128,0.000085,0.045623,0.313515,0.640607
GAAATGGCGGTGTTAG-1,0.000328,0.62293,0.027339,0.349384,0.000009,0.000009
GAAATGGGATGTAAAC-1,0.000031,0.222025,0.008778,0.005552,0.000031,0.763583
GAAATTAGCACGGATA-1,0.001226,0.37906,0.002451,0.004902,0.001226,0.611136
GAAATTCACATCGCTG-1,0.000074,0.000223,0.000149,0.084547,0.158072,0.756935
GAAATTGTCTCTATAA-1,0.000047,0.001351,0.121829,0.692727,0.159231,0.024815
GAACAACTGGGATGAA-1,0.000013,0.328922,0.519954,0.141904,0.00874,0.000467
GAACACACATCAACCA-1,0.000024,0.301613,0.056309,0.425802,0.197421,0.018832
GAACAGATTACTAAAT-1,0.000039,0.054037,0.54847,0.003875,0.39354,0.000039
GAACATTAGTATGTTA-1,0.000108,0.119498,0.126257,0.000432,0.23395,0.519755
GAACCATCTGGGAGAC-1,0.000081,0.000243,0.000162,0.078441,0.134582,0.786491
GAACCCTCTGTGTTCT-1,0.000036,0.427497,0.485895,0.079421,0.007115,0.000036
GAACCTCGACCTACAC-1,0.000396,0.638303,0.054328,0.208107,0.06461,0.034255
GAACCTTTAACGATCC-1,0.000045,0.019803,0.581909,0.01162,0.386578,0.000045
GAACGACCGAATGATA-1,0.000021,0.41848,0.030693,0.33584,0.14328,0.071686
GAACGATAAGTTAAAG-1,0.001453,0.430781,0.08518,0.399224,0.046376,0.036987
GAACGCGGGTCACACG-1,0.000018,0.417918,0.539711,0.042318,0.000018,0.000018
GAACGGTGTAAAGCAG-1,0.000053,0.083744,0.000106,0.102702,0.084742,0.728653
GAACGTCTCATGGTCG-1,0.000025,0.245267,0.073282,0.581976,0.072372,0.027076
GAACGTTAGGAAGACG-1,0.000033,0.141238,0.046209,0.528941,0.263139,0.020441
GAACGTTTGTATCCAC-1,0.000054,0.023057,0.697997,0.084764,0.194073,0.000054
GAACTGTGGAGAGACA-1,0.000011,0.609494,0.096491,0.285465,0.008476,0.000063
GAACTTAGCGCCCGGT-1,0.000192,0.000575,0.000383,0.000766,0.29326,0.704824
GAACTTGTGCACGGGA-1,0.000058,0.595964,0.040738,0.012057,0.161843,0.189341
GAAGAAACGATATTGT-1,0.000015,0.09359,0.050867,0.800115,0.030778,0.024634
GAAGAACGGTGCAGGT-1,0.000063,0.115142,0.000259,0.072906,0.180461,0.631169
GAAGACTTCAATGCCG-1,0.000076,0.000228,0.000152,0.000304,0.229102,0.770138
GAAGCAAGGCAATGTT-1,0.001482,0.020127,0.078047,0.02509,0.015251,0.860004
GAAGCCACTGATTATG-1,0.000025,0.18902,0.45861,0.311885,0.033743,0.006716
GAAGCCGGGTAAGCTC-1,0.000118,0.000354,0.000236,0.000472,0.053259,0.94556
GAAGCCTGCACATTCC-1,0.00004,0.283502,0.287275,0.408,0.021142,0.00004
GAAGCGTGAGGAATTT-1,0.000021,0.470075,0.265448,0.264414,0.000021,0.000021
GAAGCTCGGACCCGTC-1,0.001788,0.502212,0.116681,0.372716,0.006591,0.000013
GAAGCTCTTTGCTTAG-1,0.000092,0.000277,0.072077,0.029764,0.074297,0.823491
GAAGCTTGCTGACCGC-1,0.000035,0.124663,0.001699,0.75794,0.085346,0.030318
GAAGGACTAAATTGAA-1,0.000054,0.170853,0.000113,0.061325,0.220028,0.547627
GAAGGAGTCGAGTGCG-1,0.00002,0.335396,0.15814,0.446783,0.051434,0.008227
GAAGGCTACCATTGTT-1,0.000362,0.810737,0.034765,0.125533,0.001145,0.027458
GAAGGGCATAACCATG-1,0.00007,0.000211,0.00014,0.003501,0.239185,0.756893
GAAGGGTCATTAAGAC-1,0.000641,0.255244,0.268591,0.421886,0.05362,0.000017
GAAGTCAGTTGCACTA-1,0.000057,0.142717,0.620646,0.127898,0.108625,0.000057
GAAGTCTCCCTAGCGA-1,0.00002,0.139791,0.314291,0.535799,0.007898,0.0022
GAAGTGATTTATCGTG-1,0.00004,0.395629,0.383757,0.180443,0.002615,0.037516
GAAGTGCTGGATAGCT-1,0.001994,0.102065,0.000173,0.221335,0.190796,0.483638
GAAGTTTCCACTCAAT-1,0.000034,0.521305,0.342432,0.127358,0.008836,0.000034
GAATAGACGCGACCCA-1,0.00112,0.130037,0.123745,0.614025,0.128242,0.002831
GAATAGCATTTAGGGT-1,0.000018,0.446594,0.317738,0.230549,0.000981,0.00412
GAATAGCCCTGCGGTC-1,0.000646,0.296414,0.001292,0.700356,0.000646,0.000646
GAATAGTGCTCGATTA-1,0.000031,0.285809,0.050038,0.596459,0.040817,0.026846
GAATATTCGGAGTCCC-1,0.000111,0.000334,0.000223,0.000446,0.22837,0.770516
GAATCGACATGGTCAC-1,0.000015,0.660312,0.010389,0.329255,0.000015,0.000015
GAATCGCCGGACACGG-1,0.000154,0.000462,0.000308,0.000616,0.286699,0.711761
GAATCTATACTCGGAC-1,0.000076,0.000227,0.000151,0.098567,0.254346,0.646633
GAATCTGAACATTCTC-1,0.002275,0.126367,0.186475,0.264471,0.420347,0.000065
GAATGAAGGTCTTCAG-1,0.000446,0.32501,0.000891,0.001783,0.000446,0.671425
GAATGCCGAAATGACC-1,0.001666,0.000149,0.000099,0.054639,0.052707,0.89074
GAATGCGAATCGGTTC-1,0.000029,0.272423,0.087256,0.547635,0.075443,0.017215
GAATGGGCTTATCGAC-1,0.000048,0.244359,0.039614,0.261058,0.295725,0.159197
GAATGTATGGCAGGTC-1,0.000117,0.000351,0.356525,0.000468,0.000117,0.642423
GAATGTGGTCCGGATT-1,0.000039,0.323484,0.290548,0.322746,0.049572,0.013611
GAATGTTGGGTAATCT-1,0.000509,0.509619,0.034526,0.422156,0.004054,0.029137
GAATTATAGTGAAAGG-1,0.000012,0.824109,0.051521,0.113303,0.000309,0.010746
GAATTATGCAACCTAC-1,0.000076,0.718862,0.000152,0.000303,0.000076,0.280531
GAATTCACCCGGGTGT-1,0.000048,0.000145,0.25445,0.461404,0.276849,0.007104
GAATTTCTCGCTGCAG-1,0.000773,0.798105,0.016491,0.18461,0.000011,0.000011
GACAAACATATGCAGG-1,0.000022,0.276307,0.174142,0.462859,0.086648,0.000022
GACAACGACCATTGAA-1,0.001207,0.579843,0.034492,0.324966,0.015823,0.043669
GACAACGCAGCTTACG-1,0.000011,0.653749,0.008333,0.304559,0.001171,0.032176
GACAAGAGATGAGATT-1,0.000045,0.029691,0.553691,0.00018,0.416348,0.000045
GACACAAGGGAAGAAA-1,0.000015,0.108043,0.069809,0.759111,0.048394,0.014628
GACACAGCCGGGACTG-1,0.000816,0.366392,0.507226,0.113892,0.011651,0.000022
GACACCCAAAGACGCG-1,0.000014,0.244717,0.027358,0.685758,0.035954,0.006198
GACACGAGTTAGAGGA-1,0.000024,0.474495,0.024093,0.084498,0.049613,0.367278
GACACTGAGTTCAGTG-1,0.000027,0.566686,0.312285,0.119033,0.001941,0.000027
GACACTGGAACCCGAT-1,0.000048,0.000144,0.445099,0.085755,0.468907,0.000048
GACACTTCCAATTACC-1,0.001176,0.322857,0.353678,0.23071,0.091548,0.00003
GACAGAGGTCTTCAGT-1,0.000012,0.443876,0.045118,0.497816,0.010435,0.002743
GACAGATTTCTGGCTC-1,0.000027,0.401524,0.060868,0.356686,0.116588,0.064307
GACAGCCAGACCTGAC-1,0.000035,0.220882,0.0364,0.731744,0.010904,0.000035
GACAGGCACACACTAT-1,0.004612,0.295632,0.141889,0.544519,0.004167,0.009181
GACAGGTAATCCGTGT-1,0.000037,0.129083,0.496969,0.268685,0.105189,0.000037
GACATACTGTCGCAGA-1,0.000062,0.000185,0.038524,0.000247,0.099173,0.86181
GACATCCGTCGAACTG-1,0.000021,0.433366,0.210916,0.341965,0.013712,0.000021
GACATCGATTTATAAC-1,0.000021,0.164314,0.582959,0.219282,0.01278,0.020644
GACATTTCGCCCAGCC-1,0.00248,0.493943,0.021749,0.371046,0.056589,0.054193
GACCACACTTCCCTTT-1,0.000034,0.442054,0.151284,0.220486,0.18611,0.000034
GACCAGAGCCCTGTAG-1,0.001098,0.412411,0.085298,0.439619,0.045094,0.01648
GACCAGGTCATTCATA-1,0.000046,0.185653,0.067362,0.119486,0.103934,0.523518
GACCCAATTATGATAC-1,0.000015,0.543409,0.086832,0.336534,0.030965,0.002244
GACCCGTCGCCGGCTA-1,0.000159,0.000477,0.000318,0.000636,0.000159,0.998251
GACCGACCGCTAATAT-1,0.000143,0.00043,0.000286,0.036415,0.244521,0.718204
GACCGACGTGAAAGCA-1,0.00122,0.503577,0.131466,0.338903,0.020092,0.004743
GACCGACTGAAGCGTC-1,0.000025,0.045839,0.086996,0.771019,0.064311,0.031811
GACCGATTAAATATGT-1,0.000369,0.372421,0.067258,0.479719,0.057471,0.022763
GACCGCGTCTGACGTG-1,0.000028,0.121786,0.509759,0.3262,0.042199,0.000028
GACCGGTGATACTCTC-1,0.000052,0.000156,0.000104,0.000208,0.282156,0.717323
GACCGTCAGGTCGTGA-1,0.000152,0.000457,0.000305,0.000609,0.173465,0.825011
GACCGTGCTGACGGTG-1,0.000038,0.083881,0.829846,0.017753,0.068445,0.000038
GACCGTTACATGCGAC-1,0.000035,0.046489,0.394636,0.118621,0.098409,0.34181
GACCTGGTCTGGGCGT-1,0.000072,0.000215,0.041001,0.000287,0.041077,0.917348
GACCTTCCACGTCTAC-1,0.000025,0.205144,0.482286,0.311503,0.001017,0.000025
GACGACGATCCGCGTT-1,0.00016,0.03797,0.252973,0.159692,0.549046,0.00016
GACGACTTTCCAAGAA-1,0.00005,0.17548,0.030043,0.016407,0.005769,0.772252
GACGATATCACTGGGT-1,0.000041,0.166068,0.030259,0.708126,0.084182,0.011324
GACGCATACCCGTCGG-1,0.000299,0.304626,0.001017,0.210098,0.363931,0.120028
GACGCCGTAAAGGCTA-1,0.000508,0.787738,0.122505,0.089221,0.000014,0.000014
GACGCCTGTTGCAGGG-1,0.000081,0.000244,0.000163,0.000326,0.017775,0.98141
GACGCTTGCTTCTAAA-1,0.000031,0.191461,0.051481,0.545557,0.210995,0.000476
GACGGACCGCGTTCCT-1,0.000098,0.000295,0.000197,0.000393,0.227254,0.771763
GACGGGATGTCTTATG-1,0.000089,0.143723,0.000179,0.000358,0.000089,0.855562
GACGGGCATCGAATTT-1,0.000026,0.144746,0.559932,0.215773,0.079497,0.000026
GACGGGTTGGCCCGTA-1,0.000018,0.480233,0.054408,0.430643,0.009761,0.024938
GACGGTCAATAGAAGC-1,0.000882,0.693216,0.025532,0.279594,0.000766,0.00001
GACGGTCCTAGGGTGT-1,0.000026,0.305494,0.062499,0.55818,0.034961,0.03884
GACGTGAGACTCCATG-1,0.000094,0.000282,0.000188,0.000376,0.190201,0.80886
GACGTGTAGGGATTAT-1,0.000055,0.579448,0.00011,0.420276,0.000055,0.000055
GACGTTCGTAAATACA-1,0.000022,0.449108,0.049521,0.36127,0.066535,0.073544
GACGTTGCTCGGCGGC-1,0.000911,0.068436,0.033302,0.825898,0.061905,0.009547
GACTAACACAGCACCT-1,0.000141,0.096265,0.000282,0.000564,0.056741,0.846006
GACTAAGATCATGCAC-1,0.000029,0.355087,0.024135,0.53168,0.077708,0.01136
GACTAAGTAGGCTCAC-1,0.000036,0.225512,0.063037,0.646675,0.037774,0.026966
GACTACAAAGCGGTGG-1,0.000017,0.329175,0.090289,0.5347,0.045801,0.000017
GACTACAATTGCTCGT-1,0.005325,0.071615,0.016193,0.076962,0.141736,0.688169
GACTAGGCCGTTAGGT-1,0.000031,0.545762,0.271874,0.137901,0.044402,0.000031
GACTCACCCACGTGAG-1,0.004955,0.354046,0.182286,0.458679,0.000017,0.000017
GACTCCCAGAATAAGG-1,0.000011,0.644115,0.011986,0.316795,0.000011,0.027082
GACTCCTTCCAATTGA-1,0.000016,0.530818,0.071443,0.331104,0.026807,0.039812
GACTCGCGGGAATGAC-1,0.001459,0.114744,0.013776,0.564642,0.237155,0.068223
GACTCGGTCGGCGGAT-1,0.000114,0.126234,0.000228,0.000456,0.000114,0.872854
GACTCTAGAGTTCCAA-1,0.001033,0.005417,0.036298,0.784151,0.173072,0.000029
GACTGATTGGTCACAA-1,0.00012,0.087402,0.015063,0.000479,0.129521,0.767415
GACTGCAAATCGAGCT-1,0.000079,0.000237,0.01185,0.449128,0.538626,0.000079
GACTGCACCAGCCCAG-1,0.000019,0.753398,0.224499,0.014798,0.000019,0.007267
GACTGCGGCACGTGTA-1,0.000065,0.000195,0.00013,0.376649,0.410999,0.211962
GACTGCTGGTGAGAAA-1,0.00001,0.154125,0.16761,0.663326,0.00347,0.01146
GACTGGGCGCCGCAAC-1,0.004985,0.00014,0.000094,0.000187,0.000047,0.994547
GACTTCAACGCATCAA-1,0.000025,0.07462,0.218713,0.593566,0.113049,0.000025
GACTTTCGAGCGGTTC-1,0.000024,0.040235,0.089897,0.781595,0.088226,0.000024
GAGAAACTGGATCCCA-1,0.000083,0.309521,0.224683,0.000331,0.44489,0.020492
GAGAACGGTTCTGACT-1,0.055687,0.051194,0.153506,0.027282,0.712202,0.000128
GAGAATCTCACGATCA-1,0.000081,0.000242,0.000161,0.004471,0.317995,0.67705
GAGACCCTGCAACGCC-1,0.000099,0.30798,0.000199,0.000398,0.000099,0.691225
GAGACTGATGGGTAGA-1,0.000697,0.865884,0.009494,0.123907,0.000009,0.000009
GAGACTTCGCGACCGA-1,0.000028,0.139459,0.730568,0.111027,0.018114,0.000805
GAGAGCGCAGTCCCTG-1,0.000039,0.048509,0.130014,0.079667,0.050088,0.691683
GAGAGGGCGCGAGGTT-1,0.000017,0.603688,0.167175,0.19789,0.02348,0.007749
GAGAGGTGCATTCTGG-1,0.000016,0.372721,0.096735,0.530497,0.000016,0.000016
GAGAGTCTCGGGAGAG-1,0.001051,0.163367,0.087058,0.522191,0.224082,0.002251
GAGATCGATCTTACTC-1,0.000712,0.239292,0.001425,0.002849,0.381743,0.37398
GAGATCTGCTTGGCAT-1,0.006472,0.700389,0.198191,0.094899,0.000024,0.000024
GAGATCTGTCACTCCG-1,0.00003,0.144153,0.019236,0.818098,0.003961,0.014523
GAGATCTTCCATGACA-1,0.000055,0.262815,0.240923,0.333566,0.162239,0.000403
GAGATGACAATCCTTA-1,0.000019,0.573568,0.154686,0.195885,0.038921,0.036921
GAGATGGCTTTAATCA-1,0.000015,0.754818,0.078533,0.166603,0.000015,0.000015
GAGCACCTGTGTCCAG-1,0.000218,0.000654,0.451737,0.000873,0.537169,0.009348
GAGCACGGCGCCTCTT-1,0.000029,0.121857,0.085635,0.731702,0.060748,0.000029
GAGCATCAACAACTTG-1,0.000012,0.38262,0.03458,0.565669,0.001803,0.015316
GAGCATCATCCCTGGG-1,0.000102,0.000305,0.000203,0.000406,0.019586,0.979399
GAGCCACGGTAGTAGG-1,0.000126,0.000378,0.000252,0.000504,0.000126,0.998615
GAGCCAGCTACCTGTG-1,0.000204,0.000613,0.143905,0.2764,0.578675,0.000204
GAGCCGAGCGTTTATT-1,0.000132,0.091591,0.000264,0.000527,0.000132,0.907354
GAGCGAGGGAGTACCG-1,0.000098,0.000293,0.000196,0.113205,0.000098,0.88611
GAGCGCAAATACTCCG-1,0.000028,0.005754,0.49645,0.100991,0.396749,0.000028
GAGCGCGCACGAGTAG-1,0.000037,0.040925,0.083932,0.66415,0.210918,0.000037
GAGCGCTATGTCAGGC-1,0.000091,0.000273,0.000182,0.000364,0.157041,0.842051
GAGCGCTGTTAGGTAA-1,0.000019,0.396977,0.020288,0.481163,0.088854,0.012698
GAGCGGAATGCGGTGT-1,0.00003,0.002945,0.00184,0.849678,0.138644,0.006863
GAGCTAAGGGCATATC-1,0.000053,0.562445,0.086649,0.29001,0.028618,0.032225
GAGCTCAACATGAGCG-1,0.00001,0.449094,0.152102,0.398773,0.00001,0.00001
GAGCTCTCGGACCTAA-1,0.000057,0.020104,0.188945,0.000226,0.000123,0.790546
GAGCTGTCGTCTCGGA-1,0.000636,0.001908,0.001272,0.78048,0.000636,0.215067
GAGGAATATCTCTTTG-1,0.000954,0.213383,0.04701,0.62261,0.116014,0.000029
GAGGAATGGAGAGGTT-1,0.000376,0.482167,0.082775,0.35061,0.017086,0.066987
GAGGAGATCCTCATGC-1,0.000037,0.456347,0.020157,0.027333,0.079409,0.416717
GAGGAGTAATTCCTAC-1,0.000073,0.091116,0.102863,0.201432,0.070484,0.534032
GAGGATAAACAGTGCT-1,0.000019,0.301741,0.081457,0.469693,0.065597,0.081494
GAGGCATTTGCAGCAG-1,0.000356,0.18614,0.000712,0.001425,0.533503,0.277864
GAGGCCCGACTCCGCA-1,0.000018,0.426697,0.020837,0.535661,0.016261,0.000526
GAGGCCTGTTGATACA-1,0.859569,0.025607,0.000182,0.055999,0.000091,0.058552
GAGGCTATCAAAGTCG-1,0.000024,0.155858,0.132793,0.639867,0.029771,0.041687
GAGGGAGTCAGATCGC-1,0.000013,0.458704,0.02603,0.514405,0.000835,0.000013
GAGGGCATCGCGTATC-1,0.000081,0.000242,0.000161,0.000323,0.000081,0.999113
GAGGGCCATAATATTA-1,0.000014,0.680615,0.106148,0.032153,0.004575,0.176496
GAGGGCCGGCAGAGTC-1,0.000419,0.001256,0.000838,0.001675,0.318531,0.677282
GAGGGCGCAGCTCTGC-1,0.000032,0.085531,0.011442,0.840189,0.020774,0.042031
GAGGGTAGTAACAAAG-1,0.000013,0.311595,0.021918,0.579014,0.032344,0.055116
GAGGTACATCCATCTT-1,0.000108,0.011226,0.000217,0.133482,0.140086,0.714881
GAGGTACGCGTGTCCC-1,0.000034,0.073001,0.090475,0.789675,0.04678,0.000034
GAGGTCCCAAAGATCT-1,0.000048,0.000144,0.06843,0.000192,0.223346,0.707841
GAGGTCCGTTCGCTGT-1,0.000013,0.634245,0.012056,0.353574,0.000098,0.000013
GAGGTCTTAGTGGGTC-1,0.000043,0.529616,0.016416,0.002248,0.000043,0.451634
GAGTAAACCGGAAAGT-1,0.000021,0.173869,0.406791,0.377821,0.034064,0.007434
GAGTAAGGCCACGGGA-1,0.000011,0.674106,0.003022,0.322837,0.000011,0.000011
GAGTACGGGTATACAA-1,0.000036,0.325999,0.054708,0.296182,0.058457,0.264617
GAGTAGATACTAGTTG-1,0.000739,0.318784,0.368614,0.292173,0.003416,0.016274
GAGTATACCCTAATCA-1,0.000008,0.692273,0.034871,0.263284,0.000008,0.009555
GAGTATCAAAGTTACA-1,0.00009,0.272434,0.459339,0.000359,0.267689,0.00009
GAGTATGCCCGCCTTG-1,0.000565,0.728769,0.182611,0.088023,0.000017,0.000017
GAGTATGCGCGTGCAT-1,0.00002,0.144768,0.494288,0.306137,0.054767,0.00002
GAGTCAGACCAGAATC-1,0.000031,0.027276,0.021889,0.856683,0.094091,0.000031
GAGTCCACCAGGTTTA-1,0.000954,0.05918,0.324447,0.437887,0.162378,0.015155
GAGTCCGCTTACCGGA-1,0.000089,0.01099,0.289718,0.135943,0.56317,0.000089
GAGTCGACAGACCCTC-1,0.029607,0.000199,0.000133,0.000265,0.028016,0.94178
GAGTCTTGTAAAGGAC-1,0.000063,0.000189,0.000126,0.097022,0.506262,0.396339
GAGTGCACGGACAACA-1,0.000013,0.667294,0.050388,0.174942,0.054883,0.052479
GAGTGTCAACCAGAAA-1,0.000046,0.000137,0.248545,0.015062,0.736165,0.000046
GAGTGTGCGGTACCCA-1,0.001052,0.367842,0.19971,0.399201,0.032165,0.000029
GAGTTCTGTGGGTGCT-1,0.024808,0.133229,0.02038,0.122092,0.473516,0.225975
GAGTTGATGGCAATTT-1,0.000024,0.307538,0.050639,0.59585,0.045926,0.000024
GAGTTGTCACCAGTCT-1,0.000049,0.493124,0.151631,0.052189,0.235477,0.067529
GATAAATCGGTGGATG-1,0.000081,0.079433,0.012667,0.208894,0.26664,0.432285
GATAACTCGCACTGTG-1,0.000015,0.79579,0.059191,0.142619,0.002372,0.000015
GATAAGGCAGATGCAA-1,0.000048,0.087521,0.242958,0.000193,0.103576,0.565705
GATAAGGGACGATTAG-1,0.000092,0.000276,0.188706,0.000368,0.168847,0.64171
GATACCGTGTCGGAGT-1,0.000026,0.445657,0.152191,0.358781,0.027985,0.015361
GATACGATGGGAGTCA-1,0.000038,0.479933,0.179876,0.195226,0.144889,0.000038
GATAGAACCCGCTAGG-1,0.000019,0.128735,0.027202,0.819304,0.011917,0.012822
GATAGATAGTACAGTC-1,0.002141,0.608283,0.246786,0.135339,0.007434,0.000017
GATAGCGTACCACGCG-1,0.000056,0.000167,0.045132,0.000223,0.000367,0.954055
GATAGGATTAATTACA-1,0.000012,0.688114,0.035594,0.253081,0.000012,0.023187
GATAGGTAACGTTGAC-1,0.000096,0.000287,0.028719,0.494006,0.476797,0.000096
GATAGGTGTCCCGGGC-1,0.000005,0.690104,0.052315,0.257565,0.000005,0.000005
GATAGTGCGAGTAAGT-1,0.000424,0.500787,0.038786,0.455872,0.000012,0.004118
GATATCAAGCAGGAGC-1,0.000056,0.000167,0.000112,0.164623,0.624412,0.21063
GATATCAGTATGTATC-1,0.000073,0.006651,0.00127,0.250343,0.012015,0.729647
GATATCTCATGCAATA-1,0.000061,0.379163,0.073219,0.002633,0.050795,0.49413
GATATGAGACACTAAC-1,0.000021,0.700135,0.204574,0.085894,0.009354,0.000021
GATATGCGGTAGCCAA-1,0.000281,0.317708,0.000561,0.109601,0.31278,0.259068
GATATGGATTACGCGG-1,0.000043,0.202798,0.264845,0.126691,0.386857,0.018766
GATATTGAGATTGGCG-1,0.000025,0.336243,0.098978,0.509723,0.028705,0.026326
GATATTTCCTACATGG-1,0.000025,0.814678,0.007033,0.000098,0.000025,0.178141
GATCAACATAAAGGGA-1,0.000006,0.518549,0.012365,0.469068,0.000006,0.000006
GATCATTCCAAACATT-1,0.000025,0.270682,0.107585,0.549229,0.022973,0.049506
GATCCAACCTTTAAAC-1,0.000023,0.346889,0.081535,0.070222,0.243702,0.257629
GATCCCTTTATACTGC-1,0.001579,0.039481,0.006352,0.804237,0.121322,0.027029
GATCCGAATATAAGTG-1,0.000146,0.74769,0.021888,0.230151,0.000006,0.00012
GATCCGGGAATTAACA-1,0.000017,0.558102,0.297292,0.141472,0.0031,0.000017
GATCCTAAATCGGGAC-1,0.000034,0.043593,0.001605,0.815694,0.119835,0.019238
GATCCTCGACACTGGC-1,0.000027,0.290296,0.030669,0.657832,0.021149,0.000027
GATCCTCTTGCGCTTA-1,0.000155,0.000464,0.000309,0.000618,0.130082,0.868372
GATCGACACTATCTGA-1,0.000019,0.437312,0.038192,0.493873,0.019682,0.010921
GATCGCGGGCTCTCCA-1,0.000018,0.620829,0.236101,0.138356,0.0029,0.001795
GATCGCTACCCGATTT-1,0.000056,0.015336,0.458988,0.274429,0.251135,0.000056
GATCGCTATATCTCAG-1,0.000015,0.413386,0.111805,0.474765,0.000015,0.000015
GATCGCTGTGGTGCGT-1,0.000021,0.240382,0.04588,0.540565,0.16635,0.006802
GATCGGATAGAACCAT-1,0.000015,0.335624,0.063329,0.461961,0.109894,0.029177
GATCGGCGATAAGTCG-1,0.000026,0.003655,0.021578,0.000105,0.000026,0.974609
GATCGGTGGCCATAAC-1,0.000248,0.434859,0.006027,0.558851,0.000007,0.000007
GATCGTGACTGATATC-1,0.000026,0.71908,0.125034,0.135193,0.020641,0.000026
GATCTAACCGTATTCA-1,0.000014,0.657022,0.045111,0.151801,0.125926,0.020126
GATCTCGACGCTGTGG-1,0.000028,0.018365,0.303115,0.569809,0.108654,0.000028
GATCTGCTATCTAAGG-1,0.000038,0.169266,0.144485,0.61962,0.063677,0.002915
GATCTTAGTGAACGTG-1,0.000311,0.337998,0.000622,0.001244,0.083157,0.576668
GATCTTCATTGTCCTC-1,0.000062,0.141958,0.005084,0.000248,0.000062,0.852585
GATCTTGGAGGGCATA-1,0.000078,0.011164,0.089175,0.641735,0.228982,0.028867
GATCTTTGCAGGGTAT-1,0.000036,0.088452,0.435972,0.442715,0.01908,0.013745
GATCTTTGCTCAAAGA-1,0.000279,0.000836,0.000557,0.224672,0.015098,0.758558
GATGACAAGTAGGGCA-1,0.000036,0.022348,0.001166,0.821526,0.108952,0.045972
GATGACGATGATCGCG-1,0.000877,0.002632,0.001754,0.003509,0.379341,0.611887
GATGAGGAACCTTCGG-1,0.000025,0.043207,0.705703,0.148804,0.102236,0.000025
GATGATTTGAAACTGG-1,0.000048,0.070181,0.020455,0.037121,0.084463,0.787733
GATGCCACACTACAGC-1,0.000043,0.000129,0.000086,0.016413,0.125372,0.857958
GATGCCAGCAGAAGGC-1,0.004896,0.133031,0.122782,0.000141,0.305155,0.433995
GATGCCTTCTGCGGCA-1,0.000032,0.226941,0.195471,0.377895,0.183561,0.0161
GATGCGAATGGTATTA-1,0.000049,0.094905,0.01157,0.000197,0.028258,0.865019
GATGCGTCCTGCATTC-1,0.000019,0.882691,0.114886,0.002367,0.000019,0.000019
GATGCTACAAGCGCCT-1,0.001635,0.082491,0.008852,0.155654,0.654181,0.097188
GATGCTACCTTCGATG-1,0.000028,0.029064,0.177558,0.723827,0.057757,0.011767
GATGCTGTATTTCATC-1,0.000068,0.260301,0.459418,0.257991,0.022154,0.000068
GATGGCGCACACATTA-1,0.000046,0.124666,0.075057,0.200307,0.206755,0.393168
GATGGTGAAATAACCC-1,0.000458,0.443165,0.000916,0.023492,0.000458,0.531511
GATGGTGCCCTAGGCA-1,0.000085,0.000256,0.000171,0.000342,0.000085,0.99906
GATGTAACGAACCACC-1,0.000007,0.216378,0.007134,0.772385,0.00409,0.000007
GATGTCCGGATCACAT-1,0.000117,0.000352,0.000234,0.000469,0.217549,0.781279
GATGTCGGTCAACTGC-1,0.356167,0.000231,0.000154,0.000308,0.000077,0.643062
GATGTGTTGTCACAAG-1,0.000061,0.486689,0.005567,0.182587,0.007275,0.317821
GATGTTCAATCCACGA-1,0.000038,0.618905,0.117743,0.239472,0.000038,0.023804
GATGTTTGTGCGAGAT-1,0.000051,0.236471,0.012892,0.265018,0.37548,0.110086
GATTAACCGAAAGCCC-1,0.000146,0.065888,0.099636,0.000586,0.833597,0.000146
GATTAATCCTGGCTCA-1,0.000116,0.000347,0.000231,0.288342,0.129,0.581965
GATTACTGAATTTGGG-1,0.000017,0.852284,0.105571,0.042094,0.000017,0.000017
GATTAGAAACAAGCGT-1,0.000017,0.17177,0.014804,0.694976,0.093655,0.024779
GATTATCTTGCATTAT-1,0.000907,0.337737,0.168626,0.438239,0.026793,0.027697
GATTCCCTTGTCGCAG-1,0.000014,0.761084,0.018084,0.220789,0.000014,0.000014
GATTCCGCGTTTCCGT-1,0.000096,0.000289,0.000193,0.110589,0.31124,0.577592
GATTCCTATACGGCGC-1,0.002168,0.636316,0.053923,0.172528,0.098175,0.03689
GATTCGACGGTTCACG-1,0.000028,0.267931,0.477487,0.221157,0.011474,0.021923
GATTCTGTTAATGAGT-1,0.00002,0.308725,0.063487,0.557102,0.070647,0.00002
GATTGACACTCTGCTC-1,0.000121,0.000362,0.000242,0.00781,0.340331,0.651135
GATTGCTCCAGTTGCA-1,0.000569,0.594125,0.101244,0.303699,0.000016,0.000348
GATTGGGAAAGGTTGT-1,0.000012,0.751904,0.184029,0.063975,0.000067,0.000012
GATTTAGTGCGTACTG-1,0.000148,0.161251,0.137423,0.000591,0.302062,0.398525
GATTTGCGCTAACACC-1,0.000021,0.069464,0.033694,0.639805,0.229117,0.027898
GCAAACCCTACATTAT-1,0.000044,0.000331,0.654207,0.152789,0.192585,0.000044
GCAAACCTTGGCCATA-1,0.000063,0.000188,0.289448,0.608081,0.079261,0.022961
GCAAACGTAAGCGACC-1,0.000474,0.010287,0.000947,0.479818,0.05285,0.455625
GCAAACGTCGCCAGGT-1,0.000009,0.741905,0.213549,0.043352,0.001177,0.000009
GCAAAGGGCGTTAGCC-1,0.00002,0.219665,0.043927,0.591626,0.121756,0.023006
GCAAATATTACGCTTT-1,0.00002,0.59184,0.221035,0.157073,0.000961,0.029071
GCAAATGAGGACACTT-1,0.000018,0.642518,0.036335,0.044078,0.010172,0.26688
GCAACACACTAGAACT-1,0.000012,0.348681,0.087986,0.489876,0.066677,0.006768
GCAACAGCAGTATGCG-1,0.000026,0.29622,0.553794,0.134352,0.015582,0.000026
GCAACCACCAGACCGG-1,0.000107,0.00032,0.000213,0.106121,0.213046,0.680194
GCAACCACGGCCGCGT-1,0.000014,0.486645,0.018216,0.493635,0.001477,0.000014
GCAACCCAAGTTGTTT-1,0.000065,0.000194,0.000129,0.158741,0.044097,0.796774
GCAACGGCTAGTTATG-1,0.00002,0.5663,0.167386,0.228842,0.015362,0.022091
GCAAGAATTCCTTGGC-1,0.000013,0.628951,0.057636,0.285033,0.01456,0.013807
GCAAGATGTGTTCGCG-1,0.000055,0.580677,0.00011,0.00022,0.000055,0.418883
GCAAGCTGGAAACCGC-1,0.000046,0.000138,0.078121,0.014314,0.77202,0.135362
GCAAGTGCACAGAGAA-1,0.000028,0.187743,0.093521,0.644147,0.02651,0.04805
GCAAGTGTAAAGCATG-1,0.000809,0.074282,0.002386,0.835935,0.069937,0.016651
GCAATTAGTCGCACCG-1,0.0002,0.503184,0.084348,0.412243,0.000012,0.000012
GCACAAACCCTAGATG-1,0.000016,0.224918,0.027676,0.622325,0.124305,0.00076
GCACAAACGAGGCGTG-1,0.000015,0.216358,0.337554,0.389117,0.056942,0.000015
GCACAACCTCGGGCGT-1,0.000021,0.538649,0.044664,0.338229,0.065633,0.012804
GCACAAGTGGATCATA-1,0.000082,0.000246,0.000164,0.011962,0.386826,0.60072
GCACAAGTGTCGGAAG-1,0.002659,0.000308,0.000205,0.000411,0.000103,0.996315
GCACACAGCTATTACC-1,0.000023,0.315423,0.055482,0.576022,0.053026,0.000023
GCACACGCCCATGGTC-1,0.000031,0.328563,0.058159,0.030892,0.307497,0.274858
GCACAGCACGGGCCGA-1,0.000014,0.215405,0.300422,0.455833,0.008938,0.019388
GCACCTAGGCGAGTCC-1,0.000736,0.400974,0.459589,0.112382,0.026298,0.000021
GCACCTTCCCGAAGGT-1,0.01084,0.637904,0.019097,0.30691,0.025202,0.000046
GCACGCCGATTCCCGC-1,0.000015,0.707119,0.043036,0.249801,0.000015,0.000015
GCACGCCTACTTAGAT-1,0.000027,0.14352,0.329307,0.493106,0.007435,0.026605
GCACGTGGTTTACTTA-1,0.998454,0.000422,0.000281,0.000562,0.000141,0.000141
GCACTAGTCGCGCTAT-1,0.000072,0.416554,0.030397,0.006643,0.000072,0.546262
GCACTCCCACAGTCCC-1,0.000056,0.157314,0.013153,0.00227,0.000056,0.827152
GCACTGCCTACCTTTA-1,0.000027,0.276067,0.335697,0.381885,0.006296,0.000027
GCACTGTGCAAATGTA-1,0.000062,0.033593,0.052936,0.054989,0.132873,0.725547
GCAGAAACGTAATCCA-1,0.000146,0.082527,0.000293,0.021924,0.134467,0.760644
GCAGAAGGTAATCTCC-1,0.000008,0.89216,0.092881,0.006767,0.000008,0.008177
GCAGACCCAGCACGTA-1,0.000912,0.397476,0.114725,0.388337,0.083059,0.015491
GCAGATCCATAAGACT-1,0.000054,0.054915,0.105903,0.192705,0.64637,0.000054
GCAGATCCTCGCAAAT-1,0.000031,0.039545,0.062878,0.00064,0.024955,0.871952
GCAGATTAGGGATATC-1,0.000019,0.402576,0.417334,0.151311,0.007302,0.021458
GCAGCACACAGCCCAG-1,0.000026,0.567175,0.12638,0.263813,0.002025,0.040581
GCAGCCTATATCACAT-1,0.000017,0.577932,0.099649,0.303971,0.003941,0.01449
GCAGCGGTGGGCATTA-1,0.000143,0.000428,0.000285,0.000571,0.211637,0.786936
GCAGCTATGGACAGGT-1,0.000143,0.189601,0.000285,0.000589,0.140036,0.669346
GCAGCTGTCAACGCAT-1,0.000837,0.347577,0.105103,0.51452,0.031938,0.000025
GCAGGAACTTAGATCT-1,0.000025,0.228261,0.066735,0.623362,0.055896,0.025721
GCAGGACTATAGAATA-1,0.000022,0.383526,0.049482,0.506389,0.037245,0.023336
GCAGGTAGAGTATGGT-1,0.001244,0.548081,0.002488,0.004975,0.167355,0.275858
GCAGTGCGGGCGGATG-1,0.000061,0.024182,0.780956,0.006049,0.18869,0.000061
GCAGTGTGGCTATAGG-1,0.000246,0.000737,0.221413,0.157539,0.619819,0.000246
GCAGTTCGATCCGAGC-1,0.000119,0.154942,0.230932,0.2023,0.411587,0.000119
GCATAAATTGAACGCC-1,0.00035,0.00105,0.333122,0.001401,0.00035,0.663726
GCATACGAGGTCTTTA-1,0.00005,0.00015,0.0001,0.664792,0.334858,0.00005
GCATAGAGCACTCAGG-1,0.000015,0.550942,0.426828,0.022185,0.000015,0.000015
GCATCCCTAACTTTGA-1,0.000045,0.514944,0.082386,0.089382,0.108235,0.205008
GCATCCTCTCCTATTA-1,0.000065,0.042451,0.00013,0.161998,0.131225,0.664131
GCATCGGCCGTGTAGG-1,0.016752,0.001136,0.277174,0.488537,0.216022,0.000379
GCATGACACAAAGGAA-1,0.007412,0.13984,0.297723,0.000407,0.554517,0.000102
GCATGAGGGACGCGGC-1,0.00003,0.38998,0.025081,0.321933,0.254998,0.007978
GCATGCTAATAACGAT-1,0.000123,0.00037,0.505703,0.113576,0.380104,0.000123
GCATGGGTACTGACGC-1,0.000076,0.095026,0.050579,0.010915,0.301962,0.541442
GCATTCAAGGCAACGC-1,0.000916,0.463095,0.002789,0.437659,0.059519,0.036022
GCATTCGAAATGAACA-1,0.000035,0.079483,0.198691,0.271657,0.184991,0.265143
GCATTGACTTGCGGAA-1,0.000033,0.235773,0.000528,0.387926,0.273425,0.102315
GCATTGTAATTCATAT-1,0.001508,0.484012,0.088446,0.367361,0.020468,0.038205
GCATTTCCAAGGCTCC-1,0.000034,0.223294,0.130141,0.456933,0.10751,0.082086
GCCAACCATTTCCGGA-1,0.000834,0.395761,0.125175,0.436171,0.024492,0.017567
GCCAAGAATACTTCTG-1,0.000022,0.305994,0.051997,0.367111,0.241465,0.033411
GCCAATAGGGCATCTC-1,0.000037,0.38945,0.062317,0.455802,0.061521,0.030874
GCCACAATTTAAGGAC-1,0.00002,0.480779,0.10833,0.389368,0.004185,0.017318
GCCACCCATTCCACTT-1,0.000068,0.000203,0.000135,0.005025,0.092242,0.902327
GCCACCTTATTCGCGA-1,0.001,0.642441,0.056725,0.01365,0.048702,0.237482
GCCACTCAGAGCGCGA-1,0.063649,0.463056,0.189631,0.010246,0.273256,0.000162
GCCACTCCTTACGGTA-1,0.00312,0.129187,0.685492,0.000293,0.178504,0.003403
GCCAGGAAAGAACACT-1,0.000021,0.205592,0.044732,0.626323,0.116141,0.007192
GCCAGGAGTAACCGAT-1,0.00003,0.649636,0.152594,0.106228,0.049273,0.042238
GCCAGGCGTTCGCATG-1,0.000134,0.000403,0.000269,0.000538,0.182014,0.816641
GCCAGGCTTAGTGGTA-1,0.000157,0.00047,0.000313,0.000627,0.347132,0.651302
GCCATATTGCACACAG-1,0.000025,0.668957,0.10709,0.05448,0.043012,0.126436
GCCATCGATGCTGCAT-1,0.000636,0.45697,0.016173,0.442999,0.072643,0.010578
GCCATTAGCCTCAAAC-1,0.000029,0.18587,0.002678,0.6486,0.150153,0.01267
GCCCACCAAGGCTGTC-1,0.002058,0.000281,0.005029,0.16228,0.242481,0.587872
GCCCACTGGTCCACAA-1,0.000366,0.001097,0.000731,0.001462,0.002924,0.993421
GCCCAGATGCTGGAGA-1,0.000014,0.265825,0.198029,0.527574,0.007272,0.001288
GCCCAGCGACACAAAG-1,0.00004,0.051962,0.010395,0.022989,0.197517,0.717098
GCCCAGTTGGTATGCC-1,0.000035,0.487561,0.017763,0.406289,0.053645,0.034708
GCCCATGGGTGCAATG-1,0.004243,0.047825,0.110153,0.000189,0.010232,0.827358
GCCCGACTTCTTCCCG-1,0.000061,0.000184,0.000122,0.806272,0.1933,0.000061
GCCCGAGAGTCTAAAT-1,0.000767,0.580867,0.05456,0.275378,0.06146,0.026968
GCCCGATCTGTGGTCG-1,0.000082,0.000247,0.306259,0.437671,0.255658,0.000082
GCCCGATGCCCAGTTC-1,0.00002,0.352124,0.10062,0.517104,0.030111,0.00002
GCCCGCGCGTAAACGG-1,0.000908,0.204672,0.141608,0.529919,0.112825,0.010068
GCCCGCGCGTTTGACA-1,0.000031,0.228903,0.002864,0.595057,0.159551,0.013594
GCCCGTAATACCTTCT-1,0.00081,0.344619,0.093885,0.417523,0.065825,0.077338
GCCCGTCAAGCCCAAT-1,0.000089,0.000268,0.022759,0.000358,0.976436,0.000089
GCCCGTTCACACAATT-1,0.000012,0.430246,0.094389,0.443724,0.030775,0.000854
GCCCTAAGTGCAGGAT-1,0.000014,0.454862,0.02983,0.515267,0.000014,0.000014
GCCCTAGCCGTCGCGA-1,0.000023,0.340882,0.018185,0.585386,0.053486,0.002036
GCCCTGAGGATGGGCT-1,0.001083,0.159687,0.130788,0.645899,0.062512,0.00003
GCCGAAATTCCTACGT-1,0.000032,0.197989,0.251273,0.537214,0.013459,0.000032
GCCGACCCACGACTGC-1,0.000026,0.229654,0.011488,0.617065,0.137268,0.004499
GCCGATTGGCCAAGCT-1,0.000098,0.000294,0.000847,0.740498,0.258165,0.000098
GCCGCACTCCGTTTCA-1,0.000513,0.65514,0.192491,0.144898,0.006944,0.000014
GCCGCATTAGTCCGGC-1,0.000014,0.599268,0.017403,0.381103,0.002197,0.000014
GCCGCTAGATACGCAG-1,0.000099,0.000296,0.000197,0.000394,0.000601,0.998413
GCCGCTTGTGAGAAAC-1,0.000028,0.071575,0.064639,0.767525,0.096206,0.000028
GCCGGAAACACATCTT-1,0.000068,0.000203,0.000135,0.014167,0.249066,0.736361
GCCGGGTTAGGGTCGC-1,0.00008,0.000241,0.008695,0.64453,0.346373,0.00008
GCCGGTCGTATCTCTC-1,0.000027,0.22491,0.059809,0.666618,0.048609,0.000027
GCCGGTTTGGGCGGAT-1,0.00015,0.000451,0.000301,0.000602,0.212777,0.785718
GCCGTCGGTTTCGGGC-1,0.001817,0.074179,0.026944,0.696095,0.185902,0.015064
GCCGTGGAAGAAATGT-1,0.000948,0.608953,0.064323,0.311118,0.011818,0.002841
GCCTACGTTCTGTGCA-1,0.000025,0.660632,0.192097,0.141038,0.006183,0.000025
GCCTAGCGATCTGACC-1,0.000041,0.274057,0.062719,0.359411,0.277014,0.026758
GCCTATAGTGTCAGGG-1,0.000052,0.145839,0.000103,0.583744,0.182013,0.088249
GCCTATGCTGGGCCTT-1,0.001302,0.003906,0.002604,0.106888,0.258913,0.626387
GCCTATTCCGATATAG-1,0.000649,0.480522,0.005758,0.304096,0.147879,0.061097
GCCTATTTGCTACACA-1,0.000076,0.000229,0.000153,0.185011,0.05342,0.761111
GCCTCAGGTACCGGTC-1,0.000022,0.096044,0.06673,0.636636,0.185702,0.014868
GCCTCATCTGGAAATA-1,0.00053,0.509464,0.115629,0.34003,0.024943,0.009404
GCCTCTATACATAGCA-1,0.011827,0.238405,0.124499,0.013128,0.555654,0.056487
GCCTGCTACACTGAGA-1,0.000069,0.387381,0.000138,0.036388,0.005287,0.570737
GCCTGTCCCGGTGCAT-1,0.00003,0.242232,0.033476,0.616205,0.082445,0.025611
GCCTTCAGCCCTACCG-1,0.000063,0.021787,0.006016,0.306131,0.519755,0.146248
GCCTTGTATATGCAGT-1,0.000075,0.02149,0.096654,0.000302,0.112656,0.768823
GCCTTTGTCAGTGGAC-1,0.000015,0.785102,0.068721,0.068264,0.051322,0.026576
GCGAAACGATCGGGAG-1,0.000097,0.000292,0.166522,0.045245,0.75147,0.036373
GCGAAACTTAACTGGA-1,0.000014,0.399097,0.468141,0.118997,0.001031,0.012719
GCGAAGAATCTGACGG-1,0.000021,0.423034,0.447795,0.111172,0.017957,0.000021
GCGAAGCCATACCCGT-1,0.000047,0.00014,0.000094,0.884275,0.111077,0.004367
GCGAATGGACTAGCGA-1,0.000017,0.401961,0.197324,0.362942,0.036528,0.001228
GCGACATGTAAACATC-1,0.001937,0.180006,0.083816,0.67776,0.041892,0.01459
GCGACCCAACCATCTG-1,0.000049,0.186871,0.272489,0.277387,0.249791,0.013413
GCGACGATAGTTGTAC-1,0.001288,0.192757,0.660076,0.068981,0.062209,0.014689
GCGACGGTAGTCTCCT-1,0.000519,0.752618,0.046777,0.200057,0.000015,0.000015
GCGAGAAACGGGAGTT-1,0.000051,0.000152,0.01763,0.069895,0.00041,0.911864
GCGAGAGGCCATGTAA-1,0.000129,0.660234,0.06541,0.162948,0.000129,0.111149
GCGAGAGTTGCGTCCA-1,0.000046,0.019395,0.001143,0.818021,0.122696,0.038698
GCGAGCGCATGCTCCC-1,0.000018,0.17309,0.158472,0.659161,0.00924,0.000018
GCGAGGCCCGAGCAGA-1,0.013853,0.443537,0.30685,0.203299,0.032436,0.000024
GCGAGGGACTGCTAGA-1,0.0001,0.0003,0.0002,0.0004,0.098461,0.900538
GCGAGTTCTGCAAAGA-1,0.000023,0.629814,0.095838,0.242144,0.032158,0.000023
GCGATGTCTGTGCTTG-1,0.000052,0.000156,0.000104,0.000208,0.016271,0.983209
GCGATTCTGGAAGCAG-1,0.005455,0.000448,0.000299,0.033773,0.152266,0.807759
GCGATTGTTAACGTTA-1,0.000902,0.688574,0.047383,0.237175,0.024632,0.001334
GCGCAAATATATTCAA-1,0.000016,0.462523,0.065428,0.425931,0.021217,0.024886
GCGCAAGAGCGCGCTG-1,0.000016,0.511861,0.04924,0.438828,0.000039,0.000016
GCGCATCCAGTCAGCA-1,0.000035,0.29232,0.053564,0.364759,0.284753,0.00457
GCGCCGTTCCACGATA-1,0.000038,0.07104,0.722882,0.055409,0.141318,0.009313
GCGCCTCCCACTCCGA-1,0.00002,0.197291,0.54166,0.255668,0.005341,0.00002
GCGCGATGGGTCAAGT-1,0.000063,0.000188,0.000126,0.000251,0.06867,0.930702
GCGCGGTCTAGTAACT-1,0.001503,0.000132,0.000088,0.923354,0.074879,0.000044
GCGCGTTTAAATCGTA-1,0.028117,0.088902,0.04826,0.03405,0.00007,0.800601
GCGCTAAGTATGCATG-1,0.000045,0.215923,0.190721,0.000178,0.005389,0.587744
GCGCTAATTGAATAGA-1,0.000022,0.448266,0.108514,0.396099,0.034671,0.012428
GCGCTATGCCGAGGCA-1,0.000032,0.588909,0.253438,0.088654,0.068935,0.000032
GCGCTCGATCACCTGT-1,0.000019,0.43158,0.344357,0.183925,0.013665,0.026454
GCGCTGATCCAGACTC-1,0.000064,0.010908,0.000128,0.101695,0.029606,0.857599
GCGCTGCTTTGCATTT-1,0.000048,0.410703,0.008816,0.492702,0.087683,0.000048
GCGCTGGCGGAAAGTC-1,0.000053,0.000158,0.000105,0.00021,0.064758,0.934717
GCGGACCGCGTTGTGG-1,0.00003,0.605054,0.132084,0.262773,0.00003,0.00003
GCGGAGAAACTTCGCA-1,0.00003,0.010228,0.002696,0.836717,0.147792,0.002537
GCGGAGAGGGAGAACG-1,0.000053,0.137945,0.170893,0.473743,0.217313,0.000053
GCGGATTACTTGTTCT-1,0.000031,0.202527,0.707609,0.082368,0.007434,0.000031
GCGGCAAAGTATTGCC-1,0.001089,0.103901,0.019462,0.618391,0.257125,0.000032
GCGGCTCTGACGTACC-1,0.000057,0.199743,0.040712,0.725642,0.00133,0.032517
GCGGCTTTAGCAAGTT-1,0.000026,0.709636,0.042995,0.186961,0.060355,0.000026
GCGGGAACCAGGCCCT-1,0.000028,0.403777,0.169508,0.214304,0.192539,0.019844
GCGGGCAGACGGGTGA-1,0.000023,0.080377,0.086635,0.573028,0.202151,0.057786
GCGGGCATTACGATGC-1,0.000897,0.624837,0.053413,0.243321,0.075507,0.002026
GCGGGCGAGCCTTACC-1,0.000556,0.370342,0.38716,0.24191,0.000016,0.000016
GCGGTAACCCAAATGA-1,0.000092,0.000276,0.000184,0.000368,0.26329,0.735789
GCGGTCCCGGTGAAGG-1,0.00009,0.622837,0.00018,0.000359,0.00009,0.376445
GCGGTCCCTAGACGCA-1,0.000144,0.000432,0.000288,0.135363,0.0073,0.856473
GCGGTCTTGCTTTCAC-1,0.000033,0.131483,0.508817,0.311297,0.048336,0.000033
GCGGTGAACTGCGCTC-1,0.000159,0.005374,0.000318,0.568242,0.091844,0.334062
GCGGTGCGGAGCATCG-1,0.000071,0.000212,0.000141,0.000283,0.158252,0.841041
GCGGTTCCCTATCATG-1,0.00003,0.408897,0.414153,0.147524,0.029366,0.00003
GCGTAAATGGCCATAA-1,0.000019,0.14509,0.185307,0.629412,0.040035,0.000138
GCGTCCAGCTCGTGGC-1,0.00014,0.000421,0.000281,0.000561,0.332987,0.66561
GCGTCCCTAAGACATA-1,0.000569,0.468241,0.016976,0.495888,0.018311,0.000016
GCGTCGAAATGTCGGT-1,0.000021,0.483669,0.186248,0.092158,0.073366,0.164539
GCGTCGCCAGGGTGAT-1,0.000042,0.125703,0.766216,0.035598,0.053971,0.018469
GCGTCGTAACATGGTC-1,0.000815,0.388319,0.09205,0.481451,0.037343,0.000023
GCGTCTAACCTCCTAA-1,0.008447,0.681566,0.114913,0.144206,0.031377,0.01949
GCGTCTCTGCATTGGG-1,0.00007,0.16048,0.025457,0.653917,0.127103,0.032974
GCGTGGTACTGGGTTA-1,0.000039,0.105631,0.037234,0.742862,0.087669,0.026564
GCGTGTATGTCGTATT-1,0.000179,0.000538,0.000358,0.189346,0.01646,0.793119
GCGTTATATTTGGAAC-1,0.002459,0.423856,0.084907,0.164119,0.257876,0.066783
GCGTTCGGAGACCGGG-1,0.001263,0.10315,0.002525,0.351735,0.001263,0.540064
GCGTTCTGACTAAGCG-1,0.000132,0.079037,0.574201,0.000527,0.345971,0.000132
GCTAAACCTGAGGTGA-1,0.000041,0.011024,0.012018,0.362261,0.550494,0.064163
GCTAAGCCCAGTATGC-1,0.000018,0.34312,0.30972,0.261919,0.085205,0.000018
GCTAAGTAAAGGCGAT-1,0.000039,0.036282,0.025125,0.034699,0.158906,0.744949
GCTAAGTAGTTTCTCT-1,0.001478,0.276752,0.074527,0.599547,0.044927,0.00277
GCTAATACCGAATGCC-1,0.000028,0.094475,0.00038,0.775866,0.082302,0.046948
GCTACAATCGAGGATA-1,0.975771,0.000236,0.000157,0.000314,0.003327,0.020195
GCTACACTGTCCGAAC-1,0.000141,0.000422,0.000282,0.000563,0.304602,0.69399
GCTACAGTACGGACCG-1,0.000015,0.110376,0.011345,0.834568,0.025115,0.018581
GCTACGACTTATTGGG-1,0.000081,0.188774,0.244674,0.197954,0.330953,0.037565
GCTACTATAGTAGAGT-1,0.000055,0.089213,0.220681,0.263399,0.419272,0.007379
GCTACTCGGACGCAGA-1,0.00007,0.000211,0.00014,0.000281,0.264664,0.734634
GCTAGACCGTCTACTG-1,0.000013,0.803291,0.036657,0.160014,0.000013,0.000013
GCTAGCAACGCACCTA-1,0.000016,0.342367,0.199722,0.455454,0.002426,0.000016
GCTAGCACCTGGGCCA-1,0.000009,0.62669,0.044699,0.315449,0.000009,0.013143
GCTAGCAGGGAGTGGG-1,0.004504,0.000445,0.000297,0.000593,0.286904,0.707258
GCTAGCGATAGGTCTT-1,0.000039,0.276895,0.008078,0.627772,0.074075,0.013141
GCTAGCTTGAATAGCT-1,0.000028,0.532544,0.174532,0.276316,0.016551,0.000028
GCTAGTAGAGCTTGTA-1,0.00002,0.407787,0.541148,0.038586,0.00002,0.012439
GCTAGTTTCATTGAGG-1,0.000033,0.581992,0.071853,0.045094,0.180896,0.120131
GCTATAAGGGCCAGGA-1,0.00001,0.79906,0.170018,0.030891,0.00001,0.00001
GCTATACGTCTCGGAC-1,0.000146,0.08501,0.113221,0.177202,0.512396,0.112025
GCTATCGCGGCGCAAC-1,0.000043,0.022413,0.006273,0.161522,0.573455,0.236294
GCTATGCCAGCTTATG-1,0.000088,0.000263,0.000175,0.034551,0.575642,0.389282
GCTCAACCTCTTAGAG-1,0.000063,0.000188,0.000125,0.046763,0.164364,0.788498
GCTCAATCCGTTTATT-1,0.000024,0.290948,0.158507,0.505838,0.028555,0.016128
GCTCAATGTAATACCG-1,0.000017,0.582904,0.097729,0.280633,0.013176,0.025541
GCTCATTACTGCATGT-1,0.000062,0.571296,0.127138,0.000247,0.000062,0.301196
GCTCATTGATCATATC-1,0.001364,0.025672,0.06451,0.731423,0.176993,0.000038
GCTCCATGAGTGCAGA-1,0.00012,0.206632,0.320074,0.100767,0.371435,0.000973
GCTCCATGCAAAGCAA-1,0.00001,0.489727,0.035869,0.468722,0.005661,0.00001
GCTCCCAGTCGGTCCA-1,0.000024,0.642465,0.060799,0.294727,0.001963,0.000024
GCTCCGCTCGCTTCAG-1,0.000017,0.829516,0.036251,0.13418,0.000017,0.000017
GCTCCGGACGTTGATA-1,0.000118,0.000354,0.000236,0.000471,0.081317,0.917504
GCTCCTGACATACTGG-1,0.000014,0.634195,0.015074,0.350689,0.000014,0.000014
GCTCGACCGAACTGAA-1,0.008042,0.024779,0.016676,0.000225,0.116033,0.834246
GCTCGCGGTTCCGCTC-1,0.000071,0.000213,0.000142,0.000284,0.338623,0.660667
GCTCGCTCATGTCCAA-1,0.000043,0.116419,0.018437,0.822999,0.042058,0.000043
GCTCGGAATTTAAAGC-1,0.001235,0.162807,0.030496,0.557827,0.217456,0.03018
GCTCTAAACCCTGACG-1,0.007067,0.661945,0.063863,0.213946,0.050986,0.002193
GCTCTATGTTACGTGC-1,0.000051,0.023545,0.063924,0.754824,0.148153,0.009503
GCTCTCGGGTACCGAA-1,0.000025,0.04176,0.101501,0.791924,0.064766,0.000025
GCTCTTTCCGCTAGTG-1,0.000038,0.028353,0.038981,0.918964,0.013626,0.000038
GCTGAACTCTCCAGGG-1,0.000767,0.272153,0.186928,0.480088,0.060044,0.000021
GCTGAAGGGTTCTTGG-1,0.000538,0.267435,0.001075,0.002151,0.000538,0.728263
GCTGAATCTTCCAATC-1,0.000012,0.758859,0.017176,0.22393,0.000012,0.000012
GCTGAGCAACGGTTCT-1,0.000061,0.000182,0.000121,0.000243,0.000061,0.999332
GCTGAGGCGTGAGTAT-1,0.000059,0.029257,0.498089,0.343383,0.129154,0.000059
GCTGCACGGTTTCTTA-1,0.00003,0.434296,0.279707,0.2721,0.013836,0.00003
GCTGCGAAGAATTATT-1,0.000455,0.269688,0.070947,0.591197,0.066224,0.001489
GCTGCGCCTCCCACGT-1,0.000061,0.000182,0.000122,0.025909,0.131731,0.841995
GCTGCTAAGTAGTCGA-1,0.000023,0.756178,0.21318,0.030573,0.000023,0.000023
GCTGCTACTGCGTAGC-1,0.000192,0.198612,0.04972,0.000766,0.750518,0.000192
GCTGCTCTCCGGACAC-1,0.000027,0.672475,0.152634,0.128237,0.046599,0.000027
GCTGGACCCAAAGTGG-1,0.000065,0.066709,0.000131,0.000262,0.000065,0.932767
GCTGGCAGGTGCCGTG-1,0.00011,0.000329,0.000219,0.000438,0.095507,0.903398
GCTGGCATATTCACCT-1,0.000027,0.340737,0.040745,0.587473,0.03099,0.000027
GCTGGCGGCGCATGCT-1,0.00006,0.034304,0.234836,0.395145,0.335595,0.00006
GCTGGGAGCGCGTCAA-1,0.000024,0.164045,0.026906,0.730125,0.072241,0.006659
GCTGGGTCCGCTGTTA-1,0.000069,0.000206,0.039417,0.000275,0.000069,0.959964
GCTGGTGACTCGTAGT-1,0.000128,0.009436,0.110365,0.032339,0.066686,0.781046
GCTGGTTTAGGCCATA-1,0.000031,0.299853,0.050592,0.564258,0.07626,0.009005
GCTGTATTACTGGCCC-1,0.001685,0.251866,0.071086,0.635244,0.040071,0.000049
GCTGTCTGTGATCGAC-1,0.000075,0.000226,0.00015,0.000301,0.01173,0.987518
GCTGTTGCTACCGAAC-1,0.000016,0.772702,0.028446,0.198804,0.000016,0.000016
GCTTAATGTAACTAAC-1,0.001832,0.283037,0.402684,0.268992,0.023541,0.019915
GCTTACGTAGTTAGTA-1,0.001251,0.229532,0.046485,0.606402,0.090947,0.025383
GCTTAGGGAAGCGGTA-1,0.000171,0.147053,0.087412,0.000684,0.000171,0.764509
GCTTATGAAGCAGGAA-1,0.000028,0.351698,0.049363,0.503108,0.047249,0.048555
GCTTCAGTGGGATTAC-1,0.00006,0.540462,0.00012,0.000241,0.00006,0.459057
GCTTCCAGCTTAGATT-1,0.000074,0.034372,0.000148,0.080513,0.160906,0.723987
GCTTCCATGTAACCGC-1,0.001199,0.433732,0.208559,0.345242,0.011239,0.00003
GCTTCCCGTAAGCTCC-1,0.000019,0.497753,0.198991,0.227798,0.05939,0.01605
GCTTCCGTCCCTAGAC-1,0.000819,0.416224,0.091854,0.387588,0.083285,0.020231
GCTTCGACGTTCAATC-1,0.000029,0.411593,0.042606,0.334136,0.155352,0.056284
GCTTGAGTGACCTCTG-1,0.000127,0.000381,0.117541,0.034393,0.847432,0.000127
GCTTGATGATAATCAG-1,0.000045,0.147118,0.000091,0.68276,0.136524,0.033461
GCTTGCAGCACAATTG-1,0.011596,0.399354,0.096963,0.042728,0.319561,0.129798
GCTTGGATCGATTAGG-1,0.000017,0.712299,0.003574,0.273715,0.000017,0.010379
GCTTTACACAACTGGG-1,0.007193,0.000405,0.192072,0.00054,0.799654,0.000135
GCTTTATTAAGTTACC-1,0.000037,0.170102,0.072458,0.716111,0.041254,0.000037
GCTTTCAGAGGAGGTG-1,0.000019,0.511109,0.110383,0.378451,0.000019,0.000019
GCTTTCTATCTCAACT-1,0.000369,0.001106,0.000737,0.273548,0.000369,0.723871
GCTTTGCTGCCGGGTA-1,0.000314,0.535552,0.000629,0.001258,0.108839,0.353408
GGAAACAGAGCTTGGG-1,0.000541,0.364552,0.085882,0.492935,0.053805,0.002285
GGAAACCTTGTTGAAT-1,0.000379,0.273559,0.2985,0.001515,0.154656,0.271391
GGAAAGGGAATTGAGC-1,0.000581,0.236396,0.067412,0.667701,0.024128,0.003781
GGAAAGTCTTGATTGT-1,0.000012,0.538363,0.056983,0.369162,0.017512,0.017969
GGAAAGTGCCCATGCC-1,0.000895,0.283301,0.01012,0.208762,0.445853,0.051069
GGAACCCGAACAAGAA-1,0.000036,0.000109,0.000073,0.017201,0.035388,0.947193
GGAACCGTGTAAATTG-1,0.000919,0.720323,0.210217,0.06852,0.000011,0.000011
GGAACCTTGACTCTGC-1,0.000363,0.597618,0.010776,0.391223,0.00001,0.00001
GGAACGGCCTGCAGCC-1,0.000078,0.000234,0.000156,0.000312,0.515675,0.483546
GGAACTCGTGAATACG-1,0.000302,0.347434,0.092155,0.544268,0.015348,0.000493
GGAACTTTGGCGATTA-1,0.73317,0.093748,0.05663,0.000734,0.062091,0.053627
GGAAGATAAGACTGTA-1,0.000251,0.000753,0.000502,0.001004,0.148637,0.848852
GGAAGCTCGCTTACAG-1,0.000142,0.000425,0.000283,0.000567,0.018363,0.98022
GGAAGGACACCGTATA-1,0.000014,0.238634,0.253519,0.489415,0.018405,0.000014
GGAATAACCTCAAGAA-1,0.00228,0.011858,0.00014,0.156585,0.151153,0.677984
GGAATGCGCTAGCGTG-1,0.000025,0.142459,0.010357,0.769806,0.075205,0.002149
GGACAACCATGAAGCC-1,0.009751,0.037837,0.214887,0.06137,0.676045,0.000109
GGACAAGCCATGATCG-1,0.004062,0.13325,0.300333,0.012438,0.000053,0.549864
GGACAAGTTGCAGTGA-1,0.000062,0.000185,0.000123,0.000246,0.261605,0.73778
GGACACAAGTTTACAC-1,0.000013,0.662512,0.299446,0.031968,0.006049,0.000013
GGACACCTCGGTGTTG-1,0.000022,0.338457,0.009124,0.643149,0.009227,0.000022
GGACCAACAGGATAAC-1,0.029685,0.133287,0.259333,0.046267,0.531366,0.000061
GGACCTACGGTAACGT-1,0.001042,0.613596,0.002083,0.004167,0.001042,0.378071
GGACCTCTAGGCCGCC-1,0.000056,0.006295,0.000125,0.776347,0.217121,0.000056
GGACGGCTTGCGCAAC-1,0.000164,0.000493,0.000329,0.000657,0.103806,0.89455
GGACGGGCGACCAACC-1,0.013368,0.198343,0.162082,0.004256,0.621837,0.000114
GGACGTCCATAGTTGG-1,0.002394,0.476362,0.000109,0.000217,0.034984,0.485934
GGACTAAGTCAGGAGT-1,0.002238,0.015472,0.000121,0.169047,0.157993,0.65513
GGACTCACAAATTAGG-1,0.000514,0.520442,0.406558,0.055547,0.003777,0.013162
GGACTCGACAGCGCAT-1,0.000718,0.165101,0.338518,0.495623,0.000019,0.000019
GGACTCGTGAGTGGTC-1,0.000955,0.001696,0.004608,0.820213,0.151828,0.0207
GGACTCTTCCGGTTGA-1,0.000078,0.040578,0.689735,0.000314,0.065663,0.203631
GGACTCTTTGACTAAG-1,0.000844,0.528855,0.233743,0.1876,0.048935,0.000022
GGAGAAGTCATTGGCA-1,0.000016,0.390068,0.052063,0.553104,0.004732,0.000016
GGAGACATTCACGGGC-1,0.000081,0.000242,0.000161,0.000322,0.090445,0.90875
GGAGACCAATGTGCTT-1,0.000075,0.603251,0.084462,0.258276,0.002431,0.051506
GGAGACCATCTACATA-1,0.000015,0.617229,0.010505,0.331443,0.018907,0.021902
GGAGACGACACCTTTG-1,0.000047,0.045573,0.797866,0.004676,0.123221,0.028618
GGAGCACCAAGAACTA-1,0.000024,0.255519,0.017358,0.536515,0.170519,0.020065
GGAGCGAGGCCTACTT-1,0.000034,0.25011,0.074609,0.479688,0.195526,0.000034
GGAGGAGTGTGTTTAT-1,0.000113,0.00034,0.207514,0.000453,0.077323,0.714257
GGAGGATTGAAAGGAG-1,0.000173,0.000519,0.000346,0.000692,0.342789,0.655482
GGAGGCCGAAGTCGTC-1,0.000581,0.539861,0.040527,0.394355,0.024661,0.000015
GGAGGCGAAGAACCGC-1,0.000094,0.000282,0.000188,0.000375,0.360329,0.638733
GGAGGGCTTGGTTGGC-1,0.001382,0.000116,0.000077,0.903203,0.095182,0.000039
GGAGGGTCAAGTAAGA-1,0.151176,0.128305,0.066703,0.110284,0.543436,0.000097
GGAGTACACATGAGCT-1,0.013265,0.021357,0.069632,0.042386,0.047799,0.805561
GGAGTGCCGCCCTGGA-1,0.000016,0.631498,0.047937,0.260159,0.033722,0.026669
GGAGTTGATTCTGTGT-1,0.009763,0.039779,0.351373,0.206189,0.392715,0.000181
GGATACTCATGAATTG-1,0.00012,0.00036,0.176849,0.012525,0.256724,0.553421
GGATCAAAGGACGAGG-1,0.02518,0.000249,0.000166,0.000332,0.200582,0.773491
GGATCAGAGCCATCAG-1,0.000086,0.000257,0.000171,0.000343,0.406973,0.59217
GGATCATCCCGTACGC-1,0.000694,0.002083,0.001389,0.218153,0.330567,0.447114
GGATCCCTACCAGCTA-1,0.000075,0.000224,0.000149,0.000299,0.091853,0.9074
GGATCCGGAATATACT-1,0.000802,0.419797,0.041305,0.490965,0.018137,0.028994
GGATCTACCGTTCGTC-1,0.000023,0.516387,0.025633,0.330677,0.104313,0.022967
GGATCTTACTGCCCTT-1,0.000016,0.515957,0.017101,0.451334,0.000016,0.015577
GGATCTTGACTCAACC-1,0.00089,0.455145,0.041131,0.502813,0.00001,0.00001
GGATGAAGATCGCTGA-1,0.000035,0.236828,0.106219,0.639487,0.004645,0.012786
GGATGACGCGAGTTTA-1,0.001383,0.333029,0.515448,0.116106,0.033995,0.000039
GGATGCTGGCGTTCCT-1,0.000022,0.501953,0.052852,0.397018,0.048134,0.000022
GGATGGCTTGAAGTAT-1,0.004586,0.000403,0.00051,0.474492,0.519874,0.000134
GGATGTCCTTACCGCA-1,0.000035,0.153856,0.026658,0.718798,0.076501,0.024153
GGATTAAGCTAAGGTC-1,0.000133,0.000398,0.000265,0.066171,0.09194,0.841093
GGATTAATCATGGACC-1,0.000484,0.669381,0.094036,0.225745,0.001649,0.008705
GGATTCAGTACGGTGG-1,0.008572,0.475905,0.210132,0.150843,0.027444,0.127104
GGATTCCGCTATACCC-1,0.000035,0.451268,0.102601,0.189015,0.189975,0.067106
GGATTGAAGTAGCCTC-1,0.001531,0.038444,0.315018,0.577249,0.067715,0.000043
GGATTGCTGTGACTCC-1,0.035754,0.000828,0.000552,0.280379,0.682211,0.000276
GGATTTCACTTCTATA-1,0.000031,0.365625,0.136652,0.459137,0.017799,0.020758
GGCAAAGGCGCCAATA-1,0.000027,0.000154,0.005945,0.856754,0.137093,0.000027
GGCAAGCCAGGGATAG-1,0.000101,0.462798,0.090172,0.04241,0.000101,0.404419
GGCAAGCCCATAGTGG-1,0.001663,0.017059,0.250154,0.538097,0.19298,0.000047
GGCAAGGCGAAATAGC-1,0.000038,0.049432,0.530066,0.017785,0.402641,0.000038
GGCAATAGTCAATGAG-1,0.00001,0.605592,0.022126,0.36518,0.00001,0.007083
GGCACGCTGCTACAGT-1,0.000128,0.000383,0.050068,0.344809,0.604485,0.000128
GGCACTCAGCCGACCC-1,0.000042,0.127871,0.661215,0.070188,0.140642,0.000042
GGCACTCCACTGGGCA-1,0.000036,0.383638,0.051267,0.556717,0.008305,0.000036
GGCACTGCGGTGGTTT-1,0.010782,0.000355,0.136542,0.109774,0.74243,0.000118
GGCAGAGAGATCGGGA-1,0.000052,0.000156,0.006755,0.286487,0.152498,0.554053
GGCAGCAAACCTATGC-1,0.000061,0.001702,0.516797,0.100871,0.380509,0.000061
GGCAGCGGTAATCCTA-1,0.00008,0.191855,0.00016,0.000319,0.00008,0.807507
GGCATACAGGTAGCGG-1,0.000029,0.215762,0.306841,0.464886,0.002976,0.009506
GGCATATCGGTTCTGC-1,0.000099,0.08211,0.000198,0.076154,0.228673,0.612766
GGCATCAACGAGCACG-1,0.009965,0.000246,0.000164,0.000328,0.000319,0.988977
GGCATTCCCTCCCTCG-1,0.000036,0.313723,0.346723,0.295442,0.04404,0.000036
GGCATTGAACATCTCA-1,0.000016,0.209352,0.020591,0.731486,0.025464,0.013091
GGCCAATTGTATAGAC-1,0.00053,0.618842,0.138417,0.231595,0.010601,0.000014
GGCCACAAGCGATGGC-1,0.000054,0.000162,0.000108,0.000216,0.004387,0.995073
GGCCACACGAAAGCCT-1,0.000072,0.000216,0.000144,0.000287,0.007435,0.991847
GGCCCAATCTAGAGGG-1,0.000751,0.002252,0.001502,0.003003,0.103653,0.888839
GGCCCAGCTGGTTTGC-1,0.000025,0.130059,0.067518,0.73186,0.070513,0.000025
GGCCCAGTTATCAGCA-1,0.000099,0.351244,0.016994,0.000397,0.054074,0.577192
GGCCCGGAGCATGTCT-1,0.000015,0.202036,0.074906,0.624175,0.078574,0.020294
GGCCCGTATACCATGC-1,0.001341,0.43945,0.051416,0.455102,0.030105,0.022585
GGCCCTCACCCACTTA-1,0.000023,0.236025,0.011586,0.694731,0.025903,0.031731
GGCCGAGACTCTGGTG-1,0.000029,0.014362,0.003998,0.886099,0.078903,0.016609
GGCCGGCGTCTGCTAT-1,0.000711,0.392892,0.457791,0.144761,0.003825,0.00002
GGCCGTTTGGGTTTCA-1,0.003278,0.428232,0.131558,0.415804,0.021104,0.000024
GGCCTGCTCTGATGTT-1,0.000061,0.000183,0.000122,0.902363,0.097211,0.000061
GGCCTTTGCAACTGGC-1,0.000036,0.116037,0.015009,0.254657,0.435059,0.179202
GGCGAAATCTAACTTG-1,0.000018,0.370537,0.278478,0.320662,0.020003,0.010302
GGCGAACCGTTCTGAT-1,0.000045,0.568459,0.085069,0.036417,0.119124,0.190886
GGCGAGCATCGAGGAC-1,0.000038,0.004021,0.748057,0.000151,0.000038,0.247696
GGCGAGCGAAACGGCA-1,0.000014,0.359773,0.020003,0.543367,0.075519,0.001324
GGCGCACAGTTTACCT-1,0.000023,0.449886,0.174115,0.373279,0.002675,0.000023
GGCGCAGGACATCTTC-1,0.00004,0.070933,0.013688,0.802669,0.11263,0.00004
GGCGCATGAATTGATG-1,0.000099,0.009745,0.46462,0.137751,0.387686,0.000099
GGCGCGTTCGAGTTTA-1,0.002082,0.000201,0.256486,0.000269,0.740895,0.000067
GGCGCTCCTCATCAAT-1,0.000057,0.000172,0.000115,0.00023,0.186651,0.812774
GGCGCTTCATTCCCTG-1,0.000038,0.288636,0.094125,0.607963,0.0092,0.000038
GGCGGAGTAATATTAG-1,0.00002,0.652593,0.122332,0.197109,0.020572,0.007375
GGCGGGCTCTAAGAGT-1,0.000019,0.460557,0.435423,0.086134,0.01785,0.000019
GGCGGTAGGATCATTG-1,0.00003,0.128677,0.118882,0.747111,0.00527,0.00003
GGCGGTTTGCCGGTGC-1,0.000052,0.000155,0.000103,0.000207,0.004269,0.995215
GGCGTACCCTATATAA-1,0.007144,0.204681,0.092578,0.00013,0.030532,0.664935
GGCGTAGGGAAAGCTG-1,0.000049,0.017826,0.393884,0.327943,0.260249,0.000049
GGCGTCCTATCCGCTG-1,0.000026,0.19228,0.104764,0.66833,0.012339,0.022261
GGCTAAAGGGCGGGTC-1,0.000646,0.799047,0.001292,0.002584,0.000646,0.195785
GGCTAATGATTGAAAT-1,0.000072,0.193188,0.01892,0.015475,0.000072,0.772273
GGCTACTATACACTCC-1,0.000026,0.240833,0.082771,0.560998,0.115346,0.000026
GGCTATTAAGTTGTAT-1,0.000035,0.405691,0.097345,0.429152,0.016304,0.051473
GGCTCCTCCACCTGTT-1,0.000026,0.350216,0.014033,0.635674,0.000026,0.000026
GGCTCGCGTTGAGGTA-1,0.000018,0.590532,0.026471,0.329027,0.053934,0.000018
GGCTCGTGCCACCAGC-1,0.000039,0.150234,0.132698,0.255677,0.365595,0.095757
GGCTCTGCTCCAACGC-1,0.0008,0.39774,0.026224,0.52375,0.051463,0.000023
GGCTGAAATAGCAAAG-1,0.000058,0.020572,0.245259,0.254691,0.479363,0.000058
GGCTGAGCATCGTAAG-1,0.000115,0.000346,0.000231,0.000462,0.000115,0.99873
GGCTGGCAATCCCACG-1,0.000025,0.242241,0.198635,0.445688,0.113386,0.000025
GGCTGGCAGCTTTATG-1,0.000071,0.000213,0.000142,0.000284,0.151563,0.847726
GGCTGGCTAGCTTAAA-1,0.000078,0.000233,0.000155,0.00031,0.197171,0.802054
GGCTGTCCTACTGCGG-1,0.000025,0.092626,0.052004,0.815686,0.033107,0.006553
GGCTTCTCGTGGGTGG-1,0.000035,0.014056,0.01232,0.899265,0.074289,0.000035
GGCTTGGCTCTCACCT-1,0.000069,0.000208,0.000139,0.000277,0.000069,0.999237
GGCTTTCAATAAGGGT-1,0.000053,0.100809,0.149349,0.661238,0.088499,0.000053
GGGAAAGAATGCCAAC-1,0.002119,0.000162,0.164016,0.021633,0.812017,0.000054
GGGAACCACCTGTTTC-1,0.000123,0.000369,0.000246,0.139009,0.070368,0.789885
GGGAACGGGAGGTTAG-1,0.000032,0.268934,0.2787,0.38696,0.004295,0.061079
GGGAACGGTTTCAGAT-1,0.000028,0.074397,0.057859,0.703927,0.163763,0.000028
GGGAAGACGGTCTGTC-1,0.000036,0.110196,0.654919,0.165526,0.069286,0.000036
GGGAAGGGCTTTCTCA-1,0.000201,0.000604,0.032825,0.000805,0.965363,0.000201
GGGAATGAGCCCTCAC-1,0.0006,0.001799,0.349977,0.646426,0.0006,0.0006
GGGAATTCTGTCCAGT-1,0.000066,0.051209,0.036686,0.13771,0.088176,0.686154
GGGACAGAGTTACTCC-1,0.000051,0.214144,0.015959,0.498211,0.271586,0.000051
GGGACCCGTATATCTT-1,0.001352,0.134375,0.362952,0.456385,0.013969,0.030967
GGGACTGCATAGATAG-1,0.000034,0.128317,0.125925,0.71241,0.018463,0.014852
GGGAGAACTCACAGTA-1,0.000013,0.743179,0.042764,0.214019,0.000013,0.000013
GGGAGCGACCGTAGTG-1,0.000663,0.458874,0.377407,0.158807,0.004231,0.000019
GGGAGGATGCCCGAAA-1,0.000011,0.407669,0.518303,0.073993,0.000011,0.000011
GGGAGTAATGGCTGGC-1,0.000186,0.000557,0.000371,0.000742,0.007726,0.990418
GGGAGTTAATGAGGCG-1,0.001434,0.430335,0.061223,0.49777,0.00922,0.000018
GGGATACGGTAATAAT-1,0.000028,0.228488,0.012708,0.00196,0.000028,0.756788
GGGATATTGATCGCCA-1,0.000023,0.243035,0.042377,0.59927,0.095329,0.019966
GGGATCCCAATACAAA-1,0.000106,0.388516,0.088589,0.000425,0.317149,0.205214
GGGATGGACCCGCGTC-1,0.000474,0.317973,0.678712,0.001894,0.000474,0.000474
GGGATGGTCGTAACCG-1,0.001043,0.186928,0.256525,0.503595,0.05188,0.000029
GGGATTATCTCACAAC-1,0.000066,0.031441,0.092655,0.080475,0.042175,0.753188
GGGATTTACCGCACCT-1,0.002072,0.822456,0.04971,0.125711,0.000025,0.000025
GGGCAACCGCACGTGC-1,0.000022,0.141718,0.030277,0.752505,0.074395,0.001082
GGGCACGAATTGGCCG-1,0.00007,0.00021,0.00014,0.00028,0.244044,0.755255
GGGCACGTAGTACTGT-1,0.000778,0.206934,0.035573,0.740924,0.01577,0.000021
GGGCACTATTGACCAT-1,0.000051,0.293296,0.018534,0.049575,0.320877,0.317667
GGGCAGACGTCACTGC-1,0.000038,0.106081,0.001997,0.423685,0.374432,0.093766
GGGCAGAGCAATCGTT-1,0.000762,0.31244,0.566971,0.119763,0.000042,0.000021
GGGCAGGATTTCTGTG-1,0.000646,0.473725,0.001292,0.088114,0.435577,0.000646
GGGCAGTCAACGCCAA-1,0.000028,0.28635,0.174752,0.399174,0.137504,0.002192
GGGCATGCATGTCGAG-1,0.000017,0.235977,0.042001,0.680281,0.036981,0.004743
GGGCCATTCGTGCTGG-1,0.00013,0.000389,0.000259,0.000518,0.876899,0.121805
GGGCCCGTCTTAAACA-1,0.000067,0.203902,0.135311,0.294764,0.365889,0.000067
GGGCCCTACGAAAGGG-1,0.000022,0.087491,0.012465,0.6185,0.2815,0.000022
GGGCCCTTATCTATAC-1,0.000055,0.000164,0.011814,0.289994,0.217132,0.480841
GGGCCGGCCGAAGTAC-1,0.000365,0.761158,0.041599,0.178865,0.013136,0.004878
GGGCCTAAATGGGCTA-1,0.000023,0.225633,0.008909,0.435699,0.329713,0.000023
GGGCCTATACAACCGG-1,0.003266,0.000281,0.000187,0.000375,0.053413,0.942478
GGGCCTATTTAAGTAT-1,0.000105,0.142312,0.287492,0.000422,0.043864,0.525805
GGGCGAATTTCTCCAC-1,0.000069,0.000207,0.000138,0.000276,0.077973,0.921337
GGGCGATATGTGTGAA-1,0.000036,0.06604,0.066339,0.827344,0.040206,0.000036
GGGCGATCCATAGGCC-1,0.000694,0.171633,0.001389,0.002778,0.076068,0.747438
GGGCGCAGCGTTACTC-1,0.000012,0.45608,0.191523,0.351023,0.001351,0.000012
GGGCGGCAAATGAATT-1,0.000017,0.304632,0.337689,0.340076,0.017571,0.000017
GGGCGGGTTCCCTACG-1,0.000042,0.243961,0.194455,0.510483,0.051016,0.000042
GGGCGGTCCTATTGTC-1,0.000071,0.000214,0.000143,0.000286,0.046466,0.952819
GGGCGTACATTTATAT-1,0.000026,0.570713,0.06606,0.332872,0.012441,0.017888
GGGCGTCACCACGTAA-1,0.00133,0.190965,0.304546,0.487384,0.015741,0.000034
GGGCGTCCACTGGCTC-1,0.000079,0.000238,0.000159,0.000317,0.108806,0.890401
GGGCGTGGTTTCCCAG-1,0.000094,0.000283,0.682998,0.013446,0.303084,0.000094
GGGCGTTTACATTCAT-1,0.000513,0.860814,0.000656,0.137988,0.000014,0.000014
GGGCTACTATTTCGTG-1,0.000648,0.964259,0.004347,0.030729,0.000009,0.000009
GGGCTATGATCGATGG-1,0.000026,0.510342,0.148911,0.300992,0.036259,0.003471
GGGCTCATCGAACCCA-1,0.001098,0.109566,0.05048,0.639627,0.185626,0.013603
GGGCTGCCTAGGGCGA-1,0.000788,0.391666,0.034656,0.463686,0.096307,0.012896
GGGCTGGTTAGTCGCG-1,0.000022,0.472465,0.181074,0.289234,0.057182,0.000022
GGGTAATGCTGTGTTT-1,0.002407,0.092699,0.000134,0.053949,0.099233,0.751578
GGGTACACTCTGGAGG-1,0.002278,0.177009,0.04679,0.004259,0.00006,0.769604
GGGTACCCACGGTCCT-1,0.000047,0.074936,0.046271,0.00019,0.119623,0.758933
GGGTACTTCATGAACT-1,0.000014,0.8363,0.079461,0.08291,0.000014,0.001301
GGGTATGTATGCACTT-1,0.000026,0.678076,0.125222,0.15126,0.008183,0.037233
GGGTATTCTAGCAAAC-1,0.000017,0.5677,0.026563,0.386201,0.019502,0.000017
GGGTCACCGTGACGGT-1,0.000023,0.639495,0.2603,0.063073,0.005215,0.031895
GGGTCACGTGCTTATG-1,0.000098,0.000295,0.000197,0.000393,0.211925,0.787092
GGGTCACTGAGTAGTG-1,0.000198,0.102058,0.14219,0.014805,0.000198,0.740551
GGGTCAGGAGCTAGAT-1,0.000033,0.076733,0.018857,0.885858,0.018485,0.000033
GGGTCATGCGTACCAT-1,0.000076,0.000227,0.000151,0.000303,0.104311,0.894932
GGGTCCTTGGAAGAAG-1,0.00002,0.421044,0.084673,0.086137,0.265469,0.142656
GGGTCGTGGCAAGTGT-1,0.000054,0.231589,0.000108,0.646827,0.113075,0.008347
GGGTCTATCGCTTTCC-1,0.29707,0.00033,0.06381,0.00044,0.63824,0.00011
GGGTGACACCTTAACT-1,0.000109,0.000326,0.275288,0.417968,0.306201,0.000109
GGGTGCATATGAAAGC-1,0.000009,0.708713,0.005006,0.286146,0.000116,0.000009
GGGTGGTCCAGCCTGT-1,0.000116,0.000347,0.000231,0.000462,0.155265,0.843579
GGGTGTTTCAGCTATG-1,0.000066,0.242873,0.000133,0.165695,0.303591,0.287641
GGGTTAACATTTGAGT-1,0.000026,0.267669,0.162058,0.522254,0.011982,0.036011
GGGTTCAGACGAACAA-1,0.000051,0.086066,0.096901,0.000203,0.062388,0.754392
GGGTTTAGGATAGGAT-1,0.000022,0.539516,0.230804,0.198058,0.031578,0.000022
GGGTTTCCGGCTTCCA-1,0.007973,0.00022,0.000147,0.000294,0.207605,0.783762
GGTAAACTCTGCGCTG-1,0.000099,0.268561,0.255423,0.000397,0.475421,0.000099
GGTAAATGTGCGTTAC-1,0.000077,0.134873,0.006114,0.000306,0.000077,0.858554
GGTAACCGGCAAAGGT-1,0.006475,0.000247,0.000165,0.000329,0.156996,0.835789
GGTAACCGGGAGGATA-1,0.00002,0.152817,0.260912,0.533725,0.041413,0.011113
GGTAACTATGTATCTG-1,0.000058,0.547695,0.039596,0.097241,0.003058,0.312351
GGTACAAACATGCTAT-1,0.000058,0.198091,0.30675,0.270662,0.214766,0.009674
GGTACACCAGATTTAT-1,0.000014,0.81212,0.029403,0.158436,0.000014,0.000014
GGTACATCTGGGACGA-1,0.000014,0.503279,0.033378,0.460439,0.002875,0.000014
GGTACCATTAAGACGG-1,0.000019,0.417885,0.047054,0.515133,0.000022,0.019887
GGTACGTTGCGGCCGG-1,0.298659,0.055798,0.250743,0.000797,0.356462,0.037541
GGTACTAAGTGCTTTG-1,0.000016,0.78219,0.198895,0.013294,0.00559,0.000016
GGTAGAAGACCGCCTG-1,0.000095,0.203994,0.139104,0.015439,0.641272,0.000095
GGTAGACCGTTGGGCG-1,0.00003,0.168776,0.11702,0.63966,0.074483,0.00003
GGTAGGCCAATATCAC-1,0.000014,0.46518,0.072636,0.457507,0.00465,0.000014
GGTAGTGCTCGCACCA-1,0.000018,0.858082,0.016314,0.125549,0.000018,0.000018
GGTATAGTGACACATA-1,0.000019,0.200809,0.157121,0.596015,0.024171,0.021865
GGTATCAAGCATAGAA-1,0.000056,0.353516,0.018667,0.010539,0.065827,0.551394
GGTATGAAAGAACTGA-1,0.000035,0.065665,0.005872,0.119946,0.118859,0.689623
GGTATTGCCGAGTTTA-1,0.000029,0.773915,0.137486,0.069661,0.000029,0.01888
GGTCAAGACTACTTCG-1,0.000072,0.082335,0.255978,0.275033,0.377589,0.008993
GGTCACGTTAGATTCA-1,0.000092,0.000275,0.000183,0.000367,0.197666,0.801418
GGTCAGTGGGTCCCAC-1,0.000108,0.011723,0.411879,0.148387,0.427796,0.000108
GGTCATTGTAGTCATA-1,0.000366,0.354767,0.000731,0.001462,0.000366,0.642309
GGTCCACGTCTATTTG-1,0.000035,0.264801,0.102989,0.496899,0.10247,0.032807
GGTCCCATAACATAGA-1,0.002859,0.000202,0.000135,0.019959,0.226077,0.750768
GGTCCTTCATACGACT-1,0.000074,0.087678,0.032513,0.03061,0.286905,0.56222
GGTCGGATAAACGGCG-1,0.000023,0.50757,0.075738,0.216527,0.15533,0.044812
GGTCGGCCAGGAGCTT-1,0.000028,0.027293,0.140422,0.815241,0.016987,0.000028
GGTCGGTAATTAGACA-1,0.000093,0.00028,0.059135,0.131317,0.228558,0.580616
GGTCGGTCGTCCACAG-1,0.00001,0.811425,0.107371,0.081174,0.00001,0.00001
GGTCGTAAGCTCGCAC-1,0.000015,0.424926,0.091664,0.454962,0.02569,0.002742
GGTCTCCAAGTAGTGC-1,0.00002,0.406202,0.25572,0.286699,0.051337,0.00002
GGTCTCCGTCCAGGTT-1,0.362858,0.000452,0.004351,0.570615,0.061573,0.000151
GGTCTCTGAATGGACT-1,0.000015,0.583325,0.059612,0.344942,0.000015,0.012089
GGTCTGAGAATCTGGA-1,0.000013,0.496412,0.13216,0.35737,0.001341,0.012705
GGTCTTGAGCGCTCTT-1,0.000046,0.116169,0.049732,0.783235,0.050772,0.000046
GGTCTTGGTGTTAACT-1,0.000053,0.026303,0.077874,0.012291,0.000053,0.883425
GGTGAAACCGGGAATG-1,0.000057,0.00017,0.115059,0.000227,0.146971,0.737515
GGTGAACGGGCTAGCC-1,0.000116,0.000348,0.000232,0.000464,0.250681,0.748159
GGTGAAGTACAGGGAT-1,0.000049,0.127462,0.07188,0.70677,0.093789,0.000049
GGTGAGATGCAGATAA-1,0.000038,0.293765,0.013236,0.093222,0.014855,0.584883
GGTGATAAGGAGCAGT-1,0.000529,0.652842,0.213708,0.11948,0.013427,0.000015
GGTGATGAAGGAAGTG-1,0.000099,0.000296,0.000197,0.000394,0.238767,0.760248
GGTGATTTCATCTTGT-1,0.000108,0.060123,0.000217,0.258271,0.018867,0.662414
GGTGCAGAGCCTATCG-1,0.000187,0.000562,0.000375,0.102119,0.088888,0.80787
GGTGCATAAATGATTA-1,0.000797,0.218021,0.030555,0.634838,0.098103,0.017687
GGTGCGGATAAGTGGC-1,0.000078,0.014516,0.000157,0.24444,0.630991,0.109819
GGTGCTGATCACAAAG-1,0.000031,0.042849,0.000105,0.710593,0.188742,0.05768
GGTGCTGGTACACATT-1,0.00003,0.59358,0.237467,0.138297,0.022212,0.008414
GGTGGACCACGTGTTA-1,0.000092,0.101574,0.000185,0.000369,0.000092,0.897688
GGTGGAGGTTGATACG-1,0.000025,0.352837,0.318307,0.253107,0.065067,0.010657
GGTGGGATTAGGTCCC-1,0.000026,0.045289,0.286645,0.550558,0.117455,0.000026
GGTGTAAATCGATTGT-1,0.000028,0.006579,0.245825,0.67896,0.06858,0.000028
GGTGTAGGTAAGTAAA-1,0.000583,0.172578,0.045376,0.718389,0.022479,0.040595
GGTGTTCTGTTTCTAC-1,0.000081,0.07996,0.000161,0.133938,0.02215,0.763711
GGTGTTGGGCGTCTTA-1,0.000033,0.258398,0.359628,0.311662,0.070245,0.000033
GGTTACCACCCTCGGG-1,0.000031,0.371294,0.039302,0.561062,0.020671,0.007641
GGTTACCCGACACTTT-1,0.007293,0.819095,0.030362,0.130584,0.000009,0.012656
GGTTACCGCTCCCTAC-1,0.00001,0.905773,0.008912,0.085284,0.00001,0.00001
GGTTAGCTATATGTCT-1,0.000031,0.200574,0.460178,0.275596,0.06359,0.000031
GGTTAGGCTTGGAGAA-1,0.000019,0.099828,0.004697,0.880957,0.014479,0.000019
GGTTAGGGATGCTAAT-1,0.00055,0.293408,0.071106,0.278145,0.210834,0.145958
GGTTAGTTACGGCGCC-1,0.000049,0.006782,0.000097,0.52823,0.393738,0.071104
GGTTCCACCCGCTTCT-1,0.000065,0.094568,0.00013,0.000969,0.157957,0.746311
GGTTCCCTAGTGTCTC-1,0.000242,0.238063,0.000485,0.000969,0.137477,0.622764
GGTTCCGTACGACTAA-1,0.000012,0.569736,0.029767,0.340117,0.04736,0.013008
GGTTCGATGCTGAGTT-1,0.000106,0.000319,0.025304,0.080961,0.009908,0.883402
GGTTCGCATTTGCCGT-1,0.000027,0.646631,0.115784,0.237505,0.000027,0.000027
GGTTCGGATTATACTA-1,0.000045,0.365448,0.070699,0.275771,0.172596,0.115442
GGTTCTACTCGTCTGA-1,0.000042,0.094988,0.117245,0.648858,0.131592,0.007274
GGTTGTATCGTGAAAT-1,0.001859,0.205757,0.030675,0.073017,0.074889,0.613803
GGTTGTGCTCTTGTCC-1,0.000074,0.000222,0.000148,0.000296,0.367277,0.631982
GGTTGTGTAGCCTGGC-1,0.000026,0.560828,0.098268,0.2026,0.101359,0.036919
GGTTTAATTACCATCG-1,0.000022,0.250154,0.094969,0.613767,0.023249,0.01784
GGTTTAATTGAGCAGG-1,0.000759,0.328827,0.103138,0.540315,0.022605,0.004356
GGTTTACAATCTCAAT-1,0.000023,0.368341,0.078334,0.492986,0.027626,0.03269
GGTTTAGCCTTTCTTG-1,0.000032,0.160358,0.578053,0.261491,0.000032,0.000032
GGTTTCAATCGGTCAG-1,0.000052,0.087143,0.26274,0.549537,0.074571,0.025957
GGTTTGACAAGAAGCT-1,0.000163,0.00049,0.000327,0.230007,0.032415,0.736598
GGTTTGAGTGCTGGAA-1,0.00012,0.00036,0.00024,0.172071,0.122848,0.70436
GGTTTGCGAACACGTA-1,0.00018,0.00054,0.117313,0.00072,0.00018,0.881067
GGTTTGTGACCTGAGG-1,0.946514,0.015163,0.000279,0.037766,0.000139,0.000139
GTAACAACTGACCTTG-1,0.000448,0.016626,0.347665,0.001792,0.000448,0.63302
GTAACAGGTTAACGGC-1,0.000507,0.225568,0.087717,0.540316,0.095439,0.050453
GTAACATCAGCTCATC-1,0.000103,0.000308,0.051434,0.000411,0.114742,0.833001
GTAACTACGTAGACCT-1,0.001066,0.567565,0.034998,0.32283,0.044115,0.029426
GTAACTGCCCAAGGAG-1,0.000032,0.060708,0.013117,0.795353,0.130758,0.000032
GTAACTTGCGGCAGTC-1,0.0001,0.000299,0.000199,0.000398,0.021861,0.977144
GTAAGCGGGCAGTCAG-1,0.000051,0.003147,0.006978,0.83878,0.150972,0.000072
GTAAGGATTTGTCGGA-1,0.000105,0.000315,0.00021,0.350271,0.053646,0.595452
GTAAGTAACAGTCTGG-1,0.000024,0.690872,0.094304,0.207141,0.005749,0.00191
GTAAGTAGGGTATACC-1,0.000025,0.314202,0.026966,0.518481,0.123152,0.017173
GTAAGTCCACACTCTA-1,0.000027,0.43297,0.142838,0.239585,0.130355,0.054224
GTAATAAAGGGCTCCC-1,0.010565,0.283858,0.117771,0.498436,0.049493,0.039877
GTAATCTGATTCTTCG-1,0.000016,0.933857,0.01195,0.054145,0.000016,0.000016
GTACACTTACCTGAAG-1,0.000012,0.848308,0.148309,0.003347,0.000012,0.000012
GTACAGAGGCAAGGGT-1,0.000023,0.352955,0.134646,0.472907,0.026554,0.012916
GTACGACGGCGCTGCG-1,0.000067,0.000201,0.000134,0.000268,0.057423,0.941907
GTACGAGATTGCGACA-1,0.000059,0.083303,0.000117,0.676833,0.183045,0.056643
GTACGTCACGTATTAA-1,0.000067,0.744251,0.000133,0.000267,0.000067,0.255216
GTACGTTTGCCCGTCA-1,0.002783,0.000269,0.202534,0.171413,0.622912,0.00009
GTACTAAGATTTGGAG-1,0.000019,0.499849,0.056155,0.443939,0.000019,0.000019
GTACTACGGCCTCGTT-1,0.000018,0.535777,0.27031,0.174988,0.018889,0.000018
GTACTCCCTTATCGCT-1,0.000037,0.179888,0.016519,0.744433,0.019586,0.039537
GTACTCCTGGGTATGC-1,0.001746,0.072412,0.000102,0.691532,0.230996,0.003212
GTACTGAGGTCGTAAC-1,0.000156,0.000468,0.000312,0.000624,0.170531,0.827908
GTACTGCATGAAGCGT-1,0.000081,0.0796,0.000162,0.318931,0.086365,0.514862
GTACTGGAGTTAGACC-1,0.000031,0.290416,0.091186,0.547294,0.047903,0.023169
GTACTTGGGCACTTCT-1,0.000088,0.000265,0.000177,0.000353,0.475208,0.523909
GTAGAAACGGGTGGAG-1,0.000055,0.000164,0.000109,0.016778,0.227523,0.755371
GTAGACAACCGATGAA-1,0.000053,0.051906,0.009338,0.081195,0.010586,0.846922
GTAGACACGCCTGACT-1,0.000468,0.470408,0.365957,0.162022,0.001132,0.000013
GTAGACGTCGTTACAT-1,0.000106,0.039865,0.000212,0.064703,0.273329,0.621785
GTAGAGGGAGACAAGT-1,0.000021,0.226864,0.059996,0.675643,0.020379,0.017096
GTAGCCAAACATGGGA-1,0.000059,0.145363,0.449725,0.001334,0.392312,0.011206
GTAGCGCTGTTGTAGT-1,0.010295,0.000257,0.000172,0.000343,0.001913,0.987019
GTAGCGGCTATACACT-1,0.000948,0.489684,0.392827,0.100822,0.007807,0.007911
GTAGCTAGTAAGCGCG-1,0.000041,0.375554,0.005122,0.036703,0.055489,0.527091
GTAGCTCCGGGAGGCT-1,0.000009,0.483217,0.023339,0.493417,0.000009,0.000009
GTAGCTTCCTCTTGTT-1,0.000047,0.411255,0.218769,0.220339,0.110452,0.039138
GTAGGTGATCCGTGTA-1,0.002396,0.88537,0.003862,0.001171,0.000028,0.107173
GTAGTCGCGGGAATCA-1,0.000053,0.004424,0.159981,0.044277,0.784062,0.007202
GTAGTCTACGATATTG-1,0.001841,0.212391,0.213041,0.35845,0.189611,0.024666
GTAGTGAGCAACCTCA-1,0.000129,0.000388,0.069967,0.035408,0.893978,0.000129
GTAGTTAGACAATATA-1,0.000088,0.176473,0.091171,0.071746,0.000088,0.660433
GTAGTTCGAAGGCGAA-1,0.00051,0.137601,0.026413,0.776291,0.052356,0.006829
GTAGTTTAAGCACACG-1,0.000032,0.150261,0.037579,0.695533,0.083183,0.033412
GTATAATCTCCCGGAT-1,0.000092,0.000275,0.000184,0.01516,0.306632,0.677658
GTATAGGACTCAGTAG-1,0.00002,0.733039,0.02036,0.213434,0.007407,0.02574
GTATAGTGGCCCATGT-1,0.000122,0.000367,0.000245,0.245925,0.048542,0.704798
GTATATGTTACGGCGG-1,0.000079,0.000236,0.000158,0.000315,0.092575,0.906638
GTATCAAACGTTAGCT-1,0.007441,0.244091,0.014921,0.00063,0.697858,0.035059
GTATCAAGGTACTTCC-1,0.000021,0.352984,0.115228,0.523848,0.00575,0.002171
GTATCAGCTTGGGTTC-1,0.000018,0.626947,0.224572,0.061224,0.084337,0.002901
GTATCCTTTGGTAACC-1,0.000189,0.207885,0.151106,0.000758,0.639872,0.000189
GTATCGGGACGAGCTG-1,0.00015,0.000449,0.000299,0.000598,0.134334,0.86417
GTATCTCAGTCTTGAC-1,0.000024,0.622098,0.054144,0.311948,0.000024,0.01176
GTATCTCCCTAACTGT-1,0.000045,0.075365,0.049489,0.094926,0.077782,0.702392
GTATCTCGGGCGCTTT-1,0.000025,0.205955,0.044853,0.638973,0.056228,0.053966
GTATCTTGTTGCTCAC-1,0.005733,0.038823,0.020851,0.000276,0.145317,0.789
GTATCTTTCATAACCA-1,0.00007,0.014717,0.620505,0.065623,0.289821,0.009264
GTATGAAATTTCACTC-1,0.000825,0.244494,0.077198,0.534519,0.101675,0.041289
GTATGACGTGGGAAAC-1,0.00006,0.000181,0.00012,0.000241,0.010211,0.989187
GTATGTGGGTCTAGTT-1,0.000017,0.595245,0.076135,0.321694,0.000017,0.006892
GTATTAAGGCGTCTAA-1,0.000041,0.113325,0.023353,0.226471,0.389378,0.247431
GTATTAGGGTTCGCGT-1,0.000155,0.000466,0.042071,0.000621,0.241022,0.715665
GTATTCTGAGAAACGA-1,0.000024,0.245456,0.069497,0.639243,0.045757,0.000024
GTATTCTTACCGTGCT-1,0.000064,0.049258,0.000127,0.122538,0.014981,0.813032
GTATTTAATGGCATAA-1,0.000646,0.470703,0.501604,0.011368,0.000471,0.015209
GTCAAAGAAGTGGTGT-1,0.000022,0.092051,0.017713,0.635234,0.241318,0.013662
GTCAAAGTTTACATAG-1,0.000055,0.115701,0.036817,0.000891,0.035173,0.811363
GTCAACCAGGCCTATA-1,0.736072,0.000321,0.000214,0.027473,0.235813,0.000107
GTCAAGCGGACTCGGG-1,0.000045,0.265419,0.274319,0.30645,0.153722,0.000045
GTCAATGCTATAATTT-1,0.000018,0.911333,0.045995,0.039893,0.000018,0.002742
GTCAATTGTACTGAAG-1,0.000072,0.164946,0.014763,0.100077,0.06825,0.651891
GTCACAAAGTTTCCAA-1,0.003085,0.122125,0.000152,0.133263,0.027928,0.713447
GTCACCTGTCTATGTC-1,0.000088,0.128719,0.042374,0.000351,0.154189,0.674279
GTCACTCATGAGCGAT-1,0.00012,0.220685,0.001546,0.015244,0.00012,0.762283
GTCACTCTCCAAATCT-1,0.000023,0.282771,0.010036,0.57799,0.07497,0.05421
GTCAGAATAGTCTATG-1,0.000841,0.397304,0.033466,0.47354,0.071822,0.023027
GTCAGACAGCGTTGGA-1,0.000087,0.00026,0.000174,0.000347,0.000087,0.999045
GTCAGTTGTGCTCGTT-1,0.000059,0.43719,0.000118,0.001638,0.000059,0.560936
GTCAGTTTGGTAGTCG-1,0.000051,0.253747,0.063763,0.036248,0.252318,0.393873
GTCATCCCAAACTCAC-1,0.000013,0.577171,0.035296,0.331363,0.048208,0.007949
GTCATCTCCTACAGCT-1,0.000068,0.05817,0.006286,0.098348,0.0406,0.796528
GTCATGCACCTCCGTT-1,0.000021,0.691726,0.029327,0.278882,0.000021,0.000021
GTCATGCGCGAGGGCT-1,0.080473,0.0005,0.056513,0.022087,0.84026,0.000167
GTCATGGACATGACTA-1,0.000027,0.084218,0.16918,0.693938,0.052611,0.000027
GTCATTAGAGCGAACG-1,0.000028,0.609767,0.169724,0.186407,0.034045,0.000028
GTCATTGCATTGACCC-1,0.000039,0.225766,0.042499,0.364323,0.275356,0.092018
GTCCAATATTTAGCCT-1,0.00003,0.194541,0.029685,0.736245,0.039468,0.00003
GTCCAGGCACGTGTGC-1,0.000022,0.226362,0.056279,0.643656,0.066677,0.007003
GTCCATTACTGCTACG-1,0.000037,0.250799,0.119492,0.538575,0.091061,0.000037
GTCCCAACGTAAAGTA-1,0.000031,0.224345,0.018281,0.671663,0.063122,0.022558
GTCCCAATCATCCCGC-1,0.002165,0.062131,0.000125,0.171704,0.225906,0.53797
GTCCCGCGACGTTATG-1,0.000168,0.000505,0.181451,0.000673,0.817034,0.000168
GTCCGAGAGCAATCAT-1,0.000066,0.000198,0.000132,0.000264,0.449409,0.54993
GTCCGGACCTGAAATT-1,0.000163,0.000489,0.213868,0.000652,0.784664,0.000163
GTCCGGCTGAATTGCG-1,0.002392,0.156667,0.030187,0.752991,0.050402,0.007362
GTCCGGGTTCACATTA-1,0.000043,0.222107,0.017451,0.751957,0.008398,0.000043
GTCCGTTAGAGGGCCT-1,0.000012,0.651495,0.044368,0.304101,0.000012,0.000012
GTCCTACAGGCGGCTC-1,0.000114,0.000342,0.000228,0.000455,0.166264,0.832597
GTCCTACGAATAGTCT-1,0.000118,0.099938,0.372415,0.045322,0.48209,0.000118
GTCCTACTCTACGGGC-1,0.001668,0.631811,0.040088,0.185258,0.042765,0.098409
GTCCTAGGATACCTTA-1,0.000877,0.002632,0.001754,0.745232,0.248628,0.000877
GTCCTATTGTTGTGGT-1,0.000071,0.109361,0.016118,0.058424,0.110144,0.705881
GTCCTTCTACAACCCA-1,0.000066,0.000197,0.042724,0.061193,0.005694,0.890126
GTCCTTCTAGTGGGTT-1,0.000091,0.08903,0.176468,0.000364,0.004611,0.729436
GTCCTTTAATGACTTC-1,0.000103,0.099657,0.04099,0.000414,0.000103,0.858732
GTCGAATTTGGGCGCT-1,0.00003,0.321543,0.014042,0.521693,0.093925,0.048767
GTCGATAGGTGACTTT-1,0.000838,0.524738,0.401831,0.048388,0.024179,0.000025
GTCGCCGTTGTGTGTT-1,0.00006,0.000181,0.003285,0.866691,0.119776,0.010007
GTCGCGTAACCCGTTG-1,0.000036,0.335247,0.186856,0.419605,0.05822,0.000036
GTCGGAAGGATACCAG-1,0.000106,0.306802,0.000212,0.022667,0.166904,0.503308
GTCGGATATCTCAGAC-1,0.000046,0.257464,0.096295,0.583598,0.035684,0.026914
GTCGGATGTAGCGCGC-1,0.002291,0.000187,0.000125,0.126878,0.697502,0.173017
GTCGGGAACATGGTAG-1,0.000068,0.103376,0.000137,0.193873,0.467117,0.235429
GTCGGGAAGCAGAAAC-1,0.00002,0.302015,0.510199,0.177289,0.010458,0.00002
GTCGGGTGAAGTACCG-1,0.006413,0.000471,0.160824,0.000628,0.831508,0.000157
GTCGTACCATCTCGGG-1,0.000119,0.255134,0.084594,0.068485,0.59155,0.000119
GTCGTACCTACGATTG-1,0.000035,0.216051,0.099045,0.358064,0.305353,0.021452
GTCGTATTGGCGTACA-1,0.001344,0.237118,0.002688,0.005377,0.513035,0.240438
GTCGTCAATTATAAGG-1,0.000069,0.057666,0.050172,0.090988,0.000069,0.801036
GTCGTCTGGTTGGCTA-1,0.000731,0.987339,0.000013,0.011904,0.000007,0.000007
GTCGTGTCTGGTCATC-1,0.00015,0.017894,0.000618,0.802552,0.178637,0.00015
GTCGTTATTCGCTTAT-1,0.000143,0.00043,0.317553,0.326138,0.355593,0.000143
GTCTAAGATGCCCAGC-1,0.000384,0.001152,0.000768,0.001536,0.009892,0.986268
GTCTACTCAATTACAA-1,0.000024,0.161039,0.05792,0.630161,0.111075,0.039782
GTCTAGTGAGCCGCTT-1,0.000087,0.000261,0.670313,0.056399,0.270902,0.002038
GTCTATACACGCATGG-1,0.000018,0.496508,0.180318,0.269143,0.002901,0.051112
GTCTATCTGAGTTTCT-1,0.000054,0.45409,0.299996,0.117269,0.115224,0.013367
GTCTATTGCATGCTCG-1,0.982026,0.000391,0.00026,0.000521,0.00013,0.016671
GTCTATTGGTTCCGGT-1,0.000086,0.081356,0.191597,0.005217,0.721659,0.000086
GTCTCAAGGCCCGGCT-1,0.000067,0.081634,0.47398,0.277699,0.166554,0.000067
GTCTCCCGAGTCCCGT-1,0.000072,0.000217,0.207711,0.07959,0.712337,0.000072
GTCTCCGCCTCAATAC-1,0.000017,0.37996,0.161607,0.429991,0.028409,0.000017
GTCTCCTGCCAGTATG-1,0.000025,0.524031,0.03208,0.387989,0.055851,0.000025
GTCTCGACTAAGTTTG-1,0.001049,0.37901,0.02181,0.500059,0.052285,0.045787
GTCTCGATCTGCTTTC-1,0.000045,0.277784,0.030535,0.337839,0.241668,0.11213
GTCTCGCCAACACGCC-1,0.000054,0.000161,0.039558,0.000215,0.063316,0.896696
GTCTGCCGACTCGACG-1,0.000015,0.741562,0.107517,0.150876,0.000015,0.000015
GTCTGGGCGGTCGAGA-1,0.002186,0.097771,0.117402,0.643473,0.118381,0.020787
GTCTGTAGGTTGAACA-1,0.000027,0.326955,0.093873,0.533106,0.03741,0.008628
GTCTTACCACGCCAAG-1,0.000065,0.001954,0.443083,0.000261,0.554571,0.000065
GTCTTAGTACAGCCGG-1,0.000117,0.040352,0.075728,0.00047,0.083679,0.799653
GTCTTCCTCACCTAAG-1,0.000073,0.000219,0.000146,0.037196,0.158207,0.804158
GTCTTGAGGAGCAGTG-1,0.000647,0.422229,0.03088,0.526221,0.004498,0.015524
GTCTTGTAGCTATTCA-1,0.000035,0.774195,0.013752,0.211948,0.000035,0.000035
GTGAAACGGCGCCACC-1,0.00003,0.016478,0.001385,0.607311,0.372365,0.002431
GTGAAACGTGCTCCAC-1,0.000071,0.000212,0.000141,0.000282,0.15838,0.840915
GTGAACTCCCATTCGA-1,0.000011,0.830394,0.005722,0.163852,0.000011,0.000011
GTGAAGATTTCAAGTG-1,0.000173,0.408875,0.110121,0.173126,0.262248,0.045457
GTGAAGCCGTATAGTC-1,0.000809,0.002427,0.001618,0.712978,0.000809,0.281358
GTGAAGTCACGACTCG-1,0.000543,0.620394,0.068215,0.180502,0.128743,0.001603
GTGACAGCTTCCCACT-1,0.000076,0.066191,0.602437,0.126822,0.204398,0.000076
GTGACCGCACACTACG-1,0.000035,0.384728,0.22866,0.281079,0.09519,0.010308
GTGACCTAAAGAATAA-1,0.000014,0.508198,0.117698,0.326626,0.040368,0.007096
GTGACGAGGGTGACCC-1,0.00002,0.371237,0.073589,0.527616,0.027519,0.00002
GTGACGCAGGTTTCAT-1,0.000035,0.319745,0.358467,0.211022,0.07938,0.031351
GTGACTTCAGTAGTGC-1,0.000045,0.367743,0.256377,0.253251,0.12254,0.000045
GTGAGATAACCTTATA-1,0.00003,0.218104,0.040536,0.675375,0.034709,0.031247
GTGAGCGTGCTGCACT-1,0.000016,0.570708,0.025782,0.403462,0.000016,0.000016
GTGAGGACACTTAAGG-1,0.000018,0.813759,0.084052,0.102134,0.000018,0.000018
GTGAGGAGCGGTTGAG-1,0.000153,0.000458,0.000305,0.000611,0.000153,0.998321
GTGAGTCGACTAATAG-1,0.000064,0.000192,0.648943,0.006138,0.336328,0.008336
GTGAGTCTAAGACGGA-1,0.000054,0.000162,0.000108,0.000216,0.104385,0.895075
GTGAGTGGTACAACGC-1,0.000027,0.318589,0.524197,0.122767,0.034392,0.000027
GTGATCAAGCGTGCAC-1,0.000012,0.660829,0.056487,0.282647,0.000012,0.000012
GTGATCACTAACGCCT-1,0.004258,0.465326,0.254211,0.193736,0.082442,0.000028
GTGATCATAGATCTGC-1,0.000095,0.126637,0.129719,0.124131,0.602883,0.016535
GTGATCCTTGTCATGA-1,0.000131,0.020555,0.21813,0.000525,0.760528,0.000131
GTGATGCACAACATCT-1,0.000129,0.000388,0.000259,0.000518,0.226998,0.771708
GTGATTCGCCGCTCAA-1,0.023682,0.336219,0.119282,0.329815,0.184299,0.006703
GTGCAAATCACCAATA-1,0.000039,0.083787,0.000078,0.076125,0.000039,0.839933
GTGCAACAAATGTGGC-1,0.000033,0.04208,0.000067,0.000134,0.000033,0.957653
GTGCACCAGCTTCAAC-1,0.000014,0.350426,0.019339,0.620316,0.009891,0.000014
GTGCACGAAAGTGACT-1,0.000017,0.634568,0.113442,0.060598,0.091987,0.099387
GTGCAGCGTAGAGTAG-1,0.000021,0.229296,0.6204,0.091276,0.058987,0.000021
GTGCCAAACGTTTCGA-1,0.000018,0.278511,0.068884,0.354131,0.172289,0.126167
GTGCCATCACACGGTG-1,0.000047,0.196303,0.137133,0.620893,0.02307,0.022554
GTGCCCGTTCGGATTC-1,0.001026,0.383596,0.156479,0.458837,0.000031,0.000031
GTGCCGCTTCAAAGGT-1,0.000019,0.589379,0.280371,0.045793,0.084418,0.000019
GTGCCTAGCTATGCTT-1,0.000067,0.023543,0.000135,0.07111,0.027094,0.87805
GTGCCTCAGTGTACGG-1,0.000171,0.000513,0.000342,0.000684,0.239231,0.759057
GTGCCTGAGACCAAAC-1,0.003514,0.341418,0.365837,0.205904,0.083308,0.00002
GTGCGAAATCGAACAC-1,0.000016,0.653461,0.198272,0.132228,0.016006,0.000016
GTGCGACAGGGAGTGT-1,0.00001,0.773173,0.027206,0.199589,0.00001,0.00001
GTGCGCAGCTTGCTCC-1,0.000107,0.000321,0.000214,0.000428,0.144969,0.853961
GTGCGCTTACAAATGA-1,0.000042,0.062377,0.020257,0.007372,0.006658,0.903294
GTGCGGGACCATCGGC-1,0.000101,0.000302,0.000201,0.000403,0.136828,0.862166
GTGCGGGTCTCCAAAT-1,0.000026,0.24431,0.015387,0.63332,0.103015,0.003942
GTGCGTGTATATGAGC-1,0.000023,0.415729,0.257091,0.307866,0.012017,0.007273
GTGCTATCCAGCTGGA-1,0.000515,0.08498,0.045175,0.838654,0.030661,0.000015
GTGCTCAAGTACTGTC-1,0.000039,0.334314,0.164741,0.454757,0.04611,0.000039
GTGCTGCAGATAAGGA-1,0.002279,0.226669,0.046247,0.107427,0.438172,0.179206
GTGCTGTTAGAACATA-1,0.000012,0.474992,0.070673,0.443411,0.009111,0.001801
GTGCTTACATCAGCGC-1,0.000014,0.644574,0.295904,0.059481,0.000014,0.000014
GTGGAACCTACATGCG-1,0.0001,0.000301,0.000201,0.000402,0.0001,0.998896
GTGGACCAACCCGATT-1,0.000027,0.034988,0.013206,0.79616,0.141742,0.013876
GTGGACGCATTTGTCC-1,0.000082,0.165448,0.109174,0.559207,0.166006,0.000082
GTGGACGTGCTGAGAC-1,0.000021,0.730849,0.058809,0.03389,0.029724,0.146708
GTGGAGCATGTCGGCC-1,0.000019,0.217989,0.068966,0.588487,0.109242,0.015297
GTGGAGCGTTTACCGA-1,0.00112,0.047479,0.135327,0.583431,0.193873,0.038771
GTGGAGTCGGCGGTTG-1,0.000872,0.268715,0.084388,0.617424,0.023488,0.005112
GTGGCAAACAGCGGCA-1,0.000016,0.265058,0.025372,0.660177,0.049119,0.000259
GTGGCCGGTTTCTCGG-1,0.000047,0.094118,0.063091,0.315595,0.464625,0.062524
GTGGCCTAATATCATT-1,0.000068,0.012149,0.035631,0.24205,0.046271,0.663831
GTGGCGGGCCGTAGCT-1,0.000072,0.000215,0.000144,0.000287,0.185333,0.813949
GTGGCGGTCCCAGCGT-1,0.000017,0.137968,0.164269,0.678878,0.01885,0.000017
GTGGCGTGCACCAGAG-1,0.000111,0.000334,0.000223,0.000445,0.063285,0.935602
GTGGCTGTTTCTGTTC-1,0.000025,0.42733,0.387288,0.180695,0.004637,0.000025
GTGGGAACAAACCGGG-1,0.000008,0.529733,0.020126,0.447752,0.002374,0.000008
GTGGGAAGACTGAATC-1,0.000036,0.198757,0.088847,0.543836,0.155954,0.012571
GTGGGCTTAGACACAC-1,0.000049,0.153265,0.105809,0.587745,0.143473,0.009659
GTGGGTACTGAGCGTA-1,0.00003,0.601006,0.051604,0.09498,0.165944,0.086435
GTGGGTCTTCTTTGCG-1,0.014236,0.000319,0.014367,0.000426,0.248887,0.721764
GTGGTATAGTCTGCCG-1,0.000042,0.242848,0.008786,0.713431,0.030296,0.004597
GTGGTCAGCGAAGTAT-1,0.000143,0.000429,0.000286,0.087935,0.354542,0.556665
GTGGTGATGGTTTGTG-1,0.000044,0.069392,0.515765,0.281658,0.133097,0.000044
GTGGTGGCCAAGTGAA-1,0.002094,0.405539,0.424492,0.161747,0.006104,0.000024
GTGGTTACTTCTTTCG-1,0.000024,0.557448,0.114621,0.312113,0.002737,0.013057
GTGGTTTCCGCCTTTC-1,0.00265,0.169672,0.07476,0.688588,0.029125,0.035205
GTGTACCTTGGCTACG-1,0.000037,0.366623,0.000073,0.541474,0.059925,0.031868
GTGTACGAACCGTTCC-1,0.000013,0.570461,0.185234,0.244265,0.000013,0.000013
GTGTATATCAGCGGGC-1,0.000135,0.000404,0.046405,0.601861,0.351061,0.000135
GTGTATGACTTTAAAG-1,0.000062,0.242954,0.066447,0.000248,0.021652,0.668637
GTGTCAGTGTACGTGG-1,0.000258,0.595547,0.01031,0.393867,0.000009,0.000009
GTGTCCGATAAGGCAT-1,0.000096,0.289318,0.008193,0.000383,0.048089,0.653921
GTGTCGTATTCACCTT-1,0.000275,0.092929,0.00055,0.112522,0.000275,0.793449
GTGTGAATAACTTAGG-1,0.000775,0.131922,0.124941,0.681626,0.054545,0.006191
GTGTGAGCCGAGGTGC-1,0.000179,0.000538,0.000358,0.000717,0.21756,0.780648
GTGTGTCGACGTCGCT-1,0.000071,0.059134,0.000141,0.138366,0.141536,0.660753
GTGTTACTATGCGTCC-1,0.000025,0.507977,0.396172,0.095774,0.000025,0.000025
GTTAAAGTAGGACTGG-1,0.016663,0.055844,0.327112,0.001492,0.598832,0.000057
GTTAACATCACTTAAA-1,0.003273,0.240669,0.292545,0.000336,0.463092,0.000084
GTTAACTATGTTGTCA-1,0.000022,0.576757,0.142138,0.250832,0.030229,0.000022
GTTAAGGGTGCGATGT-1,0.000023,0.321716,0.603977,0.064734,0.005662,0.003889
GTTAAGTTAGAGTGGG-1,0.000049,0.011807,0.027559,0.695962,0.239146,0.025477
GTTAATAGCGTCATTA-1,0.000177,0.068109,0.18566,0.000706,0.745173,0.000177
GTTAATGTCTATCTTA-1,0.00374,0.492473,0.033824,0.110439,0.254366,0.105157
GTTACAATTGGTGACG-1,0.000018,0.615805,0.035047,0.349094,0.000018,0.000018
GTTACCAAGGCGTACG-1,0.100866,0.10078,0.114028,0.000966,0.659895,0.023465
GTTACCTACAACTTGC-1,0.000103,0.186336,0.150765,0.177514,0.476979,0.008303
GTTACGAAATCCACGC-1,0.000118,0.000354,0.000236,0.161749,0.159731,0.677813
GTTACGGCCCGACTGC-1,0.000098,0.000293,0.000195,0.00039,0.168005,0.831019
GTTACTTTGGGCCTAG-1,0.000069,0.043976,0.560368,0.147851,0.177113,0.070624
GTTAGAGTGTGCCGCT-1,0.000109,0.000326,0.098929,0.000435,0.003237,0.896965
GTTAGCCCATGACATC-1,0.000033,0.466129,0.279131,0.254642,0.000033,0.000033
GTTAGCCGTAAATCAA-1,0.000015,0.455172,0.057179,0.41461,0.046786,0.026237
GTTAGGCTACCCGTTT-1,0.000046,0.108252,0.23355,0.513402,0.102719,0.042032
GTTATAATACGGTGAA-1,0.000036,0.000338,0.489104,0.145078,0.365408,0.000036
GTTATATCAGGAGCCA-1,0.002113,0.389939,0.012868,0.395735,0.12463,0.074714
GTTATATTATCTCCCT-1,0.000134,0.000402,0.252082,0.604646,0.115919,0.026818
GTTATCAAGCTATCGA-1,0.000072,0.041555,0.06921,0.8083,0.080791,0.000072
GTTATCACCTTCTGAA-1,0.000096,0.284694,0.051257,0.020852,0.012882,0.630219
GTTATTAAATACGACC-1,0.000064,0.008743,0.003019,0.229031,0.177138,0.582005
GTTATTAACGTGGGAG-1,0.103196,0.152693,0.147011,0.001891,0.00008,0.595128
GTTCAAATCAGATGTC-1,0.000056,0.028854,0.099309,0.006383,0.245217,0.620182
GTTCAATCTATGTCAA-1,0.003174,0.009271,0.000172,0.408516,0.000095,0.578773
GTTCACAGGAGTCTAG-1,0.000051,0.002793,0.000102,0.921914,0.027145,0.047995
GTTCAGTCGCCAAATG-1,0.000021,0.096062,0.114689,0.739427,0.049781,0.000021
GTTCATCGTTTGGCTG-1,0.000049,0.297017,0.199554,0.3301,0.17323,0.000049
GTTCCAAGACAGCGAC-1,0.000096,0.000287,0.000191,0.000383,0.15119,0.847854
GTTCCAGTCTGACCAT-1,0.002101,0.811123,0.042103,0.050514,0.053649,0.04051
GTTCCGTCCGCCTGCA-1,0.000029,0.190398,0.0125,0.728403,0.068641,0.000029
GTTCGACAATTGTATA-1,0.000012,0.677755,0.026623,0.295575,0.000012,0.000023
GTTCGCCATAAGTGCC-1,0.00002,0.659559,0.217034,0.123346,0.00002,0.00002
GTTCGCTGAGACGTCT-1,0.000073,0.00022,0.211207,0.165055,0.623371,0.000073
GTTCGGAGCACTCAAC-1,0.296755,0.161743,0.011418,0.000399,0.529585,0.0001
GTTCGGATCGGGAACA-1,0.000016,0.473106,0.182097,0.326423,0.018342,0.000016
GTTCGGGCGTACCATT-1,0.003031,0.211867,0.066942,0.587596,0.096781,0.033784
GTTCGGTGTGGATTTA-1,0.000095,0.136369,0.000191,0.000382,0.321471,0.541492
GTTCGTCTAAAGAACT-1,0.000051,0.012398,0.482025,0.233567,0.252549,0.01941
GTTCGTCTGGGTCCCT-1,0.000066,0.716909,0.009599,0.055704,0.198869,0.018853
GTTCGTTGCGGACCAG-1,0.000102,0.000306,0.000204,0.000408,0.025568,0.973413
GTTCTTCCCTCGATGT-1,0.000105,0.000314,0.00021,0.054604,0.565141,0.379626
GTTCTTGTAACTCAAT-1,0.000011,0.548456,0.044878,0.391811,0.000011,0.014832
GTTGAACCGGTTCCAT-1,0.000029,0.720055,0.125627,0.12145,0.03281,0.000029
GTTGAGTCCCGCCGGT-1,0.000143,0.000429,0.250007,0.000572,0.748707,0.000143
GTTGCACGGAGTTTCG-1,0.000037,0.135995,0.049741,0.584325,0.168496,0.061406
GTTGCCCTAACGGGTG-1,0.000024,0.262866,0.109605,0.517873,0.083398,0.026234
GTTGCGCTAACATTAC-1,0.000014,0.198329,0.345273,0.447811,0.008558,0.000014
GTTGCGGACGGTCAGG-1,0.000092,0.092472,0.308188,0.106583,0.492573,0.000092
GTTGGACCGCATCAGG-1,0.000583,0.001748,0.001166,0.803605,0.166081,0.026818
GTTGGATTCAGTGGCT-1,0.000326,0.43516,0.000651,0.001302,0.000326,0.562236
GTTGGATTGAGAACAC-1,0.000017,0.673462,0.058972,0.224832,0.034976,0.007741
GTTGGATTTGCGTTGG-1,0.000052,0.110623,0.062328,0.762228,0.064718,0.000052
GTTGGTCATGCTATCC-1,0.000104,0.000312,0.174798,0.559024,0.265658,0.000104
GTTGTAGATTTATGAG-1,0.00004,0.077459,0.021383,0.818018,0.056237,0.026864
GTTGTCGTGTTAGTTG-1,0.000124,0.000371,0.03605,0.030256,0.600413,0.332786
GTTGTTACATTGCGCT-1,0.000128,0.254401,0.018823,0.097679,0.000128,0.628841
GTTGTTGCAAGATGGC-1,0.000131,0.000392,0.140288,0.000523,0.858534,0.000131
GTTTACGTTCCATCTG-1,0.000157,0.00047,0.004673,0.769884,0.163091,0.061725
GTTTATGGGATTTAGA-1,0.000049,0.027896,0.130239,0.097291,0.07366,0.670866
GTTTCAAACGAGTTGT-1,0.484947,0.311113,0.061136,0.05692,0.015471,0.070414
GTTTCATATCGTCGCT-1,0.000039,0.142256,0.089941,0.74288,0.024845,0.000039
GTTTCCTGGAGGGTGA-1,0.000011,0.54312,0.00482,0.452028,0.000011,0.000011
GTTTCTAGAGGCGCGG-1,0.000024,0.351523,0.498822,0.096633,0.052975,0.000024
GTTTCTGCAGTCTCCC-1,0.000032,0.505738,0.34764,0.137712,0.008846,0.000032
GTTTCTTGTTAGAGCT-1,0.000102,0.057991,0.185105,0.045182,0.144915,0.566705
GTTTGACCAAATCCTA-1,0.000029,0.307638,0.271309,0.416454,0.004541,0.000029
GTTTGAGCGGTTATGT-1,0.000105,0.000316,0.00021,0.000421,0.387315,0.611632
GTTTGGCCCAAGTTAT-1,0.000026,0.754695,0.150566,0.060593,0.014621,0.0195
GTTTGGCCGCTCAGCG-1,0.000161,0.000484,0.000322,0.000645,0.000161,0.998227
GTTTGGCGTCAGGCAC-1,0.000153,0.00046,0.000307,0.000614,0.171962,0.826503
GTTTGGGCTTGTGAGC-1,0.004683,0.000363,0.183523,0.033953,0.777357,0.000121
GTTTGGGTTTCGCCCG-1,0.000391,0.001174,0.000783,0.001565,0.995696,0.000391
GTTTGGTAGGGTCAAC-1,0.000054,0.232291,0.195253,0.417811,0.154537,0.000054
GTTTGGTGATCGGTGC-1,0.000055,0.004189,0.000111,0.85071,0.14488,0.000055
GTTTGTTAGCCAAGTA-1,0.000505,0.543265,0.415072,0.000774,0.003867,0.036517
TAAACCCAGGAGGGCA-1,0.000029,0.001619,0.014761,0.866767,0.111119,0.005706
TAAACGTCGTCAATGA-1,0.000046,0.03631,0.000092,0.105319,0.08434,0.773893
TAAAGACAACCCTTTA-1,0.000018,0.318451,0.092433,0.479537,0.095762,0.013799
TAAAGAGCCCGAAACC-1,0.000066,0.000198,0.000132,0.000264,0.136761,0.862578
TAAAGCGGTATTTCCA-1,0.000015,0.362861,0.188936,0.410481,0.037692,0.000015
TAAAGCGTTAGGAGAA-1,0.00001,0.653561,0.024961,0.290315,0.017911,0.013241
TAAAGCTGCAATAGGG-1,0.000548,0.001645,0.001097,0.560039,0.000548,0.436123
TAAAGGAGAAACTAGT-1,0.000033,0.21014,0.068939,0.019968,0.051994,0.648925
TAAAGTGCACGTCTCG-1,0.000411,0.363754,0.057173,0.577014,0.000011,0.001637
TAAATCTTTACACCTC-1,0.00307,0.756338,0.028761,0.141199,0.066158,0.004473
TAAATGAATCCGTTTC-1,0.000042,0.120517,0.072202,0.481215,0.302123,0.023901
TAAATGCCGTCTCATG-1,0.00008,0.087698,0.00016,0.00032,0.015499,0.896243
TAAATTGTGGGTAAAG-1,0.000021,0.092014,0.031311,0.78529,0.090587,0.000777
TAAATTTAGTAACACC-1,0.000624,0.171593,0.124433,0.647186,0.035745,0.020419
TAACAAAGGGAGAAGC-1,0.000013,0.521098,0.061384,0.373061,0.021692,0.022752
TAACAATATTTGTTGC-1,0.000023,0.567966,0.047953,0.181646,0.151679,0.050733
TAACAGCGTTTGTGCT-1,0.000555,0.28634,0.018675,0.66936,0.003108,0.021962
TAACAGGTTCCCTTAG-1,0.000026,0.098503,0.032622,0.749121,0.119703,0.000026
TAACATACAATGTGGG-1,0.000015,0.685785,0.224171,0.089999,0.000015,0.000015
TAACATACACGCGATC-1,0.00002,0.279191,0.145345,0.532132,0.020783,0.022529
TAACCGCCCGCAGTGC-1,0.000064,0.334815,0.012582,0.000257,0.0248,0.627483
TAACCGTCCAGTTCAT-1,0.000064,0.052286,0.027416,0.009532,0.058171,0.852531
TAACCTACCGTCCGAG-1,0.000026,0.265503,0.185195,0.495852,0.004271,0.049153
TAACCTAGGGAGTCCA-1,0.547531,0.183722,0.220635,0.002475,0.000094,0.045543
TAACGCTTTGAGAGCG-1,0.000032,0.329387,0.104623,0.446708,0.087748,0.031502
TAACTATCGAAGGTCC-1,0.000895,0.237275,0.339839,0.292767,0.063786,0.065438
TAACTATTACGCCAAA-1,0.000017,0.583447,0.055055,0.30746,0.035123,0.018898
TAACTCATCCGCGCGG-1,0.000032,0.229699,0.474858,0.287283,0.008098,0.000032
TAACTCCATGGAGGCT-1,0.00006,0.041564,0.012894,0.224683,0.156441,0.564359
TAACTGAAATACGCCT-1,0.00001,0.777489,0.045331,0.077396,0.009551,0.090224
TAAGAGGGACAGGGAC-1,0.000018,0.224602,0.018471,0.655772,0.101033,0.000104
TAAGATTTAGCGGGAG-1,0.000116,0.000348,0.000232,0.040469,0.205993,0.752842
TAAGCAGGCGACACGC-1,0.000021,0.235278,0.123357,0.544525,0.096796,0.000021
TAAGCCCTTACGACCA-1,0.000153,0.297714,0.000306,0.000613,0.046322,0.654892
TAAGCGCGAATCAAAT-1,0.001203,0.508637,0.03419,0.411021,0.027867,0.017082
TAAGGAACTTGTGGGA-1,0.000057,0.000171,0.232222,0.073386,0.388669,0.305494
TAAGGCAACATAAGAT-1,0.000008,0.692784,0.116657,0.187952,0.000008,0.002592
TAAGGCATAACATCAA-1,0.000791,0.413875,0.085656,0.441801,0.038516,0.019361
TAAGGCCCGTCACCCT-1,0.000021,0.310754,0.63186,0.057172,0.000172,0.000021
TAAGGCTGAATCCCTC-1,0.000023,0.656564,0.107458,0.202783,0.02746,0.005711
TAAGGGCTGGGAGAGG-1,0.00038,0.60793,0.00082,0.390847,0.000012,0.000012
TAAGTAAATGTGCCGC-1,0.000288,0.000865,0.000577,0.001153,0.122077,0.875039
TAAGTAACATCTTGAC-1,0.000016,0.680863,0.20419,0.114188,0.000016,0.000726
TAAGTCGCCGAGTATC-1,0.000023,0.253505,0.166682,0.53201,0.047757,0.000023
TAAGTGAATAGTCTAC-1,0.000015,0.53602,0.055612,0.36308,0.028139,0.017132
TAAGTTGCGACGTAGG-1,0.000095,0.000284,0.039586,0.650333,0.309608,0.000095
TAATAAACAAGGAGAT-1,0.000018,0.812238,0.013039,0.000073,0.000018,0.174614
TAATACACAGTAGTAT-1,0.000011,0.826201,0.026417,0.123017,0.007454,0.016899
TAATACTAGAACAGAC-1,0.000489,0.528139,0.174252,0.254226,0.029974,0.012919
TAATAGAACAGAGTTA-1,0.000021,0.349211,0.067145,0.559245,0.010299,0.014079
TAATAGCTAAATGATG-1,0.000014,0.56559,0.04907,0.295364,0.029452,0.060509
TAATAGGTCACCAGAA-1,0.000027,0.134656,0.037023,0.669403,0.122471,0.036421
TAATAGTGACGACCAG-1,0.000024,0.581846,0.081696,0.252239,0.021094,0.063101
TAATATTGAAATTCGC-1,0.000014,0.741126,0.059497,0.131234,0.031918,0.036211
TAATCAACCAAATGGG-1,0.000016,0.362974,0.459758,0.130425,0.042099,0.004729
TAATCAGGAATGCTGC-1,0.000089,0.000267,0.000178,0.010979,0.105074,0.883413
TAATCGATCCGTACGT-1,0.001792,0.765406,0.034062,0.139923,0.056627,0.002189
TAATGAAAGACCCTTG-1,0.000046,0.178305,0.000091,0.162134,0.464396,0.195028
TAATGTCGGTTCATGG-1,0.000016,0.472178,0.035568,0.420368,0.022509,0.049361
TAATTACGTCAGTAGA-1,0.734132,0.000276,0.024839,0.200354,0.000092,0.040307
TAATTAGATGGATATG-1,0.000098,0.022122,0.000195,0.273367,0.032401,0.671817
TAATTAGGACATCCGT-1,0.000516,0.858815,0.082408,0.058228,0.000016,0.000016
TAATTCCAATGCTTCA-1,0.00008,0.20195,0.123815,0.000319,0.673756,0.00008
TAATTGCGCTGATTAC-1,0.000096,0.257527,0.000193,0.006475,0.249697,0.486012
TAATTGGAATCGGGAA-1,0.000672,0.002016,0.001344,0.385003,0.000672,0.610292
TAATTTCCGTCCAGTA-1,0.000075,0.114951,0.101991,0.005962,0.272521,0.504499
TACAAATTGCGGAGGT-1,0.00232,0.0002,0.012823,0.200721,0.039507,0.74443
TACAACAGCGCATACA-1,0.000019,0.344009,0.393097,0.21679,0.046065,0.000019
TACAACGCACAACTCA-1,0.009239,0.218681,0.31737,0.329813,0.023772,0.101126
TACAAGCTGTTCACTG-1,0.000099,0.069645,0.000199,0.002215,0.225795,0.702046
TACAAGGGCTTCTTTA-1,0.000028,0.285616,0.71419,0.000111,0.000028,0.000028
TACAAGTCTCGTGCAT-1,0.000011,0.483701,0.013347,0.502917,0.000011,0.000011
TACAATGAAACCAGCA-1,0.000063,0.000189,0.000126,0.122482,0.181499,0.695641
TACACAGCCGTGGTGC-1,0.000022,0.482207,0.057424,0.459092,0.001234,0.000022
TACACCGTCGTTAGTC-1,0.000019,0.703059,0.062212,0.232908,0.001783,0.000019
TACACCTCTTCGAATC-1,0.000031,0.292776,0.235253,0.354135,0.117775,0.000031
TACATAGGCATACACC-1,0.000048,0.023634,0.644835,0.290926,0.040509,0.000048
TACATCCCTATCCCTG-1,0.000011,0.78866,0.00329,0.208018,0.000011,0.000011
TACATCTTGTTTCTTG-1,0.000082,0.000246,0.033465,0.141739,0.195603,0.628865
TACATGACCTTATCCG-1,0.00005,0.000458,0.016093,0.000198,0.00005,0.983151
TACATGCCGGAATTGT-1,0.000076,0.122819,0.338314,0.167487,0.371229,0.000076
TACATTTCTAACGTGC-1,0.000098,0.040571,0.427334,0.380309,0.15159,0.000098
TACCAAATAGCCCAGA-1,0.000013,0.727272,0.247555,0.025136,0.000013,0.000013
TACCAGAAGTAGGTTC-1,0.000022,0.34912,0.551708,0.093393,0.000077,0.00568
TACCAGCTAGGTTTAA-1,0.000102,0.125856,0.147911,0.014275,0.000102,0.711755
TACCAGGAATCCCGTC-1,0.000038,0.047275,0.116741,0.762969,0.071486,0.001491
TACCATGTATTGATTT-1,0.000022,0.587301,0.184789,0.205876,0.011632,0.01038
TACCCTCGGTAACCCT-1,0.521507,0.000353,0.000235,0.054417,0.423371,0.000118
TACCGAATAATTGTAA-1,0.000075,0.074126,0.301575,0.244509,0.37964,0.000075
TACCGATCCAACACTT-1,0.000063,0.060206,0.000125,0.048891,0.000063,0.890652
TACCGCGGACTTGCAG-1,0.000022,0.373459,0.111075,0.447538,0.010354,0.057552
TACCGGCTCACTGCCC-1,0.00015,0.194807,0.134316,0.225791,0.444786,0.00015
TACCGGTCGTTTCCAT-1,0.000049,0.116404,0.020397,0.811091,0.016228,0.035831
TACCGTAGGTTAACTA-1,0.000026,0.572257,0.21617,0.161684,0.034035,0.015827
TACCGTGCCTCGGACC-1,0.000129,0.000386,0.384509,0.000515,0.614331,0.000129
TACCTACTCCCAGTAT-1,0.002216,0.173056,0.563856,0.232395,0.028426,0.000051
TACCTATCCCTAGAGG-1,0.000064,0.017277,0.029053,0.197989,0.250498,0.505119
TACCTCACCAATTGTA-1,0.00006,0.00018,0.500172,0.05085,0.448678,0.00006
TACCTCACGCTTGTAC-1,0.000034,0.759053,0.096629,0.014978,0.015526,0.11378
TACCTCAGTTGTCTGT-1,0.000044,0.100451,0.224449,0.568796,0.106215,0.000044
TACCTCCACACCAATG-1,0.00002,0.426504,0.157565,0.388248,0.01713,0.010534
TACCTGCTGCACTGTG-1,0.000037,0.359635,0.114905,0.210491,0.251316,0.063616
TACCTTAAGATTTCCC-1,0.00003,0.349167,0.045118,0.572103,0.033552,0.00003
TACGAACACGACTTCA-1,0.000014,0.49213,0.239322,0.226884,0.034457,0.007192
TACGACGCTTGCTGCG-1,0.000092,0.000277,0.276611,0.515529,0.207399,0.000092
TACGACTGCCTCTTAG-1,0.000061,0.013826,0.268038,0.223607,0.494407,0.000061
TACGAGAACTTCACGT-1,0.000025,0.408919,0.217629,0.373377,0.000025,0.000025
TACGATCCAAGCCACT-1,0.000052,0.351795,0.002565,0.023305,0.000052,0.622231
TACGATGTTGATCATC-1,0.000045,0.143346,0.113333,0.695616,0.047615,0.000045
TACGCAGTTCTTTCCT-1,0.000062,0.067112,0.619992,0.271565,0.036447,0.004822
TACGCCATATTCTAAT-1,0.00009,0.013608,0.090637,0.669197,0.226378,0.00009
TACGCCGAGGGTACCC-1,0.000021,0.514511,0.026098,0.433771,0.021661,0.003939
TACGCCGCCTCAGAAG-1,0.000018,0.530708,0.283034,0.175535,0.010688,0.000018
TACGCCTCCATTCCGA-1,0.001091,0.51426,0.246806,0.198374,0.004987,0.034483
TACGCTATAGAAACCT-1,0.00002,0.1204,0.104335,0.625854,0.133261,0.016131
TACGCTCCTAGAACTG-1,0.000517,0.20486,0.033794,0.660911,0.046492,0.053426
TACGCTCGGTATTGGA-1,0.741525,0.000434,0.015971,0.000579,0.219945,0.021546
TACGCTGATAGTTGTA-1,0.000027,0.346049,0.064125,0.405128,0.119699,0.064973
TACGCTGCACGGTCGT-1,0.004115,0.000406,0.000271,0.565714,0.42936,0.000135
TACGCTGCTGTGTTAA-1,0.001326,0.229129,0.035417,0.61411,0.119976,0.00004
TACGGAAGCCAAACCA-1,0.000025,0.150633,0.158651,0.645674,0.044992,0.000025
TACGGCATGGACGCTA-1,0.000178,0.000533,0.299424,0.003647,0.696041,0.000178
TACGGGATGCTAGCAG-1,0.000015,0.873107,0.054247,0.039525,0.001204,0.031902
TACGGGTAATAACATA-1,0.000017,0.347502,0.27925,0.323505,0.035639,0.014088
TACGTAAAGCGGAGTG-1,0.999,0.000273,0.000182,0.000364,0.000091,0.000091
TACGTACTAGTGCTGA-1,0.000026,0.370224,0.022109,0.582283,0.025331,0.000026
TACGTGCAAGGTTCCT-1,0.000018,0.682505,0.132845,0.167834,0.00285,0.013948
TACGTGCACTATGCTG-1,0.000035,0.400413,0.024342,0.215827,0.093467,0.265916
TACGTGGGCCCAGGGC-1,0.00003,0.244782,0.084629,0.578709,0.091821,0.00003
TACGTTTACCGGCAAT-1,0.000039,0.305217,0.194954,0.462968,0.022323,0.014499
TACTACGTGCAATGCG-1,0.000043,0.104413,0.014609,0.807881,0.073011,0.000043
TACTATGGTTCCTCAG-1,0.000029,0.453317,0.14573,0.389915,0.010205,0.000804
TACTCACAACGTAGTA-1,0.000095,0.109744,0.00066,0.101108,0.013047,0.775346
TACTCATTGACGCATC-1,0.034083,0.046821,0.374724,0.000873,0.290368,0.253131
TACTCCTCTAGTTGAC-1,0.00031,0.350205,0.006337,0.626664,0.000009,0.016474
TACTCGGCACGCCGGG-1,0.000017,0.40851,0.010348,0.474471,0.085898,0.020756
TACTCGTTTGAATCAA-1,0.000017,0.537638,0.207565,0.188559,0.066205,0.000017
TACTCTCCGAACAAAT-1,0.000018,0.446053,0.080295,0.392985,0.057299,0.023349
TACTCTTTCGTCTTCA-1,0.00003,0.57693,0.00751,0.41547,0.00003,0.00003
TACTGAACAGATTTAG-1,0.001189,0.330576,0.138906,0.455092,0.068817,0.005421
TACTGAGGGAAGAAAG-1,0.000028,0.21405,0.0825,0.122759,0.494338,0.086325
TACTGCAATCAATTAC-1,0.00005,0.37838,0.120724,0.079787,0.319878,0.101181
TACTGCATGATTAAAT-1,0.000014,0.266789,0.052263,0.593345,0.055139,0.03245
TACTGGACAGCTCGGC-1,0.000722,0.641852,0.001829,0.355554,0.000021,0.000021
TACTGTTTCTCTGGTA-1,0.000019,0.727121,0.178795,0.068399,0.01659,0.009076
TACTTAAACATGTACA-1,0.079736,0.444455,0.169163,0.015352,0.273443,0.017851
TACTTGTTAGTAGTCC-1,0.000049,0.242033,0.08381,0.629251,0.000928,0.043928
TACTTTACTGAGCCGG-1,0.000048,0.021355,0.000096,0.727401,0.233827,0.017273
TACTTTCCGCACGCCA-1,0.000404,0.798048,0.039424,0.1621,0.000011,0.000011
TAGAAACACAATAGTG-1,0.000027,0.138966,0.010792,0.00329,0.006306,0.840619
TAGAAACCACTAAGTA-1,0.000083,0.097501,0.000166,0.189358,0.093913,0.61898
TAGAAAGGTGGCGCTA-1,0.022279,0.182295,0.100357,0.545603,0.130881,0.018585
TAGAAATTCACGTATA-1,0.000014,0.365863,0.082823,0.38047,0.145115,0.025715
TAGAACGCCAGTAACG-1,0.000057,0.000172,0.000114,0.075248,0.251753,0.672656
TAGAAGAAGGGTTACA-1,0.039184,0.127443,0.093051,0.00048,0.739743,0.000098
TAGAATAGCCGATGAA-1,0.227641,0.401114,0.080704,0.132065,0.123556,0.03492
TAGAATTAAGGGCAAC-1,0.000095,0.086319,0.046417,0.018471,0.203458,0.645239
TAGACGAAACGCCAAT-1,0.000029,0.207996,0.495932,0.268334,0.017586,0.010123
TAGACGCCCGTACCGG-1,0.000037,0.252192,0.145471,0.253444,0.319231,0.029626
TAGACTACCTAGCGTT-1,0.00123,0.311456,0.121976,0.467724,0.067395,0.030219
TAGACTCAGTTGGCCT-1,0.003553,0.092522,0.009283,0.640081,0.205329,0.049232
TAGAGATCATGCAACT-1,0.000034,0.131344,0.047882,0.784014,0.014038,0.022688
TAGAGCTACGAAGAAC-1,0.000071,0.040557,0.000142,0.151179,0.081688,0.726363
TAGAGGGAGTTTATCT-1,0.000907,0.369004,0.049401,0.400428,0.085654,0.094606
TAGAGGTTCTACTTGT-1,0.000121,0.002018,0.374115,0.05501,0.516748,0.051989
TAGAGTCTAAGCGAAC-1,0.000352,0.675491,0.105484,0.21865,0.000012,0.000012
TAGAGTGTTCCGGGTA-1,0.000048,0.038919,0.338214,0.389847,0.232924,0.000048
TAGATATGGACTGGAA-1,0.000028,0.249599,0.452992,0.27928,0.015837,0.002263
TAGATCCGAAGTCGCA-1,0.000142,0.000425,0.000283,0.149283,0.031544,0.818322
TAGATTCAAAGTGCGG-1,0.000714,0.374143,0.06346,0.460838,0.08921,0.011634
TAGATTCCTGGTTATT-1,0.001018,0.212782,0.024,0.649876,0.085276,0.027047
TAGATTCTCTAGCAAA-1,0.000135,0.033858,0.102109,0.096127,0.767637,0.000135
TAGCAACCTGTCACAA-1,0.000039,0.434735,0.024569,0.310082,0.1619,0.068675
TAGCAGATACTTAGGG-1,0.000018,0.52485,0.231459,0.20084,0.042816,0.000018
TAGCAGTAAATACGCG-1,0.000094,0.048866,0.000188,0.000375,0.155175,0.795302
TAGCAGTATGACTAAA-1,0.111153,0.083802,0.027642,0.06163,0.715666,0.000106
TAGCCAGAGGGTCCGG-1,0.000092,0.000277,0.000184,0.000369,0.164746,0.834333
TAGCCATGATTGCCTA-1,0.000054,0.098799,0.019639,0.128701,0.233019,0.519787
TAGCCATTTCAAAGTC-1,0.000032,0.277775,0.30407,0.345565,0.070739,0.001818
TAGCCGGCGGTCAGCG-1,0.000025,0.115553,0.034126,0.695945,0.142034,0.012318
TAGCGTCCCTCGATTG-1,0.001045,0.221709,0.052383,0.68343,0.041404,0.00003
TAGCGTCGAATATTGA-1,0.000084,0.000252,0.000168,0.088101,0.144586,0.76681
TAGCGTTGGGTCTTAC-1,0.000026,0.653032,0.273344,0.068435,0.005137,0.000026
TAGCTAAGTCCGGGAG-1,0.001174,0.254001,0.058258,0.622124,0.04831,0.016133
TAGCTAGAAGGCATGA-1,0.000019,0.745944,0.061907,0.1364,0.051973,0.003757
TAGCTAGTGATGATGG-1,0.000036,0.067533,0.041965,0.767867,0.11738,0.005218
TAGCTCACTGTGTTTG-1,0.074382,0.200811,0.319506,0.000742,0.34189,0.062669
TAGCTCAGATCCTAGT-1,0.00085,0.002551,0.001701,0.276305,0.282988,0.435605
TAGCTCGCCTGATAAC-1,0.001994,0.034106,0.257123,0.508064,0.198656,0.000058
TAGCTGATGTGAAGCG-1,0.000017,0.757044,0.024914,0.18147,0.008986,0.027569
TAGGAACAGCCTCCAG-1,0.000061,0.054834,0.063588,0.000248,0.138521,0.742749
TAGGAGGCTCGAGAAC-1,0.000109,0.000326,0.000217,0.12966,0.86958,0.000109
TAGGATCTTAACCGCA-1,0.000011,0.436289,0.080268,0.480544,0.002876,0.000011
TAGGCATGTTACGCCA-1,0.000035,0.526527,0.020391,0.242351,0.117815,0.09288
TAGGCCTATATAGTCT-1,0.037106,0.688008,0.041622,0.000491,0.104126,0.128646
TAGGCGATGAGGTCTC-1,0.000013,0.864157,0.011769,0.112129,0.000013,0.011918
TAGGCGGCTGCAAAGA-1,0.000015,0.399095,0.061547,0.322182,0.217147,0.000015
TAGGCTAAAGTGGCAC-1,0.220131,0.000342,0.064457,0.211863,0.503093,0.000114
TAGGGAGCTTGGGATG-1,0.00003,0.41133,0.017932,0.518502,0.025155,0.027052
TAGGGTGTTTCAAGAG-1,0.00003,0.327974,0.004596,0.589009,0.059035,0.019355
TAGGTCCAAGTAAGGA-1,0.000007,0.871421,0.009746,0.118813,0.000007,0.000007
TAGGTCGCCGGAACTG-1,0.000019,0.221347,0.329522,0.372786,0.025141,0.051186
TAGGTGACGATAACCT-1,0.000093,0.000278,0.427909,0.000379,0.571249,0.000093
TAGGTGAGCCCTACTC-1,0.00158,0.096711,0.003284,0.824656,0.073728,0.000042
TAGGTGCTCGCCTAGC-1,0.000053,0.309893,0.151256,0.423625,0.115119,0.000053
TAGGTGTTCCACAGAT-1,0.000037,0.37375,0.181393,0.406086,0.005228,0.033505
TAGGTTCGAGTTCGTC-1,0.001147,0.253254,0.359001,0.382677,0.003888,0.000034
TAGGTTCTGCTGAGAA-1,0.000036,0.079097,0.124948,0.666705,0.101863,0.027352
TAGTACCACAACTTTC-1,0.000016,0.585998,0.061591,0.288296,0.029926,0.034172
TAGTACCTTAGTGGTC-1,0.000064,0.006787,0.000128,0.367308,0.153932,0.471781
TAGTAGCTTATACCAG-1,0.000029,0.372398,0.069713,0.53982,0.013959,0.004081
TAGTAGTTGCCGGACA-1,0.000023,0.111222,0.062389,0.649718,0.176624,0.000023
TAGTCCCGGAGACCAC-1,0.000022,0.190702,0.038278,0.742074,0.011241,0.017684
TAGTCCGCAGAGAATG-1,0.000046,0.301148,0.29533,0.326362,0.064354,0.01276
TAGTCCGTATGCATAA-1,0.000049,0.000545,0.000098,0.168595,0.03224,0.798474
TAGTCCTGCACTAAGC-1,0.000056,0.09747,0.000653,0.747094,0.154671,0.000056
TAGTCGATCACGGGTT-1,0.000818,0.543504,0.386378,0.052254,0.004485,0.012562
TAGTCGGGATTCTTCG-1,0.000099,0.000296,0.000197,0.000394,0.164149,0.834866
TAGTCTAACAACGAGA-1,0.000016,0.731526,0.062082,0.171338,0.005337,0.0297
TAGTCTGCGGCACATT-1,0.00003,0.476833,0.023332,0.476183,0.023592,0.00003
TAGTCTGTGACGTTGC-1,0.000026,0.726707,0.023944,0.199882,0.043675,0.005766
TAGTCTTTCCGAATTG-1,0.000016,0.735843,0.251949,0.01216,0.000016,0.000016
TAGTGACAAGCTCTAC-1,0.000185,0.000554,0.104067,0.000739,0.879623,0.014831
TAGTGAGAAGTGGTTG-1,0.000082,0.103205,0.09963,0.001921,0.017494,0.777669
TAGTGCCCTCCAGAGT-1,0.000028,0.163948,0.369032,0.426159,0.040806,0.000028
TAGTGCTTGAATCCTT-1,0.000121,0.000363,0.030503,0.098817,0.222389,0.647807
TAGTGGAACTCATACA-1,0.000069,0.123211,0.000138,0.122635,0.019262,0.734685
TAGTGTCAGAAACGGC-1,0.000048,0.095598,0.039504,0.049539,0.086133,0.729178
TAGTTAAGATAGGATA-1,0.00007,0.170859,0.106891,0.011461,0.00007,0.710649
TAGTTTATTCTTGCTT-1,0.000106,0.145006,0.120894,0.090638,0.001837,0.641519
TAGTTTGATCGGTCGC-1,0.000502,0.001506,0.001004,0.002008,0.213993,0.780987
TATAAATCCACAAGCT-1,0.000557,0.282204,0.128365,0.460426,0.094586,0.033861
TATAAGTGAGGATAGC-1,0.000033,0.191726,0.105715,0.535149,0.125157,0.04222
TATACACAGACGCCTT-1,0.003212,0.047984,0.564708,0.053167,0.330846,0.000083
TATACACGCAAAGTAT-1,0.000024,0.459354,0.08429,0.022026,0.366251,0.068054
TATACCGAGTGCCACA-1,0.000017,0.222123,0.671329,0.095241,0.011274,0.000017
TATACGCGTCATCACT-1,0.000024,0.713141,0.234827,0.051959,0.000024,0.000024
TATACTCATGCGGCAA-1,0.000034,0.058176,0.008953,0.000134,0.000034,0.93267
TATAGAGTCGCTTGAA-1,0.000036,0.014592,0.004421,0.939501,0.022623,0.018826
TATAGATGGTCGCAGT-1,0.000036,0.321957,0.064862,0.553902,0.059207,0.000036
TATAGCGCACGTTATC-1,0.000011,0.835255,0.038172,0.124753,0.001798,0.000011
TATAGCTATTATCTCT-1,0.000037,0.294009,0.047678,0.00015,0.000037,0.658088
TATAGGGTACTCATGA-1,0.000017,0.482012,0.176844,0.274573,0.050996,0.015559
TATAGTTAGGTGTACT-1,0.000035,0.269317,0.094958,0.316818,0.216253,0.10262
TATATAGGGCTTTACG-1,0.000025,0.15077,0.025351,0.725839,0.081511,0.016504
TATATATCGAGAAATG-1,0.000028,0.204761,0.061855,0.654063,0.046991,0.032301
TATATCAAAGTGATCT-1,0.000036,0.243953,0.083361,0.488888,0.132489,0.051273
TATATCATTGATCAGT-1,0.000063,0.087181,0.000126,0.096556,0.074059,0.742015
TATATCCCTGGGAGGA-1,0.000026,0.373852,0.087744,0.521999,0.011228,0.005151
TATATGCTGGGTTGCC-1,0.00011,0.000329,0.000219,0.000439,0.00011,0.998794
TATATTACAAATGTCG-1,0.000646,0.095657,0.574349,0.002584,0.000646,0.326118
TATATTCGCGTCGATA-1,0.000125,0.132133,0.04446,0.000501,0.107937,0.714845
TATCAAAGGTCTGTAA-1,0.000071,0.093064,0.000142,0.028165,0.149688,0.72887
TATCACAGCACGGGCA-1,0.03338,0.000239,0.00016,0.000319,0.176401,0.7895
TATCACCATGTAAAGT-1,0.000047,0.361549,0.245214,0.007132,0.00602,0.380038
TATCACCCAACCGACC-1,0.000023,0.639788,0.037036,0.253021,0.042939,0.027193
TATCACTTCGAGTAAC-1,0.000661,0.429403,0.001323,0.002646,0.000661,0.565306
TATCAGTGGCGTAGTC-1,0.000028,0.365868,0.0032,0.546605,0.032704,0.051595
TATCCATATCATGCGA-1,0.000918,0.578473,0.03414,0.265927,0.107709,0.012834
TATCCATCTCGGTTAG-1,0.000014,0.800923,0.005745,0.193291,0.000014,0.000014
TATCCCTCGATCTGCA-1,0.000018,0.71541,0.05141,0.232447,0.000697,0.000018
TATCCGCACCGTCGGG-1,0.000025,0.09053,0.438503,0.468902,0.002016,0.000025
TATCCTATCAACTGGT-1,0.001193,0.235707,0.030319,0.696888,0.013618,0.022274
TATCCTGCATGGGAAT-1,0.000073,0.117551,0.023398,0.022729,0.021916,0.814334
TATCGATCTATGCATA-1,0.000017,0.904909,0.027264,0.050084,0.000017,0.01771
TATCGATGATTAAACG-1,0.000021,0.437283,0.131133,0.339849,0.070932,0.020781
TATCTACAGAGGTAAT-1,0.000044,0.240546,0.068798,0.480052,0.189082,0.021478
TATCTACCACAGCGGG-1,0.000095,0.133621,0.282534,0.251665,0.331991,0.000095
TATCTAGCCTAAAGGA-1,0.000023,0.507837,0.163453,0.101959,0.169839,0.056889
TATCTGAGCCGATATT-1,0.003768,0.53688,0.173803,0.08759,0.146622,0.051337
TATCTTGCAATACAAC-1,0.000011,0.548777,0.121295,0.299674,0.026172,0.00407
TATGAAGAATTAAGGT-1,0.014438,0.339475,0.064714,0.074246,0.506993,0.000133
TATGAAGACAGGTGCG-1,0.000033,0.054241,0.003566,0.595423,0.318839,0.027899
TATGACCTTGCGCTGG-1,0.000083,0.000249,0.000166,0.010598,0.398805,0.590099
TATGATAAATCTAACG-1,0.00008,0.113476,0.056391,0.191161,0.152023,0.486868
TATGATCCGGCACGCC-1,0.000875,0.676869,0.1453,0.093883,0.064928,0.018145
TATGATTCTGCTTGGT-1,0.000072,0.003625,0.120504,0.027026,0.130797,0.717976
TATGCTCCCTACTTAC-1,0.000014,0.863854,0.050508,0.085596,0.000014,0.000014
TATGGAGTTTCTCGTT-1,0.008963,0.000255,0.19133,0.033527,0.13399,0.631937
TATGGATGTGCTACGC-1,0.000033,0.439423,0.308823,0.094504,0.084492,0.072726
TATGGCAGACTTTCGA-1,0.000113,0.000339,0.000226,0.054013,0.108844,0.836465
TATGGCCCGGCCTCGC-1,0.000046,0.008972,0.000091,0.815669,0.1713,0.003922
TATGGCTAGGCTAATT-1,0.000029,0.337733,0.104051,0.45107,0.07481,0.032306
TATGGGACCGAGCAGG-1,0.001292,0.243281,0.490352,0.233586,0.016608,0.014882
TATGGGTACGTATCGT-1,0.000505,0.90105,0.037757,0.06066,0.000014,0.000014
TATGGTCTGAGTAACA-1,0.00002,0.544863,0.359954,0.083838,0.00002,0.011305
TATGGTTAGTGGGAGA-1,0.000439,0.863592,0.034687,0.05438,0.000013,0.046889
TATGTAAAGTGCTTAA-1,0.000987,0.126677,0.032482,0.739396,0.092351,0.008106
TATGTAGAAACCCGGC-1,0.000776,0.119811,0.020153,0.25529,0.530798,0.073172
TATGTCAAGACCGACT-1,0.000019,0.815121,0.058239,0.073938,0.036771,0.015913
TATGTCTCATTGTGCC-1,0.000525,0.490056,0.173597,0.301225,0.000951,0.033645
TATTAACACCAAAGCA-1,0.000727,0.801182,0.010606,0.169557,0.00001,0.017918
TATTAACCTGACCGCG-1,0.000031,0.267111,0.040246,0.651157,0.03807,0.003385
TATTACCATCCTGCTT-1,0.000017,0.914734,0.042312,0.042901,0.000017,0.000017
TATTATGTTTGCCTGC-1,0.000027,0.473244,0.150664,0.302023,0.074015,0.000027
TATTCAATTCTAATCC-1,0.00005,0.318641,0.038483,0.590781,0.006437,0.04561
TATTCCACTCAGCTCG-1,0.000132,0.000395,0.116136,0.729275,0.15393,0.000132
TATTCCGGCAGTCCTA-1,0.002244,0.000308,0.000205,0.00041,0.356574,0.640259
TATTCCTCCGCCCACT-1,0.000041,0.179046,0.045994,0.697785,0.077093,0.000041
TATTCGTGCCAGAATA-1,0.000024,0.552484,0.150811,0.276455,0.008085,0.012141
TATTGACATTTCTGCC-1,0.000041,0.186758,0.219625,0.499932,0.091453,0.002191
TATTGCCGGGCTTGTA-1,0.055945,0.236479,0.099074,0.109953,0.446658,0.051892
TATTTAGTCTAGATCG-1,0.000028,0.700609,0.044996,0.240907,0.007341,0.00612
TATTTATACCGAGTAG-1,0.000064,0.171756,0.043621,0.247256,0.008338,0.528964
TATTTGATTTGCACAG-1,0.028457,0.000398,0.486588,0.000531,0.483893,0.000133
TATTTGTTACCCTTTA-1,0.00002,0.737271,0.010656,0.244364,0.00002,0.007669
TCAAACAACCGCGTCG-1,0.000013,0.556044,0.167527,0.268284,0.008119,0.000013
TCAAACAATTAGGACA-1,0.00011,0.000331,0.000221,0.163481,0.138802,0.697055
TCAAACTTAGATTGTT-1,0.001909,0.512162,0.046247,0.378435,0.046749,0.014499
TCAAAGAGCTATCTGT-1,0.000412,0.658659,0.087183,0.072521,0.165307,0.015918
TCAAAGTCACGGCGTC-1,0.000018,0.448668,0.080656,0.381427,0.087362,0.001869
TCAAATTATGTTCGAC-1,0.000129,0.000387,0.184509,0.000516,0.81433,0.000129
TCAAATTGTTGTGCCG-1,0.000012,0.77997,0.173407,0.046377,0.000222,0.000012
TCAAATTTGAGACTCA-1,0.000016,0.373978,0.543708,0.069977,0.009822,0.002498
TCAACAAAGATAATTC-1,0.000009,0.436255,0.114346,0.416729,0.001065,0.031597
TCAACACATTGGGTAA-1,0.000036,0.477103,0.024914,0.144572,0.024878,0.328497
TCAACATAGCGCCCTA-1,0.000926,0.122828,0.174649,0.634122,0.067451,0.000025
TCAACATCGACCGAGA-1,0.000575,0.644894,0.013086,0.325,0.016429,0.000015
TCAACCATGTTCGGGC-1,0.000037,0.001904,0.027927,0.868931,0.101163,0.000037
TCAACGAGGAGACAAA-1,0.000043,0.084877,0.228418,0.558514,0.092413,0.035735
TCAACGCAGGAAATAA-1,0.000019,0.116655,0.03284,0.774601,0.054188,0.021697
TCAACGCGACCGGCAG-1,0.000037,0.00011,0.000073,0.85755,0.142194,0.000037
TCAACTAACGTATAAC-1,0.000017,0.428595,0.081786,0.346925,0.11078,0.031897
TCAAGAAATACTAGCT-1,0.000514,0.472529,0.073082,0.395386,0.021483,0.037006
TCAAGCTGCCTTGAAA-1,0.000013,0.551918,0.050935,0.358393,0.023076,0.015665
TCAAGGTTACTACACC-1,0.000025,0.38393,0.408257,0.183694,0.009154,0.01494
TCAATACAATTGCTGC-1,0.001555,0.090867,0.00009,0.015885,0.000045,0.891557
TCAATACGCCGTCATG-1,0.000035,0.675972,0.058081,0.19524,0.052371,0.018302
TCAATATACAGGAGGC-1,0.039243,0.439582,0.168278,0.000739,0.287761,0.064397
TCAATCCGGGAAGTTT-1,0.000018,0.279243,0.599957,0.084641,0.036123,0.000018
TCACAAACCGAGGTAC-1,0.289477,0.333832,0.055293,0.009245,0.312018,0.000135
TCACAGATCCTCAAAC-1,0.000072,0.000216,0.000144,0.059607,0.301834,0.638127
TCACAGCAAACTCGAA-1,0.000013,0.292548,0.290671,0.412197,0.004558,0.000013
TCACAGGAGAATAAGA-1,0.000029,0.072269,0.042057,0.767725,0.099722,0.018198
TCACAGGGAATCGCAA-1,0.000049,0.104911,0.435247,0.235364,0.220962,0.003467
TCACAGGTTATTGGGC-1,0.000624,0.679368,0.176783,0.119508,0.018988,0.004729
TCACATCTTATCTGAT-1,0.000056,0.260222,0.083638,0.244101,0.334563,0.077421
TCACCCTCTTAAGATT-1,0.00007,0.057049,0.482181,0.000281,0.460348,0.00007
TCACCGCTCGGCACTC-1,0.000024,0.7525,0.004042,0.240977,0.000024,0.002433
TCACGATGTCCGTGGA-1,0.000021,0.374348,0.040785,0.551003,0.022936,0.010907
TCACGATTAATACGTT-1,0.000087,0.115404,0.159442,0.068733,0.014747,0.641588
TCACGCATTGTAGATC-1,0.000063,0.178942,0.110682,0.502427,0.207824,0.000063
TCACGGCCCAAGAGAG-1,0.000025,0.215383,0.080487,0.519176,0.184903,0.000025
TCACGGTCATCGCACA-1,0.000027,0.44264,0.032336,0.451733,0.073238,0.000027
TCACGTGCCCGATTCA-1,0.000024,0.308042,0.609567,0.060912,0.000675,0.020779
TCACTACGACCAATGC-1,0.004441,0.000544,0.000362,0.000725,0.113495,0.880433
TCACTATCCCTTCGGT-1,0.00005,0.093362,0.320672,0.391486,0.194379,0.00005
TCACTATCGTGCAATC-1,0.00015,0.000451,0.000301,0.038159,0.169028,0.791911
TCACTCAGCGCATTAG-1,0.0001,0.0003,0.0002,0.000401,0.095981,0.903017
TCACTCGTGCAACGGC-1,0.000083,0.000248,0.000165,0.000331,0.000083,0.999091
TCACTCTTCGTCTGTC-1,0.000067,0.0002,0.062527,0.020256,0.059161,0.85779
TCAGAACCTCCACAGG-1,0.000013,0.793999,0.024675,0.177371,0.000013,0.003929
TCAGAACGGCGGTAAT-1,0.000023,0.093702,0.147796,0.657387,0.101069,0.000023
TCAGACGCTATAGAAG-1,0.000095,0.021711,0.111178,0.345035,0.521885,0.000095
TCAGAGCATGTCAACG-1,0.000064,0.000193,0.065997,0.000258,0.304718,0.628769
TCAGAGGACGCGTTAG-1,0.000039,0.032886,0.132329,0.614271,0.220435,0.000039
TCAGATGGAGACGTAG-1,0.000205,0.258621,0.108618,0.000821,0.000205,0.631529
TCAGCAAATGCATCTC-1,0.00002,0.218048,0.027226,0.697843,0.034995,0.021867
TCAGCAGTAGGCCCTG-1,0.000021,0.334705,0.045595,0.619635,0.000021,0.000021
TCAGCCAATCCGTAAA-1,0.97848,0.000261,0.000174,0.000348,0.000087,0.020651
TCAGCGCACGCCGTTT-1,0.00002,0.431044,0.091545,0.436712,0.04066,0.00002
TCAGCTTGAGCTTTCG-1,0.000078,0.000234,0.001789,0.076079,0.321867,0.599954
TCAGGGCGACTTCCTT-1,0.000093,0.000279,0.000186,0.000372,0.069438,0.929631
TCAGGGCGCAAACTCG-1,0.005688,0.000138,0.015418,0.071491,0.053657,0.853607
TCAGGGTGCACGAAAC-1,0.000079,0.000237,0.000158,0.000315,0.00836,0.990852
TCAGGGTGTAACGTAA-1,0.000464,0.711872,0.065597,0.200466,0.012556,0.009046
TCAGGTTCTTTGAGAA-1,0.000048,0.190284,0.104946,0.67807,0.008133,0.018519
TCAGTACTGACCCGCG-1,0.000028,0.245183,0.009337,0.639341,0.103288,0.002822
TCAGTAGGGACTATAA-1,0.000035,0.302847,0.409975,0.220262,0.053191,0.013689
TCAGTGTATACGTCAT-1,0.000028,0.22014,0.119638,0.63528,0.015242,0.009671
TCAGTTACGGAATGAT-1,0.000075,0.205131,0.074847,0.089743,0.050858,0.579345
TCATACTTACAGATCC-1,0.001581,0.368248,0.110394,0.182795,0.22524,0.111741
TCATATGAGCTTTGTT-1,0.000077,0.292282,0.000154,0.556522,0.150888,0.000077
TCATCACTCGAGCTCG-1,0.00006,0.016115,0.077803,0.0249,0.159833,0.721288
TCATCCATCTGATCAC-1,0.000034,0.227317,0.144221,0.128397,0.321336,0.178694
TCATCCCAGAGGGTGG-1,0.00014,0.000421,0.000281,0.000561,0.052903,0.945695
TCATCCTCAGCTGCTT-1,0.000057,0.203175,0.250117,0.388125,0.158469,0.000057
TCATCGACGACCGTCG-1,0.000039,0.301961,0.459759,0.176849,0.061353,0.000039
TCATCGATGGTCCCAA-1,0.000043,0.000128,0.01434,0.87898,0.060911,0.045599
TCATGAAGCGCTGCAT-1,0.001061,0.146956,0.00944,0.372103,0.405261,0.065179
TCATGCAGGTTCTCAT-1,0.000504,0.982647,0.005061,0.000112,0.000015,0.01166
TCATGGAGGCCTTTGT-1,0.000037,0.257456,0.481269,0.168666,0.092534,0.000037
TCATTCGTATAATTTG-1,0.000108,0.185371,0.000215,0.157422,0.003011,0.653873
TCATTTAAGTCTCCGA-1,0.000038,0.211462,0.109751,0.602438,0.034604,0.041707
TCATTTAGAAGTGTGA-1,0.000069,0.022865,0.381096,0.056126,0.539777,0.000069
TCCAACTCAGCTATCT-1,0.000095,0.000286,0.30935,0.37871,0.311462,0.000095
TCCAACTTTAAATTCT-1,0.000036,0.220084,0.272086,0.293479,0.202353,0.011962
TCCAAGCCTAGACACA-1,0.000037,0.082332,0.45534,0.377206,0.085047,0.000037
TCCAATAAAGGCTACC-1,0.000027,0.000109,0.019907,0.669677,0.306884,0.003397
TCCAATGCGTCGCCGC-1,0.000114,0.039122,0.000229,0.312355,0.00054,0.647639
TCCACAATGGTTTACG-1,0.00002,0.590987,0.031932,0.346872,0.00002,0.030168
TCCACATCGTATATTG-1,0.000019,0.757878,0.095098,0.125838,0.021147,0.000019
TCCACCAAGACATAGG-1,0.000063,0.00019,0.280748,0.261774,0.457161,0.000063
TCCACCTCTAGCCTTT-1,0.000018,0.778448,0.099717,0.115905,0.005895,0.000018
TCCACTTTATCTAGGT-1,0.000022,0.542473,0.057795,0.368627,0.008624,0.022458
TCCAGAGCACCGGTTC-1,0.000021,0.450188,0.486071,0.060085,0.000021,0.003615
TCCAGATGTACGCCAA-1,0.000027,0.48112,0.060587,0.398202,0.016233,0.04383
TCCAGCGCTATAAGCG-1,0.000057,0.054566,0.409967,0.39709,0.138262,0.000057
TCCAGGCAGGACGATC-1,0.000022,0.50175,0.069898,0.425607,0.002701,0.000022
TCCAGGCGAGTACGGT-1,0.000023,0.616539,0.175659,0.207732,0.000023,0.000023
TCCAGGGTATATACGA-1,0.00767,0.333123,0.270392,0.182231,0.153025,0.053558
TCCATCAATACTAATC-1,0.000016,0.592058,0.091606,0.23996,0.066018,0.010342
TCCATTAGTTGGATAG-1,0.000081,0.302909,0.015808,0.03866,0.000081,0.642462
TCCATTCCCACTAGAG-1,0.000039,0.581206,0.070517,0.081993,0.105065,0.16118
TCCATTGTGACCTCGT-1,0.001519,0.72427,0.000087,0.000174,0.000044,0.273906
TCCCAAACAGACAACG-1,0.00009,0.446869,0.010467,0.395014,0.119062,0.028498
TCCCAAACATCCTCTA-1,0.000561,0.136868,0.115778,0.701606,0.042318,0.00287
TCCCAAAGACGAAGGA-1,0.000015,0.40558,0.127761,0.300326,0.166303,0.000015
TCCCAAAGCCCTAAAT-1,0.000333,0.644394,0.052445,0.295495,0.003926,0.003408
TCCCAATATCGACGAC-1,0.000023,0.374395,0.199391,0.394849,0.031319,0.000023
TCCCACGGAGGGAGCT-1,0.00009,0.000269,0.000179,0.000358,0.114145,0.88496
TCCCACTCTCTTCCGG-1,0.000021,0.467298,0.138807,0.375778,0.012949,0.005147
TCCCAGCACACGACAT-1,0.000045,0.09559,0.815469,0.000181,0.088668,0.000045
TCCCAGCTTTAGTCTG-1,0.000038,0.486082,0.266902,0.211351,0.017279,0.018348
TCCCAGGCTTAGCTAA-1,0.000021,0.566913,0.059514,0.358295,0.005635,0.009621
TCCCGCCTATGTGCGT-1,0.000408,0.606776,0.185448,0.183253,0.006135,0.01798
TCCCGCGTACTCCTGG-1,0.000021,0.597643,0.082708,0.307772,0.003473,0.008383
TCCCGGGTGTGCTGCT-1,0.000055,0.010406,0.008041,0.849058,0.132385,0.000055
TCCCGGTCAGGAATTT-1,0.000164,0.000491,0.000327,0.000655,0.232328,0.766035
TCCCGTCAGTCCCGCA-1,0.000037,0.249848,0.047479,0.540551,0.109521,0.052564
TCCCGTCGCGTCATAG-1,0.000012,0.88101,0.007418,0.111537,0.000012,0.000012
TCCCGTGTGCAATTTG-1,0.000029,0.408495,0.376293,0.200246,0.014908,0.000029
TCCCTAGATCAATAGG-1,0.000872,0.390656,0.031072,0.521033,0.008587,0.04778
TCCCTCCGAAATCGTT-1,0.00007,0.075902,0.000139,0.000279,0.00007,0.92354
TCCCTGGCGTATTAAC-1,0.001287,0.112976,0.004469,0.710525,0.167719,0.003024
TCCCTGGCTCGCTGGA-1,0.000021,0.617689,0.081437,0.258767,0.017705,0.024381
TCCCTTAGATTACTCG-1,0.000103,0.000309,0.000206,0.390276,0.155962,0.453144
TCCCTTGTCTGAAACT-1,0.000082,0.392417,0.324494,0.000326,0.181391,0.10129
TCCGAACGTTGCCGCT-1,0.000031,0.458927,0.522716,0.010997,0.007296,0.000031
TCCGAACTTGGCTTAC-1,0.000034,0.174596,0.084225,0.548521,0.192565,0.00006
TCCGAAGTAGTCACCA-1,0.000121,0.000364,0.100312,0.03766,0.003729,0.857814
TCCGAATGGTCCTGAG-1,0.000018,0.694582,0.032877,0.15752,0.082455,0.032548
TCCGACCGCTAATCAA-1,0.00051,0.450892,0.205852,0.288625,0.02319,0.03093
TCCGAGAAGGCTAAGC-1,0.000089,0.02941,0.08414,0.000357,0.043097,0.842906
TCCGATAATTGCCATA-1,0.000034,0.287605,0.066411,0.237589,0.352052,0.05631
TCCGATGACTGAGCTC-1,0.000017,0.687034,0.012971,0.287419,0.012542,0.000017
TCCGATGGTGCGACAT-1,0.000029,0.135734,0.09476,0.735808,0.016423,0.017246
TCCGATTACATTGCCG-1,0.000017,0.502584,0.046901,0.423009,0.000017,0.027471
TCCGCAGCCACCTAGC-1,0.000058,0.000174,0.000116,0.000232,0.124892,0.874526
TCCGCCTGTCTACAAG-1,0.000161,0.303584,0.000322,0.000645,0.695127,0.000161
TCCGCGGCAGCATCTG-1,0.000032,0.130458,0.037129,0.75456,0.077788,0.000032
TCCGCGGCCCAATGAA-1,0.002832,0.000226,0.080748,0.252477,0.663641,0.000075
TCCGCTGGGTCGATCG-1,0.000992,0.002976,0.001984,0.003968,0.000992,0.989087
TCCGCTGTCATCCCGG-1,0.00007,0.04384,0.189896,0.642242,0.123882,0.00007
TCCGCTTATCCCATTA-1,0.040309,0.111687,0.287129,0.125846,0.434923,0.000106
TCCGGAGGAAGGGCTG-1,0.000154,0.000461,0.000308,0.000615,0.441607,0.556856
TCCGGCCTAGCGTACA-1,0.001777,0.184488,0.005442,0.437562,0.352737,0.017995
TCCGGCCTGCATCGAT-1,0.000061,0.000182,0.000121,0.000242,0.234264,0.76513
TCCGGCTGTCGGGTCG-1,0.000192,0.000576,0.117296,0.000768,0.880976,0.000192
TCCGGGCCACTAACGG-1,0.000023,0.094063,0.394877,0.463528,0.047485,0.000023
TCCGGGCTTGACGGGA-1,0.000181,0.000542,0.089165,0.025329,0.884603,0.000181
TCCGGTTCGTCCGGTC-1,0.000061,0.2346,0.195463,0.523152,0.046663,0.000061
TCCGTAACCACAATCC-1,0.00003,0.00009,0.00006,0.00012,0.00003,0.99967
TCCGTTAAGCTAATAT-1,0.003429,0.010548,0.775845,0.035876,0.174255,0.000046
TCCGTTTAGCCTTGAA-1,0.00095,0.632689,0.013423,0.340968,0.000069,0.011901
TCCTAAAGATTCAGAC-1,0.000026,0.333403,0.346717,0.298023,0.021806,0.000026
TCCTAAATTGGGAAGC-1,0.001671,0.013022,0.512299,0.043089,0.429871,0.000048
TCCTAACCGTCGGGCA-1,0.000013,0.618723,0.05374,0.32154,0.005969,0.000013
TCCTACATCCACGGCC-1,0.000043,0.218877,0.52377,0.169575,0.076576,0.011159
TCCTAGCAAAGAAGCT-1,0.000034,0.313129,0.243019,0.379819,0.049571,0.014428
TCCTATCATAGGTAAC-1,0.000832,0.274093,0.171449,0.471059,0.07407,0.008497
TCCTCCTAAGACATTC-1,0.000022,0.33506,0.128869,0.461833,0.037355,0.03686
TCCTCGGGCTGGGCTT-1,0.000041,0.074302,0.298945,0.590654,0.036017,0.000041
TCCTCTACGAGATGGC-1,0.000777,0.467703,0.127913,0.403562,0.000023,0.000023
TCCTCTCCAGTTGTCC-1,0.000018,0.506257,0.001589,0.455796,0.02128,0.015059
TCCTCTGGCCCATTAG-1,0.000134,0.077151,0.000268,0.010052,0.25479,0.657605
TCCTGCAGCCGCCAAT-1,0.000023,0.045663,0.044163,0.875586,0.034541,0.000023
TCCTGCCAACTGGAGA-1,0.000177,0.000532,0.000355,0.000709,0.309341,0.688886
TCCTGCGTTGATACTC-1,0.000038,0.511452,0.028751,0.445203,0.014518,0.000038
TCCTGGCGCTGCCTGG-1,0.000073,0.530175,0.000146,0.000468,0.000073,0.469065
TCCTTACGACGGTCCG-1,0.000045,0.25344,0.399326,0.335306,0.011838,0.000045
TCCTTCAATCCCTACG-1,0.000088,0.000264,0.000176,0.000821,0.237147,0.761503
TCCTTCAGTGGTCGAA-1,0.000091,0.000272,0.000181,0.000362,0.288647,0.710447
TCCTTGTCCTTTAATT-1,0.000033,0.358559,0.23472,0.387276,0.019379,0.000033
TCCTTTCTTACGCTTA-1,0.000032,0.416084,0.056868,0.474673,0.035685,0.016659
TCGAAATTTAGGACCA-1,0.000025,0.454141,0.034649,0.458847,0.036472,0.015866
TCGAAGAACCGAGCAC-1,0.000012,0.728189,0.158438,0.111337,0.00201,0.000012
TCGAATATCCCGCAGG-1,0.000019,0.561794,0.007396,0.430751,0.000019,0.000019
TCGAATCGCAGGGTAG-1,0.000589,0.213827,0.177331,0.593957,0.010438,0.003858
TCGACAACTGAACCCG-1,0.000023,0.248525,0.099231,0.454344,0.194791,0.003085
TCGACATAGCGTAGCG-1,0.000038,0.135607,0.026542,0.645967,0.16206,0.029786
TCGACTGACGATGGCT-1,0.050296,0.000273,0.428393,0.22295,0.297997,0.000091
TCGAGACCAACACCGT-1,0.000013,0.411101,0.584621,0.004238,0.000013,0.000013
TCGAGCCAGGCAGGCC-1,0.000029,0.096824,0.136731,0.747398,0.014672,0.004347
TCGAGGGCAACAGACG-1,0.00014,0.143738,0.294974,0.000558,0.56045,0.00014
TCGAGTCTACGATTCG-1,0.000046,0.406576,0.093188,0.084367,0.245154,0.170669
TCGATAGGCTAGTCGC-1,0.000128,0.000383,0.000255,0.00051,0.114194,0.88453
TCGATGTTACGGCCGT-1,0.000051,0.032501,0.000102,0.002341,0.150219,0.814787
TCGATTTACGAAACGA-1,0.00001,0.486428,0.031074,0.480652,0.001825,0.00001
TCGCAAAGATGCATTT-1,0.000068,0.011474,0.231303,0.26208,0.495008,0.000068
TCGCACCAGGAGGCAG-1,0.000083,0.00025,0.345812,0.171263,0.48251,0.000083
TCGCACTAACGTTTGT-1,0.000094,0.000282,0.000188,0.062061,0.156152,0.781222
TCGCATAAAGGGCGCA-1,0.350253,0.199559,0.085845,0.000405,0.363837,0.000101
TCGCATCCCTAAGTGT-1,0.000042,0.431944,0.087576,0.000421,0.000042,0.479976
TCGCATTCAATGACTT-1,0.000107,0.000321,0.000214,0.061836,0.18954,0.747981
TCGCCACCCGGATTAC-1,0.000032,0.385827,0.018337,0.396905,0.17073,0.028169
TCGCCCAACTGACTCC-1,0.000069,0.373666,0.012692,0.000276,0.000069,0.613228
TCGCCCACTGCGAGAG-1,0.000076,0.000227,0.000152,0.000303,0.010888,0.988354
TCGCCGAAGTTGCGTC-1,0.000025,0.725966,0.031305,0.242653,0.000025,0.000025
TCGCCGACATATTCGC-1,0.000033,0.140917,0.609,0.201682,0.035746,0.012623
TCGCCGCACCGCGTGA-1,0.000024,0.510939,0.045991,0.384654,0.022304,0.036087
TCGCCGGAGAGTCTTA-1,0.000175,0.000525,0.00035,0.0007,0.373141,0.625108
TCGCCGGATGGGCAAG-1,0.000107,0.000321,0.000214,0.000427,0.107577,0.891354
TCGCCGGTCGATCCGT-1,0.00156,0.098051,0.002956,0.642304,0.202061,0.053068
TCGCCTCCTTCGGCTC-1,0.000034,0.212396,0.256466,0.422941,0.108129,0.000034
TCGCCTCGACCTGTTG-1,0.000079,0.000237,0.000158,0.052462,0.000079,0.946985
TCGCGCGTTTACATGA-1,0.000145,0.000436,0.00029,0.08365,0.624687,0.290792
TCGCGTCCAGAAGGTC-1,0.000027,0.126516,0.273456,0.528264,0.071711,0.000027
TCGCTAAACCGCTATC-1,0.000077,0.000231,0.000154,0.196545,0.654962,0.14803
TCGCTACTGGCTTTGA-1,0.000051,0.170558,0.338034,0.32961,0.154661,0.007086
TCGCTCGATATATTCC-1,0.0018,0.528609,0.003864,0.449882,0.000022,0.015824
TCGCTCGGCACCAGCG-1,0.000024,0.92099,0.021209,0.043558,0.000024,0.014195
TCGCTGCCAATGCTGT-1,0.000025,0.514582,0.389352,0.095319,0.000697,0.000025
TCGCTGGGCGGATTGT-1,0.000038,0.41805,0.012799,0.427133,0.057538,0.084442
TCGCTGTGCGTAAATC-1,0.00006,0.007345,0.010792,0.447636,0.369722,0.164445
TCGCTTAATTACGAAG-1,0.000468,0.211067,0.000936,0.001873,0.01949,0.766165
TCGCTTTAAACGTTTG-1,0.00002,0.632145,0.042546,0.31036,0.004053,0.010877
TCGGAATGACCATCAA-1,0.000087,0.026449,0.000175,0.214791,0.065321,0.693178
TCGGAATGCGCTCTGA-1,0.00004,0.048838,0.032441,0.855789,0.015588,0.047304
TCGGACGCCCAGCCCA-1,0.000053,0.024922,0.013061,0.767878,0.194034,0.000053
TCGGAGAGTATCGGGA-1,0.000031,0.352143,0.037261,0.573389,0.025511,0.011665
TCGGAGTACATGAGTA-1,0.000021,0.293158,0.040295,0.636328,0.000021,0.030175
TCGGAGTCCTGGTTGC-1,0.000098,0.104161,0.000197,0.036251,0.000098,0.859195
TCGGATCTGGATGACC-1,0.000947,0.709625,0.001894,0.003788,0.000947,0.282799
TCGGCAGGGTTAAGGG-1,0.000281,0.220599,0.215348,0.001122,0.56237,0.000281
TCGGCGAACCCAAACC-1,0.000025,0.118563,0.338966,0.429107,0.113312,0.000025
TCGGCGGTATTAGATT-1,0.000147,0.35546,0.067325,0.000589,0.072725,0.503754
TCGGCGTACTGCACAA-1,0.000037,0.283965,0.045003,0.473086,0.197389,0.000519
TCGGCTAACTTCCCTT-1,0.000085,0.081231,0.01099,0.038196,0.2773,0.592197
TCGGGAACGTGCCTAG-1,0.000017,0.657162,0.027186,0.303339,0.010139,0.002156
TCGGGAGACAGCGTAC-1,0.000075,0.035551,0.574375,0.091674,0.29825,0.000075
TCGGGATTCAAACATA-1,0.000022,0.159223,0.108576,0.513015,0.192799,0.026364
TCGGGCACTTCTGGAT-1,0.000076,0.000228,0.000152,0.000304,0.007963,0.991276
TCGGGCCGTCGTGGTA-1,0.000042,0.461896,0.067224,0.448801,0.021996,0.000042
TCGGGTGAAACTGCTA-1,0.000054,0.061974,0.000109,0.000218,0.000054,0.937591
TCGGTCCCGACAATAG-1,0.000897,0.12106,0.013407,0.784308,0.0803,0.000028
TCGGTCCCTGACTCCA-1,0.000131,0.34725,0.000263,0.009628,0.056201,0.586526
TCGGTGACCGCTCCGG-1,0.00026,0.000781,0.000521,0.001042,0.00026,0.997135
TCGGTTAGCCATGTAG-1,0.005295,0.00044,0.000293,0.000587,0.000147,0.993238
TCGTAACTCCCAAGAC-1,0.000067,0.606785,0.153014,0.062156,0.142182,0.035795
TCGTAAGACGACATTG-1,0.00074,0.721375,0.030024,0.230435,0.000021,0.017404
TCGTAAGCTCCGAGGA-1,0.007772,0.274929,0.000602,0.001203,0.000301,0.715192
TCGTACCGACGTCAAG-1,0.001499,0.145006,0.106904,0.651176,0.095379,0.000035
TCGTATAGTGCAATTA-1,0.0002,0.0006,0.0004,0.086311,0.189561,0.722929
TCGTATCACCAAGCTA-1,0.000065,0.009027,0.00013,0.046877,0.223996,0.719906
TCGTATTACCCATTGC-1,0.00057,0.771892,0.002613,0.222466,0.000017,0.002443
TCGTATTTCGTCCGGA-1,0.000138,0.000415,0.000276,0.141711,0.033006,0.824453
TCGTCAAGTACGCGCA-1,0.000042,0.04335,0.05128,0.864924,0.040362,0.000042
TCGTCACACTGTTAGC-1,0.000021,0.629315,0.03305,0.25485,0.048564,0.0342
TCGTCCGCTGGCGTCT-1,0.000021,0.745443,0.013111,0.241381,0.000021,0.000021
TCGTCCGGGTACACTC-1,0.000132,0.477047,0.185584,0.000527,0.000132,0.336579
TCGTCTTAGGCGTTAA-1,0.000142,0.179588,0.207873,0.000569,0.611686,0.000142
TCGTGTACTATGGATG-1,0.001938,0.005814,0.184347,0.007752,0.79821,0.001938
TCGTGTATTGGTCACG-1,0.000817,0.128298,0.001634,0.283911,0.584523,0.000817
TCGTGTCACGCTGACA-1,0.000111,0.070527,0.093862,0.835277,0.000111,0.000111
TCGTTAGGAGTCCCTA-1,0.000032,0.241269,0.195826,0.53989,0.008152,0.014831
TCGTTCGTTATTATGT-1,0.003752,0.212526,0.00027,0.06596,0.043794,0.673699
TCGTTGACAGGGTCCC-1,0.000082,0.000247,0.000164,0.000329,0.194359,0.80482
TCGTTGCTATCCGGTC-1,0.000049,0.222077,0.198908,0.566105,0.003587,0.009274
TCGTTGGCTCGTCAAT-1,0.000087,0.00026,0.000173,0.093837,0.058864,0.846779
TCGTTTACGCGACCCT-1,0.000028,0.617997,0.153581,0.162685,0.065681,0.000028
TCTAAAGAACAGTCTC-1,0.000016,0.344129,0.093415,0.466969,0.085267,0.010204
TCTAACCTAGCCTGCG-1,0.000028,0.488207,0.331812,0.164928,0.014997,0.000028
TCTAACTGTATGTAAA-1,0.000059,0.140469,0.027571,0.226919,0.119782,0.485201
TCTAATACTGCCTCAG-1,0.000052,0.098079,0.110324,0.674176,0.109629,0.007741
TCTACACGTTCATGCA-1,0.029264,0.078419,0.000206,0.000413,0.000103,0.891596
TCTACCCGCATCATTT-1,0.000022,0.443539,0.489423,0.066101,0.000892,0.000022
TCTACCGTCCACAAGC-1,0.001338,0.067706,0.027245,0.790883,0.064269,0.048559
TCTACGCACGATCTCC-1,0.000029,0.375724,0.004038,0.541113,0.058826,0.020269
TCTACGGGCTCAGTTG-1,0.000751,0.282285,0.001502,0.003003,0.101122,0.611337
TCTAGCAATCTCCGCC-1,0.001661,0.000155,0.00486,0.89202,0.088887,0.012417
TCTAGCATCTTCGATG-1,0.000039,0.437939,0.012348,0.468572,0.081063,0.000039
TCTAGCATGCCCAGAA-1,0.000084,0.000251,0.134039,0.482011,0.238033,0.145583
TCTAGGTGGCGACGCT-1,0.000055,0.041905,0.018623,0.645324,0.294039,0.000055
TCTAGTGATATCGTGG-1,0.000049,0.399856,0.097448,0.40339,0.082909,0.016348
TCTAGTTATCAGAAGA-1,0.000021,0.514299,0.312967,0.070633,0.093889,0.008192
TCTATAGGTGGGTAAT-1,0.877656,0.000258,0.000172,0.080315,0.041513,0.000086
TCTATCATGCAGTTAC-1,0.00004,0.384038,0.017754,0.285815,0.303657,0.008696
TCTATCCGATTGCACA-1,0.000021,0.311903,0.128141,0.547911,0.006745,0.005279
TCTATCGGTCGCAACA-1,0.00003,0.329175,0.049106,0.532237,0.043436,0.046016
TCTATGCTATAACGAC-1,0.007446,0.000517,0.336496,0.138992,0.508844,0.007705
TCTATTACGCTGGCGA-1,0.000119,0.000357,0.000238,0.000476,0.192421,0.80639
TCTATTACTAGAGGAT-1,0.000028,0.219679,0.11921,0.522849,0.063607,0.074629
TCTCAAATCAATCGGG-1,0.000675,0.18454,0.355467,0.449955,0.009344,0.000019
TCTCAGGCTACTCGCT-1,0.000287,0.000862,0.000575,0.197165,0.800823,0.000287
TCTCATGAGATAGGGT-1,0.00574,0.009019,0.357315,0.177431,0.450424,0.00007
TCTCCAACGTAGGTTA-1,0.000886,0.350987,0.0082,0.441272,0.118087,0.080569
TCTCCACAAGTTGAAT-1,0.030068,0.568022,0.275168,0.000549,0.085201,0.040992
TCTCGAACGAGGTCAC-1,0.000125,0.000375,0.068155,0.0005,0.000125,0.930721
TCTCGACGTATCGCCG-1,0.000933,0.541072,0.203637,0.150222,0.104111,0.000025
TCTCGAGGAGGTTCGC-1,0.000092,0.01979,0.112843,0.56707,0.300112,0.000092
TCTCGGCTCCAGGACT-1,0.000144,0.000433,0.000289,0.000578,0.117882,0.880674
TCTCGTGTTACGAGGA-1,0.00003,0.617306,0.033577,0.18295,0.146772,0.019365
TCTCTAATAGCTGGTA-1,0.000022,0.408759,0.213629,0.247092,0.130476,0.000022
TCTCTCGCCGCACATA-1,0.000122,0.00097,0.63141,0.000487,0.36689,0.000122
TCTCTTACCGCGAACC-1,0.000037,0.000112,0.000075,0.79605,0.186264,0.017461
TCTGAACCGGTCGGCT-1,0.000018,0.57122,0.108943,0.247001,0.039571,0.033246
TCTGAACTCGTACCCG-1,0.000027,0.416938,0.163896,0.344589,0.074521,0.000027
TCTGAATTCCGTACAA-1,0.000756,0.303492,0.091043,0.532781,0.043641,0.028287
TCTGACGGGCTAACCC-1,0.000837,0.562489,0.016297,0.371513,0.019857,0.029007
TCTGACTGTAATGGTT-1,0.000111,0.148243,0.000222,0.182641,0.105061,0.563721
TCTGAGCAATTGACTG-1,0.000041,0.043908,0.685063,0.000162,0.270785,0.000041
TCTGATCGGGTGCTAG-1,0.00002,0.626944,0.075041,0.297956,0.00002,0.00002
TCTGATGTATTCTGTC-1,0.000148,0.077717,0.333421,0.035599,0.552967,0.000148
TCTGATTGGAAATGGA-1,0.000014,0.391503,0.05776,0.505187,0.011309,0.034227
TCTGCACCATTAGTAA-1,0.000014,0.718054,0.117587,0.150493,0.002023,0.01183
TCTGCAGATTCGAGTC-1,0.000072,0.000216,0.048818,0.061522,0.005263,0.884109
TCTGCCAGAAACTGCA-1,0.00091,0.49069,0.208028,0.238271,0.062077,0.000025
TCTGCGAATCGTTCGC-1,0.000191,0.000573,0.124144,0.10876,0.345846,0.420486
TCTGCGTCCGGTTTCT-1,0.000098,0.000293,0.000196,0.000391,0.045298,0.953724
TCTGCTTAGAACAAGC-1,0.000008,0.81187,0.156704,0.021976,0.000008,0.009433
TCTGGAGCGTAAGAGT-1,0.000019,0.22613,0.068674,0.617777,0.066248,0.021152
TCTGGCCGTTCAAGTT-1,0.000009,0.59166,0.04429,0.364023,0.000009,0.000009
TCTGGCGCAAGCCGGG-1,0.000054,0.084264,0.000108,0.000216,0.000054,0.915303
TCTGGGAACCTTTGAA-1,0.000418,0.815313,0.040105,0.144141,0.000012,0.000012
TCTGGGTAGCGCTCAT-1,0.000039,0.263975,0.151394,0.52374,0.05039,0.010462
TCTGTCATACAAGAGC-1,0.000114,0.071346,0.000228,0.090812,0.001259,0.836242
TCTGTGACTGACCGTT-1,0.004993,0.000392,0.000261,0.000522,0.235504,0.758327
TCTGTGATGGAGGTTG-1,0.000144,0.045049,0.000289,0.000578,0.000144,0.953796
TCTGTGCCATCATAGT-1,0.001074,0.784225,0.024168,0.190508,0.000013,0.000013
TCTGTGGCTACATTTC-1,0.000074,0.287086,0.000148,0.063713,0.000074,0.648905
TCTGTTACCCAGCATA-1,0.000045,0.080343,0.007158,0.769275,0.101793,0.041386
TCTGTTTAGATTGTTC-1,0.000072,0.236882,0.000143,0.027414,0.132359,0.603129
TCTTAACTCGGATGTA-1,0.000096,0.10607,0.000192,0.010778,0.03797,0.844894
TCTTACAGAGGTACCG-1,0.000037,0.699822,0.013152,0.015206,0.000037,0.271748
TCTTACCGGAACTCGT-1,0.000079,0.053593,0.000158,0.359583,0.548956,0.037631
TCTTACGGCATCCGAC-1,0.002261,0.216362,0.005776,0.682709,0.092863,0.000029
TCTTACTTATGCCTCT-1,0.000027,0.845444,0.034286,0.120188,0.000027,0.000027
TCTTAGAGCTCCAATT-1,0.000023,0.521765,0.14088,0.297097,0.03228,0.007954
TCTTAGAGTGAACTCT-1,0.001418,0.440452,0.106677,0.295131,0.144931,0.011391
TCTTATGGGTAGTACC-1,0.002537,0.043127,0.000135,0.068988,0.000067,0.885146
TCTTCCCATGGGCACA-1,0.000576,0.562325,0.115105,0.312944,0.003703,0.005347
TCTTCGAATAGACGTT-1,0.000019,0.607431,0.346103,0.046409,0.000019,0.000019
TCTTCGATACCAATAA-1,0.000951,0.263542,0.077336,0.580463,0.072185,0.005524
TCTTCTATAACCCGCC-1,0.000024,0.255038,0.290617,0.431683,0.022614,0.000024
TCTTGATGCGTAGCGA-1,0.000041,0.107168,0.080256,0.808307,0.004187,0.000041
TCTTGCTCCCGATACT-1,0.000019,0.899287,0.04582,0.054836,0.000019,0.000019
TCTTGGTAACACCAAA-1,0.000018,0.268563,0.140309,0.511824,0.046074,0.033212
TCTTGGTCAATGATAC-1,0.000023,0.32684,0.031288,0.560834,0.049566,0.031449
TCTTTAAGACTATGAA-1,0.000015,0.38565,0.247544,0.36365,0.000015,0.003127
TCTTTAGAGTCTAACA-1,0.000024,0.365963,0.423241,0.147683,0.063065,0.000024
TCTTTAGCAGGCGAAC-1,0.00004,0.289471,0.059713,0.575086,0.066399,0.009291
TCTTTCATCCGTCCTT-1,0.000237,0.880946,0.000474,0.000947,0.000237,0.11716
TCTTTCGGCGGGACAC-1,0.000091,0.000274,0.000183,0.000365,0.200751,0.798337
TCTTTCTCTTAAGGAG-1,0.000161,0.158695,0.000321,0.133688,0.043743,0.663392
TGAAACCTCAACTCAC-1,0.004272,0.000309,0.000206,0.000412,0.271719,0.723082
TGAAACTTATGCAAGC-1,0.000072,0.137906,0.076293,0.00565,0.051763,0.728315
TGAAAGGACCTGACTC-1,0.000023,0.23887,0.147771,0.569668,0.026047,0.017622
TGAACAAGCAGGGACT-1,0.000025,0.252425,0.06116,0.556149,0.123399,0.006843
TGAACACCCGAAGCAG-1,0.000094,0.000283,0.000189,0.000378,0.015995,0.983061
TGAACCTGAATGTGAG-1,0.000031,0.396088,0.023668,0.026624,0.001584,0.552005
TGAACTGCTATGACTT-1,0.000075,0.020095,0.0797,0.148543,0.095153,0.656434
TGAAGAGCGGTCCTAG-1,0.000097,0.00029,0.000193,0.001297,0.051527,0.946597
TGAAGTAGCTTACGGA-1,0.000101,0.000303,0.000202,0.039116,0.219082,0.741195
TGAATACCGACGCGTA-1,0.000018,0.348665,0.469508,0.174342,0.005911,0.001556
TGAATATGCTATAAAC-1,0.004244,0.13014,0.000243,0.158425,0.147196,0.559751
TGAATGAGATACAGCA-1,0.000036,0.470986,0.057051,0.001055,0.0826,0.388272
TGAATGAGTGTTTCCC-1,0.000027,0.208656,0.03071,0.724763,0.035818,0.000027
TGAATGTCAGCCGGCC-1,0.000395,0.690377,0.268356,0.0408,0.000061,0.000011
TGAATTTCACTTGCCT-1,0.000067,0.092927,0.000133,0.251926,0.517256,0.137691
TGACAACGCATGTCGC-1,0.000657,0.46839,0.082022,0.415608,0.010103,0.023222
TGACAACTTAAAGGTG-1,0.00001,0.394615,0.049285,0.497157,0.027059,0.031873
TGACACTTCTCTTTGC-1,0.000794,0.279752,0.001587,0.003175,0.261304,0.453388
TGACAGAAATCTTGCT-1,0.000609,0.777722,0.006036,0.009627,0.000017,0.205989
TGACAGGACAAGTCCA-1,0.000032,0.139051,0.078206,0.644223,0.07566,0.062828
TGACATATATGACGAT-1,0.000073,0.01043,0.000146,0.171278,0.193462,0.624611
TGACATCGAGCGGACC-1,0.000024,0.204424,0.055843,0.703972,0.025024,0.010713
TGACATGTAACGTGAC-1,0.000042,0.000125,0.029128,0.801083,0.169581,0.000042
TGACCAAATCTTAAAC-1,0.000025,0.271981,0.038953,0.607394,0.070952,0.010694
TGACCAGCTTCAAAGT-1,0.052808,0.117747,0.007205,0.130113,0.051654,0.640473
TGACCCAACTCACATT-1,0.055151,0.098979,0.001591,0.085162,0.041063,0.718055
TGACCCACGTTAGACA-1,0.000045,0.347027,0.088355,0.410279,0.150767,0.003527
TGACCCAGCATTCCCG-1,0.021284,0.000235,0.000157,0.000313,0.30983,0.668182
TGACGAATATTTCCCT-1,0.000035,0.08476,0.04481,0.760762,0.07061,0.039023
TGACGATGCACTAGAA-1,0.000016,0.443516,0.102373,0.433035,0.010496,0.010564
TGACTATAATCCTTTC-1,0.000103,0.174098,0.239284,0.000618,0.585794,0.000103
TGACTCCGAATCATAC-1,0.00003,0.09744,0.290878,0.428356,0.183267,0.00003
TGAGAATGCTTTACCG-1,0.000042,0.211693,0.081452,0.280587,0.393577,0.032649
TGAGACGTACCTCTCA-1,0.009678,0.00026,0.000173,0.178536,0.580028,0.231325
TGAGAGATTTACCACG-1,0.000858,0.565968,0.039717,0.371588,0.014941,0.006928
TGAGATCAAATACTCA-1,0.000098,0.000294,0.029009,0.190624,0.097283,0.682691
TGAGATTAGGCCCTAA-1,0.000173,0.779392,0.048669,0.000692,0.000173,0.170902
TGAGCAGTCGTGAAGT-1,0.000111,0.000332,0.000221,0.000442,0.217235,0.781659
TGAGCCATACAGTCTC-1,0.000029,0.553877,0.217341,0.184427,0.011895,0.03243
TGAGCGGAAAGTGTTC-1,0.000062,0.043795,0.330549,0.37734,0.248193,0.000062
TGAGCTTTAATGACGC-1,0.000077,0.00023,0.000153,0.4019,0.486116,0.111524
TGAGGAGTGCCAGCTT-1,0.000032,0.550821,0.31788,0.131201,0.000032,0.000032
TGAGGCATGTACTGTG-1,0.000685,0.69812,0.059917,0.217155,0.010803,0.01332
TGAGGTGTGTGGCGGA-1,0.000037,0.018348,0.001661,0.886314,0.093603,0.000037
TGAGGTTGATCCCAAG-1,0.000096,0.000289,0.087762,0.021068,0.162119,0.728666
TGAGTAAATTAGCGTA-1,0.000066,0.076772,0.131488,0.399766,0.363743,0.028166
TGAGTGCCTCTTAAAT-1,0.000039,0.504047,0.038845,0.389544,0.047878,0.019648
TGAGTGGTCCGTGACG-1,0.000353,0.909315,0.016458,0.073852,0.000011,0.000011
TGAGTGTAACAACGGG-1,0.00075,0.198424,0.54468,0.214137,0.041989,0.00002
TGAGTTAAAGACATTC-1,0.000402,0.575912,0.3455,0.069596,0.004171,0.004419
TGATACATTTAGCCGT-1,0.004289,0.919449,0.024664,0.051568,0.000015,0.000015
TGATAGCGGGATTCTA-1,0.000065,0.178231,0.245299,0.074063,0.185243,0.317099
TGATCACCACACTGAC-1,0.000739,0.698451,0.00344,0.297351,0.000009,0.000009
TGATCAGGGAACTGCT-1,0.000042,0.17135,0.000084,0.746065,0.071812,0.010647
TGATCCCAGCATTAGT-1,0.000024,0.791345,0.041221,0.148836,0.000024,0.01855
TGATCGGTTTGACCCT-1,0.000055,0.095686,0.024307,0.555638,0.32426,0.000055
TGATCTACGCTGATCT-1,0.000065,0.167078,0.000131,0.000262,0.000065,0.832399
TGATCTATCACACTCT-1,0.000023,0.652031,0.120298,0.180355,0.04727,0.000023
TGATCTCCGGCGCCAG-1,0.000021,0.469595,0.074426,0.42457,0.029003,0.002384
TGATGCTCACGTAGTC-1,0.000126,0.565956,0.107707,0.000502,0.000126,0.325584
TGATGGCTGTTTCTGA-1,0.00137,0.370339,0.121096,0.377986,0.129175,0.000034
TGATGGGACTAAGTCA-1,0.000055,0.040765,0.017728,0.170345,0.136887,0.63422
TGATTATGGCACGCAG-1,0.000264,0.086996,0.000527,0.001055,0.115715,0.795442
TGATTCAGGTCCCGCG-1,0.000019,0.542552,0.073485,0.295626,0.088298,0.000019
TGATTCCCGGTTACCT-1,0.000031,0.127396,0.071873,0.72495,0.075718,0.000031
TGATTCGTCTATCACT-1,0.00004,0.343021,0.144012,0.47184,0.00004,0.041047
TGATTCTGTCGCCGGT-1,0.001266,0.109541,0.41532,0.454479,0.019362,0.000033
TGATTTATTAGCTGTG-1,0.000022,0.885312,0.02815,0.069592,0.000022,0.016901
TGATTTCCTCCTGACG-1,0.000089,0.000268,0.000179,0.000358,0.173167,0.825939
TGCAAACCCACATCAA-1,0.000071,0.000213,0.004774,0.011721,0.162584,0.820637
TGCAAACGTACTAGTT-1,0.000012,0.454085,0.107132,0.354854,0.056898,0.02702
TGCAAAGTTCGTCTGT-1,0.000029,0.013476,0.002536,0.856597,0.127335,0.000029
TGCAACCCATCTGCGG-1,0.044415,0.2298,0.28114,0.005227,0.432445,0.006973
TGCAACTACTGGTTGA-1,0.000037,0.031145,0.681006,0.000147,0.287628,0.000037
TGCAAGAATGACGTAA-1,0.00002,0.283136,0.093097,0.567903,0.047696,0.008148
TGCAATCTAACACGGT-1,0.086522,0.432712,0.120236,0.000431,0.317422,0.042678
TGCAATTTGGGCACGG-1,0.000071,0.052356,0.000141,0.000283,0.000071,0.947078
TGCACAGTGAAGTTAT-1,0.000134,0.20957,0.01818,0.02793,0.000134,0.744053
TGCACGAGTCGGCAGC-1,0.000106,0.000319,0.000213,0.000426,0.087262,0.911673
TGCACTATGTGAGTGC-1,0.000065,0.001694,0.047422,0.116122,0.000065,0.834631
TGCAGAACTATATCGT-1,0.000515,0.348375,0.098442,0.498183,0.035141,0.019344
TGCAGAGTACCGAGCA-1,0.000036,0.267461,0.200739,0.444886,0.085559,0.00132
TGCAGATCGTCCTAGG-1,0.000028,0.216895,0.047008,0.625803,0.109533,0.000734
TGCAGCTACGTACTTC-1,0.000486,0.624445,0.065659,0.291397,0.017995,0.000017
TGCAGGATCGGCAAAG-1,0.000031,0.030446,0.000566,0.74515,0.188903,0.034904
TGCAGTGAGGCTCGGG-1,0.000374,0.177621,0.216647,0.001495,0.000374,0.603489
TGCAGTGGTAGGGAAC-1,0.001299,0.030846,0.00008,0.521611,0.402015,0.044148
TGCAGTTTCCTCCCAT-1,0.000981,0.616687,0.116699,0.257851,0.007757,0.000025
TGCATATGTCTGTCAC-1,0.000023,0.635361,0.055801,0.300077,0.000023,0.008714
TGCATCTCCGGATCTT-1,0.000135,0.000404,0.000269,0.000539,0.261758,0.736896
TGCATGAGTAGATTCG-1,0.000121,0.000364,0.000243,0.15781,0.000121,0.84134
TGCATGGATCGGATCT-1,0.001047,0.384065,0.029037,0.332051,0.238113,0.015688
TGCATGGCAGTCTTGC-1,0.003556,0.000326,0.000218,0.000435,0.139918,0.855546
TGCATGTGACCCATAG-1,0.000041,0.020214,0.011652,0.808805,0.143622,0.015667
TGCATGTGGTAATCTA-1,0.000018,0.615577,0.076165,0.27638,0.006291,0.025569
TGCCAAAGTCAGACTT-1,0.000025,0.272636,0.092017,0.576634,0.057379,0.001309
TGCCAATGGGTACTCT-1,0.000034,0.279715,0.364352,0.31647,0.039395,0.000034
TGCCACACTAGAGGAA-1,0.00008,0.000241,0.000161,0.124461,0.659746,0.21531
TGCCACCTGGCGAAAC-1,0.000017,0.538452,0.041166,0.182334,0.163714,0.074316
TGCCAGTACGTGGAGA-1,0.000145,0.416513,0.046014,0.000579,0.536604,0.000145
TGCCATGGCTTATAAG-1,0.000448,0.001344,0.322889,0.001792,0.000448,0.673079
TGCCATTACTAAAGAA-1,0.000035,0.093711,0.031014,0.52261,0.223702,0.128929
TGCCCGATAGTTAGAA-1,0.000016,0.411534,0.209923,0.337137,0.037557,0.003832
TGCCCGTACCGTTAAA-1,0.000057,0.132923,0.254929,0.490693,0.097962,0.023436
TGCCGAAAGCGTATTC-1,0.000945,0.291982,0.103477,0.507248,0.081709,0.014639
TGCCGATGTCATCAAT-1,0.00583,0.087592,0.000156,0.000312,0.075122,0.830988
TGCCGGATGTACGAGC-1,0.000031,0.075514,0.127061,0.662076,0.130109,0.005209
TGCCGTGGATCGTCCT-1,0.000032,0.355248,0.628882,0.015775,0.000032,0.000032
TGCCGTGGGACCCAAT-1,0.000023,0.150293,0.081851,0.683732,0.063337,0.020765
TGCCGTTCTTAATCGG-1,0.000079,0.000236,0.027378,0.09205,0.427493,0.452765
TGCCTAAATTTAATAG-1,0.00029,0.744753,0.057527,0.179549,0.000696,0.017184
TGCCTGACATCGGTCA-1,0.000086,0.000258,0.000172,0.000344,0.138969,0.860171
TGCCTGATCAAACGAT-1,0.00054,0.3999,0.12381,0.375009,0.091017,0.009725
TGCCTTGCCCTTACGG-1,0.00008,0.085775,0.000183,0.054493,0.004723,0.854747
TGCCTTGGCCAGGCAA-1,0.00007,0.000253,0.314031,0.000279,0.685298,0.00007
TGCGAATATGGGATTT-1,0.000961,0.246554,0.070749,0.577669,0.102928,0.001138
TGCGACACCCTAGTGC-1,0.000045,0.226571,0.176018,0.529031,0.068289,0.000045
TGCGACGGCCGAACGT-1,0.000022,0.237671,0.022856,0.718828,0.020601,0.000022
TGCGAGAAACGTTACG-1,0.000078,0.000233,0.000155,0.000311,0.208219,0.791004
TGCGAGAATATTACCC-1,0.000024,0.401921,0.045808,0.521145,0.008217,0.022886
TGCGAGATGGCGGCCA-1,0.000124,0.079018,0.000248,0.000496,0.017406,0.902708
TGCGAGCCCTTCCGCG-1,0.006945,0.000455,0.000304,0.013942,0.213335,0.765019
TGCGATGCTAATGGCT-1,0.000075,0.000224,0.162524,0.023881,0.200815,0.612481
TGCGCAAAGCATTTGG-1,0.00003,0.059178,0.036356,0.751205,0.153202,0.00003
TGCGCCGTTAATAACG-1,0.000501,0.39663,0.104592,0.475149,0.011491,0.011637
TGCGCGATTAACGGAG-1,0.000528,0.711408,0.02154,0.266496,0.000014,0.000014
TGCGGACTTGACTCCG-1,0.000961,0.632291,0.098238,0.268457,0.000026,0.000026
TGCGGAGTAAAGGTGC-1,0.000365,0.8763,0.034133,0.088495,0.000011,0.000697
TGCGGCATAGTTCAAC-1,0.000097,0.214291,0.010829,0.020372,0.082264,0.672146
TGCGGGTATTGGGATC-1,0.000072,0.030148,0.276786,0.220331,0.000072,0.472591
TGCGGTCTACGAGTAA-1,0.000051,0.000153,0.104717,0.000204,0.163348,0.731527
TGCGGTGAAATTTCAT-1,0.000025,0.656447,0.173702,0.000528,0.000025,0.169273
TGCGTAAGAACCTGAT-1,0.00002,0.702359,0.109607,0.164939,0.023056,0.00002
TGCGTACGGCTAATTG-1,0.056894,0.000368,0.386042,0.124009,0.432564,0.000123
TGCGTCATGACTGAGC-1,0.000021,0.413101,0.084073,0.474849,0.019431,0.008525
TGCGTGATTGGGTGTC-1,0.0001,0.0003,0.0002,0.0004,0.004792,0.994208
TGCGTTTGTTGACACT-1,0.000031,0.834222,0.075992,0.053618,0.036105,0.000031
TGCTAAGTGTCTATTT-1,0.00011,0.000329,0.17665,0.497789,0.308103,0.017019
TGCTATACAAACGGAC-1,0.000044,0.000396,0.000089,0.162522,0.006601,0.830347
TGCTATGGCAAAGGGA-1,0.000961,0.131506,0.039104,0.65447,0.166958,0.007001
TGCTCAAAGGATGCAC-1,0.000565,0.313838,0.044333,0.498346,0.10747,0.035448
TGCTCACACAACAACC-1,0.004617,0.000147,0.000098,0.000196,0.223886,0.771056
TGCTCCACAGTTCTTA-1,0.000036,0.259676,0.377191,0.273136,0.078169,0.011793
TGCTCGGCGAAACCCA-1,0.00002,0.581761,0.253063,0.140812,0.024322,0.00002
TGCTCGGTGGGTCACC-1,0.001797,0.172187,0.209556,0.586152,0.030254,0.000054
TGCTCTGCCGGTTCAC-1,0.00093,0.639802,0.05233,0.155615,0.125788,0.025536
TGCTCTTGAGAGTTTG-1,0.000023,0.471837,0.387202,0.084899,0.056016,0.000023
TGCTGCGTCAGAGTTA-1,0.000276,0.000828,0.000552,0.001104,0.411425,0.585816
TGCTGGTTGGACAATT-1,0.000053,0.172428,0.000107,0.606908,0.182849,0.037655
TGCTGTTGAAGAACTC-1,0.000013,0.626332,0.325256,0.048372,0.000013,0.000013
TGCTTAGAGAGAATGC-1,0.000017,0.434589,0.053372,0.478171,0.033835,0.000017
TGCTTCCCAAGCAGTA-1,0.000031,0.432006,0.333704,0.061499,0.17273,0.000031
TGCTTGAAACCATGCA-1,0.000048,0.004156,0.000096,0.083721,0.093141,0.818838
TGGAAACGGAGTGAAC-1,0.000049,0.011422,0.000097,0.081967,0.075805,0.83066
TGGAACCACTGACACA-1,0.000014,0.77631,0.043609,0.136421,0.000662,0.042983
TGGAAGAAGGGAACGT-1,0.000023,0.464405,0.065864,0.437189,0.007047,0.025472
TGGAAGACGAACACCA-1,0.003537,0.000168,0.360751,0.070252,0.126924,0.438368
TGGAAGGATAAAGATG-1,0.000624,0.368646,0.086197,0.382223,0.105536,0.056774
TGGAATATCCTTGACC-1,0.00002,0.793267,0.025708,0.107334,0.003849,0.069823
TGGAATTAGACGCTTT-1,0.000029,0.259127,0.268721,0.172215,0.246723,0.053185
TGGACACCGTTGCTTG-1,0.000061,0.000184,0.000122,0.000245,0.134942,0.864446
TGGACCAATCTAAGAT-1,0.00009,0.166831,0.017237,0.388978,0.417172,0.009693
TGGACCACGGCGTTGA-1,0.000079,0.000237,0.000158,0.000316,0.051805,0.947406
TGGACGCAATCCAGCC-1,0.000418,0.681014,0.016634,0.301904,0.000015,0.000015
TGGACGTAGGCGAATC-1,0.000105,0.000314,0.00021,0.000419,0.135213,0.863738
TGGACTGTTCGCTCAA-1,0.000024,0.767797,0.123433,0.092488,0.016233,0.000024
TGGAGAATAATCGTCC-1,0.000712,0.078314,0.153792,0.577228,0.162928,0.027026
TGGAGCTAAAGTTCCC-1,0.000076,0.093744,0.000152,0.016342,0.397607,0.492078
TGGAGGGAAACACCTC-1,0.000015,0.796372,0.044945,0.087174,0.02551,0.045984
TGGAGTGATGCGATGA-1,0.000057,0.428304,0.009875,0.499407,0.062301,0.000057
TGGATAGAGTAACAGA-1,0.000055,0.107138,0.03509,0.132131,0.080237,0.64535
TGGATGGCATCTTGGA-1,0.000017,0.353671,0.049342,0.553654,0.035602,0.007713
TGGCAAACTAAATTAC-1,0.002262,0.119668,0.304855,0.054596,0.423697,0.094923
TGGCAACTCGCGCGCC-1,0.000029,0.412832,0.008491,0.390453,0.15913,0.029064
TGGCAAGCACAAGTCG-1,0.000016,0.564039,0.049356,0.356585,0.025626,0.004379
TGGCAATGGGACGGCG-1,0.000103,0.019771,0.210655,0.000411,0.768957,0.000103
TGGCACGAGCTCGAGT-1,0.000076,0.000229,0.028238,0.000305,0.080987,0.890166
TGGCAGATTACGATCA-1,0.000081,0.149628,0.113344,0.096231,0.640635,0.000081
TGGCAGCAGTAATAGT-1,0.00003,0.164336,0.660544,0.12328,0.051779,0.00003
TGGCATGAAGTTTGGG-1,0.000385,0.84433,0.002592,0.152669,0.000011,0.000011
TGGCCAAACTGAAGTA-1,0.000013,0.570982,0.039725,0.359688,0.027789,0.001802
TGGCCAATTTGGTACT-1,0.001322,0.137908,0.057635,0.544608,0.25849,0.000037
TGGCCGTATATTGACC-1,0.000033,0.055669,0.004371,0.87517,0.027121,0.037637
TGGCGACTGCTCCAAA-1,0.000024,0.614139,0.068293,0.299924,0.017598,0.000024
TGGCGATCAAGTTATG-1,0.000025,0.646074,0.202453,0.12955,0.007821,0.014077
TGGCGGTGTGCGATTG-1,0.000197,0.000591,0.000394,0.000788,0.004342,0.993687
TGGCTACACTCTACCT-1,0.442151,0.194506,0.082944,0.009317,0.270916,0.000165
TGGCTATGTGACATAC-1,0.000224,0.000672,0.040286,0.30798,0.650614,0.000224
TGGCTCTTGTCGCGTA-1,0.000056,0.000168,0.011943,0.471408,0.438571,0.077854
TGGCTTATGTATAATG-1,0.000071,0.000213,0.069375,0.056659,0.387333,0.486349
TGGCTTGTACAAGCTT-1,0.00012,0.732792,0.000239,0.000479,0.00012,0.26625
TGGCTTTGGGTAGACA-1,0.000027,0.34493,0.036439,0.487396,0.111549,0.01966
TGGGAAATGCCTTTCC-1,0.00063,0.603051,0.0731,0.132901,0.161419,0.0289
TGGGACCATTGGGAGT-1,0.007252,0.00028,0.085949,0.035335,0.011106,0.860078
TGGGATGCACTCATTC-1,0.000186,0.000558,0.000372,0.000744,0.000186,0.997954
TGGGCAATAGTTGGGT-1,0.000944,0.455596,0.234961,0.305634,0.002839,0.000026
TGGGCACAAACAGAAC-1,0.000112,0.000336,0.000224,0.000449,0.315286,0.683592
TGGGCACGTTCTATGG-1,0.000178,0.296304,0.036961,0.09755,0.026063,0.542944
TGGGCAGGCCACCGCA-1,0.000082,0.000246,0.552924,0.002055,0.444611,0.000082
TGGGCCACAAGAGCGC-1,0.000026,0.33183,0.070022,0.244166,0.296178,0.057778
TGGGCCCATACTAATT-1,0.000033,0.409795,0.360024,0.130899,0.089674,0.009575
TGGGCCTTGCCTGCAT-1,0.000086,0.000258,0.000172,0.000344,0.057849,0.941292
TGGGCGATACAATAAG-1,0.001344,0.132732,0.055107,0.609448,0.201336,0.000033
TGGGTAAGGTTCCCGC-1,0.000081,0.289756,0.000163,0.000326,0.000081,0.709593
TGGGTGCACAAGCCAT-1,0.000021,0.551299,0.19791,0.188392,0.06019,0.002189
TGGGTGGGATGTCATT-1,0.000151,0.276386,0.159763,0.000605,0.008347,0.554747
TGGGTGTAATAGATTT-1,0.013409,0.000404,0.133117,0.141066,0.711869,0.000135
TGGGTGTTAAGTAGAA-1,0.000027,0.020787,0.018785,0.822478,0.118306,0.019616
TGGGTTCCCGGACGGA-1,0.00004,0.00012,0.021932,0.003205,0.235623,0.739079
TGGGTTTCGGGCGTAC-1,0.00003,0.320289,0.010218,0.457926,0.20817,0.003366
TGGTAAGCAGGATTGA-1,0.000019,0.579971,0.054155,0.248971,0.042825,0.074059
TGGTACCGGCACAGCC-1,0.002852,0.000277,0.000185,0.00037,0.000092,0.996224
TGGTAGAATATATGGG-1,0.000021,0.345638,0.446133,0.141764,0.053142,0.013303
TGGTATCGCATCCCAA-1,0.000119,0.000358,0.000238,0.000477,0.181574,0.817234
TGGTATCGGTCTGTAT-1,0.000107,0.05776,0.000215,0.035864,0.005437,0.900617
TGGTCCCACGCTACGG-1,0.112272,0.118003,0.216537,0.000386,0.430017,0.122785
TGGTCGATATACCTCT-1,0.001404,0.908876,0.004128,0.085575,0.000009,0.000009
TGGTCGGGTACAGGGC-1,0.000051,0.200771,0.041834,0.200111,0.323408,0.233824
TGGTCGTGCAAGGCAA-1,0.000481,0.589161,0.103532,0.178615,0.113103,0.015107
TGGTCGTTTGATAGAT-1,0.184098,0.196125,0.217123,0.000485,0.000121,0.402048
TGGTCTAGCTTACATG-1,0.00007,0.00021,0.00014,0.057067,0.241554,0.700959
TGGTCTGTTGGGCGTA-1,0.000017,0.705399,0.018865,0.275685,0.000017,0.000017
TGGTGATCGTATTTGT-1,0.00007,0.20803,0.002783,0.125786,0.50171,0.161621
TGGTGCCCTGCCTTAC-1,0.001166,0.144174,0.035503,0.674889,0.13484,0.009427
TGGTGTGACAGACGAT-1,0.000075,0.000226,0.000151,0.000301,0.255435,0.743811
TGGTTAACTTACATTT-1,0.000022,0.611314,0.170251,0.077195,0.117821,0.023398
TGGTTAAGGGCGCTGG-1,0.000034,0.126197,0.012512,0.694548,0.158314,0.008395
TGGTTATGCTTGCGGT-1,0.00006,0.000179,0.000119,0.000238,0.019803,0.979601
TGGTTCAACGGGTAAT-1,0.000138,0.218523,0.010328,0.196044,0.574828,0.000138
TGGTTCGTAGCAAAGG-1,0.000039,0.1324,0.015255,0.680154,0.172114,0.000039
TGGTTGGAGGATCCTG-1,0.000136,0.000408,0.053369,0.083843,0.088971,0.773273
TGGTTTAAACGTGGGT-1,0.000019,0.544735,0.041033,0.357594,0.040932,0.015686
TGTAACTTGTCAACCT-1,0.000073,0.000218,0.000146,0.29149,0.043933,0.664141
TGTAAGACTGATAAGA-1,0.000054,0.237155,0.016304,0.048367,0.188905,0.509215
TGTAATGACCACAATA-1,0.000012,0.474786,0.039572,0.41766,0.058689,0.009281
TGTAATGCCTTCGGAC-1,0.015479,0.140867,0.008802,0.158643,0.006545,0.669664
TGTACCCGACCCTAAT-1,0.000197,0.697474,0.000441,0.015603,0.150371,0.135914
TGTACCTACACGAGGG-1,0.089629,0.465209,0.137767,0.001013,0.306128,0.000253
TGTACGAACAAATCCG-1,0.000025,0.143592,0.427597,0.364991,0.043661,0.020134
TGTACGCTATCAGCTT-1,0.020301,0.000223,0.016178,0.067757,0.123987,0.771554
TGTACTACTCTCACGG-1,0.000085,0.438548,0.112242,0.033381,0.280479,0.135266
TGTACTATCGCTCGTT-1,0.000049,0.04989,0.079366,0.702826,0.16782,0.000049
TGTACTGTGCCAAAGT-1,0.000068,0.000204,0.000136,0.09052,0.190049,0.719023
TGTACTTCCGGGCATG-1,0.000239,0.000716,0.000478,0.000955,0.997373,0.000239
TGTAGCCAATTCCGTT-1,0.000031,0.430228,0.312932,0.231614,0.018544,0.006651
TGTAGCCATCCCATTC-1,0.178511,0.047882,0.327784,0.000817,0.444802,0.000204
TGTAGGAGAAATTTCC-1,0.000019,0.15778,0.208373,0.53006,0.056365,0.047402
TGTAGTGATCTATAAT-1,0.000036,0.241209,0.085358,0.575694,0.038973,0.058729
TGTATAACAGATCCTG-1,0.000031,0.297036,0.141452,0.45891,0.077176,0.025395
TGTATACGGATGATGA-1,0.000015,0.832991,0.071075,0.050549,0.003462,0.041908
TGTATCAGACTGAAGC-1,0.000151,0.148497,0.024379,0.000605,0.000151,0.826216
TGTATCCTTATTCCAT-1,0.000078,0.304424,0.000156,0.002851,0.000078,0.692413
TGTATGGCGCAGACAG-1,0.000022,0.574943,0.320832,0.087593,0.016586,0.000022
TGTATTTACCTAATGC-1,0.000089,0.144847,0.05218,0.049913,0.000089,0.752882
TGTCATTTGTTGGGAA-1,0.000417,0.348371,0.000833,0.338244,0.163769,0.148366
TGTCCACGGCTCAACT-1,0.618175,0.00034,0.000226,0.001273,0.379873,0.000113
TGTCCCGACATAGCAC-1,0.000075,0.446158,0.015032,0.005455,0.035699,0.49758
TGTCCGCAAACAATTC-1,0.000022,0.083664,0.003362,0.86295,0.049979,0.000022
TGTCCGTGGCGCCTTT-1,0.002058,0.334096,0.098233,0.415528,0.135544,0.014542
TGTCCTAAGTCACCGC-1,0.000053,0.0103,0.000106,0.883111,0.090109,0.01632
TGTCGGCATGGTGGAA-1,0.000084,0.000251,0.000167,0.000334,0.089464,0.9097
TGTCGTGGGTATAGGC-1,0.000531,0.480428,0.022116,0.496896,0.000015,0.000015
TGTCGTTATCACATAT-1,0.000021,0.557128,0.060411,0.360136,0.009652,0.012653
TGTCTACAGTTTCTGT-1,0.000122,0.107274,0.178234,0.000487,0.036083,0.6778
TGTGACTACGCCAGTC-1,0.00004,0.176555,0.006819,0.584897,0.185328,0.046361
TGTGACTAGAGTTTGC-1,0.02012,0.0006,0.0004,0.000799,0.977881,0.0002
TGTGAGACTAGCCCAA-1,0.000029,0.396326,0.449313,0.135336,0.018967,0.000029
TGTGATTCCAGCGCTT-1,0.066895,0.030518,0.000134,0.011401,0.108481,0.78257
TGTGCCAGAGGCAAAG-1,0.000042,0.004841,0.000438,0.107591,0.480635,0.406453
TGTGCCGGTGCCGGAA-1,0.00006,0.000181,0.255592,0.007914,0.736193,0.00006
TGTGCTTTACGTAAGA-1,0.000021,0.304868,0.068492,0.549555,0.054898,0.022167
TGTGGACTATCTACGT-1,0.000029,0.347697,0.492677,0.141912,0.017655,0.000029
TGTGGAGGAAGCTTAA-1,0.000058,0.000927,0.000116,0.246084,0.22172,0.531095
TGTGGCAAAGCGTATG-1,0.000267,0.517243,0.050295,0.419935,0.00691,0.005349
TGTGGCGGGCTTCTGG-1,0.000022,0.53644,0.107061,0.354112,0.002342,0.000022
TGTGGCTCCCACCAAC-1,0.000016,0.546127,0.188471,0.227653,0.037717,0.000016
TGTGGTAGGGTGCCTT-1,0.000016,0.583323,0.395002,0.021626,0.000016,0.000016
TGTGGTTGCTAAAGCT-1,0.001085,0.118683,0.091751,0.468071,0.320379,0.000031
TGTGTCGAAGTCGAGG-1,0.000105,0.000315,0.00021,0.00042,0.23386,0.765089
TGTGTCGCGAGTTGCA-1,0.000038,0.325247,0.04309,0.565991,0.043034,0.022599
TGTGTGACCATGAATC-1,0.000043,0.322711,0.047425,0.018096,0.330705,0.28102
TGTGTTCGTATCCAAG-1,0.002426,0.869969,0.002217,0.125371,0.000008,0.000008
TGTTAACAAAGTGACT-1,0.009535,0.335172,0.034232,0.000349,0.539068,0.081644
TGTTATTGTATGTGGC-1,0.000036,0.673868,0.136957,0.116551,0.072552,0.000036
TGTTCATAAATGTGCT-1,0.000024,0.026369,0.507991,0.000096,0.000024,0.465496
TGTTCCGCTTCCATGA-1,0.004895,0.213612,0.132519,0.483248,0.165669,0.000056
TGTTCCGGCCTGAGCT-1,0.000028,0.511563,0.158022,0.327452,0.002907,0.000028
TGTTCGTATTGCGGTG-1,0.000142,0.104535,0.202684,0.19823,0.494266,0.000142
TGTTCTCATACTATAG-1,0.000138,0.26603,0.204048,0.000553,0.399904,0.129326
TGTTCTCTACTCCCTA-1,0.000151,0.130394,0.145288,0.000605,0.080753,0.642808
TGTTCTTCCATTGACT-1,0.000052,0.334676,0.107626,0.467834,0.062993,0.026819
TGTTGATCACTGTTTA-1,0.000074,0.397745,0.000148,0.015318,0.000074,0.58664
TGTTGCCGTCGTCCCA-1,0.000013,0.924869,0.036372,0.038721,0.000013,0.000013
TGTTGGCTGGCGGAAG-1,0.000164,0.000493,0.000329,0.000657,0.098779,0.899577
TGTTGTCAAGAAGTCT-1,0.000023,0.42425,0.078171,0.289126,0.184345,0.024085
TGTTTAATACTTCATC-1,0.000113,0.409119,0.000225,0.057116,0.000113,0.533314
TGTTTCGGTACTTCTC-1,0.000071,0.122972,0.021905,0.347526,0.428832,0.078694
TGTTTCTGAAGCGTGC-1,0.000039,0.322894,0.182606,0.343452,0.121395,0.029613
TGTTTGAGATCGTCAG-1,0.000035,0.10997,0.629918,0.24418,0.015863,0.000035
TTAAACAGAGTCCCGC-1,0.000075,0.000226,0.000151,0.000301,0.178583,0.820663
TTAAACCGGTAGCGAC-1,0.000075,0.000226,0.000151,0.13508,0.000075,0.864392
TTAAACCTGGTTCCTT-1,0.000065,0.000196,0.000131,0.00045,0.224965,0.774192
TTAAACTCGAATTCAT-1,0.000009,0.926524,0.014641,0.048955,0.000009,0.009862
TTAAAGGCGATGCTCG-1,0.000009,0.291544,0.140232,0.565343,0.002863,0.000009
TTAAAGTAAGTCGCCA-1,0.000122,0.000366,0.022499,0.384751,0.59214,0.000122
TTAACACCTCGAACAT-1,0.000032,0.301947,0.060324,0.34017,0.236167,0.061361
TTAACCAACCCTCCCT-1,0.000018,0.601067,0.067268,0.200711,0.101373,0.029563
TTAACCCGAGGCGTGT-1,0.000103,0.000308,0.037581,0.1891,0.772806,0.000103
TTAACGAACAAGCAGT-1,0.000027,0.586254,0.133629,0.085178,0.105415,0.089496
TTAACGTCGCAAGACC-1,0.00011,0.00033,0.00022,0.051368,0.10215,0.845821
TTAACGTTAAAGCCTG-1,0.000055,0.000164,0.000109,0.000218,0.636463,0.362991
TTAACTCACGCGTGGA-1,0.000058,0.000173,0.046163,0.049678,0.077729,0.826199
TTAACTGATCGTTTGG-1,0.010307,0.154675,0.245368,0.101597,0.487871,0.000181
TTAACTTCAGGTAGGA-1,0.000029,0.146664,0.042619,0.724667,0.060289,0.025733
TTAAGACGAACGAACC-1,0.000063,0.064655,0.000125,0.082295,0.021364,0.831499
TTAAGATACCCAGAGA-1,0.000021,0.32762,0.103741,0.350915,0.135397,0.082306
TTAAGATAGGATTGAC-1,0.000038,0.397285,0.231154,0.245983,0.082843,0.042697
TTAAGCCGACAACTTC-1,0.000065,0.136982,0.045197,0.000261,0.000065,0.817429
TTAAGCGCCTGACCCA-1,0.000024,0.066562,0.170363,0.742456,0.020571,0.000024
TTAAGGATACGGAGGT-1,0.000152,0.000457,0.000305,0.077938,0.26929,0.651858
TTAAGGCCCGTACTTT-1,0.00005,0.125905,0.005749,0.775526,0.059865,0.032904
TTAAGTATTGTTATCC-1,0.000146,0.000439,0.145172,0.000585,0.853513,0.000146
TTAATCAGTACGTCAG-1,0.000034,0.394397,0.282254,0.067122,0.154042,0.102152
TTAATGCGAGGTAACT-1,0.000061,0.000183,0.183283,0.093859,0.120273,0.602341
TTAATGTAGACCAGGT-1,0.000029,0.399342,0.031869,0.553974,0.010459,0.004327
TTAATGTGTTTGCAGG-1,0.003246,0.099438,0.025022,0.000342,0.071404,0.800548
TTAATTGCTTTGGGTG-1,0.004945,0.112326,0.503037,0.157742,0.135247,0.086702
TTAATTTCAGACGCGG-1,0.000056,0.044589,0.023795,0.178802,0.506813,0.245945
TTACAACTACGCATCC-1,0.000016,0.248951,0.270287,0.469514,0.006548,0.004684
TTACACGATCTGCGAC-1,0.677874,0.000367,0.115064,0.001368,0.205206,0.000122
TTACAGACCTAAATGA-1,0.00003,0.120982,0.022009,0.649629,0.162679,0.044671
TTACATCGTGGCCTGG-1,0.000035,0.486182,0.057146,0.226847,0.155129,0.074662
TTACATGCCACAACTA-1,0.001036,0.112915,0.34784,0.530087,0.006409,0.001713
TTACCATTGATTACCC-1,0.000023,0.439964,0.135936,0.360285,0.025705,0.038087
TTACCCATTGCCGGGT-1,0.000101,0.000304,0.000203,0.000406,0.455647,0.543339
TTACCCTAACAGTCCT-1,0.000032,0.483046,0.084359,0.24349,0.117135,0.071938
TTACCCTAGGGATTGG-1,0.000592,0.783348,0.114934,0.10109,0.000018,0.000018
TTACCGCCTTAGGGAA-1,0.000111,0.000334,0.000223,0.000446,0.188215,0.810671
TTACGGATGGTTCGAG-1,0.001994,0.537801,0.0703,0.387,0.002881,0.000024
TTACGGTGTCACCGAG-1,0.000077,0.000231,0.000154,0.000308,0.11327,0.885961
TTACGTAGCGCGTGCT-1,0.000089,0.000267,0.000178,0.000356,0.175796,0.823314
TTACTAAAGGACTTTA-1,0.000053,0.113471,0.432609,0.086228,0.367586,0.000053
TTACTATCGGCTTCTC-1,0.000049,0.020065,0.037818,0.78242,0.082291,0.077357
TTACTCCGGCCGGGAA-1,0.000014,0.636046,0.072397,0.290045,0.001484,0.000014
TTACTCTGGTACGTAC-1,0.000025,0.546494,0.031869,0.418161,0.00209,0.00136
TTACTGGGATATTTCA-1,0.000102,0.000306,0.459038,0.134077,0.406375,0.000102
TTACTGTCTAGAGCTC-1,0.000969,0.343586,0.001938,0.003876,0.300396,0.349235
TTACTGTTTCTCTACG-1,0.000082,0.135044,0.172034,0.000326,0.000082,0.692433
TTAGAAGAACATGACT-1,0.000043,0.141173,0.381045,0.090907,0.38679,0.000043
TTAGAATAAGGGTCGG-1,0.000016,0.630603,0.109042,0.245387,0.014936,0.000016
TTAGACACGATCGTTG-1,0.003069,0.234829,0.013513,0.07541,0.127781,0.545398
TTAGACGAGTCACCTC-1,0.000085,0.000256,0.509304,0.000342,0.489928,0.000085
TTAGAGGGATATACAG-1,0.00692,0.000252,0.000168,0.169942,0.464281,0.358437
TTAGAGTATTGTCGAG-1,0.000463,0.689807,0.028998,0.268295,0.00311,0.009326
TTAGAGTTTAGAAGGA-1,0.000026,0.498211,0.331694,0.119615,0.02342,0.027033
TTAGATAGGTCGATAC-1,0.00009,0.000269,0.000179,0.21233,0.002585,0.784548
TTAGCAACATGGATGT-1,0.000061,0.000182,0.005004,0.175357,0.686303,0.133093
TTAGCATCCCTCACGT-1,0.000474,0.281657,0.000947,0.001894,0.000474,0.714555
TTAGCCATAGGGCTCG-1,0.000019,0.229842,0.157869,0.589358,0.012906,0.010006
TTAGCGAATAGATAGG-1,0.000029,0.116103,0.102817,0.719462,0.06156,0.000029
TTAGCTAATACGATCT-1,0.001229,0.508607,0.100803,0.274675,0.053819,0.060867
TTAGCTCTGTAATCCG-1,0.000044,0.028827,0.015131,0.719724,0.215389,0.020885
TTAGCTGATTTGCCGT-1,0.000029,0.402341,0.093551,0.451448,0.052603,0.000029
TTAGGATGGGAGGGTA-1,0.000017,0.798466,0.141986,0.025711,0.004977,0.028843
TTAGGTCATAACCGAC-1,0.000035,0.111314,0.0053,0.811693,0.056514,0.015144
TTAGGTGTGACTGGTC-1,0.000115,0.000344,0.000229,0.075778,0.034719,0.888816
TTAGTAAACCTGCTCT-1,0.203507,0.013065,0.200229,0.000381,0.582723,0.000095
TTAGTAGGGCGGCGGG-1,0.000046,0.065916,0.012427,0.801828,0.119737,0.000046
TTAGTTATTCGTGGCA-1,0.000022,0.565857,0.415735,0.007643,0.00258,0.008162
TTAGTTCAAGTGTTCG-1,0.000064,0.398537,0.125948,0.284205,0.105914,0.085334
TTATAGATGCACATTA-1,0.00007,0.037715,0.067852,0.038145,0.038174,0.818045
TTATAGGTAATTGTCT-1,0.000084,0.016871,0.442971,0.524626,0.015364,0.000084
TTATAGTCCAAGGTGC-1,0.000071,0.15839,0.093364,0.000284,0.000071,0.747821
TTATATACGCTGTCAC-1,0.000945,0.761387,0.056651,0.180972,0.000023,0.000023
TTATATTTGGCAATCC-1,0.000026,0.256948,0.27307,0.39719,0.047388,0.025378
TTATCATACTCGCAAA-1,0.000091,0.001034,0.073811,0.072971,0.093722,0.758371
TTATCCAATCGAACTC-1,0.000086,0.004403,0.000172,0.137852,0.151499,0.705988
TTATCCGGGATCTATA-1,0.000086,0.004564,0.352959,0.328124,0.314181,0.000086
TTATCCTCAAGGAATA-1,0.000018,0.521131,0.053874,0.3643,0.036847,0.02383
TTATCGCCTGCGAAGC-1,0.000011,0.883581,0.03804,0.040825,0.023165,0.014378
TTATCTGACATTAGGA-1,0.000854,0.509033,0.148921,0.11954,0.221626,0.000026
TTATCTGTATCATAAC-1,0.000028,0.680487,0.08406,0.177625,0.014477,0.043323
TTATGAATGAAAGGGA-1,0.000052,0.004317,0.409334,0.362273,0.211658,0.012365
TTATGACAAACTGGAT-1,0.00002,0.293978,0.121063,0.52013,0.012217,0.052592
TTATGATCTTAACGAA-1,0.000024,0.327069,0.291226,0.346129,0.015639,0.019913
TTATGCGTCCCGGTCC-1,0.000144,0.000433,0.000289,0.000578,0.000144,0.998411
TTATGTTTGCGATAGA-1,0.00004,0.235803,0.022847,0.426192,0.281093,0.034024
TTATTAGAGCGTGTTC-1,0.000116,0.007841,0.175459,0.38578,0.430688,0.000116
TTATTAGGGAAGCATC-1,0.000066,0.027961,0.127016,0.000265,0.293662,0.551029
TTATTATCTGGAAGGC-1,0.000122,0.028722,0.84236,0.000488,0.128186,0.000122
TTATTTAGGTTCCTTA-1,0.013972,0.066858,0.387362,0.004237,0.527467,0.000103
TTATTTCATCCCAAAC-1,0.000065,0.468703,0.091816,0.07573,0.000065,0.363621
TTCAAAGTCTCTAGCC-1,0.000036,0.228639,0.05891,0.560373,0.152005,0.000036
TTCAACGACCCGACCG-1,0.000382,0.742264,0.029586,0.224381,0.000011,0.003375
TTCAAGCCGAGCTGAG-1,0.000118,0.050518,0.000235,0.081781,0.086282,0.781066
TTCAATACTCTGAATC-1,0.000887,0.639635,0.124606,0.203994,0.011268,0.01961
TTCAATTAGCCATAAT-1,0.003982,0.592899,0.010086,0.000193,0.000048,0.392792
TTCACGAAAGGATCAC-1,0.000019,0.410854,0.572327,0.016763,0.000019,0.000019
TTCACGGTCGTCACGT-1,0.000048,0.06391,0.018944,0.739555,0.144353,0.03319
TTCACTCGAGCACCTA-1,0.00012,0.000359,0.219098,0.28066,0.499643,0.00012
TTCACTTCCTAGAACG-1,0.000032,0.071618,0.010489,0.847472,0.059009,0.011379
TTCAGAGTAACCTGAC-1,0.000091,0.000273,0.141914,0.056899,0.039133,0.76169
TTCAGCCCTGGTCCAC-1,0.000023,0.668552,0.232964,0.078169,0.020269,0.000023
TTCAGCTGGCGTGCCC-1,0.018913,0.000853,0.000569,0.001138,0.978243,0.000284
TTCAGGCGTCAAAGCC-1,0.000008,0.576535,0.03048,0.392962,0.000008,0.000008
TTCAGTTCAAGAGGAG-1,0.000037,0.405533,0.181702,0.205573,0.183023,0.024133
TTCAGTTTGTGGCAGC-1,0.00006,0.000179,0.000119,0.000238,0.00006,0.999345
TTCATAGCCTTGTAAC-1,0.00008,0.084623,0.000159,0.086327,0.116329,0.712482
TTCATAGGGTGTCCAT-1,0.000063,0.000188,0.026305,0.051069,0.104442,0.817933
TTCATGGCGCAACAGG-1,0.000043,0.087179,0.000085,0.282847,0.544857,0.084988
TTCCAATCAGAGCTAG-1,0.000026,0.511564,0.089503,0.215755,0.16351,0.019641
TTCCAATCTGGCTATC-1,0.000056,0.214773,0.459214,0.324254,0.001646,0.000056
TTCCACACAGATTTGA-1,0.000054,0.406618,0.221272,0.107767,0.255166,0.009123
TTCCACATTTCTCGTC-1,0.000067,0.000202,0.037396,0.08826,0.00525,0.868825
TTCCAGACGAGATTTA-1,0.000034,0.299837,0.083127,0.528014,0.057855,0.031133
TTCCAGTGGGTTTCGT-1,0.000029,0.317812,0.023063,0.589759,0.069308,0.000029
TTCCATCATGCGGTGA-1,0.000102,0.038304,0.131228,0.000409,0.000102,0.829855
TTCCATCGACAGCGTG-1,0.573483,0.15273,0.09874,0.174801,0.000123,0.000123
TTCCCAAAGTACTGAT-1,0.000027,0.222429,0.597043,0.120321,0.060153,0.000027
TTCCCGACGCTTCACT-1,0.007494,0.000212,0.000142,0.000283,0.110699,0.88117
TTCCCGGCGCCAATAG-1,0.000029,0.146976,0.00069,0.644431,0.207846,0.000029
TTCCGCAGAGAAATAT-1,0.000146,0.701757,0.15084,0.000583,0.000146,0.146528
TTCCGCGTGAGGCGAT-1,0.000115,0.09205,0.104663,0.366006,0.437052,0.000115
TTCCGGCCTTGAGGCT-1,0.00004,0.202201,0.080777,0.641381,0.058708,0.016893
TTCCGGCTCGACTTCT-1,0.000095,0.075155,0.000189,0.000379,0.000095,0.924087
TTCCGGTATCTGTGTC-1,0.000023,0.645431,0.109543,0.240425,0.004554,0.000023
TTCCGGTTACCCACTT-1,0.001603,0.253139,0.484095,0.095351,0.159294,0.006518
TTCCTCGAGGGTGTCT-1,0.000069,0.281355,0.025953,0.493833,0.157706,0.041083
TTCCTCGGACTAACCA-1,0.002853,0.000245,0.12263,0.499735,0.374455,0.000082
TTCCTCTGCCCGAATA-1,0.000027,0.20356,0.00414,0.652385,0.107734,0.032155
TTCCTTTCTGTGTTGC-1,0.000073,0.000218,0.000145,0.131148,0.040406,0.828011
TTCGAACGAAACATGC-1,0.000013,0.386403,0.090955,0.47321,0.029941,0.019479
TTCGACAGAGCCCGTG-1,0.000133,0.004207,0.010079,0.602638,0.38281,0.000133
TTCGACGGGAAGGGCG-1,0.000027,0.497371,0.097639,0.384068,0.020867,0.000027
TTCGAGCCGGCGCTAC-1,0.00017,0.073974,0.068262,0.00068,0.00017,0.856744
TTCGCACTCGCGTGCT-1,0.000023,0.403701,0.083185,0.497193,0.010319,0.005579
TTCGCACTGTACGACA-1,0.000051,0.123415,0.121518,0.668174,0.08679,0.000051
TTCGCATCCGGAAGCA-1,0.000062,0.024777,0.353046,0.04281,0.07657,0.502735
TTCGCCGCTCGCGCTA-1,0.000014,0.675061,0.057712,0.267185,0.000014,0.000014
TTCGCGCGCCATACGA-1,0.000036,0.166453,0.033061,0.743857,0.056556,0.000036
TTCGCTAGGAAGTTGT-1,0.000015,0.811945,0.025748,0.162263,0.000015,0.000015
TTCGCTATCTGACGTG-1,0.00085,0.002551,0.001701,0.326697,0.431051,0.23715
TTCGGACTGATGCCTT-1,0.000195,0.000586,0.098746,0.000781,0.000195,0.899498
TTCGGACTGGGCATGG-1,0.000833,0.0025,0.001667,0.508097,0.059728,0.427176
TTCGGCAACCCGCTGA-1,0.000051,0.685176,0.056749,0.0108,0.007359,0.239866
TTCGGCTAGAGATGGT-1,0.000075,0.013522,0.023607,0.000302,0.014429,0.948064
TTCGGGACTAATCGCG-1,0.000026,0.277234,0.37205,0.346028,0.00267,0.001991
TTCGGGCGCTAGTCTT-1,0.000075,0.000225,0.00015,0.967076,0.032398,0.000075
TTCGGTACTGTAGAGG-1,0.000054,0.201582,0.173053,0.517972,0.088963,0.018376
TTCGGTGGAGACGCCC-1,0.000022,0.489057,0.341184,0.159565,0.010149,0.000022
TTCGTAATCCCAGCGG-1,0.000055,0.577954,0.000111,0.000221,0.000055,0.421603
TTCGTACTCCAGAACG-1,0.000034,0.039893,0.02041,0.845697,0.039994,0.053972
TTCGTGCATGTTATAG-1,0.000029,0.090138,0.027724,0.779175,0.090709,0.012225
TTCGTGGGCTGGAAGC-1,0.000178,0.000534,0.000356,0.000712,0.026456,0.971763
TTCGTTCAACGAAGTT-1,0.00113,0.888825,0.024201,0.066177,0.000015,0.019652
TTCTAACCGAAGCTTA-1,0.001273,0.282527,0.110603,0.515744,0.047512,0.042341
TTCTACCTCAATCGGT-1,0.000045,0.105429,0.000285,0.699429,0.16675,0.028062
TTCTACCTTTATGTTG-1,0.00017,0.000509,0.000339,0.162443,0.103414,0.733124
TTCTACTTGCGAGGGC-1,0.00058,0.609179,0.037904,0.232372,0.114714,0.005251
TTCTAGAAAGTCTTAT-1,0.00001,0.536421,0.122054,0.341494,0.00001,0.00001
TTCTAGGCCAATTGTG-1,0.00003,0.458403,0.019517,0.449278,0.058356,0.014416
TTCTATGCCTTTCGCA-1,0.000027,0.526978,0.048757,0.394938,0.029274,0.000027
TTCTATTAAACGCAGC-1,0.000025,0.143068,0.298872,0.532149,0.025861,0.000025
TTCTCAATTGCTACAA-1,0.000024,0.321255,0.0257,0.456914,0.13185,0.064258
TTCTCTTACAGGTGAT-1,0.00002,0.581705,0.064652,0.265613,0.075621,0.01239
TTCTGACCGGGCTCAA-1,0.000194,0.131504,0.160342,0.188231,0.519535,0.000194
TTCTGCCGCGCCTAGA-1,0.000165,0.307789,0.103446,0.068128,0.520308,0.000165
TTCTGCGAGCGCCCTT-1,0.000053,0.093494,0.000107,0.462722,0.436792,0.006832
TTCTGCGGGTTAGCGG-1,0.000058,0.132995,0.326413,0.482016,0.029203,0.029315
TTCTGCTAGACTCCAA-1,0.000033,0.367159,0.141713,0.326041,0.112246,0.052808
TTCTGTTTCCTGTCGC-1,0.000088,0.000263,0.006344,0.122192,0.117217,0.753897
TTCTTAGTGAACGGTG-1,0.00008,0.000239,0.021423,0.121868,0.663238,0.193151
TTCTTAGTGGCTCAGA-1,0.00004,0.266902,0.245445,0.000161,0.437414,0.050037
TTCTTATCCGCTGGGT-1,0.000052,0.038173,0.595653,0.169445,0.196624,0.000052
TTCTTCCCTTTGATAT-1,0.000067,0.053234,0.004135,0.122241,0.073688,0.746635
TTCTTCGCAATAGAGC-1,0.005433,0.076998,0.013379,0.098503,0.104109,0.701577
TTCTTGAGCCGCGCTA-1,0.000051,0.424058,0.084054,0.483958,0.007828,0.000051
TTCTTGCTAGCATCTC-1,0.000025,0.474204,0.147077,0.333626,0.034138,0.010931
TTCTTGGACGATCTGC-1,0.000062,0.000185,0.000124,0.872557,0.12701,0.000062
TTCTTGGAGTAATGAG-1,0.000022,0.656373,0.078633,0.204115,0.039086,0.021771
TTCTTGTAACCTAATG-1,0.000026,0.252233,0.091569,0.580562,0.056098,0.019512
TTCTTGTGTCCATCAG-1,0.000066,0.000199,0.000132,0.036857,0.270603,0.692143
TTCTTTGGTCGCGACG-1,0.000021,0.558966,0.130995,0.28995,0.020047,0.000021
TTGAAAGGTGTAAAGG-1,0.000075,0.284145,0.041108,0.0003,0.027262,0.64711
TTGAACGAATCCTTTG-1,0.000522,0.759522,0.016541,0.000062,0.000015,0.223337
TTGAACGACGTGCTGA-1,0.199509,0.119169,0.000267,0.000533,0.652738,0.027784
TTGAAGAATTCCCAGG-1,0.001214,0.090398,0.037144,0.754498,0.116711,0.000034
TTGAAGGATGGGCGCC-1,0.000021,0.494303,0.025913,0.342891,0.097379,0.039493
TTGAAGTGCATCTACA-1,0.000069,0.000206,0.240083,0.183907,0.575666,0.000069
TTGAATATGGACTTTC-1,0.000014,0.721523,0.157826,0.119715,0.000014,0.000908
TTGAATCGTTGTATAA-1,0.00078,0.397661,0.101584,0.345156,0.134107,0.020711
TTGAATTCACGTGAGG-1,0.000017,0.82915,0.048677,0.122121,0.000017,0.000017
TTGACAGGAGCTCCCG-1,0.000018,0.415592,0.511013,0.063092,0.010267,0.000018
TTGACATGAACGTGGA-1,0.000025,0.500406,0.111609,0.326919,0.003205,0.057835
TTGACCAGGAACAACT-1,0.000025,0.340795,0.433777,0.146911,0.078467,0.000025
TTGACCATGTTCTCCG-1,0.000022,0.649649,0.006885,0.310481,0.000191,0.032772
TTGACCGTGTTAATGA-1,0.000033,0.155481,0.035552,0.777772,0.017154,0.014008
TTGACGATTCAGCACG-1,0.000094,0.000283,0.051303,0.037828,0.010124,0.900367
TTGACGCTCCATGAGC-1,0.00006,0.030737,0.138347,0.756621,0.058932,0.015302
TTGACTACCATATGGT-1,0.000025,0.848486,0.063324,0.083364,0.000025,0.004775
TTGACTATTGTCCGGC-1,0.000049,0.276763,0.068572,0.534781,0.119786,0.000049
TTGAGAGTACTGCTAA-1,0.000023,0.353283,0.271479,0.350933,0.011988,0.012294
TTGAGCAGCCCACGGT-1,0.000011,0.842762,0.038145,0.11906,0.000011,0.000011
TTGAGCGCCACGTGAT-1,0.00314,0.331352,0.141512,0.509031,0.014943,0.000023
TTGAGGCATTTAACTC-1,0.00008,0.249826,0.078358,0.00032,0.00008,0.671336
TTGAGGGTCGAACGCG-1,0.0001,0.237165,0.000199,0.033662,0.000157,0.728717
TTGAGTCCCGCTGCTG-1,0.003422,0.632022,0.103972,0.248237,0.012328,0.000019
TTGATAGTCAATACAT-1,0.00146,0.681593,0.127272,0.185365,0.000017,0.004293
TTGATCTAACTTTGTC-1,0.000062,0.104953,0.044471,0.77605,0.030699,0.043765
TTGATGCCGCTCGTCG-1,0.001187,0.228224,0.164325,0.554808,0.051425,0.000031
TTGATGTGTAGTCCCG-1,0.000755,0.67314,0.030562,0.225778,0.069743,0.000022
TTGATTAGCTGTTTCT-1,0.000021,0.654103,0.04083,0.268662,0.000021,0.036363
TTGATTATGCAGATGA-1,0.000049,0.324882,0.1343,0.31646,0.204366,0.019942
TTGCAAGAAGACTCCT-1,0.00004,0.08461,0.01386,0.782567,0.118882,0.00004
TTGCACAATTCAGAAA-1,0.000059,0.038965,0.04538,0.309643,0.605895,0.000059
TTGCACGGAGCAGCAC-1,0.001453,0.485211,0.004175,0.301015,0.179344,0.028802
TTGCAGGTCATGAAGT-1,0.004232,0.782788,0.000074,0.000148,0.000037,0.212721
TTGCATGCTGATCACG-1,0.002143,0.332928,0.047761,0.520238,0.096872,0.000058
TTGCCAAGCAGAACCC-1,0.000021,0.120011,0.254236,0.57868,0.047032,0.000021
TTGCCATAGCCCGCTC-1,0.000038,0.167848,0.183588,0.615999,0.032489,0.000038
TTGCCCTGATCACGGG-1,0.000042,0.102664,0.070395,0.763358,0.035559,0.027982
TTGCCGCAGACCTACA-1,0.000021,0.2341,0.021056,0.70299,0.036839,0.004994
TTGCCGCTTTCTAGTA-1,0.000067,0.000202,0.694519,0.08389,0.219861,0.001461
TTGCCGGTGATCCCTC-1,0.000136,0.000407,0.000271,0.000543,0.000136,0.998507
TTGCCTAATCCAAAGT-1,0.000027,0.415127,0.061575,0.294823,0.172925,0.055522
TTGCCTTCTCGCCGGG-1,0.000172,0.087686,0.407194,0.022695,0.48208,0.000172
TTGCGCACAACCACGT-1,0.000024,0.121188,0.430897,0.389829,0.058039,0.000024
TTGCGCTCTCTCGCTT-1,0.000115,0.000345,0.00023,0.00046,0.09474,0.904109
TTGCGCTTGATCAATA-1,0.00016,0.00048,0.00032,0.457048,0.541832,0.00016
TTGCGGAAAGCTGCCC-1,0.001016,0.430043,0.116041,0.424493,0.022014,0.006394
TTGCGGCATCAGAAAG-1,0.000018,0.435503,0.057161,0.468976,0.034788,0.003554
TTGCGGCGACTCATGC-1,0.00012,0.000361,0.000241,0.000481,0.258273,0.740524
TTGCGTAGTTTGAGGA-1,0.000035,0.448027,0.044536,0.292904,0.142045,0.072453
TTGCGTCGGCCAACCG-1,0.000026,0.340121,0.162668,0.478905,0.018255,0.000026
TTGCGTGAACGCTTAG-1,0.000087,0.089912,0.000175,0.000349,0.000087,0.90939
TTGCGTGTGTAGGCAT-1,0.000055,0.408458,0.177576,0.386105,0.02775,0.000055
TTGCTAGCTACCAATC-1,0.000073,0.000218,0.000145,0.128677,0.08466,0.786228
TTGCTCATAGTACGTG-1,0.234777,0.000462,0.042166,0.000616,0.721825,0.000154
TTGCTCCCATACCGGA-1,0.000019,0.688799,0.034616,0.254502,0.000019,0.022046
TTGCTGAAGGAACCAC-1,0.000031,0.352639,0.036119,0.337444,0.228563,0.045204
TTGCTGATCATGTTCG-1,0.000019,0.773121,0.102843,0.123978,0.000019,0.000019
TTGCTGCACCTATCCA-1,0.000088,0.000263,0.000176,0.024641,0.371903,0.602929
TTGCTGGCCGGGCTTC-1,0.00012,0.00036,0.00024,0.00048,0.00012,0.998679
TTGGAAGAATACAGTC-1,0.000029,0.069634,0.037936,0.68959,0.188618,0.014192
TTGGACATGTGGCTTA-1,0.000032,0.302735,0.126818,0.512184,0.054365,0.003866
TTGGACCATCTGGCAA-1,0.002434,0.005812,0.403272,0.074787,0.513629,0.000067
TTGGAGTCTCCCTTCT-1,0.000139,0.000417,0.000278,0.09369,0.000139,0.905338
TTGGATATCGTCTACG-1,0.000028,0.169632,0.655223,0.162434,0.006582,0.006101
TTGGATCGACTTCTGG-1,0.000173,0.000519,0.000346,0.000692,0.246614,0.751657
TTGGATTGGGTACCAC-1,0.000041,0.182573,0.002528,0.555372,0.15136,0.108127
TTGGCCAAATTGTATC-1,0.000023,0.166104,0.266016,0.444997,0.122836,0.000023
TTGGCCATCTTGCGCT-1,0.000052,0.000155,0.057828,0.000207,0.000052,0.941706
TTGGCCTAGAATTTCG-1,0.000124,0.000373,0.000248,0.000497,0.344538,0.65422
TTGGCGATCCGAATAT-1,0.000704,0.253542,0.064152,0.595278,0.061157,0.025168
TTGGCTCAATATGTGT-1,0.039575,0.283627,0.362118,0.000422,0.242753,0.071504
TTGGCTCGCATGAGAC-1,0.000045,0.16251,0.005971,0.794922,0.024669,0.011882
TTGGGAAGACGAGCCG-1,0.000035,0.297124,0.078338,0.566249,0.058219,0.000035
TTGGGACACTGCCCGC-1,0.001111,0.266229,0.144887,0.552922,0.02773,0.00712
TTGGGACGTAAGAGTT-1,0.005037,0.039778,0.687853,0.094214,0.153518,0.019599
TTGGGCGGCGGTTGCC-1,0.000033,0.129538,0.010015,0.769323,0.076768,0.014323
TTGGGTTTATTCAGCG-1,0.000115,0.171989,0.00023,0.056996,0.027864,0.742806
TTGGTATGGCTTGTGT-1,0.000044,0.342359,0.035843,0.558303,0.034415,0.029037
TTGGTCACACTCGTAA-1,0.000057,0.31384,0.219666,0.329421,0.136959,0.000057
TTGGTGCGGTGTTGAA-1,0.000347,0.001042,0.000694,0.001389,0.000347,0.99618
TTGGTTCGCTCAAAGG-1,0.000377,0.621356,0.086351,0.291892,0.000011,0.000012
TTGGTTGCGGTGCGCG-1,0.000017,0.368137,0.067106,0.563746,0.000976,0.000017
TTGTAACTTCATAGCG-1,0.00005,0.425339,0.000099,0.021459,0.086105,0.466947
TTGTAAGGACCTAAGT-1,0.000038,0.190754,0.03859,0.710606,0.059973,0.000038
TTGTAAGGCCAGTTGG-1,0.000023,0.475139,0.015052,0.487917,0.021846,0.000023
TTGTAATCCGTACTCG-1,0.00002,0.677307,0.223477,0.099157,0.00002,0.00002
TTGTACACCTCGAACA-1,0.002015,0.00018,0.00012,0.005807,0.713637,0.27824
TTGTATCACACAGAAT-1,0.000061,0.332404,0.005346,0.062858,0.000703,0.598628
TTGTCACCGCGGTATC-1,0.000741,0.497932,0.043661,0.321629,0.054426,0.08161
TTGTCGTTCAGTTACC-1,0.00003,0.575192,0.020288,0.325185,0.02722,0.052086
TTGTCTCGGCAAGATG-1,0.000832,0.839393,0.035775,0.123978,0.000011,0.000011
TTGTGAGGCATGACGC-1,0.000732,0.543765,0.008581,0.406037,0.040863,0.000022
TTGTGATCTGTTCAGT-1,0.000204,0.000613,0.000409,0.000817,0.997753,0.000204
TTGTGCAGCCACGTCA-1,0.000126,0.000377,0.343119,0.185404,0.470848,0.000126
TTGTGCGGAAGCGGAT-1,0.000086,0.080995,0.000172,0.007673,0.562201,0.348873
TTGTGGAGACAGCCGG-1,0.000021,0.584659,0.081408,0.088513,0.016806,0.228593
TTGTGGCCCTGACAGT-1,0.000033,0.430171,0.145992,0.206967,0.196628,0.020209
TTGTGGTAGGAGGGAT-1,0.000044,0.011419,0.023469,0.89429,0.070734,0.000044
TTGTGGTATAGGTATG-1,0.000021,0.582492,0.104414,0.219518,0.056292,0.037264
TTGTGTATGCCACCAA-1,0.000051,0.167495,0.211247,0.528328,0.081964,0.010914
TTGTGTTTCCCGAAAG-1,0.000038,0.224158,0.527998,0.225363,0.007939,0.014504
TTGTTAGCAAATTCGA-1,0.000044,0.043051,0.026761,0.788685,0.134318,0.007141
TTGTTCAGTGTGCTAC-1,0.000021,0.303755,0.687293,0.00396,0.000021,0.00495
TTGTTCTAGATACGCT-1,0.000096,0.000289,0.000193,0.198639,0.107025,0.693756
TTGTTGGCAATGACTG-1,0.000024,0.389301,0.048155,0.491514,0.061834,0.009172
TTGTTGTGTGTCAAGA-1,0.000023,0.402596,0.135279,0.440793,0.011467,0.009841
TTGTTTCACATCCAGG-1,0.000039,0.198137,0.086035,0.699317,0.010169,0.006303
TTGTTTCATTAGTCTA-1,0.000049,0.201622,0.017148,0.638536,0.127384,0.015261
TTGTTTCCATACAACT-1,0.000028,0.359665,0.016625,0.552023,0.024495,0.047164
TTGTTTGTATTACACG-1,0.000029,0.445883,0.086875,0.428672,0.034483,0.004059
TTGTTTGTGTAAATTC-1,0.000076,0.064574,0.037723,0.092353,0.028893,0.77638
